timestamp_data_utc,elv_spy,speed,soc,amb_temp,soh,regenwh,Motor Pwr(w),Aux Pwr(100w),Motor Temp,Torque Nm,rpm,route_id,longitude,latitude,altitude,cumul_dist,timestamp_gps_utc,car_id,time_diff,point_geom,route_code,route_description,driver,start_timestamp,end_timestamp,car_code,car_description,capacity,ref_consumption,timestamp_weather_utc,wind_mph,wind_kph,wind_degree,wind_dir,Frontal_Wind,Veh_deg,totalVehicles,speedAvg,cars_by_speed_interval_0_80,cars_by_speed_interval_80_100,cars_by_speed_interval_100_120,cars_by_speed_interval_0_50,cars_by_speed_interval_50_80,cars_by_speed_interval_80_120,cars_by_speed_interval_120_inf,cars_by_length_interval_0_7,cars_by_length_interval_7_inf,max_speed,radius
45:40.1,,,82,,98.5,,,,,,,19,-2.0735154,43.1407,152.79291,0.0,45:40.2,6,-0.086,0101000020E6100000FBA6A54E8F9600C068D00C8F02924540,20230419_DACIA_TOLOSA_ZARAUTZ_019,,d2,45:35.1,17:20.6,DACIA_SPRING,Dacia Spring 33 kW,33000,139,47:19.6,2.2,3.6,151,SSE,1.999886472857015,62.74681558034092,136,106,,,,1.0,0.0,113.0,22,125,11,8,3
45:45.5,,,82,,98.5,,,,,,,19,-2.0734165,43.140892,154.36511000000002,0.022861766184964074,45:45.2,6,0.3279999999999999,0101000020E610000005D37D535B9600C0FA0913B608924540,20230419_DACIA_TOLOSA_ZARAUTZ_019,,d2,45:35.1,17:20.6,DACIA_SPRING,Dacia Spring 33 kW,33000,139,47:19.6,2.2,3.6,151,SSE,1.9633193665629456,62.049711881726864,136,106,,,,1.0,0.0,113.0,22,125,11,25,3
45:50.9,,,82,,98.5,,,,,,,19,-2.0733454,43.141026,155.2844,0.038866058839997,45:51.2,6,-0.36,0101000020E61000006F6C051A369600C0366592250D924540,20230419_DACIA_TOLOSA_ZARAUTZ_019,,d2,45:35.1,17:20.6,DACIA_SPRING,Dacia Spring 33 kW,33000,139,47:19.6,2.2,3.6,151,SSE,-2.578194082984173,-16.738758559905055,136,106,,,,1.0,0.0,113.0,22,125,11,25,2
45:56.4,,,82,,98.5,,,,,,,19,-2.0730927,43.14095,152.21878,0.061253325887121644,45:56.3,6,0.143,0101000020E610000017A6C4AFB19500C0DBCC4DAE0A924540,20230419_DACIA_TOLOSA_ZARAUTZ_019,,d2,45:35.1,17:20.6,DACIA_SPRING,Dacia Spring 33 kW,33000,139,47:19.6,2.2,3.6,151,SSE,-0.7814414022328626,16.46317473828473,136,106,,,,1.0,0.0,113.0,22,125,11,25,2
46:01.8,,,82,,98.5,,,,,,,19,-2.0729032,43.141006,138.28951999999998,0.08291429647839817,46:01.3,6,0.504,0101000020E610000036F1AE464E9500C0E537637A0C924540,20230419_DACIA_TOLOSA_ZARAUTZ_019,,d2,45:35.1,17:20.6,DACIA_SPRING,Dacia Spring 33 kW,33000,139,47:19.6,2.2,3.6,151,SSE,1.4342762078029834,52.47882107045089,136,106,,,,1.0,0.0,113.0,22,125,11,25,2
46:07.3,,,82,,98.5,,,,,,,19,-2.0727596,43.141193,138.16566,0.10674979892916546,46:07.3,6,-0.089,0101000020E6100000EF47A4FC029500C049AAACAE12924540,20230419_DACIA_TOLOSA_ZARAUTZ_019,,d2,45:35.1,17:20.6,DACIA_SPRING,Dacia Spring 33 kW,33000,139,47:19.6,2.2,3.6,151,SSE,3.0463169004784514,86.80064222164096,136,106,,,,1.0,0.0,113.0,22,125,11,25,2
46:12.7,,,82,,98.5,,,,,,,19,-2.0727487,43.141388,138.56445,0.12845450141874187,46:12.4,6,0.31,0101000020E6100000A524C34AFD9400C0B9B91E0619924540,20230419_DACIA_TOLOSA_ZARAUTZ_019,,d2,45:35.1,17:20.6,DACIA_SPRING,Dacia Spring 33 kW,33000,139,47:19.6,2.2,3.6,151,SSE,1.8252730084356632,59.46555512697231,136,106,,,,1.0,0.0,113.0,22,125,11,25,2
46:18.2,,,82,,98.5,,,,,,,19,-2.072708,43.141457,136.78804,0.1369942153680655,46:18.4,6,-0.239,0101000020E6100000C50480DBE79400C02895204A1B924540,20230419_DACIA_TOLOSA_ZARAUTZ_019,,d2,45:35.1,17:20.6,DACIA_SPRING,Dacia Spring 33 kW,33000,139,47:19.6,2.2,3.6,151,SSE,1.7453146328868137,180.0,136,106,,,,1.0,0.0,113.0,22,125,11,25,2
46:23.7,,,82,,98.5,,,,,,,19,-2.0727224,43.141457,136.72041000000002,0.138164520095978,46:23.5,6,0.239,0101000020E61000001633698CEF9400C09D13AD451B924540,20230419_DACIA_TOLOSA_ZARAUTZ_019,,d2,45:35.1,17:20.6,DACIA_SPRING,Dacia Spring 33 kW,33000,139,47:19.6,2.2,3.6,151,SSE,-1.7453146328868132,0.0,136,106,,,,1.0,0.0,113.0,22,125,11,25,2
46:29.2,,,82,,98.5,,,,,,,19,-2.0727224,43.141457,136.72041000000002,0.138164520095978,46:29.5,6,-0.32,0101000020E61000001633698CEF9400C09D13AD451B924540,20230419_DACIA_TOLOSA_ZARAUTZ_019,,d2,45:35.1,17:20.6,DACIA_SPRING,Dacia Spring 33 kW,33000,139,47:19.6,2.2,3.6,151,SSE,3.015786353686118,85.8999700941606,136,106,,,,1.0,0.0,113.0,22,125,11,25,2
46:34.7,,,81,,98.5,,,,,,,19,-2.0727143,43.14157,133.97665,0.15104240895086252,46:34.5,6,0.157,0101000020E61000001D6AB841EB9400C051F14EFD1E924540,20230419_DACIA_TOLOSA_ZARAUTZ_019,,d2,45:35.1,17:20.6,DACIA_SPRING,Dacia Spring 33 kW,33000,139,47:19.6,2.2,3.6,151,SSE,3.5089395756686605,106.08569822658832,136,106,,,,1.0,0.0,113.0,22,125,11,25,2
46:40.2,,,81,,98.5,,,,,,,19,-2.072806,43.141888,128.59312,0.18757548731970147,46:40.6,6,-0.382,0101000020E6100000AE585C411B9500C08AA6EA5A29924540,20230419_DACIA_TOLOSA_ZARAUTZ_019,,d2,45:35.1,17:20.6,DACIA_SPRING,Dacia Spring 33 kW,33000,139,47:19.6,2.2,3.6,151,SSE,3.295626785023745,95.26998238251512,136,106,,,,1.0,0.0,113.0,22,125,11,25,2
46:45.7,,,81,,98.5,,,,,,,19,-2.0728369,43.142223,126.753296,0.22495536388719545,46:45.6,6,0.057,0101000020E61000001A4A90822B9500C008126D5B34924540,20230419_DACIA_TOLOSA_ZARAUTZ_019,,d2,45:35.1,17:20.6,DACIA_SPRING,Dacia Spring 33 kW,33000,139,47:19.6,2.2,3.6,151,SSE,2.9025576372825044,82.73269845435915,136,106,,,,1.0,0.0,113.0,22,125,11,25,2
46:51.1,,,81,,98.5,,,,,,,19,-2.0727952000000003,43.14255,124.84119,0.2615231954386079,46:50.7,6,0.451,0101000020E6100000E2FA849A159500C0E59849103F924540,20230419_DACIA_TOLOSA_ZARAUTZ_019,,d2,45:35.1,17:20.6,DACIA_SPRING,Dacia Spring 33 kW,33000,139,47:19.6,2.2,3.6,151,SSE,3.159946232025886,90.37366282958445,136,106,,,,1.0,0.0,113.0,22,125,11,25,2
46:56.6,,,81,,98.5,,,,,,,19,-2.072797,43.142826,122.611626,0.29229422227298296,46:56.7,6,-0.1,0101000020E6100000AEAB8890169500C059F7F12B48924540,20230419_DACIA_TOLOSA_ZARAUTZ_019,,d2,45:35.1,17:20.6,DACIA_SPRING,Dacia Spring 33 kW,33000,139,47:19.6,2.2,3.6,151,SSE,3.285894886107456,94.88799197662662,136,106,,,,1.0,0.0,113.0,22,125,11,25,2
47:02.0,,,81,,98.5,,,,,,,19,-2.0728283,43.143192,120.10589,0.3331476354699346,47:01.7,6,0.248,0101000020E610000080623A00279500C07681941C54924540,20230419_DACIA_TOLOSA_ZARAUTZ_019,,d2,45:35.1,17:20.6,DACIA_SPRING,Dacia Spring 33 kW,33000,139,47:19.6,2.2,3.6,151,SSE,3.088738301940601,88.0908475669763,136,106,,,,1.0,0.0,113.0,22,125,11,8,2
47:07.5,,,81,,98.5,,,,,,,19,-2.0728097,43.14375,119.01287,0.39522237694995027,47:07.8,6,-0.264,0101000020E61000004E8823391D9500C0BB3D1B6066924540,20230419_DACIA_TOLOSA_ZARAUTZ_019,,d2,45:35.1,17:20.6,DACIA_SPRING,Dacia Spring 33 kW,33000,139,47:19.6,2.2,3.6,151,SSE,2.6672218777271293,76.80770884421544,136,106,,,,1.0,0.0,113.0,22,125,11,25,2
47:12.9,,,81,,98.5,,,,,,,19,-2.072715,43.144154,119.27681,0.4407981905311193,47:12.8,6,0.1,0101000020E610000041F826A8EB9400C0DB0370A473924540,20230419_DACIA_TOLOSA_ZARAUTZ_019,,d2,45:35.1,17:20.6,DACIA_SPRING,Dacia Spring 33 kW,33000,139,47:19.6,2.2,3.6,151,SSE,2.9026056989261337,82.73399155302695,136,106,,,,1.0,0.0,113.0,22,125,11,25,2
47:18.5,,,81,,98.5,,,,,,,19,-2.0726538,43.144634,116.907265,0.4944545584297027,47:18.9,6,-0.41,0101000020E6100000D7DA2476CB9400C0B737676483924540,20230419_DACIA_TOLOSA_ZARAUTZ_019,,d2,45:35.1,17:20.6,DACIA_SPRING,Dacia Spring 33 kW,33000,139,47:19.6,2.2,3.6,151,SSE,2.5322473865043054,73.70059238735844,136,106,,,,1.0,0.0,113.0,22,125,11,25,2
47:24.0,,,81,,98.5,,,,,,,19,-2.0724766,43.14524,113.53896,0.5634374963369684,47:23.9,6,0.06,0101000020E610000069D716A86E9400C00DE2954C97924540,20230419_DACIA_TOLOSA_ZARAUTZ_019,,d2,45:35.1,17:20.6,DACIA_SPRING,Dacia Spring 33 kW,33000,139,47:19.6,2.2,3.6,151,SSE,2.506209985288685,73.12047989627717,136,106,,,,1.0,0.0,113.0,22,125,11,25,2
47:29.5,,,81,,98.5,,,,,,,19,-2.0722733,43.14591,111.10043,0.6397809849431421,47:30.0,6,-0.46,0101000020E6100000AC8FC7F1039400C099B4B92BAD924540,20230419_DACIA_TOLOSA_ZARAUTZ_019,,d2,45:35.1,17:20.6,DACIA_SPRING,Dacia Spring 33 kW,33000,139,47:19.6,2.2,3.6,151,SSE,2.6102482015135795,75.47458353416064,136,106,,,,1.0,0.0,113.0,22,125,11,25,2
47:35.0,,,81,,98.5,,,,,,,19,-2.0721593,43.14635,111.0818,0.6895732530288473,47:35.0,6,0.042,0101000020E610000022D1D449C89300C0AD729CABBB924540,20230419_DACIA_TOLOSA_ZARAUTZ_019,,d2,45:35.1,17:20.6,DACIA_SPRING,Dacia Spring 33 kW,33000,139,47:19.6,2.2,3.6,151,SSE,3.269756690922997,94.266780177281,136,106,,,,1.0,0.0,113.0,22,125,11,25,2
47:43.0,,,81,,98.5,,,,,,,19,-2.0722163,43.147114,105.5233,0.7748333287182045,47:43.0,6,-0.0069999999999999,0101000020E6100000EC6BED2DE69300C0E1B91B98D4924540,20230419_DACIA_TOLOSA_ZARAUTZ_019,,d2,45:35.1,17:20.6,DACIA_SPRING,Dacia Spring 33 kW,33000,139,47:59.9,2.2,3.6,151,SSE,3.4059274763720144,100.10099178332396,136,106,,,,1.0,0.0,113.0,22,125,11,8,2
47:48.5,,,81,,98.5,,,,,,,19,-2.0723834,43.148052,100.06276,0.8801531170112138,47:48.1,6,0.4679999999999999,0101000020E61000001E1135BA3D9400C09BC57C5BF3924540,20230419_DACIA_TOLOSA_ZARAUTZ_019,,d2,45:35.1,17:20.6,DACIA_SPRING,Dacia Spring 33 kW,33000,139,47:59.9,2.2,3.6,151,SSE,3.1816064282269254,91.10170611521092,136,106,,,,1.0,0.0,113.0,22,125,11,25,2
47:54.0,,,81,,98.5,,,,,,,19,-2.0723999,43.14891,95.66388,0.9756691005262559,47:54.2,6,-0.2319999999999999,0101000020E6100000FEAAA557469400C02D9A1C880F934540,20230419_DACIA_TOLOSA_ZARAUTZ_019,,d2,45:35.1,17:20.6,DACIA_SPRING,Dacia Spring 33 kW,33000,139,47:59.9,2.2,3.6,151,SSE,3.140366093262298,89.72982678197897,136,106,,,,1.0,0.0,113.0,22,125,11,25,2
47:59.5,,,81,,98.5,,,,,,,19,-2.072397,43.149525,95.47562,1.0440546442277996,47:59.2,6,0.28,0101000020E61000009066CDE5449400C00E1D199023934540,20230419_DACIA_TOLOSA_ZARAUTZ_019,,d2,45:35.1,17:20.6,DACIA_SPRING,Dacia Spring 33 kW,33000,139,47:59.9,2.2,3.6,151,SSE,2.831418768696804,80.86010721027911,136,106,,,,1.0,0.0,113.0,22,125,11,40,2
48:05.0,,,81,,98.5,,,,,,,19,-2.0722847,43.150223,95.27977,1.1222017941545126,48:05.3,6,-0.22,0101000020E61000009DE17C020A9400C0C25DA58D3A934540,20230419_DACIA_TOLOSA_ZARAUTZ_019,,d2,45:35.1,17:20.6,DACIA_SPRING,Dacia Spring 33 kW,33000,139,47:59.9,2.2,3.6,151,SSE,3.222571023883493,92.52881101925688,136,106,,,,1.0,0.0,113.0,22,125,11,40,2
48:10.5,,,81,,98.5,,,,,,,19,-2.072304,43.15066,97.423164,1.1708664193085137,48:10.3,6,0.253,0101000020E61000003FEAB928149400C0EF987EE348934540,20230419_DACIA_TOLOSA_ZARAUTZ_019,,d2,45:35.1,17:20.6,DACIA_SPRING,Dacia Spring 33 kW,33000,139,47:59.9,2.2,3.6,151,SSE,2.2445515925058084,67.57119051701311,136,106,,,,1.0,0.0,113.0,22,125,11,40,1
48:16.1,,,81,,98.5,,,,,,,19,-2.0720646,43.15124,100.037155,1.238270828082397,48:16.3,6,-0.263,0101000020E6100000407F4EA0969300C0E5881EEB5B934540,20230419_DACIA_TOLOSA_ZARAUTZ_019,,d2,45:35.1,17:20.6,DACIA_SPRING,Dacia Spring 33 kW,33000,139,47:59.9,2.2,3.6,151,SSE,2.0853511766989814,64.39880812059714,136,106,,,,1.0,0.0,113.0,22,125,11,25,1
48:21.6,,,81,,98.5,,,,,,,19,-2.0717843,43.151825,101.901436,1.307204789319507,48:21.4,6,0.182,0101000020E61000003E1BEDA8039300C0178FCFF46E934540,20230419_DACIA_TOLOSA_ZARAUTZ_019,,d2,45:35.1,17:20.6,DACIA_SPRING,Dacia Spring 33 kW,33000,139,47:59.9,2.2,3.6,151,SSE,1.7105514031261178,57.369323218296046,136,106,,,,1.0,0.0,113.0,22,125,11,25,1
48:27.1,,,81,,98.5,,,,,,,19,-2.0712836,43.152607,101.92217,1.4031779121518266,48:27.4,6,-0.27,0101000020E6100000BD634814FD9100C00B36909688934540,20230419_DACIA_TOLOSA_ZARAUTZ_019,,d2,45:35.1,17:20.6,DACIA_SPRING,Dacia Spring 33 kW,33000,139,47:59.9,2.2,3.6,151,SSE,1.4469654246830257,52.699190528668645,136,106,,,,1.0,0.0,113.0,22,125,11,25,1
48:32.6,,,81,,98.5,,,,,,,19,-2.0707808,43.153267,102.77337,1.4871434626869586,48:32.5,6,0.103,0101000020E610000069A54F8BF59000C0044F7B469E934540,20230419_DACIA_TOLOSA_ZARAUTZ_019,,d2,45:35.1,17:20.6,DACIA_SPRING,Dacia Spring 33 kW,33000,139,47:59.9,2.2,3.6,151,SSE,1.6281586490001432,55.88918008439307,136,106,,,,1.0,0.0,113.0,22,125,11,25,1
48:38.1,,,80,,98.5,,,,,,,19,-2.070264,43.15403,103.108536,1.5817781161912934,48:38.5,6,-0.428,0101000020E6100000E248D590E68F00C0FE29A146B7934540,20230419_DACIA_TOLOSA_ZARAUTZ_019,,d2,45:35.1,17:20.6,DACIA_SPRING,Dacia Spring 33 kW,33000,139,47:59.9,2.2,3.6,151,SSE,1.596935860024625,55.33337322396351,136,106,,,,1.0,0.0,113.0,22,125,11,25,1
48:43.6,,,80,,98.5,,,,,,,19,-2.0697799,43.15473,105.861404,1.6690029425788353,48:43.5,6,0.12,0101000020E610000065521BB3E88E00C095B66D3DCE934540,20230419_DACIA_TOLOSA_ZARAUTZ_019,,d2,45:35.1,17:20.6,DACIA_SPRING,Dacia Spring 33 kW,33000,139,47:59.9,2.2,3.6,151,SSE,1.5877306899599033,55.17002003670621,136,106,,,,1.0,0.0,113.0,22,125,11,25,1
48:49.2,,,80,,98.5,,,,,,,19,-2.0691843,43.155586,107.26957,1.7757547203255852,48:49.6,6,-0.41,0101000020E61000005793DB8AB08D00C09F6BDA30EA934540,20230419_DACIA_TOLOSA_ZARAUTZ_019,,d2,45:35.1,17:20.6,DACIA_SPRING,Dacia Spring 33 kW,33000,139,47:59.9,2.2,3.6,151,SSE,1.5850012863223042,55.12162859385716,136,106,,,,1.0,0.0,113.0,22,125,11,25,1
48:54.6,,,80,,98.5,,,,,,,19,-2.0687828,43.156162,108.30346000000002,1.8476152503259324,48:54.6,6,0.001,0101000020E610000075C866FBDD8C00C094B45B23FD934540,20230419_DACIA_TOLOSA_ZARAUTZ_019,,d2,45:35.1,17:20.6,DACIA_SPRING,Dacia Spring 33 kW,33000,139,47:59.9,2.2,3.6,151,SSE,1.8979588401898952,60.81719206168155,136,106,,,,1.0,0.0,113.0,22,125,11,25,1
49:00.1,,,80,,98.5,,,,,,,19,-2.0684505,43.156757,109.07537,1.9190605085358767,48:59.6,6,0.483,0101000020E610000084AFADBE2F8C00C014A9D1A910944540,20230419_DACIA_TOLOSA_ZARAUTZ_019,,d2,45:35.1,17:20.6,DACIA_SPRING,Dacia Spring 33 kW,33000,139,47:59.9,2.2,3.6,151,SSE,2.583061881691501,74.84987360619373,136,106,,,,1.0,0.0,113.0,22,125,11,25,1
49:05.6,,,80,,98.5,,,,,,,19,-2.0682366,43.157547,108.526726,2.008603258906205,49:05.7,6,-0.05,0101000020E6100000D52F48A6BF8B00C0B1370D8F2A944540,20230419_DACIA_TOLOSA_ZARAUTZ_019,,d2,45:35.1,17:20.6,DACIA_SPRING,Dacia Spring 33 kW,33000,139,47:59.9,2.2,3.6,151,SSE,2.972873326417395,84.66949471757044,136,106,,,,1.0,0.0,113.0,22,125,11,25,1
49:11.2,,,80,,98.5,,,,,,,19,-2.0681725,43.158234,109.37193,2.085175575906179,49:10.7,6,0.4529999999999999,0101000020E6100000AB4E140E9E8B00C0537A910C41944540,20230419_DACIA_TOLOSA_ZARAUTZ_019,,d2,45:35.1,17:20.6,DACIA_SPRING,Dacia Spring 33 kW,33000,139,47:59.9,2.2,3.6,151,SSE,3.292505580582445,95.1468436283616,136,106,,,,1.0,0.0,113.0,22,125,11,25,1
49:16.7,,,80,,98.5,,,,,,,19,-2.0682478,43.15907,109.76061,2.178335781794209,49:16.8,6,-0.064,0101000020E61000003F52EC77C58B00C025B323595C944540,20230419_DACIA_TOLOSA_ZARAUTZ_019,,d2,45:35.1,17:20.6,DACIA_SPRING,Dacia Spring 33 kW,33000,139,47:59.9,2.2,3.6,151,SSE,3.5604933195413637,110.50389998317443,136,106,,,,1.0,0.0,113.0,22,125,11,40,1
49:22.2,,,80,,98.5,,,,,,,19,-2.068446,43.1596,112.03212,2.239464687065094,49:21.8,6,0.39,0101000020E6100000BEE5DC562D8C00C0FCD57FBF6D944540,20230419_DACIA_TOLOSA_ZARAUTZ_019,,d2,45:35.1,17:20.6,DACIA_SPRING,Dacia Spring 33 kW,33000,139,47:59.9,2.2,3.6,151,SSE,3.570604834271065,111.67309951906212,136,106,,,,1.0,0.0,113.0,22,125,11,40,1
49:27.7,,,80,,98.5,,,,,,,19,-2.0687063,43.160255,113.145546,2.315304014677784,49:27.8,6,-0.138,0101000020E61000007B6A04ECB58C00C084EF913383944540,20230419_DACIA_TOLOSA_ZARAUTZ_019,,d2,45:35.1,17:20.6,DACIA_SPRING,Dacia Spring 33 kW,33000,139,47:59.9,2.2,3.6,151,SSE,3.4572807968697763,102.81275642528618,136,106,,,,1.0,0.0,113.0,22,125,11,40,1
49:33.2,,,80,,98.5,,,,,,,19,-2.0688257,43.16078,114.095406,2.3744868327635404,49:32.9,6,0.301,0101000020E610000052273B8BF48C00C04CB5AC8A94944540,20230419_DACIA_TOLOSA_ZARAUTZ_019,,d2,45:35.1,17:20.6,DACIA_SPRING,Dacia Spring 33 kW,33000,139,47:59.9,2.2,3.6,151,SSE,3.461686073474516,134.9338131450731,136,106,,,,1.0,0.0,113.0,22,125,11,40,1
49:38.7,,,80,,98.5,,,,,,,19,-2.0693445,43.1613,117.45148,2.4460777551489454,49:38.9,6,-0.243,0101000020E6100000315B6B7C048E00C0F01C6270A5944540,20230419_DACIA_TOLOSA_ZARAUTZ_019,,d2,45:35.1,17:20.6,DACIA_SPRING,Dacia Spring 33 kW,33000,139,47:59.9,2.2,3.6,151,SSE,3.2555143101892066,93.73044840527778,136,106,,,,1.0,0.0,113.0,22,125,11,40,1
49:44.1,,,80,,98.5,,,,,,,19,-2.0693786,43.161823,119.51056,2.5043348346135215,49:43.9,6,0.128,0101000020E610000092B0036C168E00C0A96B5590B6944540,20230419_DACIA_TOLOSA_ZARAUTZ_019,,d2,45:35.1,17:20.6,DACIA_SPRING,Dacia Spring 33 kW,33000,139,47:59.9,2.2,3.6,151,SSE,2.7915417366533464,79.84387626567448,136,106,,,,1.0,0.0,113.0,22,125,11,40,1
49:49.6,,,80,,98.5,,,,,,,19,-2.0692747,43.162403000000005,122.46807,2.56944334075573,49:50.0,6,-0.362,0101000020E61000007CA475D7DF8D00C011899EA9C9944540,20230419_DACIA_TOLOSA_ZARAUTZ_019,,d2,45:35.1,17:20.6,DACIA_SPRING,Dacia Spring 33 kW,33000,139,47:59.9,2.2,3.6,151,SSE,3.5661207158539066,111.13326222420552,136,106,,,,1.0,0.0,113.0,22,125,11,40,1
49:55.3,,,80,,98.5,,,,,,,19,-2.06949,43.16296,123.18553,2.6337975528783795,49:55.2,6,0.0289999999999999,0101000020E6100000E9E021B0508E00C0329A2FEADB944540,20230419_DACIA_TOLOSA_ZARAUTZ_019,,d2,45:35.1,17:20.6,DACIA_SPRING,Dacia Spring 33 kW,33000,139,47:59.9,2.2,3.6,151,SSE,3.5963102095433155,116.40567528898023,136,106,,,,1.0,0.0,113.0,22,125,11,25,1
50:01.5,,,80,,98.5,,,,,,,19,-2.069776,43.163536,123.58268,2.7019181392234235,50:01.5,6,0.005,0101000020E6100000B52DFDB4E68E00C0AD806CC8EE944540,20230419_DACIA_TOLOSA_ZARAUTZ_019,,d2,45:35.1,17:20.6,DACIA_SPRING,Dacia Spring 33 kW,33000,139,47:59.9,2.2,3.6,151,SSE,2.134755768038118,65.36931330223047,136,106,,,,1.0,0.0,113.0,22,125,11,40,1
50:10.1,,,80,,98.5,,,,,,,19,-2.069522,43.16409,122.108955,2.766890222407238,50:10.3,6,-0.187,0101000020E610000031C3567D618E00C03D2A75DC00954540,20230419_DACIA_TOLOSA_ZARAUTZ_019,,d2,45:35.1,17:20.6,DACIA_SPRING,Dacia Spring 33 kW,33000,139,52:19.6,2.2,3.6,151,SSE,1.679171596990813,56.80323308540764,136,106,,,,1.0,0.0,113.0,22,125,11,40,1
50:19.1,,,80,,98.5,,,,,,,19,-2.0694003,43.164276,119.83985,2.789919146503869,50:19.2,6,-0.019,0101000020E610000047B89CBA218E00C0F3D630F206954540,20230419_DACIA_TOLOSA_ZARAUTZ_019,,d2,45:35.1,17:20.6,DACIA_SPRING,Dacia Spring 33 kW,33000,139,52:19.6,2.2,3.6,151,SSE,3.3479079671346845,97.43083027042468,136,106,,,,1.0,0.0,113.0,22,125,11,45,1
50:26.3,,,80,,98.5,,,,,,,19,-2.0694556,43.1647,116.700836,2.8373825637868024,50:27.1,6,-0.787,0101000020E6100000D79C38BF3E8E00C05FAC3CE714954540,20230419_DACIA_TOLOSA_ZARAUTZ_019,,d2,45:35.1,17:20.6,DACIA_SPRING,Dacia Spring 33 kW,33000,139,52:19.6,2.2,3.6,151,SSE,3.345572682637378,97.32995377149574,136,106,,,,1.0,0.0,113.0,22,125,11,25,1
50:31.9,,,80,,98.5,,,,,,,19,-2.069514,43.165154,116.64052,2.8880868081804967,50:31.3,6,0.536,0101000020E6100000A4D2465B5D8E00C02CC442B923954540,20230419_DACIA_TOLOSA_ZARAUTZ_019,,d2,45:35.1,17:20.6,DACIA_SPRING,Dacia Spring 33 kW,33000,139,52:19.6,2.2,3.6,151,SSE,2.197616114497837,66.6219699358879,136,106,,,,1.0,0.0,113.0,22,125,11,25,1
50:37.4,,,80,,98.5,,,,,,,19,-2.0693493000000003,43.165535,118.134285,2.9325331487023636,50:37.4,6,0.035,0101000020E6100000C6F635FE068E00C027FEA13830954540,20230419_DACIA_TOLOSA_ZARAUTZ_019,,d2,45:35.1,17:20.6,DACIA_SPRING,Dacia Spring 33 kW,33000,139,52:19.6,2.2,3.6,151,SSE,1.3718811040933083,51.40047768687752,136,106,,,,1.0,0.0,113.0,22,125,11,25,1
50:43.0,,,80,,98.5,,,,,,,19,-2.0691178,43.165825,117.03143,2.969863701115245,50:43.5,6,-0.4529999999999999,0101000020E61000005D1393968D8D00C0FA0AB3C639954540,20230419_DACIA_TOLOSA_ZARAUTZ_019,,d2,45:35.1,17:20.6,DACIA_SPRING,Dacia Spring 33 kW,33000,139,52:19.6,2.2,3.6,151,SSE,1.783885349361359,58.70429017504018,136,106,,,,1.0,0.0,113.0,22,125,11,25,1
50:48.5,,,80,,98.5,,,,,,,19,-2.0689871,43.16604,116.09893999999998,2.996031866681063,50:48.4,6,0.074,0101000020E610000030553F23498D00C0B614FFC140954540,20230419_DACIA_TOLOSA_ZARAUTZ_019,,d2,45:35.1,17:20.6,DACIA_SPRING,Dacia Spring 33 kW,33000,139,52:19.6,2.2,3.6,151,SSE,1.693786680792218,57.06651727773971,136,106,,,,1.0,0.0,113.0,22,125,11,25,1
50:54.0,,,80,,98.5,,,,,,,19,-2.0686548,43.166553,116.49533,3.0591221224373353,50:54.5,6,-0.477,0101000020E61000008C2D8FDA9A8C00C01A0E14AE51954540,20230419_DACIA_TOLOSA_ZARAUTZ_019,,d2,45:35.1,17:20.6,DACIA_SPRING,Dacia Spring 33 kW,33000,139,52:19.6,2.2,3.6,151,SSE,1.8201081653953608,59.37023361350591,136,106,,,,1.0,0.0,113.0,22,125,11,25,1
50:59.6,,,80,,98.5,,,,,,,19,-2.0683700000000003,43.167034,117.71601,3.1173940409230187,50:59.5,6,0.0409999999999999,0101000020E6100000F4DCE9A7058C00C0F15E685961954540,20230419_DACIA_TOLOSA_ZARAUTZ_019,,d2,45:35.1,17:20.6,DACIA_SPRING,Dacia Spring 33 kW,33000,139,52:19.6,2.2,3.6,151,SSE,1.0973830026533755,46.74785308531726,136,106,,,,1.0,0.0,113.0,22,125,11,25,2
51:05.1,,,80,,98.5,,,,,,,19,-2.0679824,43.167446000000005,117.96633,3.1729546088988227,51:05.5,6,-0.3829999999999999,0101000020E6100000D94A3D623A8B00C0174D15E76E954540,20230419_DACIA_TOLOSA_ZARAUTZ_019,,d2,45:35.1,17:20.6,DACIA_SPRING,Dacia Spring 33 kW,33000,139,52:19.6,2.2,3.6,151,SSE,1.2390781400288635,49.13225887087774,136,106,,,,1.0,0.0,113.0,22,125,11,25,2
51:10.7,,,80,,98.5,,,,,,,19,-2.0676787,43.167797,117.16036,3.2191129744337452,51:10.6,6,0.107,0101000020E6100000AAED2D179B8A00C0D84AA9687A954540,20230419_DACIA_TOLOSA_ZARAUTZ_019,,d2,45:35.1,17:20.6,DACIA_SPRING,Dacia Spring 33 kW,33000,139,52:19.6,2.2,3.6,151,SSE,1.8170209161304545,59.31330020397277,136,106,,,,1.0,0.0,113.0,22,125,11,25,2
51:16.1,,,80,,98.5,,,,,,,19,-2.0674977,43.168102000000005,119.46685,3.2561398150453473,51:15.6,6,0.45,0101000020E6100000D5E907333C8A00C09128B76F84954540,20230419_DACIA_TOLOSA_ZARAUTZ_019,,d2,45:35.1,17:20.6,DACIA_SPRING,Dacia Spring 33 kW,33000,139,52:19.6,2.2,3.6,151,SSE,-0.8816749024479563,14.82350294414687,136,106,,,,1.0,0.0,113.0,22,125,11,25,2
51:21.6,,,80,,98.5,,,,,,,19,-2.0673919,43.16813,120.94075,3.2653858329839074,51:21.6,6,-0.064,0101000020E6100000ED2208CA048A00C00C84704885954540,20230419_DACIA_TOLOSA_ZARAUTZ_019,,d2,45:35.1,17:20.6,DACIA_SPRING,Dacia Spring 33 kW,33000,139,52:19.6,2.2,3.6,151,SSE,-0.9114157826695656,14.334761694797916,136,106,,,,1.0,0.0,113.0,22,125,11,25,2
51:27.0,,,80,,98.5,,,,,,,19,-2.0671258000000003,43.168198,123.22941000000002,3.288367050985586,51:26.7,6,0.306,0101000020E61000009E2E9341798900C0271C0B8387954540,20230419_DACIA_TOLOSA_ZARAUTZ_019,,d2,45:35.1,17:20.6,DACIA_SPRING,Dacia Spring 33 kW,33000,139,52:19.6,2.2,3.6,151,SSE,-2.1230168609879145,-7.137631005616173,136,106,,,,1.0,0.0,113.0,22,125,11,40,2
51:32.5,,,80,,98.5,,,,,,,19,-2.0669022,43.16817,125.56823,3.306914372580205,51:32.7,6,-0.231,0101000020E6100000504A9B00048900C01F6A6C9986954540,20230419_DACIA_TOLOSA_ZARAUTZ_019,,d2,45:35.1,17:20.6,DACIA_SPRING,Dacia Spring 33 kW,33000,139,52:19.6,2.2,3.6,151,SSE,-2.1863691970558707,-8.396317277062545,136,106,,,,1.0,0.0,113.0,22,125,11,40,2
51:38.1,,,80,,98.5,,,,,,,19,-2.0663602,43.16809,126.29013,3.3517674371797033,51:37.9,6,0.193,0101000020E6100000BA101BD6E78700C004C2B1F683954540,20230419_DACIA_TOLOSA_ZARAUTZ_019,,d2,45:35.1,17:20.6,DACIA_SPRING,Dacia Spring 33 kW,33000,139,52:19.6,2.2,3.6,151,SSE,-2.269201493840648,-10.074750173760062,136,106,,,,1.0,0.0,113.0,22,125,11,40,2
51:43.6,,,80,,98.5,,,,,,,19,-2.0656848,43.16797,127.25687,3.4081525427185846,51:43.8,6,-0.2239999999999999,0101000020E6100000E826B9CB858600C0FC74770080954540,20230419_DACIA_TOLOSA_ZARAUTZ_019,,d2,45:35.1,17:20.6,DACIA_SPRING,Dacia Spring 33 kW,33000,139,52:19.6,2.2,3.6,151,SSE,-1.0340154553450345,12.308015816975082,136,106,,,,1.0,0.0,113.0,22,125,11,25,2
51:49.1,,,80,,98.5,,,,,,,19,-2.0651348,43.16809,127.56294,3.4547116382131686,51:48.8,6,0.246,0101000020E6100000D8078B51658500C0D874D5F483954540,20230419_DACIA_TOLOSA_ZARAUTZ_019,,d2,45:35.1,17:20.6,DACIA_SPRING,Dacia Spring 33 kW,33000,139,52:19.6,2.2,3.6,151,SSE,2.1767126029959707,66.20311289988693,136,106,,,,1.0,0.0,113.0,22,125,11,25,2
51:54.6,,,80,,98.5,,,,,,,19,-2.0649562,43.168495,127.79295,3.502018163016074,51:54.9,6,-0.312,0101000020E6100000038B74C4078500C00232AF3691954540,20230419_DACIA_TOLOSA_ZARAUTZ_019,,d2,45:35.1,17:20.6,DACIA_SPRING,Dacia Spring 33 kW,33000,139,52:19.6,2.2,3.6,151,SSE,3.354702070619451,140.27309727255474,136,106,,,,1.0,0.0,113.0,22,125,11,40,2
52:00.0,,,80,,98.5,,,,,,,19,-2.0653148,43.168793,125.13503,3.546186464703262,51:59.9,6,0.109,0101000020E6100000E3F82DBFC38500C03E246E0E9B954540,20230419_DACIA_TOLOSA_ZARAUTZ_019,,d2,45:35.1,17:20.6,DACIA_SPRING,Dacia Spring 33 kW,33000,139,52:19.6,2.2,3.6,151,SSE,3.4550858702952656,102.68791572052032,136,106,,,,1.0,0.0,113.0,22,125,11,45,2
52:05.5,,,80,,98.5,,,,,,,19,-2.0653963,43.169155,120.929695,3.5871942677144535,52:05.9,6,-0.418,0101000020E6100000A15A5C87EE8500C0D518BBEDA6954540,20230419_DACIA_TOLOSA_ZARAUTZ_019,,d2,45:35.1,17:20.6,DACIA_SPRING,Dacia Spring 33 kW,33000,139,52:19.6,2.2,3.6,151,SSE,0.6567932415260368,39.512064868688576,136,106,,,,1.0,0.0,113.0,22,125,11,45,2
52:11.0,,,80,,98.5,,,,,,,19,-2.0646057,43.169807,117.40543999999998,3.684041700021239,52:11.0,6,0.054,0101000020E610000004BFEF0E508400C0B6704B35BC954540,20230419_DACIA_TOLOSA_ZARAUTZ_019,,d2,45:35.1,17:20.6,DACIA_SPRING,Dacia Spring 33 kW,33000,139,52:19.6,2.2,3.6,151,SSE,0.5146661104747087,37.2193276816923,136,106,,,,1.0,0.0,113.0,22,125,11,25,2
52:16.4,,,80,,98.5,,,,,,,19,-2.0634906,43.170654,111.524376,3.8147425016874124,52:16.0,6,0.451,0101000020E6100000924AF46B078200C09397340FD8954540,20230419_DACIA_TOLOSA_ZARAUTZ_019,,d2,45:35.1,17:20.6,DACIA_SPRING,Dacia Spring 33 kW,33000,139,52:19.6,2.2,3.6,151,SSE,0.5032912855690205,37.03645467543039,136,106,,,,1.0,0.0,113.0,22,125,11,25,2
52:21.9,,,80,,98.5,,,,,,,19,-2.0621176,43.171690000000005,107.28419,3.975011592669393,52:22.0,6,-0.111,0101000020E6100000C028D677377F00C0E8E0DC0CFA954540,20230419_DACIA_TOLOSA_ZARAUTZ_019,,d2,45:35.1,17:20.6,DACIA_SPRING,Dacia Spring 33 kW,33000,139,52:19.6,2.2,3.6,151,SSE,0.593356475152171,38.48685027745295,136,106,,,,1.0,0.0,113.0,22,125,11,25,2
52:27.3,,,80,,98.5,,,,,,,19,-2.0610485,43.172540000000005,105.16624,4.1032858858304,52:27.1,6,0.231,0101000020E6100000F90F40F3067D00C03BCD40C715964540,20230419_DACIA_TOLOSA_ZARAUTZ_019,,d2,45:35.1,17:20.6,DACIA_SPRING,Dacia Spring 33 kW,33000,139,52:19.6,2.2,3.6,151,SSE,0.6638163897666811,39.62577078424648,136,106,,,,1.0,0.0,113.0,22,125,11,25,2
52:32.8,,,80,,98.5,,,,,,,19,-2.0595872,43.17375,102.180466,4.28260162880119,52:33.1,6,-0.365,0101000020E6100000962159E4087A00C0EE90408F3D964540,20230419_DACIA_TOLOSA_ZARAUTZ_019,,d2,45:35.1,17:20.6,DACIA_SPRING,Dacia Spring 33 kW,33000,139,52:19.6,2.2,3.6,151,SSE,0.5235667782597133,37.36248240017823,136,106,,,,1.0,0.0,113.0,22,125,11,25,2
52:38.2,,,80,,98.5,,,,,,,19,-2.0583613,43.174686,101.15812,4.4265315357568165,52:38.2,6,-0.016,0101000020E6100000C670201B867700C0D10FC1235C964540,20230419_DACIA_TOLOSA_ZARAUTZ_019,,d2,45:35.1,17:20.6,DACIA_SPRING,Dacia Spring 33 kW,33000,139,52:19.6,2.2,3.6,151,SSE,0.5399338482421594,37.62586167413016,136,106,,,,1.0,0.0,113.0,22,125,11,25,2
52:43.7,,,80,,98.5,,,,,,,19,-2.0571535,43.175617,100.57584,4.569043746222533,52:43.2,6,0.485,0101000020E6100000343686E80C7500C0D81C88A17A964540,20230419_DACIA_TOLOSA_ZARAUTZ_019,,d2,45:35.1,17:20.6,DACIA_SPRING,Dacia Spring 33 kW,33000,139,52:59.9,8.1,13.0,100,E,-7.9178041062466065,42.47830020516161,136,106,,,,1.0,0.0,113.0,22,125,11,25,3
52:49.2,,,80,,98.5,,,,,,,19,-2.0558615,43.1768,101.13132,4.73721094375851,52:49.3,6,-0.067,0101000020E6100000CD77A374677200C0C44A1456A1964540,20230419_DACIA_TOLOSA_ZARAUTZ_019,,d2,45:35.1,17:20.6,DACIA_SPRING,Dacia Spring 33 kW,33000,139,52:59.9,8.1,13.0,100,E,-4.9934747827285655,57.41128714233372,136,106,,,,1.0,0.0,113.0,22,125,11,45,3
52:55.0,,,80,,98.5,,,,,,,19,-2.054925,43.178265,101.62402,4.916942628552787,52:55.3,6,-0.263,0101000020E61000006E0090777C7000C05FDA915DD1964540,20230419_DACIA_TOLOSA_ZARAUTZ_019,,d2,45:35.1,17:20.6,DACIA_SPRING,Dacia Spring 33 kW,33000,139,52:59.9,8.1,13.0,100,E,-5.186345462185518,56.48746750655448,136,106,,,,1.0,0.0,113.0,22,125,11,25,3
53:00.8,,,80,,98.5,,,,,,,19,-2.0541244,43.179474,101.92085,5.066230973174617,53:00.4,6,0.445,0101000020E6100000A828F3B5D86E00C0508F4D07F9964540,20230419_DACIA_TOLOSA_ZARAUTZ_019,,d2,45:35.1,17:20.6,DACIA_SPRING,Dacia Spring 33 kW,33000,139,52:59.9,8.1,13.0,100,E,-7.954190527618938,42.27582641383496,136,106,,,,1.0,0.0,113.0,22,125,11,8,3
53:06.4,,,79,,98.5,,,,,,,19,-2.0527902,43.180687,103.08,5.239139137707945,53:06.4,6,-0.002,0101000020E6100000EAECAF451D6C00C08D0D04BC20974540,20230419_DACIA_TOLOSA_ZARAUTZ_019,,d2,45:35.1,17:20.6,DACIA_SPRING,Dacia Spring 33 kW,33000,139,52:59.9,8.1,13.0,100,E,-5.955693907346305,52.733475126926336,136,106,,,,1.0,0.0,113.0,22,125,11,45,3
53:12.0,,,79,,98.5,,,,,,,19,-2.051814,43.18197,103.410805,5.402289403867571,53:12.4,6,-0.449,0101000020E61000001EBFC08F1D6A00C0F6DEBEB14A974540,20230419_DACIA_TOLOSA_ZARAUTZ_019,,d2,45:35.1,17:20.6,DACIA_SPRING,Dacia Spring 33 kW,33000,139,52:59.9,8.1,13.0,100,E,-3.6495648253923383,63.6958781886475,136,106,,,,1.0,0.0,113.0,22,125,11,8,3
53:17.4,,,79,,98.5,,,,,,,19,-2.0512831,43.183044,105.1012,5.529245054010397,53:17.5,6,-0.09,0101000020E61000005975DD21076900C035BE5CFA6D974540,20230419_DACIA_TOLOSA_ZARAUTZ_019,,d2,45:35.1,17:20.6,DACIA_SPRING,Dacia Spring 33 kW,33000,139,52:59.9,8.1,13.0,100,E,2.3754862576005062,90.52879835954336,136,106,,,,1.0,0.0,113.0,22,125,11,100,4
53:22.9,,,79,,98.5,,,,,,,19,-2.0512946,43.18429,107.31505,5.667814755911491,53:22.5,6,0.397,0101000020E6100000CB37E42F0D6900C07A0E16E396974540,20230419_DACIA_TOLOSA_ZARAUTZ_019,,d2,45:35.1,17:20.6,DACIA_SPRING,Dacia Spring 33 kW,33000,139,52:59.9,8.1,13.0,100,E,4.712162397478078,101.25221266574404,136,106,,,,1.0,0.0,113.0,22,125,11,45,4
53:28.3,,,79,,98.5,,,,,,,19,-2.0515795,43.185722,108.51394,5.828717070800077,53:28.5,6,-0.2,0101000020E6100000D7CAA17CA26900C0A039AFBCC5974540,20230419_DACIA_TOLOSA_ZARAUTZ_019,,d2,45:35.1,17:20.6,DACIA_SPRING,Dacia Spring 33 kW,33000,139,52:59.9,8.1,13.0,100,E,1.7249432206825406,87.62494583662846,136,106,,,,1.0,0.0,113.0,22,125,11,100,4
53:33.9,,,79,,98.5,,,,,,,19,-2.0515323,43.18686,107.87201,5.9553163757222976,53:33.6,6,0.282,0101000020E61000002D001DBA896900C088974DFDEA974540,20230419_DACIA_TOLOSA_ZARAUTZ_019,,d2,45:35.1,17:20.6,DACIA_SPRING,Dacia Spring 33 kW,33000,139,52:59.9,8.1,13.0,100,E,-0.8858329066406593,76.09278104911428,136,106,,,,1.0,0.0,113.0,22,125,11,25,4
53:39.3,,,79,,98.5,,,,,,,19,-2.0511906000000004,43.18824,108.28939,6.111246577134606,53:39.6,6,-0.336,0101000020E6100000BC84F29AD66800C079B8064318984540,20230419_DACIA_TOLOSA_ZARAUTZ_019,,d2,45:35.1,17:20.6,DACIA_SPRING,Dacia Spring 33 kW,33000,139,52:59.9,8.1,13.0,100,E,-0.990223323051474,75.63149042266608,136,106,,,,1.0,0.0,113.0,22,125,11,25,4
53:44.9,,,79,,98.5,,,,,,,19,-2.0509083,43.189342,110.120926,6.235915852628843,53:44.6,6,0.203,0101000020E61000005D7198A3426800C06D72256B3C984540,20230419_DACIA_TOLOSA_ZARAUTZ_019,,d2,45:35.1,17:20.6,DACIA_SPRING,Dacia Spring 33 kW,33000,139,52:59.9,8.1,13.0,100,E,1.9184755910912652,88.48642294214672,136,106,,,,1.0,0.0,113.0,22,125,11,25,4
53:50.4,,,79,,98.5,,,,,,,19,-2.0508707,43.190765,115.00801,6.394251031433613,53:50.7,6,-0.32,0101000020E61000006437BEDD2E6800C0579A04F36A984540,20230419_DACIA_TOLOSA_ZARAUTZ_019,,d2,45:35.1,17:20.6,DACIA_SPRING,Dacia Spring 33 kW,33000,139,52:59.9,8.1,13.0,100,E,4.081370686843307,98.2975339227615,136,106,,,,1.0,0.0,113.0,22,125,11,100,4
53:56.1,,,79,,98.5,,,,,,,19,-2.051046,43.191967,119.85334,6.528748051547867,53:55.7,6,0.387,0101000020E6100000F14284BE8A6800C02B66D66692984540,20230419_DACIA_TOLOSA_ZARAUTZ_019,,d2,45:35.1,17:20.6,DACIA_SPRING,Dacia Spring 33 kW,33000,139,52:59.9,8.1,13.0,100,E,2.9506527841481414,93.11894196050552,136,106,,,,1.0,0.0,113.0,22,125,11,45,4
54:01.6,,,78,,98.5,,,,,,,19,-2.051117,43.19327,121.4681,6.673758314058346,54:01.8,6,-0.123,0101000020E6100000631B2104B06800C0E50F0B1DBD984540,20230419_DACIA_TOLOSA_ZARAUTZ_019,,d2,45:35.1,17:20.6,DACIA_SPRING,Dacia Spring 33 kW,33000,139,52:59.9,8.1,13.0,100,E,-4.207399921915395,61.1164275706057,136,106,,,,1.0,0.0,113.0,22,125,11,45,5
54:07.2,,,78,,98.5,,,,,,,19,-2.0506172,43.194176,122.35566,6.78234684008488,54:06.8,6,0.362,0101000020E61000007D8B2B00AA6700C0F4880DC9DA984540,20230419_DACIA_TOLOSA_ZARAUTZ_019,,d2,45:35.1,17:20.6,DACIA_SPRING,Dacia Spring 33 kW,33000,139,52:59.9,8.1,13.0,100,E,-7.872302566585975,42.73072519371559,136,106,,,,1.0,0.0,113.0,22,125,11,45,5
54:12.7,,,78,,98.5,,,,,,,19,-2.0496137,43.195103,122.54733,6.913657998877519,54:12.8,6,-0.159,0101000020E61000007832C9D59B6500C0CB613D12F9984540,20230419_DACIA_TOLOSA_ZARAUTZ_019,,d2,45:35.1,17:20.6,DACIA_SPRING,Dacia Spring 33 kW,33000,139,52:59.9,8.1,13.0,100,E,-10.390791130211433,26.937489294499223,136,106,,,,1.0,0.0,113.0,22,125,11,100,5
54:18.2,,,78,,98.5,,,,,,,19,-2.0484054,43.195717,124.10873,7.033064011258437,54:17.8,6,0.34,0101000020E61000008B3CA356226300C06C7DF3310D994540,20230419_DACIA_TOLOSA_ZARAUTZ_019,,d2,45:35.1,17:20.6,DACIA_SPRING,Dacia Spring 33 kW,33000,139,52:59.9,8.1,13.0,100,E,-12.21003750606352,10.07674562732386,136,106,,,,1.0,0.0,113.0,22,125,11,8,5
54:23.7,,,78,,98.5,,,,,,,19,-2.046419,43.19607,122.9669,7.1988066838003695,54:23.9,6,-0.182,0101000020E6100000286A6BD7105F00C091BACEEF18994540,20230419_DACIA_TOLOSA_ZARAUTZ_019,,d2,45:35.1,17:20.6,DACIA_SPRING,Dacia Spring 33 kW,33000,139,52:59.9,8.1,13.0,100,E,-12.73924866819608,1.4949694600445211,136,106,,,,1.0,0.0,113.0,22,125,11,8,5
54:29.1,,,78,,98.5,,,,,,,19,-2.0446181,43.196117,121.53283,7.344893240058282,54:28.9,6,0.144,0101000020E61000002F2C83CB605B00C06956B55C1A994540,20230419_DACIA_TOLOSA_ZARAUTZ_019,,d2,45:35.1,17:20.6,DACIA_SPRING,Dacia Spring 33 kW,33000,139,52:59.9,8.1,13.0,100,E,-12.3166407959709,8.659994557598488,136,106,,,,1.0,0.0,113.0,22,125,11,8,5
54:34.6,,,78,,98.5,,,,,,,19,-2.042609,43.196423,118.769165,7.5112953916637855,54:35.0,6,-0.3379999999999999,0101000020E6100000A20F0C54435700C005525B6724994540,20230419_DACIA_TOLOSA_ZARAUTZ_019,,d2,45:35.1,17:20.6,DACIA_SPRING,Dacia Spring 33 kW,33000,139,52:59.9,8.1,13.0,100,E,-10.03042359794297,29.50482222144317,136,106,,,,1.0,0.0,113.0,22,125,11,25,5
54:40.0,,,78,,98.5,,,,,,,19,-2.0413826,43.197117,116.653046,7.637163506904985,54:40.0,6,0.052,0101000020E6100000BA423F51C05400C09ACEB91C3B994540,20230419_DACIA_TOLOSA_ZARAUTZ_019,,d2,45:35.1,17:20.6,DACIA_SPRING,Dacia Spring 33 kW,33000,139,52:59.9,8.1,13.0,100,E,-7.469796889436113,44.92839198822121,136,106,,,,1.0,0.0,113.0,22,125,11,100,5
54:45.5,,,78,,98.5,,,,,,,19,-2.0404613,43.198036,115.37077,7.763739029818959,54:45.0,6,0.451,0101000020E6100000FF7C0052DD5200C04626394059994540,20230419_DACIA_TOLOSA_ZARAUTZ_019,,d2,45:35.1,17:20.6,DACIA_SPRING,Dacia Spring 33 kW,33000,139,52:59.9,8.1,13.0,100,E,-5.877320644372984,53.12140018920264,136,106,,,,1.0,0.0,113.0,22,125,11,100,5
54:51.1,,,78,,98.5,,,,,,,19,-2.039513,43.1993,114.372856,7.923939500441272,54:51.1,6,0.03,0101000020E610000093F6F448EC5000C0FDED7AA182994540,20230419_DACIA_TOLOSA_ZARAUTZ_019,,d2,45:35.1,17:20.6,DACIA_SPRING,Dacia Spring 33 kW,33000,139,52:59.9,8.1,13.0,100,E,-5.364597812243549,55.62787208078526,611,118,0.0,39.0,331.0,,,,241,457,154,25,6
54:56.6,,,78,,98.5,,,,,,,19,-2.0385554,43.2007,112.3851,8.09790210016531,54:56.2,6,0.414,0101000020E6100000DFA62F20F64E00C0D0BDAC7BB0994540,20230419_DACIA_TOLOSA_ZARAUTZ_019,,d2,45:35.1,17:20.6,DACIA_SPRING,Dacia Spring 33 kW,33000,139,52:59.9,8.1,13.0,100,E,-5.866487603031463,53.17491554705205,611,118,0.0,39.0,331.0,,,,241,457,154,80,6
55:02.0,,,78,,98.5,,,,,,,19,-2.0375745,43.20201,110.807816,8.263860977790328,55:02.3,6,-0.225,0101000020E610000023EB2FD4F34C00C012B3BE8EDB994540,20230419_DACIA_TOLOSA_ZARAUTZ_019,,d2,45:35.1,17:20.6,DACIA_SPRING,Dacia Spring 33 kW,33000,139,52:59.9,8.1,13.0,100,E,-6.295255716207005,51.03662507443168,611,118,0.0,39.0,331.0,,,,241,457,154,100,6
55:07.6,,,78,,98.5,,,,,,,19,-2.0367682,43.203007,109.98254,8.392554692400989,55:07.3,6,0.295,0101000020E6100000BCFA862B4D4B00C017D90322FC994540,20230419_DACIA_TOLOSA_ZARAUTZ_019,,d2,45:35.1,17:20.6,DACIA_SPRING,Dacia Spring 33 kW,33000,139,52:59.9,8.1,13.0,100,E,-3.623924942331017,63.81358217228145,611,118,0.0,39.0,331.0,,,,241,457,154,100,6
55:13.0,,,78,,98.5,,,,,,,19,-2.036153,43.204258,108.16544,8.5403378040543,55:13.3,6,-0.23,0101000020E61000007964AF930A4A00C08A7B6E1C259A4540,20230419_DACIA_TOLOSA_ZARAUTZ_019,,d2,45:35.1,17:20.6,DACIA_SPRING,Dacia Spring 33 kW,33000,139,57:19.6,2.2,3.6,151,SSE,3.3773708790243155,98.74457790874128,611,118,0.0,39.0,331.0,,,,241,457,154,80,5
55:18.6,,,78,,98.5,,,,,,,19,-2.0363202,43.205345,106.86939,8.661970930875501,55:18.3,6,0.281,0101000020E610000032EAD634624A00C0171077BE489A4540,20230419_DACIA_TOLOSA_ZARAUTZ_019,,d2,45:35.1,17:20.6,DACIA_SPRING,Dacia Spring 33 kW,33000,139,57:19.6,2.2,3.6,151,SSE,3.3074619844731545,95.74248689782264,611,118,0.0,39.0,331.0,,,,241,457,154,80,5
55:24.1,,,78,,98.5,,,,,,,19,-2.0364454,43.206590000000006,106.37938,8.800780881937573,55:24.3,6,-0.25,0101000020E610000055D644EEA34A00C076AEAC73719A4540,20230419_DACIA_TOLOSA_ZARAUTZ_019,,d2,45:35.1,17:20.6,DACIA_SPRING,Dacia Spring 33 kW,33000,139,57:19.6,2.2,3.6,151,SSE,1.7118576324912471,57.392952640425406,611,118,0.0,39.0,331.0,,,,241,457,154,8,5
55:29.5,,,78,,98.5,,,,,,,19,-2.0358057,43.20759,106.83537,8.923469847342917,55:29.4,6,0.133,0101000020E610000003C0A580544900C0B8C69148929A4540,20230419_DACIA_TOLOSA_ZARAUTZ_019,,d2,45:35.1,17:20.6,DACIA_SPRING,Dacia Spring 33 kW,33000,139,57:19.6,2.2,3.6,151,SSE,1.3631232240787774,51.249797116310106,611,118,0.0,39.0,331.0,,,,241,457,154,80,5
55:35.0,,,78,,98.5,,,,,,,19,-2.0348763,43.208748,109.05653999999998,9.07266389807972,55:35.4,6,-0.397,0101000020E610000096C4FF3D6D4700C0F9AA8431B89A4540,20230419_DACIA_TOLOSA_ZARAUTZ_019,,d2,45:35.1,17:20.6,DACIA_SPRING,Dacia Spring 33 kW,33000,139,57:19.6,2.2,3.6,151,SSE,1.3827257375333566,51.587287915484325,611,118,0.0,39.0,331.0,,,,241,457,154,80,5
55:40.4,,,78,,98.5,,,,,,,19,-2.0341563000000003,43.209656,109.070625,9.189278499208315,55:40.4,6,-0.006,0101000020E6100000A37FA9C2F34500C023217C0BD69A4540,20230419_DACIA_TOLOSA_ZARAUTZ_019,,d2,45:35.1,17:20.6,DACIA_SPRING,Dacia Spring 33 kW,33000,139,57:19.6,2.2,3.6,151,SSE,1.302050986111368,50.20345745063579,611,118,0.0,39.0,331.0,,,,241,457,154,80,5
55:45.9,,,78,,98.5,,,,,,,19,-2.0334282,43.21053,107.712364,9.302982604060823,55:45.5,6,0.4529999999999999,0101000020E6100000E32FB509764400C0150A3EADF29A4540,20230419_DACIA_TOLOSA_ZARAUTZ_019,,d2,45:35.1,17:20.6,DACIA_SPRING,Dacia Spring 33 kW,33000,139,57:19.6,2.2,3.6,151,SSE,0.7487490095155517,41.00434314708212,611,118,0.0,39.0,331.0,,,,241,457,154,45,5
55:51.3,,,78,,98.5,,,,,,,19,-2.032232,43.21157,106.62056,9.453888151897191,55:51.6,6,-0.261,0101000020E61000006EB66FE8024200C0D566C9BE149B4540,20230419_DACIA_TOLOSA_ZARAUTZ_019,,d2,45:35.1,17:20.6,DACIA_SPRING,Dacia Spring 33 kW,33000,139,57:19.6,2.2,3.6,151,SSE,-0.2065322537950502,25.71113128215556,611,118,0.0,39.0,331.0,,,,241,457,154,80,5
55:56.8,,,78,,98.5,,,,,,,19,-2.0309153,43.212204,105.29839,9.58178734732225,55:56.6,6,0.2319999999999999,0101000020E6100000094C6B89503F00C067589D8A299B4540,20230419_DACIA_TOLOSA_ZARAUTZ_019,,d2,45:35.1,17:20.6,DACIA_SPRING,Dacia Spring 33 kW,33000,139,57:19.6,2.2,3.6,151,SSE,-0.4432599573703081,21.927350549671207,611,118,0.0,39.0,331.0,,,,241,457,154,10,5
56:02.3,,,78,,98.5,,,,,,,19,-2.0295987,43.212734000000005,101.913155,9.703726655898167,56:02.6,6,-0.311,0101000020E610000021677C379E3C00C0F45DFFE43A9B4540,20230419_DACIA_TOLOSA_ZARAUTZ_019,,d2,45:35.1,17:20.6,DACIA_SPRING,Dacia Spring 33 kW,33000,139,57:19.6,2.2,3.6,151,SSE,-0.5605735951534907,20.041740270859957,611,118,0.0,39.0,331.0,,,,241,457,154,10,4
56:07.8,,,78,,98.5,,,,,,,19,-2.0284693,43.213146,101.26226,9.806080905166208,56:07.7,6,0.16,0101000020E61000000DDB05104E3A00C02C176967489B4540,20230419_DACIA_TOLOSA_ZARAUTZ_019,,d2,45:35.1,17:20.6,DACIA_SPRING,Dacia Spring 33 kW,33000,139,57:19.6,2.2,3.6,151,SSE,-0.7801668216157472,16.483954970729773,611,118,0.0,39.0,331.0,,,,241,457,154,8,4
56:13.4,,,78,,98.5,,,,,,,19,-2.0269587,43.213593,100.8392,9.93820600284628,56:13.7,6,-0.35,0101000020E6100000E897CE23363700C0DA43ED01579B4540,20230419_DACIA_TOLOSA_ZARAUTZ_019,,d2,45:35.1,17:20.6,DACIA_SPRING,Dacia Spring 33 kW,33000,139,57:19.6,2.2,3.6,151,SSE,-0.9289729418495482,14.0457288261767,611,118,0.0,39.0,331.0,,,,241,457,154,8,4
56:18.9,,,78,,98.5,,,,,,,19,-2.0256796,43.213913,100.34109,10.047801688103014,56:18.7,6,0.121,0101000020E61000002259FF75973400C03F31ED75619B4540,20230419_DACIA_TOLOSA_ZARAUTZ_019,,d2,45:35.1,17:20.6,DACIA_SPRING,Dacia Spring 33 kW,33000,139,57:19.6,2.2,3.6,151,SSE,-0.2799802622639729,24.539471392380527,611,118,0.0,39.0,331.0,,,,241,457,154,8,4
56:24.4,,,78,,98.5,,,,,,,19,-2.0244377,43.21448,100.36945,10.166561142525746,56:24.8,6,-0.392,0101000020E6100000D824D16B0C3200C0B8D1D224749B4540,20230419_DACIA_TOLOSA_ZARAUTZ_019,,d2,45:35.1,17:20.6,DACIA_SPRING,Dacia Spring 33 kW,33000,139,57:19.6,2.2,3.6,151,SSE,2.550781633526185,74.11709831874724,611,118,0.0,39.0,331.0,,,,241,457,154,8,4
56:29.9,,,78,,98.5,,,,,,,19,-2.024193,43.215340000000005,100.11964,10.264223490805994,56:29.8,6,0.067,0101000020E6100000917EBE278C3100C07FC38D30909B4540,20230419_DACIA_TOLOSA_ZARAUTZ_019,,d2,45:35.1,17:20.6,DACIA_SPRING,Dacia Spring 33 kW,33000,139,57:19.6,2.2,3.6,151,SSE,3.5997968614575124,118.39132622819346,611,118,0.0,39.0,331.0,,,,241,457,154,25,4
56:35.5,,,78,,98.5,,,,,,,19,-2.0248816,43.216614,99.62516,10.416480795118536,56:35.9,6,-0.3989999999999999,0101000020E6100000078FAE1BF53200C01EE36D06BA9B4540,20230419_DACIA_TOLOSA_ZARAUTZ_019,,d2,45:35.1,17:20.6,DACIA_SPRING,Dacia Spring 33 kW,33000,139,57:19.6,2.2,3.6,151,SSE,3.506390336003833,105.90539777980162,611,118,0.0,39.0,331.0,,,,241,457,154,8,4
56:40.9,,,78,,98.5,,,,,,,19,-2.025162,43.217598,100.079346,10.528231959833477,56:40.9,6,0.059,0101000020E6100000BFD1AC23883300C073369D47DA9B4540,20230419_DACIA_TOLOSA_ZARAUTZ_019,,d2,45:35.1,17:20.6,DACIA_SPRING,Dacia Spring 33 kW,33000,139,57:19.6,2.2,3.6,151,SSE,2.8236664803417044,80.66076738044015,611,118,0.0,39.0,331.0,,,,241,457,154,8,4
56:46.5,,,78,,98.5,,,,,,,19,-2.0249186000000003,43.219078,101.29918,10.693982653688993,56:46.9,6,-0.465,0101000020E6100000ED51B48B083300C03C915DB30A9C4540,20230419_DACIA_TOLOSA_ZARAUTZ_019,,d2,45:35.1,17:20.6,DACIA_SPRING,Dacia Spring 33 kW,33000,139,57:19.6,2.2,3.6,151,SSE,3.1854435915122457,91.23250734991036,611,118,0.0,39.0,331.0,,,,241,457,154,30,4
56:51.9,,,78,,98.5,,,,,,,19,-2.0249436000000003,43.22024,101.79875,10.82320800370461,56:52.0,6,-0.1119999999999999,0101000020E6100000DDD3D69A153300C0655146E0309C4540,20230419_DACIA_TOLOSA_ZARAUTZ_019,,d2,45:35.1,17:20.6,DACIA_SPRING,Dacia Spring 33 kW,33000,139,57:19.6,2.2,3.6,151,SSE,3.413540720051807,100.47872264095564,611,118,0.0,39.0,331.0,,,,241,457,154,80,4
56:57.3,,,77,,98.5,,,,,,,19,-2.0251489,43.22135,102.542435,10.947752613766866,56:57.0,6,0.341,0101000020E61000009A0FA53E813300C0570A2D36559C4540,20230419_DACIA_TOLOSA_ZARAUTZ_019,,d2,45:35.1,17:20.6,DACIA_SPRING,Dacia Spring 33 kW,33000,139,57:19.6,2.2,3.6,151,SSE,3.478861046249463,104.0942546997452,611,118,0.0,39.0,331.0,,,,241,457,154,20,3
57:02.7,,,77,,98.5,,,,,,,19,-2.0254989,43.222744,102.17508,11.105331784783196,57:03.0,6,-0.3389999999999999,0101000020E610000037D803CF383400C007F902D0829C4540,20230419_DACIA_TOLOSA_ZARAUTZ_019,,d2,45:35.1,17:20.6,DACIA_SPRING,Dacia Spring 33 kW,33000,139,57:19.6,2.2,3.6,151,SSE,3.3903668669162514,99.35071848060696,611,118,0.0,39.0,331.0,,,,241,457,154,80,3
57:08.2,,,77,,98.5,,,,,,,19,-2.0256662,43.22376,101.764694,11.219116943107563,57:08.1,6,0.141,0101000020E610000010FE1A75903400C0D9037C2DA49C4540,20230419_DACIA_TOLOSA_ZARAUTZ_019,,d2,45:35.1,17:20.6,DACIA_SPRING,Dacia Spring 33 kW,33000,139,57:19.6,2.2,3.6,151,SSE,3.154765475503984,90.20202941487508,611,118,0.0,39.0,331.0,,,,241,457,154,60,3
57:13.7,,,77,,98.5,,,,,,,19,-2.0256712,43.225178,101.05418,11.376793470398773,57:14.2,6,-0.44,0101000020E61000001DB2691E933400C02981B6A3D29C4540,20230419_DACIA_TOLOSA_ZARAUTZ_019,,d2,45:35.1,17:20.6,DACIA_SPRING,Dacia Spring 33 kW,33000,139,57:19.6,2.2,3.6,151,SSE,2.9016148991546595,82.7073421186953,611,118,0.0,39.0,331.0,,,,241,457,154,45,3
57:19.2,,,77,,98.5,,,,,,,19,-2.0255399,43.226204,100.17827,11.491377747628762,57:19.2,6,0.017,0101000020E6100000C65C224F4E3400C049E0C737F49C4540,20230419_DACIA_TOLOSA_ZARAUTZ_019,,d2,45:35.1,17:20.6,DACIA_SPRING,Dacia Spring 33 kW,33000,139,57:19.6,2.2,3.6,151,SSE,3.0131438165947864,85.82303575564814,611,118,0.0,39.0,331.0,,,,241,457,154,8,3
57:24.8,,,77,,98.5,,,,,,,19,-2.0254416,43.22755,99.77827,11.641258413029421,57:25.2,6,-0.48,0101000020E610000081A82CB41A3400C019ADDE56209D4540,20230419_DACIA_TOLOSA_ZARAUTZ_019,,d2,45:35.1,17:20.6,DACIA_SPRING,Dacia Spring 33 kW,33000,139,57:19.6,2.2,3.6,151,SSE,3.097068270240789,88.34991737697362,611,118,0.0,39.0,331.0,,,,241,457,154,80,3
57:30.3,,,77,,98.5,,,,,,,19,-2.0254102,43.228640000000006,99.727806,11.762487590268922,57:30.3,6,0.009,0101000020E610000032A9FE420A3400C0978C7912449D4540,20230419_DACIA_TOLOSA_ZARAUTZ_019,,d2,45:35.1,17:20.6,DACIA_SPRING,Dacia Spring 33 kW,33000,139,57:19.6,2.2,3.6,151,SSE,3.484561180838854,104.45111468010734,611,118,0.0,39.0,331.0,,,,241,457,154,25,3
57:35.7,,,77,,98.5,,,,,,,19,-2.025671,43.229652,99.390175,11.876983943483378,57:35.3,6,0.421,0101000020E6100000E7421C06933400C0019BAF4C659D4540,20230419_DACIA_TOLOSA_ZARAUTZ_019,,d2,45:35.1,17:20.6,DACIA_SPRING,Dacia Spring 33 kW,33000,139,57:19.6,2.2,3.6,151,SSE,3.062283971195532,87.28074137294698,611,118,0.0,39.0,331.0,,,,241,457,154,8,3
57:41.3,,,77,,98.5,,,,,,,19,-2.025616,43.23081,99.113754,12.005825042789873,57:41.4,6,-0.088,0101000020E61000004A7B672B763400C0CD3629108B9D4540,20230419_DACIA_TOLOSA_ZARAUTZ_019,,d2,45:35.1,17:20.6,DACIA_SPRING,Dacia Spring 33 kW,33000,139,57:59.9,2.2,3.6,151,SSE,2.557761380854069,74.27473783388832,611,118,0.0,39.0,331.0,,,,241,457,154,8,2
57:46.8,,,77,,98.5,,,,,,,19,-2.025335,43.231808,98.983345,12.119108708074675,57:46.4,6,0.389,0101000020E6100000601AFCE9E23300C0805213EAAB9D4540,20230419_DACIA_TOLOSA_ZARAUTZ_019,,d2,45:35.1,17:20.6,DACIA_SPRING,Dacia Spring 33 kW,33000,139,57:59.9,2.2,3.6,151,SSE,3.570045033215965,111.60356573018164,611,118,0.0,39.0,331.0,,,,241,457,154,8,2
57:52.1,,,77,,98.5,,,,,,,19,-2.0257607,43.232883,99.24715,12.24351929626744,57:52.4,6,-0.306,0101000020E6100000D77BB0F0C13400C0524F0B25CF9D4540,20230419_DACIA_TOLOSA_ZARAUTZ_019,,d2,45:35.1,17:20.6,DACIA_SPRING,Dacia Spring 33 kW,33000,139,57:59.9,2.2,3.6,151,SSE,3.564078352693808,127.10076976147424,611,118,0.0,39.0,331.0,,,,241,457,154,8,2
57:57.6,,,77,,98.5,,,,,,,19,-2.0264134,43.233746,98.84535,12.35308543030394,57:57.5,6,0.1689999999999999,0101000020E610000000FF134B183600C0145E376EEB9D4540,20230419_DACIA_TOLOSA_ZARAUTZ_019,,d2,45:35.1,17:20.6,DACIA_SPRING,Dacia Spring 33 kW,33000,139,57:59.9,2.2,3.6,151,SSE,3.327978722688405,141.41615754891026,611,118,0.0,39.0,331.0,,,,241,457,154,8,2
58:03.0,,,77,,98.5,,,,,,,19,-2.027371,43.23451,98.30227,12.468131237762796,58:03.5,6,-0.479,0101000020E6100000C38814400E3800C0A6289B5C049E4540,20230419_DACIA_TOLOSA_ZARAUTZ_019,,d2,45:35.1,17:20.6,DACIA_SPRING,Dacia Spring 33 kW,33000,139,57:59.9,2.2,3.6,151,SSE,3.2926138610146327,142.8488944843228,611,118,0.0,39.0,331.0,,,,241,457,154,8,2
58:08.5,,,76,,98.5,,,,,,,19,-2.0282447,43.235172,100.81872,12.570281456922231,58:08.5,6,-0.001,0101000020E61000001076705DD83900C09E2A9B281A9E4540,20230419_DACIA_TOLOSA_ZARAUTZ_019,,d2,45:35.1,17:20.6,DACIA_SPRING,Dacia Spring 33 kW,33000,139,57:59.9,2.2,3.6,151,SSE,3.510973703426183,131.76863905715848,611,118,0.0,39.0,331.0,,,,241,457,154,8,2
58:13.9,,,76,,98.5,,,,,,,19,-2.0290494,43.236073,103.244385,12.6898341473202,58:13.6,6,0.3429999999999999,0101000020E6100000EF474D3F7E3B00C001EE93A9379E4540,20230419_DACIA_TOLOSA_ZARAUTZ_019,,d2,45:35.1,17:20.6,DACIA_SPRING,Dacia Spring 33 kW,33000,139,57:59.9,2.2,3.6,151,SSE,3.599931963830894,118.64774514317077,611,118,0.0,39.0,331.0,,,,241,457,154,8,2
58:19.4,,,76,,98.5,,,,,,,19,-2.0297432,43.237343,103.84338,12.841826378806232,58:19.6,6,-0.153,0101000020E61000009580D903EA3C00C0F5F5B14D619E4540,20230419_DACIA_TOLOSA_ZARAUTZ_019,,d2,45:35.1,17:20.6,DACIA_SPRING,Dacia Spring 33 kW,33000,139,57:59.9,2.2,3.6,151,SSE,3.5323956493087274,107.87869659589306,611,118,0.0,39.0,331.0,,,,241,457,154,8,2
58:25.0,,,76,,98.5,,,,,,,19,-2.0300632,43.238335,102.80207,12.955141542389931,58:24.7,6,0.287,0101000020E61000004267E3CD913D00C0D1CA3BBF819E4540,20230419_DACIA_TOLOSA_ZARAUTZ_019,,d2,45:35.1,17:20.6,DACIA_SPRING,Dacia Spring 33 kW,33000,139,57:59.9,2.2,3.6,151,SSE,1.6695849977935349,56.63088106517687,611,118,0.0,39.0,331.0,,,,241,457,154,8,2
58:30.5,,,76,,98.5,,,,,,,19,-2.029317,43.239468,101.66434,13.094880650457927,58:30.7,6,-0.223,0101000020E61000009B8AB8780A3C00C0D5DED8D1A69E4540,20230419_DACIA_TOLOSA_ZARAUTZ_019,,d2,45:35.1,17:20.6,DACIA_SPRING,Dacia Spring 33 kW,33000,139,57:59.9,2.2,3.6,151,SSE,2.502684386865609,73.04236825302793,611,118,0.0,39.0,331.0,,,,241,457,154,8,2
58:36.0,,,76,,98.5,,,,,,,19,-2.0290816,43.24024,101.37458,13.182815986761197,58:35.7,6,0.287,0101000020E610000004D20B118F3B00C05D7A6228C09E4540,20230419_DACIA_TOLOSA_ZARAUTZ_019,,d2,45:35.1,17:20.6,DACIA_SPRING,Dacia Spring 33 kW,33000,139,57:59.9,2.2,3.6,151,SSE,2.589763982499566,75.00322373667728,611,118,0.0,39.0,331.0,,,,241,457,154,8,2
58:41.6,,,76,,98.5,,,,,,,19,-2.0288405,43.24114,100.52639,13.284782799759867,58:41.8,6,-0.244,0101000020E6100000279A5EB2103B00C085AFAEAEDD9E4540,20230419_DACIA_TOLOSA_ZARAUTZ_019,,d2,45:35.1,17:20.6,DACIA_SPRING,Dacia Spring 33 kW,33000,139,57:59.9,2.2,3.6,151,SSE,0.6208919820445534,38.93146094666025,611,118,0.0,39.0,331.0,,,,241,457,154,8,1
58:47.1,,,76,,98.5,,,,,,,19,-2.0278873,43.24191,99.35012,13.40008154899727,58:46.8,6,0.257,0101000020E6100000A429F40B1D3900C049C8E2E1F69E4540,20230419_DACIA_TOLOSA_ZARAUTZ_019,,d2,45:35.1,17:20.6,DACIA_SPRING,Dacia Spring 33 kW,33000,139,57:59.9,2.2,3.6,151,SSE,0.1925713109263791,32.06633112242745,611,118,0.0,39.0,331.0,,,,241,457,154,8,1
58:52.6,,,76,,98.5,,,,,,,19,-2.0265784,43.24273,96.17422,13.539955279672085,58:52.9,6,-0.275,0101000020E610000095EBA6B36E3600C051FE0FB0119F4540,20230419_DACIA_TOLOSA_ZARAUTZ_019,,d2,45:35.1,17:20.6,DACIA_SPRING,Dacia Spring 33 kW,33000,139,57:59.9,2.2,3.6,151,SSE,5.165369455926401e-05,29.000822094081837,611,118,0.0,39.0,331.0,,,,241,457,154,8,1
58:58.1,,,76,,98.5,,,,,,,19,-2.0254924,43.243332,95.78736,13.650495424650533,58:57.9,6,0.173,0101000020E61000000B27B868353400C0C8332E86259F4540,20230419_DACIA_TOLOSA_ZARAUTZ_019,,d2,45:35.1,17:20.6,DACIA_SPRING,Dacia Spring 33 kW,33000,139,57:59.9,2.2,3.6,151,SSE,0.6949140608520736,40.129762909698016,611,118,0.0,39.0,331.0,,,,241,457,154,8,1
59:03.5,,,76,,98.5,,,,,,,19,-2.0243678,43.24428,95.63114,13.78981383015577,59:04.0,6,-0.457,0101000020E6100000080241C5E73100C00BEFCD9A449F4540,20230419_DACIA_TOLOSA_ZARAUTZ_019,,d2,45:35.1,17:20.6,DACIA_SPRING,Dacia Spring 33 kW,33000,139,57:59.9,2.2,3.6,151,SSE,0.7185025933404711,40.512636686234536,611,118,0.0,39.0,331.0,,,,241,457,154,8,1
59:09.1,,,76,,98.5,,,,,,,19,-2.0234725,43.245045000000005,94.789474,13.901596811150688,59:09.0,6,0.073,0101000020E6100000CCCB776B123000C034751DAC5D9F4540,20230419_DACIA_TOLOSA_ZARAUTZ_019,,d2,45:35.1,17:20.6,DACIA_SPRING,Dacia Spring 33 kW,33000,139,57:59.9,2.2,3.6,151,SSE,1.0029939665774217,45.17722897796243,611,118,0.0,39.0,331.0,,,,241,457,154,8,1
59:14.4,,,76,,98.5,,,,,,,19,-2.0225701000000003,43.245953,93.50286,14.02624832333242,59:14.0,6,0.414,0101000020E61000004B3D6E3E392E00C0301CBB6E7B9F4540,20230419_DACIA_TOLOSA_ZARAUTZ_019,,d2,45:35.1,17:20.6,DACIA_SPRING,Dacia Spring 33 kW,33000,139,57:59.9,2.2,3.6,151,SSE,0.9153120528518752,43.72934702829503,611,118,0.0,39.0,331.0,,,,241,457,154,80,1
59:19.9,,,76,,98.5,,,,,,,19,-2.0214756,43.247,92.302986,14.172583974832612,59:20.5,6,-0.593,0101000020E6100000BF16D052FB2B00C02A77C7B39D9F4540,20230419_DACIA_TOLOSA_ZARAUTZ_019,,d2,45:35.1,17:20.6,DACIA_SPRING,Dacia Spring 33 kW,33000,139,57:59.9,2.2,3.6,151,SSE,0.7352721755549534,40.78514591613792,611,118,0.0,39.0,331.0,,,,241,457,154,80,1
59:25.4,,,76,,98.5,,,,,,,19,-2.0207129,43.247658,89.54,14.268380869645073,59:25.2,6,0.172,0101000020E610000071EF227B6B2A00C09AD1F732B39F4540,20230419_DACIA_TOLOSA_ZARAUTZ_019,,d2,45:35.1,17:20.6,DACIA_SPRING,Dacia Spring 33 kW,33000,139,57:59.9,2.2,3.6,151,SSE,3.0880429136140832,88.06930884235513,611,118,0.0,39.0,331.0,,,,241,457,154,25,1
59:30.9,,,76,,98.5,,,,,,,19,-2.0206711,43.248898,92.08997,14.406327706582854,59:31.2,6,-0.263,0101000020E6100000B75BC593552A00C0FE6AA4D8DB9F4540,20230419_DACIA_TOLOSA_ZARAUTZ_019,,d2,45:35.1,17:20.6,DACIA_SPRING,Dacia Spring 33 kW,33000,139,57:59.9,2.2,3.6,151,SSE,3.5588660356799404,127.6696398528468,611,118,0.0,39.0,331.0,,,,241,457,154,80,1
59:36.4,,,76,,98.5,,,,,,,19,-2.0213366,43.24976,92.17761,14.516293463922533,59:36.2,6,0.203,0101000020E61000009CF0628EB22B00C024616319F89F4540,20230419_DACIA_TOLOSA_ZARAUTZ_019,,d2,45:35.1,17:20.6,DACIA_SPRING,Dacia Spring 33 kW,33000,139,57:59.9,2.2,3.6,151,SSE,3.483373112020757,133.6239675013206,611,118,0.0,39.0,331.0,,,,241,457,154,80,1
59:41.9,,,76,,98.5,,,,,,,19,-2.0222325,43.2507,90.82516,14.643540646492303,59:42.3,6,-0.337,0101000020E6100000D4D4494E882D00C0C6A6BE0417A04540,20230419_DACIA_TOLOSA_ZARAUTZ_019,,d2,45:35.1,17:20.6,DACIA_SPRING,Dacia Spring 33 kW,33000,139,57:59.9,2.2,3.6,151,SSE,3.5349052157660665,108.0877059259012,611,118,0.0,39.0,331.0,,,,241,457,154,8,1
59:47.4,,,76,,98.5,,,,,,,19,-2.022516,43.251568,90.24271,14.742753024739816,59:47.3,6,0.142,0101000020E6100000DB3936E21C2E00C00E6D4E6533A04540,20230419_DACIA_TOLOSA_ZARAUTZ_019,,d2,45:35.1,17:20.6,DACIA_SPRING,Dacia Spring 33 kW,33000,139,57:59.9,2.2,3.6,151,SSE,2.696290617283573,77.50120150506616,611,118,0.0,39.0,331.0,,,,241,457,154,45,1
59:52.9,,,76,,98.5,,,,,,,19,-2.0222695,43.25268,88.6428,14.868013239696195,59:53.3,6,-0.3979999999999999,0101000020E6100000D5D1E4909B2D00C0599C11DD57A04540,20230419_DACIA_TOLOSA_ZARAUTZ_019,,d2,45:35.1,17:20.6,DACIA_SPRING,Dacia Spring 33 kW,33000,139,57:59.9,2.2,3.6,151,SSE,1.6577711866179836,56.41885968033164,611,118,0.0,39.0,331.0,,,,241,457,154,8,1
59:58.4,,,76,,98.5,,,,,,,19,-2.021745,43.25347,86.441376,14.965613289076776,59:58.4,6,0.0409999999999999,0101000020E61000005A746591882C00C0AE15B4CA71A04540,20230419_DACIA_TOLOSA_ZARAUTZ_019,,d2,45:35.1,17:20.6,DACIA_SPRING,Dacia Spring 33 kW,33000,139,57:59.9,2.2,3.6,151,SSE,1.9972072740720768,62.69554917952276,611,118,0.0,39.0,331.0,,,,241,457,154,25,1
00:03.9,,,76,,98.5,,,,,,,19,-2.0212045,43.254517,84.09849,15.090013535335165,00:04.4,6,-0.503,0101000020E6100000F35C9E426D2B00C070F61B0D94A04540,20230419_DACIA_TOLOSA_ZARAUTZ_019,,d2,45:35.1,17:20.6,DACIA_SPRING,Dacia Spring 33 kW,33000,139,57:59.9,2.2,3.6,151,SSE,2.2356201340320587,67.38960542867244,544,119,0.0,33.0,281.0,,,,230,407,137,8,1
00:09.4,,,76,,98.5,,,,,,,19,-2.0207393,43.255634,80.82242,15.21984756235103,00:09.5,6,-0.044,0101000020E6100000FA059D58792A00C0CAE98997B8A04540,20230419_DACIA_TOLOSA_ZARAUTZ_019,,d2,45:35.1,17:20.6,DACIA_SPRING,Dacia Spring 33 kW,33000,139,57:59.9,2.2,3.6,151,SSE,2.5488236417264103,74.0729547446128,544,119,0.0,33.0,281.0,,,,230,407,137,45,1
00:14.9,,,76,,98.5,,,,,,,19,-2.020398,43.25683,79.241936,15.355687713283283,00:14.5,6,0.392,0101000020E61000001AC16E69C62900C06969E0C8DFA04540,20230419_DACIA_TOLOSA_ZARAUTZ_019,,d2,45:35.1,17:20.6,DACIA_SPRING,Dacia Spring 33 kW,33000,139,02:19.6,2.2,3.6,166,SSE,3.27326817839896,79.40069530064186,544,119,0.0,33.0,281.0,,,,230,407,137,45,2
00:20.5,,,76,,98.5,,,,,,,19,-2.0201435,43.25819,78.45133,15.50831279656881,00:20.5,6,-0.039,0101000020E6100000A5AF56FF402900C0FEF6F65A0CA14540,20230419_DACIA_TOLOSA_ZARAUTZ_019,,d2,45:35.1,17:20.6,DACIA_SPRING,Dacia Spring 33 kW,33000,139,02:19.6,2.2,3.6,166,SSE,2.887413156966945,67.32719482552143,544,119,0.0,33.0,281.0,,,,230,407,137,80,2
00:26.1,,,76,,98.5,,,,,,,19,-2.0196493,43.259373,76.595215,15.645821954291192,00:26.6,6,-0.426,0101000020E6100000E3A47DDB3D2800C062D7C82533A14540,20230419_DACIA_TOLOSA_ZARAUTZ_019,,d2,45:35.1,17:20.6,DACIA_SPRING,Dacia Spring 33 kW,33000,139,02:19.6,2.2,3.6,166,SSE,1.2269841629324028,33.92738525641786,544,119,0.0,33.0,281.0,,,,230,407,137,80,2
00:31.9,,,76,,98.5,,,,,,,19,-2.0185492,43.260113,75.77376600000001,15.767095825569815,00:31.6,6,0.282,0101000020E61000003DFDCF1FFD2500C079B045664BA14540,20230419_DACIA_TOLOSA_ZARAUTZ_019,,d2,45:35.1,17:20.6,DACIA_SPRING,Dacia Spring 33 kW,33000,139,02:19.6,2.2,3.6,166,SSE,1.7591776263445706,43.25257492409881,544,119,0.0,33.0,281.0,,,,230,407,137,25,2
00:37.4,,,76,,98.5,,,,,,,19,-2.0175426,43.26106,74.81824,15.900262893604568,00:37.6,6,-0.21,0101000020E61000000CC6A860ED2300C0F84516606AA14540,20230419_DACIA_TOLOSA_ZARAUTZ_019,,d2,45:35.1,17:20.6,DACIA_SPRING,Dacia Spring 33 kW,33000,139,02:19.6,2.2,3.6,166,SSE,3.322527751504317,81.35742098065663,544,119,0.0,33.0,281.0,,,,230,407,137,25,2
00:42.9,,,76,,98.5,,,,,,,19,-2.0173903,43.262062,76.15833,16.012368680986594,00:42.7,6,0.285,0101000020E6100000880AC8809D2300C0B5F481338BA14540,20230419_DACIA_TOLOSA_ZARAUTZ_019,,d2,45:35.1,17:20.6,DACIA_SPRING,Dacia Spring 33 kW,33000,139,02:19.6,2.2,3.6,166,SSE,3.597969503772171,102.075544433037,544,119,0.0,33.0,281.0,,,,230,407,137,25,2
00:48.5,,,76,,98.5,,,,,,,19,-2.0176866,43.263447,77.47359,16.168236923988694,00:48.7,6,-0.25,0101000020E61000000BE4C7EB382400C066A4C394B8A14540,20230419_DACIA_TOLOSA_ZARAUTZ_019,,d2,45:35.1,17:20.6,DACIA_SPRING,Dacia Spring 33 kW,33000,139,02:19.6,2.2,3.6,166,SSE,3.1908472911944847,76.41767647700608,544,119,0.0,33.0,281.0,,,,230,407,137,25,2
00:54.7,,,76,,98.5,,,,,,,19,-2.01733,43.264923,76.72166999999999,16.33488297867761,00:54.8,6,-0.045,0101000020E61000002889FAE07D2300C0A378BCF4E8A14540,20230419_DACIA_TOLOSA_ZARAUTZ_019,,d2,45:35.1,17:20.6,DACIA_SPRING,Dacia Spring 33 kW,33000,139,02:19.6,2.2,3.6,166,SSE,3.236546079201357,78.0322406123614,544,119,0.0,33.0,281.0,,,,230,407,137,25,2
01:00.3,,,75,,98.5,,,,,,,19,-2.0170608,43.266193,76.75234,16.47777286417055,00:59.8,6,0.465,0101000020E6100000D74F24C1F02200C0B7DD25A012A24540,20230419_DACIA_TOLOSA_ZARAUTZ_019,,d2,45:35.1,17:20.6,DACIA_SPRING,Dacia Spring 33 kW,33000,139,02:19.6,2.2,3.6,166,SSE,3.4220436596421213,85.90958350658826,271,60,,,,38.0,225.0,8.0,0,245,26,25,2
01:05.6,,,75,,98.5,,,,,,,19,-2.0169516,43.26772,79.06364,16.64781328059193,01:05.8,6,-0.17,0101000020E610000017AF2F88B72200C0247258AC44A24540,20230419_DACIA_TOLOSA_ZARAUTZ_019,,d2,45:35.1,17:20.6,DACIA_SPRING,Dacia Spring 33 kW,33000,139,02:19.6,2.2,3.6,166,SSE,3.315762515345594,81.07935614444625,271,60,,,,38.0,225.0,8.0,0,245,26,25,2
01:11.2,,,75,,98.5,,,,,,,19,-2.0167499,43.269005,80.682304,16.79163811129798,01:10.9,6,0.26,0101000020E6100000627F32B14D2200C0F37A73C26EA24540,20230419_DACIA_TOLOSA_ZARAUTZ_019,,d2,45:35.1,17:20.6,DACIA_SPRING,Dacia Spring 33 kW,33000,139,02:19.6,2.2,3.6,166,SSE,3.2134103687369606,77.20358032035399,271,60,,,,38.0,225.0,8.0,0,245,26,8,2
01:17.6,,,75,,98.5,,,,,,,19,-2.0164058,43.27052,80.69178000000001,16.96238663323487,01:17.9,6,-0.337,0101000020E61000002D04E254992100C04931FA6DA0A24540,20230419_DACIA_TOLOSA_ZARAUTZ_019,,d2,45:35.1,17:20.6,DACIA_SPRING,Dacia Spring 33 kW,33000,139,02:19.6,2.2,3.6,166,SSE,3.4446430470351963,87.1062503525418,302,92,,,,0.0,67.0,235.0,0,297,5,80,2
01:23.2,,,75,,98.5,,,,,,,19,-2.0163505,43.271614,81.27881,17.084117663980056,01:22.9,6,0.259,0101000020E610000023A2C3587C2100C06F6D5E3FC4A24540,20230419_DACIA_TOLOSA_ZARAUTZ_019,,d2,45:35.1,17:20.6,DACIA_SPRING,Dacia Spring 33 kW,33000,139,02:19.6,2.2,3.6,166,SSE,3.289897388703638,80.04440163133505,538,100,26.0,261.0,224.0,,,,10,484,54,25,2
01:28.7,,,75,,98.5,,,,,,,19,-2.0161095,43.272987,84.297165,17.238059666959845,01:29.0,6,-0.249,0101000020E61000005647FF02FE2000C025014D36F1A24540,20230419_DACIA_TOLOSA_ZARAUTZ_019,,d2,45:35.1,17:20.6,DACIA_SPRING,Dacia Spring 33 kW,33000,139,02:19.6,2.2,3.6,166,SSE,3.295306524989311,80.25731968783833,538,100,26.0,261.0,224.0,,,,10,484,54,80,2
01:34.2,,,74,,98.5,,,,,,,19,-2.0159287,43.27404,85.79857,17.356068870405068,01:34.0,6,0.242,0101000020E6100000ABBF6D3E9F2000C0775E2BB313A34540,20230419_DACIA_TOLOSA_ZARAUTZ_019,,d2,45:35.1,17:20.6,DACIA_SPRING,Dacia Spring 33 kW,33000,139,02:19.6,2.2,3.6,166,SSE,3.493409122643461,90.02268241351062,566,7,9.0,5003.0,371.0,,,,2088,524,42,80,2
01:39.7,,,74,,98.5,,,,,,,19,-2.0159292,43.275303,87.58764000000001,17.496519463705987,01:40.0,6,-0.341,0101000020E6100000ED04B78B9F2000C07CA0B6203DA34540,20230419_DACIA_TOLOSA_ZARAUTZ_019,,d2,45:35.1,17:20.6,DACIA_SPRING,Dacia Spring 33 kW,33000,139,02:19.6,2.2,3.6,166,SSE,3.1033652099172486,73.54707743896725,566,7,9.0,5003.0,371.0,,,,2088,524,42,80,2
01:45.1,,,74,,98.5,,,,,,,19,-2.01562,43.27635,90.36416,17.615633577350774,01:45.0,6,0.098,0101000020E6100000CF13E556FD1F00C030C379505FA34540,20230419_DACIA_TOLOSA_ZARAUTZ_019,,d2,45:35.1,17:20.6,DACIA_SPRING,Dacia Spring 33 kW,33000,139,02:19.6,2.2,3.6,166,SSE,3.5337067108126807,92.98739964784144,566,7,9.0,5003.0,371.0,,,,2088,524,42,80,2
01:50.6,,,74,,98.5,,,,,,,19,-2.015688,43.277653,94.79704,17.76069285721097,01:51.1,6,-0.502,0101000020E610000045F5EFF9202000C0528E451D8AA34540,20230419_DACIA_TOLOSA_ZARAUTZ_019,,d2,45:35.1,17:20.6,DACIA_SPRING,Dacia Spring 33 kW,33000,139,02:19.6,2.2,3.6,166,SSE,3.253091661501524,129.35972620124528,566,7,9.0,5003.0,371.0,,,,2088,524,42,80,2
01:56.1,,,74,,98.5,,,,,,,19,-2.0166042,43.27877,98.33912,17.905401216131093,01:56.2,6,-0.046,0101000020E610000038166259012200C0C0576EC0AEA34540,20230419_DACIA_TOLOSA_ZARAUTZ_019,,d2,45:35.1,17:20.6,DACIA_SPRING,Dacia Spring 33 kW,33000,139,02:19.6,2.2,3.6,166,SSE,2.8890533842252832,140.62907364613628,566,7,9.0,5003.0,371.0,,,,2088,524,42,40,2
02:01.8,,,74,,98.5,,,,,,,19,-2.0178046000000003,43.279755,103.42753,18.051910768478532,02:02.2,6,-0.422,0101000020E61000005B50A2C7762400C06F6DBCFCCEA34540,20230419_DACIA_TOLOSA_ZARAUTZ_019,,d2,45:35.1,17:20.6,DACIA_SPRING,Dacia Spring 33 kW,33000,139,02:19.6,2.2,3.6,166,SSE,3.3775299435816644,124.24810843940456,302,92,,,,0.0,67.0,235.0,0,297,5,45,1
02:07.4,,,74,,98.5,,,,,,,19,-2.0184793,43.280746,110.36455,18.175093391076224,02:07.2,6,0.174,0101000020E610000073BD3472D82500C07F888789EFA34540,20230419_DACIA_TOLOSA_ZARAUTZ_019,,d2,45:35.1,17:20.6,DACIA_SPRING,Dacia Spring 33 kW,33000,139,02:19.6,2.2,3.6,166,SSE,3.487429846545716,89.63398771412527,302,92,,,,0.0,67.0,235.0,0,297,5,80,1
02:12.9,,,74,,98.5,,,,,,,19,-2.0184715,43.281967,115.83839,18.310974163939044,02:13.3,6,-0.332,0101000020E6100000D9B97061D42500C04FF9377517A44540,20230419_DACIA_TOLOSA_ZARAUTZ_019,,d2,45:35.1,17:20.6,DACIA_SPRING,Dacia Spring 33 kW,33000,139,02:19.6,2.2,3.6,166,SSE,3.279443077842444,79.63785676558236,302,92,,,,0.0,67.0,235.0,0,297,5,45,1
02:18.3,,,74,,98.5,,,,,,,19,-2.0182881,43.28297,122.0755,18.423659166868667,02:18.3,6,0.03,0101000020E61000000B96654C742500C08CA4B25838A44540,20230419_DACIA_TOLOSA_ZARAUTZ_019,,d2,45:35.1,17:20.6,DACIA_SPRING,Dacia Spring 33 kW,33000,139,02:19.6,2.2,3.6,166,SSE,3.508609324277408,91.0622012571578,302,92,,,,0.0,67.0,235.0,0,297,5,45,1
02:23.9,,,74,,98.5,,,,,,,19,-2.0183125,43.284286,128.47513999999998,18.570144878824365,02:24.4,6,-0.49,0101000020E6100000470F8A03812500C0B4A7B57263A44540,20230419_DACIA_TOLOSA_ZARAUTZ_019,,d2,45:35.1,17:20.6,DACIA_SPRING,Dacia Spring 33 kW,33000,139,02:19.6,2.2,3.6,166,SSE,3.599790985115768,104.6174148744599,302,92,,,,0.0,67.0,235.0,0,297,5,45,1
02:29.6,,,74,,98.5,,,,,,,19,-2.0185587,43.28523,135.9922,18.67725202218862,02:29.4,6,0.19,0101000020E6100000FA08411D022600C08123AC5D82A44540,20230419_DACIA_TOLOSA_ZARAUTZ_019,,d2,45:35.1,17:20.6,DACIA_SPRING,Dacia Spring 33 kW,33000,139,02:19.6,2.2,3.6,166,SSE,3.59998398222161,103.82908204761851,566,7,9.0,5003.0,371.0,,,,2088,524,42,45,1
02:35.7,,,74,,98.5,,,,,,,19,-2.018796,43.286194,142.45412,18.786342839202007,02:35.9,6,-0.225,0101000020E610000057F20C7A7E2600C087C26205A2A44540,20230419_DACIA_TOLOSA_ZARAUTZ_019,,d2,45:35.1,17:20.6,DACIA_SPRING,Dacia Spring 33 kW,33000,139,02:19.6,2.2,3.6,166,SSE,3.5891070980630206,99.54171584707056,566,7,9.0,5003.0,371.0,,,,2088,524,42,80,1
02:49.3,,,74,,98.5,,,,,,,19,-2.018973,43.287247,146.4715,18.90437273512155,02:49.3,6,-0.033,0101000020E61000009656A966DB2600C03AEF1F74C4A44540,20230419_DACIA_TOLOSA_ZARAUTZ_019,,d2,45:35.1,17:20.6,DACIA_SPRING,Dacia Spring 33 kW,33000,139,02:59.9,2.2,3.6,149,SSE,2.1257271510802704,67.19106111748346,566,7,9.0,5003.0,371.0,,,,2088,524,42,80,1
02:55.3,,,74,,98.5,,,,,,,19,-2.0180314,43.289486,158.00275,19.164997398109772,02:55.6,6,-0.2319999999999999,0101000020E6100000C4B4489AED2400C0ED3317D30DA54540,20230419_DACIA_TOLOSA_ZARAUTZ_019,,d2,45:35.1,17:20.6,DACIA_SPRING,Dacia Spring 33 kW,33000,139,02:59.9,2.2,3.6,149,SSE,-0.4621591917927856,-141.62415262519127,566,7,9.0,5003.0,371.0,,,,2088,524,42,90,1
03:01.2,,,74,,98.5,,,,,,,19,-2.0190492,43.28868,152.93826,19.28683498023315,03:01.3,6,-0.11,0101000020E6100000A7706034032700C0CFA56973F3A44540,20230419_DACIA_TOLOSA_ZARAUTZ_019,,d2,45:35.1,17:20.6,DACIA_SPRING,Dacia Spring 33 kW,33000,139,02:59.9,2.2,3.6,149,SSE,0.1512453608176381,33.4078533676506,566,7,9.0,5003.0,371.0,,,,2088,524,42,45,1
03:06.7,,,74,,98.5,,,,,,,19,-2.0160973,43.290627,162.34973,19.609392081224385,03:06.7,6,0.05,0101000020E61000004A6F71A5F72000C07AE6514C33A54540,20230419_DACIA_TOLOSA_ZARAUTZ_019,,d2,45:35.1,17:20.6,DACIA_SPRING,Dacia Spring 33 kW,33000,139,02:59.9,2.2,3.6,149,SSE,3.386889982839053,140.81318839735033,538,100,26.0,261.0,224.0,,,,10,484,54,45,1
03:12.2,,,74,,98.5,,,,,,,19,-2.0168922,43.291275,161.76044,19.705991072927336,03:12.7,6,-0.467,0101000020E61000000519BD68982200C06D0D0E8E48A54540,20230419_DACIA_TOLOSA_ZARAUTZ_019,,d2,45:35.1,17:20.6,DACIA_SPRING,Dacia Spring 33 kW,33000,139,02:59.9,2.2,3.6,149,SSE,1.881857610816134,179.48389388707645,538,100,26.0,261.0,224.0,,,,10,484,54,45,1
03:18.2,,,74,,98.5,,,,,,,19,-2.0177803,43.291283,162.29002,19.777878007003345,03:17.7,6,0.4579999999999999,0101000020E610000053070D016A2400C083C816C148A54540,20230419_DACIA_TOLOSA_ZARAUTZ_019,,d2,45:35.1,17:20.6,DACIA_SPRING,Dacia Spring 33 kW,33000,139,02:59.9,2.2,3.6,149,SSE,-1.0341468561131897,-132.3058324976402,538,100,26.0,261.0,224.0,,,,10,484,54,45,1
03:24.3,,,74,,98.5,,,,,,,19,-2.0183291000000003,43.29068,163.25401000000002,19.858312238204487,03:23.9,6,0.38,0101000020E61000001B6E31BC892500C042834DF934A54540,20230419_DACIA_TOLOSA_ZARAUTZ_019,,d2,45:35.1,17:20.6,DACIA_SPRING,Dacia Spring 33 kW,33000,139,02:59.9,2.2,3.6,149,SSE,-2.302132121042348,-109.24685935800052,566,7,9.0,5003.0,371.0,,,,2088,524,42,90,1
03:38.0,,,74,,98.5,,,,,,,19,-2.0187006000000003,43.289616,164.71812,19.980393516753757,03:38.0,6,-0.021,0101000020E6100000215B22824C2600C035745E1312A54540,20230419_DACIA_TOLOSA_ZARAUTZ_019,,d2,45:35.1,17:20.6,DACIA_SPRING,Dacia Spring 33 kW,33000,139,02:59.9,2.2,3.6,149,SSE,0.8976844865503476,-163.43945430586888,566,7,9.0,5003.0,371.0,,,,2088,524,42,90,1
03:45.0,,,73,,98.5,,,,,,,19,-2.0219357,43.288654,165.32484,20.26324721345459,03:44.6,6,0.4,0101000020E6100000E305C098EC2C00C06B7A4299F2A44540,20230419_DACIA_TOLOSA_ZARAUTZ_019,,d2,45:35.1,17:20.6,DACIA_SPRING,Dacia Spring 33 kW,33000,139,02:59.9,2.2,3.6,149,SSE,-0.2026900071725281,-145.7723815501728,566,7,9.0,5003.0,371.0,,,,2088,524,42,100,1
03:51.5,,,72,,98.5,,,,,,,19,-2.023632,43.2875,168.49802,20.451201837247048,03:51.9,6,-0.428,0101000020E6100000FB2F5D06663000C0479E51C4CCA44540,20230419_DACIA_TOLOSA_ZARAUTZ_019,,d2,45:35.1,17:20.6,DACIA_SPRING,Dacia Spring 33 kW,33000,139,02:59.9,2.2,3.6,149,SSE,-0.2933269451167586,-144.32637559276515,566,7,9.0,5003.0,371.0,,,,2088,524,42,8,1
03:57.6,,,72,,98.5,,,,,,,19,-2.025025,43.2865,173.32697,20.609633750956352,03:58.0,6,-0.405,0101000020E61000005585A448403300C0F775B40FACA44540,20230419_DACIA_TOLOSA_ZARAUTZ_019,,d2,45:35.1,17:20.6,DACIA_SPRING,Dacia Spring 33 kW,33000,139,02:59.9,2.2,3.6,149,SSE,0.4578034755920759,-156.30595108834297,566,7,9.0,5003.0,371.0,,,,2088,524,42,90,1
04:03.1,,,72,,98.5,,,,,,,19,-2.0264697,43.285866,177.32156,20.746237019839228,04:03.1,6,0.04,0101000020E61000003DB00FBB353600C088874B4B97A44540,20230419_DACIA_TOLOSA_ZARAUTZ_019,,d2,45:35.1,17:20.6,DACIA_SPRING,Dacia Spring 33 kW,33000,139,02:59.9,2.2,3.6,149,SSE,1.5273737438880073,-174.10449618902766,566,7,9.0,5003.0,371.0,,,,2088,524,42,8,1
04:09.8,,,72,,98.5,,,,,,,19,-2.0288036,43.285625,182.90459,20.937124185044446,04:10.1,6,-0.367,0101000020E6100000A27C6C63FD3A00C01C7B705C8FA44540,20230419_DACIA_TOLOSA_ZARAUTZ_019,,d2,45:35.1,17:20.6,DACIA_SPRING,Dacia Spring 33 kW,33000,139,02:59.9,2.2,3.6,149,SSE,2.423547624964621,168.6848800402574,566,7,9.0,5003.0,371.0,,,,2088,524,42,8,1
04:16.1,,,72,,98.5,,,,,,,19,-2.0305028000000003,43.285965,186.80104,21.07981807709393,04:16.2,6,-0.073,0101000020E61000009E951D4E783E00C0D0A18B889AA44540,20230419_DACIA_TOLOSA_ZARAUTZ_019,,d2,45:35.1,17:20.6,DACIA_SPRING,Dacia Spring 33 kW,33000,139,02:59.9,2.2,3.6,149,SSE,2.592512957532624,164.9337542198787,566,7,9.0,5003.0,371.0,,,,2088,524,42,8,1
04:21.6,,,72,,98.5,,,,,,,19,-2.0318773,43.286335,188.14459,21.198445361192913,04:21.2,6,0.364,0101000020E610000078ABF7D6484100C0E72F7AA1A6A44540,20230419_DACIA_TOLOSA_ZARAUTZ_019,,d2,45:35.1,17:20.6,DACIA_SPRING,Dacia Spring 33 kW,33000,139,02:59.9,2.2,3.6,149,SSE,2.767945858024433,160.74713105419494,566,7,9.0,5003.0,371.0,,,,2088,524,42,8,1
04:27.7,,,72,,98.5,,,,,,,19,-2.0334291,43.286877,190.71211,21.337785873369217,04:27.3,6,0.422,0101000020E610000044E5D688764400C09A3E8169B8A44540,20230419_DACIA_TOLOSA_ZARAUTZ_019,,d2,45:35.1,17:20.6,DACIA_SPRING,Dacia Spring 33 kW,33000,139,02:59.9,2.2,3.6,149,SSE,3.083468294834263,152.07204855289737,566,7,9.0,5003.0,371.0,,,,2088,524,42,8,1
04:33.2,,,72,,98.5,,,,,,,19,-2.034793,43.2876,193.93489,21.47439081019254,04:33.3,6,-0.126,0101000020E61000002902717B414700C037E57514D0A44540,20230419_DACIA_TOLOSA_ZARAUTZ_019,,d2,45:35.1,17:20.6,DACIA_SPRING,Dacia Spring 33 kW,33000,139,02:59.9,2.2,3.6,149,SSE,3.2513713643870767,146.42357684615078,566,7,9.0,5003.0,371.0,,,,2088,524,42,120,1
04:38.7,,,72,,98.5,,,,,,,19,-2.0358415,43.288296,194.08249,21.589246289635582,04:38.3,6,0.376,0101000020E6100000320CFB41674900C06190D8ECE6A44540,20230419_DACIA_TOLOSA_ZARAUTZ_019,,d2,45:35.1,17:20.6,DACIA_SPRING,Dacia Spring 33 kW,33000,139,02:59.9,2.2,3.6,149,SSE,3.552702576960395,130.2978332949417,566,7,9.0,5003.0,371.0,,,,2088,524,42,90,1
04:45.2,,,72,,98.5,,,,,,,19,-2.0368574,43.289494,197.06999,21.74582025968559,04:45.4,6,-0.175,0101000020E61000003F9D0EDD7B4B00C03EBD872C0EA54540,20230419_DACIA_TOLOSA_ZARAUTZ_019,,d2,45:35.1,17:20.6,DACIA_SPRING,Dacia Spring 33 kW,33000,139,02:59.9,2.2,3.6,149,SSE,3.541094192606968,110.62090689868448,566,7,9.0,5003.0,371.0,,,,2088,524,42,90,1
04:51.4,,,72,,98.5,,,,,,,19,-2.0373526,43.29081,200.32983,21.897577533426958,04:51.4,6,0.0,0101000020E610000052ECE2737F4C00C0E5D8FC4439A54540,20230419_DACIA_TOLOSA_ZARAUTZ_019,,d2,45:35.1,17:20.6,DACIA_SPRING,Dacia Spring 33 kW,33000,139,02:59.9,2.2,3.6,149,SSE,3.4780871278903085,135.9535547842649,566,7,9.0,5003.0,371.0,,,,2088,524,42,120,1
05:00.7,,,72,,98.5,,,,,,,19,-2.0387483,43.29216,204.67604,22.085495964233147,05:01.0,6,-0.228,0101000020E61000006087A04C5B4F00C0CE3D008165A54540,20230419_DACIA_TOLOSA_ZARAUTZ_019,,d2,45:35.1,17:20.6,DACIA_SPRING,Dacia Spring 33 kW,33000,139,02:59.9,2.2,3.6,149,SSE,2.693683078099724,162.56139192066,566,7,9.0,5003.0,371.0,,,,2088,524,42,25,1
05:07.0,,,72,,98.5,,,,,,,19,-2.0408494,43.29282,207.63213,22.27073157933105,05:06.6,6,0.382,0101000020E6100000DF0432D0A85300C036DDF32E7BA54540,20230419_DACIA_TOLOSA_ZARAUTZ_019,,d2,45:35.1,17:20.6,DACIA_SPRING,Dacia Spring 33 kW,33000,139,02:59.9,2.2,3.6,149,SSE,2.160223727737311,174.1256513025707,566,7,9.0,5003.0,371.0,,,,2088,524,42,120,2
05:12.6,,,72,,98.5,,,,,,,19,-2.0429585,43.293037,207.5709,22.44312657793935,05:12.7,6,-0.115,0101000020E61000000AF1FB97FA5700C064DB173E82A54540,20230419_DACIA_TOLOSA_ZARAUTZ_019,,d2,45:35.1,17:20.6,DACIA_SPRING,Dacia Spring 33 kW,33000,139,07:19.7,2.2,3.6,150,SSE,2.3788396226776105,168.63994227573053,566,7,9.0,5003.0,371.0,,,,2088,524,42,120,2
05:18.1,,,72,,98.5,,,,,,,19,-2.0446508000000003,43.293377,207.68318,22.585212756774528,05:17.6,6,0.445,0101000020E6100000EECC1BE5715B00C0746EDF5C8DA54540,20230419_DACIA_TOLOSA_ZARAUTZ_019,,d2,45:35.1,17:20.6,DACIA_SPRING,Dacia Spring 33 kW,33000,139,07:19.7,2.2,3.6,150,SSE,2.5768544840077774,164.2917810671304,566,7,9.0,5003.0,371.0,,,,2088,524,42,8,2
05:23.6,,,71,,98.5,,,,,,,19,-2.0466313,43.293934,207.87997,22.757050724748623,05:23.7,6,-0.12,0101000020E61000001BA70A30805F00C05F8853AB9FA54540,20230419_DACIA_TOLOSA_ZARAUTZ_019,,d2,45:35.1,17:20.6,DACIA_SPRING,Dacia Spring 33 kW,33000,139,07:19.7,2.2,3.6,150,SSE,1.6659124680930155,-177.56492668144392,566,7,9.0,5003.0,371.0,,,,2088,524,42,25,2
05:29.4,,,71,,98.5,,,,,,,19,-2.0487947,43.293842,210.40335,22.932457433218456,05:29.7,6,-0.381,0101000020E6100000A2B47F87EE6300C0329C36A59CA54540,20230419_DACIA_TOLOSA_ZARAUTZ_019,,d2,45:35.1,17:20.6,DACIA_SPRING,Dacia Spring 33 kW,33000,139,07:19.7,2.2,3.6,150,SSE,2.0764829839365238,174.77415686882787,566,7,9.0,5003.0,371.0,,,,2088,524,42,25,2
05:35.7,,,71,,98.5,,,,,,,19,-2.0508502,43.29403,214.06895,23.100162988622753,05:35.8,6,-0.088,0101000020E6100000DA99892C246800C0393CE6C3A2A54540,20230419_DACIA_TOLOSA_ZARAUTZ_019,,d2,45:35.1,17:20.6,DACIA_SPRING,Dacia Spring 33 kW,33000,139,07:19.7,2.2,3.6,150,SSE,2.917365347584869,155.8669969768234,566,7,9.0,5003.0,371.0,,,,2088,524,42,25,2
05:41.4,,,70,,98.5,,,,,,,19,-2.0526872,43.294853,217.44989,23.274775548347264,05:41.8,6,-0.37,0101000020E610000070EF3F44E76B00C0FDF0D8CDBDA54540,20230419_DACIA_TOLOSA_ZARAUTZ_019,,d2,45:35.1,17:20.6,DACIA_SPRING,Dacia Spring 33 kW,33000,139,07:19.7,2.2,3.6,150,SSE,2.273857976069408,170.82972215713204,566,7,9.0,5003.0,371.0,,,,2088,524,42,25,3
05:47.2,,,70,,98.5,,,,,,,19,-2.0543907,43.295128000000005,221.21327,23.416042601033155,05:46.8,6,0.376,0101000020E6100000185F5D50646F00C0D54DDDC8C6A54540,20230419_DACIA_TOLOSA_ZARAUTZ_019,,d2,45:35.1,17:20.6,DACIA_SPRING,Dacia Spring 33 kW,33000,139,07:19.7,2.2,3.6,150,SSE,1.547531783387376,-175.45930648185654,566,7,9.0,5003.0,371.0,,,,2088,524,42,8,3
05:52.9,,,70,,98.5,,,,,,,19,-2.0565565,43.294956,225.68098,23.592420407954382,05:52.8,6,0.084,0101000020E61000005B29B9D1D37300C0E565D019C1A54540,20230419_DACIA_TOLOSA_ZARAUTZ_019,,d2,45:35.1,17:20.6,DACIA_SPRING,Dacia Spring 33 kW,33000,139,07:19.7,2.2,3.6,150,SSE,2.0150071501517246,175.9632729394606,566,7,9.0,5003.0,371.0,,,,2088,524,42,8,3
05:58.5,,,70,,98.5,,,,,,,19,-2.0587387,43.29511,231.65842,23.769957469226437,05:58.9,6,-0.342,0101000020E6100000178619094C7800C07688412CC6A54540,20230419_DACIA_TOLOSA_ZARAUTZ_019,,d2,45:35.1,17:20.6,DACIA_SPRING,Dacia Spring 33 kW,33000,139,07:19.7,2.2,3.6,150,SSE,1.6806520069381157,-177.82987287013884,566,7,9.0,5003.0,371.0,,,,2088,524,42,8,3
06:04.7,,,70,,98.5,,,,,,,19,-2.0609818,43.295025,238.80328,23.951880486800356,06:04.9,6,-0.281,0101000020E6100000C12C6603E47C00C098C8D462C3A54540,20230419_DACIA_TOLOSA_ZARAUTZ_019,,d2,45:35.1,17:20.6,DACIA_SPRING,Dacia Spring 33 kW,33000,139,07:19.7,2.2,3.6,150,SSE,0.8182496030532442,-163.13766660955898,566,7,9.0,5003.0,371.0,,,,2088,524,42,25,3
06:11.8,,,70,,98.5,,,,,,,19,-2.0634067,43.29429,247.16724,24.16463404660792,06:12.0,6,-0.14,0101000020E6100000EDF96154DB8100C04611F836ABA54540,20230419_DACIA_TOLOSA_ZARAUTZ_019,,d2,45:35.1,17:20.6,DACIA_SPRING,Dacia Spring 33 kW,33000,139,07:19.7,2.2,3.6,150,SSE,0.1194761285242411,-151.9018708825401,566,7,9.0,5003.0,371.0,,,,2088,524,42,25,3
06:18.7,,,70,,98.5,,,,,,,19,-2.0653546,43.29325,254.00902,24.360269771485292,19/04/2023 08:06,6,-0.312,0101000020E61000007972FAACD88500C094305C3D89A54540,20230419_DACIA_TOLOSA_ZARAUTZ_019,,d2,45:35.1,17:20.6,DACIA_SPRING,Dacia Spring 33 kW,33000,139,07:19.7,2.2,3.6,150,SSE,0.4542820542536185,-157.24945074788965,566,7,9.0,5003.0,371.0,,,,2088,524,42,8,3
06:26.0,,,70,,98.5,,,,,,,19,-2.0675628,43.292324,260.27917,24.566623571512967,06:26.0,6,-0.084,0101000020E610000065F891665E8A00C07BF54ED46AA54540,20230419_DACIA_TOLOSA_ZARAUTZ_019,,d2,45:35.1,17:20.6,DACIA_SPRING,Dacia Spring 33 kW,33000,139,07:19.7,2.2,3.6,150,SSE,0.928832329861833,-164.9519548267743,566,7,9.0,5003.0,371.0,,,,2088,524,42,8,4
06:32.1,,,70,,98.5,,,,,,,19,-2.0699954,43.29167,260.91464,24.776508793337864,06:32.1,6,-0.026,0101000020E6100000AFFB9DB7598F00C03615CB7555A54540,20230419_DACIA_TOLOSA_ZARAUTZ_019,,d2,45:35.1,17:20.6,DACIA_SPRING,Dacia Spring 33 kW,33000,139,07:19.7,2.2,3.6,150,SSE,1.2723554820085423,-170.6973806468578,566,7,9.0,5003.0,371.0,,,,2088,524,42,8,4
06:37.6,,,70,,98.5,,,,,,,19,-2.0718696,43.291363,259.6025,24.9319981421563,06:37.2,6,0.4379999999999999,0101000020E6100000BC7B9669309300C041BB93554BA54540,20230419_DACIA_TOLOSA_ZARAUTZ_019,,d2,45:35.1,17:20.6,DACIA_SPRING,Dacia Spring 33 kW,33000,139,07:19.7,2.2,3.6,150,SSE,1.1247460729365244,-168.20570246927164,566,7,9.0,5003.0,371.0,,,,2088,524,42,8,4
06:43.3,,,70,,98.5,,,,,,,19,-2.0740247,43.290913,256.10248,25.113493292668156,06:43.2,6,0.043,0101000020E6100000723880499A9700C0630EBE903CA54540,20230419_DACIA_TOLOSA_ZARAUTZ_019,,d2,45:35.1,17:20.6,DACIA_SPRING,Dacia Spring 33 kW,33000,139,07:19.7,2.2,3.6,150,SSE,0.4438208271168795,-157.0816445014649,566,7,9.0,5003.0,371.0,,,,2088,524,42,25,4
06:49.1,,,70,,98.5,,,,,,,19,-2.0759287,43.290108,252.92819,25.29173659232056,06:49.3,6,-0.177,0101000020E6100000F812D589809B00C08D21D04822A54540,20230419_DACIA_TOLOSA_ZARAUTZ_019,,d2,45:35.1,17:20.6,DACIA_SPRING,Dacia Spring 33 kW,33000,139,07:19.7,2.2,3.6,150,SSE,0.2268452992710649,-153.61274855266916,566,7,9.0,5003.0,371.0,,,,2088,524,42,25,4
06:54.6,,,70,,98.5,,,,,,,19,-2.0774908,43.289333,250.15709,25.444770857566052,06:54.3,6,0.296,0101000020E610000091BA1376B39E00C046DD4DE208A54540,20230419_DACIA_TOLOSA_ZARAUTZ_019,,d2,45:35.1,17:20.6,DACIA_SPRING,Dacia Spring 33 kW,33000,139,07:19.7,2.2,3.6,150,SSE,0.5187330430380552,-158.28473210488764,566,7,9.0,5003.0,371.0,,,,2088,524,42,25,4
07:00.1,,,70,,98.5,,,,,,,19,-2.0796251,43.288483,249.08583,25.641688521985458,07:00.3,6,-0.214,0101000020E6100000AF98DA7B12A300C0CD40AAFAECA44540,20230419_DACIA_TOLOSA_ZARAUTZ_019,,d2,45:35.1,17:20.6,DACIA_SPRING,Dacia Spring 33 kW,33000,139,07:19.7,2.2,3.6,150,SSE,0.7052017051682511,-161.29668235358892,566,7,9.0,5003.0,371.0,,,,2088,524,42,25,5
07:05.6,,,70,,98.5,,,,,,,19,-2.081486,43.287853000000005,248.97498,25.807804093438182,07:05.4,6,0.2269999999999999,0101000020E6100000AE71BF25E2A600C0A3C91B61D8A44540,20230419_DACIA_TOLOSA_ZARAUTZ_019,,d2,45:35.1,17:20.6,DACIA_SPRING,Dacia Spring 33 kW,33000,139,07:19.7,2.2,3.6,150,SSE,1.46491330181048,-174.01152298239109,566,7,9.0,5003.0,371.0,,,,2088,524,42,25,5
07:11.1,,,70,,98.5,,,,,,,19,-2.0838978,43.2876,245.28822,26.005068650393074,07:11.4,6,-0.342,0101000020E6100000F1011CAAD2AB00C06DC5FF11D0A44540,20230419_DACIA_TOLOSA_ZARAUTZ_019,,d2,45:35.1,17:20.6,DACIA_SPRING,Dacia Spring 33 kW,33000,139,07:19.7,2.2,3.6,150,SSE,1.170782271940542,-168.97874042375292,566,7,9.0,5003.0,371.0,,,,2088,524,42,25,5
07:17.5,,,70,,98.5,,,,,,,19,-2.0861826,43.287155,240.52655,26.196568176677914,07:17.5,6,0.016,0101000020E6100000C43CC68380B000C06F286775C1A44540,20230419_DACIA_TOLOSA_ZARAUTZ_019,,d2,45:35.1,17:20.6,DACIA_SPRING,Dacia Spring 33 kW,33000,139,07:19.7,2.2,3.6,150,SSE,1.0222080350220264,-166.49589666084674,566,7,9.0,5003.0,371.0,,,,2088,524,42,25,5
07:24.8,,,70,,98.5,,,,,,,19,-2.0885644,43.286583,232.39294,26.399739889371126,07:24.5,6,0.313,0101000020E61000000D27844061B500C0ACA674B5AEA44540,20230419_DACIA_TOLOSA_ZARAUTZ_019,,d2,45:35.1,17:20.6,DACIA_SPRING,Dacia Spring 33 kW,33000,139,07:19.7,2.2,3.6,150,SSE,2.13018925510643,173.72089433942875,566,7,9.0,5003.0,371.0,,,,2088,524,42,25,5
07:32.7,,,70,,98.5,,,,,,,19,-2.091509,43.286907,219.26529,26.641147225278,07:32.6,6,0.123,0101000020E6100000A138C82D69BB00C0FC082961B9A44540,20230419_DACIA_TOLOSA_ZARAUTZ_019,,d2,45:35.1,17:20.6,DACIA_SPRING,Dacia Spring 33 kW,33000,139,07:19.7,2.2,3.6,150,SSE,1.6243745763208035,-176.82167412378243,566,7,9.0,5003.0,371.0,,,,2088,524,42,8,5
07:47.3,,,70,,98.5,,,,,,,19,-2.0944624,43.286743,207.73776,26.881173351551958,07:47.4,6,-0.025,0101000020E6100000B63D4E7875C100C0087BC50EB4A44540,20230419_DACIA_TOLOSA_ZARAUTZ_019,,d2,45:35.1,17:20.6,DACIA_SPRING,Dacia Spring 33 kW,33000,139,08:02.1,2.2,3.6,150,SSE,0.4441178573912158,-157.08640824985463,566,7,9.0,5003.0,371.0,,,,2088,524,42,25,6
07:56.9,,,70,,98.5,,,,,,,19,-2.0994518,43.284634,192.34644,27.34843678572305,07:56.9,6,-0.0139999999999999,0101000020E6100000C6B76E68ADCB00C015BFC9DC6EA44540,20230419_DACIA_TOLOSA_ZARAUTZ_019,,d2,45:35.1,17:20.6,DACIA_SPRING,Dacia Spring 33 kW,33000,139,08:02.1,2.2,3.6,150,SSE,0.7945278544012191,-162.75027884493932,566,7,9.0,5003.0,371.0,,,,2088,524,42,8,6
08:04.0,,,70,,98.5,,,,,,,19,-2.102331,43.28374,181.85284,27.602028044661235,08:03.8,6,0.1689999999999999,0101000020E61000002436ABE792D100C017AE03AD51A44540,20230419_DACIA_TOLOSA_ZARAUTZ_019,,d2,45:35.1,17:20.6,DACIA_SPRING,Dacia Spring 33 kW,33000,139,08:02.1,2.2,3.6,150,SSE,0.9551526385024046,-165.38597865122267,566,7,9.0,5003.0,371.0,,,,2088,524,42,45,6
08:10.4,,,69,,98.5,,,,,,,19,-2.105054,43.28303,169.22968999999998,27.836498271661462,08:10.8,6,-0.3939999999999999,0101000020E61000006CDCD78726D700C06C18B5643AA44540,20230419_DACIA_TOLOSA_ZARAUTZ_019,,d2,45:35.1,17:20.6,DACIA_SPRING,Dacia Spring 33 kW,33000,139,08:02.1,2.2,3.6,150,SSE,1.0022282803550782,-166.1645406955489,566,7,9.0,5003.0,371.0,,,,2088,524,42,45,7
08:15.8,,,69,,98.5,,,,,,,19,-2.1069827,43.282555,164.45235,28.001383301221743,08:15.8,6,-0.011,0101000020E610000099C748C319DB00C0D77621C52AA44540,20230419_DACIA_TOLOSA_ZARAUTZ_019,,d2,45:35.1,17:20.6,DACIA_SPRING,Dacia Spring 33 kW,33000,139,08:02.1,2.2,3.6,150,SSE,0.8301032438522655,-163.33147049866122,566,7,9.0,5003.0,371.0,,,,2088,524,42,45,7
08:21.4,,,69,,98.5,,,,,,,19,-2.1090367000000003,43.281940000000006,155.078,28.181409212753625,08:21.9,6,-0.505,0101000020E6100000EE792BA64EDF00C03955AB9716A44540,20230419_DACIA_TOLOSA_ZARAUTZ_019,,d2,45:35.1,17:20.6,DACIA_SPRING,Dacia Spring 33 kW,33000,139,08:02.1,2.2,3.6,150,SSE,1.1288341669058428,-168.2742086712654,566,7,9.0,5003.0,371.0,,,,2088,524,42,45,7
08:26.9,,,69,,98.5,,,,,,,19,-2.1108675,43.28156,148.43188,28.335659659311233,08:26.9,6,-0.003,0101000020E6100000C4858D800EE300C06F0A2A110AA44540,20230419_DACIA_TOLOSA_ZARAUTZ_019,,d2,45:35.1,17:20.6,DACIA_SPRING,Dacia Spring 33 kW,33000,139,08:02.1,2.2,3.6,150,SSE,1.3491594415098165,-172.0098825624572,566,7,9.0,5003.0,371.0,,,,2088,524,42,45,7
08:32.4,,,69,,98.5,,,,,,,19,-2.1128623,43.28128,144.7003,28.50015392562534,08:31.9,6,0.478,0101000020E610000074A9E36E24E700C0D83376F300A44540,20230419_DACIA_TOLOSA_ZARAUTZ_019,,d2,45:35.1,17:20.6,DACIA_SPRING,Dacia Spring 33 kW,33000,139,08:02.1,2.2,3.6,150,SSE,1.7467517855755947,-179.02615524244175,566,7,9.0,5003.0,371.0,,,,2088,524,42,85,7
08:38.3,,,69,,98.5,,,,,,,19,-2.1150978,43.281242,136.17224,28.68136680601782,08:38.0,6,0.256,0101000020E61000001984076FB8EB00C092E78DB8FFA34540,20230419_DACIA_TOLOSA_ZARAUTZ_019,,d2,45:35.1,17:20.6,DACIA_SPRING,Dacia Spring 33 kW,33000,139,08:02.1,2.2,3.6,150,SSE,2.5076910302522792,165.8466758963769,566,7,9.0,5003.0,371.0,,,,2088,524,42,25,7
08:44.3,,,69,,98.5,,,,,,,19,-2.1172154,43.281776,128.32793999999998,28.862947265407815,08:44.0,6,0.31,0101000020E61000001276A1A00EF000C01D25524B11A44540,20230419_DACIA_TOLOSA_ZARAUTZ_019,,d2,45:35.1,17:20.6,DACIA_SPRING,Dacia Spring 33 kW,33000,139,08:02.1,2.2,3.6,150,SSE,2.666478311759024,162.20990855450898,566,7,9.0,5003.0,371.0,,,,2088,524,42,25,8
08:50.3,,,69,,98.5,,,,,,,19,-2.119238,43.282425,121.5124,29.042002090297018,08:50.1,6,0.217,0101000020E6100000FE791DFC32F400C0A061108626A44540,20230419_DACIA_TOLOSA_ZARAUTZ_019,,d2,45:35.1,17:20.6,DACIA_SPRING,Dacia Spring 33 kW,33000,139,08:02.1,2.2,3.6,150,SSE,1.7125062163902414,-178.40468734760856,566,7,9.0,5003.0,371.0,,,,2088,524,42,120,8
08:56.4,,,69,,98.5,,,,,,,19,-2.1217155,43.282356,113.16326,29.24287124092561,08:56.2,6,0.179,0101000020E610000097C2620246F900C0AD61543124A44540,20230419_DACIA_TOLOSA_ZARAUTZ_019,,d2,45:35.1,17:20.6,DACIA_SPRING,Dacia Spring 33 kW,33000,139,08:02.1,2.2,3.6,150,SSE,1.5366882484535789,-175.26831583782908,566,7,9.0,5003.0,371.0,,,,2088,524,42,8,8
09:01.9,,,69,,98.5,,,,,,,19,-2.1239264,43.282173,102.84464,29.42328812894773,09:02.2,6,-0.307,0101000020E61000005D81B212CDFD00C0FA84883F1EA44540,20230419_DACIA_TOLOSA_ZARAUTZ_019,,d2,45:35.1,17:20.6,DACIA_SPRING,Dacia Spring 33 kW,33000,139,08:02.1,2.2,3.6,150,SSE,2.118984550725596,173.94179389493414,566,7,9.0,5003.0,371.0,,,,2088,524,42,10,8
09:07.7,,,69,,98.5,,,,,,,19,-2.1258297,43.282375,94.04395,29.57923410915708,09:07.3,6,0.3939999999999999,0101000020E610000005B545FAB20101C078DE96EE24A44540,20230419_DACIA_TOLOSA_ZARAUTZ_019,,d2,45:35.1,17:20.6,DACIA_SPRING,Dacia Spring 33 kW,33000,139,08:02.1,2.2,3.6,150,SSE,2.214829896699646,172.03132730942926,566,7,9.0,5003.0,371.0,,,,2088,524,42,120,8
09:13.7,,,69,,98.5,,,,,,,19,-2.1279871,43.282677,83.48861,29.75738338805526,09:13.3,6,0.368,0101000020E6100000C372322A1E0601C006C8D5B62EA44540,20230419_DACIA_TOLOSA_ZARAUTZ_019,,d2,45:35.1,17:20.6,DACIA_SPRING,Dacia Spring 33 kW,33000,139,08:02.1,2.2,3.6,150,SSE,2.117806754924814,173.96497795106143,566,7,9.0,5003.0,371.0,,,,2088,524,42,8,8
09:19.2,,,69,,98.5,,,,,,,19,-2.1300964,43.2829,77.03551,29.93003784254215,09:19.4,6,-0.176,0101000020E61000006F9C03F06F0A01C01962DB1C36A44540,20230419_DACIA_TOLOSA_ZARAUTZ_019,,d2,45:35.1,17:20.6,DACIA_SPRING,Dacia Spring 33 kW,33000,139,08:02.1,2.2,3.6,150,SSE,2.1302522160415225,173.71965130811876,566,7,9.0,5003.0,371.0,,,,2088,524,42,8,9
09:24.7,,,69,,98.5,,,,,,,19,-2.131841,43.283092,73.6611,30.072902964144216,09:24.4,6,0.268,0101000020E610000077B3BAA1020E01C0BA0F19623CA44540,20230419_DACIA_TOLOSA_ZARAUTZ_019,,d2,45:35.1,17:20.6,DACIA_SPRING,Dacia Spring 33 kW,33000,139,08:02.1,2.2,3.6,150,SSE,2.096311834619473,174.3869012565827,566,7,9.0,5003.0,371.0,,,,2088,524,42,25,9
09:47.3,,,68,,98.5,,,,,,,19,-2.1349545,43.283398,67.37419,30.327295428076418,09:49.0,6,-1.686,0101000020E6100000D926F7FC621401C03EB25D5746A44540,20230419_DACIA_TOLOSA_ZARAUTZ_019,,d2,45:35.1,17:20.6,DACIA_SPRING,Dacia Spring 33 kW,33000,139,08:02.1,2.2,3.6,150,SSE,1.7701724893923625,-179.4533383950075,109,66,,,,2.0,102.0,5.0,0,102,7,8,8
09:54.8,,,68,,98.5,,,,,,,19,-2.1378891,43.28337,62.734688,30.564907463711727,09:54.8,6,0.031,0101000020E610000008ABCFA2651A01C0CADBE78945A44540,20230419_DACIA_TOLOSA_ZARAUTZ_019,,d2,45:35.1,17:20.6,DACIA_SPRING,Dacia Spring 33 kW,33000,139,08:02.1,2.2,3.6,150,SSE,1.6086780715499125,-176.54208361525858,109,66,,,,2.0,102.0,5.0,0,102,7,8,8
10:02.0,,,68,,98.5,,,,,,,19,-2.144062,43.282997,56.35766,31.066344247159282,10:01.6,6,0.4029999999999999,0101000020E6100000F85DC1020A2701C04E8C943A39A44540,20230419_DACIA_TOLOSA_ZARAUTZ_019,,d2,45:35.1,17:20.6,DACIA_SPRING,Dacia Spring 33 kW,33000,139,08:02.1,2.2,3.6,150,SSE,-0.8435756418994673,-136.44807044963463,109,66,,,,2.0,102.0,5.0,0,102,7,8,8
10:13.7,,,68,,98.5,,,,,,,19,-2.146313,43.280857,53.26864200000001,31.36607017550874,10:13.7,6,0.01,0101000020E6100000DA9C2F1DA62B01C06672692AF3A34540,20230419_DACIA_TOLOSA_ZARAUTZ_019,,d2,45:35.1,17:20.6,DACIA_SPRING,Dacia Spring 33 kW,33000,139,12:19.8,2.2,3.6,150,SSE,-0.1206196013862692,-148.0799200545208,109,66,,,,2.0,102.0,5.0,0,102,7,85,8
10:20.2,,,68,,98.5,,,,,,,19,-2.1476727,43.28001,55.587124,31.510952017616567,10:19.7,6,0.434,0101000020E6100000391223F16E2E01C0B0EAC66ED7A34540,20230419_DACIA_TOLOSA_ZARAUTZ_019,,d2,45:35.1,17:20.6,DACIA_SPRING,Dacia Spring 33 kW,33000,139,12:19.8,2.2,3.6,150,SSE,0.6701804890532216,-160.72884315246932,109,66,,,,2.0,102.0,5.0,0,102,7,120,8
10:26.0,,,68,,98.5,,,,,,,19,-2.1493888,43.27941,54.341835,31.665068133177932,10:25.8,6,0.238,0101000020E61000007FB562CDF23101C0A85B0FB4C3A34540,20230419_DACIA_TOLOSA_ZARAUTZ_019,,d2,45:35.1,17:20.6,DACIA_SPRING,Dacia Spring 33 kW,33000,139,12:19.8,2.2,3.6,150,SSE,1.3276866768189022,-171.6417435235087,109,66,,,,2.0,102.0,5.0,0,102,7,25,7
10:31.5,,,68,,98.5,,,,,,,19,-2.1512265,43.279140000000005,52.329876,31.816846578443982,10:31.8,6,-0.31,0101000020E61000003C98F448B63501C09EF331DBBAA34540,20230419_DACIA_TOLOSA_ZARAUTZ_019,,d2,45:35.1,17:20.6,DACIA_SPRING,Dacia Spring 33 kW,33000,139,12:19.8,2.2,3.6,150,SSE,1.826458040583804,179.51256095953036,109,66,,,,2.0,102.0,5.0,0,102,7,45,7
19/04/2023 08:10,,,68,,98.5,,,,,,,19,-2.152637,43.279152,52.053722,31.931038053690827,10:36.9,6,0.138,0101000020E610000062E406BA993801C0BBC6A145BBA34540,20230419_DACIA_TOLOSA_ZARAUTZ_019,,d2,45:35.1,17:20.6,DACIA_SPRING,Dacia Spring 33 kW,33000,139,12:19.8,2.2,3.6,150,SSE,1.9535595866564104,177.13541018627302,109,66,,,,2.0,102.0,5.0,0,102,7,25,7
10:42.6,,,68,,98.5,,,,,,,19,-2.1540759,43.279224,51.6182,32.04779598878458,10:42.9,6,-0.289,0101000020E6100000E85F99108C3B01C09B7AE1A1BDA34540,20230419_DACIA_TOLOSA_ZARAUTZ_019,,d2,45:35.1,17:20.6,DACIA_SPRING,Dacia Spring 33 kW,33000,139,12:19.8,2.2,3.6,150,SSE,2.216579489641662,171.99599726987444,109,66,,,,2.0,102.0,5.0,0,102,7,45,7
10:48.3,,,68,,98.5,,,,,,,19,-2.1550431,43.27936,50.743565,32.12754478011091,10:47.9,6,0.3779999999999999,0101000020E6100000084E833C873D01C0C3EF7512C2A34540,20230419_DACIA_TOLOSA_ZARAUTZ_019,,d2,45:35.1,17:20.6,DACIA_SPRING,Dacia Spring 33 kW,33000,139,12:19.8,2.2,3.6,150,SSE,2.2996655913352675,170.2979014491918,109,66,,,,2.0,102.0,5.0,0,102,7,45,7
10:53.9,,,68,,98.5,,,,,,,19,-2.1558795,43.279503000000005,51.074657,32.197095883616726,10:54.0,6,-0.057,0101000020E6100000FAA045B03D3F01C082BC27C5C6A34540,20230419_DACIA_TOLOSA_ZARAUTZ_019,,d2,45:35.1,17:20.6,DACIA_SPRING,Dacia Spring 33 kW,33000,139,12:19.8,2.2,3.6,150,SSE,3.1683236430010746,148.34678999255618,109,66,,,,2.0,102.0,5.0,0,102,7,8,7
10:59.6,,,68,,98.5,,,,,,,19,-2.1564667,43.279865,48.752438,32.25942742404342,11:00.0,6,-0.408,0101000020E6100000013C97A8714001C080885FA0D2A34540,20230419_DACIA_TOLOSA_ZARAUTZ_019,,d2,45:35.1,17:20.6,DACIA_SPRING,Dacia Spring 33 kW,33000,139,12:19.8,2.2,3.6,150,SSE,3.5914340250992787,116.04668945460048,109,66,,,,2.0,102.0,5.0,0,102,7,45,7
11:05.0,,,68,,98.5,,,,,,,19,-2.1566143,43.280167,50.887276,32.29513451751833,11:05.0,6,-0.0069999999999999,0101000020E61000008B8AD10DBF4001C0124C048ADCA34540,20230419_DACIA_TOLOSA_ZARAUTZ_019,,d2,45:35.1,17:20.6,DACIA_SPRING,Dacia Spring 33 kW,33000,139,12:19.8,2.2,3.6,150,SSE,2.494238460127536,73.85566122147243,109,66,,,,2.0,102.0,5.0,0,102,7,8,7
11:10.6,,,68,,98.5,,,,,,,19,-2.1566033,43.280205,49.736393,32.29960346803233,11:11.1,6,-0.49,0101000020E61000000CA36D46B94001C04C6813B8DDA34540,20230419_DACIA_TOLOSA_ZARAUTZ_019,,d2,45:35.1,17:20.6,DACIA_SPRING,Dacia Spring 33 kW,33000,139,12:19.8,2.2,3.6,150,SSE,3.3651232813823624,99.18883607731588,109,66,,,,2.0,102.0,5.0,0,102,7,8,7
11:16.2,,,68,,98.5,,,,,,,19,-2.1566143,43.280273,48.283062,32.3073544465427,11:16.2,6,0.008,0101000020E61000001E4588F8BE4001C01B313AFBDFA34540,20230419_DACIA_TOLOSA_ZARAUTZ_019,,d2,45:35.1,17:20.6,DACIA_SPRING,Dacia Spring 33 kW,33000,139,12:19.8,2.2,3.6,150,SSE,3.5145234941863337,132.5104470818415,109,66,,,,2.0,102.0,5.0,0,102,7,8,7
11:21.7,,,68,,98.5,,,,,,,19,-2.1566252999999995,43.280285,48.748978,32.309024912670154,11:22.2,6,-0.498,0101000020E6100000002837B9C44001C00C92515BE0A34540,20230419_DACIA_TOLOSA_ZARAUTZ_019,,d2,45:35.1,17:20.6,DACIA_SPRING,Dacia Spring 33 kW,33000,139,12:19.8,2.2,3.6,150,SSE,-1.7999999999999992,0.0,109,66,,,,2.0,102.0,5.0,0,102,7,8,7
11:27.1,,,68,,98.5,,,,,,,19,-2.1566252999999995,43.280285,48.748978,32.309024912670154,11:27.2,6,-0.13,0101000020E6100000002837B9C44001C00C92515BE0A34540,20230419_DACIA_TOLOSA_ZARAUTZ_019,,d2,45:35.1,17:20.6,DACIA_SPRING,Dacia Spring 33 kW,33000,139,12:19.8,2.2,3.6,150,SSE,-1.7999999999999992,0.0,109,66,,,,2.0,102.0,5.0,0,102,7,8,7
11:32.6,,,68,,98.5,,,,,,,19,-2.1566252999999995,43.280285,48.748978,32.309024912670154,11:32.3,6,0.356,0101000020E6100000002837B9C44001C00C92515BE0A34540,20230419_DACIA_TOLOSA_ZARAUTZ_019,,d2,45:35.1,17:20.6,DACIA_SPRING,Dacia Spring 33 kW,33000,139,12:19.8,2.2,3.6,150,SSE,-1.7999999999999992,0.0,109,66,,,,2.0,102.0,5.0,0,102,7,8,7
11:38.2,,,68,,98.5,,,,,,,19,-2.1566252999999995,43.280285,48.748978,32.309024912670154,11:38.3,6,-0.119,0101000020E6100000002837B9C44001C00C92515BE0A34540,20230419_DACIA_TOLOSA_ZARAUTZ_019,,d2,45:35.1,17:20.6,DACIA_SPRING,Dacia Spring 33 kW,33000,139,12:19.8,2.2,3.6,150,SSE,-1.7999999999999992,0.0,109,66,,,,2.0,102.0,5.0,0,102,7,8,7
11:43.8,,,68,,98.5,,,,,,,19,-2.1566252999999995,43.280285,48.748978,32.309024912670154,11:43.4,6,0.4,0101000020E6100000002837B9C44001C00C92515BE0A34540,20230419_DACIA_TOLOSA_ZARAUTZ_019,,d2,45:35.1,17:20.6,DACIA_SPRING,Dacia Spring 33 kW,33000,139,12:19.8,2.2,3.6,150,SSE,-1.7999999999999992,0.0,109,66,,,,2.0,102.0,5.0,0,102,7,8,7
11:49.7,,,68,,98.5,,,,,,,19,-2.1566252999999995,43.280285,48.748978,32.309024912670154,11:49.4,6,0.29,0101000020E6100000002837B9C44001C00C92515BE0A34540,20230419_DACIA_TOLOSA_ZARAUTZ_019,,d2,45:35.1,17:20.6,DACIA_SPRING,Dacia Spring 33 kW,33000,139,12:19.8,2.2,3.6,150,SSE,-1.7999999999999992,0.0,109,66,,,,2.0,102.0,5.0,0,102,7,8,7
11:56.6,,,68,,98.5,,,,,,,19,-2.1566252999999995,43.280285,48.748978,32.309024912670154,11:56.4,6,0.14,0101000020E6100000002837B9C44001C00C92515BE0A34540,20230419_DACIA_TOLOSA_ZARAUTZ_019,,d2,45:35.1,17:20.6,DACIA_SPRING,Dacia Spring 33 kW,33000,139,12:19.8,2.2,3.6,150,SSE,-1.7999999999999992,0.0,109,66,,,,2.0,102.0,5.0,0,102,7,8,7
12:02.7,,,68,,98.5,,,,,,,19,-2.1566252999999995,43.280285,48.748978,32.309024912670154,12:02.5,6,0.186,0101000020E6100000002837B9C44001C00C92515BE0A34540,20230419_DACIA_TOLOSA_ZARAUTZ_019,,d2,45:35.1,17:20.6,DACIA_SPRING,Dacia Spring 33 kW,33000,139,12:19.8,2.2,3.6,150,SSE,-1.7999999999999992,0.0,109,66,,,,2.0,102.0,5.0,0,102,7,8,7
12:08.3,,,68,,98.5,,,,,,,19,-2.1566252999999995,43.280285,48.748978,32.309024912670154,12:08.5,6,-0.208,0101000020E6100000002837B9C44001C00C92515BE0A34540,20230419_DACIA_TOLOSA_ZARAUTZ_019,,d2,45:35.1,17:20.6,DACIA_SPRING,Dacia Spring 33 kW,33000,139,12:19.8,2.2,3.6,150,SSE,3.126652370728272,90.2864765107478,109,66,,,,2.0,102.0,5.0,0,102,7,8,7
12:13.8,,,68,,98.5,,,,,,,19,-2.1566257,43.280365,51.174007,32.31824518430922,12:13.5,6,0.296,0101000020E61000000FC05D08C54001C0DF709A05E3A34540,20230419_DACIA_TOLOSA_ZARAUTZ_019,,d2,45:35.1,17:20.6,DACIA_SPRING,Dacia Spring 33 kW,33000,139,12:19.8,2.2,3.6,150,SSE,3.1747384830101666,91.86898856175377,109,66,,,,2.0,102.0,5.0,0,102,7,8,7
12:20.2,,,68,,98.5,,,,,,,19,-2.1566288,43.28046,52.770140000000005,32.32893155545316,12:20.6,6,-0.377,0101000020E6100000C107C2ABC64001C0EF5D262FE6A34540,20230419_DACIA_TOLOSA_ZARAUTZ_019,,d2,45:35.1,17:20.6,DACIA_SPRING,Dacia Spring 33 kW,33000,139,12:19.8,2.2,3.6,150,SSE,-1.7999999999999992,0.0,109,66,,,,2.0,102.0,5.0,0,102,7,8,7
12:27.9,,,68,,98.5,,,,,,,19,-2.1566288,43.28046,52.770140000000005,32.32893155545316,12:27.6,6,0.315,0101000020E6100000C107C2ABC64001C0EF5D262FE6A34540,20230419_DACIA_TOLOSA_ZARAUTZ_019,,d2,45:35.1,17:20.6,DACIA_SPRING,Dacia Spring 33 kW,33000,139,12:19.8,2.2,3.6,150,SSE,-1.7999999999999992,0.0,109,66,,,,2.0,102.0,5.0,0,102,7,8,7
12:33.5,,,68,,98.5,,,,,,,19,-2.1566288,43.28046,52.770140000000005,32.32893155545316,12:33.7,6,-0.141,0101000020E6100000C107C2ABC64001C0EF5D262FE6A34540,20230419_DACIA_TOLOSA_ZARAUTZ_019,,d2,45:35.1,17:20.6,DACIA_SPRING,Dacia Spring 33 kW,33000,139,12:19.8,2.2,3.6,150,SSE,-1.7999999999999992,0.0,109,66,,,,2.0,102.0,5.0,0,102,7,8,7
12:39.0,,,68,,98.5,,,,,,,19,-2.1566288,43.28046,52.770140000000005,32.32893155545316,12:38.7,6,0.3,0101000020E6100000C107C2ABC64001C0EF5D262FE6A34540,20230419_DACIA_TOLOSA_ZARAUTZ_019,,d2,45:35.1,17:20.6,DACIA_SPRING,Dacia Spring 33 kW,33000,139,12:19.8,2.2,3.6,150,SSE,2.203620214347882,67.7427139215333,109,66,,,,2.0,102.0,5.0,0,102,7,8,7
12:44.8,,,68,,98.5,,,,,,,19,-2.1566067,43.280514,54.38667,32.3354021082231,12:44.7,6,0.049,0101000020E6100000638C5201BB4001C02708ADD8E7A34540,20230419_DACIA_TOLOSA_ZARAUTZ_019,,d2,45:35.1,17:20.6,DACIA_SPRING,Dacia Spring 33 kW,33000,139,13:00.2,2.2,3.6,150,SSE,1.7999999999999996,180.0,109,66,,,,2.0,102.0,5.0,0,102,7,8,7
12:50.6,,,68,,98.5,,,,,,,19,-2.1566074,43.280514,54.648396,32.335669898190154,12:50.8,6,-0.175,0101000020E610000058590D61BB4001C0DA53BEDDE7A34540,20230419_DACIA_TOLOSA_ZARAUTZ_019,,d2,45:35.1,17:20.6,DACIA_SPRING,Dacia Spring 33 kW,33000,139,13:00.2,2.2,3.6,150,SSE,-1.7999999999999992,0.0,109,66,,,,2.0,102.0,5.0,0,102,7,8,7
12:56.2,,,68,,98.5,,,,,,,19,-2.1566074,43.280514,54.648396,32.335669898190154,12:55.8,6,0.35,0101000020E610000058590D61BB4001C0DA53BEDDE7A34540,20230419_DACIA_TOLOSA_ZARAUTZ_019,,d2,45:35.1,17:20.6,DACIA_SPRING,Dacia Spring 33 kW,33000,139,13:00.2,2.2,3.6,150,SSE,-1.7999999999999992,0.0,109,66,,,,2.0,102.0,5.0,0,102,7,8,7
13:01.7,,,68,,98.5,,,,,,,19,-2.1566074,43.280514,54.648396,32.335669898190154,13:01.8,6,-0.176,0101000020E610000058590D61BB4001C0DA53BEDDE7A34540,20230419_DACIA_TOLOSA_ZARAUTZ_019,,d2,45:35.1,17:20.6,DACIA_SPRING,Dacia Spring 33 kW,33000,139,13:00.2,2.2,3.6,150,SSE,-1.7999999999999992,0.0,109,66,,,,2.0,102.0,5.0,0,102,7,8,7
13:07.5,,,68,,98.5,,,,,,,19,-2.1566074,43.280514,54.648396,32.335669898190154,13:07.9,6,-0.356,0101000020E610000058590D61BB4001C0DA53BEDDE7A34540,20230419_DACIA_TOLOSA_ZARAUTZ_019,,d2,45:35.1,17:20.6,DACIA_SPRING,Dacia Spring 33 kW,33000,139,13:00.2,2.2,3.6,150,SSE,-1.7999999999999992,0.0,109,66,,,,2.0,102.0,5.0,0,102,7,8,7
13:13.0,,,68,,98.5,,,,,,,19,-2.1566074,43.280514,54.648396,32.335669898190154,13:12.9,6,0.109,0101000020E610000058590D61BB4001C0DA53BEDDE7A34540,20230419_DACIA_TOLOSA_ZARAUTZ_019,,d2,45:35.1,17:20.6,DACIA_SPRING,Dacia Spring 33 kW,33000,139,13:00.2,2.2,3.6,150,SSE,-1.7999999999999992,0.0,109,66,,,,2.0,102.0,5.0,0,102,7,8,7
13:18.5,,,68,,98.5,,,,,,,19,-2.1566074,43.280514,54.648396,32.335669898190154,13:18.9,6,-0.47,0101000020E610000058590D61BB4001C0DA53BEDDE7A34540,20230419_DACIA_TOLOSA_ZARAUTZ_019,,d2,45:35.1,17:20.6,DACIA_SPRING,Dacia Spring 33 kW,33000,139,13:00.2,2.2,3.6,150,SSE,-1.7999999999999992,0.0,109,66,,,,2.0,102.0,5.0,0,102,7,8,7
13:24.0,,,68,,98.5,,,,,,,19,-2.1566074,43.280514,54.648396,32.335669898190154,13:24.0,6,0.065,0101000020E610000058590D61BB4001C0DA53BEDDE7A34540,20230419_DACIA_TOLOSA_ZARAUTZ_019,,d2,45:35.1,17:20.6,DACIA_SPRING,Dacia Spring 33 kW,33000,139,13:00.2,2.2,3.6,150,SSE,-1.7999999999999992,0.0,109,66,,,,2.0,102.0,5.0,0,102,7,8,7
13:29.6,,,68,,98.5,,,,,,,19,-2.1566074,43.280514,54.648396,32.335669898190154,13:30.0,6,-0.446,0101000020E610000058590D61BB4001C0DA53BEDDE7A34540,20230419_DACIA_TOLOSA_ZARAUTZ_019,,d2,45:35.1,17:20.6,DACIA_SPRING,Dacia Spring 33 kW,33000,139,13:00.2,2.2,3.6,150,SSE,-1.7999999999999992,0.0,109,66,,,,2.0,102.0,5.0,0,102,7,8,7
13:35.4,,,68,,98.5,,,,,,,19,-2.1566074,43.280514,54.648396,32.335669898190154,13:35.0,6,0.389,0101000020E610000058590D61BB4001C0DA53BEDDE7A34540,20230419_DACIA_TOLOSA_ZARAUTZ_019,,d2,45:35.1,17:20.6,DACIA_SPRING,Dacia Spring 33 kW,33000,139,13:00.2,2.2,3.6,150,SSE,-1.7999999999999992,0.0,109,66,,,,2.0,102.0,5.0,0,102,7,8,7
13:41.6,,,68,,98.5,,,,,,,19,-2.1566074,43.280514,54.648396,32.335669898190154,13:41.1,6,0.47,0101000020E610000058590D61BB4001C0DA53BEDDE7A34540,20230419_DACIA_TOLOSA_ZARAUTZ_019,,d2,45:35.1,17:20.6,DACIA_SPRING,Dacia Spring 33 kW,33000,139,13:00.2,2.2,3.6,150,SSE,3.372893328542171,99.53973145615224,109,66,,,,2.0,102.0,5.0,0,102,7,8,7
13:48.8,,,68,,98.5,,,,,,,19,-2.1566195,43.280586,56.047054,32.34385599976113,13:49.1,6,-0.35,0101000020E61000001FF6D6CBC14001C08725FC4EEAA34540,20230419_DACIA_TOLOSA_ZARAUTZ_019,,d2,45:35.1,17:20.6,DACIA_SPRING,Dacia Spring 33 kW,33000,139,13:00.2,2.2,3.6,150,SSE,1.943601763315085,62.67610869307477,109,66,,,,2.0,102.0,5.0,0,102,7,8,7
14:00.0,,,68,,98.5,,,,,,,19,-2.1566133,43.280598,55.97955699999999,32.34528320444144,14:00.3,6,-0.34,0101000020E6100000212AA387BE4001C04DC89F96EAA34540,20230419_DACIA_TOLOSA_ZARAUTZ_019,,d2,45:35.1,17:20.6,DACIA_SPRING,Dacia Spring 33 kW,33000,139,13:00.2,2.2,3.6,150,SSE,2.359600807858437,70.95337570581823,109,66,,,,2.0,102.0,5.0,0,102,7,8,7
14:07.3,,,68,,98.5,,,,,,,19,-2.1565988,43.280640000000005,56.62577,32.350141805009365,14:07.3,6,-0.061,0101000020E6100000AB8EB6ECB64001C04BE1A5FDEBA34540,20230419_DACIA_TOLOSA_ZARAUTZ_019,,d2,45:35.1,17:20.6,DACIA_SPRING,Dacia Spring 33 kW,33000,139,13:00.2,2.2,3.6,150,SSE,-1.7999999999999992,0.0,109,66,,,,2.0,102.0,5.0,0,102,7,8,7
14:14.9,,,68,,98.5,,,,,,,19,-2.1565988,43.280640000000005,56.62577,32.350141805009365,14:15.4,6,-0.498,0101000020E6100000AB8EB6ECB64001C04BE1A5FDEBA34540,20230419_DACIA_TOLOSA_ZARAUTZ_019,,d2,45:35.1,17:20.6,DACIA_SPRING,Dacia Spring 33 kW,33000,139,13:00.2,2.2,3.6,150,SSE,1.555727315370149,55.60385825122961,109,66,,,,2.0,102.0,5.0,0,102,7,8,7
14:21.8,,,68,,98.5,,,,,,,19,-2.156581,43.280666,56.718853,32.35337339602542,14:21.4,6,0.412,0101000020E61000008156798DAD4001C0F4D00AEEECA34540,20230419_DACIA_TOLOSA_ZARAUTZ_019,,d2,45:35.1,17:20.6,DACIA_SPRING,Dacia Spring 33 kW,33000,139,13:00.2,2.2,3.6,150,SSE,3.2775110683738946,95.56342124357134,109,66,,,,2.0,102.0,5.0,0,102,7,8,7
14:31.0,,,68,,98.5,,,,,,,19,-2.1566148,43.281013,58.798626,32.39211079639961,14:31.5,6,-0.4629999999999999,0101000020E610000026553139BF4001C01F7E6D46F8A34540,20230419_DACIA_TOLOSA_ZARAUTZ_019,,d2,45:35.1,17:20.6,DACIA_SPRING,Dacia Spring 33 kW,33000,139,13:00.2,2.2,3.6,150,SSE,3.1234064483054547,90.18241720553364,109,66,,,,2.0,102.0,5.0,0,102,7,8,7
14:38.8,,,68,,98.5,,,,,,,19,-2.156617,43.281704,60.30526,32.468961467065995,14:38.5,6,0.283,0101000020E6100000C2463E50C04001C066C90ADA0EA44540,20230419_DACIA_TOLOSA_ZARAUTZ_019,,d2,45:35.1,17:20.6,DACIA_SPRING,Dacia Spring 33 kW,33000,139,13:00.2,2.2,3.6,150,SSE,2.986446529189631,86.0544359874762,109,66,,,,2.0,102.0,5.0,0,102,7,8,7
14:50.1,,,68,,98.5,,,,,,,19,-2.1565452,43.282745,61.45186999999999,32.58486688003272,14:50.2,6,-0.098,0101000020E610000067E39FBB9A4001C0D3DF96F530A44540,20230419_DACIA_TOLOSA_ZARAUTZ_019,,d2,45:35.1,17:20.6,DACIA_SPRING,Dacia Spring 33 kW,33000,139,13:00.2,2.2,3.6,150,SSE,1.994465554036733,63.6431180828716,109,66,,,,2.0,102.0,5.0,0,102,7,45,7
14:57.7,,,68,,98.5,,,,,,,19,-2.1563594,43.28312,62.132294,32.629199672059016,14:57.7,6,-0.005,0101000020E61000008C57BC52394001C0331C64333DA44540,20230419_DACIA_TOLOSA_ZARAUTZ_019,,d2,45:35.1,17:20.6,DACIA_SPRING,Dacia Spring 33 kW,33000,139,13:00.2,2.2,3.6,150,SSE,1.6920885873152205,-178.0358938782861,109,66,,,,2.0,102.0,5.0,0,102,7,25,7
15:05.0,,,68,,98.5,,,,,,,19,-2.1569426,43.2831,64.42257,32.67651584382907,15:04.7,6,0.304,0101000020E61000004F83E6176B4101C0F1B2B4A03CA44540,20230419_DACIA_TOLOSA_ZARAUTZ_019,,d2,45:35.1,17:20.6,DACIA_SPRING,Dacia Spring 33 kW,33000,139,13:00.2,2.2,3.6,150,SSE,1.894599830789699,178.24570064776518,109,66,,,,2.0,102.0,5.0,0,102,7,25,7
15:14.3,,,68,,98.5,,,,,,,19,-2.1580527000000003,43.283134,64.4005,32.76645472416017,15:13.8,6,0.502,0101000020E6100000EA0F682FB14301C0AF3AF0BB3DA44540,20230419_DACIA_TOLOSA_ZARAUTZ_019,,d2,45:35.1,17:20.6,DACIA_SPRING,Dacia Spring 33 kW,33000,139,17:19.9,2.2,3.6,10,N,0.6485626341648552,-179.6211367737403,109,66,,,,2.0,102.0,5.0,0,102,7,8,7
15:23.7,,,68,,98.5,,,,,,,19,-2.1591113,43.283127,63.50419599999999,32.85215353364735,15:23.8,6,-0.157,0101000020E61000009B0B561CDC4501C0120D218B3DA44540,20230419_DACIA_TOLOSA_ZARAUTZ_019,,d2,45:35.1,17:20.6,DACIA_SPRING,Dacia Spring 33 kW,33000,139,17:19.9,2.2,3.6,10,N,1.1817981914594542,-170.8357535666558,109,66,,,,2.0,102.0,5.0,0,102,7,25,7
15:32.7,,,68,,98.5,,,,,,,19,-2.1600597,43.282974,64.6716,32.93079500423257,15:32.9,6,-0.152,0101000020E610000088142351CD4701C00B47247D38A44540,20230419_DACIA_TOLOSA_ZARAUTZ_019,,d2,45:35.1,17:20.6,DACIA_SPRING,Dacia Spring 33 kW,33000,139,17:19.9,2.2,3.6,10,N,1.0682840238515232,-172.7377615187986,109,66,,,,2.0,102.0,5.0,0,102,7,25,7
15:41.9,,,68,,98.5,,,,,,,19,-2.1607738,43.282883,65.225426,32.98948108998303,15:41.9,6,-0.035,0101000020E61000002BEFAAC4434901C03EBB227B35A44540,20230419_DACIA_TOLOSA_ZARAUTZ_019,,d2,45:35.1,17:20.6,DACIA_SPRING,Dacia Spring 33 kW,33000,139,17:19.9,2.2,3.6,10,N,1.860221358936052,-158.88696260016346,109,66,,,,2.0,102.0,5.0,0,102,7,8,6
15:49.6,,,68,,98.5,,,,,,,19,-2.1613073,43.282677,65.48539,33.038366145632324,15:50.0,6,-0.356,0101000020E61000004F1B00725B4A01C0AC270AB92EA44540,20230419_DACIA_TOLOSA_ZARAUTZ_019,,d2,45:35.1,17:20.6,DACIA_SPRING,Dacia Spring 33 kW,33000,139,17:19.9,2.2,3.6,10,N,3.5432265314073117,-110.18899857578764,109,66,,,,2.0,102.0,5.0,0,102,7,25,6
15:57.9,,,68,,98.5,,,,,,,19,-2.1614952,43.282166,63.931538,33.09720783241321,15:58.0,6,-0.136,0101000020E6100000B666700DBE4A01C0AB7260F81DA44540,20230419_DACIA_TOLOSA_ZARAUTZ_019,,d2,45:35.1,17:20.6,DACIA_SPRING,Dacia Spring 33 kW,33000,139,17:19.9,2.2,3.6,10,N,2.7184479509617177,-59.03624344828187,109,66,,,,2.0,102.0,5.0,0,102,7,25,6
16:07.5,,,68,,98.5,,,,,,,19,-2.1614904,43.282158,63.59045,33.09823672977923,16:07.4,6,0.154,0101000020E61000009838D588BB4A01C0D18F61B51DA44540,20230419_DACIA_TOLOSA_ZARAUTZ_019,,d2,45:35.1,17:20.6,DACIA_SPRING,Dacia Spring 33 kW,33000,139,17:19.9,2.2,3.6,10,N,3.4902795893789755,-114.1820606814797,109,66,,,,2.0,102.0,5.0,0,102,7,25,6
16:24.0,,,68,,98.5,,,,,,,19,-2.1617715,43.281532,65.16202,33.1714864638955,16:24.2,6,-0.216,0101000020E6100000A0BA71E54E4B01C0D00DD23C09A44540,20230419_DACIA_TOLOSA_ZARAUTZ_019,,d2,45:35.1,17:20.6,DACIA_SPRING,Dacia Spring 33 kW,33000,139,17:19.9,2.2,3.6,10,N,2.412784693026107,-147.91610991828645,109,66,,,,2.0,102.0,5.0,0,102,7,25,6
16:32.5,,,68,,98.5,,,,,,,19,-2.1624925,43.28108,64.04854,33.2485172680164,16:32.3,6,0.188,0101000020E6100000F633EAE7C84C01C01DF04062FAA34540,20230419_DACIA_TOLOSA_ZARAUTZ_019,,d2,45:35.1,17:20.6,DACIA_SPRING,Dacia Spring 33 kW,33000,139,17:19.9,2.2,3.6,10,N,1.4218341161381476,-166.7368997269147,109,66,,,,2.0,102.0,5.0,0,102,7,25,6
16:40.0,,,68,,98.5,,,,,,,19,-2.163341,43.28088,63.29452,33.320717766556946,16:40.3,6,-0.38,0101000020E61000001155B3CF854E01C096D3C9DCF3A34540,20230419_DACIA_TOLOSA_ZARAUTZ_019,,d2,45:35.1,17:20.6,DACIA_SPRING,Dacia Spring 33 kW,33000,139,17:19.9,2.2,3.6,10,N,0.1956568319057298,173.11551025998818,109,66,,,,2.0,102.0,5.0,0,102,7,25,6
16:48.7,,,68,,98.5,,,,,,,19,-2.1636226,43.280914,62.02379200000001,33.343859598622416,16:48.4,6,0.2739999999999999,0101000020E6100000C1F72958194F01C0D8B340F9F4A34540,20230419_DACIA_TOLOSA_ZARAUTZ_019,,d2,45:35.1,17:20.6,DACIA_SPRING,Dacia Spring 33 kW,33000,139,17:19.9,2.2,3.6,10,N,1.5339907624582452,-164.77914910338438,109,66,,,,2.0,102.0,5.0,0,102,7,8,6
16:57.2,,,68,,98.5,,,,,,,19,-2.1641886,43.28076,61.77756,33.39277341581309,16:57.4,6,-0.273,0101000020E61000005DC64326425001C0BB5C44FFEFA34540,20230419_DACIA_TOLOSA_ZARAUTZ_019,,d2,45:35.1,17:20.6,DACIA_SPRING,Dacia Spring 33 kW,33000,139,17:19.9,2.2,3.6,10,N,0.433028758016306,176.90859523448484,109,66,,,,2.0,102.0,5.0,0,102,7,8,6
17:05.5,,,68,,98.5,,,,,,,19,-2.1650033,43.280804,61.57686,33.458905089911774,17:05.5,6,-0.018,0101000020E610000069A28447ED5101C0151AF66BF1A34540,20230419_DACIA_TOLOSA_ZARAUTZ_019,,d2,45:35.1,17:20.6,DACIA_SPRING,Dacia Spring 33 kW,33000,139,17:19.9,2.2,3.6,10,N,-1.0935567108267692,152.3160759413055,109,66,,,,2.0,102.0,5.0,0,102,7,25,6
17:16.0,,,68,,98.5,,,,,,,19,-2.1654150000000003,43.28102,61.798836,33.49998569704998,17:15.6,6,0.4029999999999999,0101000020E6100000C4EF7C1EC55201C0AF601181F8A34540,20230419_DACIA_TOLOSA_ZARAUTZ_019,,d2,45:35.1,17:20.6,DACIA_SPRING,Dacia Spring 33 kW,33000,139,17:19.9,2.2,3.6,10,N,,,109,66,,,,2.0,102.0,5.0,0,102,7,25,6
