timestamp_data_utc,elv_spy,speed,soc,amb_temp,soh,regenwh,Motor Pwr(w),Aux Pwr(100w),Motor Temp,Torque Nm,rpm,route_id,longitude,latitude,altitude,cumul_dist,timestamp_gps_utc,car_id,time_diff,point_geom,route_code,route_description,driver,start_timestamp,end_timestamp,car_code,car_description,capacity,ref_consumption,timestamp_weather_utc,wind_mph,wind_kph,wind_degree,wind_dir,Frontal_Wind,Veh_deg,totalVehicles,speedAvg,cars_by_speed_interval_0_80,cars_by_speed_interval_80_100,cars_by_speed_interval_100_120,cars_by_speed_interval_0_50,cars_by_speed_interval_50_80,cars_by_speed_interval_80_120,cars_by_speed_interval_120_inf,cars_by_length_interval_0_7,cars_by_length_interval_7_inf,max_speed,radius
2023-04-18 08:29:05.606,,,78,,98.5,,,,,,,3,-2.0735114,43.140427,118.99158,0.0,2023-04-18 08:29:06.002,6,-0.396,0101000020E610000053A6242D8D9600C0AACB3172F9914540,20230418_DACIA_TOLOSA_ZARAUTZ_003,,d3,2023-04-18 08:29:01.982,2023-04-18 08:58:57.539,DACIA_SPRING,Dacia Spring 33 kW,33000,139,2023-04-18 08:29:12.558,2.2,3.6,349,N,-3.01723095475424,67.94209500464645,515,106,,,,0.0,0.0,442.0,73,507,8,8,3
2023-04-18 08:29:11.181,,,78,,98.5,,,,,,,3,-2.0734413000000003,43.1406,118.13573999999998,0.02007818717054835,2023-04-18 08:29:11.054,6,0.127,0101000020E61000004ED25F5C689600C0B333F924FF914540,20230418_DACIA_TOLOSA_ZARAUTZ_003,,d3,2023-04-18 08:29:01.982,2023-04-18 08:58:57.539,DACIA_SPRING,Dacia Spring 33 kW,33000,139,2023-04-18 08:29:12.558,2.2,3.6,349,N,-3.4843780936810727,86.43951946502698,515,106,,,,0.0,0.0,442.0,73,507,8,8,3
2023-04-18 08:29:16.731,,,78,,98.5,,,,,,,3,-2.0734217,43.140915,120.572815,0.05522526565366977,2023-04-18 08:29:17.073,6,-0.342,0101000020E6100000BE4C352F5E9600C0C0236C7009924540,20230418_DACIA_TOLOSA_ZARAUTZ_003,,d3,2023-04-18 08:29:01.982,2023-04-18 08:58:57.539,DACIA_SPRING,Dacia Spring 33 kW,33000,139,2023-04-18 08:29:12.558,2.2,3.6,349,N,-2.378913594743755,52.361626283097166,515,106,,,,0.0,0.0,442.0,73,507,8,25,3
2023-04-18 08:29:22.254,,,78,,98.5,,,,,,,3,-2.0733361,43.141026,122.04736,0.0694643435124,2023-04-18 08:29:22.091,6,0.163,0101000020E6100000BDB8BF40319600C023CAAC180D924540,20230418_DACIA_TOLOSA_ZARAUTZ_003,,d3,2023-04-18 08:29:01.982,2023-04-18 08:58:57.539,DACIA_SPRING,Dacia Spring 33 kW,33000,139,2023-04-18 08:29:12.558,2.2,3.6,349,N,0.1370154729307163,8.818804207925243,515,106,,,,0.0,0.0,442.0,73,507,8,25,2
2023-04-18 08:29:27.873,,,78,,98.5,,,,,,,3,-2.0729687,43.141083,112.10077,0.10152213504095789,2023-04-18 08:29:28.111,6,-0.238,0101000020E610000085A6789E709500C0E17526020F924540,20230418_DACIA_TOLOSA_ZARAUTZ_003,,d3,2023-04-18 08:29:01.982,2023-04-18 08:58:57.539,DACIA_SPRING,Dacia Spring 33 kW,33000,139,2023-04-18 08:29:12.558,2.2,3.6,349,N,-1.6717992048296646,38.67066486676491,515,106,,,,0.0,0.0,442.0,73,507,8,25,2
2023-04-18 08:29:33.544,,,78,,98.5,,,,,,,3,-2.07284,43.141186,108.1203,0.11752388882263676,2023-04-18 08:29:33.104,6,0.44,0101000020E610000054C0E2152D9500C03875926B12924540,20230418_DACIA_TOLOSA_ZARAUTZ_003,,d3,2023-04-18 08:29:01.982,2023-04-18 08:58:57.539,DACIA_SPRING,Dacia Spring 33 kW,33000,139,2023-04-18 08:29:12.558,2.2,3.6,349,N,-3.3507719067495128,79.55515967968968,515,106,,,,0.0,0.0,442.0,73,507,8,25,2
2023-04-18 08:29:39.161,,,78,,98.5,,,,,,,3,-2.0728035,43.141384,113.68109,0.1404241735093391,2023-04-18 08:29:39.151,6,0.01,0101000020E61000000BAABA051A9500C04DBAD2D718924540,20230418_DACIA_TOLOSA_ZARAUTZ_003,,d3,2023-04-18 08:29:01.982,2023-04-18 08:58:57.539,DACIA_SPRING,Dacia Spring 33 kW,33000,139,2023-04-18 08:29:12.558,2.2,3.6,349,N,-2.163396928280635,47.93750732000017,515,106,,,,0.0,0.0,442.0,73,507,8,25,2
2023-04-18 08:29:44.619,,,78,,98.5,,,,,,,3,-2.0727277,43.141468,115.138794,0.15170206121447108,2023-04-18 08:29:44.164,6,0.455,0101000020E6100000D1B0B54AF29400C05D78149D1B924540,20230418_DACIA_TOLOSA_ZARAUTZ_003,,d3,2023-04-18 08:29:01.982,2023-04-18 08:58:57.539,DACIA_SPRING,Dacia Spring 33 kW,33000,139,2023-04-18 08:29:12.558,2.2,3.6,349,N,-2.1633969284184658,47.93750732274464,515,106,,,,0.0,0.0,442.0,73,507,8,25,2
2023-04-18 08:29:50.158,,,78,,98.5,,,,,,,3,-2.0726898,43.14151,111.750244,0.15824031129705604,2023-04-18 08:29:50.164,6,-0.006,0101000020E610000023CD8A6EDE9400C0C7C5C50F1D924540,20230418_DACIA_TOLOSA_ZARAUTZ_003,,d3,2023-04-18 08:29:01.982,2023-04-18 08:58:57.539,DACIA_SPRING,Dacia Spring 33 kW,33000,139,2023-04-18 08:29:12.558,2.2,3.6,349,N,-3.593718083597401,97.61471194185518,515,106,,,,0.0,0.0,442.0,73,507,8,25,2
2023-04-18 08:29:55.554,,,78,,98.5,,,,,,,3,-2.0727148,43.141697,110.416565,0.17917498675262838,2023-04-18 08:29:55.183,6,0.371,0101000020E6100000E11A2B73EB9400C04719D42B23924540,20230418_DACIA_TOLOSA_ZARAUTZ_003,,d3,2023-04-18 08:29:01.982,2023-04-18 08:58:57.539,DACIA_SPRING,Dacia Spring 33 kW,33000,139,2023-04-18 08:29:12.558,2.2,3.6,349,N,-3.5999973511972017,100.9304957726627,515,106,,,,0.0,0.0,442.0,73,507,8,25,2
2023-04-18 08:30:01.074,,,78,,98.5,,,,,,,3,-2.0727878,43.142075,111.492676,0.22163556078963792,2023-04-18 08:30:01.223,6,-0.149,0101000020E610000098C582CA119500C05F5A9A7C2F924540,20230418_DACIA_TOLOSA_ZARAUTZ_003,,d3,2023-04-18 08:29:01.982,2023-04-18 08:58:57.539,DACIA_SPRING,Dacia Spring 33 kW,33000,139,2023-04-18 08:29:12.558,2.2,3.6,349,N,-3.5714974537664177,93.78535169221628,517,106,,,,0.0,0.0,442.0,75,508,9,25,2
2023-04-18 08:30:06.543,,,78,,98.5,,,,,,,3,-2.0728097,43.142406,111.72461,0.2584846762992604,2023-04-18 08:30:06.243,6,0.3,0101000020E61000005CA0EE4D1D9500C030C86D663A924540,20230418_DACIA_TOLOSA_ZARAUTZ_003,,d3,2023-04-18 08:29:01.982,2023-04-18 08:58:57.539,DACIA_SPRING,Dacia Spring 33 kW,33000,139,2023-04-18 08:29:12.558,2.2,3.6,349,N,-3.585222776636223,106.19315718423452,517,106,,,,0.0,0.0,442.0,75,508,9,25,2
2023-04-18 08:30:12.218,,,78,,98.5,,,,,,,3,-2.0728974,43.142708,113.69794,0.2928677859421008,2023-04-18 08:30:12.263,6,-0.045,0101000020E61000008C7C24464B9500C06CB2463D44924540,20230418_DACIA_TOLOSA_ZARAUTZ_003,,d3,2023-04-18 08:29:01.982,2023-04-18 08:58:57.539,DACIA_SPRING,Dacia Spring 33 kW,33000,139,2023-04-18 08:29:12.558,2.2,3.6,349,N,-3.2099773274202783,74.08263530030682,517,106,,,,0.0,0.0,442.0,75,508,9,25,2
2023-04-18 08:30:17.754,,,78,,98.5,,,,,,,3,-2.0728512,43.14287,116.64691,0.3115020476156002,2023-04-18 08:30:17.283,6,0.471,0101000020E6100000630719F1329500C0C27683AA49924540,20230418_DACIA_TOLOSA_ZARAUTZ_003,,d3,2023-04-18 08:29:01.982,2023-04-18 08:58:57.539,DACIA_SPRING,Dacia Spring 33 kW,33000,139,2023-04-18 08:29:12.558,2.2,3.6,349,N,-3.492530524525548,86.9649065254239,517,106,,,,0.0,0.0,442.0,75,508,9,25,2
2023-04-18 08:30:23.283,,,78,,98.5,,,,,,,3,-2.0728319,43.143234,116.057495,0.3520115675775061,2023-04-18 08:30:23.303,6,-0.02,0101000020E6100000B61068D9289500C0F8C8627255924540,20230418_DACIA_TOLOSA_ZARAUTZ_003,,d3,2023-04-18 08:29:01.982,2023-04-18 08:58:57.539,DACIA_SPRING,Dacia Spring 33 kW,33000,139,2023-04-18 08:29:12.558,2.2,3.6,349,N,2.495019794836249,-32.87290895786864,517,106,,,,0.0,0.0,442.0,75,508,9,8,2
2023-04-18 08:30:28.815,,,78,,98.5,,,,,,,3,-2.0728025000000003,43.143215000000005,114.286194,0.35565721272449013,2023-04-18 08:30:28.344,6,0.471,0101000020E61000009425C674199500C00AE35DE454924540,20230418_DACIA_TOLOSA_ZARAUTZ_003,,d3,2023-04-18 08:29:01.982,2023-04-18 08:58:57.539,DACIA_SPRING,Dacia Spring 33 kW,33000,139,2023-04-18 08:29:12.558,2.2,3.6,349,N,-3.488111500203963,86.6777781119262,517,106,,,,0.0,0.0,442.0,75,508,9,8,2
2023-04-18 08:30:34.35,,,78,,98.5,,,,,,,3,-2.0727906000000003,43.14342,116.62756,0.37859243342113397,2023-04-18 08:30:34.362,6,-0.012,0101000020E6100000443F4B3E139500C07E4F72A85B924540,20230418_DACIA_TOLOSA_ZARAUTZ_003,,d3,2023-04-18 08:29:01.982,2023-04-18 08:58:57.539,DACIA_SPRING,Dacia Spring 33 kW,33000,139,2023-04-18 08:29:12.558,2.2,3.6,349,N,-3.459160052487196,84.9203921399888,517,106,,,,0.0,0.0,442.0,75,508,9,8,2
2023-04-18 08:30:39.834,,,78,,98.5,,,,,,,3,-2.072761,43.143753,116.71631,0.4156982462898714,2023-04-18 08:30:39.403,6,0.431,0101000020E61000002801BDB2039500C04F52AA8E66924540,20230418_DACIA_TOLOSA_ZARAUTZ_003,,d3,2023-04-18 08:29:01.982,2023-04-18 08:58:57.539,DACIA_SPRING,Dacia Spring 33 kW,33000,139,2023-04-18 08:29:12.558,2.2,3.6,349,N,-3.4804843029132453,86.19502291075311,517,106,,,,0.0,0.0,442.0,75,508,9,25,2
2023-04-18 08:30:45.524,,,78,,98.5,,,,,,,3,-2.0727193,43.14438,123.45734,0.48582425446975835,2023-04-18 08:30:45.423,6,0.1009999999999999,0101000020E61000004B15F7E5ED9400C0EB9D7E0E7B924540,20230418_DACIA_TOLOSA_ZARAUTZ_003,,d3,2023-04-18 08:29:01.982,2023-04-18 08:58:57.539,DACIA_SPRING,Dacia Spring 33 kW,33000,139,2023-04-18 08:29:12.558,2.2,3.6,349,N,-3.3676109407461223,80.30055966729377,517,106,,,,0.0,0.0,442.0,75,508,9,25,2
2023-04-18 08:30:51.014,,,78,,98.5,,,,,,,3,-2.0726082,43.14503,130.33087,0.5589844427137507,2023-04-18 08:30:51.443,6,-0.429,0101000020E6100000988D08A5B39400C0C8A7325290924540,20230418_DACIA_TOLOSA_ZARAUTZ_003,,d3,2023-04-18 08:29:01.982,2023-04-18 08:58:57.539,DACIA_SPRING,Dacia Spring 33 kW,33000,139,2023-04-18 08:29:12.558,2.2,3.6,349,N,-3.0106995426928918,67.75201401851263,517,106,,,,0.0,0.0,442.0,75,508,9,25,2
2023-04-18 08:30:56.563,,,78,,98.5,,,,,,,3,-2.0724323,43.14546,127.47412,0.6089642250961746,2023-04-18 08:30:56.475,6,0.088,0101000020E610000062A04A51579400C0501962699E924540,20230418_DACIA_TOLOSA_ZARAUTZ_003,,d3,2023-04-18 08:29:01.982,2023-04-18 08:58:57.539,DACIA_SPRING,Dacia Spring 33 kW,33000,139,2023-04-18 08:29:12.558,2.2,3.6,349,N,-3.359823201165718,79.95269385493519,517,106,,,,0.0,0.0,442.0,75,508,9,25,2
2023-04-18 08:31:02.078,,,78,,98.5,,,,,,,3,-2.0723042,43.146183,130.39307,0.6900796532965667,2023-04-18 08:31:02.514,6,-0.436,0101000020E6100000C0526531149400C07900EE26B6924540,20230418_DACIA_TOLOSA_ZARAUTZ_003,,d3,2023-04-18 08:29:01.982,2023-04-18 08:58:57.539,DACIA_SPRING,Dacia Spring 33 kW,33000,139,2023-04-18 08:29:12.558,2.2,3.6,349,N,-3.527576333643037,89.48782409869507,517,106,,,,0.0,0.0,442.0,75,508,9,25,2
2023-04-18 08:31:07.694,,,78,,98.5,,,,,,,3,-2.0722983,43.146843,130.86365,0.7634713745012982,2023-04-18 08:31:07.504,6,0.19,0101000020E6100000337A2414119400C0D324A1C2CB924540,20230418_DACIA_TOLOSA_ZARAUTZ_003,,d3,2023-04-18 08:29:01.982,2023-04-18 08:58:57.539,DACIA_SPRING,Dacia Spring 33 kW,33000,139,2023-04-18 08:29:12.558,2.2,3.6,349,N,-3.590405116359615,105.1841066091276,517,106,,,,0.0,0.0,442.0,75,508,9,8,2
2023-04-18 08:31:13.24,,,78,,98.5,,,,,,,3,-2.0725374,43.147724,126.61023,0.86342664193708,2023-04-18 08:31:13.557,6,-0.317,0101000020E6100000B17A13858E9400C07DB2209CE8924540,20230418_DACIA_TOLOSA_ZARAUTZ_003,,d3,2023-04-18 08:29:01.982,2023-04-18 08:58:57.539,DACIA_SPRING,Dacia Spring 33 kW,33000,139,2023-04-18 08:33:04.861,2.2,3.6,349,N,-3.526935792244139,89.4368544900057,517,106,,,,0.0,0.0,442.0,75,508,9,25,2
2023-04-18 08:31:18.668,,,78,,98.5,,,,,,,3,-2.0725305,43.148426,126.88208,0.941487960893965,2023-04-18 08:31:18.552,6,0.1159999999999999,0101000020E6100000541A94DD8A9400C0DCA77896FF924540,20230418_DACIA_TOLOSA_ZARAUTZ_003,,d3,2023-04-18 08:29:01.982,2023-04-18 08:58:57.539,DACIA_SPRING,Dacia Spring 33 kW,33000,139,2023-04-18 08:33:04.861,2.2,3.6,349,N,-3.5591020111333247,92.35531113152678,517,106,,,,0.0,0.0,442.0,75,508,9,25,2
2023-04-18 08:31:24.23,,,78,,98.5,,,,,,,3,-2.0725625,43.149204,123.66864,1.0280961912131177,2023-04-18 08:31:24.581,6,-0.351,0101000020E610000051572D9F9B9400C0828CC22619934540,20230418_DACIA_TOLOSA_ZARAUTZ_003,,d3,2023-04-18 08:29:01.982,2023-04-18 08:58:57.539,DACIA_SPRING,Dacia Spring 33 kW,33000,139,2023-04-18 08:33:04.861,2.2,3.6,349,N,-3.22871265013149,74.74894857740526,517,106,,,,0.0,0.0,442.0,75,508,9,25,2
2023-04-18 08:31:29.702,,,78,,98.5,,,,,,,3,-2.0724,43.1498,124.60089,1.0956732255174146,2023-04-18 08:31:29.628,6,0.074,0101000020E61000009A98AA8B469400C02BA0F5952C934540,20230418_DACIA_TOLOSA_ZARAUTZ_003,,d3,2023-04-18 08:29:01.982,2023-04-18 08:58:57.539,DACIA_SPRING,Dacia Spring 33 kW,33000,139,2023-04-18 08:33:04.861,2.2,3.6,349,N,-3.310622502063016,77.87020678009407,517,106,,,,0.0,0.0,442.0,75,508,9,40,2
2023-04-18 08:31:35.172,,,78,,98.5,,,,,,,3,-2.0722560000000003,43.15047,123.19275,1.171097277175852,2023-04-18 08:31:35.64,6,-0.4679999999999999,0101000020E6100000DFB920F0FA9300C0D2C5A69542934540,20230418_DACIA_TOLOSA_ZARAUTZ_003,,d3,2023-04-18 08:29:01.982,2023-04-18 08:58:57.539,DACIA_SPRING,Dacia Spring 33 kW,33000,139,2023-04-18 08:33:04.861,2.2,3.6,349,N,-3.337201570823217,78.97196330562652,517,106,,,,0.0,0.0,442.0,75,508,9,40,1
2023-04-18 08:31:40.581,,,78,,98.5,,,,,,,3,-2.072134,43.151096,121.7381,1.241420414724841,2023-04-18 08:31:40.651,6,-0.07,0101000020E6100000A6762BF0BA9300C01B95C42757934540,20230418_DACIA_TOLOSA_ZARAUTZ_003,,d3,2023-04-18 08:29:01.982,2023-04-18 08:58:57.539,DACIA_SPRING,Dacia Spring 33 kW,33000,139,2023-04-18 08:33:04.861,2.2,3.6,349,N,-2.8524252409596818,63.40476137585927,517,106,,,,0.0,0.0,442.0,75,508,9,25,1
2023-04-18 08:31:46.281,,,78,,98.5,,,,,,,3,-2.071754,43.151855,120.47571,1.3312797732317445,2023-04-18 08:31:46.671,6,-0.39,0101000020E6100000717432C4F39200C0F633480370934540,20230418_DACIA_TOLOSA_ZARAUTZ_003,,d3,2023-04-18 08:29:01.982,2023-04-18 08:58:57.539,DACIA_SPRING,Dacia Spring 33 kW,33000,139,2023-04-18 08:33:04.861,2.2,3.6,349,N,-2.5595144254259496,56.31439963273294,517,106,,,,0.0,0.0,442.0,75,508,9,25,1
2023-04-18 08:31:51.78,,,78,,98.5,,,,,,,3,-2.0713593999999995,43.152447,118.435,1.404505976096744,2023-04-18 08:31:51.7,6,0.08,0101000020E610000070EA24D7249200C028A5986A83934540,20230418_DACIA_TOLOSA_ZARAUTZ_003,,d3,2023-04-18 08:29:01.982,2023-04-18 08:58:57.539,DACIA_SPRING,Dacia Spring 33 kW,33000,139,2023-04-18 08:33:04.861,2.2,3.6,349,N,-2.455941225471227,54.01626094884305,517,106,,,,0.0,0.0,442.0,75,508,9,25,1
2023-04-18 08:31:57.309,,,78,,98.5,,,,,,,3,-2.0707865,43.153236,117.059204,1.5037972095671728,2023-04-18 08:31:57.731,6,-0.422,0101000020E610000051C73A87F89000C074364F3B9D934540,20230418_DACIA_TOLOSA_ZARAUTZ_003,,d3,2023-04-18 08:29:01.982,2023-04-18 08:58:57.539,DACIA_SPRING,Dacia Spring 33 kW,33000,139,2023-04-18 08:33:04.861,2.2,3.6,349,N,-2.627278280263435,57.86958993438163,517,106,,,,0.0,0.0,442.0,75,508,9,25,1
2023-04-18 08:32:02.76,,,78,,98.5,,,,,,,3,-2.0703318,43.15396,117.179016,1.5923499438734479,2023-04-18 08:32:02.731,6,0.0289999999999999,0101000020E6100000D721CC270A9000C0506541F6B4934540,20230418_DACIA_TOLOSA_ZARAUTZ_003,,d3,2023-04-18 08:29:01.982,2023-04-18 08:58:57.539,DACIA_SPRING,Dacia Spring 33 kW,33000,139,2023-04-18 08:33:04.861,2.2,3.6,349,N,-2.5265891432925938,55.574035715303246,517,106,,,,0.0,0.0,442.0,75,508,9,25,1
2023-04-18 08:32:08.261,,,78,,98.5,,,,,,,3,-2.069863,43.154644,118.857605,1.677401007842513,2023-04-18 08:32:07.771,6,0.49,0101000020E610000031F4A16E148F00C021D5A86ECB934540,20230418_DACIA_TOLOSA_ZARAUTZ_003,,d3,2023-04-18 08:29:01.982,2023-04-18 08:58:57.539,DACIA_SPRING,Dacia Spring 33 kW,33000,139,2023-04-18 08:33:04.861,2.2,3.6,349,N,-2.5313447868086403,55.68038561775344,517,106,,,,0.0,0.0,442.0,75,508,9,25,1
2023-04-18 08:32:13.86,,,78,,98.5,,,,,,,3,-2.0692923,43.15548,119.32349,1.7812503499104093,2023-04-18 08:32:13.78,6,0.08,0101000020E6100000D051BB1DE98D00C0C64C68B3E6934540,20230418_DACIA_TOLOSA_ZARAUTZ_003,,d3,2023-04-18 08:29:01.982,2023-04-18 08:58:57.539,DACIA_SPRING,Dacia Spring 33 kW,33000,139,2023-04-18 08:33:04.861,2.2,3.6,349,N,-2.5759936992964283,56.68860391969831,517,106,,,,0.0,0.0,442.0,75,508,9,25,1
2023-04-18 08:32:19.34,,,78,,98.5,,,,,,,3,-2.0688014,43.156227,117.5296,1.8733820196791209,2023-04-18 08:32:19.791,6,-0.451,0101000020E610000060EC5ACEE78C00C0608D793EFF934540,20230418_DACIA_TOLOSA_ZARAUTZ_003,,d3,2023-04-18 08:29:01.982,2023-04-18 08:58:57.539,DACIA_SPRING,Dacia Spring 33 kW,33000,139,2023-04-18 08:33:04.861,2.2,3.6,349,N,-2.696096798403887,59.49654626597403,517,106,,,,0.0,0.0,442.0,75,508,9,25,1
2023-04-18 08:32:24.88,,,78,,98.5,,,,,,,3,-2.068498,43.156742,118.17908,1.9357151473305723,2023-04-18 08:32:24.811,6,0.069,0101000020E6100000462297AC488C00C05747C81F10944540,20230418_DACIA_TOLOSA_ZARAUTZ_003,,d3,2023-04-18 08:29:01.982,2023-04-18 08:58:57.539,DACIA_SPRING,Dacia Spring 33 kW,33000,139,2023-04-18 08:33:04.861,2.2,3.6,349,N,-3.070322827862137,69.52493262196788,517,106,,,,0.0,0.0,442.0,75,508,9,25,1
2023-04-18 08:32:30.44,,,78,,98.5,,,,,,,3,-2.0683184,43.157223,116.15515,1.9911853958961165,2023-04-18 08:32:30.86,6,-0.42,0101000020E61000005851C585EA8B00C0CCE4C4EC1F944540,20230418_DACIA_TOLOSA_ZARAUTZ_003,,d3,2023-04-18 08:29:01.982,2023-04-18 08:58:57.539,DACIA_SPRING,Dacia Spring 33 kW,33000,139,2023-04-18 08:33:04.861,2.2,3.6,349,N,-3.374825971422414,80.62790729155283,517,106,,,,0.0,0.0,442.0,75,508,9,25,1
2023-04-18 08:32:35.96,,,78,,98.5,,,,,,,3,-2.0682504,43.157635,115.24432,2.0373375461022367,2023-04-18 08:32:35.88,6,0.08,0101000020E6100000D61BF7DEC68B00C0B9ABD3582D944540,20230418_DACIA_TOLOSA_ZARAUTZ_003,,d3,2023-04-18 08:29:01.982,2023-04-18 08:58:57.539,DACIA_SPRING,Dacia Spring 33 kW,33000,139,2023-04-18 08:33:04.861,2.2,3.6,349,N,-3.506790280645553,87.93352301434496,517,106,,,,0.0,0.0,442.0,75,508,9,25,1
2023-04-18 08:32:41.469,,,78,,98.5,,,,,,,3,-2.0682259,43.158314,122.75787,2.1132378580027433,2023-04-18 08:32:41.89,6,-0.421,0101000020E61000002488EBFFB98B00C0D207269243944540,20230418_DACIA_TOLOSA_ZARAUTZ_003,,d3,2023-04-18 08:29:01.982,2023-04-18 08:58:57.539,DACIA_SPRING,Dacia Spring 33 kW,33000,139,2023-04-18 08:33:04.861,2.2,3.6,349,N,-3.585359282061145,95.83090086385016,517,106,,,,0.0,0.0,442.0,75,508,9,25,1
2023-04-18 08:32:46.984,,,78,,98.5,,,,,,,3,-2.0682933,43.158974,123.78479,2.1868370201508522,2023-04-18 08:32:46.911,6,0.073,0101000020E61000008F49905BDD8B00C0FC7D733D59944540,20230418_DACIA_TOLOSA_ZARAUTZ_003,,d3,2023-04-18 08:29:01.982,2023-04-18 08:58:57.539,DACIA_SPRING,Dacia Spring 33 kW,33000,139,2023-04-18 08:33:04.861,2.2,3.6,349,N,-3.5817515670517186,106.77142148973408,517,106,,,,0.0,0.0,442.0,75,508,9,40,1
2023-04-18 08:32:52.601,,,78,,98.5,,,,,,,3,-2.0685127,43.159702,126.023865,2.2697501943624676,2023-04-18 08:32:52.94,6,-0.3389999999999999,0101000020E61000003678FC6A508C00C014EB961571944540,20230418_DACIA_TOLOSA_ZARAUTZ_003,,d3,2023-04-18 08:29:01.982,2023-04-18 08:58:57.539,DACIA_SPRING,Dacia Spring 33 kW,33000,139,2023-04-18 08:33:04.861,2.2,3.6,349,N,-3.585248589245388,106.18861643635256,517,106,,,,0.0,0.0,442.0,75,508,9,40,1
2023-04-18 08:32:58.16,,,78,,98.5,,,,,,,3,-2.0686805,43.16028,130.08826000000002,2.335571775546831,2023-04-18 08:32:57.971,6,0.1889999999999999,0101000020E61000008CC6B160A88C00C010DA40F483944540,20230418_DACIA_TOLOSA_ZARAUTZ_003,,d3,2023-04-18 08:29:01.982,2023-04-18 08:58:57.539,DACIA_SPRING,Dacia Spring 33 kW,33000,139,2023-04-18 08:33:04.861,2.2,3.6,349,N,-3.5520540153745506,110.36150531923327,517,106,,,,0.0,0.0,442.0,75,508,9,40,1
2023-04-18 08:33:03.641,,,78,,98.5,,,,,,,3,-2.0688772,43.16081,130.42737,2.3966274148362015,2023-04-18 08:33:04.001,6,-0.36,0101000020E6100000F2E8A9820F8D00C00D92996695944540,20230418_DACIA_TOLOSA_ZARAUTZ_003,,d3,2023-04-18 08:29:01.982,2023-04-18 08:58:57.539,DACIA_SPRING,Dacia Spring 33 kW,33000,139,2023-04-18 08:33:04.861,2.2,3.6,349,N,-3.573134269923158,108.0041616049112,517,106,,,,0.0,0.0,442.0,75,508,9,40,1
2023-04-18 08:33:09.161,,,78,,98.5,,,,,,,3,-2.0689175,43.160934000000005,124.56317,2.411963222682686,2023-04-18 08:33:09.014,6,0.147,0101000020E61000001761ED9C248D00C0A05DB68499944540,20230418_DACIA_TOLOSA_ZARAUTZ_003,,d3,2023-04-18 08:29:01.982,2023-04-18 08:58:57.539,DACIA_SPRING,Dacia Spring 33 kW,33000,139,2023-04-18 08:33:04.861,2.2,3.6,349,N,-0.97762816199786,26.7573181681518,517,106,,,,0.0,0.0,442.0,75,508,9,40,1
2023-04-18 08:33:14.605,,,78,,98.5,,,,,,,3,-2.0689056,43.16094,117.805786,2.418821718905587,2023-04-18 08:33:15.032,6,-0.427,0101000020E6100000444C0D5D1E8D00C0B146039999944540,20230418_DACIA_TOLOSA_ZARAUTZ_003,,d3,2023-04-18 08:29:01.982,2023-04-18 08:58:57.539,DACIA_SPRING,Dacia Spring 33 kW,33000,139,2023-04-18 08:33:04.861,2.2,3.6,349,N,-2.778865121477814,140.47455597499203,517,106,,,,0.0,0.0,442.0,75,508,9,40,1
2023-04-18 08:33:20.1,,,78,,98.5,,,,,,,3,-2.0689359,43.160965,116.516846,2.4227496881100663,2023-04-18 08:33:20.071,6,0.0289999999999999,0101000020E61000004826964A2E8D00C0D53FCA809A944540,20230418_DACIA_TOLOSA_ZARAUTZ_003,,d3,2023-04-18 08:29:01.982,2023-04-18 08:58:57.539,DACIA_SPRING,Dacia Spring 33 kW,33000,139,2023-04-18 08:33:04.861,2.2,3.6,349,N,-2.947257936648634,136.04685044490688,517,106,,,,0.0,0.0,442.0,75,508,9,40,1
2023-04-18 08:33:25.529,,,78,,98.5,,,,,,,3,-2.069078,43.161102,114.45392,2.4419632722307516,2023-04-18 08:33:25.095,6,0.434,0101000020E610000087C3F3CE788D00C0388FDCFD9E944540,20230418_DACIA_TOLOSA_ZARAUTZ_003,,d3,2023-04-18 08:29:01.982,2023-04-18 08:58:57.539,DACIA_SPRING,Dacia Spring 33 kW,33000,139,2023-04-18 08:33:04.861,2.2,3.6,349,N,-3.293590441561054,124.81042409729088,517,106,,,,0.0,0.0,442.0,75,508,9,40,1
2023-04-18 08:33:31.189,,,78,,98.5,,,,,,,3,-2.0693436000000003,43.161484,113.441956,2.4896010258398014,2023-04-18 08:33:31.131,6,0.0579999999999999,0101000020E6100000D4884FF0038E00C0E4BD8B73AB944540,20230418_DACIA_TOLOSA_ZARAUTZ_003,,d3,2023-04-18 08:29:01.982,2023-04-18 08:58:57.539,DACIA_SPRING,Dacia Spring 33 kW,33000,139,2023-04-18 08:33:04.861,2.2,3.6,349,N,-3.467661660544324,85.41636775571592,517,106,,,,0.0,0.0,442.0,75,508,9,40,1
2023-04-18 08:33:36.696,,,78,,98.5,,,,,,,3,-2.069306,43.161953,116.88103999999998,2.541953620826346,2023-04-18 08:33:37.152,6,-0.456,0101000020E6100000B58D1E43F08D00C07D75D9D8BA944540,20230418_DACIA_TOLOSA_ZARAUTZ_003,,d3,2023-04-18 08:29:01.982,2023-04-18 08:58:57.539,DACIA_SPRING,Dacia Spring 33 kW,33000,139,2023-04-18 08:33:04.861,2.2,3.6,349,N,-3.590109987255836,96.75200222109106,517,106,,,,0.0,0.0,442.0,75,508,9,40,1
2023-04-18 08:33:42.182,,,78,,98.5,,,,,,,3,-2.069362,43.162426,119.1626,2.5947938585538677,2023-04-18 08:33:42.183,6,-0.001,0101000020E61000004CEA99980D8E00C09E23F25DCA944540,20230418_DACIA_TOLOSA_ZARAUTZ_003,,d3,2023-04-18 08:29:01.982,2023-04-18 08:58:57.539,DACIA_SPRING,Dacia Spring 33 kW,33000,139,2023-04-18 08:33:04.861,2.2,3.6,349,N,-3.524331597800961,112.7681260924951,517,106,,,,0.0,0.0,442.0,75,508,9,40,1
2023-04-18 08:33:47.76,,,78,,98.5,,,,,,,3,-2.0696197,43.16304,119.40674,2.66619567961129,2023-04-18 08:33:48.213,6,-0.4529999999999999,0101000020E6100000EFA553CB948E00C0ED43FF80DE944540,20230418_DACIA_TOLOSA_ZARAUTZ_003,,d3,2023-04-18 08:29:01.982,2023-04-18 08:58:57.539,DACIA_SPRING,Dacia Spring 33 kW,33000,139,2023-04-18 08:33:04.861,2.2,3.6,349,N,-3.5789703926892518,107.19603127469928,517,106,,,,0.0,0.0,442.0,75,508,9,40,1
2023-04-18 08:33:53.324,,,78,,98.5,,,,,,,3,-2.0697732,43.163536,117.55383,2.72276643170864,2023-04-18 08:33:53.233,6,0.091,0101000020E6100000C0B84C34E58E00C08CA90DB1EE944540,20230418_DACIA_TOLOSA_ZARAUTZ_003,,d3,2023-04-18 08:29:01.982,2023-04-18 08:58:57.539,DACIA_SPRING,Dacia Spring 33 kW,33000,139,2023-04-18 08:33:04.861,2.2,3.6,349,N,-3.0933113903266007,70.23283132327681,517,106,,,,0.0,0.0,442.0,75,508,9,40,1
2023-04-18 08:33:58.921,,,78,,98.5,,,,,,,3,-2.0695662,43.164112,120.45795,2.789042234125148,2023-04-18 08:33:59.233,6,-0.312,0101000020E61000006373FEBB788E00C0D04B629C01954540,20230418_DACIA_TOLOSA_ZARAUTZ_003,,d3,2023-04-18 08:29:01.982,2023-04-18 08:58:57.539,DACIA_SPRING,Dacia Spring 33 kW,33000,139,2023-04-18 08:33:04.861,2.2,3.6,349,N,-2.671739383791569,58.91487142906914,517,106,,,,0.0,0.0,442.0,75,508,9,40,1
2023-04-18 08:34:04.429,,,78,,98.5,,,,,,,3,-2.0694408,43.16432,116.961914,2.8145489515040896,2023-04-18 08:34:04.273,6,0.156,0101000020E610000008E202F1368E00C073ABF78608954540,20230418_DACIA_TOLOSA_ZARAUTZ_003,,d3,2023-04-18 08:29:01.982,2023-04-18 08:58:57.539,DACIA_SPRING,Dacia Spring 33 kW,33000,139,2023-04-18 08:33:04.861,2.2,3.6,349,N,-2.8064921386619623,62.22224183977663,517,106,,,,0.0,0.0,442.0,75,508,9,45,1
2023-04-18 08:34:09.946,,,78,,98.5,,,,,,,3,-2.0693955,43.164406,115.772705,2.824862017933985,2023-04-18 08:34:10.293,6,-0.347,0101000020E6100000378065421F8E00C09BD5D0400B954540,20230418_DACIA_TOLOSA_ZARAUTZ_003,,d3,2023-04-18 08:29:01.982,2023-04-18 08:58:57.539,DACIA_SPRING,Dacia Spring 33 kW,33000,139,2023-04-18 08:33:04.861,2.2,3.6,349,N,-3.510527215056232,88.1992485693631,517,106,,,,0.0,0.0,442.0,75,508,9,45,1
2023-04-18 08:34:15.461,,,78,,98.5,,,,,,,3,-2.0693872,43.16467,117.53522,2.854278045619541,2023-04-18 08:34:15.329,6,0.132,0101000020E6100000E619A0D91A8E00C0C666CBE213954540,20230418_DACIA_TOLOSA_ZARAUTZ_003,,d3,2023-04-18 08:29:01.982,2023-04-18 08:58:57.539,DACIA_SPRING,Dacia Spring 33 kW,33000,139,2023-04-18 08:33:04.861,2.2,3.6,349,N,-3.597987629575636,102.91584590689172,517,106,,,,0.0,0.0,442.0,75,508,9,25,1
2023-04-18 08:34:20.969,,,78,,98.5,,,,,,,3,-2.069492,43.165127000000005,119.41205,2.9058342472337424,2023-04-18 08:34:21.333,6,-0.364,0101000020E6100000833D1EE1518E00C018B76ED622954540,20230418_DACIA_TOLOSA_ZARAUTZ_003,,d3,2023-04-18 08:29:01.982,2023-04-18 08:58:57.539,DACIA_SPRING,Dacia Spring 33 kW,33000,139,2023-04-18 08:33:04.861,2.2,3.6,349,N,-3.414955747927789,82.54975093120285,517,106,,,,0.0,0.0,442.0,75,508,9,25,1
2023-04-18 08:34:26.501,,,78,,98.5,,,,,,,3,-2.0694563,43.1654,115.94861000000002,2.936524287424488,2023-04-18 08:34:26.369,6,0.132,0101000020E6100000CE6CBA123F8E00C0D2757EDD2B954540,20230418_DACIA_TOLOSA_ZARAUTZ_003,,d3,2023-04-18 08:29:01.982,2023-04-18 08:58:57.539,DACIA_SPRING,Dacia Spring 33 kW,33000,139,2023-04-18 08:33:04.861,2.2,3.6,349,N,-2.9388524241873912,65.72085759069317,517,106,,,,0.0,0.0,442.0,75,508,9,25,1
2023-04-18 08:34:32.122,,,78,,98.5,,,,,,,3,-2.0692682,43.165817,120.085815,2.985512708641281,2023-04-18 08:34:32.389,6,-0.267,0101000020E6100000C56A1C7FDC8D00C06613C38239954540,20230418_DACIA_TOLOSA_ZARAUTZ_003,,d3,2023-04-18 08:29:01.982,2023-04-18 08:58:57.539,DACIA_SPRING,Dacia Spring 33 kW,33000,139,2023-04-18 08:33:04.861,2.2,3.6,349,N,-2.677536018631443,59.052703042170926,517,106,,,,0.0,0.0,442.0,75,508,9,25,1
2023-04-18 08:34:37.559,,,78,,98.5,,,,,,,3,-2.0691147,43.166073,119.83838,3.016582846740657,2023-04-18 08:34:37.433,6,0.126,0101000020E6100000E89D8EF08B8D00C032E884D041954540,20230418_DACIA_TOLOSA_ZARAUTZ_003,,d3,2023-04-18 08:29:01.982,2023-04-18 08:58:57.539,DACIA_SPRING,Dacia Spring 33 kW,33000,139,2023-04-18 08:33:04.861,2.2,3.6,349,N,-2.6072111204599184,57.40444095980551,517,106,,,,0.0,0.0,442.0,75,508,9,25,1
2023-04-18 08:34:43.151,,,78,,98.5,,,,,,,3,-2.0687854,43.166588,122.943054,3.0798460055856296,2023-04-18 08:34:43.422,6,-0.271,0101000020E6100000A6BBCA5EDF8C00C0E7CD97CD52954540,20230418_DACIA_TOLOSA_ZARAUTZ_003,,d3,2023-04-18 08:29:01.982,2023-04-18 08:58:57.539,DACIA_SPRING,Dacia Spring 33 kW,33000,139,2023-04-18 08:33:04.861,2.2,3.6,349,N,-2.236483191030354,49.40713226743936,517,106,,,,0.0,0.0,442.0,75,508,9,25,1
2023-04-18 08:34:48.613,,,78,,98.5,,,,,,,3,-2.0684495,43.16698,120.96985,3.1312850327706805,2023-04-18 08:34:48.501,6,0.1119999999999999,0101000020E610000035016D482F8C00C034673BAE5F954540,20230418_DACIA_TOLOSA_ZARAUTZ_003,,d3,2023-04-18 08:29:01.982,2023-04-18 08:58:57.539,DACIA_SPRING,Dacia Spring 33 kW,33000,139,2023-04-18 08:33:04.861,2.2,3.6,349,N,-1.9986879399524435,44.72387789870748,517,106,,,,0.0,0.0,442.0,75,508,9,25,2
2023-04-18 08:34:54.123,,,78,,98.5,,,,,,,3,-2.0680325,43.167393,119.17566,3.1883457505858486,2023-04-18 08:34:54.481,6,-0.358,0101000020E61000008153E59C548B00C01C53241D6D954540,20230418_DACIA_TOLOSA_ZARAUTZ_003,,d3,2023-04-18 08:29:01.982,2023-04-18 08:58:57.539,DACIA_SPRING,Dacia Spring 33 kW,33000,139,2023-04-18 08:33:04.861,2.2,3.6,349,N,-2.124783533412259,47.17245469597837,517,106,,,,0.0,0.0,442.0,75,508,9,25,2
2023-04-18 08:34:59.666,,,78,,98.5,,,,,,,3,-2.0678499,43.16759,117.72583,3.2148269736726696,2023-04-18 08:34:59.505,6,0.161,0101000020E6100000DC4EB6DCF48A00C0067192A473954540,20230418_DACIA_TOLOSA_ZARAUTZ_003,,d3,2023-04-18 08:29:01.982,2023-04-18 08:58:57.539,DACIA_SPRING,Dacia Spring 33 kW,33000,139,2023-04-18 08:33:04.861,2.2,3.6,349,N,-1.8245487466016643,41.4521826502928,517,106,,,,0.0,0.0,442.0,75,508,9,25,2
2023-04-18 08:35:05.306,,,78,,98.5,,,,,,,3,-2.067551,43.167854,118.57793999999998,3.2529070477781334,2023-04-18 08:35:05.521,6,-0.215,0101000020E6100000F1ECFA1E588A00C0147AFD497C954540,20230418_DACIA_TOLOSA_ZARAUTZ_003,,d3,2023-04-18 08:29:01.982,2023-04-18 08:58:57.539,DACIA_SPRING,Dacia Spring 33 kW,33000,139,2023-04-18 08:33:04.861,2.2,3.6,349,N,-1.4480824073844774,34.71860657157046,517,106,,,,0.0,0.0,442.0,75,508,9,25,2
2023-04-18 08:35:10.918,,,78,,98.5,,,,,,,3,-2.067297,43.16803,116.79852,3.2813763386342205,2023-04-18 08:35:10.538,6,0.38,0101000020E6100000D08F12FDD28900C0C9E369F981954540,20230418_DACIA_TOLOSA_ZARAUTZ_003,,d3,2023-04-18 08:29:01.982,2023-04-18 08:58:57.539,DACIA_SPRING,Dacia Spring 33 kW,33000,139,2023-04-18 08:33:04.861,2.2,3.6,349,N,-1.0424287413910789,27.831827564405398,517,106,,,,0.0,0.0,442.0,75,508,9,25,2
2023-04-18 08:35:16.446,,,78,,98.5,,,,,,,3,-2.066975,43.1682,119.792725,3.3137529450505645,2023-04-18 08:35:16.572,6,-0.126,0101000020E61000008B5D70402A8900C055638DA387954540,20230418_DACIA_TOLOSA_ZARAUTZ_003,,d3,2023-04-18 08:29:01.982,2023-04-18 08:58:57.539,DACIA_SPRING,Dacia Spring 33 kW,33000,139,2023-04-18 08:33:04.861,2.2,3.6,349,N,1.244822287537911,-9.229659473745947,517,106,,,,0.0,0.0,442.0,75,508,9,40,2
2023-04-18 08:35:21.976,,,78,,98.5,,,,,,,3,-2.0666673,43.16815,116.82422,3.3394909818524523,2023-04-18 08:35:21.611,6,0.365,0101000020E61000002B17E8E2888800C0FD4E720B86954540,20230418_DACIA_TOLOSA_ZARAUTZ_003,,d3,2023-04-18 08:29:01.982,2023-04-18 08:58:57.539,DACIA_SPRING,Dacia Spring 33 kW,33000,139,2023-04-18 08:33:04.861,2.2,3.6,349,N,1.3545826489279378,-11.103011285041992,517,106,,,,0.0,0.0,442.0,75,508,9,40,2
2023-04-18 08:35:27.672,,,78,,98.5,,,,,,,3,-2.065852,43.16799,117.730225,3.4079695443891374,2023-04-18 08:35:27.669,6,0.003,0101000020E610000083697B68DD8600C0EE0057CB80954540,20230418_DACIA_TOLOSA_ZARAUTZ_003,,d3,2023-04-18 08:29:01.982,2023-04-18 08:58:57.539,DACIA_SPRING,Dacia Spring 33 kW,33000,139,2023-04-18 08:33:04.861,2.2,3.6,349,N,-0.3993464957543366,17.368904668756613,517,106,,,,0.0,0.0,442.0,75,508,9,45,2
2023-04-18 08:35:33.171,,,78,,98.5,,,,,,,3,-2.0650847,43.16823,118.96631,3.4756898279402315,2023-04-18 08:35:33.63,6,-0.4589999999999999,0101000020E6100000CEBBFB2D4B8500C08B178F7B88954540,20230418_DACIA_TOLOSA_ZARAUTZ_003,,d3,2023-04-18 08:29:01.982,2023-04-18 08:58:57.539,DACIA_SPRING,Dacia Spring 33 kW,33000,139,2023-04-18 08:33:04.861,2.2,3.6,349,N,-3.594781126673281,104.08551198440018,517,106,,,,0.0,0.0,442.0,75,508,9,40,2
2023-04-18 08:35:38.694,,,78,,98.5,,,,,,,3,-2.0651808000000003,43.168613,116.12091,3.519078145124042,2023-04-18 08:35:38.654,6,0.04,0101000020E6100000C672C7727D8500C03D667F2495954540,20230418_DACIA_TOLOSA_ZARAUTZ_003,,d3,2023-04-18 08:29:01.982,2023-04-18 08:58:57.539,DACIA_SPRING,Dacia Spring 33 kW,33000,139,2023-04-18 08:38:04.885,2.2,3.6,349,N,-3.0321633977027944,133.61964592644438,517,106,,,,0.0,0.0,442.0,75,508,9,45,2
2023-04-18 08:35:44.223,,,78,,98.5,,,,,,,3,-2.065521,43.16897,113.628174,3.56748512319199,2023-04-18 08:35:44.674,6,-0.451,0101000020E6100000D0FF1FE52F8600C0431970B7A0954540,20230418_DACIA_TOLOSA_ZARAUTZ_003,,d3,2023-04-18 08:29:01.982,2023-04-18 08:58:57.539,DACIA_SPRING,Dacia Spring 33 kW,33000,139,2023-04-18 08:38:04.885,2.2,3.6,349,N,-2.653179275066759,58.475996736476745,517,106,,,,0.0,0.0,442.0,75,508,9,45,2
2023-04-18 08:35:49.701,,,78,,98.5,,,,,,,3,-2.0652413,43.169426,111.18915,3.6230860628472668,2023-04-18 08:35:49.695,6,0.006,0101000020E6100000802D6D409D8500C0F39F5EBEAF954540,20230418_DACIA_TOLOSA_ZARAUTZ_003,,d3,2023-04-18 08:29:01.982,2023-04-18 08:58:57.539,DACIA_SPRING,Dacia Spring 33 kW,33000,139,2023-04-18 08:38:04.885,2.2,3.6,349,N,-1.683993182337692,38.89002094178717,517,106,,,,0.0,0.0,442.0,75,508,9,45,2
2023-04-18 08:35:55.268,,,78,,98.5,,,,,,,3,-2.0644305,43.17008,108.5556,3.7211623042910396,2023-04-18 08:35:55.735,6,-0.467,0101000020E61000004827E011F48300C0DD22D51CC5954540,20230418_DACIA_TOLOSA_ZARAUTZ_003,,d3,2023-04-18 08:29:01.982,2023-04-18 08:58:57.539,DACIA_SPRING,Dacia Spring 33 kW,33000,139,2023-04-18 08:38:04.885,2.2,3.6,349,N,-1.584069606665956,37.10511480447512,517,106,,,,0.0,0.0,442.0,75,508,9,45,2
2023-04-18 08:36:00.815,,,77,,98.5,,,,,,,3,-2.0634747,43.170803,108.375244,3.832837670129842,2023-04-18 08:36:00.751,6,0.064,0101000020E61000003CCE9FFCFE8100C089F7F3D8DC954540,20230418_DACIA_TOLOSA_ZARAUTZ_003,,d3,2023-04-18 08:29:01.982,2023-04-18 08:58:57.539,DACIA_SPRING,Dacia Spring 33 kW,33000,139,2023-04-18 08:38:04.885,2.2,3.6,349,N,-1.497254777252274,35.57626517903444,517,106,,,,0.0,0.0,442.0,75,508,9,25,2
2023-04-18 08:36:06.335,,,77,,98.5,,,,,,,3,-2.062141,43.171757,111.783875,3.984371832865834,2023-04-18 08:36:06.785,6,-0.45,0101000020E6100000AEE98BCE437F00C0CCD91224FC954540,20230418_DACIA_TOLOSA_ZARAUTZ_003,,d3,2023-04-18 08:29:01.982,2023-04-18 08:58:57.539,DACIA_SPRING,Dacia Spring 33 kW,33000,139,2023-04-18 08:38:04.885,2.2,3.6,349,N,-1.639343918046612,38.08895625872869,517,106,,,,0.0,0.0,442.0,75,508,9,25,2
2023-04-18 08:36:11.86,,,77,,98.5,,,,,,,3,-2.0610948,43.172577,112.1886,4.10891880254971,2023-04-18 08:36:11.816,6,0.044,0101000020E610000067DA38411F7D00C0AD83280417964540,20230418_DACIA_TOLOSA_ZARAUTZ_003,,d3,2023-04-18 08:29:01.982,2023-04-18 08:58:57.539,DACIA_SPRING,Dacia Spring 33 kW,33000,139,2023-04-18 08:38:04.885,2.2,3.6,349,N,-1.6043401798839332,37.464936276653376,517,106,,,,0.0,0.0,442.0,75,508,9,25,2
2023-04-18 08:36:17.358,,,77,,98.5,,,,,,,3,-2.0598643,43.17352,110.65845,4.253675243839161,2023-04-18 08:36:17.824,6,-0.466,0101000020E610000093CA4E1E9A7A00C0677EF3EA35964540,20230418_DACIA_TOLOSA_ZARAUTZ_003,,d3,2023-04-18 08:29:01.982,2023-04-18 08:58:57.539,DACIA_SPRING,Dacia Spring 33 kW,33000,139,2023-04-18 08:38:04.885,2.2,3.6,349,N,-1.6802014400297451,38.82176428525644,517,106,,,,0.0,0.0,442.0,75,508,9,25,2
2023-04-18 08:36:22.808,,,77,,98.5,,,,,,,3,-2.0589173,43.174282,109.22308,4.36803739464813,2023-04-18 08:36:22.837,6,-0.0289999999999999,0101000020E6100000EBEE32AAA97800C0EF4C2EE74E964540,20230418_DACIA_TOLOSA_ZARAUTZ_003,,d3,2023-04-18 08:29:01.982,2023-04-18 08:58:57.539,DACIA_SPRING,Dacia Spring 33 kW,33000,139,2023-04-18 08:38:04.885,2.2,3.6,349,N,-1.6437262755713404,38.16732508689286,517,106,,,,0.0,0.0,442.0,75,508,9,8,2
2023-04-18 08:36:28.362,,,77,,98.5,,,,,,,3,-2.0579402,43.17505,106.14484,4.484571995413422,2023-04-18 08:36:27.874,6,0.488,0101000020E610000056FD005AA97600C06677370568964540,20230418_DACIA_TOLOSA_ZARAUTZ_003,,d3,2023-04-18 08:29:01.982,2023-04-18 08:58:57.539,DACIA_SPRING,Dacia Spring 33 kW,33000,139,2023-04-18 08:38:04.885,2.2,3.6,349,N,-1.6833571475094211,38.87856842564849,517,106,,,,0.0,0.0,442.0,75,508,9,25,2
2023-04-18 08:36:33.819,,,77,,98.5,,,,,,,3,-2.0568066000000003,43.175964,103.58844,4.621632619136785,2023-04-18 08:36:33.883,6,-0.064,0101000020E610000015F7270A577400C0C72C39F685964540,20230418_DACIA_TOLOSA_ZARAUTZ_003,,d3,2023-04-18 08:29:01.982,2023-04-18 08:58:57.539,DACIA_SPRING,Dacia Spring 33 kW,33000,139,2023-04-18 08:38:04.885,2.2,3.6,349,N,-1.9622210666712891,44.02886009856637,517,106,,,,0.0,0.0,442.0,75,508,9,8,3
2023-04-18 08:36:39.349,,,77,,98.5,,,,,,,3,-2.0559697,43.176773,105.90411,4.734340242767314,2023-04-18 08:36:38.942,6,0.407,0101000020E61000003757493BA07200C09C016873A0964540,20230418_DACIA_TOLOSA_ZARAUTZ_003,,d3,2023-04-18 08:29:01.982,2023-04-18 08:58:57.539,DACIA_SPRING,Dacia Spring 33 kW,33000,139,2023-04-18 08:38:04.885,2.2,3.6,349,N,-2.521076745771941,55.45100544657561,517,106,,,,0.0,0.0,442.0,75,508,9,45,3
2023-04-18 08:36:44.745,,,77,,98.5,,,,,,,3,-2.0552006,43.177890000000005,107.13098,4.873328228398319,2023-04-18 08:36:44.939,6,-0.1939999999999999,0101000020E61000006A257C080D7100C006CC4B17C5964540,20230418_DACIA_TOLOSA_ZARAUTZ_003,,d3,2023-04-18 08:29:01.982,2023-04-18 08:58:57.539,DACIA_SPRING,Dacia Spring 33 kW,33000,139,2023-04-18 08:38:04.885,2.2,3.6,349,N,-2.635696873371995,58.06593257664581,517,106,,,,0.0,0.0,442.0,75,508,9,25,3
2023-04-18 08:36:50.272,,,77,,98.5,,,,,,,3,-2.054606,43.178844,107.818665,4.989852968360381,2023-04-18 08:36:49.974,6,0.298,0101000020E610000075C07D36D56F00C0A9621160E4964540,20230418_DACIA_TOLOSA_ZARAUTZ_003,,d3,2023-04-18 08:29:01.982,2023-04-18 08:58:57.539,DACIA_SPRING,Dacia Spring 33 kW,33000,139,2023-04-18 08:38:04.885,2.2,3.6,349,N,-2.100623086203368,46.69754486124326,517,106,,,,0.0,0.0,442.0,75,508,9,45,3
2023-04-18 08:36:55.711,,,77,,98.5,,,,,,,3,-2.0536532,43.179855,107.08069,5.12626095669787,2023-04-18 08:36:55.977,6,-0.266,0101000020E6100000DAFEF8BFE16D00C033CC227705974540,20230418_DACIA_TOLOSA_ZARAUTZ_003,,d3,2023-04-18 08:29:01.982,2023-04-18 08:58:57.539,DACIA_SPRING,Dacia Spring 33 kW,33000,139,2023-04-18 08:38:04.885,2.2,3.6,349,N,-2.1156125965920665,46.99184981993442,517,106,,,,0.0,0.0,442.0,75,508,9,8,3
2023-04-18 08:37:01.203,,,77,,98.5,,,,,,,3,-2.052865,43.1807,108.090454,5.239900599813404,2023-04-18 08:37:01.05,6,0.153,0101000020E610000030FE4B8C446C00C09677382E21974540,20230418_DACIA_TOLOSA_ZARAUTZ_003,,d3,2023-04-18 08:29:01.982,2023-04-18 08:58:57.539,DACIA_SPRING,Dacia Spring 33 kW,33000,139,2023-04-18 08:38:04.885,2.2,3.6,349,N,-2.304074202021205,50.793356477179614,517,106,,,,0.0,0.0,442.0,75,508,9,45,3
2023-04-18 08:37:06.761,,,77,,98.5,,,,,,,3,-2.0520737,43.18167,112.15869,5.3654662096493535,2023-04-18 08:37:07.018,6,-0.257,0101000020E61000002270C1A5A56A00C0A976FAFF40974540,20230418_DACIA_TOLOSA_ZARAUTZ_003,,d3,2023-04-18 08:29:01.982,2023-04-18 08:58:57.539,DACIA_SPRING,Dacia Spring 33 kW,33000,139,2023-04-18 08:38:04.885,2.2,3.6,349,N,-2.7267108348913576,60.23724728131703,517,106,,,,0.0,0.0,442.0,75,508,9,8,3
2023-04-18 08:37:12.306,,,76,,98.5,,,,,,,3,-2.0515802,43.182533,120.18683,5.469745164694337,2023-04-18 08:37:12.054,6,0.252,0101000020E6100000F429F0E3A26900C0592757465D974540,20230418_DACIA_TOLOSA_ZARAUTZ_003,,d3,2023-04-18 08:29:01.982,2023-04-18 08:58:57.539,DACIA_SPRING,Dacia Spring 33 kW,33000,139,2023-04-18 08:38:04.885,2.2,3.6,349,N,-3.298088558027751,77.36753132932921,517,106,,,,0.0,0.0,442.0,75,508,9,100,3
2023-04-18 08:37:17.812,,,76,,98.5,,,,,,,3,-2.0513442,43.183586,120.695435,5.588387751720817,2023-04-18 08:37:18.083,6,-0.271,0101000020E610000022538020276900C018E6A9B37F974540,20230418_DACIA_TOLOSA_ZARAUTZ_003,,d3,2023-04-18 08:29:01.982,2023-04-18 08:58:57.539,DACIA_SPRING,Dacia Spring 33 kW,33000,139,2023-04-18 08:38:04.885,2.2,3.6,349,N,-3.579710057257674,94.91401358259031,517,106,,,,0.0,0.0,442.0,75,508,9,100,4
2023-04-18 08:37:23.338,,,76,,98.5,,,,,,,3,-2.0514472,43.184784,115.91547,5.721946347577372,2023-04-18 08:37:23.123,6,0.215,0101000020E6100000B3FC8E1B5D6900C0B19E83FCA6974540,20230418_DACIA_TOLOSA_ZARAUTZ_003,,d3,2023-04-18 08:29:01.982,2023-04-18 08:58:57.539,DACIA_SPRING,Dacia Spring 33 kW,33000,139,2023-04-18 08:38:04.885,2.2,3.6,349,N,-3.587731473514845,96.26842208229743,517,106,,,,0.0,0.0,442.0,75,508,9,100,4
2023-04-18 08:37:28.981,,,76,,98.5,,,,,,,3,-2.0515733,43.185932,117.98157,5.8500235550615,2023-04-18 08:37:29.123,6,-0.142,0101000020E6100000F62985489F6900C0B5F150A9CC974540,20230418_DACIA_TOLOSA_ZARAUTZ_003,,d3,2023-04-18 08:29:01.982,2023-04-18 08:58:57.539,DACIA_SPRING,Dacia Spring 33 kW,33000,139,2023-04-18 08:38:04.885,2.2,3.6,349,N,-3.433456868380474,83.5040147404799,517,106,,,,0.0,0.0,442.0,75,508,9,100,4
2023-04-18 08:37:34.5,,,76,,98.5,,,,,,,3,-2.051469,43.186848,117.4693,5.952229815026054,2023-04-18 08:37:34.135,6,0.365,0101000020E6100000BF739C99686900C041FC36A3EA974540,20230418_DACIA_TOLOSA_ZARAUTZ_003,,d3,2023-04-18 08:29:01.982,2023-04-18 08:58:57.539,DACIA_SPRING,Dacia Spring 33 kW,33000,139,2023-04-18 08:38:04.885,2.2,3.6,349,N,-3.343946077673768,79.25995317073684,517,106,,,,0.0,0.0,442.0,75,508,9,25,4
2023-04-18 08:37:40.081,,,76,,98.5,,,,,,,3,-2.0512173,43.188175,118.65234,6.101194558679819,2023-04-18 08:37:40.147,6,-0.066,0101000020E6100000321C53A0E46800C0D1919E1A16984540,20230418_DACIA_TOLOSA_ZARAUTZ_003,,d3,2023-04-18 08:29:01.982,2023-04-18 08:58:57.539,DACIA_SPRING,Dacia Spring 33 kW,33000,139,2023-04-18 08:38:04.885,2.2,3.6,349,N,-3.3837075698500545,81.03791926749207,517,106,,,,0.0,0.0,442.0,75,508,9,25,4
2023-04-18 08:37:45.692,,,76,,98.5,,,,,,,3,-2.0509973,43.18957,117.21149,6.25734018312035,2023-04-18 08:37:46.187,6,-0.495,0101000020E6100000F6A7224F716800C066CF8EE943984540,20230418_DACIA_TOLOSA_ZARAUTZ_003,,d3,2023-04-18 08:29:01.982,2023-04-18 08:58:57.539,DACIA_SPRING,Dacia Spring 33 kW,33000,139,2023-04-18 08:38:04.885,2.2,3.6,349,N,-3.4974261113880973,87.28987526359762,517,106,,,,0.0,0.0,442.0,75,508,9,25,4
2023-04-18 08:37:51.213,,,76,,98.5,,,,,,,3,-2.050936,43.190865,116.13635,6.401427354579557,2023-04-18 08:37:51.21,6,0.003,0101000020E610000065B82A1E516800C01B0488486E984540,20230418_DACIA_TOLOSA_ZARAUTZ_003,,d3,2023-04-18 08:29:01.982,2023-04-18 08:58:57.539,DACIA_SPRING,Dacia Spring 33 kW,33000,139,2023-04-18 08:38:04.885,2.2,3.6,349,N,-3.599963044978629,101.25961123325538,517,106,,,,0.0,0.0,442.0,75,508,9,100,4
2023-04-18 08:37:56.765,,,76,,98.5,,,,,,,3,-2.0512412,43.192398,117.30902,6.573679447138164,2023-04-18 08:37:57.243,6,-0.478,0101000020E6100000FC13641DF16800C013BB538DA0984540,20230418_DACIA_TOLOSA_ZARAUTZ_003,,d3,2023-04-18 08:29:01.982,2023-04-18 08:58:57.539,DACIA_SPRING,Dacia Spring 33 kW,33000,139,2023-04-18 08:38:04.885,2.2,3.6,349,N,-3.367093423552903,80.27726995586777,517,106,,,,0.0,0.0,442.0,75,508,9,45,4
2023-04-18 08:38:02.282,,,76,,98.5,,,,,,,3,-2.0510445,43.193546000000005,117.70044,6.702323917703454,2023-04-18 08:38:02.237,6,0.045,0101000020E61000003CEE21028A6800C0A1136315C6984540,20230418_DACIA_TOLOSA_ZARAUTZ_003,,d3,2023-04-18 08:29:01.982,2023-04-18 08:58:57.539,DACIA_SPRING,Dacia Spring 33 kW,33000,139,2023-04-18 08:38:04.885,2.2,3.6,349,N,-2.4392482352127383,53.65396339315053,517,106,,,,0.0,0.0,442.0,75,508,9,45,5
2023-04-18 08:38:07.844,,,76,,98.5,,,,,,,3,-2.0501733,43.19473,119.61383,6.851737504662453,2023-04-18 08:38:08.269,6,-0.425,0101000020E6100000CD0B0B49C16600C0874E32E6EC984540,20230418_DACIA_TOLOSA_ZARAUTZ_003,,d3,2023-04-18 08:29:01.982,2023-04-18 08:58:57.539,DACIA_SPRING,Dacia Spring 33 kW,33000,139,2023-04-18 08:38:04.885,2.2,3.6,349,N,-1.3719533686225462,33.40172168637655,517,106,,,,0.0,0.0,442.0,75,508,9,45,5
2023-04-18 08:38:13.344,,,76,,98.5,,,,,,,3,-2.0490875,43.195446,119.90076,6.970422562661232,2023-04-18 08:38:13.286,6,0.0579999999999999,0101000020E610000026521E06886400C0C2D5A65604994540,20230418_DACIA_TOLOSA_ZARAUTZ_003,,d3,2023-04-18 08:29:01.982,2023-04-18 08:58:57.539,DACIA_SPRING,Dacia Spring 33 kW,33000,139,2023-04-18 08:38:04.885,2.2,3.6,349,N,-0.4925993042697395,18.86463488274288,517,106,,,,0.0,0.0,442.0,75,508,9,100,5
2023-04-18 08:38:18.737,,,76,,98.5,,,,,,,3,-2.0474954,43.19599,113.5517,7.113097251601974,2023-04-18 08:38:18.336,6,0.401,0101000020E6100000E8470546456100C04ED21D4016994540,20230418_DACIA_TOLOSA_ZARAUTZ_003,,d3,2023-04-18 08:29:01.982,2023-04-18 08:58:57.539,DACIA_SPRING,Dacia Spring 33 kW,33000,139,2023-04-18 08:38:04.885,2.2,3.6,349,N,0.2361048861135898,7.239574917533615,517,106,,,,0.0,0.0,442.0,75,508,9,100,5
2023-04-18 08:38:24.323,,,76,,98.5,,,,,,,3,-2.0456061,43.19623,111.4621,7.26857091125903,2023-04-18 08:38:24.377,6,-0.054,0101000020E6100000D75F7EC0665D00C00E5054151E994540,20230418_DACIA_TOLOSA_ZARAUTZ_003,,d3,2023-04-18 08:29:01.982,2023-04-18 08:58:57.539,DACIA_SPRING,Dacia Spring 33 kW,33000,139,2023-04-18 08:38:04.885,2.2,3.6,349,N,0.1631379002041456,8.402690210115686,517,106,,,,0.0,0.0,442.0,75,508,9,8,5
2023-04-18 08:38:29.731,,,76,,98.5,,,,,,,3,-2.0440152,43.196465,112.18512,7.400155904728182,2023-04-18 08:38:29.368,6,0.363,0101000020E610000082A1169C245A00C0761A8AB725994540,20230418_DACIA_TOLOSA_ZARAUTZ_003,,d3,2023-04-18 08:29:01.982,2023-04-18 08:58:57.539,DACIA_SPRING,Dacia Spring 33 kW,33000,139,2023-04-18 08:38:04.885,2.2,3.6,349,N,-0.1978009167580958,14.149685497412944,517,106,,,,0.0,0.0,442.0,75,508,9,25,5
2023-04-18 08:38:35.317,,,76,,98.5,,,,,,,3,-2.0418534,43.19701,113.75775,7.5855849785486225,2023-04-18 08:38:35.372,6,-0.055,0101000020E610000007D38B35B75500C02BD780AD37994540,20230418_DACIA_TOLOSA_ZARAUTZ_003,,d3,2023-04-18 08:29:01.982,2023-04-18 08:58:57.539,DACIA_SPRING,Dacia Spring 33 kW,33000,139,2023-04-18 08:38:04.885,2.2,3.6,349,N,-1.706350055823574,39.293357342120665,517,106,,,,0.0,0.0,442.0,75,508,9,100,5
2023-04-18 08:38:40.943,,,76,,98.5,,,,,,,3,-2.0405898,43.198044,110.783875,7.739597413388412,2023-04-18 08:38:41.394,6,-0.451,0101000020E6100000AE9A6BC1205300C097B5668E59994540,20230418_DACIA_TOLOSA_ZARAUTZ_003,,d3,2023-04-18 08:29:01.982,2023-04-18 08:58:57.539,DACIA_SPRING,Dacia Spring 33 kW,33000,139,2023-04-18 08:39:12.571,2.2,3.6,349,N,-2.429818296644153,53.45023079703298,517,106,,,,0.0,0.0,442.0,75,508,9,100,5
2023-04-18 08:38:46.463,,,76,,98.5,,,,,,,3,-2.0397158,43.199223,109.385376,7.888620912521634,2023-04-18 08:38:46.411,6,0.052,0101000020E6100000F74BB479565100C0A14FA22D80994540,20230418_DACIA_TOLOSA_ZARAUTZ_003,,d3,2023-04-18 08:29:01.982,2023-04-18 08:58:57.539,DACIA_SPRING,Dacia Spring 33 kW,33000,139,2023-04-18 08:39:12.571,2.2,3.6,349,N,-2.501253414510201,55.01069362073207,526,119,0.0,37.0,269.0,,,,220,398,128,25,6
2023-04-18 08:38:52.079,,,76,,98.5,,,,,,,3,-2.038724,43.20064,112.446045,8.06553493849416,2023-04-18 08:38:52.439,6,-0.36,0101000020E6100000F63282744E4F00C083A9E29DAE994540,20230418_DACIA_TOLOSA_ZARAUTZ_003,,d3,2023-04-18 08:29:01.982,2023-04-18 08:58:57.539,DACIA_SPRING,Dacia Spring 33 kW,33000,139,2023-04-18 08:39:12.571,2.2,3.6,349,N,-2.331314022934553,51.35993529435371,526,119,0.0,37.0,269.0,,,,220,398,128,8,6
2023-04-18 08:38:57.633,,,76,,98.5,,,,,,,3,-2.037875,43.201702,113.35211,8.202215438786856,2023-04-18 08:38:57.476,6,0.157,0101000020E6100000B0E8B55D914D00C0E2E5E95CD1994540,20230418_DACIA_TOLOSA_ZARAUTZ_003,,d3,2023-04-18 08:29:01.982,2023-04-18 08:58:57.539,DACIA_SPRING,Dacia Spring 33 kW,33000,139,2023-04-18 08:39:12.571,2.2,3.6,349,N,-2.2391234737693595,49.46077717211695,526,119,0.0,37.0,269.0,,,,220,398,128,45,6
2023-04-18 08:39:03.208,,,76,,98.5,,,,,,,3,-2.0368273,43.202927,113.51874,8.36273264044226,2023-04-18 08:39:03.5,6,-0.292,0101000020E6100000409E23136C4B00C009D8B38CF9994540,20230418_DACIA_TOLOSA_ZARAUTZ_003,,d3,2023-04-18 08:29:01.982,2023-04-18 08:58:57.539,DACIA_SPRING,Dacia Spring 33 kW,33000,139,2023-04-18 08:39:12.571,2.2,3.6,349,N,-2.659473486483087,58.62441724317036,526,119,0.0,37.0,269.0,,,,220,398,128,100,6
2023-04-18 08:39:08.88,,,76,,98.5,,,,,,,3,-2.0362248,43.203915,110.39563,8.482998630273654,2023-04-18 08:39:08.512,6,0.368,0101000020E6100000649DBF43304A00C0E13DCDEA199A4540,20230418_DACIA_TOLOSA_ZARAUTZ_003,,d3,2023-04-18 08:29:01.982,2023-04-18 08:58:57.539,DACIA_SPRING,Dacia Spring 33 kW,33000,139,2023-04-18 08:39:12.571,2.2,3.6,349,N,-3.5489990820222244,91.3441739949604,526,119,0.0,37.0,269.0,,,,220,398,128,40,6
2023-04-18 08:39:14.623,,,76,,98.5,,,,,,,3,-2.0362546000000004,43.205185,113.632935,8.624273937226334,2023-04-18 08:39:14.534,6,0.089,0101000020E6100000030AB3D83F4A00C07EF2C17C439A4540,20230418_DACIA_TOLOSA_ZARAUTZ_003,,d3,2023-04-18 08:29:01.982,2023-04-18 08:58:57.539,DACIA_SPRING,Dacia Spring 33 kW,33000,139,2023-04-18 08:39:12.571,2.2,3.6,349,N,-3.5718310647573523,93.82775381495996,526,119,0.0,37.0,269.0,,,,220,398,128,100,5
2023-04-18 08:39:20.111,,,76,,98.5,,,,,,,3,-2.0363383,43.206436,104.86731,8.763819690830124,2023-04-18 08:39:20.598,6,-0.487,0101000020E61000008DB9C6C26B4A00C057D5C37E6C9A4540,20230418_DACIA_TOLOSA_ZARAUTZ_003,,d3,2023-04-18 08:29:01.982,2023-04-18 08:58:57.539,DACIA_SPRING,Dacia Spring 33 kW,33000,139,2023-04-18 08:39:12.571,2.2,3.6,349,N,-3.067589576519808,69.4417163143036,526,119,0.0,37.0,269.0,,,,220,398,128,8,5
2023-04-18 08:39:25.849,,,76,,98.5,,,,,,,3,-2.0359175,43.207558,105.26239,8.89315858785246,2023-04-18 08:39:25.563,6,0.286,0101000020E61000006367022C8F4900C04B2BD73E919A4540,20230418_DACIA_TOLOSA_ZARAUTZ_003,,d3,2023-04-18 08:29:01.982,2023-04-18 08:58:57.539,DACIA_SPRING,Dacia Spring 33 kW,33000,139,2023-04-18 08:39:12.571,2.2,3.6,349,N,-2.5347593690883485,55.75686606245026,526,119,0.0,37.0,269.0,,,,220,398,128,80,5
2023-04-18 08:39:31.354,,,76,,98.5,,,,,,,3,-2.0350428,43.208843,102.41516,9.052689090180193,2023-04-18 08:39:31.593,6,-0.239,0101000020E610000090475786C44700C0BE423058BB9A4540,20230418_DACIA_TOLOSA_ZARAUTZ_003,,d3,2023-04-18 08:29:01.982,2023-04-18 08:58:57.539,DACIA_SPRING,Dacia Spring 33 kW,33000,139,2023-04-18 08:39:12.571,2.2,3.6,349,N,-2.340756808854785,51.55745378859434,526,119,0.0,37.0,269.0,,,,220,398,128,80,5
2023-04-18 08:39:36.906,,,76,,98.5,,,,,,,3,-2.034249,43.209843,103.45209,9.181157799420085,2023-04-18 08:39:36.633,6,0.273,0101000020E6100000D6EFBA65244600C054066921DC9A4540,20230418_DACIA_TOLOSA_ZARAUTZ_003,,d3,2023-04-18 08:29:01.982,2023-04-18 08:58:57.539,DACIA_SPRING,Dacia Spring 33 kW,33000,139,2023-04-18 08:39:12.571,2.2,3.6,349,N,-2.1819614487752133,48.30806764287466,526,119,0.0,37.0,269.0,,,,220,398,128,80,5
2023-04-18 08:39:42.377,,,75,,98.5,,,,,,,3,-2.0332897,43.21092,106.23779,9.323964736086324,2023-04-18 08:39:42.642,6,-0.265,0101000020E610000018607A562D4400C036D1425DFF9A4540,20230418_DACIA_TOLOSA_ZARAUTZ_003,,d3,2023-04-18 08:29:01.982,2023-04-18 08:58:57.539,DACIA_SPRING,Dacia Spring 33 kW,33000,139,2023-04-18 08:39:12.571,2.2,3.6,349,N,-1.5700218978187774,36.85640398302721,526,119,0.0,37.0,269.0,,,,220,398,128,8,5
2023-04-18 08:39:48.023,,,75,,98.5,,,,,,,3,-2.0322025000000004,43.211735,107.32178,9.450365445840161,2023-04-18 08:39:47.67,6,0.353,0101000020E6100000EF67045DF34100C0D5F6651F1A9B4540,20230418_DACIA_TOLOSA_ZARAUTZ_003,,d3,2023-04-18 08:29:01.982,2023-04-18 08:58:57.539,DACIA_SPRING,Dacia Spring 33 kW,33000,139,2023-04-18 08:39:12.571,2.2,3.6,349,N,-0.8722342957779614,25.02157833329313,526,119,0.0,37.0,269.0,,,,220,398,128,80,5
2023-04-18 08:39:53.579,,,75,,98.5,,,,,,,3,-2.0308635,43.21236,109.98004,9.579254227314172,2023-04-18 08:39:53.69,6,-0.111,0101000020E610000002E34B6E353F00C077B2C4982E9B4540,20230418_DACIA_TOLOSA_ZARAUTZ_003,,d3,2023-04-18 08:29:01.982,2023-04-18 08:58:57.539,DACIA_SPRING,Dacia Spring 33 kW,33000,139,2023-04-18 08:39:12.571,2.2,3.6,349,N,-0.6186879130599096,20.895850373068253,526,119,0.0,37.0,269.0,,,,220,398,128,10,5
2023-04-18 08:39:59.091,,,75,,98.5,,,,,,,3,-2.0297241,43.212795,105.65869,9.683583599148214,2023-04-18 08:39:58.721,6,0.37,0101000020E61000006A392BFDDF3C00C0052D2CD13C9B4540,20230418_DACIA_TOLOSA_ZARAUTZ_003,,d3,2023-04-18 08:29:01.982,2023-04-18 08:58:57.539,DACIA_SPRING,Dacia Spring 33 kW,33000,139,2023-04-18 08:39:12.571,2.2,3.6,349,N,-0.3786781119688657,17.03801914598454,526,119,0.0,37.0,269.0,,,,220,398,128,10,4
2023-04-18 08:40:04.657,,,75,,98.5,,,,,,,3,-2.0283797,43.213207,104.99255,9.80177603384879,2023-04-18 08:40:04.73,6,-0.073,0101000020E61000000EFD6E151F3A00C0756372514A9B4540,20230418_DACIA_TOLOSA_ZARAUTZ_003,,d3,2023-04-18 08:29:01.982,2023-04-18 08:58:57.539,DACIA_SPRING,Dacia Spring 33 kW,33000,139,2023-04-18 08:39:12.571,2.2,3.6,349,N,-0.156182953475704,13.486509335284625,526,119,0.0,37.0,269.0,,,,220,398,128,8,4
2023-04-18 08:40:10.203,,,75,,98.5,,,,,,,3,-2.027158,43.2135,101.07318,9.906078931462455,2023-04-18 08:40:09.761,6,0.442,0101000020E6100000385D81AE9E3700C0AB6EDCFF539B4540,20230418_DACIA_TOLOSA_ZARAUTZ_003,,d3,2023-04-18 08:29:01.982,2023-04-18 08:58:57.539,DACIA_SPRING,Dacia Spring 33 kW,33000,139,2023-04-18 08:39:12.571,2.2,3.6,349,N,-0.2909777886583524,15.636112692430777,526,119,0.0,37.0,269.0,,,,220,398,128,8,4
2023-04-18 08:40:15.753,,,75,,98.5,,,,,,,3,-2.0256681,43.213917,98.819336,10.035436537236823,2023-04-18 08:40:15.79,6,-0.037,0101000020E610000068CEB878913400C09EC0C7A2619B4540,20230418_DACIA_TOLOSA_ZARAUTZ_003,,d3,2023-04-18 08:29:01.982,2023-04-18 08:58:57.539,DACIA_SPRING,Dacia Spring 33 kW,33000,139,2023-04-18 08:39:12.571,2.2,3.6,349,N,-1.4125363069073185,34.10212284864652,526,119,0.0,37.0,269.0,,,,220,398,128,8,4
2023-04-18 08:40:21.273,,,75,,98.5,,,,,,,3,-2.0247037,43.21457,101.82825,10.142157246730006,2023-04-18 08:40:20.798,6,0.475,0101000020E610000095EA2BDD973200C0B7F1A3F1769B4540,20230418_DACIA_TOLOSA_ZARAUTZ_003,,d3,2023-04-18 08:29:01.982,2023-04-18 08:58:57.539,DACIA_SPRING,Dacia Spring 33 kW,33000,139,2023-04-18 08:39:12.571,2.2,3.6,349,N,-3.044803102436461,68.75545687698963,526,119,0.0,37.0,269.0,,,,220,398,128,8,4
2023-04-18 08:40:26.977,,,75,,98.5,,,,,,,3,-2.024271,43.215683,106.72089,10.270881811102276,2023-04-18 08:40:26.83,6,0.147,0101000020E6100000A9EA2F05B53100C01CA08F8D9B9B4540,20230418_DACIA_TOLOSA_ZARAUTZ_003,,d3,2023-04-18 08:29:01.982,2023-04-18 08:58:57.539,DACIA_SPRING,Dacia Spring 33 kW,33000,139,2023-04-18 08:39:12.571,2.2,3.6,349,N,-3.5548846422454523,110.08036232488062,526,119,0.0,37.0,269.0,,,,220,398,128,8,4
2023-04-18 08:40:32.47,,,75,,98.5,,,,,,,3,-2.0246892,43.216827,98.5047,10.402781802262828,2023-04-18 08:40:32.85,6,-0.38,0101000020E610000087234034903200C07FF74CFEC09B4540,20230418_DACIA_TOLOSA_ZARAUTZ_003,,d3,2023-04-18 08:29:01.982,2023-04-18 08:58:57.539,DACIA_SPRING,Dacia Spring 33 kW,33000,139,2023-04-18 08:39:12.571,2.2,3.6,349,N,-3.58703414610118,96.13573334018028,526,119,0.0,37.0,269.0,,,,220,398,128,8,4
2023-04-18 08:40:37.994,,,75,,98.5,,,,,,,3,-2.0248053,43.217907,97.688416,10.523243049262824,2023-04-18 08:40:37.882,6,0.1119999999999999,0101000020E61000000EC0A319CD3200C0BB5E1E5BE49B4540,20230418_DACIA_TOLOSA_ZARAUTZ_003,,d3,2023-04-18 08:29:01.982,2023-04-18 08:58:57.539,DACIA_SPRING,Dacia Spring 33 kW,33000,139,2023-04-18 08:39:12.571,2.2,3.6,349,N,-3.522255654967096,89.07096068057233,526,119,0.0,37.0,269.0,,,,220,398,128,8,4
2023-04-18 08:40:43.634,,,74,,98.5,,,,,,,3,-2.0247831,43.219276,98.38678,10.67548113472509,2023-04-18 08:40:43.89,6,-0.256,0101000020E61000003E2BA370C13200C0B0FB7544119C4540,20230418_DACIA_TOLOSA_ZARAUTZ_003,,d3,2023-04-18 08:29:01.982,2023-04-18 08:58:57.539,DACIA_SPRING,Dacia Spring 33 kW,33000,139,2023-04-18 08:39:12.571,2.2,3.6,349,N,-3.5772443429712224,94.55444823883992,526,119,0.0,37.0,269.0,,,,220,398,128,30,4
2023-04-18 08:40:49.279,,,74,,98.5,,,,,,,3,-2.0248716,43.220387,106.375244,10.799484248471465,2023-04-18 08:40:48.916,6,0.363,0101000020E6100000913597D9EF3200C09160AA99359C4540,20230418_DACIA_TOLOSA_ZARAUTZ_003,,d3,2023-04-18 08:29:01.982,2023-04-18 08:58:57.539,DACIA_SPRING,Dacia Spring 33 kW,33000,139,2023-04-18 08:39:12.571,2.2,3.6,349,N,-3.599131472093559,102.25859789268452,526,119,0.0,37.0,269.0,,,,220,398,128,80,4
2023-04-18 08:40:54.757,,,75,,98.5,,,,,,,3,-2.0251143,43.221504,104.42255,10.925251404158516,2023-04-18 08:40:54.924,6,-0.1669999999999999,0101000020E610000038E156286F3300C01FB80C305A9C4540,20230418_DACIA_TOLOSA_ZARAUTZ_003,,d3,2023-04-18 08:29:01.982,2023-04-18 08:58:57.539,DACIA_SPRING,Dacia Spring 33 kW,33000,139,2023-04-18 08:39:12.571,2.2,3.6,349,N,-3.586360842824732,105.98904427704304,526,119,0.0,37.0,269.0,,,,220,398,128,20,3
2023-04-18 08:41:00.242,,,74,,98.5,,,,,,,3,-2.0253825,43.22244,107.22357,11.031611367534454,2023-04-18 08:41:00.004,6,0.238,0101000020E61000008B23C5B6FB3300C08DDFEBD6789C4540,20230418_DACIA_TOLOSA_ZARAUTZ_003,,d3,2023-04-18 08:29:01.982,2023-04-18 08:58:57.539,DACIA_SPRING,Dacia Spring 33 kW,33000,139,2023-04-18 08:39:12.571,2.2,3.6,349,N,-3.599361528501048,102.07910463109523,526,119,0.0,37.0,269.0,,,,220,398,128,8,3
2023-04-18 08:41:05.745,,,74,,98.5,,,,,,,3,-2.02565,43.223690000000005,99.38959,11.172502820340938,2023-04-18 08:41:05.986,6,-0.241,0101000020E6100000C6F109FA873400C03C5A49E9A19C4540,20230418_DACIA_TOLOSA_ZARAUTZ_003,,d3,2023-04-18 08:29:01.982,2023-04-18 08:58:57.539,DACIA_SPRING,Dacia Spring 33 kW,33000,139,2023-04-18 08:39:12.571,2.2,3.6,349,N,-3.5865070531703807,96.03778561053116,526,119,0.0,37.0,269.0,,,,220,398,128,60,3
2023-04-18 08:41:11.334,,,74,,98.5,,,,,,,3,-2.0257618,43.224747,97.81213,11.29039498416923,2023-04-18 08:41:11.024,6,0.31,0101000020E61000000812A9A3C23400C0CBAB0871C49C4540,20230418_DACIA_TOLOSA_ZARAUTZ_003,,d3,2023-04-18 08:29:01.982,2023-04-18 08:58:57.539,DACIA_SPRING,Dacia Spring 33 kW,33000,139,2023-04-18 08:43:04.94,2.2,3.6,349,N,-3.461859276707069,85.07623127410075,526,119,0.0,37.0,269.0,,,,220,398,128,45,3
2023-04-18 08:41:16.795,,,74,,98.5,,,,,,,3,-2.0256455,43.226097,92.805786,11.440886897085557,2023-04-18 08:41:17.047,6,-0.252,0101000020E61000006254089A853400C043A873C1F09C4540,20230418_DACIA_TOLOSA_ZARAUTZ_003,,d3,2023-04-18 08:29:01.982,2023-04-18 08:58:57.539,DACIA_SPRING,Dacia Spring 33 kW,33000,139,2023-04-18 08:43:04.94,2.2,3.6,349,N,-3.4738920433496823,85.78984558102155,526,119,0.0,37.0,269.0,,,,220,398,128,8,3
2023-04-18 08:41:22.34,,,74,,98.5,,,,,,,3,-2.0255632,43.227215,92.137695,11.565383323565607,2023-04-18 08:41:22.064,6,0.276,0101000020E6100000073DFE7F5A3400C031A1BC6E159D4540,20230418_DACIA_TOLOSA_ZARAUTZ_003,,d3,2023-04-18 08:29:01.982,2023-04-18 08:58:57.539,DACIA_SPRING,Dacia Spring 33 kW,33000,139,2023-04-18 08:43:04.94,2.2,3.6,349,N,-3.5548586980941663,91.91702168228385,526,119,0.0,37.0,269.0,,,,220,398,128,80,3
2023-04-18 08:41:28.835,,,74,,98.5,,,,,,,3,-2.02562,43.228912,90.08661,11.754148365556398,2023-04-18 08:41:29.098,6,-0.263,0101000020E6100000575D454E783400C07F8317F94C9D4540,20230418_DACIA_TOLOSA_ZARAUTZ_003,,d3,2023-04-18 08:29:01.982,2023-04-18 08:58:57.539,DACIA_SPRING,Dacia Spring 33 kW,33000,139,2023-04-18 08:43:04.94,2.2,3.6,349,N,-3.598589881483324,99.39628066702068,526,119,0.0,37.0,269.0,,,,220,398,128,25,3
2023-04-18 08:41:34.326,,,74,,98.5,,,,,,,3,-2.025783,43.229897,90.0423,11.864468650650235,2023-04-18 08:41:34.125,6,0.201,0101000020E6100000677F7FCECD3400C0F2D7BF466D9D4540,20230418_DACIA_TOLOSA_ZARAUTZ_003,,d3,2023-04-18 08:29:01.982,2023-04-18 08:58:57.539,DACIA_SPRING,Dacia Spring 33 kW,33000,139,2023-04-18 08:43:04.94,2.2,3.6,349,N,-3.143618075522222,71.83585973226823,526,119,0.0,37.0,269.0,,,,220,398,128,8,3
2023-04-18 08:41:39.837,,,74,,98.5,,,,,,,3,-2.0254326,43.230965000000005,91.26758,11.986576939677967,2023-04-18 08:41:40.173,6,-0.336,0101000020E61000000DCC860C163400C02745D03D909D4540,20230418_DACIA_TOLOSA_ZARAUTZ_003,,d3,2023-04-18 08:29:01.982,2023-04-18 08:58:57.539,DACIA_SPRING,Dacia Spring 33 kW,33000,139,2023-04-18 08:43:04.94,2.2,3.6,349,N,-3.505273282410513,87.82715595687334,526,119,0.0,37.0,269.0,,,,220,398,128,8,2
2023-04-18 08:41:45.399,,,74,,98.5,,,,,,,3,-2.025395,43.231956,93.01807,12.096827105775478,2023-04-18 08:41:45.198,6,0.201,0101000020E610000064452643023400C0FF19CECAB09D4540,20230418_DACIA_TOLOSA_ZARAUTZ_003,,d3,2023-04-18 08:29:01.982,2023-04-18 08:58:57.539,DACIA_SPRING,Dacia Spring 33 kW,33000,139,2023-04-18 08:43:04.94,2.2,3.6,349,N,-3.473667796764381,116.22375190170966,526,119,0.0,37.0,269.0,,,,220,398,128,8,2
2023-04-18 08:41:50.998,,,74,,98.5,,,,,,,3,-2.0259457,43.233074,90.99823,12.228921750217216,2023-04-18 08:41:51.204,6,-0.206,0101000020E61000004DC6E704233500C0ECFB0D66D59D4540,20230418_DACIA_TOLOSA_ZARAUTZ_003,,d3,2023-04-18 08:29:01.982,2023-04-18 08:58:57.539,DACIA_SPRING,Dacia Spring 33 kW,33000,139,2023-04-18 08:43:04.94,2.2,3.6,349,N,-3.2701751822442,125.71729581298564,526,119,0.0,37.0,269.0,,,,220,398,128,8,2
2023-04-18 08:41:56.482,,,74,,98.5,,,,,,,3,-2.026554,43.23392,91.727905,12.335121622690636,2023-04-18 08:41:56.237,6,0.245,0101000020E61000002DC4130F623600C0A82C122CF19D4540,20230418_DACIA_TOLOSA_ZARAUTZ_003,,d3,2023-04-18 08:29:01.982,2023-04-18 08:58:57.539,DACIA_SPRING,Dacia Spring 33 kW,33000,139,2023-04-18 08:43:04.94,2.2,3.6,349,N,-2.745467517106293,141.30340719363883,526,119,0.0,37.0,269.0,,,,220,398,128,8,2
2023-04-18 08:42:02.101,,,74,,98.5,,,,,,,3,-2.0274653,43.23465,94.33441,12.444876146221532,2023-04-18 08:42:02.246,6,-0.145,0101000020E61000005C618FC33F3800C0EAAD4702099E4540,20230418_DACIA_TOLOSA_ZARAUTZ_003,,d3,2023-04-18 08:29:01.982,2023-04-18 08:58:57.539,DACIA_SPRING,Dacia Spring 33 kW,33000,139,2023-04-18 08:43:04.94,2.2,3.6,349,N,-2.695181880865539,142.5254229140002,526,119,0.0,37.0,269.0,,,,220,398,128,8,2
2023-04-18 08:42:07.593,,,74,,98.5,,,,,,,3,-2.028291,43.235283,91.99945,12.542005382336558,2023-04-18 08:42:07.277,6,0.316,0101000020E6100000D8630197F03900C0AFFEB6C41D9E4540,20230418_DACIA_TOLOSA_ZARAUTZ_003,,d3,2023-04-18 08:29:01.982,2023-04-18 08:58:57.539,DACIA_SPRING,Dacia Spring 33 kW,33000,139,2023-04-18 08:43:04.94,2.2,3.6,349,N,-3.129091828274682,130.63509974961346,526,119,0.0,37.0,269.0,,,,220,398,128,8,2
2023-04-18 08:42:13.303,,,74,,98.5,,,,,,,3,-2.0290213,43.236134,91.521545,12.653605490901267,2023-04-18 08:42:13.289,6,0.0139999999999999,0101000020E6100000FDAE008D6F3B00C0C5490E96399E4540,20230418_DACIA_TOLOSA_ZARAUTZ_003,,d3,2023-04-18 08:29:01.982,2023-04-18 08:58:57.539,DACIA_SPRING,Dacia Spring 33 kW,33000,139,2023-04-18 08:43:04.94,2.2,3.6,349,N,-3.426589629265888,118.85594461944189,526,119,0.0,37.0,269.0,,,,220,398,128,8,2
2023-04-18 08:42:19.885,,,74,,98.5,,,,,,,3,-2.0297189,43.2374,89.394104,12.805312687663946,2023-04-18 08:42:20.319,6,-0.434,0101000020E610000012F6504FDD3C00C05C4DA623639E4540,20230418_DACIA_TOLOSA_ZARAUTZ_003,,d3,2023-04-18 08:29:01.982,2023-04-18 08:58:57.539,DACIA_SPRING,Dacia Spring 33 kW,33000,139,2023-04-18 08:43:04.94,2.2,3.6,349,N,-3.3682990929065277,80.33156728964609,526,119,0.0,37.0,269.0,,,,220,398,128,8,2
2023-04-18 08:42:25.758,,,74,,98.5,,,,,,,3,-2.02957,43.238274,93.20044,12.903316671248454,2023-04-18 08:42:25.36,6,0.3979999999999999,0101000020E61000004C7D0F4D8F3C00C0CBD97DBF7F9E4540,20230418_DACIA_TOLOSA_ZARAUTZ_003,,d3,2023-04-18 08:29:01.982,2023-04-18 08:58:57.539,DACIA_SPRING,Dacia Spring 33 kW,33000,139,2023-04-18 08:43:04.94,2.2,3.6,349,N,-3.0610114392624697,69.24224079234527,526,119,0.0,37.0,269.0,,,,220,398,128,8,2
2023-04-18 08:42:31.46,,,74,,98.5,,,,,,,3,-2.0291364,43.239418,89.49481,13.035335839131523,2023-04-18 08:42:31.381,6,0.079,0101000020E6100000783162D9AB3B00C03ABDBD31A59E4540,20230418_DACIA_TOLOSA_ZARAUTZ_003,,d3,2023-04-18 08:29:01.982,2023-04-18 08:58:57.539,DACIA_SPRING,Dacia Spring 33 kW,33000,139,2023-04-18 08:43:04.94,2.2,3.6,349,N,-3.4013980984595533,81.87968009059377,526,119,0.0,37.0,269.0,,,,220,398,128,8,2
2023-04-18 08:42:37.02,,,74,,98.5,,,,,,,3,-2.0289726000000003,43.240566,89.00891,13.163676268764815,2023-04-18 08:42:37.412,6,-0.392,0101000020E61000003F34560F563B00C0BC768AD1CA9E4540,20230418_DACIA_TOLOSA_ZARAUTZ_003,,d3,2023-04-18 08:29:01.982,2023-04-18 08:58:57.539,DACIA_SPRING,Dacia Spring 33 kW,33000,139,2023-04-18 08:43:04.94,2.2,3.6,349,N,-2.79595968855479,61.95536512545977,526,119,0.0,37.0,269.0,,,,220,398,128,8,2
2023-04-18 08:42:42.547,,,74,,98.5,,,,,,,3,-2.0285459,43.241367,89.5979,13.25921670699999,2023-04-18 08:42:42.42,6,0.127,0101000020E610000029A93C4F763A00C09171391CE59E4540,20230418_DACIA_TOLOSA_ZARAUTZ_003,,d3,2023-04-18 08:29:01.982,2023-04-18 08:58:57.539,DACIA_SPRING,Dacia Spring 33 kW,33000,139,2023-04-18 08:43:04.94,2.2,3.6,349,N,-1.4619739382033865,34.96031993606121,526,119,0.0,37.0,269.0,,,,220,398,128,8,1
2023-04-18 08:42:48.259,,,74,,98.5,,,,,,,3,-2.0273688,43.24219,80.30029,13.391701835481355,2023-04-18 08:42:48.452,6,-0.193,0101000020E61000000B470C120D3800C05F771D1E009F4540,20230418_DACIA_TOLOSA_ZARAUTZ_003,,d3,2023-04-18 08:29:01.982,2023-04-18 08:58:57.539,DACIA_SPRING,Dacia Spring 33 kW,33000,139,2023-04-18 08:43:04.94,2.2,3.6,349,N,-1.2305218545966448,30.987286625144364,526,119,0.0,37.0,269.0,,,,220,398,128,8,1
2023-04-18 08:42:53.833,,,74,,98.5,,,,,,,3,-2.0262232,43.242878000000005,75.55603,13.512059483290233,2023-04-18 08:42:53.461,6,0.372,0101000020E6100000E5C4AA83B43500C07D21C3AE169F4540,20230418_DACIA_TOLOSA_ZARAUTZ_003,,d3,2023-04-18 08:29:01.982,2023-04-18 08:58:57.539,DACIA_SPRING,Dacia Spring 33 kW,33000,139,2023-04-18 08:43:04.94,2.2,3.6,349,N,-1.3629026991303477,33.24600504999899,526,119,0.0,37.0,269.0,,,,220,398,128,8,1
2023-04-18 08:42:59.232,,,74,,98.5,,,,,,,3,-2.0249662,43.243702,75.52338,13.649033179978867,2023-04-18 08:42:59.508,6,-0.276,0101000020E6100000E93C537D213300C04CE6D4A5319F4540,20230418_DACIA_TOLOSA_ZARAUTZ_003,,d3,2023-04-18 08:29:01.982,2023-04-18 08:58:57.539,DACIA_SPRING,Dacia Spring 33 kW,33000,139,2023-04-18 08:43:04.94,2.2,3.6,349,N,-1.733610228781154,39.78723292254036,526,119,0.0,37.0,269.0,,,,220,398,128,8,1
2023-04-18 08:43:04.708,,,74,,98.5,,,,,,,3,-2.024044,43.24447,78.25195,13.76252282261782,2023-04-18 08:43:04.51,6,0.198,0101000020E6100000878A50F03D3100C0E68A9CCF4A9F4540,20230418_DACIA_TOLOSA_ZARAUTZ_003,,d3,2023-04-18 08:29:01.982,2023-04-18 08:58:57.539,DACIA_SPRING,Dacia Spring 33 kW,33000,139,2023-04-18 08:43:04.94,2.2,3.6,349,N,-1.9100054198802436,43.04310092992724,526,119,0.0,37.0,269.0,,,,220,398,128,8,1
2023-04-18 08:43:10.322,,,74,,98.5,,,,,,,3,-2.0230482,43.2454,77.645996,13.893671307138645,2023-04-18 08:43:10.564,6,-0.242,0101000020E6100000097017ED332F00C05FCF1949699F4540,20230418_DACIA_TOLOSA_ZARAUTZ_003,,d3,2023-04-18 08:29:01.982,2023-04-18 08:58:57.539,DACIA_SPRING,Dacia Spring 33 kW,33000,139,2023-04-18 08:43:04.94,2.2,3.6,349,N,-1.951273560998295,43.82128471550156,526,119,0.0,37.0,269.0,,,,220,398,128,80,1
2023-04-18 08:43:16.15,,,74,,98.5,,,,,,,3,-2.021952,43.246452000000005,71.98987,14.04063733315311,2023-04-18 08:43:16.597,6,-0.447,0101000020E610000000792B22F52C00C0E82EAAC18B9F4540,20230418_DACIA_TOLOSA_ZARAUTZ_003,,d3,2023-04-18 08:29:01.982,2023-04-18 08:58:57.539,DACIA_SPRING,Dacia Spring 33 kW,33000,139,2023-04-18 08:43:04.94,2.2,3.6,349,N,-1.7499803172658512,40.08493659753113,526,119,0.0,37.0,269.0,,,,220,398,128,80,1
2023-04-18 08:43:21.716,,,74,,98.5,,,,,,,3,-2.021068,43.247196,70.3244,14.150060426517513,2023-04-18 08:43:21.591,6,0.125,0101000020E6100000C37E91C8252B00C0769E1D15A49F4540,20230418_DACIA_TOLOSA_ZARAUTZ_003,,d3,2023-04-18 08:29:01.982,2023-04-18 08:58:57.539,DACIA_SPRING,Dacia Spring 33 kW,33000,139,2023-04-18 08:43:04.94,2.2,3.6,349,N,-2.8601544543127497,63.6068612001782,526,119,0.0,37.0,269.0,,,,220,398,128,25,1
2023-04-18 08:43:27.378,,,74,,98.5,,,,,,,3,-2.0205777,43.248184,65.90271,14.266961670696578,2023-04-18 08:43:27.61,6,-0.2319999999999999,0101000020E6100000FF72B192242A00C0A197F672C49F4540,20230418_DACIA_TOLOSA_ZARAUTZ_003,,d3,2023-04-18 08:29:01.982,2023-04-18 08:58:57.539,DACIA_SPRING,Dacia Spring 33 kW,33000,139,2023-04-18 08:43:04.94,2.2,3.6,349,N,-3.591042957436745,96.95741848241818,526,119,0.0,37.0,269.0,,,,220,398,128,25,1
2023-04-18 08:43:32.943,,,74,,98.5,,,,,,,3,-2.0206907,43.24911,62.412476,14.370393025325692,2023-04-18 08:43:32.632,6,0.311,0101000020E610000099A6BEE25F2A00C0EBFFFBD7E29F4540,20230418_DACIA_TOLOSA_ZARAUTZ_003,,d3,2023-04-18 08:29:01.982,2023-04-18 08:58:57.539,DACIA_SPRING,Dacia Spring 33 kW,33000,139,2023-04-18 08:43:04.94,2.2,3.6,349,N,-3.1365417312522004,130.3944227762427,526,119,0.0,37.0,269.0,,,,220,398,128,80,1
2023-04-18 08:43:38.471,,,74,,98.5,,,,,,,3,-2.021448,43.25,59.868103000000005,14.486850028636058,2023-04-18 08:43:38.651,6,-0.18,0101000020E6100000E0BC17E3EC2B00C0CA8934F9FF9F4540,20230418_DACIA_TOLOSA_ZARAUTZ_003,,d3,2023-04-18 08:29:01.982,2023-04-18 08:58:57.539,DACIA_SPRING,Dacia Spring 33 kW,33000,139,2023-04-18 08:43:04.94,2.2,3.6,349,N,-3.195724905879286,128.41419262135722,526,119,0.0,37.0,269.0,,,,220,398,128,80,1
2023-04-18 08:43:44.03,,,74,,98.5,,,,,,,3,-2.022195,43.250942,60.71692,14.607815340380908,2023-04-18 08:43:43.662,6,0.368,0101000020E6100000D6ACD093742D00C0FC26E2E71EA04540,20230418_DACIA_TOLOSA_ZARAUTZ_003,,d3,2023-04-18 08:29:01.982,2023-04-18 08:58:57.539,DACIA_SPRING,Dacia Spring 33 kW,33000,139,2023-04-18 08:44:12.633,2.2,3.6,349,N,-3.596058763270962,103.68128062645984,526,119,0.0,37.0,269.0,,,,220,398,128,8,1
2023-04-18 08:43:49.532,,,74,,98.5,,,,,,,3,-2.0224876,43.252144,61.41919,14.743557992258454,2023-04-18 08:43:49.692,6,-0.16,0101000020E61000006ABB8DF60D2E00C06B0C7C3D46A04540,20230418_DACIA_TOLOSA_ZARAUTZ_003,,d3,2023-04-18 08:29:01.982,2023-04-18 08:58:57.539,DACIA_SPRING,Dacia Spring 33 kW,33000,139,2023-04-18 08:44:12.633,2.2,3.6,349,N,-2.972394669869136,66.65598903835642,526,119,0.0,37.0,269.0,,,,220,398,128,8,1
2023-04-18 08:43:55.03,,,74,,98.5,,,,,,,3,-2.0220776000000003,43.253094,62.484497,14.8542941410829,2023-04-18 08:43:54.716,6,0.314,0101000020E610000019CB4F05372D00C0619D535E65A04540,20230418_DACIA_TOLOSA_ZARAUTZ_003,,d3,2023-04-18 08:29:01.982,2023-04-18 08:58:57.539,DACIA_SPRING,Dacia Spring 33 kW,33000,139,2023-04-18 08:44:12.633,2.2,3.6,349,N,-2.8941278291109644,64.50650587921909,526,119,0.0,37.0,269.0,,,,220,398,128,8,1
2023-04-18 08:44:00.56,,,74,,98.5,,,,,,,3,-2.0214868000000004,43.254333,60.804993,15.000146250964454,2023-04-18 08:44:00.75,6,-0.19,0101000020E61000004DC1D84A012C00C03A37F1FE8DA04540,20230418_DACIA_TOLOSA_ZARAUTZ_003,,d3,2023-04-18 08:29:01.982,2023-04-18 08:58:57.539,DACIA_SPRING,Dacia Spring 33 kW,33000,139,2023-04-18 08:44:12.633,2.2,3.6,349,N,-2.8495658311836296,63.330229227200704,526,119,0.0,37.0,269.0,,,,220,398,128,8,1
2023-04-18 08:44:06.318,,,74,,98.5,,,,,,,3,-2.0209157,43.25547,65.13025,15.13483849085842,2023-04-18 08:44:06.79,6,-0.472,0101000020E61000000433AED1D52A00C03FD6BE46B3A04540,20230418_DACIA_TOLOSA_ZARAUTZ_003,,d3,2023-04-18 08:29:01.982,2023-04-18 08:58:57.539,DACIA_SPRING,Dacia Spring 33 kW,33000,139,2023-04-18 08:44:12.633,2.2,3.6,349,N,-3.069656732162425,69.5046345598857,526,119,0.0,37.0,269.0,,,,220,398,128,45,1
2023-04-18 08:44:12.334,,,74,,98.5,,,,,,,3,-2.0204978,43.256588,71.7666,15.263849458793148,2023-04-18 08:44:12.81,6,-0.476,0101000020E6100000FD7E39CCFA2900C05032BDEDD7A04540,20230418_DACIA_TOLOSA_ZARAUTZ_003,,d3,2023-04-18 08:29:01.982,2023-04-18 08:58:57.539,DACIA_SPRING,Dacia Spring 33 kW,33000,139,2023-04-18 08:44:12.633,2.2,3.6,349,N,-3.312322668405132,77.9391887621163,526,119,0.0,37.0,269.0,,,,220,398,128,45,1
2023-04-18 08:44:19.116,,,74,,98.5,,,,,,,3,-2.0202367,43.25781,72.05713,15.401365255390196,2023-04-18 08:44:18.823,6,0.293,0101000020E61000004F39ECDF712900C0A76308DFFFA04540,20230418_DACIA_TOLOSA_ZARAUTZ_003,,d3,2023-04-18 08:29:01.982,2023-04-18 08:58:57.539,DACIA_SPRING,Dacia Spring 33 kW,33000,139,2023-04-18 08:44:12.633,2.2,3.6,349,N,-3.2162602361831807,74.3043655966208,526,119,0.0,37.0,269.0,,,,220,398,128,8,2
2023-04-18 08:44:24.632,,,74,,98.5,,,,,,,3,-2.0199068,43.258984000000005,73.322266,15.534619680603926,2023-04-18 08:44:24.851,6,-0.2189999999999999,0101000020E610000066FA04D4C42800C034E78D5126A14540,20230418_DACIA_TOLOSA_ZARAUTZ_003,,d3,2023-04-18 08:29:01.982,2023-04-18 08:58:57.539,DACIA_SPRING,Dacia Spring 33 kW,33000,139,2023-04-18 08:44:12.633,2.2,3.6,349,N,-2.041834324050176,45.55354747708309,526,119,0.0,37.0,269.0,,,,220,398,128,80,2
2023-04-18 08:44:30.131,,,74,,98.5,,,,,,,3,-2.0191329,43.259773,72.79089,15.642437954731964,2023-04-18 08:44:29.882,6,0.249,0101000020E61000009A385E262F2700C0C7182F4840A14540,20230418_DACIA_TOLOSA_ZARAUTZ_003,,d3,2023-04-18 08:29:01.982,2023-04-18 08:58:57.539,DACIA_SPRING,Dacia Spring 33 kW,33000,139,2023-04-18 08:44:12.633,2.2,3.6,349,N,-1.4781867440688965,35.242998247287005,526,119,0.0,37.0,269.0,,,,220,398,128,80,2
2023-04-18 08:44:35.654,,,74,,98.5,,,,,,,3,-2.018053,43.260536,71.04309,15.764291496775572,2023-04-18 08:44:35.922,6,-0.268,0101000020E610000027546807F92400C0A996214C59A14540,20230418_DACIA_TOLOSA_ZARAUTZ_003,,d3,2023-04-18 08:29:01.982,2023-04-18 08:58:57.539,DACIA_SPRING,Dacia Spring 33 kW,33000,139,2023-04-18 08:44:12.633,2.2,3.6,349,N,-2.6417496789149317,58.207547093534174,526,119,0.0,37.0,269.0,,,,220,398,128,80,2
2023-04-18 08:44:41.199,,,74,,98.5,,,,,,,3,-2.017497,43.261433,67.40448,15.873784615176879,2023-04-18 08:44:40.95,6,0.249,0101000020E61000001668FB80D52300C06A9C139C76A14540,20230418_DACIA_TOLOSA_ZARAUTZ_003,,d3,2023-04-18 08:29:01.982,2023-04-18 08:58:57.539,DACIA_SPRING,Dacia Spring 33 kW,33000,139,2023-04-18 08:44:12.633,2.2,3.6,349,N,-3.510639556195487,88.20732091501075,526,119,0.0,37.0,269.0,,,,220,398,128,80,2
2023-04-18 08:44:46.83,,,73,,98.5,,,,,,,3,-2.0174606,43.262596,70.526855,16.003175579655476,2023-04-18 08:44:46.978,6,-0.148,0101000020E6100000A326B860C22300C0D4F523C99CA14540,20230418_DACIA_TOLOSA_ZARAUTZ_003,,d3,2023-04-18 08:29:01.982,2023-04-18 08:58:57.539,DACIA_SPRING,Dacia Spring 33 kW,33000,139,2023-04-18 08:44:12.633,2.2,3.6,349,N,-3.586982611647469,96.12607027801658,526,119,0.0,37.0,269.0,,,,220,398,128,25,2
2023-04-18 08:44:52.59,,,73,,98.5,,,,,,,3,-2.017588,43.263783,70.762085,16.135566696782334,2023-04-18 08:44:53.007,6,-0.417,0101000020E6100000B6DBEC17052400C0B4C068A0C3A14540,20230418_DACIA_TOLOSA_ZARAUTZ_003,,d3,2023-04-18 08:29:01.982,2023-04-18 08:58:57.539,DACIA_SPRING,Dacia Spring 33 kW,33000,139,2023-04-18 08:44:12.633,2.2,3.6,349,N,-3.27111269012532,76.31841223530401,526,119,0.0,37.0,269.0,,,,220,398,128,40,2
2023-04-18 08:44:58.206,,,73,,98.5,,,,,,,3,-2.0173526,43.26475,72.42211999999999,16.244781181474426,2023-04-18 08:44:58.028,6,0.178,0101000020E6100000AE2FF1CB892300C0A9B5F65FE3A14540,20230418_DACIA_TOLOSA_ZARAUTZ_003,,d3,2023-04-18 08:29:01.982,2023-04-18 08:58:57.539,DACIA_SPRING,Dacia Spring 33 kW,33000,139,2023-04-18 08:44:12.633,2.2,3.6,349,N,-3.304830824072588,77.63666205773323,526,119,0.0,37.0,269.0,,,,220,398,128,25,2
2023-04-18 08:45:03.709,,,73,,98.5,,,,,,,3,-2.0170808,43.26599,78.072266,16.384522495619724,2023-04-18 08:45:04.037,6,-0.3279999999999999,0101000020E61000007F8B6733FB2200C035D8CC080CA24540,20230418_DACIA_TOLOSA_ZARAUTZ_003,,d3,2023-04-18 08:29:01.982,2023-04-18 08:58:57.539,DACIA_SPRING,Dacia Spring 33 kW,33000,139,2023-04-18 08:44:12.633,2.2,3.6,349,N,-3.443190848898134,84.0268971099203,335,63,,,,19.0,313.0,3.0,0,310,25,25,2
2023-04-18 08:45:09.239,,,73,,98.5,,,,,,,3,-2.0169678,43.26707,89.22833,16.505476638153628,2023-04-18 08:45:09.077,6,0.162,0101000020E6100000FD1BCDF4BF2200C0FA9CBB5D2FA24540,20230418_DACIA_TOLOSA_ZARAUTZ_003,,d3,2023-04-18 08:29:01.982,2023-04-18 08:58:57.539,DACIA_SPRING,Dacia Spring 33 kW,33000,139,2023-04-18 08:44:12.633,2.2,3.6,349,N,-3.4212905349156397,82.87102200650799,335,63,,,,19.0,313.0,3.0,0,310,25,25,2
2023-04-18 08:45:14.792,,,73,,98.5,,,,,,,3,-2.0167897,43.268494,95.170044,16.664584475602915,2023-04-18 08:45:15.107,6,-0.315,0101000020E61000007418FE99622200C00B7FE1F05DA24540,20230418_DACIA_TOLOSA_ZARAUTZ_003,,d3,2023-04-18 08:29:01.982,2023-04-18 08:58:57.539,DACIA_SPRING,Dacia Spring 33 kW,33000,139,2023-04-18 08:44:12.633,2.2,3.6,349,N,-3.306838498422497,77.71736933210688,335,63,,,,19.0,313.0,3.0,0,310,25,80,2
2023-04-18 08:45:20.334,,,73,,98.5,,,,,,,3,-2.0165722,43.269493,95.22034,16.77705541842905,2023-04-18 08:45:20.107,6,0.2269999999999999,0101000020E610000014F6C4A5F02100C0722919C67EA24540,20230418_DACIA_TOLOSA_ZARAUTZ_003,,d3,2023-04-18 08:29:01.982,2023-04-18 08:58:57.539,DACIA_SPRING,Dacia Spring 33 kW,33000,139,2023-04-18 08:44:12.633,2.2,3.6,349,N,-3.4304632702667406,83.34622603060495,335,63,,,,19.0,313.0,3.0,0,310,25,25,2
2023-04-18 08:45:26.185,,,72,,98.5,,,,,,,3,-2.0164034,43.27094,100.03906,16.93860574422792,2023-04-18 08:45:26.166,6,0.019,0101000020E6100000714E362F982100C0C534BA20AEA24540,20230418_DACIA_TOLOSA_ZARAUTZ_003,,d3,2023-04-18 08:29:01.982,2023-04-18 08:58:57.539,DACIA_SPRING,Dacia Spring 33 kW,33000,139,2023-04-18 08:44:12.633,2.2,3.6,349,N,-3.462354256562977,85.10497027810234,568,81,,,,7.0,298.0,262.0,1,515,53,25,2
2023-04-18 08:45:31.769,,,72,,98.5,,,,,,,3,-2.0162835,43.27234,96.46771,17.094621893686767,2023-04-18 08:45:32.166,6,-0.397,0101000020E61000004385B03B592100C0A13C5E0EDCA24540,20230418_DACIA_TOLOSA_ZARAUTZ_003,,d3,2023-04-18 08:29:01.982,2023-04-18 08:58:57.539,DACIA_SPRING,Dacia Spring 33 kW,33000,139,2023-04-18 08:44:12.633,2.2,3.6,349,N,-3.3438559199810824,79.2560795266024,545,96,35.0,270.0,229.0,,,,11,490,55,55,2
2023-04-18 08:45:37.32,,,72,,98.5,,,,,,,3,-2.0160818,43.273403,93.253845,17.21398805138451,2023-04-18 08:45:37.204,6,0.1159999999999999,0101000020E6100000FD436589EF2000C0F503ECDDFEA24540,20230418_DACIA_TOLOSA_ZARAUTZ_003,,d3,2023-04-18 08:29:01.982,2023-04-18 08:58:57.539,DACIA_SPRING,Dacia Spring 33 kW,33000,139,2023-04-18 08:44:12.633,2.2,3.6,349,N,-3.4969993166225337,87.26124480278756,545,96,35.0,270.0,229.0,,,,11,490,55,80,2
2023-04-18 08:45:42.858,,,72,,98.5,,,,,,,3,-2.0160232,43.274628,96.55597,17.350324425181004,2023-04-18 08:45:43.206,6,-0.348,0101000020E6100000EFA21ABCD02000C03FEECF0327A34540,20230418_DACIA_TOLOSA_ZARAUTZ_003,,d3,2023-04-18 08:29:01.982,2023-04-18 08:58:57.539,DACIA_SPRING,Dacia Spring 33 kW,33000,139,2023-04-18 08:44:12.633,2.2,3.6,349,N,-3.430943731175234,83.37145836419089,545,96,35.0,270.0,229.0,,,,11,490,55,80,2
2023-04-18 08:45:48.498,,,72,,98.5,,,,,,,3,-2.0158963,43.27572,101.39026,17.472278975544597,2023-04-18 08:45:48.255,6,0.243,0101000020E6100000C936F43F8E2000C0F89969B14AA34540,20230418_DACIA_TOLOSA_ZARAUTZ_003,,d3,2023-04-18 08:29:01.982,2023-04-18 08:58:57.539,DACIA_SPRING,Dacia Spring 33 kW,33000,139,2023-04-18 08:44:12.633,2.2,3.6,349,N,-3.3494451128693163,79.49747573656326,545,96,35.0,270.0,229.0,,,,11,490,55,80,2
2023-04-18 08:45:54.044,,,72,,98.5,,,,,,,3,-2.0156553,43.27702,101.89282,17.618143966846443,2023-04-18 08:45:54.242,6,-0.198,0101000020E6100000451960D50F2000C0653A536C75A34540,20230418_DACIA_TOLOSA_ZARAUTZ_003,,d3,2023-04-18 08:29:01.982,2023-04-18 08:58:57.539,DACIA_SPRING,Dacia Spring 33 kW,33000,139,2023-04-18 08:44:12.633,2.2,3.6,349,N,-3.570564841056444,108.33188985491066,545,96,35.0,270.0,229.0,,,,11,490,55,55,2
2023-04-18 08:45:59.757,,,72,,98.5,,,,,,,3,-2.0159926,43.278038,105.47974,17.734642528101514,2023-04-18 08:45:59.301,6,0.456,0101000020E610000050D6B9B3C02000C05A9444BC96A34540,20230418_DACIA_TOLOSA_ZARAUTZ_003,,d3,2023-04-18 08:29:01.982,2023-04-18 08:58:57.539,DACIA_SPRING,Dacia Spring 33 kW,33000,139,2023-04-18 08:44:12.633,2.2,3.6,349,N,-2.9675868971008343,135.4794087221619,545,96,35.0,270.0,229.0,,,,11,490,55,80,2
2023-04-18 08:46:05.327,,,72,,98.5,,,,,,,3,-2.0171254000000003,43.279152,109.75806,17.888824023249168,2023-04-18 08:46:05.279,6,0.048,0101000020E6100000BBA740A0122300C08EBA4A35BBA34540,20230418_DACIA_TOLOSA_ZARAUTZ_003,,d3,2023-04-18 08:29:01.982,2023-04-18 08:58:57.539,DACIA_SPRING,Dacia Spring 33 kW,33000,139,2023-04-18 08:44:12.633,2.2,3.6,349,N,-2.8167904663924648,139.51530913655924,568,81,,,,7.0,298.0,262.0,1,515,53,40,1
2023-04-18 08:46:10.952,,,72,,98.5,,,,,,,3,-2.0183496,43.280197,116.26886,18.041681953856944,2023-04-18 08:46:11.331,6,-0.379,0101000020E6100000A82BE972942500C0471CD38FDDA34540,20230418_DACIA_TOLOSA_ZARAUTZ_003,,d3,2023-04-18 08:29:01.982,2023-04-18 08:58:57.539,DACIA_SPRING,Dacia Spring 33 kW,33000,139,2023-04-18 08:48:05.126,4.3,6.8,50,NE,-2.6638477131523794,106.93704541412984,568,81,,,,7.0,298.0,262.0,1,515,53,25,1
2023-04-18 08:46:16.518,,,72,,98.5,,,,,,,3,-2.0186992,43.281345,112.61432,18.172484219942525,2023-04-18 08:46:16.323,6,0.195,0101000020E6100000C7ECB0B24B2600C00A80121B03A44540,20230418_DACIA_TOLOSA_ZARAUTZ_003,,d3,2023-04-18 08:29:01.982,2023-04-18 08:58:57.539,DACIA_SPRING,Dacia Spring 33 kW,33000,139,2023-04-18 08:48:05.126,4.3,6.8,50,NE,-5.277676807031989,79.09250122457638,568,81,,,,7.0,298.0,262.0,1,515,53,45,1
2023-04-18 08:46:22.077,,,72,,98.5,,,,,,,3,-2.0184271000000003,43.282757,120.852844,18.331242823987047,2023-04-18 08:46:22.391,6,-0.314,0101000020E6100000F34B7113BD2500C0220B035C31A44540,20230418_DACIA_TOLOSA_ZARAUTZ_003,,d3,2023-04-18 08:29:01.982,2023-04-18 08:58:57.539,DACIA_SPRING,Dacia Spring 33 kW,33000,139,2023-04-18 08:48:05.126,4.3,6.8,50,NE,-4.406458430233596,89.60837397652125,568,81,,,,7.0,298.0,262.0,1,515,53,45,1
2023-04-18 08:46:28.116,,,72,,98.5,,,,,,,3,-2.0184171,43.28422,125.75476,18.493996851616195,2023-04-18 08:46:28.555,6,-0.439,0101000020E6100000EF1E3DD1B72500C0334E435461A44540,20230418_DACIA_TOLOSA_ZARAUTZ_003,,d3,2023-04-18 08:29:01.982,2023-04-18 08:58:57.539,DACIA_SPRING,Dacia Spring 33 kW,33000,139,2023-04-18 08:48:05.126,4.3,6.8,50,NE,-3.3932422100997344,100.06572703992052,568,81,,,,7.0,298.0,262.0,1,515,53,45,1
2023-04-18 08:46:34.052,,,71,,98.5,,,,,,,3,-2.0186381,43.285465,131.04254,18.633685656286854,2023-04-18 08:46:34.403,6,-0.351,0101000020E610000061D88ACB2B2600C05A8DBA108AA44540,20230418_DACIA_TOLOSA_ZARAUTZ_003,,d3,2023-04-18 08:29:01.982,2023-04-18 08:58:57.539,DACIA_SPRING,Dacia Spring 33 kW,33000,139,2023-04-18 08:48:05.126,4.3,6.8,50,NE,-3.2023951419683194,101.90463870726764,600,103,9.0,148.0,409.0,,,,34,563,37,80,1
2023-04-18 08:46:39.486,,,71,,98.5,,,,,,,3,-2.0188057,43.28626,132.4552,18.72313167018268,2023-04-18 08:46:39.422,6,0.064,0101000020E6100000D497C6AB832600C02F2C4513A4A44540,20230418_DACIA_TOLOSA_ZARAUTZ_003,,d3,2023-04-18 08:29:01.982,2023-04-18 08:58:57.539,DACIA_SPRING,Dacia Spring 33 kW,33000,139,2023-04-18 08:48:05.126,4.3,6.8,50,NE,-3.183146792119641,102.0883291894389,600,103,9.0,148.0,409.0,,,,34,563,37,80,1
2023-04-18 08:47:05.728,,,71,,98.5,,,,,,,3,-2.01891,43.286747,133.79993000000002,18.77795422388472,2023-04-18 08:47:05.727,6,0.001,0101000020E610000006F1E447BA2600C06869D920B4A44540,20230418_DACIA_TOLOSA_ZARAUTZ_003,,d3,2023-04-18 08:29:01.982,2023-04-18 08:58:57.539,DACIA_SPRING,Dacia Spring 33 kW,33000,139,2023-04-18 08:48:05.126,4.3,6.8,50,NE,-6.518979134800543,56.529494768921694,600,103,9.0,148.0,409.0,,,,34,563,37,80,1
2023-04-18 08:47:11.837,,,71,,98.5,,,,,,,3,-2.0163474,43.290623,156.95837,19.256818966816724,2023-04-18 08:47:11.656,6,0.181,0101000020E6100000DF9ECEB27A2100C0C81CD32C33A54540,20230418_DACIA_TOLOSA_ZARAUTZ_003,,d3,2023-04-18 08:29:01.982,2023-04-18 08:58:57.539,DACIA_SPRING,Dacia Spring 33 kW,33000,139,2023-04-18 08:48:05.126,4.3,6.8,50,NE,0.7286751575678541,136.1515188938438,545,96,35.0,270.0,229.0,,,,11,490,55,45,1
2023-04-18 08:47:17.397,,,71,,98.5,,,,,,,3,-2.0170376,43.291286,158.87952,19.34933532873242,2023-04-18 08:47:17.566,6,-0.1689999999999999,0101000020E6100000089DA59EE42200C0F32785D448A54540,20230418_DACIA_TOLOSA_ZARAUTZ_003,,d3,2023-04-18 08:29:01.982,2023-04-18 08:58:57.539,DACIA_SPRING,Dacia Spring 33 kW,33000,139,2023-04-18 08:48:05.126,4.3,6.8,50,NE,6.093731434217387,-166.34515376958234,545,96,35.0,270.0,229.0,,,,11,490,55,45,1
2023-04-18 08:47:23.117,,,71,,98.5,,,,,,,3,-2.0180502,43.29104,157.44464,19.43574780438549,2023-04-18 08:47:23.606,6,-0.489,0101000020E610000064162D82F72400C014C69ABA40A54540,20230418_DACIA_TOLOSA_ZARAUTZ_003,,d3,2023-04-18 08:29:01.982,2023-04-18 08:58:57.539,DACIA_SPRING,Dacia Spring 33 kW,33000,139,2023-04-18 08:48:05.126,4.3,6.8,50,NE,5.768803576411777,-108.03303247240326,568,81,,,,7.0,298.0,262.0,1,515,53,45,1
2023-04-18 08:47:28.766,,,71,,98.5,,,,,,,3,-2.0182693,43.290367,154.11016999999998,19.512726658137783,2023-04-18 08:47:28.627,6,0.139,0101000020E6100000B291985E6A2500C0149D9FC12AA54540,20230418_DACIA_TOLOSA_ZARAUTZ_003,,d3,2023-04-18 08:29:01.982,2023-04-18 08:58:57.539,DACIA_SPRING,Dacia Spring 33 kW,33000,139,2023-04-18 08:48:05.126,4.3,6.8,50,NE,6.694256244942129,-129.88245970310487,600,103,9.0,148.0,409.0,,,,34,563,37,90,1
2023-04-18 08:47:34.464,,,71,,98.5,,,,,,,3,-2.0189545,43.289547,151.20587,19.619487455387013,2023-04-18 08:47:34.647,6,-0.183,0101000020E610000018E2A2A4D12600C022B6AADB0FA54540,20230418_DACIA_TOLOSA_ZARAUTZ_003,,d3,2023-04-18 08:29:01.982,2023-04-18 08:58:57.539,DACIA_SPRING,Dacia Spring 33 kW,33000,139,2023-04-18 08:48:05.126,4.3,6.8,50,NE,6.127248576350447,-165.70146046267317,600,103,9.0,148.0,409.0,,,,34,563,37,90,1
2023-04-18 08:47:40.157,,,71,,98.5,,,,,,,3,-2.0199864,43.289284,155.48016,19.708083160502508,2023-04-18 08:47:39.675,6,0.482,0101000020E6100000A48040A9EE2800C0859EC53907A54540,20230418_DACIA_TOLOSA_ZARAUTZ_003,,d3,2023-04-18 08:29:01.982,2023-04-18 08:58:57.539,DACIA_SPRING,Dacia Spring 33 kW,33000,139,2023-04-18 08:48:05.126,4.3,6.8,50,NE,6.109411535965134,-166.04586126865283,600,103,9.0,148.0,409.0,,,,34,563,37,80,1
2023-04-18 08:47:45.786,,,70,,98.5,,,,,,,3,-2.021399,43.288933,156.68835,19.828901869953174,2023-04-18 08:47:45.736,6,0.05,0101000020E6100000E152DF43D32B00C02CDAB9BCFBA44540,20230418_DACIA_TOLOSA_ZARAUTZ_003,,d3,2023-04-18 08:29:01.982,2023-04-18 08:58:57.539,DACIA_SPRING,Dacia Spring 33 kW,33000,139,2023-04-18 08:48:05.126,4.3,6.8,50,NE,6.643964327722379,-152.29784731446605,600,103,9.0,148.0,409.0,,,,34,563,37,80,1
2023-04-18 08:47:51.527,,,70,,98.5,,,,,,,3,-2.0228236,43.288185,158.88116000000002,19.971093215021916,2023-04-18 08:47:51.73,6,-0.203,0101000020E61000001C65792EBE2E00C06E36F337E3A44540,20230418_DACIA_TOLOSA_ZARAUTZ_003,,d3,2023-04-18 08:29:01.982,2023-04-18 08:58:57.539,DACIA_SPRING,Dacia Spring 33 kW,33000,139,2023-04-18 08:48:05.126,4.3,6.8,50,NE,6.792975639998211,-142.60449751204388,600,103,9.0,148.0,409.0,,,,34,563,37,100,1
2023-04-18 08:47:57.215,,,70,,98.5,,,,,,,3,-2.023946,43.287327000000005,159.61871000000002,20.10283570253083,2023-04-18 08:47:56.756,6,0.4589999999999999,0101000020E61000004E241CA30A3100C00BAD1423C7A44540,20230418_DACIA_TOLOSA_ZARAUTZ_003,,d3,2023-04-18 08:29:01.982,2023-04-18 08:58:57.539,DACIA_SPRING,Dacia Spring 33 kW,33000,139,2023-04-18 08:48:05.126,4.3,6.8,50,NE,6.70678849453171,-149.49763073136066,600,103,9.0,148.0,409.0,,,,34,563,37,8,1
2023-04-18 08:48:02.688,,,70,,98.5,,,,,,,3,-2.0255773,43.286366,163.18262,20.27273628256539,2023-04-18 08:48:02.741,6,-0.053,0101000020E610000069FAB2D5613400C004552790A7A44540,20230418_DACIA_TOLOSA_ZARAUTZ_003,,d3,2023-04-18 08:29:01.982,2023-04-18 08:58:57.539,DACIA_SPRING,Dacia Spring 33 kW,33000,139,2023-04-18 08:48:05.126,4.3,6.8,50,NE,6.277317938954592,-162.61121305487083,600,103,9.0,148.0,409.0,,,,34,563,37,25,1
2023-04-18 08:48:08.466,,,70,,98.5,,,,,,,3,-2.027407,43.285793,164.43811000000002,20.433966720061363,2023-04-18 08:48:08.822,6,-0.356,0101000020E610000084A5F42B213800C09CD50AEC94A44540,20230418_DACIA_TOLOSA_ZARAUTZ_003,,d3,2023-04-18 08:29:01.982,2023-04-18 08:58:57.539,DACIA_SPRING,Dacia Spring 33 kW,33000,139,2023-04-18 08:48:05.126,4.3,6.8,50,NE,5.163931757165409,179.4114839899381,600,103,9.0,148.0,409.0,,,,34,563,37,25,1
2023-04-18 08:48:14.104,,,70,,98.5,,,,,,,3,-2.029062,43.28581,166.65546,20.56795995273023,2023-04-18 08:48:13.835,6,0.2689999999999999,0101000020E61000006FD066EE843B00C025FE305B95A44540,20230418_DACIA_TOLOSA_ZARAUTZ_003,,d3,2023-04-18 08:29:01.982,2023-04-18 08:58:57.539,DACIA_SPRING,Dacia Spring 33 kW,33000,139,2023-04-18 08:48:05.126,4.3,6.8,50,NE,4.393650307912846,170.25007999740276,600,103,9.0,148.0,409.0,,,,34,563,37,8,1
2023-04-18 08:48:19.677,,,70,,98.5,,,,,,,3,-2.0310407,43.28615,172.70898,20.732635348818476,2023-04-18 08:48:19.867,6,-0.19,0101000020E6100000DF2C2D3C923F00C0725C3AA4A0A44540,20230418_DACIA_TOLOSA_ZARAUTZ_003,,d3,2023-04-18 08:29:01.982,2023-04-18 08:58:57.539,DACIA_SPRING,Dacia Spring 33 kW,33000,139,2023-04-18 08:48:05.126,4.3,6.8,50,NE,3.704658407523444,163.01118234985114,600,103,9.0,148.0,409.0,,,,34,563,37,8,1
2023-04-18 08:48:25.266,,,70,,98.5,,,,,,,3,-2.03271,43.28666,173.67847,20.879174389274397,2023-04-18 08:48:24.907,6,0.359,0101000020E61000007261AC88FD4200C0F32E8B47B1A44540,20230418_DACIA_TOLOSA_ZARAUTZ_003,,d3,2023-04-18 08:29:01.982,2023-04-18 08:58:57.539,DACIA_SPRING,Dacia Spring 33 kW,33000,139,2023-04-18 08:48:05.126,4.3,6.8,50,NE,2.953430557839853,155.74254265930384,600,103,9.0,148.0,409.0,,,,34,563,37,8,1
2023-04-18 08:48:30.766,,,70,,98.5,,,,,,,3,-2.0345297,43.28748,169.43511999999998,21.052454731721706,2023-04-18 08:48:30.906,6,-0.14,0101000020E61000003DE64D8FB74600C07A948423CCA44540,20230418_DACIA_TOLOSA_ZARAUTZ_003,,d3,2023-04-18 08:29:01.982,2023-04-18 08:58:57.539,DACIA_SPRING,Dacia Spring 33 kW,33000,139,2023-04-18 08:48:05.126,4.3,6.8,50,NE,1.7645430093785754,145.0398987632724,600,103,9.0,148.0,409.0,,,,34,563,37,120,1
2023-04-18 08:48:36.786,,,70,,98.5,,,,,,,3,-2.0360844,43.288567,167.13641,21.226953594387428,2023-04-18 08:48:36.935,6,-0.149,0101000020E61000004331C390E64900C014F517B4EFA44540,20230418_DACIA_TOLOSA_ZARAUTZ_003,,d3,2023-04-18 08:29:01.982,2023-04-18 08:58:57.539,DACIA_SPRING,Dacia Spring 33 kW,33000,139,2023-04-18 08:48:05.126,4.3,6.8,50,NE,-0.4765980540501579,125.98096126124965,600,103,9.0,148.0,409.0,,,,34,563,37,90,1
2023-04-18 08:48:42.547,,,70,,98.5,,,,,,,3,-2.0368736000000003,43.289654,167.57605,21.363664137215544,2023-04-18 08:48:42.166,6,0.381,0101000020E610000033DE356C844B00C03E92376513A54540,20230418_DACIA_TOLOSA_ZARAUTZ_003,,d3,2023-04-18 08:29:01.982,2023-04-18 08:58:57.539,DACIA_SPRING,Dacia Spring 33 kW,33000,139,2023-04-18 08:49:12.65,4.3,6.8,50,NE,-1.8705219603884269,114.0334114583144,600,103,9.0,148.0,409.0,,,,34,563,37,90,1
2023-04-18 08:48:48.16,,,70,,98.5,,,,,,,3,-2.0374649,43.29098,170.96051,21.518718158757274,2023-04-18 08:48:47.986,6,0.174,0101000020E6100000D66C4850BA4C00C0F852BAEC3EA54540,20230418_DACIA_TOLOSA_ZARAUTZ_003,,d3,2023-04-18 08:29:01.982,2023-04-18 08:58:57.539,DACIA_SPRING,Dacia Spring 33 kW,33000,139,2023-04-18 08:49:12.65,4.3,6.8,50,NE,0.4100490402516308,133.4571089913477,600,103,9.0,148.0,409.0,,,,34,563,37,120,1
2023-04-18 08:48:53.946,,,70,,98.5,,,,,,,3,-2.038294,43.291855,171.91223,21.63691414233142,2023-04-18 08:48:53.106,6,0.84,0101000020E6100000817755146D4E00C0C5696F8D5BA54540,20230418_DACIA_TOLOSA_ZARAUTZ_003,,d3,2023-04-18 08:29:01.982,2023-04-18 08:58:57.539,DACIA_SPRING,Dacia Spring 33 kW,33000,139,2023-04-18 08:49:12.65,4.3,6.8,50,NE,2.4953779756561163,151.52870699950324,600,103,9.0,148.0,409.0,,,,34,563,37,25,1
2023-04-18 08:48:59.78,,,70,,98.5,,,,,,,3,-2.0396862,43.29261,175.4289,21.77747228648847,2023-04-18 08:48:59.62,6,0.16,0101000020E6100000AC35F704475100C04D30183374A54540,20230418_DACIA_TOLOSA_ZARAUTZ_003,,d3,2023-04-18 08:29:01.982,2023-04-18 08:58:57.539,DACIA_SPRING,Dacia Spring 33 kW,33000,139,2023-04-18 08:49:12.65,4.3,6.8,50,NE,4.337488645331155,169.63287423268844,600,103,9.0,148.0,409.0,,,,34,563,37,90,1
2023-04-18 08:49:05.888,,,69,,98.5,,,,,,,3,-2.0417907,43.292995,181.63226,21.95320546130967,2023-04-18 08:49:06.075,6,-0.187,0101000020E61000003037CE5C965500C077B64FE080A54540,20230418_DACIA_TOLOSA_ZARAUTZ_003,,d3,2023-04-18 08:29:01.982,2023-04-18 08:58:57.539,DACIA_SPRING,Dacia Spring 33 kW,33000,139,2023-04-18 08:49:12.65,4.3,6.8,50,NE,4.602792004946358,172.6004053400374,600,103,9.0,148.0,409.0,,,,34,563,37,120,2
2023-04-18 08:49:11.525,,,69,,98.5,,,,,,,3,-2.043323,43.293194,187.87164,22.079333435543266,2023-04-18 08:49:11.056,6,0.469,0101000020E61000001247C3CEB95800C0445FEE5187A54540,20230418_DACIA_TOLOSA_ZARAUTZ_003,,d3,2023-04-18 08:29:01.982,2023-04-18 08:58:57.539,DACIA_SPRING,Dacia Spring 33 kW,33000,139,2023-04-18 08:49:12.65,4.3,6.8,50,NE,3.868016674667852,164.66839839091955,600,103,9.0,148.0,409.0,,,,34,563,37,120,2
2023-04-18 08:49:17.203,,,69,,98.5,,,,,,,3,-2.0450592,43.29367,187.74951,22.229487914357016,2023-04-18 08:49:17.076,6,0.127,0101000020E610000034ABCA00485C00C0770D5DFD96A54540,20230418_DACIA_TOLOSA_ZARAUTZ_003,,d3,2023-04-18 08:29:01.982,2023-04-18 08:58:57.539,DACIA_SPRING,Dacia Spring 33 kW,33000,139,2023-04-18 08:49:12.65,4.3,6.8,50,NE,4.460539382880223,170.9926094484355,600,103,9.0,148.0,409.0,,,,34,563,37,8,2
2023-04-18 08:49:22.866,,,68,,98.5,,,,,,,3,-2.047141,43.294,191.47467,22.401963652782925,2023-04-18 08:49:23.127,6,-0.261,0101000020E610000024FAAD848B6000C084C8D8BFA1A54540,20230418_DACIA_TOLOSA_ZARAUTZ_003,,d3,2023-04-18 08:29:01.982,2023-04-18 08:58:57.539,DACIA_SPRING,Dacia Spring 33 kW,33000,139,2023-04-18 08:49:12.65,4.3,6.8,50,NE,5.455419902295545,-176.652805786609,600,103,9.0,148.0,409.0,,,,34,563,37,25,2
2023-04-18 08:49:28.583,,,68,,98.5,,,,,,,3,-2.0489192,43.293896,192.36096,22.54634476465029,2023-04-18 08:49:28.168,6,0.415,0101000020E61000004D254DCD2F6400C0E5C12F589EA54540,20230418_DACIA_TOLOSA_ZARAUTZ_003,,d3,2023-04-18 08:29:01.982,2023-04-18 08:58:57.539,DACIA_SPRING,Dacia Spring 33 kW,33000,139,2023-04-18 08:49:12.65,4.3,6.8,50,NE,4.600291175820468,172.57178559554882,600,103,9.0,148.0,409.0,,,,34,563,37,25,2
2023-04-18 08:49:34.336,,,68,,98.5,,,,,,,3,-2.05076,43.294136,194.33972,22.69770975127101,2023-04-18 08:49:34.215,6,0.121,0101000020E6100000A6EFF3E7F46700C087A4164AA6A54540,20230418_DACIA_TOLOSA_ZARAUTZ_003,,d3,2023-04-18 08:29:01.982,2023-04-18 08:58:57.539,DACIA_SPRING,Dacia Spring 33 kW,33000,139,2023-04-18 08:49:12.65,4.3,6.8,50,NE,3.138999113533132,157.4915322460435,600,103,9.0,148.0,409.0,,,,34,563,37,25,2
2023-04-18 08:49:39.747,,,68,,98.5,,,,,,,3,-2.0523865000000003,43.29481,201.58826,22.84935855153251,2023-04-18 08:49:40.186,6,-0.439,0101000020E6100000753C4592496B00C094F2416CBCA54540,20230418_DACIA_TOLOSA_ZARAUTZ_003,,d3,2023-04-18 08:29:01.982,2023-04-18 08:58:57.539,DACIA_SPRING,Dacia Spring 33 kW,33000,139,2023-04-18 08:49:12.65,4.3,6.8,50,NE,4.107932716443153,167.16466371523688,600,103,9.0,148.0,409.0,,,,34,563,37,25,2
2023-04-18 08:49:45.414,,,68,,98.5,,,,,,,3,-2.0539007,43.295155,203.32092,22.977780649432184,2023-04-18 08:49:45.215,6,0.1989999999999999,0101000020E6100000B56F8B85636E00C0DBB2AE97C7A54540,20230418_DACIA_TOLOSA_ZARAUTZ_003,,d3,2023-04-18 08:29:01.982,2023-04-18 08:58:57.539,DACIA_SPRING,Dacia Spring 33 kW,33000,139,2023-04-18 08:49:12.65,4.3,6.8,50,NE,5.292517873693618,-178.8937675228828,600,103,9.0,148.0,409.0,,,,34,563,37,8,3
2023-04-18 08:49:50.99,,,68,,98.5,,,,,,,3,-2.0559204,43.295116,207.98187,23.141361150326663,2023-04-18 08:49:51.245,6,-0.255,0101000020E610000080D9FB5C867200C05F844267C6A54540,20230418_DACIA_TOLOSA_ZARAUTZ_003,,d3,2023-04-18 08:29:01.982,2023-04-18 08:58:57.539,DACIA_SPRING,Dacia Spring 33 kW,33000,139,2023-04-18 08:49:12.65,4.3,6.8,50,NE,4.996629621177984,177.29019013958958,600,103,9.0,148.0,409.0,,,,34,563,37,8,3
2023-04-18 08:49:58.296,,,68,,98.5,,,,,,,3,-2.058329,43.29523,215.1698,23.336835637853962,2023-04-18 08:49:58.308,6,-0.012,0101000020E61000000B9E5B4B757700C00A9D5B11CAA54540,20230418_DACIA_TOLOSA_ZARAUTZ_003,,d3,2023-04-18 08:29:01.982,2023-04-18 08:58:57.539,DACIA_SPRING,Dacia Spring 33 kW,33000,139,2023-04-18 08:49:12.65,4.3,6.8,50,NE,5.349177984361289,-178.12703174348147,600,103,9.0,148.0,409.0,,,,34,563,37,8,3
2023-04-18 08:50:03.986,,,68,,98.5,,,,,,,3,-2.0604696,43.29516,221.92542000000003,23.510382914705197,2023-04-18 08:50:04.306,6,-0.32,0101000020E610000015986788D77B00C0E76C43BDC7A54540,20230418_DACIA_TOLOSA_ZARAUTZ_003,,d3,2023-04-18 08:29:01.982,2023-04-18 08:58:57.539,DACIA_SPRING,Dacia Spring 33 kW,33000,139,2023-04-18 08:49:12.65,4.3,6.8,50,NE,5.972844759950426,-168.55489748894334,600,103,9.0,148.0,409.0,,,,34,563,37,25,3
2023-04-18 08:50:09.77,,,68,,98.5,,,,,,,3,-2.0622132,43.294807,231.59766,23.65717122603596,2023-04-18 08:50:09.315,6,0.455,0101000020E6100000E20511A9697F00C06A6F4B3FBCA54540,20230418_DACIA_TOLOSA_ZARAUTZ_003,,d3,2023-04-18 08:29:01.982,2023-04-18 08:58:57.539,DACIA_SPRING,Dacia Spring 33 kW,33000,139,2023-04-18 08:49:12.65,4.3,6.8,50,NE,6.509760412799569,-156.80035478819028,600,103,9.0,148.0,409.0,,,,34,563,37,25,3
2023-04-18 08:50:15.437,,,68,,98.5,,,,,,,3,-2.0641801,43.293964,233.98065,23.84192064013415,2023-04-18 08:50:15.3,6,0.1369999999999999,0101000020E61000002BA777D0708300C037A0AD9CA0A54540,20230418_DACIA_TOLOSA_ZARAUTZ_003,,d3,2023-04-18 08:29:01.982,2023-04-18 08:58:57.539,DACIA_SPRING,Dacia Spring 33 kW,33000,139,2023-04-18 08:49:12.65,4.3,6.8,50,NE,6.6282234734169645,-152.90575990386483,600,103,9.0,148.0,409.0,,,,34,563,37,25,3
2023-04-18 08:50:20.886,,,67,,98.5,,,,,,,3,-2.0661113,43.292976,234.68286,24.032967874581896,2023-04-18 08:50:21.381,6,-0.495,0101000020E61000004F607458658700C07177734480A54540,20230418_DACIA_TOLOSA_ZARAUTZ_003,,d3,2023-04-18 08:29:01.982,2023-04-18 08:58:57.539,DACIA_SPRING,Dacia Spring 33 kW,33000,139,2023-04-18 08:49:12.65,4.3,6.8,50,NE,6.443806657024531,-158.626887475832,600,103,9.0,148.0,409.0,,,,34,563,37,8,3
2023-04-18 08:50:26.706,,,67,,98.5,,,,,,,3,-2.0678463,43.292297,236.16522,24.192406827330345,2023-04-18 08:50:26.366,6,0.34,0101000020E610000042DC28F4F28A00C02956B2086AA54540,20230418_DACIA_TOLOSA_ZARAUTZ_003,,d3,2023-04-18 08:29:01.982,2023-04-18 08:58:57.539,DACIA_SPRING,Dacia Spring 33 kW,33000,139,2023-04-18 08:49:12.65,4.3,6.8,50,NE,6.135553263903823,-165.53963670492848,600,103,9.0,148.0,409.0,,,,34,563,37,8,4
2023-04-18 08:50:32.364,,,67,,98.5,,,,,,,3,-2.070045,43.29173,236.57513,24.381198260271756,2023-04-18 08:50:32.395,6,-0.031,0101000020E6100000DDF52DCE738F00C0FD107E5657A54540,20230418_DACIA_TOLOSA_ZARAUTZ_003,,d3,2023-04-18 08:29:01.982,2023-04-18 08:58:57.539,DACIA_SPRING,Dacia Spring 33 kW,33000,139,2023-04-18 08:49:12.65,4.3,6.8,50,NE,5.907678089171402,-169.68326520702064,600,103,9.0,148.0,409.0,,,,34,563,37,8,4
2023-04-18 08:50:37.985,,,67,,98.5,,,,,,,3,-2.0721655,43.291344,235.06714,24.558114916509673,2023-04-18 08:50:38.415,6,-0.43,0101000020E61000006ECE147CCB9300C00367BEBD4AA54540,20230418_DACIA_TOLOSA_ZARAUTZ_003,,d3,2023-04-18 08:29:01.982,2023-04-18 08:58:57.539,DACIA_SPRING,Dacia Spring 33 kW,33000,139,2023-04-18 08:49:12.65,4.3,6.8,50,NE,6.10273621330862,-166.17366467135955,600,103,9.0,148.0,409.0,,,,34,563,37,8,4
2023-04-18 08:50:43.526,,,67,,98.5,,,,,,,3,-2.0738883,43.29092,234.18274,24.70530985269803,2023-04-18 08:50:43.465,6,0.061,0101000020E61000002FD5D4CB529700C09944DEEE3CA54540,20230418_DACIA_TOLOSA_ZARAUTZ_003,,d3,2023-04-18 08:29:01.982,2023-04-18 08:58:57.539,DACIA_SPRING,Dacia Spring 33 kW,33000,139,2023-04-18 08:49:12.65,4.3,6.8,50,NE,6.431752648999654,-158.94229705719383,600,103,9.0,148.0,409.0,,,,34,563,37,25,4
2023-04-18 08:50:49.246,,,67,,98.5,,,,,,,3,-2.0757895,43.290188,231.70386,24.879406447322822,2023-04-18 08:50:49.459,6,-0.213,0101000020E61000007E3C2E89379B00C07671B8E224A54540,20230418_DACIA_TOLOSA_ZARAUTZ_003,,d3,2023-04-18 08:29:01.982,2023-04-18 08:58:57.539,DACIA_SPRING,Dacia Spring 33 kW,33000,139,2023-04-18 08:49:12.65,4.3,6.8,50,NE,6.529642425628714,-156.21070699811173,600,103,9.0,148.0,409.0,,,,34,563,37,25,4
2023-04-18 08:50:54.836,,,67,,98.5,,,,,,,3,-2.077357,43.289497,228.23218,25.027770579032644,2023-04-18 08:50:54.492,6,0.344,0101000020E6100000E6E4EA6C6D9E00C07C5491440EA54540,20230418_DACIA_TOLOSA_ZARAUTZ_003,,d3,2023-04-18 08:29:01.982,2023-04-18 08:58:57.539,DACIA_SPRING,Dacia Spring 33 kW,33000,139,2023-04-18 08:49:12.65,4.3,6.8,50,NE,6.491442959424361,-157.3263447905407,600,103,9.0,148.0,409.0,,,,34,563,37,25,4
2023-04-18 08:51:00.537,,,67,,98.5,,,,,,,3,-2.0793605,43.28866,221.17151,25.21487563494468,2023-04-18 08:51:00.537,6,0.0,0101000020E6100000148F51BF87A200C0F5DE73BBF2A44540,20230418_DACIA_TOLOSA_ZARAUTZ_003,,d3,2023-04-18 08:29:01.982,2023-04-18 08:58:57.539,DACIA_SPRING,Dacia Spring 33 kW,33000,139,2023-04-18 08:49:12.65,4.3,6.8,50,NE,6.085107380848632,-166.5084261223325,600,103,9.0,148.0,409.0,,,,34,563,37,25,5
2023-04-18 08:51:06.226,,,67,,98.5,,,,,,,3,-2.0816529,43.28811,218.53052,25.410259607199613,2023-04-18 08:51:06.526,6,-0.3,0101000020E6100000FA9510A439A700C0DAFD4BCEE0A44540,20230418_DACIA_TOLOSA_ZARAUTZ_003,,d3,2023-04-18 08:29:01.982,2023-04-18 08:58:57.539,DACIA_SPRING,Dacia Spring 33 kW,33000,139,2023-04-18 08:49:12.65,4.3,6.8,50,NE,5.788635000570107,-171.64994462887165,600,103,9.0,148.0,409.0,,,,34,563,37,25,5
2023-04-18 08:51:11.946,,,67,,98.5,,,,,,,3,-2.0834243000000003,43.28785,222.39789,25.556574691747198,2023-04-18 08:51:11.546,6,0.4,0101000020E61000009CE5CB6EDAAA00C07F6A594AD8A44540,20230418_DACIA_TOLOSA_ZARAUTZ_003,,d3,2023-04-18 08:29:01.982,2023-04-18 08:58:57.539,DACIA_SPRING,Dacia Spring 33 kW,33000,139,2023-04-18 08:53:05.076,4.3,6.8,50,NE,5.884751514246669,-170.0710586237134,600,103,9.0,148.0,409.0,,,,34,563,37,25,5
2023-04-18 08:51:17.53,,,67,,98.5,,,,,,,3,-2.085538,43.28748,216.73969,25.7326281014141,2023-04-18 08:51:17.58,6,-0.05,0101000020E610000006932C712EAF00C06EC72F17CCA44540,20230418_DACIA_TOLOSA_ZARAUTZ_003,,d3,2023-04-18 08:29:01.982,2023-04-18 08:58:57.539,DACIA_SPRING,Dacia Spring 33 kW,33000,139,2023-04-18 08:53:05.076,4.3,6.8,50,NE,6.198239554821149,-164.28571922088514,600,103,9.0,148.0,409.0,,,,34,563,37,25,5
2023-04-18 08:51:23.291,,,67,,98.5,,,,,,,3,-2.0874786,43.286934,214.67114,25.901041155968592,2023-04-18 08:51:23.588,6,-0.297,0101000020E6100000746548FC27B300C0A1DF7337BAA44540,20230418_DACIA_TOLOSA_ZARAUTZ_003,,d3,2023-04-18 08:29:01.982,2023-04-18 08:58:57.539,DACIA_SPRING,Dacia Spring 33 kW,33000,139,2023-04-18 08:53:05.076,4.3,6.8,50,NE,5.59560859057906,-174.62549463681586,600,103,9.0,148.0,409.0,,,,34,563,37,25,5
2023-04-18 08:51:28.876,,,67,,98.5,,,,,,,3,-2.0891793,43.286774,214.57996,26.03984439238736,2023-04-18 08:51:28.647,6,0.2289999999999999,0101000020E6100000C4371CAFA3B600C009343BFFB4A44540,20230418_DACIA_TOLOSA_ZARAUTZ_003,,d3,2023-04-18 08:29:01.982,2023-04-18 08:58:57.539,DACIA_SPRING,Dacia Spring 33 kW,33000,139,2023-04-18 08:53:05.076,4.3,6.8,50,NE,4.825945349867292,175.2103365300962,600,103,9.0,148.0,409.0,,,,34,563,37,25,5
2023-04-18 08:51:34.359,,,67,,98.5,,,,,,,3,-2.0912201,43.286945,208.99915,26.206215462840824,2023-04-18 08:51:34.626,6,-0.267,0101000020E610000041B5E297D1BA00C0A66E9999BAA44540,20230418_DACIA_TOLOSA_ZARAUTZ_003,,d3,2023-04-18 08:29:01.982,2023-04-18 08:58:57.539,DACIA_SPRING,Dacia Spring 33 kW,33000,139,2023-04-18 08:53:05.076,4.3,6.8,50,NE,5.026775142364875,177.66600403882669,600,103,9.0,148.0,409.0,,,,34,563,37,8,5
2023-04-18 08:51:40.076,,,67,,98.5,,,,,,,3,-2.092913,43.287014,201.77722,26.34364663429636,2023-04-18 08:51:39.665,6,0.411,0101000020E6100000462E722E49BE00C0C91C0DD8BCA44540,20230418_DACIA_TOLOSA_ZARAUTZ_003,,d3,2023-04-18 08:29:01.982,2023-04-18 08:58:57.539,DACIA_SPRING,Dacia Spring 33 kW,33000,139,2023-04-18 08:53:05.076,4.3,6.8,50,NE,5.950430574454974,-168.94752961272215,600,103,9.0,148.0,409.0,,,,34,563,37,8,6
2023-04-18 08:51:45.926,,,67,,98.5,,,,,,,3,-2.0948277,43.286640000000006,186.50232,26.504834675395465,2023-04-18 08:51:45.666,6,0.26,0101000020E61000009D9F7F0E35C200C082C24593B0A44540,20230418_DACIA_TOLOSA_ZARAUTZ_003,,d3,2023-04-18 08:29:01.982,2023-04-18 08:58:57.539,DACIA_SPRING,Dacia Spring 33 kW,33000,139,2023-04-18 08:53:05.076,4.3,6.8,50,NE,6.6040626552624895,-153.7876471632389,600,103,9.0,148.0,409.0,,,,34,563,37,25,6
2023-04-18 08:51:51.577,,,67,,98.5,,,,,,,3,-2.0965745,43.28578,184.89459,26.675535306700407,2023-04-18 08:51:51.718,6,-0.141,0101000020E610000052C96BEBC8C500C049B8148094A44540,20230418_DACIA_TOLOSA_ZARAUTZ_003,,d3,2023-04-18 08:29:01.982,2023-04-18 08:58:57.539,DACIA_SPRING,Dacia Spring 33 kW,33000,139,2023-04-18 08:53:05.076,4.3,6.8,50,NE,6.386439021978141,-160.08533046004416,600,103,9.0,148.0,409.0,,,,34,563,37,8,6
2023-04-18 08:51:57.035,,,67,,98.5,,,,,,,3,-2.0980540000000003,43.285244,184.1134,26.809305458860276,2023-04-18 08:51:56.737,6,0.298,0101000020E61000005A5D567AD0C800C0B77D6EEC82A44540,20230418_DACIA_TOLOSA_ZARAUTZ_003,,d3,2023-04-18 08:29:01.982,2023-04-18 08:58:57.539,DACIA_SPRING,Dacia Spring 33 kW,33000,139,2023-04-18 08:53:05.076,4.3,6.8,50,NE,6.240701918803659,-163.4006266216665,600,103,9.0,148.0,409.0,,,,34,563,37,8,6
2023-04-18 08:52:10.629,,,66,,98.5,,,,,,,3,-2.100845,43.284412,174.06909,27.053637733861898,2023-04-18 08:52:10.632,6,-0.003,0101000020E61000001A44F7EE87CE00C0426082A667A44540,20230418_DACIA_TOLOSA_ZARAUTZ_003,,d3,2023-04-18 08:29:01.982,2023-04-18 08:58:57.539,DACIA_SPRING,Dacia Spring 33 kW,33000,139,2023-04-18 08:53:05.076,4.3,6.8,50,NE,6.315845554940537,-161.7513507200496,600,103,9.0,148.0,409.0,,,,34,563,37,8,6
2023-04-18 08:52:16.114,,,66,,98.5,,,,,,,3,-2.1040962000000003,43.28334,168.05481,27.342609210731865,2023-04-18 08:52:15.845,6,0.2689999999999999,0101000020E6100000DBEB0F5A30D500C0B91A977944A44540,20230418_DACIA_TOLOSA_ZARAUTZ_003,,d3,2023-04-18 08:29:01.982,2023-04-18 08:58:57.539,DACIA_SPRING,Dacia Spring 33 kW,33000,139,2023-04-18 08:53:05.076,4.3,6.8,50,NE,5.968854857085466,-168.62514949916215,335,63,,,,19.0,313.0,3.0,0,310,25,45,6
2023-04-18 08:52:21.725,,,66,,98.5,,,,,,,3,-2.1060646,43.282944,162.85107,27.50799975175001,2023-04-18 08:52:21.804,6,-0.079,0101000020E6100000CB49076F38D900C01326CE8237A44540,20230418_DACIA_TOLOSA_ZARAUTZ_003,,d3,2023-04-18 08:29:01.982,2023-04-18 08:58:57.539,DACIA_SPRING,Dacia Spring 33 kW,33000,139,2023-04-18 08:53:05.076,4.3,6.8,50,NE,6.268251666299776,-162.80908184755583,600,103,9.0,148.0,409.0,,,,34,563,37,45,7
2023-04-18 08:52:27.393,,,66,,98.5,,,,,,,3,-2.1079264,43.282368,160.7569,27.671766685026675,2023-04-18 08:52:27.833,6,-0.44,0101000020E6100000BA06C77608DD00C052B2DEA024A44540,20230418_DACIA_TOLOSA_ZARAUTZ_003,,d3,2023-04-18 08:29:01.982,2023-04-18 08:58:57.539,DACIA_SPRING,Dacia Spring 33 kW,33000,139,2023-04-18 08:53:05.076,4.3,6.8,50,NE,6.237803462910833,-163.46204236763143,600,103,9.0,148.0,409.0,,,,34,563,37,45,7
2023-04-18 08:52:33.174,,,66,,98.5,,,,,,,3,-2.1094823,43.281906,159.97058,27.80779062460149,2023-04-18 08:52:32.852,6,0.322,0101000020E61000001FC2743138E000C06012997F15A44540,20230418_DACIA_TOLOSA_ZARAUTZ_003,,d3,2023-04-18 08:29:01.982,2023-04-18 08:58:57.539,DACIA_SPRING,Dacia Spring 33 kW,33000,139,2023-04-18 08:53:05.076,4.3,6.8,50,NE,5.838794313708721,-170.83508103018758,600,103,9.0,148.0,409.0,,,,34,563,37,45,7
2023-04-18 08:52:38.762,,,66,,98.5,,,,,,,3,-2.1115835,43.281567,157.17688,27.98202983982498,2023-04-18 08:52:38.903,6,-0.141,0101000020E610000056FAE0E785E400C01E0389580AA44540,20230418_DACIA_TOLOSA_ZARAUTZ_003,,d3,2023-04-18 08:29:01.982,2023-04-18 08:58:57.539,DACIA_SPRING,Dacia Spring 33 kW,33000,139,2023-04-18 08:53:05.076,4.3,6.8,50,NE,5.664882785051934,-173.58449163600528,600,103,9.0,148.0,409.0,,,,34,563,37,45,7
2023-04-18 08:52:44.563,,,66,,98.5,,,,,,,3,-2.1137624,43.281322,150.07043000000002,28.16064324746925,2023-04-18 08:52:44.922,6,-0.359,0101000020E6100000678B1834FCE800C058BDEC6C02A44540,20230418_DACIA_TOLOSA_ZARAUTZ_003,,d3,2023-04-18 08:29:01.982,2023-04-18 08:58:57.539,DACIA_SPRING,Dacia Spring 33 kW,33000,139,2023-04-18 08:53:05.076,4.3,6.8,50,NE,4.575975823826504,172.2941987046601,600,103,9.0,148.0,409.0,,,,34,563,37,85,7
2023-04-18 08:52:53.96,,,66,,98.5,,,,,,,3,-2.116726,43.281723,147.42432,28.404667319781115,2023-04-18 08:52:53.917,6,0.043,0101000020E610000076F37D060EEF00C0C8D497840FA44540,20230418_DACIA_TOLOSA_ZARAUTZ_003,,d3,2023-04-18 08:29:01.982,2023-04-18 08:58:57.539,DACIA_SPRING,Dacia Spring 33 kW,33000,139,2023-04-18 08:53:05.076,4.3,6.8,50,NE,3.707613537362133,163.04088034216113,335,63,,,,19.0,313.0,3.0,0,310,25,25,7
2023-04-18 08:53:00.155,,,66,,98.5,,,,,,,3,-2.1190772,43.28244,136.52196999999998,28.61130524603533,2023-04-18 08:52:59.985,6,0.17,0101000020E61000004D2A01CEDEF300C0F8105CFE26A44540,20230418_DACIA_TOLOSA_ZARAUTZ_003,,d3,2023-04-18 08:29:01.982,2023-04-18 08:58:57.539,DACIA_SPRING,Dacia Spring 33 kW,33000,139,2023-04-18 08:53:05.076,4.3,6.8,50,NE,5.12543183632049,178.91539311828825,600,103,9.0,148.0,409.0,,,,34,563,37,120,8
2023-04-18 08:53:06.028,,,66,,98.5,,,,,,,3,-2.1211900000000004,43.28248,126.03821,28.78271087591047,2023-04-18 08:53:06.027,6,0.001,0101000020E610000075381D7532F800C00FB0FB3328A44540,20230418_DACIA_TOLOSA_ZARAUTZ_003,,d3,2023-04-18 08:29:01.982,2023-04-18 08:58:57.539,DACIA_SPRING,Dacia Spring 33 kW,33000,139,2023-04-18 08:53:05.076,4.3,6.8,50,NE,5.50496387058269,-175.9476689130933,600,103,9.0,148.0,409.0,,,,34,563,37,10,8
2023-04-18 08:53:11.734,,,66,,98.5,,,,,,,3,-2.1232085,43.282337,120.84625,28.94695847717271,2023-04-18 08:53:12.035,6,-0.301,0101000020E61000003AE555C654FC00C0F4501DA323A44540,20230418_DACIA_TOLOSA_ZARAUTZ_003,,d3,2023-04-18 08:29:01.982,2023-04-18 08:58:57.539,DACIA_SPRING,Dacia Spring 33 kW,33000,139,2023-04-18 08:53:05.076,4.3,6.8,50,NE,4.967204459894219,176.92591466719253,600,103,9.0,148.0,409.0,,,,34,563,37,8,8
2023-04-18 08:53:17.299,,,66,,98.5,,,,,,,3,-2.1249402,43.28243,122.954895,29.087533009101154,2023-04-18 08:53:17.018,6,0.281,0101000020E6100000697318A3E0FF00C0FECCE69226A44540,20230418_DACIA_TOLOSA_ZARAUTZ_003,,d3,2023-04-18 08:29:01.982,2023-04-18 08:58:57.539,DACIA_SPRING,Dacia Spring 33 kW,33000,139,2023-04-18 08:53:05.076,4.3,6.8,50,NE,4.811026861947486,175.0321910486773,600,103,9.0,148.0,409.0,,,,34,563,37,10,8
2023-04-18 08:53:22.866,,,66,,98.5,,,,,,,3,-2.1269880000000003,43.282608,121.74274,29.254479984966242,2023-04-18 08:53:23.041,6,-0.175,0101000020E610000056B80632120401C0FB99B4882CA44540,20230418_DACIA_TOLOSA_ZARAUTZ_003,,d3,2023-04-18 08:29:01.982,2023-04-18 08:58:57.539,DACIA_SPRING,Dacia Spring 33 kW,33000,139,2023-04-18 08:53:05.076,4.3,6.8,50,NE,4.644864281430243,173.08387678838005,600,103,9.0,148.0,409.0,,,,34,563,37,25,8
2023-04-18 08:53:28.475,,,66,,98.5,,,,,,,3,-2.1285956,43.282803,118.24652,29.3864518385524,2023-04-18 08:53:28.065,6,0.41,0101000020E61000007D1B28115D0701C0934AE3DD32A44540,20230418_DACIA_TOLOSA_ZARAUTZ_003,,d3,2023-04-18 08:29:01.982,2023-04-18 08:58:57.539,DACIA_SPRING,Dacia Spring 33 kW,33000,139,2023-04-18 08:53:05.076,4.3,6.8,50,NE,4.682628540692654,173.52111466518312,335,63,,,,19.0,313.0,3.0,0,310,25,8,8
2023-04-18 08:53:34.063,,,66,,98.5,,,,,,,3,-2.1307442,43.283047,107.41339,29.562811874780213,2023-04-18 08:53:34.113,6,-0.05,0101000020E610000066B43CACC30B01C02F28DBD93AA44540,20230418_DACIA_TOLOSA_ZARAUTZ_003,,d3,2023-04-18 08:29:01.982,2023-04-18 08:58:57.539,DACIA_SPRING,Dacia Spring 33 kW,33000,139,2023-04-18 08:53:05.076,4.3,6.8,50,NE,4.784458722579158,174.7162985670688,600,103,9.0,148.0,409.0,,,,34,563,37,25,9
2023-04-18 08:53:39.632,,,66,,98.5,,,,,,,3,-2.132723,43.28323,102.580505,29.724349614537825,2023-04-18 08:53:40.112,6,-0.48,0101000020E6100000836A8313D10F01C0FD9AD5D040A44540,20230418_DACIA_TOLOSA_ZARAUTZ_003,,d3,2023-04-18 08:29:01.982,2023-04-18 08:58:57.539,DACIA_SPRING,Dacia Spring 33 kW,33000,139,2023-04-18 08:54:12.59,4.3,6.8,50,NE,4.715019300453448,173.89867709431053,600,103,9.0,148.0,409.0,,,,34,563,37,120,9
2023-04-18 08:53:45.405,,,66,,98.5,,,,,,,3,-2.134435,43.283413,97.71069,29.86450121589553,2023-04-18 08:53:45.28,6,0.125,0101000020E61000004DEE7F99521301C0E2D142D946A44540,20230418_DACIA_TOLOSA_ZARAUTZ_003,,d3,2023-04-18 08:29:01.982,2023-04-18 08:58:57.539,DACIA_SPRING,Dacia Spring 33 kW,33000,139,2023-04-18 08:54:12.59,4.3,6.8,50,NE,5.403149874067468,-177.3843149094645,70,60,,,,10.0,59.0,1.0,0,60,10,120,8
2023-04-18 08:54:02.074,,,66,,98.5,,,,,,,3,-2.1373463,43.28328,96.37744,30.10062898531388,2023-04-18 08:54:02.105,6,-0.031,0101000020E61000004C054F00491901C0373E6A7E42A44540,20230418_DACIA_TOLOSA_ZARAUTZ_003,,d3,2023-04-18 08:29:01.982,2023-04-18 08:58:57.539,DACIA_SPRING,Dacia Spring 33 kW,33000,139,2023-04-18 08:54:12.59,4.3,6.8,50,NE,5.114993529668127,178.78173848525512,70,60,,,,10.0,59.0,1.0,0,60,10,8,8
2023-04-18 08:54:07.803,,,66,,98.5,,,,,,,3,-2.142707,43.283394,93.0061,30.53475876938047,2023-04-18 08:54:08.22,6,-0.417,0101000020E6100000C076B49A432401C03B1D444246A44540,20230418_DACIA_TOLOSA_ZARAUTZ_003,,d3,2023-04-18 08:29:01.982,2023-04-18 08:58:57.539,DACIA_SPRING,Dacia Spring 33 kW,33000,139,2023-04-18 08:54:12.59,4.3,6.8,50,NE,6.390184378820578,-159.9932350318207,70,60,,,,10.0,59.0,1.0,0,60,10,8,8
2023-04-18 08:54:13.414,,,66,,98.5,,,,,,,3,-2.1441846,43.282856,93.885315,30.66849539730754,2023-04-18 08:54:13.267,6,0.147,0101000020E6100000DAB16C414A2701C0CDC3AE9234A44540,20230418_DACIA_TOLOSA_ZARAUTZ_003,,d3,2023-04-18 08:29:01.982,2023-04-18 08:58:57.539,DACIA_SPRING,Dacia Spring 33 kW,33000,139,2023-04-18 08:54:12.59,4.3,6.8,50,NE,6.785611976744079,-143.72786645146937,70,60,,,,10.0,59.0,1.0,0,60,10,8,8
2023-04-18 08:54:19.021,,,66,,98.5,,,,,,,3,-2.1455555,43.28185,94.57153,30.82606549479863,2023-04-18 08:54:19.26,6,-0.239,0101000020E6100000A6023807192A01C0C0C4E59913A44540,20230418_DACIA_TOLOSA_ZARAUTZ_003,,d3,2023-04-18 08:29:01.982,2023-04-18 08:58:57.539,DACIA_SPRING,Dacia Spring 33 kW,33000,139,2023-04-18 08:54:12.59,4.3,6.8,50,NE,6.780104677439257,-135.61605990844686,70,60,,,,10.0,59.0,1.0,0,60,10,85,8
2023-04-18 08:54:24.687,,,66,,98.5,,,,,,,3,-2.1465425,43.280884,93.40674,30.959941309059992,2023-04-18 08:54:24.347,6,0.34,0101000020E6100000200061751E2C01C0005D2CF3F3A34540,20230418_DACIA_TOLOSA_ZARAUTZ_003,,d3,2023-04-18 08:29:01.982,2023-04-18 08:58:57.539,DACIA_SPRING,Dacia Spring 33 kW,33000,139,2023-04-18 08:54:12.59,4.3,6.8,50,NE,6.774637538054691,-144.95009980663647,70,60,,,,10.0,59.0,1.0,0,60,10,85,8
2023-04-18 08:54:30.235,,,66,,98.5,,,,,,,3,-2.1479566,43.279892,87.88269,31.11900647806375,2023-04-18 08:54:30.309,6,-0.074,0101000020E6100000699CB8E2032F01C0FF0CCA8FD3A34540,20230418_DACIA_TOLOSA_ZARAUTZ_003,,d3,2023-04-18 08:29:01.982,2023-04-18 08:58:57.539,DACIA_SPRING,Dacia Spring 33 kW,33000,139,2023-04-18 08:54:12.59,4.3,6.8,50,NE,6.322414363131118,-161.60150466644907,70,60,,,,10.0,59.0,1.0,0,60,10,120,8
2023-04-18 08:54:35.809,,,66,,98.5,,,,,,,3,-2.1494658,43.27939,85.72894000000001,31.253344031400452,2023-04-18 08:54:35.319,6,0.49,0101000020E61000005D9602141B3201C0FB0F5D0EC3A34540,20230418_DACIA_TOLOSA_ZARAUTZ_003,,d3,2023-04-18 08:29:01.982,2023-04-18 08:58:57.539,DACIA_SPRING,Dacia Spring 33 kW,33000,139,2023-04-18 08:54:12.59,4.3,6.8,50,NE,5.788651539251909,-171.6496790571212,70,60,,,,10.0,59.0,1.0,0,60,10,25,7
2023-04-18 08:54:41.331,,,65,,98.5,,,,,,,3,-2.1513734,43.27911,83.23595999999999,31.4108956339556,2023-04-18 08:54:41.348,6,-0.017,0101000020E610000075181737033601C071D1A0D3B9A34540,20230418_DACIA_TOLOSA_ZARAUTZ_003,,d3,2023-04-18 08:29:01.982,2023-04-18 08:58:57.539,DACIA_SPRING,Dacia Spring 33 kW,33000,139,2023-04-18 08:54:12.59,4.3,6.8,50,NE,5.20910221320905,180.0,70,60,,,,10.0,59.0,1.0,0,60,10,45,7
2023-04-18 08:54:46.998,,,66,,98.5,,,,,,,3,-2.1531992,43.27911,83.98419,31.558700487660268,2023-04-18 08:54:47.453,6,-0.455,0101000020E6100000C7C8E581C03901C0E22DC2DAB9A34540,20230418_DACIA_TOLOSA_ZARAUTZ_003,,d3,2023-04-18 08:29:01.982,2023-04-18 08:58:57.539,DACIA_SPRING,Dacia Spring 33 kW,33000,139,2023-04-18 08:54:12.59,4.3,6.8,50,NE,4.732649559372769,174.10519262535874,70,60,,,,10.0,59.0,1.0,0,60,10,90,7
2023-04-18 08:54:52.656,,,66,,98.5,,,,,,,3,-2.1544583,43.27924,79.91351,31.661727969390334,2023-04-18 08:54:52.5,6,0.156,0101000020E61000006460BA9C543C01C03A6B6415BEA34540,20230418_DACIA_TOLOSA_ZARAUTZ_003,,d3,2023-04-18 08:29:01.982,2023-04-18 08:58:57.539,DACIA_SPRING,Dacia Spring 33 kW,33000,139,2023-04-18 08:54:12.59,4.3,6.8,50,NE,4.394755771524372,170.2622850880893,70,60,,,,10.0,59.0,1.0,0,60,10,45,7
2023-04-18 08:54:58.215,,,66,,98.5,,,,,,,3,-2.155682,43.27945,77.09215999999999,31.763543148144475,2023-04-18 08:54:58.438,6,-0.223,0101000020E610000033C3254BD63E01C0B9FCA802C5A34540,20230418_DACIA_TOLOSA_ZARAUTZ_003,,d3,2023-04-18 08:29:01.982,2023-04-18 08:58:57.539,DACIA_SPRING,Dacia Spring 33 kW,33000,139,2023-04-18 08:54:12.59,4.3,6.8,50,NE,3.208391081646432,158.15264579468032,70,60,,,,10.0,59.0,1.0,0,60,10,8,7
2023-04-18 08:55:03.799,,,66,,98.5,,,,,,,3,-2.1564128,43.279743,75.476074,31.831100013260322,2023-04-18 08:55:03.448,6,0.351,0101000020E61000003FFA6869554001C02B1832AACEA34540,20230418_DACIA_TOLOSA_ZARAUTZ_003,,d3,2023-04-18 08:29:01.982,2023-04-18 08:58:57.539,DACIA_SPRING,Dacia Spring 33 kW,33000,139,2023-04-18 08:54:12.59,4.3,6.8,50,NE,-1.2607629512558518,119.3151775577322,70,60,,,,10.0,59.0,1.0,0,60,10,45,7
2023-04-18 08:55:09.387,,,66,,98.5,,,,,,,3,-2.1566784,43.280216,65.9563,31.88871216106653,2023-04-18 08:55:09.508,6,-0.121,0101000020E6100000A583379CE04001C0B806742EDEA34540,20230418_DACIA_TOLOSA_ZARAUTZ_003,,d3,2023-04-18 08:29:01.982,2023-04-18 08:58:57.539,DACIA_SPRING,Dacia Spring 33 kW,33000,139,2023-04-18 08:54:12.59,4.3,6.8,50,NE,-4.994176377884353,82.74027595376253,70,60,,,,10.0,59.0,1.0,0,60,10,8,7
2023-04-18 08:55:14.919,,,66,,98.5,,,,,,,3,-2.1566384,43.28053,64.97301999999999,31.923790977424453,2023-04-18 08:55:14.521,6,0.3979999999999999,0101000020E6100000BC9DB790CB4001C0D100C565E8A34540,20230418_DACIA_TOLOSA_ZARAUTZ_003,,d3,2023-04-18 08:29:01.982,2023-04-18 08:58:57.539,DACIA_SPRING,Dacia Spring 33 kW,33000,139,2023-04-18 08:54:12.59,4.3,6.8,50,NE,-5.244792118938417,79.52986219671203,70,60,,,,10.0,59.0,1.0,0,60,10,8,7
2023-04-18 08:55:20.473,,,66,,98.5,,,,,,,3,-2.1566153,43.280655,62.197144,31.938087641109583,2023-04-18 08:55:20.529,6,-0.0559999999999999,0101000020E610000039A2B581BF4001C0DA988D84ECA34540,20230418_DACIA_TOLOSA_ZARAUTZ_003,,d3,2023-04-18 08:29:01.982,2023-04-18 08:58:57.539,DACIA_SPRING,Dacia Spring 33 kW,33000,139,2023-04-18 08:54:12.59,4.3,6.8,50,NE,-4.119589688122488,92.711983468106,70,60,,,,10.0,59.0,1.0,0,60,10,8,7
2023-04-18 08:55:26.032,,,66,,98.5,,,,,,,3,-2.1566162,43.280674,57.669434,31.943084538373768,2023-04-18 08:55:25.548,6,0.484,0101000020E6100000E55BA30EC04001C01678FE1FEDA34540,20230418_DACIA_TOLOSA_ZARAUTZ_003,,d3,2023-04-18 08:29:01.982,2023-04-18 08:58:57.539,DACIA_SPRING,Dacia Spring 33 kW,33000,139,2023-04-18 08:54:12.59,4.3,6.8,50,NE,-0.592659053316352,-44.99999997773612,70,60,,,,10.0,59.0,1.0,0,60,10,8,7
2023-04-18 08:55:31.693,,,66,,98.5,,,,,,,3,-2.1566122,43.28067,55.73529,31.945095406188848,2023-04-18 08:55:31.583,6,0.11,0101000020E610000010A79BDDBD4001C057A0CCF5ECA34540,20230418_DACIA_TOLOSA_ZARAUTZ_003,,d3,2023-04-18 08:29:01.982,2023-04-18 08:58:57.539,DACIA_SPRING,Dacia Spring 33 kW,33000,139,2023-04-18 08:54:12.59,4.3,6.8,50,NE,-0.8258999169944707,123.02386757278944,70,60,,,,10.0,59.0,1.0,0,60,10,8,7
2023-04-18 08:55:37.3,,,66,,98.5,,,,,,,3,-2.1566148,43.280674,55.096497,31.945901745756093,2023-04-18 08:55:37.6,6,-0.3,0101000020E6100000B6C3993EBF4001C0F2144926EDA34540,20230418_DACIA_TOLOSA_ZARAUTZ_003,,d3,2023-04-18 08:29:01.982,2023-04-18 08:58:57.539,DACIA_SPRING,Dacia Spring 33 kW,33000,139,2023-04-18 08:54:12.59,4.3,6.8,50,NE,-5.9836738073068005,68.36342256761684,70,60,,,,10.0,59.0,1.0,0,60,10,8,7
2023-04-18 08:55:42.892,,,66,,98.5,,,,,,,3,-2.1566029,43.280704,55.386414,31.949385981202138,2023-04-18 08:55:42.671,6,0.221,0101000020E610000095B54DF1B84001C06E693524EEA34540,20230418_DACIA_TOLOSA_ZARAUTZ_003,,d3,2023-04-18 08:29:01.982,2023-04-18 08:58:57.539,DACIA_SPRING,Dacia Spring 33 kW,33000,139,2023-04-18 08:54:12.59,4.3,6.8,50,NE,-5.162148777603131,80.6116009756709,70,60,,,,10.0,59.0,1.0,0,60,10,8,7
2023-04-18 08:55:48.53,,,66,,98.5,,,,,,,3,-2.1565738,43.28088,58.262146,31.96930621826942,2023-04-18 08:55:48.639,6,-0.109,0101000020E61000002681F6B8A94001C0DD77D2E3F3A34540,20230418_DACIA_TOLOSA_ZARAUTZ_003,,d3,2023-04-18 08:29:01.982,2023-04-18 08:58:57.539,DACIA_SPRING,Dacia Spring 33 kW,33000,139,2023-04-18 08:54:12.59,4.3,6.8,50,NE,-4.95211389089297,83.25994390221068,70,60,,,,10.0,59.0,1.0,0,60,10,8,7
2023-04-18 08:55:54.18,,,66,,98.5,,,,,,,3,-2.1565478,43.2811,58.986633,31.993870161831357,2023-04-18 08:55:54.648,6,-0.4679999999999999,0101000020E6100000B61C9E149C4001C07F20CC2FFBA34540,20230418_DACIA_TOLOSA_ZARAUTZ_003,,d3,2023-04-18 08:29:01.982,2023-04-18 08:58:57.539,DACIA_SPRING,Dacia Spring 33 kW,33000,139,2023-04-18 08:54:12.59,4.3,6.8,50,NE,2.290136247387159,149.6811038003385,70,60,,,,10.0,59.0,1.0,0,60,10,8,7
2023-04-18 08:55:59.849,,,66,,98.5,,,,,,,3,-2.1566162,43.28114,56.76776,32.001310878467436,2023-04-18 08:55:59.668,6,0.181,0101000020E61000002DF84409C04001C0735CB66BFCA34540,20230418_DACIA_TOLOSA_ZARAUTZ_003,,d3,2023-04-18 08:29:01.982,2023-04-18 08:58:57.539,DACIA_SPRING,Dacia Spring 33 kW,33000,139,2023-04-18 08:54:12.59,4.3,6.8,50,NE,4.370955745868467,-90.0,70,60,,,,10.0,59.0,1.0,0,60,10,8,7
2023-04-18 08:56:05.488,,,66,,98.5,,,,,,,3,-2.1566162,43.281128,57.358154000000006,32.00276999668099,2023-04-18 08:56:05.688,6,-0.2,0101000020E6100000F7C24B0DC04001C0F0BA2308FCA34540,20230418_DACIA_TOLOSA_ZARAUTZ_003,,d3,2023-04-18 08:29:01.982,2023-04-18 08:58:57.539,DACIA_SPRING,Dacia Spring 33 kW,33000,139,2023-04-18 08:54:12.59,4.3,6.8,50,NE,-4.44610333341334,89.16834548308356,70,60,,,,10.0,59.0,1.0,0,60,10,8,7
2023-04-18 08:56:11.195,,,66,,98.5,,,,,,,3,-2.1566126,43.281376,58.71045,32.030381013625686,2023-04-18 08:56:10.751,6,0.444,0101000020E6100000A5EC5F1FBE4001C016B9AF1C04A44540,20230418_DACIA_TOLOSA_ZARAUTZ_003,,d3,2023-04-18 08:29:01.982,2023-04-18 08:58:57.539,DACIA_SPRING,Dacia Spring 33 kW,33000,139,2023-04-18 08:58:05.119,4.3,6.8,50,NE,-4.561005517310487,87.87609677537057,70,60,,,,10.0,59.0,1.0,0,60,10,8,7
2023-04-18 08:56:16.999,,,65,,98.5,,,,,,,3,-2.1565902,43.28198,56.05896,32.09761952227422,2023-04-18 08:56:16.73,6,0.2689999999999999,0101000020E61000004BCC2F5AB24001C0D61643DE17A44540,20230418_DACIA_TOLOSA_ZARAUTZ_003,,d3,2023-04-18 08:29:01.982,2023-04-18 08:58:57.539,DACIA_SPRING,Dacia Spring 33 kW,33000,139,2023-04-18 08:58:05.119,4.3,6.8,50,NE,-4.624038606349237,87.1559133024214,70,60,,,,10.0,59.0,1.0,0,60,10,45,7
2023-04-18 08:56:22.941,,,66,,98.5,,,,,,,3,-2.1565592,43.282604,57.34082,32.167062351003054,2023-04-18 08:56:22.77,6,0.171,0101000020E61000009BE86F19A24001C0A86D47612CA44540,20230418_DACIA_TOLOSA_ZARAUTZ_003,,d3,2023-04-18 08:29:01.982,2023-04-18 08:58:57.539,DACIA_SPRING,Dacia Spring 33 kW,33000,139,2023-04-18 08:58:05.119,4.3,6.8,50,NE,-4.857982194396405,84.40520254042492,70,60,,,,10.0,59.0,1.0,0,60,10,45,7
2023-04-18 08:56:28.635,,,66,,98.5,,,,,,,3,-2.1565304,43.282898,58.127014,32.199846107107696,2023-04-18 08:56:28.809,6,-0.174,0101000020E610000014A05C09934001C0F0F219F535A44540,20230418_DACIA_TOLOSA_ZARAUTZ_003,,d3,2023-04-18 08:29:01.982,2023-04-18 08:58:57.539,DACIA_SPRING,Dacia Spring 33 kW,33000,139,2023-04-18 08:58:05.119,4.3,6.8,50,NE,-6.637615606850623,52.54652262509389,70,60,,,,10.0,59.0,1.0,0,60,10,45,7
2023-04-18 08:56:34.296,,,65,,98.5,,,,,,,3,-2.156368,43.28311,57.974304,32.226837548492455,2023-04-18 08:56:33.841,6,0.455,0101000020E610000010E86DE83D4001C0E12152F43CA44540,20230418_DACIA_TOLOSA_ZARAUTZ_003,,d3,2023-04-18 08:29:01.982,2023-04-18 08:58:57.539,DACIA_SPRING,Dacia Spring 33 kW,33000,139,2023-04-18 08:58:05.119,4.3,6.8,50,NE,4.53582832233197,171.8385256218954,70,60,,,,10.0,59.0,1.0,0,60,10,25,7
2023-04-18 08:56:39.832,,,65,,98.5,,,,,,,3,-2.1568282,43.283176,52.33618,32.26522175266105,2023-04-18 08:56:39.818,6,0.0139999999999999,0101000020E610000012599C182F4101C057A00E123FA44540,20230418_DACIA_TOLOSA_ZARAUTZ_003,,d3,2023-04-18 08:29:01.982,2023-04-18 08:58:57.539,DACIA_SPRING,Dacia Spring 33 kW,33000,139,2023-04-18 08:58:05.119,4.3,6.8,50,NE,5.775898280692793,-171.85387683028907,70,60,,,,10.0,59.0,1.0,0,60,10,25,7
2023-04-18 08:56:45.44,,,65,,98.5,,,,,,,3,-2.157429,43.28309,51.860596,32.314788295148595,2023-04-18 08:56:45.85,6,-0.41,0101000020E6100000E28F47156A4201C0BD6DA6423CA44540,20230418_DACIA_TOLOSA_ZARAUTZ_003,,d3,2023-04-18 08:29:01.982,2023-04-18 08:58:57.539,DACIA_SPRING,Dacia Spring 33 kW,33000,139,2023-04-18 08:58:05.119,4.3,6.8,50,NE,5.018988704643778,177.56867512681163,70,60,,,,10.0,59.0,1.0,0,60,10,8,7
2023-04-18 08:56:51.087,,,65,,98.5,,,,,,,3,-2.1582062,43.283123,53.000977,32.37781763529651,2023-04-18 08:56:50.857,6,0.23,0101000020E6100000A0C7C5A4014401C04C4044513DA44540,20230418_DACIA_TOLOSA_ZARAUTZ_003,,d3,2023-04-18 08:29:01.982,2023-04-18 08:58:57.539,DACIA_SPRING,Dacia Spring 33 kW,33000,139,2023-04-18 08:58:05.119,4.3,6.8,50,NE,4.976847225360217,177.04501526865323,70,60,,,,10.0,59.0,1.0,0,60,10,8,7
2023-04-18 08:56:56.64,,,65,,98.5,,,,,,,3,-2.1591167,43.28317,50.009705,32.45176552305366,2023-04-18 08:56:56.886,6,-0.246,0101000020E610000035C2B204DF4501C07BABE8EE3EA44540,20230418_DACIA_TOLOSA_ZARAUTZ_003,,d3,2023-04-18 08:29:01.982,2023-04-18 08:58:57.539,DACIA_SPRING,Dacia Spring 33 kW,33000,139,2023-04-18 08:58:05.119,4.3,6.8,50,NE,5.802969904368686,-171.41900548429257,70,60,,,,10.0,59.0,1.0,0,60,10,25,7
2023-04-18 08:57:02.241,,,65,,98.5,,,,,,,3,-2.15968,43.283085,46.748596,32.49844634033335,2023-04-18 08:57:01.923,6,0.318,0101000020E610000062CFC74A064701C0CF656A123CA44540,20230418_DACIA_TOLOSA_ZARAUTZ_003,,d3,2023-04-18 08:29:01.982,2023-04-18 08:58:57.539,DACIA_SPRING,Dacia Spring 33 kW,33000,139,2023-04-18 08:58:05.119,4.3,6.8,50,NE,6.277901036691475,-162.59843095571807,70,60,,,,10.0,59.0,1.0,0,60,10,25,7
2023-04-18 08:57:07.868,,,65,,98.5,,,,,,,3,-2.160366,43.28287,50.723267,32.559034306649444,2023-04-18 08:57:07.921,6,-0.053,0101000020E6100000B0BBCCF26D4801C0267F411C35A44540,20230418_DACIA_TOLOSA_ZARAUTZ_003,,d3,2023-04-18 08:29:01.982,2023-04-18 08:58:57.539,DACIA_SPRING,Dacia Spring 33 kW,33000,139,2023-04-18 08:58:05.119,4.3,6.8,50,NE,5.269887652598874,-179.19646531401492,70,60,,,,10.0,59.0,1.0,0,60,10,8,7
2023-04-18 08:57:13.365,,,65,,98.5,,,,,,,3,-2.1607938,43.282864,53.97644,32.59382248926748,2023-04-18 08:57:12.94,6,0.425,0101000020E6100000A835CD3B4E4901C0D9D51ED534A44540,20230418_DACIA_TOLOSA_ZARAUTZ_003,,d3,2023-04-18 08:29:01.982,2023-04-18 08:58:57.539,DACIA_SPRING,Dacia Spring 33 kW,33000,139,2023-04-18 08:58:05.119,4.3,6.8,50,NE,5.797388441916786,-171.509104820866,70,60,,,,10.0,59.0,1.0,0,60,10,8,6
2023-04-18 08:57:18.852,,,65,,98.5,,,,,,,3,-2.1612225,43.2828,54.63098000000001,32.62925290578034,2023-04-18 08:57:18.96,6,-0.108,0101000020E6100000233EA0012F4A01C093B135B632A44540,20230418_DACIA_TOLOSA_ZARAUTZ_003,,d3,2023-04-18 08:29:01.982,2023-04-18 08:58:57.539,DACIA_SPRING,Dacia Spring 33 kW,33000,139,2023-04-18 08:58:05.119,4.3,6.8,50,NE,6.0113320298285,-112.1310908293915,70,60,,,,10.0,59.0,1.0,0,60,10,25,6
2023-04-18 08:57:24.52,,,65,,98.5,,,,,,,3,-2.161338,43.282516,53.58868399999999,32.6622036983691,2023-04-18 08:57:23.992,6,0.528,0101000020E6100000BD91F5AB6B4A01C0A3A2DA7529A44540,20230418_DACIA_TOLOSA_ZARAUTZ_003,,d3,2023-04-18 08:29:01.982,2023-04-18 08:58:57.539,DACIA_SPRING,Dacia Spring 33 kW,33000,139,2023-04-18 08:58:05.119,4.3,6.8,50,NE,6.192193187006439,-115.59070688238472,70,60,,,,10.0,59.0,1.0,0,60,10,25,6
2023-04-18 08:57:30.031,,,65,,98.5,,,,,,,3,-2.1615243,43.282127,51.566284,32.70805667981697,2023-04-18 08:57:30.016,6,0.015,0101000020E610000050AF313BCD4A01C051F187B81CA44540,20230418_DACIA_TOLOSA_ZARAUTZ_003,,d3,2023-04-18 08:29:01.982,2023-04-18 08:58:57.539,DACIA_SPRING,Dacia Spring 33 kW,33000,139,2023-04-18 08:58:05.119,4.3,6.8,50,NE,6.010979975394889,-112.12474566715882,70,60,,,,10.0,59.0,1.0,0,60,10,25,6
2023-04-18 08:57:35.523,,,65,,98.5,,,,,,,3,-2.1617040000000003,43.281685,53.108093,32.75933551344729,2023-04-18 08:57:35.035,6,0.488,0101000020E610000043DDCD742B4B01C0585C774E0EA44540,20230418_DACIA_TOLOSA_ZARAUTZ_003,,d3,2023-04-18 08:29:01.982,2023-04-18 08:58:57.539,DACIA_SPRING,Dacia Spring 33 kW,33000,139,2023-04-18 08:58:05.119,4.3,6.8,50,NE,6.483530592005459,-122.45117979492883,70,60,,,,10.0,59.0,1.0,0,60,10,25,6
2023-04-18 08:57:41.031,,,65,,98.5,,,,,,,3,-2.1619043,43.28137,51.759094,32.79795631877527,2023-04-18 08:57:41.078,6,-0.047,0101000020E61000006740A47C944B01C0CE428EEF03A44540,20230418_DACIA_TOLOSA_ZARAUTZ_003,,d3,2023-04-18 08:29:01.982,2023-04-18 08:58:57.539,DACIA_SPRING,Dacia Spring 33 kW,33000,139,2023-04-18 08:58:05.119,4.3,6.8,50,NE,6.395634498976167,-159.85848921629324,70,60,,,,10.0,59.0,1.0,0,60,10,25,6
2023-04-18 08:57:46.82,,,65,,98.5,,,,,,,3,-2.1623569,43.281204,52.053894,32.838982206871336,2023-04-18 08:57:47.119,6,-0.299,0101000020E610000064A4E6C4814C01C00DA9C386FEA34540,20230418_DACIA_TOLOSA_ZARAUTZ_003,,d3,2023-04-18 08:29:01.982,2023-04-18 08:58:57.539,DACIA_SPRING,Dacia Spring 33 kW,33000,139,2023-04-18 08:58:05.119,4.3,6.8,50,NE,5.4770080364527045,-176.34700209055086,70,60,,,,10.0,59.0,1.0,0,60,10,25,6
2023-04-18 08:57:52.471,,,65,,98.5,,,,,,,3,-2.1628267999999995,43.281174,53.783997,32.87720562422508,2023-04-18 08:57:52.148,6,0.3229999999999999,0101000020E610000004856A18784D01C049B8358EFDA34540,20230418_DACIA_TOLOSA_ZARAUTZ_003,,d3,2023-04-18 08:29:01.982,2023-04-18 08:58:57.539,DACIA_SPRING,Dacia Spring 33 kW,33000,139,2023-04-18 08:58:05.119,4.3,6.8,50,NE,5.525240827130397,-175.65560674542172,70,60,,,,10.0,59.0,1.0,0,60,10,25,6
2023-04-18 08:57:58.078,,,65,,98.5,,,,,,,3,-2.163327,43.281136,55.670532,32.91796023203342,2023-04-18 08:57:58.199,6,-0.121,0101000020E6100000B9A61F587E4E01C0FCF65C43FCA34540,20230418_DACIA_TOLOSA_ZARAUTZ_003,,d3,2023-04-18 08:29:01.982,2023-04-18 08:58:57.539,DACIA_SPRING,Dacia Spring 33 kW,33000,139,2023-04-18 08:58:05.119,4.3,6.8,50,NE,5.608031890523647,-174.44084125052893,70,60,,,,10.0,59.0,1.0,0,60,10,25,6
2023-04-18 08:58:03.739,,,65,,98.5,,,,,,,3,-2.1636455000000003,43.281105,57.48205600000001,32.94403514318454,2023-04-18 08:58:04.178,6,-0.439,0101000020E610000052AF4267254F01C05CBD1636FBA34540,20230418_DACIA_TOLOSA_ZARAUTZ_003,,d3,2023-04-18 08:29:01.982,2023-04-18 08:58:57.539,DACIA_SPRING,Dacia Spring 33 kW,33000,139,2023-04-18 08:58:05.119,4.3,6.8,50,NE,5.647168032705855,-173.85337434088794,70,60,,,,10.0,59.0,1.0,0,60,10,8,6
2023-04-18 08:58:09.36,,,65,,98.5,,,,,,,3,-2.1639705,43.28107,57.36480699999999,32.97063038788566,2023-04-18 08:58:09.198,6,0.162,0101000020E6100000A8188CB6CF4F01C0C1342D2DFAA34540,20230418_DACIA_TOLOSA_ZARAUTZ_003,,d3,2023-04-18 08:29:01.982,2023-04-18 08:58:57.539,DACIA_SPRING,Dacia Spring 33 kW,33000,139,2023-04-18 08:58:05.119,4.3,6.8,50,NE,5.560169596167598,-175.1475735981165,70,60,,,,10.0,59.0,1.0,0,60,10,8,6
2023-04-18 08:58:16.001,,,65,,98.5,,,,,,,3,-2.164371,43.281036,53.06231700000001,33.00355284103951,2023-04-18 08:58:16.228,6,-0.2269999999999999,0101000020E61000005A492BBEA15001C0DADCA00FF9A34540,20230418_DACIA_TOLOSA_ZARAUTZ_003,,d3,2023-04-18 08:29:01.982,2023-04-18 08:58:57.539,DACIA_SPRING,Dacia Spring 33 kW,33000,139,2023-04-18 08:58:05.119,4.3,6.8,50,NE,5.895256848446596,-169.89393207688448,70,60,,,,10.0,59.0,1.0,0,60,10,8,6
2023-04-18 08:58:21.525,,,65,,98.5,,,,,,,3,-2.1644776,43.281017,53.80798299999999,33.01246820013037,2023-04-18 08:58:21.259,6,0.266,0101000020E6100000F0CFB999D95001C034A6FD62F8A34540,20230418_DACIA_TOLOSA_ZARAUTZ_003,,d3,2023-04-18 08:29:01.982,2023-04-18 08:58:57.539,DACIA_SPRING,Dacia Spring 33 kW,33000,139,2023-04-18 08:58:05.119,4.3,6.8,50,NE,5.388420626304925,-177.58824576860778,70,60,,,,10.0,59.0,1.0,0,60,10,8,6
2023-04-18 08:58:27.204,,,65,,98.5,,,,,,,3,-2.1646438,43.28101,52.690125,33.02599085472547,2023-04-18 08:58:27.278,6,-0.074,0101000020E6100000F3B714C2305101C07BE67A15F8A34540,20230418_DACIA_TOLOSA_ZARAUTZ_003,,d3,2023-04-18 08:29:01.982,2023-04-18 08:58:57.539,DACIA_SPRING,Dacia Spring 33 kW,33000,139,2023-04-18 08:58:05.119,4.3,6.8,50,NE,6.199104411529344,-164.26799522639672,70,60,,,,10.0,59.0,1.0,0,60,10,8,6
2023-04-18 08:58:32.77,,,65,,98.5,,,,,,,3,-2.164658,43.281006,53.312256000000005,33.02737150687347,2023-04-18 08:58:32.298,6,0.472,0101000020E6100000DD00F933385101C034F2FDFDF7A34540,20230418_DACIA_TOLOSA_ZARAUTZ_003,,d3,2023-04-18 08:29:01.982,2023-04-18 08:58:57.539,DACIA_SPRING,Dacia Spring 33 kW,33000,139,2023-04-18 08:58:05.119,4.3,6.8,50,NE,-5.20910221320905,0.0,70,60,,,,10.0,59.0,1.0,0,60,10,8,6
2023-04-18 08:58:38.603,,,65,,98.5,,,,,,,3,-2.1646457000000003,43.281006,53.009094,33.02841232084594,2023-04-18 08:58:38.408,6,0.195,0101000020E6100000B13818C1315101C05D47E206F8A34540,20230418_DACIA_TOLOSA_ZARAUTZ_003,,d3,2023-04-18 08:29:01.982,2023-04-18 08:58:57.539,DACIA_SPRING,Dacia Spring 33 kW,33000,139,2023-04-18 08:58:05.119,4.3,6.8,50,NE,5.20910221320905,180.0,70,60,,,,10.0,59.0,1.0,0,60,10,8,6
2023-04-18 08:58:44.241,,,65,,98.5,,,,,,,3,-2.1647146,43.281006,53.06781,33.033990079015354,2023-04-18 08:58:44.354,6,-0.113,0101000020E610000069034DD7555101C0A5E38301F8A34540,20230418_DACIA_TOLOSA_ZARAUTZ_003,,d3,2023-04-18 08:29:01.982,2023-04-18 08:58:57.539,DACIA_SPRING,Dacia Spring 33 kW,33000,139,2023-04-18 08:59:12.743,4.3,6.8,50,NE,4.932896699936989,176.50429632769388,70,60,,,,10.0,59.0,1.0,0,60,10,8,6
2023-04-18 08:58:50.521,,,65,,98.5,,,,,,,3,-2.1652057,43.281036,54.06018,33.073896624999435,2023-04-18 08:58:50.459,6,0.062,0101000020E6100000C7B1BB61575201C039A407F4F8A34540,20230418_DACIA_TOLOSA_ZARAUTZ_003,,d3,2023-04-18 08:29:01.982,2023-04-18 08:58:57.539,DACIA_SPRING,Dacia Spring 33 kW,33000,139,2023-04-18 08:59:12.743,4.3,6.8,50,NE,6.007182660665883,-167.943610014576,70,60,,,,10.0,59.0,1.0,0,60,10,8,6
2023-04-18 08:58:56.201,,,65,,98.5,,,,,,,3,-2.1654913,43.280975,51.615173,33.098114129023784,2023-04-18 08:58:56.028,6,0.173,0101000020E6100000DA91A81FED5201C0F91DBBF2F6A34540,20230418_DACIA_TOLOSA_ZARAUTZ_003,,d3,2023-04-18 08:29:01.982,2023-04-18 08:58:57.539,DACIA_SPRING,Dacia Spring 33 kW,33000,139,2023-04-18 08:59:12.743,4.3,6.8,50,NE,,,70,60,,,,10.0,59.0,1.0,0,60,10,25,6
