timestamp_data_utc,elv_spy,speed,soc,amb_temp,soh,regenwh,Motor Pwr(w),Aux Pwr(100w),Motor Temp,Torque Nm,rpm,route_id,longitude,latitude,altitude,cumul_dist,timestamp_gps_utc,car_id,time_diff,point_geom,route_code,route_description,driver,start_timestamp,end_timestamp,car_code,car_description,capacity,ref_consumption,timestamp_weather_utc,wind_mph,wind_kph,wind_degree,wind_dir,Frontal_Wind,Veh_deg,totalVehicles,speedAvg,cars_by_speed_interval_0_80,cars_by_speed_interval_80_100,cars_by_speed_interval_100_120,cars_by_speed_interval_0_50,cars_by_speed_interval_50_80,cars_by_speed_interval_80_120,cars_by_speed_interval_120_inf,cars_by_length_interval_0_7,cars_by_length_interval_7_inf,max_speed,radius
34:01.4,,,97,,98.5,,,,,,,51,-2.8763468,43.229282,136.18896,0.0,34:01.4,6,0.04,0101000020E6100000581B4B1FC20207C091EC0516599D4540,20230420_DACIA_BILBAO_EIBAR_051,,d2,33:44.3,05:18.4,DACIA_SPRING,Dacia Spring 33 kW,33000,139,33:19.6,10.5,16.9,300,WNW,10.035657481343051,-83.57102260689419,216.0,138.0,,3.0,40.0,,,,172.0,183.0,33.0,30,4.0
34:07.1,,,97,,98.5,,,,,,,51,-2.8763077,43.228935,136.7209,0.038718116957112796,34:07.4,6,-0.346,0101000020E610000067EDDAADAD0207C09D9EE3C94D9D4540,20230420_DACIA_BILBAO_EIBAR_051,,d2,33:44.3,05:18.4,DACIA_SPRING,Dacia Spring 33 kW,33000,139,33:19.6,10.5,16.9,300,WNW,6.766432407454751,-96.3980252343602,216.0,138.0,,3.0,40.0,,,,172.0,183.0,33.0,25,4.0
34:12.6,,,97,,98.5,,,,,,,51,-2.8763650000000003,43.228424,137.69923,0.09573645267347405,34:12.5,6,0.153,0101000020E6100000C6C612A5CB0207C04EBBC6F83C9D4540,20230420_DACIA_BILBAO_EIBAR_051,,d2,33:44.3,05:18.4,DACIA_SPRING,Dacia Spring 33 kW,33000,139,33:19.6,10.5,16.9,300,WNW,6.877075313359295,-95.98802718026734,172.0,151.0,,,79.0,,,,46.0,74.0,98.0,25,4.0
34:18.2,,,97,,98.5,,,,,,,51,-2.8764336,43.22777,139.35002,0.16868869951245277,34:18.5,6,-0.342,0101000020E6100000205964ADEF0207C021DA0B99279D4540,20230420_DACIA_BILBAO_EIBAR_051,,d2,33:44.3,05:18.4,DACIA_SPRING,Dacia Spring 33 kW,33000,139,33:19.6,10.5,16.9,300,WNW,15.384868695191464,-54.44661551358351,172.0,151.0,,,79.0,,,,46.0,74.0,98.0,25,4.0
34:24.0,,,97,,98.5,,,,,,,51,-2.8760884,43.227287,139.81169,0.22924368128581193,34:23.6,6,0.39,0101000020E6100000E03D3CA53A0207C0C348E4C5179D4540,20230420_DACIA_BILBAO_EIBAR_051,,d2,33:44.3,05:18.4,DACIA_SPRING,Dacia Spring 33 kW,33000,139,33:19.6,10.5,16.9,300,WNW,14.449860418198153,-61.237909074499285,172.0,151.0,,,79.0,,,,46.0,74.0,98.0,25,4.0
34:29.4,,,97,,98.5,,,,,,,51,-2.8758156,43.22679,138.88103,0.2887709222413344,34:29.6,6,-0.207,0101000020E6100000E5350997AB0107C059472A7D079D4540,20230420_DACIA_BILBAO_EIBAR_051,,d2,33:44.3,05:18.4,DACIA_SPRING,Dacia Spring 33 kW,33000,139,33:19.6,10.5,16.9,300,WNW,-8.029939765530996,-148.3687500224417,172.0,151.0,,,79.0,,,,46.0,74.0,98.0,25,4.0
34:35.0,,,97,,98.5,,,,,,,51,-2.876327,43.226475,137.48259,0.343044711386396,34:34.7,6,0.3229999999999999,0101000020E6100000DA7F07B7B70207C0AEB25B25FD9C4540,20230420_DACIA_BILBAO_EIBAR_051,,d2,33:44.3,05:18.4,DACIA_SPRING,Dacia Spring 33 kW,33000,139,33:19.6,10.5,16.9,300,WNW,-16.79698433674132,156.32946151513858,172.0,151.0,,,79.0,,,,46.0,74.0,98.0,25,4.0
34:40.5,,,97,,98.5,,,,,,,51,-2.877057,43.226795,136.52434,0.41207585738914987,34:40.7,6,-0.1989999999999999,0101000020E61000009C11327C360407C004F4CB95079D4540,20230420_DACIA_BILBAO_EIBAR_051,,d2,33:44.3,05:18.4,DACIA_SPRING,Dacia Spring 33 kW,33000,139,33:19.6,10.5,16.9,300,WNW,-9.71764470359738,95.10023182367588,172.0,151.0,,,79.0,,,,46.0,74.0,98.0,30,4.0
34:46.1,,,97,,98.5,,,,,,,51,-2.8771226000000003,43.22753,131.53772,0.4941284382236309,34:45.7,6,0.358,0101000020E6100000EF8B88E0580407C07974EBC71F9D4540,20230420_DACIA_BILBAO_EIBAR_051,,d2,33:44.3,05:18.4,DACIA_SPRING,Dacia Spring 33 kW,33000,139,33:19.6,10.5,16.9,300,WNW,-11.555431798825566,103.13764474694106,216.0,138.0,,3.0,40.0,,,,172.0,183.0,33.0,80,3.0
34:51.6,,,96,,98.5,,,,,,,51,-2.877356,43.22853,128.53294,0.6069598802477296,34:51.8,6,-0.186,0101000020E610000025219245D30407C005AFA171409D4540,20230420_DACIA_BILBAO_EIBAR_051,,d2,33:44.3,05:18.4,DACIA_SPRING,Dacia Spring 33 kW,33000,139,33:19.6,10.5,16.9,300,WNW,-8.199228545298528,89.02305086997102,216.0,138.0,,3.0,40.0,,,,172.0,183.0,33.0,25,3.0
34:57.1,,,96,,98.5,,,,,,,51,-2.8773398,43.22948,127.97176,0.7126047046469878,34:56.8,6,0.287,0101000020E610000031D16CC8CA0407C0E8D019A35F9D4540,20230420_DACIA_BILBAO_EIBAR_051,,d2,33:44.3,05:18.4,DACIA_SPRING,Dacia Spring 33 kW,33000,139,33:19.6,10.5,16.9,300,WNW,-1.3384415704686383,64.54245250556652,216.0,138.0,,3.0,40.0,,,,172.0,183.0,33.0,30,3.0
35:02.6,,,96,,98.5,,,,,,,51,-2.876938,43.230324,126.597244,0.811948201353569,35:02.9,6,-0.257,0101000020E610000029DE0E1CF80307C017CCBE497B9D4540,20230420_DACIA_BILBAO_EIBAR_051,,d2,33:44.3,05:18.4,DACIA_SPRING,Dacia Spring 33 kW,33000,139,36:44.8,10.5,16.9,300,WNW,5.607237783761083,40.6225902320123,216.0,138.0,,3.0,40.0,,,,172.0,183.0,33.0,8,3.0
35:08.6,,,96,,98.5,,,,,,,51,-2.8764064,43.23078,126.16573,0.8784769907707947,35:08.4,6,0.216,0101000020E61000000743125EE10207C0AF9BFC3D8A9D4540,20230420_DACIA_BILBAO_EIBAR_051,,d2,33:44.3,05:18.4,DACIA_SPRING,Dacia Spring 33 kW,33000,139,36:44.8,10.5,16.9,300,WNW,10.196258754639985,22.89131210219634,216.0,138.0,,3.0,40.0,,,,172.0,183.0,33.0,45,3.0
35:14.2,,,96,,98.5,,,,,,,51,-2.8754117000000003,43.2312,126.44264,0.9716188870716751,35:13.9,6,0.205,0101000020E6100000724BFFDDD70007C04CF309FE979D4540,20230420_DACIA_BILBAO_EIBAR_051,,d2,33:44.3,05:18.4,DACIA_SPRING,Dacia Spring 33 kW,33000,139,36:44.8,10.5,16.9,300,WNW,14.219395035285112,2.713409444930306,216.0,138.0,,3.0,40.0,,,,172.0,183.0,33.0,100,4.0
35:19.7,,,96,,98.5,,,,,,,51,-2.8741457,43.23126,125.173134,1.0744098838098801,35:20.0,6,-0.302,0101000020E6100000230D1A1440FE06C0B29B33DE999D4540,20230420_DACIA_BILBAO_EIBAR_051,,d2,33:44.3,05:18.4,DACIA_SPRING,Dacia Spring 33 kW,33000,139,36:44.8,10.5,16.9,300,WNW,15.046865872186288,-2.916894881264361,216.0,138.0,,3.0,40.0,,,,172.0,183.0,33.0,45,4.0
35:25.1,,,96,,98.5,,,,,,,51,-2.8728504,43.231194,123.921135,1.1796138127383542,35:25.0,6,0.1119999999999999,0101000020E6100000163991FE98FB06C07D0BC5CF979D4540,20230420_DACIA_BILBAO_EIBAR_051,,d2,33:44.3,05:18.4,DACIA_SPRING,Dacia Spring 33 kW,33000,139,36:44.8,10.5,16.9,300,WNW,14.891172903675722,-1.7795206955014686,216.0,138.0,,3.0,40.0,,,,172.0,183.0,33.0,60,4.0
35:30.5,,,96,,98.5,,,,,,,51,-2.8713698,43.231148,124.261024,1.2996758703332807,35:30.1,6,0.4629999999999999,0101000020E6100000479F0BBB90F806C0DD7CDD33969D4540,20230420_DACIA_BILBAO_EIBAR_051,,d2,33:44.3,05:18.4,DACIA_SPRING,Dacia Spring 33 kW,33000,139,36:44.8,10.5,16.9,300,WNW,12.78841947167948,10.824882887415976,216.0,138.0,,3.0,40.0,,,,172.0,183.0,33.0,45,4.0
35:36.0,,,96,,98.5,,,,,,,51,-2.8693720000000003,43.23153,123.14419,1.467014200568343,35:36.2,6,-0.152,0101000020E61000001F7D243279F406C0CD9DA4CCA29D4540,20230420_DACIA_BILBAO_EIBAR_051,,d2,33:44.3,05:18.4,DACIA_SPRING,Dacia Spring 33 kW,33000,139,36:44.8,10.5,16.9,300,WNW,10.893130287402956,19.86701226538279,216.0,138.0,,3.0,40.0,,,,172.0,183.0,33.0,25,4.0
35:41.4,,,96,,98.5,,,,,,,51,-2.8680713,43.232,120.43346,1.5846699697077518,35:41.2,6,0.2339999999999999,0101000020E61000000A76F95ACFF106C099428411B29D4540,20230420_DACIA_BILBAO_EIBAR_051,,d2,33:44.3,05:18.4,DACIA_SPRING,Dacia Spring 33 kW,33000,139,36:44.8,10.5,16.9,300,WNW,9.129270010699294,27.303188360941192,216.0,138.0,,3.0,40.0,,,,172.0,183.0,33.0,40,4.0
35:46.9,,,96,,98.5,,,,,,,51,-2.8666184,43.23275,115.47258,1.7290107503777827,35:47.3,6,-0.342,0101000020E61000004163E79DD5EE06C0057F60CCCA9D4540,20230420_DACIA_BILBAO_EIBAR_051,,d2,33:44.3,05:18.4,DACIA_SPRING,Dacia Spring 33 kW,33000,139,36:44.8,10.5,16.9,300,WNW,9.256283928596432,26.79001026351782,216.0,138.0,,3.0,40.0,,,,172.0,183.0,33.0,45,4.0
35:52.4,,,96,,98.5,,,,,,,51,-2.8653271,43.233402000000005,113.05879,1.8563127973207152,35:52.3,6,0.114,0101000020E61000009DCE5EA330EC06C017388822E09D4540,20230420_DACIA_BILBAO_EIBAR_051,,d2,33:44.3,05:18.4,DACIA_SPRING,Dacia Spring 33 kW,33000,139,36:44.8,10.5,16.9,300,WNW,12.13555211943299,14.10381106729746,216.0,138.0,,3.0,40.0,,,,172.0,183.0,33.0,45,4.0
35:58.1,,,96,,98.5,,,,,,,51,-2.8636117000000003,43.233833,110.31046,2.00333969335328,35:58.4,6,-0.2339999999999999,0101000020E6100000D460DF44ADE806C048252A3AEE9D4540,20230420_DACIA_BILBAO_EIBAR_051,,d2,33:44.3,05:18.4,DACIA_SPRING,Dacia Spring 33 kW,33000,139,36:44.8,10.5,16.9,300,WNW,12.617137315126788,11.705340576466062,,,,,,,,,,,,80,
36:03.7,,,96,,98.5,,,,,,,51,-2.862212,43.234123,106.79706000000002,2.121281146660895,36:03.4,6,0.262,0101000020E61000003B19D054CFE506C01DC877CBF79D4540,20230420_DACIA_BILBAO_EIBAR_051,,d2,33:44.3,05:18.4,DACIA_SPRING,Dacia Spring 33 kW,33000,139,36:44.8,10.5,16.9,300,WNW,11.60298137287543,16.64103655416868,,,,,,,,,,,,25,
36:09.2,,,96,,98.5,,,,,,,51,-2.860857,43.234528000000005,105.67755,2.2399362689944198,36:09.5,6,-0.28,0101000020E6100000D311F3F908E306C08B58CBFE049E4540,20230420_DACIA_BILBAO_EIBAR_051,,d2,33:44.3,05:18.4,DACIA_SPRING,Dacia Spring 33 kW,33000,139,36:44.8,10.5,16.9,300,WNW,12.658846799450057,11.492349679419128,,,,,,,,,,,,25,
36:16.6,,,96,,98.5,,,,,,,51,-2.8593962000000004,43.234825,107.499664,2.3628130697299707,36:17.4,6,-0.721,0101000020E61000002408181E0BE006C04F791AB50E9E4540,20230420_DACIA_BILBAO_EIBAR_051,,d2,33:44.3,05:18.4,DACIA_SPRING,Dacia Spring 33 kW,33000,139,36:44.8,10.5,16.9,300,WNW,13.534193913172478,6.789620335290806,,,,,,,,,,,,100,
36:26.2,,,96,,98.5,,,,,,,51,-2.8573132,43.235073,108.98399,2.533804177564675,36:26.3,6,-0.108,0101000020E6100000D5AEFBFEC6DB06C01CD967DF169E4540,20230420_DACIA_BILBAO_EIBAR_051,,d2,33:44.3,05:18.4,DACIA_SPRING,Dacia Spring 33 kW,33000,139,36:44.8,10.5,16.9,300,WNW,13.60671558878655,6.377081744662417,216.0,138.0,,3.0,40.0,,,,172.0,183.0,33.0,25,5.0
36:39.4,,,96,,98.5,,,,,,,51,-2.85462,43.235374,110.91895,2.7545432343151224,36:39.4,6,-0.013,0101000020E61000000425DB0543D606C01A02B2CB209E4540,20230420_DACIA_BILBAO_EIBAR_051,,d2,33:44.3,05:18.4,DACIA_SPRING,Dacia Spring 33 kW,33000,139,36:44.8,10.5,16.9,300,WNW,12.97305696960564,9.857878926044526,216.0,138.0,,3.0,40.0,,,,172.0,183.0,33.0,20,5.0
36:44.9,,,96,,98.5,,,,,,,51,-2.85096,43.23601,114.56591,3.0593796486875187,36:44.8,6,0.046,0101000020E61000000DDE301EC4CE06C0F96FE290359E4540,20230420_DACIA_BILBAO_EIBAR_051,,d2,33:44.3,05:18.4,DACIA_SPRING,Dacia Spring 33 kW,33000,139,36:44.8,10.5,16.9,300,WNW,14.92890719634408,-2.0512642587255603,,,,,,,,,,,,25,
36:50.4,,,96,,98.5,,,,,,,51,-2.849564,43.23596,114.202805,3.1726064809382364,36:49.9,6,0.492,0101000020E61000007BB21035E8CB06C0589B29DA339E4540,20230420_DACIA_BILBAO_EIBAR_051,,d2,33:44.3,05:18.4,DACIA_SPRING,Dacia Spring 33 kW,33000,139,36:44.8,10.5,16.9,300,WNW,15.42834391581821,-5.912011313331911,,,,,,,,,,,,8,
36:57.3,,,96,,98.5,,,,,,,51,-2.8476326000000003,43.23576,114.59345,3.330642172425296,36:57.3,6,0.015,0101000020E61000007C54A993F3C706C088E281562D9E4540,20230420_DACIA_BILBAO_EIBAR_051,,d2,33:44.3,05:18.4,DACIA_SPRING,Dacia Spring 33 kW,33000,139,36:44.8,10.5,16.9,300,WNW,16.088173216445345,-12.168823348802224,,,,,,,,,,,,100,
37:02.7,,,96,,98.5,,,,,,,51,-2.845351,43.235268,112.27523,3.5234158800264406,37:03.0,6,-0.225,0101000020E6100000DB42816047C306C05C322D371D9E4540,20230420_DACIA_BILBAO_EIBAR_051,,d2,33:44.3,05:18.4,DACIA_SPRING,Dacia Spring 33 kW,33000,139,36:44.8,10.5,16.9,300,WNW,16.171940291109372,-13.12089662688651,216.0,138.0,,3.0,40.0,,,,172.0,183.0,33.0,25,6.0
37:08.2,,,96,,98.5,,,,,,,51,-2.843695,43.234882,111.56144,3.66427075669479,37:08.0,6,0.212,0101000020E6100000EA2FF815E3BF06C09CE8F1A3109E4540,20230420_DACIA_BILBAO_EIBAR_051,,d2,33:44.3,05:18.4,DACIA_SPRING,Dacia Spring 33 kW,33000,139,36:44.8,10.5,16.9,300,WNW,16.506272631843878,-17.60807237393262,216.0,138.0,,3.0,40.0,,,,172.0,183.0,33.0,25,6.0
37:13.7,,,96,,98.5,,,,,,,51,-2.8418612000000003,43.2343,111.98974,3.826314251685513,37:14.0,6,-0.313,0101000020E6100000FBA7C5C721BC06C02277E581FD9D4540,20230420_DACIA_BILBAO_EIBAR_051,,d2,33:44.3,05:18.4,DACIA_SPRING,Dacia Spring 33 kW,33000,139,36:44.8,10.5,16.9,300,WNW,16.899948565562195,-29.85864167622199,216.0,138.0,,3.0,40.0,,,,172.0,183.0,33.0,100,6.0
37:19.2,,,96,,98.5,,,,,,,51,-2.8405826000000003,43.233566,112.84975,3.958190872106254,37:19.1,6,0.1159999999999999,0101000020E61000008E4A575E83B906C092530883E59D4540,20230420_DACIA_BILBAO_EIBAR_051,,d2,33:44.3,05:18.4,DACIA_SPRING,Dacia Spring 33 kW,33000,139,36:44.8,10.5,16.9,300,WNW,16.74870881991942,-37.67230050928909,216.0,138.0,,3.0,40.0,,,,172.0,183.0,33.0,8,6.0
37:24.8,,,96,,98.5,,,,,,,51,-2.8390362,43.232372,116.34615,4.140767557361889,37:25.2,6,-0.432,0101000020E6100000E773009158B606C09E836751BE9D4540,20230420_DACIA_BILBAO_EIBAR_051,,d2,33:44.3,05:18.4,DACIA_SPRING,Dacia Spring 33 kW,33000,139,36:44.8,10.5,16.9,300,WNW,16.803515190606543,-36.12534546416467,216.0,138.0,,3.0,40.0,,,,172.0,183.0,33.0,25,6.0
37:30.2,,,96,,98.5,,,,,,,51,-2.8378415,43.2315,116.5937,4.27777034260232,37:30.2,6,-0.02,0101000020E6100000F6A93F3FE6B306C0CC23DBC9A19D4540,20230420_DACIA_BILBAO_EIBAR_051,,d2,33:44.3,05:18.4,DACIA_SPRING,Dacia Spring 33 kW,33000,139,36:44.8,10.5,16.9,300,WNW,16.880635526220537,-32.743080831768964,,,,,,,,,,,,25,
37:35.7,,,96,,98.5,,,,,,,51,-2.8365881,43.230694,117.0013,4.413210443209071,37:35.3,6,0.422,0101000020E61000006F41591F55B106C0164E0265879D4540,20230420_DACIA_BILBAO_EIBAR_051,,d2,33:44.3,05:18.4,DACIA_SPRING,Dacia Spring 33 kW,33000,139,38:19.6,10.5,16.9,300,WNW,16.899923005495125,-29.82704850991928,,,,,,,,,,,,25,
37:41.2,,,96,,98.5,,,,,,,51,-2.8349974,43.229782,117.92069,4.577202531708564,37:41.4,6,-0.192,0101000020E6100000E53E182213AE06C00F69227A699D4540,20230420_DACIA_BILBAO_EIBAR_051,,d2,33:44.3,05:18.4,DACIA_SPRING,Dacia Spring 33 kW,33000,139,38:19.6,10.5,16.9,300,WNW,16.761495379520795,-22.659536865677,172.0,151.0,,,79.0,,,,46.0,74.0,98.0,100,7.0
37:46.6,,,96,,98.5,,,,,,,51,-2.8334596000000003,43.22914,117.86318,4.720795162202647,37:46.4,6,0.2319999999999999,0101000020E61000007D8091EBECAA06C057DCA474549D4540,20230420_DACIA_BILBAO_EIBAR_051,,d2,33:44.3,05:18.4,DACIA_SPRING,Dacia Spring 33 kW,33000,139,38:19.6,10.5,16.9,300,WNW,15.492502511900668,-6.450627234497096,172.0,151.0,,,79.0,,,,46.0,74.0,98.0,25,7.0
37:52.1,,,95,,98.5,,,,,,,51,-2.8314784,43.228916,119.43007,4.883238648218341,37:52.5,6,-0.387,0101000020E6100000142A762FDEA606C0516C111C4D9D4540,20230420_DACIA_BILBAO_EIBAR_051,,d2,33:44.3,05:18.4,DACIA_SPRING,Dacia Spring 33 kW,33000,139,38:19.6,10.5,16.9,300,WNW,13.010635937347388,9.65867106833024,172.0,151.0,,,79.0,,,,46.0,74.0,98.0,100,7.0
37:57.6,,,95,,98.5,,,,,,,51,-2.8299272,43.22918,119.94428,5.012299247342626,37:57.5,6,0.05,0101000020E6100000233380DCB0A306C055C386C9559D4540,20230420_DACIA_BILBAO_EIBAR_051,,d2,33:44.3,05:18.4,DACIA_SPRING,Dacia Spring 33 kW,33000,139,38:19.6,10.5,16.9,300,WNW,12.169782294802054,13.936811801887217,172.0,151.0,,,79.0,,,,46.0,74.0,98.0,20,7.0
38:02.9,,,95,,98.5,,,,,,,51,-2.828408,43.229557,118.16756,5.142337765356595,38:02.6,6,0.384,0101000020E6100000C0C41D5B94A006C0F452621B629D4540,20230420_DACIA_BILBAO_EIBAR_051,,d2,33:44.3,05:18.4,DACIA_SPRING,Dacia Spring 33 kW,33000,139,38:19.6,10.5,16.9,300,WNW,13.07527309043418,9.314056451410451,172.0,151.0,,,79.0,,,,46.0,74.0,98.0,8,7.0
38:08.5,,,95,,98.5,,,,,,,51,-2.8264081,43.229885,115.11267,5.308448121321454,38:08.6,6,-0.135,0101000020E61000009CDDABDB7B9C06C0619F1CD96C9D4540,20230420_DACIA_BILBAO_EIBAR_051,,d2,33:44.3,05:18.4,DACIA_SPRING,Dacia Spring 33 kW,33000,139,38:19.6,10.5,16.9,300,WNW,14.41603620297228,1.4583351857984428,172.0,151.0,,,79.0,,,,46.0,74.0,98.0,120,7.0
38:13.9,,,95,,98.5,,,,,,,51,-2.8246405,43.22993,112.43803,5.451767658017527,38:13.7,6,0.238,0101000020E61000004FC06619DD9806C0AEE1F1656E9D4540,20230420_DACIA_BILBAO_EIBAR_051,,d2,33:44.3,05:18.4,DACIA_SPRING,Dacia Spring 33 kW,33000,139,38:19.6,10.5,16.9,300,WNW,15.720819030705256,-8.470068271776436,172.0,151.0,,,79.0,,,,46.0,74.0,98.0,100,7.0
38:19.4,,,95,,98.5,,,,,,,51,-2.8226461,43.229633,111.30719,5.6166942648319464,38:19.7,6,-0.3289999999999999,0101000020E61000006330C485C79406C020964295649D4540,20230420_DACIA_BILBAO_EIBAR_051,,d2,33:44.3,05:18.4,DACIA_SPRING,Dacia Spring 33 kW,33000,139,38:19.6,10.5,16.9,300,WNW,15.864281778593035,-9.836848278062767,,,,,,,,,,,,45,
38:24.9,,,95,,98.5,,,,,,,51,-2.8210428,43.229355,112.006744,5.7502204407713595,38:24.8,6,0.0969999999999999,0101000020E6100000AE594AD47E9106C0D8CC218F5B9D4540,20230420_DACIA_BILBAO_EIBAR_051,,d2,33:44.3,05:18.4,DACIA_SPRING,Dacia Spring 33 kW,33000,139,38:19.6,10.5,16.9,300,WNW,12.877549113622464,10.360481332989878,172.0,151.0,,,79.0,,,,46.0,74.0,98.0,45,8.0
38:30.4,,,95,,98.5,,,,,,,51,-2.8192487,43.229683,115.71389,5.900127232233249,38:30.8,6,-0.429,0101000020E610000087539A4CD28D06C0B16AAF4C669D4540,20230420_DACIA_BILBAO_EIBAR_051,,d2,33:44.3,05:18.4,DACIA_SPRING,Dacia Spring 33 kW,33000,139,38:19.6,10.5,16.9,300,WNW,10.226775752352369,22.761467477983796,172.0,151.0,,,79.0,,,,46.0,74.0,98.0,45,8.0
38:35.9,,,95,,98.5,,,,,,,51,-2.8178854,43.230255,114.158455,6.027592401016921,38:35.8,6,0.053,0101000020E6100000A6DCF589078B06C09E11CD01799D4540,20230420_DACIA_BILBAO_EIBAR_051,,d2,33:44.3,05:18.4,DACIA_SPRING,Dacia Spring 33 kW,33000,139,38:19.6,10.5,16.9,300,WNW,8.313510996364984,30.532898783656435,172.0,151.0,,,79.0,,,,46.0,74.0,98.0,120,8.0
38:41.4,,,94,,98.5,,,,,,,51,-2.8166223,43.231,111.89015,6.159272240468943,38:40.9,6,0.486,0101000020E6100000CE01DD35718806C0555D0356919D4540,20230420_DACIA_BILBAO_EIBAR_051,,d2,33:44.3,05:18.4,DACIA_SPRING,Dacia Spring 33 kW,33000,139,38:19.6,10.5,16.9,300,WNW,7.803381867046862,32.50064860296504,172.0,151.0,,,79.0,,,,46.0,74.0,98.0,120,8.0
38:46.8,,,94,,98.5,,,,,,,51,-2.8150244,43.232018,111.53013,6.331237856464318,38:46.9,6,-0.099,0101000020E610000062EF8D782B8506C096B2C4CDB29D4540,20230420_DACIA_BILBAO_EIBAR_051,,d2,33:44.3,05:18.4,DACIA_SPRING,Dacia Spring 33 kW,33000,139,38:19.6,10.5,16.9,300,WNW,9.002445265484155,27.812674919365417,172.0,151.0,,,79.0,,,,46.0,74.0,98.0,120,8.0
38:52.4,,,94,,98.5,,,,,,,51,-2.813542,43.2328,109.811844,6.479518217908082,38:52.0,6,0.391,0101000020E6100000067F4146228206C010FE5E68CC9D4540,20230420_DACIA_BILBAO_EIBAR_051,,d2,33:44.3,05:18.4,DACIA_SPRING,Dacia Spring 33 kW,33000,139,38:19.6,10.5,16.9,300,WNW,10.154534387071308,23.068482887915845,172.0,151.0,,,79.0,,,,46.0,74.0,98.0,120,8.0
38:57.8,,,94,,98.5,,,,,,,51,-2.81168,43.233593,108.374245,6.654252899840817,38:58.0,6,-0.187,0101000020E6100000070ADA1D527E06C0FA0C8656E69D4540,20230420_DACIA_BILBAO_EIBAR_051,,d2,33:44.3,05:18.4,DACIA_SPRING,Dacia Spring 33 kW,33000,139,38:19.6,10.5,16.9,300,WNW,10.33851046516616,22.284129378346066,,,,,,,,,,,,120,
39:03.2,,,94,,98.5,,,,,,,51,-2.8103013,43.234158,108.956696,6.782403022486216,39:03.0,6,0.193,0101000020E610000069FB6F3A7F7B06C0AEFE13DBF89D4540,20230420_DACIA_BILBAO_EIBAR_051,,d2,33:44.3,05:18.4,DACIA_SPRING,Dacia Spring 33 kW,33000,139,38:19.6,10.5,16.9,300,WNW,10.009718371628203,23.68024439866149,,,,,,,,,,,,120,
39:08.7,,,94,,98.5,,,,,,,51,-2.8087006000000003,43.23486,107.69633,6.933765201873308,39:09.1,6,-0.382,0101000020E6100000984F7E08387806C00AC512D30F9E4540,20230420_DACIA_BILBAO_EIBAR_051,,d2,33:44.3,05:18.4,DACIA_SPRING,Dacia Spring 33 kW,33000,139,38:19.6,10.5,16.9,300,WNW,11.965804558773446,14.924675705276192,,,,,,,,,,,,120,
39:14.2,,,94,,98.5,,,,,,,51,-2.8071136,43.235283,106.59475,7.070667974042268,39:14.2,6,-0.0409999999999999,0101000020E61000008D143AF2F77406C05C77FBC71D9E4540,20230420_DACIA_BILBAO_EIBAR_051,,d2,33:44.3,05:18.4,DACIA_SPRING,Dacia Spring 33 kW,33000,139,38:19.6,10.5,16.9,300,WNW,13.378755246890142,7.660744985079046,172.0,151.0,,,79.0,,,,46.0,74.0,98.0,120,9.0
39:19.6,,,94,,98.5,,,,,,,51,-2.8056490000000003,43.23548,106.49867,7.191321323858467,39:19.2,6,0.409,0101000020E6100000A0E7501DF87106C0A23E5447249E4540,20230420_DACIA_BILBAO_EIBAR_051,,d2,33:44.3,05:18.4,DACIA_SPRING,Dacia Spring 33 kW,33000,139,38:19.6,10.5,16.9,300,WNW,14.321055958079157,2.0700306531628243,172.0,151.0,,,79.0,,,,46.0,74.0,98.0,80,9.0
39:25.0,,,94,,98.5,,,,,,,51,-2.803823,43.235546,105.2735,7.339433350718291,39:25.3,6,-0.239,0101000020E61000000BFFBEB63A6E06C081990A50269E4540,20230420_DACIA_BILBAO_EIBAR_051,,d2,33:44.3,05:18.4,DACIA_SPRING,Dacia Spring 33 kW,33000,139,38:19.6,10.5,16.9,300,WNW,13.739919318806436,5.608639240568407,172.0,151.0,,,79.0,,,,46.0,74.0,98.0,60,9.0
39:30.6,,,94,,98.5,,,,,,,51,-2.8023872000000005,43.235687,102.654305,7.456829057960053,39:30.3,6,0.25,0101000020E6100000A9A27C044A6B06C05056E0F02A9E4540,20230420_DACIA_BILBAO_EIBAR_051,,d2,33:44.3,05:18.4,DACIA_SPRING,Dacia Spring 33 kW,33000,139,38:19.6,10.5,16.9,300,WNW,14.39104830221268,1.6202903679141936,172.0,151.0,,,79.0,,,,46.0,74.0,98.0,85,9.0
39:36.1,,,94,,98.5,,,,,,,51,-2.8006196,43.235737,101.953514,7.600132211681056,39:36.4,6,-0.3,0101000020E6100000075FA342AB6706C015AB0D992C9E4540,20230420_DACIA_BILBAO_EIBAR_051,,d2,33:44.3,05:18.4,DACIA_SPRING,Dacia Spring 33 kW,33000,139,38:19.6,10.5,16.9,300,WNW,15.77896145666558,-9.013743062554624,172.0,151.0,,,79.0,,,,46.0,74.0,98.0,8,9.0
39:41.5,,,94,,98.5,,,,,,,51,-2.7991886000000004,43.23551,102.088554,7.718774136412005,39:41.4,6,0.129,0101000020E6100000D07DB90ABD6406C098606B3F259E4540,20230420_DACIA_BILBAO_EIBAR_051,,d2,33:44.3,05:18.4,DACIA_SPRING,Dacia Spring 33 kW,33000,139,38:19.6,10.5,16.9,300,WNW,16.806397848664435,-23.96693721037849,172.0,151.0,,,79.0,,,,46.0,74.0,98.0,80,9.0
39:47.0,,,94,,98.5,,,,,,,51,-2.7972765,43.23466,103.51651,7.900239305516541,39:47.4,6,-0.4379999999999999,0101000020E61000003F335F7CD26006C0A34FE561099E4540,20230420_DACIA_BILBAO_EIBAR_051,,d2,33:44.3,05:18.4,DACIA_SPRING,Dacia Spring 33 kW,33000,139,38:19.6,10.5,16.9,300,WNW,16.882136433424233,-27.36538823733957,,,,,,,,,,,,90,
39:52.5,,,94,,98.5,,,,,,,51,-2.7957695,43.23388,102.69327,8.049998841502394,39:52.5,6,-0.057,0101000020E61000001E276B52BC5D06C0CACB2CB0EF9D4540,20230420_DACIA_BILBAO_EIBAR_051,,d2,33:44.3,05:18.4,DACIA_SPRING,Dacia Spring 33 kW,33000,139,38:19.6,10.5,16.9,300,WNW,16.845647160773208,-25.403557195357397,,,,,,,,,,,,90,
39:57.9,,,94,,98.5,,,,,,,51,-2.7942808,43.233173,107.68219,8.194049308023049,39:57.5,6,0.363,0101000020E61000004BE331DFAF5A06C0096E3FAED89D4540,20230420_DACIA_BILBAO_EIBAR_051,,d2,33:44.3,05:18.4,DACIA_SPRING,Dacia Spring 33 kW,33000,139,38:19.6,10.5,16.9,300,WNW,16.714427098101666,-21.50135354843725,172.0,151.0,,,79.0,,,,46.0,74.0,98.0,85,10.0
40:03.4,,,94,,98.5,,,,,,,51,-2.7924201,43.23244,112.32763,8.365479102204624,40:03.6,6,-0.166,0101000020E6100000D9F86466E05606C0DFEC53ABC09D4540,20230420_DACIA_BILBAO_EIBAR_051,,d2,33:44.3,05:18.4,DACIA_SPRING,Dacia Spring 33 kW,33000,139,41:44.8,10.5,16.9,300,WNW,16.53371826725529,-18.049407640263137,172.0,151.0,,,79.0,,,,46.0,74.0,98.0,8,10.0
40:08.9,,,94,,98.5,,,,,,,51,-2.7908428,43.231926,115.254684,8.505493753692303,40:08.6,6,0.266,0101000020E61000000BD9FC64A55306C0117E85B5AF9D4540,20230420_DACIA_BILBAO_EIBAR_051,,d2,33:44.3,05:18.4,DACIA_SPRING,Dacia Spring 33 kW,33000,139,41:44.8,10.5,16.9,300,WNW,15.980493233397878,-11.01280545172226,172.0,151.0,,,79.0,,,,46.0,74.0,98.0,8,10.0
40:15.0,,,94,,98.5,,,,,,,51,-2.7888234,43.231533,116.928246,8.674840337448877,40:15.0,6,-0.042,0101000020E61000006D6AA7A1824F06C0E83385EFA29D4540,20230420_DACIA_BILBAO_EIBAR_051,,d2,33:44.3,05:18.4,DACIA_SPRING,Dacia Spring 33 kW,33000,139,41:44.8,10.5,16.9,300,WNW,15.034682204237606,-2.8263085975631235,172.0,151.0,,,79.0,,,,46.0,74.0,98.0,8,10.0
40:20.5,,,94,,98.5,,,,,,,51,-2.786575,43.231422,118.87875,8.857424322997318,40:20.8,6,-0.27,0101000020E6100000E8B51EEFE74A06C0348569349F9D4540,20230420_DACIA_BILBAO_EIBAR_051,,d2,33:44.3,05:18.4,DACIA_SPRING,Dacia Spring 33 kW,33000,139,41:44.8,10.5,16.9,300,WNW,14.893568754936686,-1.7967029163688863,172.0,151.0,,,79.0,,,,46.0,74.0,98.0,85,10.0
40:25.9,,,93,,98.5,,,,,,,51,-2.7847579,43.231365,120.21676,9.004780755629337,40:25.8,6,0.155,0101000020E61000004B561A1E2F4706C0D76AB0679D9D4540,20230420_DACIA_BILBAO_EIBAR_051,,d2,33:44.3,05:18.4,DACIA_SPRING,Dacia Spring 33 kW,33000,139,41:44.8,10.5,16.9,300,WNW,14.29350282244508,2.2455355774817525,172.0,151.0,,,79.0,,,,46.0,74.0,98.0,85,10.0
40:31.4,,,93,,98.5,,,,,,,51,-2.7825902,43.23145,123.05976,9.180675998926734,40:31.8,6,-0.392,0101000020E6100000F3FDC9ACBE4206C0E924012FA09D4540,20230420_DACIA_BILBAO_EIBAR_051,,d2,33:44.3,05:18.4,DACIA_SPRING,Dacia Spring 33 kW,33000,139,41:44.8,10.5,16.9,300,WNW,13.84518149989477,4.991062195681429,172.0,151.0,,,79.0,,,,46.0,74.0,98.0,85,10.0
40:36.9,,,93,,98.5,,,,,,,51,-2.7807581000000003,43.23161,123.65022,9.330168505866844,40:36.8,6,0.06,0101000020E61000009B83A324FE3E06C0B306A05FA59D4540,20230420_DACIA_BILBAO_EIBAR_051,,d2,33:44.3,05:18.4,DACIA_SPRING,Dacia Spring 33 kW,33000,139,41:44.8,10.5,16.9,300,WNW,13.354151409738584,7.79705881175868,172.0,151.0,,,79.0,,,,46.0,74.0,98.0,85,11.0
40:42.3,,,93,,98.5,,,,,,,51,-2.7790346,43.231846,125.01008,9.472249695286305,40:41.9,6,0.466,0101000020E610000005AF708F763B06C06A126E22AD9D4540,20230420_DACIA_BILBAO_EIBAR_051,,d2,33:44.3,05:18.4,DACIA_SPRING,Dacia Spring 33 kW,33000,139,41:44.8,10.5,16.9,300,WNW,14.49358417171664,0.9508799857217434,172.0,151.0,,,79.0,,,,46.0,74.0,98.0,8,11.0
40:47.8,,,93,,98.5,,,,,,,51,-2.7769861,43.23188,124.847916,9.638252611824326,40:47.9,6,-0.11,0101000020E6100000BDC9317B443706C065DA7049AE9D4540,20230420_DACIA_BILBAO_EIBAR_051,,d2,33:44.3,05:18.4,DACIA_SPRING,Dacia Spring 33 kW,33000,139,41:44.8,10.5,16.9,300,WNW,15.872121562383908,-9.91409921791142,172.0,151.0,,,79.0,,,,46.0,74.0,98.0,8,11.0
40:53.4,,,93,,98.5,,,,,,,51,-2.775304,43.231586,123.65377,9.778400093686955,40:52.9,6,0.452,0101000020E61000007A878691D23306C061B6AA92A49D4540,20230420_DACIA_BILBAO_EIBAR_051,,d2,33:44.3,05:18.4,DACIA_SPRING,Dacia Spring 33 kW,33000,139,41:44.8,10.5,16.9,300,WNW,16.179710264928556,-13.21186003067929,172.0,151.0,,,79.0,,,,46.0,74.0,98.0,8,11.0
40:58.8,,,93,,98.5,,,,,,,51,-2.7733872,43.231136,126.34304,9.941576097819981,40:59.0,6,-0.16,0101000020E6100000B94F0FA8E52F06C06612A8DC959D4540,20230420_DACIA_BILBAO_EIBAR_051,,d2,33:44.3,05:18.4,DACIA_SPRING,Dacia Spring 33 kW,33000,139,41:44.8,10.5,16.9,300,WNW,15.319582626741251,-5.023924777751277,172.0,151.0,,,79.0,,,,46.0,74.0,98.0,85,11.0
41:04.3,,,92,,98.5,,,,,,,51,-2.7717264,43.230990000000006,126.90001,10.077105020490695,41:04.0,6,0.28,0101000020E6100000CE5345D57E2C06C0025E7E2D919D4540,20230420_DACIA_BILBAO_EIBAR_051,,d2,33:44.3,05:18.4,DACIA_SPRING,Dacia Spring 33 kW,33000,139,41:44.8,10.5,16.9,300,WNW,13.832128180159582,5.068160577507358,172.0,151.0,,,79.0,,,,46.0,74.0,98.0,8,11.0
41:09.8,,,92,,98.5,,,,,,,51,-2.7696517000000003,43.231174,127.62174,10.24643173981718,41:10.1,6,-0.306,0101000020E6100000C2489B1B3F2806C00EAEFF2A979D4540,20230420_DACIA_BILBAO_EIBAR_051,,d2,33:44.3,05:18.4,DACIA_SPRING,Dacia Spring 33 kW,33000,139,41:44.8,10.5,16.9,300,WNW,13.781333711575856,5.366779183839816,172.0,151.0,,,79.0,,,,46.0,74.0,98.0,8,11.0
41:15.2,,,92,,98.5,,,,,,,51,-2.7678208,43.231346,131.48712,10.39604191925733,41:15.1,6,0.07,0101000020E6100000E122273E7F2406C0A4A749BE9C9D4540,20230420_DACIA_BILBAO_EIBAR_051,,d2,33:44.3,05:18.4,DACIA_SPRING,Dacia Spring 33 kW,33000,139,41:44.8,10.5,16.9,300,WNW,15.17102524298518,-3.8565642655646575,172.0,151.0,,,79.0,,,,46.0,74.0,98.0,8,12.0
41:20.7,,,92,,98.5,,,,,,,51,-2.765655,43.2312,135.98273,10.57231325476832,41:20.2,6,0.487,0101000020E6100000B25B33C40F2006C0F0682EFB979D4540,20230420_DACIA_BILBAO_EIBAR_051,,d2,33:44.3,05:18.4,DACIA_SPRING,Dacia Spring 33 kW,33000,139,41:44.8,10.5,16.9,300,WNW,15.928982445819026,-10.48315998887032,172.0,151.0,,,79.0,,,,46.0,74.0,98.0,120,12.0
41:26.1,,,92,,98.5,,,,,,,51,-2.7635581,43.230812,141.85997,10.747687863731302,41:26.2,6,-0.089,0101000020E61000007B18CE67C41B06C0B62126438B9D4540,20230420_DACIA_BILBAO_EIBAR_051,,d2,33:44.3,05:18.4,DACIA_SPRING,Dacia Spring 33 kW,33000,139,41:44.8,10.5,16.9,300,WNW,15.475047936830764,-6.30295321833948,172.0,151.0,,,79.0,,,,46.0,74.0,98.0,8,12.0
41:31.6,,,92,,98.5,,,,,,,51,-2.7618017000000004,43.230618,144.02382,10.891627844410456,41:31.3,6,0.301,0101000020E610000049844A782B1806C0587C96D2849D4540,20230420_DACIA_BILBAO_EIBAR_051,,d2,33:44.3,05:18.4,DACIA_SPRING,Dacia Spring 33 kW,33000,139,41:44.8,10.5,16.9,300,WNW,14.560561662767729,0.5064865094070147,172.0,151.0,,,79.0,,,,46.0,74.0,98.0,8,12.0
41:37.0,,,92,,98.5,,,,,,,51,-2.7596524,43.230637,149.15175,11.065845794599205,41:37.3,6,-0.3379999999999999,0101000020E6100000DD1CA194C41306C048F2E18B859D4540,20230420_DACIA_BILBAO_EIBAR_051,,d2,33:44.3,05:18.4,DACIA_SPRING,Dacia Spring 33 kW,33000,139,41:44.8,10.5,16.9,300,WNW,14.368274030481064,1.7672532637114604,172.0,151.0,,,79.0,,,,46.0,74.0,98.0,8,12.0
41:42.4,,,92,,98.5,,,,,,,51,-2.757805,43.230694,152.92193999999998,11.215697920851778,41:42.4,6,0.069,0101000020E6100000B5449818FC0F06C025F7B16E879D4540,20230420_DACIA_BILBAO_EIBAR_051,,d2,33:44.3,05:18.4,DACIA_SPRING,Dacia Spring 33 kW,33000,139,41:44.8,10.5,16.9,300,WNW,14.167920769737124,3.0349162713894806,172.0,151.0,,,79.0,,,,46.0,74.0,98.0,8,12.0
41:48.0,,,92,,98.5,,,,,,,51,-2.7556171000000003,43.23081,155.64973,11.393444077564205,41:48.4,6,-0.427,0101000020E6100000A2BC8D0B810B06C0B34FBD248B9D4540,20230420_DACIA_BILBAO_EIBAR_051,,d2,33:44.3,05:18.4,DACIA_SPRING,Dacia Spring 33 kW,33000,139,41:44.8,10.5,16.9,300,WNW,14.69702786707561,-0.4176003277063256,172.0,151.0,,,79.0,,,,46.0,74.0,98.0,45,12.0
41:53.5,,,92,,98.5,,,,,,,51,-2.7538335,43.230797,155.07191,11.537953810637585,41:53.5,6,0.069,0101000020E6100000A23823D4D90706C0949CACBA8A9D4540,20230420_DACIA_BILBAO_EIBAR_051,,d2,33:44.3,05:18.4,DACIA_SPRING,Dacia Spring 33 kW,33000,139,41:44.8,10.5,16.9,300,WNW,15.845231094769227,-9.650299812651689,172.0,151.0,,,79.0,,,,46.0,74.0,98.0,8,13.0
41:59.1,,,92,,98.5,,,,,,,51,-2.751734,43.23044,154.93407,11.712619658327275,41:59.5,6,-0.4529999999999999,0101000020E6100000EE4CD42C8D0306C0E482920F7F9D4540,20230420_DACIA_BILBAO_EIBAR_051,,d2,33:44.3,05:18.4,DACIA_SPRING,Dacia Spring 33 kW,33000,139,41:44.8,10.5,16.9,300,WNW,16.579701733171117,-18.82725506901337,172.0,151.0,,,79.0,,,,46.0,74.0,98.0,120,13.0
42:04.5,,,92,,98.5,,,,,,,51,-2.7501297,43.229893,155.84784,11.85612651171218,42:04.5,6,0.001,0101000020E610000019DE7CF8430006C076030F2E6D9D4540,20230420_DACIA_BILBAO_EIBAR_051,,d2,33:44.3,05:18.4,DACIA_SPRING,Dacia Spring 33 kW,33000,139,41:44.8,10.5,16.9,300,WNW,16.774623629055373,-23.016534632187096,172.0,151.0,,,79.0,,,,46.0,74.0,98.0,120,13.0
42:10.0,,,92,,98.5,,,,,,,51,-2.7485855,43.229237,159.52348,12.000993536355098,42:09.6,6,0.446,0101000020E6100000641211551AFD05C0B143E79A579D4540,20230420_DACIA_BILBAO_EIBAR_051,,d2,33:44.3,05:18.4,DACIA_SPRING,Dacia Spring 33 kW,33000,139,41:44.8,10.5,16.9,300,WNW,16.89020633339888,-28.049311556883485,172.0,151.0,,,79.0,,,,46.0,74.0,98.0,45,13.0
42:15.5,,,92,,98.5,,,,,,,51,-2.746917,43.228348,163.50652,12.16850916337025,42:15.6,6,-0.115,0101000020E6100000E2056993AFF905C034105D7C3A9D4540,20230420_DACIA_BILBAO_EIBAR_051,,d2,33:44.3,05:18.4,DACIA_SPRING,Dacia Spring 33 kW,33000,139,41:44.8,10.5,16.9,300,WNW,16.89195207799453,-28.231710396945,172.0,151.0,,,79.0,,,,46.0,74.0,98.0,120,13.0
42:21.0,,,92,,98.5,,,,,,,51,-2.7454810000000003,43.227577,166.02348,12.313051319045028,42:20.7,6,0.315,0101000020E61000008CE2FDCFBEF605C0277FBA48219D4540,20230420_DACIA_BILBAO_EIBAR_051,,d2,33:44.3,05:18.4,DACIA_SPRING,Dacia Spring 33 kW,33000,139,41:44.8,10.5,16.9,300,WNW,16.622275140703962,-19.59844664639157,172.0,151.0,,,79.0,,,,46.0,74.0,98.0,80,13.0
42:26.4,,,92,,98.5,,,,,,,51,-2.7435796000000003,43.2269,167.55411,12.484521252736823,42:26.7,6,-0.3,0101000020E6100000848369D0D9F205C0E40DCB040B9D4540,20230420_DACIA_BILBAO_EIBAR_051,,d2,33:44.3,05:18.4,DACIA_SPRING,Dacia Spring 33 kW,33000,139,41:44.8,10.5,16.9,300,WNW,16.209829580828163,-13.569089319122256,172.0,151.0,,,79.0,,,,46.0,74.0,98.0,8,13.0
42:31.9,,,92,,98.5,,,,,,,51,-2.741914,43.226498,167.22191,12.626682643759272,42:31.8,6,0.098,0101000020E61000007955669E70EF05C06EF9BFDEFD9C4540,20230420_DACIA_BILBAO_EIBAR_051,,d2,33:44.3,05:18.4,DACIA_SPRING,Dacia Spring 33 kW,33000,139,41:44.8,10.5,16.9,300,WNW,15.61668380709355,-7.527654339189212,172.0,151.0,,,79.0,,,,46.0,74.0,98.0,100,13.0
42:37.4,,,92,,98.5,,,,,,,51,-2.7398632000000003,43.226227,166.64801,12.795555055182493,42:37.8,6,-0.472,0101000020E6100000CAE6725C3DEB05C00555EFF6F49C4540,20230420_DACIA_BILBAO_EIBAR_051,,d2,33:44.3,05:18.4,DACIA_SPRING,Dacia Spring 33 kW,33000,139,43:19.7,10.5,16.9,300,WNW,15.91139226583483,-10.305432273200566,172.0,151.0,,,79.0,,,,46.0,74.0,98.0,80,14.0
42:42.9,,,92,,98.5,,,,,,,51,-2.7381418,43.225914,165.76533999999998,12.939307618120214,42:42.9,6,-0.005,0101000020E61000005E6DDADAB6E705C00A3B28C6EA9C4540,20230420_DACIA_BILBAO_EIBAR_051,,d2,33:44.3,05:18.4,DACIA_SPRING,Dacia Spring 33 kW,33000,139,43:19.7,10.5,16.9,300,WNW,16.676169985650066,-20.664578370038168,172.0,151.0,,,79.0,,,,46.0,74.0,98.0,100,14.0
42:48.3,,,92,,98.5,,,,,,,51,-2.7366040000000003,43.225334,162.55391,13.07964413569999,42:47.9,6,0.335,0101000020E6100000EDEEE89290E405C017C1CFC1D79C4540,20230420_DACIA_BILBAO_EIBAR_051,,d2,33:44.3,05:18.4,DACIA_SPRING,Dacia Spring 33 kW,33000,139,43:19.7,10.5,16.9,300,WNW,16.57002537898325,-18.65919903880951,172.0,151.0,,,79.0,,,,46.0,74.0,98.0,100,14.0
42:53.7,,,92,,98.5,,,,,,,51,-2.7346673,43.22468,158.55037,13.252642125590269,42:54.0,6,-0.24,0101000020E6100000A43BB73699E005C05F9B9D6BC29C4540,20230420_DACIA_BILBAO_EIBAR_051,,d2,33:44.3,05:18.4,DACIA_SPRING,Dacia Spring 33 kW,33000,139,43:19.7,10.5,16.9,300,WNW,15.900252660246798,-10.193672199475662,172.0,151.0,,,79.0,,,,46.0,74.0,98.0,8,14.0
42:59.4,,,92,,98.5,,,,,,,51,-2.7329433,43.22437,156.22913,13.396538254468643,42:59.0,6,0.347,0101000020E61000009654E86B11DD05C00865152CB89C4540,20230420_DACIA_BILBAO_EIBAR_051,,d2,33:44.3,05:18.4,DACIA_SPRING,Dacia Spring 33 kW,33000,139,43:19.7,10.5,16.9,300,WNW,16.329520959230585,-15.070562940882004,172.0,151.0,,,79.0,,,,46.0,74.0,98.0,40,14.0
43:04.8,,,92,,98.5,,,,,,,51,-2.7308636,43.22381,153.95891,13.576198674241276,43:05.0,6,-0.2289999999999999,0101000020E610000024C3BAF5CED805C028221BBAA59C4540,20230420_DACIA_BILBAO_EIBAR_051,,d2,33:44.3,05:18.4,DACIA_SPRING,Dacia Spring 33 kW,33000,139,43:19.7,10.5,16.9,300,WNW,16.81899766306259,-24.388012814740254,172.0,151.0,,,79.0,,,,46.0,74.0,98.0,100,14.0
43:10.3,,,92,,98.5,,,,,,,51,-2.7293196,43.22311,154.73856,13.723542955329854,43:10.1,6,0.2289999999999999,0101000020E6100000B7350D8BA5D505C03A837FD48E9C4540,20230420_DACIA_BILBAO_EIBAR_051,,d2,33:44.3,05:18.4,DACIA_SPRING,Dacia Spring 33 kW,33000,139,43:19.7,10.5,16.9,300,WNW,16.808107105373775,-35.977674023580555,172.0,151.0,,,79.0,,,,46.0,74.0,98.0,85,14.0
43:15.8,,,92,,98.5,,,,,,,51,-2.7276597,43.221905,152.392,13.913407322545352,43:16.2,6,-0.407,0101000020E6100000B5148C313FD205C0356CCF62679C4540,20230420_DACIA_BILBAO_EIBAR_051,,d2,33:44.3,05:18.4,DACIA_SPRING,Dacia Spring 33 kW,33000,139,43:19.7,10.5,16.9,300,WNW,16.049631476357817,-48.2530716717996,172.0,151.0,,,79.0,,,,46.0,74.0,98.0,40,14.0
43:21.3,,,92,,98.5,,,,,,,51,-2.7267627999999995,43.2209,150.70047,14.046721952045912,43:21.2,6,0.057,0101000020E6100000DD979FFD68D005C046E45881469C4540,20230420_DACIA_BILBAO_EIBAR_051,,d2,33:44.3,05:18.4,DACIA_SPRING,Dacia Spring 33 kW,33000,139,43:19.7,10.5,16.9,300,WNW,14.625846683811444,-60.067618851872766,172.0,151.0,,,79.0,,,,46.0,74.0,98.0,100,14.0
43:26.9,,,92,,98.5,,,,,,,51,-2.7259855,43.21955,150.2099,14.209514253237067,43:27.3,6,-0.41,0101000020E6100000F4EDFD81D1CE05C05EE0ED3B1A9C4540,20230420_DACIA_BILBAO_EIBAR_051,,d2,33:44.3,05:18.4,DACIA_SPRING,Dacia Spring 33 kW,33000,139,43:19.7,10.5,16.9,300,WNW,13.23995278715296,-68.42437280910309,172.0,151.0,,,79.0,,,,46.0,74.0,98.0,40,14.0
43:32.3,,,91,,98.5,,,,,,,51,-2.7255003,43.218323,149.69888,14.351503383733613,43:32.3,6,0.043,0101000020E610000005E84424D3CD05C048B955FAF19B4540,20230420_DACIA_BILBAO_EIBAR_051,,d2,33:44.3,05:18.4,DACIA_SPRING,Dacia Spring 33 kW,33000,139,43:19.7,10.5,16.9,300,WNW,11.42050225067106,-77.48607573539698,172.0,151.0,,,79.0,,,,46.0,74.0,98.0,25,15.0
43:37.8,,,91,,98.5,,,,,,,51,-2.7251565,43.216774,148.22235,14.525989139115586,43:38.3,6,-0.5,0101000020E6100000EE8E9BD41ECD05C076E9D346BF9B4540,20230420_DACIA_BILBAO_EIBAR_051,,d2,33:44.3,05:18.4,DACIA_SPRING,Dacia Spring 33 kW,33000,139,43:19.7,10.5,16.9,300,WNW,13.276100388198843,-68.22675161629486,172.0,151.0,,,79.0,,,,46.0,74.0,98.0,8,15.0
43:43.3,,,91,,98.5,,,,,,,51,-2.724666,43.215546,148.09618999999998,14.66820419356805,43:43.4,6,-0.054,0101000020E6100000B59167C11DCC05C0605CF907979B4540,20230420_DACIA_BILBAO_EIBAR_051,,d2,33:44.3,05:18.4,DACIA_SPRING,Dacia Spring 33 kW,33000,139,43:19.7,10.5,16.9,300,WNW,15.421637051204076,-54.14364005291059,172.0,151.0,,,79.0,,,,46.0,74.0,98.0,8,15.0
43:48.7,,,91,,98.5,,,,,,,51,-2.7238580000000003,43.214428000000005,148.01385,14.80871001426518,43:48.4,6,0.304,0101000020E6100000F4D3842F76CA05C057AE3A53729B4540,20230420_DACIA_BILBAO_EIBAR_051,,d2,33:44.3,05:18.4,DACIA_SPRING,Dacia Spring 33 kW,33000,139,43:19.7,10.5,16.9,300,WNW,16.560139128716948,-41.51000119276065,172.0,151.0,,,79.0,,,,46.0,74.0,98.0,8,15.0
43:54.3,,,91,,98.5,,,,,,,51,-2.7225428,43.213264,144.98042,14.976404517850883,43:54.5,6,-0.2,0101000020E6100000A979A37AC4C705C0204EE5354C9B4540,20230420_DACIA_BILBAO_EIBAR_051,,d2,33:44.3,05:18.4,DACIA_SPRING,Dacia Spring 33 kW,33000,139,43:19.7,10.5,16.9,300,WNW,16.885769552893244,-32.35144069348214,172.0,151.0,,,79.0,,,,46.0,74.0,98.0,80,15.0
43:59.7,,,91,,98.5,,,,,,,51,-2.7211788,43.2124,143.15956,15.122870104080757,43:59.5,6,0.176,0101000020E6100000E41CD66AF9C405C0C7D1D5EA2F9B4540,20230420_DACIA_BILBAO_EIBAR_051,,d2,33:44.3,05:18.4,DACIA_SPRING,Dacia Spring 33 kW,33000,139,43:19.7,10.5,16.9,300,WNW,16.687686947617312,-20.90844139797898,172.0,151.0,,,79.0,,,,46.0,74.0,98.0,25,15.0
44:05.2,,,91,,98.5,,,,,,,51,-2.7192287,43.211655,142.55763000000002,15.301305753211272,44:05.5,6,-0.3779999999999999,0101000020E61000005AB813F5FAC005C0698AFD7F179B4540,20230420_DACIA_BILBAO_EIBAR_051,,d2,33:44.3,05:18.4,DACIA_SPRING,Dacia Spring 33 kW,33000,139,43:19.7,10.5,16.9,300,WNW,16.11931590626378,-12.516913214969142,172.0,151.0,,,79.0,,,,46.0,74.0,98.0,8,15.0
44:10.7,,,91,,98.5,,,,,,,51,-2.7174945,43.21127,141.1303,15.448231820756138,44:10.6,6,0.1169999999999999,0101000020E6100000D52CF6CA6DBD05C01AA5BFD40A9B4540,20230420_DACIA_BILBAO_EIBAR_051,,d2,33:44.3,05:18.4,DACIA_SPRING,Dacia Spring 33 kW,33000,139,43:19.7,10.5,16.9,300,WNW,15.30158159512728,-4.879778517414837,172.0,151.0,,,79.0,,,,46.0,74.0,98.0,8,15.0
44:16.2,,,90,,98.5,,,,,,,51,-2.715433,43.211094,139.11823,15.616455809854994,44:16.7,6,-0.455,0101000020E6100000BB7A03D734B905C01427C01E059B4540,20230420_DACIA_BILBAO_EIBAR_051,,d2,33:44.3,05:18.4,DACIA_SPRING,Dacia Spring 33 kW,33000,139,43:19.7,10.5,16.9,300,WNW,14.989292677285055,-2.4912610173017757,172.0,151.0,,,79.0,,,,46.0,74.0,98.0,90,15.0
44:21.7,,,90,,98.5,,,,,,,51,-2.7136862,43.211018,138.98798,15.75827366116929,44:21.7,6,0.047,0101000020E61000009DEFA217A1B505C030DB65AD029B4540,20230420_DACIA_BILBAO_EIBAR_051,,d2,33:44.3,05:18.4,DACIA_SPRING,Dacia Spring 33 kW,33000,139,43:19.7,10.5,16.9,300,WNW,15.942111717343272,-10.616835879516104,172.0,151.0,,,79.0,,,,46.0,74.0,98.0,8,15.0
44:27.3,,,90,,98.5,,,,,,,51,-2.711723,43.21065,138.51573,15.922556177579057,44:27.7,6,-0.467,0101000020E6100000179ECFDF9BB105C0C29355A0F69A4540,20230420_DACIA_BILBAO_EIBAR_051,,d2,33:44.3,05:18.4,DACIA_SPRING,Dacia Spring 33 kW,33000,139,43:19.7,10.5,16.9,300,WNW,16.556100558288243,-18.42158173882714,172.0,151.0,,,79.0,,,,46.0,74.0,98.0,8,15.0
44:32.7,,,90,,98.5,,,,,,,51,-2.7101798,43.210136,137.2959,16.060069063937785,44:32.7,6,-0.003,0101000020E6100000FE43A0CB72AE05C0FDF61CBBE59A4540,20230420_DACIA_BILBAO_EIBAR_051,,d2,33:44.3,05:18.4,DACIA_SPRING,Dacia Spring 33 kW,33000,139,43:19.7,10.5,16.9,300,WNW,16.86416016481442,-26.26789322447696,172.0,151.0,,,79.0,,,,46.0,74.0,98.0,90,16.0
44:38.3,,,90,,98.5,,,,,,,51,-2.7087493,43.20943,138.19028,16.200084723629356,44:37.8,6,0.474,0101000020E61000002385D7B784AB05C0C6319090CE9A4540,20230420_DACIA_BILBAO_EIBAR_051,,d2,33:44.3,05:18.4,DACIA_SPRING,Dacia Spring 33 kW,33000,139,43:19.7,10.5,16.9,300,WNW,16.73447351373535,-38.02570399130646,172.0,151.0,,,79.0,,,,46.0,74.0,98.0,90,16.0
44:43.8,,,90,,98.5,,,,,,,51,-2.7072864,43.208286,138.75801,16.373978029416747,44:43.8,6,-0.059,0101000020E610000054FC4EBA85A805C0CB56D325A99A4540,20230420_DACIA_BILBAO_EIBAR_051,,d2,33:44.3,05:18.4,DACIA_SPRING,Dacia Spring 33 kW,33000,139,43:19.7,10.5,16.9,300,WNW,16.355684344176414,-44.58116696214408,172.0,151.0,,,79.0,,,,46.0,74.0,98.0,25,16.0
44:49.1,,,90,,98.5,,,,,,,51,-2.7062047,43.20722,141.63948,16.521437836813107,44:48.8,6,0.3,0101000020E6100000CA004FAF4EA605C007169314869A4540,20230420_DACIA_BILBAO_EIBAR_051,,d2,33:44.3,05:18.4,DACIA_SPRING,Dacia Spring 33 kW,33000,139,43:19.7,10.5,16.9,300,WNW,16.390518062952115,-44.1044386334469,172.0,151.0,,,79.0,,,,46.0,74.0,98.0,25,16.0
44:54.7,,,90,,98.5,,,,,,,51,-2.704915,43.20597,144.80013,16.69537885132089,44:54.9,6,-0.235,0101000020E6100000C4F3DF7FAAA305C0B46F2C425D9A4540,20230420_DACIA_BILBAO_EIBAR_051,,d2,33:44.3,05:18.4,DACIA_SPRING,Dacia Spring 33 kW,33000,139,43:19.7,10.5,16.9,300,WNW,16.694058229417173,-38.95382310861504,172.0,151.0,,,79.0,,,,46.0,74.0,98.0,25,16.0
45:00.1,,,90,,98.5,,,,,,,51,-2.7037127,43.204998,149.23035,16.8409711284886,44:59.9,6,0.139,0101000020E61000008CAC081734A105C045A0496E3D9A4540,20230420_DACIA_BILBAO_EIBAR_051,,d2,33:44.3,05:18.4,DACIA_SPRING,Dacia Spring 33 kW,33000,139,43:19.7,10.5,16.9,300,WNW,16.881155900333468,-32.705966009252414,172.0,151.0,,,79.0,,,,46.0,74.0,98.0,8,16.0
45:07.1,,,90,,98.5,,,,,,,51,-2.7020495,43.20393,151.91328,17.020644886806313,45:07.2,6,-0.04,0101000020E6100000BB14C127CC9D05C06EDD5B591A9A4540,20230420_DACIA_BILBAO_EIBAR_051,,d2,33:44.3,05:18.4,DACIA_SPRING,Dacia Spring 33 kW,33000,139,46:44.9,6.9,11.2,300,WNW,11.186097515951406,-27.14491030998822,172.0,151.0,,,79.0,,,,46.0,74.0,98.0,40,16.0
45:12.7,,,90,,98.5,,,,,,,51,-2.6998553,43.202805,153.28322,17.238084400851964,45:13.0,6,-0.356,0101000020E6100000CFC535C14D9905C0B3BBF982F5994540,20230420_DACIA_BILBAO_EIBAR_051,,d2,33:44.3,05:18.4,DACIA_SPRING,Dacia Spring 33 kW,33000,139,46:44.9,6.9,11.2,300,WNW,11.111817800238098,-22.805436608276924,172.0,151.0,,,79.0,,,,46.0,74.0,98.0,8,16.0
45:18.1,,,90,,98.5,,,,,,,51,-2.6983118,43.202156,154.06648,17.38251542341368,45:18.0,6,0.124,0101000020E61000009753E18B249605C054748230E0994540,20230420_DACIA_BILBAO_EIBAR_051,,d2,33:44.3,05:18.4,DACIA_SPRING,Dacia Spring 33 kW,33000,139,46:44.9,6.9,11.2,300,WNW,11.127359925718444,-23.47092339173909,172.0,151.0,,,79.0,,,,46.0,74.0,98.0,8,16.0
45:23.7,,,90,,98.5,,,,,,,51,-2.6964924,43.201366,153.15845,17.554170227605287,45:24.1,6,-0.409,0101000020E6100000F6C95EAD6A9205C040E40059C6994540,20230420_DACIA_BILBAO_EIBAR_051,,d2,33:44.3,05:18.4,DACIA_SPRING,Dacia Spring 33 kW,33000,139,46:44.9,6.9,11.2,300,WNW,11.177188614632724,-33.65744824131688,172.0,151.0,,,79.0,,,,46.0,74.0,98.0,8,17.0
45:29.1,,,90,,98.5,,,,,,,51,-2.6949515,43.20034,150.63844,17.723350477922004,45:29.1,6,-0.009,0101000020E610000005E9F1C3428F05C0C4AA69C2A4994540,20230420_DACIA_BILBAO_EIBAR_051,,d2,33:44.3,05:18.4,DACIA_SPRING,Dacia Spring 33 kW,33000,139,46:44.9,6.9,11.2,300,WNW,10.787670532935415,-45.59524760728952,172.0,151.0,,,79.0,,,,46.0,74.0,98.0,8,17.0
45:34.8,,,90,,98.5,,,,,,,51,-2.6937037,43.199066,149.76717,17.89741690845565,45:35.2,6,-0.417,0101000020E6100000A88DA072B48C05C0C54FC3F87A994540,20230420_DACIA_BILBAO_EIBAR_051,,d2,33:44.3,05:18.4,DACIA_SPRING,Dacia Spring 33 kW,33000,139,46:44.9,6.9,11.2,300,WNW,9.817855599930525,-58.76578022929772,172.0,151.0,,,79.0,,,,46.0,74.0,98.0,8,17.0
45:40.2,,,90,,98.5,,,,,,,51,-2.6929784,43.19787,149.35013,18.04282271534501,45:40.2,6,0.0,0101000020E6100000A13AC840388B05C0F8F0DCB253994540,20230420_DACIA_BILBAO_EIBAR_051,,d2,33:44.3,05:18.4,DACIA_SPRING,Dacia Spring 33 kW,33000,139,46:44.9,6.9,11.2,300,WNW,7.989248089305299,-74.49384646892786,172.0,151.0,,,79.0,,,,46.0,74.0,98.0,8,17.0
45:45.9,,,90,,98.5,,,,,,,51,-2.6925492,43.196323,148.57895,18.218326080087685,45:46.3,6,-0.39,0101000020E6100000AD84794A578A05C06A03532021994540,20230420_DACIA_BILBAO_EIBAR_051,,d2,33:44.3,05:18.4,DACIA_SPRING,Dacia Spring 33 kW,33000,139,46:44.9,6.9,11.2,300,WNW,6.371170649441412,-85.3296133232002,172.0,151.0,,,79.0,,,,46.0,74.0,98.0,8,17.0
45:51.3,,,90,,98.5,,,,,,,51,-2.692447,43.195072,149.99777,18.357684642925758,45:51.3,6,-0.015,0101000020E6100000A644959C218A05C0F869362AF8984540,20230420_DACIA_BILBAO_EIBAR_051,,d2,33:44.3,05:18.4,DACIA_SPRING,Dacia Spring 33 kW,33000,139,46:44.9,6.9,11.2,300,WNW,7.705904743263034,-76.52585244792223,172.0,151.0,,,79.0,,,,46.0,74.0,98.0,25,17.0
45:56.8,,,90,,98.5,,,,,,,51,-2.6921463,43.193817,150.9889,18.49935074203672,45:56.4,6,0.4029999999999999,0101000020E61000001AF58FFB838905C035FF77FACE984540,20230420_DACIA_BILBAO_EIBAR_051,,d2,33:44.3,05:18.4,DACIA_SPRING,Dacia Spring 33 kW,33000,139,46:44.9,6.9,11.2,300,WNW,9.49933388017769,-61.988459977402655,172.0,151.0,,,79.0,,,,46.0,74.0,98.0,25,17.0
46:02.2,,,90,,98.5,,,,,,,51,-2.6914191,43.19245,151.14963,18.66238566323317,46:02.4,6,-0.276,0101000020E6100000CCA543CA068805C0B9FD404BA2984540,20230420_DACIA_BILBAO_EIBAR_051,,d2,33:44.3,05:18.4,DACIA_SPRING,Dacia Spring 33 kW,33000,139,46:44.9,6.9,11.2,300,WNW,10.60973551023348,-48.68435045076308,172.0,151.0,,,79.0,,,,46.0,74.0,98.0,8,17.0
46:07.6,,,89,,98.5,,,,,,,51,-2.6904645,43.191364,152.06776000000002,18.80581558911962,46:07.5,6,0.092,0101000020E6100000806C3647128605C04E7CC9AA7E984540,20230420_DACIA_BILBAO_EIBAR_051,,d2,33:44.3,05:18.4,DACIA_SPRING,Dacia Spring 33 kW,33000,139,46:44.9,6.9,11.2,300,WNW,11.120514354777,-36.83014859649933,172.0,151.0,,,79.0,,,,46.0,74.0,98.0,8,17.0
46:13.1,,,89,,98.5,,,,,,,51,-2.6889877,43.190258,150.44228,18.977457448670208,46:13.5,6,-0.4629999999999999,0101000020E6100000A4A2D0F50B8305C00B8ABA565A984540,20230420_DACIA_BILBAO_EIBAR_051,,d2,33:44.3,05:18.4,DACIA_SPRING,Dacia Spring 33 kW,33000,139,46:44.9,6.9,11.2,300,WNW,11.185542551634944,-27.088470652156143,172.0,151.0,,,79.0,,,,46.0,74.0,98.0,8,17.0
46:18.6,,,89,,98.5,,,,,,,51,-2.6874666,43.18948,151.19907,19.128094848008637,46:18.6,6,0.016,0101000020E6100000238A9B8FEE7F05C076A5BAEF40984540,20230420_DACIA_BILBAO_EIBAR_051,,d2,33:44.3,05:18.4,DACIA_SPRING,Dacia Spring 33 kW,33000,139,46:44.9,6.9,11.2,300,WNW,10.97989152431424,-18.62213365570452,172.0,151.0,,,79.0,,,,46.0,74.0,98.0,8,17.0
46:24.2,,,89,,98.5,,,,,,,51,-2.6854486,43.1888,152.38826,19.308330072868316,46:24.6,6,-0.386,0101000020E6100000B3894673CC7B05C0E45C87A12A984540,20230420_DACIA_BILBAO_EIBAR_051,,d2,33:44.3,05:18.4,DACIA_SPRING,Dacia Spring 33 kW,33000,139,46:44.9,6.9,11.2,300,WNW,10.77185267944662,-14.106537161648005,172.0,151.0,,,79.0,,,,46.0,74.0,98.0,8,18.0
46:31.1,,,89,,98.5,,,,,,,51,-2.6833396,43.18827,152.2865,19.48918416804598,46:31.1,6,-0.03,0101000020E6100000CA60E6C57A7705C05696D03219984540,20230420_DACIA_BILBAO_EIBAR_051,,d2,33:44.3,05:18.4,DACIA_SPRING,Dacia Spring 33 kW,33000,139,46:44.9,6.9,11.2,300,WNW,10.547805509970171,-10.350680136165083,172.0,151.0,,,79.0,,,,46.0,74.0,98.0,8,18.0
46:38.0,,,89,,98.5,,,,,,,51,-2.6808758,43.18782,154.0547,19.695112583232877,46:37.7,6,0.27,0101000020E6100000C14B4EF26E7205C096C5B9850A984540,20230420_DACIA_BILBAO_EIBAR_051,,d2,33:44.3,05:18.4,DACIA_SPRING,Dacia Spring 33 kW,33000,139,46:44.9,6.9,11.2,300,WNW,10.260133694936435,-6.360050824332494,172.0,151.0,,,79.0,,,,46.0,74.0,98.0,8,18.0
46:43.5,,,89,,98.5,,,,,,,51,-2.6787226000000004,43.18758,156.16435,19.871721679399176,46:43.8,6,-0.22,0101000020E61000003EDD7E2B066E05C00EA4909702984540,20230420_DACIA_BILBAO_EIBAR_051,,d2,33:44.3,05:18.4,DACIA_SPRING,Dacia Spring 33 kW,33000,139,46:44.9,6.9,11.2,300,WNW,10.179121225712922,-5.346925725918126,172.0,151.0,,,79.0,,,,46.0,74.0,98.0,8,18.0
46:49.0,,,88,,98.5,,,,,,,51,-2.6769276,43.187412,156.36928,20.018444131864026,46:48.8,6,0.2289999999999999,0101000020E6100000845A2FFF586A05C06BB5542EFD974540,20230420_DACIA_BILBAO_EIBAR_051,,d2,33:44.3,05:18.4,DACIA_SPRING,Dacia Spring 33 kW,33000,139,46:44.9,6.9,11.2,300,WNW,10.008520261027682,-3.331449081165388,172.0,151.0,,,79.0,,,,46.0,74.0,98.0,85,18.0
46:54.6,,,88,,98.5,,,,,,,51,-2.6747115000000004,43.187283,155.35379,20.198687698514117,46:54.8,6,-0.241,0101000020E6100000AB05E718CF6505C024A873D8F8974540,20230420_DACIA_BILBAO_EIBAR_051,,d2,33:44.3,05:18.4,DACIA_SPRING,Dacia Spring 33 kW,33000,139,46:44.9,6.9,11.2,300,WNW,10.197235621964532,-5.570032034881968,172.0,151.0,,,79.0,,,,46.0,74.0,98.0,85,18.0
47:00.1,,,88,,98.5,,,,,,,51,-2.672794,43.187096,154.34981000000002,20.35553595207851,46:59.9,6,0.2019999999999999,0101000020E61000004F20EDE3E16105C046A835C5F2974540,20230420_DACIA_BILBAO_EIBAR_051,,d2,33:44.3,05:18.4,DACIA_SPRING,Dacia Spring 33 kW,33000,139,46:44.9,6.9,11.2,300,WNW,10.188025207273482,-5.4563540394168815,172.0,151.0,,,79.0,,,,46.0,74.0,98.0,8,19.0
47:05.7,,,88,,98.5,,,,,,,51,-2.6705327000000003,43.18688,154.21611,20.540437241718216,47:05.9,6,-0.191,0101000020E6100000045C953C405D05C00584EAA2EB974540,20230420_DACIA_BILBAO_EIBAR_051,,d2,33:44.3,05:18.4,DACIA_SPRING,Dacia Spring 33 kW,33000,139,46:44.9,6.9,11.2,300,WNW,10.34775205306345,-7.504027958533088,172.0,151.0,,,79.0,,,,46.0,74.0,98.0,8,19.0
47:11.2,,,88,,98.5,,,,,,,51,-2.6688094,43.186653,154.0995,20.68241590280144,47:10.9,6,0.22,0101000020E6100000BA2232B5B85905C0A61CBA48E4974540,20230420_DACIA_BILBAO_EIBAR_051,,d2,33:44.3,05:18.4,DACIA_SPRING,Dacia Spring 33 kW,33000,139,46:44.9,6.9,11.2,300,WNW,10.44828970705402,-8.88877830344364,172.0,151.0,,,79.0,,,,46.0,74.0,98.0,8,19.0
47:16.7,,,88,,98.5,,,,,,,51,-2.666872,43.18635,149.96175,20.843117707245884,47:17.0,6,-0.301,0101000020E6100000D71CBEF4C05505C0C8FDCC63DA974540,20230420_DACIA_BILBAO_EIBAR_051,,d2,33:44.3,05:18.4,DACIA_SPRING,Dacia Spring 33 kW,33000,139,46:44.9,6.9,11.2,300,WNW,10.530601115502652,-10.09059513607726,172.0,151.0,,,79.0,,,,46.0,74.0,98.0,8,19.0
47:22.1,,,88,,98.5,,,,,,,51,-2.6652424,43.18606,148.16232,20.97912920348251,47:22.0,6,0.099,0101000020E61000001A07ADAF6A5205C0A8F243DFD0974540,20230420_DACIA_BILBAO_EIBAR_051,,d2,33:44.3,05:18.4,DACIA_SPRING,Dacia Spring 33 kW,33000,139,46:44.9,6.9,11.2,300,WNW,10.64171002778342,-11.833164489950608,172.0,151.0,,,79.0,,,,46.0,74.0,98.0,8,19.0
47:27.6,,,88,,98.5,,,,,,,51,-2.6632855,43.18565,151.73018000000002,21.144246319707406,47:28.0,6,-0.43,0101000020E6100000ADDFB095684E05C0A7EB2C60C3974540,20230420_DACIA_BILBAO_EIBAR_051,,d2,33:44.3,05:18.4,DACIA_SPRING,Dacia Spring 33 kW,33000,139,46:44.9,6.9,11.2,300,WNW,10.726440867288105,-13.27916473162777,172.0,151.0,,,79.0,,,,46.0,74.0,98.0,25,19.0
47:33.0,,,88,,98.5,,,,,,,51,-2.661633,43.18526,156.88779,21.285163865721078,47:33.1,6,-0.05,0101000020E6100000F0DB924C064B05C0102BD191B6974540,20230420_DACIA_BILBAO_EIBAR_051,,d2,33:44.3,05:18.4,DACIA_SPRING,Dacia Spring 33 kW,33000,139,48:19.7,6.9,11.2,300,WNW,10.82450447785015,-15.121748762065524,172.0,151.0,,,79.0,,,,46.0,74.0,98.0,8,19.0
47:38.5,,,88,,98.5,,,,,,,51,-2.6597161,43.184742,160.34067,21.450947376898032,47:38.1,6,0.409,0101000020E6100000CED7C54C194705C04E1ABEA3A5974540,20230420_DACIA_BILBAO_EIBAR_051,,d2,33:44.3,05:18.4,DACIA_SPRING,Dacia Spring 33 kW,33000,139,48:19.7,6.9,11.2,300,WNW,10.90619215486926,-16.84731829136296,228.0,56.0,,,,52.0,174.0,2.0,0.0,204.0,24.0,40,19.0
47:44.0,,,88,,98.5,,,,,,,51,-2.6578503,43.184177000000005,164.0569,21.614792359650732,47:44.2,6,-0.2289999999999999,0101000020E610000080DD42FB464305C0C52FED1E93974540,20230420_DACIA_BILBAO_EIBAR_051,,d2,33:44.3,05:18.4,DACIA_SPRING,Dacia Spring 33 kW,33000,139,48:19.7,6.9,11.2,300,WNW,10.97604836929555,-18.52290255749053,228.0,56.0,,,,52.0,174.0,2.0,0.0,204.0,24.0,45,18.0
47:49.5,,,88,,98.5,,,,,,,51,-2.6563072,43.18366,168.78513,21.752561930878556,47:49.3,6,0.265,0101000020E610000099DD2AF71D4005C01BBD141782974540,20230420_DACIA_BILBAO_EIBAR_051,,d2,33:44.3,05:18.4,DACIA_SPRING,Dacia Spring 33 kW,33000,139,48:19.7,6.9,11.2,300,WNW,11.040952774892796,-20.332660982220983,228.0,56.0,,,,52.0,174.0,2.0,0.0,204.0,24.0,90,18.0
47:55.0,,,88,,98.5,,,,,,,51,-2.654348,43.182934,173.15549,21.930802905215216,47:55.3,6,-0.361,0101000020E610000081FD40CB1A3C05C02AC0BD5E6A974540,20230420_DACIA_BILBAO_EIBAR_051,,d2,33:44.3,05:18.4,DACIA_SPRING,Dacia Spring 33 kW,33000,139,48:19.7,6.9,11.2,300,WNW,11.077104061111443,-21.5043755355891,228.0,56.0,,,,52.0,174.0,2.0,0.0,204.0,24.0,90,18.0
48:00.5,,,88,,98.5,,,,,,,51,-2.6528150000000004,43.18233,174.19984,22.072087921375324,48:00.3,6,0.157,0101000020E610000010758713F73805C09C92EA9656974540,20230420_DACIA_BILBAO_EIBAR_051,,d2,33:44.3,05:18.4,DACIA_SPRING,Dacia Spring 33 kW,33000,139,48:19.7,6.9,11.2,300,WNW,11.005338336622604,-19.30206710387219,228.0,56.0,,,,52.0,174.0,2.0,0.0,204.0,24.0,45,18.0
48:06.8,,,88,,98.5,,,,,,,51,-2.6510105,43.181698,174.2143,22.23440144379309,48:07.0,6,-0.18,0101000020E61000006DE59609453505C09B2969DB41974540,20230420_DACIA_BILBAO_EIBAR_051,,d2,33:44.3,05:18.4,DACIA_SPRING,Dacia Spring 33 kW,33000,139,48:19.7,6.9,11.2,300,WNW,10.926806785405478,-17.319092558942,228.0,56.0,,,,52.0,174.0,2.0,0.0,204.0,24.0,90,18.0
48:12.2,,,88,,98.5,,,,,,,51,-2.649189,43.18113,174.17488,22.395030762288684,48:12.4,6,-0.2,0101000020E610000010D4E8F8893105C046F2954A2F974540,20230420_DACIA_BILBAO_EIBAR_051,,d2,33:44.3,05:18.4,DACIA_SPRING,Dacia Spring 33 kW,33000,139,48:19.7,6.9,11.2,300,WNW,10.83165664907305,-15.264918995707903,228.0,56.0,,,,52.0,174.0,2.0,0.0,204.0,24.0,25,18.0
48:17.7,,,88,,98.5,,,,,,,51,-2.647705,43.180725,174.31316,22.52350910523502,48:17.5,6,0.22,0101000020E6100000C61F890B802E05C048EDBBFB21974540,20230420_DACIA_BILBAO_EIBAR_051,,d2,33:44.3,05:18.4,DACIA_SPRING,Dacia Spring 33 kW,33000,139,48:19.7,6.9,11.2,300,WNW,10.697959360415474,-12.779973011034294,228.0,56.0,,,,52.0,174.0,2.0,0.0,204.0,24.0,120,18.0
48:23.1,,,88,,98.5,,,,,,,51,-2.6460738,43.180355,174.96716,22.662025146238797,48:23.5,6,-0.437,0101000020E6100000ACCD0CBD282B05C087C35EEC15974540,20230420_DACIA_BILBAO_EIBAR_051,,d2,33:44.3,05:18.4,DACIA_SPRING,Dacia Spring 33 kW,33000,139,48:19.7,6.9,11.2,300,WNW,10.556606466380051,-10.485013794400992,228.0,56.0,,,,52.0,174.0,2.0,0.0,204.0,24.0,120,18.0
48:28.6,,,88,,98.5,,,,,,,51,-2.644804,43.18012,175.36868,22.76825038562092,48:28.5,6,0.061,0101000020E6100000C95AB3FB8E2805C0C18C38120E974540,20230420_DACIA_BILBAO_EIBAR_051,,d2,33:44.3,05:18.4,DACIA_SPRING,Dacia Spring 33 kW,33000,139,48:19.7,6.9,11.2,300,WNW,10.608444697991285,-11.2950476923132,228.0,56.0,,,,52.0,174.0,2.0,0.0,204.0,24.0,8,17.0
48:34.1,,,88,,98.5,,,,,,,51,-2.6437676,43.179913,175.98892,22.855383436046893,48:34.1,6,0.06,0101000020E610000069E4A9AC6F2605C0A3EE905B07974540,20230420_DACIA_BILBAO_EIBAR_051,,d2,33:44.3,05:18.4,DACIA_SPRING,Dacia Spring 33 kW,33000,139,48:19.7,6.9,11.2,300,WNW,10.615528805159364,-11.408383859787792,228.0,56.0,,,,52.0,174.0,2.0,0.0,204.0,24.0,45,17.0
48:40.2,,,88,,98.5,,,,,,,51,-2.6430292,43.179764,176.41179,22.917507674355306,48:40.6,6,-0.46,0101000020E6100000EBC90770EC2405C0C61C2E7102974540,20230420_DACIA_BILBAO_EIBAR_051,,d2,33:44.3,05:18.4,DACIA_SPRING,Dacia Spring 33 kW,33000,139,48:19.7,6.9,11.2,300,WNW,10.3646064032059,-7.730455331134574,228.0,56.0,,,,52.0,174.0,2.0,0.0,204.0,24.0,120,17.0
48:48.2,,,88,,98.5,,,,,,,51,-2.6429408,43.179752,176.41843,22.92479868677627,48:48.1,6,0.059,0101000020E61000008C0DDD1EBE2405C0BF2E362302974540,20230420_DACIA_BILBAO_EIBAR_051,,d2,33:44.3,05:18.4,DACIA_SPRING,Dacia Spring 33 kW,33000,139,48:19.7,6.9,11.2,300,WNW,7.856316229288722,15.455999068003074,228.0,56.0,,,,52.0,174.0,2.0,0.0,204.0,24.0,90,17.0
48:53.6,,,88,,98.5,,,,,,,51,-2.6428974,43.179764,177.42566000000002,22.928694685716586,48:53.7,6,-0.119,0101000020E61000009AA48B5FA72405C057C29C8A02974540,20230420_DACIA_BILBAO_EIBAR_051,,d2,33:44.3,05:18.4,DACIA_SPRING,Dacia Spring 33 kW,33000,139,48:19.7,6.9,11.2,300,WNW,10.245630154911437,-6.175695849450959,228.0,56.0,,,,52.0,174.0,2.0,0.0,204.0,24.0,90,17.0
48:59.1,,,88,,98.5,,,,,,,51,-2.6427865,43.179752,178.69615,22.937873767579944,48:58.8,6,0.353,0101000020E61000001E9EF04B6D2405C06EEA022202974540,20230420_DACIA_BILBAO_EIBAR_051,,d2,33:44.3,05:18.4,DACIA_SPRING,Dacia Spring 33 kW,33000,139,48:19.7,6.9,11.2,300,WNW,-7.242855942680633,-160.2920211597541,228.0,56.0,,,,52.0,174.0,2.0,0.0,204.0,24.0,90,17.0
49:05.2,,,88,,98.5,,,,,,,51,-2.64282,43.17974,178.99678,22.94091503292188,49:05.5,6,-0.31,0101000020E6100000A75C3DBE7E2405C0BA1CC0CB01974540,20230420_DACIA_BILBAO_EIBAR_051,,d2,33:44.3,05:18.4,DACIA_SPRING,Dacia Spring 33 kW,33000,139,48:19.7,6.9,11.2,300,WNW,9.69948452238571,0.0,228.0,56.0,,,,52.0,174.0,2.0,0.0,204.0,24.0,90,17.0
49:10.7,,,88,,98.5,,,,,,,51,-2.64282,43.17974,178.99678,22.94091503292188,49:10.9,6,-0.128,0101000020E6100000A75C3DBE7E2405C0BA1CC0CB01974540,20230420_DACIA_BILBAO_EIBAR_051,,d2,33:44.3,05:18.4,DACIA_SPRING,Dacia Spring 33 kW,33000,139,48:19.7,6.9,11.2,300,WNW,4.829791869325439,34.45426563608488,228.0,56.0,,,,52.0,174.0,2.0,0.0,204.0,24.0,90,17.0
49:16.2,,,88,,98.5,,,,,,,51,-2.6427617000000003,43.17978,177.76036000000002,22.947522475733795,49:15.9,6,0.35,0101000020E6100000F6782535602405C0175DCBF302974540,20230420_DACIA_BILBAO_EIBAR_051,,d2,33:44.3,05:18.4,DACIA_SPRING,Dacia Spring 33 kW,33000,139,48:19.7,6.9,11.2,300,WNW,10.9314960433062,-17.42883765440267,228.0,56.0,,,,52.0,174.0,2.0,0.0,204.0,24.0,120,17.0
49:21.7,,,88,,98.5,,,,,,,51,-2.6423476000000004,43.17965,175.31566,22.984160653597325,49:21.9,6,-0.19,0101000020E61000003EECF327872305C075BDF4B2FE964540,20230420_DACIA_BILBAO_EIBAR_051,,d2,33:44.3,05:18.4,DACIA_SPRING,Dacia Spring 33 kW,33000,139,48:19.7,6.9,11.2,300,WNW,10.486380719472598,-9.436582866057323,228.0,56.0,,,,52.0,174.0,2.0,0.0,204.0,24.0,90,17.0
49:27.2,,,88,,98.5,,,,,,,51,-2.6416256,43.17953,173.94693,23.044220808876936,49:26.9,6,0.268,0101000020E610000077C182910C2205C05A9124EAFA964540,20230420_DACIA_BILBAO_EIBAR_051,,d2,33:44.3,05:18.4,DACIA_SPRING,Dacia Spring 33 kW,33000,139,48:19.7,6.9,11.2,300,WNW,10.40764654518799,-8.318848433420307,228.0,56.0,,,,52.0,174.0,2.0,0.0,204.0,24.0,45,17.0
49:32.7,,,88,,98.5,,,,,,,51,-2.6402578,43.17933,172.2547,23.157349120668023,49:33.0,6,-0.296,0101000020E6100000447F47723F1F05C0C0922248F4964540,20230420_DACIA_BILBAO_EIBAR_051,,d2,33:44.3,05:18.4,DACIA_SPRING,Dacia Spring 33 kW,33000,139,48:19.7,6.9,11.2,300,WNW,10.246178158693578,-6.182637104627651,228.0,56.0,,,,52.0,174.0,2.0,0.0,204.0,24.0,8,17.0
49:38.2,,,88,,98.5,,,,,,,51,-2.6388085,43.179173,172.52581999999998,23.27615579423114,49:38.0,6,0.176,0101000020E610000065DEA19F471C05C01365E327EF964540,20230420_DACIA_BILBAO_EIBAR_051,,d2,33:44.3,05:18.4,DACIA_SPRING,Dacia Spring 33 kW,33000,139,48:19.7,6.9,11.2,300,WNW,10.014002264409186,-3.394000297045955,228.0,56.0,,,,52.0,174.0,2.0,0.0,204.0,24.0,120,17.0
49:43.6,,,88,,98.5,,,,,,,51,-2.6368694,43.179058000000005,172.65437,23.433907585214534,49:44.1,6,-0.447,0101000020E610000098CB220F4F1805C05EF88D5FEB964540,20230420_DACIA_BILBAO_EIBAR_051,,d2,33:44.3,05:18.4,DACIA_SPRING,Dacia Spring 33 kW,33000,139,48:19.7,6.9,11.2,300,WNW,10.022046166790734,-3.486031112709816,228.0,56.0,,,,52.0,174.0,2.0,0.0,204.0,24.0,90,17.0
49:49.1,,,87,,98.5,,,,,,,51,-2.6351786,43.178955,172.35072,23.571484834723652,49:49.1,6,0.02,0101000020E6100000B970E574D81405C0B61FC800E8964540,20230420_DACIA_BILBAO_EIBAR_051,,d2,33:44.3,05:18.4,DACIA_SPRING,Dacia Spring 33 kW,33000,139,48:19.7,6.9,11.2,300,WNW,9.81243769051388,-1.176677570269401,228.0,56.0,,,,52.0,174.0,2.0,0.0,204.0,24.0,25,17.0
49:55.4,,,87,,98.5,,,,,,,51,-2.6327443,43.178905,172.02168,23.76895006785402,49:55.4,6,-0.002,0101000020E61000003110A433DC0F05C01916E162E6964540,20230420_DACIA_BILBAO_EIBAR_051,,d2,33:44.3,05:18.4,DACIA_SPRING,Dacia Spring 33 kW,33000,139,48:19.7,6.9,11.2,300,WNW,9.888614171313897,-1.9956539541196805,228.0,56.0,,,,52.0,174.0,2.0,0.0,204.0,24.0,120,16.0
50:00.9,,,87,,98.5,,,,,,,51,-2.6305919,43.17883,170.78749,23.9436823843037,50:01.2,6,-0.307,0101000020E6100000E06E3EBD730B05C00BCA0BD9E3964540,20230420_DACIA_BILBAO_EIBAR_051,,d2,33:44.3,05:18.4,DACIA_SPRING,Dacia Spring 33 kW,33000,139,48:19.7,6.9,11.2,300,WNW,9.931405588645458,-2.46550075731312,228.0,56.0,,,,52.0,174.0,2.0,0.0,204.0,24.0,8,16.0
50:06.4,,,87,,98.5,,,,,,,51,-2.6288965,43.178757,170.98987,24.081394802157796,50:06.3,6,0.106,0101000020E6100000553B85D9FA0705C0CCF98A75E1964540,20230420_DACIA_BILBAO_EIBAR_051,,d2,33:44.3,05:18.4,DACIA_SPRING,Dacia Spring 33 kW,33000,139,51:45.0,6.9,11.2,300,WNW,10.096854585212787,-4.356586655600882,228.0,56.0,,,,52.0,174.0,2.0,0.0,204.0,24.0,8,16.0
50:11.8,,,87,,98.5,,,,,,,51,-2.6269407000000005,43.178608,173.45795,24.24086486269221,50:12.3,6,-0.51,0101000020E61000005A7BB773F90305C09BF8B49CDC964540,20230420_DACIA_BILBAO_EIBAR_051,,d2,33:44.3,05:18.4,DACIA_SPRING,Dacia Spring 33 kW,33000,139,51:45.0,6.9,11.2,300,WNW,10.271968776863238,-6.511497036164102,228.0,56.0,,,,52.0,174.0,2.0,0.0,204.0,24.0,8,16.0
50:18.1,,,87,,98.5,,,,,,,51,-2.6252673,43.178417,175.0115,24.37821527332536,50:18.0,6,0.0559999999999999,0101000020E61000003BFCCC1E8C0005C06CC7A867D6964540,20230420_DACIA_BILBAO_EIBAR_051,,d2,33:44.3,05:18.4,DACIA_SPRING,Dacia Spring 33 kW,33000,139,51:45.0,6.9,11.2,300,WNW,10.849377474659065,-15.625654750532789,228.0,56.0,,,,52.0,174.0,2.0,0.0,204.0,24.0,8,16.0
50:23.7,,,86,,98.5,,,,,,,51,-2.623333,43.177876,181.85216,24.546340899362626,50:23.4,6,0.259,0101000020E61000000B78340396FC04C0F52F0799C4964540,20230420_DACIA_BILBAO_EIBAR_051,,d2,33:44.3,05:18.4,DACIA_SPRING,Dacia Spring 33 kW,33000,139,51:45.0,6.9,11.2,300,WNW,11.105260187812576,-22.542358665123675,228.0,56.0,,,,52.0,174.0,2.0,0.0,204.0,24.0,25,16.0
50:29.4,,,86,,98.5,,,,,,,51,-2.6214948,43.177113,184.14146,24.717865733313403,50:29.4,6,-0.0279999999999999,0101000020E6100000C3A9F845D2F804C05D087392AB964540,20230420_DACIA_BILBAO_EIBAR_051,,d2,33:44.3,05:18.4,DACIA_SPRING,Dacia Spring 33 kW,33000,139,51:45.0,6.9,11.2,300,WNW,11.137814688058729,-23.959489057916507,228.0,56.0,,,,52.0,174.0,2.0,0.0,204.0,24.0,8,16.0
50:34.8,,,86,,98.5,,,,,,,51,-2.6200771,43.176483000000005,186.98756,24.852517442984873,50:34.5,6,0.366,0101000020E61000007F8D35F3EAF504C02CB3DD0697964540,20230420_DACIA_BILBAO_EIBAR_051,,d2,33:44.3,05:18.4,DACIA_SPRING,Dacia Spring 33 kW,33000,139,51:45.0,6.9,11.2,300,WNW,11.184761581543327,-27.01084923913374,228.0,56.0,,,,52.0,174.0,2.0,0.0,204.0,24.0,8,15.0
50:40.3,,,86,,98.5,,,,,,,51,-2.6184077,43.175632,190.9715,25.017730445842087,50:40.5,6,-0.14,0101000020E61000008A8561C37FF204C00B13572B7B964540,20230420_DACIA_BILBAO_EIBAR_051,,d2,33:44.3,05:18.4,DACIA_SPRING,Dacia Spring 33 kW,33000,139,51:45.0,6.9,11.2,300,WNW,11.199832994860026,-30.31289172490823,228.0,56.0,,,,52.0,174.0,2.0,0.0,204.0,24.0,25,15.0
50:45.7,,,86,,98.5,,,,,,,51,-2.617077,43.174854,196.35716,25.15613879974725,50:45.5,6,0.207,0101000020E6100000F61FF61DC6EF04C04D66A2AD61964540,20230420_DACIA_BILBAO_EIBAR_051,,d2,33:44.3,05:18.4,DACIA_SPRING,Dacia Spring 33 kW,33000,139,51:45.0,6.9,11.2,300,WNW,11.194500778370031,-31.79554792739321,228.0,56.0,,,,52.0,174.0,2.0,0.0,204.0,24.0,25,15.0
50:51.2,,,86,,98.5,,,,,,,51,-2.6155026,43.173878,197.33421,25.32370583497599,50:51.6,6,-0.374,0101000020E61000006FC0769A8CEC04C005D25E9741964540,20230420_DACIA_BILBAO_EIBAR_051,,d2,33:44.3,05:18.4,DACIA_SPRING,Dacia Spring 33 kW,33000,139,51:45.0,6.9,11.2,300,WNW,11.113939440384232,-22.89262571168343,228.0,56.0,,,,52.0,174.0,2.0,0.0,204.0,24.0,8,15.0
50:56.6,,,86,,98.5,,,,,,,51,-2.6139917,43.17324,199.13455,25.46529661030957,50:56.6,6,-0.02,0101000020E6100000B22C097C74E904C026B6A6B22C964540,20230420_DACIA_BILBAO_EIBAR_051,,d2,33:44.3,05:18.4,DACIA_SPRING,Dacia Spring 33 kW,33000,139,51:45.0,6.9,11.2,300,WNW,10.856893256787467,-15.781354508903688,228.0,56.0,,,,52.0,174.0,2.0,0.0,204.0,24.0,85,15.0
51:02.1,,,86,,98.5,,,,,,,51,-2.6122650000000003,43.172752,200.4305,25.615472898936403,51:01.6,6,0.44,0101000020E6100000C2E51932EBE504C03E6664B11C964540,20230420_DACIA_BILBAO_EIBAR_051,,d2,33:44.3,05:18.4,DACIA_SPRING,Dacia Spring 33 kW,33000,139,51:45.0,6.9,11.2,300,WNW,11.06852780172855,-21.21237871433271,228.0,56.0,,,,52.0,174.0,2.0,0.0,204.0,24.0,120,15.0
51:07.6,,,86,,98.5,,,,,,,51,-2.610379,43.17202,203.37556,25.78875181654186,51:07.7,6,-0.11,0101000020E6100000D383B1580EE204C0E8B1B4CB04964540,20230420_DACIA_BILBAO_EIBAR_051,,d2,33:44.3,05:18.4,DACIA_SPRING,Dacia Spring 33 kW,33000,139,51:45.0,6.9,11.2,300,WNW,11.196007380217722,-31.529926257994,228.0,56.0,,,,52.0,174.0,2.0,0.0,204.0,24.0,120,15.0
51:13.1,,,86,,98.5,,,,,,,51,-2.609018,43.171185,204.2933,25.932985136193825,51:12.7,6,0.35,0101000020E6100000249AE6E544DF04C01E3B676EE9954540,20230420_DACIA_BILBAO_EIBAR_051,,d2,33:44.3,05:18.4,DACIA_SPRING,Dacia Spring 33 kW,33000,139,51:45.0,6.9,11.2,300,WNW,11.140047568295271,-35.9309728853351,228.0,56.0,,,,52.0,174.0,2.0,0.0,204.0,24.0,8,15.0
51:18.6,,,86,,98.5,,,,,,,51,-2.6074752999999995,43.170067,202.56952,26.10936363335804,51:18.8,6,-0.178,0101000020E6100000429E1D091CDC04C0EF893FC0C4954540,20230420_DACIA_BILBAO_EIBAR_051,,d2,33:44.3,05:18.4,DACIA_SPRING,Dacia Spring 33 kW,33000,139,51:45.0,6.9,11.2,300,WNW,11.194483749213376,-28.20167390318548,228.0,56.0,,,,52.0,174.0,2.0,0.0,204.0,24.0,8,15.0
51:24.1,,,86,,98.5,,,,,,,51,-2.6060636,43.16931,203.08173,26.251464414360136,51:23.9,6,0.177,0101000020E6100000042EC7E137D904C0E4AC3B01AC954540,20230420_DACIA_BILBAO_EIBAR_051,,d2,33:44.3,05:18.4,DACIA_SPRING,Dacia Spring 33 kW,33000,139,51:45.0,6.9,11.2,300,WNW,10.983739988427995,-18.722365109556343,228.0,56.0,,,,52.0,174.0,2.0,0.0,204.0,24.0,45,14.0
51:29.5,,,86,,98.5,,,,,,,51,-2.6040277,43.16862,204.87405,26.433538244985392,51:29.8,6,-0.288,0101000020E610000037BE848C0CD504C0ADE7696595954540,20230420_DACIA_BILBAO_EIBAR_051,,d2,33:44.3,05:18.4,DACIA_SPRING,Dacia Spring 33 kW,33000,139,51:45.0,6.9,11.2,300,WNW,10.7012639198487,-12.83716892139796,228.0,56.0,,,,52.0,174.0,2.0,0.0,204.0,24.0,45,14.0
51:35.1,,,86,,98.5,,,,,,,51,-2.6022592,43.168217,204.86076,26.583800289585763,51:34.9,6,0.1889999999999999,0101000020E61000007772763D6DD104C0A09B811E88954540,20230420_DACIA_BILBAO_EIBAR_051,,d2,33:44.3,05:18.4,DACIA_SPRING,Dacia Spring 33 kW,33000,139,51:45.0,6.9,11.2,300,WNW,10.393470491448369,-8.123389141358969,228.0,56.0,,,,52.0,174.0,2.0,0.0,204.0,24.0,120,14.0
51:40.5,,,86,,98.5,,,,,,,51,-2.6001084,43.16791,203.99495,26.761541331726768,51:40.9,6,-0.369,0101000020E61000008E79B39705CD04C0DA2BF72D7E954540,20230420_DACIA_BILBAO_EIBAR_051,,d2,33:44.3,05:18.4,DACIA_SPRING,Dacia Spring 33 kW,33000,139,51:45.0,6.9,11.2,300,WNW,10.11923124284372,-4.622382876815159,228.0,56.0,,,,52.0,174.0,2.0,0.0,204.0,24.0,90,14.0
51:45.9,,,86,,98.5,,,,,,,51,-2.5981913,43.167755,203.6363,26.917971570142935,51:45.9,6,0.005,0101000020E6100000260A357E18C904C07F8E0C0979954540,20230420_DACIA_BILBAO_EIBAR_051,,d2,33:44.3,05:18.4,DACIA_SPRING,Dacia Spring 33 kW,33000,139,51:45.0,6.9,11.2,300,WNW,9.675226540805054,0.247269455941511,228.0,56.0,,,,52.0,174.0,2.0,0.0,204.0,24.0,45,14.0
51:51.4,,,86,,98.5,,,,,,,51,-2.5963376,43.167763,202.78581,27.06831247987222,51:50.9,6,0.49,0101000020E6100000DB9C5FA94CC504C01CD2223579954540,20230420_DACIA_BILBAO_EIBAR_051,,d2,33:44.3,05:18.4,DACIA_SPRING,Dacia Spring 33 kW,33000,139,51:45.0,6.9,11.2,300,WNW,9.256180603241695,4.264764118392868,228.0,56.0,,,,52.0,174.0,2.0,0.0,204.0,24.0,45,14.0
51:56.9,,,86,,98.5,,,,,,,51,-2.5942993,43.167915,201.34305,27.23448733748608,51:57.0,6,-0.12,0101000020E6100000A97380F31FC104C0543192427E954540,20230420_DACIA_BILBAO_EIBAR_051,,d2,33:44.3,05:18.4,DACIA_SPRING,Dacia Spring 33 kW,33000,139,51:45.0,6.9,11.2,300,WNW,8.810922157961201,8.122794529638272,228.0,56.0,,,,52.0,174.0,2.0,0.0,204.0,24.0,8,14.0
52:02.4,,,86,,98.5,,,,,,,51,-2.5926528,43.16815,201.86517,27.37055236008234,52:02.0,6,0.34,0101000020E6100000710CC0C2C0BD04C0D8CCE00986954540,20230420_DACIA_BILBAO_EIBAR_051,,d2,33:44.3,05:18.4,DACIA_SPRING,Dacia Spring 33 kW,33000,139,51:45.0,6.9,11.2,300,WNW,8.392770406938881,11.465506357464845,228.0,56.0,,,,52.0,174.0,2.0,0.0,204.0,24.0,85,13.0
52:07.8,,,86,,98.5,,,,,,,51,-2.5906708,43.168552000000005,201.36563,27.537392279172366,52:08.0,6,-0.259,0101000020E6100000609D539AB1B904C008FF6F1393954540,20230420_DACIA_BILBAO_EIBAR_051,,d2,33:44.3,05:18.4,DACIA_SPRING,Dacia Spring 33 kW,33000,139,51:45.0,6.9,11.2,300,WNW,8.422063122617892,11.238692075702671,228.0,56.0,,,,52.0,174.0,2.0,0.0,204.0,24.0,45,13.0
52:13.3,,,86,,98.5,,,,,,,51,-2.589,43.168884000000006,201.44525,27.6778316936746,52:13.1,6,0.201,0101000020E61000001046189245B604C04951310C9E954540,20230420_DACIA_BILBAO_EIBAR_051,,d2,33:44.3,05:18.4,DACIA_SPRING,Dacia Spring 33 kW,33000,139,51:45.0,6.9,11.2,300,WNW,8.867045260919507,7.655291809521654,228.0,56.0,,,,52.0,174.0,2.0,0.0,204.0,24.0,120,13.0
52:18.8,,,86,,98.5,,,,,,,51,-2.5865746,43.16921,202.36507,27.87784300160032,52:19.1,6,-0.36,0101000020E61000007F8ADAFB4DB104C070B4B4A8A8954540,20230420_DACIA_BILBAO_EIBAR_051,,d2,33:44.3,05:18.4,DACIA_SPRING,Dacia Spring 33 kW,33000,139,51:45.0,6.9,11.2,300,WNW,9.74231601024351,-0.441171837660489,228.0,56.0,,,,52.0,174.0,2.0,0.0,204.0,24.0,8,13.0
52:24.3,,,86,,98.5,,,,,,,51,-2.5848863,43.169197,203.10074,28.014771231022266,52:24.2,6,0.07,0101000020E6100000D63E8CECD8AD04C0DC483146A8954540,20230420_DACIA_BILBAO_EIBAR_051,,d2,33:44.3,05:18.4,DACIA_SPRING,Dacia Spring 33 kW,33000,139,51:45.0,6.9,11.2,300,WNW,10.540042661412617,-10.232919646996216,228.0,56.0,,,,52.0,174.0,2.0,0.0,204.0,24.0,25,13.0
52:29.8,,,85,,98.5,,,,,,,51,-2.582881,43.168835,204.48976,28.182311833770267,52:30.3,6,-0.469,0101000020E6100000179F787ABDA904C06E24EE519C954540,20230420_DACIA_BILBAO_EIBAR_051,,d2,33:44.3,05:18.4,DACIA_SPRING,Dacia Spring 33 kW,33000,139,51:45.0,6.9,11.2,300,WNW,10.85258185450996,-15.691835007132015,228.0,56.0,,,,52.0,174.0,2.0,0.0,204.0,24.0,25,13.0
52:35.3,,,85,,98.5,,,,,,,51,-2.5812614,43.16838,204.42151,28.323067430532888,52:35.3,6,-0.001,0101000020E6100000901153606CA604C0755B178F8D954540,20230420_DACIA_BILBAO_EIBAR_051,,d2,33:44.3,05:18.4,DACIA_SPRING,Dacia Spring 33 kW,33000,139,53:19.6,6.9,11.2,300,WNW,10.817884992471829,-14.990431289376836,228.0,56.0,,,,52.0,174.0,2.0,0.0,204.0,24.0,8,13.0
52:40.8,,,85,,98.5,,,,,,,51,-2.5796182,43.16794,205.20886,28.46503035808081,52:40.4,6,0.452,0101000020E6100000FA701BE70EA304C061C2C2027F954540,20230420_DACIA_BILBAO_EIBAR_051,,d2,33:44.3,05:18.4,DACIA_SPRING,Dacia Spring 33 kW,33000,139,53:19.6,6.9,11.2,300,WNW,10.570595995746334,-10.700392185066391,228.0,56.0,,,,52.0,174.0,2.0,0.0,204.0,24.0,25,12.0
52:46.3,,,85,,98.5,,,,,,,51,-2.5775278,43.167545,205.5491,28.640160278213777,52:46.4,6,-0.088,0101000020E61000007508CAE2C69E04C034CD372E72954540,20230420_DACIA_BILBAO_EIBAR_051,,d2,33:44.3,05:18.4,DACIA_SPRING,Dacia Spring 33 kW,33000,139,53:19.6,6.9,11.2,300,WNW,9.885510516117638,-1.9618578936098408,228.0,56.0,,,,52.0,174.0,2.0,0.0,204.0,24.0,25,12.0
52:51.8,,,84,,98.5,,,,,,,51,-2.575747,43.167484,206.7866,28.78474899449716,52:51.4,6,0.368,0101000020E61000002157A939219B04C044D3B22A70954540,20230420_DACIA_BILBAO_EIBAR_051,,d2,33:44.3,05:18.4,DACIA_SPRING,Dacia Spring 33 kW,33000,139,53:19.6,6.9,11.2,300,WNW,8.982185865858316,6.680318928113277,228.0,56.0,,,,52.0,174.0,2.0,0.0,204.0,24.0,120,12.0
52:57.2,,,84,,98.5,,,,,,,51,-2.5736296000000003,43.167732,209.58997,28.958694169640047,52:57.5,6,-0.27,0101000020E61000002897392BCB9604C03ECCD94978954540,20230420_DACIA_BILBAO_EIBAR_051,,d2,33:44.3,05:18.4,DACIA_SPRING,Dacia Spring 33 kW,33000,139,53:19.6,6.9,11.2,300,WNW,8.281485365170356,12.31810971501635,228.0,56.0,,,,52.0,174.0,2.0,0.0,204.0,24.0,25,12.0
53:02.7,,,84,,98.5,,,,,,,51,-2.5719352000000004,43.168102000000005,212.58713,29.102168467598702,53:02.5,6,0.141,0101000020E6100000747227C6529304C0ADE5AE6084954540,20230420_DACIA_BILBAO_EIBAR_051,,d2,33:44.3,05:18.4,DACIA_SPRING,Dacia Spring 33 kW,33000,139,53:19.6,6.9,11.2,300,WNW,8.4849897804016,10.747947007036034,228.0,56.0,,,,52.0,174.0,2.0,0.0,204.0,24.0,120,12.0
53:08.1,,,84,,98.5,,,,,,,51,-2.5697331,43.16852,214.54488,29.286717749787975,53:08.6,6,-0.502,0101000020E6100000811B1E4BD08E04C02B2DC61F92954540,20230420_DACIA_BILBAO_EIBAR_051,,d2,33:44.3,05:18.4,DACIA_SPRING,Dacia Spring 33 kW,33000,139,53:19.6,6.9,11.2,300,WNW,9.444254869374769,2.5164613888802,228.0,56.0,,,,52.0,174.0,2.0,0.0,204.0,24.0,120,12.0
53:13.5,,,84,,98.5,,,,,,,51,-2.5679128,43.1686,216.44478,29.434622907057143,53:13.6,6,-0.0559999999999999,0101000020E6100000CCBD05D5158B04C0B2DF71AE94954540,20230420_DACIA_BILBAO_EIBAR_051,,d2,33:44.3,05:18.4,DACIA_SPRING,Dacia Spring 33 kW,33000,139,53:19.6,6.9,11.2,300,WNW,10.152429797304489,-5.0215864625152,228.0,56.0,,,,52.0,174.0,2.0,0.0,204.0,24.0,8,11.0
53:18.9,,,84,,98.5,,,,,,,51,-2.5662057000000003,43.16845,218.03424,29.574077880223882,53:18.6,6,0.282,0101000020E610000089BB5BE5968704C078705CB68F954540,20230420_DACIA_BILBAO_EIBAR_051,,d2,33:44.3,05:18.4,DACIA_SPRING,Dacia Spring 33 kW,33000,139,53:19.6,6.9,11.2,300,WNW,10.678626083401523,-12.448971139389489,228.0,56.0,,,,52.0,174.0,2.0,0.0,204.0,24.0,8,11.0
53:24.5,,,84,,98.5,,,,,,,51,-2.5641990000000003,43.168007,220.36305,29.74412842320535,53:24.7,6,-0.22,0101000020E6100000C3C9AEB87A8304C0696E024B81954540,20230420_DACIA_BILBAO_EIBAR_051,,d2,33:44.3,05:18.4,DACIA_SPRING,Dacia Spring 33 kW,33000,139,53:19.6,6.9,11.2,300,WNW,10.813213518302984,-14.898430098358151,228.0,56.0,,,,52.0,174.0,2.0,0.0,204.0,24.0,8,11.0
53:29.9,,,84,,98.5,,,,,,,51,-2.5625339,43.167564,222.06851,29.88788261437518,53:29.7,6,0.1689999999999999,0101000020E61000000659CDC0118004C0ED5953C472954540,20230420_DACIA_BILBAO_EIBAR_051,,d2,33:44.3,05:18.4,DACIA_SPRING,Dacia Spring 33 kW,33000,139,53:19.6,6.9,11.2,300,WNW,10.402990820952189,-8.254471024019889,228.0,56.0,,,,52.0,174.0,2.0,0.0,204.0,24.0,25,11.0
53:35.4,,,84,,98.5,,,,,,,51,-2.5604384,43.16726,222.3067,30.061158906402024,53:35.8,6,-0.332,0101000020E6100000FD997517C77B04C0B796F0C468954540,20230420_DACIA_BILBAO_EIBAR_051,,d2,33:44.3,05:18.4,DACIA_SPRING,Dacia Spring 33 kW,33000,139,53:19.6,6.9,11.2,300,WNW,9.668055794167351,0.320013314015891,228.0,56.0,,,,52.0,174.0,2.0,0.0,204.0,24.0,8,11.0
53:40.9,,,84,,98.5,,,,,,,51,-2.558648,43.16727,222.78523,30.206367341586887,53:40.8,6,0.153,0101000020E6100000B4CB4E801C7804C04BC9D91C69954540,20230420_DACIA_BILBAO_EIBAR_051,,d2,33:44.3,05:18.4,DACIA_SPRING,Dacia Spring 33 kW,33000,139,53:19.6,6.9,11.2,300,WNW,9.25907235202021,4.238480253592849,228.0,56.0,,,,52.0,174.0,2.0,0.0,204.0,24.0,25,11.0
53:46.5,,,84,,98.5,,,,,,,51,-2.556624,43.16742,225.96635,30.371391612487148,53:46.8,6,-0.39,0101000020E6100000EBFB9642F77304C08D930C046E954540,20230420_DACIA_BILBAO_EIBAR_051,,d2,33:44.3,05:18.4,DACIA_SPRING,Dacia Spring 33 kW,33000,139,53:19.6,6.9,11.2,300,WNW,10.038713738822072,-3.677675608878373,228.0,56.0,,,,52.0,174.0,2.0,0.0,204.0,24.0,25,11.0
53:51.9,,,84,,98.5,,,,,,,51,-2.5549593,43.167313,227.59483,30.50693339823876,53:51.9,6,0.033,0101000020E6100000AA69A57E8E7004C0087785876A954540,20230420_DACIA_BILBAO_EIBAR_051,,d2,33:44.3,05:18.4,DACIA_SPRING,Dacia Spring 33 kW,33000,139,53:19.6,6.9,11.2,300,WNW,9.993459156688058,-3.160293133980773,228.0,56.0,,,,52.0,174.0,2.0,0.0,204.0,24.0,8,11.0
53:57.4,,,83,,98.5,,,,,,,51,-2.5529127000000003,43.1672,230.27844,30.673411455995733,53:57.9,6,-0.49,0101000020E6100000687AC8705D6C04C026D2D9B866954540,20230420_DACIA_BILBAO_EIBAR_051,,d2,33:44.3,05:18.4,DACIA_SPRING,Dacia Spring 33 kW,33000,139,53:19.6,6.9,11.2,300,WNW,9.03807732439734,6.198944736401443,228.0,56.0,,,,52.0,174.0,2.0,0.0,204.0,24.0,25,10.0
54:03.0,,,83,,98.5,,,,,,,51,-2.5511357999999995,43.167393,233.01942000000005,30.81913488110459,54:03.0,6,-0.005,0101000020E6100000E7C3FEE4B96804C0E5D0A4246D954540,20230420_DACIA_BILBAO_EIBAR_051,,d2,33:44.3,05:18.4,DACIA_SPRING,Dacia Spring 33 kW,33000,139,53:19.6,6.9,11.2,300,WNW,8.75457450228259,8.587327805156692,228.0,56.0,,,,52.0,174.0,2.0,0.0,204.0,24.0,85,10.0
54:08.4,,,83,,98.5,,,,,,,51,-2.5493677000000003,43.16766,237.35204,30.965634415692968,54:08.1,6,0.303,0101000020E6100000A73117E11A6504C012F89BEE75954540,20230420_DACIA_BILBAO_EIBAR_051,,d2,33:44.3,05:18.4,DACIA_SPRING,Dacia Spring 33 kW,33000,139,53:19.6,6.9,11.2,300,WNW,9.598075271074311,1.0218299855824071,228.0,56.0,,,,52.0,174.0,2.0,0.0,204.0,24.0,100,10.0
54:13.9,,,83,,98.5,,,,,,,51,-2.5472372,43.167698,241.6948,31.13852532238202,54:14.0,6,-0.188,0101000020E61000008BF32FDEBD6004C02931891177954540,20230420_DACIA_BILBAO_EIBAR_051,,d2,33:44.3,05:18.4,DACIA_SPRING,Dacia Spring 33 kW,33000,139,53:19.6,6.9,11.2,300,WNW,9.504967461446704,1.934015976541044,228.0,56.0,,,,52.0,174.0,2.0,0.0,204.0,24.0,25,10.0
54:19.3,,,83,,98.5,,,,,,,51,-2.5455492000000004,43.167755,245.84984,31.27563254254079,54:19.1,6,0.203,0101000020E6100000D8B0CFE2485D04C05D34840579954540,20230420_DACIA_BILBAO_EIBAR_051,,d2,33:44.3,05:18.4,DACIA_SPRING,Dacia Spring 33 kW,33000,139,53:19.6,6.9,11.2,300,WNW,7.00609481792075,21.277860014127523,228.0,56.0,,,,52.0,174.0,2.0,0.0,204.0,24.0,25,10.0
54:24.8,,,82,,98.5,,,,,,,51,-2.5435078,43.16855,253.51118,31.46346887736176,54:25.2,6,-0.427,0101000020E61000003B40FD9E1A5904C0E6A75CFC92954540,20230420_DACIA_BILBAO_EIBAR_051,,d2,33:44.3,05:18.4,DACIA_SPRING,Dacia Spring 33 kW,33000,139,53:19.6,6.9,11.2,300,WNW,4.338446007602481,37.20959196311042,228.0,56.0,,,,52.0,174.0,2.0,0.0,204.0,24.0,25,10.0
54:30.2,,,82,,98.5,,,,,,,51,-2.5422988,43.169468,261.2208,31.605217360534567,54:30.2,6,-0.0289999999999999,0101000020E61000000E0457B4A05604C045164224B1954540,20230420_DACIA_BILBAO_EIBAR_051,,d2,33:44.3,05:18.4,DACIA_SPRING,Dacia Spring 33 kW,33000,139,53:19.6,6.9,11.2,300,WNW,4.9858188807778365,33.56627045770253,228.0,56.0,,,,52.0,174.0,2.0,0.0,204.0,24.0,25,9.0
54:35.9,,,82,,98.5,,,,,,,51,-2.5407586,43.17049,270.67294,31.7743482688562,54:36.3,6,-0.359,0101000020E61000002D46D04F795304C009319EAED2954540,20230420_DACIA_BILBAO_EIBAR_051,,d2,33:44.3,05:18.4,DACIA_SPRING,Dacia Spring 33 kW,33000,139,53:19.6,6.9,11.2,300,WNW,7.177878342958376,20.142380879361948,228.0,56.0,,,,52.0,174.0,2.0,0.0,204.0,24.0,25,9.0
54:41.4,,,82,,98.5,,,,,,,51,-2.5393736,43.170998,276.66492,31.90021390259052,54:41.3,6,0.093,0101000020E6100000083DE926A35004C09C8FC147E3954540,20230420_DACIA_BILBAO_EIBAR_051,,d2,33:44.3,05:18.4,DACIA_SPRING,Dacia Spring 33 kW,33000,139,53:19.6,6.9,11.2,300,WNW,8.888280140654292,7.4771137295202,228.0,56.0,,,,52.0,174.0,2.0,0.0,204.0,24.0,80,9.0
54:46.9,,,82,,98.5,,,,,,,51,-2.5379107000000003,43.17119,283.2302,32.02093360290398,54:47.4,6,-0.5,0101000020E61000002AA82A2FA44D04C05A2A268FE9954540,20230420_DACIA_BILBAO_EIBAR_051,,d2,33:44.3,05:18.4,DACIA_SPRING,Dacia Spring 33 kW,33000,139,53:19.6,6.9,11.2,300,WNW,9.523087368268978,1.7583358814352066,228.0,56.0,,,,52.0,174.0,2.0,0.0,204.0,24.0,8,9.0
54:52.4,,,82,,98.5,,,,,,,51,-2.5366077,43.17123,287.80646,32.12679402403298,54:52.4,6,-0.055,0101000020E6100000C3EF57FCF84A04C07C55A5E5EA954540,20230420_DACIA_BILBAO_EIBAR_051,,d2,33:44.3,05:18.4,DACIA_SPRING,Dacia Spring 33 kW,33000,139,53:19.6,6.9,11.2,300,WNW,9.762518943826766,-0.6513564257390484,228.0,56.0,,,,52.0,174.0,2.0,0.0,204.0,24.0,100,9.0
54:57.9,,,82,,98.5,,,,,,,51,-2.5352883,43.171215,291.02716000000004,32.23385332252667,54:57.4,6,0.408,0101000020E6100000852F8E39454804C0BAC1C95AEA954540,20230420_DACIA_BILBAO_EIBAR_051,,d2,33:44.3,05:18.4,DACIA_SPRING,Dacia Spring 33 kW,33000,139,53:19.6,6.9,11.2,300,WNW,8.506463364047704,10.579362891967222,228.0,56.0,,,,52.0,174.0,2.0,0.0,204.0,24.0,100,9.0
55:03.3,,,82,,98.5,,,,,,,51,-2.533923,43.17147,293.14462000000003,32.34816594100194,55:03.5,6,-0.16,0101000020E61000007134A657794504C0767B78B4F2954540,20230420_DACIA_BILBAO_EIBAR_051,,d2,33:44.3,05:18.4,DACIA_SPRING,Dacia Spring 33 kW,33000,139,56:45.0,6.9,11.2,300,WNW,5.7488294169910965,29.1168862166094,228.0,56.0,,,,52.0,174.0,2.0,0.0,204.0,24.0,25,9.0
55:08.9,,,82,,98.5,,,,,,,51,-2.5330253,43.17197,295.88602000000003,32.439808221571276,55:08.5,6,0.351,0101000020E6100000F49500B4A24304C06CA8072B03964540,20230420_DACIA_BILBAO_EIBAR_051,,d2,33:44.3,05:18.4,DACIA_SPRING,Dacia Spring 33 kW,33000,139,56:45.0,6.9,11.2,300,WNW,4.440369897262611,36.642838592782624,228.0,56.0,,,,52.0,174.0,2.0,0.0,204.0,24.0,80,9.0
55:14.4,,,82,,98.5,,,,,,,51,-2.532017,43.17272,299.33112,32.55665301656275,55:14.6,6,-0.217,0101000020E61000003F95FF22924104C04BA35AC21B964540,20230420_DACIA_BILBAO_EIBAR_051,,d2,33:44.3,05:18.4,DACIA_SPRING,Dacia Spring 33 kW,33000,139,56:45.0,6.9,11.2,300,WNW,9.69948452238571,0.0,228.0,56.0,,,,52.0,174.0,2.0,0.0,204.0,24.0,80,9.0
55:19.8,,,82,,98.5,,,,,,,51,-2.532017,43.17272,299.33112,32.55665301656275,55:19.7,6,0.091,0101000020E61000003F95FF22924104C04BA35AC21B964540,20230420_DACIA_BILBAO_EIBAR_051,,d2,33:44.3,05:18.4,DACIA_SPRING,Dacia Spring 33 kW,33000,139,56:45.0,6.9,11.2,300,WNW,9.69948452238571,0.0,228.0,56.0,,,,52.0,174.0,2.0,0.0,204.0,24.0,80,9.0
55:25.3,,,82,,98.5,,,,,,,51,-2.532017,43.17272,299.33112,32.55665301656275,55:25.7,6,-0.3989999999999999,0101000020E61000003F95FF22924104C04BA35AC21B964540,20230420_DACIA_BILBAO_EIBAR_051,,d2,33:44.3,05:18.4,DACIA_SPRING,Dacia Spring 33 kW,33000,139,56:45.0,6.9,11.2,300,WNW,9.69948452238571,0.0,228.0,56.0,,,,52.0,174.0,2.0,0.0,204.0,24.0,80,9.0
55:30.6,,,82,,98.5,,,,,,,51,-2.532017,43.17272,299.33112,32.55665301656275,55:30.7,6,-0.05,0101000020E61000003F95FF22924104C04BA35AC21B964540,20230420_DACIA_BILBAO_EIBAR_051,,d2,33:44.3,05:18.4,DACIA_SPRING,Dacia Spring 33 kW,33000,139,56:45.0,6.9,11.2,300,WNW,9.69948452238571,0.0,228.0,56.0,,,,52.0,174.0,2.0,0.0,204.0,24.0,80,9.0
55:36.1,,,82,,98.5,,,,,,,51,-2.532017,43.17272,299.33112,32.55665301656275,55:35.7,6,0.401,0101000020E61000003F95FF22924104C04BA35AC21B964540,20230420_DACIA_BILBAO_EIBAR_051,,d2,33:44.3,05:18.4,DACIA_SPRING,Dacia Spring 33 kW,33000,139,56:45.0,6.9,11.2,300,WNW,9.69948452238571,0.0,228.0,56.0,,,,52.0,174.0,2.0,0.0,204.0,24.0,80,9.0
55:41.5,,,82,,98.5,,,,,,,51,-2.532017,43.17272,299.33112,32.55665301656275,55:41.8,6,-0.251,0101000020E61000003F95FF22924104C04BA35AC21B964540,20230420_DACIA_BILBAO_EIBAR_051,,d2,33:44.3,05:18.4,DACIA_SPRING,Dacia Spring 33 kW,33000,139,56:45.0,6.9,11.2,300,WNW,9.69948452238571,0.0,228.0,56.0,,,,52.0,174.0,2.0,0.0,204.0,24.0,80,9.0
55:47.0,,,82,,98.5,,,,,,,51,-2.532017,43.17272,299.33112,32.55665301656275,55:46.8,6,0.228,0101000020E61000003F95FF22924104C04BA35AC21B964540,20230420_DACIA_BILBAO_EIBAR_051,,d2,33:44.3,05:18.4,DACIA_SPRING,Dacia Spring 33 kW,33000,139,56:45.0,6.9,11.2,300,WNW,5.21746795128362,32.235054442126966,228.0,56.0,,,,52.0,174.0,2.0,0.0,204.0,24.0,80,9.0
55:52.5,,,82,,98.5,,,,,,,51,-2.5254072999999995,43.176888,284.66632000000004,33.265379666298095,55:52.8,6,-0.376,0101000020E61000001006B8B0083404C002BEB446A4964540,20230420_DACIA_BILBAO_EIBAR_051,,d2,33:44.3,05:18.4,DACIA_SPRING,Dacia Spring 33 kW,33000,139,56:45.0,6.9,11.2,300,WNW,10.354473163241597,-7.594061552615968,228.0,56.0,,,,52.0,174.0,2.0,0.0,204.0,24.0,100,8.0
55:57.9,,,82,,98.5,,,,,,,51,-2.5241172,43.176716,294.7439,33.37220218769548,55:57.9,6,0.052,0101000020E610000053464C51643104C00AEC80AA9E964540,20230420_DACIA_BILBAO_EIBAR_051,,d2,33:44.3,05:18.4,DACIA_SPRING,Dacia Spring 33 kW,33000,139,56:45.0,6.9,11.2,300,WNW,10.927668955579213,-17.33920015365437,228.0,56.0,,,,52.0,174.0,2.0,0.0,204.0,24.0,8,8.0
56:03.4,,,82,,98.5,,,,,,,51,-2.5225766,43.176235,291.18765,33.508142049245556,56:03.9,6,-0.465,0101000020E6100000370A20A43C2E04C01926CADC8E964540,20230420_DACIA_BILBAO_EIBAR_051,,d2,33:44.3,05:18.4,DACIA_SPRING,Dacia Spring 33 kW,33000,139,56:45.0,6.9,11.2,300,WNW,10.751011424974768,-13.72174344166976,228.0,56.0,,,,52.0,174.0,2.0,0.0,204.0,24.0,100,8.0
56:08.9,,,82,,98.5,,,,,,,51,-2.5213275,43.17593,281.39557,33.615405672510505,56:08.9,6,0.001,0101000020E61000007C0DD0CDAD2B04C0956EF8EE84964540,20230420_DACIA_BILBAO_EIBAR_051,,d2,33:44.3,05:18.4,DACIA_SPRING,Dacia Spring 33 kW,33000,139,56:45.0,6.9,11.2,300,WNW,10.719923698618135,-13.163671614260304,228.0,56.0,,,,52.0,174.0,2.0,0.0,204.0,24.0,100,8.0
56:14.4,,,82,,98.5,,,,,,,51,-2.5204296000000004,43.17572,272.7353,33.69235779913453,56:14.0,6,0.429,0101000020E6100000E0E4D2F9D62904C0721F5CFE7D964540,20230420_DACIA_BILBAO_EIBAR_051,,d2,33:44.3,05:18.4,DACIA_SPRING,Dacia Spring 33 kW,33000,139,56:45.0,6.9,11.2,300,WNW,11.195308199799452,-31.65849259087291,228.0,56.0,,,,52.0,174.0,2.0,0.0,204.0,24.0,100,8.0
56:19.9,,,82,,98.5,,,,,,,51,-2.5196025,43.17521,274.4222,33.780205100935035,56:20.0,6,-0.109,0101000020E6100000E9A4F35B252804C0A56600396D964540,20230420_DACIA_BILBAO_EIBAR_051,,d2,33:44.3,05:18.4,DACIA_SPRING,Dacia Spring 33 kW,33000,139,56:45.0,6.9,11.2,300,WNW,11.170598210861646,-34.15250870621522,228.0,56.0,,,,52.0,174.0,2.0,0.0,204.0,24.0,45,8.0
56:25.5,,,82,,98.5,,,,,,,51,-2.51892,43.174747,275.97992,33.85580910629843,56:25.1,6,0.3779999999999999,0101000020E6100000D75A357BBF2604C04C97802C5E964540,20230420_DACIA_BILBAO_EIBAR_051,,d2,33:44.3,05:18.4,DACIA_SPRING,Dacia Spring 33 kW,33000,139,56:45.0,6.9,11.2,300,WNW,8.940747821741855,7.033732656745194,228.0,56.0,,,,52.0,174.0,2.0,0.0,204.0,24.0,45,7.0
56:30.9,,,82,,98.5,,,,,,,51,-2.517761,43.174890000000005,278.52017,33.95116309930494,56:31.2,6,-0.27,0101000020E610000067378CD75F2404C046BC57CC62964540,20230420_DACIA_BILBAO_EIBAR_051,,d2,33:44.3,05:18.4,DACIA_SPRING,Dacia Spring 33 kW,33000,139,56:45.0,6.9,11.2,300,WNW,1.9566117218130048,49.93894648200693,228.0,56.0,,,,52.0,174.0,2.0,0.0,204.0,24.0,45,7.0
56:36.4,,,82,,98.5,,,,,,,51,-2.5172842,43.175457,276.75665,34.02514285671704,56:36.2,6,0.222,0101000020E6100000644B69DA652304C095B0CA5075964540,20230420_DACIA_BILBAO_EIBAR_051,,d2,33:44.3,05:18.4,DACIA_SPRING,Dacia Spring 33 kW,33000,139,56:45.0,6.9,11.2,300,WNW,3.513283381979976,41.71849198943523,228.0,56.0,,,,52.0,174.0,2.0,0.0,204.0,24.0,45,7.0
56:41.9,,,82,,98.5,,,,,,,51,-2.5165484,43.176113,274.0837,34.11941887486017,56:42.3,6,-0.332,0101000020E6100000BFFC6F28E42104C09D87C2EB8A964540,20230420_DACIA_BILBAO_EIBAR_051,,d2,33:44.3,05:18.4,DACIA_SPRING,Dacia Spring 33 kW,33000,139,56:45.0,6.9,11.2,300,WNW,8.976265799136671,6.730988224730592,228.0,56.0,,,,52.0,174.0,2.0,0.0,204.0,24.0,45,7.0
56:47.4,,,82,,98.5,,,,,,,51,-2.515574,43.176228,270.8049,34.19952744220379,56:47.3,6,0.129,0101000020E61000001FD62539E51F04C0D180B9A18E964540,20230420_DACIA_BILBAO_EIBAR_051,,d2,33:44.3,05:18.4,DACIA_SPRING,Dacia Spring 33 kW,33000,139,56:45.0,6.9,11.2,300,WNW,9.513796093289386,1.848527013014099,228.0,56.0,,,,52.0,174.0,2.0,0.0,204.0,24.0,45,7.0
56:52.8,,,82,,98.5,,,,,,,51,-2.5147684,43.176254,267.44266,34.265003204581014,56:52.3,6,0.474,0101000020E6100000BF4F7ED73E1E04C0F93659778F964540,20230420_DACIA_BILBAO_EIBAR_051,,d2,33:44.3,05:18.4,DACIA_SPRING,Dacia Spring 33 kW,33000,139,56:45.0,6.9,11.2,300,WNW,9.27210176823368,4.11983196602947,228.0,56.0,,,,52.0,174.0,2.0,0.0,204.0,24.0,8,7.0
56:58.3,,,82,,98.5,,,,,,,51,-2.5142686000000003,43.17629,263.78528,34.30589265875331,56:58.4,6,-0.0559999999999999,0101000020E6100000860C94E7381D04C076578DA990964540,20230420_DACIA_BILBAO_EIBAR_051,,d2,33:44.3,05:18.4,DACIA_SPRING,Dacia Spring 33 kW,33000,139,56:45.0,6.9,11.2,300,WNW,8.553673350727248,10.2066743143584,228.0,56.0,,,,52.0,174.0,2.0,0.0,204.0,24.0,8,7.0
57:03.9,,,82,,98.5,,,,,,,51,-2.5140631,43.176327,261.22714,34.32324642651015,57:03.4,6,0.419,0101000020E61000007E7A191DCD1C04C0C5C043EE91964540,20230420_DACIA_BILBAO_EIBAR_051,,d2,33:44.3,05:18.4,DACIA_SPRING,Dacia Spring 33 kW,33000,139,56:45.0,6.9,11.2,300,WNW,0.2324456341994463,-118.81079374260096,228.0,56.0,,,,52.0,174.0,2.0,0.0,204.0,24.0,45,7.0
57:09.3,,,82,,98.5,,,,,,,51,-2.5140862,43.176285,259.96872,34.328433235456146,57:09.5,6,-0.111,0101000020E61000002CFFF34DD91C04C099F93E7C90964540,20230420_DACIA_BILBAO_EIBAR_051,,d2,33:44.3,05:18.4,DACIA_SPRING,Dacia Spring 33 kW,33000,139,56:45.0,6.9,11.2,300,WNW,9.69948452238571,0.0,228.0,56.0,,,,52.0,174.0,2.0,0.0,204.0,24.0,8,7.0
57:14.9,,,82,,98.5,,,,,,,51,-2.5140862,43.176285,259.96872,34.328433235456146,57:14.5,6,0.367,0101000020E61000002CFFF34DD91C04C099F93E7C90964540,20230420_DACIA_BILBAO_EIBAR_051,,d2,33:44.3,05:18.4,DACIA_SPRING,Dacia Spring 33 kW,33000,139,56:45.0,6.9,11.2,300,WNW,3.1250444828081463,43.79816692122,228.0,56.0,,,,52.0,174.0,2.0,0.0,204.0,24.0,8,7.0
57:20.4,,,82,,98.5,,,,,,,51,-2.5140789,43.176292,259.86014,34.329417128876656,57:20.5,6,-0.18,0101000020E6100000C1A2E556D51C04C09DEEF0B990964540,20230420_DACIA_BILBAO_EIBAR_051,,d2,33:44.3,05:18.4,DACIA_SPRING,Dacia Spring 33 kW,33000,139,56:45.0,6.9,11.2,300,WNW,-3.1250444828081547,-136.20183307878003,228.0,56.0,,,,52.0,174.0,2.0,0.0,204.0,24.0,8,7.0
57:25.9,,,82,,98.5,,,,,,,51,-2.5140862,43.176285,259.96872,34.33040102229717,57:25.6,6,0.272,0101000020E61000002CFFF34DD91C04C099F93E7C90964540,20230420_DACIA_BILBAO_EIBAR_051,,d2,33:44.3,05:18.4,DACIA_SPRING,Dacia Spring 33 kW,33000,139,56:45.0,6.9,11.2,300,WNW,9.69948452238571,0.0,228.0,56.0,,,,52.0,174.0,2.0,0.0,204.0,24.0,8,7.0
57:31.4,,,82,,98.5,,,,,,,51,-2.5140862,43.176285,259.96872,34.33040102229717,57:31.6,6,-0.221,0101000020E61000002CFFF34DD91C04C099F93E7C90964540,20230420_DACIA_BILBAO_EIBAR_051,,d2,33:44.3,05:18.4,DACIA_SPRING,Dacia Spring 33 kW,33000,139,56:45.0,6.9,11.2,300,WNW,9.69948452238571,0.0,228.0,56.0,,,,52.0,174.0,2.0,0.0,204.0,24.0,8,7.0
57:36.9,,,82,,98.5,,,,,,,51,-2.5140862,43.176285,259.96872,34.33040102229717,57:36.6,6,0.206,0101000020E61000002CFFF34DD91C04C099F93E7C90964540,20230420_DACIA_BILBAO_EIBAR_051,,d2,33:44.3,05:18.4,DACIA_SPRING,Dacia Spring 33 kW,33000,139,58:19.7,6.9,11.2,300,WNW,9.69948452238571,0.0,228.0,56.0,,,,52.0,174.0,2.0,0.0,204.0,24.0,8,7.0
57:42.3,,,82,,98.5,,,,,,,51,-2.5140862,43.176285,259.96872,34.33040102229717,57:42.7,6,-0.351,0101000020E61000002CFFF34DD91C04C099F93E7C90964540,20230420_DACIA_BILBAO_EIBAR_051,,d2,33:44.3,05:18.4,DACIA_SPRING,Dacia Spring 33 kW,33000,139,58:19.7,6.9,11.2,300,WNW,10.155984079637877,-5.064679797538859,228.0,56.0,,,,52.0,174.0,2.0,0.0,204.0,24.0,8,7.0
57:47.8,,,82,,98.5,,,,,,,51,-2.5139508,43.176273,262.69925,34.341793341924706,57:47.7,6,0.065,0101000020E61000004406B13A921C04C0F883522290964540,20230420_DACIA_BILBAO_EIBAR_051,,d2,33:44.3,05:18.4,DACIA_SPRING,Dacia Spring 33 kW,33000,139,58:19.7,6.9,11.2,300,WNW,8.624891125687968,9.63896576080342,228.0,56.0,,,,52.0,174.0,2.0,0.0,204.0,24.0,45,7.0
57:53.2,,,82,,98.5,,,,,,,51,-2.5136564,43.176323,260.80737,34.36637773585603,57:52.8,6,0.427,0101000020E6100000B6A6DFD1F71B04C00FB26CCC91964540,20230420_DACIA_BILBAO_EIBAR_051,,d2,33:44.3,05:18.4,DACIA_SPRING,Dacia Spring 33 kW,33000,139,58:19.7,6.9,11.2,300,WNW,9.134618950891795,5.354161595805499,228.0,56.0,,,,52.0,174.0,2.0,0.0,204.0,24.0,45,7.0
57:58.7,,,82,,98.5,,,,,,,51,-2.5128028,43.176403,259.63223,34.436174480556076,57:58.8,6,-0.049,0101000020E61000001977736C381A04C001B4B45394964540,20230420_DACIA_BILBAO_EIBAR_051,,d2,33:44.3,05:18.4,DACIA_SPRING,Dacia Spring 33 kW,33000,139,58:19.7,6.9,11.2,300,WNW,9.123117907160749,5.455716250702243,228.0,56.0,,,,52.0,174.0,2.0,0.0,204.0,24.0,45,7.0
58:04.2,,,82,,98.5,,,,,,,51,-2.5123107000000005,43.17645,260.1824,34.476422877418685,58:03.8,6,0.36,0101000020E610000017A6F26F361904C004C2FFD195964540,20230420_DACIA_BILBAO_EIBAR_051,,d2,33:44.3,05:18.4,DACIA_SPRING,Dacia Spring 33 kW,33000,139,58:19.7,6.9,11.2,300,WNW,10.911078781385845,-16.957633719078707,228.0,56.0,,,,52.0,174.0,2.0,0.0,204.0,24.0,85,7.0
58:09.7,,,82,,98.5,,,,,,,51,-2.511622,43.17624,257.6975,34.53700520507055,58:09.8,6,-0.12,0101000020E61000008702AD3ECD1704C0F9C70AF88E964540,20230420_DACIA_BILBAO_EIBAR_051,,d2,33:44.3,05:18.4,DACIA_SPRING,Dacia Spring 33 kW,33000,139,58:19.7,6.9,11.2,300,WNW,11.186827840750915,-27.220928769425942,228.0,56.0,,,,52.0,174.0,2.0,0.0,204.0,24.0,85,7.0
58:16.6,,,82,,98.5,,,,,,,51,-2.5107083,43.17577,255.8086,34.62769362229206,58:16.9,6,-0.3289999999999999,0101000020E6100000BE43EC3DEE1504C0E69D4E9B7F964540,20230420_DACIA_BILBAO_EIBAR_051,,d2,33:44.3,05:18.4,DACIA_SPRING,Dacia Spring 33 kW,33000,139,58:19.7,6.9,11.2,300,WNW,10.323164740875129,-7.177534577731645,228.0,56.0,,,,52.0,174.0,2.0,0.0,204.0,24.0,85,7.0
58:22.0,,,82,,98.5,,,,,,,51,-2.509406,43.175606,259.6658,34.734929357738736,58:21.9,6,0.108,0101000020E6100000D9AE7871431304C0CEB1513D7A964540,20230420_DACIA_BILBAO_EIBAR_051,,d2,33:44.3,05:18.4,DACIA_SPRING,Dacia Spring 33 kW,33000,139,58:19.7,6.9,11.2,300,WNW,8.876744910477276,7.573993140844169,228.0,56.0,,,,52.0,174.0,2.0,0.0,204.0,24.0,8,7.0
58:27.5,,,82,,98.5,,,,,,,51,-2.5080974,43.17578,263.95203,34.84287816822909,58:28.0,6,-0.431,0101000020E6100000045D586D951004C0A85DADF57F964540,20230420_DACIA_BILBAO_EIBAR_051,,d2,33:44.3,05:18.4,DACIA_SPRING,Dacia Spring 33 kW,33000,139,58:19.7,6.9,11.2,300,WNW,7.463927199709147,18.208484470725715,228.0,56.0,,,,52.0,174.0,2.0,0.0,204.0,24.0,8,7.0
58:33.0,,,82,,98.5,,,,,,,51,-2.5070486,43.176125,266.5004,34.93621145046289,58:33.0,6,0.039,0101000020E6100000C05FC7836F0E04C09EB8C93F8B964540,20230420_DACIA_BILBAO_EIBAR_051,,d2,33:44.3,05:18.4,DACIA_SPRING,Dacia Spring 33 kW,33000,139,58:19.7,6.9,11.2,300,WNW,5.922983684815956,28.07303480148028,228.0,56.0,,,,52.0,174.0,2.0,0.0,204.0,24.0,25,7.0
58:38.6,,,82,,98.5,,,,,,,51,-2.505963,43.176704,266.62515,35.04527266095301,58:38.4,6,0.21,0101000020E6100000AF5EB76C360C04C042A1424B9E964540,20230420_DACIA_BILBAO_EIBAR_051,,d2,33:44.3,05:18.4,DACIA_SPRING,Dacia Spring 33 kW,33000,139,58:19.7,6.9,11.2,300,WNW,8.310970137102712,12.093584497065295,228.0,56.0,,,,52.0,174.0,2.0,0.0,204.0,24.0,85,6.0
58:43.9,,,82,,98.5,,,,,,,51,-2.5046282000000004,43.17699,268.19037000000003,35.158095509963395,58:44.1,6,-0.135,0101000020E6100000F142F4817A0904C0BEB3ED9DA7964540,20230420_DACIA_BILBAO_EIBAR_051,,d2,33:44.3,05:18.4,DACIA_SPRING,Dacia Spring 33 kW,33000,139,58:19.7,6.9,11.2,300,WNW,10.18156735210984,-5.376942739189944,228.0,56.0,,,,52.0,174.0,2.0,0.0,204.0,24.0,85,6.0
58:49.4,,,82,,98.5,,,,,,,51,-2.503502,43.176884,266.7876,35.250185273893926,58:49.1,6,0.292,0101000020E610000070AC59F92B0704C031727725A4964540,20230420_DACIA_BILBAO_EIBAR_051,,d2,33:44.3,05:18.4,DACIA_SPRING,Dacia Spring 33 kW,33000,139,58:19.7,6.9,11.2,300,WNW,9.328456083754954,3.602420182736924,228.0,56.0,,,,52.0,174.0,2.0,0.0,204.0,24.0,85,6.0
58:54.8,,,82,,98.5,,,,,,,51,-2.5019295,43.176983,261.2112,35.37829227556686,58:55.2,6,-0.37,0101000020E61000001E7BB7AFF30304C078ED985CA7964540,20230420_DACIA_BILBAO_EIBAR_051,,d2,33:44.3,05:18.4,DACIA_SPRING,Dacia Spring 33 kW,33000,139,58:19.7,6.9,11.2,300,WNW,9.929398143212996,-2.443294293936507,228.0,56.0,,,,52.0,174.0,2.0,0.0,204.0,24.0,85,6.0
59:00.4,,,82,,98.5,,,,,,,51,-2.5007577000000003,43.176933,258.18204,35.47352215537229,59:00.3,6,0.14,0101000020E6100000DD20CC448D0104C005F16AC7A5964540,20230420_DACIA_BILBAO_EIBAR_051,,d2,33:44.3,05:18.4,DACIA_SPRING,Dacia Spring 33 kW,33000,139,58:19.7,6.9,11.2,300,WNW,10.04043365768104,-3.697525080015225,228.0,56.0,,,,52.0,174.0,2.0,0.0,204.0,24.0,8,6.0
59:05.9,,,82,,98.5,,,,,,,51,-2.4993186,43.176840000000006,252.71332,35.59080122473074,59:06.3,6,-0.371,0101000020E6100000ED86F8C29AFE03C0E3502BCDA2964540,20230420_DACIA_BILBAO_EIBAR_051,,d2,33:44.3,05:18.4,DACIA_SPRING,Dacia Spring 33 kW,33000,139,58:19.7,6.9,11.2,300,WNW,7.883887065184078,15.257763571030056,228.0,56.0,,,,52.0,174.0,2.0,0.0,204.0,24.0,80,6.0
59:11.4,,,82,,98.5,,,,,,,51,-2.4982188,43.17714,249.23634,35.68608022643091,59:11.3,6,0.1,0101000020E6100000A04D7E215AFC03C0DEA75A70AC964540,20230420_DACIA_BILBAO_EIBAR_051,,d2,33:44.3,05:18.4,DACIA_SPRING,Dacia Spring 33 kW,33000,139,58:19.7,6.9,11.2,300,WNW,7.109962428365279,20.59350734118833,228.0,56.0,,,,52.0,174.0,2.0,0.0,204.0,24.0,90,6.0
59:16.9,,,82,,98.5,,,,,,,51,-2.4968615,43.17765,244.22272,35.80999290800674,59:17.4,6,-0.479,0101000020E6100000BF75548E92F903C08EAB9243BD964540,20230420_DACIA_BILBAO_EIBAR_051,,d2,33:44.3,05:18.4,DACIA_SPRING,Dacia Spring 33 kW,33000,139,58:19.7,6.9,11.2,300,WNW,8.60641393066358,9.786903738866735,228.0,56.0,,,,52.0,174.0,2.0,0.0,204.0,24.0,80,6.0
59:22.4,,,82,,98.5,,,,,,,51,-2.4957948,43.177834,238.49948,35.89905954761543,59:22.4,6,0.0289999999999999,0101000020E61000003ABFBF4063F703C08128FF42C3964540,20230420_DACIA_BILBAO_EIBAR_051,,d2,33:44.3,05:18.4,DACIA_SPRING,Dacia Spring 33 kW,33000,139,58:19.7,6.9,11.2,300,WNW,9.767248499173927,-0.7007594245201039,228.0,56.0,,,,52.0,174.0,2.0,0.0,204.0,24.0,25,6.0
59:28.0,,,82,,98.5,,,,,,,51,-2.4948137000000004,43.177822,232.14699,35.9788784414269,59:28.5,6,-0.493,0101000020E610000078D5E4D360F503C00E4D66D3C2964540,20230420_DACIA_BILBAO_EIBAR_051,,d2,33:44.3,05:18.4,DACIA_SPRING,Dacia Spring 33 kW,33000,139,58:19.7,6.9,11.2,300,WNW,10.728058213407072,-13.30794651501514,228.0,56.0,,,,52.0,174.0,2.0,0.0,204.0,24.0,85,6.0
59:33.4,,,82,,98.5,,,,,,,51,-2.4943402000000003,43.17771,226.87181,36.01958572936912,59:33.5,6,-0.052,0101000020E61000005804B5AF68F403C0D579FD48BF964540,20230420_DACIA_BILBAO_EIBAR_051,,d2,33:44.3,05:18.4,DACIA_SPRING,Dacia Spring 33 kW,33000,139,58:19.7,6.9,11.2,300,WNW,10.446158204123895,-8.858524869786875,228.0,56.0,,,,52.0,174.0,2.0,0.0,204.0,24.0,85,6.0
59:39.0,,,82,,98.5,,,,,,,51,-2.4938269,43.17763,223.35928,36.06229250192316,59:38.5,6,0.452,0101000020E6100000E52A828B5BF303C08008C79ABC964540,20230420_DACIA_BILBAO_EIBAR_051,,d2,33:44.3,05:18.4,DACIA_SPRING,Dacia Spring 33 kW,33000,139,58:19.7,6.9,11.2,300,WNW,10.43423147607729,-8.689999411688852,228.0,56.0,,,,52.0,174.0,2.0,0.0,204.0,24.0,40,5.0
59:44.4,,,82,,98.5,,,,,,,51,-2.4928455,43.17748,220.23618,36.14366079863786,59:44.6,6,-0.196,0101000020E6100000771EAA0159F103C0C716C0A9B7964540,20230420_DACIA_BILBAO_EIBAR_051,,d2,33:44.3,05:18.4,DACIA_SPRING,Dacia Spring 33 kW,33000,139,58:19.7,6.9,11.2,300,WNW,9.309974753071916,3.772874187107589,228.0,56.0,,,,52.0,174.0,2.0,0.0,204.0,24.0,40,5.0
59:49.9,,,82,,98.5,,,,,,,51,-2.4919963,43.177536,216.12268,36.21292352566634,59:49.6,6,0.255,0101000020E610000054E5C3B39BEF03C08FCFB882B9964540,20230420_DACIA_BILBAO_EIBAR_051,,d2,33:44.3,05:18.4,DACIA_SPRING,Dacia Spring 33 kW,33000,139,58:19.7,6.9,11.2,300,WNW,6.197996078819205,26.39993411432317,228.0,56.0,,,,52.0,174.0,2.0,0.0,204.0,24.0,85,5.0
59:55.5,,,82,,98.5,,,,,,,51,-2.4911623,43.17795,212.43857000000003,36.29481453491582,59:55.7,6,-0.226,0101000020E6100000936A3685E6ED03C0F11A6617C7964540,20230420_DACIA_BILBAO_EIBAR_051,,d2,33:44.3,05:18.4,DACIA_SPRING,Dacia Spring 33 kW,33000,139,58:19.7,6.9,11.2,300,WNW,-0.0574109165777407,60.29369800207454,228.0,56.0,,,,52.0,174.0,2.0,0.0,204.0,24.0,80,5.0
00:00.9,,,82,,98.5,,,,,,,51,-2.4908428,43.17851,209.2559,36.36233310831882,00:00.8,6,0.182,0101000020E61000006BF607FD3EED03C0577EC065D9964540,20230420_DACIA_BILBAO_EIBAR_051,,d2,33:44.3,05:18.4,DACIA_SPRING,Dacia Spring 33 kW,33000,139,58:19.7,6.9,11.2,300,WNW,-0.4017513267928998,62.0556780950714,261.0,59.0,,,,41.0,215.0,5.0,0.0,246.0,15.0,40,5.0
00:06.3,,,82,,98.5,,,,,,,51,-2.4906025,43.178963,204.86261,36.41652011400793,00:06.8,6,-0.44,0101000020E6100000924294F5C0EC03C0FC75BD3BE8964540,20230420_DACIA_BILBAO_EIBAR_051,,d2,33:44.3,05:18.4,DACIA_SPRING,Dacia Spring 33 kW,33000,139,01:45.0,15.0,24.1,40,NE,-23.444588130352727,36.60707481168544,261.0,59.0,,,,41.0,215.0,5.0,0.0,246.0,15.0,40,5.0
00:11.8,,,82,,98.5,,,,,,,51,-2.490445,43.17908,201.7319,36.435017516469976,00:11.8,6,0.04,0101000020E61000000AE0205D6EEC03C023340F16EC964540,20230420_DACIA_BILBAO_EIBAR_051,,d2,33:44.3,05:18.4,DACIA_SPRING,Dacia Spring 33 kW,33000,139,01:45.0,15.0,24.1,40,NE,-23.989712696515344,44.51650279044825,261.0,59.0,,,,41.0,215.0,5.0,0.0,246.0,15.0,40,5.0
00:17.4,,,82,,98.5,,,,,,,51,-2.4903972000000003,43.179127,198.99138,36.44207766272461,00:17.9,6,-0.499,0101000020E6100000237F8D6A55EC03C0DD787A93ED964540,20230420_DACIA_BILBAO_EIBAR_051,,d2,33:44.3,05:18.4,DACIA_SPRING,Dacia Spring 33 kW,33000,139,01:45.0,15.0,24.1,40,NE,-24.050092636511373,46.31203833935826,261.0,59.0,,,,41.0,215.0,5.0,0.0,246.0,15.0,40,5.0
00:22.9,,,82,,98.5,,,,,,,51,-2.4901135,43.179424,199.97809,36.48233675466509,00:22.9,6,0.001,0101000020E610000005AB6998C0EB03C0EDAE6A61F7964540,20230420_DACIA_BILBAO_EIBAR_051,,d2,33:44.3,05:18.4,DACIA_SPRING,Dacia Spring 33 kW,33000,139,01:45.0,15.0,24.1,40,NE,-23.24561473039352,34.69802650844201,261.0,59.0,,,,41.0,215.0,5.0,0.0,246.0,15.0,40,5.0
00:28.4,,,82,,98.5,,,,,,,51,-2.489595,43.179783,200.46999,36.540313748903586,00:27.9,6,0.49,0101000020E61000003071C6B7B0EA03C08BC4131A03974540,20230420_DACIA_BILBAO_EIBAR_051,,d2,33:44.3,05:18.4,DACIA_SPRING,Dacia Spring 33 kW,33000,139,01:45.0,15.0,24.1,40,NE,-17.572130622272944,6.8138475153808855,261.0,59.0,,,,41.0,215.0,5.0,0.0,246.0,15.0,8,5.0
00:33.9,,,82,,98.5,,,,,,,51,-2.488892,43.179867,203.01605,36.59813236059762,00:34.0,6,-0.022,0101000020E61000004492BC3E40E903C028BE43E605974540,20230420_DACIA_BILBAO_EIBAR_051,,d2,33:44.3,05:18.4,DACIA_SPRING,Dacia Spring 33 kW,33000,139,01:45.0,15.0,24.1,40,NE,-18.906612305060037,11.67508023835478,261.0,59.0,,,,41.0,215.0,5.0,0.0,246.0,15.0,40,5.0
00:39.6,,,82,,98.5,,,,,,,51,-2.488229,43.180004,201.52116,36.65402794404361,00:40.0,6,-0.3879999999999999,0101000020E61000002C4C75AAE4E703C06AC7A9650A974540,20230420_DACIA_BILBAO_EIBAR_051,,d2,33:44.3,05:18.4,DACIA_SPRING,Dacia Spring 33 kW,33000,139,01:45.0,15.0,24.1,40,NE,-18.867759673362748,11.526370929722871,261.0,59.0,,,,41.0,215.0,5.0,0.0,246.0,15.0,40,5.0
00:45.1,,,82,,98.5,,,,,,,51,-2.4876847,43.180115,199.72853,36.69989046476941,00:45.1,6,0.03,0101000020E6100000C37AD241C7E603C0A9D519F40D974540,20230420_DACIA_BILBAO_EIBAR_051,,d2,33:44.3,05:18.4,DACIA_SPRING,Dacia Spring 33 kW,33000,139,01:45.0,15.0,24.1,40,NE,-18.355546384204832,9.609072877777376,261.0,59.0,,,,41.0,215.0,5.0,0.0,246.0,15.0,40,5.0
00:50.6,,,82,,98.5,,,,,,,51,-2.4872417,43.18019,198.6253,36.736782567326884,00:50.1,6,0.489,0101000020E610000094AB4E0DDFE503C05953CD8E10974540,20230420_DACIA_BILBAO_EIBAR_051,,d2,33:44.3,05:18.4,DACIA_SPRING,Dacia Spring 33 kW,33000,139,01:45.0,15.0,24.1,40,NE,-18.89405954515161,11.626980982106618,261.0,59.0,,,,41.0,215.0,5.0,0.0,246.0,15.0,40,5.0
00:56.0,,,82,,98.5,,,,,,,51,-2.4868286,43.180275,198.03755,36.77159122484061,00:56.2,6,-0.192,0101000020E61000005E67516E06E503C0C313413213974540,20230420_DACIA_BILBAO_EIBAR_051,,d2,33:44.3,05:18.4,DACIA_SPRING,Dacia Spring 33 kW,33000,139,01:45.0,15.0,24.1,40,NE,-20.80480796250652,19.68574963733282,261.0,59.0,,,,41.0,215.0,5.0,0.0,246.0,15.0,40,5.0
01:01.5,,,82,,98.5,,,,,,,51,-2.4864876,43.180397,196.32379,36.80243705359123,01:01.2,6,0.25,0101000020E6100000B979AF9D53E403C0225C4B3A17974540,20230420_DACIA_BILBAO_EIBAR_051,,d2,33:44.3,05:18.4,DACIA_SPRING,Dacia Spring 33 kW,33000,139,01:45.0,15.0,24.1,40,NE,-17.425324291002816,6.306249710799577,261.0,59.0,,,,41.0,215.0,5.0,0.0,246.0,15.0,25,5.0
01:06.9,,,82,,98.5,,,,,,,51,-2.4860985,43.18044,195.00443,36.834374209892616,01:07.3,6,-0.39,0101000020E610000098B38B9087E303C00296269018974540,20230420_DACIA_BILBAO_EIBAR_051,,d2,33:44.3,05:18.4,DACIA_SPRING,Dacia Spring 33 kW,33000,139,01:45.0,15.0,24.1,40,NE,-18.051732885541533,8.506817531386215,261.0,59.0,,,,41.0,215.0,5.0,0.0,246.0,15.0,25,5.0
01:12.4,,,82,,98.5,,,,,,,51,-2.4856305,43.18051,193.20229,36.87315326678861,01:12.3,6,0.1,0101000020E610000037648E4092E203C0228F050B1B974540,20230420_DACIA_BILBAO_EIBAR_051,,d2,33:44.3,05:18.4,DACIA_SPRING,Dacia Spring 33 kW,33000,139,01:45.0,15.0,24.1,40,NE,-19.3415269465195,13.374590745007488,261.0,59.0,,,,41.0,215.0,5.0,0.0,246.0,15.0,25,5.0
01:18.0,,,82,,98.5,,,,,,,51,-2.4851258,43.18063,191.88956,36.916216535774375,01:18.4,6,-0.41,0101000020E61000007124AC9489E103C0192FD4D91E974540,20230420_DACIA_BILBAO_EIBAR_051,,d2,33:44.3,05:18.4,DACIA_SPRING,Dacia Spring 33 kW,33000,139,01:45.0,15.0,24.1,40,NE,-21.109904570145957,21.155191071704756,261.0,59.0,,,,41.0,215.0,5.0,0.0,246.0,15.0,25,5.0
01:23.4,,,82,,98.5,,,,,,,51,-2.484702,43.180794,191.32278,36.95512273870572,01:23.4,6,0.03,0101000020E610000028A81E78ABE003C0DC16553224974540,20230420_DACIA_BILBAO_EIBAR_051,,d2,33:44.3,05:18.4,DACIA_SPRING,Dacia Spring 33 kW,33000,139,01:45.0,15.0,24.1,40,NE,-22.848344454393647,31.45318654018857,261.0,59.0,,,,41.0,215.0,5.0,0.0,246.0,15.0,25,5.0
01:28.9,,,82,,98.5,,,,,,,51,-2.4843783,43.180992,191.88037,36.989385306311696,01:28.5,6,0.431,0101000020E6100000E6E123BE01E003C018F281CE2A974540,20230420_DACIA_BILBAO_EIBAR_051,,d2,33:44.3,05:18.4,DACIA_SPRING,Dacia Spring 33 kW,33000,139,01:45.0,15.0,24.1,40,NE,-22.87978819020765,31.68966140099141,261.0,59.0,,,,41.0,215.0,5.0,0.0,246.0,15.0,8,5.0
01:34.4,,,82,,98.5,,,,,,,51,-2.4839118,43.18128,190.85014,37.03895689513826,01:34.5,6,-0.091,0101000020E6100000CDE591170DDF03C04BD3BE2A34974540,20230420_DACIA_BILBAO_EIBAR_051,,d2,33:44.3,05:18.4,DACIA_SPRING,Dacia Spring 33 kW,33000,139,01:45.0,15.0,24.1,40,NE,-21.80220275052433,24.77695361188377,261.0,59.0,,,,41.0,215.0,5.0,0.0,246.0,15.0,8,5.0
01:39.9,,,82,,98.5,,,,,,,51,-2.483511,43.181465,190.98788,37.07741850033728,01:39.5,6,0.371,0101000020E6100000FFE0C80E3BDE03C0483D2F393A974540,20230420_DACIA_BILBAO_EIBAR_051,,d2,33:44.3,05:18.4,DACIA_SPRING,Dacia Spring 33 kW,33000,139,01:45.0,15.0,24.1,40,NE,-21.42408302806915,22.74361373894885,261.0,59.0,,,,41.0,215.0,5.0,0.0,246.0,15.0,8,5.0
01:45.4,,,82,,98.5,,,,,,,51,-2.483084,43.181644,192.79663,37.117395039833774,01:45.6,6,-0.172,0101000020E6100000EAE114185BDD03C0B80BE72340974540,20230420_DACIA_BILBAO_EIBAR_051,,d2,33:44.3,05:18.4,DACIA_SPRING,Dacia Spring 33 kW,33000,139,01:45.0,15.0,24.1,40,NE,-22.713707197482066,30.47186756135076,261.0,59.0,,,,41.0,215.0,5.0,0.0,246.0,15.0,8,4.0
01:50.9,,,82,,98.5,,,,,,,51,-2.482688,43.181877,193.9979,37.158670202854914,01:50.7,6,0.28,0101000020E610000008E0C8828BDC03C020F946BA47974540,20230420_DACIA_BILBAO_EIBAR_051,,d2,33:44.3,05:18.4,DACIA_SPRING,Dacia Spring 33 kW,33000,139,01:45.0,15.0,24.1,40,NE,-22.746428212150136,30.705937180667707,261.0,59.0,,,,41.0,215.0,5.0,0.0,246.0,15.0,8,4.0
01:56.3,,,82,,98.5,,,,,,,51,-2.482262,43.18213,192.44226,37.203244960644774,01:56.7,6,-0.37,0101000020E610000061E06514ACDB03C046F765F54F974540,20230420_DACIA_BILBAO_EIBAR_051,,d2,33:44.3,05:18.4,DACIA_SPRING,Dacia Spring 33 kW,33000,139,01:45.0,15.0,24.1,40,NE,-23.450843357863647,36.67143002032145,261.0,59.0,,,,41.0,215.0,5.0,0.0,246.0,15.0,8,4.0
02:01.8,,,82,,98.5,,,,,,,51,-2.4819934,43.18233,191.12872,37.234399369781606,02:01.7,6,0.0969999999999999,0101000020E6100000A52F116A1FDB03C03E2BDF9056974540,20230420_DACIA_BILBAO_EIBAR_051,,d2,33:44.3,05:18.4,DACIA_SPRING,Dacia Spring 33 kW,33000,139,01:45.0,15.0,24.1,40,NE,-24.03206665143896,54.30301330609766,261.0,59.0,,,,41.0,215.0,5.0,0.0,246.0,15.0,8,4.0
02:07.3,,,82,,98.5,,,,,,,51,-2.4818885,43.182476,190.90462,37.252728298899264,02:06.8,6,0.47,0101000020E6100000D8036956E8DA03C04B5648635B974540,20230420_DACIA_BILBAO_EIBAR_051,,d2,33:44.3,05:18.4,DACIA_SPRING,Dacia Spring 33 kW,33000,139,01:45.0,15.0,24.1,40,NE,-20.52736206960056,81.59662891046814,261.0,59.0,,,,41.0,215.0,5.0,0.0,246.0,15.0,8,4.0
02:12.8,,,82,,98.5,,,,,,,51,-2.481882,43.18252,191.2097,37.2576586272102,02:12.8,6,-0.0069999999999999,0101000020E6100000D297970DE5DA03C046684DEC5C974540,20230420_DACIA_BILBAO_EIBAR_051,,d2,33:44.3,05:18.4,DACIA_SPRING,Dacia Spring 33 kW,33000,139,01:45.0,15.0,24.1,40,NE,-15.491181393445602,0.0,261.0,59.0,,,,41.0,215.0,5.0,0.0,246.0,15.0,8,4.0
02:18.2,,,82,,98.5,,,,,,,51,-2.481882,43.18252,191.2097,37.2576586272102,02:17.9,6,0.368,0101000020E6100000D297970DE5DA03C046684DEC5C974540,20230420_DACIA_BILBAO_EIBAR_051,,d2,33:44.3,05:18.4,DACIA_SPRING,Dacia Spring 33 kW,33000,139,01:45.0,15.0,24.1,40,NE,-15.491181393445602,0.0,261.0,59.0,,,,41.0,215.0,5.0,0.0,246.0,15.0,8,4.0
02:23.8,,,82,,98.5,,,,,,,51,-2.481882,43.18252,191.2097,37.2576586272102,02:23.9,6,-0.155,0101000020E6100000D297970DE5DA03C046684DEC5C974540,20230420_DACIA_BILBAO_EIBAR_051,,d2,33:44.3,05:18.4,DACIA_SPRING,Dacia Spring 33 kW,33000,139,01:45.0,15.0,24.1,40,NE,-22.900252323749573,31.845160524641702,261.0,59.0,,,,41.0,215.0,5.0,0.0,246.0,15.0,8,4.0
02:29.3,,,82,,98.5,,,,,,,51,-2.4818337,43.18255,190.66971,37.262831258775286,02:29.0,6,0.311,0101000020E6100000318B4FAECBDA03C00B7F3FC55D974540,20230420_DACIA_BILBAO_EIBAR_051,,d2,33:44.3,05:18.4,DACIA_SPRING,Dacia Spring 33 kW,33000,139,01:45.0,15.0,24.1,40,NE,-22.931619162715076,32.08603599730381,261.0,59.0,,,,41.0,215.0,5.0,0.0,246.0,15.0,8,4.0
02:34.8,,,82,,98.5,,,,,,,51,-2.481419,43.18281,191.41241,37.30718169710452,02:35.0,6,-0.179,0101000020E61000007FB79430F2D903C01876306766974540,20230420_DACIA_BILBAO_EIBAR_051,,d2,33:44.3,05:18.4,DACIA_SPRING,Dacia Spring 33 kW,33000,139,03:19.7,6.9,11.2,300,WNW,7.605147350787784,17.232030656367677,261.0,59.0,,,,41.0,215.0,5.0,0.0,246.0,15.0,40,4.0
02:40.4,,,82,,98.5,,,,,,,51,-2.4808838,43.182976,191.31148,37.354338641513166,02:40.0,6,0.321,0101000020E6100000F1F6E4A8D9D803C0A67010B16B974540,20230420_DACIA_BILBAO_EIBAR_051,,d2,33:44.3,05:18.4,DACIA_SPRING,Dacia Spring 33 kW,33000,139,03:19.7,6.9,11.2,300,WNW,7.006092364705389,21.277876099849355,261.0,59.0,,,,41.0,215.0,5.0,0.0,246.0,15.0,40,4.0
02:45.9,,,82,,98.5,,,,,,,51,-2.4802778,43.183212,188.82019,37.41009750167107,02:46.1,6,-0.221,0101000020E6100000BD8051E99BD703C0EEA5D28373974540,20230420_DACIA_BILBAO_EIBAR_051,,d2,33:44.3,05:18.4,DACIA_SPRING,Dacia Spring 33 kW,33000,139,03:19.7,6.9,11.2,300,WNW,6.548158913083924,24.221234434651244,261.0,59.0,,,,41.0,215.0,5.0,0.0,246.0,15.0,8,4.0
02:51.4,,,82,,98.5,,,,,,,51,-2.4798021,43.183426,185.91978,37.455509681259194,02:51.2,6,0.171,0101000020E6100000F605DB89A2D603C0945498767A974540,20230420_DACIA_BILBAO_EIBAR_051,,d2,33:44.3,05:18.4,DACIA_SPRING,Dacia Spring 33 kW,33000,139,03:19.7,6.9,11.2,300,WNW,9.911024481874191,-2.240804671163432,261.0,59.0,,,,41.0,215.0,5.0,0.0,246.0,15.0,40,4.0
02:56.9,,,82,,98.5,,,,,,,51,-2.4793932,43.18341,184.94218,37.488725237371774,02:57.2,6,-0.342,0101000020E6100000877FF92ACCD503C05CCA6EF879974540,20230420_DACIA_BILBAO_EIBAR_051,,d2,33:44.3,05:18.4,DACIA_SPRING,Dacia Spring 33 kW,33000,139,03:19.7,6.9,11.2,300,WNW,10.664642270517996,-12.21327654598239,261.0,59.0,,,,41.0,215.0,5.0,0.0,246.0,15.0,40,4.0
03:02.4,,,82,,98.5,,,,,,,51,-2.479116,43.18335,183.33612,37.51222480350751,03:02.3,6,0.12,0101000020E6100000B89C97BD3AD503C0E6C73DF477974540,20230420_DACIA_BILBAO_EIBAR_051,,d2,33:44.3,05:18.4,DACIA_SPRING,Dacia Spring 33 kW,33000,139,03:19.7,6.9,11.2,300,WNW,8.288986449254399,12.261081180746125,261.0,59.0,,,,41.0,215.0,5.0,0.0,246.0,15.0,40,4.0
03:07.8,,,82,,98.5,,,,,,,51,-2.4787939,43.18342,183.76927,37.5394792705276,03:07.3,6,0.488,0101000020E6100000EC4C0AD791D403C02449CF487A974540,20230420_DACIA_BILBAO_EIBAR_051,,d2,33:44.3,05:18.4,DACIA_SPRING,Dacia Spring 33 kW,33000,139,03:19.7,6.9,11.2,300,WNW,1.0464647437336143,54.63878603357,261.0,59.0,,,,41.0,215.0,5.0,0.0,246.0,15.0,40,4.0
03:13.3,,,82,,98.5,,,,,,,51,-2.4786541,43.183617,182.13925,37.56419735770574,03:13.4,6,-0.06,0101000020E6100000D208489F48D403C0BC5740BF80974540,20230420_DACIA_BILBAO_EIBAR_051,,d2,33:44.3,05:18.4,DACIA_SPRING,Dacia Spring 33 kW,33000,139,03:19.7,6.9,11.2,300,WNW,-10.24681941988252,126.19076201855128,261.0,59.0,,,,41.0,215.0,5.0,0.0,246.0,15.0,40,4.0
03:18.7,,,82,,98.5,,,,,,,51,-2.4788992000000003,43.183952000000005,185.69414,37.60656643121634,03:18.4,6,0.33,0101000020E61000006C61C51CC9D403C03DB594C48B974540,20230420_DACIA_BILBAO_EIBAR_051,,d2,33:44.3,05:18.4,DACIA_SPRING,Dacia Spring 33 kW,33000,139,03:19.7,6.9,11.2,300,WNW,-10.346288962069412,127.48447416158852,261.0,59.0,,,,41.0,215.0,5.0,0.0,246.0,15.0,8,4.0
03:24.2,,,82,,98.5,,,,,,,51,-2.4792328,43.184387,187.67848,37.66202055502107,03:24.4,6,-0.201,0101000020E61000004183ED0478D503C063A6D00A9A974540,20230420_DACIA_BILBAO_EIBAR_051,,d2,33:44.3,05:18.4,DACIA_SPRING,Dacia Spring 33 kW,33000,139,03:19.7,6.9,11.2,300,WNW,-10.96281535969286,138.18751360914743,261.0,59.0,,,,41.0,215.0,5.0,0.0,246.0,15.0,8,4.0
03:29.6,,,82,,98.5,,,,,,,51,-2.479538,43.18466,189.3262,37.70121918574989,03:29.5,6,0.16,0101000020E6100000790D53F017D603C01F046C01A3974540,20230420_DACIA_BILBAO_EIBAR_051,,d2,33:44.3,05:18.4,DACIA_SPRING,Dacia Spring 33 kW,33000,139,03:19.7,6.9,11.2,300,WNW,-8.531087571031938,109.61467179952804,261.0,59.0,,,,41.0,215.0,5.0,0.0,246.0,15.0,40,4.0
03:35.1,,,82,,98.5,,,,,,,51,-2.4796107000000003,43.184864000000005,191.65768,37.724771945140006,03:35.5,6,-0.38,0101000020E610000021B293213ED603C0DA5138A8A9974540,20230420_DACIA_BILBAO_EIBAR_051,,d2,33:44.3,05:18.4,DACIA_SPRING,Dacia Spring 33 kW,33000,139,03:19.7,6.9,11.2,300,WNW,-8.386433232528256,-168.48555841364544,261.0,59.0,,,,41.0,215.0,5.0,0.0,246.0,15.0,40,4.0
03:40.6,,,82,,98.5,,,,,,,51,-2.4797776,43.18483,191.30096,37.73882655415434,03:40.6,6,0.04,0101000020E6100000C9F7DB9E95D603C022E6FF81A8974540,20230420_DACIA_BILBAO_EIBAR_051,,d2,33:44.3,05:18.4,DACIA_SPRING,Dacia Spring 33 kW,33000,139,03:19.7,6.9,11.2,300,WNW,-1.265758653644117,-126.48909837245544,261.0,59.0,,,,41.0,215.0,5.0,0.0,246.0,15.0,25,4.0
03:46.1,,,82,,98.5,,,,,,,51,-2.4799995,43.18453,187.38448,37.776929180657,03:46.6,6,-0.484,0101000020E6100000F61851090AD703C0BCE5E1919E974540,20230420_DACIA_BILBAO_EIBAR_051,,d2,33:44.3,05:18.4,DACIA_SPRING,Dacia Spring 33 kW,33000,139,03:19.7,6.9,11.2,300,WNW,-6.454882179066948,-155.1927396924988,261.0,59.0,,,,41.0,215.0,5.0,0.0,246.0,15.0,25,4.0
03:51.6,,,82,,98.5,,,,,,,51,-2.4804971,43.1843,182.8599,37.82491072088117,03:51.7,6,-0.03,0101000020E610000088DAFBDB0ED803C0178B371897974540,20230420_DACIA_BILBAO_EIBAR_051,,d2,33:44.3,05:18.4,DACIA_SPRING,Dacia Spring 33 kW,33000,139,03:19.7,6.9,11.2,300,WNW,-5.669900889442041,-150.41377743061884,261.0,59.0,,,,41.0,215.0,5.0,0.0,246.0,15.0,40,4.0
03:57.2,,,82,,98.5,,,,,,,51,-2.4809022,43.18407,182.25435,37.86654279341024,03:56.7,6,0.46,0101000020E610000068D7E349E3D803C0553532AE8F974540,20230420_DACIA_BILBAO_EIBAR_051,,d2,33:44.3,05:18.4,DACIA_SPRING,Dacia Spring 33 kW,33000,139,03:19.7,6.9,11.2,300,WNW,-4.4165158744186455,-143.22430506641211,261.0,59.0,,,,41.0,215.0,5.0,0.0,246.0,15.0,40,4.0
04:02.6,,,82,,98.5,,,,,,,51,-2.4813504,43.183735,182.00024,37.91858331997291,04:02.7,6,-0.089,0101000020E61000007CE5B344CED903C05396849A84974540,20230420_DACIA_BILBAO_EIBAR_051,,d2,33:44.3,05:18.4,DACIA_SPRING,Dacia Spring 33 kW,33000,139,03:19.7,6.9,11.2,300,WNW,-3.7670562288305858,-139.65430525299803,261.0,59.0,,,,41.0,215.0,5.0,0.0,246.0,15.0,40,4.0
04:08.1,,,82,,98.5,,,,,,,51,-2.4816506,43.18348,181.72684,37.955953110964344,04:07.8,6,0.358,0101000020E6100000C26726A36BDA03C0C454A04C7C974540,20230420_DACIA_BILBAO_EIBAR_051,,d2,33:44.3,05:18.4,DACIA_SPRING,Dacia Spring 33 kW,33000,139,03:19.7,6.9,11.2,300,WNW,-3.761773019683592,-139.6256084845491,261.0,59.0,,,,41.0,215.0,5.0,0.0,246.0,15.0,40,4.0
04:13.6,,,82,,98.5,,,,,,,51,-2.4820387000000004,43.18315,181.8395,38.00429214453019,04:13.8,6,-0.21,0101000020E6100000D797771437DB03C023E7657C71974540,20230420_DACIA_BILBAO_EIBAR_051,,d2,33:44.3,05:18.4,DACIA_SPRING,Dacia Spring 33 kW,33000,139,03:19.7,6.9,11.2,300,WNW,-3.608522216108038,-138.79538736656173,261.0,59.0,,,,41.0,215.0,5.0,0.0,246.0,15.0,40,4.0
04:19.0,,,82,,98.5,,,,,,,51,-2.4824076,43.182827,183.46893,38.051060175141146,04:18.9,6,0.148,0101000020E610000038F85E70F8DB03C00397F3ED66974540,20230420_DACIA_BILBAO_EIBAR_051,,d2,33:44.3,05:18.4,DACIA_SPRING,Dacia Spring 33 kW,33000,139,03:19.7,6.9,11.2,300,WNW,-3.618869172151495,-138.8513101037962,261.0,59.0,,,,41.0,215.0,5.0,0.0,246.0,15.0,40,4.0
04:24.5,,,82,,98.5,,,,,,,51,-2.4828436000000003,43.182446,184.9757,38.10625792684324,04:24.9,6,-0.382,0101000020E610000008EBDF1BDDDC03C08C95F3575A974540,20230420_DACIA_BILBAO_EIBAR_051,,d2,33:44.3,05:18.4,DACIA_SPRING,Dacia Spring 33 kW,33000,139,03:19.7,6.9,11.2,300,WNW,-7.081701538877583,-159.21963091759935,261.0,59.0,,,,41.0,215.0,5.0,0.0,246.0,15.0,8,4.0
04:29.9,,,82,,98.5,,,,,,,51,-2.483397,43.182236,185.6447,38.15684502284366,04:29.9,6,-0.001,0101000020E6100000C26FD042FFDD03C095A8557D53974540,20230420_DACIA_BILBAO_EIBAR_051,,d2,33:44.3,05:18.4,DACIA_SPRING,Dacia Spring 33 kW,33000,139,03:19.7,6.9,11.2,300,WNW,-6.69408095363145,-156.70433441417936,261.0,59.0,,,,41.0,215.0,5.0,0.0,246.0,15.0,8,4.0
04:35.5,,,82,,98.5,,,,,,,51,-2.4839451,43.182,186.25955,38.20845893809981,04:36.0,6,-0.48,0101000020E61000006AACE6981EDF03C0E83976B14B974540,20230420_DACIA_BILBAO_EIBAR_051,,d2,33:44.3,05:18.4,DACIA_SPRING,Dacia Spring 33 kW,33000,139,03:19.7,6.9,11.2,300,WNW,-5.86890545404076,-151.6015815051523,261.0,59.0,,,,41.0,215.0,5.0,0.0,246.0,15.0,8,5.0
04:40.9,,,82,,98.5,,,,,,,51,-2.484389,43.18176,185.95708,38.25326642982795,04:41.0,6,-0.09,0101000020E61000003026BF6507E003C09DB210D743974540,20230420_DACIA_BILBAO_EIBAR_051,,d2,33:44.3,05:18.4,DACIA_SPRING,Dacia Spring 33 kW,33000,139,03:19.7,6.9,11.2,300,WNW,-6.872400484305488,-157.8507855216628,261.0,59.0,,,,41.0,215.0,5.0,0.0,246.0,15.0,25,5.0
04:46.4,,,82,,98.5,,,,,,,51,-2.484814,43.181587,185.22919,38.29273871477696,04:46.1,6,0.35,0101000020E610000009E84421E6E003C036D4AD3E3E974540,20230420_DACIA_BILBAO_EIBAR_051,,d2,33:44.3,05:18.4,DACIA_SPRING,Dacia Spring 33 kW,33000,139,03:19.7,6.9,11.2,300,WNW,-7.315239523621783,-160.77924811267832,261.0,59.0,,,,41.0,215.0,5.0,0.0,246.0,15.0,25,5.0
04:51.9,,,82,,98.5,,,,,,,51,-2.485293,43.18142,185.73958,38.3357910943205,04:52.1,6,-0.179,0101000020E61000009FC34431E1E103C082E448B838974540,20230420_DACIA_BILBAO_EIBAR_051,,d2,33:44.3,05:18.4,DACIA_SPRING,Dacia Spring 33 kW,33000,139,03:19.7,6.9,11.2,300,WNW,-6.669236612687221,-156.54597019414786,261.0,59.0,,,,41.0,215.0,5.0,0.0,246.0,15.0,25,5.0
04:57.4,,,82,,98.5,,,,,,,51,-2.4858577,43.181175,186.11696,38.38907133109752,04:57.2,6,0.242,0101000020E6100000B2FB375109E303C0E89828CC30974540,20230420_DACIA_BILBAO_EIBAR_051,,d2,33:44.3,05:18.4,DACIA_SPRING,Dacia Spring 33 kW,33000,139,03:19.7,6.9,11.2,300,WNW,-7.514611487961546,-162.14023195428013,261.0,59.0,,,,41.0,215.0,5.0,0.0,246.0,15.0,25,5.0
05:02.9,,,82,,98.5,,,,,,,51,-2.4863884,43.181004,186.31787,38.43611618439016,05:03.2,6,-0.2789999999999999,0101000020E61000005E9BE7AB1FE403C02C8E9B2C2B974540,20230420_DACIA_BILBAO_EIBAR_051,,d2,33:44.3,05:18.4,DACIA_SPRING,Dacia Spring 33 kW,33000,139,06:45.1,15.0,24.1,40,NE,21.25800386997804,-158.10632685920052,261.0,59.0,,,,41.0,215.0,5.0,0.0,246.0,15.0,25,5.0
05:08.5,,,82,,98.5,,,,,,,51,-2.4868164,43.180832,188.21446,38.47578627662984,05:08.3,6,0.2,0101000020E610000066CAABF3FFE403C0B834347225974540,20230420_DACIA_BILBAO_EIBAR_051,,d2,33:44.3,05:18.4,DACIA_SPRING,Dacia Spring 33 kW,33000,139,06:45.1,15.0,24.1,40,NE,21.59587844896262,-156.35063188377254,261.0,59.0,,,,41.0,215.0,5.0,0.0,246.0,15.0,25,5.0
05:14.0,,,82,,98.5,,,,,,,51,-2.4873576,43.180595,190.70854,38.52703432872533,05:14.3,6,-0.3289999999999999,0101000020E610000039AB28C21BE603C078059CC61D974540,20230420_DACIA_BILBAO_EIBAR_051,,d2,33:44.3,05:18.4,DACIA_SPRING,Dacia Spring 33 kW,33000,139,06:45.1,15.0,24.1,40,NE,,,261.0,59.0,,,,41.0,215.0,5.0,0.0,246.0,15.0,40,5.0
