timestamp_data_utc,elv_spy,speed,soc,amb_temp,soh,regenwh,Motor Pwr(w),Aux Pwr(100w),Motor Temp,Torque Nm,rpm,route_id,longitude,latitude,altitude,cumul_dist,timestamp_gps_utc,car_id,time_diff,point_geom,route_code,route_description,driver,start_timestamp,end_timestamp,car_code,car_description,capacity,ref_consumption,timestamp_weather_utc,wind_mph,wind_kph,wind_degree,wind_dir,Frontal_Wind,Veh_deg,totalVehicles,speedAvg,cars_by_speed_interval_0_80,cars_by_speed_interval_80_100,cars_by_speed_interval_100_120,cars_by_speed_interval_0_50,cars_by_speed_interval_50_80,cars_by_speed_interval_80_120,cars_by_speed_interval_120_inf,cars_by_length_interval_0_7,cars_by_length_interval_7_inf,max_speed,radius
48:32.5,,,86,,98.5,,,,,,,28,-2.2703726000000004,43.179287,163.06488000000002,0.0,48:32.1,6,0.429,0101000020E6100000DE2DC82BB92902C0DD9123D2F2964540,20230419_DACIA_AZPEITIA_DONOSTIA_028,,d1,48:13.9,26:13.9,DACIA_SPRING,Dacia Spring 33 kW,33000,139,46:56.4,8.1,13,360,N,-3.191870011932448,14.213066358445394,152,71,,,,2.0,121.0,29.0,0,130,22,25,2
48:38.2,,,86,,98.5,,,,,,,28,-2.2698317,43.179424,158.66904,0.04663680788342953,48:38.2,6,0.005,0101000020E61000007EC3A6759D2802C0E719915CF7964540,20230419_DACIA_AZPEITIA_DONOSTIA_028,,d1,48:13.9,26:13.9,DACIA_SPRING,Dacia Spring 33 kW,33000,139,46:56.4,8.1,13,360,N,0.983887243985384,-4.340503302915319,152,71,,,,2.0,121.0,29.0,0,130,22,25,2
48:43.8,,,86,,98.5,,,,,,,28,-2.269779,43.17942,156.57846,0.051414714582152236,48:44.3,6,-0.502,0101000020E6100000104473D4812802C07AB4FD4DF7964540,20230419_DACIA_AZPEITIA_DONOSTIA_028,,d1,48:13.9,26:13.9,DACIA_SPRING,Dacia Spring 33 kW,33000,139,46:56.4,8.1,13,360,N,-5.261288211970364,23.873236093043623,152,71,,,,2.0,121.0,29.0,0,130,22,25,2
48:49.4,,,86,,98.5,,,,,,,28,-2.2694333,43.179573,154.34056,0.08428085373232796,48:49.3,6,0.065,0101000020E6100000ACE90691CC2702C009400B4FFC964540,20230419_DACIA_AZPEITIA_DONOSTIA_028,,d1,48:13.9,26:13.9,DACIA_SPRING,Dacia Spring 33 kW,33000,139,46:56.4,8.1,13,360,N,-7.674631198577057,36.182292576776405,152,71,,,,2.0,121.0,29.0,0,130,22,25,2
48:55.0,,,86,,98.5,,,,,,,28,-2.2690997000000004,43.179817,152.38533,0.12264277740064607,48:55.4,6,-0.412,0101000020E6100000D1C4E3C21D2702C03F5CA94504974540,20230419_DACIA_AZPEITIA_DONOSTIA_028,,d1,48:13.9,26:13.9,DACIA_SPRING,Dacia Spring 33 kW,33000,139,46:56.4,8.1,13,360,N,-2.3880612583373385e-15,0.0,152,71,,,,2.0,121.0,29.0,0,130,22,65,2
49:00.5,,,86,,98.5,,,,,,,28,-2.2687137,43.179817,148.76164,0.15415043767515388,49:00.4,6,0.055,0101000020E6100000B3D60A57532602C01767D04104974540,20230419_DACIA_AZPEITIA_DONOSTIA_028,,d1,48:13.9,26:13.9,DACIA_SPRING,Dacia Spring 33 kW,33000,139,46:56.4,8.1,13,360,N,3.650230511395192,-16.30717868924738,152,71,,,,2.0,121.0,29.0,0,130,22,65,2
49:06.0,,,86,,98.5,,,,,,,28,-2.2679036,43.17958,145.20421000000002,0.22501564789207015,49:06.5,6,-0.452,0101000020E6100000901B1B91AA2402C0D72BFD81FC964540,20230419_DACIA_AZPEITIA_DONOSTIA_028,,d1,48:13.9,26:13.9,DACIA_SPRING,Dacia Spring 33 kW,33000,139,46:56.4,8.1,13,360,N,3.920733784544808,-17.553422113404608,152,71,,,,2.0,121.0,29.0,0,130,22,25,2
49:11.5,,,86,,98.5,,,,,,,28,-2.2670374,43.179306,142.5238,0.3016218427392329,49:11.6,6,-0.057,0101000020E6100000891D5587E42202C0FD19378DF3964540,20230419_DACIA_AZPEITIA_DONOSTIA_028,,d1,48:13.9,26:13.9,DACIA_SPRING,Dacia Spring 33 kW,33000,139,46:56.4,8.1,13,360,N,4.147090235917064,-18.602879534071885,152,71,,,,2.0,121.0,29.0,0,130,22,25,2
49:17.0,,,86,,98.5,,,,,,,28,-2.2661580000000003,43.17901,141.94638,0.3801600437949086,49:16.6,6,0.444,0101000020E610000080783A7C172102C06628F6CFE9964540,20230419_DACIA_AZPEITIA_DONOSTIA_028,,d1,48:13.9,26:13.9,DACIA_SPRING,Dacia Spring 33 kW,33000,139,51:30.1,8.1,13,360,N,4.024731453663362,-18.03480857521033,152,71,,,,2.0,121.0,29.0,0,130,22,25,2
49:22.5,,,86,,98.5,,,,,,,28,-2.2652366,43.17871,141.81151,0.4619814500031587,49:22.6,6,-0.162,0101000020E6100000E3D9E153341F02C00F0038F4DF964540,20230419_DACIA_AZPEITIA_DONOSTIA_028,,d1,48:13.9,26:13.9,DACIA_SPRING,Dacia Spring 33 kW,33000,139,51:30.1,8.1,13,360,N,3.738380502998042,-16.712395521959397,152,71,,,,2.0,121.0,29.0,0,130,22,25,2
19/04/2023 12:49,,,86,,98.5,,,,,,,28,-2.264757,43.178566,141.97891,0.504038033571963,49:27.7,6,0.318,0101000020E6100000C0DC1BDC381E02C08474B148DB964540,20230419_DACIA_AZPEITIA_DONOSTIA_028,,d1,48:13.9,26:13.9,DACIA_SPRING,Dacia Spring 33 kW,33000,139,51:30.1,8.1,13,360,N,3.739745015961549,-16.71867476451438,152,71,,,,2.0,121.0,29.0,0,130,22,65,2
49:33.5,,,86,,98.5,,,,,,,28,-2.2643242000000003,43.178436,142.41394,0.5419951350136695,49:33.7,6,-0.2,0101000020E6100000D9EF55FE551D02C0E9801C0ED7964540,20230419_DACIA_AZPEITIA_DONOSTIA_028,,d1,48:13.9,26:13.9,DACIA_SPRING,Dacia Spring 33 kW,33000,139,51:30.1,8.1,13,360,N,3.399703540365211,-15.160014885283472,152,71,,,,2.0,121.0,29.0,0,130,22,65,2
49:39.1,,,86,,98.5,,,,,,,28,-2.2637632,43.178284000000005,142.9918,0.5905264513559665,49:38.8,6,0.326,0101000020E61000007E51D2E22F1C02C0326D75FED1964540,20230419_DACIA_AZPEITIA_DONOSTIA_028,,d1,48:13.9,26:13.9,DACIA_SPRING,Dacia Spring 33 kW,33000,139,51:30.1,8.1,13,360,N,3.812398681776556,-17.053314769355,152,71,,,,2.0,121.0,29.0,0,130,22,25,2
49:44.6,,,86,,98.5,,,,,,,28,-2.2631764,43.178104,141.55278,0.6421663917445953,49:44.8,6,-0.231,0101000020E6100000D7E6594FFC1A02C015302F12CC964540,20230419_DACIA_AZPEITIA_DONOSTIA_028,,d1,48:13.9,26:13.9,DACIA_SPRING,Dacia Spring 33 kW,33000,139,51:30.1,8.1,13,360,N,4.008512692338853,-17.959649081827475,152,71,,,,2.0,121.0,29.0,0,130,22,65,2
49:50.1,,,86,,98.5,,,,,,,28,-2.262763,43.17797,139.7526,0.6788941774312385,49:49.9,6,0.238,0101000020E61000008349B971231A02C062D41BC0C7964540,20230419_DACIA_AZPEITIA_DONOSTIA_028,,d1,48:13.9,26:13.9,DACIA_SPRING,Dacia Spring 33 kW,33000,139,51:30.1,8.1,13,360,N,6.218541268658775,-28.577649437779503,152,71,,,,2.0,121.0,29.0,0,130,22,65,2
49:55.6,,,86,,98.5,,,,,,,28,-2.2623224,43.17773,138.55177,0.7235040540048507,49:55.9,6,-0.3,0101000020E610000030E654883C1902C09C7D08E0BF964540,20230419_DACIA_AZPEITIA_DONOSTIA_028,,d1,48:13.9,26:13.9,DACIA_SPRING,Dacia Spring 33 kW,33000,139,51:30.1,8.1,13,360,N,12.733461103421842,-101.62227333157507,152,71,,,,2.0,121.0,29.0,0,130,22,65,2
50:01.1,,,86,,98.5,,,,,,,28,-2.2623985,43.17736,137.61177,0.7651169856383564,50:01.0,6,0.138,0101000020E6100000E405F556641902C0D1A9EECEB3964540,20230419_DACIA_AZPEITIA_DONOSTIA_028,,d1,48:13.9,26:13.9,DACIA_SPRING,Dacia Spring 33 kW,33000,139,51:30.1,8.1,13,360,N,7.354155143996441,-34.45120942135143,152,71,,,,2.0,121.0,29.0,0,130,22,65,2
50:06.6,,,86,,98.5,,,,,,,28,-2.2619612,43.17706,138.3856,0.8138076358694626,50:07.0,6,-0.412,0101000020E6100000474364257F1802C0C8A067E8A9964540,20230419_DACIA_AZPEITIA_DONOSTIA_028,,d1,48:13.9,26:13.9,DACIA_SPRING,Dacia Spring 33 kW,33000,139,51:30.1,8.1,13,360,N,-6.190778122058579,28.43840347673972,152,71,,,,2.0,121.0,29.0,0,130,22,65,2
50:12.0,,,86,,98.5,,,,,,,28,-2.2615125,43.177303,137.98965,0.8591294122072693,50:12.1,6,-0.071,0101000020E610000077852FDE931702C0B21F64D0B1964540,20230419_DACIA_AZPEITIA_DONOSTIA_028,,d1,48:13.9,26:13.9,DACIA_SPRING,Dacia Spring 33 kW,33000,139,51:30.1,8.1,13,360,N,-8.062978681601004,38.33286864389808,152,71,,,,2.0,121.0,29.0,0,130,22,65,2
50:17.5,,,86,,98.5,,,,,,,28,-2.2611647,43.177578,137.36461,0.9007324070935329,50:17.1,6,0.417,0101000020E6100000B0843878DD1602C0A1891ED8BA964540,20230419_DACIA_AZPEITIA_DONOSTIA_028,,d1,48:13.9,26:13.9,DACIA_SPRING,Dacia Spring 33 kW,33000,139,51:30.1,8.1,13,360,N,-5.586908358153402,25.45246852547385,152,71,,,,2.0,121.0,29.0,0,130,22,8,2
50:22.9,,,86,,98.5,,,,,,,28,-2.2605512,43.17787,134.42688,0.9602103417832396,50:23.3,6,-0.366,0101000020E6100000163A13D59B1502C059024185C4964540,20230419_DACIA_AZPEITIA_DONOSTIA_028,,d1,48:13.9,26:13.9,DACIA_SPRING,Dacia Spring 33 kW,33000,139,51:30.1,8.1,13,360,N,-7.327537391250731,34.30906362134008,152,71,,,,2.0,121.0,29.0,0,130,22,8,2
50:28.3,,,86,,98.5,,,,,,,28,-2.2601907000000003,43.178116,133.09663,1.0002666371813984,50:28.3,6,0.061,0101000020E610000048937FEFDE1402C019FFFC8FCC964540,20230419_DACIA_AZPEITIA_DONOSTIA_028,,d1,48:13.9,26:13.9,DACIA_SPRING,Dacia Spring 33 kW,33000,139,51:30.1,8.1,13,360,N,-4.473212986527088,20.126457665696798,152,71,,,,2.0,121.0,29.0,0,130,22,65,2
50:33.8,,,86,,98.5,,,,,,,28,-2.2599342,43.17821,132.57977,1.0235497824104935,50:33.3,6,0.471,0101000020E6100000513F1651581402C027C5B2A5CF964540,20230419_DACIA_AZPEITIA_DONOSTIA_028,,d1,48:13.9,26:13.9,DACIA_SPRING,Dacia Spring 33 kW,33000,139,51:30.1,8.1,13,360,N,-8.071722346861334,38.38201271213188,152,71,,,,2.0,121.0,29.0,0,130,22,65,2
50:39.3,,,86,,98.5,,,,,,,28,-2.2596009,43.178474,132.08739,1.063454607628756,50:39.4,6,-0.059,0101000020E6100000C8772AABA91302C0B5E93B48D8964540,20230419_DACIA_AZPEITIA_DONOSTIA_028,,d1,48:13.9,26:13.9,DACIA_SPRING,Dacia Spring 33 kW,33000,139,51:30.1,8.1,13,360,N,-10.988130075578947,57.69774211326721,152,71,,,,2.0,121.0,29.0,0,130,22,65,2
50:44.9,,,86,,98.5,,,,,,,28,-2.259391,43.178806,130.80411,1.1041260882532102,50:44.5,6,0.382,0101000020E6100000C8161BAE3B1302C083C54921E3964540,20230419_DACIA_AZPEITIA_DONOSTIA_028,,d1,48:13.9,26:13.9,DACIA_SPRING,Dacia Spring 33 kW,33000,139,51:30.1,8.1,13,360,N,-10.77292978537736,55.96408689861232,152,71,,,,2.0,121.0,29.0,0,130,22,8,2
50:50.4,,,86,,98.5,,,,,,,28,-2.2589898,43.1794,129.9335,1.1777577900263445,50:50.5,6,-0.139,0101000020E6100000B0277231691202C0A20947A8F6964540,20230419_DACIA_AZPEITIA_DONOSTIA_028,,d1,48:13.9,26:13.9,DACIA_SPRING,Dacia Spring 33 kW,33000,139,51:30.1,8.1,13,360,N,-12.959050189778656,94.54889558783351,152,71,,,,2.0,121.0,29.0,0,130,22,8,2
50:55.9,,,86,,98.5,,,,,,,28,-2.259026,43.179855,131.35089,1.2284563739128243,50:55.6,6,0.32,0101000020E6100000E370F44E7C1202C021DAA27705974540,20230419_DACIA_AZPEITIA_DONOSTIA_028,,d1,48:13.9,26:13.9,DACIA_SPRING,Dacia Spring 33 kW,33000,139,51:30.1,8.1,13,360,N,-12.26093593211335,70.58728428816305,152,71,,,,2.0,121.0,29.0,0,130,22,65,2
51:01.4,,,86,,98.5,,,,,,,28,-2.2588868,43.18025,132.19247,1.2738132287654749,51:01.6,6,-0.242,0101000020E6100000CA4F2146331202C0507CAA5612974540,20230419_DACIA_AZPEITIA_DONOSTIA_028,,d1,48:13.9,26:13.9,DACIA_SPRING,Dacia Spring 33 kW,33000,139,51:30.1,8.1,13,360,N,-8.956446397297578,136.4523641936839,152,71,,,,2.0,121.0,29.0,0,130,22,65,2
51:06.9,,,86,,98.5,,,,,,,28,-2.2591982,43.180546,131.9472,1.3152970369853956,51:06.7,6,0.2269999999999999,0101000020E6100000B45FEB88D61202C02CEBBE291C974540,20230419_DACIA_AZPEITIA_DONOSTIA_028,,d1,48:13.9,26:13.9,DACIA_SPRING,Dacia Spring 33 kW,33000,139,51:30.1,8.1,13,360,N,-8.405525665937637,139.71584075203023,152,71,,,,2.0,121.0,29.0,0,130,22,65,2
51:12.4,,,86,,98.5,,,,,,,28,-2.2597244,43.180992,132.44672,1.3807194556092293,51:12.8,6,-0.407,0101000020E61000002587936EEA1302C0252BA9C02A974540,20230419_DACIA_AZPEITIA_DONOSTIA_028,,d1,48:13.9,26:13.9,DACIA_SPRING,Dacia Spring 33 kW,33000,139,51:30.1,8.1,13,360,N,-11.76750123302276,115.15079107685936,152,71,,,,2.0,121.0,29.0,0,130,22,65,2
51:17.9,,,86,,98.5,,,,,,,28,-2.260054,43.181694,132.96341,1.4632280120838328,51:17.8,6,0.0579999999999999,0101000020E610000028F24E3F971402C0C0F9B8B141974540,20230419_DACIA_AZPEITIA_DONOSTIA_028,,d1,48:13.9,26:13.9,DACIA_SPRING,Dacia Spring 33 kW,33000,139,51:30.1,8.1,13,360,N,-11.817246783091244,114.62986760535,152,71,,,,2.0,121.0,29.0,0,130,22,8,2
51:23.2,,,86,,98.5,,,,,,,28,-2.260341,43.18232,132.84505,1.536622850272243,51:22.9,6,0.384,0101000020E6100000A6F88FA22D1502C02A885B4F56974540,20230419_DACIA_AZPEITIA_DONOSTIA_028,,d1,48:13.9,26:13.9,DACIA_SPRING,Dacia Spring 33 kW,33000,139,51:30.1,8.1,13,360,N,-12.978100664959308,86.67384561508094,152,71,,,,2.0,121.0,29.0,0,130,22,65,2
51:28.8,,,86,,98.5,,,,,,,28,-2.2602916,43.18317,132.10555,1.6312262599745806,51:28.9,6,-0.17,0101000020E61000008FA1DDC7131502C0CC2C9A1972974540,20230419_DACIA_AZPEITIA_DONOSTIA_028,,d1,48:13.9,26:13.9,DACIA_SPRING,Dacia Spring 33 kW,33000,139,51:30.1,8.1,13,360,N,-12.474012744353344,73.64581651377965,152,71,,,,2.0,121.0,29.0,0,130,22,65,2
51:34.2,,,86,,98.5,,,,,,,28,-2.2600856,43.183872,133.34001,1.7110615627748373,51:34.0,6,0.201,0101000020E61000007485BDC0A71402C060C0FC2889974540,20230419_DACIA_AZPEITIA_DONOSTIA_028,,d1,48:13.9,26:13.9,DACIA_SPRING,Dacia Spring 33 kW,33000,139,51:30.1,8.1,13,360,N,-12.9801312545036,93.16815562265758,152,71,,,,2.0,121.0,29.0,0,130,22,25,1
51:39.7,,,86,,98.5,,,,,,,28,-2.2601187,43.184470000000005,133.98792,1.777613417551568,51:40.0,6,-0.359,0101000020E610000012B07717B91402C0F31AF5CF9C974540,20230419_DACIA_AZPEITIA_DONOSTIA_028,,d1,48:13.9,26:13.9,DACIA_SPRING,Dacia Spring 33 kW,33000,139,51:30.1,8.1,13,360,N,-12.135247331071085,111.01596021217269,152,71,,,,2.0,121.0,29.0,0,130,22,65,1
51:45.1,,,86,,98.5,,,,,,,28,-2.260194,43.184666,136.36588999999998,1.800371171943629,51:45.1,6,0.08,0101000020E6100000923BD89BE01402C0FEE0611DA3974540,20230419_DACIA_AZPEITIA_DONOSTIA_028,,d1,48:13.9,26:13.9,DACIA_SPRING,Dacia Spring 33 kW,33000,139,51:56.5,8.1,13,360,N,-12.404655129712085,107.40691303314676,152,71,,,,2.0,121.0,29.0,0,130,22,65,1
51:50.7,,,86,,98.5,,,,,,,28,-2.2604492,43.18548,137.1631,1.8932221007172327,51:51.1,6,-0.444,0101000020E6100000B248AE6C661502C05B131DB8BD974540,20230419_DACIA_AZPEITIA_DONOSTIA_028,,d1,48:13.9,26:13.9,DACIA_SPRING,Dacia Spring 33 kW,33000,139,51:56.5,8.1,13,360,N,-12.438739213677357,106.89753431174742,152,71,,,,2.0,121.0,29.0,0,130,22,65,1
51:56.2,,,86,,98.5,,,,,,,28,-2.2606664,43.186195,137.5988,1.974654527506673,51:56.3,6,-0.123,0101000020E610000011819A3CD81502C0A887F64AD5974540,20230419_DACIA_AZPEITIA_DONOSTIA_028,,d1,48:13.9,26:13.9,DACIA_SPRING,Dacia Spring 33 kW,33000,139,51:56.5,8.1,13,360,N,-12.477813557390116,106.29458526020024,152,71,,,,2.0,121.0,29.0,0,130,22,65,1
52:01.8,,,86,,98.5,,,,,,,28,-2.2608871,43.18695,138.12746,2.06049401899797,52:01.4,6,0.466,0101000020E610000065F036FB4B1602C003967201EE974540,20230419_DACIA_AZPEITIA_DONOSTIA_028,,d1,48:13.9,26:13.9,DACIA_SPRING,Dacia Spring 33 kW,33000,139,51:56.5,8.1,13,360,N,-12.770989311486948,79.22955986333541,152,71,,,,2.0,121.0,29.0,0,130,22,65,1
52:07.4,,,86,,98.5,,,,,,,28,-2.2607353,43.187748,139.47095,2.1500870586202647,52:07.4,6,-0.061,0101000020E6100000E1CC7B6AFC1502C07CCF7C2008984540,20230419_DACIA_AZPEITIA_DONOSTIA_028,,d1,48:13.9,26:13.9,DACIA_SPRING,Dacia Spring 33 kW,33000,139,51:56.5,8.1,13,360,N,-9.168451599471505,44.85099800287069,152,71,,,,2.0,121.0,29.0,0,130,22,65,1
52:12.9,,,86,,98.5,,,,,,,28,-2.2600799,43.1884,140.59535,2.2399801535583053,52:12.5,6,0.4589999999999999,0101000020E61000003227D3C0A41402C0C8D9217D1D984540,20230419_DACIA_AZPEITIA_DONOSTIA_028,,d1,48:13.9,26:13.9,DACIA_SPRING,Dacia Spring 33 kW,33000,139,51:56.5,8.1,13,360,N,-9.336786137363354,45.90724736217456,152,71,,,,2.0,121.0,29.0,0,130,22,25,1
52:18.5,,,86,,98.5,,,,,,,28,-2.2592409,43.189266,138.62526,2.357892247482231,52:18.5,6,-0.049,0101000020E6100000569F40E7EC1202C07EEA76E239984540,20230419_DACIA_AZPEITIA_DONOSTIA_028,,d1,48:13.9,26:13.9,DACIA_SPRING,Dacia Spring 33 kW,33000,139,51:56.5,8.1,13,360,N,-11.998093231991083,67.35829508947502,152,71,,,,2.0,121.0,29.0,0,130,22,65,1
52:23.9,,,86,,98.5,,,,,,,28,-2.258868,43.19016,136.15706,2.461825097950042,52:23.6,6,0.303,0101000020E610000039D3146F291202C0E8D2021D57984540,20230419_DACIA_AZPEITIA_DONOSTIA_028,,d1,48:13.9,26:13.9,DACIA_SPRING,Dacia Spring 33 kW,33000,139,51:56.5,8.1,13,360,N,-12.929266859871593,84.02036690539924,152,71,,,,2.0,121.0,29.0,0,130,22,65,1
52:29.4,,,86,,98.5,,,,,,,28,-2.258751,43.191277,135.02298000000002,2.586396645882698,52:29.6,6,-0.272,0101000020E6100000D7DFF907EC1102C0747D32B97B984540,20230419_DACIA_AZPEITIA_DONOSTIA_028,,d1,48:13.9,26:13.9,DACIA_SPRING,Dacia Spring 33 kW,33000,139,51:56.5,8.1,13,360,N,-11.342476728375724,119.24974169812975,152,71,,,,2.0,121.0,29.0,0,130,22,8,1
52:34.8,,,86,,98.5,,,,,,,28,-2.2592847000000003,43.19223,133.05144,2.70087475905769,52:34.7,6,0.079,0101000020E6100000F568C9EB031302C02FDC5AF79A984540,20230419_DACIA_AZPEITIA_DONOSTIA_028,,d1,48:13.9,26:13.9,DACIA_SPRING,Dacia Spring 33 kW,33000,139,51:56.5,8.1,13,360,N,-12.60418413148819,104.17492223899524,152,71,,,,2.0,121.0,29.0,0,130,22,25,1
52:40.3,,,85,,98.5,,,,,,,28,-2.2596037,43.193493,130.86578,2.843691790022605,52:40.7,6,-0.396,0101000020E61000004C2A6D1EAB1302C0748C096DC4984540,20230419_DACIA_AZPEITIA_DONOSTIA_028,,d1,48:13.9,26:13.9,DACIA_SPRING,Dacia Spring 33 kW,33000,139,51:56.5,8.1,13,360,N,-11.07776979818324,58.44477329352904,152,71,,,,2.0,121.0,29.0,0,130,22,25,1
52:45.7,,,85,,98.5,,,,,,,28,-2.2589386,43.194576,129.29733000000002,2.9756441852691986,52:45.8,6,-0.079,0101000020E61000004D816F654E1202C0A69E00EEE7984540,20230419_DACIA_AZPEITIA_DONOSTIA_028,,d1,48:13.9,26:13.9,DACIA_SPRING,Dacia Spring 33 kW,33000,139,51:56.5,8.1,13,360,N,-7.33460448673278,34.34678025913987,152,71,,,,2.0,121.0,29.0,0,130,22,8,1
52:51.4,,,85,,98.5,,,,,,,28,-2.257604,43.195488,128.16017,3.1239342494092446,52:51.9,6,-0.48,0101000020E6100000E032E9A2920F02C0A62E1FB705994540,20230419_DACIA_AZPEITIA_DONOSTIA_028,,d1,48:13.9,26:13.9,DACIA_SPRING,Dacia Spring 33 kW,33000,139,51:56.5,8.1,13,360,N,-8.456176194453551,40.57743134796667,152,71,,,,2.0,121.0,29.0,0,130,22,65,1
52:59.8,,,85,,98.5,,,,,,,28,-2.256615,43.196335,126.51485,3.247629120346086,52:59.7,6,0.127,0101000020E6100000A17BF71C8C0D02C0F1B8D48021994540,20230419_DACIA_AZPEITIA_DONOSTIA_028,,d1,48:13.9,26:13.9,DACIA_SPRING,Dacia Spring 33 kW,33000,139,51:56.5,8.1,13,360,N,-12.495568379583297,73.98667528091708,152,71,,,,2.0,121.0,29.0,0,130,22,65,1
53:09.2,,,85,,98.5,,,,,,,28,-2.2561228,43.19805,124.508385,3.4424678494824046,53:09.2,6,-0.022,0101000020E610000039FD28108A0C02C05F4D5CC559994540,20230419_DACIA_AZPEITIA_DONOSTIA_028,,d1,48:13.9,26:13.9,DACIA_SPRING,Dacia Spring 33 kW,33000,139,51:56.5,8.1,13,360,N,-11.79331218239642,114.88177961958968,152,71,,,,2.0,121.0,29.0,0,130,22,8,1
53:14.7,,,85,,98.5,,,,,,,28,-2.2570875,43.20013,121.94792,3.6866283595185214,53:15.0,6,-0.2789999999999999,0101000020E610000070B65DD0830E02C0427EFBD69D994540,20230419_DACIA_AZPEITIA_DONOSTIA_028,,d1,48:13.9,26:13.9,DACIA_SPRING,Dacia Spring 33 kW,33000,139,51:56.5,8.1,13,360,N,-12.89906609970313,97.1444018877378,152,71,,,,2.0,121.0,29.0,0,130,22,8,1
53:20.2,,,85,,98.5,,,,,,,28,-2.2572334,43.201294,121.16124,3.816600793477659,53:20.1,6,0.188,0101000020E61000002AD31658D00E02C055D247F5C3994540,20230419_DACIA_AZPEITIA_DONOSTIA_028,,d1,48:13.9,26:13.9,DACIA_SPRING,Dacia Spring 33 kW,33000,139,51:56.5,8.1,13,360,N,-11.40567818577172,61.32550666855371,152,71,,,,2.0,121.0,29.0,0,130,22,25,2
53:25.7,,,85,,98.5,,,,,,,28,-2.2565618,43.202522,120.5588,3.963600417808263,53:26.1,6,-0.369,0101000020E61000006AEE7736700D02C0E9D71042EC994540,20230419_DACIA_AZPEITIA_DONOSTIA_028,,d1,48:13.9,26:13.9,DACIA_SPRING,Dacia Spring 33 kW,33000,139,51:56.5,8.1,13,360,N,-5.736914339197794,26.186926129647272,152,71,,,,2.0,121.0,29.0,0,130,22,65,2
53:31.3,,,85,,98.5,,,,,,,28,-2.2552848,43.20315,119.65927,4.088462494946444,53:31.2,6,0.057,0101000020E6100000EB546FBDD20A02C04BA2A1DC009A4540,20230419_DACIA_AZPEITIA_DONOSTIA_028,,d1,48:13.9,26:13.9,DACIA_SPRING,Dacia Spring 33 kW,33000,139,51:56.5,8.1,13,360,N,-3.3600699458770715,14.979113965993005,152,71,,,,2.0,121.0,29.0,0,130,22,65,2
53:36.9,,,84,,98.5,,,,,,,28,-2.2538795,43.203526,121.11733999999998,4.2098061033352465,53:37.4,6,-0.528,0101000020E61000005BB739FDF10702C0D7FA2F2D0D9A4540,20230419_DACIA_AZPEITIA_DONOSTIA_028,,d1,48:13.9,26:13.9,DACIA_SPRING,Dacia Spring 33 kW,33000,139,51:56.5,8.1,13,360,N,-8.166712539879365,38.91808380023603,152,71,,,,2.0,121.0,29.0,0,130,22,25,2
53:42.5,,,84,,98.5,,,,,,,28,-2.2529630000000003,43.204266,122.992165,4.320677234347846,53:42.4,6,0.099,0101000020E610000026E94172110602C05FE7FD55259A4540,20230419_DACIA_AZPEITIA_DONOSTIA_028,,d1,48:13.9,26:13.9,DACIA_SPRING,Dacia Spring 33 kW,33000,139,51:56.5,8.1,13,360,N,-9.30000473069135,45.67475849821797,152,71,,,,2.0,121.0,29.0,0,130,22,8,2
53:49.2,,,84,,98.5,,,,,,,28,-2.2518554,43.2054,123.94604,4.475467210166611,53:49.4,6,-0.241,0101000020E61000005F1DF8C9CC0302C01C22847C4A9A4540,20230419_DACIA_AZPEITIA_DONOSTIA_028,,d1,48:13.9,26:13.9,DACIA_SPRING,Dacia Spring 33 kW,33000,139,51:56.5,8.1,13,360,N,-9.3053259575457,45.708333161641576,152,71,,,,2.0,121.0,29.0,0,130,22,8,2
53:57.8,,,84,,98.5,,,,,,,28,-2.250753,43.20653,125.352196,4.6296529493454655,53:57.5,6,0.29,0101000020E6100000335A80CB8A0102C01B16E9976F9A4540,20230419_DACIA_AZPEITIA_DONOSTIA_028,,d1,48:13.9,26:13.9,DACIA_SPRING,Dacia Spring 33 kW,33000,139,51:56.5,8.1,13,360,N,10.7033514074299,-124.57998077812492,152,71,,,,2.0,121.0,29.0,0,130,22,8,2
54:03.3,,,84,,98.5,,,,,,,28,-2.251128,43.205986,125.96172,4.697352140800932,54:03.5,6,-0.193,0101000020E6100000A86C1B664F0202C02F3C2FB95D9A4540,20230419_DACIA_AZPEITIA_DONOSTIA_028,,d1,48:13.9,26:13.9,DACIA_SPRING,Dacia Spring 33 kW,33000,139,51:56.5,8.1,13,360,N,-9.327548140576612,134.15123572837163,152,71,,,,2.0,121.0,29.0,0,130,22,8,2
54:08.8,,,84,,98.5,,,,,,,28,-2.252591,43.207493,124.56377,4.90263669962062,54:08.5,6,0.221,0101000020E6100000984F1C564E0502C071297E278F9A4540,20230419_DACIA_AZPEITIA_DONOSTIA_028,,d1,48:13.9,26:13.9,DACIA_SPRING,Dacia Spring 33 kW,33000,139,51:56.5,8.1,13,360,N,-3.850277055620814,162.77198162386586,152,71,,,,2.0,121.0,29.0,0,130,22,65,2
54:14.3,,,84,,98.5,,,,,,,28,-2.2533553,43.20773,124.206375,4.969954994205034,54:14.6,6,-0.309,0101000020E61000000B6C012FDF0602C03B3FBAE6969A4540,20230419_DACIA_AZPEITIA_DONOSTIA_028,,d1,48:13.9,26:13.9,DACIA_SPRING,Dacia Spring 33 kW,33000,139,56:30.1,8.1,13,360,N,-6.351843796176131,150.751173663139,152,71,,,,2.0,121.0,29.0,0,130,22,65,2
54:19.8,,,84,,98.5,,,,,,,28,-2.2537303,43.20794,125.562874,5.00830629831289,54:19.7,6,0.143,0101000020E610000002D680BAA30702C0E4E643CF9D9A4540,20230419_DACIA_AZPEITIA_DONOSTIA_028,,d1,48:13.9,26:13.9,DACIA_SPRING,Dacia Spring 33 kW,33000,139,56:30.1,8.1,13,360,N,-1.3015513858865393,174.25395750711857,152,71,,,,2.0,121.0,29.0,0,130,22,65,2
54:25.3,,,84,,98.5,,,,,,,28,-2.2546744,43.208035,127.022125,5.085562288581272,54:25.7,6,-0.3829999999999999,0101000020E6100000AD797BBA920902C0161834D8A09A4540,20230419_DACIA_AZPEITIA_DONOSTIA_028,,d1,48:13.9,26:13.9,DACIA_SPRING,Dacia Spring 33 kW,33000,139,56:30.1,8.1,13,360,N,-3.77960059477044,163.09782545596272,152,71,,,,2.0,121.0,29.0,0,130,22,65,2
54:30.8,,,84,,98.5,,,,,,,28,-2.2556913,43.208344,127.76417,5.174857160308074,54:30.7,6,0.12,0101000020E6100000DF6DA1E0A70B02C04A410400AB9A4540,20230419_DACIA_AZPEITIA_DONOSTIA_028,,d1,48:13.9,26:13.9,DACIA_SPRING,Dacia Spring 33 kW,33000,139,56:30.1,8.1,13,360,N,-8.984194378205077,136.2833974821717,152,71,,,,2.0,121.0,29.0,0,130,22,8,2
54:36.3,,,84,,98.5,,,,,,,28,-2.256369,43.208992,127.27106,5.26545967736992,54:35.8,6,0.47,0101000020E610000008CB0C3E0B0D02C00B3A014EC09A4540,20230419_DACIA_AZPEITIA_DONOSTIA_028,,d1,48:13.9,26:13.9,DACIA_SPRING,Dacia Spring 33 kW,33000,139,56:30.1,8.1,13,360,N,-12.16856489784224,110.602618729423,152,71,,,,2.0,121.0,29.0,0,130,22,8,2
54:41.8,,,84,,98.5,,,,,,,28,-2.256825,43.210205,126.37733500000002,5.405313327165002,54:41.8,6,-0.049,0101000020E6100000DE1D724DFA0D02C0AE31E9FDE79A4540,20230419_DACIA_AZPEITIA_DONOSTIA_028,,d1,48:13.9,26:13.9,DACIA_SPRING,Dacia Spring 33 kW,33000,139,56:30.1,8.1,13,360,N,-12.086435019661952,111.60789205281048,152,71,,,,2.0,121.0,29.0,0,130,22,8,3
54:47.2,,,84,,98.5,,,,,,,28,-2.2572603,43.211304,124.81503,5.532516382742636,54:46.9,6,0.29,0101000020E61000000D0A9F76DE0E02C0060DD70E0C9B4540,20230419_DACIA_AZPEITIA_DONOSTIA_028,,d1,48:13.9,26:13.9,DACIA_SPRING,Dacia Spring 33 kW,33000,139,56:30.1,8.1,13,360,N,-12.107425612192191,111.3552628434966,152,71,,,,2.0,121.0,29.0,0,130,22,8,3
54:52.7,,,84,,98.5,,,,,,,28,-2.2577553,43.21257,120.70712,5.6789510661247515,54:52.9,6,-0.235,0101000020E6100000B77FFEF6E10F02C04572D771359B4540,20230419_DACIA_AZPEITIA_DONOSTIA_028,,d1,48:13.9,26:13.9,DACIA_SPRING,Dacia Spring 33 kW,33000,139,56:30.1,8.1,13,360,N,-9.4970860739979,133.0678902667313,152,71,,,,2.0,121.0,29.0,0,130,22,8,3
54:58.1,,,84,,98.5,,,,,,,28,-2.25849,43.213356,118.53349,5.784726314355599,54:57.9,6,0.173,0101000020E610000071248B3A631102C0B300B74D4F9B4540,20230419_DACIA_AZPEITIA_DONOSTIA_028,,d1,48:13.9,26:13.9,DACIA_SPRING,Dacia Spring 33 kW,33000,139,56:30.1,8.1,13,360,N,-9.4639742205707,133.2811777303032,152,71,,,,2.0,121.0,29.0,0,130,22,8,3
55:03.7,,,84,,98.5,,,,,,,28,-2.2593272,43.214245,117.12481,5.9046298191576145,55:04.0,6,-0.297,0101000020E61000006887F21F1A1302C0C246EF6B6C9B4540,20230419_DACIA_AZPEITIA_DONOSTIA_028,,d1,48:13.9,26:13.9,DACIA_SPRING,Dacia Spring 33 kW,33000,139,56:30.1,8.1,13,360,N,-12.833169608882532,80.81098246449031,152,71,,,,2.0,121.0,29.0,0,130,22,25,3
55:09.3,,,84,,98.5,,,,,,,28,-2.2591808,43.21515,114.63193,6.005988828460423,55:09.0,6,0.25,0101000020E610000069A04356CD1202C0E02F4E088A9B4540,20230419_DACIA_AZPEITIA_DONOSTIA_028,,d1,48:13.9,26:13.9,DACIA_SPRING,Dacia Spring 33 kW,33000,139,56:30.1,8.1,13,360,N,-9.20049704719427,45.05056470960245,152,71,,,,2.0,121.0,29.0,0,130,22,25,3
55:14.8,,,83,,98.5,,,,,,,28,-2.2582185000000004,43.216114000000005,113.91968500000002,6.138547368839826,55:15.1,6,-0.289,0101000020E6100000BE60A4ECD41002C0140182A1A99B4540,20230419_DACIA_AZPEITIA_DONOSTIA_028,,d1,48:13.9,26:13.9,DACIA_SPRING,Dacia Spring 33 kW,33000,139,56:30.1,8.1,13,360,N,-9.411780969170376,46.38432362942123,152,71,,,,2.0,121.0,29.0,0,130,22,40,3
55:20.4,,,83,,98.5,,,,,,,28,-2.2574553,43.216915,114.33548,6.24698217746053,55:20.1,6,0.267,0101000020E6100000EA3F89B6440F02C09D8612DCC39B4540,20230419_DACIA_AZPEITIA_DONOSTIA_028,,d1,48:13.9,26:13.9,DACIA_SPRING,Dacia Spring 33 kW,33000,139,56:30.1,8.1,13,360,N,-11.030771050601835,58.0511515085532,152,71,,,,2.0,121.0,29.0,0,130,22,65,3
55:25.8,,,83,,98.5,,,,,,,28,-2.2567163,43.2181,115.21761,6.391720539066511,55:26.3,6,-0.405,0101000020E6100000CD0A184DC10D02C01B0F50C2EA9B4540,20230419_DACIA_AZPEITIA_DONOSTIA_028,,d1,48:13.9,26:13.9,DACIA_SPRING,Dacia Spring 33 kW,33000,139,56:30.1,8.1,13,360,N,-12.906595151555234,96.87244132663974,152,71,,,,2.0,121.0,29.0,0,130,22,65,3
55:31.4,,,83,,98.5,,,,,,,28,-2.2568402,43.219128000000005,115.16693,6.506469004984146,55:31.3,6,0.061,0101000020E6100000B8B2833C020E02C0BA4AB4660C9C4540,20230419_DACIA_AZPEITIA_DONOSTIA_028,,d1,48:13.9,26:13.9,DACIA_SPRING,Dacia Spring 33 kW,33000,139,56:30.1,8.1,13,360,N,-12.82007403817244,99.5436619880446,152,71,,,,2.0,121.0,29.0,0,130,22,65,4
55:36.9,,,83,,98.5,,,,,,,28,-2.2570322,43.22027,113.8135,6.63441029807594,55:37.4,6,-0.491,0101000020E610000023C4F2D1660E02C0A7459CB6319C4540,20230419_DACIA_AZPEITIA_DONOSTIA_028,,d1,48:13.9,26:13.9,DACIA_SPRING,Dacia Spring 33 kW,33000,139,56:30.1,8.1,13,360,N,-12.908385998596446,96.80616162644678,152,71,,,,2.0,121.0,29.0,0,130,22,65,4
55:42.4,,,83,,98.5,,,,,,,28,-2.2571611000000003,43.22135,111.59485,6.754974590641261,55:42.4,6,-0.021,0101000020E6100000CEA2C88FAA0E02C0709C4645559C4540,20230419_DACIA_AZPEITIA_DONOSTIA_028,,d1,48:13.9,26:13.9,DACIA_SPRING,Dacia Spring 33 kW,33000,139,56:30.1,8.1,13,360,N,-12.51538933240597,105.6935386656567,152,71,,,,2.0,121.0,29.0,0,130,22,8,4
55:47.8,,,83,,98.5,,,,,,,28,-2.2574637,43.222427,108.98498,6.877243670569163,55:47.4,6,0.321,0101000020E6100000CCD28226490F02C020B1527C789C4540,20230419_DACIA_AZPEITIA_DONOSTIA_028,,d1,48:13.9,26:13.9,DACIA_SPRING,Dacia Spring 33 kW,33000,139,56:30.1,8.1,13,360,N,-11.955923300526935,113.1197201375338,152,71,,,,2.0,121.0,29.0,0,130,22,25,4
55:53.3,,,83,,98.5,,,,,,,28,-2.2578757,43.223392,106.57218,6.989645696571037,55:53.5,6,-0.2339999999999999,0101000020E61000008C2C8219211002C0353EF11F989C4540,20230419_DACIA_AZPEITIA_DONOSTIA_028,,d1,48:13.9,26:13.9,DACIA_SPRING,Dacia Spring 33 kW,33000,139,56:30.1,8.1,13,360,N,-12.183176245003802,110.41882651526426,156,67,,,,6.0,134.0,16.0,0,127,29,65,3
55:58.7,,,83,,98.5,,,,,,,28,-2.2580462000000003,43.22385,104.37881,7.04245906409581,55:58.6,6,0.178,0101000020E6100000B7389A7E7A1002C0AC9F3218A79C4540,20230419_DACIA_AZPEITIA_DONOSTIA_028,,d1,48:13.9,26:13.9,DACIA_SPRING,Dacia Spring 33 kW,33000,139,56:30.1,8.1,13,360,N,-12.03189138056186,112.25157330889616,156,67,,,,6.0,134.0,16.0,0,127,29,65,3
56:04.2,,,83,,98.5,,,,,,,28,-2.2581894,43.2242,102.561874,7.083110708988462,56:04.6,6,-0.363,0101000020E6100000C1174E9BC51002C001BFD99FB29C4540,20230419_DACIA_AZPEITIA_DONOSTIA_028,,d1,48:13.9,26:13.9,DACIA_SPRING,Dacia Spring 33 kW,33000,139,56:30.1,8.1,13,360,N,-11.798952961438014,114.82262608466692,156,67,,,,6.0,134.0,16.0,0,127,29,65,3
56:09.6,,,83,,98.5,,,,,,,28,-2.2583203,43.224483,101.894394,7.116324900665225,56:09.6,6,-0.009,0101000020E6100000D1241E450A1102C0B3DCFFE0BB9C4540,20230419_DACIA_AZPEITIA_DONOSTIA_028,,d1,48:13.9,26:13.9,DACIA_SPRING,Dacia Spring 33 kW,33000,139,56:30.1,8.1,13,360,N,-11.978287273905757,112.86739200496494,156,67,,,,6.0,134.0,16.0,0,127,29,65,3
56:15.5,,,83,,98.5,,,,,,,28,-2.258586,43.225113,100.32727,7.189627812262097,56:15.8,6,-0.3229999999999999,0101000020E610000068861083951102C0451DDB76D09C4540,20230419_DACIA_AZPEITIA_DONOSTIA_028,,d1,48:13.9,26:13.9,DACIA_SPRING,Dacia Spring 33 kW,33000,139,56:30.1,8.1,13,360,N,-12.37345617359305,107.86082689940156,156,67,,,,6.0,134.0,16.0,0,127,29,65,3
56:21.7,,,83,,98.5,,,,,,,28,-2.2588396,43.2259,99.067406,7.279526995400275,56:21.9,6,-0.267,0101000020E61000000C29BB8F1A1202C0F38A0833EA9C4540,20230419_DACIA_AZPEITIA_DONOSTIA_028,,d1,48:13.9,26:13.9,DACIA_SPRING,Dacia Spring 33 kW,33000,139,56:30.1,8.1,13,360,N,-12.203453407268764,110.16110924902408,156,67,,,,6.0,134.0,16.0,0,127,29,8,3
56:27.5,,,83,,98.5,,,,,,,28,-2.2591884,43.22685,98.55022,7.388878375394181,56:27.9,6,-0.371,0101000020E6100000A284685FD11202C05793FD55099D4540,20230419_DACIA_AZPEITIA_DONOSTIA_028,,d1,48:13.9,26:13.9,DACIA_SPRING,Dacia Spring 33 kW,33000,139,56:30.1,8.1,13,360,N,-12.81320883652522,99.72446031193654,156,67,,,,6.0,134.0,16.0,0,127,29,65,3
56:33.1,,,83,,98.5,,,,,,,28,-2.2593195,43.227615,98.40729,7.474603224170847,56:32.9,6,0.246,0101000020E6100000DED66F21161302C0C4155C89229D4540,20230419_DACIA_AZPEITIA_DONOSTIA_028,,d1,48:13.9,26:13.9,DACIA_SPRING,Dacia Spring 33 kW,33000,139,56:30.1,8.1,13,360,N,-9.262385970644686,45.43797171575388,156,67,,,,6.0,134.0,16.0,0,127,29,8,3
56:38.6,,,83,,98.5,,,,,,,28,-2.2587483,43.228195,98.31683,7.5539827037044684,56:38.9,6,-0.32,0101000020E6100000D8C02B9AEA1102C0A4B2AF85359D4540,20230419_DACIA_AZPEITIA_DONOSTIA_028,,d1,48:13.9,26:13.9,DACIA_SPRING,Dacia Spring 33 kW,33000,139,56:30.1,8.1,13,360,N,-1.4113219470940075,6.2324985102026496,156,67,,,,6.0,134.0,16.0,0,127,29,8,3
56:44.3,,,83,,98.5,,,,,,,28,-2.2576678,43.228313,98.00213,7.642503285981955,56:44.0,6,0.365,0101000020E6100000CE0A1B2BB40F02C0514D245F399D4540,20230419_DACIA_AZPEITIA_DONOSTIA_028,,d1,48:13.9,26:13.9,DACIA_SPRING,Dacia Spring 33 kW,33000,139,56:56.5,8.1,13,360,N,-1.0043170050498136,4.430809202590628,156,67,,,,6.0,134.0,16.0,0,127,29,8,3
56:49.7,,,83,,98.5,,,,,,,28,-2.2564805,43.228405,97.045296,7.7392454042985825,56:50.0,6,-0.266,0101000020E61000005E66869A450D02C0C0584A6C3C9D4540,20230419_DACIA_AZPEITIA_DONOSTIA_028,,d1,48:13.9,26:13.9,DACIA_SPRING,Dacia Spring 33 kW,33000,139,56:56.5,8.1,13,360,N,-2.6269973820418584,11.658426400678628,156,67,,,,6.0,134.0,16.0,0,127,29,8,3
56:55.3,,,83,,98.5,,,,,,,28,-2.2555742000000003,43.228592,95.91925,7.815569286907016,56:55.1,6,0.193,0101000020E61000002F8E7B886A0B02C0F7685A8E429D4540,20230419_DACIA_AZPEITIA_DONOSTIA_028,,d1,48:13.9,26:13.9,DACIA_SPRING,Dacia Spring 33 kW,33000,139,56:56.5,8.1,13,360,N,-7.241342920175583,33.85040042610036,156,67,,,,6.0,134.0,16.0,0,127,29,8,3
57:00.7,,,82,,98.5,,,,,,,28,-2.254784,43.229122,95.6343,7.902586291420987,57:00.2,6,0.493,0101000020E6100000511ACA49CC0902C03B6A47D2539D4540,20230419_DACIA_AZPEITIA_DONOSTIA_028,,d1,48:13.9,26:13.9,DACIA_SPRING,Dacia Spring 33 kW,33000,139,56:56.5,8.1,13,360,N,-7.495387706915023,35.20953430154064,156,67,,,,6.0,134.0,16.0,0,127,29,8,3
57:06.2,,,82,,98.5,,,,,,,28,-2.2539465,43.229713,98.0977,7.997078188580786,57:06.2,6,-0.062,0101000020E61000006321011D150802C01C2EAD30679D4540,20230419_DACIA_AZPEITIA_DONOSTIA_028,,d1,48:13.9,26:13.9,DACIA_SPRING,Dacia Spring 33 kW,33000,139,56:56.5,8.1,13,360,N,-11.817587199197188,65.37373269412035,156,67,,,,6.0,134.0,16.0,0,127,29,8,3
57:11.7,,,82,,98.5,,,,,,,28,-2.2536788,43.230297,101.41554,8.065622477740188,57:11.3,6,0.413,0101000020E6100000BEFC7BBF880702C008E81B657A9D4540,20230419_DACIA_AZPEITIA_DONOSTIA_028,,d1,48:13.9,26:13.9,DACIA_SPRING,Dacia Spring 33 kW,33000,139,56:56.5,8.1,13,360,N,-10.088644137515004,129.09971455643944,156,67,,,,6.0,134.0,16.0,0,127,29,8,3
57:17.2,,,82,,98.5,,,,,,,28,-2.2542176,43.23096,101.91756,8.151300418629436,57:17.3,6,-0.108,0101000020E6100000256D4431A30802C0424C4A16909D4540,20230419_DACIA_AZPEITIA_DONOSTIA_028,,d1,48:13.9,26:13.9,DACIA_SPRING,Dacia Spring 33 kW,33000,139,56:56.5,8.1,13,360,N,-3.9566743471382,162.28036202909053,156,67,,,,6.0,134.0,16.0,0,127,29,8,3
57:22.7,,,82,,98.5,,,,,,,28,-2.2550814,43.231236,100.7646,8.227724597247608,57:22.4,6,0.36,0101000020E6100000D57AA323680A02C01D25B92A999D4540,20230419_DACIA_AZPEITIA_DONOSTIA_028,,d1,48:13.9,26:13.9,DACIA_SPRING,Dacia Spring 33 kW,33000,139,56:56.5,8.1,13,360,N,-4.765951838889859,158.49319805445825,156,67,,,,6.0,134.0,16.0,0,127,29,65,3
57:28.2,,,82,,98.5,,,,,,,28,-2.2559214,43.231567,97.950455,8.305144382537646,57:28.4,6,-0.2,0101000020E610000049D87375200C02C0859570F3A39D4540,20230419_DACIA_AZPEITIA_DONOSTIA_028,,d1,48:13.9,26:13.9,DACIA_SPRING,Dacia Spring 33 kW,33000,139,56:56.5,8.1,13,360,N,-7.995950817397217,142.04276505080483,156,67,,,,6.0,134.0,16.0,0,127,29,8,3
57:33.8,,,82,,98.5,,,,,,,28,-2.256538,43.232048,96.35091,8.378346747808546,57:33.5,6,0.2739999999999999,0101000020E610000078B79EC3630D02C0E12416BEB39D4540,20230419_DACIA_AZPEITIA_DONOSTIA_028,,d1,48:13.9,26:13.9,DACIA_SPRING,Dacia Spring 33 kW,33000,139,56:56.5,8.1,13,360,N,-7.78859736826974,143.192896047376,156,67,,,,6.0,134.0,16.0,0,127,29,8,3
57:39.3,,,82,,98.5,,,,,,,28,-2.2571955000000004,43.23254,95.96819,8.454704405720685,57:39.5,6,-0.242,0101000020E6100000EDEA717CBC0E02C04CA013E3C39D4540,20230419_DACIA_AZPEITIA_DONOSTIA_028,,d1,48:13.9,26:13.9,DACIA_SPRING,Dacia Spring 33 kW,33000,139,56:56.5,8.1,13,360,N,-12.18798759367462,69.64204165247516,156,67,,,,6.0,134.0,16.0,0,127,29,8,2
57:44.8,,,82,,98.5,,,,,,,28,-2.2569788,43.233124,95.60284,8.521974457215341,57:44.6,6,0.242,0101000020E6100000347685D64A0E02C0104D0D0CD79D4540,20230419_DACIA_AZPEITIA_DONOSTIA_028,,d1,48:13.9,26:13.9,DACIA_SPRING,Dacia Spring 33 kW,33000,139,56:56.5,8.1,13,360,N,-7.359793445593204,34.48135046729441,156,67,,,,6.0,134.0,16.0,0,127,29,8,2
57:50.3,,,82,,98.5,,,,,,,28,-2.256012,43.233788,93.86977,8.629626453218805,57:50.6,6,-0.379,0101000020E6100000B46C85F34F0C02C003B786CFEC9D4540,20230419_DACIA_AZPEITIA_DONOSTIA_028,,d1,48:13.9,26:13.9,DACIA_SPRING,Dacia Spring 33 kW,33000,139,56:56.5,8.1,13,360,N,-9.06374011046766,44.20365046707538,156,67,,,,6.0,134.0,16.0,0,127,29,8,2
57:55.9,,,82,,98.5,,,,,,,28,-2.2554321,43.234352,94.832184,8.707990959449164,57:55.7,6,0.173,0101000020E610000063ED4806200B02C08C9A0C36FF9D4540,20230419_DACIA_AZPEITIA_DONOSTIA_028,,d1,48:13.9,26:13.9,DACIA_SPRING,Dacia Spring 33 kW,33000,139,56:56.5,8.1,13,360,N,-10.517927844372249,54.0053009899397,156,67,,,,6.0,134.0,16.0,0,127,29,8,2
58:01.3,,,82,,98.5,,,,,,,28,-2.2549396,43.23503,96.2955,8.793300287498248,58:01.7,6,-0.467,0101000020E61000003A5CF9BF1D0A02C0AEEAC672159E4540,20230419_DACIA_AZPEITIA_DONOSTIA_028,,d1,48:13.9,26:13.9,DACIA_SPRING,Dacia Spring 33 kW,33000,139,56:56.5,8.1,13,360,N,-11.264126483535843,60.05113179582538,156,67,,,,6.0,134.0,16.0,0,127,29,8,2
58:06.8,,,82,,98.5,,,,,,,28,-2.2545674,43.235676,100.51815,8.871318288216106,58:06.8,6,0.005,0101000020E61000004BDED79C5A0902C0E5B175A62A9E4540,20230419_DACIA_AZPEITIA_DONOSTIA_028,,d1,48:13.9,26:13.9,DACIA_SPRING,Dacia Spring 33 kW,33000,139,56:56.5,8.1,13,360,N,-12.78785347033085,79.63483313598827,156,67,,,,6.0,134.0,16.0,0,127,29,8,2
58:12.2,,,82,,98.5,,,,,,,28,-2.254439,43.236378,102.98753,8.950105815323623,58:11.8,6,0.389,0101000020E6100000FB1CDB6F170902C0D6ACE896419E4540,20230419_DACIA_AZPEITIA_DONOSTIA_028,,d1,48:13.9,26:13.9,DACIA_SPRING,Dacia Spring 33 kW,33000,139,56:56.5,8.1,13,360,N,-12.999923300603037,90.19681678907064,156,67,,,,6.0,134.0,16.0,0,127,29,8,2
58:17.7,,,82,,98.5,,,,,,,28,-2.2544417,43.237164,106.27764,9.037567206702347,58:17.8,6,-0.177,0101000020E6100000DF8F11B3180902C039E1DA575B9E4540,20230419_DACIA_AZPEITIA_DONOSTIA_028,,d1,48:13.9,26:13.9,DACIA_SPRING,Dacia Spring 33 kW,33000,139,56:56.5,8.1,13,360,N,-12.702696125540408,102.27714560929272,156,67,,,,6.0,134.0,16.0,0,127,29,25,2
58:23.2,,,82,,98.5,,,,,,,28,-2.2545714,43.23776,108.364426,9.104699517017169,58:22.9,6,0.32,0101000020E61000002488E0C35C0902C07E7126D86E9E4540,20230419_DACIA_AZPEITIA_DONOSTIA_028,,d1,48:13.9,26:13.9,DACIA_SPRING,Dacia Spring 33 kW,33000,139,56:56.5,8.1,13,360,N,-8.843032445310511,137.13812611476402,156,67,,,,6.0,134.0,16.0,0,127,29,25,2
58:28.7,,,82,,98.5,,,,,,,28,-2.255191,43.238335,109.30778,9.185989578273235,58:28.9,6,-0.1669999999999999,0101000020E6100000D14B0F9DA10A02C0368E22C3819E4540,20230419_DACIA_AZPEITIA_DONOSTIA_028,,d1,48:13.9,26:13.9,DACIA_SPRING,Dacia Spring 33 kW,33000,139,56:56.5,8.1,13,360,N,-11.25488945932658,120.03031576201836,156,67,,,,6.0,134.0,16.0,0,127,29,25,2
58:34.3,,,82,,98.5,,,,,,,28,-2.2555835,43.239014000000005,111.51853,9.26794237092107,58:34.0,6,0.3229999999999999,0101000020E6100000683C08526F0B02C0E605B402989E4540,20230419_DACIA_AZPEITIA_DONOSTIA_028,,d1,48:13.9,26:13.9,DACIA_SPRING,Dacia Spring 33 kW,33000,139,56:56.5,8.1,13,360,N,-11.437784048856312,118.37819196117188,156,67,,,,6.0,134.0,16.0,0,127,29,25,2
58:39.8,,,82,,98.5,,,,,,,28,-2.2560027,43.23979,114.1157,9.360707353907616,58:40.0,6,-0.1689999999999999,0101000020E6100000C3A46F124B0C02C0B0636385B19E4540,20230419_DACIA_AZPEITIA_DONOSTIA_028,,d1,48:13.9,26:13.9,DACIA_SPRING,Dacia Spring 33 kW,33000,139,56:56.5,8.1,13,360,N,-10.384287142754044,126.98516369561855,156,67,,,,6.0,134.0,16.0,0,127,29,25,2
58:45.3,,,82,,98.5,,,,,,,28,-2.2564094,43.24033,118.91411,9.429364448937472,58:45.0,6,0.28,0101000020E61000001A9CFA64200D02C03179FF26C39E4540,20230419_DACIA_AZPEITIA_DONOSTIA_028,,d1,48:13.9,26:13.9,DACIA_SPRING,Dacia Spring 33 kW,33000,139,56:56.5,8.1,13,360,N,-4.2003015046268,161.14948925976452,156,67,,,,6.0,134.0,16.0,0,127,29,25,2
58:50.8,,,82,,98.5,,,,,,,28,-2.2574492000000004,43.240685,121.61581,9.522422612494935,58:51.1,6,-0.27,0101000020E610000011FCB18C410F02C063B504B7CE9E4540,20230419_DACIA_AZPEITIA_DONOSTIA_028,,d1,48:13.9,26:13.9,DACIA_SPRING,Dacia Spring 33 kW,33000,139,56:56.5,8.1,13,360,N,-4.1349904647610165,161.45337918787533,156,67,,,,6.0,134.0,16.0,0,127,29,25,2
58:56.3,,,82,,98.5,,,,,,,28,-2.2583106,43.240974,122.41162,9.599247367835218,58:56.1,6,0.173,0101000020E61000003BE8A928051102C0F334B741D89E4540,20230419_DACIA_AZPEITIA_DONOSTIA_028,,d1,48:13.9,26:13.9,DACIA_SPRING,Dacia Spring 33 kW,33000,139,56:56.5,8.1,13,360,N,-5.686082060555151,154.06246981406497,156,67,,,,6.0,134.0,16.0,0,127,29,10,2
59:01.7,,,82,,98.5,,,,,,,28,-2.2591515,43.241383,124.631,9.68117988775971,59:01.2,6,0.505,0101000020E6100000A1656BF9BD1202C04ED40DA3E59E4540,20230419_DACIA_AZPEITIA_DONOSTIA_028,,d1,48:13.9,26:13.9,DACIA_SPRING,Dacia Spring 33 kW,33000,139,56:56.5,8.1,13,360,N,-12.869157515641769,81.8641060984279,156,67,,,,6.0,134.0,16.0,0,127,29,10,1
59:07.2,,,82,,98.5,,,,,,,28,-2.2590327,43.242214,126.06747,9.774093707503761,59:07.3,6,-0.048,0101000020E61000009D2DC0CC7F1202C02C1F84E9009F4540,20230419_DACIA_AZPEITIA_DONOSTIA_028,,d1,48:13.9,26:13.9,DACIA_SPRING,Dacia Spring 33 kW,33000,139,56:56.5,8.1,13,360,N,-10.47448359564106,53.68076671041089,156,67,,,,6.0,134.0,16.0,0,127,29,65,1
59:12.7,,,82,,98.5,,,,,,,28,-2.2584607999999995,43.242992,124.96715,9.872231809321573,59:12.3,6,0.341,0101000020E6100000AC1A40E7531102C00C28E7521A9F4540,20230419_DACIA_AZPEITIA_DONOSTIA_028,,d1,48:13.9,26:13.9,DACIA_SPRING,Dacia Spring 33 kW,33000,139,56:56.5,8.1,13,360,N,-12.531953402470872,74.5786568651659,156,67,,,,6.0,134.0,16.0,0,127,29,25,1
59:18.2,,,82,,98.5,,,,,,,28,-2.2581513,43.244114,121.224976,9.99954132850466,59:18.4,6,-0.17,0101000020E6100000D458CC9AB11002C013BA11163F9F4540,20230419_DACIA_AZPEITIA_DONOSTIA_028,,d1,48:13.9,26:13.9,DACIA_SPRING,Dacia Spring 33 kW,33000,139,01:30.2,8.1,13,360,N,-11.798198992281105,114.83054042443048,156,67,,,,6.0,134.0,16.0,0,127,29,8,1
59:23.7,,,82,,98.5,,,,,,,28,-2.2585335,43.24494,120.38304,10.096468904973225,59:23.4,6,0.259,0101000020E610000014F3B4F8791102C031B6174F5A9F4540,20230419_DACIA_AZPEITIA_DONOSTIA_028,,d1,48:13.9,26:13.9,DACIA_SPRING,Dacia Spring 33 kW,33000,139,01:30.2,8.1,13,360,N,-7.595853272613317,144.2467001686288,156,67,,,,6.0,134.0,16.0,0,127,29,8,1
59:29.2,,,82,,98.5,,,,,,,28,-2.2595613,43.24568,117.90423,10.213546903021387,59:29.5,6,-0.272,0101000020E610000040FF0AD3941302C08D221A7C729F4540,20230419_DACIA_AZPEITIA_DONOSTIA_028,,d1,48:13.9,26:13.9,DACIA_SPRING,Dacia Spring 33 kW,33000,139,01:30.2,8.1,13,360,N,-11.733990030521127,115.49609580544649,156,67,,,,6.0,134.0,16.0,0,127,29,8,1
59:34.7,,,82,,98.5,,,,,,,28,-2.2599142000000003,43.24642,113.25209,10.3007785690469,59:34.5,6,0.212,0101000020E61000003B4266DE4D1402C0FEC552C68A9F4540,20230419_DACIA_AZPEITIA_DONOSTIA_028,,d1,48:13.9,26:13.9,DACIA_SPRING,Dacia Spring 33 kW,33000,139,01:30.2,8.1,13,360,N,-12.737617158666495,101.5309966320934,156,67,,,,6.0,134.0,16.0,0,127,29,65,1
59:42.2,,,82,,98.5,,,,,,,28,-2.2601732999999995,43.247690000000006,109.22146,10.443603808823966,59:42.2,6,-0.091,0101000020E61000006BA237C2D51402C06004A337B49F4540,20230419_DACIA_AZPEITIA_DONOSTIA_028,,d1,48:13.9,26:13.9,DACIA_SPRING,Dacia Spring 33 kW,33000,139,01:30.2,8.1,13,360,N,-11.962794190940484,113.04247538262828,156,67,,,,6.0,134.0,16.0,0,127,29,65,1
59:59.4,,,82,,98.5,,,,,,,28,-2.2610240000000004,43.24969,106.02158,10.676444498683379,59:59.3,6,0.159,0101000020E6100000D9CB1FC2931602C0BCF579EDF59F4540,20230419_DACIA_AZPEITIA_DONOSTIA_028,,d1,48:13.9,26:13.9,DACIA_SPRING,Dacia Spring 33 kW,33000,139,01:30.2,8.1,13,360,N,-12.889428753451492,82.52182951765671,156,67,,,,6.0,134.0,16.0,0,127,29,65,1
00:06.7,,,82,,98.5,,,,,,,28,-2.260749,43.251785,100.68597,10.910520975967358,00:06.6,6,0.088,0101000020E61000007C14BD9B031602C06475F48A3AA04540,20230419_DACIA_AZPEITIA_DONOSTIA_028,,d1,48:13.9,26:13.9,DACIA_SPRING,Dacia Spring 33 kW,33000,139,01:30.2,8.1,13,360,N,-10.504837362504896,126.0927519158086,176,78,,,,0.0,112.0,64.0,0,153,23,65,1
00:13.5,,,82,,98.5,,,,,,,28,-2.2614474,43.252743,97.32531,11.031177876957008,00:13.7,6,-0.216,0101000020E61000007872EDB9711702C0CE1F9BD859A04540,20230419_DACIA_AZPEITIA_DONOSTIA_028,,d1,48:13.9,26:13.9,DACIA_SPRING,Dacia Spring 33 kW,33000,139,01:30.2,8.1,13,360,N,-12.844861488602342,98.86050771886792,176,78,,,,0.0,112.0,64.0,0,153,23,65,1
00:19.3,,,82,,98.5,,,,,,,28,-2.261634,43.25394,93.152885,11.165198332187433,00:19.2,6,0.135,0101000020E6100000FCA3AFABD31702C039AB021A81A04540,20230419_DACIA_AZPEITIA_DONOSTIA_028,,d1,48:13.9,26:13.9,DACIA_SPRING,Dacia Spring 33 kW,33000,139,01:30.2,8.1,13,360,N,-11.303817905281718,119.59657503740866,176,78,,,,0.0,112.0,64.0,0,153,23,8,1
00:25.0,,,82,,98.5,,,,,,,28,-2.262202,43.254940000000005,91.54465,11.28554310138333,00:25.1,6,-0.128,0101000020E61000007B9D1552FD1802C055940BDFA1A04540,20230419_DACIA_AZPEITIA_DONOSTIA_028,,d1,48:13.9,26:13.9,DACIA_SPRING,Dacia Spring 33 kW,33000,139,01:30.2,8.1,13,360,N,-3.4718154135143644,164.51044369418935,176,78,,,,0.0,112.0,64.0,0,153,23,25,1
00:30.6,,,82,,98.5,,,,,,,28,-2.2633567,43.25526,93.94468,11.385625481122297,00:30.0,6,0.564,0101000020E61000003FFCC4C45A1B02C0FB10BF50ACA04540,20230419_DACIA_AZPEITIA_DONOSTIA_028,,d1,48:13.9,26:13.9,DACIA_SPRING,Dacia Spring 33 kW,33000,139,01:30.2,8.1,13,360,N,-0.1465211611519274,179.3542137004807,176,78,,,,0.0,112.0,64.0,0,153,23,65,1
00:36.1,,,82,,98.5,,,,,,,28,-2.2647762000000005,43.255276,97.790184,11.500660543564749,00:36.0,6,0.182,0101000020E6100000415509FE421E02C0B16F46DBACA04540,20230419_DACIA_AZPEITIA_DONOSTIA_028,,d1,48:13.9,26:13.9,DACIA_SPRING,Dacia Spring 33 kW,33000,139,01:30.2,8.1,13,360,N,4.821697728731147,-158.22887745906954,176,78,,,,0.0,112.0,64.0,0,153,23,65,1
00:41.9,,,82,,98.5,,,,,,,28,-2.2658854,43.254833000000005,98.87313,11.603114018618886,00:42.0,6,-0.17,0101000020E61000006A79C373882002C0D59B95529EA04540,20230419_DACIA_AZPEITIA_DONOSTIA_028,,d1,48:13.9,26:13.9,DACIA_SPRING,Dacia Spring 33 kW,33000,139,01:30.2,8.1,13,360,N,2.6624666506950105,-168.18190839191257,176,78,,,,0.0,112.0,64.0,0,153,23,30,1
00:48.1,,,82,,98.5,,,,,,,28,-2.2667122,43.25466,100.89763,11.672810216126065,00:48.0,6,0.109,0101000020E610000078EEB30E3A2202C099645FC398A04540,20230419_DACIA_AZPEITIA_DONOSTIA_028,,d1,48:13.9,26:13.9,DACIA_SPRING,Dacia Spring 33 kW,33000,139,01:30.2,8.1,13,360,N,-8.362485395131559,139.96405203751965,176,78,,,,0.0,112.0,64.0,0,153,23,25,1
00:53.7,,,82,,98.5,,,,,,,28,-2.267468,43.255295,101.691635,11.766258935645375,00:54.1,6,-0.322,0101000020E6100000E95D294EC62302C0B54ABA72ADA04540,20230419_DACIA_AZPEITIA_DONOSTIA_028,,d1,48:13.9,26:13.9,DACIA_SPRING,Dacia Spring 33 kW,33000,139,01:30.2,8.1,13,360,N,-12.220426716716126,109.94293043613594,176,78,,,,0.0,112.0,64.0,0,153,23,65,1
00:59.3,,,82,,98.5,,,,,,,28,-2.2678254,43.25628,104.01332,11.879569482767259,00:59.2,6,0.051,0101000020E6100000A0DDBE9C812402C0EA6458CDCDA04540,20230419_DACIA_AZPEITIA_DONOSTIA_028,,d1,48:13.9,26:13.9,DACIA_SPRING,Dacia Spring 33 kW,33000,139,01:30.2,8.1,13,360,N,-9.209206775225454,134.89507409631136,176,78,,,,0.0,112.0,64.0,0,153,23,40,1
01:04.9,,,81,,98.5,,,,,,,28,-2.268752,43.25721,106.2674,12.007357156972725,01:05.2,6,-0.332,0101000020E6100000FF72117B672602C0EAA0C73BECA04540,20230419_DACIA_AZPEITIA_DONOSTIA_028,,d1,48:13.9,26:13.9,DACIA_SPRING,Dacia Spring 33 kW,33000,139,01:30.2,8.1,13,360,N,-7.703603967702303,143.65934261746253,176,78,,,,0.0,112.0,64.0,0,153,23,65,2
01:10.4,,,81,,98.5,,,,,,,28,-2.2697008,43.257908,107.02129,12.116573034903228,01:10.3,6,0.147,0101000020E6100000CE5890DA582802C0087C2E2103A14540,20230419_DACIA_AZPEITIA_DONOSTIA_028,,d1,48:13.9,26:13.9,DACIA_SPRING,Dacia Spring 33 kW,33000,139,01:30.2,8.1,13,360,N,-8.037423510721798,141.8105745163085,176,78,,,,0.0,112.0,64.0,0,153,23,25,2
01:16.0,,,81,,98.5,,,,,,,28,-2.2707534,43.258736,108.59729,12.24205233467128,01:16.3,6,-0.356,0101000020E61000005F1D73B0802A02C06A9182321EA14540,20230419_DACIA_AZPEITIA_DONOSTIA_028,,d1,48:13.9,26:13.9,DACIA_SPRING,Dacia Spring 33 kW,33000,139,01:30.2,8.1,13,360,N,-9.955699304643776,130.01973250658847,176,78,,,,0.0,112.0,64.0,0,153,23,25,2
01:21.7,,,81,,98.5,,,,,,,28,-2.2713966,43.259502000000005,108.532684,12.341891002695787,01:21.4,6,0.303,0101000020E610000057E32405D22B02C031B6F95D37A14540,20230419_DACIA_AZPEITIA_DONOSTIA_028,,d1,48:13.9,26:13.9,DACIA_SPRING,Dacia Spring 33 kW,33000,139,01:30.2,8.1,13,360,N,-12.923369648158385,96.22414825961287,176,78,,,,0.0,112.0,64.0,0,153,23,25,2
01:27.2,,,81,,98.5,,,,,,,28,-2.2715302000000004,43.260727,107.052246,12.478541760209485,01:27.4,6,-0.248,0101000020E6100000D3D2A3F6172C02C0FD1AB47D5FA14540,20230419_DACIA_AZPEITIA_DONOSTIA_028,,d1,48:13.9,26:13.9,DACIA_SPRING,Dacia Spring 33 kW,33000,139,01:30.2,8.1,13,360,N,-12.999341295957478,89.42321633503558,176,78,,,,0.0,112.0,64.0,0,153,23,65,2
01:32.7,,,81,,98.5,,,,,,,28,-2.2715197,43.26177,106.253784,12.594523933829704,01:32.5,6,0.208,0101000020E61000000A0E4087122C02C08C86499581A14540,20230419_DACIA_AZPEITIA_DONOSTIA_028,,d1,48:13.9,26:13.9,DACIA_SPRING,Dacia Spring 33 kW,33000,139,01:30.2,8.1,13,360,N,-12.951810355459004,85.06511469027573,176,78,,,,0.0,112.0,64.0,0,153,23,65,2
01:38.1,,,82,,98.5,,,,,,,28,-2.2714217,43.262905,103.37381,12.72101220312064,01:38.5,6,-0.435,0101000020E6100000EA045E27DF2B02C0449685E4A6A14540,20230419_DACIA_AZPEITIA_DONOSTIA_028,,d1,48:13.9,26:13.9,DACIA_SPRING,Dacia Spring 33 kW,33000,139,01:30.2,8.1,13,360,N,-12.745194172207448,78.63727334643438,176,78,,,,0.0,112.0,64.0,0,153,23,25,2
01:43.6,,,82,,98.5,,,,,,,28,-2.271233,43.263844,99.5112,12.826607001790538,01:43.5,6,0.078,0101000020E61000002B88334F7C2B02C06D1E8897C5A14540,20230419_DACIA_AZPEITIA_DONOSTIA_028,,d1,48:13.9,26:13.9,DACIA_SPRING,Dacia Spring 33 kW,33000,139,01:56.7,8.1,13,360,N,-12.946764860202752,84.81303319922621,176,78,,,,0.0,112.0,64.0,0,153,23,65,2
01:49.0,,,82,,98.5,,,,,,,28,-2.2711513,43.264744,97.05546,12.92693091212613,01:48.6,6,0.4429999999999999,0101000020E6100000D89F9C52512B02C0D798D811E3A14540,20230419_DACIA_AZPEITIA_DONOSTIA_028,,d1,48:13.9,26:13.9,DACIA_SPRING,Dacia Spring 33 kW,33000,139,01:56.7,8.1,13,360,N,-12.96221672722169,85.63060825986311,176,78,,,,0.0,112.0,64.0,0,153,23,25,2
01:54.6,,,82,,98.5,,,,,,,28,-2.2710645,43.26588,94.025314,13.053480005751222,01:54.6,6,-0.051,0101000020E61000002A5267D4232B02C04A14B25E08A24540,20230419_DACIA_AZPEITIA_DONOSTIA_028,,d1,48:13.9,26:13.9,DACIA_SPRING,Dacia Spring 33 kW,33000,139,01:56.7,8.1,13,360,N,-12.983632561650827,87.12457603882456,176,78,,,,0.0,112.0,64.0,0,153,23,65,2
02:00.1,,,82,,98.5,,,,,,,28,-2.2710204,43.266758,92.55022,13.15118556469168,01:59.7,6,0.39,0101000020E61000007DEA6EC10C2B02C072D15B1725A24540,20230419_DACIA_AZPEITIA_DONOSTIA_028,,d1,48:13.9,26:13.9,DACIA_SPRING,Dacia Spring 33 kW,33000,139,01:56.7,8.1,13,360,N,-12.989712949088805,87.72049766524569,176,78,,,,0.0,112.0,64.0,0,153,23,45,3
02:05.6,,,82,,98.5,,,,,,,28,-2.2709794,43.267788,91.01536,13.265774719800227,02:05.7,6,-0.143,0101000020E61000003C27AB37F72A02C0B1F0EDE046A24540,20230419_DACIA_AZPEITIA_DONOSTIA_028,,d1,48:13.9,26:13.9,DACIA_SPRING,Dacia Spring 33 kW,33000,139,01:56.7,8.1,13,360,N,0.5201037706662512,-2.292900497831104,176,78,,,,0.0,112.0,64.0,0,153,23,8,3
02:11.1,,,82,,98.5,,,,,,,28,-2.2708795,43.267784000000006,90.84943,13.27387729198708,02:10.7,6,0.308,0101000020E6100000C3E610D1C22A02C0C0E474C346A24540,20230419_DACIA_AZPEITIA_DONOSTIA_028,,d1,48:13.9,26:13.9,DACIA_SPRING,Dacia Spring 33 kW,33000,139,01:56.7,8.1,13,360,N,-12.999987667830156,89.92108024340601,176,78,,,,0.0,112.0,64.0,0,153,23,8,3
02:16.5,,,82,,98.5,,,,,,,28,-2.270879,43.268147,87.67351500000001,13.314365822027822,02:16.8,6,-0.241,0101000020E6100000884316ACC22A02C0B0C4AD9752A24540,20230419_DACIA_AZPEITIA_DONOSTIA_028,,d1,48:13.9,26:13.9,DACIA_SPRING,Dacia Spring 33 kW,33000,139,01:56.7,8.1,13,360,N,-11.248572328786135,59.91409801801682,176,78,,,,0.0,112.0,64.0,0,153,23,8,3
02:22.2,,,82,,98.5,,,,,,,28,-2.2706826,43.268486,83.96359,13.355445651114396,02:21.8,6,0.363,0101000020E6100000114FE0A75B2A02C099B445BA5DA24540,20230419_DACIA_AZPEITIA_DONOSTIA_028,,d1,48:13.9,26:13.9,DACIA_SPRING,Dacia Spring 33 kW,33000,139,01:56.7,8.1,13,360,N,-10.952541000127088,122.59460184640056,176,78,,,,0.0,112.0,64.0,0,153,23,65,3
02:27.7,,,82,,98.5,,,,,,,28,-2.270978,43.268948,81.22761,13.412178511030502,02:27.9,6,-0.206,0101000020E61000001450CD84F62A02C0168599D36CA24540,20230419_DACIA_AZPEITIA_DONOSTIA_028,,d1,48:13.9,26:13.9,DACIA_SPRING,Dacia Spring 33 kW,33000,139,01:56.7,8.1,13,360,N,4.297195585072735,-160.69762548057747,176,78,,,,0.0,112.0,64.0,0,153,23,65,3
02:33.3,,,82,,98.5,,,,,,,28,-2.2715576,43.268745,78.23631,13.46433884990242,02:32.9,6,0.332,0101000020E6100000911BB256262C02C00B75434666A24540,20230419_DACIA_AZPEITIA_DONOSTIA_028,,d1,48:13.9,26:13.9,DACIA_SPRING,Dacia Spring 33 kW,33000,139,01:56.7,8.1,13,360,N,5.473438872640782,-155.1001297419553,176,78,,,,0.0,112.0,64.0,0,153,23,65,3
02:38.7,,,82,,98.5,,,,,,,28,-2.2722793,43.26841,78.72788,13.53363747061267,02:38.9,6,-0.228,0101000020E61000003C19CAC6A02D02C0D7BFA6455BA24540,20230419_DACIA_AZPEITIA_DONOSTIA_028,,d1,48:13.9,26:13.9,DACIA_SPRING,Dacia Spring 33 kW,33000,139,01:56.7,8.1,13,360,N,9.68220279302914,-131.8593791954174,176,78,,,,0.0,112.0,64.0,0,153,23,45,3
02:44.3,,,82,,98.5,,,,,,,28,-2.272635,43.268013,77.35895,13.586363529291729,02:44.0,6,0.273,0101000020E6100000B647634B5B2E02C081F753384EA24540,20230419_DACIA_AZPEITIA_DONOSTIA_028,,d1,48:13.9,26:13.9,DACIA_SPRING,Dacia Spring 33 kW,33000,139,01:56.7,8.1,13,360,N,12.031477816953592,-112.25638626046909,176,78,,,,0.0,112.0,64.0,0,153,23,8,3
02:49.7,,,82,,98.5,,,,,,,28,-2.272759,43.26771,79.52091999999999,13.621586106713263,02:50.0,6,-0.34,0101000020E61000002B5FF2469C2E02C047C73C6644A24540,20230419_DACIA_AZPEITIA_DONOSTIA_028,,d1,48:13.9,26:13.9,DACIA_SPRING,Dacia Spring 33 kW,33000,139,01:56.7,8.1,13,360,N,12.14191732218846,-69.06616403548233,176,78,,,,0.0,112.0,64.0,0,153,23,45,3
02:55.2,,,82,,98.5,,,,,,,28,-2.2727349,43.267647,81.170425,13.629042813131722,02:55.1,6,0.1159999999999999,0101000020E6100000AFD2ADA98F2E02C0A25ADE4C42A24540,20230419_DACIA_AZPEITIA_DONOSTIA_028,,d1,48:13.9,26:13.9,DACIA_SPRING,Dacia Spring 33 kW,33000,139,01:56.7,8.1,13,360,N,-8.601081293161887,41.42366568985131,176,78,,,,0.0,112.0,64.0,0,153,23,45,3
03:00.7,,,82,,98.5,,,,,,,28,-2.2727315,43.26765,81.63425,13.629677003238138,03:01.2,6,-0.4479999999999999,0101000020E6100000F49700EE8D2E02C05348026A42A24540,20230419_DACIA_AZPEITIA_DONOSTIA_028,,d1,48:13.9,26:13.9,DACIA_SPRING,Dacia Spring 33 kW,33000,139,01:56.7,8.1,13,360,N,9.856407552625312,-130.69553103561597,176,78,,,,0.0,112.0,64.0,0,153,23,45,3
03:06.2,,,82,,98.5,,,,,,,28,-2.2727659,43.26761,81.30685,13.634935132699347,03:06.2,6,0.039,0101000020E6100000B17FB0E39F2E02C05F4FCCFC40A24540,20230419_DACIA_AZPEITIA_DONOSTIA_028,,d1,48:13.9,26:13.9,DACIA_SPRING,Dacia Spring 33 kW,33000,139,01:56.7,8.1,13,360,N,7.063211314925216,-147.08979769171083,176,78,,,,0.0,112.0,64.0,0,153,23,45,3
03:11.8,,,81,,98.5,,,,,,,28,-2.2728617,43.267548,79.9024,13.645407357456191,03:12.2,6,-0.461,0101000020E610000084688A2BD22E02C0C5B7D5F23EA24540,20230419_DACIA_AZPEITIA_DONOSTIA_028,,d1,48:13.9,26:13.9,DACIA_SPRING,Dacia Spring 33 kW,33000,139,01:56.7,8.1,13,360,N,11.564582130537016,-117.17907624974713,176,78,,,,0.0,112.0,64.0,0,153,23,45,3
03:17.2,,,81,,98.5,,,,,,,28,-2.27314,43.267006,77.40813,13.70979809556914,03:17.3,6,-0.044,0101000020E61000007F4B0FF8632F02C0723B3F352DA24540,20230419_DACIA_AZPEITIA_DONOSTIA_028,,d1,48:13.9,26:13.9,DACIA_SPRING,Dacia Spring 33 kW,33000,139,01:56.7,8.1,13,360,N,12.987765496415218,-87.51404538101929,176,78,,,,0.0,112.0,64.0,0,153,23,45,3
03:22.7,,,81,,98.5,,,,,,,28,-2.27311,43.266315000000006,77.40771,13.786672176385299,03:22.6,6,0.09,0101000020E6100000267CA638542F02C030861BAC16A24540,20230419_DACIA_AZPEITIA_DONOSTIA_028,,d1,48:13.9,26:13.9,DACIA_SPRING,Dacia Spring 33 kW,33000,139,01:56.7,8.1,13,360,N,11.98806719428062,-67.24378442133258,176,78,,,,0.0,112.0,64.0,0,153,23,45,3
03:28.2,,,81,,98.5,,,,,,,28,-2.2727199,43.265385,78.575676,13.894806166029767,03:28.4,6,-0.216,0101000020E61000007124C6B4872E02C0393BB916F8A14540,20230419_DACIA_AZPEITIA_DONOSTIA_028,,d1,48:13.9,26:13.9,DACIA_SPRING,Dacia Spring 33 kW,33000,139,01:56.7,8.1,13,360,N,12.100438627919978,-68.56033143751932,176,78,,,,0.0,112.0,64.0,0,153,23,120,2
03:33.7,,,81,,98.5,,,,,,,28,-2.272392,43.26455,77.80656,13.991378555441104,03:33.4,6,0.246,0101000020E6100000578C21D6DB2D02C0305D34B5DCA14540,20230419_DACIA_AZPEITIA_DONOSTIA_028,,d1,48:13.9,26:13.9,DACIA_SPRING,Dacia Spring 33 kW,33000,139,01:56.7,8.1,13,360,N,12.070196981512597,-111.80140948630168,176,78,,,,0.0,112.0,64.0,0,153,23,25,2
03:39.1,,,81,,98.5,,,,,,,28,-2.272672,43.26385,74.40155,14.072521251477914,03:39.5,6,-0.356,0101000020E610000027A4C7A16E2E02C01A2715EDC5A14540,20230419_DACIA_AZPEITIA_DONOSTIA_028,,d1,48:13.9,26:13.9,DACIA_SPRING,Dacia Spring 33 kW,33000,139,01:56.7,8.1,13,360,N,-3.0201394603585743,166.56639464852086,176,78,,,,0.0,112.0,64.0,0,153,23,25,2
03:44.7,,,81,,98.5,,,,,,,28,-2.2734256,43.26403,73.80221999999999,14.136743685333075,03:44.6,6,0.102,0101000020E61000008805E9C8F92F02C0F6E6BEB6CBA14540,20230419_DACIA_AZPEITIA_DONOSTIA_028,,d1,48:13.9,26:13.9,DACIA_SPRING,Dacia Spring 33 kW,33000,139,01:56.7,8.1,13,360,N,-12.680064924703906,77.26228264853002,176,78,,,,0.0,112.0,64.0,0,153,23,25,2
03:50.1,,,81,,98.5,,,,,,,28,-2.273259,43.264767,74.229935,14.219798318883756,03:50.6,6,-0.491,0101000020E6100000C86C0B6AA22F02C0722493DCE3A14540,20230419_DACIA_AZPEITIA_DONOSTIA_028,,d1,48:13.9,26:13.9,DACIA_SPRING,Dacia Spring 33 kW,33000,139,01:56.7,8.1,13,360,N,-7.066695865918427,32.92849755715834,176,78,,,,0.0,112.0,64.0,0,153,23,45,2
03:55.6,,,81,,98.5,,,,,,,28,-2.2724113,43.265316,76.04293,14.311674588616757,03:55.7,6,-0.02,0101000020E610000005B120FAE52D02C02CF4E2DBF5A14540,20230419_DACIA_AZPEITIA_DONOSTIA_028,,d1,48:13.9,26:13.9,DACIA_SPRING,Dacia Spring 33 kW,33000,139,01:56.7,8.1,13,360,N,-8.142144508845757,38.7790500787777,176,78,,,,0.0,112.0,64.0,0,153,23,45,2
04:01.1,,,80,,98.5,,,,,,,28,-2.2714753,43.266068,77.52654,14.424537861584032,04:00.7,6,0.363,0101000020E61000000A42F037FB2B02C0E6E3C5740EA24540,20230419_DACIA_AZPEITIA_DONOSTIA_028,,d1,48:13.9,26:13.9,DACIA_SPRING,Dacia Spring 33 kW,33000,139,01:56.7,8.1,13,360,N,-9.54212990683773,47.22362786317542,176,78,,,,0.0,112.0,64.0,0,153,23,120,2
04:06.6,,,80,,98.5,,,,,,,28,-2.2704344,43.267193,81.14121999999999,14.575418210456187,04:06.7,6,-0.1669999999999999,0101000020E6100000AB1A2E86D92902C08DCA5F6433A24540,20230419_DACIA_AZPEITIA_DONOSTIA_028,,d1,48:13.9,26:13.9,DACIA_SPRING,Dacia Spring 33 kW,33000,139,01:56.7,8.1,13,360,N,-10.383112896315897,53.00623465963378,176,78,,,,0.0,112.0,64.0,0,153,23,65,3
04:12.1,,,80,,98.5,,,,,,,28,-2.2696328,43.268257,85.77805,14.710442531211898,04:11.8,6,0.259,0101000020E6100000CFC65836352802C0FDFA2B3956A24540,20230419_DACIA_AZPEITIA_DONOSTIA_028,,d1,48:13.9,26:13.9,DACIA_SPRING,Dacia Spring 33 kW,33000,139,01:56.7,8.1,13,360,N,-9.625890428502494,47.77002789377792,176,78,,,,0.0,112.0,64.0,0,153,23,120,3
04:17.6,,,80,,98.5,,,,,,,28,-2.2684655,43.269543,87.94803,14.881863671184183,04:17.8,6,-0.218,0101000020E61000003065F949D12502C07003C26580A24540,20230419_DACIA_AZPEITIA_DONOSTIA_028,,d1,48:13.9,26:13.9,DACIA_SPRING,Dacia Spring 33 kW,33000,139,06:30.2,8.1,13,360,N,-7.231697132672434,33.799226345752494,176,78,,,,0.0,112.0,64.0,0,153,23,8,3
04:23.1,,,80,,98.5,,,,,,,28,-2.2671106,43.27045,89.544525,15.030886765536783,04:22.9,6,0.207,0101000020E6100000261D39E50A2302C0B4F7CC1F9EA24540,20230419_DACIA_AZPEITIA_DONOSTIA_028,,d1,48:13.9,26:13.9,DACIA_SPRING,Dacia Spring 33 kW,33000,139,06:30.2,8.1,13,360,N,-4.369297599877513,19.63943102695768,176,78,,,,0.0,112.0,64.0,0,153,23,8,3
04:28.6,,,80,,98.5,,,,,,,28,-2.265093,43.27117,91.23335,15.21281081468211,04:28.9,6,-0.262,0101000020E610000050AC3A1DE91E02C01AF5FEC7B5A24540,20230419_DACIA_AZPEITIA_DONOSTIA_028,,d1,48:13.9,26:13.9,DACIA_SPRING,Dacia Spring 33 kW,33000,139,06:30.2,8.1,13,360,N,-1.6552414185704607,7.315114455413187,176,78,,,,0.0,112.0,64.0,0,153,23,100,3
04:34.1,,,80,,98.5,,,,,,,28,-2.263239,43.271408,92.698784,15.365238027922118,04:34.0,6,0.179,0101000020E610000037A41E0A1D1B02C0EFF56E79BDA24540,20230419_DACIA_AZPEITIA_DONOSTIA_028,,d1,48:13.9,26:13.9,DACIA_SPRING,Dacia Spring 33 kW,33000,139,06:30.2,8.1,13,360,N,-0.1990768736681864,0.877439270317948,176,78,,,,0.0,112.0,64.0,0,153,23,120,3
04:39.7,,,80,,98.5,,,,,,,28,-2.2611496,43.271440000000005,97.90813,15.53451900673517,04:40.0,6,-0.308,0101000020E61000005DA3949CD51602C072C43D7ABEA24540,20230419_DACIA_AZPEITIA_DONOSTIA_028,,d1,48:13.9,26:13.9,DACIA_SPRING,Dacia Spring 33 kW,33000,139,06:30.2,8.1,13,360,N,-1.5649245870320356,6.913965530070249,176,78,,,,0.0,112.0,64.0,0,153,23,8,3
04:45.2,,,80,,98.5,,,,,,,28,-2.259525,43.271637,102.55638,15.667943289761514,04:45.1,6,0.1969999999999999,0101000020E6100000EC1209DC811302C06F0E460DC5A24540,20230419_DACIA_AZPEITIA_DONOSTIA_028,,d1,48:13.9,26:13.9,DACIA_SPRING,Dacia Spring 33 kW,33000,139,06:30.2,8.1,13,360,N,-4.642585429527825,20.923550338128805,176,78,,,,0.0,112.0,64.0,0,153,23,8,3
04:50.7,,,80,,98.5,,,,,,,28,-2.2576706000000004,43.272346,107.01603,15.837578014538826,04:51.1,6,-0.411,0101000020E6100000BAE97CA2B50F02C0E6182145DCA24540,20230419_DACIA_AZPEITIA_DONOSTIA_028,,d1,48:13.9,26:13.9,DACIA_SPRING,Dacia Spring 33 kW,33000,139,06:30.2,8.1,13,360,N,-7.402719271412234,34.71118057126505,176,78,,,,0.0,112.0,64.0,0,153,23,8,3
04:56.2,,,80,,98.5,,,,,,,28,-2.2563324,43.273273,109.44147,15.987140152634838,04:56.1,6,0.1369999999999999,0101000020E61000009D8032FCF70C02C04B0FF693FAA24540,20230419_DACIA_AZPEITIA_DONOSTIA_028,,d1,48:13.9,26:13.9,DACIA_SPRING,Dacia Spring 33 kW,33000,139,06:30.2,8.1,13,360,N,-11.008766447855365,57.86834342569347,176,78,,,,0.0,112.0,64.0,0,153,23,100,3
05:01.7,,,80,,98.5,,,,,,,28,-2.2553859,43.27478,109.430016,16.171400268617496,05:02.2,6,-0.483,0101000020E610000097CA02CB070B02C07B96B5FF2BA34540,20230419_DACIA_AZPEITIA_DONOSTIA_028,,d1,48:13.9,26:13.9,DACIA_SPRING,Dacia Spring 33 kW,33000,139,06:30.2,8.1,13,360,N,-12.698680343696044,77.63989588937264,176,78,,,,0.0,112.0,64.0,0,153,23,100,3
05:07.2,,,80,,98.5,,,,,,,28,-2.2551935000000003,43.275658,108.45104,16.270269009221728,05:07.2,6,-0.023,0101000020E6100000F4EAC0DDA20A02C0162855CC48A34540,20230419_DACIA_AZPEITIA_DONOSTIA_028,,d1,48:13.9,26:13.9,DACIA_SPRING,Dacia Spring 33 kW,33000,139,06:30.2,8.1,13,360,N,-11.32753876062564,60.61579822836345,176,78,,,,0.0,112.0,64.0,0,153,23,100,3
05:12.6,,,80,,98.5,,,,,,,28,-2.2546607999999995,43.276604,107.91887,16.383957663628088,05:12.3,6,0.369,0101000020E6100000805E09A48B0902C0D024FCB267A34540,20230419_DACIA_AZPEITIA_DONOSTIA_028,,d1,48:13.9,26:13.9,DACIA_SPRING,Dacia Spring 33 kW,33000,139,06:30.2,8.1,13,360,N,-7.36001268750084,34.48252270332941,176,78,,,,0.0,112.0,64.0,0,153,23,8,3
05:18.1,,,80,,98.5,,,,,,,28,-2.2533417,43.27751,105.69206,16.53078306968813,05:18.3,6,-0.212,0101000020E6100000BF9BF900D80602C0E8B1EC8185A34540,20230419_DACIA_AZPEITIA_DONOSTIA_028,,d1,48:13.9,26:13.9,DACIA_SPRING,Dacia Spring 33 kW,33000,139,06:30.2,8.1,13,360,N,-3.117267947511262,13.874137010820052,176,78,,,,0.0,112.0,64.0,0,153,23,40,4
05:23.6,,,79,,98.5,,,,,,,28,-2.2518437,43.27788,103.45876,16.658861056698218,05:23.4,6,0.205,0101000020E6100000B59FE0AEC60302C012EC359C91A34540,20230419_DACIA_AZPEITIA_DONOSTIA_028,,d1,48:13.9,26:13.9,DACIA_SPRING,Dacia Spring 33 kW,33000,139,06:30.2,8.1,13,360,N,1.1109500673494064,-4.902344771772665,176,78,,,,0.0,112.0,64.0,0,153,23,40,4
05:29.1,,,79,,98.5,,,,,,,28,-2.2497451,43.2777,99.40482,16.829974498607296,05:29.4,6,-0.345,0101000020E610000053D08C577AFF01C05E3B46948BA34540,20230419_DACIA_AZPEITIA_DONOSTIA_028,,d1,48:13.9,26:13.9,DACIA_SPRING,Dacia Spring 33 kW,33000,139,06:30.2,8.1,13,360,N,0.813357490436662,-3.587108385019164,176,78,,,,0.0,112.0,64.0,0,153,23,120,4
05:34.6,,,79,,98.5,,,,,,,28,-2.2479904,43.27759,94.71427,16.972627924431606,05:34.4,6,0.213,0101000020E61000006F78555CE2FB01C0ACF9F01388A34540,20230419_DACIA_AZPEITIA_DONOSTIA_028,,d1,48:13.9,26:13.9,DACIA_SPRING,Dacia Spring 33 kW,33000,139,06:30.2,8.1,13,360,N,-1.3218623714731774,5.836019680155598,176,78,,,,0.0,112.0,64.0,0,153,23,80,4
05:40.3,,,79,,98.5,,,,,,,28,-2.245838,43.27781,91.232025,17.148617268941322,05:40.5,6,-0.163,0101000020E61000001C076DE879F701C09970CF378FA34540,20230419_DACIA_AZPEITIA_DONOSTIA_028,,d1,48:13.9,26:13.9,DACIA_SPRING,Dacia Spring 33 kW,33000,139,06:30.2,8.1,13,360,N,-2.530313251444141,11.223663843751408,105,62,,,,10.0,94.0,1.0,0,92,13,25,4
05:45.8,,,79,,98.5,,,,,,,28,-2.2440238,43.27817,89.07768,17.300856746640964,05:45.5,6,0.309,0101000020E610000078B121CCC2F301C0947903179BA34540,20230419_DACIA_AZPEITIA_DONOSTIA_028,,d1,48:13.9,26:13.9,DACIA_SPRING,Dacia Spring 33 kW,33000,139,06:30.2,8.1,13,360,N,-3.616029512000392,16.150186747000426,105,62,,,,10.0,94.0,1.0,0,92,13,20,4
05:51.4,,,79,,98.5,,,,,,,28,-2.2418828,43.27879,85.03591,17.487429342147642,05:51.6,6,-0.204,0101000020E61000008DCAF93460EF01C048D8655AAFA34540,20230419_DACIA_AZPEITIA_DONOSTIA_028,,d1,48:13.9,26:13.9,DACIA_SPRING,Dacia Spring 33 kW,33000,139,06:30.2,8.1,13,360,N,-5.580971230003563,25.423492184407287,105,62,,,,10.0,94.0,1.0,0,92,13,20,4
05:56.9,,,79,,98.5,,,,,,,28,-2.2403197,43.279533,81.45904,17.63859158302198,05:56.6,6,0.311,0101000020E610000049C50AC42CEC01C0A97AFACDC7A34540,20230419_DACIA_AZPEITIA_DONOSTIA_028,,d1,48:13.9,26:13.9,DACIA_SPRING,Dacia Spring 33 kW,33000,139,06:30.2,8.1,13,360,N,-8.012791086476309,38.0514286513286,105,62,,,,10.0,94.0,1.0,0,92,13,20,4
06:02.3,,,78,,98.5,,,,,,,28,-2.23877,43.280746,77.14923,17.822843337727935,06:02.7,6,-0.341,0101000020E610000077F3653C00E901C0CDA24082EFA34540,20230419_DACIA_AZPEITIA_DONOSTIA_028,,d1,48:13.9,26:13.9,DACIA_SPRING,Dacia Spring 33 kW,33000,139,06:30.2,8.1,13,360,N,-8.716835300856475,42.10765868776057,105,62,,,,10.0,94.0,1.0,0,92,13,40,4
06:07.8,,,78,,98.5,,,,,,,28,-2.2375817,43.28182,73.05059,17.976243803850526,06:07.7,6,0.119,0101000020E6100000901F4C3791E601C0117A13A412A44540,20230419_DACIA_AZPEITIA_DONOSTIA_028,,d1,48:13.9,26:13.9,DACIA_SPRING,Dacia Spring 33 kW,33000,139,06:30.2,8.1,13,360,N,-8.149736762412537,38.82198664608703,105,62,,,,10.0,94.0,1.0,0,92,13,25,4
06:13.2,,,78,,98.5,,,,,,,28,-2.2363265,43.28283,69.49561,18.12773399462917,06:12.8,6,0.477,0101000020E6100000D6D21329FFE301C098899CBC33A44540,20230419_DACIA_AZPEITIA_DONOSTIA_028,,d1,48:13.9,26:13.9,DACIA_SPRING,Dacia Spring 33 kW,33000,139,06:30.2,8.1,13,360,N,-6.356520646692728,29.27245365885891,105,62,,,,10.0,94.0,1.0,0,92,13,25,4
06:18.7,,,78,,98.5,,,,,,,28,-2.2345104,43.283848,64.64244000000001,18.313336235985037,06:18.8,6,-0.092,0101000020E6100000BC4A67F346E001C079C8501855A44540,20230419_DACIA_AZPEITIA_DONOSTIA_028,,d1,48:13.9,26:13.9,DACIA_SPRING,Dacia Spring 33 kW,33000,139,06:30.2,8.1,13,360,N,-4.457827587235968,20.054255178945056,105,62,,,,10.0,94.0,1.0,0,92,13,25,3
06:24.2,,,78,,98.5,,,,,,,28,-2.2327654,43.284485,59.255764,18.47144286910165,06:23.9,6,0.308,0101000020E61000008EDC4529B4DC01C0E9E0FD006AA44540,20230419_DACIA_AZPEITIA_DONOSTIA_028,,d1,48:13.9,26:13.9,DACIA_SPRING,Dacia Spring 33 kW,33000,139,06:30.2,8.1,13,360,N,-2.4338457435893908,10.790526873406504,105,62,,,,10.0,94.0,1.0,0,92,13,40,3
06:29.7,,,78,,98.5,,,,,,,28,-2.230483,43.28492,56.02877,18.662445987862846,06:29.9,6,-0.136,0101000020E61000006217CD8F07D801C077132B4178A44540,20230419_DACIA_AZPEITIA_DONOSTIA_028,,d1,48:13.9,26:13.9,DACIA_SPRING,Dacia Spring 33 kW,33000,139,06:30.2,8.1,13,360,N,-0.5868978499047447,2.587554083484183,105,62,,,,10.0,94.0,1.0,0,92,13,25,3
06:35.3,,,78,,98.5,,,,,,,28,-2.2284915,43.28501,54.254715,18.823967335690966,06:34.9,6,0.345,0101000020E6100000259A8668F3D301C0FE8FC2357BA44540,20230419_DACIA_AZPEITIA_DONOSTIA_028,,d1,48:13.9,26:13.9,DACIA_SPRING,Dacia Spring 33 kW,33000,139,06:30.2,8.1,13,360,N,-0.223805662394541,0.9864425692118686,105,62,,,,10.0,94.0,1.0,0,92,13,8,3
06:40.8,,,78,,98.5,,,,,,,28,-2.2261684,43.28505,54.77251999999999,19.012062951592295,06:41.0,6,-0.1989999999999999,0101000020E610000081CB2F6131CF01C0F275DF8A7CA44540,20230419_DACIA_AZPEITIA_DONOSTIA_028,,d1,48:13.9,26:13.9,DACIA_SPRING,Dacia Spring 33 kW,33000,139,06:30.2,8.1,13,360,N,-1.5970672801584105,7.056689626929636,105,62,,,,10.0,94.0,1.0,0,92,13,120,3
06:46.3,,,78,,98.5,,,,,,,28,-2.2243104,43.28528,54.391235,19.164617109404666,06:46.0,6,0.331,0101000020E61000006876BB4463CB01C010E70EFA83A44540,20230419_DACIA_AZPEITIA_DONOSTIA_028,,d1,48:13.9,26:13.9,DACIA_SPRING,Dacia Spring 33 kW,33000,139,06:56.8,8.1,13,360,N,-2.036561957805373,9.013003002203614,105,62,,,,10.0,94.0,1.0,0,92,13,8,3
06:51.8,,,78,,98.5,,,,,,,28,-2.2222047000000003,43.285614,56.22682,19.33906987927984,06:52.2,6,-0.326,0101000020E6100000F731A03B13C701C0692318FD8EA44540,20230419_DACIA_AZPEITIA_DONOSTIA_028,,d1,48:13.9,26:13.9,DACIA_SPRING,Dacia Spring 33 kW,33000,139,06:56.8,8.1,13,360,N,0.6104060244361087,-2.691273298465697,105,62,,,,10.0,94.0,1.0,0,92,13,8,3
06:57.3,,,78,,98.5,,,,,,,28,-2.2204177000000005,43.28553,60.020496,19.484067414491566,06:57.1,6,0.296,0101000020E61000004FBDF86A6AC301C03A2E26428CA44540,20230419_DACIA_AZPEITIA_DONOSTIA_028,,d1,48:13.9,26:13.9,DACIA_SPRING,Dacia Spring 33 kW,33000,139,06:56.8,8.1,13,360,N,4.501249368296552,-20.258116130390032,105,62,,,,10.0,94.0,1.0,0,92,13,8,3
07:02.8,,,77,,98.5,,,,,,,28,-2.218494,43.28482,63.630993,19.65868792828743,07:03.4,6,-0.639,0101000020E6100000F25E9CB379BF01C0EA2BF50575A44540,20230419_DACIA_AZPEITIA_DONOSTIA_028,,d1,48:13.9,26:13.9,DACIA_SPRING,Dacia Spring 33 kW,33000,139,06:56.8,8.1,13,360,N,7.592525892348907,-35.73523132243908,105,62,,,,10.0,94.0,1.0,0,92,13,8,3
07:08.4,,,77,,98.5,,,,,,,28,-2.2169888,43.283737,64.4433,19.829998843567,07:08.3,6,0.115,0101000020E61000002304B5AB64BC01C0B7280C8051A44540,20230419_DACIA_AZPEITIA_DONOSTIA_028,,d1,48:13.9,26:13.9,DACIA_SPRING,Dacia Spring 33 kW,33000,139,06:56.8,8.1,13,360,N,5.689010043190721,-25.95188122746365,105,62,,,,10.0,94.0,1.0,0,92,13,8,3
07:13.8,,,77,,98.5,,,,,,,28,-2.215343,43.282936,66.05932,19.99026031260577,07:14.2,6,-0.435,0101000020E6100000C30785BC05B901C0DA64C33F37A44540,20230419_DACIA_AZPEITIA_DONOSTIA_028,,d1,48:13.9,26:13.9,DACIA_SPRING,Dacia Spring 33 kW,33000,139,06:56.8,8.1,13,360,N,3.714098853915928,-16.600690214956106,105,62,,,,10.0,94.0,1.0,0,92,13,100,4
07:19.3,,,77,,98.5,,,,,,,28,-2.2139342,43.282516,70.58633,20.11357477033383,07:19.3,6,-0.013,0101000020E6100000EDEBC91523B601C05260CC7C29A44540,20230419_DACIA_AZPEITIA_DONOSTIA_028,,d1,48:13.9,26:13.9,DACIA_SPRING,Dacia Spring 33 kW,33000,139,06:56.8,8.1,13,360,N,6.206276107786941,-28.516110900399728,105,62,,,,10.0,94.0,1.0,0,92,13,120,4
07:24.7,,,76,,98.5,,,,,,,28,-2.2126992000000003,43.281845,73.9092,20.238363412753564,07:24.4,6,0.33,0101000020E61000009B8D39919BB301C0CF98888913A44540,20230419_DACIA_AZPEITIA_DONOSTIA_028,,d1,48:13.9,26:13.9,DACIA_SPRING,Dacia Spring 33 kW,33000,139,06:56.8,8.1,13,360,N,6.00633174151479,-27.517887940600907,105,62,,,,10.0,94.0,1.0,0,92,13,120,4
07:30.2,,,76,,98.5,,,,,,,28,-2.2112634,43.281097,75.78348000000001,20.381297348859746,07:30.4,6,-0.187,0101000020E61000001C552AD1AAB001C01D9ED2F3FAA34540,20230419_DACIA_AZPEITIA_DONOSTIA_028,,d1,48:13.9,26:13.9,DACIA_SPRING,Dacia Spring 33 kW,33000,139,06:56.8,8.1,13,360,N,5.852266081950375,-26.75486830450405,105,62,,,,10.0,94.0,1.0,0,92,13,100,4
07:35.7,,,76,,98.5,,,,,,,28,-2.2107933,43.28086,75.89064,20.42758614838436,07:35.4,6,0.311,0101000020E6100000960CD454B4AF01C026ED0349F3A34540,20230419_DACIA_AZPEITIA_DONOSTIA_028,,d1,48:13.9,26:13.9,DACIA_SPRING,Dacia Spring 33 kW,33000,139,06:56.8,8.1,13,360,N,-2.3880612583373385e-15,0.0,105,62,,,,10.0,94.0,1.0,0,92,13,40,4
07:41.2,,,76,,98.5,,,,,,,28,-2.2107933,43.28086,75.89064,20.42758614838436,07:41.5,6,-0.214,0101000020E6100000960CD454B4AF01C026ED0349F3A34540,20230419_DACIA_AZPEITIA_DONOSTIA_028,,d1,48:13.9,26:13.9,DACIA_SPRING,Dacia Spring 33 kW,33000,139,06:56.8,8.1,13,360,N,-2.3880612583373385e-15,0.0,105,62,,,,10.0,94.0,1.0,0,92,13,40,4
07:46.7,,,76,,98.5,,,,,,,28,-2.2107933,43.28086,75.89064,20.42758614838436,07:46.5,6,0.239,0101000020E6100000960CD454B4AF01C026ED0349F3A34540,20230419_DACIA_AZPEITIA_DONOSTIA_028,,d1,48:13.9,26:13.9,DACIA_SPRING,Dacia Spring 33 kW,33000,139,06:56.8,8.1,13,360,N,-2.3880612583373385e-15,0.0,105,62,,,,10.0,94.0,1.0,0,92,13,40,4
07:54.9,,,76,,98.5,,,,,,,28,-2.2107933,43.28086,75.89064,20.42758614838436,07:54.5,6,0.397,0101000020E6100000960CD454B4AF01C026ED0349F3A34540,20230419_DACIA_AZPEITIA_DONOSTIA_028,,d1,48:13.9,26:13.9,DACIA_SPRING,Dacia Spring 33 kW,33000,139,06:56.8,8.1,13,360,N,-0.8280060003394292,3.651798791796192,105,62,,,,10.0,94.0,1.0,0,92,13,40,4
08:00.9,,,76,,98.5,,,,,,,28,-2.202489,43.28139,99.66496,21.102814222619948,08:00.9,6,-0.008,0101000020E6100000BE57CB70B29E01C082B15FA404A44540,20230419_DACIA_AZPEITIA_DONOSTIA_028,,d1,48:13.9,26:13.9,DACIA_SPRING,Dacia Spring 33 kW,33000,139,06:56.8,8.1,13,360,N,-2.3880612583373385e-15,0.0,105,62,,,,10.0,94.0,1.0,0,92,13,55,4
08:06.8,,,76,,98.5,,,,,,,28,-2.2002406000000003,43.28139,105.66601599999998,21.28491976724828,08:06.7,6,0.163,0101000020E6100000051CF4BD179A01C0B8013C9004A44540,20230419_DACIA_AZPEITIA_DONOSTIA_028,,d1,48:13.9,26:13.9,DACIA_SPRING,Dacia Spring 33 kW,33000,139,06:56.8,8.1,13,360,N,0.6066543650225993,-2.674720210734612,105,62,,,,10.0,94.0,1.0,0,92,13,100,4
08:12.4,,,76,,98.5,,,,,,,28,-2.1979716,43.281284,102.0705,21.469007036036597,08:12.8,6,-0.479,0101000020E610000094F0A323729501C0B3492D2E01A44540,20230419_DACIA_AZPEITIA_DONOSTIA_028,,d1,48:13.9,26:13.9,DACIA_SPRING,Dacia Spring 33 kW,33000,139,06:56.8,8.1,13,360,N,1.1562673049636556,-5.1028383300438085,105,62,,,,10.0,94.0,1.0,0,92,13,100,4
08:22.1,,,76,,98.5,,,,,,,28,-2.1957095,43.281082,93.7617,21.653682745111055,08:22.0,6,0.049,0101000020E61000005D230117D09001C0B5492675FAA34540,20230419_DACIA_AZPEITIA_DONOSTIA_028,,d1,48:13.9,26:13.9,DACIA_SPRING,Dacia Spring 33 kW,33000,139,06:56.8,8.1,13,360,N,-0.0673934666791497,0.2970291156443468,105,62,,,,10.0,94.0,1.0,0,92,13,8,4
08:27.6,,,76,,98.5,,,,,,,28,-2.1922374,43.2811,76.74045,21.93527059311049,08:27.8,6,-0.259,0101000020E6100000AEACBFB0B38901C096D93823FBA34540,20230419_DACIA_AZPEITIA_DONOSTIA_028,,d1,48:13.9,26:13.9,DACIA_SPRING,Dacia Spring 33 kW,33000,139,06:56.8,8.1,13,360,N,-1.073262561041429,4.735652770281179,105,62,,,,10.0,94.0,1.0,0,92,13,8,5
08:33.1,,,76,,98.5,,,,,,,28,-2.190306,43.28126,70.751564,22.09273974241446,08:32.9,6,0.263,0101000020E6100000C2DBCE1CBF8501C0E0F9806A00A44540,20230419_DACIA_AZPEITIA_DONOSTIA_028,,d1,48:13.9,26:13.9,DACIA_SPRING,Dacia Spring 33 kW,33000,139,06:56.8,8.1,13,360,N,0.7841726411326722,-3.4582365017447243,105,62,,,,10.0,94.0,1.0,0,92,13,8,5
08:39.2,,,76,,98.5,,,,,,,28,-2.1880555,43.281124,65.60465,22.275615991941105,08:39.2,6,-0.027,0101000020E6100000B99D674D238101C06D2550D2FBA34540,20230419_DACIA_AZPEITIA_DONOSTIA_028,,d1,48:13.9,26:13.9,DACIA_SPRING,Dacia Spring 33 kW,33000,139,06:56.8,8.1,13,360,N,-0.9063682249230434,3.997941446705183,105,62,,,,10.0,94.0,1.0,0,92,13,55,5
08:44.7,,,76,,98.5,,,,,,,28,-2.1859236,43.281273,64.92159000000001,22.44898738963338,08:45.0,6,-0.352,0101000020E61000005CC51F76C57C01C0CF073DB700A44540,20230419_DACIA_AZPEITIA_DONOSTIA_028,,d1,48:13.9,26:13.9,DACIA_SPRING,Dacia Spring 33 kW,33000,139,06:56.8,8.1,13,360,N,-3.849682663413161,17.225275633725502,105,62,,,,10.0,94.0,1.0,0,92,13,55,5
08:50.2,,,76,,98.5,,,,,,,28,-2.1842754,43.281784,59.517357,22.594103956220344,08:50.0,6,0.1889999999999999,0101000020E610000087D5EB56657901C0BDBB4B8711A44540,20230419_DACIA_AZPEITIA_DONOSTIA_028,,d1,48:13.9,26:13.9,DACIA_SPRING,Dacia Spring 33 kW,33000,139,06:56.8,8.1,13,360,N,-2.704320019404911,12.006614815604047,105,62,,,,10.0,94.0,1.0,0,92,13,55,5
08:55.9,,,76,,98.5,,,,,,,28,-2.182357,43.282192,51.478764,22.756086603103277,08:56.0,6,-0.062,0101000020E61000003C05129B777501C0A81C45EA1EA44540,20230419_DACIA_AZPEITIA_DONOSTIA_028,,d1,48:13.9,26:13.9,DACIA_SPRING,Dacia Spring 33 kW,33000,139,06:56.8,8.1,13,360,N,0.803206513868053,-3.542282570408814,105,62,,,,10.0,94.0,1.0,0,92,13,55,5
09:01.4,,,76,,98.5,,,,,,,28,-2.1806285,43.282085,43.722984,22.89672489101117,09:01.0,6,0.4029999999999999,0101000020E610000044539966ED7101C0C86D4D5E1BA44540,20230419_DACIA_AZPEITIA_DONOSTIA_028,,d1,48:13.9,26:13.9,DACIA_SPRING,Dacia Spring 33 kW,33000,139,06:56.8,8.1,13,360,N,4.046360277750411,-18.13508888390059,105,62,,,,10.0,94.0,1.0,0,92,13,55,5
09:06.9,,,76,,98.5,,,,,,,28,-2.1787508,43.28147,43.193012,23.063398469383817,09:07.1,6,-0.175,0101000020E61000000A6441D3146E01C0B4D2464B07A44540,20230419_DACIA_AZPEITIA_DONOSTIA_028,,d1,48:13.9,26:13.9,DACIA_SPRING,Dacia Spring 33 kW,33000,139,06:56.8,8.1,13,360,N,7.303011409702246,-34.1783011393209,105,62,,,,10.0,94.0,1.0,0,92,13,25,5
09:12.4,,,76,,98.5,,,,,,,28,-2.1772752,43.280468,40.675648,23.22676432345548,09:12.2,6,0.24,0101000020E6100000FAB5994B0F6B01C09055D659E6A34540,20230419_DACIA_AZPEITIA_DONOSTIA_028,,d1,48:13.9,26:13.9,DACIA_SPRING,Dacia Spring 33 kW,33000,139,06:56.8,8.1,13,360,N,7.06072569409328,-32.89715414166206,105,62,,,,10.0,94.0,1.0,0,92,13,8,6
09:18.1,,,76,,98.5,,,,,,,28,-2.1756597,43.279423,37.703236,23.401731639063684,09:18.2,6,-0.081,0101000020E61000009D887E49C06701C028D4281CC4A34540,20230419_DACIA_AZPEITIA_DONOSTIA_028,,d1,48:13.9,26:13.9,DACIA_SPRING,Dacia Spring 33 kW,33000,139,11:30.3,8.1,13,360,N,4.747609659051765,-21.419937290614943,105,62,,,,10.0,94.0,1.0,0,92,13,25,6
09:23.7,,,76,,98.5,,,,,,,28,-2.1741226000000005,43.27882,35.432907,23.543097278424213,09:23.3,6,0.385,0101000020E6100000743F7B5C9A6401C0D1782550B0A34540,20230419_DACIA_AZPEITIA_DONOSTIA_028,,d1,48:13.9,26:13.9,DACIA_SPRING,Dacia Spring 33 kW,33000,139,11:30.3,8.1,13,360,N,2.544738194084116,-11.288486768375831,105,62,,,,10.0,94.0,1.0,0,92,13,8,6
09:29.3,,,76,,98.5,,,,,,,28,-2.1721187,43.27842,40.597755,23.71138545041996,09:29.3,6,-0.033,0101000020E61000000728AABA7F6001C09C10674CA3A34540,20230419_DACIA_AZPEITIA_DONOSTIA_028,,d1,48:13.9,26:13.9,DACIA_SPRING,Dacia Spring 33 kW,33000,139,11:30.3,8.1,13,360,N,0.9627636658385756,-4.2471418717593,105,62,,,,10.0,94.0,1.0,0,92,13,25,6
09:34.8,,,76,,98.5,,,,,,,28,-2.1702335,43.27828,40.447887,23.864790878231478,09:34.4,6,0.4,0101000020E610000073D38A66A35C01C003962C9D9EA34540,20230419_DACIA_AZPEITIA_DONOSTIA_028,,d1,48:13.9,26:13.9,DACIA_SPRING,Dacia Spring 33 kW,33000,139,11:30.3,8.1,13,360,N,-0.9614985764788744,4.24155082434534,105,62,,,,10.0,94.0,1.0,0,92,13,25,6
09:40.4,,,76,,98.5,,,,,,,28,-2.1679413,43.27845,41.25688,24.05131442702871,09:40.4,6,-0.047,0101000020E61000006A40EDACF15701C05AE7C234A4A34540,20230419_DACIA_AZPEITIA_DONOSTIA_028,,d1,48:13.9,26:13.9,DACIA_SPRING,Dacia Spring 33 kW,33000,139,11:30.3,8.1,13,360,N,-2.948612770357723,13.10971009589296,105,62,,,,10.0,94.0,1.0,0,92,13,25,6
09:45.8,,,76,,98.5,,,,,,,28,-2.1663096,43.27883,42.250706,24.190002768980357,09:45.5,6,0.296,0101000020E6100000B99395239A5401C0E73CEEB4B0A34540,20230419_DACIA_AZPEITIA_DONOSTIA_028,,d1,48:13.9,26:13.9,DACIA_SPRING,Dacia Spring 33 kW,33000,139,11:30.3,8.1,13,360,N,-4.17579591956263,18.736423132687545,105,62,,,,10.0,94.0,1.0,0,92,13,25,6
09:51.3,,,76,,98.5,,,,,,,28,-2.1648355,43.27933,43.613335,24.32165789423652,09:51.5,6,-0.235,0101000020E61000000E857539955101C0FF6B3D2CC1A34540,20230419_DACIA_AZPEITIA_DONOSTIA_028,,d1,48:13.9,26:13.9,DACIA_SPRING,Dacia Spring 33 kW,33000,139,11:30.3,8.1,13,360,N,-3.0853196134974405,13.729142560163062,105,62,,,,10.0,94.0,1.0,0,92,13,100,6
09:56.8,,,76,,98.5,,,,,,,28,-2.1637058,43.279606,44.660873,24.41812719107005,09:56.5,6,0.297,0101000020E610000038A5390D454F01C0861C6D15CAA34540,20230419_DACIA_AZPEITIA_DONOSTIA_028,,d1,48:13.9,26:13.9,DACIA_SPRING,Dacia Spring 33 kW,33000,139,11:30.3,8.1,13,360,N,-1.727120339593728,7.6346269100397235,105,62,,,,10.0,94.0,1.0,0,92,13,100,6
10:02.3,,,76,,98.5,,,,,,,28,-2.162542,43.279762,43.73683,24.513926822247484,10:02.6,6,-0.258,0101000020E6100000217423DCE24C01C09847BF38CFA34540,20230419_DACIA_AZPEITIA_DONOSTIA_028,,d1,48:13.9,26:13.9,DACIA_SPRING,Dacia Spring 33 kW,33000,139,11:30.3,8.1,13,360,N,-0.5509054898859311,2.428770354148092,105,62,,,,10.0,94.0,1.0,0,92,13,25,7
10:07.8,,,76,,98.5,,,,,,,28,-2.1616461,43.2798,43.494255,24.58657470153409,10:07.6,6,0.198,0101000020E6100000CB3A0C120D4B01C0D74BAA8CD0A34540,20230419_DACIA_AZPEITIA_DONOSTIA_028,,d1,48:13.9,26:13.9,DACIA_SPRING,Dacia Spring 33 kW,33000,139,11:30.3,8.1,13,360,N,1.360739364135141,-6.008284320957773,105,62,,,,10.0,94.0,1.0,0,92,13,25,7
10:13.4,,,76,,98.5,,,,,,,28,-2.1608195,43.279713,45.02919,24.65420237085764,10:13.7,6,-0.314,0101000020E610000027D630BB5B4901C012E91A96CDA34540,20230419_DACIA_AZPEITIA_DONOSTIA_028,,d1,48:13.9,26:13.9,DACIA_SPRING,Dacia Spring 33 kW,33000,139,11:30.3,8.1,13,360,N,2.503309393018702,-11.102352725920356,105,62,,,,10.0,94.0,1.0,0,92,13,100,7
10:18.9,,,76,,98.5,,,,,,,28,-2.1601927000000005,43.27959,46.553894,24.706775999161003,10:18.7,6,0.119,0101000020E6100000C3F5BB2D134801C0395AEB9CC9A34540,20230419_DACIA_AZPEITIA_DONOSTIA_028,,d1,48:13.9,26:13.9,DACIA_SPRING,Dacia Spring 33 kW,33000,139,11:30.3,8.1,13,360,N,1.8240934014397363,-8.066067227598518,105,62,,,,10.0,94.0,1.0,0,92,13,100,7
10:24.5,,,76,,98.5,,,,,,,28,-2.1595788,43.279503000000005,48.905624,24.75745975181064,10:24.8,6,-0.281,0101000020E6100000E278D933D14601C004286FCBC6A34540,20230419_DACIA_AZPEITIA_DONOSTIA_028,,d1,48:13.9,26:13.9,DACIA_SPRING,Dacia Spring 33 kW,33000,139,11:30.3,8.1,13,360,N,2.3309287982485056,-10.329118464585008,105,62,,,,10.0,94.0,1.0,0,92,13,45,7
10:30.0,,,76,,98.5,,,,,,,28,-2.159288,43.27945,51.354225,24.781850273151353,10:29.8,6,0.2289999999999999,0101000020E6100000265D35BB384601C0BD34EE0EC5A34540,20230419_DACIA_AZPEITIA_DONOSTIA_028,,d1,48:13.9,26:13.9,DACIA_SPRING,Dacia Spring 33 kW,33000,139,11:30.3,8.1,13,360,N,1.088600080749273,-4.803485757181399,105,62,,,,10.0,94.0,1.0,0,92,13,45,7
10:35.6,,,76,,98.5,,,,,,,28,-2.159169,43.27944,53.20355,24.791722286739635,10:35.8,6,-0.276,0101000020E610000053364963FA4501C0AEE0F7CEC4A34540,20230419_DACIA_AZPEITIA_DONOSTIA_028,,d1,48:13.9,26:13.9,DACIA_SPRING,Dacia Spring 33 kW,33000,139,11:30.3,8.1,13,360,N,7.960204194457795e-16,180.0,105,62,,,,10.0,94.0,1.0,0,92,13,45,7
10:41.1,,,76,,98.5,,,,,,,28,-2.1591787,43.27944,53.27161,24.792510465144648,10:40.9,6,0.1639999999999999,0101000020E6100000FDCD217EFF4501C07243BBC0C4A34540,20230419_DACIA_AZPEITIA_DONOSTIA_028,,d1,48:13.9,26:13.9,DACIA_SPRING,Dacia Spring 33 kW,33000,139,11:30.3,8.1,13,360,N,-2.3880612583373385e-15,0.0,105,62,,,,10.0,94.0,1.0,0,92,13,45,7
10:46.5,,,76,,98.5,,,,,,,28,-2.1591787,43.27944,53.27161,24.792510465144648,10:46.9,6,-0.44,0101000020E6100000FDCD217EFF4501C07243BBC0C4A34540,20230419_DACIA_AZPEITIA_DONOSTIA_028,,d1,48:13.9,26:13.9,DACIA_SPRING,Dacia Spring 33 kW,33000,139,11:30.3,8.1,13,360,N,-2.3880612583373385e-15,0.0,105,62,,,,10.0,94.0,1.0,0,92,13,45,7
10:52.0,,,76,,98.5,,,,,,,28,-2.1591787,43.27944,53.27161,24.792510465144648,10:52.0,6,0.06,0101000020E6100000FDCD217EFF4501C07243BBC0C4A34540,20230419_DACIA_AZPEITIA_DONOSTIA_028,,d1,48:13.9,26:13.9,DACIA_SPRING,Dacia Spring 33 kW,33000,139,11:30.3,8.1,13,360,N,-2.7993441026285333,12.435132571670882,105,62,,,,10.0,94.0,1.0,0,92,13,45,7
10:57.4,,,76,,98.5,,,,,,,28,-2.159088,43.27946,53.607487,24.800189564603254,10:57.0,6,0.414,0101000020E6100000344605D8CF4501C083C30A5BC5A34540,20230419_DACIA_AZPEITIA_DONOSTIA_028,,d1,48:13.9,26:13.9,DACIA_SPRING,Dacia Spring 33 kW,33000,139,11:30.3,8.1,13,360,N,-1.9767433959081164,8.746162265261438,105,62,,,,10.0,94.0,1.0,0,92,13,45,7
11:02.9,,,76,,98.5,,,,,,,28,-2.1590555,43.279465,53.997555000000006,24.80290675077333,11:03.0,6,-0.085,0101000020E61000005817AAE0BE4501C0468D4D87C5A34540,20230419_DACIA_AZPEITIA_DONOSTIA_028,,d1,48:13.9,26:13.9,DACIA_SPRING,Dacia Spring 33 kW,33000,139,11:30.3,8.1,13,360,N,-2.3880612583373385e-15,0.0,105,62,,,,10.0,94.0,1.0,0,92,13,45,7
11:08.4,,,76,,98.5,,,,,,,28,-2.1590555,43.279465,53.997555000000006,24.80290675077333,11:08.1,6,0.3379999999999999,0101000020E61000005817AAE0BE4501C0468D4D87C5A34540,20230419_DACIA_AZPEITIA_DONOSTIA_028,,d1,48:13.9,26:13.9,DACIA_SPRING,Dacia Spring 33 kW,33000,139,11:30.3,8.1,13,360,N,-2.3880612583373385e-15,0.0,105,62,,,,10.0,94.0,1.0,0,92,13,45,7
11:14.0,,,76,,98.5,,,,,,,28,-2.1590555,43.279465,53.997555000000006,24.80290675077333,11:14.1,6,-0.114,0101000020E61000005817AAE0BE4501C0468D4D87C5A34540,20230419_DACIA_AZPEITIA_DONOSTIA_028,,d1,48:13.9,26:13.9,DACIA_SPRING,Dacia Spring 33 kW,33000,139,11:30.3,8.1,13,360,N,-2.3880612583373385e-15,0.0,105,62,,,,10.0,94.0,1.0,0,92,13,45,7
11:19.5,,,76,,98.5,,,,,,,28,-2.1590555,43.279465,53.997555000000006,24.80290675077333,11:19.2,6,0.288,0101000020E61000005817AAE0BE4501C0468D4D87C5A34540,20230419_DACIA_AZPEITIA_DONOSTIA_028,,d1,48:13.9,26:13.9,DACIA_SPRING,Dacia Spring 33 kW,33000,139,11:30.3,8.1,13,360,N,-2.3880612583373385e-15,0.0,105,62,,,,10.0,94.0,1.0,0,92,13,45,7
11:25.0,,,76,,98.5,,,,,,,28,-2.1590555,43.279465,53.997555000000006,24.80290675077333,11:25.2,6,-0.271,0101000020E61000005817AAE0BE4501C0468D4D87C5A34540,20230419_DACIA_AZPEITIA_DONOSTIA_028,,d1,48:13.9,26:13.9,DACIA_SPRING,Dacia Spring 33 kW,33000,139,11:30.3,8.1,13,360,N,-2.3880612583373385e-15,0.0,105,62,,,,10.0,94.0,1.0,0,92,13,45,7
11:30.5,,,76,,98.5,,,,,,,28,-2.1590555,43.279465,53.997555000000006,24.80290675077333,11:30.3,6,0.1669999999999999,0101000020E61000005817AAE0BE4501C0468D4D87C5A34540,20230419_DACIA_AZPEITIA_DONOSTIA_028,,d1,48:13.9,26:13.9,DACIA_SPRING,Dacia Spring 33 kW,33000,139,11:30.3,8.1,13,360,N,1.6987902079082602,-7.508667320321052,105,62,,,,10.0,94.0,1.0,0,92,13,45,7
11:35.9,,,76,,98.5,,,,,,,28,-2.1585927000000003,43.279404,55.351585,24.84100447202212,11:36.3,6,-0.38,0101000020E610000011CE0A46CC4401C016125881C3A34540,20230419_DACIA_AZPEITIA_DONOSTIA_028,,d1,48:13.9,26:13.9,DACIA_SPRING,Dacia Spring 33 kW,33000,139,11:30.3,8.1,13,360,N,1.1552198132770064,-5.098203295520137,105,62,,,,10.0,94.0,1.0,0,92,13,45,7
11:41.5,,,76,,98.5,,,,,,,28,-2.157696,43.279324,55.553074,24.914137526244893,11:41.4,6,0.093,0101000020E6100000B90CFA20F64201C09E487EE8C0A34540,20230419_DACIA_AZPEITIA_DONOSTIA_028,,d1,48:13.9,26:13.9,DACIA_SPRING,Dacia Spring 33 kW,33000,139,11:30.3,8.1,13,360,N,0.6073808860282018,-2.6779257523408533,105,62,,,,10.0,94.0,1.0,0,92,13,90,7
11:46.9,,,75,,98.5,,,,,,,28,-2.156627,43.279274,58.515804,25.000904422905357,11:46.4,6,0.469,0101000020E6100000559671AAC54001C05F877140BFA34540,20230419_DACIA_AZPEITIA_DONOSTIA_028,,d1,48:13.9,26:13.9,DACIA_SPRING,Dacia Spring 33 kW,33000,139,11:56.7,8.1,13,360,N,1.8476636774151367,-8.171001765268834,105,62,,,,10.0,94.0,1.0,0,92,13,80,7
11:52.4,,,75,,98.5,,,,,,,28,-2.1551366,43.27906,60.887814,25.12390288882078,11:52.5,6,-0.066,0101000020E6100000BBB51345B83D01C023A1F23CB8A34540,20230419_DACIA_AZPEITIA_DONOSTIA_028,,d1,48:13.9,26:13.9,DACIA_SPRING,Dacia Spring 33 kW,33000,139,11:56.7,8.1,13,360,N,0.99385442844177,-4.384559995433192,105,62,,,,10.0,94.0,1.0,0,92,13,90,7
11:57.8,,,75,,98.5,,,,,,,28,-2.1536498,43.278946000000005,62.38817,25.244938166078448,11:57.6,6,0.222,0101000020E610000063687BCCAC3A01C0BA62DC73B4A34540,20230419_DACIA_AZPEITIA_DONOSTIA_028,,d1,48:13.9,26:13.9,DACIA_SPRING,Dacia Spring 33 kW,33000,139,11:56.7,8.1,13,360,N,0.0263343934776591,-0.116065433403789,105,62,,,,10.0,94.0,1.0,0,92,13,90,7
12:03.3,,,74,,98.5,,,,,,,28,-2.1516752,43.278942,63.069927,25.404789357285324,12:03.6,6,-0.271,0101000020E6100000BCD5417BA13601C01679F166B4A34540,20230419_DACIA_AZPEITIA_DONOSTIA_028,,d1,48:13.9,26:13.9,DACIA_SPRING,Dacia Spring 33 kW,33000,139,11:56.7,8.1,13,360,N,-1.2808658851609975,5.654420822613702,105,62,,,,10.0,94.0,1.0,0,92,13,25,7
12:08.7,,,74,,98.5,,,,,,,28,-2.149938,43.279114,64.758385,25.546724723929774,12:08.6,6,0.043,0101000020E6100000DC2476CE123301C096FB0AFDB9A34540,20230419_DACIA_AZPEITIA_DONOSTIA_028,,d1,48:13.9,26:13.9,DACIA_SPRING,Dacia Spring 33 kW,33000,139,11:56.7,8.1,13,360,N,-3.812326946491515,17.052984065569998,105,62,,,,10.0,94.0,1.0,0,92,13,25,7
12:14.2,,,74,,98.5,,,,,,,28,-2.147995,43.27971,66.57425,25.717415618219558,12:14.6,6,-0.475,0101000020E6100000D45BE801182F01C0F112937BCDA34540,20230419_DACIA_AZPEITIA_DONOSTIA_028,,d1,48:13.9,26:13.9,DACIA_SPRING,Dacia Spring 33 kW,33000,139,11:56.7,8.1,13,360,N,-6.6182874295704135,30.603835403628874,105,62,,,,10.0,94.0,1.0,0,92,13,120,8
12:19.8,,,74,,98.5,,,,,,,28,-2.1466932,43.28048,69.46206,25.853226306403595,12:19.7,6,0.0579999999999999,0101000020E6100000997095796D2C01C0EFBE3BC6E6A34540,20230419_DACIA_AZPEITIA_DONOSTIA_028,,d1,48:13.9,26:13.9,DACIA_SPRING,Dacia Spring 33 kW,33000,139,11:56.7,8.1,13,360,N,-9.049088263130074,44.113638119961536,105,62,,,,10.0,94.0,1.0,0,92,13,85,8
12:25.2,,,74,,98.5,,,,,,,28,-2.1455019,43.281635,71.277885,26.01384203964671,12:25.8,6,-0.507,0101000020E61000000037C1E2FC2901C047E2459B0CA44540,20230419_DACIA_AZPEITIA_DONOSTIA_028,,d1,48:13.9,26:13.9,DACIA_SPRING,Dacia Spring 33 kW,33000,139,11:56.7,8.1,13,360,N,-8.397291673501925,40.23660387991863,105,62,,,,10.0,94.0,1.0,0,92,13,85,8
12:30.8,,,74,,98.5,,,,,,,28,-2.144456,43.28252,72.30086,26.14366145873901,12:30.8,6,-0.01,0101000020E610000099F30485D82701C095A0319C29A44540,20230419_DACIA_AZPEITIA_DONOSTIA_028,,d1,48:13.9,26:13.9,DACIA_SPRING,Dacia Spring 33 kW,33000,139,11:56.7,8.1,13,360,N,-5.499636194987943,25.02722990157713,105,62,,,,10.0,94.0,1.0,0,92,13,8,8
12:36.3,,,74,,98.5,,,,,,,28,-2.1431816,43.283115,74.01173,26.266226073811804,12:35.9,6,0.42,0101000020E610000033D626623C2501C070F0AF233DA44540,20230419_DACIA_AZPEITIA_DONOSTIA_028,,d1,48:13.9,26:13.9,DACIA_SPRING,Dacia Spring 33 kW,33000,139,11:56.7,8.1,13,360,N,-2.6394140778767503,11.714309750711417,105,62,,,,10.0,94.0,1.0,0,92,13,8,8
12:41.8,,,74,,98.5,,,,,,,28,-2.1413586,43.283493,76.44498399999999,26.419680767137788,12:41.9,6,-0.0969999999999999,0101000020E6100000BBD04CA6802101C0931E747D49A44540,20230419_DACIA_AZPEITIA_DONOSTIA_028,,d1,48:13.9,26:13.9,DACIA_SPRING,Dacia Spring 33 kW,33000,139,11:56.7,8.1,13,360,N,0.7083697978261221,-3.123593177463152,105,62,,,,10.0,94.0,1.0,0,92,13,8,8
12:47.3,,,74,,98.5,,,,,,,28,-2.1396544,43.2834,78.76089499999999,26.558036521134404,12:46.9,6,0.4,0101000020E610000050E14017031E01C0848D6F8146A44540,20230419_DACIA_AZPEITIA_DONOSTIA_028,,d1,48:13.9,26:13.9,DACIA_SPRING,Dacia Spring 33 kW,33000,139,11:56.7,8.1,13,360,N,1.765616508597395,-7.8058457020274625,105,62,,,,10.0,94.0,1.0,0,92,13,8,8
12:52.8,,,74,,98.5,,,,,,,28,-2.1376119,43.28312,77.84421,26.726279080275816,12:53.0,6,-0.1689999999999999,0101000020E610000014927946D41901C08AA8A14C3DA44540,20230419_DACIA_AZPEITIA_DONOSTIA_028,,d1,48:13.9,26:13.9,DACIA_SPRING,Dacia Spring 33 kW,33000,139,11:56.7,8.1,13,360,N,-0.2800584539130927,1.234416065687911,105,62,,,,10.0,94.0,1.0,0,92,13,8,8
12:58.3,,,74,,98.5,,,,,,,28,-2.1358947999999995,43.283157,77.18569000000001,26.86533574257556,12:58.2,6,0.087,0101000020E61000009D9C8109501601C01954777F3EA44540,20230419_DACIA_AZPEITIA_DONOSTIA_028,,d1,48:13.9,26:13.9,DACIA_SPRING,Dacia Spring 33 kW,33000,139,11:56.7,8.1,13,360,N,0.0729096777594098,-0.3213414401066715,105,62,,,,10.0,94.0,1.0,0,92,13,8,8
13:03.8,,,74,,98.5,,,,,,,28,-2.1339335,43.283146,75.747826,27.02410843370574,13:04.0,6,-0.223,0101000020E6100000359CACC94B1201C0A4E5EF143EA44540,20230419_DACIA_AZPEITIA_DONOSTIA_028,,d1,48:13.9,26:13.9,DACIA_SPRING,Dacia Spring 33 kW,33000,139,11:56.7,8.1,13,360,N,1.438171743566845,-6.351552611879865,105,62,,,,10.0,94.0,1.0,0,92,13,120,8
13:09.2,,,74,,98.5,,,,,,,28,-2.1322176,43.282955,74.64287,27.164624414102395,13:09.1,6,0.075,0101000020E610000015A03D1BC80E01C0FB0B70DE37A44540,20230419_DACIA_AZPEITIA_DONOSTIA_028,,d1,48:13.9,26:13.9,DACIA_SPRING,Dacia Spring 33 kW,33000,139,11:56.7,8.1,13,360,N,1.334003462060146,-5.889811308497611,349,105,7.0,87.0,229.0,,,,26,311,38,25,9
13:14.7,,,74,,98.5,,,,,,,28,-2.1302304,43.28275,75.61955999999999,27.327093222841274,13:14.2,6,0.494,0101000020E6100000CEEC0B34B60A01C0FD95F12631A44540,20230419_DACIA_AZPEITIA_DONOSTIA_028,,d1,48:13.9,26:13.9,DACIA_SPRING,Dacia Spring 33 kW,33000,139,11:56.7,8.1,13,360,N,1.389837879550725,-6.1372559493926175,349,105,7.0,87.0,229.0,,,,26,311,38,8,9
13:20.1,,,74,,98.5,,,,,,,28,-2.1279984,43.28251,74.69048000000001,27.5097312331861,13:20.2,6,-0.088,0101000020E61000003F8C8A0E240601C03BE3CE3D29A44540,20230419_DACIA_AZPEITIA_DONOSTIA_028,,d1,48:13.9,26:13.9,DACIA_SPRING,Dacia Spring 33 kW,33000,139,11:56.7,8.1,13,360,N,1.4649171351826853,-6.470171155951632,349,105,7.0,87.0,229.0,,,,26,311,38,8,8
13:25.6,,,74,,98.5,,,,,,,28,-2.1260056,43.282284,73.35947,27.672995658083092,13:25.3,6,0.347,0101000020E6100000D3E857450F0201C0FA9536D721A44540,20230419_DACIA_AZPEITIA_DONOSTIA_028,,d1,48:13.9,26:13.9,DACIA_SPRING,Dacia Spring 33 kW,33000,139,11:56.7,8.1,13,360,N,1.0625672845921457,-4.688354896024797,349,105,7.0,87.0,229.0,,,,26,311,38,120,8
13:31.1,,,74,,98.5,,,,,,,28,-2.1237254,43.282097,72.37102,27.85874422736931,13:31.3,6,-0.241,0101000020E6100000802EC8C863FD00C0066123B91BA44540,20230419_DACIA_AZPEITIA_DONOSTIA_028,,d1,48:13.9,26:13.9,DACIA_SPRING,Dacia Spring 33 kW,33000,139,11:56.7,8.1,13,360,N,-0.4381408393280135,1.9314135306067293,349,105,7.0,87.0,229.0,,,,26,311,38,10,8
13:36.6,,,73,,98.5,,,,,,,28,-2.1218572,43.28216,72.31306500000001,28.010134243469892,13:36.4,6,0.203,0101000020E610000024F3514290F900C09CC9C9ED1DA44540,20230419_DACIA_AZPEITIA_DONOSTIA_028,,d1,48:13.9,26:13.9,DACIA_SPRING,Dacia Spring 33 kW,33000,139,11:56.7,8.1,13,360,N,-0.8688604558942241,3.832244177945876,349,105,7.0,87.0,229.0,,,,26,311,38,8,8
13:42.1,,,73,,98.5,,,,,,,28,-2.1197224,43.282303000000006,73.39607,28.18367603293205,13:42.4,6,-0.288,0101000020E61000003A932DFA30F500C0EBB1828522A44540,20230419_DACIA_AZPEITIA_DONOSTIA_028,,d1,48:13.9,26:13.9,DACIA_SPRING,Dacia Spring 33 kW,33000,139,11:56.7,8.1,13,360,N,2.112339155861436,-9.35131660982451,349,105,7.0,87.0,229.0,,,,26,311,38,120,8
13:47.7,,,73,,98.5,,,,,,,28,-2.1180646,43.28203,73.47133000000001,28.321262834120606,13:47.5,6,0.166,0101000020E610000008FFA3EECBF100C03D8EEE8719A44540,20230419_DACIA_AZPEITIA_DONOSTIA_028,,d1,48:13.9,26:13.9,DACIA_SPRING,Dacia Spring 33 kW,33000,139,11:56.7,8.1,13,360,N,4.266985096894602,-19.16135598150451,349,105,7.0,87.0,229.0,,,,26,311,38,8,8
13:53.2,,,73,,98.5,,,,,,,28,-2.116453,43.28147,77.39152,28.46587237659572,13:53.5,6,-0.355,0101000020E6100000BB99A4D97EEE00C0248BF14A07A44540,20230419_DACIA_AZPEITIA_DONOSTIA_028,,d1,48:13.9,26:13.9,DACIA_SPRING,Dacia Spring 33 kW,33000,139,11:56.7,8.1,13,360,N,2.72756720948541,-12.111385724695385,216,59,,,,35.0,179.0,2.0,0,188,28,25,7
13:58.7,,,73,,98.5,,,,,,,28,-2.1150177,43.281162,79.90469,28.58702773687099,13:58.6,6,0.105,0101000020E6100000DD413A5A8EEB00C0EAC0EB25FDA34540,20230419_DACIA_AZPEITIA_DONOSTIA_028,,d1,48:13.9,26:13.9,DACIA_SPRING,Dacia Spring 33 kW,33000,139,11:56.7,8.1,13,360,N,0.1790687954105573,-0.7892469765160224,349,105,7.0,87.0,229.0,,,,26,311,38,85,7
14:04.2,,,72,,98.5,,,,,,,28,-2.1134207000000003,43.28114,82.35019,28.716350709999702,14:03.9,6,0.254,0101000020E61000002B33091E49E800C00E71936CFCA34540,20230419_DACIA_AZPEITIA_DONOSTIA_028,,d1,48:13.9,26:13.9,DACIA_SPRING,Dacia Spring 33 kW,33000,139,11:56.7,8.1,13,360,N,-1.3019268128252288,5.747705495708389,349,105,7.0,87.0,229.0,,,,26,311,38,85,7
14:09.5,,,72,,98.5,,,,,,,28,-2.1114337000000005,43.28134,87.22901,28.878800973934577,14:09.7,6,-0.1369999999999999,0101000020E6100000B552CD6637E400C020D5CF0D03A44540,20230419_DACIA_AZPEITIA_DONOSTIA_028,,d1,48:13.9,26:13.9,DACIA_SPRING,Dacia Spring 33 kW,33000,139,11:56.7,8.1,13,360,N,-2.400386725895362,10.640443573496304,349,105,7.0,87.0,229.0,,,,26,311,38,45,7
14:15.0,,,72,,98.5,,,,,,,28,-2.1097198,43.281662,92.639565,29.02218767501771,14:14.7,6,0.281,0101000020E6100000470295B1B4E000C027F165830DA44540,20230419_DACIA_AZPEITIA_DONOSTIA_028,,d1,48:13.9,26:13.9,DACIA_SPRING,Dacia Spring 33 kW,33000,139,16:30.5,8.1,13,360,N,-3.339778718837456,14.886557286222148,349,105,7.0,87.0,229.0,,,,26,311,38,45,7
14:20.4,,,72,,98.5,,,,,,,28,-2.1076207,43.28222,97.54244,29.203147412838216,14:20.8,6,-0.389,0101000020E6100000E33A483C68DC00C0B76913CD1FA44540,20230419_DACIA_AZPEITIA_DONOSTIA_028,,d1,48:13.9,26:13.9,DACIA_SPRING,Dacia Spring 33 kW,33000,139,16:30.5,8.1,13,360,N,-3.7824090836032687,16.91511187117865,349,105,7.0,87.0,229.0,,,,26,311,38,45,7
14:25.9,,,72,,98.5,,,,,,,28,-2.1059108,43.28274,100.6064,29.353183508969963,14:25.8,6,0.073,0101000020E6100000034A66CDE7D800C0D49292D030A44540,20230419_DACIA_AZPEITIA_DONOSTIA_028,,d1,48:13.9,26:13.9,DACIA_SPRING,Dacia Spring 33 kW,33000,139,16:30.5,8.1,13,360,N,-2.8853745833343027,12.823702857862918,349,105,7.0,87.0,229.0,,,,26,311,38,45,7
14:31.3,,,72,,98.5,,,,,,,28,-2.1041272,43.283146,105.50069,29.50453392887588,14:30.8,6,0.4479999999999999,0101000020E610000014A0989240D500C0421C33213EA44540,20230419_DACIA_AZPEITIA_DONOSTIA_028,,d1,48:13.9,26:13.9,DACIA_SPRING,Dacia Spring 33 kW,33000,139,16:30.5,8.1,13,360,N,-3.4163963799616,15.236252790174602,216,59,,,,35.0,179.0,2.0,0,188,28,45,6
14:36.8,,,72,,98.5,,,,,,,28,-2.1020198,43.28372,111.64576,29.686774005908887,14:36.9,6,-0.105,0101000020E610000085E9EDC8EFD000C00BF451EF50A44540,20230419_DACIA_AZPEITIA_DONOSTIA_028,,d1,48:13.9,26:13.9,DACIA_SPRING,Dacia Spring 33 kW,33000,139,16:30.5,8.1,13,360,N,-4.4461368065813085,19.99941345754372,349,105,7.0,87.0,229.0,,,,26,311,38,45,6
14:42.2,,,72,,98.5,,,,,,,28,-2.1003273,43.284336,116.72067,29.840027783786322,14:41.9,6,0.285,0101000020E6100000BC026B6278CD00C0C388B91B65A44540,20230419_DACIA_AZPEITIA_DONOSTIA_028,,d1,48:13.9,26:13.9,DACIA_SPRING,Dacia Spring 33 kW,33000,139,16:30.5,8.1,13,360,N,-3.6654326751435353,16.377001124646952,349,105,7.0,87.0,229.0,,,,26,311,38,8,6
14:47.7,,,72,,98.5,,,,,,,28,-2.0982244,43.284954,123.410675,30.023716720376235,14:48.0,6,-0.289,0101000020E61000008DD3B3E429C900C02731706C79A44540,20230419_DACIA_AZPEITIA_DONOSTIA_028,,d1,48:13.9,26:13.9,DACIA_SPRING,Dacia Spring 33 kW,33000,139,16:30.5,8.1,13,360,N,-3.9328818195351674,17.609586510645972,349,105,7.0,87.0,229.0,,,,26,311,38,8,6
14:53.2,,,72,,98.5,,,,,,,28,-2.0965672,43.28548,130.98238999999998,30.170250074106523,14:53.0,6,0.1639999999999999,0101000020E61000004F825808C5C500C04F6CE5998AA44540,20230419_DACIA_AZPEITIA_DONOSTIA_028,,d1,48:13.9,26:13.9,DACIA_SPRING,Dacia Spring 33 kW,33000,139,16:30.5,8.1,13,360,N,-5.653337374598928,25.77715604820464,349,105,7.0,87.0,229.0,,,,26,311,38,25,6
14:58.7,,,72,,98.5,,,,,,,28,-2.0948071,43.28633,140.47066,30.341482395377003,14:59.1,6,-0.357,0101000020E6100000DBC3A4422AC200C0CC6C9B81A6A44540,20230419_DACIA_AZPEITIA_DONOSTIA_028,,d1,48:13.9,26:13.9,DACIA_SPRING,Dacia Spring 33 kW,33000,139,16:30.5,8.1,13,360,N,-3.089883668272828,13.749850574533712,349,105,7.0,87.0,229.0,,,,26,311,38,25,6
15:04.2,,,71,,98.5,,,,,,,28,-2.09287,43.286804,147.52087,30.507047936538513,15:04.1,6,0.067,0101000020E61000008F38CC9732BE00C0AE5BF2FFB5A44540,20230419_DACIA_AZPEITIA_DONOSTIA_028,,d1,48:13.9,26:13.9,DACIA_SPRING,Dacia Spring 33 kW,33000,139,16:30.5,8.1,13,360,N,0.8714173249411882,-3.8435385684598,349,105,7.0,87.0,229.0,,,,26,311,38,8,6
15:10.1,,,71,,98.5,,,,,,,28,-2.0908308,43.286667,153.88853,30.672929212495045,15:10.2,6,-0.12,0101000020E6100000EF01CE7F05BA00C00A7ABE73B1A44540,20230419_DACIA_AZPEITIA_DONOSTIA_028,,d1,48:13.9,26:13.9,DACIA_SPRING,Dacia Spring 33 kW,33000,139,16:30.5,8.1,13,360,N,1.7436342402543672,-7.708067029779035,349,105,7.0,87.0,229.0,,,,26,311,38,8,5
15:15.6,,,71,,98.5,,,,,,,28,-2.0893753,43.28647,159.56175,30.792894452531062,15:15.3,6,0.2789999999999999,0101000020E6100000C9FFE4620AB700C0F360CFFDAAA44540,20230419_DACIA_AZPEITIA_DONOSTIA_028,,d1,48:13.9,26:13.9,DACIA_SPRING,Dacia Spring 33 kW,33000,139,16:30.5,8.1,13,360,N,-1.1812247898207515,5.213282404789808,349,105,7.0,87.0,229.0,,,,26,311,38,25,5
15:21.0,,,71,,98.5,,,,,,,28,-2.0876217,43.28663,165.15237,30.936055138032742,15:21.3,6,-0.292,0101000020E6100000587DE4F972B300C05523524AB0A44540,20230419_DACIA_AZPEITIA_DONOSTIA_028,,d1,48:13.9,26:13.9,DACIA_SPRING,Dacia Spring 33 kW,33000,139,16:30.5,8.1,13,360,N,-3.600531510017421,16.079087747835267,349,105,7.0,87.0,229.0,,,,26,311,38,25,5
15:26.5,,,71,,98.5,,,,,,,28,-2.0860605,43.28708,170.28786000000002,31.072065169996293,15:26.3,6,0.195,0101000020E61000007FFD507840B000C00804420FBFA44540,20230419_DACIA_AZPEITIA_DONOSTIA_028,,d1,48:13.9,26:13.9,DACIA_SPRING,Dacia Spring 33 kW,33000,139,16:30.5,8.1,13,360,N,-3.0922690314868366,13.76067416525908,349,105,7.0,87.0,229.0,,,,26,311,38,25,5
15:32.0,,,70,,98.5,,,,,,,28,-2.0840719,43.287567,178.14798000000002,31.242072304980645,15:32.4,6,-0.417,0101000020E61000008FE581D12DAC00C0C5D05A03CFA44540,20230419_DACIA_AZPEITIA_DONOSTIA_028,,d1,48:13.9,26:13.9,DACIA_SPRING,Dacia Spring 33 kW,33000,139,16:30.5,8.1,13,360,N,-2.066179830728329,9.145196075898609,349,105,7.0,87.0,229.0,,,,26,311,38,25,5
15:37.5,,,70,,98.5,,,,,,,28,-2.0823388,43.287846,182.06885,31.38579418235499,15:37.4,6,0.013,0101000020E6100000DD157A4EA1A800C0E4ABA515D8A44540,20230419_DACIA_AZPEITIA_DONOSTIA_028,,d1,48:13.9,26:13.9,DACIA_SPRING,Dacia Spring 33 kW,33000,139,16:30.5,8.1,13,360,N,-2.337700314539505,10.359456118740995,349,105,7.0,87.0,229.0,,,,26,311,38,25,5
15:42.9,,,70,,98.5,,,,,,,28,-2.0805664,43.28817,185.43956,31.533746321478855,15:42.5,6,0.3389999999999999,0101000020E610000033176EF3FFA400C0228857B4E2A44540,20230419_DACIA_AZPEITIA_DONOSTIA_028,,d1,48:13.9,26:13.9,DACIA_SPRING,Dacia Spring 33 kW,33000,139,16:30.5,8.1,13,360,N,-3.577250328549102,15.972330185799338,349,105,7.0,87.0,229.0,,,,26,311,38,25,5
15:48.4,,,70,,98.5,,,,,,,28,-2.0784876,43.288765000000005,189.95581,31.714601073047447,15:48.6,6,-0.1689999999999999,0101000020E610000067B57E22BEA000C09BF0B034F6A44540,20230419_DACIA_AZPEITIA_DONOSTIA_028,,d1,48:13.9,26:13.9,DACIA_SPRING,Dacia Spring 33 kW,33000,139,16:30.5,8.1,13,360,N,-4.883135963244097,22.062999052594247,349,105,7.0,87.0,229.0,,,,26,311,38,25,4
15:53.9,,,70,,98.5,,,,,,,28,-2.0768592,43.289425,193.8406,31.865506911657583,15:53.6,6,0.264,0101000020E6100000B9D56E69689D00C05ABF49E30BA54540,20230419_DACIA_AZPEITIA_DONOSTIA_028,,d1,48:13.9,26:13.9,DACIA_SPRING,Dacia Spring 33 kW,33000,139,16:30.5,8.1,13,360,N,-5.382874990362262,24.460594083901064,349,105,7.0,87.0,229.0,,,,26,311,38,25,4
15:59.3,,,70,,98.5,,,,,,,28,-2.0749137,43.29031,201.18292,32.05133804832999,15:59.7,6,-0.31,0101000020E61000002D26306D6C9900C00D2530D128A54540,20230419_DACIA_AZPEITIA_DONOSTIA_028,,d1,48:13.9,26:13.9,DACIA_SPRING,Dacia Spring 33 kW,33000,139,16:30.5,8.1,13,360,N,-4.267215314096044,19.16243014764745,349,105,7.0,87.0,229.0,,,,26,311,38,25,4
16:04.8,,,70,,98.5,,,,,,,28,-2.0732245,43.290897,209.14333,32.20304769868894,16:04.7,6,0.132,0101000020E6100000BD7F42CAF69500C0D94B4A2E3CA54540,20230419_DACIA_AZPEITIA_DONOSTIA_028,,d1,48:13.9,26:13.9,DACIA_SPRING,Dacia Spring 33 kW,33000,139,16:30.5,8.1,13,360,N,-2.6261726701411217,11.654715050114314,349,105,7.0,87.0,229.0,,,,26,311,38,25,4
16:10.3,,,70,,98.5,,,,,,,28,-2.0712998,43.291294,215.81543,32.365097606184406,16:10.7,6,-0.397,0101000020E61000002607B3A4059200C0727D9F2049A54540,20230419_DACIA_AZPEITIA_DONOSTIA_028,,d1,48:13.9,26:13.9,DACIA_SPRING,Dacia Spring 33 kW,33000,139,16:30.5,8.1,13,360,N,-2.278865576516789,10.09596261795872,349,105,7.0,87.0,229.0,,,,26,311,38,8,4
16:15.8,,,70,,98.5,,,,,,,28,-2.0699182,43.291540000000005,221.39719,32.4803511936783,16:15.8,6,0.055,0101000020E6100000E2BCED3D318F00C03B96D12851A54540,20230419_DACIA_AZPEITIA_DONOSTIA_028,,d1,48:13.9,26:13.9,DACIA_SPRING,Dacia Spring 33 kW,33000,139,16:30.5,8.1,13,360,N,-2.955829188630277,13.142368782903294,349,105,7.0,87.0,229.0,,,,26,311,38,8,4
16:21.3,,,70,,98.5,,,,,,,28,-2.0682907,43.291920000000005,228.03932000000003,32.61884455268983,16:21.8,6,-0.486,0101000020E610000063651CF7DB8B00C0987234A35DA54540,20230419_DACIA_AZPEITIA_DONOSTIA_028,,d1,48:13.9,26:13.9,DACIA_SPRING,Dacia Spring 33 kW,33000,139,16:30.5,8.1,13,360,N,-4.445314514826526,19.995556787703425,349,105,7.0,87.0,229.0,,,,26,311,38,8,4
16:26.8,,,69,,98.5,,,,,,,28,-2.0669606,43.292404,234.77092,32.73938759478554,16:26.9,6,-0.0279999999999999,0101000020E61000003ED68FAC228900C0119A25766DA54540,20230419_DACIA_AZPEITIA_DONOSTIA_028,,d1,48:13.9,26:13.9,DACIA_SPRING,Dacia Spring 33 kW,33000,139,16:30.5,8.1,13,360,N,-5.344359058462534,24.27423936780138,349,105,7.0,87.0,229.0,,,,26,311,38,8,4
16:32.2,,,69,,98.5,,,,,,,28,-2.0655725,43.29303,241.0396,32.87169768542703,16:31.9,6,0.322,0101000020E6100000A85286ED4A8600C0DE67920482A54540,20230419_DACIA_AZPEITIA_DONOSTIA_028,,d1,48:13.9,26:13.9,DACIA_SPRING,Dacia Spring 33 kW,33000,139,16:30.5,8.1,13,360,N,-6.19582770839515,28.46371599596568,349,105,7.0,87.0,229.0,,,,26,311,38,8,3
16:37.8,,,69,,98.5,,,,,,,28,-2.0639124,43.29393,248.54001,33.039397592829374,16:38.0,6,-0.209,0101000020E6100000174F4277E48200C072A6D9839FA54540,20230419_DACIA_AZPEITIA_DONOSTIA_028,,d1,48:13.9,26:13.9,DACIA_SPRING,Dacia Spring 33 kW,33000,139,16:30.5,8.1,13,360,N,-5.207366564965378,23.613607837146265,349,105,7.0,87.0,229.0,,,,26,311,38,25,3
16:43.2,,,68,,98.5,,,,,,,28,-2.0623112,43.29463,252.85423,33.190627093075754,16:43.0,6,0.201,0101000020E6100000F961750D9D7F00C0C73A9A69B6A54540,20230419_DACIA_AZPEITIA_DONOSTIA_028,,d1,48:13.9,26:13.9,DACIA_SPRING,Dacia Spring 33 kW,33000,139,16:30.5,8.1,13,360,N,-2.435893422901336,10.799714337656011,349,105,7.0,87.0,229.0,,,,26,311,38,8,3
16:48.7,,,68,,98.5,,,,,,,28,-2.060057,43.29506,257.65845,33.37928566736753,16:49.1,6,-0.4029999999999999,0101000020E61000009A5CD11AFF7A00C06FD9B789C4A54540,20230419_DACIA_AZPEITIA_DONOSTIA_028,,d1,48:13.9,26:13.9,DACIA_SPRING,Dacia Spring 33 kW,33000,139,16:56.6,5.6,9,30,NNE,-4.300878511052538,-1.4532679052751627,349,105,7.0,87.0,229.0,,,,26,311,38,8,3
16:54.3,,,68,,98.5,,,,,,,28,-2.0582044,43.295013,260.84274,33.52934373595102,16:54.2,6,0.156,0101000020E6100000DD7F42E4337700C0984403F8C2A54540,20230419_DACIA_AZPEITIA_DONOSTIA_028,,d1,48:13.9,26:13.9,DACIA_SPRING,Dacia Spring 33 kW,33000,139,16:56.6,5.6,9,30,NNE,-3.888261700890228,-4.403600397932846,349,105,7.0,87.0,229.0,,,,26,311,38,8,3
16:59.8,,,68,,98.5,,,,,,,28,-2.0556982,43.29482,259.38907,33.733311370427984,17:00.2,6,-0.386,0101000020E61000009A8FDFDE117200C059CAE4AABCA54540,20230419_DACIA_AZPEITIA_DONOSTIA_028,,d1,48:13.9,26:13.9,DACIA_SPRING,Dacia Spring 33 kW,33000,139,16:56.6,5.6,9,30,NNE,-4.910425944414534,3.06587215866994,349,105,7.0,87.0,229.0,,,,26,311,38,8,3
17:05.3,,,68,,98.5,,,,,,,28,-2.0538685,43.294918,258.93604,33.881792780191056,17:05.3,6,0.064,0101000020E610000016B5F3A0526E00C0D1B858D0BFA54540,20230419_DACIA_AZPEITIA_DONOSTIA_028,,d1,48:13.9,26:13.9,DACIA_SPRING,Dacia Spring 33 kW,33000,139,16:56.6,5.6,9,30,NNE,-2.3793158342566127,-14.670572044166184,349,105,7.0,87.0,229.0,,,,26,311,38,8,3
17:10.8,,,68,,98.5,,,,,,,28,-2.0519166,43.294407,257.56036,34.04967728134092,17:11.3,6,-0.481,0101000020E610000052351840536A00C0609C7A2CAFA54540,20230419_DACIA_AZPEITIA_DONOSTIA_028,,d1,48:13.9,26:13.9,DACIA_SPRING,Dacia Spring 33 kW,33000,139,16:56.6,5.6,9,30,NNE,-1.3413228100580334,-21.42894217012381,349,105,7.0,87.0,229.0,,,,26,311,38,25,2
17:16.3,,,68,,98.5,,,,,,,28,-2.0503318,43.293785,256.34872,34.19540345214191,17:16.3,6,-0.04,0101000020E6100000B693466D146700C06788D4B39AA54540,20230419_DACIA_AZPEITIA_DONOSTIA_028,,d1,48:13.9,26:13.9,DACIA_SPRING,Dacia Spring 33 kW,33000,139,16:56.6,5.6,9,30,NNE,-4.287476001610286,-1.5503547389297794,349,105,7.0,87.0,229.0,,,,26,311,38,25,2
17:22.0,,,68,,98.5,,,,,,,28,-2.048078,43.293724,255.76935,34.37793712471999,17:22.4,6,-0.449,0101000020E6100000E624CDC5766200C07A6DB4C098A54540,20230419_DACIA_AZPEITIA_DONOSTIA_028,,d1,48:13.9,26:13.9,DACIA_SPRING,Dacia Spring 33 kW,33000,139,16:56.6,5.6,9,30,NNE,-4.831202166898438,2.4660818681729,349,105,7.0,87.0,229.0,,,,26,311,38,25,2
17:27.5,,,68,,98.5,,,,,,,28,-2.046383,43.293797,253.27254,34.515381087401735,17:27.5,6,0.0289999999999999,0101000020E6100000DEBB37FDFD5E00C0BC5F52129BA54540,20230419_DACIA_AZPEITIA_DONOSTIA_028,,d1,48:13.9,26:13.9,DACIA_SPRING,Dacia Spring 33 kW,33000,139,16:56.6,5.6,9,30,NNE,-2.4871124721305478,-13.95776708019166,349,105,7.0,87.0,229.0,,,,26,311,38,8,2
17:33.0,,,68,,98.5,,,,,,,28,-2.0443552,43.293293,247.0417,34.688914225270594,17:33.5,6,-0.499,0101000020E6100000A83C5FE0D65A00C0BD0EA4A78AA54540,20230419_DACIA_AZPEITIA_DONOSTIA_028,,d1,48:13.9,26:13.9,DACIA_SPRING,Dacia Spring 33 kW,33000,139,16:56.6,5.6,9,30,NNE,-2.780792211212942,-12.002414698496642,349,105,7.0,87.0,229.0,,,,26,311,38,120,2
17:38.5,,,68,,98.5,,,,,,,28,-2.0425537,43.29291,241.66762000000003,34.84090400431417,17:38.5,6,-0.027,0101000020E61000003C4CD360265700C01A37D32D7EA54540,20230419_DACIA_AZPEITIA_DONOSTIA_028,,d1,48:13.9,26:13.9,DACIA_SPRING,Dacia Spring 33 kW,33000,139,16:56.6,5.6,9,30,NNE,-3.705348352995191,-5.687991253271629,349,105,7.0,87.0,229.0,,,,26,311,38,120,2
17:43.9,,,68,,98.5,,,,,,,28,-2.0407465,43.29273,235.03218,34.98868042708175,17:43.6,6,0.266,0101000020E610000026C13AE1725300C05CFFF51D78A54540,20230419_DACIA_AZPEITIA_DONOSTIA_028,,d1,48:13.9,26:13.9,DACIA_SPRING,Dacia Spring 33 kW,33000,139,16:56.6,5.6,9,30,NNE,-1.998969709606719,-17.167138743075807,349,105,7.0,87.0,229.0,,,,26,311,38,120,2
17:49.4,,,68,,98.5,,,,,,,28,-2.0387718999999995,43.29212,231.22789,35.16233425234271,17:49.6,6,-0.26,0101000020E6100000C6BB61A3674F00C00768564964A54540,20230419_DACIA_AZPEITIA_DONOSTIA_028,,d1,48:13.9,26:13.9,DACIA_SPRING,Dacia Spring 33 kW,33000,139,16:56.6,5.6,9,30,NNE,1.3730031330679249,-38.77507408632737,349,105,7.0,87.0,229.0,,,,26,311,38,25,1
17:54.8,,,68,,98.5,,,,,,,28,-2.0376341,43.291206,227.53467,35.29953141355954,17:54.7,6,0.11,0101000020E6100000B9403D20134D00C07901273346A54540,20230419_DACIA_AZPEITIA_DONOSTIA_028,,d1,48:13.9,26:13.9,DACIA_SPRING,Dacia Spring 33 kW,33000,139,16:56.6,5.6,9,30,NNE,5.261500725791976,-65.7755272399798,349,105,7.0,87.0,229.0,,,,26,311,38,120,1
18:00.3,,,68,,98.5,,,,,,,28,-2.036979,43.28975,218.81961,35.4701152278493,18:00.8,6,-0.45,0101000020E61000003C53419EBB4B00C089157C7F16A54540,20230419_DACIA_AZPEITIA_DONOSTIA_028,,d1,48:13.9,26:13.9,DACIA_SPRING,Dacia Spring 33 kW,33000,139,16:56.6,5.6,9,30,NNE,4.78916570956023,-62.14945136858619,349,105,7.0,87.0,229.0,,,,26,311,38,90,1
18:05.8,,,68,,98.5,,,,,,,28,-2.0363476,43.288555,211.18814,35.612686261442775,18:05.8,6,0.02,0101000020E61000000F9E34A1704A00C04323F167EFA44540,20230419_DACIA_AZPEITIA_DONOSTIA_028,,d1,48:13.9,26:13.9,DACIA_SPRING,Dacia Spring 33 kW,33000,139,16:56.6,5.6,9,30,NNE,0.5877719139723886,-33.74453726983484,349,105,7.0,87.0,229.0,,,,26,311,38,120,1
18:11.4,,,68,,98.5,,,,,,,28,-2.034698,43.287453,203.11095,35.79409188208984,18:11.8,6,-0.449,0101000020E6100000209A59CF0F4700C0F2DF913CCBA44540,20230419_DACIA_AZPEITIA_DONOSTIA_028,,d1,48:13.9,26:13.9,DACIA_SPRING,Dacia Spring 33 kW,33000,139,16:56.6,5.6,9,30,NNE,-0.7075211197129352,-25.49112830545109,349,105,7.0,87.0,229.0,,,,26,311,38,120,1
18:16.8,,,68,,98.5,,,,,,,28,-2.0331774,43.286728,197.34181,35.94133655117484,18:16.9,6,-0.023,0101000020E610000015BC0373F24300C0787DBA7CB3A44540,20230419_DACIA_AZPEITIA_DONOSTIA_028,,d1,48:13.9,26:13.9,DACIA_SPRING,Dacia Spring 33 kW,33000,139,16:56.6,5.6,9,30,NNE,-1.7235067498080767,-18.95962078265425,349,105,7.0,87.0,229.0,,,,26,311,38,8,1
18:22.3,,,68,,98.5,,,,,,,28,-2.0315444,43.286167,191.33476,36.08761978176405,18:22.2,6,0.162,0101000020E61000002B65C9669A4000C0A36A6C1BA1A44540,20230419_DACIA_AZPEITIA_DONOSTIA_028,,d1,48:13.9,26:13.9,DACIA_SPRING,Dacia Spring 33 kW,33000,139,16:56.6,5.6,9,30,NNE,-2.8032813504748164,-11.851814116220789,349,105,7.0,87.0,229.0,,,,26,311,38,8,1
18:27.9,,,68,,98.5,,,,,,,28,-2.0293810000000003,43.285713,188.10689,36.269892679328876,18:27.9,6,-0.07,0101000020E6100000C94C6D2D2C3C00C0F426E13F92A44540,20230419_DACIA_AZPEITIA_DONOSTIA_028,,d1,48:13.9,26:13.9,DACIA_SPRING,Dacia Spring 33 kW,33000,139,16:56.6,5.6,9,30,NNE,-4.157117733753254,-2.490093565435885,349,105,7.0,87.0,229.0,,,,26,311,38,8,1
18:33.4,,,68,,98.5,,,,,,,28,-2.0275414,43.285633,185.2943,36.41908870877086,18:33.0,6,0.4429999999999999,0101000020E610000042167CAF673800C0B9A92A938FA44540,20230419_DACIA_AZPEITIA_DONOSTIA_028,,d1,48:13.9,26:13.9,DACIA_SPRING,Dacia Spring 33 kW,33000,139,16:56.6,5.6,9,30,NNE,-6.264098546738081,14.107831669388805,349,105,7.0,87.0,229.0,,,,26,311,38,25,1
18:39.0,,,68,,98.5,,,,,,,28,-2.0255082,43.286144,181.578,36.593235329974924,18:39.0,6,-0.009,0101000020E6100000994FA5A03D3400C08862925DA0A44540,20230419_DACIA_AZPEITIA_DONOSTIA_028,,d1,48:13.9,26:13.9,DACIA_SPRING,Dacia Spring 33 kW,33000,139,16:56.6,5.6,9,30,NNE,-7.651174341284571,28.225864199269303,349,105,7.0,87.0,229.0,,,,26,311,38,120,1
18:44.4,,,68,,98.5,,,,,,,28,-2.024029,43.286938,178.43986999999998,36.74203076198306,18:44.1,6,0.344,0101000020E61000000862DE20363100C0C07CC25ABAA44540,20230419_DACIA_AZPEITIA_DONOSTIA_028,,d1,48:13.9,26:13.9,DACIA_SPRING,Dacia Spring 33 kW,33000,139,16:56.6,5.6,9,30,NNE,-8.499847203911717,40.80890418072505,349,105,7.0,87.0,229.0,,,,26,311,38,90,1
18:49.9,,,68,,98.5,,,,,,,28,-2.0226288,43.288147,175.09938,36.91789550977948,18:50.1,6,-0.143,0101000020E61000009CADE6F0572E00C030463C03E2A44540,20230419_DACIA_AZPEITIA_DONOSTIA_028,,d1,48:13.9,26:13.9,DACIA_SPRING,Dacia Spring 33 kW,33000,139,16:56.6,5.6,9,30,NNE,-7.312885268458584,24.34511982358602,349,105,7.0,87.0,229.0,,,,26,311,38,100,1
18:55.4,,,68,,98.5,,,,,,,28,-2.0208585,43.288948,172.11072,37.08663584379307,18:55.2,6,0.226,0101000020E6100000767EBCDFB72A00C096EBA54CFCA44540,20230419_DACIA_AZPEITIA_DONOSTIA_028,,d1,48:13.9,26:13.9,DACIA_SPRING,Dacia Spring 33 kW,33000,139,16:56.6,5.6,9,30,NNE,-5.905829175716183,11.01094920335944,349,105,7.0,87.0,229.0,,,,26,311,38,80,1
19:05.2,,,68,,98.5,,,,,,,28,-2.0186229,43.289383,169.41449,37.27395603087045,19:05.0,6,0.14,0101000020E6100000FC1BE7B9232600C00BC150830AA54540,20230419_DACIA_AZPEITIA_DONOSTIA_028,,d1,48:13.9,26:13.9,DACIA_SPRING,Dacia Spring 33 kW,33000,139,16:56.6,5.6,9,30,NNE,-8.352343188331577,38.13103201655889,349,105,7.0,87.0,229.0,,,,26,311,38,90,1
19:10.9,,,68,,98.5,,,,,,,28,-2.0168738,43.290756,159.2186,37.48241199979345,19:11.4,6,-0.436,0101000020E610000051860CB68E2200C065514F8037A54540,20230419_DACIA_AZPEITIA_DONOSTIA_028,,d1,48:13.9,26:13.9,DACIA_SPRING,Dacia Spring 33 kW,33000,139,16:56.6,5.6,9,30,NNE,-8.191712790544772,84.46833577294149,137,109,3.0,19.0,99.0,,,,16,134,3,45,1
19:16.5,,,68,,98.5,,,,,,,28,-2.0167663,43.291866,153.91869,37.60625810862436,19:16.5,6,0.019,0101000020E610000057082453562200C02E990FDF5BA54540,20230419_DACIA_AZPEITIA_DONOSTIA_028,,d1,48:13.9,26:13.9,DACIA_SPRING,Dacia Spring 33 kW,33000,139,21:30.5,5.6,9,30,NNE,-7.345775318873116,95.29408340523158,137,109,3.0,19.0,99.0,,,,16,134,3,80,1
19:22.1,,,68,,98.5,,,,,,,28,-2.0168686,43.29297,148.6315,37.72940975284649,19:22.4,6,-0.325,0101000020E6100000764539058C2200C06C7A2CF17FA54540,20230419_DACIA_AZPEITIA_DONOSTIA_028,,d1,48:13.9,26:13.9,DACIA_SPRING,Dacia Spring 33 kW,33000,139,21:30.5,5.6,9,30,NNE,-8.99998110330125,60.11741117149028,148,49,,,,59.0,89.0,0.0,0,118,30,80,1
19:27.6,,,68,,98.5,,,,,,,28,-2.0164135,43.293762,146.42662,37.824893813437924,19:27.5,6,0.135,0101000020E61000000A2A92589D2100C055D6260C9AA54540,20230419_DACIA_AZPEITIA_DONOSTIA_028,,d1,48:13.9,26:13.9,DACIA_SPRING,Dacia Spring 33 kW,33000,139,21:30.5,5.6,9,30,NNE,-8.04697578316466,33.39413786719336,148,49,,,,59.0,89.0,0.0,0,118,30,25,1
19:33.1,,,68,,98.5,,,,,,,28,-2.015203,43.29456,141.82169,37.95715382684216,19:33.5,6,-0.365,0101000020E6100000686C39C2221F00C0EAF7341FB4A54540,20230419_DACIA_AZPEITIA_DONOSTIA_028,,d1,48:13.9,26:13.9,DACIA_SPRING,Dacia Spring 33 kW,33000,139,21:30.5,5.6,9,30,NNE,-6.72384919385645,18.33930492909721,148,49,,,,59.0,89.0,0.0,0,118,30,25,1
19:38.6,,,68,,98.5,,,,,,,28,-2.0138364,43.295013,136.70673,38.07879277084274,19:38.6,6,0.049,0101000020E6100000B0CB634E561C00C0209F9EFBC2A54540,20230419_DACIA_AZPEITIA_DONOSTIA_028,,d1,48:13.9,26:13.9,DACIA_SPRING,Dacia Spring 33 kW,33000,139,21:30.5,5.6,9,30,NNE,-7.426204960484672,25.60206751038313,137,109,3.0,19.0,99.0,,,,16,134,3,80,1
19:44.1,,,68,,98.5,,,,,,,28,-2.012219,43.295788,130.14125,38.23564796682145,19:44.6,6,-0.487,0101000020E6100000B03B7639061900C030668250DCA54540,20230419_DACIA_AZPEITIA_DONOSTIA_028,,d1,48:13.9,26:13.9,DACIA_SPRING,Dacia Spring 33 kW,33000,139,21:30.5,5.6,9,30,NNE,-8.175836037860686,35.288765682363255,137,109,3.0,19.0,99.0,,,,16,134,3,8,1
19:49.6,,,68,,98.5,,,,,,,28,-2.0111706000000003,43.29653,123.19326,38.35420002516485,19:49.6,6,-0.05,0101000020E6100000B5C84AABE01600C082FF7CC2F4A54540,20230419_DACIA_AZPEITIA_DONOSTIA_028,,d1,48:13.9,26:13.9,DACIA_SPRING,Dacia Spring 33 kW,33000,139,21:30.5,5.6,9,30,NNE,-8.5848492374942,42.52959316041692,347,68,,,,11.0,289.0,47.0,0,323,24,45,1
19:55.1,,,68,,98.5,,,,,,,28,-2.0102494,43.297375,121.39262,38.47415667613926,19:54.7,6,0.429,0101000020E61000005AC2A590FD1400C057CD456B10A64540,20230419_DACIA_AZPEITIA_DONOSTIA_028,,d1,48:13.9,26:13.9,DACIA_SPRING,Dacia Spring 33 kW,33000,139,21:30.5,5.6,9,30,NNE,-8.2764488881881,36.86846678943406,347,68,,,,11.0,289.0,47.0,0,323,24,25,1
20:00.6,,,68,,98.5,,,,,,,28,-2.008968,43.298336,114.56431,38.62321746495738,20:00.7,6,-0.105,0101000020E6100000422B7BD85D1200C047F8ADDD2FA64540,20230419_DACIA_AZPEITIA_DONOSTIA_028,,d1,48:13.9,26:13.9,DACIA_SPRING,Dacia Spring 33 kW,33000,139,21:30.5,5.6,9,30,NNE,-6.90521626572782,20.107244583188216,347,68,,,,11.0,289.0,47.0,0,323,24,45,1
20:06.0,,,68,,98.5,,,,,,,28,-2.0075831,43.298843,108.77403,38.74880646301063,20:05.8,6,0.184,0101000020E610000025154EB2870F00C01098BD7D40A64540,20230419_DACIA_AZPEITIA_DONOSTIA_028,,d1,48:13.9,26:13.9,DACIA_SPRING,Dacia Spring 33 kW,33000,139,21:30.5,5.6,9,30,NNE,-5.2281152139548,5.513987760400815,347,68,,,,11.0,289.0,47.0,0,323,24,80,1
20:11.5,,,68,,98.5,,,,,,,28,-2.0057185,43.299023,102.55495,38.90114982460476,20:11.8,6,-0.345,0101000020E6100000551FF613B60B00C0547D096B46A64540,20230419_DACIA_AZPEITIA_DONOSTIA_028,,d1,48:13.9,26:13.9,DACIA_SPRING,Dacia Spring 33 kW,33000,139,21:30.5,5.6,9,30,NNE,-3.500314543201964,-7.112445971704918,347,68,,,,11.0,289.0,47.0,0,323,24,25,1
20:16.9,,,68,,98.5,,,,,,,28,-2.0040355,43.298813,99.01416,39.03938100521298,20:16.9,6,0.035,0101000020E61000001F1548B9430800C05A08A4783FA64540,20230419_DACIA_AZPEITIA_DONOSTIA_028,,d1,48:13.9,26:13.9,DACIA_SPRING,Dacia Spring 33 kW,33000,139,21:30.5,5.6,9,30,NNE,-1.6132483739553631,-19.67393303854657,347,68,,,,11.0,289.0,47.0,0,323,24,8,1
20:22.8,,,68,,98.5,,,,,,,28,-2.002321,43.2982,92.508064,39.19410545787455,20:22.9,6,-0.1,0101000020E610000030CFD7EDC00400C0FA1241562BA64540,20230419_DACIA_AZPEITIA_DONOSTIA_028,,d1,48:13.9,26:13.9,DACIA_SPRING,Dacia Spring 33 kW,33000,139,21:30.5,5.6,9,30,NNE,0.4980543327909481,-33.17233294985956,347,68,,,,11.0,289.0,47.0,0,323,24,25,1
20:29.1,,,68,,98.5,,,,,,,28,-2.0010467,43.297367,87.23904399999999,39.33282171392527,20:29.1,6,-0.037,0101000020E610000046E862C6240200C06B60E71F10A64540,20230419_DACIA_AZPEITIA_DONOSTIA_028,,d1,48:13.9,26:13.9,DACIA_SPRING,Dacia Spring 33 kW,33000,139,21:30.5,5.6,9,30,NNE,2.002594975633376,-42.85653276797207,347,68,,,,11.0,289.0,47.0,0,323,24,55,1
20:34.6,,,67,,98.5,,,,,,,28,-1.9999657,43.296364,87.56944,39.47456858673891,20:35.0,6,-0.379,0101000020E6100000E676E8F6DBFFFFBF3D35694DEFA54540,20230419_DACIA_AZPEITIA_DONOSTIA_028,,d1,48:13.9,26:13.9,DACIA_SPRING,Dacia Spring 33 kW,33000,139,21:30.5,5.6,9,30,NNE,-0.5274330725907724,-26.64033183042761,347,68,,,,11.0,289.0,47.0,0,323,24,80,1
20:40.2,,,67,,98.5,,,,,,,28,-1.9986879,43.295723,84.22958,39.600208966689465,20:40.0,6,0.132,0101000020E61000006E09202EA0FAFFBFD62A3640DAA54540,20230419_DACIA_AZPEITIA_DONOSTIA_028,,d1,48:13.9,26:13.9,DACIA_SPRING,Dacia Spring 33 kW,33000,139,21:30.5,5.6,9,30,NNE,-4.303853206111561,-1.4317072949663665,347,68,,,,11.0,289.0,47.0,0,323,24,8,1
20:45.6,,,67,,98.5,,,,,,,28,-1.9968474,43.295677000000005,81.66271,39.74927119649975,20:46.1,6,-0.415,0101000020E610000036F81A4F16F3FFBF0136AFB3D8A54540,20230419_DACIA_AZPEITIA_DONOSTIA_028,,d1,48:13.9,26:13.9,DACIA_SPRING,Dacia Spring 33 kW,33000,139,21:30.5,5.6,9,30,NNE,-7.119387236787066,22.28309102462697,347,68,,,,11.0,289.0,47.0,0,323,24,45,1
20:51.2,,,67,,98.5,,,,,,,28,-1.9952368000000005,43.296337,81.71200999999999,39.89885702301294,20:51.1,6,0.053,0101000020E61000004B15CA537DECFFBF44572168EEA54540,20230419_DACIA_AZPEITIA_DONOSTIA_028,,d1,48:13.9,26:13.9,DACIA_SPRING,Dacia Spring 33 kW,33000,139,21:30.5,5.6,9,30,NNE,-7.451324191419023,25.886162456100323,347,68,,,,11.0,289.0,47.0,0,323,24,80,1
20:56.6,,,67,,98.5,,,,,,,28,-1.9939736,43.29695,79.442894,40.02174792796601,20:56.2,6,0.456,0101000020E6100000EDEB14E850E7FFBFA2AA808B02A64540,20230419_DACIA_AZPEITIA_DONOSTIA_028,,d1,48:13.9,26:13.9,DACIA_SPRING,Dacia Spring 33 kW,33000,139,21:30.5,5.6,9,30,NNE,-6.402941281743581,15.352029217720304,347,68,,,,11.0,289.0,47.0,0,323,24,80,1
21:02.2,,,67,,98.5,,,,,,,28,-1.9925385,43.297344,77.59969,40.14589049004697,21:02.2,6,-0.065,0101000020E61000003CD098F66FE1FFBFB2D916510FA64540,20230419_DACIA_AZPEITIA_DONOSTIA_028,,d1,48:13.9,26:13.9,DACIA_SPRING,Dacia Spring 33 kW,33000,139,21:30.5,5.6,9,30,NNE,-5.556093679757455,8.1224188645691,347,68,,,,11.0,289.0,47.0,0,323,24,80,1
21:07.6,,,67,,98.5,,,,,,,28,-1.9914945,43.297493,75.29122,40.2320194918303,21:07.3,6,0.332,0101000020E6100000F032C05429DDFFBFBFA2AB4C14A64540,20230419_DACIA_AZPEITIA_DONOSTIA_028,,d1,48:13.9,26:13.9,DACIA_SPRING,Dacia Spring 33 kW,33000,139,21:30.5,5.6,9,30,NNE,-4.500000000000004,0.0,347,68,,,,11.0,289.0,47.0,0,323,24,40,1
21:13.3,,,66,,98.5,,,,,,,28,-1.9914945,43.297493,75.29122,40.2320194918303,21:13.3,6,-0.0139999999999999,0101000020E6100000F032C05429DDFFBFBFA2AB4C14A64540,20230419_DACIA_AZPEITIA_DONOSTIA_028,,d1,48:13.9,26:13.9,DACIA_SPRING,Dacia Spring 33 kW,33000,139,21:30.5,5.6,9,30,NNE,-3.8929348610753753,-4.370608162073312,347,68,,,,11.0,289.0,47.0,0,323,24,40,1
21:18.7,,,66,,98.5,,,,,,,28,-1.9872684,43.29717,251.07527,40.61823349383571,21:18.4,6,0.3289999999999999,0101000020E6100000AAFBEA00DACBFFBF3FC30EAA09A64540,20230419_DACIA_AZPEITIA_DONOSTIA_028,,d1,48:13.9,26:13.9,DACIA_SPRING,Dacia Spring 33 kW,33000,139,21:30.5,5.6,9,30,NNE,-4.941034798953436,3.2987008610647064,137,109,3.0,19.0,99.0,,,,16,134,3,25,2
21:24.2,,,66,,98.5,,,,,,,28,-1.9856375,43.297264,122.81944,40.80256776104415,21:24.4,6,-0.198,0101000020E6100000B69286E82BC5FFBF7E8D48B20CA64540,20230419_DACIA_AZPEITIA_DONOSTIA_028,,d1,48:13.9,26:13.9,DACIA_SPRING,Dacia Spring 33 kW,33000,139,21:30.5,5.6,9,30,NNE,-6.497313050938602,16.213531619169068,137,109,3.0,19.0,99.0,,,,16,134,3,80,2
21:29.7,,,66,,98.5,,,,,,,28,-1.9841381,43.2977,92.085976,40.93680329836042,21:29.5,6,0.2339999999999999,0101000020E6100000BBACDBA007BFFFBFD55050F51AA64540,20230419_DACIA_AZPEITIA_DONOSTIA_028,,d1,48:13.9,26:13.9,DACIA_SPRING,Dacia Spring 33 kW,33000,139,21:30.5,5.6,9,30,NNE,-6.301119531944953,14.43698487558136,348,70,,,,0.0,299.0,48.0,1,267,81,80,2
21:35.2,,,66,,98.5,,,,,,,28,-1.9824523,43.298134000000005,71.58614,41.08295930740644,21:35.5,6,-0.282,0101000020E6100000F84906E81FB8FFBFFB894C4629A64540,20230419_DACIA_AZPEITIA_DONOSTIA_028,,d1,48:13.9,26:13.9,DACIA_SPRING,Dacia Spring 33 kW,33000,139,21:30.5,5.6,9,30,NNE,-5.369891202814613,6.630673313339569,301,96,,,,0.0,36.0,260.0,5,270,31,80,1
21:40.7,,,66,,98.5,,,,,,,28,-1.9810243000000003,43.2983,72.191925,41.19998948917492,21:40.6,6,0.151,0101000020E61000000203D68C46B2FFBF29503EBF2EA64540,20230419_DACIA_AZPEITIA_DONOSTIA_028,,d1,48:13.9,26:13.9,DACIA_SPRING,Dacia Spring 33 kW,33000,139,21:30.5,5.6,9,30,NNE,-3.769777594007712,-5.237101006640343,301,96,,,,0.0,36.0,260.0,5,270,31,45,1
21:46.2,,,66,,98.5,,,,,,,28,-1.9792569,43.298138,69.15156999999999,41.34418181479611,21:46.6,6,-0.381,0101000020E61000007BC5B64409ABFFBF52BD955E29A64540,20230419_DACIA_AZPEITIA_DONOSTIA_028,,d1,48:13.9,26:13.9,DACIA_SPRING,Dacia Spring 33 kW,33000,139,21:56.6,5.6,9,30,NNE,-2.8061742361307926,-11.83243224435278,301,96,,,,0.0,36.0,260.0,5,270,31,80,1
21:51.7,,,66,,98.5,,,,,,,28,-1.9777056,43.297813,69.497574,41.47482268671658,21:51.7,6,0.036,0101000020E610000091D493ACAEA4FFBFE189A4C81EA64540,20230419_DACIA_AZPEITIA_DONOSTIA_028,,d1,48:13.9,26:13.9,DACIA_SPRING,Dacia Spring 33 kW,33000,139,21:56.6,5.6,9,30,NNE,-2.7639311771506656,-12.115241802575008,301,96,,,,0.0,36.0,260.0,5,270,31,80,1
21:57.2,,,66,,98.5,,,,,,,28,-1.9761776,43.297485,73.72498,41.60381602842503,21:56.8,6,0.405,0101000020E61000002FE96A6A6C9EFFBFB2B3210614A64540,20230419_DACIA_AZPEITIA_DONOSTIA_028,,d1,48:13.9,26:13.9,DACIA_SPRING,Dacia Spring 33 kW,33000,139,21:56.6,5.6,9,30,NNE,-4.327825377163634,-1.257795054317641,301,96,,,,0.0,36.0,260.0,5,270,31,90,1
22:02.7,,,66,,98.5,,,,,,,28,-1.9742647,43.297443,81.24722,41.75887622028811,22:02.7,6,-0.0559999999999999,0101000020E61000009687C09D9696FFBF6AC3AB9712A64540,20230419_DACIA_AZPEITIA_DONOSTIA_028,,d1,48:13.9,26:13.9,DACIA_SPRING,Dacia Spring 33 kW,33000,139,21:56.6,5.6,9,30,NNE,-5.057537084394345,4.190661389217614,348,70,,,,0.0,299.0,48.0,1,267,81,90,1
22:08.1,,,66,,98.5,,,,,,,28,-1.9726679,43.29756,88.43269000000001,41.88895383686881,22:07.8,6,0.3329999999999999,0101000020E6100000AFB619310C90FFBFF34B908016A64540,20230419_DACIA_AZPEITIA_DONOSTIA_028,,d1,48:13.9,26:13.9,DACIA_SPRING,Dacia Spring 33 kW,33000,139,21:56.6,5.6,9,30,NNE,-3.599148057925422,-6.42773905577191,348,70,,,,0.0,299.0,48.0,1,267,81,90,1
22:13.6,,,66,,98.5,,,,,,,28,-1.9710879,43.297382,99.91108,42.018851032321194,22:13.8,6,-0.1969999999999999,0101000020E61000008DBDBB7A9389FFBF33B36BA210A64540,20230419_DACIA_AZPEITIA_DONOSTIA_028,,d1,48:13.9,26:13.9,DACIA_SPRING,Dacia Spring 33 kW,33000,139,21:56.6,5.6,9,30,NNE,1.7058702056154669,-40.92600651943772,348,70,,,,0.0,299.0,48.0,1,267,81,90,1
22:19.1,,,66,,98.5,,,,,,,28,-1.9703186,43.296715,105.68851,42.11585735510569,22:18.9,6,0.192,0101000020E610000025FD70BE6C86FFBF689A27C0FAA54540,20230419_DACIA_AZPEITIA_DONOSTIA_028,,d1,48:13.9,26:13.9,DACIA_SPRING,Dacia Spring 33 kW,33000,139,21:56.6,5.6,9,30,NNE,5.722207838756269,-69.47940890973447,348,70,,,,0.0,299.0,48.0,1,267,81,90,1
22:24.8,,,66,,98.5,,,,,,,28,-1.9699473,43.295723,110.0226,42.230264575150166,22:24.9,6,-0.087,0101000020E61000007CBCC683E784FFBFE01D6034DAA54540,20230419_DACIA_AZPEITIA_DONOSTIA_028,,d1,48:13.9,26:13.9,DACIA_SPRING,Dacia Spring 33 kW,33000,139,21:56.6,5.6,9,30,NNE,6.620574646137518,-77.3595809700087,301,96,,,,0.0,36.0,260.0,5,270,31,8,1
22:30.2,,,66,,98.5,,,,,,,28,-1.969756,43.29487,111.96636,42.32638875270619,22:29.9,6,0.285,0101000020E6100000285D9CEE1E84FFBFCAE6163FBEA54540,20230419_DACIA_AZPEITIA_DONOSTIA_028,,d1,48:13.9,26:13.9,DACIA_SPRING,Dacia Spring 33 kW,33000,139,21:56.6,5.6,9,30,NNE,8.553194019910642,-101.870360812598,301,96,,,,0.0,36.0,260.0,5,270,31,8,1
22:35.7,,,66,,98.5,,,,,,,28,-1.9699086,43.294144,112.42678,42.408056811134536,22:36.0,6,-0.25,0101000020E6100000F29911D1BE84FFBF77D71D73A6A54540,20230419_DACIA_AZPEITIA_DONOSTIA_028,,d1,48:13.9,26:13.9,DACIA_SPRING,Dacia Spring 33 kW,33000,139,21:56.6,5.6,9,30,NNE,5.568713866906728,-171.77538261092408,301,96,,,,0.0,36.0,260.0,5,270,31,45,1
22:41.3,,,66,,98.5,,,,,,,28,-1.970808,43.294014,116.17907,42.482363766530106,22:41.0,6,0.262,0101000020E6100000035D6E0A6E88FFBF9C42EE40A2A54540,20230419_DACIA_AZPEITIA_DONOSTIA_028,,d1,48:13.9,26:13.9,DACIA_SPRING,Dacia Spring 33 kW,33000,139,21:56.6,5.6,9,30,NNE,6.232642897431424,-166.1704061895662,301,96,,,,0.0,36.0,260.0,5,270,31,45,1
22:46.8,,,66,,98.5,,,,,,,28,-1.9716895,43.293797,122.30065,42.55792439778176,22:47.0,6,-0.253,0101000020E6100000F369BE4D0A8CFFBFC341E6149BA54540,20230419_DACIA_AZPEITIA_DONOSTIA_028,,d1,48:13.9,26:13.9,DACIA_SPRING,Dacia Spring 33 kW,33000,139,21:56.6,5.6,9,30,NNE,8.41291817650391,-99.19080670303504,301,96,,,,0.0,36.0,260.0,5,270,31,8,1
22:52.3,,,66,,98.5,,,,,,,28,-1.9717704,43.293297,127.06796,42.614108691877476,22:52.1,6,0.179,0101000020E6100000A32430125F8CFFBF677DF6B48AA54540,20230419_DACIA_AZPEITIA_DONOSTIA_028,,d1,48:13.9,26:13.9,DACIA_SPRING,Dacia Spring 33 kW,33000,139,21:56.6,5.6,9,30,NNE,8.826421694441507,-108.72894471673156,301,96,,,,0.0,36.0,260.0,5,270,31,30,1
22:57.8,,,66,,98.5,,,,,,,28,-1.9719762,43.29269,132.93788,42.68387618836737,22:58.2,6,-0.389,0101000020E61000007399CBD6368DFFBFD1385DD376A54540,20230419_DACIA_AZPEITIA_DONOSTIA_028,,d1,48:13.9,26:13.9,DACIA_SPRING,Dacia Spring 33 kW,33000,139,21:56.6,5.6,9,30,NNE,8.884819041854366,-129.17637135286583,301,96,,,,0.0,36.0,260.0,5,270,31,30,1
23:03.3,,,66,,98.5,,,,,,,28,-1.972206,43.292408,135.2988,42.72041038286375,23:03.2,6,0.061,0101000020E610000009D74FDD278EFFBF079675AD6DA54540,20230419_DACIA_AZPEITIA_DONOSTIA_028,,d1,48:13.9,26:13.9,DACIA_SPRING,Dacia Spring 33 kW,33000,139,21:56.6,5.6,9,30,NNE,7.313689438600063,-155.64609644018805,301,96,,,,0.0,36.0,260.0,5,270,31,30,1
23:08.7,,,66,,98.5,,,,,,,28,-1.9727097,43.29218,138.44678000000002,42.768520639565125,23:08.3,6,0.488,0101000020E61000008B89FCFC3790FFBFEAA4102D66A54540,20230419_DACIA_AZPEITIA_DONOSTIA_028,,d1,48:13.9,26:13.9,DACIA_SPRING,Dacia Spring 33 kW,33000,139,21:56.6,5.6,9,30,NNE,7.226088405275083,-156.59219265046536,301,96,,,,0.0,36.0,260.0,5,270,31,8,1
23:14.3,,,66,,98.5,,,,,,,28,-1.9734027,43.29188,142.35663,42.833896114813186,23:14.3,6,-0.042,0101000020E61000001853C1B70E93FFBFFCC3AE5D5CA54540,20230419_DACIA_AZPEITIA_DONOSTIA_028,,d1,48:13.9,26:13.9,DACIA_SPRING,Dacia Spring 33 kW,33000,139,21:56.6,5.6,9,30,NNE,7.360581150317798,-155.1306156557542,301,96,,,,0.0,36.0,260.0,5,270,31,55,1
23:19.7,,,66,,98.5,,,,,,,28,-1.9737263,43.29173,145.96268,42.86515560288917,23:19.4,6,0.282,0101000020E6100000C36BE7F86194FFBFDD1E785F57A54540,20230419_DACIA_AZPEITIA_DONOSTIA_028,,d1,48:13.9,26:13.9,DACIA_SPRING,Dacia Spring 33 kW,33000,139,21:56.6,5.6,9,30,NNE,8.884396873247484,-110.80679101154024,301,96,,,,0.0,36.0,260.0,5,270,31,55,1
23:25.2,,,66,,98.5,,,,,,,28,-1.9737377,43.2917,149.6028,42.87017851715982,23:25.4,6,-0.237,0101000020E6100000A09D3F0D6E94FFBF1C30235E56A54540,20230419_DACIA_AZPEITIA_DONOSTIA_028,,d1,48:13.9,26:13.9,DACIA_SPRING,Dacia Spring 33 kW,33000,139,21:56.6,5.6,9,30,NNE,-4.500000000000004,0.0,301,96,,,,0.0,36.0,260.0,5,270,31,55,1
23:30.6,,,66,,98.5,,,,,,,28,-1.9737377,43.2917,149.6028,42.87017851715982,23:30.5,6,0.105,0101000020E6100000A09D3F0D6E94FFBF1C30235E56A54540,20230419_DACIA_AZPEITIA_DONOSTIA_028,,d1,48:13.9,26:13.9,DACIA_SPRING,Dacia Spring 33 kW,33000,139,21:56.6,5.6,9,30,NNE,-4.500000000000004,0.0,301,96,,,,0.0,36.0,260.0,5,270,31,55,1
23:36.1,,,66,,98.5,,,,,,,28,-1.9737377,43.2917,149.6028,42.87017851715982,23:36.5,6,-0.428,0101000020E6100000A09D3F0D6E94FFBF1C30235E56A54540,20230419_DACIA_AZPEITIA_DONOSTIA_028,,d1,48:13.9,26:13.9,DACIA_SPRING,Dacia Spring 33 kW,33000,139,21:56.6,5.6,9,30,NNE,7.612266184126941,-152.24145939401495,301,96,,,,0.0,36.0,260.0,5,270,31,55,1
23:41.5,,,66,,98.5,,,,,,,28,-1.9737624,43.291687,149.21141,42.87267635664637,23:41.6,6,-0.074,0101000020E61000006BA19FE28794FFBF3C1B370F56A54540,20230419_DACIA_AZPEITIA_DONOSTIA_028,,d1,48:13.9,26:13.9,DACIA_SPRING,Dacia Spring 33 kW,33000,139,21:56.6,5.6,9,30,NNE,7.36058892924027,-155.130529596374,301,96,,,,0.0,36.0,260.0,5,270,31,55,1
23:47.0,,,66,,98.5,,,,,,,28,-1.9741011,43.29153,149.21169,42.905176174588696,23:46.7,6,0.313,0101000020E61000009E8838FFEA95FFBF9A9439DA50A54540,20230419_DACIA_AZPEITIA_DONOSTIA_028,,d1,48:13.9,26:13.9,DACIA_SPRING,Dacia Spring 33 kW,33000,139,21:56.6,5.6,9,30,NNE,7.082000677777013,-158.1042765582972,301,96,,,,0.0,36.0,260.0,5,270,31,40,1
23:52.5,,,66,,98.5,,,,,,,28,-1.9747082,43.291286,148.14348,42.96131562362114,23:52.7,6,-0.113,0101000020E6100000423E85976798FFBF329DBEE248A54540,20230419_DACIA_AZPEITIA_DONOSTIA_028,,d1,48:13.9,26:13.9,DACIA_SPRING,Dacia Spring 33 kW,33000,139,21:56.6,5.6,9,30,NNE,5.571951221674439,-171.7491433136668,301,96,,,,0.0,36.0,260.0,5,270,31,55,1
23:58.2,,,66,,98.5,,,,,,,28,-1.9748875,43.29126,146.0862,42.97625500282303,23:57.7,6,0.465,0101000020E61000007255C1A72399FFBFB9D9ECFD47A54540,20230419_DACIA_AZPEITIA_DONOSTIA_028,,d1,48:13.9,26:13.9,DACIA_SPRING,Dacia Spring 33 kW,33000,139,21:56.6,5.6,9,30,NNE,6.682385486325143,-162.056273415423,301,96,,,,0.0,36.0,260.0,5,270,31,55,1
24:03.7,,,66,,98.5,,,,,,,28,-1.9753507,43.29111,144.82733000000002,43.01730693782691,24:03.8,6,-0.02,0101000020E610000002718B60099BFFBF9467622443A54540,20230419_DACIA_AZPEITIA_DONOSTIA_028,,d1,48:13.9,26:13.9,DACIA_SPRING,Dacia Spring 33 kW,33000,139,21:56.6,5.6,9,30,NNE,8.146247292210111,-145.15804499313083,301,96,,,,0.0,36.0,260.0,5,270,31,40,1
24:09.4,,,66,,98.5,,,,,,,28,-1.9760618000000003,43.290615,144.86643999999998,43.09694391478772,24:09.8,6,-0.432,0101000020E610000094AD2BFDF29DFFBFB99A2DDA32A54540,20230419_DACIA_AZPEITIA_DONOSTIA_028,,d1,48:13.9,26:13.9,DACIA_SPRING,Dacia Spring 33 kW,33000,139,21:56.6,5.6,9,30,NNE,7.144458242276788,-157.45523761673903,301,96,,,,0.0,36.0,260.0,5,270,31,40,1
24:14.9,,,65,,98.5,,,,,,,28,-1.9768206,43.2903,145.49756000000002,43.167648089654676,24:14.8,6,0.108,0101000020E6100000CB5CDB980EA1FFBFC8AC877128A54540,20230419_DACIA_AZPEITIA_DONOSTIA_028,,d1,48:13.9,26:13.9,DACIA_SPRING,Dacia Spring 33 kW,33000,139,26:30.3,5.6,9,30,NNE,7.293402978163022,-155.86710987860195,301,96,,,,0.0,36.0,260.0,5,270,31,25,1
24:20.6,,,65,,98.5,,,,,,,28,-1.9777179,43.289898,145.714,43.252927820884636,24:20.9,6,-0.291,0101000020E610000044D7D98ABBA4FFBF29B0C46C1BA54540,20230419_DACIA_AZPEITIA_DONOSTIA_028,,d1,48:13.9,26:13.9,DACIA_SPRING,Dacia Spring 33 kW,33000,139,26:30.3,5.6,9,30,NNE,6.582798288806693,-162.99425913880614,301,96,,,,0.0,36.0,260.0,5,270,31,25,1
24:26.1,,,65,,98.5,,,,,,,28,-1.9783326,43.28971,147.01645,43.3069096084723,24:25.9,6,0.114,0101000020E610000001791B2740A7FFBF969B164915A54540,20230419_DACIA_AZPEITIA_DONOSTIA_028,,d1,48:13.9,26:13.9,DACIA_SPRING,Dacia Spring 33 kW,33000,139,26:30.3,5.6,9,30,NNE,2.7024245560857,167.47378433221968,348,70,,,,0.0,299.0,48.0,1,267,81,55,2
24:31.5,,,65,,98.5,,,,,,,28,-1.9788007,43.289814,149.24516,43.34658503614074,24:31.0,6,0.501,0101000020E6100000D5A8BBED2AA9FFBF1D8D21A018A54540,20230419_DACIA_AZPEITIA_DONOSTIA_028,,d1,48:13.9,26:13.9,DACIA_SPRING,Dacia Spring 33 kW,33000,139,26:30.3,5.6,9,30,NNE,8.675183067778718,-135.44011759324545,348,70,,,,0.0,299.0,48.0,1,267,81,25,2
24:37.0,,,65,,98.5,,,,,,,28,-1.9792008,43.28942,151.60257,43.40111606606819,24:37.0,6,-0.019,0101000020E610000052F93475CEAAFFBF25EC99CD0BA54540,20230419_DACIA_AZPEITIA_DONOSTIA_028,,d1,48:13.9,26:13.9,DACIA_SPRING,Dacia Spring 33 kW,33000,139,26:30.3,5.6,9,30,NNE,8.623814080713219,-136.62425174169522,348,70,,,,0.0,299.0,48.0,1,267,81,55,2
24:42.4,,,65,,98.5,,,,,,,28,-1.9797194,43.28893,154.56032,43.469958779540704,24:42.0,6,0.315,0101000020E6100000F0275232EEACFFBFB860C397FBA44540,20230419_DACIA_AZPEITIA_DONOSTIA_028,,d1,48:13.9,26:13.9,DACIA_SPRING,Dacia Spring 33 kW,33000,139,26:30.3,5.6,9,30,NNE,8.999723408369007,-119.5508028363004,348,70,,,,0.0,299.0,48.0,1,267,81,8,2
24:47.8,,,65,,98.5,,,,,,,28,-1.9802648,43.287968,156.4101,43.58569404952195,24:48.1,6,-0.2189999999999999,0101000020E6100000CC73EE112AAFFFBF14D9A613DCA44540,20230419_DACIA_AZPEITIA_DONOSTIA_028,,d1,48:13.9,26:13.9,DACIA_SPRING,Dacia Spring 33 kW,33000,139,26:30.3,5.6,9,30,NNE,8.932520503785312,-112.97940344396204,460,95,,,,0.0,78.0,371.0,11,382,78,8,2
24:53.4,,,65,,98.5,,,,,,,28,-1.9806668,43.28702,159.19453,43.696049641169594,24:53.2,6,0.1989999999999999,0101000020E6100000C340F2ACCFB0FFBFE776C01DBDA44540,20230419_DACIA_AZPEITIA_DONOSTIA_028,,d1,48:13.9,26:13.9,DACIA_SPRING,Dacia Spring 33 kW,33000,139,26:30.3,5.6,9,30,NNE,7.04997454941353,-158.43346699482922,460,95,,,,0.0,78.0,371.0,11,382,78,8,2
24:59.0,,,64,,98.5,,,,,,,28,-1.9815599,43.286667,162.0429,43.77835747599234,24:59.2,6,-0.243,0101000020E61000009B87F41378B4FFBF22533586B1A44540,20230419_DACIA_AZPEITIA_DONOSTIA_028,,d1,48:13.9,26:13.9,DACIA_SPRING,Dacia Spring 33 kW,33000,139,26:30.3,5.6,9,30,NNE,1.4053207035198645,158.98330974186604,301,96,,,,0.0,36.0,260.0,5,270,31,25,2
25:05.1,,,65,,98.5,,,,,,,28,-1.9822054,43.286915,166.68741,43.83761876712719,25:05.3,6,-0.209,0101000020E6100000DCEDF7FC1CB7FFBFD323DFADB9A44540,20230419_DACIA_AZPEITIA_DONOSTIA_028,,d1,48:13.9,26:13.9,DACIA_SPRING,Dacia Spring 33 kW,33000,139,26:30.3,5.6,9,30,NNE,-2.6450018416720944,132.90906548584823,137,109,3.0,19.0,99.0,,,,16,134,3,25,2
25:10.6,,,64,,98.5,,,,,,,28,-1.9825168,43.28725,168.74268,43.882642265887256,25:10.3,6,0.26,0101000020E6100000223E997863B8FFBFB00965ACC4A44540,20230419_DACIA_AZPEITIA_DONOSTIA_028,,d1,48:13.9,26:13.9,DACIA_SPRING,Dacia Spring 33 kW,33000,139,26:30.3,5.6,9,30,NNE,-3.444598936628994,127.49691260929876,137,109,3.0,19.0,99.0,,,,16,134,3,25,2
25:16.1,,,64,,98.5,,,,,,,28,-1.9827838,43.287598,172.76093,43.9271457967747,25:16.4,6,-0.278,0101000020E61000003433FD817BB9FFBFDB420B0FD0A44540,20230419_DACIA_AZPEITIA_DONOSTIA_028,,d1,48:13.9,26:13.9,DACIA_SPRING,Dacia Spring 33 kW,33000,139,26:30.3,5.6,9,30,NNE,-7.122704455902459,97.68237535320728,137,109,3.0,19.0,99.0,,,,16,134,3,25,2
25:21.5,,,64,,98.5,,,,,,,28,-1.9828213,43.287876,176.15677,43.95839172701057,25:21.4,6,0.062,0101000020E6100000BB5F01DCA2B9FFBF0F77B622D9A44540,20230419_DACIA_AZPEITIA_DONOSTIA_028,,d1,48:13.9,26:13.9,DACIA_SPRING,Dacia Spring 33 kW,33000,139,26:30.3,5.6,9,30,NNE,-3.937160708378717,124.05792228645495,137,109,3.0,19.0,99.0,,,,16,134,3,25,2
25:27.0,,,64,,98.5,,,,,,,28,-1.9829592,43.28808,178.47614,43.98377905714442,25:26.5,6,0.482,0101000020E6100000424B976333BAFFBF6373FABFDFA44540,20230419_DACIA_AZPEITIA_DONOSTIA_028,,d1,48:13.9,26:13.9,DACIA_SPRING,Dacia Spring 33 kW,33000,139,26:30.3,5.6,9,30,NNE,-8.833217079014913,71.04752845024794,137,109,3.0,19.0,99.0,,,,16,134,3,25,2
25:32.3,,,64,,98.5,,,,,,,28,-1.9827875,43.28858,180.00677,44.041107577402826,25:32.5,6,-0.2019999999999999,0101000020E6100000C7C26D6E7FB9FFBF2B858F3BF0A44540,20230419_DACIA_AZPEITIA_DONOSTIA_028,,d1,48:13.9,26:13.9,DACIA_SPRING,Dacia Spring 33 kW,33000,139,26:30.3,5.6,9,30,NNE,-8.625591731176902,76.58464940608631,137,109,3.0,19.0,99.0,,,,16,134,3,25,2
25:37.8,,,64,,98.5,,,,,,,28,-1.9826878,43.288998,181.49622,44.088305883504525,25:37.6,6,0.24,0101000020E610000027E3F5D516B9FFBF63254DEFFDA44540,20230419_DACIA_AZPEITIA_DONOSTIA_028,,d1,48:13.9,26:13.9,DACIA_SPRING,Dacia Spring 33 kW,33000,139,26:30.3,5.6,9,30,NNE,-5.997007573583301,108.2152387727016,137,109,3.0,19.0,99.0,,,,16,134,3,25,2
25:43.3,,,64,,98.5,,,,,,,28,-1.9828734,43.289562,184.2093,44.15285096248262,25:43.6,6,-0.379,0101000020E610000075C7257BD9B9FFBF907F076C10A54540,20230419_DACIA_AZPEITIA_DONOSTIA_028,,d1,48:13.9,26:13.9,DACIA_SPRING,Dacia Spring 33 kW,33000,139,26:30.3,5.6,9,30,NNE,-2.951583798330049,130.85537625857725,137,109,3.0,19.0,99.0,,,,16,134,3,25,2
25:48.7,,,64,,98.5,,,,,,,28,-1.9831934,43.289932,184.4309,44.20146728041791,25:48.7,6,0.024,0101000020E61000007E0648F028BBFFBF0ACF0C861CA54540,20230419_DACIA_AZPEITIA_DONOSTIA_028,,d1,48:13.9,26:13.9,DACIA_SPRING,Dacia Spring 33 kW,33000,139,26:30.3,5.6,9,30,NNE,-2.980620946469658,130.6595812773524,137,109,3.0,19.0,99.0,,,,16,134,3,25,2
25:54.2,,,64,,98.5,,,,,,,28,-1.9834296,43.290207,181.54578,44.23764537611847,25:53.7,6,0.474,0101000020E6100000B3360DA420BCFFBFD204B08E25A54540,20230419_DACIA_AZPEITIA_DONOSTIA_028,,d1,48:13.9,26:13.9,DACIA_SPRING,Dacia Spring 33 kW,33000,139,26:30.3,5.6,9,30,NNE,-1.8637718835054395,138.048374941343,137,109,3.0,19.0,99.0,,,,16,134,3,25,2
25:59.6,,,65,,98.5,,,,,,,28,-1.9836076,43.290367,179.38002,44.26064049031837,25:59.8,6,-0.148,0101000020E6100000D246B75FDBBCFFBF5863B7B32AA54540,20230419_DACIA_AZPEITIA_DONOSTIA_028,,d1,48:13.9,26:13.9,DACIA_SPRING,Dacia Spring 33 kW,33000,139,26:30.3,5.6,9,30,NNE,8.973045120830742,-124.43550958360262,137,109,3.0,19.0,99.0,,,,16,134,3,25,2
26:05.1,,,64,,98.5,,,,,,,28,-1.9837173,43.290207,177.793,44.28058739497408,26:04.8,6,0.2689999999999999,0101000020E6100000806730554EBDFFBFC68B388725A54540,20230419_DACIA_AZPEITIA_DONOSTIA_028,,d1,48:13.9,26:13.9,DACIA_SPRING,Dacia Spring 33 kW,33000,139,26:30.3,5.6,9,30,NNE,7.225513050875184,-156.59833668721936,137,109,3.0,19.0,99.0,,,,16,134,3,25,2
26:10.6,,,64,,98.5,,,,,,,28,-1.9839553,43.290104,176.02011000000002,44.30306819361724,26:10.8,6,-0.223,0101000020E61000007B54BDDB47BEFFBFA6583F1522A54540,20230419_DACIA_AZPEITIA_DONOSTIA_028,,d1,48:13.9,26:13.9,DACIA_SPRING,Dacia Spring 33 kW,33000,139,26:30.3,5.6,9,30,NNE,,,137,109,3.0,19.0,99.0,,,,16,134,3,8,2
