timestamp_data_utc,elv_spy,speed,soc,amb_temp,soh,regenwh,Motor Pwr(w),Aux Pwr(100w),Motor Temp,Torque Nm,rpm,route_id,longitude,latitude,altitude,cumul_dist,timestamp_gps_utc,car_id,time_diff,point_geom,route_code,route_description,driver,start_timestamp,end_timestamp,car_code,car_description,capacity,ref_consumption,timestamp_weather_utc,wind_mph,wind_kph,wind_degree,wind_dir,Frontal_Wind,Veh_deg,totalVehicles,speedAvg,cars_by_speed_interval_0_80,cars_by_speed_interval_80_100,cars_by_speed_interval_100_120,cars_by_speed_interval_0_50,cars_by_speed_interval_50_80,cars_by_speed_interval_80_120,cars_by_speed_interval_120_inf,cars_by_length_interval_0_7,cars_by_length_interval_7_inf,max_speed,radius
22:02.2,,,87,,98.5,,,,,,,53,-2.4832158,43.186157,231.81554,0.0,22:02.0,6,0.181,0101000020E6100000B024A74FA0DD03C057F3FFF3D3974540,20230420_DACIA_EIBAR_DONOSTIA_053,,d2,19:34.5,05:18.0,DACIA_SPRING,Dacia Spring 33 kW,33000,139,23:21.2,8.1,13.0,300,WNW,7.501285467905001,24.75864545513416,261,59,,,,41.0,215.0,5.0,0,246,15,85,4
22:08.0,,,87,,98.5,,,,,,,53,-2.4821143,43.186665000000005,247.4374,0.10681845054414825,22:08.2,6,-0.13,0101000020E6100000F818B0CC5EDB03C09C3FBD9FE4974540,20230420_DACIA_EIBAR_DONOSTIA_053,,d2,19:34.5,05:18.0,DACIA_SPRING,Dacia Spring 33 kW,33000,139,23:21.2,8.1,13.0,300,WNW,12.356124696582762,-11.891776347291596,261,59,,,,41.0,215.0,5.0,0,246,15,25,4
22:13.7,,,87,,98.5,,,,,,,53,-2.4811883,43.18647,242.1986,0.18513820911737072,22:13.3,6,0.418,0101000020E6100000CD26803879D903C0E720C139DE974540,20230420_DACIA_EIBAR_DONOSTIA_053,,d2,19:34.5,05:18.0,DACIA_SPRING,Dacia Spring 33 kW,33000,139,23:21.2,8.1,13.0,300,WNW,12.87055677269051,-21.907799365348136,261,59,,,,41.0,215.0,5.0,0,246,15,25,4
22:19.3,,,87,,98.5,,,,,,,53,-2.4799450000000003,43.185970000000005,241.44032,0.30025829117716907,22:19.3,6,-0.0289999999999999,0101000020E6100000AD84B06CEDD603C09F432BEECD974540,20230420_DACIA_EIBAR_DONOSTIA_053,,d2,19:34.5,05:18.0,DACIA_SPRING,Dacia Spring 33 kW,33000,139,23:21.2,8.1,13.0,300,WNW,10.842546132400264,3.4837828699244016,261,59,,,,41.0,215.0,5.0,0,246,15,8,4
22:24.9,,,87,,98.5,,,,,,,53,-2.4788773,43.186035,233.16655,0.38751770374064654,22:24.3,6,0.512,0101000020E61000005949409BBDD403C02F8613F1CF974540,20230420_DACIA_EIBAR_DONOSTIA_053,,d2,19:34.5,05:18.0,DACIA_SPRING,Dacia Spring 33 kW,33000,139,23:21.2,8.1,13.0,300,WNW,3.73568271855547,43.3000185874943,261,59,,,,41.0,215.0,5.0,0,246,15,20,4
22:30.5,,,87,,98.5,,,,,,,53,-2.4780273,43.186836,231.74435,0.5001416635350506,22:30.4,6,0.068,0101000020E610000078F479F7FFD203C0F96F803DEA974540,20230420_DACIA_EIBAR_DONOSTIA_053,,d2,19:34.5,05:18.0,DACIA_SPRING,Dacia Spring 33 kW,33000,139,23:21.2,8.1,13.0,300,WNW,-0.7040182842905095,63.10438609689067,261,59,,,,41.0,215.0,5.0,0,246,15,85,4
22:36.4,,,87,,98.5,,,,,,,53,-2.4775434,43.18779,234.89174,0.6132876251540432,22:36.5,6,-0.141,0101000020E6100000AB15374B02D203C0BEC6387709984540,20230420_DACIA_EIBAR_DONOSTIA_053,,d2,19:34.5,05:18.0,DACIA_SPRING,Dacia Spring 33 kW,33000,139,23:21.2,8.1,13.0,300,WNW,3.500481650089798,44.37929751500951,261,59,,,,41.0,215.0,5.0,0,246,15,85,4
22:42.1,,,87,,98.5,,,,,,,53,-2.4768996,43.18842,236.08676,0.7006555144926622,22:41.9,6,0.171,0101000020E6100000A03C20B1B0D003C025C9A8181E984540,20230420_DACIA_EIBAR_DONOSTIA_053,,d2,19:34.5,05:18.0,DACIA_SPRING,Dacia Spring 33 kW,33000,139,23:21.2,8.1,13.0,300,WNW,3.5230649511084557,44.27592127222659,261,59,,,,41.0,215.0,5.0,0,246,15,8,4
22:48.1,,,87,,98.5,,,,,,,53,-2.4767714,43.188545,235.98145,0.7180114727786922,22:47.9,6,0.212,0101000020E61000007FA99B8C6DD003C02E8E1C4022984540,20230420_DACIA_EIBAR_DONOSTIA_053,,d2,19:34.5,05:18.0,DACIA_SPRING,Dacia Spring 33 kW,33000,139,23:21.2,8.1,13.0,300,WNW,11.258330249197698,0.0,261,59,,,,41.0,215.0,5.0,0,246,15,8,4
22:53.7,,,87,,98.5,,,,,,,53,-2.4767714,43.188545,235.98145,0.7180114727786922,22:53.6,6,0.091,0101000020E61000007FA99B8C6DD003C02E8E1C4022984540,20230420_DACIA_EIBAR_DONOSTIA_053,,d2,19:34.5,05:18.0,DACIA_SPRING,Dacia Spring 33 kW,33000,139,23:21.2,8.1,13.0,300,WNW,11.258330249197698,0.0,261,59,,,,41.0,215.0,5.0,0,246,15,8,4
22:59.3,,,87,,98.5,,,,,,,53,-2.4767714,43.188545,235.98145,0.7180114727786922,22:59.6,6,-0.34,0101000020E61000007FA99B8C6DD003C02E8E1C4022984540,20230420_DACIA_EIBAR_DONOSTIA_053,,d2,19:34.5,05:18.0,DACIA_SPRING,Dacia Spring 33 kW,33000,139,23:21.2,8.1,13.0,300,WNW,11.258330249197698,0.0,261,59,,,,41.0,215.0,5.0,0,246,15,8,4
23:04.9,,,87,,98.5,,,,,,,53,-2.4767714,43.188545,235.98145,0.7180114727786922,23:04.7,6,0.18,0101000020E61000007FA99B8C6DD003C02E8E1C4022984540,20230420_DACIA_EIBAR_DONOSTIA_053,,d2,19:34.5,05:18.0,DACIA_SPRING,Dacia Spring 33 kW,33000,139,23:21.2,8.1,13.0,300,WNW,11.88749764173516,-6.123903060911099,261,59,,,,41.0,215.0,5.0,0,246,15,8,4
23:21.9,,,87,,98.5,,,,,,,53,-2.4716172000000003,43.187992,200.89969,1.1418334529712355,23:21.9,6,-0.006,0101000020E6100000EBABE544DFC503C0064D5E1F10984540,20230420_DACIA_EIBAR_DONOSTIA_053,,d2,19:34.5,05:18.0,DACIA_SPRING,Dacia Spring 33 kW,33000,139,23:21.2,8.1,13.0,300,WNW,11.258330249197698,0.0,261,59,,,,41.0,215.0,5.0,0,246,15,85,3
23:27.4,,,87,,98.5,,,,,,,53,-2.4716172000000003,43.187992,200.89969,1.1418334529712355,23:27.8,6,-0.41,0101000020E6100000EBABE544DFC503C0064D5E1F10984540,20230420_DACIA_EIBAR_DONOSTIA_053,,d2,19:34.5,05:18.0,DACIA_SPRING,Dacia Spring 33 kW,33000,139,23:21.2,8.1,13.0,300,WNW,8.208306401833704,20.84590756515403,261,59,,,,41.0,215.0,5.0,0,246,15,85,3
23:33.1,,,87,,98.5,,,,,,,53,-2.4676044,43.18952,218.04607,1.5092572610605035,23:32.9,6,0.191,0101000020E61000004736AB52A7BD03C0483B9D4E42984540,20230420_DACIA_EIBAR_DONOSTIA_053,,d2,19:34.5,05:18.0,DACIA_SPRING,Dacia Spring 33 kW,33000,139,23:40.0,8.1,13.0,300,WNW,-2.8408564697035,72.62255604707887,261,59,,,,41.0,215.0,5.0,0,246,15,40,3
23:38.7,,,87,,98.5,,,,,,,53,-2.4673603,43.1903,218.35608,1.5982188544251472,23:38.9,6,-0.252,0101000020E6100000AAB1DC5C27BD03C09313D7B15B984540,20230420_DACIA_EIBAR_DONOSTIA_053,,d2,19:34.5,05:18.0,DACIA_SPRING,Dacia Spring 33 kW,33000,139,23:40.0,8.1,13.0,300,WNW,-2.513611858801463,71.14862915860436,261,59,,,,41.0,215.0,5.0,0,246,15,85,3
23:44.4,,,87,,98.5,,,,,,,53,-2.4671452,43.19093,200.71503,1.672533670468271,23:43.9,6,0.491,0101000020E6100000D0E710A8B6BC03C0DC297F5970984540,20230420_DACIA_EIBAR_DONOSTIA_053,,d2,19:34.5,05:18.0,DACIA_SPRING,Dacia Spring 33 kW,33000,139,23:40.0,8.1,13.0,300,WNW,10.048520149599044,9.379277610338946,261,59,,,,41.0,215.0,5.0,0,246,15,85,3
23:49.9,,,87,,98.5,,,,,,,53,-2.4660373,43.191113,193.27661,1.7649267538882576,23:50.0,6,-0.052,0101000020E6100000300333BF71BA03C001C9865876984540,20230420_DACIA_EIBAR_DONOSTIA_053,,d2,19:34.5,05:18.0,DACIA_SPRING,Dacia Spring 33 kW,33000,139,23:40.0,8.1,13.0,300,WNW,10.567553248249716,-65.6208657984346,261,59,,,,41.0,215.0,5.0,0,246,15,85,3
23:55.5,,,87,,98.5,,,,,,,53,-2.4657595000000003,43.1905,199.52917,1.8369852294088307,23:55.1,6,0.41,0101000020E610000073855C21E0B903C09FC2C73062984540,20230420_DACIA_EIBAR_DONOSTIA_053,,d2,19:34.5,05:18.0,DACIA_SPRING,Dacia Spring 33 kW,33000,139,23:40.0,8.1,13.0,300,WNW,3.373483011516478,-104.95968153983183,261,59,,,,41.0,215.0,5.0,0,246,15,85,3
24:00.9,,,87,,98.5,,,,,,,53,-2.4659786,43.18968,204.65083,1.9300201949593458,24:01.1,6,-0.139,0101000020E61000000AE83EFE52BA03C0114B606347984540,20230420_DACIA_EIBAR_DONOSTIA_053,,d2,19:34.5,05:18.0,DACIA_SPRING,Dacia Spring 33 kW,33000,139,23:40.0,8.1,13.0,300,WNW,9.72294016435301,-71.58961001794759,261,59,,,,41.0,215.0,5.0,0,246,15,85,3
24:06.5,,,87,,98.5,,,,,,,53,-2.4657223,43.18891,205.49982,2.0181296497533756,24:06.2,6,0.309,0101000020E610000097E42999CCB903C09DB14E392E984540,20230420_DACIA_EIBAR_DONOSTIA_053,,d2,19:34.5,05:18.0,DACIA_SPRING,Dacia Spring 33 kW,33000,139,23:40.0,8.1,13.0,300,WNW,10.985132625106548,-62.32697105326314,261,59,,,,41.0,215.0,5.0,0,246,15,25,3
24:12.1,,,87,,98.5,,,,,,,53,-2.4652991,43.188103000000005,189.88274,2.115460620585638,24:12.3,6,-0.148,0101000020E61000009DAB4FC9EEB803C00ECF81CA13984540,20230420_DACIA_EIBAR_DONOSTIA_053,,d2,19:34.5,05:18.0,DACIA_SPRING,Dacia Spring 33 kW,33000,139,23:40.0,8.1,13.0,300,WNW,12.99357814292602,-28.1989981805376,261,59,,,,41.0,215.0,5.0,0,246,15,85,3
24:17.6,,,87,,98.5,,,,,,,53,-2.464637,43.187748,174.75162,2.183787655859205,24:17.3,6,0.34,0101000020E6100000E0748CA993B703C009C2A81A08984540,20230420_DACIA_EIBAR_DONOSTIA_053,,d2,19:34.5,05:18.0,DACIA_SPRING,Dacia Spring 33 kW,33000,139,23:40.0,8.1,13.0,300,WNW,9.433281352284215,13.478133199238846,261,59,,,,41.0,215.0,5.0,0,246,15,85,3
24:23.0,,,87,,98.5,,,,,,,53,-2.4636273,43.18799,159.41019,2.2713122008066087,24:23.4,6,-0.34,0101000020E61000000222294082B503C0EE6112F50F984540,20230420_DACIA_EIBAR_DONOSTIA_053,,d2,19:34.5,05:18.0,DACIA_SPRING,Dacia Spring 33 kW,33000,139,23:40.0,8.1,13.0,300,WNW,-0.1475790153004416,60.650448949983335,261,59,,,,41.0,215.0,5.0,0,246,15,85,3
24:28.5,,,86,,98.5,,,,,,,53,-2.4632916,43.188587,157.05733,2.343096690134641,24:28.4,6,0.141,0101000020E61000009FCD3F39D2B403C03BBB119F23984540,20230420_DACIA_EIBAR_DONOSTIA_053,,d2,19:34.5,05:18.0,DACIA_SPRING,Dacia Spring 33 kW,33000,139,23:40.0,8.1,13.0,300,WNW,-7.425456966823221,94.83317984487267,261,59,,,,41.0,215.0,5.0,0,246,15,85,3
24:34.0,,,86,,98.5,,,,,,,53,-2.4633677000000005,43.189487,155.72972,2.443370908692893,24:34.4,6,-0.389,0101000020E610000024BDBB22FAB403C064ED781B41984540,20230420_DACIA_EIBAR_DONOSTIA_053,,d2,19:34.5,05:18.0,DACIA_SPRING,Dacia Spring 33 kW,33000,139,23:40.0,8.1,13.0,300,WNW,5.60774783290234,34.445768458540066,261,59,,,,41.0,215.0,5.0,0,246,15,8,3
24:39.5,,,86,,98.5,,,,,,,53,-2.4628092999999995,43.18987,158.41028,2.505582542679276,24:39.4,6,0.078,0101000020E610000022550A58D5B303C035A52D964D984540,20230420_DACIA_EIBAR_DONOSTIA_053,,d2,19:34.5,05:18.0,DACIA_SPRING,Dacia Spring 33 kW,33000,139,23:40.0,8.1,13.0,300,WNW,12.882459760794196,-22.28942070424615,261,59,,,,41.0,215.0,5.0,0,246,15,85,3
24:45.0,,,86,,98.5,,,,,,,53,-2.4617603,43.189440000000005,170.3475,2.6038735145494742,24:45.5,6,-0.462,0101000020E610000054BF846DAFB103C01DDA0EA53F984540,20230420_DACIA_EIBAR_DONOSTIA_053,,d2,19:34.5,05:18.0,DACIA_SPRING,Dacia Spring 33 kW,33000,139,23:40.0,8.1,13.0,300,WNW,11.375259501182535,-1.0473381680974592,261,59,,,,41.0,215.0,5.0,0,246,15,85,3
24:50.6,,,86,,98.5,,,,,,,53,-2.4609945,43.189426,174.53777,2.666118899676967,24:50.6,6,0.01,0101000020E61000002DFEADD51DB003C0489E2A153F984540,20230420_DACIA_EIBAR_DONOSTIA_053,,d2,19:34.5,05:18.0,DACIA_SPRING,Dacia Spring 33 kW,33000,139,23:40.0,8.1,13.0,300,WNW,9.778590850267957,11.218751462056344,261,59,,,,41.0,215.0,5.0,0,246,15,40,3
24:56.1,,,86,,98.5,,,,,,,53,-2.4599912,43.189625,179.5528,2.7505631584699723,24:55.6,6,0.48,0101000020E61000007A52CFD60FAE03C0160FA99C45984540,20230420_DACIA_EIBAR_DONOSTIA_053,,d2,19:34.5,05:18.0,DACIA_SPRING,Dacia Spring 33 kW,33000,139,23:40.0,8.1,13.0,300,WNW,9.71502840743548,11.642114578756155,261,59,,,,41.0,215.0,5.0,0,246,15,85,2
25:01.7,,,86,,98.5,,,,,,,53,-2.4586759,43.189896000000005,185.50772,2.8615320667404704,25:01.7,6,0.001,0101000020E6100000C64FE14E5EAB03C02BEF167E4E984540,20230420_DACIA_EIBAR_DONOSTIA_053,,d2,19:34.5,05:18.0,DACIA_SPRING,Dacia Spring 33 kW,33000,139,23:40.0,8.1,13.0,300,WNW,9.132062861309844,15.374782010325411,261,59,,,,41.0,215.0,5.0,0,246,15,85,2
25:07.2,,,86,,98.5,,,,,,,53,-2.4574976000000004,43.19022,187.17705,2.9636394171432285,25:06.7,6,0.501,0101000020E6100000FCC6877CF4A803C045AD032959984540,20230420_DACIA_EIBAR_DONOSTIA_053,,d2,19:34.5,05:18.0,DACIA_SPRING,Dacia Spring 33 kW,33000,139,23:40.0,8.1,13.0,300,WNW,9.042482325988011,15.926900055088227,261,59,,,,41.0,215.0,5.0,0,246,15,85,2
25:12.6,,,86,,98.5,,,,,,,53,-2.4561064,43.190617,187.29996,3.084755936778987,25:12.7,6,-0.119,0101000020E6100000CB7111261BA603C0377CB21966984540,20230420_DACIA_EIBAR_DONOSTIA_053,,d2,19:34.5,05:18.0,DACIA_SPRING,Dacia Spring 33 kW,33000,139,23:40.0,8.1,13.0,300,WNW,10.479568339416227,6.2813791109682295,261,59,,,,41.0,215.0,5.0,0,246,15,85,2
25:18.3,,,86,,98.5,,,,,,,53,-2.4550798,43.19073,181.95274,3.1690952338870373,25:17.8,6,0.49,0101000020E61000007430B4E600A403C0406E72D769984540,20230420_DACIA_EIBAR_DONOSTIA_053,,d2,19:34.5,05:18.0,DACIA_SPRING,Dacia Spring 33 kW,33000,139,23:40.0,8.1,13.0,300,WNW,10.667432718442194,4.857931104175425,261,59,,,,41.0,215.0,5.0,0,246,15,85,2
25:23.7,,,86,,98.5,,,,,,,53,-2.4539032000000005,43.19083,176.69197,3.265271946827578,25:23.8,6,-0.14,0101000020E610000065DE410D98A103C08A995C176D984540,20230420_DACIA_EIBAR_DONOSTIA_053,,d2,19:34.5,05:18.0,DACIA_SPRING,Dacia Spring 33 kW,33000,139,23:40.0,8.1,13.0,300,WNW,11.99736808791559,-7.349994586155498,261,59,,,,41.0,215.0,5.0,0,246,15,85,2
25:29.2,,,86,,98.5,,,,,,,53,-2.4529884,43.190712,172.21881000000002,3.340719139131388,25:28.9,6,0.359,0101000020E61000005C1C5466B89F03C0C68C173569984540,20230420_DACIA_EIBAR_DONOSTIA_053,,d2,19:34.5,05:18.0,DACIA_SPRING,Dacia Spring 33 kW,33000,139,23:40.0,8.1,13.0,300,WNW,12.879739885654647,-37.799416742137375,261,59,,,,41.0,215.0,5.0,0,246,15,85,2
25:34.8,,,86,,98.5,,,,,,,53,-2.4522948,43.190174,171.171,3.422827164341931,25:34.9,6,-0.09,0101000020E610000077EA18B44C9E03C0F86DB19757984540,20230420_DACIA_EIBAR_DONOSTIA_053,,d2,19:34.5,05:18.0,DACIA_SPRING,Dacia Spring 33 kW,33000,139,23:40.0,8.1,13.0,300,WNW,12.336623956513964,-11.617263209354276,261,59,,,,41.0,215.0,5.0,0,246,15,85,2
25:40.3,,,86,,98.5,,,,,,,53,-2.451643,43.19004,170.86252,3.4777305070266133,25:39.9,6,0.421,0101000020E6100000603F74F8F69C03C03546AA4E53984540,20230420_DACIA_EIBAR_DONOSTIA_053,,d2,19:34.5,05:18.0,DACIA_SPRING,Dacia Spring 33 kW,33000,139,23:40.0,8.1,13.0,300,WNW,9.202553292373558,14.936606033500816,261,59,,,,41.0,215.0,5.0,0,246,15,25,2
25:45.9,,,87,,98.5,,,,,,,53,-2.4508183,43.19026,169.66416999999998,3.548934405784598,25:45.9,6,-0.046,0101000020E61000001DD34891469B03C09733A5895A984540,20230420_DACIA_EIBAR_DONOSTIA_053,,d2,19:34.5,05:18.0,DACIA_SPRING,Dacia Spring 33 kW,33000,139,23:40.0,8.1,13.0,300,WNW,7.22706139966404,26.22535685971765,261,59,,,,41.0,215.0,5.0,0,246,15,85,2
25:51.4,,,87,,98.5,,,,,,,53,-2.4504123,43.19046,162.38638,3.5893189192998753,25:51.0,6,0.401,0101000020E610000005066AC3719A03C00080CAF560984540,20230420_DACIA_EIBAR_DONOSTIA_053,,d2,19:34.5,05:18.0,DACIA_SPRING,Dacia Spring 33 kW,33000,139,23:40.0,8.1,13.0,300,WNW,12.704510855843184,-17.760524916303652,261,59,,,,41.0,215.0,5.0,0,246,15,85,2
25:57.1,,,86,,98.5,,,,,,,53,-2.4498877999999995,43.190292,152.89798000000002,3.6367222053087978,25:57.0,6,0.042,0101000020E6100000117B1ECA5E9903C0918B31705B984540,20230420_DACIA_EIBAR_DONOSTIA_053,,d2,19:34.5,05:18.0,DACIA_SPRING,Dacia Spring 33 kW,33000,139,23:40.0,8.1,13.0,300,WNW,7.503098399617107,24.74886161956898,261,59,,,,41.0,215.0,5.0,0,246,15,8,2
26:02.5,,,87,,98.5,,,,,,,53,-2.4495559,43.190445,152.92816000000002,3.6685567489349094,26:02.1,6,0.401,0101000020E6100000A84A77CAB09803C0C9ABA88060984540,20230420_DACIA_EIBAR_DONOSTIA_053,,d2,19:34.5,05:18.0,DACIA_SPRING,Dacia Spring 33 kW,33000,139,28:19.8,8.1,13.0,300,WNW,3.305339524582163,45.270443342031534,261,59,,,,41.0,215.0,5.0,0,246,15,45,2
26:08.0,,,86,,98.5,,,,,,,53,-2.4494083,43.190594,153.04955,3.688994436654753,26:08.2,6,-0.14,0101000020E61000000325605A639803C00815895065984540,20230420_DACIA_EIBAR_DONOSTIA_053,,d2,19:34.5,05:18.0,DACIA_SPRING,Dacia Spring 33 kW,33000,139,28:19.8,8.1,13.0,300,WNW,-2.659350826597765,-131.8040619882969,261,59,,,,41.0,215.0,5.0,0,246,15,45,2
26:13.5,,,86,,98.5,,,,,,,53,-2.4495013,43.19049,153.89621,3.702825332790299,26:13.2,6,0.248,0101000020E6100000D4171F2C949803C00A9F92FA61984540,20230420_DACIA_EIBAR_DONOSTIA_053,,d2,19:34.5,05:18.0,DACIA_SPRING,Dacia Spring 33 kW,33000,139,28:19.8,8.1,13.0,300,WNW,7.080712336336803,26.99787224968505,261,59,,,,41.0,215.0,5.0,0,246,15,45,2
26:19.1,,,86,,98.5,,,,,,,53,-2.4494169,43.190533,152.93393999999998,3.7112280112874325,26:19.3,6,-0.19,0101000020E610000016E9AFEC679803C01C69025763984540,20230420_DACIA_EIBAR_DONOSTIA_053,,d2,19:34.5,05:18.0,DACIA_SPRING,Dacia Spring 33 kW,33000,139,28:19.8,8.1,13.0,300,WNW,11.258330249197698,0.0,261,59,,,,41.0,215.0,5.0,0,246,15,45,2
26:24.5,,,86,,98.5,,,,,,,53,-2.4492540000000003,43.190533,152.1722,3.724456295372703,26:24.4,6,0.142,0101000020E6100000B361EE7C129803C05482D66463984540,20230420_DACIA_EIBAR_DONOSTIA_053,,d2,19:34.5,05:18.0,DACIA_SPRING,Dacia Spring 33 kW,33000,139,28:19.8,8.1,13.0,300,WNW,5.2790628481631,36.04106658679888,261,59,,,,41.0,215.0,5.0,0,246,15,45,2
26:30.1,,,86,,98.5,,,,,,,53,-2.4487565,43.190895000000005,156.00064,3.781566891518847,26:30.4,6,-0.331,0101000020E610000068CFF8900D9703C0C41B44496F984540,20230420_DACIA_EIBAR_DONOSTIA_053,,d2,19:34.5,05:18.0,DACIA_SPRING,Dacia Spring 33 kW,33000,139,28:19.8,8.1,13.0,300,WNW,9.231088184025198,14.75827367573032,261,59,,,,41.0,215.0,5.0,0,246,15,45,2
26:35.6,,,86,,98.5,,,,,,,53,-2.4479897,43.191097,157.15993999999998,3.8476746733077114,26:35.5,6,0.152,0101000020E610000030F902977B9503C0BA6A6CDB75984540,20230420_DACIA_EIBAR_DONOSTIA_053,,d2,19:34.5,05:18.0,DACIA_SPRING,Dacia Spring 33 kW,33000,139,28:19.8,8.1,13.0,300,WNW,12.991890460501825,-27.976111280271606,261,59,,,,41.0,215.0,5.0,0,246,15,45,1
26:41.2,,,86,,98.5,,,,,,,53,-2.4472423,43.1907,158.25423999999998,3.922649694023025,26:41.5,6,-0.2189999999999999,0101000020E6100000DADEF9B8F39303C03552BCE968984540,20230420_DACIA_EIBAR_DONOSTIA_053,,d2,19:34.5,05:18.0,DACIA_SPRING,Dacia Spring 33 kW,33000,139,28:19.8,8.1,13.0,300,WNW,7.432741688870687,-85.12769569829817,261,59,,,,41.0,215.0,5.0,0,246,15,45,1
26:46.8,,,86,,98.5,,,,,,,53,-2.447188,43.190063,160.50276000000002,3.993653137043566,26:46.5,6,0.291,0101000020E610000074189F35D79303C0071228FB53984540,20230420_DACIA_EIBAR_DONOSTIA_053,,d2,19:34.5,05:18.0,DACIA_SPRING,Dacia Spring 33 kW,33000,139,28:19.8,8.1,13.0,300,WNW,8.081815362047807,-81.56121760333762,261,59,,,,41.0,215.0,5.0,0,246,15,45,1
26:52.5,,,86,,98.5,,,,,,,53,-2.4471202,43.189606,160.31517,4.044765974736171,26:52.5,6,-0.068,0101000020E610000053D06ECCB39303C0A298110D45984540,20230420_DACIA_EIBAR_DONOSTIA_053,,d2,19:34.5,05:18.0,DACIA_SPRING,Dacia Spring 33 kW,33000,139,28:19.8,8.1,13.0,300,WNW,-10.350044714144229,-172.76470123903528,261,59,,,,41.0,215.0,5.0,0,246,15,45,1
26:58.0,,,86,,98.5,,,,,,,53,-2.4475613,43.18955,159.88693,4.0810672117113365,26:57.6,6,0.433,0101000020E61000004FB0E1FB9A9403C0C878C51943984540,20230420_DACIA_EIBAR_DONOSTIA_053,,d2,19:34.5,05:18.0,DACIA_SPRING,Dacia Spring 33 kW,33000,139,28:19.8,8.1,13.0,300,WNW,-10.920519160359843,117.14433694200596,261,59,,,,41.0,215.0,5.0,0,246,15,45,2
27:03.4,,,86,,98.5,,,,,,,53,-2.447751,43.18992,160.55338999999998,4.12499486501379,27:03.6,6,-0.168,0101000020E6100000C7171C7BFE9403C0ACADBB384F984540,20230420_DACIA_EIBAR_DONOSTIA_053,,d2,19:34.5,05:18.0,DACIA_SPRING,Dacia Spring 33 kW,33000,139,28:19.8,8.1,13.0,300,WNW,8.318452318915392,20.21705736433976,261,59,,,,41.0,215.0,5.0,0,246,15,45,2
27:09.0,,,86,,98.5,,,,,,,53,-2.44673,43.190296,162.47308,4.217747823395519,27:08.7,6,0.373,0101000020E61000006EE9CA16E79203C0533FB5AA5B984540,20230420_DACIA_EIBAR_DONOSTIA_053,,d2,19:34.5,05:18.0,DACIA_SPRING,Dacia Spring 33 kW,33000,139,28:19.8,8.1,13.0,300,WNW,9.70476003197866,11.710177723073636,261,59,,,,41.0,215.0,5.0,0,246,15,45,1
27:14.5,,,86,,98.5,,,,,,,53,-2.4450366000000003,43.190647,161.1315,4.360478692103648,27:14.7,6,-0.238,0101000020E61000003A3C606D6F8F03C0FECB241967984540,20230420_DACIA_EIBAR_DONOSTIA_053,,d2,19:34.5,05:18.0,DACIA_SPRING,Dacia Spring 33 kW,33000,139,28:19.8,8.1,13.0,300,WNW,9.337299404672722,14.089501484321032,261,59,,,,41.0,215.0,5.0,0,246,15,80,1
27:20.1,,,86,,98.5,,,,,,,53,-2.44367,43.19099,160.50261,4.477651508724661,27:19.8,6,0.259,0101000020E6100000548C16D4A28C03C04C0D865472984540,20230420_DACIA_EIBAR_DONOSTIA_053,,d2,19:34.5,05:18.0,DACIA_SPRING,Dacia Spring 33 kW,33000,139,28:19.8,8.1,13.0,300,WNW,8.946961061231244,16.51001497033824,261,59,,,,41.0,215.0,5.0,0,246,15,80,1
27:25.5,,,86,,98.5,,,,,,,53,-2.4421517999999995,43.19144,163.93752,4.610557892624766,27:25.8,6,-0.299,0101000020E61000002B8383D3868903C01D3CCF2381984540,20230420_DACIA_EIBAR_DONOSTIA_053,,d2,19:34.5,05:18.0,DACIA_SPRING,Dacia Spring 33 kW,33000,139,28:19.8,8.1,13.0,300,WNW,7.916851516261538,22.48359354153284,261,59,,,,41.0,215.0,5.0,0,246,15,100,1
27:31.2,,,86,,98.5,,,,,,,53,-2.4410162,43.19191,165.4296,4.716429692492946,27:30.8,6,0.35,0101000020E61000009F83E68F338703C0859B248390984540,20230420_DACIA_EIBAR_DONOSTIA_053,,d2,19:34.5,05:18.0,DACIA_SPRING,Dacia Spring 33 kW,33000,139,28:19.8,8.1,13.0,300,WNW,7.881515591883708,22.679683414598163,261,59,,,,41.0,215.0,5.0,0,246,15,80,1
27:36.7,,,86,,98.5,,,,,,,53,-2.4395206000000003,43.192535,164.6512,4.8561823959341845,27:36.9,6,-0.171,0101000020E6100000D6C21256238403C01A1FE9FFA4984540,20230420_DACIA_EIBAR_DONOSTIA_053,,d2,19:34.5,05:18.0,DACIA_SPRING,Dacia Spring 33 kW,33000,139,28:19.8,8.1,13.0,300,WNW,6.374716972268437,30.635566951802524,261,59,,,,41.0,215.0,5.0,0,246,15,45,1
27:42.2,,,86,,98.5,,,,,,,53,-2.438418,43.193188,164.62646,4.971342534684156,27:41.9,6,0.3379999999999999,0101000020E6100000C7DBD13AE18103C0726F205DBA984540,20230420_DACIA_EIBAR_DONOSTIA_053,,d2,19:34.5,05:18.0,DACIA_SPRING,Dacia Spring 33 kW,33000,139,28:19.8,8.1,13.0,300,WNW,0.3040652873996622,58.6597502655183,261,59,,,,41.0,215.0,5.0,0,246,15,45,1
27:47.9,,,86,,98.5,,,,,,,53,-2.4377189,43.194336,164.83594,5.111009524363746,27:47.9,6,-0.069,0101000020E61000002B8388B2728003C035052DFCDF984540,20230420_DACIA_EIBAR_DONOSTIA_053,,d2,19:34.5,05:18.0,DACIA_SPRING,Dacia Spring 33 kW,33000,139,28:19.8,8.1,13.0,300,WNW,0.2073119698044909,59.086261198333474,261,59,,,,41.0,215.0,5.0,0,246,15,85,1
27:53.5,,,86,,98.5,,,,,,,53,-2.4371638,43.195263,164.20242,5.223483145290073,27:53.0,6,0.481,0101000020E61000004C5501CB4F7F03C00C632B59FE984540,20230420_DACIA_EIBAR_DONOSTIA_053,,d2,19:34.5,05:18.0,DACIA_SPRING,Dacia Spring 33 kW,33000,139,28:19.8,8.1,13.0,300,WNW,5.687778733039427,34.05415405663773,261,59,,,,41.0,215.0,5.0,0,246,15,45,1
27:59.0,,,86,,98.5,,,,,,,53,-2.4359994,43.19605,165.1951,5.352202092201523,27:59.0,6,-0.02,0101000020E61000009C76D939ED7C03C0FFA0CD2A18994540,20230420_DACIA_EIBAR_DONOSTIA_053,,d2,19:34.5,05:18.0,DACIA_SPRING,Dacia Spring 33 kW,33000,139,28:19.8,8.1,13.0,300,WNW,6.7962837536898,28.480342948613533,261,59,,,,41.0,215.0,5.0,0,246,15,45,1
28:04.4,,,86,,98.5,,,,,,,53,-2.434875,43.19666,165.37126,5.4658176660662265,28:04.1,6,0.284,0101000020E6100000876444BC9F7A03C09FC619142C994540,20230420_DACIA_EIBAR_DONOSTIA_053,,d2,19:34.5,05:18.0,DACIA_SPRING,Dacia Spring 33 kW,33000,139,28:19.8,8.1,13.0,300,WNW,3.901539887344716,42.53528218573748,261,59,,,,41.0,215.0,5.0,0,246,15,45,1
28:10.0,,,86,,98.5,,,,,,,53,-2.4337785,43.197666,164.13762,5.6086986699775245,28:10.1,6,-0.15,0101000020E610000096FC7ADA607803C033628E264D994540,20230420_DACIA_EIBAR_DONOSTIA_053,,d2,19:34.5,05:18.0,DACIA_SPRING,Dacia Spring 33 kW,33000,139,28:19.8,8.1,13.0,300,WNW,0.6100782633392089,57.31017285939145,261,59,,,,41.0,215.0,5.0,0,246,15,85,1
28:15.4,,,86,,98.5,,,,,,,53,-2.4328775,43.19907,161.22046,5.781080020717618,28:15.3,6,0.1689999999999999,0101000020E610000080B36788887603C0E06772167B994540,20230420_DACIA_EIBAR_DONOSTIA_053,,d2,19:34.5,05:18.0,DACIA_SPRING,Dacia Spring 33 kW,33000,139,28:19.8,8.1,13.0,300,WNW,2.3978106299391637,49.37110865105705,261,59,,,,41.0,215.0,5.0,0,246,15,45,1
28:21.0,,,86,,98.5,,,,,,,53,-2.4317484,43.200386,159.07764,5.953689921614673,28:21.3,6,-0.283,0101000020E6100000A31B2E77387403C0DEC6C136A6994540,20230420_DACIA_EIBAR_DONOSTIA_053,,d2,19:34.5,05:18.0,DACIA_SPRING,Dacia Spring 33 kW,33000,139,28:19.8,8.1,13.0,300,WNW,8.309674371875925,20.2673824240469,261,59,,,,41.0,215.0,5.0,0,246,15,90,1
28:26.4,,,86,,98.5,,,,,,,53,-2.4302752,43.20093,156.06226,6.08758372781567,28:26.3,6,0.09,0101000020E610000057FB4329347103C07644C117B8994540,20230420_DACIA_EIBAR_DONOSTIA_053,,d2,19:34.5,05:18.0,DACIA_SPRING,Dacia Spring 33 kW,33000,139,28:19.8,8.1,13.0,300,WNW,7.320612264338066,25.72787891115565,261,59,,,,41.0,215.0,5.0,0,246,15,90,1
28:31.9,,,86,,98.5,,,,,,,53,-2.4286897,43.201694,151.83903999999998,6.241696362361075,28:32.3,6,-0.461,0101000020E6100000C23177D5F46D03C0E7EDF217D1994540,20230420_DACIA_EIBAR_DONOSTIA_053,,d2,19:34.5,05:18.0,DACIA_SPRING,Dacia Spring 33 kW,33000,139,28:40.0,8.1,13.0,300,WNW,4.565150740056065,39.4413847009788,261,59,,,,41.0,215.0,5.0,0,246,15,8,2
28:37.4,,,86,,98.5,,,,,,,53,-2.4276552,43.202545,151.44368,6.368129842485816,28:37.4,6,0.038,0101000020E6100000C5B5AE73D66B03C0A6A3E6F3EC994540,20230420_DACIA_EIBAR_DONOSTIA_053,,d2,19:34.5,05:18.0,DACIA_SPRING,Dacia Spring 33 kW,33000,139,28:40.0,8.1,13.0,300,WNW,7.865285123997775,22.76957985409333,261,59,,,,41.0,215.0,5.0,0,246,15,8,2
28:43.0,,,86,,98.5,,,,,,,53,-2.4259994,43.20324,148.42958000000002,6.5230277677382,28:43.4,6,-0.472,0101000020E610000053E49658726803C07D2C8ECF039A4540,20230420_DACIA_EIBAR_DONOSTIA_053,,d2,19:34.5,05:18.0,DACIA_SPRING,Dacia Spring 33 kW,33000,139,28:40.0,8.1,13.0,300,WNW,9.541197398765329,12.782423436155936,261,59,,,,41.0,215.0,5.0,0,246,15,8,2
28:48.9,,,86,,98.5,,,,,,,53,-2.4243553,43.203613,144.58395,6.6626453674263395,28:48.8,6,0.139,0101000020E610000024D3606E146503C0A2BF3202109A4540,20230420_DACIA_EIBAR_DONOSTIA_053,,d2,19:34.5,05:18.0,DACIA_SPRING,Dacia Spring 33 kW,33000,139,28:40.0,8.1,13.0,300,WNW,7.255099517189145,26.076563202034887,261,59,,,,41.0,215.0,5.0,0,246,15,8,2
28:54.4,,,86,,98.5,,,,,,,53,-2.422645,43.20445,142.24901,6.829630482701415,28:54.5,6,-0.118,0101000020E610000006773CC5936103C0EFA499522B9A4540,20230420_DACIA_EIBAR_DONOSTIA_053,,d2,19:34.5,05:18.0,DACIA_SPRING,Dacia Spring 33 kW,33000,139,28:40.0,8.1,13.0,300,WNW,5.14059775957468,36.70716800989064,261,59,,,,41.0,215.0,5.0,0,246,15,25,2
28:59.9,,,86,,98.5,,,,,,,53,-2.421403,43.205376,138.81784,6.973670081434459,28:59.6,6,0.389,0101000020E61000002B9F038D085F03C01B6B81C3499A4540,20230420_DACIA_EIBAR_DONOSTIA_053,,d2,19:34.5,05:18.0,DACIA_SPRING,Dacia Spring 33 kW,33000,139,28:40.0,8.1,13.0,300,WNW,3.4476301089337795,44.6210252053848,261,59,,,,41.0,215.0,5.0,0,246,15,8,2
29:05.4,,,85,,98.5,,,,,,,53,-2.4201627,43.2066,138.89523,7.142872255310343,29:05.6,6,-0.198,0101000020E61000009E1B363E7E5C03C0CCDBBCE0719A4540,20230420_DACIA_EIBAR_DONOSTIA_053,,d2,19:34.5,05:18.0,DACIA_SPRING,Dacia Spring 33 kW,33000,139,28:40.0,8.1,13.0,300,WNW,6.3104589195945575,30.960012117594385,261,59,,,,41.0,215.0,5.0,0,246,15,8,2
29:10.9,,,85,,98.5,,,,,,,53,-2.4188125,43.20741,138.17408999999998,7.284604331098218,29:10.7,6,0.27,0101000020E6100000E94DAE54BA5903C0FE0AD4628C9A4540,20230420_DACIA_EIBAR_DONOSTIA_053,,d2,19:34.5,05:18.0,DACIA_SPRING,Dacia Spring 33 kW,33000,139,28:40.0,8.1,13.0,300,WNW,8.260850178099933,20.54663086218993,261,59,,,,41.0,215.0,5.0,0,246,15,8,3
29:16.4,,,85,,98.5,,,,,,,53,-2.417145,43.208035,136.47191,7.436582199808922,29:16.7,6,-0.238,0101000020E610000013F27416505603C09C8521E7A09A4540,20230420_DACIA_EIBAR_DONOSTIA_053,,d2,19:34.5,05:18.0,DACIA_SPRING,Dacia Spring 33 kW,33000,139,28:40.0,8.1,13.0,300,WNW,3.7658322574390137,43.16123659035145,261,59,,,,41.0,215.0,5.0,0,246,15,8,3
29:22.0,,,85,,98.5,,,,,,,53,-2.4162834,43.208843,134.5971,7.550388610056683,29:21.7,6,0.32,0101000020E6100000558542588C5403C09E13875BBB9A4540,20230420_DACIA_EIBAR_DONOSTIA_053,,d2,19:34.5,05:18.0,DACIA_SPRING,Dacia Spring 33 kW,33000,139,28:40.0,8.1,13.0,300,WNW,-6.641187144071877,90.7211675298932,261,59,,,,41.0,215.0,5.0,0,246,15,8,3
29:27.5,,,85,,98.5,,,,,,,53,-2.4162996,43.21013,133.43756000000002,7.693507200537204,29:27.8,6,-0.341,0101000020E61000009A706CEA945403C0B9C3BB76E59A4540,20230420_DACIA_EIBAR_DONOSTIA_053,,d2,19:34.5,05:18.0,DACIA_SPRING,Dacia Spring 33 kW,33000,139,28:40.0,8.1,13.0,300,WNW,-5.6488240413143735,85.75506805285035,261,59,,,,41.0,215.0,5.0,0,246,15,25,3
29:33.0,,,85,,98.5,,,,,,,53,-2.4162207,43.211193,132.60942,7.81188313638192,29:32.8,6,0.159,0101000020E6100000F2502E7F6B5403C01C4E2569089B4540,20230420_DACIA_EIBAR_DONOSTIA_053,,d2,19:34.5,05:18.0,DACIA_SPRING,Dacia Spring 33 kW,33000,139,28:40.0,8.1,13.0,300,WNW,1.899176224554098,51.59956850295663,261,59,,,,41.0,215.0,5.0,0,246,15,8,3
29:38.4,,,85,,98.5,,,,,,,53,-2.4153314,43.212315,131.7935,7.955966716555614,29:38.8,6,-0.401,0101000020E610000038E58C49995203C061F3C1122D9B4540,20230420_DACIA_EIBAR_DONOSTIA_053,,d2,19:34.5,05:18.0,DACIA_SPRING,Dacia Spring 33 kW,33000,139,28:40.0,8.1,13.0,300,WNW,9.252878715521216,14.621713278048132,261,59,,,,41.0,215.0,5.0,0,246,15,8,3
29:43.9,,,85,,98.5,,,,,,,53,-2.413664,43.21275,131.0775,8.099492479554186,29:43.9,6,0.06,0101000020E6100000CA2F3B182F4F03C032FDB8573B9B4540,20230420_DACIA_EIBAR_DONOSTIA_053,,d2,19:34.5,05:18.0,DACIA_SPRING,Dacia Spring 33 kW,33000,139,28:40.0,8.1,13.0,300,WNW,10.04028931375814,9.436420400471226,261,59,,,,41.0,215.0,5.0,0,246,15,40,3
29:49.4,,,84,,98.5,,,,,,,53,-2.4117627,43.213066,130.30617,8.257532283746759,29:49.9,6,-0.489,0101000020E61000009E1BF1484A4B03C0F2F345C5459B4540,20230420_DACIA_EIBAR_DONOSTIA_053,,d2,19:34.5,05:18.0,DACIA_SPRING,Dacia Spring 33 kW,33000,139,28:40.0,8.1,13.0,300,WNW,7.941306872395205,22.34758116390611,261,59,,,,41.0,215.0,5.0,0,246,15,90,3
29:55.1,,,84,,98.5,,,,,,,53,-2.4102132000000003,43.213703,128.96246000000002,8.401709224141296,29:55.0,6,0.087,0101000020E6100000C8453FD21D4803C08A4F51945A9B4540,20230420_DACIA_EIBAR_DONOSTIA_053,,d2,19:34.5,05:18.0,DACIA_SPRING,Dacia Spring 33 kW,33000,139,28:40.0,8.1,13.0,300,WNW,4.907967079802472,37.81886427890231,261,59,,,,41.0,215.0,5.0,0,246,15,100,4
30:00.6,,,84,,98.5,,,,,,,53,-2.4087136,43.214867,128.52075,8.579250788044511,30:01.0,6,-0.4589999999999999,0101000020E61000001E5200AE0B4503C0C6923DB6809B4540,20230420_DACIA_EIBAR_DONOSTIA_053,,d2,19:34.5,05:18.0,DACIA_SPRING,Dacia Spring 33 kW,33000,139,28:40.0,8.1,13.0,300,WNW,0.2119676212469984,59.06573936209455,262,59,,,,41.0,216.0,5.0,0,246,16,25,4
30:06.1,,,84,,98.5,,,,,,,53,-2.4080286,43.21601,125.77218,8.717967417562033,30:06.0,6,0.032,0101000020E610000009950171A44303C08B2D9A39A69B4540,20230420_DACIA_EIBAR_DONOSTIA_053,,d2,19:34.5,05:18.0,DACIA_SPRING,Dacia Spring 33 kW,33000,139,28:40.0,8.1,13.0,300,WNW,0.3286746471929749,58.55125562028434,262,59,,,,41.0,216.0,5.0,0,246,16,8,4
30:11.6,,,84,,98.5,,,,,,,53,-2.4073045,43.217194,123.22431,8.862129013092169,30:11.1,6,0.481,0101000020E610000036BE10D0284203C03CEDE500CD9B4540,20230420_DACIA_EIBAR_DONOSTIA_053,,d2,19:34.5,05:18.0,DACIA_SPRING,Dacia Spring 33 kW,33000,139,28:40.0,8.1,13.0,300,WNW,5.471625485393329,35.10894074843576,262,59,,,,41.0,216.0,5.0,0,246,16,8,4
30:17.2,,,84,,98.5,,,,,,,53,-2.405646,43.21836,120.67242,9.048886794770162,30:17.1,6,0.018,0101000020E6100000302F8765C33E03C0E1697B45F39B4540,20230420_DACIA_EIBAR_DONOSTIA_053,,d2,19:34.5,05:18.0,DACIA_SPRING,Dacia Spring 33 kW,33000,139,28:40.0,8.1,13.0,300,WNW,6.679845047682052,29.080434615689143,262,59,,,,41.0,216.0,5.0,0,246,16,90,4
30:22.7,,,84,,98.5,,,,,,,53,-2.404328,43.219093,119.34982,9.183242446481044,30:22.3,6,0.4479999999999999,0101000020E610000081696967103C03C07BA842320B9C4540,20230420_DACIA_EIBAR_DONOSTIA_053,,d2,19:34.5,05:18.0,DACIA_SPRING,Dacia Spring 33 kW,33000,139,28:40.0,8.1,13.0,300,WNW,4.375367048934328,40.33216388494102,262,59,,,,41.0,216.0,5.0,0,246,16,8,4
30:28.2,,,84,,98.5,,,,,,,53,-2.403043,43.220184,117.00908,9.343131796756479,30:28.3,6,-0.038,0101000020E61000008A7D44A06E3903C0731EF3032F9C4540,20230420_DACIA_EIBAR_DONOSTIA_053,,d2,19:34.5,05:18.0,DACIA_SPRING,Dacia Spring 33 kW,33000,139,28:40.0,8.1,13.0,300,WNW,-0.1033147793137697,60.455351009986494,262,59,,,,41.0,216.0,5.0,0,246,16,8,4
30:33.8,,,84,,98.5,,,,,,,53,-2.4023447,43.221416,116.01802,9.491352892834463,30:33.4,6,0.386,0101000020E610000080DDF07D003803C04AB98860579C4540,20230420_DACIA_EIBAR_DONOSTIA_053,,d2,19:34.5,05:18.0,DACIA_SPRING,Dacia Spring 33 kW,33000,139,28:40.0,8.1,13.0,300,WNW,-7.625342546012731,95.91361384193064,6,25,,,,6.0,0.0,0.0,0,5,1,90,4
30:39.4,,,84,,98.5,,,,,,,53,-2.4025154,43.223064,114.70438,9.675128079951097,30:39.4,6,0.011,0101000020E6100000941B6AF3593803C0055255668D9C4540,20230420_DACIA_EIBAR_DONOSTIA_053,,d2,19:34.5,05:18.0,DACIA_SPRING,Dacia Spring 33 kW,33000,139,28:40.0,8.1,13.0,300,WNW,-8.954551459053874,103.53611418589898,387,99,38.0,129.0,212.0,,,,8,287,100,25,4
30:44.9,,,84,,98.5,,,,,,,53,-2.40289,43.22462,113.58347,9.850793100953002,30:45.4,6,-0.48,0101000020E6100000D31DCC6A1E3903C09713216CC09C4540,20230420_DACIA_EIBAR_DONOSTIA_053,,d2,19:34.5,05:18.0,DACIA_SPRING,Dacia Spring 33 kW,33000,139,28:40.0,8.1,13.0,300,WNW,-7.663964956406311,96.124071657647,387,99,38.0,129.0,212.0,,,,8,287,100,8,4
30:50.6,,,84,,98.5,,,,,,,53,-2.4030268,43.225895,112.73755,9.993001774596497,30:50.5,6,0.08,0101000020E61000008F1D692F663903C0F0516229EA9C4540,20230420_DACIA_EIBAR_DONOSTIA_053,,d2,19:34.5,05:18.0,DACIA_SPRING,Dacia Spring 33 kW,33000,139,28:40.0,8.1,13.0,300,WNW,-5.66145288687976,85.8168832524248,387,99,38.0,129.0,212.0,,,,8,287,100,8,4
30:56.2,,,84,,98.5,,,,,,,53,-2.4029138,43.22744,113.52618,10.165043532285683,30:56.5,6,-0.29,0101000020E6100000667909D52A3903C069A20FB51C9D4540,20230420_DACIA_EIBAR_DONOSTIA_053,,d2,19:34.5,05:18.0,DACIA_SPRING,Dacia Spring 33 kW,33000,139,28:40.0,8.1,13.0,300,WNW,-6.56068879126265,90.3093404048084,387,99,38.0,129.0,212.0,,,,8,287,100,25,4
31:01.7,,,84,,98.5,,,,,,,53,-2.4029207,43.228718,110.10533,10.307192915787283,31:01.5,6,0.19,0101000020E6100000E172A1792E3903C03FD3529C469D4540,20230420_DACIA_EIBAR_DONOSTIA_053,,d2,19:34.5,05:18.0,DACIA_SPRING,Dacia Spring 33 kW,33000,139,33:19.9,9.4,15.1,280,W,-6.368276655678874,104.9445009044906,387,99,38.0,129.0,212.0,,,,8,287,100,90,4
31:07.1,,,84,,98.5,,,,,,,53,-2.4033208,43.230217,106.85999,10.47702788447364,31:07.5,6,-0.402,0101000020E6100000630A683C003A03C07F23D0CB779D4540,20230420_DACIA_EIBAR_DONOSTIA_053,,d2,19:34.5,05:18.0,DACIA_SPRING,Dacia Spring 33 kW,33000,139,33:19.9,9.4,15.1,280,W,-9.362652083842306,118.31928809295704,387,99,38.0,129.0,212.0,,,,8,287,100,90,4
31:12.8,,,84,,98.5,,,,,,,53,-2.4039168,43.231323,105.79599,10.609153347192066,31:12.6,6,0.188,0101000020E6100000EDDA80CE383B03C0D2F4ABF59B9D4540,20230420_DACIA_EIBAR_DONOSTIA_053,,d2,19:34.5,05:18.0,DACIA_SPRING,Dacia Spring 33 kW,33000,139,33:19.9,9.4,15.1,280,W,-9.663059284074256,119.78717417199098,387,99,38.0,129.0,212.0,,,,8,287,100,45,4
31:18.3,,,84,,98.5,,,,,,,53,-2.404618,43.232548,104.79848,10.756741696848131,31:18.6,6,-0.311,0101000020E61000003C3B7E50A83C03C067FD3D23C49D4540,20230420_DACIA_EIBAR_DONOSTIA_053,,d2,19:34.5,05:18.0,DACIA_SPRING,Dacia Spring 33 kW,33000,139,33:19.9,9.4,15.1,280,W,-2.0848568567703207,87.93618027152407,387,99,38.0,129.0,212.0,,,,8,287,100,45,3
31:23.9,,,84,,98.5,,,,,,,53,-2.404578,43.233658,103.32074,10.880219441021772,31:23.7,6,0.188,0101000020E61000004658DB53933C03C040128871E89D4540,20230420_DACIA_EIBAR_DONOSTIA_053,,d2,19:34.5,05:18.0,DACIA_SPRING,Dacia Spring 33 kW,33000,139,33:19.9,9.4,15.1,280,W,5.466735100800038,58.77474808500745,387,99,38.0,129.0,212.0,,,,8,287,100,120,3
31:29.3,,,84,,98.5,,,,,,,53,-2.4038475,43.234863,101.76314,11.026704622987907,31:29.7,6,-0.451,0101000020E6100000B3677F5A143B03C0CC1FDAF10F9E4540,20230420_DACIA_EIBAR_DONOSTIA_053,,d2,19:34.5,05:18.0,DACIA_SPRING,Dacia Spring 33 kW,33000,139,33:19.9,9.4,15.1,280,W,9.951812248095866,38.77174608248488,387,99,38.0,129.0,212.0,,,,8,287,100,45,3
31:34.9,,,84,,98.5,,,,,,,53,-2.402788,43.235714,100.1132,11.154469660152884,31:34.8,6,0.1009999999999999,0101000020E610000042E384DAE83803C05C0FF4E92B9E4540,20230420_DACIA_EIBAR_DONOSTIA_053,,d2,19:34.5,05:18.0,DACIA_SPRING,Dacia Spring 33 kW,33000,139,33:19.9,9.4,15.1,280,W,11.2186295912105,32.016200127230775,387,99,38.0,129.0,212.0,,,,8,287,100,25,3
31:40.4,,,83,,98.5,,,,,,,53,-2.4013598,43.236607,99.427605,11.306937264778632,31:40.8,6,-0.3289999999999999,0101000020E61000008FBBA711FC3503C0BF82A928499E4540,20230420_DACIA_EIBAR_DONOSTIA_053,,d2,19:34.5,05:18.0,DACIA_SPRING,Dacia Spring 33 kW,33000,139,33:19.9,9.4,15.1,280,W,11.44429893143935,30.720533398392003,387,99,38.0,129.0,212.0,,,,8,287,100,25,3
31:47.0,,,83,,98.5,,,,,,,53,-2.3998907000000003,43.23748,97.18951,11.46053235155797,31:47.0,6,0.003,0101000020E61000005BD05AE5F93203C05F2682BC659E4540,20230420_DACIA_EIBAR_DONOSTIA_053,,d2,19:34.5,05:18.0,DACIA_SPRING,Dacia Spring 33 kW,33000,139,33:19.9,9.4,15.1,280,W,7.452103854239652,50.42800531620385,387,99,38.0,129.0,212.0,,,,8,287,100,25,3
31:52.5,,,83,,98.5,,,,,,,53,-2.3988783,43.238705,95.87468,11.619534886576638,31:52.9,6,-0.349,0101000020E6100000FB18B129E73003C05A144CE58D9E4540,20230420_DACIA_EIBAR_DONOSTIA_053,,d2,19:34.5,05:18.0,DACIA_SPRING,Dacia Spring 33 kW,33000,139,33:19.9,9.4,15.1,280,W,-2.3733128915914423,89.0428472114367,387,99,38.0,129.0,212.0,,,,8,287,100,40,3
31:58.0,,,83,,98.5,,,,,,,53,-2.3988576,43.239944,94.784164,11.75731992015532,31:57.9,6,0.139,0101000020E6100000B0E9C03ADC3003C078C42C77B69E4540,20230420_DACIA_EIBAR_DONOSTIA_053,,d2,19:34.5,05:18.0,DACIA_SPRING,Dacia Spring 33 kW,33000,139,33:19.9,9.4,15.1,280,W,-7.293314669118559,108.88158431624112,387,99,38.0,129.0,212.0,,,,8,287,100,25,2
32:03.7,,,83,,98.5,,,,,,,53,-2.3992882,43.241203000000006,91.8519,11.901623978769699,32:03.9,6,-0.248,0101000020E6100000758F4D0FBE3103C0ED29A4C0DF9E4540,20230420_DACIA_EIBAR_DONOSTIA_053,,d2,19:34.5,05:18.0,DACIA_SPRING,Dacia Spring 33 kW,33000,139,33:19.9,9.4,15.1,280,W,-0.7680574379718264,82.91559254834763,387,99,38.0,129.0,212.0,,,,8,287,100,85,2
32:09.1,,,83,,98.5,,,,,,,53,-2.3991587000000005,43.242245,90.32877,12.017972936420195,32:09.0,6,0.138,0101000020E61000005DE486177A3103C0083454E1019F4540,20230420_DACIA_EIBAR_DONOSTIA_053,,d2,19:34.5,05:18.0,DACIA_SPRING,Dacia Spring 33 kW,33000,139,33:19.9,9.4,15.1,280,W,9.533632013764665,40.84899791498423,387,99,38.0,129.0,212.0,,,,8,287,100,85,2
32:14.6,,,83,,98.5,,,,,,,53,-2.397853,43.243374,89.12625,12.18212908172312,32:15.2,6,-0.583,0101000020E6100000DBD26773CD2E03C028D03CD2269F4540,20230420_DACIA_EIBAR_DONOSTIA_053,,d2,19:34.5,05:18.0,DACIA_SPRING,Dacia Spring 33 kW,33000,139,33:19.9,9.4,15.1,280,W,11.07079035598317,32.84761879693455,387,99,38.0,129.0,212.0,,,,8,287,100,85,2
32:20.1,,,82,,98.5,,,,,,,53,-2.3965535,43.244213,90.94261,12.322792504591392,32:20.0,6,0.083,0101000020E610000058E7894E242C03C0123ACE55429F4540,20230420_DACIA_EIBAR_DONOSTIA_053,,d2,19:34.5,05:18.0,DACIA_SPRING,Dacia Spring 33 kW,33000,139,33:19.9,9.4,15.1,280,W,8.853397139306654,44.10386649220924,387,99,38.0,129.0,212.0,,,,8,287,100,8,2
32:25.6,,,82,,98.5,,,,,,,53,-2.3951802000000004,43.245544,91.30114,12.50793400887641,32:26.1,6,-0.49,0101000020E61000003C8C154D542903C08A039CF46D9F4540,20230420_DACIA_EIBAR_DONOSTIA_053,,d2,19:34.5,05:18.0,DACIA_SPRING,Dacia Spring 33 kW,33000,139,33:19.9,9.4,15.1,280,W,5.102913962271493,60.24850218021624,387,99,38.0,129.0,212.0,,,,8,287,100,25,2
32:31.2,,,82,,98.5,,,,,,,53,-2.3943274,43.247036,88.63417,12.68766159587495,32:31.2,6,-0.077,0101000020E610000032750526952703C0634EEED89E9F4540,20230420_DACIA_EIBAR_DONOSTIA_053,,d2,19:34.5,05:18.0,DACIA_SPRING,Dacia Spring 33 kW,33000,139,33:19.9,9.4,15.1,280,W,2.4810632365232514,70.54291500977841,387,99,38.0,129.0,212.0,,,,8,287,100,85,2
32:36.8,,,82,,98.5,,,,,,,53,-2.3939176,43.248196,87.04328000000001,12.82085927898355,32:36.3,6,0.472,0101000020E61000003DD93A38BE2603C0B706A7E7C49F4540,20230420_DACIA_EIBAR_DONOSTIA_053,,d2,19:34.5,05:18.0,DACIA_SPRING,Dacia Spring 33 kW,33000,139,33:19.9,9.4,15.1,280,W,2.6921938930959257,69.72976960827485,387,99,38.0,129.0,212.0,,,,8,287,100,40,1
32:42.3,,,82,,98.5,,,,,,,53,-2.393412,43.249565,85.74528000000001,12.9785021931692,32:42.3,6,0.053,0101000020E6100000F8B8793FB52503C0693F4ECFF19F4540,20230420_DACIA_EIBAR_DONOSTIA_053,,d2,19:34.5,05:18.0,DACIA_SPRING,Dacia Spring 33 kW,33000,139,33:19.9,9.4,15.1,280,W,8.3275061033208,46.53067432909919,387,99,38.0,129.0,212.0,,,,8,287,100,25,1
32:47.9,,,82,,98.5,,,,,,,53,-2.3923266,43.25071,84.51361,13.133225124294366,32:48.4,6,-0.49,0101000020E61000009C345B107C2303C0EAE24A4C17A04540,20230420_DACIA_EIBAR_DONOSTIA_053,,d2,19:34.5,05:18.0,DACIA_SPRING,Dacia Spring 33 kW,33000,139,33:19.9,9.4,15.1,280,W,11.50360189191071,30.37438889093913,387,99,38.0,129.0,212.0,,,,8,287,100,25,1
32:53.5,,,82,,98.5,,,,,,,53,-2.3913643,43.251274,85.23546,13.23326341898458,32:53.4,6,0.083,0101000020E6100000A5F7A79A832103C04B2A17B429A04540,20230420_DACIA_EIBAR_DONOSTIA_053,,d2,19:34.5,05:18.0,DACIA_SPRING,Dacia Spring 33 kW,33000,139,33:19.9,9.4,15.1,280,W,9.71979201613514,39.932110889413046,387,99,38.0,129.0,212.0,,,,8,287,100,85,1
32:59.0,,,82,,98.5,,,,,,,53,-2.3898973,43.252502,87.31307,13.414275568976999,32:59.4,6,-0.45,0101000020E61000009C9A5189821E03C0D6AE640152A04540,20230420_DACIA_EIBAR_DONOSTIA_053,,d2,19:34.5,05:18.0,DACIA_SPRING,Dacia Spring 33 kW,33000,139,33:19.9,9.4,15.1,280,W,-2.171237540458196,88.26724979525011,387,99,38.0,129.0,212.0,,,,8,287,100,25,1
33:04.6,,,82,,98.5,,,,,,,53,-2.38986,43.253735,85.437294,13.55142501647556,33:04.5,6,0.118,0101000020E61000001F7385ED6E1E03C00A107B647AA04540,20230420_DACIA_EIBAR_DONOSTIA_053,,d2,19:34.5,05:18.0,DACIA_SPRING,Dacia Spring 33 kW,33000,139,33:19.9,9.4,15.1,280,W,-3.976497736346413,95.26858932432955,387,99,38.0,129.0,212.0,,,,8,287,100,25,1
33:10.1,,,82,,98.5,,,,,,,53,-2.3899891,43.255135,83.73964000000001,13.707457846759597,33:10.5,6,-0.461,0101000020E610000008576699B21E03C0BBC4FC46A8A04540,20230420_DACIA_EIBAR_DONOSTIA_053,,d2,19:34.5,05:18.0,DACIA_SPRING,Dacia Spring 33 kW,33000,139,33:19.9,9.4,15.1,280,W,5.859475509059255,57.16710826463901,387,99,38.0,129.0,212.0,,,,8,287,100,25,1
33:15.8,,,82,,98.5,,,,,,,53,-2.389389,43.256065,84.00168599999999,13.821719646917456,33:15.6,6,0.179,0101000020E61000000D452C0D781D03C0609FCAB8C6A04540,20230420_DACIA_EIBAR_DONOSTIA_053,,d2,19:34.5,05:18.0,DACIA_SPRING,Dacia Spring 33 kW,33000,139,33:19.9,9.4,15.1,280,W,12.630376197475773,23.23300482068017,387,99,38.0,129.0,212.0,,,,8,287,100,25,1
33:21.4,,,82,,98.5,,,,,,,53,-2.3876815,43.256798,88.08474,13.982283119919096,33:21.6,6,-0.1689999999999999,0101000020E61000003093DFCBF81903C09E28A9C0DEA04540,20230420_DACIA_EIBAR_DONOSTIA_053,,d2,19:34.5,05:18.0,DACIA_SPRING,Dacia Spring 33 kW,33000,139,33:19.9,9.4,15.1,280,W,14.208470546712906,9.786879421369646,387,99,38.0,129.0,212.0,,,,8,287,100,85,1
33:27.0,,,82,,98.5,,,,,,,53,-2.38618,43.257057,89.4042,14.107248502486494,33:26.6,6,0.41,0101000020E61000003589D27DE51603C0B2602341E7A04540,20230420_DACIA_EIBAR_DONOSTIA_053,,d2,19:34.5,05:18.0,DACIA_SPRING,Dacia Spring 33 kW,33000,139,33:19.9,9.4,15.1,280,W,13.21285037042819,18.952278145708675,387,99,38.0,129.0,212.0,,,,8,287,100,85,1
33:32.6,,,82,,98.5,,,,,,,53,-2.38459,43.257603,89.19613000000001,14.249604722490854,33:32.7,6,-0.099,0101000020E61000009301F5D7A31303C0CF692D2CF9A04540,20230420_DACIA_EIBAR_DONOSTIA_053,,d2,19:34.5,05:18.0,DACIA_SPRING,Dacia Spring 33 kW,33000,139,33:40.1,9.4,15.1,280,W,11.313625906257862,31.47482898990628,387,99,38.0,129.0,212.0,,,,8,287,100,8,1
33:38.1,,,82,,98.5,,,,,,,53,-2.3833208,43.25838,88.39647,14.38387743610116,33:37.8,6,0.361,0101000020E6100000C04FFE720A1103C0C57E2DAF12A14540,20230420_DACIA_EIBAR_DONOSTIA_053,,d2,19:34.5,05:18.0,DACIA_SPRING,Dacia Spring 33 kW,33000,139,33:40.1,9.4,15.1,280,W,11.691154254943314,29.263039988721943,387,99,38.0,129.0,212.0,,,,8,287,100,120,1
33:43.8,,,82,,98.5,,,,,,,53,-2.3817253,43.259274,86.70425,14.54690563713113,33:43.8,6,-0.052,0101000020E610000046C927F5C50D03C0D703D2EA2FA14540,20230420_DACIA_EIBAR_DONOSTIA_053,,d2,19:34.5,05:18.0,DACIA_SPRING,Dacia Spring 33 kW,33000,139,33:40.1,9.4,15.1,280,W,12.991936506667091,20.639245988199,387,99,38.0,129.0,212.0,,,,8,287,100,120,1
33:49.4,,,82,,98.5,,,,,,,53,-2.3799226000000004,43.259953,84.73,14.711266302532714,33:49.8,6,-0.409,0101000020E61000004A5D90D9140A03C0D1A56D2B46A14540,20230420_DACIA_EIBAR_DONOSTIA_053,,d2,19:34.5,05:18.0,DACIA_SPRING,Dacia Spring 33 kW,33000,139,33:40.1,9.4,15.1,280,W,12.15008615135848,26.4243559814939,387,99,38.0,129.0,212.0,,,,8,287,100,120,1
33:54.9,,,82,,98.5,,,,,,,53,-2.37852,43.26065,84.093414,14.84877006275731,33:54.8,6,0.1119999999999999,0101000020E61000005381C57E350703C0D1D11E0A5DA14540,20230420_DACIA_EIBAR_DONOSTIA_053,,d2,19:34.5,05:18.0,DACIA_SPRING,Dacia Spring 33 kW,33000,139,33:40.1,9.4,15.1,280,W,10.174755558791055,37.63703892058005,387,99,38.0,129.0,212.0,,,,8,287,100,120,1
34:00.4,,,82,,98.5,,,,,,,53,-2.377065,43.261772,83.91953000000001,15.02037111296572,34:00.9,6,-0.497,0101000020E61000000A27BBA33A0403C0F60C57B281A14540,20230420_DACIA_EIBAR_DONOSTIA_053,,d2,19:34.5,05:18.0,DACIA_SPRING,Dacia Spring 33 kW,33000,139,33:40.1,9.4,15.1,280,W,8.828347743032662,44.221111187536096,387,99,38.0,129.0,212.0,,,,8,287,100,120,2
34:05.9,,,82,,98.5,,,,,,,53,-2.3760734,43.262737,83.10075,15.154392979415446,34:05.9,6,0.039,0101000020E610000061ADA5B8320203C05C06496EA1A14540,20230420_DACIA_EIBAR_DONOSTIA_053,,d2,19:34.5,05:18.0,DACIA_SPRING,Dacia Spring 33 kW,33000,139,33:40.1,9.4,15.1,280,W,11.977467656590566,27.513509752945005,387,99,38.0,129.0,212.0,,,,8,287,100,120,2
34:11.3,,,82,,98.5,,,,,,,53,-2.3748274,43.263386,83.6924,15.278440051218622,34:10.9,6,0.402,0101000020E61000006A6BD375A5FF02C0776B40AAB6A14540,20230420_DACIA_EIBAR_DONOSTIA_053,,d2,19:34.5,05:18.0,DACIA_SPRING,Dacia Spring 33 kW,33000,139,33:40.1,9.4,15.1,280,W,12.677242170194384,22.907109195275577,387,99,38.0,129.0,212.0,,,,8,287,100,120,2
34:16.8,,,82,,98.5,,,,,,,53,-2.3732939,43.264034,85.30885,15.422012740095308,34:17.0,6,-0.138,0101000020E6100000DDB2F08E81FC02C0276FD4D9CBA14540,20230420_DACIA_EIBAR_DONOSTIA_053,,d2,19:34.5,05:18.0,DACIA_SPRING,Dacia Spring 33 kW,33000,139,33:40.1,9.4,15.1,280,W,10.996597944597584,33.25998765043704,387,99,38.0,129.0,212.0,,,,8,287,100,8,2
34:22.4,,,81,,98.5,,,,,,,53,-2.3720086,43.264877,85.69754,15.562077270879065,34:22.0,6,0.362,0101000020E610000042A926ABDFF902C06EE9F28BE7A14540,20230420_DACIA_EIBAR_DONOSTIA_053,,d2,19:34.5,05:18.0,DACIA_SPRING,Dacia Spring 33 kW,33000,139,33:40.1,9.4,15.1,280,W,4.239213405836527,63.69546903707384,387,99,38.0,129.0,212.0,,,,8,287,100,8,2
34:27.8,,,81,,98.5,,,,,,,53,-2.3712938,43.266323,85.77019,15.732964849964112,34:28.1,6,-0.247,0101000020E61000001D14BFE768F802C071B335DE16A24540,20230420_DACIA_EIBAR_DONOSTIA_053,,d2,19:34.5,05:18.0,DACIA_SPRING,Dacia Spring 33 kW,33000,139,33:40.1,9.4,15.1,280,W,0.2065844467764563,79.21610687511205,387,99,38.0,129.0,212.0,,,,8,287,100,8,2
34:33.5,,,81,,98.5,,,,,,,53,-2.371046,43.267624,85.537025,15.879014380676004,34:33.1,6,0.421,0101000020E6100000EFA14BF8E6F702C07D53AB8A41A24540,20230420_DACIA_EIBAR_DONOSTIA_053,,d2,19:34.5,05:18.0,DACIA_SPRING,Dacia Spring 33 kW,33000,139,33:40.1,9.4,15.1,280,W,-1.5761765564209596,85.99159399615844,387,99,38.0,129.0,212.0,,,,8,287,100,8,2
34:39.1,,,81,,98.5,,,,,,,53,-2.3709233,43.269375,84.31022,16.07397384651483,34:39.2,6,-0.1169999999999999,0101000020E610000093C018A6A6F702C0066F23E67AA24540,20230420_DACIA_EIBAR_DONOSTIA_053,,d2,19:34.5,05:18.0,DACIA_SPRING,Dacia Spring 33 kW,33000,139,33:40.1,9.4,15.1,280,W,6.555356923631371,54.27007825288582,387,99,38.0,129.0,212.0,,,,8,287,100,120,3
34:45.0,,,80,,98.5,,,,,,,53,-2.3702435,43.27032,87.58431,16.192640368791107,34:44.9,6,0.182,0101000020E61000000908883442F602C02FE035DE99A24540,20230420_DACIA_EIBAR_DONOSTIA_053,,d2,19:34.5,05:18.0,DACIA_SPRING,Dacia Spring 33 kW,33000,139,33:40.1,9.4,15.1,280,W,11.060696661684007,32.90390793064227,387,99,38.0,129.0,212.0,,,,8,287,100,85,3
34:50.4,,,80,,98.5,,,,,,,53,-2.3689978,43.271126,95.81724,16.327814650793734,34:50.3,6,0.182,0101000020E610000048278416B5F302C0E329A140B4A24540,20230420_DACIA_EIBAR_DONOSTIA_053,,d2,19:34.5,05:18.0,DACIA_SPRING,Dacia Spring 33 kW,33000,139,33:40.1,9.4,15.1,280,W,8.988997834008227,43.46613052494381,387,99,38.0,129.0,212.0,,,,8,287,100,85,3
34:56.0,,,80,,98.5,,,,,,,53,-2.3678858,43.27218,101.17071,16.475699057648303,34:56.3,6,-0.249,0101000020E61000005364B61C6EF102C020EA23B5D6A24540,20230420_DACIA_EIBAR_DONOSTIA_053,,d2,19:34.5,05:18.0,DACIA_SPRING,Dacia Spring 33 kW,33000,139,33:40.1,9.4,15.1,280,W,6.44428933917792,54.736988270440825,387,99,38.0,129.0,212.0,,,,8,287,100,100,3
35:01.5,,,80,,98.5,,,,,,,53,-2.3671858,43.27317,105.0226,16.599573565714632,35:01.3,6,0.123,0101000020E6100000A309721AFFEF02C0ED556A43F7A24540,20230420_DACIA_EIBAR_DONOSTIA_053,,d2,19:34.5,05:18.0,DACIA_SPRING,Dacia Spring 33 kW,33000,139,33:40.1,9.4,15.1,280,W,8.914494976730065,43.817163690484286,387,99,38.0,129.0,212.0,,,,8,287,100,100,3
35:07.0,,,80,,98.5,,,,,,,53,-2.3660884,43.274223,109.03355,16.746608259132326,35:07.4,6,-0.369,0101000020E61000006EE762BEBFED02C0B2A6ECBD19A34540,20230420_DACIA_EIBAR_DONOSTIA_053,,d2,19:34.5,05:18.0,DACIA_SPRING,Dacia Spring 33 kW,33000,139,33:40.1,9.4,15.1,280,W,8.329261441831814,46.52268948978188,387,99,38.0,129.0,212.0,,,,8,287,100,40,3
35:12.4,,,80,,98.5,,,,,,,53,-2.3652663,43.275090000000006,113.08132,16.863826795712335,35:12.4,6,-0.006,0101000020E6100000207557BC10EC02C0DF17BA1936A34540,20230420_DACIA_EIBAR_DONOSTIA_053,,d2,19:34.5,05:18.0,DACIA_SPRING,Dacia Spring 33 kW,33000,139,33:40.1,9.4,15.1,280,W,4.674819847671701,61.965432980857294,387,99,38.0,129.0,212.0,,,,8,287,100,40,3
35:18.1,,,80,,98.5,,,,,,,53,-2.3646188,43.276306,115.54508,17.00886628245337,35:18.5,6,-0.368,0101000020E6100000F3DFF037BDEA02C01D6EFE0E5EA34540,20230420_DACIA_EIBAR_DONOSTIA_053,,d2,19:34.5,05:18.0,DACIA_SPRING,Dacia Spring 33 kW,33000,139,33:40.1,9.4,15.1,280,W,5.056661817688366,60.434864460510695,387,99,38.0,129.0,212.0,,,,8,287,100,100,3
35:30.0,,,80,,98.5,,,,,,,53,-2.3640277000000003,43.277348,116.96115,17.13423222059748,35:30.0,6,-0.001,0101000020E6100000661A656387E902C0FF71901480A34540,20230420_DACIA_EIBAR_DONOSTIA_053,,d2,19:34.5,05:18.0,DACIA_SPRING,Dacia Spring 33 kW,33000,139,33:40.1,9.4,15.1,280,W,14.87059707048434,0.0,387,99,38.0,129.0,212.0,,,,8,287,100,100,4
35:35.7,,,80,,98.5,,,,,,,53,-2.3640277000000003,43.277348,116.96115,17.13423222059748,35:35.6,6,0.1009999999999999,0101000020E6100000661A656387E902C0FF71901480A34540,20230420_DACIA_EIBAR_DONOSTIA_053,,d2,19:34.5,05:18.0,DACIA_SPRING,Dacia Spring 33 kW,33000,139,33:40.1,9.4,15.1,280,W,8.424439232648236,46.08862488726504,387,99,38.0,129.0,212.0,,,,8,287,100,100,4
35:41.4,,,80,,98.5,,,,,,,53,-2.3623757000000003,43.279064,103.228004,17.367646883139912,35:41.6,6,-0.2289999999999999,0101000020E61000009925774525E602C0DE576363B8A34540,20230420_DACIA_EIBAR_DONOSTIA_053,,d2,19:34.5,05:18.0,DACIA_SPRING,Dacia Spring 33 kW,33000,139,33:40.1,9.4,15.1,280,W,14.594460630297414,4.867769356234733,387,99,38.0,129.0,212.0,,,,8,287,100,8,4
35:46.9,,,80,,98.5,,,,,,,53,-2.3621526000000004,43.279083,173.01932,17.43976812099877,35:46.7,6,0.2,0101000020E61000008F340139B0E502C0E2960507B9A34540,20230420_DACIA_EIBAR_DONOSTIA_053,,d2,19:34.5,05:18.0,DACIA_SPRING,Dacia Spring 33 kW,33000,139,33:40.1,9.4,15.1,280,W,8.97153662811104,43.548544352492335,387,99,38.0,129.0,212.0,,,,8,287,100,8,4
35:52.3,,,80,,98.5,,,,,,,53,-2.361493,43.27971,199.03871,17.531359105397243,35:52.7,6,-0.39,0101000020E6100000622D717D56E402C0CDB69075CDA34540,20230420_DACIA_EIBAR_DONOSTIA_053,,d2,19:34.5,05:18.0,DACIA_SPRING,Dacia Spring 33 kW,33000,139,33:40.1,9.4,15.1,280,W,9.50124125447696,41.00730703227983,387,99,38.0,129.0,212.0,,,,8,287,100,8,4
35:57.8,,,80,,98.5,,,,,,,53,-2.360696,43.280403,197.81787,17.63186792374224,35:57.7,6,0.081,0101000020E610000044400290B4E202C043119F38E4A34540,20230420_DACIA_EIBAR_DONOSTIA_053,,d2,19:34.5,05:18.0,DACIA_SPRING,Dacia Spring 33 kW,33000,139,33:40.1,9.4,15.1,280,W,9.294537464218902,42.00939293714888,387,99,38.0,129.0,212.0,,,,8,287,100,100,4
36:03.2,,,80,,98.5,,,,,,,53,-2.35984,43.281174,195.57416,17.74212426059176,36:02.8,6,0.39,0101000020E610000019E4FBCBF3E002C03C300E73FDA34540,20230420_DACIA_EIBAR_DONOSTIA_053,,d2,19:34.5,05:18.0,DACIA_SPRING,Dacia Spring 33 kW,33000,139,38:20.0,8.1,13.0,300,WNW,3.180745930450763,45.83750407760606,387,99,38.0,129.0,212.0,,,,8,287,100,100,4
36:08.7,,,80,,98.5,,,,,,,53,-2.3588727,43.28217,200.72469,17.877856811816432,36:08.8,6,-0.1009999999999999,0101000020E61000002865A599F8DE02C0A637652E1EA44540,20230420_DACIA_EIBAR_DONOSTIA_053,,d2,19:34.5,05:18.0,DACIA_SPRING,Dacia Spring 33 kW,33000,139,38:20.0,8.1,13.0,300,WNW,2.0308015426523256,51.01270174408619,387,99,38.0,129.0,212.0,,,,8,287,100,8,4
36:14.2,,,80,,98.5,,,,,,,53,-2.3581507,43.283062,202.44614,17.992993844672757,36:13.9,6,0.361,0101000020E61000005F0F1F157EDD02C04E7FDA583BA44540,20230420_DACIA_EIBAR_DONOSTIA_053,,d2,19:34.5,05:18.0,DACIA_SPRING,Dacia Spring 33 kW,33000,139,38:20.0,8.1,13.0,300,WNW,1.2593860632906506,54.44070376383924,387,99,38.0,129.0,212.0,,,,8,287,100,8,4
36:19.7,,,79,,98.5,,,,,,,53,-2.3573086,43.28424,207.9011,18.14075708712993,36:19.9,6,-0.14,0101000020E610000082EF5593C4DB02C0B52CD1FA61A44540,20230420_DACIA_EIBAR_DONOSTIA_053,,d2,19:34.5,05:18.0,DACIA_SPRING,Dacia Spring 33 kW,33000,139,38:20.0,8.1,13.0,300,WNW,2.0924000320402265,50.73773467000342,387,99,38.0,129.0,212.0,,,,8,287,100,120,5
36:25.2,,,79,,98.5,,,,,,,53,-2.356519,43.285206,213.06845,18.265855254218234,36:24.9,6,0.349,0101000020E6100000F86166A026DA02C0A71F80AC81A44540,20230420_DACIA_EIBAR_DONOSTIA_053,,d2,19:34.5,05:18.0,DACIA_SPRING,Dacia Spring 33 kW,33000,139,38:20.0,8.1,13.0,300,WNW,6.194538137921492,31.542748927062448,387,99,38.0,129.0,212.0,,,,8,287,100,120,5
36:30.8,,,79,,98.5,,,,,,,53,-2.3549974,43.28614,213.36804,18.42696244736759,36:31.0,6,-0.1989999999999999,0101000020E610000095213AE308D702C021EF3334A0A44540,20230420_DACIA_EIBAR_DONOSTIA_053,,d2,19:34.5,05:18.0,DACIA_SPRING,Dacia Spring 33 kW,33000,139,38:20.0,8.1,13.0,300,WNW,11.0006931040653,2.1984951241901,387,99,38.0,129.0,212.0,,,,8,287,100,8,5
36:36.8,,,79,,98.5,,,,,,,53,-2.353174,43.28621,217.1757,18.57480812408873,36:37.0,6,-0.1889999999999999,0101000020E610000040A81AE04CD302C0CD048E8FA2A44540,20230420_DACIA_EIBAR_DONOSTIA_053,,d2,19:34.5,05:18.0,DACIA_SPRING,Dacia Spring 33 kW,33000,139,38:20.0,8.1,13.0,300,WNW,12.47005487430518,-13.583979280814676,387,99,38.0,129.0,212.0,,,,8,287,100,8,5
36:42.5,,,79,,98.5,,,,,,,53,-2.3516717000000003,43.285847,213.10287,18.70299793762167,36:42.1,6,0.44,0101000020E61000006355133939D002C0C6E4F8A496A44540,20230420_DACIA_EIBAR_DONOSTIA_053,,d2,19:34.5,05:18.0,DACIA_SPRING,Dacia Spring 33 kW,33000,139,38:20.0,8.1,13.0,300,WNW,12.576864060429385,-15.34145080169322,387,99,38.0,129.0,212.0,,,,8,287,100,8,5
36:48.1,,,79,,98.5,,,,,,,53,-2.3499877,43.285385,211.86975,18.848671687011624,36:48.1,6,-0.001,0101000020E6100000A68E3662C6CC02C001F6AF7187A44540,20230420_DACIA_EIBAR_DONOSTIA_053,,d2,19:34.5,05:18.0,DACIA_SPRING,Dacia Spring 33 kW,33000,139,38:20.0,8.1,13.0,300,WNW,11.476360543084018,-1.9816224292097504,387,99,38.0,129.0,212.0,,,,8,287,100,100,5
36:53.5,,,79,,98.5,,,,,,,53,-2.3485715,43.285336,213.5538,18.96344651882425,36:53.1,6,0.47,0101000020E610000038BDB3E1DFC902C07FEF6FEF85A44540,20230420_DACIA_EIBAR_DONOSTIA_053,,d2,19:34.5,05:18.0,DACIA_SPRING,Dacia Spring 33 kW,33000,139,38:20.0,8.1,13.0,300,WNW,11.843452170036109,-5.648744734352168,387,99,38.0,129.0,212.0,,,,8,287,100,100,5
36:59.2,,,79,,98.5,,,,,,,53,-2.346691,43.28515,218.59991,19.117143760822223,36:59.3,6,-0.049,0101000020E610000093ED1AE205C602C01D2BABC07FA44540,20230420_DACIA_EIBAR_DONOSTIA_053,,d2,19:34.5,05:18.0,DACIA_SPRING,Dacia Spring 33 kW,33000,139,38:20.0,8.1,13.0,300,WNW,12.902888817971252,-22.992367842844057,387,99,38.0,129.0,212.0,,,,8,287,100,100,5
37:05.1,,,79,,98.5,,,,,,,53,-2.345079,43.284466,213.53307,19.26826037685943,37:05.4,6,-0.307,0101000020E610000020EDD5B7B8C202C01C267E6F69A44540,20230420_DACIA_EIBAR_DONOSTIA_053,,d2,19:34.5,05:18.0,DACIA_SPRING,Dacia Spring 33 kW,33000,139,38:20.0,8.1,13.0,300,WNW,12.664934150651266,-16.963281762392654,387,99,38.0,129.0,212.0,,,,8,287,100,100,5
37:10.6,,,79,,98.5,,,,,,,53,-2.3437152,43.28405,211.49419,19.387970947002025,37:10.4,6,0.23,0101000020E610000040F685BBEDBF02C076A809C95BA44540,20230420_DACIA_EIBAR_DONOSTIA_053,,d2,19:34.5,05:18.0,DACIA_SPRING,Dacia Spring 33 kW,33000,139,38:20.0,8.1,13.0,300,WNW,12.032716137284591,-7.758027958591394,387,99,38.0,129.0,212.0,,,,8,287,100,100,5
37:16.3,,,79,,98.5,,,,,,,53,-2.3419242,43.283806,211.32979,19.535462323588437,37:16.3,6,0.011,0101000020E6100000FD1A90C042BC02C08EDE3AC753A44540,20230420_DACIA_EIBAR_DONOSTIA_053,,d2,19:34.5,05:18.0,DACIA_SPRING,Dacia Spring 33 kW,33000,139,38:20.0,8.1,13.0,300,WNW,11.925163949129836,-6.537420158087093,387,99,38.0,129.0,212.0,,,,8,287,100,100,5
37:21.8,,,78,,98.5,,,,,,,53,-2.3410254,43.283703,211.63478,19.609113411397665,37:21.3,6,0.451,0101000020E61000008951CB886BBA02C03975A16650A44540,20230420_DACIA_EIBAR_DONOSTIA_053,,d2,19:34.5,05:18.0,DACIA_SPRING,Dacia Spring 33 kW,33000,139,38:20.0,8.1,13.0,300,WNW,11.258330249197698,0.0,387,99,38.0,129.0,212.0,,,,8,287,100,100,5
37:27.4,,,78,,98.5,,,,,,,53,-2.3410254,43.283703,211.63478,19.609113411397665,37:27.4,6,0.001,0101000020E61000008951CB886BBA02C03975A16650A44540,20230420_DACIA_EIBAR_DONOSTIA_053,,d2,19:34.5,05:18.0,DACIA_SPRING,Dacia Spring 33 kW,33000,139,38:20.0,8.1,13.0,300,WNW,11.258330249197698,0.0,387,99,38.0,129.0,212.0,,,,8,287,100,100,5
37:32.7,,,78,,98.5,,,,,,,53,-2.3410254,43.283703,211.63478,19.609113411397665,37:32.4,6,0.35,0101000020E61000008951CB886BBA02C03975A16650A44540,20230420_DACIA_EIBAR_DONOSTIA_053,,d2,19:34.5,05:18.0,DACIA_SPRING,Dacia Spring 33 kW,33000,139,38:20.0,8.1,13.0,300,WNW,11.258330249197698,0.0,387,99,38.0,129.0,212.0,,,,8,287,100,100,5
37:38.3,,,78,,98.5,,,,,,,53,-2.3410254,43.283703,211.63478,19.609113411397665,37:38.4,6,-0.141,0101000020E61000008951CB886BBA02C03975A16650A44540,20230420_DACIA_EIBAR_DONOSTIA_053,,d2,19:34.5,05:18.0,DACIA_SPRING,Dacia Spring 33 kW,33000,139,38:20.0,8.1,13.0,300,WNW,11.258330249197698,0.0,387,99,38.0,129.0,212.0,,,,8,287,100,100,5
37:43.7,,,78,,98.5,,,,,,,53,-2.3410254,43.283703,211.63478,19.609113411397665,37:43.5,6,0.252,0101000020E61000008951CB886BBA02C03975A16650A44540,20230420_DACIA_EIBAR_DONOSTIA_053,,d2,19:34.5,05:18.0,DACIA_SPRING,Dacia Spring 33 kW,33000,139,38:20.0,8.1,13.0,300,WNW,11.258330249197698,0.0,387,99,38.0,129.0,212.0,,,,8,287,100,100,5
37:49.4,,,78,,98.5,,,,,,,53,-2.3410254,43.283703,211.63478,19.609113411397665,37:49.5,6,-0.151,0101000020E61000008951CB886BBA02C03975A16650A44540,20230420_DACIA_EIBAR_DONOSTIA_053,,d2,19:34.5,05:18.0,DACIA_SPRING,Dacia Spring 33 kW,33000,139,38:20.0,8.1,13.0,300,WNW,10.650156538030467,4.990932132073967,387,99,38.0,129.0,212.0,,,,8,287,100,100,5
37:54.8,,,78,,98.5,,,,,,,53,-2.330502,43.284622,204.60901,20.46707385996516,37:54.6,6,0.26,0101000020E6100000EF249641DEA402C01818677A6EA44540,20230420_DACIA_EIBAR_DONOSTIA_053,,d2,19:34.5,05:18.0,DACIA_SPRING,Dacia Spring 33 kW,33000,139,38:20.0,8.1,13.0,300,WNW,11.19160422888187,0.5830441162121154,387,99,38.0,129.0,212.0,,,,8,287,100,85,6
38:00.5,,,78,,98.5,,,,,,,53,-2.3287332000000003,43.28464,222.82431,20.611417470230162,38:00.6,6,-0.08,0101000020E61000008C1BAAE63EA102C090C356146FA44540,20230420_DACIA_EIBAR_DONOSTIA_053,,d2,19:34.5,05:18.0,DACIA_SPRING,Dacia Spring 33 kW,33000,139,38:20.0,8.1,13.0,300,WNW,11.592283600640885,-3.089439423588334,387,99,38.0,129.0,212.0,,,,8,287,100,8,6
38:06.1,,,78,,98.5,,,,,,,53,-2.3271954,43.284557,227.54056,20.73632563978268,38:05.6,6,0.421,0101000020E6100000D4193CA2189E02C0A1AE125E6CA44540,20230420_DACIA_EIBAR_DONOSTIA_053,,d2,19:34.5,05:18.0,DACIA_SPRING,Dacia Spring 33 kW,33000,139,38:20.0,8.1,13.0,300,WNW,11.837457810050813,-5.584750296811201,387,99,38.0,129.0,212.0,,,,8,287,100,25,6
38:11.6,,,78,,98.5,,,,,,,53,-2.3253648,43.284378,222.9119,20.885906561212465,38:11.7,6,-0.051,0101000020E6100000E3AAE1DE589A02C0486AD87E66A44540,20230420_DACIA_EIBAR_DONOSTIA_053,,d2,19:34.5,05:18.0,DACIA_SPRING,Dacia Spring 33 kW,33000,139,38:20.0,8.1,13.0,300,WNW,12.2058625449809,-9.869720288590925,387,99,38.0,129.0,212.0,,,,8,287,100,45,7
38:17.1,,,78,,98.5,,,,,,,53,-2.3238819,43.28412,224.81422,21.009336108543852,38:16.7,6,0.431,0101000020E6100000A2D370544F9702C007F1C4F35DA44540,20230420_DACIA_EIBAR_DONOSTIA_053,,d2,19:34.5,05:18.0,DACIA_SPRING,Dacia Spring 33 kW,33000,139,38:20.0,8.1,13.0,300,WNW,12.450816863096968,-13.286576262212598,387,99,38.0,129.0,212.0,,,,8,287,100,120,7
38:22.7,,,78,,98.5,,,,,,,53,-2.3221626,43.283714,230.34235,21.155750178983986,38:22.8,6,-0.06,0101000020E61000008BD778FAC99302C0FDBD3FB650A44540,20230420_DACIA_EIBAR_DONOSTIA_053,,d2,19:34.5,05:18.0,DACIA_SPRING,Dacia Spring 33 kW,33000,139,38:20.0,8.1,13.0,300,WNW,12.74798034134105,-18.69977013168929,387,99,38.0,129.0,212.0,,,,8,287,100,8,7
38:28.3,,,78,,98.5,,,,,,,53,-2.3205554,43.28317,221.3352,21.299505288480496,38:28.8,6,-0.451,0101000020E6100000406102617F9002C0CBF278DC3EA44540,20230420_DACIA_EIBAR_DONOSTIA_053,,d2,19:34.5,05:18.0,DACIA_SPRING,Dacia Spring 33 kW,33000,139,38:20.0,8.1,13.0,300,WNW,12.803366222753768,-20.02198951780473,387,99,38.0,129.0,212.0,,,,8,287,100,8,7
38:33.7,,,78,,98.5,,,,,,,53,-2.3191833,43.28267,212.76082,21.42400698596229,38:33.8,6,-0.09,0101000020E6100000AD83EFF5AF8D02C00696A4732EA44540,20230420_DACIA_EIBAR_DONOSTIA_053,,d2,19:34.5,05:18.0,DACIA_SPRING,Dacia Spring 33 kW,33000,139,38:40.1,8.1,13.0,300,WNW,12.924432611421572,-23.81921323543789,191,75,,,,1.0,137.0,52.0,1,169,22,8,6
38:39.2,,,78,,98.5,,,,,,,53,-2.3178015,43.28206,210.9089,21.5548333143871,38:38.8,6,0.381,0101000020E61000002E40AE8EDB8A02C084B028811AA44540,20230420_DACIA_EIBAR_DONOSTIA_053,,d2,19:34.5,05:18.0,DACIA_SPRING,Dacia Spring 33 kW,33000,139,38:40.1,8.1,13.0,300,WNW,12.961539664653,-25.59161397702288,191,75,,,,1.0,137.0,52.0,1,169,22,8,6
38:44.7,,,78,,98.5,,,,,,,53,-2.3162773,43.28133,209.63982,21.7025282172586,38:44.9,6,-0.221,0101000020E6100000EF585569BC8702C0F8B4979402A44540,20230420_DACIA_EIBAR_DONOSTIA_053,,d2,19:34.5,05:18.0,DACIA_SPRING,Dacia Spring 33 kW,33000,139,38:40.1,8.1,13.0,300,WNW,12.929531848922988,-24.03158838667702,191,75,,,,1.0,137.0,52.0,1,169,22,85,6
38:50.1,,,78,,98.5,,,,,,,53,-2.3149855,43.280754,202.63997,21.82535444298002,38:49.9,6,0.2319999999999999,0101000020E61000001A548E21178502C062D0A6CBEFA34540,20230420_DACIA_EIBAR_DONOSTIA_053,,d2,19:34.5,05:18.0,DACIA_SPRING,Dacia Spring 33 kW,33000,139,38:40.1,8.1,13.0,300,WNW,12.960230450087202,-25.51717205877005,191,75,,,,1.0,137.0,52.0,1,169,22,85,6
38:55.6,,,78,,98.5,,,,,,,53,-2.31354,43.280064,196.2743,21.965424087064303,38:56.0,6,-0.409,0101000020E610000014016A3B218202C0908E7926D9A34540,20230420_DACIA_EIBAR_DONOSTIA_053,,d2,19:34.5,05:18.0,DACIA_SPRING,Dacia Spring 33 kW,33000,139,38:40.1,8.1,13.0,300,WNW,12.864514996171422,-38.27922094817772,191,75,,,,1.0,137.0,52.0,1,169,22,85,6
39:01.2,,,78,,98.5,,,,,,,53,-2.3125212000000004,43.27926,188.09996,22.087330619249112,39:01.1,6,0.051,0101000020E61000001DC2482B0B8002C0E4F569CCBEA34540,20230420_DACIA_EIBAR_DONOSTIA_053,,d2,19:34.5,05:18.0,DACIA_SPRING,Dacia Spring 33 kW,33000,139,38:40.1,8.1,13.0,300,WNW,12.48666612945011,-46.15494427457803,191,75,,,,1.0,137.0,52.0,1,169,22,85,6
39:06.9,,,78,,98.5,,,,,,,53,-2.3115127,43.27821,181.14839,22.229967349290565,39:07.1,6,-0.18,0101000020E6100000FF03625FFA7D02C003497A5F9CA34540,20230420_DACIA_EIBAR_DONOSTIA_053,,d2,19:34.5,05:18.0,DACIA_SPRING,Dacia Spring 33 kW,33000,139,38:40.1,8.1,13.0,300,WNW,11.53545071172137,-57.45883399286331,191,75,,,,1.0,137.0,52.0,1,169,22,85,6
39:12.4,,,78,,98.5,,,,,,,53,-2.310881,43.27722,172.75157,22.35163882548923,39:12.1,6,0.31,0101000020E61000005562802EAF7C02C02EDABEF07BA34540,20230420_DACIA_EIBAR_DONOSTIA_053,,d2,19:34.5,05:18.0,DACIA_SPRING,Dacia Spring 33 kW,33000,139,38:40.1,8.1,13.0,300,WNW,10.720572055378982,-64.44602623035517,191,75,,,,1.0,137.0,52.0,1,169,22,85,6
39:18.0,,,78,,98.5,,,,,,,53,-2.310072,43.275528,166.30088999999998,22.550958539286377,39:18.2,6,-0.261,0101000020E610000068475908077B02C0E4C86A8A44A34540,20230420_DACIA_EIBAR_DONOSTIA_053,,d2,19:34.5,05:18.0,DACIA_SPRING,Dacia Spring 33 kW,33000,139,38:40.1,8.1,13.0,300,WNW,10.285692462555136,-67.7015384551094,191,75,,,,1.0,137.0,52.0,1,169,22,8,5
39:23.4,,,78,,98.5,,,,,,,53,-2.3095725,43.27431,156.74098,22.692625118091378,39:23.3,6,0.19,0101000020E6100000FF274F1B017A02C0061FCBAA1CA34540,20230420_DACIA_EIBAR_DONOSTIA_053,,d2,19:34.5,05:18.0,DACIA_SPRING,Dacia Spring 33 kW,33000,139,38:40.1,8.1,13.0,300,WNW,10.384329791247382,-66.98485125262027,191,75,,,,1.0,137.0,52.0,1,169,22,8,5
39:29.0,,,78,,98.5,,,,,,,53,-2.3089247000000004,43.272785,148.54291,22.870311698627923,39:29.3,6,-0.288,0101000020E610000015100A86AD7802C0643340A1EAA24540,20230420_DACIA_EIBAR_DONOSTIA_053,,d2,19:34.5,05:18.0,DACIA_SPRING,Dacia Spring 33 kW,33000,139,38:40.1,8.1,13.0,300,WNW,11.678491953988502,-56.05855977626964,191,75,,,,1.0,137.0,52.0,1,169,22,8,5
39:34.4,,,78,,98.5,,,,,,,53,-2.3081164,43.271584,143.51038,23.019114205258198,39:34.3,6,0.1009999999999999,0101000020E6100000CDB1B5B0057702C0D0AEC447C3A24540,20230420_DACIA_EIBAR_DONOSTIA_053,,d2,19:34.5,05:18.0,DACIA_SPRING,Dacia Spring 33 kW,33000,139,38:40.1,8.1,13.0,300,WNW,12.998595455765887,-30.842243319531143,191,75,,,,1.0,137.0,52.0,1,169,22,25,5
39:40.0,,,78,,98.5,,,,,,,53,-2.3064015,43.27056,136.16872,23.198826157997804,39:40.4,6,-0.349,0101000020E610000017F459A2827302C0D6F8B5C8A1A24540,20230420_DACIA_EIBAR_DONOSTIA_053,,d2,19:34.5,05:18.0,DACIA_SPRING,Dacia Spring 33 kW,33000,139,38:40.1,8.1,13.0,300,WNW,12.984091498455578,-27.165183906978147,191,75,,,,1.0,137.0,52.0,1,169,22,25,5
39:45.6,,,78,,98.5,,,,,,,53,-2.304901,43.26979,131.70078999999998,23.347519958171755,39:45.5,6,0.139,0101000020E6100000B3EB80E26F7002C085CFD77B88A24540,20230420_DACIA_EIBAR_DONOSTIA_053,,d2,19:34.5,05:18.0,DACIA_SPRING,Dacia Spring 33 kW,33000,139,38:40.1,8.1,13.0,300,WNW,12.999512511989211,-29.503808545127217,191,75,,,,1.0,137.0,52.0,1,169,22,25,5
39:51.1,,,78,,98.5,,,,,,,53,-2.3031974,43.268826,125.03319,23.522334191089755,39:51.5,6,-0.33,0101000020E61000003718E1B3F26C02C0A81245EB68A24540,20230420_DACIA_EIBAR_DONOSTIA_053,,d2,19:34.5,05:18.0,DACIA_SPRING,Dacia Spring 33 kW,33000,139,38:40.1,8.1,13.0,300,WNW,12.982608966822294,-32.96399231550317,191,75,,,,1.0,137.0,52.0,1,169,22,25,5
39:56.6,,,78,,98.5,,,,,,,53,-2.3019083,43.267990000000005,121.13945,23.66215725894666,39:56.5,6,0.07,0101000020E61000002DCE63DC4E6A02C047DF598B4DA24540,20230420_DACIA_EIBAR_DONOSTIA_053,,d2,19:34.5,05:18.0,DACIA_SPRING,Dacia Spring 33 kW,33000,139,38:40.1,8.1,13.0,300,WNW,12.945165749594924,-35.264349119372355,191,75,,,,1.0,137.0,52.0,1,169,22,25,4
40:02.1,,,78,,98.5,,,,,,,53,-2.3004658,43.26697,114.872406,23.8250819656643,40:02.5,6,-0.41,0101000020E6100000574FCBA55A6702C0AFB771252CA24540,20230420_DACIA_EIBAR_DONOSTIA_053,,d2,19:34.5,05:18.0,DACIA_SPRING,Dacia Spring 33 kW,33000,139,38:40.1,8.1,13.0,300,WNW,12.970349856426578,-33.87045420388226,191,75,,,,1.0,137.0,52.0,1,169,22,8,4
40:07.7,,,78,,98.5,,,,,,,53,-2.2992516,43.266155,107.883644,23.958973406812728,40:07.6,6,0.121,0101000020E610000009A0E4F7DD6402C090AADF6111A24540,20230420_DACIA_EIBAR_DONOSTIA_053,,d2,19:34.5,05:18.0,DACIA_SPRING,Dacia Spring 33 kW,33000,139,38:40.1,8.1,13.0,300,WNW,12.996495642822143,-28.669607178499657,191,75,,,,1.0,137.0,52.0,1,169,22,8,4
40:13.3,,,78,,98.5,,,,,,,53,-2.2975965,43.26525,105.4283,24.12658138476519,40:13.6,6,-0.371,0101000020E6100000F56EC6337A6102C032741ECAF3A14540,20230420_DACIA_EIBAR_DONOSTIA_053,,d2,19:34.5,05:18.0,DACIA_SPRING,Dacia Spring 33 kW,33000,139,38:40.1,8.1,13.0,300,WNW,12.92823899479498,-23.977037050450903,191,75,,,,1.0,137.0,52.0,1,169,22,8,4
40:18.8,,,78,,98.5,,,,,,,53,-2.296135,43.2646,105.4491,24.265247079649665,40:18.7,6,0.1689999999999999,0101000020E610000013880DF87B5E02C011B98057DEA14540,20230420_DACIA_EIBAR_DONOSTIA_053,,d2,19:34.5,05:18.0,DACIA_SPRING,Dacia Spring 33 kW,33000,139,38:40.1,8.1,13.0,300,WNW,12.91843950187684,-36.42145154675473,191,75,,,,1.0,137.0,52.0,1,169,22,25,4
40:24.4,,,78,,98.5,,,,,,,53,-2.2945764,43.26345,101.884476,24.444946534683673,40:24.7,6,-0.311,0101000020E6100000415D07E44A5B02C0238BBEBCB8A14540,20230420_DACIA_EIBAR_DONOSTIA_053,,d2,19:34.5,05:18.0,DACIA_SPRING,Dacia Spring 33 kW,33000,139,38:40.1,8.1,13.0,300,WNW,12.396031938093042,-47.53350973093165,191,75,,,,1.0,137.0,52.0,1,169,22,8,4
40:29.9,,,78,,98.5,,,,,,,53,-2.2935925,43.262375,97.92252,24.588653048099008,40:29.8,6,0.17,0101000020E61000004B4975F0465902C005F9137795A14540,20230420_DACIA_EIBAR_DONOSTIA_053,,d2,19:34.5,05:18.0,DACIA_SPRING,Dacia Spring 33 kW,33000,139,38:40.1,8.1,13.0,300,WNW,12.701303274699969,-42.30598165661601,191,75,,,,1.0,137.0,52.0,1,169,22,8,3
40:35.4,,,78,,98.5,,,,,,,53,-2.2922685,43.26117,93.05655,24.760325079947695,40:35.8,6,-0.41,0101000020E6100000D48280D3905602C0EBA7900E6EA14540,20230420_DACIA_EIBAR_DONOSTIA_053,,d2,19:34.5,05:18.0,DACIA_SPRING,Dacia Spring 33 kW,33000,139,38:40.1,8.1,13.0,300,WNW,12.989641932001598,-27.71264183683401,191,75,,,,1.0,137.0,52.0,1,169,22,8,3
40:40.9,,,78,,98.5,,,,,,,53,-2.2908788,43.26044,89.44807,24.89912615423782,40:40.8,6,0.14,0101000020E610000057252A48B85302C0D8E3A51456A14540,20230420_DACIA_EIBAR_DONOSTIA_053,,d2,19:34.5,05:18.0,DACIA_SPRING,Dacia Spring 33 kW,33000,139,38:40.1,8.1,13.0,300,WNW,12.814877276462894,-20.319171181870253,191,75,,,,1.0,137.0,52.0,1,169,22,25,3
40:46.4,,,78,,98.5,,,,,,,53,-2.2889965,43.259743,86.71429,25.07014475842571,40:46.8,6,-0.397,0101000020E610000005AACD5EDD4F02C0280E1C303FA14540,20230420_DACIA_EIBAR_DONOSTIA_053,,d2,19:34.5,05:18.0,DACIA_SPRING,Dacia Spring 33 kW,33000,139,38:40.1,8.1,13.0,300,WNW,12.54300200963382,-14.762853835572974,191,75,,,,1.0,137.0,52.0,1,169,22,25,3
40:52.0,,,78,,98.5,,,,,,,53,-2.2873154,43.2593,89.06219,25.214934867280068,40:51.9,6,0.08,0101000020E6100000790FB20C6C4C02C0EA9C92C030A14540,20230420_DACIA_EIBAR_DONOSTIA_053,,d2,19:34.5,05:18.0,DACIA_SPRING,Dacia Spring 33 kW,33000,139,38:40.1,8.1,13.0,300,WNW,11.319084792842148,-0.5399498951654534,191,75,,,,1.0,137.0,52.0,1,169,22,25,3
40:57.4,,,78,,98.5,,,,,,,53,-2.2851932,43.25928,91.02231,25.38681364704265,40:57.9,6,-0.469,0101000020E61000006CE4B265134802C0BCF2431230A14540,20230420_DACIA_EIBAR_DONOSTIA_053,,d2,19:34.5,05:18.0,DACIA_SPRING,Dacia Spring 33 kW,33000,139,38:40.1,8.1,13.0,300,WNW,9.648085136249437,12.08422529286755,191,75,,,,1.0,137.0,52.0,1,169,22,25,3
41:03.0,,,78,,98.5,,,,,,,53,-2.2835584,43.25963,89.98216,25.524803418980984,41:03.0,6,0.081,0101000020E61000009B8C3146BA4402C09275DE8A3BA14540,20230420_DACIA_EIBAR_DONOSTIA_053,,d2,19:34.5,05:18.0,DACIA_SPRING,Dacia Spring 33 kW,33000,139,43:20.0,8.1,13.0,300,WNW,8.687641363535569,18.065539141066743,191,75,,,,1.0,137.0,52.0,1,169,22,25,3
41:08.6,,,78,,98.5,,,,,,,53,-2.2816699000000003,43.260246,88.64384,25.69237466308008,41:09.0,6,-0.321,0101000020E6100000836C932DDC4002C021C734BD4FA14540,20230420_DACIA_EIBAR_DONOSTIA_053,,d2,19:34.5,05:18.0,DACIA_SPRING,Dacia Spring 33 kW,33000,139,43:20.0,8.1,13.0,300,WNW,6.284717932013535,31.089694490674237,191,75,,,,1.0,137.0,52.0,1,169,22,25,3
41:14.3,,,77,,98.5,,,,,,,53,-2.2802868,43.26108,88.68175,25.83778410531068,41:14.0,6,0.262,0101000020E6100000D0DCE4FF063E02C0C9C8742F6BA14540,20230420_DACIA_EIBAR_DONOSTIA_053,,d2,19:34.5,05:18.0,DACIA_SPRING,Dacia Spring 33 kW,33000,139,43:20.0,8.1,13.0,300,WNW,4.997095175643066,37.394003867368895,191,75,,,,1.0,137.0,52.0,1,169,22,25,2
41:19.8,,,77,,98.5,,,,,,,53,-2.278713,43.262283,87.5589,26.022542902310775,41:20.0,6,-0.2289999999999999,0101000020E6100000B1DABCE4CD3A02C06821C38592A14540,20230420_DACIA_EIBAR_DONOSTIA_053,,d2,19:34.5,05:18.0,DACIA_SPRING,Dacia Spring 33 kW,33000,139,43:20.0,8.1,13.0,300,WNW,6.857911057520621,28.161172465263643,191,75,,,,1.0,137.0,52.0,1,169,22,25,2
41:25.5,,,77,,98.5,,,,,,,53,-2.2772522,43.263065000000005,85.81076,26.169362536881636,41:25.1,6,0.421,0101000020E61000009D3CC2F0CF3702C024441C24ACA14540,20230420_DACIA_EIBAR_DONOSTIA_053,,d2,19:34.5,05:18.0,DACIA_SPRING,Dacia Spring 33 kW,33000,139,43:20.0,8.1,13.0,300,WNW,8.219850587169342,20.7802641567901,191,75,,,,1.0,137.0,52.0,1,169,22,25,2
41:31.0,,,77,,98.5,,,,,,,53,-2.2750096,43.263916,84.36570999999999,26.374134255320868,41:31.2,6,-0.14,0101000020E61000000920CA30383302C064B63606C8A14540,20230420_DACIA_EIBAR_DONOSTIA_053,,d2,19:34.5,05:18.0,DACIA_SPRING,Dacia Spring 33 kW,33000,139,43:20.0,8.1,13.0,300,WNW,7.696134012484742,23.700204046777127,191,75,,,,1.0,137.0,52.0,1,169,22,120,2
41:36.5,,,77,,98.5,,,,,,,53,-2.2734742000000003,43.264590000000005,84.05584,26.519301543354164,41:36.2,6,0.25,0101000020E6100000C18C7434133002C03B424A1FDEA14540,20230420_DACIA_EIBAR_DONOSTIA_053,,d2,19:34.5,05:18.0,DACIA_SPRING,Dacia Spring 33 kW,33000,139,43:20.0,8.1,13.0,300,WNW,6.223788209606122,31.39601385804278,191,75,,,,1.0,137.0,52.0,1,169,22,45,2
41:42.0,,,77,,98.5,,,,,,,53,-2.2719471,43.265522,83.28674000000001,26.680640018319103,41:42.3,6,-0.25,0101000020E61000003C7C2896F22C02C0F9B90198FCA14540,20230420_DACIA_EIBAR_DONOSTIA_053,,d2,19:34.5,05:18.0,DACIA_SPRING,Dacia Spring 33 kW,33000,139,43:20.0,8.1,13.0,300,WNW,3.490873491243711,44.42326353568556,191,75,,,,1.0,137.0,52.0,1,169,22,45,2
41:47.5,,,76,,98.5,,,,,,,53,-2.2709186000000003,43.26653,81.529686,26.8202865667706,41:47.3,6,0.221,0101000020E61000003F4ACC6DD72A02C0BA0BA1A11DA24540,20230420_DACIA_EIBAR_DONOSTIA_053,,d2,19:34.5,05:18.0,DACIA_SPRING,Dacia Spring 33 kW,33000,139,43:20.0,8.1,13.0,300,WNW,1.8662202697405184,51.74636514542542,191,75,,,,1.0,137.0,52.0,1,169,22,45,2
41:53.0,,,76,,98.5,,,,,,,53,-2.2698274,43.267914000000005,80.231995,26.997744035790078,41:53.3,6,-0.3,0101000020E61000001A8832379B2802C075E792044BA24540,20230420_DACIA_EIBAR_DONOSTIA_053,,d2,19:34.5,05:18.0,DACIA_SPRING,Dacia Spring 33 kW,33000,139,43:20.0,8.1,13.0,300,WNW,1.650173909615922,52.70740262588224,191,75,,,,1.0,137.0,52.0,1,169,22,120,3
41:58.5,,,76,,98.5,,,,,,,53,-2.2689470000000003,43.26907,79.68555500000001,27.14472850466635,41:58.4,6,0.099,0101000020E610000085F4889DCD2602C06141EAD570A24540,20230420_DACIA_EIBAR_DONOSTIA_053,,d2,19:34.5,05:18.0,DACIA_SPRING,Dacia Spring 33 kW,33000,139,43:20.0,8.1,13.0,300,WNW,3.772450296936547,43.13075935773369,191,75,,,,1.0,137.0,52.0,1,169,22,65,3
42:04.0,,,76,,98.5,,,,,,,53,-2.267713,43.270226,80.17279,27.30753295287606,42:04.4,6,-0.4,0101000020E6100000FEA511CE462402C07D6855BD96A24540,20230420_DACIA_EIBAR_DONOSTIA_053,,d2,19:34.5,05:18.0,DACIA_SPRING,Dacia Spring 33 kW,33000,139,43:20.0,8.1,13.0,300,WNW,5.922105961734479,32.89989024956056,191,75,,,,1.0,137.0,52.0,1,169,22,8,3
42:09.5,,,76,,98.5,,,,,,,53,-2.2664702,43.27103,80.43005,27.442133414224603,42:09.5,6,0.05,0101000020E6100000FA40071EBB2102C070369126B1A24540,20230420_DACIA_EIBAR_DONOSTIA_053,,d2,19:34.5,05:18.0,DACIA_SPRING,Dacia Spring 33 kW,33000,139,43:20.0,8.1,13.0,300,WNW,9.70613800710141,11.701049193053043,191,75,,,,1.0,137.0,52.0,1,169,22,8,3
42:15.0,,,76,,98.5,,,,,,,53,-2.264394,43.27146,83.68583000000001,27.6169268605738,42:15.5,6,-0.4479999999999999,0101000020E6100000D89C1A957A1D02C08D3F7C47BFA24540,20230420_DACIA_EIBAR_DONOSTIA_053,,d2,19:34.5,05:18.0,DACIA_SPRING,Dacia Spring 33 kW,33000,139,43:20.0,8.1,13.0,300,WNW,11.107025192013916,1.3079702317498052,191,75,,,,1.0,137.0,52.0,1,169,22,100,3
42:20.6,,,76,,98.5,,,,,,,53,-2.2626421000000003,43.2715,85.58357,27.758847627378056,42:20.6,6,0.05,0101000020E61000006FEF6819E41902C0A05E0785C0A24540,20230420_DACIA_EIBAR_DONOSTIA_053,,d2,19:34.5,05:18.0,DACIA_SPRING,Dacia Spring 33 kW,33000,139,43:20.0,8.1,13.0,300,WNW,11.095806180244498,1.4029960170145577,191,75,,,,1.0,137.0,52.0,1,169,22,8,3
42:26.1,,,76,,98.5,,,,,,,53,-2.2606006,43.27155,87.33498,27.924235383206366,42:26.6,6,-0.471,0101000020E6100000DCFCDDBBB51502C0DE0AD214C2A24540,20230420_DACIA_EIBAR_DONOSTIA_053,,d2,19:34.5,05:18.0,DACIA_SPRING,Dacia Spring 33 kW,33000,139,43:20.0,8.1,13.0,300,WNW,10.035413097877262,9.47024098985126,191,75,,,,1.0,137.0,52.0,1,169,22,8,3
42:31.6,,,76,,98.5,,,,,,,53,-2.258958,43.271824,90.395966,28.060703788305013,42:31.6,6,0.03,0101000020E610000036416A95581202C001DB0C17CBA24540,20230420_DACIA_EIBAR_DONOSTIA_053,,d2,19:34.5,05:18.0,DACIA_SPRING,Dacia Spring 33 kW,33000,139,43:20.0,8.1,13.0,300,WNW,8.140265010930278,21.231575077284184,191,75,,,,1.0,137.0,52.0,1,169,22,8,3
42:37.3,,,76,,98.5,,,,,,,53,-2.2572489,43.272488,96.57332,28.217663149508116,42:37.6,6,-0.331,0101000020E6100000D84FA189D80E02C0FEC612EDE0A24540,20230420_DACIA_EIBAR_DONOSTIA_053,,d2,19:34.5,05:18.0,DACIA_SPRING,Dacia Spring 33 kW,33000,139,43:20.0,8.1,13.0,300,WNW,5.114293311844564,36.83332921108476,191,75,,,,1.0,137.0,52.0,1,169,22,8,3
42:42.8,,,76,,98.5,,,,,,,53,-2.2561955,43.273277,101.45704,28.340114198045654,42:42.7,6,0.159,0101000020E6100000ABC70532B00C02C0761822CAFAA24540,20230420_DACIA_EIBAR_DONOSTIA_053,,d2,19:34.5,05:18.0,DACIA_SPRING,Dacia Spring 33 kW,33000,139,43:20.0,8.1,13.0,300,WNW,0.8647300096442256,56.18600081897867,191,75,,,,1.0,137.0,52.0,1,169,22,100,3
42:48.3,,,76,,98.5,,,,,,,53,-2.2554748,43.274353000000005,104.34417,28.47326024360557,42:48.7,6,-0.46,0101000020E6100000484BE45D360B02C0AC0B52011EA34540,20230420_DACIA_EIBAR_DONOSTIA_053,,d2,19:34.5,05:18.0,DACIA_SPRING,Dacia Spring 33 kW,33000,139,43:20.0,8.1,13.0,300,WNW,-2.9970474696462768,73.32899029975701,191,75,,,,1.0,137.0,52.0,1,169,22,100,3
42:53.8,,,76,,98.5,,,,,,,53,-2.255196,43.275284,105.51668,28.579221245537557,42:53.8,6,0.07,0101000020E610000027C37B3DA40A02C00AC1EF793CA34540,20230420_DACIA_EIBAR_DONOSTIA_053,,d2,19:34.5,05:18.0,DACIA_SPRING,Dacia Spring 33 kW,33000,139,43:20.0,8.1,13.0,300,WNW,-2.0621267369915817,69.12710307053109,191,75,,,,1.0,137.0,52.0,1,169,22,100,3
42:59.3,,,76,,98.5,,,,,,,53,-2.2548265,43.276253,106.14675,28.691046220561535,42:58.8,6,0.431,0101000020E61000006AB5FB7CE20902C09C3DEE325CA34540,20230420_DACIA_EIBAR_DONOSTIA_053,,d2,19:34.5,05:18.0,DACIA_SPRING,Dacia Spring 33 kW,33000,139,43:20.0,8.1,13.0,300,WNW,3.696875907614107,43.47850286571108,191,75,,,,1.0,137.0,52.0,1,169,22,8,3
43:05.1,,,76,,98.5,,,,,,,53,-2.2537540000000003,43.27727,108.80701,28.83364321004314,43:04.8,6,0.22,0101000020E61000007FCF7317B00702C07D44D29C7DA34540,20230420_DACIA_EIBAR_DONOSTIA_053,,d2,19:34.5,05:18.0,DACIA_SPRING,Dacia Spring 33 kW,33000,139,43:20.0,8.1,13.0,300,WNW,8.122226041582616,21.33347246149765,191,75,,,,1.0,137.0,52.0,1,169,22,40,4
43:10.7,,,76,,98.5,,,,,,,53,-2.2521486,43.277897,106.96146,28.98113861890611,43:10.9,6,-0.179,0101000020E6100000722E9A82660402C02A785D1292A34540,20230420_DACIA_EIBAR_DONOSTIA_053,,d2,19:34.5,05:18.0,DACIA_SPRING,Dacia Spring 33 kW,33000,139,43:20.0,8.1,13.0,300,WNW,11.570267040800616,-2.875828243780288,191,75,,,,1.0,137.0,52.0,1,169,22,40,4
43:16.3,,,76,,98.5,,,,,,,53,-2.2506158,43.27782,107.03537,29.10552012888454,43:15.9,6,0.363,0101000020E6100000B61997E5420102C049108D958FA34540,20230420_DACIA_EIBAR_DONOSTIA_053,,d2,19:34.5,05:18.0,DACIA_SPRING,Dacia Spring 33 kW,33000,139,43:20.0,8.1,13.0,300,WNW,11.858314359521502,-5.808095678928631,191,75,,,,1.0,137.0,52.0,1,169,22,120,4
43:21.8,,,76,,98.5,,,,,,,53,-2.2486496,43.27762,103.0712,29.266287395367414,43:22.0,6,-0.111,0101000020E610000097BFBE093CFD01C0C5AD52F288A34540,20230420_DACIA_EIBAR_DONOSTIA_053,,d2,19:34.5,05:18.0,DACIA_SPRING,Dacia Spring 33 kW,33000,139,43:20.0,8.1,13.0,300,WNW,11.04796877112966,1.80532098422184,191,75,,,,1.0,137.0,52.0,1,169,22,80,4
43:27.3,,,76,,98.5,,,,,,,53,-2.246746,43.27768,102.28324,29.420538517107964,43:27.0,6,0.36,0101000020E6100000B597520156F901C09B5902FE8AA34540,20230420_DACIA_EIBAR_DONOSTIA_053,,d2,19:34.5,05:18.0,DACIA_SPRING,Dacia Spring 33 kW,33000,139,43:20.0,8.1,13.0,300,WNW,10.191569705862037,8.374770108876014,191,75,,,,1.0,137.0,52.0,1,169,22,20,4
43:32.9,,,76,,98.5,,,,,,,53,-2.244518,43.278008,99.878746,29.604570577630376,43:33.0,6,-0.089,0101000020E61000007765B0DFC5F401C0170833BD95A34540,20230420_DACIA_EIBAR_DONOSTIA_053,,d2,19:34.5,05:18.0,DACIA_SPRING,Dacia Spring 33 kW,33000,139,43:40.2,8.1,13.0,300,WNW,9.486379573180365,13.136948031179775,191,75,,,,1.0,137.0,52.0,1,169,22,25,4
43:38.3,,,76,,98.5,,,,,,,53,-2.2427227000000003,43.278427,97.519295,29.757210097812127,43:38.1,6,0.2689999999999999,0101000020E6100000917C14AE18F101C0E813FB74A3A34540,20230420_DACIA_EIBAR_DONOSTIA_053,,d2,19:34.5,05:18.0,DACIA_SPRING,Dacia Spring 33 kW,33000,139,43:40.2,8.1,13.0,300,WNW,8.57724450195413,18.716290584363783,191,75,,,,1.0,137.0,52.0,1,169,22,20,4
43:43.9,,,76,,98.5,,,,,,,53,-2.2402463,43.279266,93.105064,29.978370220437775,43:44.2,6,-0.291,0101000020E6100000596C1D4606EC01C002DC59F5BEA34540,20230420_DACIA_EIBAR_DONOSTIA_053,,d2,19:34.5,05:18.0,DACIA_SPRING,Dacia Spring 33 kW,33000,139,43:40.2,8.1,13.0,300,WNW,6.899833486509101,27.9434225253348,191,75,,,,1.0,137.0,52.0,1,169,22,20,4
43:49.4,,,76,,98.5,,,,,,,53,-2.2388437000000003,43.28001,91.720085,30.11886221542513,43:49.2,6,0.181,0101000020E61000001C6EA2D126E901C0563B6D56D7A34540,20230420_DACIA_EIBAR_DONOSTIA_053,,d2,19:34.5,05:18.0,DACIA_SPRING,Dacia Spring 33 kW,33000,139,43:40.2,8.1,13.0,300,WNW,2.2669259750846127,49.95748280703544,191,75,,,,1.0,137.0,52.0,1,169,22,40,4
43:55.5,,,76,,98.5,,,,,,,53,-2.2376924,43.28138,92.962585,30.297451153304184,43:55.3,6,0.21,0101000020E61000000B792B3ACBE601C0B698573704A44540,20230420_DACIA_EIBAR_DONOSTIA_053,,d2,19:34.5,05:18.0,DACIA_SPRING,Dacia Spring 33 kW,33000,139,43:40.2,8.1,13.0,300,WNW,3.003114118100223,46.64352999099377,191,75,,,,1.0,137.0,52.0,1,169,22,40,4
44:01.2,,,76,,98.5,,,,,,,53,-2.2365499,43.28259,88.07176,30.46079055519955,44:01.3,6,-0.119,0101000020E6100000A35B463C74E401C02F99F2E62BA44540,20230420_DACIA_EIBAR_DONOSTIA_053,,d2,19:34.5,05:18.0,DACIA_SPRING,Dacia Spring 33 kW,33000,139,43:40.2,8.1,13.0,300,WNW,5.339193971189613,35.750730462181124,113,63,,,,13.0,94.0,5.0,1,102,11,25,4
44:06.7,,,76,,98.5,,,,,,,53,-2.2353067,43.283485,83.33771999999999,30.602401465900975,44:06.4,6,0.369,0101000020E610000021341675E8E101C07943223349A44540,20230420_DACIA_EIBAR_DONOSTIA_053,,d2,19:34.5,05:18.0,DACIA_SPRING,Dacia Spring 33 kW,33000,139,43:40.2,8.1,13.0,300,WNW,7.033952876092973,27.243267170641964,113,63,,,,13.0,94.0,5.0,1,102,11,8,4
44:12.3,,,75,,98.5,,,,,,,53,-2.2335432,43.284393,80.64705,30.777267827883108,44:12.4,6,-0.109,0101000020E6100000777262D14BDE01C05E62BE0A67A44540,20230420_DACIA_EIBAR_DONOSTIA_053,,d2,19:34.5,05:18.0,DACIA_SPRING,Dacia Spring 33 kW,33000,139,43:40.2,8.1,13.0,300,WNW,9.254271076030951,14.61297620613822,113,63,,,,13.0,94.0,5.0,1,102,11,25,3
44:17.8,,,75,,98.5,,,,,,,53,-2.2317712000000003,43.284855,78.672455,30.929637462628843,44:17.4,6,0.381,0101000020E61000002C2BD5D1AADA01C05CC32C1A76A44540,20230420_DACIA_EIBAR_DONOSTIA_053,,d2,19:34.5,05:18.0,DACIA_SPRING,Dacia Spring 33 kW,33000,139,43:40.2,8.1,13.0,300,WNW,10.62234998938481,5.204080348591943,113,63,,,,13.0,94.0,5.0,1,102,11,25,3
44:23.4,,,75,,98.5,,,,,,,53,-2.2296302000000003,43.28505,76.679924,31.104302536894778,44:23.5,6,-0.08,0101000020E610000052AB3D6048D601C0B4801F8D7CA44540,20230420_DACIA_EIBAR_DONOSTIA_053,,d2,19:34.5,05:18.0,DACIA_SPRING,Dacia Spring 33 kW,33000,139,43:40.2,8.1,13.0,300,WNW,11.298191955935378,-0.3532588536860338,113,63,,,,13.0,94.0,5.0,1,102,11,8,3
44:28.9,,,75,,98.5,,,,,,,53,-2.2280083,43.28504,76.914116,31.23559140482974,44:28.5,6,0.3879999999999999,0101000020E6100000187587F9F5D201C0122615377CA44540,20230420_DACIA_EIBAR_DONOSTIA_053,,d2,19:34.5,05:18.0,DACIA_SPRING,Dacia Spring 33 kW,33000,139,43:40.2,8.1,13.0,300,WNW,10.990014818120953,2.2867100583997506,113,63,,,,13.0,94.0,5.0,1,102,11,8,3
44:34.4,,,75,,98.5,,,,,,,53,-2.2259548,43.285122,78.39287,31.402067384049584,44:34.6,6,-0.123,0101000020E61000007612E46DC1CE01C0CFDD8AD77EA44540,20230420_DACIA_EIBAR_DONOSTIA_053,,d2,19:34.5,05:18.0,DACIA_SPRING,Dacia Spring 33 kW,33000,139,43:40.2,8.1,13.0,300,WNW,10.331221840050189,7.372186255353258,113,63,,,,13.0,94.0,5.0,1,102,11,120,3
44:39.9,,,74,,98.5,,,,,,,53,-2.2241926,43.28535,79.472946,31.54694694998158,44:39.6,6,0.33,0101000020E61000004A88BD8125CB01C0669AC86486A44540,20230420_DACIA_EIBAR_DONOSTIA_053,,d2,19:34.5,05:18.0,DACIA_SPRING,Dacia Spring 33 kW,33000,139,43:40.2,8.1,13.0,300,WNW,10.241529088721377,8.018685512098221,113,63,,,,13.0,94.0,5.0,1,102,11,120,3
44:45.5,,,74,,98.5,,,,,,,53,-2.222205,43.28563,80.25796,31.71081794014765,44:45.7,6,-0.139,0101000020E610000028AA1C5913C701C00204048B8FA44540,20230420_DACIA_EIBAR_DONOSTIA_053,,d2,19:34.5,05:18.0,DACIA_SPRING,Dacia Spring 33 kW,33000,139,43:40.2,8.1,13.0,300,WNW,11.700902331638726,-4.167192388241977,113,63,,,,13.0,94.0,5.0,1,102,11,8,3
44:51.2,,,74,,98.5,,,,,,,53,-2.220558,43.28551,80.24844,31.8447985510796,44:50.7,6,0.439,0101000020E6100000BF49D2D8B3C301C0A8BFDDA88BA44540,20230420_DACIA_EIBAR_DONOSTIA_053,,d2,19:34.5,05:18.0,DACIA_SPRING,Dacia Spring 33 kW,33000,139,43:40.2,8.1,13.0,300,WNW,12.688532231161515,-17.4326574927454,113,63,,,,13.0,94.0,5.0,1,102,11,8,3
44:56.7,,,74,,98.5,,,,,,,53,-2.2186918,43.284924,83.296555,32.009339574579,44:56.7,6,-0.03,0101000020E6100000CE6A3870E1BF01C090C9796278A44540,20230420_DACIA_EIBAR_DONOSTIA_053,,d2,19:34.5,05:18.0,DACIA_SPRING,Dacia Spring 33 kW,33000,139,43:40.2,8.1,13.0,300,WNW,12.96122040658986,-25.573345783158,113,63,,,,13.0,94.0,5.0,1,102,11,8,3
45:02.2,,,74,,98.5,,,,,,,53,-2.2173586,43.284286,85.24562,32.1385002878096,45:01.8,6,0.35,0101000020E6100000D9DF807626BD01C0A62C108863A44540,20230420_DACIA_EIBAR_DONOSTIA_053,,d2,19:34.5,05:18.0,DACIA_SPRING,Dacia Spring 33 kW,33000,139,43:40.2,8.1,13.0,300,WNW,12.762065366908605,-40.97891478381612,113,63,,,,13.0,94.0,5.0,1,102,11,8,3
45:07.8,,,74,,98.5,,,,,,,53,-2.2160416,43.283142,88.25519,32.30449901942974,45:07.8,6,0.05,0101000020E610000032C360F973BA01C07F1C23F33DA44540,20230420_DACIA_EIBAR_DONOSTIA_053,,d2,19:34.5,05:18.0,DACIA_SPRING,Dacia Spring 33 kW,33000,139,43:40.2,8.1,13.0,300,WNW,12.999206950742485,-29.36712455853103,113,63,,,,13.0,94.0,5.0,1,102,11,100,4
45:13.4,,,74,,98.5,,,,,,,53,-2.2144742,43.28226,95.31122,32.46501738964217,45:13.9,6,-0.46,0101000020E6100000CE3820393EB701C098C7D42A21A44540,20230420_DACIA_EIBAR_DONOSTIA_053,,d2,19:34.5,05:18.0,DACIA_SPRING,Dacia Spring 33 kW,33000,139,43:40.2,8.1,13.0,300,WNW,12.885310910295653,-22.383651424856563,113,63,,,,13.0,94.0,5.0,1,102,11,100,4
45:19.0,,,74,,98.5,,,,,,,53,-2.213163,43.28172,98.99136,32.587019997297546,45:18.9,6,0.09,0101000020E61000004F1E8ABA8EB401C0970EA5660FA44540,20230420_DACIA_EIBAR_DONOSTIA_053,,d2,19:34.5,05:18.0,DACIA_SPRING,Dacia Spring 33 kW,33000,139,43:40.2,8.1,13.0,300,WNW,12.786899393839066,-19.61148797793752,113,63,,,,13.0,94.0,5.0,1,102,11,120,4
45:24.6,,,74,,98.5,,,,,,,53,-2.2116194,43.28117,102.26922,32.72617565641922,45:24.9,6,-0.27,0101000020E61000009633127665B101C0C3320F59FDA34540,20230420_DACIA_EIBAR_DONOSTIA_053,,d2,19:34.5,05:18.0,DACIA_SPRING,Dacia Spring 33 kW,33000,139,43:40.2,8.1,13.0,300,WNW,12.934105957687162,-24.228713356667964,113,63,,,,13.0,94.0,5.0,1,102,11,100,4
45:30.2,,,74,,98.5,,,,,,,53,-2.210635,43.280727,103.00379,32.819861667435596,45:30.0,6,0.18,0101000020E6100000FD05A35D61AF01C04D4EF8E8EEA34540,20230420_DACIA_EIBAR_DONOSTIA_053,,d2,19:34.5,05:18.0,DACIA_SPRING,Dacia Spring 33 kW,33000,139,43:40.2,8.1,13.0,300,WNW,11.258330249197698,0.0,113,63,,,,13.0,94.0,5.0,1,102,11,40,4
45:35.7,,,74,,98.5,,,,,,,53,-2.210635,43.280727,103.00379,32.819861667435596,45:36.0,6,-0.24,0101000020E6100000FD05A35D61AF01C04D4EF8E8EEA34540,20230420_DACIA_EIBAR_DONOSTIA_053,,d2,19:34.5,05:18.0,DACIA_SPRING,Dacia Spring 33 kW,33000,139,43:40.2,8.1,13.0,300,WNW,11.258330249197698,0.0,113,63,,,,13.0,94.0,5.0,1,102,11,40,4
45:41.2,,,74,,98.5,,,,,,,53,-2.210635,43.280727,103.00379,32.819861667435596,45:41.0,6,0.171,0101000020E6100000FD05A35D61AF01C04D4EF8E8EEA34540,20230420_DACIA_EIBAR_DONOSTIA_053,,d2,19:34.5,05:18.0,DACIA_SPRING,Dacia Spring 33 kW,33000,139,43:40.2,8.1,13.0,300,WNW,11.258330249197698,0.0,113,63,,,,13.0,94.0,5.0,1,102,11,40,4
45:47.9,,,74,,98.5,,,,,,,53,-2.210635,43.280727,103.00379,32.819861667435596,45:48.2,6,-0.259,0101000020E6100000FD05A35D61AF01C04D4EF8E8EEA34540,20230420_DACIA_EIBAR_DONOSTIA_053,,d2,19:34.5,05:18.0,DACIA_SPRING,Dacia Spring 33 kW,33000,139,43:40.2,8.1,13.0,300,WNW,11.258330249197698,0.0,113,63,,,,13.0,94.0,5.0,1,102,11,40,4
45:54.2,,,74,,98.5,,,,,,,53,-2.210635,43.280727,103.00379,32.819861667435596,45:53.5,6,0.68,0101000020E6100000FD05A35D61AF01C04D4EF8E8EEA34540,20230420_DACIA_EIBAR_DONOSTIA_053,,d2,19:34.5,05:18.0,DACIA_SPRING,Dacia Spring 33 kW,33000,139,43:40.2,8.1,13.0,300,WNW,10.830098132937042,3.5830960056879224,113,63,,,,13.0,94.0,5.0,1,102,11,40,4
45:59.7,,,74,,98.5,,,,,,,53,-2.2012448,43.281315,114.08571,33.58288458852724,45:59.3,6,0.38,0101000020E610000053D2FB3E269C01C083699B1A02A44540,20230420_DACIA_EIBAR_DONOSTIA_053,,d2,19:34.5,05:18.0,DACIA_SPRING,Dacia Spring 33 kW,33000,139,43:40.2,8.1,13.0,300,WNW,11.07863519752514,1.547937615808302,113,63,,,,13.0,94.0,5.0,1,102,11,100,4
46:05.2,,,74,,98.5,,,,,,,53,-2.1991355,43.281372,122.58888,33.75396034286202,46:05.3,6,-0.09,0101000020E610000056401956D49701C077C8BA0504A44540,20230420_DACIA_EIBAR_DONOSTIA_053,,d2,19:34.5,05:18.0,DACIA_SPRING,Dacia Spring 33 kW,33000,139,48:20.0,4.3,6.8,290,WNW,6.576832401178434,-5.280478011046414,113,63,,,,13.0,94.0,5.0,1,102,11,100,4
46:10.8,,,74,,98.5,,,,,,,53,-2.1973827,43.28121,114.42933,33.89722014139748,46:10.4,6,0.439,0101000020E61000008E32406C3D9401C0335745C6FEA34540,20230420_DACIA_EIBAR_DONOSTIA_053,,d2,19:34.5,05:18.0,DACIA_SPRING,Dacia Spring 33 kW,33000,139,48:20.0,4.3,6.8,290,WNW,6.594546911240165,-5.879857194141916,113,63,,,,13.0,94.0,5.0,1,102,11,55,4
46:16.6,,,74,,98.5,,,,,,,53,-2.1952853,43.280994,103.40464,34.0690486836649,46:16.5,6,0.16,0101000020E61000004EF2EBB7F18F01C0C2A7F391F7A34540,20230420_DACIA_EIBAR_DONOSTIA_053,,d2,19:34.5,05:18.0,DACIA_SPRING,Dacia Spring 33 kW,33000,139,48:20.0,4.3,6.8,290,WNW,6.394103715716269,-0.1035761143528753,113,63,,,,13.0,94.0,5.0,1,102,11,8,4
46:22.4,,,74,,98.5,,,,,,,53,-2.1930726000000003,43.28099,99.74057,34.24820462552453,46:22.6,6,-0.211,0101000020E610000078581BAE698B01C0E8E2437BF7A34540,20230420_DACIA_EIBAR_DONOSTIA_053,,d2,19:34.5,05:18.0,DACIA_SPRING,Dacia Spring 33 kW,33000,139,48:20.0,4.3,6.8,290,WNW,6.087911806141272,6.455434771493163,113,63,,,,13.0,94.0,5.0,1,102,11,8,5
46:28.1,,,74,,98.5,,,,,,,53,-2.1908631,43.28124,92.91322,34.429339246388494,46:28.6,6,-0.512,0101000020E6100000AA1C463BE38601C068D0AD9CFFA34540,20230420_DACIA_EIBAR_DONOSTIA_053,,d2,19:34.5,05:18.0,DACIA_SPRING,Dacia Spring 33 kW,33000,139,48:20.0,4.3,6.8,290,WNW,6.364289440836171,0.6219107660111558,113,63,,,,13.0,94.0,5.0,1,102,11,8,5
46:34.1,,,74,,98.5,,,,,,,53,-2.1890206,43.28126,84.69363,34.578731737394044,46:34.1,6,0.001,0101000020E61000000526D63B1D8301C05B8E3E5100A44540,20230420_DACIA_EIBAR_DONOSTIA_053,,d2,19:34.5,05:18.0,DACIA_SPRING,Dacia Spring 33 kW,33000,139,48:20.0,4.3,6.8,290,WNW,6.501056440227396,-2.94774556390352,113,63,,,,13.0,94.0,5.0,1,102,11,8,5
46:39.7,,,74,,98.5,,,,,,,53,-2.1868844,43.28115,77.81145500000001,34.752224977286325,46:39.6,6,0.131,0101000020E61000006DDCFE31BD7E01C0B72866C7FCA34540,20230420_DACIA_EIBAR_DONOSTIA_053,,d2,19:34.5,05:18.0,DACIA_SPRING,Dacia Spring 33 kW,33000,139,48:20.0,4.3,6.8,290,WNW,5.983747035763022,8.362123738778239,113,63,,,,13.0,94.0,5.0,1,102,11,55,5
46:45.2,,,74,,98.5,,,,,,,53,-2.1849115,43.28144,76.48362,34.91515868622259,46:45.6,6,-0.3989999999999999,0101000020E6100000E97E70DDB27A01C0533C493506A44540,20230420_DACIA_EIBAR_DONOSTIA_053,,d2,19:34.5,05:18.0,DACIA_SPRING,Dacia Spring 33 kW,33000,139,48:20.0,4.3,6.8,290,WNW,5.543521058420132,15.390514633680898,113,63,,,,13.0,94.0,5.0,1,102,11,55,5
46:50.7,,,74,,98.5,,,,,,,53,-2.1832404,43.2819,74.87804,35.05978890876704,46:50.6,6,0.08,0101000020E6100000ACC6B0B1467701C081B7BB3315A44540,20230420_DACIA_EIBAR_DONOSTIA_053,,d2,19:34.5,05:18.0,DACIA_SPRING,Dacia Spring 33 kW,33000,139,48:20.0,4.3,6.8,290,WNW,5.978798272720412,8.449775989161152,113,63,,,,13.0,94.0,5.0,1,102,11,55,5
46:56.4,,,74,,98.5,,,,,,,53,-2.181019,43.28223,70.054214,35.24337708727132,46:56.7,6,-0.308,0101000020E6100000B63B9721BA7201C0D7A1BD2020A44540,20230420_DACIA_EIBAR_DONOSTIA_053,,d2,19:34.5,05:18.0,DACIA_SPRING,Dacia Spring 33 kW,33000,139,48:20.0,4.3,6.8,290,WNW,6.666607068988247,-8.63257500312771,113,63,,,,13.0,94.0,5.0,1,102,11,55,5
47:01.8,,,73,,98.5,,,,,,,53,-2.1792142000000005,43.281956,67.26935999999999,35.39264195241675,47:01.7,6,0.089,0101000020E61000000AE56FD9076F01C010BA3F1417A44540,20230420_DACIA_EIBAR_DONOSTIA_053,,d2,19:34.5,05:18.0,DACIA_SPRING,Dacia Spring 33 kW,33000,139,48:20.0,4.3,6.8,290,WNW,6.719086281508728,-28.847607303349985,113,63,,,,13.0,94.0,5.0,1,102,11,8,5
47:07.5,,,73,,98.5,,,,,,,53,-2.1775658,43.281048,63.606052000000005,35.56001195070794,47:07.8,6,-0.288,0101000020E61000008F870091A76B01C04B53CB67F9A34540,20230420_DACIA_EIBAR_DONOSTIA_053,,d2,19:34.5,05:18.0,DACIA_SPRING,Dacia Spring 33 kW,33000,139,48:20.0,4.3,6.8,290,WNW,6.308835792515795,-41.91017989898898,113,63,,,,13.0,94.0,5.0,1,102,11,8,5
47:12.9,,,73,,98.5,,,,,,,53,-2.1764138,43.280014,66.05561999999999,35.70807234038078,47:12.8,6,0.04,0101000020E61000001539429C4B6901C01C567173D7A34540,20230420_DACIA_EIBAR_DONOSTIA_053,,d2,19:34.5,05:18.0,DACIA_SPRING,Dacia Spring 33 kW,33000,139,48:20.0,4.3,6.8,290,WNW,6.645861466191915,-32.222571261311536,113,63,,,,13.0,94.0,5.0,1,102,11,8,6
47:18.5,,,73,,98.5,,,,,,,53,-2.1748288,43.279015,67.12212,35.8777893717866,47:18.9,6,-0.37,0101000020E61000007D5623A40C6601C024DB56CAB6A34540,20230420_DACIA_EIBAR_DONOSTIA_053,,d2,19:34.5,05:18.0,DACIA_SPRING,Dacia Spring 33 kW,33000,139,48:20.0,4.3,6.8,290,WNW,6.776357955513635,-15.220839698035888,113,63,,,,13.0,94.0,5.0,1,102,11,25,6
47:23.9,,,73,,98.5,,,,,,,53,-2.1731455000000004,43.278557,66.54926999999999,36.02326402049223,47:23.9,6,0.03,0101000020E6100000DBCF591E9A6201C046F95AB4A7A34540,20230420_DACIA_EIBAR_DONOSTIA_053,,d2,19:34.5,05:18.0,DACIA_SPRING,Dacia Spring 33 kW,33000,139,48:20.0,4.3,6.8,290,WNW,6.615262076097741,-6.614045138082757,113,63,,,,13.0,94.0,5.0,1,102,11,40,6
47:29.6,,,73,,98.5,,,,,,,53,-2.1709032,43.278297,65.121185,36.20707911760235,47:30.0,6,-0.4,0101000020E6100000A7286B8D025E01C0FF4D224E9FA34540,20230420_DACIA_EIBAR_DONOSTIA_053,,d2,19:34.5,05:18.0,DACIA_SPRING,Dacia Spring 33 kW,33000,139,48:20.0,4.3,6.8,290,WNW,6.352387402614935,0.9047947007680164,113,63,,,,13.0,94.0,5.0,1,102,11,25,6
47:35.1,,,73,,98.5,,,,,,,53,-2.1689403,43.278328,65.47201,36.36602050982011,47:35.0,6,0.109,0101000020E610000080D5CB66FD5901C04385B53FA0A34540,20230420_DACIA_EIBAR_DONOSTIA_053,,d2,19:34.5,05:18.0,DACIA_SPRING,Dacia Spring 33 kW,33000,139,48:20.0,4.3,6.8,290,WNW,5.897371233582314,9.8581669965164,113,63,,,,13.0,94.0,5.0,1,102,11,25,6
47:40.7,,,73,,98.5,,,,,,,53,-2.1669147,43.27868,65.66978,36.53460610567693,47:41.1,6,-0.379,0101000020E6100000D93CF960D75501C0F38C0EB4ABA34540,20230420_DACIA_EIBAR_DONOSTIA_053,,d2,19:34.5,05:18.0,DACIA_SPRING,Dacia Spring 33 kW,33000,139,48:20.0,4.3,6.8,290,WNW,5.511304774509475,15.856558226458493,113,63,,,,13.0,94.0,5.0,1,102,11,25,6
47:46.9,,,73,,98.5,,,,,,,53,-2.165091,43.279198,62.549324,36.69310844672768,47:47.1,6,-0.2289999999999999,0101000020E6100000E62D5B311B5201C094D14CC9BCA34540,20230420_DACIA_EIBAR_DONOSTIA_053,,d2,19:34.5,05:18.0,DACIA_SPRING,Dacia Spring 33 kW,33000,139,48:20.0,4.3,6.8,290,WNW,5.643247218335986,13.91263221060638,113,63,,,,13.0,94.0,5.0,1,102,11,100,6
47:52.5,,,73,,98.5,,,,,,,53,-2.1632905,43.279644,59.009815,36.84710926007091,47:52.2,6,0.2689999999999999,0101000020E610000038CB744B6B4E01C07DEE566ECBA34540,20230420_DACIA_EIBAR_DONOSTIA_053,,d2,19:34.5,05:18.0,DACIA_SPRING,Dacia Spring 33 kW,33000,139,48:20.0,4.3,6.8,290,WNW,6.13281380572653,5.59312278306204,113,63,,,,13.0,94.0,5.0,1,102,11,100,6
47:58.1,,,73,,98.5,,,,,,,53,-2.161769,43.279793,55.324963,36.97144111500152,47:58.2,6,-0.151,0101000020E61000006B0253724D4B01C0A4E23034D0A34540,20230420_DACIA_EIBAR_DONOSTIA_053,,d2,19:34.5,05:18.0,DACIA_SPRING,Dacia Spring 33 kW,33000,139,48:20.0,4.3,6.8,290,WNW,6.544152460698667,-4.233148820498648,113,63,,,,13.0,94.0,5.0,1,102,11,25,7
48:03.5,,,73,,98.5,,,,,,,53,-2.1607287,43.279716,54.547977,37.056092738974726,48:03.3,6,0.21,0101000020E610000055C4CF272C4901C03F2C79C6CDA34540,20230420_DACIA_EIBAR_DONOSTIA_053,,d2,19:34.5,05:18.0,DACIA_SPRING,Dacia Spring 33 kW,33000,139,48:20.0,4.3,6.8,290,WNW,6.750012661431403,-13.048483068393866,113,63,,,,13.0,94.0,5.0,1,102,11,100,7
48:09.1,,,73,,98.5,,,,,,,53,-2.1597967,43.2795,55.25704,37.13527373445848,48:09.3,6,-0.231,0101000020E6100000B27EEC8E434701C08B2BB4A7C6A34540,20230420_DACIA_EIBAR_DONOSTIA_053,,d2,19:34.5,05:18.0,DACIA_SPRING,Dacia Spring 33 kW,33000,139,48:20.0,4.3,6.8,290,WNW,6.702966719889009,-10.309162290999875,113,63,,,,13.0,94.0,5.0,1,102,11,100,7
48:14.5,,,73,,98.5,,,,,,,53,-2.1593294,43.279415,56.069412,37.17427392146375,48:14.4,6,0.109,0101000020E6100000571A177D4E4601C0C8B46FDEC3A34540,20230420_DACIA_EIBAR_DONOSTIA_053,,d2,19:34.5,05:18.0,DACIA_SPRING,Dacia Spring 33 kW,33000,139,48:20.0,4.3,6.8,290,WNW,6.139375389430503,5.464837186866411,113,63,,,,13.0,94.0,5.0,1,102,11,45,7
48:20.0,,,73,,98.5,,,,,,,53,-2.1591308,43.279434,54.81576999999999,37.190537603221635,48:20.4,6,-0.39,0101000020E61000008152E855E64501C036B7FC8FC4A34540,20230420_DACIA_EIBAR_DONOSTIA_053,,d2,19:34.5,05:18.0,DACIA_SPRING,Dacia Spring 33 kW,33000,139,48:20.0,4.3,6.8,290,WNW,-6.055956378050956,132.9464494382557,113,63,,,,13.0,94.0,5.0,1,102,11,45,7
48:25.6,,,73,,98.5,,,,,,,53,-2.159155,43.27946,53.251724,37.19436413494094,48:25.5,6,0.129,0101000020E61000006F003101F34501C09FB12F51C5A34540,20230420_DACIA_EIBAR_DONOSTIA_053,,d2,19:34.5,05:18.0,DACIA_SPRING,Dacia Spring 33 kW,33000,139,48:20.0,4.3,6.8,290,WNW,6.389909821344177,0.0,113,63,,,,13.0,94.0,5.0,1,102,11,45,7
48:31.2,,,73,,98.5,,,,,,,53,-2.159155,43.27946,53.251724,37.19436413494094,48:31.5,6,-0.342,0101000020E61000006F003101F34501C09FB12F51C5A34540,20230420_DACIA_EIBAR_DONOSTIA_053,,d2,19:34.5,05:18.0,DACIA_SPRING,Dacia Spring 33 kW,33000,139,48:40.2,4.3,6.8,290,WNW,6.389909821344177,0.0,113,63,,,,13.0,94.0,5.0,1,102,11,45,7
48:36.7,,,73,,98.5,,,,,,,53,-2.159155,43.27946,53.251724,37.19436413494094,48:36.5,6,0.12,0101000020E61000006F003101F34501C09FB12F51C5A34540,20230420_DACIA_EIBAR_DONOSTIA_053,,d2,19:34.5,05:18.0,DACIA_SPRING,Dacia Spring 33 kW,33000,139,48:40.2,4.3,6.8,290,WNW,6.533354724028443,-36.09828396755864,113,63,,,,13.0,94.0,5.0,1,102,11,45,7
48:42.2,,,73,,98.5,,,,,,,53,-2.159059,43.27939,53.54107,37.20536701679559,48:42.6,6,-0.411,0101000020E6100000321112CFC04501C053F943F3C2A34540,20230420_DACIA_EIBAR_DONOSTIA_053,,d2,19:34.5,05:18.0,DACIA_SPRING,Dacia Spring 33 kW,33000,139,48:40.2,4.3,6.8,290,WNW,6.389909821344177,0.0,113,63,,,,13.0,94.0,5.0,1,102,11,45,7
48:47.7,,,73,,98.5,,,,,,,53,-2.159059,43.27939,53.54107,37.20536701679559,48:47.6,6,0.1009999999999999,0101000020E6100000321112CFC04501C053F943F3C2A34540,20230420_DACIA_EIBAR_DONOSTIA_053,,d2,19:34.5,05:18.0,DACIA_SPRING,Dacia Spring 33 kW,33000,139,48:40.2,4.3,6.8,290,WNW,6.389909821344177,0.0,113,63,,,,13.0,94.0,5.0,1,102,11,45,7
48:53.3,,,73,,98.5,,,,,,,53,-2.159059,43.27939,53.54107,37.20536701679559,48:53.7,6,-0.4,0101000020E6100000321112CFC04501C053F943F3C2A34540,20230420_DACIA_EIBAR_DONOSTIA_053,,d2,19:34.5,05:18.0,DACIA_SPRING,Dacia Spring 33 kW,33000,139,48:40.2,4.3,6.8,290,WNW,6.389909821344177,0.0,113,63,,,,13.0,94.0,5.0,1,102,11,45,7
48:58.9,,,73,,98.5,,,,,,,53,-2.159059,43.27939,53.54107,37.20536701679559,48:58.7,6,0.139,0101000020E6100000321112CFC04501C053F943F3C2A34540,20230420_DACIA_EIBAR_DONOSTIA_053,,d2,19:34.5,05:18.0,DACIA_SPRING,Dacia Spring 33 kW,33000,139,48:40.2,4.3,6.8,290,WNW,6.389909821344177,0.0,113,63,,,,13.0,94.0,5.0,1,102,11,45,7
49:04.4,,,73,,98.5,,,,,,,53,-2.159059,43.27939,53.54107,37.20536701679559,49:04.8,6,-0.312,0101000020E6100000321112CFC04501C053F943F3C2A34540,20230420_DACIA_EIBAR_DONOSTIA_053,,d2,19:34.5,05:18.0,DACIA_SPRING,Dacia Spring 33 kW,33000,139,48:40.2,4.3,6.8,290,WNW,6.389909821344177,0.0,113,63,,,,13.0,94.0,5.0,1,102,11,45,7
49:10.1,,,73,,98.5,,,,,,,53,-2.159059,43.27939,53.54107,37.20536701679559,49:09.8,6,0.33,0101000020E6100000321112CFC04501C053F943F3C2A34540,20230420_DACIA_EIBAR_DONOSTIA_053,,d2,19:34.5,05:18.0,DACIA_SPRING,Dacia Spring 33 kW,33000,139,48:40.2,4.3,6.8,290,WNW,6.389909821344177,0.0,113,63,,,,13.0,94.0,5.0,1,102,11,45,7
49:15.6,,,73,,98.5,,,,,,,53,-2.159059,43.27939,53.54107,37.20536701679559,49:15.8,6,-0.281,0101000020E6100000321112CFC04501C053F943F3C2A34540,20230420_DACIA_EIBAR_DONOSTIA_053,,d2,19:34.5,05:18.0,DACIA_SPRING,Dacia Spring 33 kW,33000,139,48:40.2,4.3,6.8,290,WNW,6.389909821344177,0.0,113,63,,,,13.0,94.0,5.0,1,102,11,45,7
49:21.1,,,73,,98.5,,,,,,,53,-2.159059,43.27939,53.54107,37.20536701679559,49:20.9,6,0.21,0101000020E6100000321112CFC04501C053F943F3C2A34540,20230420_DACIA_EIBAR_DONOSTIA_053,,d2,19:34.5,05:18.0,DACIA_SPRING,Dacia Spring 33 kW,33000,139,48:40.2,4.3,6.8,290,WNW,6.389909821344177,0.0,113,63,,,,13.0,94.0,5.0,1,102,11,45,7
49:26.7,,,73,,98.5,,,,,,,53,-2.159059,43.27939,53.54107,37.20536701679559,49:26.9,6,-0.201,0101000020E6100000321112CFC04501C053F943F3C2A34540,20230420_DACIA_EIBAR_DONOSTIA_053,,d2,19:34.5,05:18.0,DACIA_SPRING,Dacia Spring 33 kW,33000,139,48:40.2,4.3,6.8,290,WNW,6.488956041532386,-37.396567589186375,113,63,,,,13.0,94.0,5.0,1,102,11,45,7
49:32.3,,,73,,98.5,,,,,,,53,-2.1589622000000004,43.279316,57.09796,37.21727348198959,49:32.0,6,0.298,0101000020E6100000D44198FC8D4501C0DFF6EEA6C0A34540,20230420_DACIA_EIBAR_DONOSTIA_053,,d2,19:34.5,05:18.0,DACIA_SPRING,Dacia Spring 33 kW,33000,139,48:40.2,4.3,6.8,290,WNW,6.601468287803459,-6.120927248307543,113,63,,,,13.0,94.0,5.0,1,102,11,45,7
49:37.9,,,73,,98.5,,,,,,,53,-2.1582162,43.279236,63.250687,37.278624785367974,49:38.0,6,-0.129,0101000020E6100000AD723BE0064401C0D5FB88FABDA34540,20230420_DACIA_EIBAR_DONOSTIA_053,,d2,19:34.5,05:18.0,DACIA_SPRING,Dacia Spring 33 kW,33000,139,48:40.2,4.3,6.8,290,WNW,6.33145485272684,1.3936416729343764,113,63,,,,13.0,94.0,5.0,1,102,11,90,7
49:43.4,,,72,,98.5,,,,,,,53,-2.1572297,43.27926,67.45657,37.35863937634953,49:43.0,6,0.3879999999999999,0101000020E610000007D66FA3014201C050A770C9BEA34540,20230420_DACIA_EIBAR_DONOSTIA_053,,d2,19:34.5,05:18.0,DACIA_SPRING,Dacia Spring 33 kW,33000,139,48:40.2,4.3,6.8,290,WNW,6.61227945782,-6.505920569002185,113,63,,,,13.0,94.0,5.0,1,102,11,90,7
49:49.1,,,72,,98.5,,,,,,,53,-2.1558793,43.279106,71.02195,37.46934790278459,49:49.1,6,0.031,0101000020E6100000C532DFAE3D3F01C024A602BDB9A34540,20230420_DACIA_EIBAR_DONOSTIA_053,,d2,19:34.5,05:18.0,DACIA_SPRING,Dacia Spring 33 kW,33000,139,48:40.2,4.3,6.8,290,WNW,6.608587392532271,-6.37324382146591,113,63,,,,13.0,94.0,5.0,1,102,11,80,7
49:54.6,,,72,,98.5,,,,,,,53,-2.1546617,43.27897,73.13518499999999,37.56909141429364,49:54.2,6,0.43,0101000020E61000004D32B035BF3C01C05439CD43B5A34540,20230420_DACIA_EIBAR_DONOSTIA_053,,d2,19:34.5,05:18.0,DACIA_SPRING,Dacia Spring 33 kW,33000,139,48:40.2,4.3,6.8,290,WNW,6.451331926293041,-1.5726597930643802,113,63,,,,13.0,94.0,5.0,1,102,11,45,7
50:00.2,,,72,,98.5,,,,,,,53,-2.1530955,43.278927,75.366714,37.6959892052406,50:00.2,6,-0.02,0101000020E6100000257B36238A3901C0FEEA44E3B3A34540,20230420_DACIA_EIBAR_DONOSTIA_053,,d2,19:34.5,05:18.0,DACIA_SPRING,Dacia Spring 33 kW,33000,139,48:40.2,4.3,6.8,290,WNW,6.385533452362427,0.1075369971670322,113,63,,,,13.0,94.0,5.0,1,102,11,90,7
50:05.6,,,72,,98.5,,,,,,,53,-2.1514971000000003,43.27893,77.4702,37.82540149312963,50:05.3,6,0.369,0101000020E6100000E698482E443601C06280ED00B4A34540,20230420_DACIA_EIBAR_DONOSTIA_053,,d2,19:34.5,05:18.0,DACIA_SPRING,Dacia Spring 33 kW,33000,139,48:40.2,4.3,6.8,290,WNW,6.1214751436060215,5.813403237836911,113,63,,,,13.0,94.0,5.0,1,102,11,45,7
50:11.2,,,72,,98.5,,,,,,,53,-2.1493952000000003,43.279144,77.87973000000001,37.99721194777489,50:11.3,6,-0.119,0101000020E61000006871EB14F63101C09D116DFCBAA34540,20230420_DACIA_EIBAR_DONOSTIA_053,,d2,19:34.5,05:18.0,DACIA_SPRING,Dacia Spring 33 kW,33000,139,48:40.2,4.3,6.8,290,WNW,5.31463615780754,18.59598940764943,113,63,,,,13.0,94.0,5.0,1,102,11,25,7
50:16.8,,,72,,98.5,,,,,,,53,-2.147817,43.279675,77.48071999999999,38.137955150596795,50:16.3,6,0.508,0101000020E61000000233D1A1BA2E01C0AEFF9764CCA34540,20230420_DACIA_EIBAR_DONOSTIA_053,,d2,19:34.5,05:18.0,DACIA_SPRING,Dacia Spring 33 kW,33000,139,48:40.2,4.3,6.8,290,WNW,4.00683384669358,33.89688591486544,113,63,,,,13.0,94.0,5.0,1,102,11,120,8
50:22.4,,,72,,98.5,,,,,,,53,-2.1462736,43.280712,77.94856,38.30797386038986,50:22.5,6,-0.061,0101000020E6100000B87D178E912B01C00F6AC26DEEA34540,20230420_DACIA_EIBAR_DONOSTIA_053,,d2,19:34.5,05:18.0,DACIA_SPRING,Dacia Spring 33 kW,33000,139,48:40.2,4.3,6.8,290,WNW,2.726781208642182,46.359464635138,113,63,,,,13.0,94.0,5.0,1,102,11,85,8
50:28.0,,,72,,98.5,,,,,,,53,-2.1450806,43.281963,80.055275,38.47732819028929,50:28.4,6,-0.429,0101000020E6100000F8173BF01F2901C005B0CB6A17A44540,20230420_DACIA_EIBAR_DONOSTIA_053,,d2,19:34.5,05:18.0,DACIA_SPRING,Dacia Spring 33 kW,33000,139,48:40.2,4.3,6.8,290,WNW,3.63157988753362,37.72009480887,113,63,,,,13.0,94.0,5.0,1,102,11,85,8
50:33.7,,,72,,98.5,,,,,,,53,-2.1440592,43.282753,83.31584000000001,38.59800647192092,50:33.5,6,0.178,0101000020E6100000A7B7D078082701C0E014343B31A44540,20230420_DACIA_EIBAR_DONOSTIA_053,,d2,19:34.5,05:18.0,DACIA_SPRING,Dacia Spring 33 kW,33000,139,48:40.2,4.3,6.8,290,WNW,5.1160588235508815,21.20463755584365,113,63,,,,13.0,94.0,5.0,1,102,11,8,8
50:39.2,,,72,,98.5,,,,,,,53,-2.142407,43.283394,86.68072,38.749592132662535,50:39.5,6,-0.289,0101000020E61000009EC45A48A62301C0CB01023446A44540,20230420_DACIA_EIBAR_DONOSTIA_053,,d2,19:34.5,05:18.0,DACIA_SPRING,Dacia Spring 33 kW,33000,139,48:40.2,4.3,6.8,290,WNW,6.050614286800379,7.152349024934789,113,63,,,,13.0,94.0,5.0,1,102,11,8,8
50:44.7,,,72,,98.5,,,,,,,53,-2.1408849,43.283585,89.46345,38.87464901232826,50:44.6,6,0.131,0101000020E6100000F9A6FF3E882001C0B2BC33764CA44540,20230420_DACIA_EIBAR_DONOSTIA_053,,d2,19:34.5,05:18.0,DACIA_SPRING,Dacia Spring 33 kW,33000,139,48:40.2,4.3,6.8,290,WNW,6.620128555623019,-6.792327854233384,113,63,,,,13.0,94.0,5.0,1,102,11,8,8
50:50.2,,,72,,98.5,,,,,,,53,-2.1390798,43.28337,92.43838,39.02273850070553,50:50.6,6,-0.401,0101000020E610000064C0C1EBD51C01C001DAC67145A44540,20230420_DACIA_EIBAR_DONOSTIA_053,,d2,19:34.5,05:18.0,DACIA_SPRING,Dacia Spring 33 kW,33000,139,48:40.2,4.3,6.8,290,WNW,6.657130760515987,-8.234351485850336,113,63,,,,13.0,94.0,5.0,1,102,11,8,8
50:55.8,,,72,,98.5,,,,,,,53,-2.137449,43.283134,92.61206,39.15732992022116,50:55.7,6,0.081,0101000020E610000091BE4EEA7E1901C04BA9F5C33DA44540,20230420_DACIA_EIBAR_DONOSTIA_053,,d2,19:34.5,05:18.0,DACIA_SPRING,Dacia Spring 33 kW,33000,139,48:40.2,4.3,6.8,290,WNW,6.43241469112031,-1.074894675319268,113,63,,,,13.0,94.0,5.0,1,102,11,8,8
51:01.3,,,72,,98.5,,,,,,,53,-2.1354237,43.283096,94.2662,39.32133488427759,51:01.8,6,-0.429,0101000020E61000007273BF0E591501C0BCF3EE883CA44540,20230420_DACIA_EIBAR_DONOSTIA_053,,d2,19:34.5,05:18.0,DACIA_SPRING,Dacia Spring 33 kW,33000,139,53:20.0,4.3,6.8,290,WNW,6.384392803281423,0.135474783222359,113,63,,,,13.0,94.0,5.0,1,102,11,8,8
51:06.9,,,72,,98.5,,,,,,,53,-2.133732,43.2831,97.17716,39.458304804437994,51:06.8,6,0.13,0101000020E6100000473B6B28E21101C078DA02A93CA44540,20230420_DACIA_EIBAR_DONOSTIA_053,,d2,19:34.5,05:18.0,DACIA_SPRING,Dacia Spring 33 kW,33000,139,53:20.0,4.3,6.8,290,WNW,6.575807459413179,-5.246527983083703,113,63,,,,13.0,94.0,5.0,1,102,11,120,8
51:12.5,,,72,,98.5,,,,,,,53,-2.1317391,43.282917,96.70044,39.62090359123315,51:12.8,6,-0.3289999999999999,0101000020E6100000E80AAD47CD0D01C055D3369A36A44540,20230420_DACIA_EIBAR_DONOSTIA_053,,d2,19:34.5,05:18.0,DACIA_SPRING,Dacia Spring 33 kW,33000,139,53:20.0,4.3,6.8,290,WNW,6.609376257158602,-6.401485473446544,395,104,18.0,101.0,238.0,,,,38,360,35,25,9
51:17.9,,,72,,98.5,,,,,,,53,-2.1301080000000003,43.282734000000005,98.023,39.75450243610049,51:17.8,6,0.09,0101000020E6100000AD0F3317760A01C0F90BBA9430A44540,20230420_DACIA_EIBAR_DONOSTIA_053,,d2,19:34.5,05:18.0,DACIA_SPRING,Dacia Spring 33 kW,33000,139,53:20.0,4.3,6.8,290,WNW,6.620289416791072,-6.798261344454647,395,104,18.0,101.0,238.0,,,,38,360,35,8,9
51:23.5,,,71,,98.5,,,,,,,53,-2.1279354,43.282475,99.636444,39.93271936243942,51:23.9,6,-0.32,0101000020E6100000D5F8800D030601C01C479E1728A44540,20230420_DACIA_EIBAR_DONOSTIA_053,,d2,19:34.5,05:18.0,DACIA_SPRING,Dacia Spring 33 kW,33000,139,53:20.0,4.3,6.8,290,WNW,6.621530868903949,-6.844141699655782,395,104,18.0,101.0,238.0,,,,38,360,35,8,8
51:29.1,,,71,,98.5,,,,,,,53,-2.1261191000000004,43.282257,100.196495,40.08173135052681,51:28.9,6,0.2,0101000020E61000009D9B50C64A0201C0D3F8C8F520A44540,20230420_DACIA_EIBAR_DONOSTIA_053,,d2,19:34.5,05:18.0,DACIA_SPRING,Dacia Spring 33 kW,33000,139,53:20.0,4.3,6.8,290,WNW,6.5742748666466095,-5.195904626901684,395,104,18.0,101.0,238.0,,,,38,360,35,120,8
51:34.6,,,71,,98.5,,,,,,,53,-2.1240187,43.282066,101.34889,40.25308053002621,51:34.9,6,-0.331,0101000020E61000002D7C748EFDFD00C04936C0C01AA44540,20230420_DACIA_EIBAR_DONOSTIA_053,,d2,19:34.5,05:18.0,DACIA_SPRING,Dacia Spring 33 kW,33000,139,53:20.0,4.3,6.8,290,WNW,6.313448642236099,1.805784444885438,395,104,18.0,101.0,238.0,,,,38,360,35,25,8
51:40.2,,,71,,98.5,,,,,,,53,-2.1223059,43.28212,101.98978,40.39186050606189,51:40.0,6,0.181,0101000020E610000016C0B0897BFA00C0372CFF8D1CA44540,20230420_DACIA_EIBAR_DONOSTIA_053,,d2,19:34.5,05:18.0,DACIA_SPRING,Dacia Spring 33 kW,33000,139,53:20.0,4.3,6.8,290,WNW,6.124691650637577,5.751093377545494,395,104,18.0,101.0,238.0,,,,38,360,35,8,8
51:45.7,,,71,,98.5,,,,,,,53,-2.120191,43.282333,102.01792,40.56468861411537,51:46.0,6,-0.319,0101000020E61000005F06B2CF26F600C0551A0B7623A44540,20230420_DACIA_EIBAR_DONOSTIA_053,,d2,19:34.5,05:18.0,DACIA_SPRING,Dacia Spring 33 kW,33000,139,53:20.0,4.3,6.8,290,WNW,6.578333745954198,-5.330347042719638,395,104,18.0,101.0,238.0,,,,38,360,35,120,8
51:51.2,,,70,,98.5,,,,,,,53,-2.118519,43.282177,102.037796,40.701141158480226,51:51.1,6,0.152,0101000020E6100000A090022FBAF200C059D3C06C1EA44540,20230420_DACIA_EIBAR_DONOSTIA_053,,d2,19:34.5,05:18.0,DACIA_SPRING,Dacia Spring 33 kW,33000,139,53:20.0,4.3,6.8,290,WNW,6.786913361654563,-16.4447765733423,395,104,18.0,101.0,238.0,,,,38,360,35,8,8
51:56.8,,,70,,98.5,,,,,,,53,-2.1165540000000003,43.281597,101.76707,40.872782856623346,51:57.1,6,-0.281,0101000020E610000049F58DE7B3EE00C09C288B560BA44540,20230420_DACIA_EIBAR_DONOSTIA_053,,d2,19:34.5,05:18.0,DACIA_SPRING,Dacia Spring 33 kW,33000,139,53:20.0,4.3,6.8,290,WNW,6.73508136817284,-12.07655638522306,290,56,,,,72.0,208.0,10.0,0,262,28,25,7
52:02.4,,,70,,98.5,,,,,,,53,-2.1145115000000003,43.28116,104.10408,41.045130496655126,52:02.3,6,0.135,0101000020E610000088EDC90385EA00C060D7B802FDA34540,20230420_DACIA_EIBAR_DONOSTIA_053,,d2,19:34.5,05:18.0,DACIA_SPRING,Dacia Spring 33 kW,33000,139,53:20.0,4.3,6.8,290,WNW,6.374089181418526,0.3861772502423732,395,104,18.0,101.0,238.0,,,,38,360,35,85,7
52:07.9,,,70,,98.5,,,,,,,53,-2.1124344,43.281174,105.70717,41.21328596722646,52:08.3,6,-0.421,0101000020E61000000DCBCC0244E600C03ED34F78FDA34540,20230420_DACIA_EIBAR_DONOSTIA_053,,d2,19:34.5,05:18.0,DACIA_SPRING,Dacia Spring 33 kW,33000,139,53:20.0,4.3,6.8,290,WNW,6.058251034766635,7.011009844135594,395,104,18.0,101.0,238.0,,,,38,360,35,85,7
52:13.4,,,70,,98.5,,,,,,,53,-2.1107268,43.281384,108.55438999999998,41.35350278052038,52:13.3,6,0.12,0101000020E6100000F99659CCC4E200C069BA306C04A44540,20230420_DACIA_EIBAR_DONOSTIA_053,,d2,19:34.5,05:18.0,DACIA_SPRING,Dacia Spring 33 kW,33000,139,53:20.0,4.3,6.8,290,WNW,5.970211801464163,8.601274899565503,395,104,18.0,101.0,238.0,,,,38,360,35,45,7
52:18.8,,,70,,98.5,,,,,,,53,-2.1090145,43.281643,112.94265,41.49514044551387,52:18.4,6,0.49,0101000020E6100000ED8350FB42DF00C08AFDD6E50CA44540,20230420_DACIA_EIBAR_DONOSTIA_053,,d2,19:34.5,05:18.0,DACIA_SPRING,Dacia Spring 33 kW,33000,139,53:20.0,4.3,6.8,290,WNW,5.381975445290939,17.677185106537515,395,104,18.0,101.0,238.0,,,,38,360,35,45,7
52:24.4,,,70,,98.5,,,,,,,53,-2.1069436,43.282303000000006,117.92459,41.67820522808137,52:24.4,6,-0.021,0101000020E61000001A2CFA3205DB00C060E4407E22A44540,20230420_DACIA_EIBAR_DONOSTIA_053,,d2,19:34.5,05:18.0,DACIA_SPRING,Dacia Spring 33 kW,33000,139,53:20.0,4.3,6.8,290,WNW,5.36163311237874,17.956731968732157,395,104,18.0,101.0,238.0,,,,38,360,35,45,7
52:29.9,,,70,,98.5,,,,,,,53,-2.1052496,43.282852,121.74576,41.82835399120598,52:29.4,6,0.43,0101000020E610000019FD23148DD700C008089D8A34A44540,20230420_DACIA_EIBAR_DONOSTIA_053,,d2,19:34.5,05:18.0,DACIA_SPRING,Dacia Spring 33 kW,33000,139,53:20.0,4.3,6.8,290,WNW,5.759419239785279,12.116008218833082,395,104,18.0,101.0,238.0,,,,38,360,35,45,7
52:36.4,,,70,,98.5,,,,,,,53,-2.1029298,43.28335,129.25682,42.0242738048367,52:36.5,6,-0.111,0101000020E6100000372D23E8CCD200C0C7B8E8E544A44540,20230420_DACIA_EIBAR_DONOSTIA_053,,d2,19:34.5,05:18.0,DACIA_SPRING,Dacia Spring 33 kW,33000,139,53:20.0,4.3,6.8,290,WNW,5.266922844433587,19.235976712410924,395,104,18.0,101.0,238.0,,,,38,360,35,45,6
52:41.9,,,70,,98.5,,,,,,,53,-2.1013622000000005,43.283897,133.49707,42.165053696757504,52:41.6,6,0.309,0101000020E61000004C6180F596CF00C0C6C05EC556A44540,20230420_DACIA_EIBAR_DONOSTIA_053,,d2,19:34.5,05:18.0,DACIA_SPRING,Dacia Spring 33 kW,33000,139,53:20.0,4.3,6.8,290,WNW,5.108121885503549,21.306053751135664,395,104,18.0,101.0,238.0,,,,38,360,35,8,6
52:47.4,,,70,,98.5,,,,,,,53,-2.0995212000000003,43.284615,137.23389,42.33415506144977,52:47.6,6,-0.1989999999999999,0101000020E6100000907B0EC9D1CB00C05AE74F3F6EA44540,20230420_DACIA_EIBAR_DONOSTIA_053,,d2,19:34.5,05:18.0,DACIA_SPRING,Dacia Spring 33 kW,33000,139,53:20.0,4.3,6.8,290,WNW,5.388058354631372,17.593249638470038,395,104,18.0,101.0,238.0,,,,38,360,35,8,6
52:52.9,,,70,,98.5,,,,,,,53,-2.0979822,43.285103,140.9843,42.47008607643184,52:52.7,6,0.249,0101000020E610000024A6EAD8AAC800C0374E77437EA44540,20230420_DACIA_EIBAR_DONOSTIA_053,,d2,19:34.5,05:18.0,DACIA_SPRING,Dacia Spring 33 kW,33000,139,53:20.0,4.3,6.8,290,WNW,5.429209843277971,17.021158670745493,395,104,18.0,101.0,238.0,,,,38,360,35,8,6
52:58.5,,,70,,98.5,,,,,,,53,-2.0962933999999995,43.28562,148.53404,42.61857278792892,52:58.8,6,-0.309,0101000020E6100000F5F02C8E35C500C0F6B2654E8FA44540,20230420_DACIA_EIBAR_DONOSTIA_053,,d2,19:34.5,05:18.0,DACIA_SPRING,Dacia Spring 33 kW,33000,139,53:20.0,4.3,6.8,290,WNW,4.805264814708027,25.036466667701237,395,104,18.0,101.0,238.0,,,,38,360,35,25,6
53:05.6,,,69,,98.5,,,,,,,53,-2.0948033,43.286316,153.10532,42.76195345146036,53:05.7,6,-0.079,0101000020E6100000D8B7FE3428C200C0EA5926FFA5A44540,20230420_DACIA_EIBAR_DONOSTIA_053,,d2,19:34.5,05:18.0,DACIA_SPRING,Dacia Spring 33 kW,33000,139,53:20.0,4.3,6.8,290,WNW,5.390500811010267,17.559502263928913,395,104,18.0,101.0,238.0,,,,38,360,35,25,6
53:11.2,,,69,,98.5,,,,,,,53,-2.0930905,43.286858,157.39833000000002,42.91318571091976,53:10.8,6,0.33,0101000020E6100000FF23F73DA6BE00C05B6278BDB7A44540,20230420_DACIA_EIBAR_DONOSTIA_053,,d2,19:34.5,05:18.0,DACIA_SPRING,Dacia Spring 33 kW,33000,139,53:20.0,4.3,6.8,290,WNW,6.513743688420099,-3.3161556466444773,395,104,18.0,101.0,238.0,,,,38,360,35,8,6
53:16.8,,,69,,98.5,,,,,,,53,-2.091054,43.28674,162.58598,43.07862725210704,53:16.8,6,-0.001,0101000020E6100000A4DA65867ABA00C0EEE063E3B3A44540,20230420_DACIA_EIBAR_DONOSTIA_053,,d2,19:34.5,05:18.0,DACIA_SPRING,Dacia Spring 33 kW,33000,139,53:20.0,4.3,6.8,290,WNW,6.658032119168805,-8.271655365450593,395,104,18.0,101.0,238.0,,,,38,360,35,8,5
53:22.4,,,69,,98.5,,,,,,,53,-2.089128,43.28646,170.70282,43.237808150570096,53:22.8,6,-0.43,0101000020E610000072148CC088B600C073B05AB8AAA44540,20230420_DACIA_EIBAR_DONOSTIA_053,,d2,19:34.5,05:18.0,DACIA_SPRING,Dacia Spring 33 kW,33000,139,53:20.0,4.3,6.8,290,WNW,6.320221860069453,1.6516292628751357,395,104,18.0,101.0,238.0,,,,38,360,35,25,5
53:28.0,,,68,,98.5,,,,,,,53,-2.087498,43.286507,176.08212,43.36995762893686,53:27.9,6,0.08,0101000020E61000001DA73C2B32B300C08FFF1140ACA44540,20230420_DACIA_EIBAR_DONOSTIA_053,,d2,19:34.5,05:18.0,DACIA_SPRING,Dacia Spring 33 kW,33000,139,53:20.0,4.3,6.8,290,WNW,5.361486110513088,17.958745715740886,395,104,18.0,101.0,238.0,,,,38,360,35,25,5
53:33.5,,,68,,98.5,,,,,,,53,-2.0856376,43.28711,181.50601,43.53488486411146,53:33.9,6,-0.38,0101000020E6100000E0D718B862AF00C0CEBBABF1BFA44540,20230420_DACIA_EIBAR_DONOSTIA_053,,d2,19:34.5,05:18.0,DACIA_SPRING,Dacia Spring 33 kW,33000,139,53:40.2,4.3,6.8,290,WNW,5.597282344321105,14.600667150872471,395,104,18.0,101.0,238.0,,,,38,360,35,25,5
53:39.1,,,68,,98.5,,,,,,,53,-2.0839984,43.287537,185.57326,43.67586258327003,53:38.9,6,0.111,0101000020E610000028C3ED6A07AC00C02E20BF0DCEA44540,20230420_DACIA_EIBAR_DONOSTIA_053,,d2,19:34.5,05:18.0,DACIA_SPRING,Dacia Spring 33 kW,33000,139,53:40.2,4.3,6.8,290,WNW,5.991505348247211,8.224206622445225,395,104,18.0,101.0,238.0,,,,38,360,35,25,5
53:44.6,,,68,,98.5,,,,,,,53,-2.081902,43.28784,187.7192,43.8488732131698,53:45.0,6,-0.431,0101000020E6100000C8C18743BCA700C0FCB592F4D7A44540,20230420_DACIA_EIBAR_DONOSTIA_053,,d2,19:34.5,05:18.0,DACIA_SPRING,Dacia Spring 33 kW,33000,139,53:40.2,4.3,6.8,290,WNW,5.977242175684488,8.477286395362345,395,104,18.0,101.0,238.0,,,,38,360,35,25,5
53:50.0,,,68,,98.5,,,,,,,53,-2.0802515,43.288086,192.08475,43.985307327568854,53:50.0,6,-0.031,0101000020E6100000B7378BDD5AA400C0A8B273F3DFA44540,20230420_DACIA_EIBAR_DONOSTIA_053,,d2,19:34.5,05:18.0,DACIA_SPRING,Dacia Spring 33 kW,33000,139,53:40.2,4.3,6.8,290,WNW,5.28859599800858,18.94636743515583,395,104,18.0,101.0,238.0,,,,38,360,35,25,5
53:55.5,,,68,,98.5,,,,,,,53,-2.0785794,43.28866,198.04012,44.135060843489754,53:55.1,6,0.431,0101000020E61000008D229A37EEA000C01393F2B8F2A44540,20230420_DACIA_EIBAR_DONOSTIA_053,,d2,19:34.5,05:18.0,DACIA_SPRING,Dacia Spring 33 kW,33000,139,53:40.2,4.3,6.8,290,WNW,5.001582155008144,22.648252280228046,395,104,18.0,101.0,238.0,,,,38,360,35,25,4
54:01.1,,,68,,98.5,,,,,,,53,-2.0765734,43.289497,206.21594,44.32238665593187,54:01.2,6,-0.079,0101000020E6100000FE382381D29C00C045351F420EA54540,20230420_DACIA_EIBAR_DONOSTIA_053,,d2,19:34.5,05:18.0,DACIA_SPRING,Dacia Spring 33 kW,33000,139,53:40.2,4.3,6.8,290,WNW,4.910530808216674,23.768811516218392,395,104,18.0,101.0,238.0,,,,38,360,35,25,4
54:06.6,,,68,,98.5,,,,,,,53,-2.0752814,43.290066,212.02953,44.44474770129988,54:06.2,6,0.409,0101000020E61000005CFD50232D9A00C028A956E120A54540,20230420_DACIA_EIBAR_DONOSTIA_053,,d2,19:34.5,05:18.0,DACIA_SPRING,Dacia Spring 33 kW,33000,139,53:40.2,4.3,6.8,290,WNW,5.276089955706031,19.11370019995998,395,104,18.0,101.0,238.0,,,,38,360,35,25,4
54:12.2,,,68,,98.5,,,,,,,53,-2.0735385,43.29067,218.15648,44.60110570325879,54:12.3,6,-0.161,0101000020E610000033AF7F6A9B9600C0596E4FA634A54540,20230420_DACIA_EIBAR_DONOSTIA_053,,d2,19:34.5,05:18.0,DACIA_SPRING,Dacia Spring 33 kW,33000,139,53:40.2,4.3,6.8,290,WNW,5.376227656433207,17.756350340650528,395,104,18.0,101.0,238.0,,,,38,360,35,25,4
54:17.7,,,68,,98.5,,,,,,,53,-2.0721145,43.291126,225.42847000000003,44.72722999450426,54:17.3,6,0.37,0101000020E61000001579E8CBB09300C0C604489E43A54540,20230420_DACIA_EIBAR_DONOSTIA_053,,d2,19:34.5,05:18.0,DACIA_SPRING,Dacia Spring 33 kW,33000,139,53:40.2,4.3,6.8,290,WNW,5.743937175788976,12.360551706316558,395,104,18.0,101.0,238.0,,,,38,360,35,8,4
54:23.2,,,68,,98.5,,,,,,,53,-2.0703394,43.291515,234.67253,44.877554486226494,54:23.4,6,-0.1989999999999999,0101000020E6100000741A6C2E0E9000C0FACF176250A54540,20230420_DACIA_EIBAR_DONOSTIA_053,,d2,19:34.5,05:18.0,DACIA_SPRING,Dacia Spring 33 kW,33000,139,53:40.2,4.3,6.8,290,WNW,5.829530298450425,10.987030008797984,395,104,18.0,101.0,238.0,,,,38,360,35,8,4
54:28.7,,,67,,98.5,,,,,,,53,-2.068686,43.291836,240.63554,45.01618040032797,54:28.4,6,0.341,0101000020E61000000C52F641AB8C00C0BD33A4E25AA54540,20230420_DACIA_EIBAR_DONOSTIA_053,,d2,19:34.5,05:18.0,DACIA_SPRING,Dacia Spring 33 kW,33000,139,53:40.2,4.3,6.8,290,WNW,5.427920237149471,17.039201489024588,395,104,18.0,101.0,238.0,,,,38,360,35,8,4
54:34.3,,,67,,98.5,,,,,,,53,-2.0666826,43.29245,247.72902,45.19225633395787,54:34.4,6,-0.17,0101000020E61000002448D0E9908800C0801521FC6EA54540,20230420_DACIA_EIBAR_DONOSTIA_053,,d2,19:34.5,05:18.0,DACIA_SPRING,Dacia Spring 33 kW,33000,139,53:40.2,4.3,6.8,290,WNW,4.819983796437326,24.86091866002628,395,104,18.0,101.0,238.0,,,,38,360,35,8,4
54:39.8,,,67,,98.5,,,,,,,53,-2.0651503,43.29316,252.96376,45.3393620625113,54:39.5,6,0.267,0101000020E61000002101648C6D8500C0C90C2E4B86A54540,20230420_DACIA_EIBAR_DONOSTIA_053,,d2,19:34.5,05:18.0,DACIA_SPRING,Dacia Spring 33 kW,33000,139,53:40.2,4.3,6.8,290,WNW,4.457361338875745,29.04285786540673,395,104,18.0,101.0,238.0,,,,38,360,35,8,3
54:45.4,,,67,,98.5,,,,,,,53,-2.0634935000000003,43.29408,259.75363,45.508155979135736,54:45.5,6,-0.18,0101000020E6100000D60FD7E3088200C0F7B1E35FA4A54540,20230420_DACIA_EIBAR_DONOSTIA_053,,d2,19:34.5,05:18.0,DACIA_SPRING,Dacia Spring 33 kW,33000,139,53:40.2,4.3,6.8,290,WNW,4.842239499358485,24.59445107932523,395,104,18.0,101.0,238.0,,,,38,360,35,25,3
54:50.8,,,66,,98.5,,,,,,,53,-2.062104,43.294716,264.32727,45.64107848442769,54:50.6,6,0.211,0101000020E6100000FCC8C55B307F00C09E03BD30B9A54540,20230420_DACIA_EIBAR_DONOSTIA_053,,d2,19:34.5,05:18.0,DACIA_SPRING,Dacia Spring 33 kW,33000,139,53:40.2,4.3,6.8,290,WNW,5.973234029056965,8.548034978203221,395,104,18.0,101.0,238.0,,,,38,360,35,8,3
54:56.3,,,66,,98.5,,,,,,,53,-2.059995,43.295033,270.13165,45.81546125116088,54:56.6,6,-0.29,0101000020E61000003CA8BCAEDE7A00C02D5D7E93C3A54540,20230420_DACIA_EIBAR_DONOSTIA_053,,d2,19:34.5,05:18.0,DACIA_SPRING,Dacia Spring 33 kW,33000,139,53:40.2,4.3,6.8,290,WNW,6.49490910965138,-2.7719912467099834,395,104,18.0,101.0,238.0,,,,38,360,35,8,3
55:01.8,,,66,,98.5,,,,,,,53,-2.0581775,43.294945,273.25198,45.96291203565871,55:01.7,6,0.14,0101000020E6100000967CCDC1257700C0F45B16C1C0A54540,20230420_DACIA_EIBAR_DONOSTIA_053,,d2,19:34.5,05:18.0,DACIA_SPRING,Dacia Spring 33 kW,33000,139,53:40.2,4.3,6.8,290,WNW,6.531930418022887,-3.858492319355266,395,104,18.0,101.0,238.0,,,,38,360,35,8,3
55:07.5,,,66,,98.5,,,,,,,53,-2.0561314,43.294807,274.32452,46.12921880497651,55:07.7,6,-0.251,0101000020E6100000FC777C06F57200C06E508A37BCA54540,20230420_DACIA_EIBAR_DONOSTIA_053,,d2,19:34.5,05:18.0,DACIA_SPRING,Dacia Spring 33 kW,33000,139,53:40.2,4.3,6.8,290,WNW,6.363412545494928,0.6428789841520212,395,104,18.0,101.0,238.0,,,,38,360,35,8,3
55:13.0,,,66,,98.5,,,,,,,53,-2.054349,43.294827000000005,277.31247,46.273519255527454,55:12.8,6,0.192,0101000020E61000001BBB6B7E4E6F00C0760D95E4BCA54540,20230420_DACIA_EIBAR_DONOSTIA_053,,d2,19:34.5,05:18.0,DACIA_SPRING,Dacia Spring 33 kW,33000,139,53:40.2,4.3,6.8,290,WNW,6.543354414424723,-4.208421172586873,395,104,18.0,101.0,238.0,,,,38,360,35,8,3
55:18.5,,,66,,98.5,,,,,,,53,-2.052161,43.294666,280.36584,46.451526504535366,55:18.8,6,-0.3,0101000020E6100000C4BF7168D36A00C028FD6AA6B7A54540,20230420_DACIA_EIBAR_DONOSTIA_053,,d2,19:34.5,05:18.0,DACIA_SPRING,Dacia Spring 33 kW,33000,139,53:40.2,4.3,6.8,290,WNW,6.777085026272053,-15.29494298991358,395,104,18.0,101.0,238.0,,,,38,360,35,25,2
55:24.1,,,66,,98.5,,,,,,,53,-2.050457,43.2942,283.4367,46.5988801227012,55:23.9,6,0.241,0101000020E6100000284E59F6556700C0A783C95DA8A54540,20230420_DACIA_EIBAR_DONOSTIA_053,,d2,19:34.5,05:18.0,DACIA_SPRING,Dacia Spring 33 kW,33000,139,53:40.2,4.3,6.8,290,WNW,6.792112700804953,-17.24012559617309,395,104,18.0,101.0,238.0,,,,38,360,35,25,2
55:29.7,,,66,,98.5,,,,,,,53,-2.0485654,43.293613,285.0389,46.765313906554866,55:29.9,6,-0.1989999999999999,0101000020E6100000E9744B3A766300C0D8E9B22E95A54540,20230420_DACIA_EIBAR_DONOSTIA_053,,d2,19:34.5,05:18.0,DACIA_SPRING,Dacia Spring 33 kW,33000,139,53:40.2,4.3,6.8,290,WNW,6.2272228719388325,3.684960382689249,395,104,18.0,101.0,238.0,,,,38,360,35,25,2
55:35.2,,,66,,98.5,,,,,,,53,-2.046904,43.29372,285.43542,46.90030205081457,55:34.9,6,0.3389999999999999,0101000020E61000008E42B03F0F6000C0BA878FAF98A54540,20230420_DACIA_EIBAR_DONOSTIA_053,,d2,19:34.5,05:18.0,DACIA_SPRING,Dacia Spring 33 kW,33000,139,53:40.2,4.3,6.8,290,WNW,6.694320670693982,-9.885550325404816,395,104,18.0,101.0,238.0,,,,38,360,35,25,2
55:40.7,,,66,,98.5,,,,,,,53,-2.0448956000000003,43.29337,284.23474,47.06744680472747,55:41.1,6,-0.39,0101000020E6100000CC8D4142F25B00C09E84A8278DA54540,20230420_DACIA_EIBAR_DONOSTIA_053,,d2,19:34.5,05:18.0,DACIA_SPRING,Dacia Spring 33 kW,33000,139,53:40.2,4.3,6.8,290,WNW,6.795655223833988,-17.951716793937898,395,104,18.0,101.0,238.0,,,,38,360,35,8,2
55:46.2,,,66,,98.5,,,,,,,53,-2.0432227,43.292828,282.75192000000004,47.21565603432818,55:46.0,6,0.22,0101000020E6100000B624841C855800C0219F63547BA54540,20230420_DACIA_EIBAR_DONOSTIA_053,,d2,19:34.5,05:18.0,DACIA_SPRING,Dacia Spring 33 kW,33000,139,53:40.2,4.3,6.8,290,WNW,6.704222335326392,-10.372215331317213,395,104,18.0,101.0,238.0,,,,38,360,35,120,2
55:51.7,,,66,,98.5,,,,,,,53,-2.0411575,43.29245,282.93484,47.38800571568844,55:52.0,6,-0.258,0101000020E610000026BA3B654A5400C01B3DE4F76EA54540,20230420_DACIA_EIBAR_DONOSTIA_053,,d2,19:34.5,05:18.0,DACIA_SPRING,Dacia Spring 33 kW,33000,139,53:40.2,4.3,6.8,290,WNW,6.552644636900111,-4.498661796034783,395,104,18.0,101.0,238.0,,,,38,360,35,120,2
55:57.2,,,66,,98.5,,,,,,,53,-2.0395052,43.29232,281.20386,47.52252438247977,55:57.1,6,0.19,0101000020E6100000B9EE9315E85000C015E526BB6AA54540,20230420_DACIA_EIBAR_DONOSTIA_053,,d2,19:34.5,05:18.0,DACIA_SPRING,Dacia Spring 33 kW,33000,139,53:40.2,4.3,6.8,290,WNW,6.7704559311337045,-25.342883360532145,395,104,18.0,101.0,238.0,,,,38,360,35,90,1
56:02.8,,,66,,98.5,,,,,,,53,-2.0379343,43.291576,278.5523,47.674234780758695,56:03.1,6,-0.294,0101000020E6100000442CDE71B04D00C07AD1C06D52A54540,20230420_DACIA_EIBAR_DONOSTIA_053,,d2,19:34.5,05:18.0,DACIA_SPRING,Dacia Spring 33 kW,33000,139,58:20.0,4.3,6.8,290,WNW,5.519794146928328,-55.73426196321038,395,104,18.0,101.0,238.0,,,,38,360,35,120,1
56:08.4,,,66,,98.5,,,,,,,53,-2.0370173,43.29023,270.30557000000005,47.841498312934846,56:08.2,6,0.18,0101000020E6100000851DD3C9CF4B00C04773543D26A54540,20230420_DACIA_EIBAR_DONOSTIA_053,,d2,19:34.5,05:18.0,DACIA_SPRING,Dacia Spring 33 kW,33000,139,58:20.0,4.3,6.8,290,WNW,4.30181079233868,-70.75636966467486,395,104,18.0,101.0,238.0,,,,38,360,35,120,1
56:14.0,,,66,,98.5,,,,,,,53,-2.0364413,43.28858,265.71396,48.03085620805754,56:14.3,6,-0.3,0101000020E6100000900B9DCBA14A00C0910B8C37F0A44540,20230420_DACIA_EIBAR_DONOSTIA_053,,d2,19:34.5,05:18.0,DACIA_SPRING,Dacia Spring 33 kW,33000,139,58:20.0,4.3,6.8,290,WNW,6.184259048471394,-44.57056336096105,395,104,18.0,101.0,238.0,,,,38,360,35,120,1
56:19.5,,,66,,98.5,,,,,,,53,-2.035413,43.287567,260.80832000000004,48.17099670610859,56:19.3,6,0.19,0101000020E61000003B28B899864800C0CD7A9DFDCEA44540,20230420_DACIA_EIBAR_DONOSTIA_053,,d2,19:34.5,05:18.0,DACIA_SPRING,Dacia Spring 33 kW,33000,139,58:20.0,4.3,6.8,290,WNW,6.766953515512722,-25.650954946922077,395,104,18.0,101.0,238.0,,,,38,360,35,90,1
56:25.0,,,66,,98.5,,,,,,,53,-2.0335784,43.286686,252.53485,48.34908696782497,56:25.3,6,-0.31,0101000020E6100000C962ECC3C44400C0F38C5F1FB2A44540,20230420_DACIA_EIBAR_DONOSTIA_053,,d2,19:34.5,05:18.0,DACIA_SPRING,Dacia Spring 33 kW,33000,139,58:20.0,4.3,6.8,290,WNW,6.797531856368514,-21.54376619116935,395,104,18.0,101.0,238.0,,,,38,360,35,8,1
56:30.5,,,66,,98.5,,,,,,,53,-2.0319421,43.28604,247.67297,48.49983704747244,56:30.4,6,0.0819999999999999,0101000020E6100000AC5F1DD36A4100C0A33C6EF89CA44540,20230420_DACIA_EIBAR_DONOSTIA_053,,d2,19:34.5,05:18.0,DACIA_SPRING,Dacia Spring 33 kW,33000,139,58:20.0,4.3,6.8,290,WNW,6.746727231676553,-12.8233834049985,395,104,18.0,101.0,238.0,,,,38,360,35,8,1
56:36.0,,,66,,98.5,,,,,,,53,-2.0299344,43.285583,238.17024,48.67037201638076,56:36.4,6,-0.41,0101000020E6100000307DA84B4E3D00C00D7F3CFC8DA44540,20230420_DACIA_EIBAR_DONOSTIA_053,,d2,19:34.5,05:18.0,DACIA_SPRING,Dacia Spring 33 kW,33000,139,58:20.0,4.3,6.8,290,WNW,6.547170202151973,-4.326997961412185,395,104,18.0,101.0,238.0,,,,38,360,35,8,1
56:41.5,,,66,,98.5,,,,,,,53,-2.0282295,43.285454,232.58604,48.80922909796352,56:41.5,6,-0.009,0101000020E61000008B8EE15ED03900C011CB63B889A44540,20230420_DACIA_EIBAR_DONOSTIA_053,,d2,19:34.5,05:18.0,DACIA_SPRING,Dacia Spring 33 kW,33000,139,58:20.0,4.3,6.8,290,WNW,6.323502728600477,1.5765814828184097,395,104,18.0,101.0,238.0,,,,38,360,35,8,1
56:47.1,,,66,,98.5,,,,,,,53,-2.0265582,43.2855,227.23074,48.944713292162724,56:46.6,6,0.541,0101000020E61000004B42EC24643600C0D3BC8A3A8BA44540,20230420_DACIA_EIBAR_DONOSTIA_053,,d2,19:34.5,05:18.0,DACIA_SPRING,Dacia Spring 33 kW,33000,139,58:20.0,4.3,6.8,290,WNW,4.842885361804792,24.5866994246108,395,104,18.0,101.0,238.0,,,,38,360,35,25,1
56:52.6,,,66,,98.5,,,,,,,53,-2.0248666,43.286274,219.92459,49.10660428546308,56:52.6,6,-0.01,0101000020E6100000AAFFA43BED3200C0F2B7C292A4A44540,20230420_DACIA_EIBAR_DONOSTIA_053,,d2,19:34.5,05:18.0,DACIA_SPRING,Dacia Spring 33 kW,33000,139,58:20.0,4.3,6.8,290,WNW,3.821102621720813,35.81084230180303,395,104,18.0,101.0,238.0,,,,38,360,35,90,1
56:58.3,,,66,,98.5,,,,,,,53,-2.0236802,43.28713,210.773,49.242122868312435,56:58.6,6,-0.361,0101000020E610000068E2EB367F3000C0BCD8419FC0A44540,20230420_DACIA_EIBAR_DONOSTIA_053,,d2,19:34.5,05:18.0,DACIA_SPRING,Dacia Spring 33 kW,33000,139,58:20.0,4.3,6.8,290,WNW,3.2949646610383634,41.01676861913703,395,104,18.0,101.0,238.0,,,,38,360,35,8,1
57:03.8,,,66,,98.5,,,,,,,53,-2.022757,43.287933,204.94035,49.358700982518116,57:03.6,6,0.141,0101000020E61000008E4545409B2E00C00D2D6FFFDAA44540,20230420_DACIA_EIBAR_DONOSTIA_053,,d2,19:34.5,05:18.0,DACIA_SPRING,Dacia Spring 33 kW,33000,139,58:20.0,4.3,6.8,290,WNW,4.30559168148033,30.71522301874406,395,104,18.0,101.0,238.0,,,,38,360,35,100,1
57:09.4,,,66,,98.5,,,,,,,53,-2.0213566000000003,43.288765000000005,196.80437,49.50523755654714,57:09.7,6,-0.38,0101000020E61000006C5082FBBC2B00C092440D33F6A44540,20230420_DACIA_EIBAR_DONOSTIA_053,,d2,19:34.5,05:18.0,DACIA_SPRING,Dacia Spring 33 kW,33000,139,58:20.0,4.3,6.8,290,WNW,5.7716619036116334,11.92144844771619,395,104,18.0,101.0,238.0,,,,38,360,35,80,1
57:22.2,,,66,,98.5,,,,,,,53,-2.0192962,43.2892,187.72942,49.679114915237164,57:22.0,6,0.161,0101000020E610000083C97BB4842700C0733A3D8004A54540,20230420_DACIA_EIBAR_DONOSTIA_053,,d2,19:34.5,05:18.0,DACIA_SPRING,Dacia Spring 33 kW,33000,139,58:20.0,4.3,6.8,290,WNW,4.521607833412323,28.322098858673236,395,104,18.0,101.0,238.0,,,,38,360,35,45,1
57:28.0,,,66,,98.5,,,,,,,53,-2.0171995,43.29033,171.05856,49.890928748457384,57:27.9,6,0.061,0101000020E61000002171E074392300C03072E77029A54540,20230420_DACIA_EIBAR_DONOSTIA_053,,d2,19:34.5,05:18.0,DACIA_SPRING,Dacia Spring 33 kW,33000,139,58:20.0,4.3,6.8,290,WNW,-0.2961609206002331,72.49619705659556,474,96,35.0,224.0,204.0,,,,11,430,44,90,1
57:33.5,,,66,,98.5,,,,,,,53,-2.0168220000000003,43.291527,163.86685,50.02768013158279,57:33.9,6,-0.421,0101000020E6100000C4BC01A9732200C0B6BF56CA50A54540,20230420_DACIA_EIBAR_DONOSTIA_053,,d2,19:34.5,05:18.0,DACIA_SPRING,Dacia Spring 33 kW,33000,139,58:20.0,4.3,6.8,290,WNW,-3.2362593358585587,98.41930000939,474,96,35.0,224.0,204.0,,,,11,430,44,45,1
57:39.1,,,66,,98.5,,,,,,,53,-2.0169783,43.292583,159.65753,50.1458564167399,57:39.0,6,0.1,0101000020E610000016F80E7AC52200C0B68A1C6873A54540,20230420_DACIA_EIBAR_DONOSTIA_053,,d2,19:34.5,05:18.0,DACIA_SPRING,Dacia Spring 33 kW,33000,139,58:20.0,4.3,6.8,290,WNW,0.5601598192266823,65.27482303692715,226,97,,,,1.0,20.0,200.0,5,218,8,80,1
57:44.6,,,66,,98.5,,,,,,,53,-2.0164423,43.293747,154.07347,50.282477807543145,57:45.0,6,-0.389,0101000020E6100000D3379D88AC2100C0C39DCE8999A54540,20230420_DACIA_EIBAR_DONOSTIA_053,,d2,19:34.5,05:18.0,DACIA_SPRING,Dacia Spring 33 kW,33000,139,58:20.0,4.3,6.8,290,WNW,4.306085710651338,30.709844814671644,226,97,,,,1.0,20.0,200.0,5,218,8,80,1
57:50.1,,,66,,98.5,,,,,,,53,-2.0153177,43.294415,149.30135,50.4000535993068,57:50.0,6,0.14,0101000020E61000004DEF40D95E1F00C082C13862AFA54540,20230420_DACIA_EIBAR_DONOSTIA_053,,d2,19:34.5,05:18.0,DACIA_SPRING,Dacia Spring 33 kW,33000,139,58:20.0,4.3,6.8,290,WNW,5.265243939486887,19.258336347943544,226,97,,,,1.0,20.0,200.0,5,218,8,25,1
57:55.6,,,66,,98.5,,,,,,,53,-2.0136433,43.295,143.67245,50.55047489306215,57:56.1,6,-0.469,0101000020E6100000703B58FEF01B00C07BDF9A8BC2A54540,20230420_DACIA_EIBAR_DONOSTIA_053,,d2,19:34.5,05:18.0,DACIA_SPRING,Dacia Spring 33 kW,33000,139,58:20.0,4.3,6.8,290,WNW,4.698371984930593,26.2956691374206,474,96,35.0,224.0,204.0,,,,11,430,44,80,1
58:01.1,,,66,,98.5,,,,,,,53,-2.0122874,43.29567,141.6799,50.6831243947957,58:01.1,6,-0.001,0101000020E6100000A3332B2E2A1900C00998B47ED8A54540,20230420_DACIA_EIBAR_DONOSTIA_053,,d2,19:34.5,05:18.0,DACIA_SPRING,Dacia Spring 33 kW,33000,139,58:20.0,4.3,6.8,290,WNW,3.644671821906501,37.589524898822,474,96,35.0,224.0,204.0,,,,11,430,44,8,1
58:06.6,,,66,,98.5,,,,,,,53,-2.010965,43.296688,134.85545,50.83905258486902,58:06.2,6,0.39,0101000020E6100000F11A70EC741600C0D9B88BE5F9A54540,20230420_DACIA_EIBAR_DONOSTIA_053,,d2,19:34.5,05:18.0,DACIA_SPRING,Dacia Spring 33 kW,33000,139,58:20.0,4.3,6.8,290,WNW,2.9021216516701207,44.73645181487986,146,73,,,,8.0,97.0,41.0,0,142,4,45,1
58:12.0,,,66,,98.5,,,,,,,53,-2.009873,43.29777,125.0613,50.98865552077168,58:12.3,6,-0.25,0101000020E6100000240FCD33381400C088BAA06C1DA64540,20230420_DACIA_EIBAR_DONOSTIA_053,,d2,19:34.5,05:18.0,DACIA_SPRING,Dacia Spring 33 kW,33000,139,58:20.0,4.3,6.8,290,WNW,3.996351435691993,34.006126652016235,146,73,,,,8.0,97.0,41.0,0,142,4,25,1
58:17.6,,,66,,98.5,,,,,,,53,-2.0088310000000003,43.298473,118.97973,51.10380076436606,58:17.3,6,0.31,0101000020E6100000630C780A161200C027AD9A5434A64540,20230420_DACIA_EIBAR_DONOSTIA_053,,d2,19:34.5,05:18.0,DACIA_SPRING,Dacia Spring 33 kW,33000,139,58:20.0,4.3,6.8,290,WNW,5.356767112910769,18.02334213202666,146,73,,,,8.0,97.0,41.0,0,142,4,45,1
58:23.1,,,66,,98.5,,,,,,,53,-2.0072236,43.298996,113.45845,51.24639649154533,58:23.4,6,-0.28,0101000020E6100000B739C238CB0E00C08AF89A7045A64540,20230420_DACIA_EIBAR_DONOSTIA_053,,d2,19:34.5,05:18.0,DACIA_SPRING,Dacia Spring 33 kW,33000,139,58:20.0,4.3,6.8,290,WNW,6.19032553060216,4.447345159188861,146,73,,,,8.0,97.0,41.0,0,142,4,90,1
58:28.6,,,66,,98.5,,,,,,,53,-2.0056293000000003,43.29912,108.98353,51.37622845079878,58:28.4,6,0.19,0101000020E610000065F1A66B870B00C06CA0AA9049A64540,20230420_DACIA_EIBAR_DONOSTIA_053,,d2,19:34.5,05:18.0,DACIA_SPRING,Dacia Spring 33 kW,33000,139,58:20.0,4.3,6.8,290,WNW,6.682548010896324,-9.335500992760556,146,73,,,,8.0,97.0,41.0,0,142,4,25,1
58:34.0,,,66,,98.5,,,,,,,53,-2.0038044,43.29882,104.90554,51.52768588400062,58:34.5,6,-0.44,0101000020E610000026FE0A93CA0700C0252228C73FA64540,20230420_DACIA_EIBAR_DONOSTIA_053,,d2,19:34.5,05:18.0,DACIA_SPRING,Dacia Spring 33 kW,33000,139,58:40.2,4.3,6.8,290,WNW,6.799945212151056,-20.2299988106991,146,73,,,,8.0,97.0,41.0,0,142,4,8,1
58:39.6,,,66,,98.5,,,,,,,53,-2.0024612,43.298325,99.16525,51.64966260647806,58:39.5,6,0.064,0101000020E61000007F52716F0A0500C0B47563732FA64540,20230420_DACIA_EIBAR_DONOSTIA_053,,d2,19:34.5,05:18.0,DACIA_SPRING,Dacia Spring 33 kW,33000,139,58:40.2,4.3,6.8,290,WNW,6.540255950639167,-35.887229918681925,146,73,,,,8.0,97.0,41.0,0,142,4,25,1
58:45.1,,,66,,98.5,,,,,,,53,-2.0011413,43.29737,93.01576,51.80040769154008,58:45.6,6,-0.48,0101000020E610000096AFDF6E560200C0DE11924710A64540,20230420_DACIA_EIBAR_DONOSTIA_053,,d2,19:34.5,05:18.0,DACIA_SPRING,Dacia Spring 33 kW,33000,139,58:40.2,4.3,6.8,290,WNW,6.192448474364529,-44.40408751033918,146,73,,,,8.0,97.0,41.0,0,142,4,55,1
58:50.7,,,66,,98.5,,,,,,,53,-2.000301,43.296547,89.904915,51.91446460406457,58:50.6,6,0.04,0101000020E6100000143D63C79D0000C035E00E43F5A54540,20230420_DACIA_EIBAR_DONOSTIA_053,,d2,19:34.5,05:18.0,DACIA_SPRING,Dacia Spring 33 kW,33000,139,58:40.2,4.3,6.8,290,WNW,6.4952208920546,-37.21913667475887,146,73,,,,8.0,97.0,41.0,0,142,4,80,1
58:56.3,,,66,,98.5,,,,,,,53,-1.9991069,43.29564,87.66125500000001,52.054162447313786,58:56.7,6,-0.409,0101000020E6100000B7CD3B8457FCFFBF8A620F70D7A54540,20230420_DACIA_EIBAR_DONOSTIA_053,,d2,19:34.5,05:18.0,DACIA_SPRING,Dacia Spring 33 kW,33000,139,58:40.2,4.3,6.8,290,WNW,6.784210107147424,-16.09467808314,146,73,,,,8.0,97.0,41.0,0,142,4,25,1
59:01.8,,,66,,98.5,,,,,,,53,-1.9977899,43.29526,85.36691,52.16884107313031,59:01.7,6,0.061,0101000020E610000024C3B98CF2F6FFBF383B2427CBA54540,20230420_DACIA_EIBAR_DONOSTIA_053,,d2,19:34.5,05:18.0,DACIA_SPRING,Dacia Spring 33 kW,33000,139,58:40.2,4.3,6.8,290,WNW,5.882800692165039,10.103846649133024,146,73,,,,8.0,97.0,41.0,0,142,4,80,1
59:07.3,,,66,,98.5,,,,,,,53,-1.9962186,43.29554,83.7262,52.29977378011664,59:07.8,6,-0.45,0101000020E610000031E4C6D682F0FFBFE7EDE645D4A54540,20230420_DACIA_EIBAR_DONOSTIA_053,,d2,19:34.5,05:18.0,DACIA_SPRING,Dacia Spring 33 kW,33000,139,58:40.2,4.3,6.8,290,WNW,4.064395324195094,33.29427948521577,146,73,,,,8.0,97.0,41.0,0,142,4,80,1
59:12.8,,,66,,98.5,,,,,,,53,-1.9950507,43.296307,81.019615,52.42711116033879,59:12.8,6,0.021,0101000020E6100000EF8D1C3FBAEBFFBFBD71A36FEDA54540,20230420_DACIA_EIBAR_DONOSTIA_053,,d2,19:34.5,05:18.0,DACIA_SPRING,Dacia Spring 33 kW,33000,139,58:40.2,4.3,6.8,290,WNW,4.7327484477076345,25.89364699430454,146,73,,,,8.0,97.0,41.0,0,142,4,80,1
59:18.5,,,66,,98.5,,,,,,,53,-1.9937941000000003,43.296917,76.62885,52.54943052729034,59:18.9,6,-0.33,0101000020E6100000E33625A794E6FFBFB421A45A01A64540,20230420_DACIA_EIBAR_DONOSTIA_053,,d2,19:34.5,05:18.0,DACIA_SPRING,Dacia Spring 33 kW,33000,139,58:40.2,4.3,6.8,290,WNW,5.514589342781631,15.809284286723075,146,73,,,,8.0,97.0,41.0,0,142,4,80,1
59:23.9,,,66,,98.5,,,,,,,53,-1.9927593,43.29721,73.649,52.63933906360575,59:23.9,6,0.068,0101000020E61000006EC1DBAA57E2FFBF7BE9C5F60AA64540,20230420_DACIA_EIBAR_DONOSTIA_053,,d2,19:34.5,05:18.0,DACIA_SPRING,Dacia Spring 33 kW,33000,139,58:40.2,4.3,6.8,290,WNW,5.639582421829672,13.967938402477868,146,73,,,,8.0,97.0,41.0,0,142,4,80,1
59:29.6,,,66,,98.5,,,,,,,53,-1.9916537,43.297485,70.20156999999999,52.73395706048849,59:29.9,6,-0.349,0101000020E6100000E7C66E4ED0DDFFBF5793CC0D14A64540,20230420_DACIA_EIBAR_DONOSTIA_053,,d2,19:34.5,05:18.0,DACIA_SPRING,Dacia Spring 33 kW,33000,139,58:40.2,4.3,6.8,290,WNW,6.389909821344177,0.0,146,73,,,,8.0,97.0,41.0,0,142,4,40,1
59:35.1,,,66,,98.5,,,,,,,53,-1.9916537,43.297485,70.20156999999999,52.73395706048849,59:35.0,6,0.069,0101000020E6100000E7C66E4ED0DDFFBF5793CC0D14A64540,20230420_DACIA_EIBAR_DONOSTIA_053,,d2,19:34.5,05:18.0,DACIA_SPRING,Dacia Spring 33 kW,33000,139,58:40.2,4.3,6.8,290,WNW,6.389909821344177,0.0,146,73,,,,8.0,97.0,41.0,0,142,4,40,1
59:40.6,,,66,,98.5,,,,,,,53,-1.9916537,43.297485,70.20156999999999,52.73395706048849,59:41.0,6,-0.369,0101000020E6100000E7C66E4ED0DDFFBF5793CC0D14A64540,20230420_DACIA_EIBAR_DONOSTIA_053,,d2,19:34.5,05:18.0,DACIA_SPRING,Dacia Spring 33 kW,33000,139,58:40.2,4.3,6.8,290,WNW,6.389909821344177,0.0,146,73,,,,8.0,97.0,41.0,0,142,4,40,1
59:46.2,,,65,,98.5,,,,,,,53,-1.9916537,43.297485,70.20156999999999,52.73395706048849,59:46.0,6,0.148,0101000020E6100000E7C66E4ED0DDFFBF5793CC0D14A64540,20230420_DACIA_EIBAR_DONOSTIA_053,,d2,19:34.5,05:18.0,DACIA_SPRING,Dacia Spring 33 kW,33000,139,58:40.2,4.3,6.8,290,WNW,6.2391004162364,3.434579836077784,146,73,,,,8.0,97.0,41.0,0,142,4,40,1
59:51.7,,,65,,98.5,,,,,,,53,-1.9861219,43.297817,78.28656,53.183225576298945,59:52.1,6,-0.379,0101000020E6100000FFF446C127C7FFBF47C8D6EB1EA64540,20230420_DACIA_EIBAR_DONOSTIA_053,,d2,19:34.5,05:18.0,DACIA_SPRING,Dacia Spring 33 kW,33000,139,58:40.2,4.3,6.8,290,WNW,6.534018179257058,-3.921888665414031,474,96,35.0,224.0,204.0,,,,11,430,44,25,2
59:57.4,,,65,,98.5,,,,,,,53,-1.9846195,43.297714,99.54535,53.30718596585311,59:57.2,6,0.191,0101000020E610000030DFDA5400C1FFBFDF7151701BA64540,20230420_DACIA_EIBAR_DONOSTIA_053,,d2,19:34.5,05:18.0,DACIA_SPRING,Dacia Spring 33 kW,33000,139,58:40.2,4.3,6.8,290,WNW,5.856897216838229,10.536189495212897,146,73,,,,8.0,97.0,41.0,0,142,4,80,2
00:03.0,,,65,,98.5,,,,,,,53,-1.9832431,43.29797,86.60625,53.4228801910811,00:03.2,6,-0.28,0101000020E6100000D9E23B195DBBFFBF7A4891EC23A64540,20230420_DACIA_EIBAR_DONOSTIA_053,,d2,19:34.5,05:18.0,DACIA_SPRING,Dacia Spring 33 kW,33000,139,58:40.2,4.3,6.8,290,WNW,5.812345180422698,11.26713972576971,4,35,,,,3.0,1.0,0.0,0,4,0,80,2
00:08.5,,,66,,98.5,,,,,,,53,-1.9820585,43.298206,78.14611,53.522632745184005,00:08.3,6,0.22,0101000020E61000000316040A83B6FFBFD9761A972BA64540,20230420_DACIA_EIBAR_DONOSTIA_053,,d2,19:34.5,05:18.0,DACIA_SPRING,Dacia Spring 33 kW,33000,139,58:40.2,4.3,6.8,290,WNW,6.142417652753109,5.405152800940889,73,102,,,,0.0,2.0,66.0,5,71,2,80,1
00:14.1,,,66,,98.5,,,,,,,53,-1.9805366,43.29835,71.84784,53.646991516774435,00:14.3,6,-0.289,0101000020E61000005314D12C47B0FFBF891D0D6C30A64540,20230420_DACIA_EIBAR_DONOSTIA_053,,d2,19:34.5,05:18.0,DACIA_SPRING,Dacia Spring 33 kW,33000,139,58:40.2,4.3,6.8,290,WNW,6.685068221432237,-9.450865343417725,73,102,,,,0.0,2.0,66.0,5,71,2,45,1
00:19.5,,,65,,98.5,,,,,,,53,-1.979239,43.298134000000005,74.04117,53.754736391361114,00:19.4,6,0.151,0101000020E6100000D04B628EF6AAFFBFAD957A3C29A64540,20230420_DACIA_EIBAR_DONOSTIA_053,,d2,19:34.5,05:18.0,DACIA_SPRING,Dacia Spring 33 kW,33000,139,58:40.2,4.3,6.8,290,WNW,6.769734679754388,-14.59224482606636,73,102,,,,0.0,2.0,66.0,5,71,2,80,1
00:25.0,,,65,,98.5,,,,,,,53,-1.9776257,43.297714,74.16422,53.89339799198328,00:25.4,6,-0.39,0101000020E6100000EDBEADE75AA4FFBFAB07E17B1BA64540,20230420_DACIA_EIBAR_DONOSTIA_053,,d2,19:34.5,05:18.0,DACIA_SPRING,Dacia Spring 33 kW,33000,139,58:40.2,4.3,6.8,290,WNW,6.756909968772413,-13.54641283025754,73,102,,,,0.0,2.0,66.0,5,71,2,80,1
00:30.6,,,65,,98.5,,,,,,,53,-1.9763432,43.297405,75.096725,54.00273139735832,00:30.5,6,0.111,0101000020E610000039F774F3199FFFBF00A4285A11A64540,20230420_DACIA_EIBAR_DONOSTIA_053,,d2,19:34.5,05:18.0,DACIA_SPRING,Dacia Spring 33 kW,33000,139,58:40.2,4.3,6.8,290,WNW,6.453659314920473,-1.6347986361283826,73,102,,,,0.0,2.0,66.0,5,71,2,90,1
00:36.1,,,65,,98.5,,,,,,,53,-1.9748716,43.297363,85.068375,54.12233316490015,00:36.5,6,-0.391,0101000020E61000004449EA071399FFBFD66F2A0A10A64540,20230420_DACIA_EIBAR_DONOSTIA_053,,d2,19:34.5,05:18.0,DACIA_SPRING,Dacia Spring 33 kW,33000,139,58:40.2,4.3,6.8,290,WNW,6.0595256695328885,6.987352559305182,436,69,,,,0.0,387.0,47.0,2,351,85,90,1
00:41.7,,,65,,98.5,,,,,,,53,-1.9735906000000003,43.29752,91.390755,54.22765156526509,00:41.6,6,0.13,0101000020E6100000B60BE1B5D393FFBF1A29CB2F15A64540,20230420_DACIA_EIBAR_DONOSTIA_053,,d2,19:34.5,05:18.0,DACIA_SPRING,Dacia Spring 33 kW,33000,139,58:40.2,4.3,6.8,290,WNW,6.288695630515778,2.360551924359751,436,69,,,,0.0,387.0,47.0,2,351,85,90,1
00:47.3,,,65,,98.5,,,,,,,53,-1.9720138,43.297585,96.84223,54.35557940181073,00:47.6,6,-0.32,0101000020E6100000393D62565E8DFFBF499A6A3517A64540,20230420_DACIA_EIBAR_DONOSTIA_053,,d2,19:34.5,05:18.0,DACIA_SPRING,Dacia Spring 33 kW,33000,139,58:40.2,4.3,6.8,290,WNW,6.763229128477322,-14.03883650632502,436,69,,,,0.0,387.0,47.0,2,351,85,90,1
00:52.9,,,65,,98.5,,,,,,,53,-1.970974,43.297325,98.94585,54.44458108910155,00:52.7,6,0.261,0101000020E610000072C4FF021C89FFBF36D1BECE0EA64540,20230420_DACIA_EIBAR_DONOSTIA_053,,d2,19:34.5,05:18.0,DACIA_SPRING,Dacia Spring 33 kW,33000,139,58:40.2,4.3,6.8,290,WNW,6.406595405627735,-39.58480485742272,436,69,,,,0.0,387.0,47.0,2,351,85,90,1
00:58.5,,,64,,98.5,,,,,,,53,-1.9701673,43.296658,99.67433,54.543391138846,00:58.7,6,-0.27,0101000020E61000008F581A2DCE85FFBFD5BDC0E6F8A54540,20230420_DACIA_EIBAR_DONOSTIA_053,,d2,19:34.5,05:18.0,DACIA_SPRING,Dacia Spring 33 kW,33000,139,58:40.2,4.3,6.8,290,WNW,4.260355145456909,-71.20595444730475,436,69,,,,0.0,387.0,47.0,2,351,85,90,1
01:04.0,,,64,,98.5,,,,,,,53,-1.9698617,43.29576,103.669014,54.64633901525402,01:03.8,6,0.218,0101000020E6100000DD78B6B38D84FFBFE8227681DBA54540,20230420_DACIA_EIBAR_DONOSTIA_053,,d2,19:34.5,05:18.0,DACIA_SPRING,Dacia Spring 33 kW,33000,139,03:20.0,4.3,6.8,290,WNW,3.560137428296832,-78.4293442696117,73,102,,,,0.0,2.0,66.0,5,71,2,8,1
01:09.5,,,64,,98.5,,,,,,,53,-1.9696672,43.29481,111.9886,54.75346411915713,01:09.8,6,-0.3,0101000020E61000004AD642BBC183FFBFB4427C55BCA54540,20230420_DACIA_EIBAR_DONOSTIA_053,,d2,19:34.5,05:18.0,DACIA_SPRING,Dacia Spring 33 kW,33000,139,03:20.0,4.3,6.8,290,WNW,1.806499815999054,-94.5937229441186,73,102,,,,0.0,2.0,66.0,5,71,2,8,1
01:14.9,,,64,,98.5,,,,,,,53,-1.9697134,43.294235,116.71221,54.81768439309003,01:14.8,6,0.1,0101000020E61000006CD4DE4EF283FFBF9F324380A9A54540,20230420_DACIA_EIBAR_DONOSTIA_053,,d2,19:34.5,05:18.0,DACIA_SPRING,Dacia Spring 33 kW,33000,139,03:20.0,4.3,6.8,290,WNW,-5.715578617374731,-167.19573393485678,73,102,,,,0.0,2.0,66.0,5,71,2,45,1
01:20.5,,,64,,98.5,,,,,,,53,-1.970721,43.294006,119.12381,54.90314909707602,01:20.9,6,-0.439,0101000020E610000090C9F0B01288FFBFCAD678F2A1A54540,20230420_DACIA_EIBAR_DONOSTIA_053,,d2,19:34.5,05:18.0,DACIA_SPRING,Dacia Spring 33 kW,33000,139,03:20.0,4.3,6.8,290,WNW,-5.798969859497249,-168.516399884117,73,102,,,,0.0,2.0,66.0,5,71,2,45,1
01:26.0,,,64,,98.5,,,,,,,53,-1.9714692,43.293854,119.98745,54.96602342215439,01:25.9,6,0.0289999999999999,0101000020E6100000BCA02E38238BFFBF0A7DE5F29CA54540,20230420_DACIA_EIBAR_DONOSTIA_053,,d2,19:34.5,05:18.0,DACIA_SPRING,Dacia Spring 33 kW,33000,139,03:20.0,4.3,6.8,290,WNW,-0.0891587848691447,-110.75126006746872,73,102,,,,0.0,2.0,66.0,5,71,2,45,1
01:31.4,,,64,,98.5,,,,,,,53,-1.9716469,43.293385,120.654854,55.020124701839826,01:31.0,6,0.43,0101000020E61000002693869BDD8BFFBF96E77B948DA54540,20230420_DACIA_EIBAR_DONOSTIA_053,,d2,19:34.5,05:18.0,DACIA_SPRING,Dacia Spring 33 kW,33000,139,03:20.0,4.3,6.8,290,WNW,0.5850153580557994,-105.06464744502074,73,102,,,,0.0,2.0,66.0,5,71,2,30,1
01:37.0,,,64,,98.5,,,,,,,53,-1.9717333,43.293064,123.18543,55.056584710916546,01:37.0,6,-0.07,0101000020E6100000E8C3533C388CFFBF2275541483A54540,20230420_DACIA_EIBAR_DONOSTIA_053,,d2,19:34.5,05:18.0,DACIA_SPRING,Dacia Spring 33 kW,33000,139,03:20.0,4.3,6.8,290,WNW,-2.2535739056988784,-129.35425323885184,73,102,,,,0.0,2.0,66.0,5,71,2,30,1
01:42.5,,,64,,98.5,,,,,,,53,-1.971958,43.29279,127.66472,55.09234856681538,01:42.1,6,0.3989999999999999,0101000020E6100000B202CAE9238DFFBFF88E6B1A7AA54540,20230420_DACIA_EIBAR_DONOSTIA_053,,d2,19:34.5,05:18.0,DACIA_SPRING,Dacia Spring 33 kW,33000,139,03:20.0,4.3,6.8,290,WNW,2.145978440888545,-91.60386277110834,73,102,,,,0.0,2.0,66.0,5,71,2,55,1
01:48.0,,,64,,98.5,,,,,,,53,-1.9719657,43.292515,135.77756000000002,55.123991221856244,01:48.2,6,-0.212,0101000020E61000001449FFD12B8DFFBF82E6C11A71A54540,20230420_DACIA_EIBAR_DONOSTIA_053,,d2,19:34.5,05:18.0,DACIA_SPRING,Dacia Spring 33 kW,33000,139,03:20.0,4.3,6.8,290,WNW,-4.438136178787918,-150.74299179843612,73,102,,,,0.0,2.0,66.0,5,71,2,30,1
01:53.5,,,64,,98.5,,,,,,,53,-1.9723495,43.2923,140.62985,55.16348780068853,01:53.3,6,0.281,0101000020E61000002229DE6ABE8EFFBF6FFEB51E6AA54540,20230420_DACIA_EIBAR_DONOSTIA_053,,d2,19:34.5,05:18.0,DACIA_SPRING,Dacia Spring 33 kW,33000,139,03:20.0,4.3,6.8,290,WNW,-4.959771948838314,-156.83429399385656,73,102,,,,0.0,2.0,66.0,5,71,2,30,1
01:59.1,,,64,,98.5,,,,,,,53,-1.9729174,43.292057,144.15405,55.21692111292682,01:59.3,6,-0.131,0101000020E6100000F18A48DF1191FFBF362A341662A54540,20230420_DACIA_EIBAR_DONOSTIA_053,,d2,19:34.5,05:18.0,DACIA_SPRING,Dacia Spring 33 kW,33000,139,03:20.0,4.3,6.8,290,WNW,-5.157013238678475,-159.32196762444025,73,102,,,,0.0,2.0,66.0,5,71,2,8,1
02:04.8,,,64,,98.5,,,,,,,53,-1.9731797,43.291958,148.59329,55.24124339932273,02:04.4,6,0.419,0101000020E6100000519B12D72492FFBF49EF1BEE5EA54540,20230420_DACIA_EIBAR_DONOSTIA_053,,d2,19:34.5,05:18.0,DACIA_SPRING,Dacia Spring 33 kW,33000,139,03:20.0,4.3,6.8,290,WNW,-4.834494642975415,-155.31267766914206,73,102,,,,0.0,2.0,66.0,5,71,2,55,1
02:10.3,,,64,,98.5,,,,,,,53,-1.9734364,43.29184,151.24974,55.26595907572014,02:10.4,6,-0.069,0101000020E610000002B394F13193FFBFB1DC9E0D5BA54540,20230420_DACIA_EIBAR_DONOSTIA_053,,d2,19:34.5,05:18.0,DACIA_SPRING,Dacia Spring 33 kW,33000,139,03:20.0,4.3,6.8,290,WNW,-4.841068493463589,-155.3914971950394,73,102,,,,0.0,2.0,66.0,5,71,2,55,1
02:15.7,,,64,,98.5,,,,,,,53,-1.9736984,43.29172,153.66031,55.29112878199496,02:15.4,6,0.311,0101000020E6100000B55604CE4494FFBF92AF672257A54540,20230420_DACIA_EIBAR_DONOSTIA_053,,d2,19:34.5,05:18.0,DACIA_SPRING,Dacia Spring 33 kW,33000,139,03:20.0,4.3,6.8,290,WNW,-4.68046108137839,-153.49593419728467,73,102,,,,0.0,2.0,66.0,5,71,2,55,1
02:21.3,,,64,,98.5,,,,,,,53,-1.9738488,43.291645,156.43143999999998,55.30614223536728,02:21.5,6,-0.2,0101000020E6100000FB993980E294FFBFA338399B54A54540,20230420_DACIA_EIBAR_DONOSTIA_053,,d2,19:34.5,05:18.0,DACIA_SPRING,Dacia Spring 33 kW,33000,139,03:20.0,4.3,6.8,290,WNW,-3.587031742839144,-141.83700982823743,73,102,,,,0.0,2.0,66.0,5,71,2,40,1
02:26.8,,,64,,98.5,,,,,,,53,-1.9739366000000005,43.291576,157.63576,55.31666907893257,02:26.5,6,0.23,0101000020E61000005F5376823E95FFBFDED8136E52A54540,20230420_DACIA_EIBAR_DONOSTIA_053,,d2,19:34.5,05:18.0,DACIA_SPRING,Dacia Spring 33 kW,33000,139,03:20.0,4.3,6.8,290,WNW,-4.94705651998085,-156.6779117379744,73,102,,,,0.0,2.0,66.0,5,71,2,40,1
02:32.3,,,64,,98.5,,,,,,,53,-1.9745072,43.29133,156.56712,55.370354887534816,02:32.6,6,-0.26,0101000020E6100000623A16DC9497FFBF22CB29434AA54540,20230420_DACIA_EIBAR_DONOSTIA_053,,d2,19:34.5,05:18.0,DACIA_SPRING,Dacia Spring 33 kW,33000,139,03:20.0,4.3,6.8,290,WNW,-6.077593078190122,-173.3500683486438,73,102,,,,0.0,2.0,66.0,5,71,2,40,1
02:37.8,,,64,,98.5,,,,,,,53,-1.9750733,43.291264,155.42577,55.41677094359207,02:37.6,6,0.16,0101000020E6100000E0568B8AE699FFBFD2B31F1148A54540,20230420_DACIA_EIBAR_DONOSTIA_053,,d2,19:34.5,05:18.0,DACIA_SPRING,Dacia Spring 33 kW,33000,139,03:20.0,4.3,6.8,290,WNW,-3.992613756292221,-145.95495832403356,73,102,,,,0.0,2.0,66.0,5,71,2,40,1
02:43.4,,,64,,98.5,,,,,,,53,-1.9756668,43.290863,153.69111999999998,55.4823349871915,02:43.6,6,-0.2789999999999999,0101000020E6100000CC0FF7B3549CFFBF53241BFE3AA54540,20230420_DACIA_EIBAR_DONOSTIA_053,,d2,19:34.5,05:18.0,DACIA_SPRING,Dacia Spring 33 kW,33000,139,03:20.0,4.3,6.8,290,WNW,-4.829486505060414,-155.25270430855625,73,102,,,,0.0,2.0,66.0,5,71,2,40,1
02:48.9,,,64,,98.5,,,,,,,53,-1.976476,43.290490000000005,153.47202,55.55985775924391,02:48.7,6,0.198,0101000020E61000002D406347A59FFFBF3C3219B92EA54540,20230420_DACIA_EIBAR_DONOSTIA_053,,d2,19:34.5,05:18.0,DACIA_SPRING,Dacia Spring 33 kW,33000,139,03:20.0,4.3,6.8,290,WNW,-4.580733502001023,-152.34841635001143,73,102,,,,0.0,2.0,66.0,5,71,2,8,1
02:54.4,,,64,,98.5,,,,,,,53,-1.9773158,43.29005,154.04603999999998,55.64360839851153,02:54.7,6,-0.359,0101000020E610000052A426E015A3FFBFB049C05B20A54540,20230420_DACIA_EIBAR_DONOSTIA_053,,d2,19:34.5,05:18.0,DACIA_SPRING,Dacia Spring 33 kW,33000,139,03:20.0,4.3,6.8,290,WNW,-4.77282913486569,-154.57856585449608,73,102,,,,0.0,2.0,66.0,5,71,2,25,1
02:59.8,,,64,,98.5,,,,,,,53,-1.9780059,43.289722,157.55235,55.71040899736562,02:59.8,6,0.07,0101000020E6100000A8EDD780E9A5FFBF24A16BA715A54540,20230420_DACIA_EIBAR_DONOSTIA_053,,d2,19:34.5,05:18.0,DACIA_SPRING,Dacia Spring 33 kW,33000,139,03:20.0,4.3,6.8,290,WNW,-5.953073513287404,-171.09851337851563,436,69,,,,0.0,387.0,47.0,2,351,85,55,2
03:05.4,,,64,,98.5,,,,,,,53,-1.9785933,43.28963,160.07835,55.75910590066761,03:05.8,6,-0.437,0101000020E61000006C5F6C8F51A8FFBF431919AF12A54540,20230420_DACIA_EIBAR_DONOSTIA_053,,d2,19:34.5,05:18.0,DACIA_SPRING,Dacia Spring 33 kW,33000,139,03:20.0,4.3,6.8,290,WNW,-6.517587930343574,176.57064607978177,436,69,,,,0.0,387.0,47.0,2,351,85,55,2
03:10.9,,,64,,98.5,,,,,,,53,-1.9789938,43.289654,162.20952,55.79170115060632,03:10.9,6,0.06,0101000020E610000046767A63F5A9FFBFE6E9516E13A54540,20230420_DACIA_EIBAR_DONOSTIA_053,,d2,19:34.5,05:18.0,DACIA_SPRING,Dacia Spring 33 kW,33000,139,03:20.0,4.3,6.8,290,WNW,-2.38106782984788,-130.49692030155398,436,69,,,,0.0,387.0,47.0,2,351,85,55,2
03:16.5,,,64,,98.5,,,,,,,53,-1.9794114,43.289165,164.32019,55.85575942492841,03:17.0,6,-0.44,0101000020E6100000EBB0D53AABABFFBF955F275A03A54540,20230420_DACIA_EIBAR_DONOSTIA_053,,d2,19:34.5,05:18.0,DACIA_SPRING,Dacia Spring 33 kW,33000,139,03:20.0,4.3,6.8,290,WNW,-2.245342057693013,-129.28075496022922,436,69,,,,0.0,387.0,47.0,2,351,85,55,2
03:22.1,,,64,,98.5,,,,,,,53,-1.9798539,43.288624,166.76263,55.92581317899131,03:22.0,6,0.1009999999999999,0101000020E6100000C8A458347BADFFBF960B11A7F1A44540,20230420_DACIA_EIBAR_DONOSTIA_053,,d2,19:34.5,05:18.0,DACIA_SPRING,Dacia Spring 33 kW,33000,139,03:20.0,4.3,6.8,290,WNW,-0.6259477150962552,-115.281618383682,572,92,,,,0.0,142.0,420.0,10,505,67,8,2
03:27.5,,,64,,98.5,,,,,,,53,-1.9801694,43.287956,170.28981000000002,56.00443768929321,03:27.0,6,0.5,0101000020E6100000FB780B1AC6AEFFBFD948D9BADBA44540,20230420_DACIA_EIBAR_DONOSTIA_053,,d2,19:34.5,05:18.0,DACIA_SPRING,Dacia Spring 33 kW,33000,139,03:20.0,4.3,6.8,290,WNW,0.0258239770495163,-109.7824105218082,572,92,,,,0.0,142.0,420.0,10,505,67,25,2
03:33.0,,,64,,98.5,,,,,,,53,-1.9804575,43.287155,174.9727,56.09662590668283,03:33.0,6,-0.027,0101000020E61000004411C344F4AFFFBF9E26FF7FC1A44540,20230420_DACIA_EIBAR_DONOSTIA_053,,d2,19:34.5,05:18.0,DACIA_SPRING,Dacia Spring 33 kW,33000,139,03:40.4,4.3,6.8,290,WNW,-3.4466051369372126,-140.45448236687128,572,92,,,,0.0,142.0,420.0,10,505,67,8,2
03:38.5,,,64,,98.5,,,,,,,53,-1.9810122,43.286697,177.63495,56.16457113969182,03:38.1,6,0.429,0101000020E61000004CDBFAD439B2FFBFF99F998CB2A44540,20230420_DACIA_EIBAR_DONOSTIA_053,,d2,19:34.5,05:18.0,DACIA_SPRING,Dacia Spring 33 kW,33000,139,03:40.4,4.3,6.8,290,WNW,-6.564957805863279,175.10828065750243,73,102,,,,0.0,2.0,66.0,5,71,2,25,2
03:44.0,,,64,,98.5,,,,,,,53,-1.981982,43.28678,179.50664,56.24363181432959,03:44.3,6,-0.282,0101000020E6100000C29090B032B6FFBF9AA07A37B5A44540,20230420_DACIA_EIBAR_DONOSTIA_053,,d2,19:34.5,05:18.0,DACIA_SPRING,Dacia Spring 33 kW,33000,139,03:40.4,4.3,6.8,290,WNW,-6.299605624983007,137.88233495161623,489,8,35.0,241.0,195.0,,,,5140,449,40,25,2
03:49.4,,,64,,98.5,,,,,,,53,-1.9825317,43.287277,184.8067,56.314778717691865,03:49.3,6,0.148,0101000020E6100000F78E431673B8FFBF22550387C5A44540,20230420_DACIA_EIBAR_DONOSTIA_053,,d2,19:34.5,05:18.0,DACIA_SPRING,Dacia Spring 33 kW,33000,139,03:40.4,4.3,6.8,290,WNW,-5.868785631528255,129.6615423141153,489,8,35.0,241.0,195.0,,,,5140,449,40,25,2
03:54.9,,,64,,98.5,,,,,,,53,-1.9829023,43.287724,184.87851,56.3728331410639,03:55.3,6,-0.351,0101000020E610000079700AB8F7B9FFBFC6F6D513D4A44540,20230420_DACIA_EIBAR_DONOSTIA_053,,d2,19:34.5,05:18.0,DACIA_SPRING,Dacia Spring 33 kW,33000,139,03:40.4,4.3,6.8,290,WNW,-3.832606777641328,104.3064223543766,489,8,35.0,241.0,195.0,,,,5140,449,40,25,2
04:00.4,,,64,,98.5,,,,,,,53,-1.9829811,43.288033,184.08868,56.4077882730828,04:00.3,6,0.08,0101000020E6100000E5F5AB514ABAFFBFDCE9E949DEA44540,20230420_DACIA_EIBAR_DONOSTIA_053,,d2,19:34.5,05:18.0,DACIA_SPRING,Dacia Spring 33 kW,33000,139,03:40.4,4.3,6.8,290,WNW,-0.0557711648101264,70.4699247335213,489,8,35.0,241.0,195.0,,,,5140,449,40,25,2
04:06.0,,,64,,98.5,,,,,,,53,-1.9828041,43.288532,184.4026,56.46509508654388,04:06.5,6,-0.46,0101000020E61000009937BEB290B9FFBF6D99F1A1EEA44540,20230420_DACIA_EIBAR_DONOSTIA_053,,d2,19:34.5,05:18.0,DACIA_SPRING,Dacia Spring 33 kW,33000,139,03:40.4,4.3,6.8,290,WNW,-0.4726046537745409,73.98530869285229,489,8,35.0,241.0,195.0,,,,5140,449,40,25,2
04:11.5,,,64,,98.5,,,,,,,53,-1.9826913,43.288925,184.58278,56.509738616703224,04:11.4,6,0.1,0101000020E6100000829115811AB9FFBFA73E1784FBA44540,20230420_DACIA_EIBAR_DONOSTIA_053,,d2,19:34.5,05:18.0,DACIA_SPRING,Dacia Spring 33 kW,33000,139,03:40.4,4.3,6.8,290,WNW,-3.64304590003592,102.3942490215326,489,8,35.0,241.0,195.0,,,,5140,449,40,25,2
04:17.1,,,64,,98.5,,,,,,,53,-1.9827825,43.28934,186.19183,56.55649887038926,04:17.5,6,-0.359,0101000020E6100000C8FE982A7AB9FFBFC318C91409A54540,20230420_DACIA_EIBAR_DONOSTIA_053,,d2,19:34.5,05:18.0,DACIA_SPRING,Dacia Spring 33 kW,33000,139,03:40.4,4.3,6.8,290,WNW,-5.872545573842561,129.7243218796997,489,8,35.0,241.0,195.0,,,,5140,449,40,25,2
04:22.8,,,64,,98.5,,,,,,,53,-1.9830941,43.289715,185.93976,56.60523147227279,04:22.5,6,0.237,0101000020E61000006AA173DCC0BAFFBF55EA436A15A54540,20230420_DACIA_EIBAR_DONOSTIA_053,,d2,19:34.5,05:18.0,DACIA_SPRING,Dacia Spring 33 kW,33000,139,03:40.4,4.3,6.8,290,WNW,-5.484914795996227,123.7655559927342,489,8,35.0,241.0,195.0,,,,5140,449,40,25,2
04:28.3,,,64,,98.5,,,,,,,53,-1.9833515,43.2901,183.65999,56.6528962441522,04:28.6,6,-0.301,0101000020E61000001D9AFEB1CEBBFFBF71DDB50A22A54540,20230420_DACIA_EIBAR_DONOSTIA_053,,d2,19:34.5,05:18.0,DACIA_SPRING,Dacia Spring 33 kW,33000,139,03:40.4,4.3,6.8,290,WNW,-5.410866349285717,122.7229019490398,489,8,35.0,241.0,195.0,,,,5140,449,40,25,2
04:33.9,,,64,,98.5,,,,,,,53,-1.9835327,43.290382,181.8198,56.68756228494633,04:33.7,6,0.209,0101000020E6100000CE339DB08CBCFFBF1BC1DB312BA54540,20230420_DACIA_EIBAR_DONOSTIA_053,,d2,19:34.5,05:18.0,DACIA_SPRING,Dacia Spring 33 kW,33000,139,03:40.4,4.3,6.8,290,WNW,-6.205593861899919,135.8653868319092,489,8,35.0,241.0,195.0,,,,5140,449,40,25,2
04:39.3,,,64,,98.5,,,,,,,53,-1.983946,43.290783000000005,181.1228,56.74330877526915,04:39.7,6,-0.322,0101000020E6100000B147EB173EBEFFBF6081F96738A54540,20230420_DACIA_EIBAR_DONOSTIA_053,,d2,19:34.5,05:18.0,DACIA_SPRING,Dacia Spring 33 kW,33000,139,03:40.4,4.3,6.8,290,WNW,-5.222892189989356,120.1811045001258,489,8,35.0,241.0,195.0,,,,5140,449,40,25,2
04:45.0,,,64,,98.5,,,,,,,53,-1.9841827,43.29119,181.25648,56.79245316722329,04:44.7,6,0.288,0101000020E61000005FEBA46836BFFFBF1D942CBF45A54540,20230420_DACIA_EIBAR_DONOSTIA_053,,d2,19:34.5,05:18.0,DACIA_SPRING,Dacia Spring 33 kW,33000,139,03:40.4,4.3,6.8,290,WNW,-4.775116240201305,114.6056269230102,489,8,35.0,241.0,195.0,,,,5140,449,40,25,2
04:50.5,,,64,,98.5,,,,,,,53,-1.9844245,43.291718,180.19626,56.85434899963155,04:50.8,6,-0.3,0101000020E61000005BCCFEDC33C0FFBF9483000057A54540,20230420_DACIA_EIBAR_DONOSTIA_053,,d2,19:34.5,05:18.0,DACIA_SPRING,Dacia Spring 33 kW,33000,139,03:40.4,4.3,6.8,290,WNW,-4.689826332791745,113.60481057605514,489,8,35.0,241.0,195.0,,,,5140,449,40,25,2
04:56.2,,,64,,98.5,,,,,,,53,-1.9846277,43.292183,177.59163,56.9086696255321,04:55.8,6,0.439,0101000020E610000071D393FA08C1FFBF77522F3266A54540,20230420_DACIA_EIBAR_DONOSTIA_053,,d2,19:34.5,05:18.0,DACIA_SPRING,Dacia Spring 33 kW,33000,139,03:40.4,4.3,6.8,290,WNW,-4.559686059997246,112.10891563751788,489,8,35.0,241.0,195.0,,,,5140,449,40,25,2
05:01.8,,,64,,98.5,,,,,,,53,-1.9848621,43.29276,175.40485,56.97561080838905,05:01.9,6,-0.1,0101000020E6100000E69138BAFEC1FFBF6EED0D2B79A54540,20230420_DACIA_EIBAR_DONOSTIA_053,,d2,19:34.5,05:18.0,DACIA_SPRING,Dacia Spring 33 kW,33000,139,03:40.4,4.3,6.8,290,WNW,-4.602374264481701,112.59562376112012,489,8,35.0,241.0,195.0,,,,5140,449,40,25,2
05:07.4,,,64,,98.5,,,,,,,53,-1.9850577,43.29323,171.34644,57.03036806971323,05:07.9,6,-0.49,0101000020E6100000D69FBFD3CBC2FFBFB8702A8888A54540,20230420_DACIA_EIBAR_DONOSTIA_053,,d2,19:34.5,05:18.0,DACIA_SPRING,Dacia Spring 33 kW,33000,139,03:40.4,4.3,6.8,290,WNW,-6.402204100670294,140.3051096064023,489,8,35.0,241.0,195.0,,,,5140,449,40,25,2
05:13.0,,,64,,98.5,,,,,,,53,-1.9853637,43.293484,170.82942,57.067935348076674,05:12.9,6,0.052,0101000020E6100000BEAAA8C00CC4FFBFC4A596E790A54540,20230420_DACIA_EIBAR_DONOSTIA_053,,d2,19:34.5,05:18.0,DACIA_SPRING,Dacia Spring 33 kW,33000,139,03:40.4,4.3,6.8,290,WNW,,,489,8,35.0,241.0,195.0,,,,5140,449,40,25,2
