timestamp_data_utc,elv_spy,speed,soc,amb_temp,soh,regenwh,Motor Pwr(w),Aux Pwr(100w),Motor Temp,Torque Nm,rpm,route_id,longitude,latitude,altitude,cumul_dist,timestamp_gps_utc,car_id,time_diff,point_geom,route_code,route_description,driver,start_timestamp,end_timestamp,car_code,car_description,capacity,ref_consumption,timestamp_weather_utc,wind_mph,wind_kph,wind_degree,wind_dir,Frontal_Wind,Veh_deg,totalVehicles,speedAvg,cars_by_speed_interval_0_80,cars_by_speed_interval_80_100,cars_by_speed_interval_100_120,cars_by_speed_interval_0_50,cars_by_speed_interval_50_80,cars_by_speed_interval_80_120,cars_by_speed_interval_120_inf,cars_by_length_interval_0_7,cars_by_length_interval_7_inf,max_speed,radius
48:07.8,,,94,,98.5,,,,,,,49,-2.4891224,43.17992,212.96858,0.0,48:07.7,6,0.083,0101000020E610000028951600B9E903C0F2738B9907974540,20230420_DACIA_EIBAR_BILBAO_049,,d1,48:07.7,32:43.5,DACIA_SPRING,Dacia Spring 33 kW,33000,139,49:19.5,2.5,4.0,70,ENE,3.946591548019847,-150.62660225324436,209.0,57.0,,,,45.0,163.0,1.0,0.0,190.0,19.0,40.0,5.0
48:13.3,,,94,,98.5,,,,,,,49,-2.4893658,43.179783,210.46922,0.025056332069908628,48:13.7,6,-0.469,0101000020E6100000EE4AA6A838EA03C04A64442903974540,20230420_DACIA_EIBAR_BILBAO_049,,d1,48:07.7,32:43.5,DACIA_SPRING,Dacia Spring 33 kW,33000,139,49:19.5,2.5,4.0,70,ENE,3.999273750555634,-158.9081647477635,209.0,57.0,,,,45.0,163.0,1.0,0.0,190.0,19.0,8.0,5.0
48:19.7,,,94,,98.5,,,,,,,49,-2.4899310000000003,43.179565,208.18442,0.0769516222832797,48:19.8,6,-0.081,0101000020E61000007250A9FE60EB03C0BDA7940DFC964540,20230420_DACIA_EIBAR_BILBAO_049,,d1,48:07.7,32:43.5,DACIA_SPRING,Dacia Spring 33 kW,33000,139,49:19.5,2.5,4.0,70,ENE,3.6059320182662296,-134.3536914803622,209.0,57.0,,,,45.0,163.0,1.0,0.0,190.0,19.0,40.0,5.0
48:25.2,,,94,,98.5,,,,,,,49,-2.4903035,43.179184,204.36253,0.1291216743356492,48:24.8,6,0.373,0101000020E61000009277C64F24EC03C0F4CA4D72EF964540,20230420_DACIA_EIBAR_BILBAO_049,,d1,48:07.7,32:43.5,DACIA_SPRING,Dacia Spring 33 kW,33000,139,49:19.5,2.5,4.0,70,ENE,3.390866778962712,-127.96418622092791,209.0,57.0,,,,45.0,163.0,1.0,0.0,190.0,19.0,40.0,5.0
48:30.8,,,94,,98.5,,,,,,,49,-2.490806,43.178540000000005,199.8946,0.2116328139587476,48:30.9,6,-0.093,0101000020E61000009CAAC0B12BED03C0FD7D9863DA964540,20230420_DACIA_EIBAR_BILBAO_049,,d1,48:07.7,32:43.5,DACIA_SPRING,Dacia Spring 33 kW,33000,139,49:19.5,2.5,4.0,70,ENE,3.599037663651245,-134.12646153046848,209.0,57.0,,,,45.0,163.0,1.0,0.0,190.0,19.0,40.0,5.0
48:36.4,,,94,,98.5,,,,,,,49,-2.4913356,43.177994,196.27269,0.2860858391461242,48:35.9,6,0.427,0101000020E61000005112E86241EE03C05C8DA67EC8964540,20230420_DACIA_EIBAR_BILBAO_049,,d1,48:07.7,32:43.5,DACIA_SPRING,Dacia Spring 33 kW,33000,139,49:19.5,2.5,4.0,70,ENE,3.9770653510855394,-153.8615120258741,209.0,57.0,,,,45.0,163.0,1.0,0.0,190.0,19.0,80.0,5.0
48:41.9,,,94,,98.5,,,,,,,49,-2.49222,43.17756,197.85132,0.37253932060887146,48:42.0,6,-0.0279999999999999,0101000020E61000003380D4FD10F003C03A3D4A3FBA964540,20230420_DACIA_EIBAR_BILBAO_049,,d1,48:07.7,32:43.5,DACIA_SPRING,Dacia Spring 33 kW,33000,139,49:19.5,2.5,4.0,70,ENE,3.886427586751962,-173.68601568777504,209.0,57.0,,,,45.0,163.0,1.0,0.0,190.0,19.0,40.0,5.0
48:47.5,,,94,,98.5,,,,,,,49,-2.4929159,43.177483,199.62398,0.4296414785053119,48:47.0,6,0.405,0101000020E61000002E028FE57DF103C010520BB9B7964540,20230420_DACIA_EIBAR_BILBAO_049,,d1,48:07.7,32:43.5,DACIA_SPRING,Dacia Spring 33 kW,33000,139,49:19.5,2.5,4.0,70,ENE,3.64060885805564,175.5263949256378,209.0,57.0,,,,45.0,163.0,1.0,0.0,190.0,19.0,40.0,5.0
48:53.0,,,94,,98.5,,,,,,,49,-2.493261,43.17751,203.96918,0.4581188251672081,48:53.1,6,-0.146,0101000020E6100000374674EC32F203C003C75D91B8964540,20230420_DACIA_EIBAR_BILBAO_049,,d1,48:07.7,32:43.5,DACIA_SPRING,Dacia Spring 33 kW,33000,139,49:19.5,2.5,4.0,70,ENE,-3.8269085420553792,3.0829698047686542,209.0,57.0,,,,45.0,163.0,1.0,0.0,190.0,19.0,40.0,5.0
48:58.4,,,94,,98.5,,,,,,,49,-2.4932053,43.177513,207.13327,0.4636435128734108,48:58.2,6,0.225,0101000020E6100000DF25829115F203C040A407CFB8964540,20230420_DACIA_EIBAR_BILBAO_049,,d1,48:07.7,32:43.5,DACIA_SPRING,Dacia Spring 33 kW,33000,139,49:19.5,2.5,4.0,70,ENE,-3.7587704831436337,0.0,209.0,57.0,,,,45.0,163.0,1.0,0.0,190.0,19.0,40.0,5.0
49:03.9,,,94,,98.5,,,,,,,49,-2.4932053,43.177513,207.13327,0.4636435128734108,49:04.2,6,-0.348,0101000020E6100000DF25829115F203C040A407CFB8964540,20230420_DACIA_EIBAR_BILBAO_049,,d1,48:07.7,32:43.5,DACIA_SPRING,Dacia Spring 33 kW,33000,139,49:19.5,2.5,4.0,70,ENE,-3.7587704831436337,0.0,209.0,57.0,,,,45.0,163.0,1.0,0.0,190.0,19.0,40.0,5.0
49:09.3,,,94,,98.5,,,,,,,49,-2.4932053,43.177513,207.13327,0.4636435128734108,49:09.3,6,0.039,0101000020E6100000DF25829115F203C040A407CFB8964540,20230420_DACIA_EIBAR_BILBAO_049,,d1,48:07.7,32:43.5,DACIA_SPRING,Dacia Spring 33 kW,33000,139,49:19.5,2.5,4.0,70,ENE,3.576591371533904,173.3991818335491,209.0,57.0,,,,45.0,163.0,1.0,0.0,190.0,19.0,40.0,5.0
49:15.0,,,94,,98.5,,,,,,,49,-2.493309,43.177525,207.07936,0.47215766557631816,49:15.4,6,-0.367,0101000020E61000006D121EF84BF203C00524521CB9964540,20230420_DACIA_EIBAR_BILBAO_049,,d1,48:07.7,32:43.5,DACIA_SPRING,Dacia Spring 33 kW,33000,139,49:19.5,2.5,4.0,70,ENE,3.389841643488734,167.93651473282964,209.0,57.0,,,,45.0,163.0,1.0,0.0,190.0,19.0,40.0,5.0
49:20.9,,,94,,98.5,,,,,,,49,-2.4938471,43.17764,207.35756,0.5176268300619572,49:20.6,6,0.287,0101000020E61000001FEDA72166F303C04492DDD2BC964540,20230420_DACIA_EIBAR_BILBAO_049,,d1,48:07.7,32:43.5,DACIA_SPRING,Dacia Spring 33 kW,33000,139,49:19.5,2.5,4.0,70,ENE,2.5216459195511134,149.08048730423224,209.0,57.0,,,,45.0,163.0,1.0,0.0,190.0,19.0,40.0,5.0
49:26.4,,,94,,98.5,,,,,,,49,-2.494171,43.177834,206.97491,0.5516164555669358,49:26.5,6,-0.068,0101000020E61000008671A7E90FF403C0FFA90D48C3964540,20230420_DACIA_EIBAR_BILBAO_049,,d1,48:07.7,32:43.5,DACIA_SPRING,Dacia Spring 33 kW,33000,139,49:19.5,2.5,4.0,70,ENE,1.7176603940155857,135.4304465528852,209.0,57.0,,,,45.0,163.0,1.0,0.0,190.0,19.0,85.0,5.0
49:32.0,,,94,,98.5,,,,,,,49,-2.4944258,43.178085,206.05264,0.5863538847823544,49:32.5,6,-0.475,0101000020E6100000B573598695F403C0725DF172CB964540,20230420_DACIA_EIBAR_BILBAO_049,,d1,48:07.7,32:43.5,DACIA_SPRING,Dacia Spring 33 kW,33000,139,49:19.5,2.5,4.0,70,ENE,3.979400370681193,-154.1826673991416,209.0,57.0,,,,45.0,163.0,1.0,0.0,190.0,19.0,85.0,5.0
49:37.5,,,94,,98.5,,,,,,,49,-2.4950397,43.177788,205.86327,0.6460920978197846,49:37.6,6,-0.037,0101000020E6100000E058A755D7F503C063E68CB5C1964540,20230420_DACIA_EIBAR_BILBAO_049,,d1,48:07.7,32:43.5,DACIA_SPRING,Dacia Spring 33 kW,33000,139,49:19.5,2.5,4.0,70,ENE,3.791303396861277,-178.5896792318507,209.0,57.0,,,,45.0,163.0,1.0,0.0,190.0,19.0,85.0,6.0
49:43.0,,,94,,98.5,,,,,,,49,-2.496177,43.17776,207.1069,0.7383734179770572,49:42.7,6,0.389,0101000020E6100000B26CB3A22BF803C022DAA9D7C0964540,20230420_DACIA_EIBAR_BILBAO_049,,d1,48:07.7,32:43.5,DACIA_SPRING,Dacia Spring 33 kW,33000,139,49:19.5,2.5,4.0,70,ENE,3.947099095094218,-169.32865402913438,209.0,57.0,,,,45.0,163.0,1.0,0.0,190.0,19.0,25.0,6.0
49:48.6,,,93,,98.5,,,,,,,49,-2.497716,43.17747,204.63678,0.867289433303715,49:48.7,6,-0.0969999999999999,0101000020E61000003409C87652FB03C06340155DB7964540,20230420_DACIA_EIBAR_BILBAO_049,,d1,48:07.7,32:43.5,DACIA_SPRING,Dacia Spring 33 kW,33000,139,49:19.5,2.5,4.0,70,ENE,3.9998373176488826,-160.51674862136943,209.0,57.0,,,,45.0,163.0,1.0,0.0,190.0,19.0,80.0,6.0
49:54.1,,,93,,98.5,,,,,,,49,-2.4991858,43.17695,204.13982,0.9997588163752382,49:53.7,6,0.402,0101000020E61000007944FC2155FE03C029EEB141A6964540,20230420_DACIA_EIBAR_BILBAO_049,,d1,48:07.7,32:43.5,DACIA_SPRING,Dacia Spring 33 kW,33000,139,49:19.5,2.5,4.0,70,ENE,3.791901107544671,-178.56280389831446,209.0,57.0,,,,45.0,163.0,1.0,0.0,190.0,19.0,80.0,6.0
49:59.6,,,93,,98.5,,,,,,,49,-2.5011787,43.1769,203.07819,1.1614587096243085,49:59.8,6,-0.242,0101000020E6100000AF46BC0F6A0204C081BB369AA4964540,20230420_DACIA_EIBAR_BILBAO_049,,d1,48:07.7,32:43.5,DACIA_SPRING,Dacia Spring 33 kW,33000,139,49:19.5,2.5,4.0,70,ENE,3.693541936592332,177.42614543677348,209.0,57.0,,,,45.0,163.0,1.0,0.0,190.0,19.0,85.0,6.0
50:05.1,,,92,,98.5,,,,,,,49,-2.5027359,43.17697,202.71799,1.2879695176150787,50:04.8,6,0.267,0101000020E610000042FE02539A0504C0453186F0A6964540,20230420_DACIA_EIBAR_BILBAO_049,,d1,48:07.7,32:43.5,DACIA_SPRING,Dacia Spring 33 kW,33000,139,49:19.5,2.5,4.0,70,ENE,3.78395047595049,-178.91728099364497,209.0,57.0,,,,45.0,163.0,1.0,0.0,190.0,19.0,85.0,6.0
50:10.9,,,92,,98.5,,,,,,,49,-2.504482,43.176937,203.32964,1.4296065273027625,50:11.3,6,-0.368,0101000020E6100000B4BA34D42D0904C0FC1C40D5A5964540,20230420_DACIA_EIBAR_BILBAO_049,,d1,48:07.7,32:43.5,DACIA_SPRING,Dacia Spring 33 kW,33000,139,49:19.5,2.5,4.0,70,ENE,3.8477975178260615,-175.8564261281119,209.0,57.0,,,,45.0,163.0,1.0,0.0,190.0,19.0,85.0,6.0
50:16.6,,,92,,98.5,,,,,,,49,-2.5060556,43.176823,206.48338,1.5578739878871053,50:17.0,6,-0.414,0101000020E61000004496B9ED660C04C0552BD628A2964540,20230420_DACIA_EIBAR_BILBAO_049,,d1,48:07.7,32:43.5,DACIA_SPRING,Dacia Spring 33 kW,33000,139,49:19.5,2.5,4.0,70,ENE,3.9952667120032768,-157.2123905078659,209.0,57.0,,,,45.0,163.0,1.0,0.0,190.0,19.0,85.0,6.0
50:22.1,,,92,,98.5,,,,,,,49,-2.507291,43.176304,207.59329,1.6734903058071524,50:22.0,6,0.1009999999999999,0101000020E61000001906A5AFEE0E04C09523F61F91964540,20230420_DACIA_EIBAR_BILBAO_049,,d1,48:07.7,32:43.5,DACIA_SPRING,Dacia Spring 33 kW,33000,139,49:19.5,2.5,4.0,70,ENE,3.993551635869845,-156.74620061977592,209.0,57.0,,,,45.0,163.0,1.0,0.0,190.0,19.0,85.0,7.0
50:27.6,,,92,,98.5,,,,,,,49,-2.508543,43.175766,215.31038,1.791581154569786,50:28.0,6,-0.44,0101000020E61000005A9586FA7E1104C0B15856797F964540,20230420_DACIA_EIBAR_BILBAO_049,,d1,48:07.7,32:43.5,DACIA_SPRING,Dacia Spring 33 kW,33000,139,49:19.5,2.5,4.0,70,ENE,3.88929379857494,-173.51140084815515,209.0,57.0,,,,45.0,163.0,1.0,0.0,190.0,19.0,8.0,7.0
50:34.0,,,92,,98.5,,,,,,,49,-2.5100553,43.175594,224.26636,1.9160185732152886,50:34.2,6,-0.203,0101000020E610000010F825D9971404C010446DEB79964540,20230420_DACIA_EIBAR_BILBAO_049,,d1,48:07.7,32:43.5,DACIA_SPRING,Dacia Spring 33 kW,33000,139,51:36.6,10.5,16.9,290,WNW,-16.88260369265843,162.59992053900936,,,,,,,,,,,,,
50:39.5,,,92,,98.5,,,,,,,49,-2.511153,43.175938,230.04518,2.0130738305084295,50:39.1,6,0.3429999999999999,0101000020E6100000A972676DD71604C073A8672185964540,20230420_DACIA_EIBAR_BILBAO_049,,d1,48:07.7,32:43.5,DACIA_SPRING,Dacia Spring 33 kW,33000,139,51:36.6,10.5,16.9,290,WNW,-16.87884034930078,157.13256323926868,,,,,,,,,,,,,
50:45.0,,,92,,98.5,,,,,,,49,-2.5121536,43.17636,234.90128,2.1069292196350133,50:45.2,6,-0.228,0101000020E6100000CA4BEBF5E31804C09950F50793964540,20230420_DACIA_EIBAR_BILBAO_049,,d1,48:07.7,32:43.5,DACIA_SPRING,Dacia Spring 33 kW,33000,139,51:36.6,10.5,16.9,290,WNW,-2.086696429850249,77.09259132900277,,,,,,,,,,,,,
50:50.4,,,92,,98.5,,,,,,,49,-2.5120711,43.17672,240.2221,2.147861843122548,50:50.3,6,0.139,0101000020E6100000A2D5F6B1B81804C03553A8BB9E964540,20230420_DACIA_EIBAR_BILBAO_049,,d1,48:07.7,32:43.5,DACIA_SPRING,Dacia Spring 33 kW,33000,139,51:36.6,10.5,16.9,290,WNW,-16.577067615935288,171.2187396554865,209.0,57.0,,,,45.0,163.0,1.0,0.0,190.0,19.0,85.0,7.0
50:56.0,,,92,,98.5,,,,,,,49,-2.5125372,43.176792,244.00713,2.1866807950995173,50:56.3,6,-0.347,0101000020E610000073E39227AD1904C08215DA2FA1964540,20230420_DACIA_EIBAR_BILBAO_049,,d1,48:07.7,32:43.5,DACIA_SPRING,Dacia Spring 33 kW,33000,139,51:36.6,10.5,16.9,290,WNW,-9.2195429891878,-143.06123726767342,209.0,57.0,,,,45.0,163.0,1.0,0.0,190.0,19.0,85.0,7.0
51:01.4,,,92,,98.5,,,,,,,49,-2.5131357000000003,43.176342,248.69194,2.2565452185600336,51:01.4,6,0.073,0101000020E6100000FF31D3E4E61A04C00C9AC65592964540,20230420_DACIA_EIBAR_BILBAO_049,,d1,48:07.7,32:43.5,DACIA_SPRING,Dacia Spring 33 kW,33000,139,51:36.6,10.5,16.9,290,WNW,-15.185639647785036,-173.96923838461524,209.0,57.0,,,,45.0,163.0,1.0,0.0,190.0,19.0,45.0,7.0
51:06.9,,,92,,98.5,,,,,,,49,-2.5139308,43.176258,256.36722000000003,2.322142787503741,51:07.4,6,-0.456,0101000020E61000008A210EB2871C04C03FB0BE968F964540,20230420_DACIA_EIBAR_BILBAO_049,,d1,48:07.7,32:43.5,DACIA_SPRING,Dacia Spring 33 kW,33000,139,51:36.6,10.5,16.9,290,WNW,-16.523725279246676,172.1131165958564,209.0,57.0,,,,45.0,163.0,1.0,0.0,190.0,19.0,45.0,7.0
51:12.5,,,92,,98.5,,,,,,,49,-2.5141618,43.17629,261.55017000000004,2.3419012394234153,51:12.4,6,0.019,0101000020E6100000B1BBCBEE001D04C0E8D08AA590964540,20230420_DACIA_EIBAR_BILBAO_049,,d1,48:07.7,32:43.5,DACIA_SPRING,Dacia Spring 33 kW,33000,139,51:36.6,10.5,16.9,290,WNW,-4.473156656830999,-125.34816653021116,209.0,57.0,,,,45.0,163.0,1.0,0.0,190.0,19.0,8.0,7.0
51:18.0,,,92,,98.5,,,,,,,49,-2.5141923,43.176247,264.16544,2.347886058523934,51:17.5,6,0.47,0101000020E6100000AF5BBFD9101D04C0E55727398F964540,20230420_DACIA_EIBAR_BILBAO_049,,d1,48:07.7,32:43.5,DACIA_SPRING,Dacia Spring 33 kW,33000,139,51:36.6,10.5,16.9,290,WNW,12.160280876329052,-63.98321705929611,209.0,57.0,,,,45.0,163.0,1.0,0.0,190.0,19.0,8.0,7.0
51:23.5,,,92,,98.5,,,,,,,49,-2.5141718,43.176205,266.9735,2.353583354594669,51:23.5,6,-0.006,0101000020E6100000CB701711061D04C00D83A8EF8D964540,20230420_DACIA_EIBAR_BILBAO_049,,d1,48:07.7,32:43.5,DACIA_SPRING,Dacia Spring 33 kW,33000,139,51:36.6,10.5,16.9,290,WNW,-0.6275721986214828,72.12813653427959,209.0,57.0,,,,45.0,163.0,1.0,0.0,190.0,19.0,8.0,7.0
51:29.0,,,92,,98.5,,,,,,,49,-2.5141560000000003,43.176254,269.56445,2.359751111979221,51:28.6,6,0.42,0101000020E610000022FA5EE2FD1C04C0F1A7507C8F964540,20230420_DACIA_EIBAR_BILBAO_049,,d1,48:07.7,32:43.5,DACIA_SPRING,Dacia Spring 33 kW,33000,139,51:36.6,10.5,16.9,290,WNW,-16.559167312086927,148.47349874705574,209.0,57.0,,,,45.0,163.0,1.0,0.0,190.0,19.0,8.0,7.0
51:34.6,,,92,,98.5,,,,,,,49,-2.5143614,43.17638,269.1368,2.3815201465835747,51:34.6,6,-0.01,0101000020E6100000A75DC880691D04C0BBB9E6AE93964540,20230420_DACIA_EIBAR_BILBAO_049,,d1,48:07.7,32:43.5,DACIA_SPRING,Dacia Spring 33 kW,33000,139,51:36.6,10.5,16.9,290,WNW,-16.478481473738626,172.8235847434567,209.0,57.0,,,,45.0,163.0,1.0,0.0,190.0,19.0,8.0,7.0
51:40.1,,,92,,98.5,,,,,,,49,-2.514965,43.176456,271.00385,2.4312247006868306,51:39.6,6,0.451,0101000020E61000000CA61D0DA61E04C0D0AB971596964540,20230420_DACIA_EIBAR_BILBAO_049,,d1,48:07.7,32:43.5,DACIA_SPRING,Dacia Spring 33 kW,33000,139,51:36.6,10.5,16.9,290,WNW,-14.586976202972885,-169.67038853392157,209.0,57.0,,,,45.0,163.0,1.0,0.0,190.0,19.0,8.0,7.0
51:45.6,,,92,,98.5,,,,,,,49,-2.5165122,43.176174,270.52368,2.560545834490857,51:45.7,6,-0.091,0101000020E610000002644E1BD12104C02680AEE38C964540,20230420_DACIA_EIBAR_BILBAO_049,,d1,48:07.7,32:43.5,DACIA_SPRING,Dacia Spring 33 kW,33000,139,51:36.6,10.5,16.9,290,WNW,-13.36124535082343,-162.24220112061113,209.0,57.0,,,,45.0,163.0,1.0,0.0,190.0,19.0,45.0,7.0
51:51.0,,,92,,98.5,,,,,,,49,-2.517399,43.17589,274.78912,2.6392002405196413,51:50.7,6,0.273,0101000020E61000000150AC2EA22304C02D82119083964540,20230420_DACIA_EIBAR_BILBAO_049,,d1,48:07.7,32:43.5,DACIA_SPRING,Dacia Spring 33 kW,33000,139,51:36.6,10.5,16.9,290,WNW,-14.73065474230024,-170.64935726688032,209.0,57.0,,,,45.0,163.0,1.0,0.0,190.0,19.0,8.0,7.0
51:56.5,,,92,,98.5,,,,,,,49,-2.5185225,43.175705,274.08847000000003,2.7326007814562328,51:56.8,6,-0.26,0101000020E61000002ED00729EF2504C0EB7CD88C7D964540,20230420_DACIA_EIBAR_BILBAO_049,,d1,48:07.7,32:43.5,DACIA_SPRING,Dacia Spring 33 kW,33000,139,51:36.6,10.5,16.9,290,WNW,-16.436553655561212,173.44904672742692,209.0,57.0,,,,45.0,163.0,1.0,0.0,190.0,19.0,45.0,7.0
52:01.9,,,92,,98.5,,,,,,,49,-2.5197155,43.175842,276.9487,2.830574745505713,52:01.8,6,0.08,0101000020E6100000383DE293602804C0DF16EB0E82964540,20230420_DACIA_EIBAR_BILBAO_049,,d1,48:07.7,32:43.5,DACIA_SPRING,Dacia Spring 33 kW,33000,139,51:36.6,10.5,16.9,290,WNW,-16.618564297645147,170.4710061289999,209.0,57.0,,,,45.0,163.0,1.0,0.0,190.0,19.0,100.0,8.0
52:07.4,,,92,,98.5,,,,,,,49,-2.5214014,43.176125,277.64658,2.9708602783613984,52:07.8,6,-0.479,0101000020E61000003EF25B76D42B04C0D9CF5C348B964540,20230420_DACIA_EIBAR_BILBAO_049,,d1,48:07.7,32:43.5,DACIA_SPRING,Dacia Spring 33 kW,33000,139,51:36.6,10.5,16.9,290,WNW,-16.759603181335248,167.39050353367475,209.0,57.0,,,,45.0,163.0,1.0,0.0,190.0,19.0,100.0,8.0
52:12.9,,,92,,98.5,,,,,,,49,-2.5229347,43.176468,279.41678,3.100924509073099,52:12.9,6,0.006,0101000020E61000009EF4396FF82E04C0331F3F8196964540,20230420_DACIA_EIBAR_BILBAO_049,,d1,48:07.7,32:43.5,DACIA_SPRING,Dacia Spring 33 kW,33000,139,51:36.6,10.5,16.9,290,WNW,-16.804859746526432,166.08247570131374,209.0,57.0,,,,45.0,163.0,1.0,0.0,190.0,19.0,100.0,8.0
52:18.4,,,92,,98.5,,,,,,,49,-2.5244117000000004,43.176834,282.94057999999995,3.2274671534100596,52:17.9,6,0.492,0101000020E6100000A46E80C9FE3104C04203CF80A2964540,20230420_DACIA_EIBAR_BILBAO_049,,d1,48:07.7,32:43.5,DACIA_SPRING,Dacia Spring 33 kW,33000,139,51:36.6,10.5,16.9,290,WNW,-16.571118160817882,171.32194519103285,209.0,57.0,,,,45.0,163.0,1.0,0.0,190.0,19.0,100.0,8.0
52:23.9,,,92,,98.5,,,,,,,49,-2.52622,43.17711,283.59238,3.377277603062208,52:23.9,6,-0.021,0101000020E6100000F57159D1B23504C0DD5D3572AB964540,20230420_DACIA_EIBAR_BILBAO_049,,d1,48:07.7,32:43.5,DACIA_SPRING,Dacia Spring 33 kW,33000,139,51:36.6,10.5,16.9,290,WNW,-14.367234472356774,-168.22605297622488,209.0,57.0,,,,45.0,163.0,1.0,0.0,190.0,19.0,100.0,8.0
52:29.4,,,92,,98.5,,,,,,,49,-2.5276353,43.176815000000005,286.64005,3.4966765220807283,52:29.0,6,0.473,0101000020E6100000108F33DB983804C0DCA626E9A1964540,20230420_DACIA_EIBAR_BILBAO_049,,d1,48:07.7,32:43.5,DACIA_SPRING,Dacia Spring 33 kW,33000,139,51:36.6,10.5,16.9,290,WNW,-10.95562034553026,-150.4106587405032,209.0,57.0,,,,45.0,163.0,1.0,0.0,190.0,19.0,80.0,8.0
52:34.9,,,92,,98.5,,,,,,,49,-2.5289385,43.176075,289.56677,3.6306409939882016,52:35.0,6,-0.086,0101000020E61000001E49FF13443B04C024F03CA889964540,20230420_DACIA_EIBAR_BILBAO_049,,d1,48:07.7,32:43.5,DACIA_SPRING,Dacia Spring 33 kW,33000,139,51:36.6,10.5,16.9,290,WNW,-10.68775616856717,-149.2282715334248,209.0,57.0,,,,45.0,163.0,1.0,0.0,190.0,19.0,80.0,8.0
52:40.5,,,92,,98.5,,,,,,,49,-2.5293298,43.175842,290.05112,3.671607994519535,52:40.1,6,0.384,0101000020E61000001C15823D113C04C0002379F881964540,20230420_DACIA_EIBAR_BILBAO_049,,d1,48:07.7,32:43.5,DACIA_SPRING,Dacia Spring 33 kW,33000,139,51:36.6,10.5,16.9,290,WNW,15.88080529128185,0.0,209.0,57.0,,,,45.0,163.0,1.0,0.0,190.0,19.0,80.0,8.0
52:46.0,,,92,,98.5,,,,,,,49,-2.5293298,43.175842,290.05112,3.671607994519535,52:46.1,6,-0.079,0101000020E61000001C15823D113C04C0002379F881964540,20230420_DACIA_EIBAR_BILBAO_049,,d1,48:07.7,32:43.5,DACIA_SPRING,Dacia Spring 33 kW,33000,139,51:36.6,10.5,16.9,290,WNW,15.88080529128185,0.0,209.0,57.0,,,,45.0,163.0,1.0,0.0,190.0,19.0,80.0,8.0
52:51.5,,,92,,98.5,,,,,,,49,-2.5293298,43.175842,290.05112,3.671607994519535,52:51.1,6,0.337,0101000020E61000001C15823D113C04C0002379F881964540,20230420_DACIA_EIBAR_BILBAO_049,,d1,48:07.7,32:43.5,DACIA_SPRING,Dacia Spring 33 kW,33000,139,51:36.6,10.5,16.9,290,WNW,15.88080529128185,0.0,209.0,57.0,,,,45.0,163.0,1.0,0.0,190.0,19.0,80.0,8.0
52:56.9,,,91,,98.5,,,,,,,49,-2.5293298,43.175842,290.05112,3.671607994519535,52:57.1,6,-0.23,0101000020E61000001C15823D113C04C0002379F881964540,20230420_DACIA_EIBAR_BILBAO_049,,d1,48:07.7,32:43.5,DACIA_SPRING,Dacia Spring 33 kW,33000,139,51:36.6,10.5,16.9,290,WNW,-7.080488095120531,-134.76918465935535,209.0,57.0,,,,45.0,163.0,1.0,0.0,190.0,19.0,80.0,8.0
53:03.3,,,91,,98.5,,,,,,,49,-2.5335080000000003,43.17163,272.3067,4.249940832783197,53:03.3,6,-0.001,0101000020E6100000EEB371EE9F4404C00C8CCFFEF7954540,20230420_DACIA_EIBAR_BILBAO_049,,d1,48:07.7,32:43.5,DACIA_SPRING,Dacia Spring 33 kW,33000,139,54:18.6,10.5,16.9,290,WNW,-14.64660464089862,-170.0731436285622,209.0,57.0,,,,45.0,163.0,1.0,0.0,190.0,19.0,25.0,9.0
53:08.8,,,91,,98.5,,,,,,,49,-2.5360107000000003,43.171192,259.70496,4.459040663431659,53:09.2,6,-0.402,0101000020E6100000C60AF609C04904C02CEE8497E9954540,20230420_DACIA_EIBAR_BILBAO_049,,d1,48:07.7,32:43.5,DACIA_SPRING,Dacia Spring 33 kW,33000,139,54:18.6,10.5,16.9,290,WNW,-16.29842767022257,175.33327612280138,209.0,57.0,,,,45.0,163.0,1.0,0.0,190.0,19.0,100.0,9.0
53:14.3,,,91,,98.5,,,,,,,49,-2.537738,43.171333,309.74756,4.608611952400322,53:14.3,6,0.054,0101000020E6100000E87967A1494D04C0BDDCE74AEE954540,20230420_DACIA_EIBAR_BILBAO_049,,d1,48:07.7,32:43.5,DACIA_SPRING,Dacia Spring 33 kW,33000,139,54:18.6,10.5,16.9,290,WNW,-14.537761787175484,-169.3415845825804,209.0,57.0,,,,45.0,163.0,1.0,0.0,190.0,19.0,8.0,9.0
53:19.8,,,91,,98.5,,,,,,,49,-2.5398262000000003,43.17094,302.92645,4.783636987339932,53:20.3,6,-0.487,0101000020E6100000CE589454905104C00481315AE1954540,20230420_DACIA_EIBAR_BILBAO_049,,d1,48:07.7,32:43.5,DACIA_SPRING,Dacia Spring 33 kW,33000,139,54:18.6,10.5,16.9,290,WNW,-12.282245228159043,-156.61546273357632,209.0,57.0,,,,45.0,163.0,1.0,0.0,190.0,19.0,80.0,9.0
53:25.4,,,91,,98.5,,,,,,,49,-2.5413525000000003,43.17028,305.18625,4.927553448660137,53:25.4,6,0.002,0101000020E6100000E87EB6A0B05404C0A8243CC1CB954540,20230420_DACIA_EIBAR_BILBAO_049,,d1,48:07.7,32:43.5,DACIA_SPRING,Dacia Spring 33 kW,33000,139,54:18.6,10.5,16.9,290,WNW,-10.27803016358626,-147.45711640011666,209.0,57.0,,,,45.0,163.0,1.0,0.0,190.0,19.0,25.0,9.0
53:30.8,,,91,,98.5,,,,,,,49,-2.5426908,43.169426,307.457,5.0717826281720075,53:30.4,6,0.451,0101000020E6100000373A3F4C6E5704C0B800D9B4AF954540,20230420_DACIA_EIBAR_BILBAO_049,,d1,48:07.7,32:43.5,DACIA_SPRING,Dacia Spring 33 kW,33000,139,54:18.6,10.5,16.9,290,WNW,-9.640032867307289,-144.7792499787294,209.0,57.0,,,,45.0,163.0,1.0,0.0,190.0,19.0,25.0,10.0
53:36.4,,,91,,98.5,,,,,,,49,-2.5441158,43.168420000000005,297.12994,5.232951041050792,53:36.4,6,-0.088,0101000020E61000003EFC995D595A04C0DFB125C68E954540,20230420_DACIA_EIBAR_BILBAO_049,,d1,48:07.7,32:43.5,DACIA_SPRING,Dacia Spring 33 kW,33000,139,54:18.6,10.5,16.9,290,WNW,-12.890697950266622,-159.70840411903896,209.0,57.0,,,,45.0,163.0,1.0,0.0,190.0,19.0,100.0,10.0
53:41.9,,,91,,98.5,,,,,,,49,-2.5455952,43.167873,283.32596,5.368173362542837,53:41.5,6,0.396,0101000020E6100000473358F3605D04C087CFF5EC7C954540,20230420_DACIA_EIBAR_BILBAO_049,,d1,48:07.7,32:43.5,DACIA_SPRING,Dacia Spring 33 kW,33000,139,54:18.6,10.5,16.9,290,WNW,-15.42853480404523,-175.913597010773,209.0,57.0,,,,45.0,163.0,1.0,0.0,190.0,19.0,100.0,10.0
53:47.4,,,91,,98.5,,,,,,,49,-2.5476668,43.167725,261.2855,5.538417732368834,53:47.5,6,-0.128,0101000020E61000001A41B4109F6104C0AFA78B0F78954540,20230420_DACIA_EIBAR_BILBAO_049,,d1,48:07.7,32:43.5,DACIA_SPRING,Dacia Spring 33 kW,33000,139,54:18.6,10.5,16.9,290,WNW,-15.864196316170966,-179.83600771941758,209.0,57.0,,,,45.0,163.0,1.0,0.0,190.0,19.0,25.0,10.0
53:52.8,,,91,,98.5,,,,,,,49,-2.5494137,43.16772,253.3523,5.68031519212016,53:52.5,6,0.22,0101000020E6100000ABD9850B336504C0A1A20AE777954540,20230420_DACIA_EIBAR_BILBAO_049,,d1,48:07.7,32:43.5,DACIA_SPRING,Dacia Spring 33 kW,33000,139,54:18.6,10.5,16.9,290,WNW,-14.856186998188113,-171.5296980159208,209.0,57.0,,,,45.0,163.0,1.0,0.0,190.0,19.0,100.0,10.0
53:58.2,,,91,,98.5,,,,,,,49,-2.5512536,43.167446000000005,241.5761,5.833065608582795,53:58.6,6,-0.348,0101000020E6100000E4018F9DF76804C01FD9FDE76E954540,20230420_DACIA_EIBAR_BILBAO_049,,d1,48:07.7,32:43.5,DACIA_SPRING,Dacia Spring 33 kW,33000,139,54:18.6,10.5,16.9,290,WNW,-15.17909371690055,-173.9187146073872,209.0,57.0,,,,45.0,163.0,1.0,0.0,190.0,19.0,90.0,10.0
54:03.6,,,91,,98.5,,,,,,,49,-2.5527554,43.167286,232.269,5.956506924386916,54:03.6,6,0.002,0101000020E61000006ABBB5FC0A6C04C04BA2379869954540,20230420_DACIA_EIBAR_BILBAO_049,,d1,48:07.7,32:43.5,DACIA_SPRING,Dacia Spring 33 kW,33000,139,54:18.6,10.5,16.9,290,WNW,-15.999920132635657,178.78371183193417,209.0,57.0,,,,45.0,163.0,1.0,0.0,190.0,19.0,25.0,10.0
54:09.1,,,90,,98.5,,,,,,,49,-2.5543568,43.16732,225.94247,6.086591075538038,54:08.7,6,0.4589999999999999,0101000020E610000047A47CA1526F04C0DCE770BF6A954540,20230420_DACIA_EIBAR_BILBAO_049,,d1,48:07.7,32:43.5,DACIA_SPRING,Dacia Spring 33 kW,33000,139,54:18.6,10.5,16.9,290,WNW,-16.19202668467083,176.6429619983865,209.0,57.0,,,,45.0,163.0,1.0,0.0,190.0,19.0,85.0,10.0
54:14.5,,,90,,98.5,,,,,,,49,-2.5563173,43.167435,221.42213,6.246166888248731,54:14.7,6,-0.19,0101000020E6100000D9FF5388567304C0617EFB706E954540,20230420_DACIA_EIBAR_BILBAO_049,,d1,48:07.7,32:43.5,DACIA_SPRING,Dacia Spring 33 kW,33000,139,54:18.6,10.5,16.9,290,WNW,-15.502635137073412,-176.53675601735546,209.0,57.0,,,,45.0,163.0,1.0,0.0,190.0,19.0,8.0,11.0
54:20.0,,,90,,98.5,,,,,,,49,-2.5580523,43.16733,222.6296,6.38736572634987,54:19.8,6,0.238,0101000020E6100000AC3AA429E47604C0D5B4732E6B954540,20230420_DACIA_EIBAR_BILBAO_049,,d1,48:07.7,32:43.5,DACIA_SPRING,Dacia Spring 33 kW,33000,139,54:18.6,10.5,16.9,290,WNW,-15.510042238942798,-176.5999066517322,209.0,57.0,,,,45.0,163.0,1.0,0.0,190.0,19.0,25.0,11.0
54:25.5,,,90,,98.5,,,,,,,49,-2.5601394,43.167206,219.57184,6.557219979507137,54:25.8,6,-0.239,0101000020E610000035B1875D2A7B04C0C105710D67954540,20230420_DACIA_EIBAR_BILBAO_049,,d1,48:07.7,32:43.5,DACIA_SPRING,Dacia Spring 33 kW,33000,139,54:18.6,10.5,16.9,290,WNW,-16.360655603605426,174.51406897654272,209.0,57.0,,,,45.0,163.0,1.0,0.0,190.0,19.0,8.0,11.0
54:31.1,,,90,,98.5,,,,,,,49,-2.561847,43.16737,216.0687,6.696947553322237,54:30.8,6,0.319,0101000020E61000004994269CA97E04C0572432616C954540,20230420_DACIA_EIBAR_BILBAO_049,,d1,48:07.7,32:43.5,DACIA_SPRING,Dacia Spring 33 kW,33000,139,54:18.6,10.5,16.9,290,WNW,-16.821719635910593,165.51681569913612,209.0,57.0,,,,45.0,163.0,1.0,0.0,190.0,19.0,25.0,11.0
54:36.7,,,90,,98.5,,,,,,,49,-2.5637827,43.16787,214.99702,6.863491771520266,54:36.8,6,-0.17,0101000020E610000041E4738AA08204C0C891E6CF7C954540,20230420_DACIA_EIBAR_BILBAO_049,,d1,48:07.7,32:43.5,DACIA_SPRING,Dacia Spring 33 kW,33000,139,54:18.6,10.5,16.9,290,WNW,-16.84270318292743,164.71935126443583,209.0,57.0,,,,45.0,163.0,1.0,0.0,190.0,19.0,8.0,11.0
54:42.3,,,90,,98.5,,,,,,,49,-2.5653017000000005,43.168285,215.6776,6.995043694066758,54:41.9,6,0.397,0101000020E6100000A44934D9BC8504C0EC109A658A954540,20230420_DACIA_EIBAR_BILBAO_049,,d1,48:07.7,32:43.5,DACIA_SPRING,Dacia Spring 33 kW,33000,139,54:18.6,10.5,16.9,290,WNW,-16.585268002669405,171.07493117125665,209.0,57.0,,,,45.0,163.0,1.0,0.0,190.0,19.0,8.0,11.0
54:47.8,,,90,,98.5,,,,,,,49,-2.5672693,43.168594,212.42133,7.158304842613849,54:47.9,6,-0.12,0101000020E610000069607977C48904C0DDA1457694954540,20230420_DACIA_EIBAR_BILBAO_049,,d1,48:07.7,32:43.5,DACIA_SPRING,Dacia Spring 33 kW,33000,139,54:18.6,10.5,16.9,290,WNW,-15.817764178731467,-179.3841840292697,209.0,57.0,,,,45.0,163.0,1.0,0.0,190.0,19.0,8.0,11.0
54:53.5,,,90,,98.5,,,,,,,49,-2.569037,43.168575,207.62477,7.301759918180952,54:53.1,6,0.481,0101000020E6100000619D474B638D04C0ED7E4CEC93954540,20230420_DACIA_EIBAR_BILBAO_049,,d1,48:07.7,32:43.5,DACIA_SPRING,Dacia Spring 33 kW,33000,139,54:18.6,10.5,16.9,290,WNW,-14.877300212406896,-171.68021862645233,209.0,57.0,,,,45.0,163.0,1.0,0.0,190.0,19.0,120.0,12.0
55:02.3,,,90,,98.5,,,,,,,49,-2.5721142,43.168125,201.12143,7.556369774363538,55:02.1,6,0.212,0101000020E6100000F9E4F799B09304C04D87052885954540,20230420_DACIA_EIBAR_BILBAO_049,,d1,48:07.7,32:43.5,DACIA_SPRING,Dacia Spring 33 kW,33000,139,54:18.6,10.5,16.9,290,WNW,-14.422767055686275,-168.58541781655802,209.0,57.0,,,,45.0,163.0,1.0,0.0,190.0,19.0,120.0,12.0
55:07.9,,,90,,98.5,,,,,,,49,-2.574135,43.167717,196.59282,7.726480840216611,55:08.1,6,-0.185,0101000020E61000009DD14413D49704C0D17774C677954540,20230420_DACIA_EIBAR_BILBAO_049,,d1,48:07.7,32:43.5,DACIA_SPRING,Dacia Spring 33 kW,33000,139,54:18.6,10.5,16.9,290,WNW,-15.421518370453535,-175.85537625905204,,,,,,,,,,,,,
55:13.4,,,90,,98.5,,,,,,,49,-2.576343,43.167557,193.99287,7.906451369971678,55:13.2,6,0.22,0101000020E6100000BF76CAB2599C04C04AF3F88772954540,20230420_DACIA_EIBAR_BILBAO_049,,d1,48:07.7,32:43.5,DACIA_SPRING,Dacia Spring 33 kW,33000,139,54:18.6,10.5,16.9,290,WNW,-16.367395753949225,174.4226081872385,209.0,57.0,,,,45.0,163.0,1.0,0.0,190.0,19.0,25.0,12.0
55:19.0,,,90,,98.5,,,,,,,49,-2.5784218,43.16776,189.81334,8.076598963730817,55:19.2,6,-0.281,0101000020E6100000528C0BAD9BA004C06C3DD72579954540,20230420_DACIA_EIBAR_BILBAO_049,,d1,48:07.7,32:43.5,DACIA_SPRING,Dacia Spring 33 kW,33000,139,54:18.6,10.5,16.9,290,WNW,-16.72106818344282,168.34491640247023,209.0,57.0,,,,45.0,163.0,1.0,0.0,190.0,19.0,25.0,12.0
55:24.6,,,90,,98.5,,,,,,,49,-2.5800798,43.168102000000005,187.1588,8.216362444642167,55:24.3,6,0.285,0101000020E6100000090AEFDE00A404C06F0B166484954540,20230420_DACIA_EIBAR_BILBAO_049,,d1,48:07.7,32:43.5,DACIA_SPRING,Dacia Spring 33 kW,33000,139,54:18.6,10.5,16.9,290,WNW,-16.870243917226677,163.40052443572145,,,,,,,,,,,,,
55:30.1,,,90,,98.5,,,,,,,49,-2.5816665000000003,43.168575,187.76111,8.355378182577592,55:29.3,6,0.785,0101000020E6100000F80D4FB740A704C0D6F3CFDF93954540,20230420_DACIA_EIBAR_BILBAO_049,,d1,48:07.7,32:43.5,DACIA_SPRING,Dacia Spring 33 kW,33000,139,56:36.6,10.5,16.9,290,WNW,-16.797798915195088,166.3043619117504,,,,,,,,,,,,,
55:35.6,,,90,,98.5,,,,,,,49,-2.5837634,43.169086,187.04234,8.534677697736427,55:35.4,6,0.1939999999999999,0101000020E6100000877B15198CAB04C032E09FA5A4954540,20230420_DACIA_EIBAR_BILBAO_049,,d1,48:07.7,32:43.5,DACIA_SPRING,Dacia Spring 33 kW,33000,139,56:36.6,10.5,16.9,290,WNW,-16.31808051596996,175.07925360105185,209.0,57.0,,,,45.0,163.0,1.0,0.0,190.0,19.0,25.0,13.0
55:41.0,,,90,,98.5,,,,,,,49,-2.5860748,43.169285,185.16266,8.723439745399903,55:41.4,6,-0.41,0101000020E61000005E77CB0948B004C0FC462A2FAB954540,20230420_DACIA_EIBAR_BILBAO_049,,d1,48:07.7,32:43.5,DACIA_SPRING,Dacia Spring 33 kW,33000,139,56:36.6,10.5,16.9,290,WNW,-15.44565554073294,-176.0562196103529,209.0,57.0,,,,45.0,163.0,1.0,0.0,190.0,19.0,8.0,13.0
55:46.4,,,90,,98.5,,,,,,,49,-2.588033,43.16915,183.57,8.88296266962897,55:46.5,6,-0.078,0101000020E6100000D981EB994AB404C02FA726C2A6954540,20230420_DACIA_EIBAR_BILBAO_049,,d1,48:07.7,32:43.5,DACIA_SPRING,Dacia Spring 33 kW,33000,139,56:36.6,10.5,16.9,290,WNW,-14.663355897611368,-170.18717562099602,209.0,57.0,,,,45.0,163.0,1.0,0.0,190.0,19.0,8.0,13.0
55:52.0,,,90,,98.5,,,,,,,49,-2.5897675,43.16885,185.25911,9.027539709481976,55:51.5,6,0.452,0101000020E610000022DFF906D8B704C06E5F44DF9C954540,20230420_DACIA_EIBAR_BILBAO_049,,d1,48:07.7,32:43.5,DACIA_SPRING,Dacia Spring 33 kW,33000,139,56:36.6,10.5,16.9,290,WNW,-14.22654207630555,-167.33145287786243,209.0,57.0,,,,45.0,163.0,1.0,0.0,190.0,19.0,120.0,13.0
55:57.4,,,90,,98.5,,,,,,,49,-2.5917027000000004,43.168415,187.13628,9.191778450930157,55:57.6,6,-0.228,0101000020E61000006C7B3DA7CEBB04C02D119EA58E954540,20230420_DACIA_EIBAR_BILBAO_049,,d1,48:07.7,32:43.5,DACIA_SPRING,Dacia Spring 33 kW,33000,139,56:36.6,10.5,16.9,290,WNW,-14.38209393492043,-168.32185403021018,209.0,57.0,,,,45.0,163.0,1.0,0.0,190.0,19.0,45.0,13.0
56:02.9,,,90,,98.5,,,,,,,49,-2.5932896,43.168087,186.807,9.325544254346443,56:02.6,6,0.233,0101000020E6100000C89446970EBF04C0A5764DD283954540,20230420_DACIA_EIBAR_BILBAO_049,,d1,48:07.7,32:43.5,DACIA_SPRING,Dacia Spring 33 kW,33000,139,56:36.6,10.5,16.9,290,WNW,-15.084549051907022,-173.1988625033744,209.0,57.0,,,,45.0,163.0,1.0,0.0,190.0,19.0,8.0,14.0
56:08.3,,,90,,98.5,,,,,,,49,-2.5953355,43.167843,183.83777,9.493696919549766,56:08.7,6,-0.321,0101000020E6100000899A9B3B3FC304C08DFD1ADE7B954540,20230420_DACIA_EIBAR_BILBAO_049,,d1,48:07.7,32:43.5,DACIA_SPRING,Dacia Spring 33 kW,33000,139,56:36.6,10.5,16.9,290,WNW,-15.577666598038531,-177.18407670364113,209.0,57.0,,,,45.0,163.0,1.0,0.0,190.0,19.0,120.0,14.0
56:13.8,,,90,,98.5,,,,,,,49,-2.5971246,43.167755,181.93028,9.639135693576321,56:13.7,6,0.11,0101000020E6100000B6E1B730E9C604C00BF0CB0079954540,20230420_DACIA_EIBAR_BILBAO_049,,d1,48:07.7,32:43.5,DACIA_SPRING,Dacia Spring 33 kW,33000,139,56:36.6,10.5,16.9,290,WNW,-16.01983423672339,178.57289660138989,209.0,57.0,,,,45.0,163.0,1.0,0.0,190.0,19.0,45.0,14.0
56:19.3,,,90,,98.5,,,,,,,49,-2.5993322999999995,43.16781,180.51944,9.818291023464562,56:19.8,6,-0.456,0101000020E6100000534FE7CE6ECB04C0E2B939B17A954540,20230420_DACIA_EIBAR_BILBAO_049,,d1,48:07.7,32:43.5,DACIA_SPRING,Dacia Spring 33 kW,33000,139,56:36.6,10.5,16.9,290,WNW,-16.369548898848503,174.3932711170128,209.0,57.0,,,,45.0,163.0,1.0,0.0,190.0,19.0,90.0,14.0
56:24.8,,,90,,98.5,,,,,,,49,-2.601064,43.16798,180.10878,9.959999378537317,56:24.8,6,0.031,0101000020E610000031D25F9FFACE04C00FE2CA5B80954540,20230420_DACIA_EIBAR_BILBAO_049,,d1,48:07.7,32:43.5,DACIA_SPRING,Dacia Spring 33 kW,33000,139,56:36.6,10.5,16.9,290,WNW,-16.71791097931519,168.4183479594986,209.0,57.0,,,,45.0,163.0,1.0,0.0,190.0,19.0,120.0,14.0
56:30.3,,,90,,98.5,,,,,,,49,-2.6025913,43.168293,182.53271,10.08868297007019,56:29.8,6,0.45,0101000020E61000002695E1601BD204C0C8862C988A954540,20230420_DACIA_EIBAR_BILBAO_049,,d1,48:07.7,32:43.5,DACIA_SPRING,Dacia Spring 33 kW,33000,139,56:36.6,10.5,16.9,290,WNW,-16.844190532912194,164.65766022438396,209.0,57.0,,,,45.0,163.0,1.0,0.0,190.0,19.0,90.0,14.0
56:35.8,,,89,,98.5,,,,,,,49,-2.6044137000000003,43.168793,179.93095,10.246611328121418,56:35.9,6,-0.08,0101000020E61000006251D7DAD6D504C0EC0E4EF89A954540,20230420_DACIA_EIBAR_BILBAO_049,,d1,48:07.7,32:43.5,DACIA_SPRING,Dacia Spring 33 kW,33000,139,56:36.6,10.5,16.9,290,WNW,-16.89855203141351,159.24997291178255,209.0,57.0,,,,45.0,163.0,1.0,0.0,190.0,19.0,45.0,14.0
56:41.3,,,89,,98.5,,,,,,,49,-2.6059525000000003,43.169376,179.3683,10.387240314282588,56:40.9,6,0.381,0101000020E6100000E6592A9FFDD804C0E7818617AE954540,20230420_DACIA_EIBAR_BILBAO_049,,d1,48:07.7,32:43.5,DACIA_SPRING,Dacia Spring 33 kW,33000,139,56:36.6,10.5,16.9,290,WNW,-16.771329528808906,152.92527349162128,209.0,57.0,,,,45.0,163.0,1.0,0.0,190.0,19.0,45.0,14.0
56:46.7,,,89,,98.5,,,,,,,49,-2.6077072999999995,43.170273,179.84781999999998,10.561024281123025,56:47.0,6,-0.237,0101000020E61000004F317A9095DC04C0B1B5CE87CB954540,20230420_DACIA_EIBAR_BILBAO_049,,d1,48:07.7,32:43.5,DACIA_SPRING,Dacia Spring 33 kW,33000,139,56:36.6,10.5,16.9,290,WNW,-16.461407569463553,146.91816741223863,209.0,57.0,,,,45.0,163.0,1.0,0.0,190.0,19.0,8.0,15.0
56:52.3,,,89,,98.5,,,,,,,49,-2.6090996,43.17118,179.3447,10.712419644151316,56:52.0,6,0.261,0101000020E610000019767CA06FDF04C0ABBCA631E9954540,20230420_DACIA_EIBAR_BILBAO_049,,d1,48:07.7,32:43.5,DACIA_SPRING,Dacia Spring 33 kW,33000,139,56:36.6,10.5,16.9,290,WNW,-16.411752644538073,146.19407887657675,209.0,57.0,,,,45.0,163.0,1.0,0.0,190.0,19.0,8.0,15.0
56:57.7,,,89,,98.5,,,,,,,49,-2.610832,43.172340000000005,177.36008,10.903151309323073,56:58.0,6,-0.34,0101000020E6100000A2EA8BD8FBE204C02AD9D24C0F964540,20230420_DACIA_EIBAR_BILBAO_049,,d1,48:07.7,32:43.5,DACIA_SPRING,Dacia Spring 33 kW,33000,139,56:36.6,10.5,16.9,290,WNW,-16.89990161683378,160.19550365730456,209.0,57.0,,,,45.0,163.0,1.0,0.0,190.0,19.0,120.0,15.0
57:03.2,,,89,,98.5,,,,,,,49,-2.612637,43.172990000000006,176.21478000000002,11.066401836047554,57:03.1,6,0.1,0101000020E61000002479BE32AEE604C06B5E078B24964540,20230420_DACIA_EIBAR_BILBAO_049,,d1,48:07.7,32:43.5,DACIA_SPRING,Dacia Spring 33 kW,33000,139,56:36.6,10.5,16.9,290,WNW,-16.87354216075403,163.20647708174835,209.0,57.0,,,,45.0,163.0,1.0,0.0,190.0,19.0,120.0,15.0
57:08.6,,,88,,98.5,,,,,,,49,-2.6143534,43.173508,176.12947,11.217037235805192,57:08.1,6,0.4579999999999999,0101000020E6100000D945FD1632EA04C05A9CCE8135964540,20230420_DACIA_EIBAR_BILBAO_049,,d1,48:07.7,32:43.5,DACIA_SPRING,Dacia Spring 33 kW,33000,139,56:36.6,10.5,16.9,290,WNW,-16.863185845521627,156.21748584593527,209.0,57.0,,,,45.0,163.0,1.0,0.0,190.0,19.0,85.0,15.0
57:14.0,,,88,,98.5,,,,,,,49,-2.6163707,43.174397,175.73495,11.408172632722183,57:14.2,6,-0.174,0101000020E610000069E064B953EE04C0516EA7A952964540,20230420_DACIA_EIBAR_BILBAO_049,,d1,48:07.7,32:43.5,DACIA_SPRING,Dacia Spring 33 kW,33000,139,56:36.6,10.5,16.9,290,WNW,-16.29224541919962,144.5876605164895,209.0,57.0,,,,45.0,163.0,1.0,0.0,190.0,19.0,25.0,15.0
57:19.6,,,88,,98.5,,,,,,,49,-2.6175184,43.175213,176.77248,11.538155796588317,57:19.3,6,0.222,0101000020E61000004094BC81ADF004C0F97C04646D964540,20230420_DACIA_EIBAR_BILBAO_049,,d1,48:07.7,32:43.5,DACIA_SPRING,Dacia Spring 33 kW,33000,139,56:36.6,10.5,16.9,290,WNW,-16.424388926754343,146.37476285397076,209.0,57.0,,,,45.0,163.0,1.0,0.0,190.0,19.0,25.0,15.0
57:25.1,,,88,,98.5,,,,,,,49,-2.6189063,43.176136,176.83516,11.69047070034034,57:25.3,6,-0.213,0101000020E6100000972BB32D85F304C0AECD019B8B964540,20230420_DACIA_EIBAR_BILBAO_049,,d1,48:07.7,32:43.5,DACIA_SPRING,Dacia Spring 33 kW,33000,139,56:36.6,10.5,16.9,290,WNW,-16.699831599666098,151.17282716774633,209.0,57.0,,,,45.0,163.0,1.0,0.0,190.0,19.0,25.0,15.0
57:30.6,,,88,,98.5,,,,,,,49,-2.6201818,43.176838,176.32806000000002,11.820050637878024,57:30.4,6,0.203,0101000020E610000068309AE921F604C00DDA88ABA2964540,20230420_DACIA_EIBAR_BILBAO_049,,d1,48:07.7,32:43.5,DACIA_SPRING,Dacia Spring 33 kW,33000,139,56:36.6,10.5,16.9,290,WNW,-16.89942697997905,159.52817559255044,209.0,57.0,,,,45.0,163.0,1.0,0.0,190.0,19.0,8.0,15.0
57:36.1,,,88,,98.5,,,,,,,49,-2.6219497000000005,43.177498,175.44378999999998,11.981101678150967,57:36.4,6,-0.33,0101000020E6100000DCB7E2B9C0F904C0C8870D3EB8964540,20230420_DACIA_EIBAR_BILBAO_049,,d1,48:07.7,32:43.5,DACIA_SPRING,Dacia Spring 33 kW,33000,139,56:36.6,10.5,16.9,290,WNW,-16.899764506503,159.6975286520967,,,,,,,,,,,,,
57:41.6,,,88,,98.5,,,,,,,49,-2.623485,43.178066,175.45189,12.120699479226218,57:41.4,6,0.157,0101000020E61000007331BDB8E5FC04C006AFC4EACA964540,20230420_DACIA_EIBAR_BILBAO_049,,d1,48:07.7,32:43.5,DACIA_SPRING,Dacia Spring 33 kW,33000,139,56:36.6,10.5,16.9,290,WNW,-16.79026880583134,166.53272835017196,,,,,,,,,,,,,
57:47.1,,,88,,98.5,,,,,,,49,-2.6252973,43.1785,180.11066,12.275443711276138,57:47.4,6,-0.379,0101000020E6100000F809EDDD9B0005C0841B0926D9964540,20230420_DACIA_EIBAR_BILBAO_049,,d1,48:07.7,32:43.5,DACIA_SPRING,Dacia Spring 33 kW,33000,139,56:36.6,10.5,16.9,290,WNW,-16.440307949645998,173.3942113515354,,,,,,,,,,,,,
57:52.5,,,88,,98.5,,,,,,,49,-2.6269207000000003,43.178688,181.95834,12.40874117601185,57:52.5,6,0.069,0101000020E610000000F6AD04EF0305C0FAAD4947DF964540,20230420_DACIA_EIBAR_BILBAO_049,,d1,48:07.7,32:43.5,DACIA_SPRING,Dacia Spring 33 kW,33000,139,56:36.6,10.5,16.9,290,WNW,-16.216700430931326,176.34835654134122,209.0,57.0,,,,45.0,163.0,1.0,0.0,190.0,19.0,8.0,16.0
57:58.0,,,88,,98.5,,,,,,,49,-2.6285973,43.178795,183.23691,12.54521534228409,57:57.5,6,0.4539999999999999,0101000020E6100000941ECDFD5D0705C0E0FC0BCAE2964540,20230420_DACIA_EIBAR_BILBAO_049,,d1,48:07.7,32:43.5,DACIA_SPRING,Dacia Spring 33 kW,33000,139,59:18.6,10.5,16.9,290,WNW,-16.159586304154846,177.02276018924326,209.0,57.0,,,,45.0,163.0,1.0,0.0,190.0,19.0,8.0,16.0
58:03.5,,,88,,98.5,,,,,,,49,-2.6302893,43.178883,182.86357,12.682761392742576,58:03.5,6,-0.067,0101000020E6100000DA128010D50A05C051E92B98E5964540,20230420_DACIA_EIBAR_BILBAO_049,,d1,48:07.7,32:43.5,DACIA_SPRING,Dacia Spring 33 kW,33000,139,59:18.6,10.5,16.9,290,WNW,-16.067334416267965,178.06047052515905,209.0,57.0,,,,45.0,163.0,1.0,0.0,190.0,19.0,8.0,16.0
58:08.9,,,88,,98.5,,,,,,,49,-2.6316772,43.17893,183.2761,12.79542217756716,58:08.6,6,0.297,0101000020E6100000C7B820CFAC0D05C04E05C117E7964540,20230420_DACIA_EIBAR_BILBAO_049,,d1,48:07.7,32:43.5,DACIA_SPRING,Dacia Spring 33 kW,33000,139,59:18.6,10.5,16.9,290,WNW,-15.953302901784305,179.2685171009373,209.0,57.0,,,,45.0,163.0,1.0,0.0,190.0,19.0,120.0,16.0
58:14.4,,,88,,98.5,,,,,,,49,-2.6336353,43.178955,184.3454,12.954223790949714,58:14.6,6,-0.287,0101000020E6100000A5C8F26BAF1105C04D4533F3E7964540,20230420_DACIA_EIBAR_BILBAO_049,,d1,48:07.7,32:43.5,DACIA_SPRING,Dacia Spring 33 kW,33000,139,59:18.6,10.5,16.9,290,WNW,-16.020700250083298,178.56367640483,,,,,,,,,,,,,
58:19.7,,,88,,98.5,,,,,,,49,-2.63543,43.179,186.18626,13.099845639407475,58:19.7,6,0.088,0101000020E6100000C0F91B675C1505C0C4718289E9964540,20230420_DACIA_EIBAR_BILBAO_049,,d1,48:07.7,32:43.5,DACIA_SPRING,Dacia Spring 33 kW,33000,139,59:18.6,10.5,16.9,290,WNW,-16.2498739998017,175.94392376457805,,,,,,,,,,,,,
58:25.2,,,88,,98.5,,,,,,,49,-2.6372633,43.17913,186.15948,13.249200718806636,58:25.7,6,-0.474,0101000020E6100000F181F47C1D1905C0B23AEEBFED964540,20230420_DACIA_EIBAR_BILBAO_049,,d1,48:07.7,32:43.5,DACIA_SPRING,Dacia Spring 33 kW,33000,139,59:18.6,10.5,16.9,290,WNW,-16.29858612645508,175.33124443319977,,,,,,,,,,,,,
58:30.7,,,88,,98.5,,,,,,,49,-2.6384878,43.17923,188.34373,13.349134205105937,58:30.7,6,-0.069,0101000020E6100000E6C6E0859F1B05C08898620EF1964540,20230420_DACIA_EIBAR_BILBAO_049,,d1,48:07.7,32:43.5,DACIA_SPRING,Dacia Spring 33 kW,33000,139,59:18.6,10.5,16.9,290,WNW,-16.33484068299525,174.85927078075517,209.0,57.0,,,,45.0,163.0,1.0,0.0,190.0,19.0,120.0,17.0
58:36.1,,,88,,98.5,,,,,,,49,-2.6396327,43.179333,190.40558,13.442695116472887,58:35.8,6,0.2739999999999999,0101000020E6100000BA38C6CAF71D05C06BDB445BF4964540,20230420_DACIA_EIBAR_BILBAO_049,,d1,48:07.7,32:43.5,DACIA_SPRING,Dacia Spring 33 kW,33000,139,59:18.6,10.5,16.9,290,WNW,-16.39706244755426,174.01310161676778,209.0,57.0,,,,45.0,163.0,1.0,0.0,190.0,19.0,8.0,17.0
58:41.5,,,88,,98.5,,,,,,,49,-2.6409009,43.179466,189.63127,13.546587970751597,58:41.8,6,-0.276,0101000020E6100000947EF1A4902005C0BDABC9C5F8964540,20230420_DACIA_EIBAR_BILBAO_049,,d1,48:07.7,32:43.5,DACIA_SPRING,Dacia Spring 33 kW,33000,139,59:18.6,10.5,16.9,290,WNW,-16.60371017500371,170.74457392182106,209.0,57.0,,,,45.0,163.0,1.0,0.0,190.0,19.0,45.0,17.0
58:47.0,,,88,,98.5,,,,,,,49,-2.6417232000000004,43.1796,188.44911,13.614918813270231,58:46.9,6,0.136,0101000020E6100000754A5CB33F2205C051C9EF26FD964540,20230420_DACIA_EIBAR_BILBAO_049,,d1,48:07.7,32:43.5,DACIA_SPRING,Dacia Spring 33 kW,33000,139,59:18.6,10.5,16.9,290,WNW,-16.794147411920964,166.4161123716026,209.0,57.0,,,,45.0,163.0,1.0,0.0,190.0,19.0,45.0,17.0
58:52.4,,,88,,98.5,,,,,,,49,-2.642195,43.179714,184.28998,13.655434067869203,58:52.9,6,-0.442,0101000020E61000000E248813372305C0B4C4D5D700974540,20230420_DACIA_EIBAR_BILBAO_049,,d1,48:07.7,32:43.5,DACIA_SPRING,Dacia Spring 33 kW,33000,139,59:18.6,10.5,16.9,290,WNW,-16.553073062422005,171.6294464240441,,,,,,,,,,,,,
58:57.9,,,88,,98.5,,,,,,,49,-2.6423717,43.17974,180.73517,13.670476546733694,58:57.9,6,-0.037,0101000020E6100000297CE0C1932305C053B2C1B301974540,20230420_DACIA_EIBAR_BILBAO_049,,d1,48:07.7,32:43.5,DACIA_SPRING,Dacia Spring 33 kW,33000,139,59:18.6,10.5,16.9,290,WNW,-15.92145844066861,140.40694937182684,,,,,,,,,,,,,
59:03.3,,,88,,98.5,,,,,,,49,-2.6424515,43.179806,178.89131,13.680432784410847,59:03.0,6,0.367,0101000020E6100000A1B2EAADBD2305C068F21CD303974540,20230420_DACIA_EIBAR_BILBAO_049,,d1,48:07.7,32:43.5,DACIA_SPRING,Dacia Spring 33 kW,33000,139,59:18.6,10.5,16.9,290,WNW,-16.74451903279048,152.22202722011767,,,,,,,,,,,,,
59:08.9,,,88,,98.5,,,,,,,49,-2.642573,43.17987,176.19746,13.692881001220643,59:09.0,6,-0.14,0101000020E6100000580EF852FD2305C0AB76720406974540,20230420_DACIA_EIBAR_BILBAO_049,,d1,48:07.7,32:43.5,DACIA_SPRING,Dacia Spring 33 kW,33000,139,59:18.6,10.5,16.9,290,WNW,15.88080529128185,0.0,,,,,,,,,,,,,
59:14.4,,,88,,98.5,,,,,,,49,-2.642573,43.17987,176.19746,13.692881001220643,59:14.0,6,0.33,0101000020E6100000580EF852FD2305C0AB76720406974540,20230420_DACIA_EIBAR_BILBAO_049,,d1,48:07.7,32:43.5,DACIA_SPRING,Dacia Spring 33 kW,33000,139,59:18.6,10.5,16.9,290,WNW,15.88080529128185,0.0,209.0,57.0,,,,45.0,163.0,1.0,0.0,190.0,19.0,90.0,17.0
59:19.7,,,88,,98.5,,,,,,,49,-2.642573,43.17987,176.19746,13.692881001220643,59:20.1,6,-0.3389999999999999,0101000020E6100000580EF852FD2305C0AB76720406974540,20230420_DACIA_EIBAR_BILBAO_049,,d1,48:07.7,32:43.5,DACIA_SPRING,Dacia Spring 33 kW,33000,139,59:18.6,10.5,16.9,290,WNW,15.88080529128185,0.0,209.0,57.0,,,,45.0,163.0,1.0,0.0,190.0,19.0,90.0,17.0
59:25.2,,,88,,98.5,,,,,,,49,-2.642573,43.17987,176.19746,13.692881001220643,59:25.1,6,0.1369999999999999,0101000020E6100000580EF852FD2305C0AB76720406974540,20230420_DACIA_EIBAR_BILBAO_049,,d1,48:07.7,32:43.5,DACIA_SPRING,Dacia Spring 33 kW,33000,139,59:18.6,10.5,16.9,290,WNW,15.88080529128185,0.0,209.0,57.0,,,,45.0,163.0,1.0,0.0,190.0,19.0,90.0,17.0
59:30.6,,,88,,98.5,,,,,,,49,-2.642573,43.17987,176.19746,13.692881001220643,59:30.2,6,0.408,0101000020E6100000580EF852FD2305C0AB76720406974540,20230420_DACIA_EIBAR_BILBAO_049,,d1,48:07.7,32:43.5,DACIA_SPRING,Dacia Spring 33 kW,33000,139,59:18.6,10.5,16.9,290,WNW,15.88080529128185,0.0,209.0,57.0,,,,45.0,163.0,1.0,0.0,190.0,19.0,90.0,17.0
59:36.1,,,88,,98.5,,,,,,,49,-2.642573,43.17987,176.19746,13.692881001220643,59:36.2,6,-0.141,0101000020E6100000580EF852FD2305C0AB76720406974540,20230420_DACIA_EIBAR_BILBAO_049,,d1,48:07.7,32:43.5,DACIA_SPRING,Dacia Spring 33 kW,33000,139,59:18.6,10.5,16.9,290,WNW,15.88080529128185,0.0,209.0,57.0,,,,45.0,163.0,1.0,0.0,190.0,19.0,90.0,17.0
59:41.6,,,88,,98.5,,,,,,,49,-2.642573,43.17987,176.19746,13.692881001220643,59:41.3,6,0.296,0101000020E6100000580EF852FD2305C0AB76720406974540,20230420_DACIA_EIBAR_BILBAO_049,,d1,48:07.7,32:43.5,DACIA_SPRING,Dacia Spring 33 kW,33000,139,59:18.6,10.5,16.9,290,WNW,15.88080529128185,0.0,209.0,57.0,,,,45.0,163.0,1.0,0.0,190.0,19.0,90.0,17.0
59:47.0,,,88,,98.5,,,,,,,49,-2.642573,43.17987,176.19746,13.692881001220643,59:47.3,6,-0.262,0101000020E6100000580EF852FD2305C0AB76720406974540,20230420_DACIA_EIBAR_BILBAO_049,,d1,48:07.7,32:43.5,DACIA_SPRING,Dacia Spring 33 kW,33000,139,59:18.6,10.5,16.9,290,WNW,15.88080529128185,0.0,209.0,57.0,,,,45.0,163.0,1.0,0.0,190.0,19.0,90.0,17.0
59:52.6,,,88,,98.5,,,,,,,49,-2.642573,43.17987,176.19746,13.692881001220643,59:52.4,6,0.249,0101000020E6100000580EF852FD2305C0AB76720406974540,20230420_DACIA_EIBAR_BILBAO_049,,d1,48:07.7,32:43.5,DACIA_SPRING,Dacia Spring 33 kW,33000,139,59:18.6,10.5,16.9,290,WNW,15.88080529128185,0.0,209.0,57.0,,,,45.0,163.0,1.0,0.0,190.0,19.0,90.0,17.0
59:58.0,,,88,,98.5,,,,,,,49,-2.642573,43.17987,176.19746,13.692881001220643,59:58.4,6,-0.321,0101000020E6100000580EF852FD2305C0AB76720406974540,20230420_DACIA_EIBAR_BILBAO_049,,d1,48:07.7,32:43.5,DACIA_SPRING,Dacia Spring 33 kW,33000,139,59:18.6,10.5,16.9,290,WNW,15.88080529128185,0.0,209.0,57.0,,,,45.0,163.0,1.0,0.0,190.0,19.0,90.0,17.0
00:03.5,,,88,,98.5,,,,,,,49,-2.642573,43.17987,176.19746,13.692881001220643,00:03.4,6,0.107,0101000020E6100000580EF852FD2305C0AB76720406974540,20230420_DACIA_EIBAR_BILBAO_049,,d1,48:07.7,32:43.5,DACIA_SPRING,Dacia Spring 33 kW,33000,139,59:18.6,10.5,16.9,290,WNW,15.88080529128185,0.0,193.0,58.0,,,,37.0,153.0,3.0,0.0,174.0,19.0,90.0,17.0
00:09.0,,,88,,98.5,,,,,,,49,-2.642573,43.17987,176.19746,13.692881001220643,00:09.5,6,-0.42,0101000020E6100000580EF852FD2305C0AB76720406974540,20230420_DACIA_EIBAR_BILBAO_049,,d1,48:07.7,32:43.5,DACIA_SPRING,Dacia Spring 33 kW,33000,139,59:18.6,10.5,16.9,290,WNW,15.88080529128185,0.0,193.0,58.0,,,,37.0,153.0,3.0,0.0,174.0,19.0,90.0,17.0
00:14.5,,,88,,98.5,,,,,,,49,-2.642573,43.17987,176.19746,13.692881001220643,00:14.5,6,0.001,0101000020E6100000580EF852FD2305C0AB76720406974540,20230420_DACIA_EIBAR_BILBAO_049,,d1,48:07.7,32:43.5,DACIA_SPRING,Dacia Spring 33 kW,33000,139,59:18.6,10.5,16.9,290,WNW,15.88080529128185,0.0,193.0,58.0,,,,37.0,153.0,3.0,0.0,174.0,19.0,90.0,17.0
00:20.0,,,88,,98.5,,,,,,,49,-2.642573,43.17987,176.19746,13.692881001220643,00:19.5,6,0.469,0101000020E6100000580EF852FD2305C0AB76720406974540,20230420_DACIA_EIBAR_BILBAO_049,,d1,48:07.7,32:43.5,DACIA_SPRING,Dacia Spring 33 kW,33000,139,59:18.6,10.5,16.9,290,WNW,-15.88080529128185,180.0,193.0,58.0,,,,37.0,153.0,3.0,0.0,174.0,19.0,90.0,17.0
00:25.5,,,88,,98.5,,,,,,,49,-2.6426375,43.17987,176.09386999999998,13.69811196766922,00:25.6,6,-0.093,0101000020E6100000AB9DF01B1F2405C038871D0306974540,20230420_DACIA_EIBAR_BILBAO_049,,d1,48:07.7,32:43.5,DACIA_SPRING,Dacia Spring 33 kW,33000,139,59:18.6,10.5,16.9,290,WNW,-15.88080529128185,180.0,193.0,58.0,,,,37.0,153.0,3.0,0.0,174.0,19.0,90.0,17.0
00:30.8,,,88,,98.5,,,,,,,49,-2.6426473,43.17987,175.78099999999998,13.698965969503934,00:30.6,6,0.255,0101000020E610000012C78D39242405C0535118F405974540,20230420_DACIA_EIBAR_BILBAO_049,,d1,48:07.7,32:43.5,DACIA_SPRING,Dacia Spring 33 kW,33000,139,01:36.5,10.5,16.9,290,WNW,15.88080529128185,0.0,193.0,58.0,,,,37.0,153.0,3.0,0.0,174.0,19.0,90.0,17.0
00:36.4,,,88,,98.5,,,,,,,49,-2.6426473,43.17987,175.78099999999998,13.698965969503934,00:36.6,6,-0.218,0101000020E610000012C78D39242405C0535118F405974540,20230420_DACIA_EIBAR_BILBAO_049,,d1,48:07.7,32:43.5,DACIA_SPRING,Dacia Spring 33 kW,33000,139,01:36.5,10.5,16.9,290,WNW,15.88080529128185,0.0,193.0,58.0,,,,37.0,153.0,3.0,0.0,174.0,19.0,90.0,17.0
00:41.8,,,88,,98.5,,,,,,,49,-2.6426473,43.17987,175.78099999999998,13.698965969503934,00:41.7,6,0.176,0101000020E610000012C78D39242405C0535118F405974540,20230420_DACIA_EIBAR_BILBAO_049,,d1,48:07.7,32:43.5,DACIA_SPRING,Dacia Spring 33 kW,33000,139,01:36.5,10.5,16.9,290,WNW,-14.944957011639016,132.16758583498395,193.0,58.0,,,,37.0,153.0,3.0,0.0,174.0,19.0,90.0,17.0
00:47.4,,,88,,98.5,,,,,,,49,-2.642679,43.179905,175.17459,13.703669248495114,00:47.7,6,-0.335,0101000020E6100000CD3315D9342405C0C5DE3D1607974540,20230420_DACIA_EIBAR_BILBAO_049,,d1,48:07.7,32:43.5,DACIA_SPRING,Dacia Spring 33 kW,33000,139,01:36.5,10.5,16.9,290,WNW,15.88080529128185,0.0,193.0,58.0,,,,37.0,153.0,3.0,0.0,174.0,19.0,90.0,17.0
00:52.9,,,88,,98.5,,,,,,,49,-2.642679,43.179905,175.17459,13.703669248495114,00:52.7,6,0.1369999999999999,0101000020E6100000CD3315D9342405C0C5DE3D1607974540,20230420_DACIA_EIBAR_BILBAO_049,,d1,48:07.7,32:43.5,DACIA_SPRING,Dacia Spring 33 kW,33000,139,01:36.5,10.5,16.9,290,WNW,15.88080529128185,0.0,193.0,58.0,,,,37.0,153.0,3.0,0.0,174.0,19.0,90.0,17.0
00:58.4,,,88,,98.5,,,,,,,49,-2.642679,43.179905,175.17459,13.703669248495114,00:58.8,6,-0.401,0101000020E6100000CD3315D9342405C0C5DE3D1607974540,20230420_DACIA_EIBAR_BILBAO_049,,d1,48:07.7,32:43.5,DACIA_SPRING,Dacia Spring 33 kW,33000,139,01:36.5,10.5,16.9,290,WNW,-16.63895788441295,170.0834738759475,193.0,58.0,,,,37.0,153.0,3.0,0.0,174.0,19.0,90.0,17.0
01:03.8,,,88,,98.5,,,,,,,49,-2.6427076,43.17991,174.9258,13.706066917434454,01:03.8,6,0.02,0101000020E6100000A55DB8E1432405C0E0E6F04607974540,20230420_DACIA_EIBAR_BILBAO_049,,d1,48:07.7,32:43.5,DACIA_SPRING,Dacia Spring 33 kW,33000,139,01:36.5,10.5,16.9,290,WNW,-16.836315078491424,164.97564127612188,193.0,58.0,,,,37.0,153.0,3.0,0.0,174.0,19.0,120.0,17.0
01:09.3,,,88,,98.5,,,,,,,49,-2.6432292,43.18005,176.5297,13.75116298098555,01:09.8,6,-0.502,0101000020E61000003FB2195E552505C070A882E80B974540,20230420_DACIA_EIBAR_BILBAO_049,,d1,48:07.7,32:43.5,DACIA_SPRING,Dacia Spring 33 kW,33000,139,01:36.5,10.5,16.9,290,WNW,-16.182627298792053,176.7538663131101,193.0,58.0,,,,37.0,153.0,3.0,0.0,174.0,19.0,45.0,17.0
01:14.8,,,88,,98.5,,,,,,,49,-2.6442342,43.180107,176.1779,13.832899344518465,01:14.8,6,-0.031,0101000020E6100000C90D7B42642705C0EEBC49B40D974540,20230420_DACIA_EIBAR_BILBAO_049,,d1,48:07.7,32:43.5,DACIA_SPRING,Dacia Spring 33 kW,33000,139,01:36.5,10.5,16.9,290,WNW,-16.70632116184773,168.6826240990641,193.0,58.0,,,,37.0,153.0,3.0,0.0,174.0,19.0,45.0,17.0
01:20.4,,,88,,98.5,,,,,,,49,-2.6454184,43.180344,174.05241,13.932492309913743,01:19.9,6,0.477,0101000020E610000010B37D2ED12905C0EC69E07D15974540,20230420_DACIA_EIBAR_BILBAO_049,,d1,48:07.7,32:43.5,DACIA_SPRING,Dacia Spring 33 kW,33000,139,01:36.5,10.5,16.9,290,WNW,-16.810320325868723,165.90518521945145,193.0,58.0,,,,37.0,153.0,3.0,0.0,174.0,19.0,8.0,17.0
01:25.9,,,88,,98.5,,,,,,,49,-2.6470752,43.18076,174.22238000000002,14.074572316083538,01:26.0,6,-0.088,0101000020E610000030D4DFB7352D05C0641FF12023974540,20230420_DACIA_EIBAR_BILBAO_049,,d1,48:07.7,32:43.5,DACIA_SPRING,Dacia Spring 33 kW,33000,139,01:36.5,10.5,16.9,290,WNW,-16.847020946136777,164.53795198535167,193.0,58.0,,,,37.0,153.0,3.0,0.0,174.0,19.0,120.0,18.0
01:31.2,,,88,,98.5,,,,,,,49,-2.6485755,43.181175,174.17377,14.204679363050081,01:31.0,6,0.242,0101000020E61000009C41D56C483005C0E0B033B830974540,20230420_DACIA_EIBAR_BILBAO_049,,d1,48:07.7,32:43.5,DACIA_SPRING,Dacia Spring 33 kW,33000,139,01:36.5,10.5,16.9,290,WNW,-16.878206494339917,162.91007718033026,193.0,58.0,,,,37.0,153.0,3.0,0.0,174.0,19.0,90.0,18.0
01:36.7,,,88,,98.5,,,,,,,49,-2.650462,43.181755,174.86977,14.370682675630002,01:37.0,6,-0.356,0101000020E6100000F79B1B6B253405C05BEE42B343974540,20230420_DACIA_EIBAR_BILBAO_049,,d1,48:07.7,32:43.5,DACIA_SPRING,Dacia Spring 33 kW,33000,139,01:36.5,10.5,16.9,290,WNW,-16.896990377621105,161.08132620282694,193.0,58.0,,,,37.0,153.0,3.0,0.0,174.0,19.0,90.0,18.0
01:42.1,,,88,,98.5,,,,,,,49,-2.6520813,43.18231,175.4088,14.515759370816765,01:42.1,6,0.017,0101000020E610000038C44B6D763705C0919FB9E155974540,20230420_DACIA_EIBAR_BILBAO_049,,d1,48:07.7,32:43.5,DACIA_SPRING,Dacia Spring 33 kW,33000,139,01:36.5,10.5,16.9,290,WNW,-16.899967174352177,160.11292783473692,193.0,58.0,,,,37.0,153.0,3.0,0.0,174.0,19.0,45.0,18.0
01:47.6,,,87,,98.5,,,,,,,49,-2.6537206,43.182903,177.44244,14.664146012154479,01:47.1,6,0.493,0101000020E6100000593030DFD13A05C0A665EA6669974540,20230420_DACIA_EIBAR_BILBAO_049,,d1,48:07.7,32:43.5,DACIA_SPRING,Dacia Spring 33 kW,33000,139,01:36.5,10.5,16.9,290,WNW,-16.896454649104303,158.82636924086077,193.0,58.0,,,,37.0,153.0,3.0,0.0,174.0,19.0,45.0,18.0
01:53.1,,,87,,98.5,,,,,,,49,-2.6557214,43.183678,178.93941999999998,14.847845053470095,01:53.2,6,-0.088,0101000020E6100000B7C306DCEA3E05C0D77A4EC982974540,20230420_DACIA_EIBAR_BILBAO_049,,d1,48:07.7,32:43.5,DACIA_SPRING,Dacia Spring 33 kW,33000,139,01:36.5,10.5,16.9,290,WNW,-16.896269962231543,161.20381258912565,193.0,58.0,,,,37.0,153.0,3.0,0.0,174.0,19.0,90.0,18.0
01:58.5,,,87,,98.5,,,,,,,49,-2.6578486,43.184402,178.95161000000002,15.03817967992416,01:58.2,6,0.319,0101000020E61000005E0ADF1C464305C0DE034C8B9A974540,20230420_DACIA_EIBAR_BILBAO_049,,d1,48:07.7,32:43.5,DACIA_SPRING,Dacia Spring 33 kW,33000,139,01:36.5,10.5,16.9,290,WNW,-16.869964029508672,163.4164845033667,193.0,58.0,,,,37.0,153.0,3.0,0.0,174.0,19.0,45.0,18.0
02:04.0,,,87,,98.5,,,,,,,49,-2.6599574,43.18503,179.31511,15.222867497934148,02:04.3,6,-0.287,0101000020E6100000DB4C6CC5974705C021072A2FAF974540,20230420_DACIA_EIBAR_BILBAO_049,,d1,48:07.7,32:43.5,DACIA_SPRING,Dacia Spring 33 kW,33000,139,01:36.5,10.5,16.9,290,WNW,-16.82972741728167,165.2268235431739,193.0,58.0,,,,37.0,153.0,3.0,0.0,174.0,19.0,40.0,19.0
02:09.5,,,87,,98.5,,,,,,,49,-2.6616714,43.185482,177.28593,15.370657325914127,02:09.3,6,0.161,0101000020E61000007BEF895A1A4B05C00A154CD9BD974540,20230420_DACIA_EIBAR_BILBAO_049,,d1,48:07.7,32:43.5,DACIA_SPRING,Dacia Spring 33 kW,33000,139,01:36.5,10.5,16.9,290,WNW,-16.758953689370127,167.4076022684174,191.0,151.0,,,104.0,,,,30.0,72.0,119.0,8.0,19.0
02:15.1,,,87,,98.5,,,,,,,49,-2.6637888,43.185955,174.57816,15.55022544958784,02:15.3,6,-0.248,0101000020E61000000BB9DB88704F05C0D8B0F65FCD974540,20230420_DACIA_EIBAR_BILBAO_049,,d1,48:07.7,32:43.5,DACIA_SPRING,Dacia Spring 33 kW,33000,139,01:36.5,10.5,16.9,290,WNW,-16.69382436827485,168.9589158867654,191.0,151.0,,,104.0,,,,30.0,72.0,119.0,25.0,19.0
02:20.7,,,87,,98.5,,,,,,,49,-2.6656594,43.18632,173.33472,15.707227948984826,02:20.4,6,0.281,0101000020E610000018A65C31455305C017454859D9974540,20230420_DACIA_EIBAR_BILBAO_049,,d1,48:07.7,32:43.5,DACIA_SPRING,Dacia Spring 33 kW,33000,139,01:36.5,10.5,16.9,290,WNW,-16.599756945887318,170.81622803952763,191.0,151.0,,,104.0,,,,30.0,72.0,119.0,8.0,19.0
02:26.2,,,86,,98.5,,,,,,,49,-2.6679294,43.186687,169.39911,15.895780571653876,02:26.5,6,-0.2689999999999999,0101000020E6100000B8521C64EB5705C0D0271F53E5974540,20230420_DACIA_EIBAR_BILBAO_049,,d1,48:07.7,32:43.5,DACIA_SPRING,Dacia Spring 33 kW,33000,139,01:36.5,10.5,16.9,290,WNW,-16.483694585578338,172.74370987979236,191.0,151.0,,,104.0,,,,30.0,72.0,119.0,8.0,19.0
02:31.6,,,86,,98.5,,,,,,,49,-2.6699164,43.18694,168.18124,16.05931932090334,02:31.5,6,0.133,0101000020E6100000B4B74D2BFD5B05C039EA77A8ED974540,20230420_DACIA_EIBAR_BILBAO_049,,d1,48:07.7,32:43.5,DACIA_SPRING,Dacia Spring 33 kW,33000,139,01:36.5,10.5,16.9,290,WNW,-16.409428171791777,173.83890638942322,191.0,151.0,,,104.0,,,,30.0,72.0,119.0,8.0,19.0
02:37.1,,,86,,98.5,,,,,,,49,-2.6723435,43.187202,166.72437,16.258246179351662,02:37.6,6,-0.442,0101000020E61000003DB9A0ACF56005C024888540F6974540,20230420_DACIA_EIBAR_BILBAO_049,,d1,48:07.7,32:43.5,DACIA_SPRING,Dacia Spring 33 kW,33000,139,01:36.5,10.5,16.9,290,WNW,-16.344639450750005,174.72917158530706,191.0,151.0,,,104.0,,,,30.0,72.0,119.0,8.0,19.0
02:42.5,,,86,,98.5,,,,,,,49,-2.674338,43.187386,163.03421,16.421280246645324,02:42.6,6,-0.122,0101000020E6100000FA8183550B6505C0F19B9D4FFC974540,20230420_DACIA_EIBAR_BILBAO_049,,d1,48:07.7,32:43.5,DACIA_SPRING,Dacia Spring 33 kW,33000,139,01:36.5,10.5,16.9,290,WNW,-16.256209818484717,175.86553986020894,191.0,151.0,,,104.0,,,,30.0,72.0,119.0,25.0,18.0
02:48.0,,,86,,98.5,,,,,,,49,-2.6762886000000004,43.187527,160.06622,16.580226729961723,02:47.6,6,0.3279999999999999,0101000020E6100000949F0CF4096905C05394E5E700984540,20230420_DACIA_EIBAR_BILBAO_049,,d1,48:07.7,32:43.5,DACIA_SPRING,Dacia Spring 33 kW,33000,139,01:36.5,10.5,16.9,290,WNW,-16.412762750781287,173.79156317133717,191.0,151.0,,,104.0,,,,30.0,72.0,119.0,85.0,18.0
02:53.3,,,86,,98.5,,,,,,,49,-2.6786327,43.187782,157.28082,16.772396121299053,02:53.7,6,-0.321,0101000020E6100000CEFDF5F2D66D05C06243193009984540,20230420_DACIA_EIBAR_BILBAO_049,,d1,48:07.7,32:43.5,DACIA_SPRING,Dacia Spring 33 kW,33000,139,01:36.5,10.5,16.9,290,WNW,-16.48072782461624,172.78922649121395,191.0,151.0,,,104.0,,,,30.0,72.0,119.0,8.0,18.0
02:58.8,,,86,,98.5,,,,,,,49,-2.6804743,43.188015,157.13007,16.923932726526235,02:58.7,6,0.071,0101000020E6100000CEDAF57D9C7105C0754CE5D610984540,20230420_DACIA_EIBAR_BILBAO_049,,d1,48:07.7,32:43.5,DACIA_SPRING,Dacia Spring 33 kW,33000,139,04:18.7,10.5,16.9,290,WNW,-16.622967197547105,170.38854989611022,191.0,151.0,,,104.0,,,,30.0,72.0,119.0,8.0,18.0
03:04.2,,,86,,98.5,,,,,,,49,-2.682299,43.188324,156.07062,17.07580865023329,03:03.8,6,0.471,0101000020E6100000E0669A15597505C038E784F11A984540,20230420_DACIA_EIBAR_BILBAO_049,,d1,48:07.7,32:43.5,DACIA_SPRING,Dacia Spring 33 kW,33000,139,04:18.7,10.5,16.9,290,WNW,-16.725032106033876,168.25180327274742,191.0,151.0,,,104.0,,,,30.0,72.0,119.0,8.0,18.0
03:09.7,,,86,,98.5,,,,,,,49,-2.6844627999999995,43.188774,155.80574,17.258230979462347,03:09.8,6,-0.102,0101000020E610000070C162ABC77905C0CB1A0FBF29984540,20230420_DACIA_EIBAR_BILBAO_049,,d1,48:07.7,32:43.5,DACIA_SPRING,Dacia Spring 33 kW,33000,139,04:18.7,10.5,16.9,290,WNW,-16.862597083793847,163.81265177003118,191.0,151.0,,,104.0,,,,30.0,72.0,119.0,8.0,18.0
03:15.1,,,86,,98.5,,,,,,,49,-2.6862059,43.18928,153.80692,17.41034994544209,03:14.8,6,0.258,0101000020E61000001808BC87597D05C0401B34693A984540,20230420_DACIA_EIBAR_BILBAO_049,,d1,48:07.7,32:43.5,DACIA_SPRING,Dacia Spring 33 kW,33000,139,04:18.7,10.5,16.9,290,WNW,-16.89781782276011,159.079245262577,191.0,151.0,,,104.0,,,,30.0,72.0,119.0,85.0,17.0
03:20.6,,,86,,98.5,,,,,,,49,-2.6882463,43.19006,151.34381000000002,17.59714291414722,03:20.9,6,-0.29,0101000020E6100000413EF946878105C0882BB0D853984540,20230420_DACIA_EIBAR_BILBAO_049,,d1,48:07.7,32:43.5,DACIA_SPRING,Dacia Spring 33 kW,33000,139,04:18.7,10.5,16.9,290,WNW,-16.58590268140107,148.93627600733726,191.0,151.0,,,104.0,,,,30.0,72.0,119.0,85.0,17.0
03:26.1,,,86,,98.5,,,,,,,49,-2.6896524,43.190907,152.00806,17.745011394887502,03:25.9,6,0.1889999999999999,0101000020E6100000DE600076688405C0F23A74916F984540,20230420_DACIA_EIBAR_BILBAO_049,,d1,48:07.7,32:43.5,DACIA_SPRING,Dacia Spring 33 kW,33000,139,04:18.7,10.5,16.9,290,WNW,-15.324353250148802,135.06225699541017,191.0,151.0,,,104.0,,,,30.0,72.0,119.0,8.0,17.0
03:31.6,,,86,,98.5,,,,,,,49,-2.6909883,43.192240000000005,154.88406,17.92860641570274,03:32.0,6,-0.3289999999999999,0101000020E61000003C8758D1248705C01BB3345D9B984540,20230420_DACIA_EIBAR_BILBAO_049,,d1,48:07.7,32:43.5,DACIA_SPRING,Dacia Spring 33 kW,33000,139,04:18.7,10.5,16.9,290,WNW,-13.215071744525106,121.4400988954046,191.0,151.0,,,104.0,,,,30.0,72.0,119.0,8.0,17.0
03:37.1,,,86,,98.5,,,,,,,49,-2.6917953,43.19356,156.76936,18.089314387154296,03:37.0,6,0.102,0101000020E61000008309B005CC8805C0695ABE99C6984540,20230420_DACIA_EIBAR_BILBAO_049,,d1,48:07.7,32:43.5,DACIA_SPRING,Dacia Spring 33 kW,33000,139,04:18.7,10.5,16.9,290,WNW,-9.642254666256552,104.78842133313074,191.0,151.0,,,104.0,,,,30.0,72.0,119.0,25.0,17.0
03:42.6,,,86,,98.5,,,,,,,49,-2.6922367,43.195232,156.21748,18.27864514646245,03:43.0,6,-0.416,0101000020E61000007EF72863B38905C013489E5EFD984540,20230420_DACIA_EIBAR_BILBAO_049,,d1,48:07.7,32:43.5,DACIA_SPRING,Dacia Spring 33 kW,33000,139,04:18.7,10.5,16.9,290,WNW,-7.33823634527963,95.73536433330968,191.0,151.0,,,104.0,,,,30.0,72.0,119.0,25.0,17.0
03:48.1,,,86,,98.5,,,,,,,49,-2.6923747,43.196606,155.29501000000002,18.431838751149115,03:48.0,6,0.031,0101000020E61000005497C1B9FB8905C0B0DF1B682A994540,20230420_DACIA_EIBAR_BILBAO_049,,d1,48:07.7,32:43.5,DACIA_SPRING,Dacia Spring 33 kW,33000,139,04:18.7,10.5,16.9,290,WNW,-10.394925117848718,107.95804785799864,191.0,151.0,,,104.0,,,,30.0,72.0,119.0,8.0,17.0
03:53.6,,,86,,98.5,,,,,,,49,-2.692821,43.197983,155.31958,18.58917009119833,03:53.1,6,0.493,0101000020E61000005BE934B3E58A05C01DE2DE8157994540,20230420_DACIA_EIBAR_BILBAO_049,,d1,48:07.7,32:43.5,DACIA_SPRING,Dacia Spring 33 kW,33000,139,04:18.7,10.5,16.9,290,WNW,-14.066448954174726,126.3392747227957,191.0,151.0,,,104.0,,,,30.0,72.0,119.0,8.0,17.0
03:59.1,,,85,,98.5,,,,,,,49,-2.6941135,43.199740000000006,151.34654,18.810894126201873,03:59.2,6,-0.094,0101000020E6100000705FD16D8B8D05C02133DE2391994540,20230420_DACIA_EIBAR_BILBAO_049,,d1,48:07.7,32:43.5,DACIA_SPRING,Dacia Spring 33 kW,33000,139,04:18.7,10.5,16.9,290,WNW,-15.949180278972618,140.68917292367422,191.0,151.0,,,104.0,,,,30.0,72.0,119.0,8.0,17.0
04:04.5,,,85,,98.5,,,,,,,49,-2.6954386,43.200825,151.73355,18.972425572843797,04:04.2,6,0.24,0101000020E6100000D35A8E12429005C0169BE4A7B4994540,20230420_DACIA_EIBAR_BILBAO_049,,d1,48:07.7,32:43.5,DACIA_SPRING,Dacia Spring 33 kW,33000,139,04:18.7,10.5,16.9,290,WNW,-16.68799253063268,150.91500026485093,191.0,151.0,,,104.0,,,,30.0,72.0,119.0,8.0,17.0
04:10.0,,,85,,98.5,,,,,,,49,-2.6973586,43.201893,152.31557,19.168188642433353,04:10.3,6,-0.2789999999999999,0101000020E6100000F7F457B3309405C00BDFB49BD7994540,20230420_DACIA_EIBAR_BILBAO_049,,d1,48:07.7,32:43.5,DACIA_SPRING,Dacia Spring 33 kW,33000,139,04:18.7,10.5,16.9,290,WNW,-16.884647015652273,157.55756190392614,191.0,151.0,,,104.0,,,,30.0,72.0,119.0,25.0,17.0
04:15.4,,,85,,98.5,,,,,,,49,-2.6990461,43.20259,154.62508,19.325416862529693,04:15.3,6,0.1169999999999999,0101000020E610000091BB8E72A59705C0DD85EE8DEE994540,20230420_DACIA_EIBAR_BILBAO_049,,d1,48:07.7,32:43.5,DACIA_SPRING,Dacia Spring 33 kW,33000,139,04:18.7,10.5,16.9,290,WNW,-16.82699084242327,154.67230420640786,191.0,151.0,,,104.0,,,,30.0,72.0,119.0,8.0,16.0
04:21.0,,,84,,98.5,,,,,,,49,-2.7010322,43.20353,153.63779,19.51735640038229,04:21.4,6,-0.447,0101000020E6100000025B1FBCB69B05C048789C440D9A4540,20230420_DACIA_EIBAR_BILBAO_049,,d1,48:07.7,32:43.5,DACIA_SPRING,Dacia Spring 33 kW,33000,139,04:18.7,10.5,16.9,290,WNW,-16.589296679436124,148.9963986507038,191.0,151.0,,,104.0,,,,30.0,72.0,119.0,8.0,16.0
04:26.5,,,84,,98.5,,,,,,,49,-2.7025964,43.20447,153.85801999999998,19.68166961141481,04:26.4,6,0.119,0101000020E6100000F41B51D6EA9E05C076AA24112C9A4540,20230420_DACIA_EIBAR_BILBAO_049,,d1,48:07.7,32:43.5,DACIA_SPRING,Dacia Spring 33 kW,33000,139,04:18.7,10.5,16.9,290,WNW,-16.20122974799046,143.46632612968546,191.0,151.0,,,104.0,,,,30.0,72.0,119.0,40.0,16.0
04:32.0,,,84,,98.5,,,,,,,49,-2.7043025000000003,43.205734,153.22325,19.87884060818186,04:32.4,6,-0.477,0101000020E6100000302DE46569A205C06B884186559A4540,20230420_DACIA_EIBAR_BILBAO_049,,d1,48:07.7,32:43.5,DACIA_SPRING,Dacia Spring 33 kW,33000,139,04:18.7,10.5,16.9,290,WNW,-15.450716018826228,136.09852871692405,191.0,151.0,,,104.0,,,,30.0,72.0,119.0,8.0,16.0
04:37.4,,,84,,98.5,,,,,,,49,-2.7055037,43.20689,151.45087,20.04009900783913,04:37.5,6,-0.039,0101000020E6100000E6FACE1EDFA405C0014ECE6A7B9A4540,20230420_DACIA_EIBAR_BILBAO_049,,d1,48:07.7,32:43.5,DACIA_SPRING,Dacia Spring 33 kW,33000,139,04:18.7,10.5,16.9,290,WNW,-15.281045322597398,134.71626964166856,191.0,151.0,,,104.0,,,,30.0,72.0,119.0,25.0,16.0
04:42.9,,,84,,98.5,,,,,,,49,-2.7065988,43.207996,149.36667,20.19177738309277,04:42.5,6,0.411,0101000020E6100000A36641301DA705C03AD387A09F9A4540,20230420_DACIA_EIBAR_BILBAO_049,,d1,48:07.7,32:43.5,DACIA_SPRING,Dacia Spring 33 kW,33000,139,04:18.7,10.5,16.9,290,WNW,-15.8353217759277,139.55391022322522,191.0,151.0,,,104.0,,,,30.0,72.0,119.0,25.0,16.0
04:48.4,,,84,,98.5,,,,,,,49,-2.7081285,43.2093,146.88766,20.382567138194936,04:48.5,6,-0.146,0101000020E610000073592C4A3FAA05C00CAF3351CA9A4540,20230420_DACIA_EIBAR_BILBAO_049,,d1,48:07.7,32:43.5,DACIA_SPRING,Dacia Spring 33 kW,33000,139,04:18.7,10.5,16.9,290,WNW,-16.71479943703438,151.5098994473637,191.0,151.0,,,104.0,,,,30.0,72.0,119.0,90.0,16.0
04:53.9,,,84,,98.5,,,,,,,49,-2.7098181,43.210217,143.91422,20.553319917253553,04:53.6,6,0.284,0101000020E61000009D0B6812B5AD05C051AB6E6AE89A4540,20230420_DACIA_EIBAR_BILBAO_049,,d1,48:07.7,32:43.5,DACIA_SPRING,Dacia Spring 33 kW,33000,139,04:18.7,10.5,16.9,290,WNW,-16.8880905111236,162.15112846356024,191.0,151.0,,,104.0,,,,30.0,72.0,119.0,90.0,16.0
04:59.4,,,84,,98.5,,,,,,,49,-2.7120075,43.210922,139.9122,20.74734363582633,04:59.6,6,-0.27,0101000020E61000008F7355FD30B205C029ADC282FF9A4540,20230420_DACIA_EIBAR_BILBAO_049,,d1,48:07.7,32:43.5,DACIA_SPRING,Dacia Spring 33 kW,33000,139,04:18.7,10.5,16.9,290,WNW,-16.544934991705517,171.76553092827206,191.0,151.0,,,104.0,,,,30.0,72.0,119.0,8.0,15.0
05:04.8,,,83,,98.5,,,,,,,49,-2.7139976000000003,43.21121,137.77737,20.9117895811417,05:04.7,6,0.123,0101000020E6100000FE2FB66144B605C0CD3627DE089B4540,20230420_DACIA_EIBAR_BILBAO_049,,d1,48:07.7,32:43.5,DACIA_SPRING,Dacia Spring 33 kW,33000,139,04:18.7,10.5,16.9,290,WNW,-15.914488671095732,179.6633941732445,191.0,151.0,,,104.0,,,,30.0,72.0,119.0,8.0,15.0
05:10.3,,,83,,98.5,,,,,,,49,-2.7163806,43.211224,135.0854,21.104939392331573,05:10.7,6,-0.45,0101000020E610000000E054BE25BB05C04777735A099B4540,20230420_DACIA_EIBAR_BILBAO_049,,d1,48:07.7,32:43.5,DACIA_SPRING,Dacia Spring 33 kW,33000,139,04:18.7,10.5,16.9,290,WNW,-16.4103783953855,173.82543163340682,191.0,151.0,,,104.0,,,,30.0,72.0,119.0,90.0,15.0
05:15.6,,,83,,98.5,,,,,,,49,-2.7181923,43.21142,133.75479,21.25337889822642,05:15.7,6,-0.11,0101000020E6100000021047A3DBBE05C02BA53FC20F9B4540,20230420_DACIA_EIBAR_BILBAO_049,,d1,48:07.7,32:43.5,DACIA_SPRING,Dacia Spring 33 kW,33000,139,04:18.7,10.5,16.9,290,WNW,-16.850260262591792,164.39696083006598,191.0,151.0,,,104.0,,,,30.0,72.0,119.0,8.0,15.0
05:21.1,,,83,,98.5,,,,,,,49,-2.7199326,43.211906,130.5211,21.40444994519091,05:20.8,6,0.35,0101000020E6100000B84D55FB6BC205C0785E75C41F9B4540,20230420_DACIA_EIBAR_BILBAO_049,,d1,48:07.7,32:43.5,DACIA_SPRING,Dacia Spring 33 kW,33000,139,04:18.7,10.5,16.9,290,WNW,-16.84753975425638,155.48433365213597,191.0,151.0,,,104.0,,,,30.0,72.0,119.0,40.0,15.0
05:26.5,,,83,,98.5,,,,,,,49,-2.7218577999999995,43.212784,125.38791,21.588570037075716,05:26.8,6,-0.283,0101000020E6100000FC8F55535DC605C016CDBB853C9B4540,20230420_DACIA_EIBAR_BILBAO_049,,d1,48:07.7,32:43.5,DACIA_SPRING,Dacia Spring 33 kW,33000,139,04:18.7,10.5,16.9,290,WNW,-16.26753226791373,144.2754842935501,191.0,151.0,,,104.0,,,,30.0,72.0,119.0,8.0,15.0
05:32.2,,,83,,98.5,,,,,,,49,-2.7230299,43.213627,121.420044,21.72208023073895,05:31.9,6,0.293,0101000020E61000002BFC73E0C3C805C0DBCE4B2B589B4540,20230420_DACIA_EIBAR_BILBAO_049,,d1,48:07.7,32:43.5,DACIA_SPRING,Dacia Spring 33 kW,33000,139,06:36.6,10.5,16.9,290,WNW,-14.879216751395672,131.69391837012148,191.0,151.0,,,104.0,,,,30.0,72.0,119.0,8.0,15.0
05:37.7,,,83,,98.5,,,,,,,49,-2.724073,43.214798,118.6399,21.877346951447073,05:37.9,6,-0.267,0101000020E61000007CE1E6C8E6CA05C00A5B82817E9B4540,20230420_DACIA_EIBAR_BILBAO_049,,d1,48:07.7,32:43.5,DACIA_SPRING,Dacia Spring 33 kW,33000,139,06:36.6,10.5,16.9,290,WNW,-13.322160273181575,122.02632186403967,191.0,151.0,,,104.0,,,,30.0,72.0,119.0,8.0,15.0
05:43.2,,,83,,98.5,,,,,,,49,-2.7247498,43.21588,117.82895,22.009573793180717,05:43.0,6,0.231,0101000020E61000009FB8109049CC05C0C82B84FFA19B4540,20230420_DACIA_EIBAR_BILBAO_049,,d1,48:07.7,32:43.5,DACIA_SPRING,Dacia Spring 33 kW,33000,139,06:36.6,10.5,16.9,290,WNW,-10.607300628774984,108.8770238855438,191.0,151.0,,,104.0,,,,30.0,72.0,119.0,8.0,15.0
05:48.6,,,83,,98.5,,,,,,,49,-2.7252285,43.21728,120.70439,22.17003287737633,05:49.0,6,-0.35,0101000020E6100000B8618BA944CD05C05C590FEACF9B4540,20230420_DACIA_EIBAR_BILBAO_049,,d1,48:07.7,32:43.5,DACIA_SPRING,Dacia Spring 33 kW,33000,139,06:36.6,10.5,16.9,290,WNW,-8.992180429170102,102.14621390135846,191.0,151.0,,,104.0,,,,30.0,72.0,119.0,100.0,15.0
05:54.1,,,83,,98.5,,,,,,,49,-2.7254674,43.21839,119.78652,22.29497159001454,05:54.0,6,0.1009999999999999,0101000020E61000002CC96DE7C1CD05C0C50CFF36F49B4540,20230420_DACIA_EIBAR_BILBAO_049,,d1,48:07.7,32:43.5,DACIA_SPRING,Dacia Spring 33 kW,33000,139,06:36.6,10.5,16.9,290,WNW,-10.824047343365484,109.82733577729552,191.0,151.0,,,104.0,,,,30.0,72.0,119.0,25.0,15.0
05:59.6,,,82,,98.5,,,,,,,49,-2.72593,43.219673,117.54295,22.442494326673533,06:00.1,6,-0.477,0101000020E6100000AE356B65B4CE05C0D6936B381E9C4540,20230420_DACIA_EIBAR_BILBAO_049,,d1,48:07.7,32:43.5,DACIA_SPRING,Dacia Spring 33 kW,33000,139,06:36.6,10.5,16.9,290,WNW,-12.914550966123675,119.833617760951,191.0,151.0,,,104.0,,,,30.0,72.0,119.0,8.0,14.0
06:05.1,,,82,,98.5,,,,,,,49,-2.726687,43.220993,117.99204,22.60157416108088,06:05.2,6,-0.096,0101000020E6100000A730673C41D005C0D12B6374499C4540,20230420_DACIA_EIBAR_BILBAO_049,,d1,48:07.7,32:43.5,DACIA_SPRING,Dacia Spring 33 kW,33000,139,06:36.6,10.5,16.9,290,WNW,-15.114373693420374,133.42399018816386,191.0,151.0,,,104.0,,,,30.0,72.0,119.0,100.0,14.0
06:10.6,,,82,,98.5,,,,,,,49,-2.7276325,43.221992,119.713715,22.736526400471693,06:10.2,6,0.368,0101000020E6100000ADC37F0331D205C05691D8336A9C4540,20230420_DACIA_EIBAR_BILBAO_049,,d1,48:07.7,32:43.5,DACIA_SPRING,Dacia Spring 33 kW,33000,139,06:36.6,10.5,16.9,290,WNW,-16.204321089599752,143.5031942797238,191.0,151.0,,,104.0,,,,30.0,72.0,119.0,40.0,14.0
06:16.0,,,82,,98.5,,,,,,,49,-2.7289584,43.222973,119.55081,22.889631488784655,06:16.3,6,-0.273,0101000020E6100000BF2A271EE8D405C0256DC9588A9C4540,20230420_DACIA_EIBAR_BILBAO_049,,d1,48:07.7,32:43.5,DACIA_SPRING,Dacia Spring 33 kW,33000,139,06:36.6,10.5,16.9,290,WNW,-16.79259401384864,153.5369309048832,191.0,151.0,,,104.0,,,,30.0,72.0,119.0,85.0,14.0
06:21.5,,,82,,98.5,,,,,,,49,-2.730218,43.2236,119.82594,23.013232995276056,06:21.3,6,0.157,0101000020E6100000A1DFA5757CD705C0A665B2E09E9C4540,20230420_DACIA_EIBAR_BILBAO_049,,d1,48:07.7,32:43.5,DACIA_SPRING,Dacia Spring 33 kW,33000,139,06:36.6,10.5,16.9,290,WNW,-16.89855615793716,160.74895757023123,191.0,151.0,,,104.0,,,,30.0,72.0,119.0,100.0,14.0
06:26.9,,,82,,98.5,,,,,,,49,-2.7318215,43.22416,119.56946,23.157309432146914,06:27.4,6,-0.49,0101000020E6100000D8DC2D3BC5DA05C084F5E046B19C4540,20230420_DACIA_EIBAR_BILBAO_049,,d1,48:07.7,32:43.5,DACIA_SPRING,Dacia Spring 33 kW,33000,139,06:36.6,10.5,16.9,290,WNW,-16.74843602700564,167.67922471486312,191.0,151.0,,,104.0,,,,30.0,72.0,119.0,40.0,14.0
06:32.3,,,82,,98.5,,,,,,,49,-2.7332866,43.22448,117.69039,23.28125191437434,06:32.4,6,-0.052,0101000020E61000004364866EC5DD05C0E2C5B1BCBB9C4540,20230420_DACIA_EIBAR_BILBAO_049,,d1,48:07.7,32:43.5,DACIA_SPRING,Dacia Spring 33 kW,33000,139,06:36.6,10.5,16.9,290,WNW,-16.682460358273715,169.203021677588,191.0,151.0,,,104.0,,,,30.0,72.0,119.0,30.0,14.0
06:37.7,,,82,,98.5,,,,,,,49,-2.734823,43.224773,116.44542,23.40993733363708,06:37.4,6,0.302,0101000020E6100000D036A2DCEAE005C0683D8E6AC59C4540,20230420_DACIA_EIBAR_BILBAO_049,,d1,48:07.7,32:43.5,DACIA_SPRING,Dacia Spring 33 kW,33000,139,06:36.6,10.5,16.9,290,WNW,-16.892056848528576,161.7567408968942,191.0,151.0,,,104.0,,,,30.0,72.0,119.0,8.0,14.0
06:43.2,,,82,,98.5,,,,,,,49,-2.7365735,43.22535,116.064926,23.565607492911475,06:43.5,6,-0.302,0101000020E6100000383D26AC80E405C0679E4234D89C4540,20230420_DACIA_EIBAR_BILBAO_049,,d1,48:07.7,32:43.5,DACIA_SPRING,Dacia Spring 33 kW,33000,139,06:36.6,10.5,16.9,290,WNW,-16.897679591420943,159.0505294941863,191.0,151.0,,,104.0,,,,30.0,72.0,119.0,100.0,14.0
06:48.6,,,82,,98.5,,,,,,,49,-2.7380571,43.225918,116.11855,23.701396441239112,06:48.5,6,0.069,0101000020E6100000FF00848F8AE705C0685C96E2EA9C4540,20230420_DACIA_EIBAR_BILBAO_049,,d1,48:07.7,32:43.5,DACIA_SPRING,Dacia Spring 33 kW,33000,139,06:36.6,10.5,16.9,290,WNW,-16.765602693230182,167.23065752696212,191.0,151.0,,,104.0,,,,30.0,72.0,119.0,100.0,14.0
06:54.1,,,82,,98.5,,,,,,,49,-2.7400074,43.22636,113.21692,23.866907588855565,06:54.5,6,-0.402,0101000020E610000087B825F488EB05C01C6CF957F99C4540,20230420_DACIA_EIBAR_BILBAO_049,,d1,48:07.7,32:43.5,DACIA_SPRING,Dacia Spring 33 kW,33000,139,06:36.6,10.5,16.9,290,WNW,-16.48684398316173,172.69521561759734,191.0,151.0,,,104.0,,,,30.0,72.0,119.0,80.0,14.0
06:59.6,,,82,,98.5,,,,,,,49,-2.7414896,43.22655,110.84441,23.98886637690859,06:59.6,6,-0.01,0101000020E61000001194181592EE05C0D3F151A0FF9C4540,20230420_DACIA_EIBAR_BILBAO_049,,d1,48:07.7,32:43.5,DACIA_SPRING,Dacia Spring 33 kW,33000,139,06:36.6,10.5,16.9,290,WNW,-16.64939822180998,169.8792614412838,191.0,151.0,,,104.0,,,,30.0,72.0,119.0,100.0,13.0
07:05.0,,,82,,98.5,,,,,,,49,-2.7430022000000003,43.22682,111.957825,24.115049210614064,07:04.6,6,0.41,0101000020E6100000B4042910ABF105C028AECF78089D4540,20230420_DACIA_EIBAR_BILBAO_049,,d1,48:07.7,32:43.5,DACIA_SPRING,Dacia Spring 33 kW,33000,139,06:36.6,10.5,16.9,290,WNW,-16.867286662761163,163.5655520734847,191.0,151.0,,,104.0,,,,30.0,72.0,119.0,100.0,13.0
07:10.5,,,82,,98.5,,,,,,,49,-2.7448668,43.22737,112.1566,24.27803160827133,07:10.7,6,-0.192,0101000020E6100000BC31BAB57CF505C00BA379771A9D4540,20230420_DACIA_EIBAR_BILBAO_049,,d1,48:07.7,32:43.5,DACIA_SPRING,Dacia Spring 33 kW,33000,139,06:36.6,10.5,16.9,290,WNW,-16.840955626506616,155.20917771107963,191.0,151.0,,,104.0,,,,30.0,72.0,119.0,8.0,13.0
07:15.9,,,82,,98.5,,,,,,,49,-2.7462568,43.228012,115.163734,24.41140398658012,07:15.7,6,0.216,0101000020E61000000145318155F805C0FE02397F2F9D4540,20230420_DACIA_EIBAR_BILBAO_049,,d1,48:07.7,32:43.5,DACIA_SPRING,Dacia Spring 33 kW,33000,139,06:36.6,10.5,16.9,290,WNW,-16.52211181680118,147.86084334479222,191.0,151.0,,,104.0,,,,30.0,72.0,119.0,8.0,13.0
07:21.4,,,82,,98.5,,,,,,,49,-2.7477753,43.228966,119.717354,24.57391461607072,07:21.7,6,-0.349,0101000020E61000000AD4259271FB05C04C4E35CF4E9D4540,20230420_DACIA_EIBAR_BILBAO_049,,d1,48:07.7,32:43.5,DACIA_SPRING,Dacia Spring 33 kW,33000,139,06:36.6,10.5,16.9,290,WNW,-16.736238893756607,152.0172785108701,191.0,151.0,,,104.0,,,,30.0,72.0,119.0,120.0,13.0
07:26.9,,,82,,98.5,,,,,,,49,-2.7491944,43.22972,126.0195,24.716350346066,07:26.8,6,0.105,0101000020E610000070DF559859FE05C0BCDAD98F679D4540,20230420_DACIA_EIBAR_BILBAO_049,,d1,48:07.7,32:43.5,DACIA_SPRING,Dacia Spring 33 kW,33000,139,06:36.6,10.5,16.9,290,WNW,-16.89658398585956,161.15202372587098,191.0,151.0,,,104.0,,,,30.0,72.0,119.0,40.0,13.0
07:32.4,,,82,,98.5,,,,,,,49,-2.7511747000000004,43.230396,132.30084,24.893636597609255,07:32.8,6,-0.472,0101000020E6100000188095DA670206C0086DE99F7D9D4540,20230420_DACIA_EIBAR_BILBAO_049,,d1,48:07.7,32:43.5,DACIA_SPRING,Dacia Spring 33 kW,33000,139,06:36.6,10.5,16.9,290,WNW,-16.73884974871534,167.9187289588433,191.0,151.0,,,104.0,,,,30.0,72.0,119.0,40.0,13.0
07:37.8,,,82,,98.5,,,,,,,49,-2.7528286,43.23075,131.7629,25.03329376776537,07:37.8,6,-0.081,0101000020E610000044BEA107CB0506C0123BC54A899D4540,20230420_DACIA_EIBAR_BILBAO_049,,d1,48:07.7,32:43.5,DACIA_SPRING,Dacia Spring 33 kW,33000,139,06:36.6,10.5,16.9,290,WNW,-16.365969591941663,174.4420078417928,243.0,135.0,,0.0,52.0,,,,191.0,202.0,41.0,45.0,13.0
07:43.3,,,82,,98.5,,,,,,,49,-2.7545242,43.230915,135.15546,25.171926892682084,07:42.9,6,0.31,0101000020E6100000827066F1430906C0D33A66918E9D4540,20230420_DACIA_EIBAR_BILBAO_049,,d1,48:07.7,32:43.5,DACIA_SPRING,Dacia Spring 33 kW,33000,139,06:36.6,10.5,16.9,290,WNW,-15.860038426045469,-179.7951536095974,243.0,135.0,,0.0,52.0,,,,191.0,202.0,41.0,8.0,13.0
07:48.7,,,81,,98.5,,,,,,,49,-2.7567618,43.230907,141.25336,25.35331420421846,07:48.9,6,-0.24,0101000020E61000009B374F16D90D06C0E7468F6E8E9D4540,20230420_DACIA_EIBAR_BILBAO_049,,d1,48:07.7,32:43.5,DACIA_SPRING,Dacia Spring 33 kW,33000,139,06:36.6,10.5,16.9,290,WNW,-15.665309554693636,-177.96294546840403,191.0,151.0,,,104.0,,,,30.0,72.0,119.0,8.0,12.0
07:54.2,,,81,,98.5,,,,,,,49,-2.7586455,43.23084,149.40256000000002,25.506324048602234,07:54.0,6,0.211,0101000020E610000049897EB3B41106C02B9CD61B8C9D4540,20230420_DACIA_EIBAR_BILBAO_049,,d1,48:07.7,32:43.5,DACIA_SPRING,Dacia Spring 33 kW,33000,139,06:36.6,10.5,16.9,290,WNW,-15.91818692129664,179.6260991346283,191.0,151.0,,,104.0,,,,30.0,72.0,119.0,8.0,12.0
07:59.6,,,81,,98.5,,,,,,,49,-2.7607908,43.230854,155.64868,25.680248170757313,08:00.0,6,-0.36,0101000020E6100000A2E6388C191606C04C6F91988C9D4540,20230420_DACIA_EIBAR_BILBAO_049,,d1,48:07.7,32:43.5,DACIA_SPRING,Dacia Spring 33 kW,33000,139,09:18.7,10.5,16.9,290,WNW,-16.115063768761278,177.53100846624483,191.0,151.0,,,104.0,,,,30.0,72.0,119.0,8.0,12.0
08:05.1,,,81,,98.5,,,,,,,49,-2.7624838,43.230927,156.87648000000002,25.817654677349307,08:05.0,6,0.1,0101000020E6100000335F3F18911906C0999E620A8F9D4540,20230420_DACIA_EIBAR_BILBAO_049,,d1,48:07.7,32:43.5,DACIA_SPRING,Dacia Spring 33 kW,33000,139,09:18.7,10.5,16.9,290,WNW,-16.3817425097811,174.22601324406952,191.0,151.0,,,104.0,,,,30.0,72.0,119.0,120.0,12.0
08:10.6,,,81,,98.5,,,,,,,49,-2.7645507,43.231136,158.61833,25.986721355931003,08:11.1,6,-0.422,0101000020E6100000A30534C6CC1D06C0571173D4959D4540,20230420_DACIA_EIBAR_BILBAO_049,,d1,48:07.7,32:43.5,DACIA_SPRING,Dacia Spring 33 kW,33000,139,09:18.7,10.5,16.9,290,WNW,-16.41173348922543,173.80619326129784,191.0,151.0,,,104.0,,,,30.0,72.0,119.0,85.0,12.0
08:16.1,,,81,,98.5,,,,,,,49,-2.7663383,43.23133,159.33264,26.1331452561088,08:16.1,6,0.006,0101000020E61000007A8CA7FE752106C0AC2C4A4C9C9D4540,20230420_DACIA_EIBAR_BILBAO_049,,d1,48:07.7,32:43.5,DACIA_SPRING,Dacia Spring 33 kW,33000,139,09:18.7,10.5,16.9,290,WNW,-16.079620185908446,177.92563069906154,243.0,135.0,,0.0,52.0,,,,191.0,202.0,41.0,120.0,12.0
08:21.6,,,81,,98.5,,,,,,,49,-2.7685470000000003,43.23141,160.95658999999998,26.31231346623348,08:21.3,6,0.351,0101000020E610000069E21005FC2506C04FD4DDE59E9D4540,20230420_DACIA_EIBAR_BILBAO_049,,d1,48:07.7,32:43.5,DACIA_SPRING,Dacia Spring 33 kW,33000,139,09:18.7,10.5,16.9,290,WNW,-15.271908202765832,-174.6438370756548,243.0,135.0,,0.0,52.0,,,,191.0,202.0,41.0,8.0,12.0
08:27.1,,,80,,98.5,,,,,,,49,-2.770648200000001,43.231213,161.07686,26.483947947475627,08:27.3,6,-0.191,0101000020E6100000810EE6A8492A06C029941F5A989D4540,20230420_DACIA_EIBAR_BILBAO_049,,d1,48:07.7,32:43.5,DACIA_SPRING,Dacia Spring 33 kW,33000,139,09:18.7,10.5,16.9,290,WNW,-15.797717615293482,-179.19201697658318,191.0,151.0,,,104.0,,,,30.0,72.0,119.0,8.0,11.0
08:32.6,,,80,,98.5,,,,,,,49,-2.7725627,43.231186,161.37642,26.63908271349431,08:32.3,6,0.249,0101000020E6100000B012155E352E06C0B73E8D7D979D4540,20230420_DACIA_EIBAR_BILBAO_049,,d1,48:07.7,32:43.5,DACIA_SPRING,Dacia Spring 33 kW,33000,139,09:18.7,10.5,16.9,290,WNW,-16.57851142490194,171.19355219281297,191.0,151.0,,,104.0,,,,30.0,72.0,119.0,8.0,11.0
08:38.1,,,80,,98.5,,,,,,,49,-2.7748477000000005,43.23154,162.00597,26.828343853744766,08:38.4,6,-0.302,0101000020E6100000F3AFC55CE33206C06EE0FC27A39D4540,20230420_DACIA_EIBAR_BILBAO_049,,d1,48:07.7,32:43.5,DACIA_SPRING,Dacia Spring 33 kW,33000,139,09:18.7,10.5,16.9,290,WNW,-16.676486143927473,169.3288115780743,191.0,151.0,,,104.0,,,,30.0,72.0,119.0,8.0,11.0
08:43.6,,,80,,98.5,,,,,,,49,-2.7766733,43.231884,160.27077,26.981121828081957,08:43.4,6,0.16,0101000020E61000000C80EE77A03606C08101C45BAE9D4540,20230420_DACIA_EIBAR_BILBAO_049,,d1,48:07.7,32:43.5,DACIA_SPRING,Dacia Spring 33 kW,33000,139,09:18.7,10.5,16.9,290,WNW,-15.976120025046846,179.03271170741124,191.0,151.0,,,104.0,,,,30.0,72.0,119.0,8.0,11.0
08:49.0,,,80,,98.5,,,,,,,49,-2.7788055,43.23192,156.56296,27.153948630451314,08:49.5,6,-0.503,0101000020E6100000B66EB656FE3A06C050CF8B78AF9D4540,20230420_DACIA_EIBAR_BILBAO_049,,d1,48:07.7,32:43.5,DACIA_SPRING,Dacia Spring 33 kW,33000,139,09:18.7,10.5,16.9,290,WNW,-15.221248579277724,-174.24569530196155,243.0,135.0,,0.0,52.0,,,,191.0,202.0,41.0,8.0,11.0
08:54.4,,,80,,98.5,,,,,,,49,-2.7804925,43.23175,154.70141999999998,27.291935059564377,08:54.5,6,-0.11,0101000020E6100000001359D2723E06C0F7D959F8A99D4540,20230420_DACIA_EIBAR_BILBAO_049,,d1,48:07.7,32:43.5,DACIA_SPRING,Dacia Spring 33 kW,33000,139,09:18.7,10.5,16.9,290,WNW,-15.25012613379542,-174.4719386128505,243.0,135.0,,0.0,52.0,,,,191.0,202.0,41.0,85.0,11.0
08:59.8,,,80,,98.5,,,,,,,49,-2.782249,43.23158,153.558,27.435493420652932,08:59.5,6,0.228,0101000020E6100000F970FBCE0B4206C00B741B62A49D4540,20230420_DACIA_EIBAR_BILBAO_049,,d1,48:07.7,32:43.5,DACIA_SPRING,Dacia Spring 33 kW,33000,139,09:18.7,10.5,16.9,290,WNW,-15.61239801855284,-177.48967166167049,243.0,135.0,,0.0,52.0,,,,191.0,202.0,41.0,8.0,11.0
09:05.2,,,80,,98.5,,,,,,,49,-2.7841878,43.231495,151.61427,27.59286277728988,09:05.6,6,-0.332,0101000020E610000024DA8E3A044606C09B75A3A5A19D4540,20230420_DACIA_EIBAR_BILBAO_049,,d1,48:07.7,32:43.5,DACIA_SPRING,Dacia Spring 33 kW,33000,139,09:18.7,10.5,16.9,290,WNW,-15.849645748649742,-179.69338292825697,191.0,151.0,,,104.0,,,,30.0,72.0,119.0,85.0,10.0
09:10.6,,,80,,98.5,,,,,,,49,-2.7856827,43.231487,148.87975,27.71400737691668,09:10.6,6,0.0279999999999999,0101000020E6100000E2CBE70D144906C0D65A2955A19D4540,20230420_DACIA_EIBAR_BILBAO_049,,d1,48:07.7,32:43.5,DACIA_SPRING,Dacia Spring 33 kW,33000,139,09:18.7,10.5,16.9,290,WNW,-16.05537451418275,178.19080557651125,,,,,,,,,,,,,
09:16.1,,,80,,98.5,,,,,,,49,-2.787139,43.231533,146.83508,27.832119120837152,09:15.6,6,0.437,0101000020E61000001326C97A0F4C06C09AA092D2A29D4540,20230420_DACIA_EIBAR_BILBAO_049,,d1,48:07.7,32:43.5,DACIA_SPRING,Dacia Spring 33 kW,33000,139,09:18.7,10.5,16.9,290,WNW,-16.346082369004517,174.70991879469204,191.0,151.0,,,104.0,,,,30.0,72.0,119.0,85.0,10.0
09:21.6,,,80,,98.5,,,,,,,49,-2.7889102,43.231697,146.37663,27.97676879086567,09:21.7,6,-0.074,0101000020E61000005DDAF825B04F06C02D092D3BA89D4540,20230420_DACIA_EIBAR_BILBAO_049,,d1,48:07.7,32:43.5,DACIA_SPRING,Dacia Spring 33 kW,33000,139,09:18.7,10.5,16.9,290,WNW,-16.61518121561609,170.53392986669957,191.0,151.0,,,104.0,,,,30.0,72.0,119.0,8.0,10.0
09:27.2,,,80,,98.5,,,,,,,49,-2.7903976000000004,43.231945,142.54124,28.100445563308558,09:26.7,6,0.481,0101000020E610000068C2500BBC5206C0CE113467B09D4540,20230420_DACIA_EIBAR_BILBAO_049,,d1,48:07.7,32:43.5,DACIA_SPRING,Dacia Spring 33 kW,33000,139,09:18.7,10.5,16.9,290,WNW,-16.875256529556854,163.10082735228187,243.0,135.0,,0.0,52.0,,,,191.0,202.0,41.0,8.0,10.0
09:32.7,,,80,,98.5,,,,,,,49,-2.7919183,43.232407,137.47926,28.234022419426882,09:32.8,6,-0.091,0101000020E61000003D8AF84FD95506C0ECE5C687BF9D4540,20230420_DACIA_EIBAR_BILBAO_049,,d1,48:07.7,32:43.5,DACIA_SPRING,Dacia Spring 33 kW,33000,139,09:18.7,10.5,16.9,290,WNW,-16.899628126269654,159.6199044155532,243.0,135.0,,0.0,52.0,,,,191.0,202.0,41.0,85.0,10.0
09:38.2,,,80,,98.5,,,,,,,49,-2.7930973,43.232845000000005,134.48518,28.341280300459854,09:37.8,6,0.351,0101000020E61000008D7ED556435806C0AF5835E3CD9D4540,20230420_DACIA_EIBAR_BILBAO_049,,d1,48:07.7,32:43.5,DACIA_SPRING,Dacia Spring 33 kW,33000,139,09:18.7,10.5,16.9,290,WNW,-16.898491562307473,159.23447179526093,243.0,135.0,,0.0,52.0,,,,191.0,202.0,41.0,120.0,10.0
09:43.7,,,80,,98.5,,,,,,,49,-2.794561,43.2334,133.95428,28.474958722667374,09:43.8,6,-0.179,0101000020E61000008078D8B0425B06C051097CF6DF9D4540,20230420_DACIA_EIBAR_BILBAO_049,,d1,48:07.7,32:43.5,DACIA_SPRING,Dacia Spring 33 kW,33000,139,09:18.7,10.5,16.9,290,WNW,-16.808918791897288,154.0488086862454,243.0,135.0,,0.0,52.0,,,,191.0,202.0,41.0,90.0,10.0
09:49.2,,,80,,98.5,,,,,,,49,-2.795687,43.233948,132.93732,28.584664069245076,09:48.9,6,0.22,0101000020E61000006436CF26915D06C09B452A0DF29D4540,20230420_DACIA_EIBAR_BILBAO_049,,d1,48:07.7,32:43.5,DACIA_SPRING,Dacia Spring 33 kW,33000,139,09:18.7,10.5,16.9,290,WNW,-16.705367858662303,151.29599274719956,243.0,135.0,,0.0,52.0,,,,191.0,202.0,41.0,90.0,10.0
09:54.7,,,80,,98.5,,,,,,,49,-2.7969818,43.234657,129.69968,28.715921893176382,09:54.9,6,-0.25,0101000020E61000003359C7F0376006C033BB7B34099E4540,20230420_DACIA_EIBAR_BILBAO_049,,d1,48:07.7,32:43.5,DACIA_SPRING,Dacia Spring 33 kW,33000,139,09:18.7,10.5,16.9,290,WNW,-16.769123642042665,152.86480990942607,,,,,,,,,,,,90.0,
10:00.1,,,80,,98.5,,,,,,,49,-2.7981057000000003,43.235233,124.3836,28.82736813220385,10:00.0,6,0.111,0101000020E6100000C5E1DE45856206C0EB3E85121C9E4540,20230420_DACIA_EIBAR_BILBAO_049,,d1,48:07.7,32:43.5,DACIA_SPRING,Dacia Spring 33 kW,33000,139,09:18.7,10.5,16.9,290,WNW,-16.867659988940037,156.45485796163865,,,,,,,,,,,,120.0,
10:05.6,,,80,,98.5,,,,,,,49,-2.7995446,43.23586,119.53151,28.963279515688182,10:06.0,6,-0.4,0101000020E6100000EA61A49F776506C03A2C2197309E4540,20230420_DACIA_EIBAR_BILBAO_049,,d1,48:07.7,32:43.5,DACIA_SPRING,Dacia Spring 33 kW,33000,139,09:18.7,10.5,16.9,290,WNW,-16.869240390254536,156.5425924029122,191.0,151.0,,,104.0,,,,30.0,72.0,119.0,85.0,9.0
10:11.0,,,80,,98.5,,,,,,,49,-2.8006139,43.236324,116.10363,29.064162557990667,10:11.0,6,-0.038,0101000020E6100000635ED037A86706C0DB7A4FE83F9E4540,20230420_DACIA_EIBAR_BILBAO_049,,d1,48:07.7,32:43.5,DACIA_SPRING,Dacia Spring 33 kW,33000,139,09:18.7,10.5,16.9,290,WNW,-15.952156489409322,140.7197084437537,191.0,151.0,,,104.0,,,,30.0,72.0,119.0,80.0,9.0
10:16.5,,,80,,98.5,,,,,,,49,-2.8014355,43.236996000000005,116.64966,29.164230761286113,10:16.1,6,0.4029999999999999,0101000020E6100000F36135FB566906C09782C0E5559E4540,20230420_DACIA_EIBAR_BILBAO_049,,d1,48:07.7,32:43.5,DACIA_SPRING,Dacia Spring 33 kW,33000,139,09:18.7,10.5,16.9,290,WNW,-12.217671281972,116.2976765796275,191.0,151.0,,,104.0,,,,30.0,72.0,119.0,80.0,9.0
10:21.8,,,80,,98.5,,,,,,,49,-2.8020384,43.238216,112.93305,29.30846027227607,10:22.2,6,-0.326,0101000020E6100000E4CDE916936A06C05F131DE37D9E4540,20230420_DACIA_EIBAR_BILBAO_049,,d1,48:07.7,32:43.5,DACIA_SPRING,Dacia Spring 33 kW,33000,139,09:18.7,10.5,16.9,290,WNW,-6.36464030684525,92.1236042730306,191.0,151.0,,,104.0,,,,30.0,72.0,119.0,60.0,9.0
10:27.3,,,80,,98.5,,,,,,,49,-2.802076,43.23923,108.83211,29.42132758659427,10:27.2,6,0.02,0101000020E6100000D9C789D0A66A06C062AE5C159F9E4540,20230420_DACIA_EIBAR_BILBAO_049,,d1,48:07.7,32:43.5,DACIA_SPRING,Dacia Spring 33 kW,33000,139,09:18.7,10.5,16.9,290,WNW,-4.0034250946113,83.70300253111164,191.0,151.0,,,104.0,,,,30.0,72.0,119.0,100.0,9.0
10:32.6,,,80,,98.5,,,,,,,49,-2.8019555,43.240322,106.62899,29.54316407075967,10:32.3,6,0.358,0101000020E61000008E9816AF676A06C0A5E97FE2C29E4540,20230420_DACIA_EIBAR_BILBAO_049,,d1,48:07.7,32:43.5,DACIA_SPRING,Dacia Spring 33 kW,33000,139,11:36.6,10.5,16.9,290,WNW,-6.273075602244367,91.78889715368705,,,,,,,,,,,,100.0,
10:38.1,,,80,,98.5,,,,,,,49,-2.8019996,43.241734,105.63555,29.700215081844384,10:38.3,6,-0.1989999999999999,0101000020E61000008F1008BF7E6A06C0FFF36024F19E4540,20230420_DACIA_EIBAR_BILBAO_049,,d1,48:07.7,32:43.5,DACIA_SPRING,Dacia Spring 33 kW,33000,139,11:36.6,10.5,16.9,290,WNW,-10.048315827608928,106.48233368920889,,,,,,,,,,,,120.0,
10:43.6,,,80,,98.5,,,,,,,49,-2.8023298,43.24285,104.97127,29.827160075898124,10:43.4,6,0.2189999999999999,0101000020E610000032E3E9DC2B6B06C0EB7055CB159F4540,20230420_DACIA_EIBAR_BILBAO_049,,d1,48:07.7,32:43.5,DACIA_SPRING,Dacia Spring 33 kW,33000,139,11:36.6,10.5,16.9,290,WNW,-12.27045108172428,116.55728173103674,,,,,,,,,,,,120.0,
10:49.0,,,80,,98.5,,,,,,,49,-2.8029196,43.24403,106.20652,29.9668021992953,10:49.4,6,-0.41,0101000020E610000001B06E2B616C06C0FA734B573C9F4540,20230420_DACIA_EIBAR_BILBAO_049,,d1,48:07.7,32:43.5,DACIA_SPRING,Dacia Spring 33 kW,33000,139,11:36.6,10.5,16.9,290,WNW,-11.732247805744317,113.96476320327454,243.0,135.0,,0.0,52.0,,,,191.0,202.0,41.0,100.0,9.0
10:54.4,,,80,,98.5,,,,,,,49,-2.8033352,43.244965,104.89987,30.076091233427825,10:54.5,6,-0.022,0101000020E610000057F8AA0D3B6D06C0277778F05A9F4540,20230420_DACIA_EIBAR_BILBAO_049,,d1,48:07.7,32:43.5,DACIA_SPRING,Dacia Spring 33 kW,33000,139,11:36.6,10.5,16.9,290,WNW,-8.95758055619973,102.00777591278474,243.0,135.0,,0.0,52.0,,,,191.0,202.0,41.0,100.0,9.0
10:59.9,,,80,,98.5,,,,,,,49,-2.8035362,43.24591,101.314316,30.182484600004074,10:59.5,6,0.417,0101000020E610000067584051A46D06C09B9751087A9F4540,20230420_DACIA_EIBAR_BILBAO_049,,d1,48:07.7,32:43.5,DACIA_SPRING,Dacia Spring 33 kW,33000,139,11:36.6,10.5,16.9,290,WNW,-6.047166961158565,90.966407513159,243.0,135.0,,0.0,52.0,,,,191.0,202.0,41.0,120.0,9.0
11:05.4,,,80,,98.5,,,,,,,49,-2.8035543,43.246983,100.583015,30.30180800370269,11:05.6,6,-0.144,0101000020E6100000EFE134E8AD6D06C00C80672D9D9F4540,20230420_DACIA_EIBAR_BILBAO_049,,d1,48:07.7,32:43.5,DACIA_SPRING,Dacia Spring 33 kW,33000,139,11:36.6,10.5,16.9,290,WNW,-1.9290547049751452,76.55432677644558,243.0,135.0,,0.0,52.0,,,,191.0,202.0,41.0,100.0,9.0
11:10.9,,,80,,98.5,,,,,,,49,-2.8033627999999995,43.247784,101.616425,30.392221484221704,11:10.6,6,0.292,0101000020E610000079EAC671496D06C0989E306EB79F4540,20230420_DACIA_EIBAR_BILBAO_049,,d1,48:07.7,32:43.5,DACIA_SPRING,Dacia Spring 33 kW,33000,139,11:36.6,10.5,16.9,290,WNW,-1.528240399469506,75.1882545959607,,,,,,,,,,,,8.0,
11:16.4,,,80,,98.5,,,,,,,49,-2.8030632,43.248917,98.01751,30.520571407634126,11:16.6,6,-0.248,0101000020E61000002D94056BAC6C06C07A249A74DC9F4540,20230420_DACIA_EIBAR_BILBAO_049,,d1,48:07.7,32:43.5,DACIA_SPRING,Dacia Spring 33 kW,33000,139,11:36.6,10.5,16.9,290,WNW,-3.715674721914996,82.70095177860208,,,,,,,,,,,,55.0,
11:21.8,,,80,,98.5,,,,,,,49,-2.8029501,43.2498,94.49153,30.61924592088345,11:21.7,6,0.092,0101000020E6100000E7518726716C06C0D406138CF99F4540,20230420_DACIA_EIBAR_BILBAO_049,,d1,48:07.7,32:43.5,DACIA_SPRING,Dacia Spring 33 kW,33000,139,11:36.6,10.5,16.9,290,WNW,-1.4431466138029576,74.89864099900826,,,,,,,,,,,,120.0,
11:27.3,,,80,,98.5,,,,,,,49,-2.8027747000000005,43.25045,89.87334399999999,30.69305008508559,11:27.7,6,-0.447,0101000020E610000093E08728156C06C0EB6180B50EA04540,20230420_DACIA_EIBAR_BILBAO_049,,d1,48:07.7,32:43.5,DACIA_SPRING,Dacia Spring 33 kW,33000,139,11:36.6,10.5,16.9,290,WNW,16.22723734431289,-3.7790396349156334,,,,,,,,,,,,8.0,
11:32.7,,,80,,98.5,,,,,,,49,-2.8021994,43.250412,89.89624,30.739835173427718,11:32.8,6,-0.061,0101000020E61000001F86D77BE76A06C0B443C77D0DA04540,20230420_DACIA_EIBAR_BILBAO_049,,d1,48:07.7,32:43.5,DACIA_SPRING,Dacia Spring 33 kW,33000,139,11:36.6,10.5,16.9,290,WNW,11.16055518963935,-68.67053848460252,,,,,,,,,,,,45.0,
11:38.2,,,80,,98.5,,,,,,,49,-2.8020518,43.250034,89.39877,30.783536591099416,11:37.8,6,0.397,0101000020E6100000B2F6321F9A6A06C02138661C01A04540,20230420_DACIA_EIBAR_BILBAO_049,,d1,48:07.7,32:43.5,DACIA_SPRING,Dacia Spring 33 kW,33000,139,11:36.6,10.5,16.9,290,WNW,-5.369342178321264,-128.5246461706835,,,,,,,,,,,,55.0,
11:43.6,,,80,,98.5,,,,,,,49,-2.8026497000000004,43.249283,87.74299,30.880082928002388,11:43.8,6,-0.193,0101000020E6100000353E0EA9D36B06C02B0C637AE89F4540,20230420_DACIA_EIBAR_BILBAO_049,,d1,48:07.7,32:43.5,DACIA_SPRING,Dacia Spring 33 kW,33000,139,11:36.6,10.5,16.9,290,WNW,-7.959019666330471,-138.09584498214673,,,,,,,,,,,,45.0,
11:52.5,,,80,,98.5,,,,,,,49,-2.8033328,43.24867,85.61839,30.96789866692411,11:52.6,6,-0.0289999999999999,0101000020E6100000631E09B6396D06C0CA7AEC6AD49F4540,20230420_DACIA_EIBAR_BILBAO_049,,d1,48:07.7,32:43.5,DACIA_SPRING,Dacia Spring 33 kW,33000,139,11:36.6,10.5,16.9,290,WNW,-14.6303839028434,-169.9630975457088,,,,,,,,,,,,55.0,
11:58.1,,,80,,98.5,,,,,,,49,-2.8036153,43.24862,82.7255,30.991622017515223,11:58.0,6,0.095,0101000020E61000009644BED3CD6D06C0E6220EC5D29F4540,20230420_DACIA_EIBAR_BILBAO_049,,d1,48:07.7,32:43.5,DACIA_SPRING,Dacia Spring 33 kW,33000,139,11:36.6,10.5,16.9,290,WNW,-12.843419513317851,-159.4611699099941,,,,,,,,,,,,55.0,
12:03.6,,,80,,98.5,,,,,,,49,-2.8039436,43.248497,78.6866,31.021794883920524,12:04.1,6,-0.505,0101000020E6100000E1435CF1796E06C0F69499BACE9F4540,20230420_DACIA_EIBAR_BILBAO_049,,d1,48:07.7,32:43.5,DACIA_SPRING,Dacia Spring 33 kW,33000,139,11:36.6,10.5,16.9,290,WNW,-8.118452075545424,-138.71033960933667,243.0,135.0,,0.0,52.0,,,,191.0,202.0,41.0,45.0,9.0
12:09.5,,,80,,98.5,,,,,,,49,-2.8045175,43.247993,76.621864,31.094634349272052,12:09.2,6,0.33,0101000020E61000001890A0E4A66F06C05F7F5839BE9F4540,20230420_DACIA_EIBAR_BILBAO_049,,d1,48:07.7,32:43.5,DACIA_SPRING,Dacia Spring 33 kW,33000,139,11:36.6,10.5,16.9,290,WNW,-4.073158776640634,-123.94647264921645,243.0,135.0,,0.0,52.0,,,,191.0,202.0,41.0,8.0,9.0
12:15.1,,,80,,98.5,,,,,,,49,-2.8051543,43.247047,75.73859399999999,31.211792426964006,12:15.1,6,0.033,0101000020E6100000ADE508B2F47006C0290E52499F9F4540,20230420_DACIA_EIBAR_BILBAO_049,,d1,48:07.7,32:43.5,DACIA_SPRING,Dacia Spring 33 kW,33000,139,11:36.6,10.5,16.9,290,WNW,0.9195716691496924,-106.88085152739066,243.0,135.0,,0.0,52.0,,,,191.0,202.0,41.0,8.0,9.0
12:20.7,,,80,,98.5,,,,,,,49,-2.8054702,43.246006,69.90912,31.330483727304912,12:21.1,6,-0.442,0101000020E6100000410134579A7106C0A8CAF8107D9F4540,20230420_DACIA_EIBAR_BILBAO_049,,d1,48:07.7,32:43.5,DACIA_SPRING,Dacia Spring 33 kW,33000,139,11:36.6,10.5,16.9,290,WNW,7.385838771532989,-84.08534380214986,243.0,135.0,,0.0,52.0,,,,191.0,202.0,41.0,55.0,9.0
12:27.0,,,80,,98.5,,,,,,,49,-2.8053607999999994,43.24495,64.68339499999999,31.44835533639023,12:27.4,6,-0.429,0101000020E6100000994908F3607106C0D927B0765A9F4540,20230420_DACIA_EIBAR_BILBAO_049,,d1,48:07.7,32:43.5,DACIA_SPRING,Dacia Spring 33 kW,33000,139,11:36.6,10.5,16.9,290,WNW,9.834336141166776,-74.41476749171972,243.0,135.0,,0.0,52.0,,,,191.0,202.0,41.0,25.0,9.0
12:32.7,,,80,,98.5,,,,,,,49,-2.8051424,43.244167,67.48591,31.537244117574538,12:32.3,6,0.366,0101000020E6100000AD86287EEE7006C0674879D1409F4540,20230420_DACIA_EIBAR_BILBAO_049,,d1,48:07.7,32:43.5,DACIA_SPRING,Dacia Spring 33 kW,33000,139,11:36.6,10.5,16.9,290,WNW,11.723421234559302,-66.0767976295606,243.0,135.0,,0.0,52.0,,,,191.0,202.0,41.0,25.0,9.0
12:38.9,,,80,,98.5,,,,,,,49,-2.804638,43.24303,63.640762,31.670165958537805,12:39.3,6,-0.422,0101000020E6100000F1D6A005E66F06C02FA177AF1B9F4540,20230420_DACIA_EIBAR_BILBAO_049,,d1,48:07.7,32:43.5,DACIA_SPRING,Dacia Spring 33 kW,33000,139,11:36.6,10.5,16.9,290,WNW,15.73037124527448,-41.44151398257521,243.0,135.0,,0.0,52.0,,,,191.0,202.0,41.0,100.0,9.0
12:44.3,,,80,,98.5,,,,,,,49,-2.803895,43.242374,62.463345,31.764740083920845,12:44.3,6,-0.031,0101000020E6100000F7A15F78606E06C05300A128069F4540,20230420_DACIA_EIBAR_BILBAO_049,,d1,48:07.7,32:43.5,DACIA_SPRING,Dacia Spring 33 kW,33000,139,11:36.6,10.5,16.9,290,WNW,15.830156440797396,-40.49616178103748,243.0,135.0,,0.0,52.0,,,,191.0,202.0,41.0,120.0,9.0
12:49.9,,,80,,98.5,,,,,,,49,-2.8030589,43.24166,62.08317,31.8690960875254,12:49.4,6,0.491,0101000020E61000004BD2EC2BAA6C06C075734CB8EE9E4540,20230420_DACIA_EIBAR_BILBAO_049,,d1,48:07.7,32:43.5,DACIA_SPRING,Dacia Spring 33 kW,33000,139,11:36.6,10.5,16.9,290,WNW,7.784481898195237,-82.57286290243172,243.0,135.0,,0.0,52.0,,,,191.0,202.0,41.0,120.0,9.0
12:55.2,,,80,,98.5,,,,,,,49,-2.8029318,43.240685,61.348766000000005,31.97800136667977,12:55.4,6,-0.192,0101000020E6100000BD7FA974676C06C074995BC3CE9E4540,20230420_DACIA_EIBAR_BILBAO_049,,d1,48:07.7,32:43.5,DACIA_SPRING,Dacia Spring 33 kW,33000,139,11:36.6,10.5,16.9,290,WNW,-3.725536309626608,-122.735226272129,243.0,135.0,,0.0,52.0,,,,191.0,202.0,41.0,100.0,9.0
13:00.7,,,80,,98.5,,,,,,,49,-2.8033953,43.239964,60.323074,32.06653487761961,13:00.4,6,0.259,0101000020E61000001EAABD8C5A6D06C0AC3F4927B79E4540,20230420_DACIA_EIBAR_BILBAO_049,,d1,48:07.7,32:43.5,DACIA_SPRING,Dacia Spring 33 kW,33000,139,14:18.8,10.5,16.9,290,WNW,2.348416498531426,-102.01235527308606,243.0,135.0,,0.0,52.0,,,,191.0,202.0,41.0,55.0,9.0
13:06.1,,,80,,98.5,,,,,,,49,-2.8035934,43.239033,59.67197,32.1712957338271,13:06.5,6,-0.364,0101000020E61000008DB97651C26D06C041CF319B989E4540,20230420_DACIA_EIBAR_BILBAO_049,,d1,48:07.7,32:43.5,DACIA_SPRING,Dacia Spring 33 kW,33000,139,14:18.8,10.5,16.9,290,WNW,9.360242532101756,-76.36773499700898,243.0,135.0,,0.0,52.0,,,,191.0,202.0,41.0,25.0,9.0
13:11.8,,,79,,98.5,,,,,,,49,-2.8033972,43.238224,55.618480000000005,32.26273554482656,13:11.5,6,0.25,0101000020E610000070FEC2745B6D06C0A9E23A137E9E4540,20230420_DACIA_EIBAR_BILBAO_049,,d1,48:07.7,32:43.5,DACIA_SPRING,Dacia Spring 33 kW,33000,139,14:18.8,10.5,16.9,290,WNW,1.6874145397593063,-104.26963905478924,243.0,135.0,,0.0,52.0,,,,191.0,202.0,41.0,55.0,9.0
13:17.3,,,80,,98.5,,,,,,,49,-2.8036144,43.23737,53.305424,32.35933998411945,13:17.6,6,-0.278,0101000020E61000002D18F554CD6D06C07EAB6929629E4540,20230420_DACIA_EIBAR_BILBAO_049,,d1,48:07.7,32:43.5,DACIA_SPRING,Dacia Spring 33 kW,33000,139,14:18.8,10.5,16.9,290,WNW,-0.1155202147891194,-110.3916492485332,243.0,135.0,,0.0,52.0,,,,191.0,202.0,41.0,55.0,9.0
13:22.7,,,80,,98.5,,,,,,,49,-2.8038077,43.23685,54.38235,32.41925384655997,13:22.6,6,0.16,0101000020E6100000FD8701B8326E06C0AF130921519E4540,20230420_DACIA_EIBAR_BILBAO_049,,d1,48:07.7,32:43.5,DACIA_SPRING,Dacia Spring 33 kW,33000,139,14:18.8,10.5,16.9,290,WNW,-9.948659981551202,-146.0632585626041,243.0,135.0,,0.0,52.0,,,,191.0,202.0,41.0,85.0,9.0
13:28.2,,,80,,98.5,,,,,,,49,-2.804417,43.23644,58.021496,32.486544027757574,13:28.6,6,-0.409,0101000020E610000021C7142C726F06C0E760B69E439E4540,20230420_DACIA_EIBAR_BILBAO_049,,d1,48:07.7,32:43.5,DACIA_SPRING,Dacia Spring 33 kW,33000,139,14:18.8,10.5,16.9,290,WNW,-14.919298181959684,-171.98183516182874,243.0,135.0,,0.0,52.0,,,,191.0,202.0,41.0,8.0,9.0
13:33.7,,,80,,98.5,,,,,,,49,-2.8051553,43.236336,58.981743,32.54746846322961,13:33.7,6,0.0279999999999999,0101000020E6100000E9CBCE41F57006C0CBA5C33C409E4540,20230420_DACIA_EIBAR_BILBAO_049,,d1,48:07.7,32:43.5,DACIA_SPRING,Dacia Spring 33 kW,33000,139,14:18.8,10.5,16.9,290,WNW,-16.85002869801416,164.40718906298065,243.0,135.0,,0.0,52.0,,,,191.0,202.0,41.0,85.0,9.0
13:39.2,,,80,,98.5,,,,,,,49,-2.8052627999999995,43.236366,61.141346,32.55704080573298,13:38.7,6,0.48,0101000020E610000049AE1D932D7106C0DEAAD740419E4540,20230420_DACIA_EIBAR_BILBAO_049,,d1,48:07.7,32:43.5,DACIA_SPRING,Dacia Spring 33 kW,33000,139,14:18.8,10.5,16.9,290,WNW,15.88080529128185,0.0,243.0,135.0,,0.0,52.0,,,,191.0,202.0,41.0,85.0,9.0
13:44.6,,,80,,98.5,,,,,,,49,-2.8052627999999995,43.236366,61.141346,32.55704080573298,13:44.7,6,-0.151,0101000020E610000049AE1D932D7106C0DEAAD740419E4540,20230420_DACIA_EIBAR_BILBAO_049,,d1,48:07.7,32:43.5,DACIA_SPRING,Dacia Spring 33 kW,33000,139,14:18.8,10.5,16.9,290,WNW,15.88080529128185,0.0,243.0,135.0,,0.0,52.0,,,,191.0,202.0,41.0,85.0,9.0
13:50.1,,,80,,98.5,,,,,,,49,-2.8052627999999995,43.236366,61.141346,32.55704080573298,13:49.8,6,0.326,0101000020E610000049AE1D932D7106C0DEAAD740419E4540,20230420_DACIA_EIBAR_BILBAO_049,,d1,48:07.7,32:43.5,DACIA_SPRING,Dacia Spring 33 kW,33000,139,14:18.8,10.5,16.9,290,WNW,15.88080529128185,0.0,243.0,135.0,,0.0,52.0,,,,191.0,202.0,41.0,85.0,9.0
13:55.5,,,80,,98.5,,,,,,,49,-2.8052627999999995,43.236366,61.141346,32.55704080573298,13:55.8,6,-0.352,0101000020E610000049AE1D932D7106C0DEAAD740419E4540,20230420_DACIA_EIBAR_BILBAO_049,,d1,48:07.7,32:43.5,DACIA_SPRING,Dacia Spring 33 kW,33000,139,14:18.8,10.5,16.9,290,WNW,-15.961299391341202,179.18619422539598,243.0,135.0,,0.0,52.0,,,,191.0,202.0,41.0,85.0,9.0
14:00.9,,,79,,98.5,,,,,,,49,-2.8055444,43.23637,64.22964,32.58006541169759,14:00.9,6,0.053,0101000020E6100000F0944935C17106C0A74E315C419E4540,20230420_DACIA_EIBAR_BILBAO_049,,d1,48:07.7,32:43.5,DACIA_SPRING,Dacia Spring 33 kW,33000,139,14:18.8,10.5,16.9,290,WNW,-16.000992167615365,178.77242116805672,243.0,135.0,,0.0,52.0,,,,191.0,202.0,41.0,85.0,9.0
14:06.3,,,79,,98.5,,,,,,,49,-2.8062444,43.236385,66.94086,32.63686117280301,14:05.9,6,0.3979999999999999,0101000020E610000060FADD49307306C0080953E4419E4540,20230420_DACIA_EIBAR_BILBAO_049,,d1,48:07.7,32:43.5,DACIA_SPRING,Dacia Spring 33 kW,33000,139,14:18.8,10.5,16.9,290,WNW,-15.586946500829798,-177.26534779492422,243.0,135.0,,0.0,52.0,,,,191.0,202.0,41.0,85.0,9.0
14:11.7,,,79,,98.5,,,,,,,49,-2.807354,43.236332,69.9944,32.72699381004141,14:11.9,6,-0.192,0101000020E6100000F60025F1757506C04AA5EB19409E4540,20230420_DACIA_EIBAR_BILBAO_049,,d1,48:07.7,32:43.5,DACIA_SPRING,Dacia Spring 33 kW,33000,139,14:18.8,10.5,16.9,290,WNW,-11.872807376795766,-154.63058033528037,243.0,135.0,,0.0,52.0,,,,191.0,202.0,41.0,8.0,9.0
14:17.2,,,79,,98.5,,,,,,,49,-2.8082545,43.235905,74.402824,32.81414532314284,14:17.0,6,0.24,0101000020E6100000CD9F88104E7706C0ED1EBC18329E4540,20230420_DACIA_EIBAR_BILBAO_049,,d1,48:07.7,32:43.5,DACIA_SPRING,Dacia Spring 33 kW,33000,139,14:18.8,10.5,16.9,290,WNW,-9.61570616283944,-144.67889844156403,,,,,,,,,,,,120.0,
14:22.7,,,79,,98.5,,,,,,,49,-2.8092833,43.235176,78.82602,32.93049222931293,20/04/2023 11:14,6,-0.2739999999999999,0101000020E61000002BEA3F74697906C0DC5C9D4D1A9E4540,20230420_DACIA_EIBAR_BILBAO_049,,d1,48:07.7,32:43.5,DACIA_SPRING,Dacia Spring 33 kW,33000,139,14:18.8,10.5,16.9,290,WNW,-12.82554118697707,-159.36800303524475,,,,,,,,,,,,8.0,
14:28.2,,,79,,98.5,,,,,,,49,-2.8103988,43.234756,81.32927,33.03224533276988,14:28.0,6,0.181,0101000020E61000001D802C54B27B06C00D090B7B0C9E4540,20230420_DACIA_EIBAR_BILBAO_049,,d1,48:07.7,32:43.5,DACIA_SPRING,Dacia Spring 33 kW,33000,139,14:18.8,10.5,16.9,290,WNW,-13.104348524847389,-160.841787319199,,,,,,,,,,,,8.0,
14:33.7,,,79,,98.5,,,,,,,49,-2.8117027,43.234303,83.43973000000001,33.149290922758944,14:34.1,6,-0.342,0101000020E61000002284DAFC5D7E06C0EA150C9DFD9D4540,20230420_DACIA_EIBAR_BILBAO_049,,d1,48:07.7,32:43.5,DACIA_SPRING,Dacia Spring 33 kW,33000,139,14:18.8,10.5,16.9,290,WNW,-12.964817434215911,-160.09855378505722,,,,,,,,,,,,120.0,
14:39.2,,,79,,98.5,,,,,,,49,-2.812954,43.23385,84.229294,33.262489489276334,14:39.2,6,0.031,0101000020E610000036BED5FEED8006C0D4C4F1C4EE9D4540,20230420_DACIA_EIBAR_BILBAO_049,,d1,48:07.7,32:43.5,DACIA_SPRING,Dacia Spring 33 kW,33000,139,14:18.8,10.5,16.9,290,WNW,-13.32695598104197,-162.05275389494602,191.0,151.0,,,104.0,,,,30.0,72.0,119.0,8.0,8.0
14:44.7,,,79,,98.5,,,,,,,49,-2.8140037,43.23351,85.05384000000001,33.355557522254664,14:44.2,6,0.4579999999999999,0101000020E61000000779856C148306C05016DC98E39D4540,20230420_DACIA_EIBAR_BILBAO_049,,d1,48:07.7,32:43.5,DACIA_SPRING,Dacia Spring 33 kW,33000,139,14:18.8,10.5,16.9,290,WNW,-13.03192260434454,-160.4545419435891,191.0,151.0,,,104.0,,,,30.0,72.0,119.0,8.0,8.0
14:50.1,,,79,,98.5,,,,,,,49,-2.8153276000000003,43.23304,85.3932,33.47486692263605,14:50.2,6,-0.159,0101000020E6100000CBAA8385CA8506C0ED6C9C47D49D4540,20230420_DACIA_EIBAR_BILBAO_049,,d1,48:07.7,32:43.5,DACIA_SPRING,Dacia Spring 33 kW,33000,139,14:18.8,10.5,16.9,290,WNW,-12.61795679630878,-158.29883556484822,243.0,135.0,,0.0,52.0,,,,191.0,202.0,41.0,85.0,8.0
14:55.6,,,79,,98.5,,,,,,,49,-2.8163729,43.232624,86.17038000000001,33.57136400997376,14:55.3,6,0.28,0101000020E6100000B20C5B8BEE8706C00F64EB99C69D4540,20230420_DACIA_EIBAR_BILBAO_049,,d1,48:07.7,32:43.5,DACIA_SPRING,Dacia Spring 33 kW,33000,139,14:18.8,10.5,16.9,290,WNW,-11.255528260680729,-151.7596714039855,243.0,135.0,,0.0,52.0,,,,191.0,202.0,41.0,20.0,8.0
15:01.0,,,79,,98.5,,,,,,,49,-2.817544,43.231995,90.31128,33.68930673200461,15:01.3,6,-0.291,0101000020E6100000BB056E84548A06C0F7CD8E06B29D4540,20230420_DACIA_EIBAR_BILBAO_049,,d1,48:07.7,32:43.5,DACIA_SPRING,Dacia Spring 33 kW,33000,139,14:18.8,10.5,16.9,290,WNW,-3.1826753873299336,-120.8549901544868,243.0,135.0,,0.0,52.0,,,,191.0,202.0,41.0,40.0,8.0
15:06.4,,,79,,98.5,,,,,,,49,-2.817961,43.231297,92.29086,33.77397777142539,15:06.4,6,0.042,0101000020E6100000EC656F1A2F8B06C0FB8753189B9D4540,20230420_DACIA_EIBAR_BILBAO_049,,d1,48:07.7,32:43.5,DACIA_SPRING,Dacia Spring 33 kW,33000,139,14:18.8,10.5,16.9,290,WNW,-4.149498423799153,-124.21330210816576,243.0,135.0,,0.0,52.0,,,,191.0,202.0,41.0,8.0,8.0
15:11.9,,,79,,98.5,,,,,,,49,-2.818405,43.230644,93.157845,33.855014432021875,15:11.4,6,0.482,0101000020E61000001D3ECCE9178C06C02B775DC7859D4540,20230420_DACIA_EIBAR_BILBAO_049,,d1,48:07.7,32:43.5,DACIA_SPRING,Dacia Spring 33 kW,33000,139,14:18.8,10.5,16.9,290,WNW,-14.680943164798618,-170.30732643282144,243.0,135.0,,0.0,52.0,,,,191.0,202.0,41.0,85.0,8.0
15:17.3,,,78,,98.5,,,,,,,49,-2.819453,43.230465,93.09821,33.9422220449193,15:17.4,6,-0.11,0101000020E6100000C5D87A5C3D8E06C0384631D57F9D4540,20230420_DACIA_EIBAR_BILBAO_049,,d1,48:07.7,32:43.5,DACIA_SPRING,Dacia Spring 33 kW,33000,139,14:18.8,10.5,16.9,290,WNW,-16.687526846474213,150.90500694688004,243.0,135.0,,0.0,52.0,,,,191.0,202.0,41.0,40.0,8.0
15:22.8,,,78,,98.5,,,,,,,49,-2.8202958,43.230934000000005,92.29572,34.02814411224356,15:22.5,6,0.322,0101000020E610000099EDDC4EF78F06C0772476428F9D4540,20230420_DACIA_EIBAR_BILBAO_049,,d1,48:07.7,32:43.5,DACIA_SPRING,Dacia Spring 33 kW,33000,139,14:18.8,10.5,16.9,290,WNW,-15.94514576636276,140.6478533612107,243.0,135.0,,0.0,52.0,,,,191.0,202.0,41.0,40.0,8.0
15:28.3,,,78,,98.5,,,,,,,49,-2.8211653,43.231647,93.762985,34.13421042996968,15:28.5,6,-0.25,0101000020E6100000D6BA2C1FBF9106C0E4CE8F9AA69D4540,20230420_DACIA_EIBAR_BILBAO_049,,d1,48:07.7,32:43.5,DACIA_SPRING,Dacia Spring 33 kW,33000,139,16:36.6,8.1,13.0,290,WNW,-12.43676192019812,176.9274907424901,243.0,135.0,,0.0,52.0,,,,191.0,202.0,41.0,85.0,8.0
15:33.8,,,78,,98.5,,,,,,,49,-2.8220968,43.231697,95.789734,34.20990805016729,15:33.6,6,0.211,0101000020E610000044DC1175A79306C04F00DB41A89D4540,20230420_DACIA_EIBAR_BILBAO_049,,d1,48:07.7,32:43.5,DACIA_SPRING,Dacia Spring 33 kW,33000,139,16:36.6,8.1,13.0,290,WNW,-12.548362280546698,175.14699474166096,,,,,,,,,,,,85.0,
15:39.3,,,79,,98.5,,,,,,,49,-2.8226857000000005,43.231747,98.11997,34.257997395774524,15:39.6,6,-0.327,0101000020E6100000E8F7B842DC9406C0265C13DDA99D4540,20230420_DACIA_EIBAR_BILBAO_049,,d1,48:07.7,32:43.5,DACIA_SPRING,Dacia Spring 33 kW,33000,139,16:36.6,8.1,13.0,290,WNW,-12.69775417763155,172.37915928497978,,,,,,,,,,,,85.0,
15:45.9,,,79,,98.5,,,,,,,49,-2.8228576000000003,43.23177,98.19451,34.27215702285117,15:45.6,6,0.302,0101000020E610000063BA116B369506C07DDEB796AA9D4540,20230420_DACIA_EIBAR_BILBAO_049,,d1,48:07.7,32:43.5,DACIA_SPRING,Dacia Spring 33 kW,33000,139,16:36.6,8.1,13.0,290,WNW,-12.453363588389536,143.32565034317128,,,,,,,,,,,,85.0,
15:52.3,,,79,,98.5,,,,,,,49,-2.822867,43.231777,96.991974,34.273779334279695,15:52.7,6,-0.37,0101000020E6100000B9D69B383B9506C0C06C52E1AA9D4540,20230420_DACIA_EIBAR_BILBAO_049,,d1,48:07.7,32:43.5,DACIA_SPRING,Dacia Spring 33 kW,33000,139,16:36.6,8.1,13.0,290,WNW,-12.653413047609384,173.25994390065318,,,,,,,,,,,,85.0,
15:57.7,,,79,,98.5,,,,,,,49,-2.822977,43.23179,96.14629,34.282847023765676,15:57.7,6,-0.0289999999999999,0101000020E6100000B73C82F7749506C03B0BC83DAB9D4540,20230420_DACIA_EIBAR_BILBAO_049,,d1,48:07.7,32:43.5,DACIA_SPRING,Dacia Spring 33 kW,33000,139,16:36.6,8.1,13.0,290,WNW,-12.688235205419788,172.57335754384013,,,,,,,,,,,,85.0,
16:03.2,,,78,,98.5,,,,,,,49,-2.823491,43.231857,93.922455,34.32520849989905,16:02.8,6,0.392,0101000020E6100000EFB9CE85829606C0E65CE382AD9D4540,20230420_DACIA_EIBAR_BILBAO_049,,d1,48:07.7,32:43.5,DACIA_SPRING,Dacia Spring 33 kW,33000,139,16:36.6,8.1,13.0,290,WNW,-12.605125711569542,174.1579658902856,,,,,,,,,,,,50.0,
16:08.6,,,78,,98.5,,,,,,,49,-2.8243022,43.23194,93.78166,34.39157307378272,16:08.8,6,-0.241,0101000020E6100000A9F0E4B52B9806C0DFAB9339B09D4540,20230420_DACIA_EIBAR_BILBAO_049,,d1,48:07.7,32:43.5,DACIA_SPRING,Dacia Spring 33 kW,33000,139,16:36.6,8.1,13.0,290,WNW,-12.528002754029032,175.48668743131535,,,,,,,,,,,,50.0,
16:14.0,,,78,,98.5,,,,,,,49,-2.825189,43.23201,92.6203,34.46384702708213,16:13.8,6,0.221,0101000020E6100000295636C4FC9906C05608608BB29D4540,20230420_DACIA_EIBAR_BILBAO_049,,d1,48:07.7,32:43.5,DACIA_SPRING,Dacia Spring 33 kW,33000,139,16:36.6,8.1,13.0,290,WNW,-12.57405725995225,174.7073541692309,191.0,151.0,,,104.0,,,,30.0,72.0,119.0,50.0,7.0
16:19.5,,,78,,98.5,,,,,,,49,-2.8264196,43.232124,92.09066,34.564348123732394,16:19.9,6,-0.372,0101000020E6100000C3E20EE5819C06C0EDB97E4EB69D4540,20230420_DACIA_EIBAR_BILBAO_049,,d1,48:07.7,32:43.5,DACIA_SPRING,Dacia Spring 33 kW,33000,139,16:36.6,8.1,13.0,290,WNW,-12.293321320313218,178.97860139854023,191.0,151.0,,,104.0,,,,30.0,72.0,119.0,50.0,7.0
16:25.0,,,78,,98.5,,,,,,,49,-2.8274853,43.232143,90.853714,34.65072041690673,16:24.9,6,0.07,0101000020E6100000E943BB9BB09E06C017BFA5D9B69D4540,20230420_DACIA_EIBAR_BILBAO_049,,d1,48:07.7,32:43.5,DACIA_SPRING,Dacia Spring 33 kW,33000,139,16:36.6,8.1,13.0,290,WNW,-10.291029988395964,-162.3369452865106,243.0,135.0,,0.0,52.0,,,,191.0,202.0,41.0,8.0,7.0
16:30.4,,,78,,98.5,,,,,,,49,-2.828418,43.231846,89.791664,34.73319165524666,16:29.9,6,0.497,0101000020E6100000844E059D99A006C09DAB1812AD9D4540,20230420_DACIA_EIBAR_BILBAO_049,,d1,48:07.7,32:43.5,DACIA_SPRING,Dacia Spring 33 kW,33000,139,16:36.6,8.1,13.0,290,WNW,-9.707277894046868,-158.30650333251003,243.0,135.0,,0.0,52.0,,,,191.0,202.0,41.0,8.0,7.0
16:35.9,,,78,,98.5,,,,,,,49,-2.8292425,43.231518,89.2324,34.80929942522279,16:36.0,6,-0.099,0101000020E6100000C69ED5E049A206C0F267D655A29D4540,20230420_DACIA_EIBAR_BILBAO_049,,d1,48:07.7,32:43.5,DACIA_SPRING,Dacia Spring 33 kW,33000,139,16:36.6,8.1,13.0,290,WNW,-10.277900116530162,-162.24233843562314,243.0,135.0,,0.0,52.0,,,,191.0,202.0,41.0,8.0,7.0
16:41.3,,,78,,98.5,,,,,,,49,-2.8297546,43.231354,89.21935,34.85461854159517,16:41.0,6,0.3279999999999999,0101000020E61000006BC0A75656A306C06DDC54009D9D4540,20230420_DACIA_EIBAR_BILBAO_049,,d1,48:07.7,32:43.5,DACIA_SPRING,Dacia Spring 33 kW,33000,139,16:36.6,8.1,13.0,290,WNW,-10.314126858960428,-162.5038621832701,243.0,135.0,,0.0,52.0,,,,191.0,202.0,41.0,8.0,7.0
16:46.8,,,78,,98.5,,,,,,,49,-2.8302019,43.231213,88.74251600000001,34.89410612590145,16:47.0,6,-0.262,0101000020E6100000571E9DE940A406C008E54367989D4540,20230420_DACIA_EIBAR_BILBAO_049,,d1,48:07.7,32:43.5,DACIA_SPRING,Dacia Spring 33 kW,33000,139,16:36.6,8.1,13.0,290,WNW,-10.650646915579566,-165.0128369634423,243.0,135.0,,0.0,52.0,,,,191.0,202.0,41.0,8.0,7.0
16:52.3,,,78,,98.5,,,,,,,49,-2.8306240000000003,43.2311,88.75716,34.93053840483318,16:52.1,6,0.198,0101000020E610000030AB54361EA506C039B12097949D4540,20230420_DACIA_EIBAR_BILBAO_049,,d1,48:07.7,32:43.5,DACIA_SPRING,Dacia Spring 33 kW,33000,139,16:36.6,8.1,13.0,290,WNW,-10.060259243139765,-160.7023417029041,243.0,135.0,,0.0,52.0,,,,191.0,202.0,41.0,8.0,7.0
16:57.7,,,78,,98.5,,,,,,,49,-2.8313951,43.23083,87.67683000000001,34.99985832000167,16:58.2,6,-0.49,0101000020E610000066E10185B2A606C0DB2207D08B9D4540,20230420_DACIA_EIBAR_BILBAO_049,,d1,48:07.7,32:43.5,DACIA_SPRING,Dacia Spring 33 kW,33000,139,16:36.6,8.1,13.0,290,WNW,-9.649921838176532,-157.9278542300073,243.0,135.0,,0.0,52.0,,,,191.0,202.0,41.0,50.0,7.0
17:03.1,,,78,,98.5,,,,,,,49,-2.8320215,43.230576,86.37014,35.05795184270804,17:03.2,6,-0.06,0101000020E6100000FB55FFD3FAA706C0CED48972839D4540,20230420_DACIA_EIBAR_BILBAO_049,,d1,48:07.7,32:43.5,DACIA_SPRING,Dacia Spring 33 kW,33000,139,16:36.6,8.1,13.0,290,WNW,-8.335721765832446,-149.8820581438182,243.0,135.0,,0.0,52.0,,,,191.0,202.0,41.0,50.0,7.0
17:08.6,,,78,,98.5,,,,,,,49,-2.8326938,43.230186,86.18125,35.12757510455026,17:08.2,6,0.306,0101000020E6100000C1F7615A5BA906C053D4F4B8769D4540,20230420_DACIA_EIBAR_BILBAO_049,,d1,48:07.7,32:43.5,DACIA_SPRING,Dacia Spring 33 kW,33000,139,16:36.6,8.1,13.0,290,WNW,-7.503352787651582,-145.25251132897355,243.0,135.0,,0.0,52.0,,,,191.0,202.0,41.0,40.0,7.0
17:14.0,,,78,,98.5,,,,,,,49,-2.8336496,43.229523,83.94853,35.23451636851078,17:14.3,6,-0.285,0101000020E61000004ABC2E7950AB06C0AD81A00B619D4540,20230420_DACIA_EIBAR_BILBAO_049,,d1,48:07.7,32:43.5,DACIA_SPRING,Dacia Spring 33 kW,33000,139,16:36.6,8.1,13.0,290,WNW,-9.087220684486985,-154.34818893691633,243.0,135.0,,0.0,52.0,,,,191.0,202.0,41.0,25.0,7.0
17:19.4,,,78,,98.5,,,,,,,49,-2.8345804,43.229076,86.61198399999999,35.32487450274905,17:19.3,6,0.047,0101000020E6100000E05F438138AD06C0B01E126C529D4540,20230420_DACIA_EIBAR_BILBAO_049,,d1,48:07.7,32:43.5,DACIA_SPRING,Dacia Spring 33 kW,33000,139,16:36.6,8.1,13.0,290,WNW,-11.946542567816095,-176.77521078342158,243.0,135.0,,0.0,52.0,,,,191.0,202.0,41.0,25.0,7.0
17:24.8,,,78,,98.5,,,,,,,49,-2.8357873,43.229008,86.55476,35.42294828650577,17:24.4,6,0.467,0101000020E610000014491945B1AF06C071F0332A509D4540,20230420_DACIA_EIBAR_BILBAO_049,,d1,48:07.7,32:43.5,DACIA_SPRING,Dacia Spring 33 kW,33000,139,16:36.6,8.1,13.0,290,WNW,-11.1864824384226,-169.37261736633624,243.0,135.0,,0.0,52.0,,,,191.0,202.0,41.0,8.0,7.0
17:30.2,,,78,,98.5,,,,,,,49,-2.8371303,43.228756,86.043144,35.53530845012663,17:30.4,6,-0.212,0101000020E6100000AE2E256D71B206C01D36BBE3479D4540,20230420_DACIA_EIBAR_BILBAO_049,,d1,48:07.7,32:43.5,DACIA_SPRING,Dacia Spring 33 kW,33000,139,16:36.6,8.1,13.0,290,WNW,-7.482663422713541,-145.140925282907,,,,,,,,,,,,8.0,
17:35.7,,,78,,98.5,,,,,,,49,-2.8379357000000005,43.228195,88.39956,35.625612700784,17:35.4,6,0.228,0101000020E6100000F1266E9717B406C02174A485359D4540,20230420_DACIA_EIBAR_BILBAO_049,,d1,48:07.7,32:43.5,DACIA_SPRING,Dacia Spring 33 kW,33000,139,16:36.6,8.1,13.0,290,WNW,-7.507388561007324,-145.27429576874337,191.0,151.0,,,104.0,,,,30.0,72.0,119.0,25.0,6.0
17:41.2,,,78,,98.5,,,,,,,49,-2.8386571,43.227695,88.48406999999999,35.70628037700935,17:41.5,6,-0.33,0101000020E6100000A40B82DD91B506C0C2FB4927259D4540,20230420_DACIA_EIBAR_BILBAO_049,,d1,48:07.7,32:43.5,DACIA_SPRING,Dacia Spring 33 kW,33000,139,16:36.6,8.1,13.0,290,WNW,-10.978278530981232,-167.61658198745863,,,,,,,,,,,,,
17:46.6,,,78,,98.5,,,,,,,49,-2.8387072,43.227684,88.18463,35.71053036379396,17:46.5,6,0.1,0101000020E6100000CBA0F418ACB506C008E59EC6249D4540,20230420_DACIA_EIBAR_BILBAO_049,,d1,48:07.7,32:43.5,DACIA_SPRING,Dacia Spring 33 kW,33000,139,16:36.6,8.1,13.0,290,WNW,-10.283714282631154,-162.28420729283178,,,,,,,,,,,,,
17:52.1,,,78,,98.5,,,,,,,49,-2.8389232000000004,43.227615,89.96178,35.72972131307993,17:52.6,6,-0.428,0101000020E61000008DEF22541DB606C0D6092B88229D4540,20230420_DACIA_EIBAR_BILBAO_049,,d1,48:07.7,32:43.5,DACIA_SPRING,Dacia Spring 33 kW,33000,139,16:36.6,8.1,13.0,290,WNW,-6.691412448091039,-140.9790108509368,,,,,,,,,,,,,
17:57.6,,,78,,98.5,,,,,,,49,-2.8393736,43.22725,90.67163,35.784305196068495,17:57.6,6,0.052,0101000020E6100000011A137809B706C0C8A4A472169D4540,20230420_DACIA_EIBAR_BILBAO_049,,d1,48:07.7,32:43.5,DACIA_SPRING,Dacia Spring 33 kW,33000,139,16:36.6,8.1,13.0,290,WNW,-10.063252864770464,-160.72317842702984,,,,,,,,,,,,,
18:03.2,,,78,,98.5,,,,,,,49,-2.8405316000000003,43.226845,92.22711,35.88838809054103,18:03.6,6,-0.451,0101000020E6100000BBBF089168B906C0E5711C4A099D4540,20230420_DACIA_EIBAR_BILBAO_049,,d1,48:07.7,32:43.5,DACIA_SPRING,Dacia Spring 33 kW,33000,139,19:18.8,8.1,13.0,290,WNW,-11.172711449426442,-169.25369043877132,,,,,,,,,,,,,
18:08.8,,,78,,98.5,,,,,,,49,-2.8419595,43.226574,93.4559,36.00794593088832,18:08.7,6,0.089,0101000020E61000001A0C943455BC06C01FD61B51009D4540,20230420_DACIA_EIBAR_BILBAO_049,,d1,48:07.7,32:43.5,DACIA_SPRING,Dacia Spring 33 kW,33000,139,19:18.8,8.1,13.0,290,WNW,-11.257772452697266,-169.99508353683973,243.0,135.0,,0.0,52.0,,,,191.0,202.0,41.0,8.0,6.0
18:14.2,,,78,,98.5,,,,,,,49,-2.8437734,43.226254,93.797844,36.159159171344264,18:14.7,6,-0.479,0101000020E61000004C6FCE410CC006C087C113E3F59C4540,20230420_DACIA_EIBAR_BILBAO_049,,d1,48:07.7,32:43.5,DACIA_SPRING,Dacia Spring 33 kW,33000,139,19:18.8,8.1,13.0,290,WNW,-11.611579359305916,-173.27795105680383,243.0,135.0,,0.0,52.0,,,,191.0,202.0,41.0,8.0,6.0
18:19.7,,,78,,98.5,,,,,,,49,-2.84508,43.2261,94.09946,36.266400021486625,18:19.7,6,-0.069,0101000020E6100000BA2B583BB9C206C0FD5869D3F09C4540,20230420_DACIA_EIBAR_BILBAO_049,,d1,48:07.7,32:43.5,DACIA_SPRING,Dacia Spring 33 kW,33000,139,19:18.8,8.1,13.0,290,WNW,-12.996681023031588,161.29472434344376,243.0,135.0,,0.0,52.0,,,,191.0,202.0,41.0,25.0,6.0
18:25.2,,,78,,98.5,,,,,,,49,-2.8463116000000004,43.226517,94.99742,36.376438056986814,18:24.8,6,0.38,0101000020E610000057FF0D093FC506C05260B78DFE9C4540,20230420_DACIA_EIBAR_BILBAO_049,,d1,48:07.7,32:43.5,DACIA_SPRING,Dacia Spring 33 kW,33000,139,19:18.8,8.1,13.0,290,WNW,-11.645606560562182,133.61342125530993,243.0,135.0,,0.0,52.0,,,,191.0,202.0,41.0,8.0,6.0
18:30.6,,,78,,98.5,,,,,,,49,-2.8470957,43.227340000000005,98.44108,36.48789444759212,18:30.8,6,-0.256,0101000020E610000047979D26DAC606C05E3CCA8E199D4540,20230420_DACIA_EIBAR_BILBAO_049,,d1,48:07.7,32:43.5,DACIA_SPRING,Dacia Spring 33 kW,33000,139,19:18.8,8.1,13.0,290,WNW,-9.312939824780084,115.75640850951308,243.0,135.0,,0.0,52.0,,,,191.0,202.0,41.0,85.0,6.0
18:36.0,,,78,,98.5,,,,,,,49,-2.8474069,43.227985,98.05408,36.56391906659353,18:35.9,6,0.147,0101000020E6100000BC0043327DC706C0FC145CAE2E9D4540,20230420_DACIA_EIBAR_BILBAO_049,,d1,48:07.7,32:43.5,DACIA_SPRING,Dacia Spring 33 kW,33000,139,19:18.8,8.1,13.0,290,WNW,-10.819760675437788,126.33462591026723,243.0,135.0,,0.0,52.0,,,,191.0,202.0,41.0,8.0,6.0
18:41.5,,,78,,98.5,,,,,,,49,-2.8478813,43.22863,99.25003,36.64529848922157,18:41.9,6,-0.351,0101000020E6100000D88CF20576C806C038FEF1C4439D4540,20230420_DACIA_EIBAR_BILBAO_049,,d1,48:07.7,32:43.5,DACIA_SPRING,Dacia Spring 33 kW,33000,139,19:18.8,8.1,13.0,290,WNW,-10.580350283076196,124.4760883573358,243.0,135.0,,0.0,52.0,,,,191.0,202.0,41.0,40.0,6.0
18:47.0,,,78,,98.5,,,,,,,49,-2.84818,43.229065000000006,100.45722,36.699397993678964,18:46.9,6,0.109,0101000020E610000074236C9C12C906C0413AD3FC519D4540,20230420_DACIA_EIBAR_BILBAO_049,,d1,48:07.7,32:43.5,DACIA_SPRING,Dacia Spring 33 kW,33000,139,19:18.8,8.1,13.0,290,WNW,-9.58068513645744,117.47443162682268,243.0,135.0,,0.0,52.0,,,,191.0,202.0,41.0,85.0,6.0
18:52.6,,,78,,98.5,,,,,,,49,-2.8483984,43.229485,100.482155,36.74933956007184,18:53.0,6,-0.392,0101000020E61000000DE4641385C906C065D4CFB35F9D4540,20230420_DACIA_EIBAR_BILBAO_049,,d1,48:07.7,32:43.5,DACIA_SPRING,Dacia Spring 33 kW,33000,139,19:18.8,8.1,13.0,290,WNW,-9.32708950037167,115.84586235551656,243.0,135.0,,0.0,52.0,,,,191.0,202.0,41.0,85.0,6.0
18:58.2,,,78,,98.5,,,,,,,49,-2.8485412999999995,43.22978,99.69763,36.78413407611253,18:58.0,6,0.162,0101000020E61000008D8EFDF1CFC906C01CC2D66F699D4540,20230420_DACIA_EIBAR_BILBAO_049,,d1,48:07.7,32:43.5,DACIA_SPRING,Dacia Spring 33 kW,33000,139,19:18.8,8.1,13.0,290,WNW,-5.870261707115092,-136.84372570177305,243.0,135.0,,0.0,52.0,,,,191.0,202.0,41.0,50.0,6.0
19:03.7,,,78,,98.5,,,,,,,49,-2.8487866000000004,43.22955,99.079254,36.81652884286372,19:04.0,6,-0.361,0101000020E6100000956E35A450CA06C0436B4BDA619D4540,20230420_DACIA_EIBAR_BILBAO_049,,d1,48:07.7,32:43.5,DACIA_SPRING,Dacia Spring 33 kW,33000,139,19:18.8,8.1,13.0,290,WNW,12.968842430476174,-16.03233935842306,243.0,135.0,,0.0,52.0,,,,191.0,202.0,41.0,85.0,6.0
19:09.1,,,78,,98.5,,,,,,,49,-2.8487518,43.22954,96.76287,36.8203434595133,19:09.1,6,0.055,0101000020E61000002A12BD613ECA06C0D038E8A0619D4540,20230420_DACIA_EIBAR_BILBAO_049,,d1,48:07.7,32:43.5,DACIA_SPRING,Dacia Spring 33 kW,33000,139,19:18.8,8.1,13.0,290,WNW,-11.445302516751312,-171.69160565670242,243.0,135.0,,0.0,52.0,,,,191.0,202.0,41.0,85.0,6.0
19:14.6,,,78,,98.5,,,,,,,49,-2.8490531000000003,43.229496000000005,95.4006,36.84527701522708,19:14.2,6,0.415,0101000020E61000005F5D975CDCCA06C01ABBD322609D4540,20230420_DACIA_EIBAR_BILBAO_049,,d1,48:07.7,32:43.5,DACIA_SPRING,Dacia Spring 33 kW,33000,139,19:18.8,8.1,13.0,290,WNW,-11.128684436668069,-168.8762221888471,243.0,135.0,,0.0,52.0,,,,191.0,202.0,41.0,40.0,6.0
19:20.1,,,78,,98.5,,,,,,,49,-2.849521,43.229404,97.98767,36.88462675858123,19:20.2,6,-0.15,0101000020E61000005AC40597D1CB06C07AEE9B2D5D9D4540,20230420_DACIA_EIBAR_BILBAO_049,,d1,48:07.7,32:43.5,DACIA_SPRING,Dacia Spring 33 kW,33000,139,19:18.8,8.1,13.0,290,WNW,-11.372601555516711,-171.0231481366269,,,,,,,,,,,,40.0,
19:25.7,,,78,,98.5,,,,,,,49,-2.8501477000000004,43.229305,99.841225,36.93661381338984,19:25.3,6,0.45,0101000020E6100000D1E2013D1ACD06C0E9BE7CD7599D4540,20230420_DACIA_EIBAR_BILBAO_049,,d1,48:07.7,32:43.5,DACIA_SPRING,Dacia Spring 33 kW,33000,139,19:18.8,8.1,13.0,290,WNW,-11.804730704122134,-175.23810095238682,,,,,,,,,,,,40.0,
19:31.1,,,78,,98.5,,,,,,,49,-2.850964,43.229237,96.2973,37.00327449593272,19:31.3,6,-0.18,0101000020E6100000E92B074FC6CE06C01948EEA1579D4540,20230420_DACIA_EIBAR_BILBAO_049,,d1,48:07.7,32:43.5,DACIA_SPRING,Dacia Spring 33 kW,33000,139,19:18.8,8.1,13.0,290,WNW,-11.695123172734782,-174.1088004143326,,,,,,,,,,,,25.0,
19:36.6,,,78,,98.5,,,,,,,49,-2.8517490000000003,43.229156,92.60663,37.06761479411992,19:36.4,6,0.241,0101000020E6100000C09003B561D006C04F3E0A0C559D4540,20230420_DACIA_EIBAR_BILBAO_049,,d1,48:07.7,32:43.5,DACIA_SPRING,Dacia Spring 33 kW,33000,139,19:18.8,8.1,13.0,290,WNW,-11.704348210857718,-174.20206773254225,243.0,135.0,,0.0,52.0,,,,191.0,202.0,41.0,40.0,5.0
19:42.0,,,78,,98.5,,,,,,,49,-2.8526452,43.229065000000006,90.75034,37.14094913389029,19:42.4,6,-0.396,0101000020E6100000D3E8D0A937D206C0144937FE519D4540,20230420_DACIA_EIBAR_BILBAO_049,,d1,48:07.7,32:43.5,DACIA_SPRING,Dacia Spring 33 kW,33000,139,19:18.8,8.1,13.0,290,WNW,-11.7537648208195,-174.7071342283875,243.0,135.0,,0.0,52.0,,,,191.0,202.0,41.0,40.0,5.0
19:47.5,,,78,,98.5,,,,,,,49,-2.853023,43.22903,90.43007,37.1718062026775,19:47.4,6,0.053,0101000020E610000061D10CC2FDD206C047935ED5509D4540,20230420_DACIA_EIBAR_BILBAO_049,,d1,48:07.7,32:43.5,DACIA_SPRING,Dacia Spring 33 kW,33000,139,19:18.8,8.1,13.0,290,WNW,-11.788171181129288,-175.06442236197014,243.0,135.0,,0.0,52.0,,,,191.0,202.0,41.0,40.0,5.0
19:53.0,,,78,,98.5,,,,,,,49,-2.853602,43.22898,91.776245,37.21906374088139,19:52.5,6,0.465,0101000020E61000004585E0432DD406C0531012484F9D4540,20230420_DACIA_EIBAR_BILBAO_049,,d1,48:07.7,32:43.5,DACIA_SPRING,Dacia Spring 33 kW,33000,139,19:18.8,8.1,13.0,290,WNW,-11.71228512903854,-174.28256394104932,243.0,135.0,,0.0,52.0,,,,191.0,202.0,41.0,40.0,5.0
19:58.5,,,78,,98.5,,,,,,,49,-2.854431,43.228897,93.38804,37.28687890842044,19:58.5,6,-0.077,0101000020E61000005DBC63D0DFD506C07DB3397E4C9D4540,20230420_DACIA_EIBAR_BILBAO_049,,d1,48:07.7,32:43.5,DACIA_SPRING,Dacia Spring 33 kW,33000,139,19:18.8,8.1,13.0,290,WNW,-12.486022873227816,176.1651305849294,243.0,135.0,,0.0,52.0,,,,191.0,202.0,41.0,40.0,5.0
20:04.0,,,78,,98.5,,,,,,,49,-2.8549979,43.228935,93.14113,37.333003299798996,20:03.6,6,0.42,0101000020E61000002617FA1409D706C072820DC64D9D4540,20230420_DACIA_EIBAR_BILBAO_049,,d1,48:07.7,32:43.5,DACIA_SPRING,Dacia Spring 33 kW,33000,139,19:18.8,8.1,13.0,290,WNW,-12.788671962482985,170.34509777578228,243.0,135.0,,0.0,52.0,,,,191.0,202.0,41.0,40.0,5.0
20:09.4,,,78,,98.5,,,,,,,49,-2.8556151,43.229040000000005,92.576385,37.384356331672464,20:09.6,6,-0.178,0101000020E610000067E8E4C14CD806C09D2BF92C519D4540,20230420_DACIA_EIBAR_BILBAO_049,,d1,48:07.7,32:43.5,DACIA_SPRING,Dacia Spring 33 kW,33000,139,19:18.8,8.1,13.0,290,WNW,-12.631686590449164,173.67116262550527,243.0,135.0,,0.0,52.0,,,,191.0,202.0,41.0,40.0,5.0
20:14.9,,,78,,98.5,,,,,,,49,-2.8563905,43.229126,91.23719,37.44791620009509,20:14.7,6,0.27,0101000020E61000002509A14AE3D906C058CD54FC539D4540,20230420_DACIA_EIBAR_BILBAO_049,,d1,48:07.7,32:43.5,DACIA_SPRING,Dacia Spring 33 kW,33000,139,19:18.8,8.1,13.0,290,WNW,-12.60868771798071,174.0936390736089,243.0,135.0,,0.0,52.0,,,,191.0,202.0,41.0,8.0,5.0
20:20.4,,,78,,98.5,,,,,,,49,-2.8572798,43.229218,93.482506,37.52072350906087,20:20.7,6,-0.298,0101000020E6100000440E3374B5DB06C01515F702579D4540,20230420_DACIA_EIBAR_BILBAO_049,,d1,48:07.7,32:43.5,DACIA_SPRING,Dacia Spring 33 kW,33000,139,19:18.8,8.1,13.0,290,WNW,-12.737327271167636,171.53738634805893,243.0,135.0,,0.0,52.0,,,,191.0,202.0,41.0,8.0,5.0
20:25.9,,,78,,98.5,,,,,,,49,-2.8576293,43.22927,94.09375,37.549630352745815,20:25.7,6,0.13,0101000020E61000000EB08DB16CDC06C0C024DAB6589D4540,20230420_DACIA_EIBAR_BILBAO_049,,d1,48:07.7,32:43.5,DACIA_SPRING,Dacia Spring 33 kW,33000,139,19:18.8,8.1,13.0,290,WNW,-12.59511241652375,174.33728299859757,243.0,135.0,,0.0,52.0,,,,191.0,202.0,41.0,8.0,5.0
20:31.3,,,78,,98.5,,,,,,,49,-2.8581033,43.229317,92.34139,37.588426782435924,20:30.8,6,0.48,0101000020E61000001906C04C65DD06C005585C405A9D4540,20230420_DACIA_EIBAR_BILBAO_049,,d1,48:07.7,32:43.5,DACIA_SPRING,Dacia Spring 33 kW,33000,139,21:36.7,8.1,13.0,290,WNW,-12.56497601810754,174.86418606920157,243.0,135.0,,0.0,52.0,,,,191.0,202.0,41.0,40.0,5.0
20:36.8,,,78,,98.5,,,,,,,49,-2.858782,43.229378,89.918015,37.64388385744373,20:36.8,6,-0.04,0101000020E610000077F6CD10C9DE06C0D3BA86455C9D4540,20230420_DACIA_EIBAR_BILBAO_049,,d1,48:07.7,32:43.5,DACIA_SPRING,Dacia Spring 33 kW,33000,139,21:36.7,8.1,13.0,290,WNW,-12.540977549044133,175.2710592474483,243.0,135.0,,0.0,52.0,,,,191.0,202.0,41.0,40.0,5.0
20:42.1,,,78,,98.5,,,,,,,49,-2.8590963,43.229404,85.80584,37.66983940184855,20:41.9,6,0.263,0101000020E6100000C03DE9E76DDF06C0B855F11D5D9D4540,20230420_DACIA_EIBAR_BILBAO_049,,d1,48:07.7,32:43.5,DACIA_SPRING,Dacia Spring 33 kW,33000,139,21:36.7,8.1,13.0,290,WNW,-12.595519512816375,174.33003561064348,243.0,135.0,,0.0,52.0,,,,191.0,202.0,41.0,8.0,5.0
20:47.6,,,78,,98.5,,,,,,,49,-2.8597107000000004,43.229465000000005,82.38341,37.720193612714425,20:47.9,6,-0.259,0101000020E61000000506A0FEAFE006C0CB66F0155F9D4540,20230420_DACIA_EIBAR_BILBAO_049,,d1,48:07.7,32:43.5,DACIA_SPRING,Dacia Spring 33 kW,33000,139,21:36.7,8.1,13.0,290,WNW,-12.536555407377143,175.34488300158446,243.0,135.0,,0.0,52.0,,,,191.0,202.0,41.0,8.0,5.0
20:53.1,,,78,,98.5,,,,,,,49,-2.860423,43.229523,81.34644,37.778271543158446,20:52.9,6,0.153,0101000020E6100000DE0FBD7125E206C08D1016FB609D4540,20230420_DACIA_EIBAR_BILBAO_049,,d1,48:07.7,32:43.5,DACIA_SPRING,Dacia Spring 33 kW,33000,139,21:36.7,8.1,13.0,290,WNW,-12.735641097637211,171.574484092043,243.0,135.0,,0.0,52.0,,,,191.0,202.0,41.0,8.0,5.0
20:58.6,,,78,,98.5,,,,,,,49,-2.8612804,43.22965,80.25641,37.84916590460145,20:59.0,6,-0.397,0101000020E6100000F613FE0CE7E306C03A40B62F659D4540,20230420_DACIA_EIBAR_BILBAO_049,,d1,48:07.7,32:43.5,DACIA_SPRING,Dacia Spring 33 kW,33000,139,21:36.7,8.1,13.0,290,WNW,-12.86263037365538,168.33670596522376,243.0,135.0,,0.0,52.0,,,,191.0,202.0,41.0,25.0,5.0
21:04.0,,,78,,98.5,,,,,,,49,-2.861978,43.229794,80.60566999999999,37.90790958130723,21:04.0,6,0.039,0101000020E610000042355DBD54E506C02451C4E0699D4540,20230420_DACIA_EIBAR_BILBAO_049,,d1,48:07.7,32:43.5,DACIA_SPRING,Dacia Spring 33 kW,33000,139,21:36.7,8.1,13.0,290,WNW,-12.679746230103897,172.7440862097611,243.0,135.0,,0.0,52.0,,,,191.0,202.0,41.0,25.0,5.0
21:09.5,,,78,,98.5,,,,,,,49,-2.862732,43.229890000000005,79.51996,37.9699322845418,21:09.0,6,0.485,0101000020E6100000C46FF3F7DFE606C0AC6FD0FF6C9D4540,20230420_DACIA_EIBAR_BILBAO_049,,d1,48:07.7,32:43.5,DACIA_SPRING,Dacia Spring 33 kW,33000,139,21:36.7,8.1,13.0,290,WNW,-12.64882443583375,173.3478288079695,243.0,135.0,,0.0,52.0,,,,191.0,202.0,41.0,25.0,5.0
21:15.0,,,78,,98.5,,,,,,,49,-2.8637352000000003,43.230007,77.90422,38.05225985049843,21:15.1,6,-0.079,0101000020E61000003BF71EFDEDE806C03B4363DC709D4540,20230420_DACIA_EIBAR_BILBAO_049,,d1,48:07.7,32:43.5,DACIA_SPRING,Dacia Spring 33 kW,33000,139,21:36.7,8.1,13.0,290,WNW,-12.757174287226986,171.09153436523096,,,,,,,,,,,,25.0,
21:20.5,,,78,,98.5,,,,,,,49,-2.8645837000000003,43.230140000000006,77.26607,38.12257901508965,21:20.1,6,0.406,0101000020E61000004251FFDAAAEA06C0B6F78835759D4540,20230420_DACIA_EIBAR_BILBAO_049,,d1,48:07.7,32:43.5,DACIA_SPRING,Dacia Spring 33 kW,33000,139,21:36.7,8.1,13.0,290,WNW,-12.739343585536528,171.4928700555614,243.0,135.0,,0.0,52.0,,,,191.0,202.0,41.0,25.0,4.0
21:26.0,,,78,,98.5,,,,,,,49,-2.8657336,43.230312,78.224335,38.217688715480186,21:26.2,6,-0.208,0101000020E610000006BC7FC305ED06C0AD2593EF7A9D4540,20230420_DACIA_EIBAR_BILBAO_049,,d1,48:07.7,32:43.5,DACIA_SPRING,Dacia Spring 33 kW,33000,139,21:36.7,8.1,13.0,290,WNW,-12.72254311059898,171.85875710920314,243.0,135.0,,0.0,52.0,,,,191.0,202.0,41.0,40.0,4.0
21:31.5,,,78,,98.5,,,,,,,49,-2.8664536,43.230415,82.37409,38.27727953521292,21:31.2,6,0.295,0101000020E6100000E1DE574B7FEE06C05CDF21467E9D4540,20230420_DACIA_EIBAR_BILBAO_049,,d1,48:07.7,32:43.5,DACIA_SPRING,Dacia Spring 33 kW,33000,139,21:36.7,8.1,13.0,290,WNW,-12.982135324232845,156.9959077146809,243.0,135.0,,0.0,52.0,,,,191.0,202.0,41.0,40.0,4.0
21:37.0,,,78,,98.5,,,,,,,49,-2.867066,43.230675,84.59718000000001,38.334746050642366,21:37.3,6,-0.261,0101000020E610000060C2233FC0EF06C0AAF5F4B0869D4540,20230420_DACIA_EIBAR_BILBAO_049,,d1,48:07.7,32:43.5,DACIA_SPRING,Dacia Spring 33 kW,33000,139,21:36.7,8.1,13.0,290,WNW,-12.914754960145991,153.43494882243434,243.0,135.0,,0.0,52.0,,,,191.0,202.0,41.0,40.0,4.0
21:42.5,,,78,,98.5,,,,,,,49,-2.867546,43.230915,86.01332,38.38193150618486,21:42.3,6,0.132,0101000020E6100000571A0F09BCF006C0F83D0CA38E9D4540,20230420_DACIA_EIBAR_BILBAO_049,,d1,48:07.7,32:43.5,DACIA_SPRING,Dacia Spring 33 kW,33000,139,21:36.7,8.1,13.0,290,WNW,-12.852203673935357,151.3521113389899,243.0,135.0,,0.0,52.0,,,,191.0,202.0,41.0,40.0,4.0
21:47.9,,,78,,98.5,,,,,,,49,-2.8681464,43.231243,88.043686,38.442762316834404,21:48.4,6,-0.447,0101000020E6100000AD46F9C5F6F106C006953466999D4540,20230420_DACIA_EIBAR_BILBAO_049,,d1,48:07.7,32:43.5,DACIA_SPRING,Dacia Spring 33 kW,33000,139,21:36.7,8.1,13.0,290,WNW,-12.830358024806792,150.73370715597548,243.0,135.0,,0.0,52.0,,,,191.0,202.0,41.0,40.0,4.0
21:53.4,,,77,,98.5,,,,,,,49,-2.8687656,43.23159,89.357834,38.5060634298079,21:53.5,6,-0.077,0101000020E61000000B8BD6693BF306C0614861C9A49D4540,20230420_DACIA_EIBAR_BILBAO_049,,d1,48:07.7,32:43.5,DACIA_SPRING,Dacia Spring 33 kW,33000,139,21:36.7,8.1,13.0,290,WNW,-12.930325346899313,154.0653170498959,243.0,135.0,,0.0,52.0,,,,191.0,202.0,41.0,25.0,4.0
21:58.9,,,77,,98.5,,,,,,,49,-2.8694565,43.231926,89.72,38.57336164979806,21:58.5,6,0.4,0101000020E6100000E8FEB0AFA5F406C09E5CE8C8AF9D4540,20230420_DACIA_EIBAR_BILBAO_049,,d1,48:07.7,32:43.5,DACIA_SPRING,Dacia Spring 33 kW,33000,139,21:36.7,8.1,13.0,290,WNW,-12.801475652823624,149.97401441357226,243.0,135.0,,0.0,52.0,,,,191.0,202.0,41.0,25.0,4.0
22:04.2,,,78,,98.5,,,,,,,49,-2.8701832,43.232346,87.05588,38.64855643032469,22:04.5,6,-0.27,0101000020E6100000AA17D9AF22F606C0E205F076BD9D4540,20230420_DACIA_EIBAR_BILBAO_049,,d1,48:07.7,32:43.5,DACIA_SPRING,Dacia Spring 33 kW,33000,139,21:36.7,8.1,13.0,290,WNW,-12.858628958050302,151.54252857923137,243.0,135.0,,0.0,52.0,,,,191.0,202.0,41.0,40.0,4.0
22:09.7,,,78,,98.5,,,,,,,49,-2.8707035,43.232628000000005,86.66306999999999,38.701093933143774,22:09.5,6,0.17,0101000020E61000006377E95933F706C09931C1B1C69D4540,20230420_DACIA_EIBAR_BILBAO_049,,d1,48:07.7,32:43.5,DACIA_SPRING,Dacia Spring 33 kW,33000,139,21:36.7,8.1,13.0,290,WNW,-11.52079945136382,132.40145478692563,243.0,135.0,,0.0,52.0,,,,191.0,202.0,41.0,40.0,4.0
22:15.3,,,78,,98.5,,,,,,,49,-2.8710432,43.233,85.30396,38.75079549942143,22:15.6,6,-0.299,0101000020E6100000964DCA85E5F706C03ECCCB0AD39D4540,20230420_DACIA_EIBAR_BILBAO_049,,d1,48:07.7,32:43.5,DACIA_SPRING,Dacia Spring 33 kW,33000,139,21:36.7,8.1,13.0,290,WNW,-11.203402677046247,129.51931477577756,243.0,135.0,,0.0,52.0,,,,191.0,202.0,41.0,40.0,4.0
22:20.8,,,78,,98.5,,,,,,,49,-2.8712552,43.233257,83.487625,38.78418600738004,22:20.6,6,0.182,0101000020E610000064217CAB54F806C08181FA63DB9D4540,20230420_DACIA_EIBAR_BILBAO_049,,d1,48:07.7,32:43.5,DACIA_SPRING,Dacia Spring 33 kW,33000,139,21:36.7,8.1,13.0,290,WNW,-11.327943913342304,130.61943770358116,243.0,135.0,,0.0,52.0,,,,191.0,202.0,41.0,40.0,4.0
22:26.4,,,77,,98.5,,,,,,,49,-2.8715005,43.233543,86.00701,38.821770799109245,22:26.7,6,-0.322,0101000020E61000001819B53FD5F806C061B869B0E49D4540,20230420_DACIA_EIBAR_BILBAO_049,,d1,48:07.7,32:43.5,DACIA_SPRING,Dacia Spring 33 kW,33000,139,21:36.7,8.1,13.0,290,WNW,-11.292018372783248,130.2982981966793,243.0,135.0,,0.0,52.0,,,,191.0,202.0,41.0,40.0,4.0
22:31.8,,,77,,98.5,,,,,,,49,-2.8718202,43.23392,85.94983,38.87104685349261,22:31.7,6,0.094,0101000020E6100000B39CF1E97CF906C0FE40C226F19D4540,20230420_DACIA_EIBAR_BILBAO_049,,d1,48:07.7,32:43.5,DACIA_SPRING,Dacia Spring 33 kW,33000,139,21:36.7,8.1,13.0,290,WNW,-10.197595926499996,121.66803303905866,243.0,135.0,,0.0,52.0,,,,191.0,202.0,41.0,65.0,4.0
22:37.3,,,77,,98.5,,,,,,,49,-2.8720546,43.2343,87.21752,38.9173891276304,22:37.8,6,-0.418,0101000020E6100000DC23C6C4F7F906C04C5A1289FD9D4540,20230420_DACIA_EIBAR_BILBAO_049,,d1,48:07.7,32:43.5,DACIA_SPRING,Dacia Spring 33 kW,33000,139,21:36.7,8.1,13.0,290,WNW,-7.888948969628304,107.36152408361993,243.0,135.0,,0.0,52.0,,,,191.0,202.0,41.0,40.0,4.0
22:42.8,,,77,,98.5,,,,,,,49,-2.872109,43.234474,89.61395999999999,38.93737679631964,22:42.8,6,0.022,0101000020E61000000B9C9E3114FA06C02E3B3C30039E4540,20230420_DACIA_EIBAR_BILBAO_049,,d1,48:07.7,32:43.5,DACIA_SPRING,Dacia Spring 33 kW,33000,139,21:36.7,8.1,13.0,290,WNW,-12.105832578717347,138.6254646823909,243.0,135.0,,0.0,52.0,,,,191.0,202.0,41.0,40.0,4.0
22:48.3,,,77,,98.5,,,,,,,49,-2.8722827,43.234627,90.81685,38.959487806130404,22:47.8,6,0.442,0101000020E6100000196D70636FFA06C0921C3E4A089E4540,20230420_DACIA_EIBAR_BILBAO_049,,d1,48:07.7,32:43.5,DACIA_SPRING,Dacia Spring 33 kW,33000,139,21:36.7,8.1,13.0,290,WNW,-12.09816885829004,138.53297972763582,243.0,135.0,,0.0,52.0,,,,191.0,202.0,41.0,40.0,4.0
22:53.7,,,77,,98.5,,,,,,,49,-2.8725011,43.23482,94.81643,38.9875875171128,22:53.9,6,-0.133,0101000020E61000003F99CFE6E1FA06C08FD680A60E9E4540,20230420_DACIA_EIBAR_BILBAO_049,,d1,48:07.7,32:43.5,DACIA_SPRING,Dacia Spring 33 kW,33000,139,21:36.7,8.1,13.0,290,WNW,-12.196966583489454,139.75610310358368,243.0,135.0,,0.0,52.0,,,,191.0,202.0,41.0,40.0,4.0
22:59.2,,,77,,98.5,,,,,,,49,-2.8727055,43.234993,97.312164,39.01309184083452,22:58.9,6,0.3389999999999999,0101000020E6100000ECB9520F4DFB06C0312F004C149E4540,20230420_DACIA_EIBAR_BILBAO_049,,d1,48:07.7,32:43.5,DACIA_SPRING,Dacia Spring 33 kW,33000,139,24:18.8,8.1,13.0,290,WNW,-12.267811326574188,140.67866162646098,243.0,135.0,,0.0,52.0,,,,191.0,202.0,41.0,40.0,4.0
23:04.7,,,77,,98.5,,,,,,,49,-2.8729985,43.235233,98.97415,39.04884591942252,23:04.9,6,-0.263,0101000020E6100000E634F0A2E6FB06C0285367221C9E4540,20230420_DACIA_EIBAR_BILBAO_049,,d1,48:07.7,32:43.5,DACIA_SPRING,Dacia Spring 33 kW,33000,139,24:18.8,8.1,13.0,290,WNW,-12.455811511743091,143.3632925573805,,,,,,,,,,,,40.0,
23:10.2,,,77,,98.5,,,,,,,49,-2.8732903,43.23545,99.19744,39.08262565940587,23:10.0,6,0.221,0101000020E610000055E8EB917FFC06C0B5877844239E4540,20230420_DACIA_EIBAR_BILBAO_049,,d1,48:07.7,32:43.5,DACIA_SPRING,Dacia Spring 33 kW,33000,139,24:18.8,8.1,13.0,290,WNW,-12.589561950225145,145.56425944171332,,,,,,,,,,,,25.0,
23:15.6,,,77,,98.5,,,,,,,49,-2.8735645,43.235638,97.83903,39.113158738079036,23:16.0,6,-0.423,0101000020E6100000687303690FFD06C0CC83EF5F299E4540,20230420_DACIA_EIBAR_BILBAO_049,,d1,48:07.7,32:43.5,DACIA_SPRING,Dacia Spring 33 kW,33000,139,24:18.8,8.1,13.0,290,WNW,-12.20972786137295,139.91927920850134,,,,,,,,,,,,25.0,
23:21.1,,,77,,98.5,,,,,,,49,-2.8738093,43.235844,98.65718,39.14346782605938,23:21.0,6,0.027,0101000020E61000001D5428CA8FFD06C0FD52F81D309E4540,20230420_DACIA_EIBAR_BILBAO_049,,d1,48:07.7,32:43.5,DACIA_SPRING,Dacia Spring 33 kW,33000,139,24:18.8,8.1,13.0,290,WNW,-12.32153605161281,141.40755605732568,,,,,,,,,,,,25.0,
23:26.5,,,77,,98.5,,,,,,,49,-2.8741,43.236076,101.9723,39.178554409124956,23:26.1,6,0.476,0101000020E6100000031E6E1C28FE06C0F0BE73B0379E4540,20230420_DACIA_EIBAR_BILBAO_049,,d1,48:07.7,32:43.5,DACIA_SPRING,Dacia Spring 33 kW,33000,139,24:18.8,8.1,13.0,290,WNW,-12.778108742246337,149.39878300964764,,,,,,,,,,,,8.0,
23:32.1,,,77,,98.5,,,,,,,49,-2.8744686,43.236294,103.24199,39.217036091506365,23:32.1,6,-0.075,0101000020E610000098844B68E9FE06C0AB5184E43E9E4540,20230420_DACIA_EIBAR_BILBAO_049,,d1,48:07.7,32:43.5,DACIA_SPRING,Dacia Spring 33 kW,33000,139,24:18.8,8.1,13.0,290,WNW,-12.501021246513517,144.07402655624364,,,,,,,,,,,,8.0,
23:37.5,,,77,,98.5,,,,,,,49,-2.8746839,43.23645,103.26542,39.24163481676924,23:37.2,6,0.296,0101000020E6100000723287355AFF06C09F8E0200449E4540,20230420_DACIA_EIBAR_BILBAO_049,,d1,48:07.7,32:43.5,DACIA_SPRING,Dacia Spring 33 kW,33000,139,24:18.8,8.1,13.0,290,WNW,-12.31164359344236,141.2712904281189,,,,,,,,,,,,8.0,
23:43.0,,,77,,98.5,,,,,,,49,-2.8751702,43.23684,103.90114,39.3002262254841,23:43.2,6,-0.217,0101000020E610000004A1EA3B590007C0661AD6BC509E4540,20230420_DACIA_EIBAR_BILBAO_049,,d1,48:07.7,32:43.5,DACIA_SPRING,Dacia Spring 33 kW,33000,139,24:18.8,8.1,13.0,290,WNW,-12.244220061564434,140.36682799930747,,,,,,,,,,,,8.0,
23:48.5,,,77,,98.5,,,,,,,49,-2.8755143,43.237125,101.92963,39.342477786388926,23:48.3,6,0.212,0101000020E6100000DED0C0A10D0107C00B1170285A9E4540,20230420_DACIA_EIBAR_BILBAO_049,,d1,48:07.7,32:43.5,DACIA_SPRING,Dacia Spring 33 kW,33000,139,24:18.8,8.1,13.0,290,WNW,-11.678647636694922,133.9430022232539,,,,,,,,,,,,8.0,
23:54.0,,,77,,98.5,,,,,,,49,-2.8756473,43.237263,101.59966,39.36123027456435,23:54.3,6,-0.331,0101000020E610000040908E5C530107C0FD40979C5E9E4540,20230420_DACIA_EIBAR_BILBAO_049,,d1,48:07.7,32:43.5,DACIA_SPRING,Dacia Spring 33 kW,33000,139,24:18.8,8.1,13.0,290,WNW,-12.15507701730381,139.22910210464573,,,,,,,,,,,,8.0,
23:59.5,,,77,,98.5,,,,,,,49,-2.875725,43.23733,101.86255,39.370986863969264,23:59.4,6,0.103,0101000020E610000083B7C11B7C0107C06D85D7EE609E4540,20230420_DACIA_EIBAR_BILBAO_049,,d1,48:07.7,32:43.5,DACIA_SPRING,Dacia Spring 33 kW,33000,139,24:18.8,8.1,13.0,290,WNW,12.21600407021681,0.0,,,,,,,,,,,,8.0,
24:04.9,,,77,,98.5,,,,,,,49,-2.875725,43.23733,101.86255,39.370986863969264,24:04.4,6,0.506,0101000020E610000083B7C11B7C0107C06D85D7EE609E4540,20230420_DACIA_EIBAR_BILBAO_049,,d1,48:07.7,32:43.5,DACIA_SPRING,Dacia Spring 33 kW,33000,139,24:18.8,8.1,13.0,290,WNW,12.21600407021681,0.0,,,,,,,,,,,,8.0,
24:10.4,,,77,,98.5,,,,,,,49,-2.875725,43.23733,101.86255,39.370986863969264,24:10.0,6,0.4039999999999999,0101000020E610000083B7C11B7C0107C06D85D7EE609E4540,20230420_DACIA_EIBAR_BILBAO_049,,d1,48:07.7,32:43.5,DACIA_SPRING,Dacia Spring 33 kW,33000,139,24:18.8,8.1,13.0,290,WNW,12.21600407021681,0.0,,,,,,,,,,,,8.0,
24:15.8,,,77,,98.5,,,,,,,49,-2.875725,43.23733,101.86255,39.370986863969264,24:16.0,6,-0.248,0101000020E610000083B7C11B7C0107C06D85D7EE609E4540,20230420_DACIA_EIBAR_BILBAO_049,,d1,48:07.7,32:43.5,DACIA_SPRING,Dacia Spring 33 kW,33000,139,24:18.8,8.1,13.0,290,WNW,12.21600407021681,0.0,,,,,,,,,,,,8.0,
24:21.3,,,77,,98.5,,,,,,,49,-2.875725,43.23733,101.86255,39.370986863969264,24:21.1,6,0.181,0101000020E610000083B7C11B7C0107C06D85D7EE609E4540,20230420_DACIA_EIBAR_BILBAO_049,,d1,48:07.7,32:43.5,DACIA_SPRING,Dacia Spring 33 kW,33000,139,24:18.8,8.1,13.0,290,WNW,12.21600407021681,0.0,,,,,,,,,,,,8.0,
24:26.7,,,77,,98.5,,,,,,,49,-2.875725,43.23733,101.86255,39.370986863969264,24:26.4,6,0.342,0101000020E610000083B7C11B7C0107C06D85D7EE609E4540,20230420_DACIA_EIBAR_BILBAO_049,,d1,48:07.7,32:43.5,DACIA_SPRING,Dacia Spring 33 kW,33000,139,24:18.8,8.1,13.0,290,WNW,12.21600407021681,0.0,,,,,,,,,,,,8.0,
24:32.2,,,77,,98.5,,,,,,,49,-2.875725,43.23733,101.86255,39.370986863969264,24:32.4,6,-0.2269999999999999,0101000020E610000083B7C11B7C0107C06D85D7EE609E4540,20230420_DACIA_EIBAR_BILBAO_049,,d1,48:07.7,32:43.5,DACIA_SPRING,Dacia Spring 33 kW,33000,139,24:18.8,8.1,13.0,290,WNW,12.21600407021681,0.0,,,,,,,,,,,,8.0,
24:37.6,,,77,,98.5,,,,,,,49,-2.875725,43.23733,101.86255,39.370986863969264,24:37.4,6,0.192,0101000020E610000083B7C11B7C0107C06D85D7EE609E4540,20230420_DACIA_EIBAR_BILBAO_049,,d1,48:07.7,32:43.5,DACIA_SPRING,Dacia Spring 33 kW,33000,139,24:18.8,8.1,13.0,290,WNW,12.21600407021681,0.0,,,,,,,,,,,,8.0,
24:43.1,,,77,,98.5,,,,,,,49,-2.875725,43.23733,101.86255,39.370986863969264,24:43.5,6,-0.39,0101000020E610000083B7C11B7C0107C06D85D7EE609E4540,20230420_DACIA_EIBAR_BILBAO_049,,d1,48:07.7,32:43.5,DACIA_SPRING,Dacia Spring 33 kW,33000,139,24:18.8,8.1,13.0,290,WNW,12.21600407021681,0.0,,,,,,,,,,,,8.0,
24:48.6,,,77,,98.5,,,,,,,49,-2.875725,43.23733,101.86255,39.370986863969264,24:48.5,6,0.073,0101000020E610000083B7C11B7C0107C06D85D7EE609E4540,20230420_DACIA_EIBAR_BILBAO_049,,d1,48:07.7,32:43.5,DACIA_SPRING,Dacia Spring 33 kW,33000,139,24:18.8,8.1,13.0,290,WNW,12.21600407021681,0.0,,,,,,,,,,,,8.0,
24:54.1,,,77,,98.5,,,,,,,49,-2.875725,43.23733,101.86255,39.370986863969264,24:53.6,6,0.503,0101000020E610000083B7C11B7C0107C06D85D7EE609E4540,20230420_DACIA_EIBAR_BILBAO_049,,d1,48:07.7,32:43.5,DACIA_SPRING,Dacia Spring 33 kW,33000,139,24:18.8,8.1,13.0,290,WNW,-8.478413141452386,110.70659213609042,,,,,,,,,,,,8.0,
24:59.5,,,77,,98.5,,,,,,,49,-2.8757439,43.23738,102.45585,39.37678400983318,24:59.6,6,-0.114,0101000020E6100000D954F00D860107C0AAAFBA78629E4540,20230420_DACIA_EIBAR_BILBAO_049,,d1,48:07.7,32:43.5,DACIA_SPRING,Dacia Spring 33 kW,33000,139,24:18.8,8.1,13.0,290,WNW,-11.830321732799645,135.5087718359191,,,,,,,,,,,,8.0,
25:05.0,,,77,,98.5,,,,,,,49,-2.8759200000000003,43.237553000000005,101.68686,39.40074536774259,25:04.7,6,0.278,0101000020E610000064A92E63E20107C0F313DA16689E4540,20230420_DACIA_EIBAR_BILBAO_049,,d1,48:07.7,32:43.5,DACIA_SPRING,Dacia Spring 33 kW,33000,139,24:18.8,8.1,13.0,290,WNW,-12.49165220310533,143.9242259799499,,,,,,,,,,,,40.0,
25:10.6,,,77,,98.5,,,,,,,49,-2.8761451,43.237717,101.601166,39.42653424460936,25:10.7,6,-0.17,0101000020E6100000C59D7C53580207C0BA737B756D9E4540,20230420_DACIA_EIBAR_BILBAO_049,,d1,48:07.7,32:43.5,DACIA_SPRING,Dacia Spring 33 kW,33000,139,24:18.8,8.1,13.0,290,WNW,9.840563004218648,-60.80251395353297,,,,,,,,,,,,8.0,
25:16.0,,,77,,98.5,,,,,,,49,-2.8761356,43.2377,101.2428,39.42860642997167,25:15.8,6,0.203,0101000020E6100000BD1DFC5F530207C0F94A74F36C9E4540,20230420_DACIA_EIBAR_BILBAO_049,,d1,48:07.7,32:43.5,DACIA_SPRING,Dacia Spring 33 kW,33000,139,24:18.8,8.1,13.0,290,WNW,12.21600407021681,0.0,,,,,,,,,,,,8.0,
25:21.4,,,77,,98.5,,,,,,,49,-2.8761356,43.2377,101.2428,39.42860642997167,25:21.8,6,-0.37,0101000020E6100000BD1DFC5F530207C0F94A74F36C9E4540,20230420_DACIA_EIBAR_BILBAO_049,,d1,48:07.7,32:43.5,DACIA_SPRING,Dacia Spring 33 kW,33000,139,24:18.8,8.1,13.0,290,WNW,12.21600407021681,0.0,,,,,,,,,,,,8.0,
25:26.8,,,77,,98.5,,,,,,,49,-2.8761356,43.2377,101.2428,39.42860642997167,25:26.8,6,-0.019,0101000020E6100000BD1DFC5F530207C0F94A74F36C9E4540,20230420_DACIA_EIBAR_BILBAO_049,,d1,48:07.7,32:43.5,DACIA_SPRING,Dacia Spring 33 kW,33000,139,24:18.8,8.1,13.0,290,WNW,12.21600407021681,0.0,,,,,,,,,,,,8.0,
25:32.4,,,77,,98.5,,,,,,,49,-2.8761356,43.2377,101.2428,39.42860642997167,25:32.9,6,-0.4679999999999999,0101000020E6100000BD1DFC5F530207C0F94A74F36C9E4540,20230420_DACIA_EIBAR_BILBAO_049,,d1,48:07.7,32:43.5,DACIA_SPRING,Dacia Spring 33 kW,33000,139,26:36.7,8.1,13.0,290,WNW,12.21600407021681,0.0,,,,,,,,,,,,8.0,
25:38.0,,,77,,98.5,,,,,,,49,-2.8761356,43.2377,101.2428,39.42860642997167,25:37.9,6,0.094,0101000020E6100000BD1DFC5F530207C0F94A74F36C9E4540,20230420_DACIA_EIBAR_BILBAO_049,,d1,48:07.7,32:43.5,DACIA_SPRING,Dacia Spring 33 kW,33000,139,26:36.7,8.1,13.0,290,WNW,12.21600407021681,0.0,,,,,,,,,,,,8.0,
25:43.7,,,77,,98.5,,,,,,,49,-2.8761356,43.2377,101.2428,39.42860642997167,25:44.0,6,-0.361,0101000020E6100000BD1DFC5F530207C0F94A74F36C9E4540,20230420_DACIA_EIBAR_BILBAO_049,,d1,48:07.7,32:43.5,DACIA_SPRING,Dacia Spring 33 kW,33000,139,26:36.7,8.1,13.0,290,WNW,12.21600407021681,0.0,,,,,,,,,,,,8.0,
25:49.2,,,77,,98.5,,,,,,,49,-2.8761356,43.2377,101.2428,39.42860642997167,25:49.0,6,0.127,0101000020E6100000BD1DFC5F530207C0F94A74F36C9E4540,20230420_DACIA_EIBAR_BILBAO_049,,d1,48:07.7,32:43.5,DACIA_SPRING,Dacia Spring 33 kW,33000,139,26:36.7,8.1,13.0,290,WNW,12.21600407021681,0.0,,,,,,,,,,,,8.0,
25:54.6,,,77,,98.5,,,,,,,49,-2.8761356,43.2377,101.2428,39.42860642997167,25:55.1,6,-0.4379999999999999,0101000020E6100000BD1DFC5F530207C0F94A74F36C9E4540,20230420_DACIA_EIBAR_BILBAO_049,,d1,48:07.7,32:43.5,DACIA_SPRING,Dacia Spring 33 kW,33000,139,26:36.7,8.1,13.0,290,WNW,12.21600407021681,0.0,,,,,,,,,,,,8.0,
26:00.1,,,77,,98.5,,,,,,,49,-2.8761356,43.2377,101.2428,39.42860642997167,26:00.2,6,-0.008,0101000020E6100000BD1DFC5F530207C0F94A74F36C9E4540,20230420_DACIA_EIBAR_BILBAO_049,,d1,48:07.7,32:43.5,DACIA_SPRING,Dacia Spring 33 kW,33000,139,26:36.7,8.1,13.0,290,WNW,12.21600407021681,0.0,,,,,,,,,,,,8.0,
26:05.6,,,77,,98.5,,,,,,,49,-2.8761356,43.2377,101.2428,39.42860642997167,26:05.2,6,0.419,0101000020E6100000BD1DFC5F530207C0F94A74F36C9E4540,20230420_DACIA_EIBAR_BILBAO_049,,d1,48:07.7,32:43.5,DACIA_SPRING,Dacia Spring 33 kW,33000,139,26:36.7,8.1,13.0,290,WNW,12.21600407021681,0.0,,,,,,,,,,,,8.0,
26:11.1,,,77,,98.5,,,,,,,49,-2.8761356,43.2377,101.2428,39.42860642997167,26:11.3,6,-0.166,0101000020E6100000BD1DFC5F530207C0F94A74F36C9E4540,20230420_DACIA_EIBAR_BILBAO_049,,d1,48:07.7,32:43.5,DACIA_SPRING,Dacia Spring 33 kW,33000,139,26:36.7,8.1,13.0,290,WNW,12.21600407021681,0.0,,,,,,,,,,,,8.0,
26:16.5,,,77,,98.5,,,,,,,49,-2.8761356,43.2377,101.2428,39.42860642997167,26:16.3,6,0.24,0101000020E6100000BD1DFC5F530207C0F94A74F36C9E4540,20230420_DACIA_EIBAR_BILBAO_049,,d1,48:07.7,32:43.5,DACIA_SPRING,Dacia Spring 33 kW,33000,139,26:36.7,8.1,13.0,290,WNW,12.21600407021681,0.0,,,,,,,,,,,,8.0,
26:22.0,,,77,,98.5,,,,,,,49,-2.8761356,43.2377,101.2428,39.42860642997167,26:22.3,6,-0.358,0101000020E6100000BD1DFC5F530207C0F94A74F36C9E4540,20230420_DACIA_EIBAR_BILBAO_049,,d1,48:07.7,32:43.5,DACIA_SPRING,Dacia Spring 33 kW,33000,139,26:36.7,8.1,13.0,290,WNW,12.21600407021681,0.0,,,,,,,,,,,,8.0,
26:27.4,,,77,,98.5,,,,,,,49,-2.8761356,43.2377,101.2428,39.42860642997167,26:27.4,6,0.06,0101000020E6100000BD1DFC5F530207C0F94A74F36C9E4540,20230420_DACIA_EIBAR_BILBAO_049,,d1,48:07.7,32:43.5,DACIA_SPRING,Dacia Spring 33 kW,33000,139,26:36.7,8.1,13.0,290,WNW,12.21600407021681,0.0,,,,,,,,,,,,8.0,
26:33.0,,,77,,98.5,,,,,,,49,-2.8761356,43.2377,101.2428,39.42860642997167,26:33.4,6,-0.421,0101000020E6100000BD1DFC5F530207C0F94A74F36C9E4540,20230420_DACIA_EIBAR_BILBAO_049,,d1,48:07.7,32:43.5,DACIA_SPRING,Dacia Spring 33 kW,33000,139,26:36.7,8.1,13.0,290,WNW,12.21600407021681,0.0,,,,,,,,,,,,8.0,
26:38.4,,,77,,98.5,,,,,,,49,-2.8761356,43.2377,101.2428,39.42860642997167,26:38.5,6,-0.069,0101000020E6100000BD1DFC5F530207C0F94A74F36C9E4540,20230420_DACIA_EIBAR_BILBAO_049,,d1,48:07.7,32:43.5,DACIA_SPRING,Dacia Spring 33 kW,33000,139,26:36.7,8.1,13.0,290,WNW,12.21600407021681,0.0,,,,,,,,,,,,8.0,
26:43.8,,,77,,98.5,,,,,,,49,-2.8761356,43.2377,101.2428,39.42860642997167,26:43.5,6,0.351,0101000020E6100000BD1DFC5F530207C0F94A74F36C9E4540,20230420_DACIA_EIBAR_BILBAO_049,,d1,48:07.7,32:43.5,DACIA_SPRING,Dacia Spring 33 kW,33000,139,26:36.7,8.1,13.0,290,WNW,-12.524908610294789,144.46232220430065,,,,,,,,,,,,8.0,
26:49.2,,,77,,98.5,,,,,,,49,-2.8761692,43.237724,101.38625,39.432420994006804,26:49.5,6,-0.349,0101000020E6100000E40847FD640207C02938AAB46D9E4540,20230420_DACIA_EIBAR_BILBAO_049,,d1,48:07.7,32:43.5,DACIA_SPRING,Dacia Spring 33 kW,33000,139,26:36.7,8.1,13.0,290,WNW,-12.98745183459084,162.51762481787844,,,,,,,,,,,,8.0,
26:54.6,,,77,,98.5,,,,,,,49,-2.8764105,43.2378,101.6722,39.4537185725948,26:54.6,6,0.017,0101000020E610000097BA5C78E30207C00089333E709E4540,20230420_DACIA_EIBAR_BILBAO_049,,d1,48:07.7,32:43.5,DACIA_SPRING,Dacia Spring 33 kW,33000,139,26:36.7,8.1,13.0,290,WNW,-9.161258025430906,-154.80629424380626,243.0,135.0,,0.0,52.0,,,,191.0,202.0,41.0,25.0,3.0
27:00.0,,,77,,98.5,,,,,,,49,-2.8765593,43.23773,100.98707,39.46808350035022,26:59.6,6,0.3229999999999999,0101000020E610000087D5FC79310307C0DFC782E46D9E4540,20230420_DACIA_EIBAR_BILBAO_049,,d1,48:07.7,32:43.5,DACIA_SPRING,Dacia Spring 33 kW,33000,139,26:36.7,8.1,13.0,290,WNW,5.050752567011526,-87.13759477388825,243.0,135.0,,0.0,52.0,,,,191.0,202.0,41.0,8.0,3.0
27:05.5,,,77,,98.5,,,,,,,49,-2.876559,43.237724,100.76618,39.46878670601897,27:05.7,6,-0.1889999999999999,0101000020E610000061B86E6E310307C082F146C76D9E4540,20230420_DACIA_EIBAR_BILBAO_049,,d1,48:07.7,32:43.5,DACIA_SPRING,Dacia Spring 33 kW,33000,139,26:36.7,8.1,13.0,290,WNW,12.21600407021681,0.0,243.0,135.0,,0.0,52.0,,,,191.0,202.0,41.0,8.0,3.0
27:10.9,,,77,,98.5,,,,,,,49,-2.876559,43.237724,100.76618,39.46878670601897,27:10.7,6,0.23,0101000020E610000061B86E6E310307C082F146C76D9E4540,20230420_DACIA_EIBAR_BILBAO_049,,d1,48:07.7,32:43.5,DACIA_SPRING,Dacia Spring 33 kW,33000,139,26:36.7,8.1,13.0,290,WNW,12.21600407021681,0.0,243.0,135.0,,0.0,52.0,,,,191.0,202.0,41.0,8.0,3.0
27:16.4,,,77,,98.5,,,,,,,49,-2.876559,43.237724,100.76618,39.46878670601897,27:16.7,6,-0.355,0101000020E610000061B86E6E310307C082F146C76D9E4540,20230420_DACIA_EIBAR_BILBAO_049,,d1,48:07.7,32:43.5,DACIA_SPRING,Dacia Spring 33 kW,33000,139,26:36.7,8.1,13.0,290,WNW,12.21600407021681,0.0,243.0,135.0,,0.0,52.0,,,,191.0,202.0,41.0,8.0,3.0
27:21.9,,,77,,98.5,,,,,,,49,-2.876559,43.237724,100.76618,39.46878670601897,27:21.8,6,0.052,0101000020E610000061B86E6E310307C082F146C76D9E4540,20230420_DACIA_EIBAR_BILBAO_049,,d1,48:07.7,32:43.5,DACIA_SPRING,Dacia Spring 33 kW,33000,139,26:36.7,8.1,13.0,290,WNW,12.21600407021681,0.0,243.0,135.0,,0.0,52.0,,,,191.0,202.0,41.0,8.0,3.0
27:27.3,,,77,,98.5,,,,,,,49,-2.876559,43.237724,100.76618,39.46878670601897,27:26.8,6,0.511,0101000020E610000061B86E6E310307C082F146C76D9E4540,20230420_DACIA_EIBAR_BILBAO_049,,d1,48:07.7,32:43.5,DACIA_SPRING,Dacia Spring 33 kW,33000,139,26:36.7,8.1,13.0,290,WNW,12.21600407021681,0.0,243.0,135.0,,0.0,52.0,,,,191.0,202.0,41.0,8.0,3.0
27:32.8,,,77,,98.5,,,,,,,49,-2.876559,43.237724,100.76618,39.46878670601897,27:32.9,6,-0.071,0101000020E610000061B86E6E310307C082F146C76D9E4540,20230420_DACIA_EIBAR_BILBAO_049,,d1,48:07.7,32:43.5,DACIA_SPRING,Dacia Spring 33 kW,33000,139,26:36.7,8.1,13.0,290,WNW,12.21600407021681,0.0,243.0,135.0,,0.0,52.0,,,,191.0,202.0,41.0,8.0,3.0
27:38.3,,,77,,98.5,,,,,,,49,-2.876559,43.237724,100.76618,39.46878670601897,27:37.9,6,0.4029999999999999,0101000020E610000061B86E6E310307C082F146C76D9E4540,20230420_DACIA_EIBAR_BILBAO_049,,d1,48:07.7,32:43.5,DACIA_SPRING,Dacia Spring 33 kW,33000,139,26:36.7,8.1,13.0,290,WNW,12.21600407021681,0.0,243.0,135.0,,0.0,52.0,,,,191.0,202.0,41.0,8.0,3.0
27:43.8,,,77,,98.5,,,,,,,49,-2.876559,43.237724,100.76618,39.46878670601897,27:44.0,6,-0.192,0101000020E610000061B86E6E310307C082F146C76D9E4540,20230420_DACIA_EIBAR_BILBAO_049,,d1,48:07.7,32:43.5,DACIA_SPRING,Dacia Spring 33 kW,33000,139,26:36.7,8.1,13.0,290,WNW,12.21600407021681,0.0,243.0,135.0,,0.0,52.0,,,,191.0,202.0,41.0,8.0,3.0
27:49.2,,,77,,98.5,,,,,,,49,-2.876559,43.237724,100.76618,39.46878670601897,27:49.0,6,0.2019999999999999,0101000020E610000061B86E6E310307C082F146C76D9E4540,20230420_DACIA_EIBAR_BILBAO_049,,d1,48:07.7,32:43.5,DACIA_SPRING,Dacia Spring 33 kW,33000,139,26:36.7,8.1,13.0,290,WNW,12.21600407021681,0.0,243.0,135.0,,0.0,52.0,,,,191.0,202.0,41.0,8.0,3.0
27:54.6,,,77,,98.5,,,,,,,49,-2.876559,43.237724,100.76618,39.46878670601897,27:55.0,6,-0.433,0101000020E610000061B86E6E310307C082F146C76D9E4540,20230420_DACIA_EIBAR_BILBAO_049,,d1,48:07.7,32:43.5,DACIA_SPRING,Dacia Spring 33 kW,33000,139,26:36.7,8.1,13.0,290,WNW,12.21600407021681,0.0,243.0,135.0,,0.0,52.0,,,,191.0,202.0,41.0,8.0,3.0
28:00.0,,,77,,98.5,,,,,,,49,-2.876559,43.237724,100.76618,39.46878670601897,28:00.1,6,-0.1009999999999999,0101000020E610000061B86E6E310307C082F146C76D9E4540,20230420_DACIA_EIBAR_BILBAO_049,,d1,48:07.7,32:43.5,DACIA_SPRING,Dacia Spring 33 kW,33000,139,29:18.9,8.1,13.0,290,WNW,12.21600407021681,0.0,243.0,135.0,,0.0,52.0,,,,191.0,202.0,41.0,8.0,3.0
28:05.4,,,77,,98.5,,,,,,,49,-2.876559,43.237724,100.76618,39.46878670601897,28:05.2,6,0.231,0101000020E610000061B86E6E310307C082F146C76D9E4540,20230420_DACIA_EIBAR_BILBAO_049,,d1,48:07.7,32:43.5,DACIA_SPRING,Dacia Spring 33 kW,33000,139,29:18.9,8.1,13.0,290,WNW,-9.541594129712973,-157.22015097480394,243.0,135.0,,0.0,52.0,,,,191.0,202.0,41.0,8.0,3.0
28:10.8,,,77,,98.5,,,,,,,49,-2.8767114,43.23766,98.33875,39.48324177948782,28:11.2,6,-0.4,0101000020E6100000B23F7448810307C0DE6FFCA66B9E4540,20230420_DACIA_EIBAR_BILBAO_049,,d1,48:07.7,32:43.5,DACIA_SPRING,Dacia Spring 33 kW,33000,139,29:18.9,8.1,13.0,290,WNW,-7.761719587100557,-146.65929265351105,243.0,135.0,,0.0,52.0,,,,191.0,202.0,41.0,8.0,3.0
28:16.3,,,77,,98.5,,,,,,,49,-2.876985,43.23748,96.42813,39.513166415870195,28:16.3,6,0.0,0101000020E6100000E5FB89CF100407C068AB7DCA659E4540,20230420_DACIA_EIBAR_BILBAO_049,,d1,48:07.7,32:43.5,DACIA_SPRING,Dacia Spring 33 kW,33000,139,29:18.9,8.1,13.0,290,WNW,-6.922461271734316,-142.17432423653167,243.0,135.0,,0.0,52.0,,,,191.0,202.0,41.0,8.0,3.0
28:21.7,,,77,,98.5,,,,,,,49,-2.8772426,43.23728,96.91435,39.543666702058864,28:21.3,6,0.351,0101000020E6100000C2E8C4B3970407C0FFAFC4365F9E4540,20230420_DACIA_EIBAR_BILBAO_049,,d1,48:07.7,32:43.5,DACIA_SPRING,Dacia Spring 33 kW,33000,139,29:18.9,8.1,13.0,290,WNW,-8.509988436043544,-150.8904253915412,243.0,135.0,,0.0,52.0,,,,191.0,202.0,41.0,25.0,3.0
28:27.2,,,77,,98.5,,,,,,,49,-2.8775964,43.237083,95.27464,39.57977724083883,28:27.4,6,-0.211,0101000020E61000008D3BFE33510507C00F5096C4589E4540,20230420_DACIA_EIBAR_BILBAO_049,,d1,48:07.7,32:43.5,DACIA_SPRING,Dacia Spring 33 kW,33000,139,29:18.9,8.1,13.0,290,WNW,-8.10772425268263,-148.58471579599689,243.0,135.0,,0.0,52.0,,,,191.0,202.0,41.0,25.0,3.0
28:32.7,,,77,,98.5,,,,,,,49,-2.8779697,43.236855,93.96304,39.61926081321383,28:32.4,6,0.252,0101000020E6100000024CA30F150607C03D0B184D519E4540,20230420_DACIA_EIBAR_BILBAO_049,,d1,48:07.7,32:43.5,DACIA_SPRING,Dacia Spring 33 kW,33000,139,29:18.9,8.1,13.0,290,WNW,-8.541962941819769,-151.07710483924038,243.0,135.0,,0.0,52.0,,,,191.0,202.0,41.0,20.0,3.0
28:38.2,,,77,,98.5,,,,,,,49,-2.8783950000000003,43.23662,93.059364,39.662511797056744,28:38.4,6,-0.299,0101000020E6100000EC4D6D06F40607C05A2FCAAC499E4540,20230420_DACIA_EIBAR_BILBAO_049,,d1,48:07.7,32:43.5,DACIA_SPRING,Dacia Spring 33 kW,33000,139,29:18.9,8.1,13.0,290,WNW,-6.625956351275159,-140.6431130867131,243.0,135.0,,0.0,52.0,,,,191.0,202.0,41.0,20.0,3.0
28:43.6,,,77,,98.5,,,,,,,49,-2.8786352,43.236423,90.955246,39.69188699837412,28:43.5,6,0.092,0101000020E61000008980EADA710707C0D35CB721439E4540,20230420_DACIA_EIBAR_BILBAO_049,,d1,48:07.7,32:43.5,DACIA_SPRING,Dacia Spring 33 kW,33000,139,29:18.9,8.1,13.0,290,WNW,-6.1633803702297705,-138.30116959129404,243.0,135.0,,0.0,52.0,,,,191.0,202.0,41.0,25.0,3.0
28:49.1,,,77,,98.5,,,,,,,49,-2.8788855,43.2362,87.79765,39.72407360238233,28:49.5,6,-0.471,0101000020E6100000B70C5712F50707C04E4BE4BB3B9E4540,20230420_DACIA_EIBAR_BILBAO_049,,d1,48:07.7,32:43.5,DACIA_SPRING,Dacia Spring 33 kW,33000,139,29:18.9,8.1,13.0,290,WNW,-3.182305180744382,-124.16958364526688,243.0,135.0,,0.0,52.0,,,,191.0,202.0,41.0,25.0,3.0
28:54.5,,,77,,98.5,,,,,,,49,-2.8789432,43.236115000000005,85.32899499999999,39.734902962400234,28:54.6,6,-0.047,0101000020E61000004ED8B254130807C0719AC60A399E4540,20230420_DACIA_EIBAR_BILBAO_049,,d1,48:07.7,32:43.5,DACIA_SPRING,Dacia Spring 33 kW,33000,139,29:18.9,8.1,13.0,290,WNW,7.944431393296852,32.33018570518421,243.0,135.0,,0.0,52.0,,,,191.0,202.0,41.0,25.0,3.0
29:00.0,,,77,,98.5,,,,,,,49,-2.8789353,43.23612,85.71734000000001,39.73583542626146,28:59.6,6,0.359,0101000020E610000010491D460F0807C0684E0121399E4540,20230420_DACIA_EIBAR_BILBAO_049,,d1,48:07.7,32:43.5,DACIA_SPRING,Dacia Spring 33 kW,33000,139,29:18.9,8.1,13.0,290,WNW,12.21600407021681,0.0,243.0,135.0,,0.0,52.0,,,,191.0,202.0,41.0,25.0,3.0
29:05.5,,,77,,98.5,,,,,,,49,-2.8789353,43.23612,85.71734000000001,39.73583542626146,29:05.6,6,-0.18,0101000020E610000010491D460F0807C0684E0121399E4540,20230420_DACIA_EIBAR_BILBAO_049,,d1,48:07.7,32:43.5,DACIA_SPRING,Dacia Spring 33 kW,33000,139,29:18.9,8.1,13.0,290,WNW,12.21600407021681,0.0,243.0,135.0,,0.0,52.0,,,,191.0,202.0,41.0,25.0,3.0
29:10.8,,,77,,98.5,,,,,,,49,-2.8789353,43.23612,85.71734000000001,39.73583542626146,29:10.7,6,0.129,0101000020E610000010491D460F0807C0684E0121399E4540,20230420_DACIA_EIBAR_BILBAO_049,,d1,48:07.7,32:43.5,DACIA_SPRING,Dacia Spring 33 kW,33000,139,29:18.9,8.1,13.0,290,WNW,12.21600407021681,0.0,243.0,135.0,,0.0,52.0,,,,191.0,202.0,41.0,25.0,3.0
29:16.3,,,77,,98.5,,,,,,,49,-2.8789353,43.23612,85.71734000000001,39.73583542626146,29:16.7,6,-0.4589999999999999,0101000020E610000010491D460F0807C0684E0121399E4540,20230420_DACIA_EIBAR_BILBAO_049,,d1,48:07.7,32:43.5,DACIA_SPRING,Dacia Spring 33 kW,33000,139,29:18.9,8.1,13.0,290,WNW,12.21600407021681,0.0,243.0,135.0,,0.0,52.0,,,,191.0,202.0,41.0,25.0,3.0
29:21.6,,,77,,98.5,,,,,,,49,-2.8789353,43.23612,85.71734000000001,39.73583542626146,29:21.8,6,-0.152,0101000020E610000010491D460F0807C0684E0121399E4540,20230420_DACIA_EIBAR_BILBAO_049,,d1,48:07.7,32:43.5,DACIA_SPRING,Dacia Spring 33 kW,33000,139,29:18.9,8.1,13.0,290,WNW,12.21600407021681,0.0,243.0,135.0,,0.0,52.0,,,,191.0,202.0,41.0,25.0,3.0
29:27.3,,,77,,98.5,,,,,,,49,-2.8789353,43.23612,85.71734000000001,39.73583542626146,29:26.8,6,0.461,0101000020E610000010491D460F0807C0684E0121399E4540,20230420_DACIA_EIBAR_BILBAO_049,,d1,48:07.7,32:43.5,DACIA_SPRING,Dacia Spring 33 kW,33000,139,29:18.9,8.1,13.0,290,WNW,12.21600407021681,0.0,243.0,135.0,,0.0,52.0,,,,191.0,202.0,41.0,25.0,3.0
29:32.7,,,77,,98.5,,,,,,,49,-2.8789353,43.23612,85.71734000000001,39.73583542626146,29:32.9,6,-0.178,0101000020E610000010491D460F0807C0684E0121399E4540,20230420_DACIA_EIBAR_BILBAO_049,,d1,48:07.7,32:43.5,DACIA_SPRING,Dacia Spring 33 kW,33000,139,29:18.9,8.1,13.0,290,WNW,12.21600407021681,0.0,243.0,135.0,,0.0,52.0,,,,191.0,202.0,41.0,25.0,3.0
29:38.2,,,77,,98.5,,,,,,,49,-2.8789353,43.23612,85.71734000000001,39.73583542626146,29:37.9,6,0.239,0101000020E610000010491D460F0807C0684E0121399E4540,20230420_DACIA_EIBAR_BILBAO_049,,d1,48:07.7,32:43.5,DACIA_SPRING,Dacia Spring 33 kW,33000,139,29:18.9,8.1,13.0,290,WNW,12.21600407021681,0.0,243.0,135.0,,0.0,52.0,,,,191.0,202.0,41.0,25.0,3.0
29:43.6,,,77,,98.5,,,,,,,49,-2.8789353,43.23612,85.71734000000001,39.73583542626146,29:44.0,6,-0.348,0101000020E610000010491D460F0807C0684E0121399E4540,20230420_DACIA_EIBAR_BILBAO_049,,d1,48:07.7,32:43.5,DACIA_SPRING,Dacia Spring 33 kW,33000,139,29:18.9,8.1,13.0,290,WNW,12.21600407021681,0.0,243.0,135.0,,0.0,52.0,,,,191.0,202.0,41.0,25.0,3.0
29:49.1,,,77,,98.5,,,,,,,49,-2.8789353,43.23612,85.71734000000001,39.73583542626146,29:49.0,6,0.1,0101000020E610000010491D460F0807C0684E0121399E4540,20230420_DACIA_EIBAR_BILBAO_049,,d1,48:07.7,32:43.5,DACIA_SPRING,Dacia Spring 33 kW,33000,139,29:18.9,8.1,13.0,290,WNW,-5.889096287292017,-136.93680038604015,243.0,135.0,,0.0,52.0,,,,191.0,202.0,41.0,25.0,3.0
29:54.5,,,76,,98.5,,,,,,,49,-2.8791065,43.23596,85.34818,39.75839663272571,29:54.0,6,0.49,0101000020E61000008650870D690807C04F3B13D2339E4540,20230420_DACIA_EIBAR_BILBAO_049,,d1,48:07.7,32:43.5,DACIA_SPRING,Dacia Spring 33 kW,33000,139,29:18.9,8.1,13.0,290,WNW,-5.230923726430119,-133.72696998032342,243.0,135.0,,0.0,52.0,,,,191.0,202.0,41.0,25.0,3.0
30:00.0,,,76,,98.5,,,,,,,49,-2.8794365,43.235615,83.023865,39.805212601234345,30:00.1,6,-0.057,0101000020E610000018168F06160907C09CA627A6289E4540,20230420_DACIA_EIBAR_BILBAO_049,,d1,48:07.7,32:43.5,DACIA_SPRING,Dacia Spring 33 kW,33000,139,29:18.9,8.1,13.0,290,WNW,5.206741601628381,-86.38939828415336,215.0,137.0,,1.0,42.0,,,,172.0,190.0,25.0,25.0,3.0
30:05.5,,,76,,98.5,,,,,,,49,-2.8794076,43.235157,80.48481,39.85625685191461,30:05.1,6,0.371,0101000020E61000004ECD22E2060907C0B9902199199E4540,20230420_DACIA_EIBAR_BILBAO_049,,d1,48:07.7,32:43.5,DACIA_SPRING,Dacia Spring 33 kW,33000,139,29:18.9,8.1,13.0,290,WNW,5.007311813224091,-87.34521928045821,215.0,137.0,,1.0,42.0,,,,172.0,190.0,25.0,25.0,3.0
30:10.9,,,76,,98.5,,,,,,,49,-2.8793776,43.23451,80.71007,39.92824136034579,30:11.2,6,-0.299,0101000020E61000006417E71EF70807C0DA916B50049E4540,20230420_DACIA_EIBAR_BILBAO_049,,d1,48:07.7,32:43.5,DACIA_SPRING,Dacia Spring 33 kW,33000,139,29:18.9,8.1,13.0,290,WNW,3.6238175917814113,-93.81407483425284,215.0,137.0,,1.0,42.0,,,,172.0,190.0,25.0,25.0,3.0
30:16.4,,,76,,98.5,,,,,,,49,-2.8794076,43.23406,83.19431,39.978399622148345,30:16.2,6,0.153,0101000020E6100000F1AE51D3060907C0D28C7AA5F59D4540,20230420_DACIA_EIBAR_BILBAO_049,,d1,48:07.7,32:43.5,DACIA_SPRING,Dacia Spring 33 kW,33000,139,29:18.9,8.1,13.0,290,WNW,3.4223510191891564,-94.73654508384836,215.0,137.0,,1.0,42.0,,,,172.0,190.0,25.0,25.0,3.0
30:21.8,,,76,,98.5,,,,,,,49,-2.879454,43.2335,90.66707,40.04122812127699,30:22.3,6,-0.476,0101000020E6100000B7EC231A1F0907C0A21FCF55E39D4540,20230420_DACIA_EIBAR_BILBAO_049,,d1,48:07.7,32:43.5,DACIA_SPRING,Dacia Spring 33 kW,33000,139,29:18.9,8.1,13.0,290,WNW,2.586586231769335,-98.52337298777404,215.0,137.0,,1.0,42.0,,,,172.0,190.0,25.0,25.0,3.0
30:27.3,,,76,,98.5,,,,,,,49,-2.8795676,43.232742,95.51902,40.12615354553618,30:27.3,6,0.0,0101000020E6100000495E1BCF5A0907C0C405D487CA9D4540,20230420_DACIA_EIBAR_BILBAO_049,,d1,48:07.7,32:43.5,DACIA_SPRING,Dacia Spring 33 kW,33000,139,29:18.9,8.1,13.0,290,WNW,4.109690884312942,-91.57095155141744,215.0,137.0,,1.0,42.0,,,,172.0,190.0,25.0,45.0,3.0
30:32.7,,,76,,98.5,,,,,,,49,-2.8795905,43.231907,101.327385,40.21920130873513,30:32.4,6,0.344,0101000020E6100000AC5DF1B2660907C054B27829AF9D4540,20230420_DACIA_EIBAR_BILBAO_049,,d1,48:07.7,32:43.5,DACIA_SPRING,Dacia Spring 33 kW,33000,139,31:36.7,8.1,13.0,290,WNW,9.612947638058705,-62.31477571649315,215.0,137.0,,1.0,42.0,,,,172.0,190.0,25.0,30.0,3.0
30:38.4,,,76,,98.5,,,,,,,49,-2.8791356,43.23104,109.2826,40.322717616170145,30:38.4,6,-0.02,0101000020E6100000998DD83C780807C09D8EA7CF929D4540,20230420_DACIA_EIBAR_BILBAO_049,,d1,48:07.7,32:43.5,DACIA_SPRING,Dacia Spring 33 kW,33000,139,31:36.7,8.1,13.0,290,WNW,11.942401872572596,-43.27102456232296,215.0,137.0,,1.0,42.0,,,,172.0,190.0,25.0,30.0,3.0
30:43.8,,,76,,98.5,,,,,,,49,-2.8787107000000005,43.23064,115.05994,40.37925677934008,30:43.4,6,0.342,0101000020E610000028E70187990707C0C3869C96859D4540,20230420_DACIA_EIBAR_BILBAO_049,,d1,48:07.7,32:43.5,DACIA_SPRING,Dacia Spring 33 kW,33000,139,31:36.7,8.1,13.0,290,WNW,11.282934142631596,9.78240702444353,215.0,137.0,,1.0,42.0,,,,172.0,190.0,25.0,60.0,3.0
30:49.3,,,76,,98.5,,,,,,,49,-2.8786643,43.230648,121.6089,40.38686017695388,30:49.5,6,-0.239,0101000020E61000002BD3A926810707C0220287DF859D4540,20230420_DACIA_EIBAR_BILBAO_049,,d1,48:07.7,32:43.5,DACIA_SPRING,Dacia Spring 33 kW,33000,139,31:36.7,8.1,13.0,290,WNW,12.21600407021681,0.0,215.0,137.0,,1.0,42.0,,,,172.0,190.0,25.0,60.0,3.0
30:54.8,,,76,,98.5,,,,,,,49,-2.8786643,43.230648,122.43379,40.387685066953885,30:54.6,6,0.283,0101000020E6100000F3BC1F15810707C02CC0D7E7859D4540,20230420_DACIA_EIBAR_BILBAO_049,,d1,48:07.7,32:43.5,DACIA_SPRING,Dacia Spring 33 kW,33000,139,31:36.7,8.1,13.0,290,WNW,10.901720425138253,-53.00806678293439,215.0,137.0,,1.0,42.0,,,,172.0,190.0,25.0,60.0,3.0
31:00.3,,,76,,98.5,,,,,,,49,-2.878653,43.230633000000005,123.66242,40.38994993459404,31:00.6,6,-0.278,0101000020E6100000C8A6D0347B0707C0A5469354859D4540,20230420_DACIA_EIBAR_BILBAO_049,,d1,48:07.7,32:43.5,DACIA_SPRING,Dacia Spring 33 kW,33000,139,31:36.7,8.1,13.0,290,WNW,11.36062567208808,-49.08561678182421,215.0,137.0,,1.0,42.0,,,,172.0,190.0,25.0,60.0,3.0
31:05.8,,,76,,98.5,,,,,,,49,-2.8786244,43.2306,124.86554,40.39445339015425,31:05.7,6,0.1009999999999999,0101000020E6100000712B064D6C0707C086F2FF3F849D4540,20230420_DACIA_EIBAR_BILBAO_049,,d1,48:07.7,32:43.5,DACIA_SPRING,Dacia Spring 33 kW,33000,139,31:36.7,8.1,13.0,290,WNW,11.193021531192027,-50.57076449958351,215.0,137.0,,1.0,42.0,,,,172.0,190.0,25.0,60.0,3.0
31:11.3,,,76,,98.5,,,,,,,49,-2.8781886,43.23007,124.96169,40.46315384615538,31:11.7,6,-0.451,0101000020E6100000212EE2B5870607C0461867D2729D4540,20230420_DACIA_EIBAR_BILBAO_049,,d1,48:07.7,32:43.5,DACIA_SPRING,Dacia Spring 33 kW,33000,139,31:36.7,8.1,13.0,290,WNW,7.601106834292322,-74.21816365589964,215.0,137.0,,1.0,42.0,,,,172.0,190.0,25.0,60.0,3.0
31:16.7,,,76,,98.5,,,,,,,49,-2.8779478,43.229218,124.780045,40.55987997868101,31:16.8,6,-0.049,0101000020E6100000F6BD368B090607C043AB6109579D4540,20230420_DACIA_EIBAR_BILBAO_049,,d1,48:07.7,32:43.5,DACIA_SPRING,Dacia Spring 33 kW,33000,139,31:36.7,8.1,13.0,290,WNW,5.447534294969173,-85.2259371053738,215.0,137.0,,1.0,42.0,,,,172.0,190.0,25.0,25.0,3.0
31:22.2,,,76,,98.5,,,,,,,49,-2.877887,43.22849,124.399445,40.64098051770997,31:21.8,6,0.411,0101000020E6100000204857ABE90507C0D84546143F9D4540,20230420_DACIA_EIBAR_BILBAO_049,,d1,48:07.7,32:43.5,DACIA_SPRING,Dacia Spring 33 kW,33000,139,31:36.7,8.1,13.0,290,WNW,-8.436975100046752,-150.46610427489185,215.0,137.0,,1.0,42.0,,,,172.0,190.0,25.0,30.0,3.0
31:27.7,,,76,,98.5,,,,,,,49,-2.8785083,43.228138,124.93462,40.70474696638744,31:27.9,6,-0.1889999999999999,0101000020E6100000977823512F0707C0DCE10294339D4540,20230420_DACIA_EIBAR_BILBAO_049,,d1,48:07.7,32:43.5,DACIA_SPRING,Dacia Spring 33 kW,33000,139,31:36.7,8.1,13.0,290,WNW,-12.715664807739795,147.99461679162553,215.0,137.0,,1.0,42.0,,,,172.0,190.0,25.0,50.0,3.0
31:33.1,,,76,,98.5,,,,,,,49,-2.8790507,43.228477000000005,127.16044,40.76268709053137,31:32.9,6,0.188,0101000020E6100000B84CADCA4B0807C0E04A8ECB3E9D4540,20230420_DACIA_EIBAR_BILBAO_049,,d1,48:07.7,32:43.5,DACIA_SPRING,Dacia Spring 33 kW,33000,139,31:36.7,8.1,13.0,290,WNW,3.612041112534064,53.86811296528332,215.0,137.0,,1.0,42.0,,,,172.0,190.0,25.0,50.0,3.0
31:39.6,,,76,,98.5,,,,,,,49,-2.878939,43.22863,127.97786,40.78197452128613,31:40.0,6,-0.358,0101000020E6100000233DC523110807C0C0EB16B8439D4540,20230420_DACIA_EIBAR_BILBAO_049,,d1,48:07.7,32:43.5,DACIA_SPRING,Dacia Spring 33 kW,33000,139,31:36.7,8.1,13.0,290,WNW,3.5026475859263417,54.36938509669153,215.0,137.0,,1.0,42.0,,,,172.0,190.0,25.0,50.0,3.0
31:45.0,,,76,,98.5,,,,,,,49,-2.878772,43.228863,125.9933,40.81127046031517,31:45.0,6,-0.006,0101000020E61000003D577AADB90707C06F1F67504B9D4540,20230420_DACIA_EIBAR_BILBAO_049,,d1,48:07.7,32:43.5,DACIA_SPRING,Dacia Spring 33 kW,33000,139,31:36.7,8.1,13.0,290,WNW,8.579354376249555,28.70391470850604,215.0,137.0,,1.0,42.0,,,,172.0,190.0,25.0,25.0,3.0
31:50.4,,,76,,98.5,,,,,,,49,-2.878257,43.229145,124.94816000000002,40.86347498650633,31:50.0,6,0.373,0101000020E6100000BE8080AEAB0607C03978329F549D4540,20230420_DACIA_EIBAR_BILBAO_049,,d1,48:07.7,32:43.5,DACIA_SPRING,Dacia Spring 33 kW,33000,139,31:36.7,8.1,13.0,290,WNW,11.45951703891421,8.176000686607965,215.0,137.0,,1.0,42.0,,,,172.0,190.0,25.0,25.0,3.0
31:55.9,,,76,,98.5,,,,,,,49,-2.8774357000000004,43.229263,126.66152,40.931318681308774,31:56.1,6,-0.14,0101000020E61000001458F608FD0407C0BCAE737A589D4540,20230420_DACIA_EIBAR_BILBAO_049,,d1,48:07.7,32:43.5,DACIA_SPRING,Dacia Spring 33 kW,33000,139,31:36.7,8.1,13.0,290,WNW,11.07909751844876,11.544042957375142,215.0,137.0,,1.0,42.0,,,,172.0,190.0,25.0,30.0,3.0
32:01.4,,,76,,98.5,,,,,,,49,-2.8770783,43.229336,129.7287,40.96154700103424,32:01.1,6,0.307,0101000020E6100000EBEE839A410407C05AF3E4EA5A9D4540,20230420_DACIA_EIBAR_BILBAO_049,,d1,48:07.7,32:43.5,DACIA_SPRING,Dacia Spring 33 kW,33000,139,31:36.7,8.1,13.0,290,WNW,11.542454725777464,7.391813163953021,215.0,137.0,,1.0,42.0,,,,172.0,190.0,25.0,30.0,3.0
32:06.9,,,76,,98.5,,,,,,,49,-2.8766081000000003,43.229397,132.13907,41.00031608626858,32:07.2,6,-0.321,0101000020E6100000F5F3572B4B0307C0930391E15C9D4540,20230420_DACIA_EIBAR_BILBAO_049,,d1,48:07.7,32:43.5,DACIA_SPRING,Dacia Spring 33 kW,33000,139,31:36.7,8.1,13.0,290,WNW,12.99535989619293,-18.469114459824933,215.0,137.0,,1.0,42.0,,,,172.0,190.0,25.0,25.0,3.0
32:12.4,,,76,,98.5,,,,,,,49,-2.8763566000000003,43.229313,132.67358000000002,41.02273743659476,32:12.2,6,0.13,0101000020E61000003B1C9140C70207C03EB810265A9D4540,20230420_DACIA_EIBAR_BILBAO_049,,d1,48:07.7,32:43.5,DACIA_SPRING,Dacia Spring 33 kW,33000,139,31:36.7,8.1,13.0,290,WNW,9.975539637425967,19.883557307073104,215.0,137.0,,1.0,42.0,,,,172.0,190.0,25.0,30.0,4.0
32:17.9,,,76,,98.5,,,,,,,49,-2.8760884,43.22941,134.20155,41.04704439197876,32:18.3,6,-0.371,0101000020E6100000514414AD3A0207C0D72598415D9D4540,20230420_DACIA_EIBAR_BILBAO_049,,d1,48:07.7,32:43.5,DACIA_SPRING,Dacia Spring 33 kW,33000,139,31:36.7,8.1,13.0,290,WNW,6.952885769579616,37.66711729039216,215.0,137.0,,1.0,42.0,,,,172.0,190.0,25.0,30.0,4.0
32:23.4,,,76,,98.5,,,,,,,49,-2.8759200000000003,43.22954,136.3461,41.06703692107566,32:23.3,6,0.078,0101000020E610000000465765E20107C0E81206AF619D4540,20230420_DACIA_EIBAR_BILBAO_049,,d1,48:07.7,32:43.5,DACIA_SPRING,Dacia Spring 33 kW,33000,139,31:36.7,8.1,13.0,290,WNW,5.07940810805289,47.000462338532,215.0,137.0,,1.0,42.0,,,,172.0,190.0,25.0,25.0,4.0
32:28.9,,,76,,98.5,,,,,,,49,-2.8758454,43.22962,138.19702,41.077949620982814,32:29.4,6,-0.451,0101000020E610000082570131BB0107C04C525D48649D4540,20230420_DACIA_EIBAR_BILBAO_049,,d1,48:07.7,32:43.5,DACIA_SPRING,Dacia Spring 33 kW,33000,139,31:36.7,8.1,13.0,290,WNW,-0.5508988861670836,72.42874122296233,215.0,137.0,,1.0,42.0,,,,172.0,190.0,25.0,8.0,4.0
32:34.3,,,76,,98.5,,,,,,,49,-2.8758435,43.229626,138.57286000000002,41.078730688720555,32:34.4,6,-0.102,0101000020E610000082EC0D4FBA0107C0044FAA50649D4540,20230420_DACIA_EIBAR_BILBAO_049,,d1,48:07.7,32:43.5,DACIA_SPRING,Dacia Spring 33 kW,33000,139,31:36.7,8.1,13.0,290,WNW,1.4863055967234666,63.43494881129028,215.0,137.0,,1.0,42.0,,,,172.0,190.0,25.0,8.0,4.0
32:39.8,,,76,,98.5,,,,,,,49,-2.87584,43.229633,138.78345,41.07958544475056,32:39.4,6,0.361,0101000020E6100000AFB52C5DB80107C02E5E66AB649D4540,20230420_DACIA_EIBAR_BILBAO_049,,d1,48:07.7,32:43.5,DACIA_SPRING,Dacia Spring 33 kW,33000,139,31:36.7,8.1,13.0,290,WNW,,,215.0,137.0,,1.0,42.0,,,,172.0,190.0,25.0,8.0,4.0
