timestamp_data_utc,elv_spy,speed,soc,amb_temp,soh,regenwh,Motor Pwr(w),Aux Pwr(100w),Motor Temp,Torque Nm,rpm,route_id,longitude,latitude,altitude,cumul_dist,timestamp_gps_utc,car_id,time_diff,point_geom,route_code,route_description,driver,start_timestamp,end_timestamp,car_code,car_description,capacity,ref_consumption,timestamp_weather_utc,wind_mph,wind_kph,wind_degree,wind_dir,Frontal_Wind,Veh_deg,totalVehicles,speedAvg,cars_by_speed_interval_0_80,cars_by_speed_interval_80_100,cars_by_speed_interval_100_120,cars_by_speed_interval_0_50,cars_by_speed_interval_50_80,cars_by_speed_interval_80_120,cars_by_speed_interval_120_inf,cars_by_length_interval_0_7,cars_by_length_interval_7_inf,max_speed,radius
30:57.6,,,86,,98.5,,,,,,,12,-2.2714121,43.178883,141.78833,0.0,30:57.2,6,0.45,0101000020E6100000AE1A191EDA2B02C04F7BC695E5964540,20230418_DACIA_AZPEITIA_DONOSTIA_012,,d4,30:53.2,11:06.0,DACIA_SPRING,Dacia Spring 33 kW,33000,139,30:04.6,8.1,13.0,350,N,-3.5872281089069253,26.018077033244,168,74,,,,1.0,123.0,44.0,0,146,22,25,2
31:03.1,,,86,,98.5,,,,,,,12,-2.271029,43.17907,141.31188999999998,0.037383935003338906,31:03.2,6,-0.099,0101000020E6100000158B423F112B02C02EC44DBAEB964540,20230418_DACIA_AZPEITIA_DONOSTIA_012,,d4,30:53.2,11:06.0,DACIA_SPRING,Dacia Spring 33 kW,33000,139,30:04.6,8.1,13.0,350,N,-3.0651820943212598,23.63779646123081,168,74,,,,1.0,123.0,44.0,0,146,22,25,2
31:08.6,,,86,,98.5,,,,,,,12,-2.2707434,43.179195,140.86706999999998,0.06439655847415832,31:08.3,6,0.3,0101000020E610000085D9BA8A7B2A02C044296BE5EF964540,20230418_DACIA_AZPEITIA_DONOSTIA_012,,d4,30:53.2,11:06.0,DACIA_SPRING,Dacia Spring 33 kW,33000,139,30:04.6,8.1,13.0,350,N,-4.067799252507784,28.23454573358609,168,74,,,,1.0,123.0,44.0,0,146,22,25,2
31:14.1,,,86,,98.5,,,,,,,12,-2.2705162,43.179317,139.19055,0.08733629422270173,31:14.3,6,-0.179,0101000020E6100000394EC065042A02C0710DE0EBF3964540,20230418_DACIA_AZPEITIA_DONOSTIA_012,,d4,30:53.2,11:06.0,DACIA_SPRING,Dacia Spring 33 kW,33000,139,30:04.6,8.1,13.0,350,N,2.165088704372723,0.412985012336747,168,74,,,,1.0,123.0,44.0,0,146,22,25,2
31:19.6,,,86,,98.5,,,,,,,12,-2.2701,43.17932,138.97125,0.12108626707636111,31:19.3,6,0.355,0101000020E6100000C192693C2A2902C083B55AF5F3964540,20230418_DACIA_AZPEITIA_DONOSTIA_012,,d4,30:53.2,11:06.0,DACIA_SPRING,Dacia Spring 33 kW,33000,139,30:04.6,8.1,13.0,350,N,-4.052778610687855,28.164858018422063,168,74,,,,1.0,123.0,44.0,0,146,22,25,2
31:25.1,,,86,,98.5,,,,,,,12,-2.2699263,43.179413,138.53368999999998,0.1385649005239233,31:25.3,6,-0.182,0101000020E610000096CFD12ECF2802C0E74B77F0F6964540,20230418_DACIA_AZPEITIA_DONOSTIA_012,,d4,30:53.2,11:06.0,DACIA_SPRING,Dacia Spring 33 kW,33000,139,30:04.6,8.1,13.0,350,N,-4.406746565427422,29.814773104368328,168,74,,,,1.0,123.0,44.0,0,146,22,25,2
31:30.6,,,86,,98.5,,,,,,,12,-2.2697675,43.179504,139.15466,0.15495310054646283,31:30.4,6,0.27,0101000020E61000004AFBF6E07B2802C0DF4DD8FAF9964540,20230418_DACIA_AZPEITIA_DONOSTIA_012,,d4,30:53.2,11:06.0,DACIA_SPRING,Dacia Spring 33 kW,33000,139,30:04.6,8.1,13.0,350,N,-3.6239891255244943,26.18671238309621,168,74,,,,1.0,123.0,44.0,0,146,22,25,2
31:36.2,,,86,,98.5,,,,,,,12,-2.2692266,43.17977,126.67291000000002,0.20930591334539278,31:36.4,6,-0.129,0101000020E610000046862C3D602702C04C7ACECC02974540,20230418_DACIA_AZPEITIA_DONOSTIA_012,,d4,30:53.2,11:06.0,DACIA_SPRING,Dacia Spring 33 kW,33000,139,30:04.6,8.1,13.0,350,N,-10.007143445098096,60.334160942393616,168,74,,,,1.0,123.0,44.0,0,146,22,65,2
31:41.8,,,86,,98.5,,,,,,,12,-2.2690842,43.18002,125.25464,0.23944061896941768,31:41.4,6,0.381,0101000020E6100000962112AE152702C09BCD3EEA0A974540,20230418_DACIA_AZPEITIA_DONOSTIA_012,,d4,30:53.2,11:06.0,DACIA_SPRING,Dacia Spring 33 kW,33000,139,30:04.6,8.1,13.0,350,N,-10.630100140594395,64.85521436921033,168,74,,,,1.0,123.0,44.0,0,146,22,65,2
31:47.3,,,86,,98.5,,,,,,,12,-2.2689002,43.180412,121.11041000000002,0.2856976596098123,31:47.4,6,-0.119,0101000020E61000001A882317B52602C0536639BF17974540,20230418_DACIA_AZPEITIA_DONOSTIA_012,,d4,30:53.2,11:06.0,DACIA_SPRING,Dacia Spring 33 kW,33000,139,30:04.6,8.1,13.0,350,N,-8.911496874870116,53.27492309307659,168,74,,,,1.0,123.0,44.0,0,146,22,25,2
31:52.8,,,86,,98.5,,,,,,,12,-2.2687204,43.180653,120.85797,0.3162056415275471,31:52.4,6,0.359,0101000020E6100000B692CAD2562602C0C026E79B1F974540,20230418_DACIA_AZPEITIA_DONOSTIA_012,,d4,30:53.2,11:06.0,DACIA_SPRING,Dacia Spring 33 kW,33000,139,30:04.6,8.1,13.0,350,N,-7.027809691206013,42.72454356180901,168,74,,,,1.0,123.0,44.0,0,146,22,25,2
31:58.3,,,86,,98.5,,,,,,,12,-2.2683122000000004,43.18103,121.82135,0.36962604908245955,31:58.5,6,-0.159,0101000020E610000011BCE7E1802502C03104A50D2C974540,20230418_DACIA_AZPEITIA_DONOSTIA_012,,d4,30:53.2,11:06.0,DACIA_SPRING,Dacia Spring 33 kW,33000,139,30:04.6,8.1,13.0,350,N,-6.472627498399636,39.86079364180011,168,74,,,,1.0,123.0,44.0,0,146,22,25,2
32:03.8,,,86,,98.5,,,,,,,12,-2.2679553,43.181328,121.20154,0.4136239421658622,32:03.5,6,0.3289999999999999,0101000020E6100000A75192BFC52402C0D3BAD3BE35974540,20230418_DACIA_AZPEITIA_DONOSTIA_012,,d4,30:53.2,11:06.0,DACIA_SPRING,Dacia Spring 33 kW,33000,139,33:54.5,8.1,13.0,350,N,-2.515434382287585,21.15681630313976,168,74,,,,1.0,123.0,44.0,0,146,22,25,2
32:09.4,,,86,,98.5,,,,,,,12,-2.2676659,43.18144,123.63977,0.44030089622381474,32:09.5,6,-0.16,0101000020E610000000AC2BF22D2402C0FA0F236339974540,20230418_DACIA_AZPEITIA_DONOSTIA_012,,d4,30:53.2,11:06.0,DACIA_SPRING,Dacia Spring 33 kW,33000,139,33:54.5,8.1,13.0,350,N,-5.512678077577058,35.09068295730923,168,74,,,,1.0,123.0,44.0,0,146,22,25,2
32:15.2,,,86,,98.5,,,,,,,12,-2.2673428,43.181667,123.03998,0.47668490726251256,32:15.6,6,-0.397,0101000020E610000045F594A4842302C0141E76D740974540,20230418_DACIA_AZPEITIA_DONOSTIA_012,,d4,30:53.2,11:06.0,DACIA_SPRING,Dacia Spring 33 kW,33000,139,33:54.5,8.1,13.0,350,N,-6.609237028410111,40.55750271619483,168,74,,,,1.0,123.0,44.0,0,146,22,25,2
32:20.7,,,86,,98.5,,,,,,,12,-2.2671056,43.18187,125.462524,0.5064386117144851,32:20.6,6,0.081,0101000020E6100000AEA0C442082302C0471DA18F47974540,20230418_DACIA_AZPEITIA_DONOSTIA_012,,d4,30:53.2,11:06.0,DACIA_SPRING,Dacia Spring 33 kW,33000,139,33:54.5,8.1,13.0,350,N,-4.730307492147699,31.338045244232976,168,74,,,,1.0,123.0,44.0,0,146,22,25,2
32:26.2,,,86,,98.5,,,,,,,12,-2.2667558,43.182083,129.46289,0.5436055459742111,32:26.6,6,-0.4479999999999999,0101000020E6100000832568DD502202C0FC7843754E974540,20230418_DACIA_AZPEITIA_DONOSTIA_012,,d4,30:53.2,11:06.0,DACIA_SPRING,Dacia Spring 33 kW,33000,139,33:54.5,8.1,13.0,350,N,-5.26640116290131,33.89788147593785,168,74,,,,1.0,123.0,44.0,0,146,22,25,2
32:31.6,,,86,,98.5,,,,,,,12,-2.26654,43.182228,128.68024,0.5674116246047937,32:31.6,6,-0.063,0101000020E61000009F94A4C6DF2102C03B6D324F53974540,20230418_DACIA_AZPEITIA_DONOSTIA_012,,d4,30:53.2,11:06.0,DACIA_SPRING,Dacia Spring 33 kW,33000,139,33:54.5,8.1,13.0,350,N,-5.921530486844421,37.09726065680574,168,74,,,,1.0,123.0,44.0,0,146,22,25,2
32:37.2,,,86,,98.5,,,,,,,12,-2.266339,43.18238,127.69397,0.5909114103684092,32:37.7,6,-0.493,0101000020E610000023CE1652762102C03ED3A64558974540,20230418_DACIA_AZPEITIA_DONOSTIA_012,,d4,30:53.2,11:06.0,DACIA_SPRING,Dacia Spring 33 kW,33000,139,33:54.5,8.1,13.0,350,N,-7.750379906682867,46.59701648696831,168,74,,,,1.0,123.0,44.0,0,146,22,25,2
32:42.6,,,86,,98.5,,,,,,,12,-2.2661943,43.182533,129.21204,0.6116331409835079,32:42.7,6,-0.121,0101000020E61000006D9CA08F2A2102C0D01DCC3F5D974540,20230418_DACIA_AZPEITIA_DONOSTIA_012,,d4,30:53.2,11:06.0,DACIA_SPRING,Dacia Spring 33 kW,33000,139,33:54.5,8.1,13.0,350,N,-5.223257474543491,33.69006752612658,168,74,,,,1.0,123.0,44.0,0,146,22,25,2
32:48.1,,,86,,98.5,,,,,,,12,-2.2659543,43.182693,131.56665,0.6381045906477145,32:47.8,6,0.313,0101000020E6100000A242D89DAC2002C0AA8A807562974540,20230418_DACIA_AZPEITIA_DONOSTIA_012,,d4,30:53.2,11:06.0,DACIA_SPRING,Dacia Spring 33 kW,33000,139,33:54.5,8.1,13.0,350,N,-1.5907671230604914,17.02871142392748,168,74,,,,1.0,123.0,44.0,0,146,22,25,2
32:53.8,,,86,,98.5,,,,,,,12,-2.265889,43.182713,132.91553000000002,0.6440035391430997,32:53.7,6,0.046,0101000020E610000048586D618A2002C03E84441C63974540,20230418_DACIA_AZPEITIA_DONOSTIA_012,,d4,30:53.2,11:06.0,DACIA_SPRING,Dacia Spring 33 kW,33000,139,33:54.5,8.1,13.0,350,N,-4.162197192545507,28.67314648918679,168,74,,,,1.0,123.0,44.0,0,146,22,25,2
32:59.4,,,86,,98.5,,,,,,,12,-2.2656202000000003,43.18286,130.89948,0.6713209722910144,32:59.7,6,-0.319,0101000020E6100000D8440B75FD1F02C0B975920868974540,20230418_DACIA_AZPEITIA_DONOSTIA_012,,d4,30:53.2,11:06.0,DACIA_SPRING,Dacia Spring 33 kW,33000,139,33:54.5,8.1,13.0,350,N,-2.6751942599123195,21.87540768414695,168,74,,,,1.0,123.0,44.0,0,146,22,25,2
33:04.9,,,86,,98.5,,,,,,,12,-2.2652466,43.18301,132.95563,0.7059620658208414,33:04.8,6,0.099,0101000020E6100000E3D19D92391F02C004F603E46C974540,20230418_DACIA_AZPEITIA_DONOSTIA_012,,d4,30:53.2,11:06.0,DACIA_SPRING,Dacia Spring 33 kW,33000,139,33:54.5,8.1,13.0,350,N,-4.844973262915423,31.8816280022249,168,74,,,,1.0,123.0,44.0,0,146,22,25,2
33:10.4,,,86,,98.5,,,,,,,12,-2.2647257,43.183334,134.21313,0.7614894901999152,33:10.8,6,-0.392,0101000020E6100000C845B588281E02C093B1D28B77974540,20230418_DACIA_AZPEITIA_DONOSTIA_012,,d4,30:53.2,11:06.0,DACIA_SPRING,Dacia Spring 33 kW,33000,139,33:54.5,8.1,13.0,350,N,-5.059985729960323,32.90657580608887,168,74,,,,1.0,123.0,44.0,0,146,22,8,2
33:16.0,,,86,,98.5,,,,,,,12,-2.264191,43.18368,135.04846,0.8194584938487011,33:15.8,6,0.2,0101000020E6100000C8CDB21F101D02C034A39BD482974540,20230418_DACIA_AZPEITIA_DONOSTIA_012,,d4,30:53.2,11:06.0,DACIA_SPRING,Dacia Spring 33 kW,33000,139,33:54.5,8.1,13.0,350,N,-4.705012044526447,31.21840276501748,168,74,,,,1.0,123.0,44.0,0,146,22,8,2
33:21.5,,,86,,98.5,,,,,,,12,-2.263828,43.1839,132.8432,0.8577928461680016,33:21.9,6,-0.33,0101000020E610000006C015DC511C02C0965C07FF89974540,20230418_DACIA_AZPEITIA_DONOSTIA_012,,d4,30:53.2,11:06.0,DACIA_SPRING,Dacia Spring 33 kW,33000,139,33:54.5,8.1,13.0,350,N,-5.223257474433254,33.690067525596014,168,74,,,,1.0,123.0,44.0,0,146,22,30,1
33:27.0,,,86,,98.5,,,,,,,12,-2.263675,43.184002,134.89331,0.8747258663433696,33:26.9,6,0.146,0101000020E6100000C49516A2011C02C0A0A3D9658D974540,20230418_DACIA_AZPEITIA_DONOSTIA_012,,d4,30:53.2,11:06.0,DACIA_SPRING,Dacia Spring 33 kW,33000,139,33:54.5,8.1,13.0,350,N,-4.4292632288305445,29.920292772870468,168,74,,,,1.0,123.0,44.0,0,146,22,30,1
33:32.5,,,86,,98.5,,,,,,,12,-2.2633379,43.184196,133.03278,0.9095945260693512,33:32.9,6,-0.3779999999999999,0101000020E610000006D228D1501B02C03795DAC593974540,20230418_DACIA_AZPEITIA_DONOSTIA_012,,d4,30:53.2,11:06.0,DACIA_SPRING,Dacia Spring 33 kW,33000,139,33:54.5,8.1,13.0,350,N,2.943147640856141,-3.0849799420844377,168,74,,,,1.0,123.0,44.0,0,146,22,30,1
33:38.0,,,86,,98.5,,,,,,,12,-2.2629297000000004,43.184174,132.30792,0.9427890188185026,33:38.0,6,0.089,0101000020E61000009D8D09EF7A1A02C02607050893974540,20230418_DACIA_AZPEITIA_DONOSTIA_012,,d4,30:53.2,11:06.0,DACIA_SPRING,Dacia Spring 33 kW,33000,139,33:54.5,8.1,13.0,350,N,1.6764123152698256,2.590801985347301,168,74,,,,1.0,123.0,44.0,0,146,22,25,1
33:43.6,,,86,,98.5,,,,,,,12,-2.2624435000000003,43.184196,133.45416,0.9823019042945229,33:44.0,6,-0.368,0101000020E610000014F40F097C1902C09DD014CF93974540,20230418_DACIA_AZPEITIA_DONOSTIA_012,,d4,30:53.2,11:06.0,DACIA_SPRING,Dacia Spring 33 kW,33000,139,33:54.5,8.1,13.0,350,N,-2.414427847350888,20.703417175362112,168,74,,,,1.0,123.0,44.0,0,146,22,30,1
33:49.1,,,86,,98.5,,,,,,,12,-2.2621498,43.184307,127.816956,1.0097093216161583,33:49.0,6,0.128,0101000020E6100000BC67F207E21802C0BE87C75597974540,20230418_DACIA_AZPEITIA_DONOSTIA_012,,d4,30:53.2,11:06.0,DACIA_SPRING,Dacia Spring 33 kW,33000,139,33:54.5,8.1,13.0,350,N,-4.21882542846796,28.9368017450544,168,74,,,,1.0,123.0,44.0,0,146,22,25,1
33:54.7,,,86,,98.5,,,,,,,12,-2.2617157000000003,43.184547,126.51007,1.0538982006242823,33:55.0,6,-0.291,0101000020E610000090684461FE1702C0D25B344B9F974540,20230418_DACIA_AZPEITIA_DONOSTIA_012,,d4,30:53.2,11:06.0,DACIA_SPRING,Dacia Spring 33 kW,33000,139,33:54.5,8.1,13.0,350,N,-8.579362853945675,51.29613502379671,168,74,,,,1.0,123.0,44.0,0,146,22,25,1
34:00.2,,,86,,98.5,,,,,,,12,-2.2614617000000004,43.184864000000005,128.8324,1.094787990146633,34:00.0,6,0.23,0101000020E6100000276FBA44791702C08BCFF0A8A9974540,20230418_DACIA_AZPEITIA_DONOSTIA_012,,d4,30:53.2,11:06.0,DACIA_SPRING,Dacia Spring 33 kW,33000,139,33:54.5,8.1,13.0,350,N,-12.81147428370694,90.23038388576404,168,74,,,,1.0,123.0,44.0,0,146,22,25,1
34:05.6,,,86,,98.5,,,,,,,12,-2.261464,43.185436,125.8811,1.1584601968672756,34:06.1,6,-0.428,0101000020E61000009E03D3827A1702C017C9CB58BC974540,20230418_DACIA_AZPEITIA_DONOSTIA_012,,d4,30:53.2,11:06.0,DACIA_SPRING,Dacia Spring 33 kW,33000,139,33:54.5,8.1,13.0,350,N,-12.969109454756026,103.95061561510904,168,74,,,,1.0,123.0,44.0,0,146,22,25,1
34:11.2,,,86,,98.5,,,,,,,12,-2.2615266,43.185688,121.933716,1.1872095420613844,34:11.1,6,0.087,0101000020E610000034B0023A9B1702C0A70BCA97C4974540,20230418_DACIA_AZPEITIA_DONOSTIA_012,,d4,30:53.2,11:06.0,DACIA_SPRING,Dacia Spring 33 kW,33000,139,33:54.5,8.1,13.0,350,N,-12.94027223495672,94.5055970727702,168,74,,,,1.0,123.0,44.0,0,146,22,25,1
34:16.7,,,86,,98.5,,,,,,,12,-2.261566,43.186188,131.06909,1.2436430180764697,34:17.1,6,-0.431,0101000020E6100000B828EDECAF1702C0E0BB8BFFD4974540,20230418_DACIA_AZPEITIA_DONOSTIA_012,,d4,30:53.2,11:06.0,DACIA_SPRING,Dacia Spring 33 kW,33000,139,33:54.5,8.1,13.0,350,N,-12.7010541884978,87.68886854721995,168,74,,,,1.0,123.0,44.0,0,146,22,25,1
34:22.6,,,86,,98.5,,,,,,,12,-2.261548,43.186634000000005,134.95819,1.2934096159565422,34:22.1,6,0.424,0101000020E610000052DE017DA61702C09D5BCFADE3974540,20230418_DACIA_AZPEITIA_DONOSTIA_012,,d4,30:53.2,11:06.0,DACIA_SPRING,Dacia Spring 33 kW,33000,139,33:54.5,8.1,13.0,350,N,-12.869711258465586,91.88136937046065,168,74,,,,1.0,123.0,44.0,0,146,22,25,1
34:28.1,,,86,,98.5,,,,,,,12,-2.2615682999999995,43.187252,141.1687,1.3624277769675754,34:28.2,6,-0.1,0101000020E610000082638511B11702C08D0808DEF7974540,20230418_DACIA_AZPEITIA_DONOSTIA_012,,d4,30:53.2,11:06.0,DACIA_SPRING,Dacia Spring 33 kW,33000,139,33:54.5,8.1,13.0,350,N,-11.984730573710252,77.20579661421374,168,74,,,,1.0,123.0,44.0,0,146,22,25,1
34:33.8,,,86,,98.5,,,,,,,12,-2.2614677000000003,43.187695,141.86792,1.412362676513118,34:34.2,6,-0.363,0101000020E6100000311996587C1702C074F9E66906984540,20230418_DACIA_AZPEITIA_DONOSTIA_012,,d4,30:53.2,11:06.0,DACIA_SPRING,Dacia Spring 33 kW,33000,139,35:06.8,8.1,13.0,50,NE,-7.137754709704297,-16.69758444804476,168,74,,,,1.0,123.0,44.0,0,146,22,25,1
34:39.3,,,86,,98.5,,,,,,,12,-2.261151,43.1876,131.94933999999998,1.4418453908324913,34:39.2,6,0.125,0101000020E610000015529F60D61602C00AAE243F03984540,20230418_DACIA_AZPEITIA_DONOSTIA_012,,d4,30:53.2,11:06.0,DACIA_SPRING,Dacia Spring 33 kW,33000,139,35:06.8,8.1,13.0,50,NE,-8.851459140637926,-7.087437139164089,168,74,,,,1.0,123.0,44.0,0,146,22,25,1
34:44.9,,,86,,98.5,,,,,,,12,-2.2609258,43.187572,132.40923999999998,1.460372549410117,34:45.2,6,-0.34,0101000020E61000005212AF3E601602C0B7C5255C02984540,20230418_DACIA_AZPEITIA_DONOSTIA_012,,d4,30:53.2,11:06.0,DACIA_SPRING,Dacia Spring 33 kW,33000,139,35:06.8,8.1,13.0,50,NE,-12.916429296999672,46.50018792009089,168,74,,,,1.0,123.0,44.0,0,146,22,65,1
34:50.4,,,86,,98.5,,,,,,,12,-2.2606525,43.18786,126.51543999999998,1.499758300483658,34:50.2,6,0.1889999999999999,0101000020E6100000A78C6602D11502C0E23C7BB20B984540,20230418_DACIA_AZPEITIA_DONOSTIA_012,,d4,30:53.2,11:06.0,DACIA_SPRING,Dacia Spring 33 kW,33000,139,35:06.8,8.1,13.0,50,NE,-12.985450510280945,42.71100518549322,168,74,,,,1.0,123.0,44.0,0,146,22,65,1
34:56.4,,,86,,98.5,,,,,,,12,-2.2600632000000003,43.188404,124.715576,1.576861363971418,34:56.4,6,-0.004,0101000020E6100000F25686069C1402C01536A8A21D984540,20230418_DACIA_AZPEITIA_DONOSTIA_012,,d4,30:53.2,11:06.0,DACIA_SPRING,Dacia Spring 33 kW,33000,139,35:06.8,8.1,13.0,50,NE,-12.88405346032539,47.6580494662876,168,74,,,,1.0,123.0,44.0,0,146,22,25,1
35:03.8,,,86,,98.5,,,,,,,12,-2.2592950000000003,43.189247,117.82434,1.6896131090968411,35:03.8,6,-0.018,0101000020E610000025852647091302C05450F63B39984540,20230418_DACIA_AZPEITIA_DONOSTIA_012,,d4,30:53.2,11:06.0,DACIA_SPRING,Dacia Spring 33 kW,33000,139,35:06.8,8.1,13.0,50,NE,-11.630322673292811,66.53774731330408,168,74,,,,1.0,123.0,44.0,0,146,22,65,1
35:09.4,,,86,,98.5,,,,,,,12,-2.2588792,43.190205,115.373474,1.8013711182378904,35:09.3,6,0.0289999999999999,0101000020E61000007DF1A0342F1202C02645D8AE58984540,20230418_DACIA_AZPEITIA_DONOSTIA_012,,d4,30:53.2,11:06.0,DACIA_SPRING,Dacia Spring 33 kW,33000,139,35:06.8,8.1,13.0,50,NE,-9.19010372983456,85.01423696263296,168,74,,,,1.0,123.0,44.0,0,146,22,65,1
35:15.0,,,86,,98.5,,,,,,,12,-2.2587917,43.191208,116.50812,1.913130752034515,35:15.4,6,-0.381,0101000020E6100000CA96BC6C011202C09E3FAF7079984540,20230418_DACIA_AZPEITIA_DONOSTIA_012,,d4,30:53.2,11:06.0,DACIA_SPRING,Dacia Spring 33 kW,33000,139,35:06.8,8.1,13.0,50,NE,-3.5311433747084955,114.23892912841636,168,74,,,,1.0,123.0,44.0,0,146,22,8,1
35:20.6,,,86,,98.5,,,,,,,12,-2.2591753,43.19206,115.64783,2.0128459803642382,35:20.5,6,0.106,0101000020E6100000980B4381CA1202C025BD5E5095984540,20230418_DACIA_AZPEITIA_DONOSTIA_012,,d4,30:53.2,11:06.0,DACIA_SPRING,Dacia Spring 33 kW,33000,139,35:06.8,8.1,13.0,50,NE,-5.076425830623614,107.01474064788654,168,74,,,,1.0,123.0,44.0,0,146,22,25,1
35:26.5,,,86,,98.5,,,,,,,12,-2.2594807,43.193058,112.25696,2.1265972931937593,35:26.5,6,-0.012,0101000020E610000029BA68A76A1302C07FC40A12B6984540,20230418_DACIA_AZPEITIA_DONOSTIA_012,,d4,30:53.2,11:06.0,DACIA_SPRING,Dacia Spring 33 kW,33000,139,35:06.8,8.1,13.0,50,NE,-10.654125405665413,74.9604168038158,168,74,,,,1.0,123.0,44.0,0,146,22,25,1
35:32.1,,,86,,98.5,,,,,,,12,-2.2592018,43.194096,112.46918,2.2442114127630592,35:32.5,6,-0.363,0101000020E6100000BB26E651D81202C091385421D8984540,20230418_DACIA_AZPEITIA_DONOSTIA_012,,d4,30:53.2,11:06.0,DACIA_SPRING,Dacia Spring 33 kW,33000,139,35:06.8,8.1,13.0,50,NE,-12.959727489989014,44.51110029764345,168,74,,,,1.0,123.0,44.0,0,146,22,25,1
35:37.7,,,85,,98.5,,,,,,,12,-2.2584572,43.194828,112.29547,2.345545378613201,35:37.5,6,0.225,0101000020E6100000DC1AE80C521102C09191BB21F0984540,20230418_DACIA_AZPEITIA_DONOSTIA_012,,d4,30:53.2,11:06.0,DACIA_SPRING,Dacia Spring 33 kW,33000,139,35:06.8,8.1,13.0,50,NE,-12.972708632861162,36.28674643422087,168,74,,,,1.0,123.0,44.0,0,146,22,65,1
35:43.2,,,85,,98.5,,,,,,,12,-2.2573104,43.19567,117.3833,2.477583492051604,35:43.5,6,-0.3329999999999999,0101000020E61000007BF69EC2F80E02C0E2BE1FC80B994540,20230418_DACIA_AZPEITIA_DONOSTIA_012,,d4,30:53.2,11:06.0,DACIA_SPRING,Dacia Spring 33 kW,33000,139,35:06.8,8.1,13.0,50,NE,-12.980631944094684,43.12797233484156,168,74,,,,1.0,123.0,44.0,0,146,22,65,1
35:48.7,,,85,,98.5,,,,,,,12,-2.2564905,43.196438,118.97095,2.5858086120983694,35:48.5,6,0.181,0101000020E61000007AB50ED44A0D02C0B8086BE724994540,20230418_DACIA_AZPEITIA_DONOSTIA_012,,d4,30:53.2,11:06.0,DACIA_SPRING,Dacia Spring 33 kW,33000,139,35:06.8,8.1,13.0,50,NE,-11.044789749132187,71.83189585888182,168,74,,,,1.0,123.0,44.0,0,146,22,65,1
35:54.7,,,85,,98.5,,,,,,,12,-2.25612,43.197567,119.83539,2.714893104858986,35:54.7,6,0.009,0101000020E6100000553A719C880C02C03318C0E749994540,20230418_DACIA_AZPEITIA_DONOSTIA_012,,d4,30:53.2,11:06.0,DACIA_SPRING,Dacia Spring 33 kW,33000,139,35:06.8,8.1,13.0,50,NE,-5.9031069264547815,102.99391350869917,168,74,,,,1.0,123.0,44.0,0,146,22,8,1
36:00.1,,,85,,98.5,,,,,,,12,-2.2563946,43.198757,123.461426,2.8491231949512317,36:00.6,6,-0.489,0101000020E61000004DC94993180D02C07FA5D2D370994540,20230418_DACIA_AZPEITIA_DONOSTIA_012,,d4,30:53.2,11:06.0,DACIA_SPRING,Dacia Spring 33 kW,33000,139,35:06.8,8.1,13.0,50,NE,-2.5045646910089427,118.89200914188282,168,74,,,,1.0,123.0,44.0,0,146,22,8,1
36:05.7,,,85,,98.5,,,,,,,12,-2.2568874,43.19965,122.14075,2.956162029939182,36:05.6,6,0.135,0101000020E6100000F2D334FF1A0E02C0F938EC218E994540,20230418_DACIA_AZPEITIA_DONOSTIA_012,,d4,30:53.2,11:06.0,DACIA_SPRING,Dacia Spring 33 kW,33000,139,35:06.8,8.1,13.0,50,NE,-6.442206413591812,100.29368924461872,168,74,,,,1.0,123.0,44.0,0,146,22,8,1
36:12.2,,,85,,98.5,,,,,,,12,-2.2571008,43.200825,119.79834,3.0879769481059345,36:12.1,6,0.05,0101000020E6100000ADC94BE58A0E02C050B14191B4994540,20230418_DACIA_AZPEITIA_DONOSTIA_012,,d4,30:53.2,11:06.0,DACIA_SPRING,Dacia Spring 33 kW,33000,139,35:06.8,8.1,13.0,50,NE,-10.225870651746868,78.13059389277151,168,74,,,,1.0,123.0,44.0,0,146,22,25,1
36:17.8,,,85,,98.5,,,,,,,12,-2.2568612,43.201965,117.493835,3.2162389609243798,36:17.7,6,0.159,0101000020E610000053E7F6370D0E02C09CC63006DA994540,20230418_DACIA_AZPEITIA_DONOSTIA_012,,d4,30:53.2,11:06.0,DACIA_SPRING,Dacia Spring 33 kW,33000,139,35:06.8,8.1,13.0,50,NE,-12.979035917434093,43.25433505849929,168,74,,,,1.0,123.0,44.0,0,146,22,25,2
36:23.5,,,85,,98.5,,,,,,,12,-2.255928,43.202843,113.27527,3.3398134467371987,36:23.7,6,-0.166,0101000020E6100000BECF230C240C02C0F3BCA7B4F6994540,20230418_DACIA_AZPEITIA_DONOSTIA_012,,d4,30:53.2,11:06.0,DACIA_SPRING,Dacia Spring 33 kW,33000,139,35:06.8,8.1,13.0,50,NE,-12.144013729840966,19.092039672629497,168,74,,,,1.0,123.0,44.0,0,146,22,65,2
36:29.2,,,85,,98.5,,,,,,,12,-2.254573,43.203312,114.91913,3.4614047869956215,36:29.7,6,-0.4629999999999999,0101000020E6100000B8B9C6A15D0902C07432271E069A4540,20230418_DACIA_AZPEITIA_DONOSTIA_012,,d4,30:53.2,11:06.0,DACIA_SPRING,Dacia Spring 33 kW,33000,139,35:06.8,8.1,13.0,50,NE,-12.73536516019912,28.41945613051727,168,74,,,,1.0,123.0,44.0,0,146,22,25,2
36:35.0,,,84,,98.5,,,,,,,12,-2.2536213,43.203827,113.15234,3.5574918298485105,36:34.7,6,0.299,0101000020E61000004683CAAE6A0702C0C58424F5169A4540,20230418_DACIA_AZPEITIA_DONOSTIA_012,,d4,30:53.2,11:06.0,DACIA_SPRING,Dacia Spring 33 kW,33000,139,35:06.8,8.1,13.0,50,NE,-12.941856892002685,45.42097089177225,168,74,,,,1.0,123.0,44.0,0,146,22,25,2
36:40.6,,,84,,98.5,,,,,,,12,-2.2526891,43.204773,124.19281,3.6874753262917412,36:40.8,6,-0.155,0101000020E61000000BCFAEEF810502C0AF727002369A4540,20230418_DACIA_AZPEITIA_DONOSTIA_012,,d4,30:53.2,11:06.0,DACIA_SPRING,Dacia Spring 33 kW,33000,139,35:06.8,8.1,13.0,50,NE,-12.99642950476102,41.34288902280858,168,74,,,,1.0,123.0,44.0,0,146,22,65,2
36:46.9,,,84,,98.5,,,,,,,12,-2.2517378,43.20561,123.50922,3.808336724492022,36:46.9,6,0.0289999999999999,0101000020E61000008D8ED4108F0302C0BF823463519A4540,20230418_DACIA_AZPEITIA_DONOSTIA_012,,d4,30:53.2,11:06.0,DACIA_SPRING,Dacia Spring 33 kW,33000,139,35:06.8,8.1,13.0,50,NE,-12.999989425122616,39.9269191392714,168,74,,,,1.0,123.0,44.0,0,146,22,8,2
36:52.6,,,84,,98.5,,,,,,,12,-2.2510424,43.206192,128.05585,3.8942752919853967,36:52.4,6,0.154,0101000020E6100000EEDB9C8C220202C0FC64B58E649A4540,20230418_DACIA_AZPEITIA_DONOSTIA_012,,d4,30:53.2,11:06.0,DACIA_SPRING,Dacia Spring 33 kW,33000,139,35:06.8,8.1,13.0,50,NE,-7.003274893323851,97.40389908261052,168,74,,,,1.0,123.0,44.0,0,146,22,8,2
36:58.1,,,84,,98.5,,,,,,,12,-2.2511396,43.20694,128.77032,3.977824406019541,36:57.8,6,0.291,0101000020E6100000510D7F76550202C05BD230007D9A4540,20230418_DACIA_AZPEITIA_DONOSTIA_012,,d4,30:53.2,11:06.0,DACIA_SPRING,Dacia Spring 33 kW,33000,139,35:06.8,8.1,13.0,50,NE,6.286265769832689,158.91809888523147,168,74,,,,1.0,123.0,44.0,0,146,22,8,2
37:03.5,,,84,,98.5,,,,,,,12,-2.2521772,43.20734,128.99475,4.0729579936052325,37:03.8,6,-0.309,0101000020E610000071317171750402C013C74F1D8A9A4540,20230418_DACIA_AZPEITIA_DONOSTIA_012,,d4,30:53.2,11:06.0,DACIA_SPRING,Dacia Spring 33 kW,33000,139,38:54.5,8.1,13.0,350,N,-5.02138739316398,167.27797977230898,168,74,,,,1.0,123.0,44.0,0,146,22,65,2
37:09.0,,,84,,98.5,,,,,,,12,-2.2530055,43.207527,127.25067,4.143258018025806,37:08.8,6,0.147,0101000020E61000009E0A76CB270602C05170EB4D909A4540,20230418_DACIA_AZPEITIA_DONOSTIA_012,,d4,30:53.2,11:06.0,DACIA_SPRING,Dacia Spring 33 kW,33000,139,38:54.5,8.1,13.0,350,N,-7.977312019995937,152.14687794116222,168,74,,,,1.0,123.0,44.0,0,146,22,65,2
37:14.5,,,84,,98.5,,,,,,,12,-2.2535543,43.207817,114.30444,4.199700991706874,37:14.9,6,-0.372,0101000020E6100000B8A38B8F470702C05EE155BD999A4540,20230418_DACIA_AZPEITIA_DONOSTIA_012,,d4,30:53.2,11:06.0,DACIA_SPRING,Dacia Spring 33 kW,33000,139,38:54.5,8.1,13.0,350,N,-3.083070328402861,176.28106221603306,168,74,,,,1.0,123.0,44.0,0,146,22,65,2
18/04/2023 13:37,,,84,,98.5,,,,,,,12,-2.254062,43.20785,112.782715,4.241039966225503,37:19.9,6,0.118,0101000020E6100000354069A8510802C0CFD7D1DD9A9A4540,20230418_DACIA_AZPEITIA_DONOSTIA_012,,d4,30:53.2,11:06.0,DACIA_SPRING,Dacia Spring 33 kW,33000,139,38:54.5,8.1,13.0,350,N,-5.094571533602792,166.92784070873586,168,74,,,,1.0,123.0,44.0,0,146,22,65,2
37:25.4,,,84,,98.5,,,,,,,12,-2.255087,43.208088,111.54309,4.328235479094607,37:25.9,6,-0.451,0101000020E61000000B7B3D0C6B0A02C07DAD8DA9A29A4540,20230418_DACIA_AZPEITIA_DONOSTIA_012,,d4,30:53.2,11:06.0,DACIA_SPRING,Dacia Spring 33 kW,33000,139,38:54.5,8.1,13.0,350,N,-6.854910382327511,158.1767385776806,168,74,,,,1.0,123.0,44.0,0,146,22,8,2
37:31.0,,,84,,98.5,,,,,,,12,-2.255991,43.20845,103.61536,4.412205989312308,37:30.9,6,0.043,0101000020E610000077FA5AFA440C02C012778A8FAE9A4540,20230418_DACIA_AZPEITIA_DONOSTIA_012,,d4,30:53.2,11:06.0,DACIA_SPRING,Dacia Spring 33 kW,33000,139,38:54.5,8.1,13.0,350,N,-11.924863172436986,123.46590910119116,168,74,,,,1.0,123.0,44.0,0,146,22,8,2
37:36.6,,,84,,98.5,,,,,,,12,-2.2565813,43.209343,98.565,4.522542778978483,37:36.9,6,-0.344,0101000020E61000004AB1E58D7A0D02C086C099B1CB9A4540,20230418_DACIA_AZPEITIA_DONOSTIA_012,,d4,30:53.2,11:06.0,DACIA_SPRING,Dacia Spring 33 kW,33000,139,38:54.5,8.1,13.0,350,N,-12.750483810352891,111.24378193276677,168,74,,,,1.0,123.0,44.0,0,146,22,8,2
37:42.2,,,84,,98.5,,,,,,,12,-2.256965,43.21033,99.19629,4.636614415001571,37:42.0,6,0.211,0101000020E6100000CC2C0095430E02C04C6B781FEC9A4540,20230418_DACIA_AZPEITIA_DONOSTIA_012,,d4,30:53.2,11:06.0,DACIA_SPRING,Dacia Spring 33 kW,33000,139,38:54.5,8.1,13.0,350,N,-12.68593392447846,112.61986494809464,168,74,,,,1.0,123.0,44.0,0,146,22,8,3
37:47.7,,,84,,98.5,,,,,,,12,-2.2574650000000003,43.21153,93.11438,4.7761980606795715,37:48.0,6,-0.3339999999999999,0101000020E6100000FE1F50CB490F02C01AC4E667139B4540,20230418_DACIA_AZPEITIA_DONOSTIA_012,,d4,30:53.2,11:06.0,DACIA_SPRING,Dacia Spring 33 kW,33000,139,38:54.5,8.1,13.0,350,N,-12.662086347540932,113.09224337047776,168,74,,,,1.0,123.0,44.0,0,146,22,8,3
37:53.2,,,84,,98.5,,,,,,,12,-2.2578368,43.212402,87.46002,4.877891189198976,37:53.0,6,0.209,0101000020E61000003B6F84C10C1002C076D20CF32F9B4540,20230418_DACIA_AZPEITIA_DONOSTIA_012,,d4,30:53.2,11:06.0,DACIA_SPRING,Dacia Spring 33 kW,33000,139,38:54.5,8.1,13.0,350,N,-10.426086836044547,136.67784432052838,168,74,,,,1.0,123.0,44.0,0,146,22,8,3
37:58.7,,,84,,98.5,,,,,,,12,-2.2587996,43.21331,85.36999499999999,5.005509084834817,37:59.0,6,-0.314,0101000020E6100000D95D3D7A051202C037386CB64D9B4540,20230418_DACIA_AZPEITIA_DONOSTIA_012,,d4,30:53.2,11:06.0,DACIA_SPRING,Dacia Spring 33 kW,33000,139,38:54.5,8.1,13.0,350,N,-11.62964708377554,126.54441094192576,168,74,,,,1.0,123.0,44.0,0,146,22,8,3
38:04.2,,,84,,98.5,,,,,,,12,-2.259374,43.214085,88.570435,5.103505873438891,38:04.1,6,0.1169999999999999,0101000020E6100000BCAE3EA2321302C01F45841C679B4540,20230418_DACIA_AZPEITIA_DONOSTIA_012,,d4,30:53.2,11:06.0,DACIA_SPRING,Dacia Spring 33 kW,33000,139,38:54.5,8.1,13.0,350,N,-11.533782550156362,72.52522574376339,168,74,,,,1.0,123.0,44.0,0,146,22,25,3
38:09.7,,,84,,98.5,,,,,,,12,-2.2589915,43.2153,93.704895,5.242213072522011,38:10.1,6,-0.417,0101000020E6100000B2B7182C6A1202C0523DE30C8F9B4540,20230418_DACIA_AZPEITIA_DONOSTIA_012,,d4,30:53.2,11:06.0,DACIA_SPRING,Dacia Spring 33 kW,33000,139,38:54.5,8.1,13.0,350,N,-7.687549042899362,46.25286169988078,168,74,,,,1.0,123.0,44.0,0,146,22,25,3
38:15.2,,,84,,98.5,,,,,,,12,-2.25822,43.216106,96.555786,5.35152529232291,38:15.1,6,0.121,0101000020E61000002E02A599D51002C0A3203660A99B4540,20230418_DACIA_AZPEITIA_DONOSTIA_012,,d4,30:53.2,11:06.0,DACIA_SPRING,Dacia Spring 33 kW,33000,139,38:54.5,8.1,13.0,350,N,-7.709103838877368,46.37075595475883,168,74,,,,1.0,123.0,44.0,0,146,22,40,3
38:20.8,,,84,,98.5,,,,,,,12,-2.257343,43.217026,100.85498,5.476162079651782,38:21.2,6,-0.327,0101000020E6100000F56440EE090F02C0C4EE3B86C79B4540,20230418_DACIA_AZPEITIA_DONOSTIA_012,,d4,30:53.2,11:06.0,DACIA_SPRING,Dacia Spring 33 kW,33000,139,38:54.5,8.1,13.0,350,N,-9.08610761010146,54.34132918834987,168,74,,,,1.0,123.0,44.0,0,146,22,65,3
38:26.4,,,84,,98.5,,,,,,,12,-2.25699,43.217518,101.111084,5.537897643748088,38:26.2,6,0.128,0101000020E6100000B90286BC500E02C0AFB4089CD79B4540,20230418_DACIA_AZPEITIA_DONOSTIA_012,,d4,30:53.2,11:06.0,DACIA_SPRING,Dacia Spring 33 kW,33000,139,38:54.5,8.1,13.0,350,N,-12.490498379674644,83.90587153697315,168,74,,,,1.0,123.0,44.0,0,146,22,25,3
38:31.9,,,84,,98.5,,,,,,,12,-2.2568748,43.218597,93.19885,5.658499408516962,38:32.2,6,-0.294,0101000020E61000007FBFFB57140E02C091ADF4FBFA9B4540,20230418_DACIA_AZPEITIA_DONOSTIA_012,,d4,30:53.2,11:06.0,DACIA_SPRING,Dacia Spring 33 kW,33000,139,38:54.5,8.1,13.0,350,N,-12.970261767535234,96.12379841976151,168,74,,,,1.0,123.0,44.0,0,146,22,65,3
38:37.4,,,83,,98.5,,,,,,,12,-2.256969,43.219475,97.19568,5.756508036403984,38:37.2,6,0.243,0101000020E61000000C4CFABD450E02C00092A7B4179C4540,20230418_DACIA_AZPEITIA_DONOSTIA_012,,d4,30:53.2,11:06.0,DACIA_SPRING,Dacia Spring 33 kW,33000,139,38:54.5,8.1,13.0,350,N,-12.99062866870862,97.82433165836268,171,74,,,,4.0,120.0,47.0,0,150,21,65,4
38:42.9,,,83,,98.5,,,,,,,12,-2.2571115,43.220512,93.959595,5.872439055651125,38:43.2,6,-0.312,0101000020E6100000CEC77385900E02C0603CE6B0399C4540,20230418_DACIA_AZPEITIA_DONOSTIA_012,,d4,30:53.2,11:06.0,DACIA_SPRING,Dacia Spring 33 kW,33000,139,38:54.5,8.1,13.0,350,N,-12.975048327640078,96.44953470386828,171,74,,,,4.0,120.0,47.0,0,150,21,8,4
38:48.3,,,83,,98.5,,,,,,,12,-2.2572103,43.221386,96.39252,5.969982953465912,38:48.3,6,0.085,0101000020E6100000DD62FA35C40E02C0AA3B3F5A569C4540,20230418_DACIA_AZPEITIA_DONOSTIA_012,,d4,30:53.2,11:06.0,DACIA_SPRING,Dacia Spring 33 kW,33000,139,38:54.5,8.1,13.0,350,N,-12.916289772665351,106.50561763980242,171,74,,,,4.0,120.0,47.0,0,150,21,8,4
38:54.1,,,83,,98.5,,,,,,,12,-2.2575324,43.222473,96.03668,6.093638062578861,38:54.3,6,-0.195,0101000020E6100000FE76022F6D0F02C0F11F1CFD799C4540,20230418_DACIA_AZPEITIA_DONOSTIA_012,,d4,30:53.2,11:06.0,DACIA_SPRING,Dacia Spring 33 kW,33000,139,38:54.5,8.1,13.0,350,N,-12.723221099085542,111.84420744626448,171,74,,,,4.0,120.0,47.0,0,150,21,25,4
38:59.5,,,83,,98.5,,,,,,,12,-2.2579024,43.223396,101.03241,6.2006767279641135,38:59.3,6,0.205,0101000020E6100000531A18162F1002C0B2D2284D989C4540,20230418_DACIA_AZPEITIA_DONOSTIA_012,,d4,30:53.2,11:06.0,DACIA_SPRING,Dacia Spring 33 kW,33000,139,38:54.5,8.1,13.0,350,N,-12.719238868977628,111.92941593005617,171,74,,,,4.0,120.0,47.0,0,150,21,65,3
39:05.0,,,83,,98.5,,,,,,,12,-2.2583525,43.224514,95.87927,6.330334138589078,39:05.3,6,-0.283,0101000020E61000004BB1FE2A1B1102C058AD2BEABC9C4540,20230418_DACIA_AZPEITIA_DONOSTIA_012,,d4,30:53.2,11:06.0,DACIA_SPRING,Dacia Spring 33 kW,33000,139,38:54.5,8.1,13.0,350,N,-12.744607854249338,111.37583524174592,171,74,,,,4.0,120.0,47.0,0,150,21,65,3
39:11.0,,,83,,98.5,,,,,,,12,-2.2587580000000003,43.22555,93.576904,6.4501479223839615,39:11.4,6,-0.372,0101000020E610000097644FC8EF1102C05ED27BD7DE9C4540,20230418_DACIA_AZPEITIA_DONOSTIA_012,,d4,30:53.2,11:06.0,DACIA_SPRING,Dacia Spring 33 kW,33000,139,38:54.5,8.1,13.0,350,N,-12.753731420592576,111.17013564385562,171,74,,,,4.0,120.0,47.0,0,150,21,8,3
39:16.6,,,83,,98.5,,,,,,,12,-2.2590806,43.226383,89.766235,6.546466035873524,39:16.4,6,0.132,0101000020E6100000D59994E5981202C074FAEE14FA9C4540,20230418_DACIA_AZPEITIA_DONOSTIA_012,,d4,30:53.2,11:06.0,DACIA_SPRING,Dacia Spring 33 kW,33000,139,38:54.5,8.1,13.0,350,N,-5.782376760228808,36.41042917305247,171,74,,,,4.0,120.0,47.0,0,150,21,65,3
39:43.6,,,83,,98.5,,,,,,,12,-2.2564733,43.228306,89.26044,6.847045147025326,39:43.5,6,0.055,0101000020E6100000CC2EEFDC410D02C0A78BDA1E399D4540,20230418_DACIA_AZPEITIA_DONOSTIA_012,,d4,30:53.2,11:06.0,DACIA_SPRING,Dacia Spring 33 kW,33000,139,40:05.7,8.1,13.0,350,N,-1.3186081405358605,15.821602548011011,171,74,,,,4.0,120.0,47.0,0,150,21,8,3
39:49.1,,,83,,98.5,,,,,,,12,-2.2559228,43.228462,91.57257,6.894956871620551,39:49.5,6,-0.42,0101000020E61000002AFA854F210C02C06359F6453E9D4540,20230418_DACIA_AZPEITIA_DONOSTIA_012,,d4,30:53.2,11:06.0,DACIA_SPRING,Dacia Spring 33 kW,33000,139,40:05.7,8.1,13.0,350,N,-4.717644845040614,31.278141258402652,171,74,,,,4.0,120.0,47.0,0,150,21,8,3
39:54.8,,,83,,98.5,,,,,,,12,-2.2554767000000004,43.228733,94.98822,6.942137583471347,39:54.5,6,0.26,0101000020E61000006D25CF50370B02C0B85A272E479D4540,20230418_DACIA_AZPEITIA_DONOSTIA_012,,d4,30:53.2,11:06.0,DACIA_SPRING,Dacia Spring 33 kW,33000,139,40:05.7,8.1,13.0,350,N,-5.390860993706467,34.49926785962136,171,74,,,,4.0,120.0,47.0,0,150,21,8,3
40:00.4,,,83,,98.5,,,,,,,12,-2.25503,43.229040000000005,98.8609,6.992038796203819,40:00.5,6,-0.19,0101000020E6100000C1070A174D0A02C02AE9DD2F519D4540,20230418_DACIA_AZPEITIA_DONOSTIA_012,,d4,30:53.2,11:06.0,DACIA_SPRING,Dacia Spring 33 kW,33000,139,40:05.7,8.1,13.0,350,N,-4.454229744592257,30.037375577613293,171,74,,,,4.0,120.0,47.0,0,150,21,8,3
40:05.8,,,83,,98.5,,,,,,,12,-2.2544074,43.2294,102.68109,7.056547971727235,40:05.6,6,0.223,0101000020E61000005C7ED8B9060902C0BFDCA30E5D9D4540,20230418_DACIA_AZPEITIA_DONOSTIA_012,,d4,30:53.2,11:06.0,DACIA_SPRING,Dacia Spring 33 kW,33000,139,40:05.7,8.1,13.0,350,N,-6.552655874278904,40.26833950937256,171,74,,,,4.0,120.0,47.0,0,150,21,8,3
40:11.3,,,83,,98.5,,,,,,,12,-2.2539659,43.229774,105.59674,7.111479148240793,40:11.6,6,-0.286,0101000020E61000006D61CC4C1F0802C095997741699D4540,20230418_DACIA_AZPEITIA_DONOSTIA_012,,d4,30:53.2,11:06.0,DACIA_SPRING,Dacia Spring 33 kW,33000,139,40:05.7,8.1,13.0,350,N,-11.787056267218905,75.05276967414348,171,74,,,,4.0,120.0,47.0,0,150,21,8,3
40:17.0,,,83,,98.5,,,,,,,12,-2.2538455,43.230225,102.41687,7.162666802290873,40:16.6,6,0.3389999999999999,0101000020E6100000E7E44526E00702C0F2DCEF0E789D4540,20230418_DACIA_AZPEITIA_DONOSTIA_012,,d4,30:53.2,11:06.0,DACIA_SPRING,Dacia Spring 33 kW,33000,139,40:05.7,8.1,13.0,350,N,-12.164796178614752,120.64977049475296,171,74,,,,4.0,120.0,47.0,0,150,21,8,3
40:22.6,,,83,,98.5,,,,,,,12,-2.2541566000000004,43.23075,100.648315,7.226277367117224,40:22.6,6,-0.009,0101000020E6100000CF86FC33830802C078EE1C4E899D4540,20230418_DACIA_AZPEITIA_DONOSTIA_012,,d4,30:53.2,11:06.0,DACIA_SPRING,Dacia Spring 33 kW,33000,139,40:05.7,8.1,13.0,350,N,-7.725252788293739,153.5407999706688,171,74,,,,4.0,120.0,47.0,0,150,21,8,3
40:28.3,,,83,,98.5,,,,,,,12,-2.2547634,43.231052000000005,100.0166,7.285816111835721,40:28.7,6,-0.34,0101000020E6100000D3929E54C10902C014F83726939D4540,20230418_DACIA_AZPEITIA_DONOSTIA_012,,d4,30:53.2,11:06.0,DACIA_SPRING,Dacia Spring 33 kW,33000,139,40:05.7,8.1,13.0,350,N,-6.301069904354943,161.00733254982669,171,74,,,,4.0,120.0,47.0,0,150,21,8,3
40:34.0,,,83,,98.5,,,,,,,12,-2.2553532000000005,43.231255,98.860535,7.338675426500055,40:33.7,6,0.272,0101000020E6100000B1A3509AF60A02C0BD6B33C2999D4540,20230418_DACIA_AZPEITIA_DONOSTIA_012,,d4,30:53.2,11:06.0,DACIA_SPRING,Dacia Spring 33 kW,33000,139,40:05.7,8.1,13.0,350,N,-8.396047120587061,149.7705811210048,171,74,,,,4.0,120.0,47.0,0,150,21,65,3
40:39.6,,,83,,98.5,,,,,,,12,-2.2560654,43.23167,98.77728,7.412558290349572,40:39.7,6,-0.1169999999999999,0101000020E610000058E0F10E6C0C02C0AA0CC260A79D4540,20230418_DACIA_AZPEITIA_DONOSTIA_012,,d4,30:53.2,11:06.0,DACIA_SPRING,Dacia Spring 33 kW,33000,139,40:05.7,8.1,13.0,350,N,-9.493310395964428,143.09225383855355,171,74,,,,4.0,120.0,47.0,0,150,21,8,3
40:45.1,,,83,,98.5,,,,,,,12,-2.256598,43.23207,98.60382,7.474527094457527,40:44.7,6,0.377,0101000020E6100000AB8EE23D830D02C0275C5D88B49D4540,20230418_DACIA_AZPEITIA_DONOSTIA_012,,d4,30:53.2,11:06.0,DACIA_SPRING,Dacia Spring 33 kW,33000,139,40:05.7,8.1,13.0,350,N,-11.25561558142533,130.02392042995922,171,74,,,,4.0,120.0,47.0,0,150,21,8,3
40:50.7,,,83,,98.5,,,,,,,12,-2.2570431,43.2326,99.131165,7.543619129193393,40:50.8,6,-0.059,0101000020E6100000F2DEA4AB6C0E02C0411AA1E1C59D4540,20230418_DACIA_AZPEITIA_DONOSTIA_012,,d4,30:53.2,11:06.0,DACIA_SPRING,Dacia Spring 33 kW,33000,139,40:05.7,8.1,13.0,350,N,-10.565296196835122,64.36205785921595,171,74,,,,4.0,120.0,47.0,0,150,21,8,2
40:56.3,,,83,,98.5,,,,,,,12,-2.2567513,43.233208000000005,102.33087,7.615310981174331,40:56.8,6,-0.4479999999999999,0101000020E610000058D38AA9D30D02C0851135B0D99D4540,20230418_DACIA_AZPEITIA_DONOSTIA_012,,d4,30:53.2,11:06.0,DACIA_SPRING,Dacia Spring 33 kW,33000,139,40:05.7,8.1,13.0,350,N,-6.1122572500112025,38.04556812251354,171,74,,,,4.0,120.0,47.0,0,150,21,8,2
41:01.9,,,83,,98.5,,,,,,,12,-2.2561226000000003,43.2337,103.831726,7.690073102726344,41:01.8,6,0.107,0101000020E61000004850DB0A8A0C02C023B815EBE99D4540,20230418_DACIA_AZPEITIA_DONOSTIA_012,,d4,30:53.2,11:06.0,DACIA_SPRING,Dacia Spring 33 kW,33000,139,40:05.7,8.1,13.0,350,N,-7.33466155677459,44.34708490734948,171,74,,,,4.0,120.0,47.0,0,150,21,8,2
41:07.5,,,83,,98.5,,,,,,,12,-2.2554126,43.234394,105.21405,7.786330146952005,41:07.8,6,-0.366,0101000020E6100000901C23B8150B02C0DCD637AC009E4540,20230418_DACIA_AZPEITIA_DONOSTIA_012,,d4,30:53.2,11:06.0,DACIA_SPRING,Dacia Spring 33 kW,33000,139,40:05.7,8.1,13.0,350,N,-8.82650101339792,52.762553280111554,171,74,,,,4.0,120.0,47.0,0,150,21,8,2
41:13.1,,,82,,98.5,,,,,,,12,-2.2549900000000003,43.23495,105.83331,7.8570033745920815,41:12.9,6,0.182,0101000020E61000001F6EE23F380A02C0269820D9129E4540,20230418_DACIA_AZPEITIA_DONOSTIA_012,,d4,30:53.2,11:06.0,DACIA_SPRING,Dacia Spring 33 kW,33000,139,40:05.7,8.1,13.0,350,N,-9.828206249951425,59.1142131818105,171,74,,,,4.0,120.0,47.0,0,150,21,8,2
41:18.6,,,82,,98.5,,,,,,,12,-2.2545695,43.235653000000006,109.13788,7.942337415085267,41:18.9,6,-0.309,0101000020E61000000DE090BA5B0902C0B569F0E7299E4540,20230418_DACIA_AZPEITIA_DONOSTIA_012,,d4,30:53.2,11:06.0,DACIA_SPRING,Dacia Spring 33 kW,33000,139,40:05.7,8.1,13.0,350,N,-12.195390716786113,79.73604014138667,171,74,,,,4.0,120.0,47.0,0,150,21,8,2
41:24.2,,,82,,98.5,,,,,,,12,-2.2544556,43.236282,109.62427,8.012886710491843,41:23.9,6,0.259,0101000020E61000002BB074FC1F0902C0B65B9A743E9E4540,20230418_DACIA_AZPEITIA_DONOSTIA_012,,d4,30:53.2,11:06.0,DACIA_SPRING,Dacia Spring 33 kW,33000,139,40:05.7,8.1,13.0,350,N,-12.781133154482754,89.47148440428523,171,74,,,,4.0,120.0,47.0,0,150,21,8,2
41:29.6,,,82,,98.5,,,,,,,12,-2.2544487,43.23703,111.09314,8.096075362822825,41:30.0,6,-0.317,0101000020E6100000D4ACBF671C0902C00F46CB05579E4540,20230418_DACIA_AZPEITIA_DONOSTIA_012,,d4,30:53.2,11:06.0,DACIA_SPRING,Dacia Spring 33 kW,33000,139,40:05.7,8.1,13.0,350,N,-12.980473357947206,103.14075538188231,171,74,,,,4.0,120.0,47.0,0,150,21,8,2
41:35.3,,,82,,98.5,,,,,,,12,-2.2545743,43.237568,110.89819,8.156757621672476,41:35.0,6,0.31,0101000020E6100000DC973B4C5E0902C0067BD997689E4540,20230418_DACIA_AZPEITIA_DONOSTIA_012,,d4,30:53.2,11:06.0,DACIA_SPRING,Dacia Spring 33 kW,33000,139,40:05.7,8.1,13.0,350,N,-10.261980641973116,137.87209899339695,171,74,,,,4.0,120.0,47.0,0,150,21,25,2
41:40.8,,,82,,98.5,,,,,,,12,-2.2551625,43.2381,111.54999,8.232719471218218,41:41.0,6,-0.185,0101000020E61000000285B4A5920A02C04BCFD3047A9E4540,20230418_DACIA_AZPEITIA_DONOSTIA_012,,d4,30:53.2,11:06.0,DACIA_SPRING,Dacia Spring 33 kW,33000,139,40:05.7,8.1,13.0,350,N,-12.29259219968234,118.98848008600272,171,74,,,,4.0,120.0,47.0,0,150,21,25,2
41:46.3,,,82,,98.5,,,,,,,12,-2.2555459,43.238792,116.05884,8.315820293123272,41:46.0,6,0.299,0101000020E6100000FB749F905B0B02C01B9B5FC5909E4540,20230418_DACIA_AZPEITIA_DONOSTIA_012,,d4,30:53.2,11:06.0,DACIA_SPRING,Dacia Spring 33 kW,33000,139,40:05.7,8.1,13.0,350,N,-12.416996841589434,117.22415658062678,171,74,,,,4.0,120.0,47.0,0,150,21,25,2
41:51.8,,,82,,98.5,,,,,,,12,-2.2560012,43.239677,119.884155,8.42098177638824,41:52.0,6,-0.1939999999999999,0101000020E6100000F24B165A4A0C02C02A922BCCAD9E4540,20230418_DACIA_AZPEITIA_DONOSTIA_012,,d4,30:53.2,11:06.0,DACIA_SPRING,Dacia Spring 33 kW,33000,139,40:05.7,8.1,13.0,350,N,-12.011027584954824,122.4931618020442,171,74,,,,4.0,120.0,47.0,0,150,21,25,2
41:57.4,,,82,,98.5,,,,,,,12,-2.2563343,43.2402,119.782715,8.485091599158249,41:57.1,6,0.298,0101000020E610000092BE5AFFF80C02C06F9DC1D7BE9E4540,20230418_DACIA_AZPEITIA_DONOSTIA_012,,d4,30:53.2,11:06.0,DACIA_SPRING,Dacia Spring 33 kW,33000,139,40:05.7,8.1,13.0,350,N,-7.380703640631073,155.40677322928056,171,74,,,,4.0,120.0,47.0,0,150,21,25,2
42:02.9,,,82,,98.5,,,,,,,12,-2.2571864,43.240590000000005,117.54852,8.566638148069034,42:03.1,6,-0.1639999999999999,0101000020E6100000F5F962CEB70E02C039C72DA4CB9E4540,20230418_DACIA_AZPEITIA_DONOSTIA_012,,d4,30:53.2,11:06.0,DACIA_SPRING,Dacia Spring 33 kW,33000,139,43:54.5,8.1,13.0,350,N,-6.673383751862971,159.1136234691457,171,74,,,,4.0,120.0,47.0,0,150,21,25,2
42:08.5,,,82,,98.5,,,,,,,12,-2.257873,43.240852,112.42682,8.629631943133063,42:08.1,6,0.389,0101000020E6100000D82B2CB81F1002C0E745BB44D49E4540,20230418_DACIA_AZPEITIA_DONOSTIA_012,,d4,30:53.2,11:06.0,DACIA_SPRING,Dacia Spring 33 kW,33000,139,43:54.5,8.1,13.0,350,N,-6.525545432223713,159.8699090680898,171,74,,,,4.0,120.0,47.0,0,150,21,25,2
42:14.2,,,82,,98.5,,,,,,,12,-2.258686,43.24115,108.790344,8.703443705068878,42:14.1,6,0.046,0101000020E61000008D73E5FDC91102C0110675FCDD9E4540,20230418_DACIA_AZPEITIA_DONOSTIA_012,,d4,30:53.2,11:06.0,DACIA_SPRING,Dacia Spring 33 kW,33000,139,43:54.5,8.1,13.0,350,N,-10.157282840210923,138.61753980032532,171,74,,,,4.0,120.0,47.0,0,150,21,10,2
42:19.8,,,82,,98.5,,,,,,,12,-2.2591922,43.241596,105.77759,8.767862844969724,42:20.2,6,-0.348,0101000020E61000002FCEEF66D31202C0ECC2ACA3EC9E4540,20230418_DACIA_AZPEITIA_DONOSTIA_012,,d4,30:53.2,11:06.0,DACIA_SPRING,Dacia Spring 33 kW,33000,139,43:54.5,8.1,13.0,350,N,-11.572629390831745,72.89867389514467,171,74,,,,4.0,120.0,47.0,0,150,21,65,1
42:25.4,,,82,,98.5,,,,,,,12,-2.2590156,43.24217,101.077515,8.833440784098565,42:25.2,6,0.163,0101000020E6100000DB0F3EB5761202C0831E415CFF9E4540,20230418_DACIA_AZPEITIA_DONOSTIA_012,,d4,30:53.2,11:06.0,DACIA_SPRING,Dacia Spring 33 kW,33000,139,43:54.5,8.1,13.0,350,N,-9.55814393873404,57.32765534127278,171,74,,,,4.0,120.0,47.0,0,150,21,65,1
42:30.9,,,82,,98.5,,,,,,,12,-2.258525,43.242935,93.314575,8.927649940700324,42:31.2,6,-0.306,0101000020E6100000B8A34973751102C029CDE671189F4540,20230418_DACIA_AZPEITIA_DONOSTIA_012,,d4,30:53.2,11:06.0,DACIA_SPRING,Dacia Spring 33 kW,33000,139,43:54.5,8.1,13.0,350,N,-11.41791920921954,71.43814558731664,171,74,,,,4.0,120.0,47.0,0,150,21,25,1
42:36.5,,,82,,98.5,,,,,,,12,-2.2582614,43.24372,87.23352,9.017716962192724,42:36.2,6,0.308,0101000020E61000000591A053EB1002C0E6BABE49329F4540,20230418_DACIA_AZPEITIA_DONOSTIA_012,,d4,30:53.2,11:06.0,DACIA_SPRING,Dacia Spring 33 kW,33000,139,43:54.5,8.1,13.0,350,N,-12.997350738779764,98.84326008736116,171,74,,,,4.0,120.0,47.0,0,150,21,25,1
42:42.1,,,82,,98.5,,,,,,,12,-2.2583952000000003,43.24458,85.877625,9.113966316546895,42:42.3,6,-0.139,0101000020E6100000F9240382311102C0553BBB634E9F4540,20230418_DACIA_AZPEITIA_DONOSTIA_012,,d4,30:53.2,11:06.0,DACIA_SPRING,Dacia Spring 33 kW,33000,139,43:54.5,8.1,13.0,350,N,-10.178063691611388,138.4705545468958,171,74,,,,4.0,120.0,47.0,0,150,21,8,1
42:47.8,,,82,,98.5,,,,,,,12,-2.2590659,43.245174,86.05176,9.199487348486294,42:47.3,6,0.477,0101000020E610000086E31A1B911202C0AA9165DA619F4540,20230418_DACIA_AZPEITIA_DONOSTIA_012,,d4,30:53.2,11:06.0,DACIA_SPRING,Dacia Spring 33 kW,33000,139,43:54.5,8.1,13.0,350,N,-10.7155267487598,134.48531945364735,171,74,,,,4.0,120.0,47.0,0,150,21,8,1
42:53.5,,,82,,98.5,,,,,,,12,-2.2597554,43.245876,86.92676,9.29547115823676,42:53.3,6,0.175,0101000020E61000005CDB04ADFA1302C05DF0B3DB789F4540,20230418_DACIA_AZPEITIA_DONOSTIA_012,,d4,30:53.2,11:06.0,DACIA_SPRING,Dacia Spring 33 kW,33000,139,43:54.5,8.1,13.0,350,N,-12.936611045383666,94.33957060196192,171,74,,,,4.0,120.0,47.0,0,150,21,8,1
42:59.2,,,82,,98.5,,,,,,,12,-2.259824,43.24678,85.83093000000001,9.396150783718024,42:59.4,6,-0.114,0101000020E6100000674CB9A91E1402C04EAC9D72969F4540,20230418_DACIA_AZPEITIA_DONOSTIA_012,,d4,30:53.2,11:06.0,DACIA_SPRING,Dacia Spring 33 kW,33000,139,43:54.5,8.1,13.0,350,N,-12.675973813030426,112.81923854046096,171,74,,,,4.0,120.0,47.0,0,150,21,65,1
43:04.9,,,82,,98.5,,,,,,,12,-2.2602801,43.247864,86.43457,9.522221444670725,43:05.4,6,-0.445,0101000020E6100000CF9AA3B70D1502C0A105F404BA9F4540,20230418_DACIA_AZPEITIA_DONOSTIA_012,,d4,30:53.2,11:06.0,DACIA_SPRING,Dacia Spring 33 kW,33000,139,43:54.5,8.1,13.0,350,N,-12.43832768708523,116.9037732769659,171,74,,,,4.0,120.0,47.0,0,150,21,65,1
43:10.6,,,82,,98.5,,,,,,,12,-2.2607114,43.248714,83.77911,9.623020968167717,43:10.4,6,0.181,0101000020E6100000148EC5DBEF1502C09E2586ECD59F4540,20230418_DACIA_AZPEITIA_DONOSTIA_012,,d4,30:53.2,11:06.0,DACIA_SPRING,Dacia Spring 33 kW,33000,139,43:54.5,8.1,13.0,350,N,-12.986583539943624,102.60328839737116,171,74,,,,4.0,120.0,47.0,0,150,21,25,1
43:16.9,,,82,,98.5,,,,,,,12,-2.2609408,43.24974,80.42529,9.73865860954946,43:16.6,6,0.301,0101000020E6100000AD82BD2E681602C004CD2188F79F4540,20230418_DACIA_AZPEITIA_DONOSTIA_012,,d4,30:53.2,11:06.0,DACIA_SPRING,Dacia Spring 33 kW,33000,139,43:54.5,8.1,13.0,350,N,-12.60710001548618,85.877652906962,171,74,,,,4.0,120.0,47.0,0,150,21,65,1
43:22.6,,,82,,98.5,,,,,,,12,-2.2608657,43.250782,78.57141,9.854698073185823,43:22.5,6,0.122,0101000020E610000056C8E8C2401602C06A3FC69A19A04540,20230418_DACIA_AZPEITIA_DONOSTIA_012,,d4,30:53.2,11:06.0,DACIA_SPRING,Dacia Spring 33 kW,33000,139,43:54.5,8.1,13.0,350,N,-12.577310207579869,85.34922310572259,171,74,,,,4.0,120.0,47.0,0,150,21,65,1
43:33.6,,,82,,98.5,,,,,,,12,-2.2607946,43.251656,86.19269,9.95235074107191,43:33.7,6,-0.155,0101000020E610000087C9AF7A1B1602C008910C3936A04540,20230418_DACIA_AZPEITIA_DONOSTIA_012,,d4,30:53.2,11:06.0,DACIA_SPRING,Dacia Spring 33 kW,33000,139,43:54.5,8.1,13.0,350,N,-12.384033519073064,117.7081992827903,171,74,,,,4.0,120.0,47.0,0,150,21,65,1
43:41.5,,,82,,98.5,,,,,,,12,-2.2616055,43.2532,79.93634,10.136274168586755,43:41.4,6,0.145,0101000020E61000004E08809EC41702C06B9093D368A04540,20230418_DACIA_AZPEITIA_DONOSTIA_012,,d4,30:53.2,11:06.0,DACIA_SPRING,Dacia Spring 33 kW,33000,139,43:54.5,8.1,13.0,350,N,-12.950462866117086,94.99655192983992,171,74,,,,4.0,120.0,47.0,0,150,21,65,1
43:47.5,,,82,,98.5,,,,,,,12,-2.2616966,43.254242,79.97974,10.25237394895089,43:47.5,6,-0.027,0101000020E6100000306BFF56F41702C0549C38F38AA04540,20230418_DACIA_AZPEITIA_DONOSTIA_012,,d4,30:53.2,11:06.0,DACIA_SPRING,Dacia Spring 33 kW,33000,139,43:54.5,8.1,13.0,350,N,-10.428403652308925,136.66074596161025,171,74,,,,4.0,120.0,47.0,0,150,21,25,1
43:53.3,,,82,,98.5,,,,,,,12,-2.2625253,43.255024,85.2359,10.362341020381738,43:53.6,6,-0.346,0101000020E61000005DF4BAEAA61902C0F3E62E91A4A04540,20230418_DACIA_AZPEITIA_DONOSTIA_012,,d4,30:53.2,11:06.0,DACIA_SPRING,Dacia Spring 33 kW,33000,139,43:54.5,8.1,13.0,350,N,-3.1222669960525518,176.1031671095043,171,74,,,,4.0,120.0,47.0,0,150,21,25,1
44:06.7,,,82,,98.5,,,,,,,12,-2.2649329,43.255188,98.685486,10.558631231892884,44:06.5,6,0.183,0101000020E6100000B473FD2F951E02C0AF7B0A04AAA04540,20230418_DACIA_AZPEITIA_DONOSTIA_012,,d4,30:53.2,11:06.0,DACIA_SPRING,Dacia Spring 33 kW,33000,139,43:54.5,8.1,13.0,350,N,0.3263399653471607,-168.56154868847403,171,74,,,,4.0,120.0,47.0,0,150,21,65,1
44:16.1,,,82,,98.5,,,,,,,12,-2.2669296,43.254784,112.841125,10.727053050017412,44:16.1,6,-0.001,0101000020E6100000A2DE21FFAB2202C03393C1B49CA04540,20230418_DACIA_AZPEITIA_DONOSTIA_012,,d4,30:53.2,11:06.0,DACIA_SPRING,Dacia Spring 33 kW,33000,139,43:54.5,8.1,13.0,350,N,-11.488462731609289,127.90461922046087,171,74,,,,4.0,120.0,47.0,0,150,21,25,1
44:22.0,,,82,,98.5,,,,,,,12,-2.2675338,43.25556,120.69738999999998,10.826558960359058,44:21.7,6,0.306,0101000020E610000059D10FB8E82302C0DE7CFA3AB6A04540,20230418_DACIA_AZPEITIA_DONOSTIA_012,,d4,30:53.2,11:06.0,DACIA_SPRING,Dacia Spring 33 kW,33000,139,43:54.5,8.1,13.0,350,N,-12.328521475904116,118.49563861824926,171,74,,,,4.0,120.0,47.0,0,150,21,65,1
44:27.5,,,82,,98.5,,,,,,,12,-2.2681038,43.25661,130.92297,10.952523216268352,44:27.8,6,-0.215,0101000020E610000002B02A90132502C0A9326BADD8A04540,20230418_DACIA_AZPEITIA_DONOSTIA_012,,d4,30:53.2,11:06.0,DACIA_SPRING,Dacia Spring 33 kW,33000,139,43:54.5,8.1,13.0,350,N,-9.839610848022575,140.80893557035043,171,74,,,,4.0,120.0,47.0,0,150,21,40,1
44:33.3,,,82,,98.5,,,,,,,12,-2.2691586,43.25747,128.75006000000002,11.080764683859542,44:33.7,6,-0.424,0101000020E6100000F98557923C2702C0CA8F32C1F4A04540,20230418_DACIA_AZPEITIA_DONOSTIA_012,,d4,30:53.2,11:06.0,DACIA_SPRING,Dacia Spring 33 kW,33000,139,45:05.7,8.1,13.0,350,N,-9.335764955195376,144.0992204749525,171,74,,,,4.0,120.0,47.0,0,150,21,65,2
44:39.0,,,82,,98.5,,,,,,,12,-2.2700427000000003,43.25811,120.612854,11.182039052748857,44:38.8,6,0.1989999999999999,0101000020E610000059FEF8220C2902C078E3EEBD09A14540,20230418_DACIA_AZPEITIA_DONOSTIA_012,,d4,30:53.2,11:06.0,DACIA_SPRING,Dacia Spring 33 kW,33000,139,45:05.7,8.1,13.0,350,N,-9.890860092110984,140.46210037649877,171,74,,,,4.0,120.0,47.0,0,150,21,25,2
44:44.7,,,82,,98.5,,,,,,,12,-2.2710361,43.25893,112.82977,11.303882376061772,44:44.8,6,-0.0559999999999999,0101000020E6100000F51927F0142B02C0D083799724A14540,20230418_DACIA_AZPEITIA_DONOSTIA_012,,d4,30:53.2,11:06.0,DACIA_SPRING,Dacia Spring 33 kW,33000,139,45:05.7,8.1,13.0,350,N,-12.40852046178325,117.34987578001872,171,74,,,,4.0,120.0,47.0,0,150,21,25,2
44:50.5,,,82,,98.5,,,,,,,12,-2.2715611,43.259945,105.27539,11.42472323079062,44:50.8,6,-0.344,0101000020E6100000274AA54C282C02C0894BA7D845A14540,20230418_DACIA_AZPEITIA_DONOSTIA_012,,d4,30:53.2,11:06.0,DACIA_SPRING,Dacia Spring 33 kW,33000,139,45:05.7,8.1,13.0,350,N,-12.82374637667497,90.55445797725562,171,74,,,,4.0,120.0,47.0,0,150,21,65,2
44:56.1,,,82,,98.5,,,,,,,12,-2.2715704,43.260906,98.147705,11.531821655392706,44:55.8,6,0.317,0101000020E61000001E0D8E2F2D2C02C0BA22426D65A14540,20230418_DACIA_AZPEITIA_DONOSTIA_012,,d4,30:53.2,11:06.0,DACIA_SPRING,Dacia Spring 33 kW,33000,139,45:05.7,8.1,13.0,350,N,-12.85346547004948,91.38917564129648,171,74,,,,4.0,120.0,47.0,0,150,21,65,2
45:01.8,,,82,,98.5,,,,,,,12,-2.2715979,43.26204,96.861084,11.657942926512428,45:01.9,6,-0.049,0101000020E610000053EF46723B2C02C0846CD5858AA14540,20230418_DACIA_AZPEITIA_DONOSTIA_012,,d4,30:53.2,11:06.0,DACIA_SPRING,Dacia Spring 33 kW,33000,139,45:05.7,8.1,13.0,350,N,-12.255766033368843,80.51884529573813,171,74,,,,4.0,120.0,47.0,0,150,21,65,2
45:07.4,,,82,,98.5,,,,,,,12,-2.2714496,43.262928,91.550476,11.757553222552644,45:06.9,6,0.491,0101000020E61000005D4E8DC0ED2B02C0CE1F2E94A7A14540,20230418_DACIA_AZPEITIA_DONOSTIA_012,,d4,30:53.2,11:06.0,DACIA_SPRING,Dacia Spring 33 kW,33000,139,45:05.7,8.1,13.0,350,N,-12.237806784580886,80.28287559498465,171,74,,,,4.0,120.0,47.0,0,150,21,25,2
18/04/2023 13:45,,,82,,98.5,,,,,,,12,-2.2712412,43.264145,80.7807,11.89435012748272,45:12.9,6,0.061,0101000020E61000002FD14984802B02C037B82184CFA14540,20230418_DACIA_AZPEITIA_DONOSTIA_012,,d4,30:53.2,11:06.0,DACIA_SPRING,Dacia Spring 33 kW,33000,139,45:05.7,8.1,13.0,350,N,-12.535283873897136,84.63395395187395,171,74,,,,4.0,120.0,47.0,0,150,21,25,2
45:18.5,,,82,,98.5,,,,,,,12,-2.2711205000000003,43.26543,73.50121999999999,12.037754339498713,45:18.9,6,-0.4429999999999999,0101000020E61000007F29A84D412B02C0B03F0597F9A14540,20230418_DACIA_AZPEITIA_DONOSTIA_012,,d4,30:53.2,11:06.0,DACIA_SPRING,Dacia Spring 33 kW,33000,139,45:05.7,8.1,13.0,350,N,-12.569747592553648,85.21801558964049,171,74,,,,4.0,120.0,47.0,0,150,21,65,2
45:24.2,,,82,,98.5,,,,,,,12,-2.271034,43.266464,70.94293,12.152971428170689,45:24.0,6,0.225,0101000020E61000005B6774EE132B02C04BE3597A1BA24540,20230418_DACIA_AZPEITIA_DONOSTIA_012,,d4,30:53.2,11:06.0,DACIA_SPRING,Dacia Spring 33 kW,33000,139,45:05.7,8.1,13.0,350,N,-12.554807031472816,84.96209461720878,171,74,,,,4.0,120.0,47.0,0,150,21,45,2
45:29.8,,,82,,98.5,,,,,,,12,-2.2709432,43.267494,69.973145,12.267742025001674,45:30.0,6,-0.166,0101000020E6100000FC325A3FE42A02C00AD35A453DA24540,20230418_DACIA_AZPEITIA_DONOSTIA_012,,d4,30:53.2,11:06.0,DACIA_SPRING,Dacia Spring 33 kW,33000,139,45:05.7,8.1,13.0,350,N,-12.656716658343804,86.80368544427311,171,74,,,,4.0,120.0,47.0,0,150,21,65,3
45:35.4,,,82,,98.5,,,,,,,12,-2.2709088,43.26811,70.66736,12.336298220865778,45:35.0,6,0.434,0101000020E61000004DCFE430D22A02C0181BE35851A24540,20230418_DACIA_AZPEITIA_DONOSTIA_012,,d4,30:53.2,11:06.0,DACIA_SPRING,Dacia Spring 33 kW,33000,139,45:05.7,8.1,13.0,350,N,-10.409961079454686,63.20333500800351,171,74,,,,4.0,120.0,47.0,0,150,21,8,3
45:41.2,,,82,,98.5,,,,,,,12,-2.2707093,43.268505,71.01318,12.383097545656359,45:41.1,6,0.09,0101000020E6100000CA6B6790692A02C03B0F596A5EA24540,20230418_DACIA_AZPEITIA_DONOSTIA_012,,d4,30:53.2,11:06.0,DACIA_SPRING,Dacia Spring 33 kW,33000,139,45:05.7,8.1,13.0,350,N,-11.237683293678192,130.1814998308173,171,74,,,,4.0,120.0,47.0,0,150,21,65,3
45:46.7,,,82,,98.5,,,,,,,12,-2.2709863,43.268833,70.86066,12.42591373270828,45:47.1,6,-0.3379999999999999,0101000020E61000003EEC22D8FA2A02C0E8BD521269A24540,20230418_DACIA_AZPEITIA_DONOSTIA_012,,d4,30:53.2,11:06.0,DACIA_SPRING,Dacia Spring 33 kW,33000,139,45:05.7,8.1,13.0,350,N,2.04996856614427,-160.92716549032554,171,74,,,,4.0,120.0,47.0,0,150,21,65,3
45:52.4,,,82,,98.5,,,,,,,12,-2.2714722000000003,43.268665000000006,73.571106,12.469549376697259,45:52.1,6,0.304,0101000020E610000027367A90F92B02C06288399463A24540,20230418_DACIA_AZPEITIA_DONOSTIA_012,,d4,30:53.2,11:06.0,DACIA_SPRING,Dacia Spring 33 kW,33000,139,45:05.7,8.1,13.0,350,N,2.3943608510646497,-159.38657812794622,171,74,,,,4.0,120.0,47.0,0,150,21,65,3
45:58.1,,,82,,98.5,,,,,,,12,-2.2721395,43.268414,73.607056,12.530361317992275,45:58.1,6,-0.036,0101000020E6100000F7636A7D572D02C0DD3C595A5BA24540,20230418_DACIA_AZPEITIA_DONOSTIA_012,,d4,30:53.2,11:06.0,DACIA_SPRING,Dacia Spring 33 kW,33000,139,45:05.7,8.1,13.0,350,N,5.670189792201973,-144.14033278711855,171,74,,,,4.0,120.0,47.0,0,150,21,45,3
46:03.7,,,82,,98.5,,,,,,,12,-2.272567,43.268105,57.239075,12.581805956188695,46:04.1,6,-0.451,0101000020E61000003D27209A372E02C0D0502F3A51A24540,20230418_DACIA_AZPEITIA_DONOSTIA_012,,d4,30:53.2,11:06.0,DACIA_SPRING,Dacia Spring 33 kW,33000,139,45:05.7,8.1,13.0,350,N,10.872705029850747,-113.24208136920709,171,74,,,,4.0,120.0,47.0,0,150,21,8,3
46:09.3,,,82,,98.5,,,,,,,12,-2.2726967,43.267803,79.46619,12.6234232591361,46:09.2,6,0.141,0101000020E61000007FD4CB947B2E02C03547146247A24540,20230418_DACIA_AZPEITIA_DONOSTIA_012,,d4,30:53.2,11:06.0,DACIA_SPRING,Dacia Spring 33 kW,33000,139,45:05.7,8.1,13.0,350,N,10.30055815004532,-117.5942729562646,171,74,,,,4.0,120.0,47.0,0,150,21,45,3
46:15.1,,,82,,98.5,,,,,,,12,-2.2728028,43.2676,79.7807,12.647577334227181,46:15.2,6,-0.022,0101000020E61000001B086E49B32E02C0CD53C2B840A24540,20230418_DACIA_AZPEITIA_DONOSTIA_012,,d4,30:53.2,11:06.0,DACIA_SPRING,Dacia Spring 33 kW,33000,139,45:05.7,8.1,13.0,350,N,12.67379711624942,-92.8624052276346,171,74,,,,4.0,120.0,47.0,0,150,21,45,3
46:20.9,,,82,,98.5,,,,,,,12,-2.2728033,43.267590000000006,80.91405999999999,12.649165595856807,46:21.2,6,-0.3,0101000020E610000051ED1D7FB32E02C0FDE6D56B40A24540,20230418_DACIA_AZPEITIA_DONOSTIA_012,,d4,30:53.2,11:06.0,DACIA_SPRING,Dacia Spring 33 kW,33000,139,45:05.7,8.1,13.0,350,N,-2.257426309670091,180.0,171,74,,,,4.0,120.0,47.0,0,150,21,45,3
46:26.5,,,82,,98.5,,,,,,,12,-2.2728062,43.267590000000006,80.265015,12.649855808512273,46:26.3,6,0.271,0101000020E610000038F9A901B52E02C009F1B35740A24540,20230418_DACIA_AZPEITIA_DONOSTIA_012,,d4,30:53.2,11:06.0,DACIA_SPRING,Dacia Spring 33 kW,33000,139,45:05.7,8.1,13.0,350,N,9.322905838398189,-124.18060159742966,171,74,,,,4.0,120.0,47.0,0,150,21,45,3
46:32.1,,,82,,98.5,,,,,,,12,-2.2728972,43.267456,80.13306,12.666478669729049,46:32.2,6,-0.176,0101000020E6100000C158DFC0E42E02C0709ABA023CA24540,20230418_DACIA_AZPEITIA_DONOSTIA_012,,d4,30:53.2,11:06.0,DACIA_SPRING,Dacia Spring 33 kW,33000,139,45:05.7,8.1,13.0,350,N,10.963658617556414,-112.50352849879238,171,74,,,,4.0,120.0,47.0,0,150,21,45,3
46:37.7,,,82,,98.5,,,,,,,12,-2.2729523,43.267323,78.20764,12.68204540003635,46:37.3,6,0.43,0101000020E6100000CA1CAAAD012F02C013E944A337A24540,20230418_DACIA_AZPEITIA_DONOSTIA_012,,d4,30:53.2,11:06.0,DACIA_SPRING,Dacia Spring 33 kW,33000,139,45:05.7,8.1,13.0,350,N,11.840219078832494,-104.38579060661256,171,74,,,,4.0,120.0,47.0,0,150,21,45,3
46:43.2,,,82,,98.5,,,,,,,12,-2.2730649,43.266884000000005,77.95477,12.731704708652206,46:43.3,6,-0.054,0101000020E6100000C9AD28A93C2F02C04A30AC4D29A24540,20230418_DACIA_AZPEITIA_DONOSTIA_012,,d4,30:53.2,11:06.0,DACIA_SPRING,Dacia Spring 33 kW,33000,139,45:05.7,8.1,13.0,350,N,12.92787999816372,-86.0380235261432,171,74,,,,4.0,120.0,47.0,0,150,21,45,3
46:48.9,,,82,,98.5,,,,,,,12,-2.2730284,43.266357,78.06885,12.790379022928954,46:49.3,6,-0.375,0101000020E61000009D088783292F02C01D8D640B18A24540,20230418_DACIA_AZPEITIA_DONOSTIA_012,,d4,30:53.2,11:06.0,DACIA_SPRING,Dacia Spring 33 kW,33000,139,45:05.7,8.1,13.0,350,N,12.874561812532756,-72.0341766595026,171,74,,,,4.0,120.0,47.0,0,150,21,45,3
46:54.5,,,82,,98.5,,,,,,,12,-2.272864,43.26585,78.03766,12.848305087661156,46:54.3,6,0.144,0101000020E61000008ED62856D32E02C079ABF05F07A24540,20230418_DACIA_AZPEITIA_DONOSTIA_012,,d4,30:53.2,11:06.0,DACIA_SPRING,Dacia Spring 33 kW,33000,139,45:05.7,8.1,13.0,350,N,12.735353236685151,-68.41919435237673,171,74,,,,4.0,120.0,47.0,0,150,21,120,2
47:00.7,,,82,,98.5,,,,,,,12,-2.2725713,43.26511,74.879944,12.933992673227896,47:00.7,6,0.005,0101000020E61000001839F2DD392E02C07A8BC913EFA14540,20230418_DACIA_AZPEITIA_DONOSTIA_012,,d4,30:53.2,11:06.0,DACIA_SPRING,Dacia Spring 33 kW,33000,139,48:54.5,6.9,11.2,10,N,10.124761978803692,-74.68847990081551,171,74,,,,4.0,120.0,47.0,0,150,21,45,2
47:06.3,,,82,,98.5,,,,,,,12,-2.2723572,43.264328000000006,74.77936,13.022658455285125,47:06.4,6,-0.078,0101000020E61000000A3DEE9DC92D02C0BCE20C72D5A14540,20230418_DACIA_AZPEITIA_DONOSTIA_012,,d4,30:53.2,11:06.0,DACIA_SPRING,Dacia Spring 33 kW,33000,139,48:54.5,6.9,11.2,10,N,7.319049982925317,-149.1950042513133,171,74,,,,4.0,120.0,47.0,0,150,21,25,2
47:11.9,,,82,,98.5,,,,,,,12,-2.2729526,43.263973,74.695435,13.08496827132476,47:12.4,6,-0.466,0101000020E6100000ACAB23C3012F02C0221CB3ECC9A14540,20230418_DACIA_AZPEITIA_DONOSTIA_012,,d4,30:53.2,11:06.0,DACIA_SPRING,Dacia Spring 33 kW,33000,139,48:54.5,6.9,11.2,10,N,-3.8624815678867512,149.82647996993637,171,74,,,,4.0,120.0,47.0,0,150,21,25,2
47:17.5,,,82,,98.5,,,,,,,12,-2.2733998,43.264233,73.949646,13.131310583312569,47:17.4,6,0.14,0101000020E610000081A4BA46EC2F02C0236B896CD2A14540,20230418_DACIA_AZPEITIA_DONOSTIA_012,,d4,30:53.2,11:06.0,DACIA_SPRING,Dacia Spring 33 kW,33000,139,48:54.5,6.9,11.2,10,N,-10.98208059372273,68.67903954398538,171,74,,,,4.0,120.0,47.0,0,150,21,45,2
47:23.2,,,81,,98.5,,,,,,,12,-2.2731824,43.264790000000005,74.59424,13.195702402477746,47:23.4,6,-0.265,0101000020E61000008CEC734A7A2F02C07923909EE4A14540,20230418_DACIA_AZPEITIA_DONOSTIA_012,,d4,30:53.2,11:06.0,DACIA_SPRING,Dacia Spring 33 kW,33000,139,48:54.5,6.9,11.2,10,N,-7.932750881396089,35.0952510043936,171,74,,,,4.0,120.0,47.0,0,150,21,45,2
47:28.7,,,81,,98.5,,,,,,,12,-2.2724495,43.265305,79.59784,13.278322263629898,47:28.4,6,0.28,0101000020E6100000FD163A02FA2D02C02FDB9077F5A14540,20230418_DACIA_AZPEITIA_DONOSTIA_012,,d4,30:53.2,11:06.0,DACIA_SPRING,Dacia Spring 33 kW,33000,139,48:54.5,6.9,11.2,10,N,-8.5125638286159,39.468636114947365,171,74,,,,4.0,120.0,47.0,0,150,21,45,2
47:34.6,,,81,,98.5,,,,,,,12,-2.271399,43.26617,85.69495,13.406866160058312,47:34.5,6,0.184,0101000020E6100000F3B98742D32B02C05C8B9AD811A24540,20230418_DACIA_AZPEITIA_DONOSTIA_012,,d4,30:53.2,11:06.0,DACIA_SPRING,Dacia Spring 33 kW,33000,139,48:54.5,6.9,11.2,10,N,-9.432375763997475,47.37066153719021,171,74,,,,4.0,120.0,47.0,0,150,21,120,2
47:40.4,,,80,,98.5,,,,,,,12,-2.2704647,43.267185,87.385925,13.54274736265663,47:40.5,6,-0.125,0101000020E61000008F6ABF52E92902C0B674582333A24540,20230418_DACIA_AZPEITIA_DONOSTIA_012,,d4,30:53.2,11:06.0,DACIA_SPRING,Dacia Spring 33 kW,33000,139,48:54.5,6.9,11.2,10,N,-10.011466766546937,53.36505262182783,171,74,,,,4.0,120.0,47.0,0,150,21,65,3
47:45.9,,,80,,98.5,,,,,,,12,-2.2697895,43.268093,90.46185,13.657604375175033,47:45.5,6,0.381,0101000020E61000007940555C872802C02471C1DF50A24540,20230418_DACIA_AZPEITIA_DONOSTIA_012,,d4,30:53.2,11:06.0,DACIA_SPRING,Dacia Spring 33 kW,33000,139,48:54.5,6.9,11.2,10,N,-9.55793710016493,48.58201823831224,171,74,,,,4.0,120.0,47.0,0,150,21,120,3
47:51.7,,,80,,98.5,,,,,,,12,-2.26876,43.26926,95.33234,13.811911109970517,47:51.5,6,0.14,0101000020E6100000996BC9916B2602C022F5431177A24540,20230418_DACIA_AZPEITIA_DONOSTIA_012,,d4,30:53.2,11:06.0,DACIA_SPRING,Dacia Spring 33 kW,33000,139,48:54.5,6.9,11.2,10,N,-8.179215128126476,36.91046512578863,171,74,,,,4.0,120.0,47.0,0,150,21,65,3
47:57.4,,,80,,98.5,,,,,,,12,-2.2674952,43.27021,98.49713,13.959069092663563,47:57.5,6,-0.18,0101000020E6100000ED7C058AD42302C04862934696A24540,20230418_DACIA_AZPEITIA_DONOSTIA_012,,d4,30:53.2,11:06.0,DACIA_SPRING,Dacia Spring 33 kW,33000,139,48:54.5,6.9,11.2,10,N,-6.5982524182113655,26.09527196470644,171,74,,,,4.0,120.0,47.0,0,150,21,8,3
48:02.9,,,80,,98.5,,,,,,,12,-2.2662558999999995,43.270817,102.50629,14.080062943604826,48:02.6,6,0.359,0101000020E6100000EC24F0C14A2102C0D9E7F71EAAA24540,20230418_DACIA_AZPEITIA_DONOSTIA_012,,d4,30:53.2,11:06.0,DACIA_SPRING,Dacia Spring 33 kW,33000,139,48:54.5,6.9,11.2,10,N,-4.845927185900273,15.63725633639981,171,74,,,,4.0,120.0,47.0,0,150,21,8,3
48:08.5,,,80,,98.5,,,,,,,12,-2.2646375,43.27127,108.27771,14.22056079337453,48:08.6,6,-0.107,0101000020E61000008CFF3331FA1D02C0E3D882F7B8A24540,20230418_DACIA_AZPEITIA_DONOSTIA_012,,d4,30:53.2,11:06.0,DACIA_SPRING,Dacia Spring 33 kW,33000,139,48:54.5,6.9,11.2,10,N,-2.995300936512713,5.511844871099156,171,74,,,,4.0,120.0,47.0,0,150,21,100,3
48:14.2,,,80,,98.5,,,,,,,12,-2.2628758,43.271440000000005,112.749695,14.364509529615383,48:14.6,6,-0.436,0101000020E6100000B8A7B3AC5E1A02C0167BDC75BEA24540,20230418_DACIA_AZPEITIA_DONOSTIA_012,,d4,30:53.2,11:06.0,DACIA_SPRING,Dacia Spring 33 kW,33000,139,48:54.5,6.9,11.2,10,N,-2.1231157420820708,0.9273353256771522,171,74,,,,4.0,120.0,47.0,0,150,21,8,3
48:20.0,,,80,,98.5,,,,,,,12,-2.2613313,43.271465,109.951355,14.489618498013533,48:19.7,6,0.358,0101000020E61000000930F2D3341702C09E037058BFA24540,20230418_DACIA_AZPEITIA_DONOSTIA_012,,d4,30:53.2,11:06.0,DACIA_SPRING,Dacia Spring 33 kW,33000,139,48:54.5,6.9,11.2,10,N,-3.3181505230209978,7.233314206644502,171,74,,,,4.0,120.0,47.0,0,150,21,8,3
48:25.8,,,80,,98.5,,,,,,,12,-2.2594955000000003,43.271698,107.35547,14.640512900020786,48:25.7,6,0.104,0101000020E6100000D1732C6B721302C0598B2EF3C6A24540,20230418_DACIA_AZPEITIA_DONOSTIA_012,,d4,30:53.2,11:06.0,DACIA_SPRING,Dacia Spring 33 kW,33000,139,48:54.5,6.9,11.2,10,N,-5.371760572474669,18.660683176012785,171,74,,,,4.0,120.0,47.0,0,150,21,8,3
48:31.5,,,80,,98.5,,,,,,,12,-2.2578225,43.272263,107.37195,14.789823011465211,48:31.7,6,-0.236,0101000020E6100000BC909247051002C03796248DD9A24540,20230418_DACIA_AZPEITIA_DONOSTIA_012,,d4,30:53.2,11:06.0,DACIA_SPRING,Dacia Spring 33 kW,33000,139,48:54.5,6.9,11.2,10,N,-7.358836782353314,31.074439034782465,171,74,,,,4.0,120.0,47.0,0,150,21,8,3
48:37.1,,,80,,98.5,,,,,,,12,-2.2566211,43.272987,103.611755,14.9161401144426,48:36.7,6,0.416,0101000020E6100000228006618F0D02C0D2165B31F1A24540,20230418_DACIA_AZPEITIA_DONOSTIA_012,,d4,30:53.2,11:06.0,DACIA_SPRING,Dacia Spring 33 kW,33000,139,48:54.5,6.9,11.2,10,N,-9.511367422601136,48.12793535313304,171,74,,,,4.0,120.0,47.0,0,150,21,100,3
48:42.9,,,80,,98.5,,,,,,,12,-2.2557077000000003,43.274006,102.83887,15.051445835408854,48:42.8,6,0.151,0101000020E61000009412E57FB00B02C0916965A912A34540,20230418_DACIA_AZPEITIA_DONOSTIA_012,,d4,30:53.2,11:06.0,DACIA_SPRING,Dacia Spring 33 kW,33000,139,48:54.5,6.9,11.2,10,N,-10.956601382369277,68.03321927896545,171,74,,,,4.0,120.0,47.0,0,150,21,100,3
48:48.4,,,80,,98.5,,,,,,,12,-2.2552745,43.27508,99.51257,15.175956847427658,48:48.8,6,-0.406,0101000020E6100000D83A6157CD0A02C08B227BEF35A34540,20230418_DACIA_AZPEITIA_DONOSTIA_012,,d4,30:53.2,11:06.0,DACIA_SPRING,Dacia Spring 33 kW,33000,139,48:54.5,6.9,11.2,10,N,-11.095979916494478,72.18509113381464,171,74,,,,4.0,120.0,47.0,0,150,21,100,3
48:54.1,,,80,,98.5,,,,,,,12,-2.254975,43.276012,97.13562,15.282415708207022,48:53.8,6,0.302,0101000020E610000011F73F5D300A02C06AF6C46354A34540,20230418_DACIA_AZPEITIA_DONOSTIA_012,,d4,30:53.2,11:06.0,DACIA_SPRING,Dacia Spring 33 kW,33000,139,48:54.5,6.9,11.2,10,N,-9.681677434127693,49.81830742370939,171,74,,,,4.0,120.0,47.0,0,150,21,8,3
48:59.7,,,80,,98.5,,,,,,,12,-2.2540815,43.27707,90.51947,15.420676890704145,48:59.8,6,-0.0579999999999999,0101000020E61000008486BCED5B0802C05E2F2C0377A34540,20230418_DACIA_AZPEITIA_DONOSTIA_012,,d4,30:53.2,11:06.0,DACIA_SPRING,Dacia Spring 33 kW,33000,139,48:54.5,6.9,11.2,10,N,-6.060592225465686,22.760208058149203,171,74,,,,4.0,120.0,47.0,0,150,21,40,4
49:05.6,,,80,,98.5,,,,,,,12,-2.2525322,43.27772,83.3396,15.565612868917134,49:05.8,6,-0.28,0101000020E61000002F826B932F0502C0594314598CA34540,20230418_DACIA_AZPEITIA_DONOSTIA_012,,d4,30:53.2,11:06.0,DACIA_SPRING,Dacia Spring 33 kW,33000,139,48:54.5,6.9,11.2,10,N,-2.426483153492738,2.5123637241680616,171,74,,,,4.0,120.0,47.0,0,150,21,40,4
49:11.2,,,80,,98.5,,,,,,,12,-2.251028,43.277786,76.36010999999999,15.687804682042463,49:10.9,6,0.275,0101000020E6100000573938011B0202C03A6D95798EA34540,20230418_DACIA_AZPEITIA_DONOSTIA_012,,d4,30:53.2,11:06.0,DACIA_SPRING,Dacia Spring 33 kW,33000,139,48:54.5,6.9,11.2,10,N,-1.1250453338173363,-4.234888516718559,171,74,,,,4.0,120.0,47.0,0,150,21,40,4
49:18.1,,,80,,98.5,,,,,,,12,-2.2487862,43.27762,71.04126,15.870301845848678,49:17.9,6,0.181,0101000020E610000010FC779683FD01C0B46145F488A34540,20230418_DACIA_AZPEITIA_DONOSTIA_012,,d4,30:53.2,11:06.0,DACIA_SPRING,Dacia Spring 33 kW,33000,139,48:54.5,6.9,11.2,10,N,-2.5290452228525413,3.0503730220027654,171,74,,,,4.0,120.0,47.0,0,150,21,80,4
49:23.9,,,80,,98.5,,,,,,,12,-2.246722,43.27773,64.80383,16.037970913275515,49:24.0,6,-0.099,0101000020E610000069D6425E49F901C06555849B8CA34540,20230418_DACIA_AZPEITIA_DONOSTIA_012,,d4,30:53.2,11:06.0,DACIA_SPRING,Dacia Spring 33 kW,33000,139,48:54.5,6.9,11.2,10,N,-3.573622423298912,8.60689915843251,171,74,,,,4.0,120.0,47.0,0,150,21,20,4
49:29.7,,,80,,98.5,,,,,,,12,-2.244588,43.278053,61.698486,16.214448167687472,49:29.9,6,-0.2339999999999999,0101000020E61000003B5E9A85EAF401C0EEB3883097A34540,20230418_DACIA_AZPEITIA_DONOSTIA_012,,d4,30:53.2,11:06.0,DACIA_SPRING,Dacia Spring 33 kW,33000,139,48:54.5,6.9,11.2,10,N,-4.398991688196085,13.126787319126704,171,74,,,,4.0,120.0,47.0,0,150,21,25,4
49:35.4,,,80,,98.5,,,,,,,12,-2.2428856,43.27845,59.506104,16.3591776067356,49:35.0,6,0.44,0101000020E61000006EFA50F56DF101C0FF6A1F3CA4A34540,20230418_DACIA_AZPEITIA_DONOSTIA_012,,d4,30:53.2,11:06.0,DACIA_SPRING,Dacia Spring 33 kW,33000,139,50:05.5,6.9,11.2,10,N,-5.872438251200051,21.622803187131726,171,74,,,,4.0,120.0,47.0,0,150,21,20,4
49:41.7,,,80,,98.5,,,,,,,12,-2.2406151000000003,43.27935,57.39264,16.568469638575188,49:42.0,6,-0.288,0101000020E6100000F9277EADC7EC01C0EA9F75C7C1A34540,20230418_DACIA_AZPEITIA_DONOSTIA_012,,d4,30:53.2,11:06.0,DACIA_SPRING,Dacia Spring 33 kW,33000,139,50:05.5,6.9,11.2,10,N,-7.891671070265135,34.798326819418804,171,74,,,,4.0,120.0,47.0,0,150,21,20,4
49:47.2,,,80,,98.5,,,,,,,12,-2.2393057,43.28026,59.573975,16.71502748304544,49:47.0,6,0.25,0101000020E61000009AF8591B19EA01C0CFFDEE80DFA34540,20230418_DACIA_AZPEITIA_DONOSTIA_012,,d4,30:53.2,11:06.0,DACIA_SPRING,Dacia Spring 33 kW,33000,139,50:05.5,6.9,11.2,10,N,-8.929084569568005,42.86731511349035,171,74,,,,4.0,120.0,47.0,0,150,21,40,4
49:53.0,,,80,,98.5,,,,,,,12,-2.237959,43.28151,65.46441999999999,16.891771100712738,49:53.0,6,-0.0579999999999999,0101000020E61000004B56EAFE56E701C0375A068308A44540,20230418_DACIA_AZPEITIA_DONOSTIA_012,,d4,30:53.2,11:06.0,DACIA_SPRING,Dacia Spring 33 kW,33000,139,50:05.5,6.9,11.2,10,N,-8.596146789773853,40.13109019100556,171,74,,,,4.0,120.0,47.0,0,150,21,40,4
49:58.5,,,80,,98.5,,,,,,,12,-2.2367787,43.282505,66.26111,17.037956579121136,49:58.0,6,0.446,0101000020E61000007B1D273BECE401C015F7692629A44540,20230418_DACIA_AZPEITIA_DONOSTIA_012,,d4,30:53.2,11:06.0,DACIA_SPRING,Dacia Spring 33 kW,33000,139,50:05.5,6.9,11.2,10,N,-7.541439704416453,32.325593341908004,91,60,,,,16.0,71.0,3.0,1,80,11,25,4
50:04.1,,,80,,98.5,,,,,,,12,-2.2352,43.283504,62.66540500000001,17.207317657017548,50:04.1,6,0.048,0101000020E610000040C0F78AB0E101C0FE4D62EF49A44540,20230418_DACIA_AZPEITIA_DONOSTIA_012,,d4,30:53.2,11:06.0,DACIA_SPRING,Dacia Spring 33 kW,33000,139,50:05.5,6.9,11.2,10,N,-5.991775359744654,22.34255119603074,91,60,,,,16.0,71.0,3.0,1,80,11,25,4
50:09.7,,,79,,98.5,,,,,,,12,-2.2330832000000003,43.284374,65.37671,17.404105685283447,50:10.1,6,-0.39,0101000020E61000007E8F97C15ADD01C0A276855F66A44540,20230418_DACIA_AZPEITIA_DONOSTIA_012,,d4,30:53.2,11:06.0,DACIA_SPRING,Dacia Spring 33 kW,33000,139,50:05.5,6.9,11.2,10,N,-4.577509144027203,14.123584527645818,91,60,,,,16.0,71.0,3.0,1,80,11,25,3
50:15.5,,,79,,98.5,,,,,,,12,-2.2315094,43.28477,67.68695,17.538912419136558,50:15.1,6,0.361,0101000020E610000036B863A021DA01C036864A6D73A44540,20230418_DACIA_AZPEITIA_DONOSTIA_012,,d4,30:53.2,11:06.0,DACIA_SPRING,Dacia Spring 33 kW,33000,139,50:05.5,6.9,11.2,10,N,-3.192752814723341,6.562866426669565,91,60,,,,16.0,71.0,3.0,1,80,11,25,3
50:21.0,,,79,,98.5,,,,,,,12,-2.2294233,43.28501,65.90369,17.70987636530317,50:21.1,6,-0.123,0101000020E6100000A18CA7D4DBD501C01A7E3F4E7BA44540,20230418_DACIA_AZPEITIA_DONOSTIA_012,,d4,30:53.2,11:06.0,DACIA_SPRING,Dacia Spring 33 kW,33000,139,50:05.5,6.9,11.2,10,N,-2.1571538559958405,1.1047327606421389,91,60,,,,16.0,71.0,3.0,1,80,11,8,3
50:26.7,,,79,,98.5,,,,,,,12,-2.227349,43.28505,67.54932,17.87784662963681,50:27.2,6,-0.49,0101000020E610000009A1E6589CD101C0C6067F7D7CA44540,20230418_DACIA_AZPEITIA_DONOSTIA_012,,d4,30:53.2,11:06.0,DACIA_SPRING,Dacia Spring 33 kW,33000,139,50:05.5,6.9,11.2,10,N,-2.618102246600942,3.51848897632704,91,60,,,,16.0,71.0,3.0,1,80,11,8,3
50:32.2,,,79,,98.5,,,,,,,12,-2.2256901,43.285152,68.99133,18.012611265138755,50:32.2,6,0.006,0101000020E6100000DE0631A736CE01C07774D0E37FA44540,20230418_DACIA_AZPEITIA_DONOSTIA_012,,d4,30:53.2,11:06.0,DACIA_SPRING,Dacia Spring 33 kW,33000,139,50:05.5,6.9,11.2,10,N,-3.507511764311234,8.250415481753537,91,60,,,,16.0,71.0,3.0,1,80,11,120,3
50:37.9,,,78,,98.5,,,,,,,12,-2.2237039000000003,43.28544,71.03998,18.176553877012118,50:38.2,6,-0.34,0101000020E6100000C94DDC4325CA01C0A2022F4C89A44540,20230418_DACIA_AZPEITIA_DONOSTIA_012,,d4,30:53.2,11:06.0,DACIA_SPRING,Dacia Spring 33 kW,33000,139,50:05.5,6.9,11.2,10,N,-3.184570817463217,6.519202856784252,91,60,,,,16.0,71.0,3.0,1,80,11,120,3
50:43.6,,,78,,98.5,,,,,,,12,-2.222085,43.285625,74.72936999999999,18.30925006823576,50:43.2,6,0.317,0101000020E610000046AA187CD4C601C057DFC8558FA44540,20230418_DACIA_AZPEITIA_DONOSTIA_012,,d4,30:53.2,11:06.0,DACIA_SPRING,Dacia Spring 33 kW,33000,139,50:05.5,6.9,11.2,10,N,-0.5264676395340054,-7.305759533365287,91,60,,,,16.0,71.0,3.0,1,80,11,8,3
50:49.9,,,78,,98.5,,,,,,,12,-2.21994,43.28535,79.82184000000001,18.485620551204697,50:50.3,6,-0.35,0101000020E61000009D8047D06FC201C0156F096586A44540,20230418_DACIA_AZPEITIA_DONOSTIA_012,,d4,30:53.2,11:06.0,DACIA_SPRING,Dacia Spring 33 kW,33000,139,50:05.5,6.9,11.2,10,N,2.4364245350250817,-22.56446333824027,91,60,,,,16.0,71.0,3.0,1,80,11,8,3
50:55.7,,,78,,98.5,,,,,,,12,-2.2185442,43.28477,86.7182,18.61589690475666,50:55.3,6,0.37,0101000020E61000007342F01194BF01C0FB88EB5A73A44540,20230418_DACIA_AZPEITIA_DONOSTIA_012,,d4,30:53.2,11:06.0,DACIA_SPRING,Dacia Spring 33 kW,33000,139,50:05.5,6.9,11.2,10,N,4.759689322068085,-35.148907630769465,91,60,,,,16.0,71.0,3.0,1,80,11,8,3
51:01.3,,,78,,98.5,,,,,,,12,-2.2172134,43.283833,89.93469,18.765796619502343,51:01.3,6,-0.018,0101000020E6100000DED01065DABC01C03A8D7AA954A44540,20230418_DACIA_AZPEITIA_DONOSTIA_012,,d4,30:53.2,11:06.0,DACIA_SPRING,Dacia Spring 33 kW,33000,139,50:05.5,6.9,11.2,10,N,3.572526482060407,-28.600983546109397,91,60,,,,16.0,71.0,3.0,1,80,11,8,3
51:06.9,,,78,,98.5,,,,,,,12,-2.2159424,43.28314,93.01361,18.894374883373953,51:06.4,6,0.5,0101000020E6100000C2CADBF03FBA01C0AB17CFE23DA44540,20230418_DACIA_AZPEITIA_DONOSTIA_012,,d4,30:53.2,11:06.0,DACIA_SPRING,Dacia Spring 33 kW,33000,139,50:05.5,6.9,11.2,10,N,1.5914951779387825,-18.16925418597881,91,60,,,,16.0,71.0,3.0,1,80,11,100,4
51:12.4,,,78,,98.5,,,,,,,12,-2.2142513,43.282585,98.047424,19.044617319567305,51:12.4,6,0.057,0101000020E61000003436AE5EC9B601C096F67AB52BA44540,20230418_DACIA_AZPEITIA_DONOSTIA_012,,d4,30:53.2,11:06.0,DACIA_SPRING,Dacia Spring 33 kW,33000,139,50:05.5,6.9,11.2,10,N,2.981001767350602,-25.435943416145395,91,60,,,,16.0,71.0,3.0,1,80,11,100,4
51:18.0,,,78,,98.5,,,,,,,12,-2.21279,43.28189,105.57892,19.186114499589088,51:18.4,6,-0.408,0101000020E6100000EBEFF838CBB301C0D2CD7A0815A44540,20230418_DACIA_AZPEITIA_DONOSTIA_012,,d4,30:53.2,11:06.0,DACIA_SPRING,Dacia Spring 33 kW,33000,139,50:05.5,6.9,11.2,10,N,2.936235972832689,-25.198500692728167,91,60,,,,16.0,71.0,3.0,1,80,11,120,4
51:23.5,,,78,,98.5,,,,,,,12,-2.2115276,43.281296000000005,108.54706000000002,19.307828173022376,51:23.4,6,0.026,0101000020E6100000083CCD5535B101C08E869D7301A44540,20230418_DACIA_AZPEITIA_DONOSTIA_012,,d4,30:53.2,11:06.0,DACIA_SPRING,Dacia Spring 33 kW,33000,139,50:05.5,6.9,11.2,10,N,-1.9448595898696197,0.0,91,60,,,,16.0,71.0,3.0,1,80,11,100,4
51:29.0,,,78,,98.5,,,,,,,12,-2.2115276,43.281296000000005,108.54706000000002,19.307828173022376,51:29.5,6,-0.521,0101000020E6100000083CCD5535B101C08E869D7301A44540,20230418_DACIA_AZPEITIA_DONOSTIA_012,,d4,30:53.2,11:06.0,DACIA_SPRING,Dacia Spring 33 kW,33000,139,50:05.5,6.9,11.2,10,N,-1.9448595898696197,0.0,91,60,,,,16.0,71.0,3.0,1,80,11,100,4
51:34.6,,,78,,98.5,,,,,,,12,-2.2115276,43.281296000000005,108.54706000000002,19.307828173022376,51:34.5,6,0.141,0101000020E6100000083CCD5535B101C08E869D7301A44540,20230418_DACIA_AZPEITIA_DONOSTIA_012,,d4,30:53.2,11:06.0,DACIA_SPRING,Dacia Spring 33 kW,33000,139,50:05.5,6.9,11.2,10,N,-1.9448595898696197,0.0,91,60,,,,16.0,71.0,3.0,1,80,11,100,4
51:40.2,,,78,,98.5,,,,,,,12,-2.2115276,43.281296000000005,108.54706000000002,19.307828173022376,51:40.5,6,-0.248,0101000020E6100000083CCD5535B101C08E869D7301A44540,20230418_DACIA_AZPEITIA_DONOSTIA_012,,d4,30:53.2,11:06.0,DACIA_SPRING,Dacia Spring 33 kW,33000,139,50:05.5,6.9,11.2,10,N,-1.6617988138432562,-1.46723897505383,91,60,,,,16.0,71.0,3.0,1,80,11,100,4
52:15.3,,,78,,98.5,,,,,,,12,-2.204383,43.281113,103.32037,19.886562509301317,52:15.3,6,-0.071,0101000020E610000079B95F7093A201C0856E1F87FBA34540,20230418_DACIA_AZPEITIA_DONOSTIA_012,,d4,30:53.2,11:06.0,DACIA_SPRING,Dacia Spring 33 kW,33000,139,53:54.5,6.9,11.2,10,N,-1.9448595898696197,0.0,91,60,,,,16.0,71.0,3.0,1,80,11,100,4
52:20.9,,,78,,98.5,,,,,,,12,-2.1923404,43.281113,84.2514,20.861594721726885,52:20.6,6,0.205,0101000020E6100000E8CD76BFE98901C05039268BFBA34540,20230418_DACIA_AZPEITIA_DONOSTIA_012,,d4,30:53.2,11:06.0,DACIA_SPRING,Dacia Spring 33 kW,33000,139,53:54.5,6.9,11.2,10,N,-2.6025801077362827,3.436833732692772,91,60,,,,16.0,71.0,3.0,1,80,11,8,5
52:26.4,,,78,,98.5,,,,,,,12,-2.1900592,43.28125,77.44464,21.04700940379793,52:26.7,6,-0.332,0101000020E61000004643E7B13D8501C0C46D3CF1FFA34540,20230418_DACIA_AZPEITIA_DONOSTIA_012,,d4,30:53.2,11:06.0,DACIA_SPRING,Dacia Spring 33 kW,33000,139,53:54.5,6.9,11.2,10,N,-1.3390751438253885,-3.133274182467915,91,60,,,,16.0,71.0,3.0,1,80,11,8,5
52:31.9,,,77,,98.5,,,,,,,12,-2.1882324,43.28115,76.03674000000001,21.19531238549065,52:31.7,6,0.191,0101000020E6100000B3F3D30B808101C09608D0C6FCA34540,20230418_DACIA_AZPEITIA_DONOSTIA_012,,d4,30:53.2,11:06.0,DACIA_SPRING,Dacia Spring 33 kW,33000,139,53:54.5,6.9,11.2,10,N,-2.464418617131332,2.71122830647372,91,60,,,,16.0,71.0,3.0,1,80,11,55,5
52:37.6,,,77,,98.5,,,,,,,12,-2.1861207,43.28125,70.55255,21.36670281147292,52:37.7,6,-0.152,0101000020E61000006CD49EED2C7D01C06BABC40200A44540,20230418_DACIA_AZPEITIA_DONOSTIA_012,,d4,30:53.2,11:06.0,DACIA_SPRING,Dacia Spring 33 kW,33000,139,53:54.5,6.9,11.2,10,N,-4.8602015438937896,15.718281190479926,91,60,,,,16.0,71.0,3.0,1,80,11,55,5
52:43.0,,,77,,98.5,,,,,,,12,-2.1844862000000003,43.28171,68.13214,21.50857778264194,52:42.8,6,0.261,0101000020E61000003ABADFDBD37901C04CCD58130FA44540,20230418_DACIA_AZPEITIA_DONOSTIA_012,,d4,30:53.2,11:06.0,DACIA_SPRING,Dacia Spring 33 kW,33000,139,53:54.5,6.9,11.2,10,N,-4.300897655305599,12.582214119418664,91,60,,,,16.0,71.0,3.0,1,80,11,55,5
52:48.7,,,77,,98.5,,,,,,,12,-2.1825328,43.282146,64.55658000000001,21.674006798270188,52:48.8,6,-0.09,0101000020E6100000052D0BC3D37501C0271763601DA44540,20230418_DACIA_AZPEITIA_DONOSTIA_012,,d4,30:53.2,11:06.0,DACIA_SPRING,Dacia Spring 33 kW,33000,139,53:54.5,6.9,11.2,10,N,-1.74277785754182,-1.048104435446217,91,60,,,,16.0,71.0,3.0,1,80,11,55,5
52:54.2,,,77,,98.5,,,,,,,12,-2.180893,43.282116,63.193237,21.8067949223359,52:53.8,6,0.372,0101000020E61000001C6F5DF7777201C0155732531CA44540,20230418_DACIA_AZPEITIA_DONOSTIA_012,,d4,30:53.2,11:06.0,DACIA_SPRING,Dacia Spring 33 kW,33000,139,53:54.5,6.9,11.2,10,N,1.049376803878192,-15.37617681534654,91,60,,,,16.0,71.0,3.0,1,80,11,55,5
53:00.2,,,77,,98.5,,,,,,,12,-2.1791039,43.281624,66.036316,21.961634983722277,52:59.8,6,0.416,0101000020E6100000A81A7BFECD6E01C0E83A85430CA44540,20230418_DACIA_AZPEITIA_DONOSTIA_012,,d4,30:53.2,11:06.0,DACIA_SPRING,Dacia Spring 33 kW,33000,139,53:54.5,6.9,11.2,10,N,4.024852561332088,-31.061009356237584,91,60,,,,16.0,71.0,3.0,1,80,11,25,5
53:05.7,,,77,,98.5,,,,,,,12,-2.1776412,43.280743,67.80353000000001,22.115321632519326,53:05.9,6,-0.191,0101000020E61000008492F228CF6B01C0BBA86959EFA34540,20230418_DACIA_AZPEITIA_DONOSTIA_012,,d4,30:53.2,11:06.0,DACIA_SPRING,Dacia Spring 33 kW,33000,139,53:54.5,6.9,11.2,10,N,4.590434634421305,-34.19605529966024,91,60,,,,16.0,71.0,3.0,1,80,11,8,5
53:11.3,,,77,,98.5,,,,,,,12,-2.1765242,43.279984000000006,66.489136,22.23901768128399,53:10.9,6,0.432,0101000020E6100000EB05B883856901C0A4F9C684D6A34540,20230418_DACIA_AZPEITIA_DONOSTIA_012,,d4,30:53.2,11:06.0,DACIA_SPRING,Dacia Spring 33 kW,33000,139,53:54.5,6.9,11.2,10,N,3.078454469532858,-25.953790805328392,91,60,,,,16.0,71.0,3.0,1,80,11,8,6
53:17.1,,,77,,98.5,,,,,,,12,-2.1750429,43.279263,64.67383000000001,22.383274739652894,53:16.9,6,0.2189999999999999,0101000020E61000000D2D57E47C6601C0DAF4F3E8BEA34540,20230418_DACIA_AZPEITIA_DONOSTIA_012,,d4,30:53.2,11:06.0,DACIA_SPRING,Dacia Spring 33 kW,33000,139,53:54.5,6.9,11.2,10,N,1.4447124839186287,-17.411358496028974,91,60,,,,16.0,71.0,3.0,1,80,11,25,6
53:22.7,,,77,,98.5,,,,,,,12,-2.1732795,43.27871,59.324646,22.538799055964528,53:22.9,6,-0.245,0101000020E61000008DBB7B5FE06201C0C5D39FBBACA34540,20230418_DACIA_AZPEITIA_DONOSTIA_012,,d4,30:53.2,11:06.0,DACIA_SPRING,Dacia Spring 33 kW,33000,139,53:54.5,6.9,11.2,10,N,0.1327496461826081,-10.67912254979504,91,60,,,,16.0,71.0,3.0,1,80,11,25,6
53:28.2,,,77,,98.5,,,,,,,12,-2.1716568,43.278404,55.171326,22.674560454428075,53:27.9,6,0.237,0101000020E610000070A52AAF8D5F01C0777ED5BAA2A34540,20230418_DACIA_AZPEITIA_DONOSTIA_012,,d4,30:53.2,11:06.0,DACIA_SPRING,Dacia Spring 33 kW,33000,139,53:54.5,6.9,11.2,10,N,-1.5391763544560435,-2.101046168419433,91,60,,,,16.0,71.0,3.0,1,80,11,25,6
53:33.8,,,77,,98.5,,,,,,,12,-2.1695852,43.278328,52.078247,22.842504849039496,53:33.9,6,-0.1639999999999999,0101000020E6100000D7D9B18D4F5B01C0C665C337A0A34540,20230418_DACIA_AZPEITIA_DONOSTIA_012,,d4,30:53.2,11:06.0,DACIA_SPRING,Dacia Spring 33 kW,33000,139,53:54.5,6.9,11.2,10,N,-3.0244849905882414,5.666843631537154,91,60,,,,16.0,71.0,3.0,1,80,11,25,6
53:39.4,,,76,,98.5,,,,,,,12,-2.1678216,43.278503,50.897705,22.986599045296046,53:39.0,6,0.396,0101000020E6100000228326D3B25701C0527E9409A6A34540,20230418_DACIA_AZPEITIA_DONOSTIA_012,,d4,30:53.2,11:06.0,DACIA_SPRING,Dacia Spring 33 kW,33000,139,53:54.5,6.9,11.2,10,N,-4.783925059631848,15.285950855444955,91,60,,,,16.0,71.0,3.0,1,80,11,25,6
53:45.0,,,76,,98.5,,,,,,,12,-2.1658092,43.279053000000005,51.005737,23.160609806745637,53:45.0,6,0.031,0101000020E6100000733A5EBB935301C09098A8F7B7A34540,20230418_DACIA_AZPEITIA_DONOSTIA_012,,d4,30:53.2,11:06.0,DACIA_SPRING,Dacia Spring 33 kW,33000,139,53:54.5,6.9,11.2,10,N,-4.84650528388693,15.640536696749654,91,60,,,,16.0,71.0,3.0,1,80,11,25,6
53:50.7,,,76,,98.5,,,,,,,12,-2.1639447,43.279575,52.527954,23.322328275052264,53:51.2,6,-0.494,0101000020E610000031072039C24F01C02249181FC9A34540,20230418_DACIA_AZPEITIA_DONOSTIA_012,,d4,30:53.2,11:06.0,DACIA_SPRING,Dacia Spring 33 kW,33000,139,53:54.5,6.9,11.2,10,N,-3.389114367493516,7.613802041787854,91,60,,,,16.0,71.0,3.0,1,80,11,100,6
53:56.3,,,76,,98.5,,,,,,,12,-2.162456,43.279774,54.205627,23.444867177729975,53:56.0,6,0.295,0101000020E61000009D1A3FBFB54C01C0B9682BA3CFA34540,20230418_DACIA_AZPEITIA_DONOSTIA_012,,d4,30:53.2,11:06.0,DACIA_SPRING,Dacia Spring 33 kW,33000,139,53:54.5,6.9,11.2,10,N,-2.032082517787533,0.45341037294151,91,60,,,,16.0,71.0,3.0,1,80,11,25,7
54:02.0,,,76,,98.5,,,,,,,12,-2.161066,43.279785,55.878174,23.55740890401916,54:02.0,6,-0.033,0101000020E61000005F6586F0DC4901C0FB9CD4FACFA34540,20230418_DACIA_AZPEITIA_DONOSTIA_012,,d4,30:53.2,11:06.0,DACIA_SPRING,Dacia Spring 33 kW,33000,139,53:54.5,6.9,11.2,10,N,0.2568084946903627,-11.313868975199492,91,60,,,,16.0,71.0,3.0,1,80,11,100,7
54:07.5,,,76,,98.5,,,,,,,12,-2.1602263,43.279617,56.084106000000006,23.62790448636854,54:07.1,6,0.356,0101000020E61000003B09BECC244801C051589874CAA34540,20230418_DACIA_AZPEITIA_DONOSTIA_012,,d4,30:53.2,11:06.0,DACIA_SPRING,Dacia Spring 33 kW,33000,139,53:54.5,6.9,11.2,10,N,0.3083549933580136,-11.577649325228208,91,60,,,,16.0,71.0,3.0,1,80,11,100,7
54:13.0,,,76,,98.5,,,,,,,12,-2.1593916,43.279446,54.049866,23.69812883870781,54:13.1,6,-0.069,0101000020E6100000EB11B4136F4601C0BF1458DFC4A34540,20230418_DACIA_AZPEITIA_DONOSTIA_012,,d4,30:53.2,11:06.0,DACIA_SPRING,Dacia Spring 33 kW,33000,139,53:54.5,6.9,11.2,10,N,-0.7381814133539686,-6.220949920825238,91,60,,,,16.0,71.0,3.0,1,80,11,45,7
54:18.5,,,76,,98.5,,,,,,,12,-2.1591806,43.279423,54.691162,23.715412015760435,54:18.1,6,0.361,0101000020E6100000D0DBD07B004601C09C08D110C4A34540,20230418_DACIA_AZPEITIA_DONOSTIA_012,,d4,30:53.2,11:06.0,DACIA_SPRING,Dacia Spring 33 kW,33000,139,53:54.5,6.9,11.2,10,N,-0.4655291484024399,-7.617808778409544,91,60,,,,16.0,71.0,3.0,1,80,11,45,7
54:24.1,,,76,,98.5,,,,,,,12,-2.1590834,43.27941,52.02655,23.7238443110806,54:24.1,6,0.009,0101000020E6100000AFE9C579CD4501C031557AB7C3A34540,20230418_DACIA_AZPEITIA_DONOSTIA_012,,d4,30:53.2,11:06.0,DACIA_SPRING,Dacia Spring 33 kW,33000,139,53:54.5,6.9,11.2,10,N,3.416070125768095,-27.758540597380424,91,60,,,,16.0,71.0,3.0,1,80,11,45,7
54:29.9,,,76,,98.5,,,,,,,12,-2.159072,43.279404,52.142273,23.72498893556454,54:30.2,6,-0.3289999999999999,0101000020E6100000F3480F85C74501C0135E068CC3A34540,20230418_DACIA_AZPEITIA_DONOSTIA_012,,d4,30:53.2,11:06.0,DACIA_SPRING,Dacia Spring 33 kW,33000,139,53:54.5,6.9,11.2,10,N,1.6428880111947797,-18.43494880956368,91,60,,,,16.0,71.0,3.0,1,80,11,45,7
54:35.5,,,76,,98.5,,,,,,,12,-2.15906,43.2794,52.10553,23.72605797473974,54:35.2,6,0.2739999999999999,0101000020E610000068D0D03FC14501C055F16F65C3A34540,20230418_DACIA_AZPEITIA_DONOSTIA_012,,d4,30:53.2,11:06.0,DACIA_SPRING,Dacia Spring 33 kW,33000,139,55:05.4,6.9,11.2,10,N,-1.9448595898696197,0.0,91,60,,,,16.0,71.0,3.0,1,80,11,45,7
54:41.2,,,76,,98.5,,,,,,,12,-2.1590571,43.2794,51.862305,23.726396014831696,54:41.2,6,-0.031,0101000020E6100000BC5608CCBF4501C0DEB92861C3A34540,20230418_DACIA_AZPEITIA_DONOSTIA_012,,d4,30:53.2,11:06.0,DACIA_SPRING,Dacia Spring 33 kW,33000,139,55:05.4,6.9,11.2,10,N,-1.9448595898696197,0.0,91,60,,,,16.0,71.0,3.0,1,80,11,45,7
54:46.8,,,76,,98.5,,,,,,,12,-2.159052,43.2794,51.707275,23.72683701815745,54:47.2,6,-0.417,0101000020E61000005EB6630BBD4501C00D14FC5FC3A34540,20230418_DACIA_AZPEITIA_DONOSTIA_012,,d4,30:53.2,11:06.0,DACIA_SPRING,Dacia Spring 33 kW,33000,139,55:05.4,6.9,11.2,10,N,0.1211259170950463,-10.619655279496516,91,60,,,,16.0,71.0,3.0,1,80,11,45,7
54:52.4,,,76,,98.5,,,,,,,12,-2.1589720000000003,43.279385,54.13269,23.733950759785824,54:52.2,6,0.17,0101000020E6100000616FFF1D934501C084159FE9C2A34540,20230418_DACIA_AZPEITIA_DONOSTIA_012,,d4,30:53.2,11:06.0,DACIA_SPRING,Dacia Spring 33 kW,33000,139,55:05.4,6.9,11.2,10,N,-4.278051865952376,12.455695320651232,91,60,,,,16.0,71.0,3.0,1,80,11,45,7
54:58.1,,,76,,98.5,,,,,,,12,-2.1589222,43.279396000000006,56.56024,23.738812998959258,54:58.3,6,-0.15,0101000020E61000003FD7080E794501C0F5A31B40C3A34540,20230418_DACIA_AZPEITIA_DONOSTIA_012,,d4,30:53.2,11:06.0,DACIA_SPRING,Dacia Spring 33 kW,33000,139,55:05.4,6.9,11.2,10,N,-10.691931225367927,62.67610869474838,91,60,,,,16.0,71.0,3.0,1,80,11,45,7
55:03.7,,,76,,98.5,,,,,,,12,-2.158916,43.279408,56.30475,23.740261322937535,55:03.3,6,0.346,0101000020E6100000CA1284C8754501C0CC2C0095C3A34540,20230418_DACIA_AZPEITIA_DONOSTIA_012,,d4,30:53.2,11:06.0,DACIA_SPRING,Dacia Spring 33 kW,33000,139,55:05.4,6.9,11.2,10,N,10.458637637606133,-120.96375650213888,91,60,,,,16.0,71.0,3.0,1,80,11,45,7
55:09.3,,,76,,98.5,,,,,,,12,-2.1589184,43.279404,56.23669399999999,23.740751432343874,55:09.3,6,-0.05,0101000020E6100000CFDFDFFB764501C0AE8D6786C3A34540,20230418_DACIA_AZPEITIA_DONOSTIA_012,,d4,30:53.2,11:06.0,DACIA_SPRING,Dacia Spring 33 kW,33000,139,55:05.4,6.9,11.2,10,N,-1.9448595898696197,0.0,91,60,,,,16.0,71.0,3.0,1,80,11,45,7
55:14.8,,,76,,98.5,,,,,,,12,-2.1589184,43.279404,56.35443000000001,23.740869168343874,55:14.3,6,0.485,0101000020E61000006475ED03774501C084795588C3A34540,20230418_DACIA_AZPEITIA_DONOSTIA_012,,d4,30:53.2,11:06.0,DACIA_SPRING,Dacia Spring 33 kW,33000,139,55:05.4,6.9,11.2,10,N,1.9448595898696184,180.0,91,60,,,,16.0,71.0,3.0,1,80,11,45,7
55:20.4,,,76,,98.5,,,,,,,12,-2.1589186,43.279404,56.415527,23.740932374140748,55:20.4,6,0.0139999999999999,0101000020E610000082962A28774501C0964B998AC3A34540,20230418_DACIA_AZPEITIA_DONOSTIA_012,,d4,30:53.2,11:06.0,DACIA_SPRING,Dacia Spring 33 kW,33000,139,55:05.4,6.9,11.2,10,N,-1.9448595898696197,0.0,91,60,,,,16.0,71.0,3.0,1,80,11,45,7
55:26.1,,,76,,98.5,,,,,,,12,-2.1589186,43.279404,56.50128,23.741018127140745,55:26.4,6,-0.244,0101000020E61000002236161C774501C096B6348EC3A34540,20230418_DACIA_AZPEITIA_DONOSTIA_012,,d4,30:53.2,11:06.0,DACIA_SPRING,Dacia Spring 33 kW,33000,139,55:05.4,6.9,11.2,10,N,-11.113206975990806,87.13759476881206,91,60,,,,16.0,71.0,3.0,1,80,11,45,7
55:31.7,,,76,,98.5,,,,,,,12,-2.1589184,43.279408,56.510925,23.74146330591657,55:31.4,6,0.302,0101000020E61000000B72A30A774501C08A954D90C3A34540,20230418_DACIA_AZPEITIA_DONOSTIA_012,,d4,30:53.2,11:06.0,DACIA_SPRING,Dacia Spring 33 kW,33000,139,55:05.4,6.9,11.2,10,N,1.9448595898696184,180.0,91,60,,,,16.0,71.0,3.0,1,80,11,45,7
55:37.4,,,76,,98.5,,,,,,,12,-2.1589186,43.279408,56.530823,23.741488958591265,55:37.4,6,0.036,0101000020E6100000C3D50110774501C06CA22290C3A34540,20230418_DACIA_AZPEITIA_DONOSTIA_012,,d4,30:53.2,11:06.0,DACIA_SPRING,Dacia Spring 33 kW,33000,139,55:05.4,6.9,11.2,10,N,-0.1619595441285235,-9.171435556071168,91,60,,,,16.0,71.0,3.0,1,80,11,45,7
55:43.1,,,76,,98.5,,,,,,,12,-2.1586213,43.27936,56.397522,23.76614110041731,55:43.4,6,-0.365,0101000020E6100000015F3C49DB4401C09DAE9B10C2A34540,20230418_DACIA_AZPEITIA_DONOSTIA_012,,d4,30:53.2,11:06.0,DACIA_SPRING,Dacia Spring 33 kW,33000,139,55:05.4,6.9,11.2,10,N,-1.429763770818238,-2.665752096613142,91,60,,,,16.0,71.0,3.0,1,80,11,45,7
55:48.8,,,76,,98.5,,,,,,,12,-2.1578481,43.279324,57.660034,23.828873865414657,55:48.4,6,0.4,0101000020E6100000364D4CD5454301C0F1FB92E8C0A34540,20230418_DACIA_AZPEITIA_DONOSTIA_012,,d4,30:53.2,11:06.0,DACIA_SPRING,Dacia Spring 33 kW,33000,139,55:05.4,6.9,11.2,10,N,-1.0827927631141698,-4.452097554973441,91,60,,,,16.0,71.0,3.0,1,80,11,90,7
55:54.5,,,76,,98.5,,,,,,,12,-2.1566665,43.279232,59.71838399999999,23.925094500950777,55:54.5,6,0.066,0101000020E6100000786B0D63DA4001C0E0B763E2BDA34540,20230418_DACIA_AZPEITIA_DONOSTIA_012,,d4,30:53.2,11:06.0,DACIA_SPRING,Dacia Spring 33 kW,33000,139,55:05.4,6.9,11.2,10,N,-0.6488085845233833,-6.679034238325992,91,60,,,,16.0,71.0,3.0,1,80,11,45,7
56:00.2,,,76,,98.5,,,,,,,12,-2.1551123,43.27905,61.346680000000006,24.052538317817895,56:00.5,6,-0.3379999999999999,0101000020E61000006D738488AB3D01C07828C8D7B7A34540,20230418_DACIA_AZPEITIA_DONOSTIA_012,,d4,30:53.2,11:06.0,DACIA_SPRING,Dacia Spring 33 kW,33000,139,55:05.4,6.9,11.2,10,N,-1.289820251113157,-3.3870008215057528,91,60,,,,16.0,71.0,3.0,1,80,11,90,7
56:05.7,,,76,,98.5,,,,,,,12,-2.1535916,43.27896,60.327940000000005,24.17605320468137,56:05.5,6,0.191,0101000020E61000000B2239368E3A01C0929158F7B4A34540,20230418_DACIA_AZPEITIA_DONOSTIA_012,,d4,30:53.2,11:06.0,DACIA_SPRING,Dacia Spring 33 kW,33000,139,55:05.4,6.9,11.2,10,N,-2.003930897532643,0.3069990420360204,91,60,,,,16.0,71.0,3.0,1,80,11,90,7
56:11.4,,,76,,98.5,,,,,,,12,-2.1517253,43.27897,61.651978,24.32714499158786,56:11.5,6,-0.149,0101000020E6100000CA2E20CDBB3601C0D3C5014FB5A34540,20230418_DACIA_AZPEITIA_DONOSTIA_012,,d4,30:53.2,11:06.0,DACIA_SPRING,Dacia Spring 33 kW,33000,139,55:05.4,6.9,11.2,10,N,-3.085126211653549,5.989291792881671,91,60,,,,16.0,71.0,3.0,1,80,11,25,7
56:17.2,,,76,,98.5,,,,,,,12,-2.149819,43.27917,63.829834,24.483074127261,56:17.6,6,-0.395,0101000020E610000082344A34D43201C0B2D991EABBA34540,20230418_DACIA_AZPEITIA_DONOSTIA_012,,d4,30:53.2,11:06.0,DACIA_SPRING,Dacia Spring 33 kW,33000,139,55:05.4,6.9,11.2,10,N,-4.998954696914975,16.50879877701376,91,60,,,,16.0,71.0,3.0,1,80,11,25,7
56:22.8,,,76,,98.5,,,,,,,12,-2.1483243,43.279613,67.15039,24.613758018893463,56:22.6,6,0.172,0101000020E6100000A70BCA97C42F01C0CEA78E55CAA34540,20230418_DACIA_AZPEITIA_DONOSTIA_012,,d4,30:53.2,11:06.0,DACIA_SPRING,Dacia Spring 33 kW,33000,139,55:05.4,6.9,11.2,10,N,-6.983189941933168,28.57211012364877,91,60,,,,16.0,71.0,3.0,1,80,11,8,8
56:28.5,,,76,,98.5,,,,,,,12,-2.1467745,43.280457,73.46301,24.770560915562214,56:28.6,6,-0.063,0101000020E61000004DAAAE2A982C01C0F5961705E6A34540,20230418_DACIA_AZPEITIA_DONOSTIA_012,,d4,30:53.2,11:06.0,DACIA_SPRING,Dacia Spring 33 kW,33000,139,55:05.4,6.9,11.2,10,N,-8.77030209663449,41.54185385363376,91,60,,,,16.0,71.0,3.0,1,80,11,85,8
56:34.0,,,76,,98.5,,,,,,,12,-2.1457102000000003,43.2814,79.13019,24.906390848458294,56:33.6,6,0.39,0101000020E610000064BEAC1E6A2A01C0518560D104A44540,20230418_DACIA_AZPEITIA_DONOSTIA_012,,d4,30:53.2,11:06.0,DACIA_SPRING,Dacia Spring 33 kW,33000,139,55:05.4,6.9,11.2,10,N,-8.396756160509142,38.56529560119379,91,60,,,,16.0,71.0,3.0,1,80,11,85,8
56:39.6,,,76,,98.5,,,,,,,12,-2.1443481,43.282486,84.924805,25.070016349972907,56:39.7,6,-0.088,0101000020E61000001FB956F79F2701C02173C87A28A44540,20230418_DACIA_AZPEITIA_DONOSTIA_012,,d4,30:53.2,11:06.0,DACIA_SPRING,Dacia Spring 33 kW,33000,139,55:05.4,6.9,11.2,10,N,-6.280320414205697,24.107189402823582,91,60,,,,16.0,71.0,3.0,1,80,11,8,8
56:45.1,,,76,,98.5,,,,,,,12,-2.1429536,43.28311,86.8927,25.20253213667705,56:44.7,6,0.44,0101000020E61000003C27C5E0C42401C07C27EAF53CA44540,20230418_DACIA_AZPEITIA_DONOSTIA_012,,d4,30:53.2,11:06.0,DACIA_SPRING,Dacia Spring 33 kW,33000,139,55:05.4,6.9,11.2,10,N,-3.8382026909688234,10.041255128425195,91,60,,,,16.0,71.0,3.0,1,80,11,8,8
56:50.8,,,76,,98.5,,,,,,,12,-2.1411464,43.28343,88.510254,25.35309335045034,56:50.7,6,0.025,0101000020E61000000F32C157112101C047D8855947A44540,20230418_DACIA_AZPEITIA_DONOSTIA_012,,d4,30:53.2,11:06.0,DACIA_SPRING,Dacia Spring 33 kW,33000,139,55:05.4,6.9,11.2,10,N,-1.1650466547128429,-4.029175958405291,91,60,,,,16.0,71.0,3.0,1,80,11,8,8
56:56.4,,,76,,98.5,,,,,,,12,-2.139386,43.283306,86.36505,25.49627363627312,56:56.7,6,-0.336,0101000020E610000046F4426C761D01C0DEB9286143A44540,20230418_DACIA_AZPEITIA_DONOSTIA_012,,d4,30:53.2,11:06.0,DACIA_SPRING,Dacia Spring 33 kW,33000,139,55:05.4,6.9,11.2,10,N,-0.6170259803547199,-6.841884623937383,91,60,,,,16.0,71.0,3.0,1,80,11,8,8
57:02.1,,,75,,98.5,,,,,,,12,-2.1378607999999995,43.283123,83.726074,25.621427482404762,57:01.8,6,0.294,0101000020E6100000F1CCB2C4561A01C0D5CB736D3DA44540,20230418_DACIA_AZPEITIA_DONOSTIA_012,,d4,30:53.2,11:06.0,DACIA_SPRING,Dacia Spring 33 kW,33000,139,58:54.7,6.9,11.2,10,N,-2.120468454778042,0.91354284696338,91,60,,,,16.0,71.0,3.0,1,80,11,8,8
57:07.7,,,75,,98.5,,,,,,,12,-2.1359167,43.283154,80.04736,25.778877424223605,57:07.8,6,-0.086,0101000020E6100000E937C08A5B1601C0ECCD1C503EA44540,20230418_DACIA_AZPEITIA_DONOSTIA_012,,d4,30:53.2,11:06.0,DACIA_SPRING,Dacia Spring 33 kW,33000,139,58:54.7,6.9,11.2,10,N,-1.6851867106442544,-1.3462352221611424,91,60,,,,16.0,71.0,3.0,1,80,11,8,8
57:13.5,,,75,,98.5,,,,,,,12,-2.1339593,43.283108,76.596436,25.937443348424623,57:13.8,6,-0.348,0101000020E6100000142BDD3C591201C070C530ED3CA44540,20230418_DACIA_AZPEITIA_DONOSTIA_012,,d4,30:53.2,11:06.0,DACIA_SPRING,Dacia Spring 33 kW,33000,139,58:54.7,6.9,11.2,10,N,-0.8437990583656664,-5.679287731147751,91,60,,,,16.0,71.0,3.0,1,80,11,120,8
57:19.0,,,75,,98.5,,,,,,,12,-2.1323102,43.282944,72.763306,26.072227778918435,57:18.8,6,0.203,0101000020E6100000996725ADF80E01C0C0920E8337A44540,20230418_DACIA_AZPEITIA_DONOSTIA_012,,d4,30:53.2,11:06.0,DACIA_SPRING,Dacia Spring 33 kW,33000,139,58:54.7,6.9,11.2,10,N,-0.777062358269847,-6.021590138917634,332,105,9.0,77.0,219.0,,,,27,296,36,120,9
57:24.6,,,75,,98.5,,,,,,,12,-2.1303194,43.282734000000005,69.14618,26.23510118949929,57:24.8,6,-0.2289999999999999,0101000020E61000000EAA26EBE40A01C046478B9630A44540,20230418_DACIA_AZPEITIA_DONOSTIA_012,,d4,30:53.2,11:06.0,DACIA_SPRING,Dacia Spring 33 kW,33000,139,58:54.7,6.9,11.2,10,N,-0.8218307059396709,-5.791983119961532,332,105,9.0,77.0,219.0,,,,27,296,36,8,9
57:30.3,,,75,,98.5,,,,,,,12,-2.1287026,43.28257,66.81152,26.3672624625617,57:29.9,6,0.42,0101000020E61000003D7D8836950701C01F898F362BA44540,20230418_DACIA_AZPEITIA_DONOSTIA_012,,d4,30:53.2,11:06.0,DACIA_SPRING,Dacia Spring 33 kW,33000,139,58:54.7,6.9,11.2,10,N,-0.8009387147990743,-5.899141751596986,214,57,,,,43.0,170.0,1.0,0,178,36,8,8
57:35.8,,,75,,98.5,,,,,,,12,-2.1267476000000003,43.282368,65.504456,26.52710714224274,57:35.9,6,-0.051,0101000020E61000003D65D232940301C0D5F3039124A44540,20230418_DACIA_AZPEITIA_DONOSTIA_012,,d4,30:53.2,11:06.0,DACIA_SPRING,Dacia Spring 33 kW,33000,139,58:54.7,6.9,11.2,10,N,-0.8539860388203576,-5.627023911502709,332,105,9.0,77.0,219.0,,,,27,296,36,120,8
57:41.5,,,75,,98.5,,,,,,,12,-2.124738,43.28217,67.93036,26.691281763563456,57:41.9,6,-0.436,0101000020E61000000561D99276FF00C0FD53471A1EA44540,20230418_DACIA_AZPEITIA_DONOSTIA_012,,d4,30:53.2,11:06.0,DACIA_SPRING,Dacia Spring 33 kW,33000,139,58:54.7,6.9,11.2,10,N,-1.6482492133769011,-1.5373240084430142,332,105,9.0,77.0,219.0,,,,27,296,36,25,8
57:46.9,,,75,,98.5,,,,,,,12,-2.123024,43.282124,73.12561,26.830218733346904,57:46.9,6,-0.0069999999999999,0101000020E6100000D10259F4F3FB00C0FDB15AAA1CA44540,20230418_DACIA_AZPEITIA_DONOSTIA_012,,d4,30:53.2,11:06.0,DACIA_SPRING,Dacia Spring 33 kW,33000,139,58:54.7,6.9,11.2,10,N,-2.927280454182372,5.151031843102081,332,105,9.0,77.0,219.0,,,,27,296,36,8,8
57:52.6,,,74,,98.5,,,,,,,12,-2.1210716,43.2823,79.6062,26.98960109327639,57:53.0,6,-0.3339999999999999,0101000020E6100000D667B55DF4F700C0DD2FD95722A44540,20230418_DACIA_AZPEITIA_DONOSTIA_012,,d4,30:53.2,11:06.0,DACIA_SPRING,Dacia Spring 33 kW,33000,139,58:54.7,6.9,11.2,10,N,-1.810436170798874,-0.6975460976462637,332,105,9.0,77.0,219.0,,,,27,296,36,120,8
57:58.2,,,74,,98.5,,,,,,,12,-2.1194289,43.28228,85.03265,27.12270396795684,57:58.0,6,0.184,0101000020E610000089CCE01897F400C012AD89C321A44540,20230418_DACIA_AZPEITIA_DONOSTIA_012,,d4,30:53.2,11:06.0,DACIA_SPRING,Dacia Spring 33 kW,33000,139,58:54.7,6.9,11.2,10,N,0.6955790465252791,-13.56066142848631,332,105,9.0,77.0,219.0,,,,27,296,36,120,8
58:03.7,,,74,,98.5,,,,,,,12,-2.1174803,43.28181,92.08423,27.28902217099023,58:04.0,6,-0.285,0101000020E610000046C5078F99F000C0A333175512A44540,20230418_DACIA_AZPEITIA_DONOSTIA_012,,d4,30:53.2,11:06.0,DACIA_SPRING,Dacia Spring 33 kW,33000,139,58:54.7,6.9,11.2,10,N,1.2957907745093356,-16.64374808730452,332,105,9.0,77.0,219.0,,,,27,296,36,8,8
58:09.3,,,74,,98.5,,,,,,,12,-2.1158412,43.28132,97.20184,27.432548643158597,58:09.0,6,0.254,0101000020E6100000343CAC263EED00C094C9C23A02A44540,20230418_DACIA_AZPEITIA_DONOSTIA_012,,d4,30:53.2,11:06.0,DACIA_SPRING,Dacia Spring 33 kW,33000,139,58:54.7,6.9,11.2,10,N,-0.9632584466769102,-5.066168662655558,214,57,,,,43.0,170.0,1.0,0,178,36,25,7
58:14.9,,,74,,98.5,,,,,,,12,-2.113698,43.28113,102.95477,27.607416180425126,58:15.0,6,-0.104,0101000020E6100000A8F3F285DAE800C085BBCC13FCA34540,20230418_DACIA_AZPEITIA_DONOSTIA_012,,d4,30:53.2,11:06.0,DACIA_SPRING,Dacia Spring 33 kW,33000,139,58:54.7,6.9,11.2,10,N,-2.8967060079860034,4.989051550370723,332,105,9.0,77.0,219.0,,,,27,296,36,85,7
58:20.8,,,74,,98.5,,,,,,,12,-2.1115215,43.28132,109.635254,27.784990920621613,58:21.1,6,-0.301,0101000020E6100000C0FD676A65E400C0A6B20F4F02A44540,20230418_DACIA_AZPEITIA_DONOSTIA_012,,d4,30:53.2,11:06.0,DACIA_SPRING,Dacia Spring 33 kW,33000,139,58:54.7,6.9,11.2,10,N,-3.963300023726797,10.723964647756802,332,105,9.0,77.0,219.0,,,,27,296,36,45,7
58:26.4,,,74,,98.5,,,,,,,12,-2.1093566000000004,43.28173,116.73541000000002,27.96621000158588,58:26.1,6,0.288,0101000020E6100000E7FEC963F6DF00C0ABD2F5C80FA44540,20230418_DACIA_AZPEITIA_DONOSTIA_012,,d4,30:53.2,11:06.0,DACIA_SPRING,Dacia Spring 33 kW,33000,139,58:54.7,6.9,11.2,10,N,-4.951807911663264,16.23958841509293,332,105,9.0,77.0,219.0,,,,27,296,36,45,7
58:31.9,,,74,,98.5,,,,,,,12,-2.1072967,43.28233,123.84863,28.145948569488418,58:32.1,6,-0.206,0101000020E61000003FB9B76CBEDB00C09BB0DC5623A44540,20230418_DACIA_AZPEITIA_DONOSTIA_012,,d4,30:53.2,11:06.0,DACIA_SPRING,Dacia Spring 33 kW,33000,139,58:54.7,6.9,11.2,10,N,-4.976491042475873,16.380452017175866,332,105,9.0,77.0,219.0,,,,27,296,36,45,7
58:37.7,,,74,,98.5,,,,,,,12,-2.1052487,43.282932,131.45856,28.32489584116208,58:38.2,6,-0.489,0101000020E6100000F463FE978CD700C0CC16FF2D37A44540,20230418_DACIA_AZPEITIA_DONOSTIA_012,,d4,30:53.2,11:06.0,DACIA_SPRING,Dacia Spring 33 kW,33000,139,58:54.7,6.9,11.2,10,N,-4.064980012482082,11.281147202327896,332,105,9.0,77.0,219.0,,,,27,296,36,45,7
58:43.4,,,74,,98.5,,,,,,,12,-2.1035642999999995,43.283268,137.92596,28.466417240882194,58:43.2,6,0.25,0101000020E61000008240C28B19D400C0D28F021B42A44540,20230418_DACIA_AZPEITIA_DONOSTIA_012,,d4,30:53.2,11:06.0,DACIA_SPRING,Dacia Spring 33 kW,33000,139,58:54.7,6.9,11.2,10,N,-5.267948594014095,18.05718394714179,332,105,9.0,77.0,219.0,,,,27,296,36,45,6
58:48.9,,,73,,98.5,,,,,,,12,-2.101681,43.283882,142.31451,28.633511531569987,58:49.2,6,-0.276,0101000020E6100000109824223ED000C0C23C3B4B56A44540,20230418_DACIA_AZPEITIA_DONOSTIA_012,,d4,30:53.2,11:06.0,DACIA_SPRING,Dacia Spring 33 kW,33000,139,58:54.7,6.9,11.2,10,N,-5.611106417272737,20.065628380228738,332,105,9.0,77.0,219.0,,,,27,296,36,8,6
58:54.5,,,73,,98.5,,,,,,,12,-2.1000986,43.28446,145.00311000000002,28.776845429373775,58:54.2,6,0.225,0101000020E61000005F96B88600CD00C08304BD1E69A44540,20230418_DACIA_AZPEITIA_DONOSTIA_012,,d4,30:53.2,11:06.0,DACIA_SPRING,Dacia Spring 33 kW,33000,139,58:54.7,6.9,11.2,10,N,-4.824435517552232,15.515367776563329,332,105,9.0,77.0,219.0,,,,27,296,36,8,6
59:00.0,,,73,,98.5,,,,,,,12,-2.0980706,43.285023,147.25562,28.95254825684786,59:00.3,6,-0.28,0101000020E61000006794D343D9C800C09D9D2D9C7BA44540,20230418_DACIA_AZPEITIA_DONOSTIA_012,,d4,30:53.2,11:06.0,DACIA_SPRING,Dacia Spring 33 kW,33000,139,58:54.7,6.9,11.2,10,N,-5.3839423675118425,18.73172730774589,332,105,9.0,77.0,219.0,,,,27,296,36,8,6
59:05.6,,,73,,98.5,,,,,,,12,-2.0964575,43.28557,148.71515,29.09659844011606,59:05.2,6,0.3879999999999999,0101000020E610000089DD0C718BC500C0E1E6F9788DA44540,20230418_DACIA_AZPEITIA_DONOSTIA_012,,d4,30:53.2,11:06.0,DACIA_SPRING,Dacia Spring 33 kW,33000,139,58:54.7,6.9,11.2,10,N,-6.343520157242567,24.498574191466165,332,105,9.0,77.0,219.0,,,,27,296,36,25,6
59:11.2,,,72,,98.5,,,,,,,12,-2.09468,43.28638,150.22913,29.26634833820233,59:11.3,6,-0.083,0101000020E61000007279839AE7C100C05D518C24A8A44540,20230418_DACIA_AZPEITIA_DONOSTIA_012,,d4,30:53.2,11:06.0,DACIA_SPRING,Dacia Spring 33 kW,33000,139,58:54.7,6.9,11.2,10,N,-4.257640330089065,12.342754899261774,332,105,9.0,77.0,219.0,,,,27,296,36,25,6
59:16.8,,,72,,98.5,,,,,,,12,-2.0930028000000003,43.286747,152.71631000000002,29.40812785031975,59:16.3,6,0.497,0101000020E6100000757A394778BE00C0B6750515B4A44540,20230418_DACIA_AZPEITIA_DONOSTIA_012,,d4,30:53.2,11:06.0,DACIA_SPRING,Dacia Spring 33 kW,33000,139,58:54.7,6.9,11.2,10,N,-1.4942654944318212,-2.332932698857745,332,105,9.0,77.0,219.0,,,,27,296,36,8,6
59:22.4,,,72,,98.5,,,,,,,12,-2.0908673,43.28666,157.93126999999998,29.581329228357678,59:22.3,6,0.107,0101000020E610000029D12F9D18BA00C01C6D663EB1A44540,20230418_DACIA_AZPEITIA_DONOSTIA_012,,d4,30:53.2,11:06.0,DACIA_SPRING,Dacia Spring 33 kW,33000,139,58:54.7,6.9,11.2,10,N,-1.2145245927913642,-3.774621323283097,332,105,9.0,77.0,219.0,,,,27,296,36,8,5
59:28.1,,,72,,98.5,,,,,,,12,-2.0887756,43.286522,165.85638,29.751515204300656,59:28.3,6,-0.2789999999999999,0101000020E6100000D7A4BA04D0B500C0A22F18B7ACA44540,20230418_DACIA_AZPEITIA_DONOSTIA_012,,d4,30:53.2,11:06.0,DACIA_SPRING,Dacia Spring 33 kW,33000,139,58:54.7,6.9,11.2,10,N,-3.7034944320428007,9.309394935078537,332,105,9.0,77.0,219.0,,,,27,296,36,25,5
59:33.6,,,72,,98.5,,,,,,,12,-2.087098,43.286797,171.51215,29.890819474392963,59:33.4,6,0.257,0101000020E6100000692EFD6C60B200C002AA0BBAB5A44540,20230418_DACIA_AZPEITIA_DONOSTIA_012,,d4,30:53.2,11:06.0,DACIA_SPRING,Dacia Spring 33 kW,33000,139,00:04.8,6.9,11.2,10,N,-4.868421993458156,15.764967576944944,332,105,9.0,77.0,219.0,,,,27,296,36,25,5
59:39.3,,,72,,98.5,,,,,,,12,-2.085125,43.287354,178.07141,30.062232920484103,59:39.4,6,-0.048,0101000020E61000002DF7760956AE00C0CF6F90F7C7A44540,20230418_DACIA_AZPEITIA_DONOSTIA_012,,d4,30:53.2,11:06.0,DACIA_SPRING,Dacia Spring 33 kW,33000,139,00:04.8,6.9,11.2,10,N,-3.979618843307962,10.8132484023011,332,105,9.0,77.0,219.0,,,,27,296,36,25,5
59:45.0,,,72,,98.5,,,,,,,12,-2.0830517,43.28775,186.87909,30.23595253765021,59:45.4,6,-0.38,0101000020E6100000F4CB370D17AA00C01C610FF5D4A44540,20230418_DACIA_AZPEITIA_DONOSTIA_012,,d4,30:53.2,11:06.0,DACIA_SPRING,Dacia Spring 33 kW,33000,139,00:04.8,6.9,11.2,10,N,-3.789506443640925,9.776305303744667,332,105,9.0,77.0,219.0,,,,27,296,36,25,5
59:50.6,,,72,,98.5,,,,,,,12,-2.0813222,43.288048,193.42584,30.379956789463662,59:50.4,6,0.201,0101000020E61000001DB1504A8CA600C07C6DCBBADEA44540,20230418_DACIA_AZPEITIA_DONOSTIA_012,,d4,30:53.2,11:06.0,DACIA_SPRING,Dacia Spring 33 kW,33000,139,00:04.8,6.9,11.2,10,N,-4.607564238333461,14.292161267902674,332,105,9.0,77.0,219.0,,,,27,296,36,25,5
59:56.3,,,72,,98.5,,,,,,,12,-2.0793595,43.288548,200.05115,30.548396399953734,59:56.5,6,-0.123,0101000020E6100000B5CECF3F87A200C0AF96F916EFA44540,20230418_DACIA_AZPEITIA_DONOSTIA_012,,d4,30:53.2,11:06.0,DACIA_SPRING,Dacia Spring 33 kW,33000,139,00:04.8,6.9,11.2,10,N,-5.565845518431996,19.79845047446768,332,105,9.0,77.0,219.0,,,,27,296,36,25,5
00:02.0,,,72,,98.5,,,,,,,12,-2.0774539,43.289234,206.33472,30.720580865300033,00:02.5,6,-0.488,0101000020E610000013311D21A09E00C0A4AAE89305A54540,20230418_DACIA_AZPEITIA_DONOSTIA_012,,d4,30:53.2,11:06.0,DACIA_SPRING,Dacia Spring 33 kW,33000,139,00:04.8,6.9,11.2,10,N,-6.180367277144922,23.49185980340489,370,103,13.0,108.0,223.0,,,,26,326,44,25,4
00:07.7,,,71,,98.5,,,,,,,12,-2.0758917,43.289913,212.15234,30.867964432812254,00:07.6,6,0.0969999999999999,0101000020E6100000ECB77E136D9B00C0F2523DDB1BA54540,20230418_DACIA_AZPEITIA_DONOSTIA_012,,d4,30:53.2,11:06.0,DACIA_SPRING,Dacia Spring 33 kW,33000,139,00:04.8,6.9,11.2,10,N,-5.736338033480284,20.80868346499141,370,103,13.0,108.0,223.0,,,,26,326,44,25,4
00:13.3,,,71,,98.5,,,,,,,12,-2.073934,43.290657,219.38184,31.046858892359456,00:13.6,6,-0.2789999999999999,0101000020E61000004CE094C16A9700C050144B3E34A54540,20230418_DACIA_AZPEITIA_DONOSTIA_012,,d4,30:53.2,11:06.0,DACIA_SPRING,Dacia Spring 33 kW,33000,139,00:04.8,6.9,11.2,10,N,-4.719079788819024,14.91962118101554,370,103,13.0,108.0,223.0,,,,26,326,44,25,4
00:18.9,,,71,,98.5,,,,,,,12,-2.0723014,43.291092,224.11432,31.187650666601215,00:18.6,6,0.366,0101000020E610000091AA37B4129400C067AF468F42A54540,20230418_DACIA_AZPEITIA_DONOSTIA_012,,d4,30:53.2,11:06.0,DACIA_SPRING,Dacia Spring 33 kW,33000,139,00:04.8,6.9,11.2,10,N,-4.030417613833744,11.091519516340645,370,103,13.0,108.0,223.0,,,,26,326,44,8,4
00:24.4,,,71,,98.5,,,,,,,12,-2.0703375,43.291477,231.0094,31.352409763370066,00:24.6,6,-0.179,0101000020E6100000CA07352A0D9000C0193BC0174FA54540,20230418_DACIA_AZPEITIA_DONOSTIA_012,,d4,30:53.2,11:06.0,DACIA_SPRING,Dacia Spring 33 kW,33000,139,00:04.8,6.9,11.2,10,N,-4.27556995817656,12.44195760766473,370,103,13.0,108.0,223.0,,,,26,326,44,8,4
18/04/2023 14:00,,,70,,98.5,,,,,,,12,-2.0686605,43.291847,237.63446,31.49439211801827,00:29.6,6,0.392,0101000020E61000008BC913EF9D8C00C0489042405BA54540,20230418_DACIA_AZPEITIA_DONOSTIA_012,,d4,30:53.2,11:06.0,DACIA_SPRING,Dacia Spring 33 kW,33000,139,00:04.8,6.9,11.2,10,N,-5.350428142669626,18.53638840046352,370,103,13.0,108.0,223.0,,,,26,326,44,8,4
00:35.8,,,70,,98.5,,,,,,,12,-2.066713,43.2925,244.41235,31.66806589017905,00:35.6,6,0.181,0101000020E61000002BB121EEA08800C08BAB679470A54540,20230418_DACIA_AZPEITIA_DONOSTIA_012,,d4,30:53.2,11:06.0,DACIA_SPRING,Dacia Spring 33 kW,33000,139,00:04.8,6.9,11.2,10,N,-6.573412332665135,25.9381661388295,370,103,13.0,108.0,223.0,,,,26,326,44,8,4
00:41.5,,,70,,98.5,,,,,,,12,-2.0648935,43.293385,251.23877,31.8453114528093,00:41.7,6,-0.1889999999999999,0101000020E61000007E9D06D2E68400C02FA3DCA68DA54540,20230418_DACIA_AZPEITIA_DONOSTIA_012,,d4,30:53.2,11:06.0,DACIA_SPRING,Dacia Spring 33 kW,33000,139,00:04.8,6.9,11.2,10,N,-6.951406640198902,28.364442723457675,370,103,13.0,108.0,223.0,,,,26,326,44,8,3
00:47.1,,,70,,98.5,,,,,,,12,-2.0634673,43.294155,253.4591,31.98904390387938,00:46.7,6,0.431,0101000020E610000074537723FB8100C01C46FFD3A6A54540,20230418_DACIA_AZPEITIA_DONOSTIA_012,,d4,30:53.2,11:06.0,DACIA_SPRING,Dacia Spring 33 kW,33000,139,00:04.8,6.9,11.2,10,N,-5.450276670650547,19.119441917607613,370,103,13.0,108.0,223.0,,,,26,326,44,25,3
00:52.6,,,70,,98.5,,,,,,,12,-2.0615490000000003,43.29482,253.39325,32.161005922617484,00:52.7,6,-0.099,0101000020E610000011A81F500D7E00C03AB26E93BCA54540,20230418_DACIA_AZPEITIA_DONOSTIA_012,,d4,30:53.2,11:06.0,DACIA_SPRING,Dacia Spring 33 kW,33000,139,00:04.8,6.9,11.2,10,N,-3.161699935290485,6.397203672994654,370,103,13.0,108.0,223.0,,,,26,326,44,8,3
00:58.4,,,70,,98.5,,,,,,,12,-2.0594976000000003,43.29505,248.85828,32.32904803741164,00:58.7,6,-0.306,0101000020E6100000B41BBFE8D97900C06618F34AC4A54540,20230418_DACIA_AZPEITIA_DONOSTIA_012,,d4,30:53.2,11:06.0,DACIA_SPRING,Dacia Spring 33 kW,33000,139,00:04.8,6.9,11.2,10,N,-1.346421910952731,-3.095417318097534,370,103,13.0,108.0,223.0,,,,26,326,44,8,3
01:04.1,,,70,,98.5,,,,,,,12,-2.0579073,43.294964,244.48529,32.45818188957436,01:03.7,6,0.365,0101000020E610000011C4582A987600C0A3BA6F6BC1A54540,20230418_DACIA_AZPEITIA_DONOSTIA_012,,d4,30:53.2,11:06.0,DACIA_SPRING,Dacia Spring 33 kW,33000,139,00:04.8,6.9,11.2,10,N,-1.542972227560239,-2.0814411667626334,370,103,13.0,108.0,223.0,,,,26,326,44,8,3
01:09.7,,,70,,98.5,,,,,,,12,-2.0558712,43.29489,237.31006,32.62332755413511,01:09.8,6,-0.024,0101000020E610000099837F956C7200C0F828F1F3BEA54540,20230418_DACIA_AZPEITIA_DONOSTIA_012,,d4,30:53.2,11:06.0,DACIA_SPRING,Dacia Spring 33 kW,33000,139,00:04.8,6.9,11.2,10,N,-2.0742635167060555,0.6729154754739548,370,103,13.0,108.0,223.0,,,,26,326,44,8,3
01:15.6,,,70,,98.5,,,,,,,12,-2.0538278,43.294914,229.86194,32.788891971998446,01:15.8,6,-0.177,0101000020E6100000B72892333D6E00C0B67BE2CEBFA54540,20230418_DACIA_AZPEITIA_DONOSTIA_012,,d4,30:53.2,11:06.0,DACIA_SPRING,Dacia Spring 33 kW,33000,139,00:04.8,6.9,11.2,10,N,0.798563239799012,-14.088674943542992,370,103,13.0,108.0,223.0,,,,26,326,44,8,3
01:21.3,,,70,,98.5,,,,,,,12,-2.052234,43.294514,224.73486,32.925430294491385,01:20.8,6,0.482,0101000020E6100000391FC7A4F96A00C02E76FBACB2A54540,20230418_DACIA_AZPEITIA_DONOSTIA_012,,d4,30:53.2,11:06.0,DACIA_SPRING,Dacia Spring 33 kW,33000,139,00:04.8,6.9,11.2,10,N,2.059086012268156,-20.593915394536097,370,103,13.0,108.0,223.0,,,,26,326,44,25,2
01:26.9,,,70,,98.5,,,,,,,12,-2.0504935,43.29386,218.35315,33.084085481007534,01:26.8,6,0.094,0101000020E61000005F773E2C696700C0330A383A9DA54540,20230418_DACIA_AZPEITIA_DONOSTIA_012,,d4,30:53.2,11:06.0,DACIA_SPRING,Dacia Spring 33 kW,33000,139,00:04.8,6.9,11.2,10,N,-1.1710810395036082,-3.9981366240611593,370,103,13.0,108.0,223.0,,,,26,326,44,25,2
01:32.5,,,70,,98.5,,,,,,,12,-2.0485477,43.293724,210.18384,33.24249993224589,01:32.9,6,-0.317,0101000020E61000003354200E6D6300C059ADA7B198A54540,20230418_DACIA_AZPEITIA_DONOSTIA_012,,d4,30:53.2,11:06.0,DACIA_SPRING,Dacia Spring 33 kW,33000,139,00:04.8,6.9,11.2,10,N,-2.3746365188094165,2.2408212594866086,370,103,13.0,108.0,223.0,,,,26,326,44,25,2
01:38.1,,,70,,98.5,,,,,,,12,-2.0468610000000003,43.29379,203.28558,33.379380597040736,01:37.9,6,0.182,0101000020E6100000F84595A3F85F00C063EB3AD09AA54540,20230418_DACIA_AZPEITIA_DONOSTIA_012,,d4,30:53.2,11:06.0,DACIA_SPRING,Dacia Spring 33 kW,33000,139,00:04.8,6.9,11.2,10,N,0.2678055821763244,-11.370142153817593,370,103,13.0,108.0,223.0,,,,26,326,44,25,2
01:43.9,,,70,,98.5,,,,,,,12,-2.0449216,43.2934,197.85516,33.54231340647029,01:43.9,6,-0.023,0101000020E610000059AB6EDCFF5B00C01151F1248EA54540,20230418_DACIA_AZPEITIA_DONOSTIA_012,,d4,30:53.2,11:06.0,DACIA_SPRING,Dacia Spring 33 kW,33000,139,00:04.8,6.9,11.2,10,N,0.6480517166509034,-13.317087351318213,370,103,13.0,108.0,223.0,,,,26,326,44,8,2
01:49.6,,,70,,98.5,,,,,,,12,-2.0430036,43.292946,192.10913,33.70564780734217,01:49.9,6,-0.368,0101000020E6100000E5482544125800C0A7BE7F357FA54540,20230418_DACIA_AZPEITIA_DONOSTIA_012,,d4,30:53.2,11:06.0,DACIA_SPRING,Dacia Spring 33 kW,33000,139,00:04.8,6.9,11.2,10,N,-0.7389510329158148,-6.217004193777881,370,103,13.0,108.0,223.0,,,,26,326,44,120,2
01:55.2,,,70,,98.5,,,,,,,12,-2.0413237,43.292763,187.57458,33.84319815837891,01:54.9,6,0.211,0101000020E61000007862D68BA15400C027B08C4F79A54540,20230418_DACIA_AZPEITIA_DONOSTIA_012,,d4,30:53.2,11:06.0,DACIA_SPRING,Dacia Spring 33 kW,33000,139,00:04.8,6.9,11.2,10,N,0.6536010159863559,-13.345523923933063,370,103,13.0,108.0,223.0,,,,26,326,44,120,2
02:00.9,,,70,,98.5,,,,,,,12,-2.039372,43.2923,180.23193,34.009498508187114,02:01.0,6,-0.019,0101000020E6100000953B5C40A25000C076E482126AA54540,20230418_DACIA_AZPEITIA_DONOSTIA_012,,d4,30:53.2,11:06.0,DACIA_SPRING,Dacia Spring 33 kW,33000,139,03:54.6,6.9,11.2,10,N,4.795850782567499,-35.35344278870677,370,103,13.0,108.0,223.0,,,,26,326,44,90,1
02:06.8,,,70,,98.5,,,,,,,12,-2.0379272,43.291275,173.5929,34.17292522493716,02:07.0,6,-0.163,0101000020E61000004E728FBEAC4D00C099DBD67948A54540,20230418_DACIA_AZPEITIA_DONOSTIA_012,,d4,30:53.2,11:06.0,DACIA_SPRING,Dacia Spring 33 kW,33000,139,03:54.6,6.9,11.2,10,N,8.435613011264252,-58.86657205555773,370,103,13.0,108.0,223.0,,,,26,326,44,120,1
02:12.4,,,70,,98.5,,,,,,,12,-2.0372984,43.290234000000005,170.20728,34.29941848479493,02:12.0,6,0.405,0101000020E61000008CE84B2D634C00C0C34DE36A26A54540,20230418_DACIA_AZPEITIA_DONOSTIA_012,,d4,30:53.2,11:06.0,DACIA_SPRING,Dacia Spring 33 kW,33000,139,03:54.6,6.9,11.2,10,N,8.98430137868821,-63.33780214209626,370,103,13.0,108.0,223.0,,,,26,326,44,120,1
02:18.0,,,70,,98.5,,,,,,,12,-2.0366356,43.288914,170.24884,34.455692208786175,02:18.0,6,0.01,0101000020E6100000C75413A7074B00C0BB9B862CFBA44540,20230418_DACIA_AZPEITIA_DONOSTIA_012,,d4,30:53.2,11:06.0,DACIA_SPRING,Dacia Spring 33 kW,33000,139,03:54.6,6.9,11.2,10,N,5.873369788005279,-41.62839977969641,370,103,13.0,108.0,223.0,,,,26,326,44,90,1
02:23.8,,,70,,98.5,,,,,,,12,-2.03539,43.287807,171.65112,34.61480938405464,02:24.0,6,-0.239,0101000020E610000056E58C727A4800C00F4282DAD6A44540,20230418_DACIA_AZPEITIA_DONOSTIA_012,,d4,30:53.2,11:06.0,DACIA_SPRING,Dacia Spring 33 kW,33000,139,03:54.6,6.9,11.2,10,N,3.681617572878136,-29.19085162833824,370,103,13.0,108.0,223.0,,,,26,326,44,90,1
02:29.4,,,70,,98.5,,,,,,,12,-2.034035,43.28705,173.13123000000002,34.75307100023961,02:29.1,6,0.345,0101000020E61000000F905820B44500C00A652308BEA44540,20230418_DACIA_AZPEITIA_DONOSTIA_012,,d4,30:53.2,11:06.0,DACIA_SPRING,Dacia Spring 33 kW,33000,139,03:54.6,6.9,11.2,10,N,2.131478538982367,-20.97091006618704,370,103,13.0,108.0,223.0,,,,26,326,44,120,1
02:35.0,,,70,,98.5,,,,,,,12,-2.0318434,43.28621,175.8706,34.95357085668652,02:35.1,6,-0.05,0101000020E6100000858D1D1A374100C0CB371588A2A44540,20230418_DACIA_AZPEITIA_DONOSTIA_012,,d4,30:53.2,11:06.0,DACIA_SPRING,Dacia Spring 33 kW,33000,139,03:54.6,6.9,11.2,10,N,0.6203170411874106,-13.174977183078996,370,103,13.0,108.0,223.0,,,,26,326,44,8,1
02:40.5,,,70,,98.5,,,,,,,12,-2.0300791,43.285797,177.26001000000002,35.10358779389645,02:40.1,6,0.363,0101000020E6100000288A251F9A3D00C007C2A1F994A44540,20230418_DACIA_AZPEITIA_DONOSTIA_012,,d4,30:53.2,11:06.0,DACIA_SPRING,Dacia Spring 33 kW,33000,139,03:54.6,6.9,11.2,10,N,-1.0179280366516108,-4.78539509522594,370,103,13.0,108.0,223.0,,,,26,326,44,8,1
02:46.1,,,70,,98.5,,,,,,,12,-2.0279648,43.28562,176.97198,35.27585520746418,02:46.1,6,0.012,0101000020E61000005F1C439D453900C01080B03A8FA44540,20230418_DACIA_AZPEITIA_DONOSTIA_012,,d4,30:53.2,11:06.0,DACIA_SPRING,Dacia Spring 33 kW,33000,139,03:54.6,6.9,11.2,10,N,-3.821285478569184,9.949160473946032,370,103,13.0,108.0,223.0,,,,26,326,44,25,1
02:51.9,,,70,,98.5,,,,,,,12,-2.0259695,43.28597,173.20691000000002,35.44202741341518,02:52.1,6,-0.2789999999999999,0101000020E61000008885B58C2F3500C0286C37A89AA44540,20230418_DACIA_AZPEITIA_DONOSTIA_012,,d4,30:53.2,11:06.0,DACIA_SPRING,Dacia Spring 33 kW,33000,139,03:54.6,6.9,11.2,10,N,-6.656315346626931,26.46373490706571,370,103,13.0,108.0,223.0,,,,26,326,44,25,1
02:57.8,,,70,,98.5,,,,,,,12,-2.0242941,43.286804,168.85724,35.6063729865115,02:58.2,6,-0.42,0101000020E61000003243FC26C13100C0556F2609B6A44540,20230418_DACIA_AZPEITIA_DONOSTIA_012,,d4,30:53.2,11:06.0,DACIA_SPRING,Dacia Spring 33 kW,33000,139,03:54.6,6.9,11.2,10,N,-8.554905252924176,39.80308899348891,370,103,13.0,108.0,223.0,,,,26,326,44,90,1
03:03.3,,,69,,98.5,,,,,,,12,-2.0231588,43.28775,164.82818999999998,35.746106914493126,03:03.2,6,0.135,0101000020E610000069F118D46D2F00C0468C2A05D5A44540,20230418_DACIA_AZPEITIA_DONOSTIA_012,,d4,30:53.2,11:06.0,DACIA_SPRING,Dacia Spring 33 kW,33000,139,03:54.6,6.9,11.2,10,N,-7.250549936856739,30.34364323152469,370,103,13.0,108.0,223.0,,,,26,326,44,8,1
03:09.0,,,69,,98.5,,,,,,,12,-2.0215752,43.288677,159.59302,35.91067236333857,03:09.2,6,-0.266,0101000020E6100000416BB8A72F2C00C0EF13726BF3A44540,20230418_DACIA_AZPEITIA_DONOSTIA_012,,d4,30:53.2,11:06.0,DACIA_SPRING,Dacia Spring 33 kW,33000,139,03:54.6,6.9,11.2,10,N,-4.743463786882713,15.057244822335788,370,103,13.0,108.0,223.0,,,,26,326,44,100,1
03:14.7,,,70,,98.5,,,,,,,12,-2.0200400000000003,43.28909,154.7406,36.043234117933295,03:14.3,6,0.43,0101000020E610000000DB66CF0A2900C0ACC17FE300A54540,20230418_DACIA_AZPEITIA_DONOSTIA_012,,d4,30:53.2,11:06.0,DACIA_SPRING,Dacia Spring 33 kW,33000,139,03:54.6,6.9,11.2,10,N,-4.558892714428341,14.019277788619332,370,103,13.0,108.0,223.0,,,,26,326,44,80,1
03:20.4,,,70,,98.5,,,,,,,12,-2.0185301,43.289467,151.32605,36.17247879435199,03:20.3,6,0.109,0101000020E6100000AD209B1EF32500C0E136433F0DA54540,20230418_DACIA_AZPEITIA_DONOSTIA_012,,d4,30:53.2,11:06.0,DACIA_SPRING,Dacia Spring 33 kW,33000,139,03:54.6,6.9,11.2,10,N,-7.900360733263478,34.861007729608964,370,103,13.0,108.0,223.0,,,,26,326,44,90,1
03:26.1,,,69,,98.5,,,,,,,12,-2.017363,43.29028,146.80078,36.30330745883341,03:26.3,6,-0.25,0101000020E61000001C77CE3F8F2300C0DA9C39DA27A54540,20230418_DACIA_AZPEITIA_DONOSTIA_012,,d4,30:53.2,11:06.0,DACIA_SPRING,Dacia Spring 33 kW,33000,139,03:54.6,6.9,11.2,10,N,-10.84854812069004,65.60857458874679,507,96,42.0,246.0,200.0,,,,19,460,47,90,1
03:31.7,,,69,,98.5,,,,,,,12,-2.0169082,43.291283,143.06909,36.42081285540213,03:31.4,6,0.29,0101000020E6100000C042E6CAA02200C06AC61EB148A54540,20230418_DACIA_AZPEITIA_DONOSTIA_012,,d4,30:53.2,11:06.0,DACIA_SPRING,Dacia Spring 33 kW,33000,139,03:54.6,6.9,11.2,10,N,-11.01804158863416,90.34199727511708,507,96,42.0,246.0,200.0,,,,19,460,47,45,1
03:37.5,,,69,,98.5,,,,,,,12,-2.0169163,43.292640000000006,137.43108999999998,36.57181108804475,03:37.3,6,0.204,0101000020E6100000FF914CFBA42200C0E2316E3075A54540,20230418_DACIA_AZPEITIA_DONOSTIA_012,,d4,30:53.2,11:06.0,DACIA_SPRING,Dacia Spring 33 kW,33000,139,03:54.6,6.9,11.2,10,N,-10.760380808864308,63.89362368605377,160,50,,,,59.0,101.0,0.0,0,135,25,80,1
03:43.1,,,69,,98.5,,,,,,,12,-2.0163214,43.293854,130.82751000000002,36.71528322434192,03:43.4,6,-0.247,0101000020E61000001C94F6276D2100C033C51C049DA54540,20230418_DACIA_AZPEITIA_DONOSTIA_012,,d4,30:53.2,11:06.0,DACIA_SPRING,Dacia Spring 33 kW,33000,139,03:54.6,6.9,11.2,10,N,-7.395389073642364,31.322954554995903,160,50,,,,59.0,101.0,0.0,0,135,25,25,1
03:48.7,,,69,,98.5,,,,,,,12,-2.015181,43.294548,125.723755,36.835697346499444,03:48.4,6,0.322,0101000020E6100000CA260A3E171F00C0DAA65FBFB3A54540,20230418_DACIA_AZPEITIA_DONOSTIA_012,,d4,30:53.2,11:06.0,DACIA_SPRING,Dacia Spring 33 kW,33000,139,03:54.6,6.9,11.2,10,N,-5.684837993740254,20.50242437285358,160,50,,,,59.0,101.0,0.0,0,135,25,25,1
03:54.2,,,69,,98.5,,,,,,,12,-2.0135176,43.29517,120.32703,36.98714240932433,03:54.4,6,-0.244,0101000020E610000071244C28AF1B00C0ED253218C8A54540,20230418_DACIA_AZPEITIA_DONOSTIA_012,,d4,30:53.2,11:06.0,DACIA_SPRING,Dacia Spring 33 kW,33000,139,03:54.6,6.9,11.2,10,N,-6.689116499252528,26.672663666613232,507,96,42.0,246.0,200.0,,,,19,460,47,80,1
03:59.7,,,69,,98.5,,,,,,,12,-2.0122197,43.295822,115.12097,37.11487883867673,03:59.4,6,0.312,0101000020E61000007AEF5EA4061900C00C1F747DDDA54540,20230418_DACIA_AZPEITIA_DONOSTIA_012,,d4,30:53.2,11:06.0,DACIA_SPRING,Dacia Spring 33 kW,33000,139,03:54.6,6.9,11.2,10,N,-8.217526987250237,37.198136575559005,507,96,42.0,246.0,200.0,,,,19,460,47,8,1
04:05.4,,,69,,98.5,,,,,,,12,-2.0109127,43.296814000000005,108.012146,37.26786949342843,04:05.5,6,-0.127,0101000020E61000001AE0826C591600C0FBCAA402FEA54540,20230418_DACIA_AZPEITIA_DONOSTIA_012,,d4,30:53.2,11:06.0,DACIA_SPRING,Dacia Spring 33 kW,33000,139,03:54.6,6.9,11.2,10,N,-8.79339551261291,41.732203645758254,149,58,,,,34.0,106.0,9.0,0,137,12,45,1
04:10.9,,,69,,98.5,,,,,,,12,-2.0099194,43.2977,101.40265,37.39519404277593,04:10.5,6,0.417,0101000020E61000006C5DACA0501400C0408CCE011BA64540,20230418_DACIA_AZPEITIA_DONOSTIA_012,,d4,30:53.2,11:06.0,DACIA_SPRING,Dacia Spring 33 kW,33000,139,03:54.6,6.9,11.2,10,N,-6.87267382955862,27.852556478318345,149,58,,,,34.0,106.0,9.0,0,137,12,25,1
04:17.6,,,69,,98.5,,,,,,,12,-2.0081878,43.298615000000005,94.47107,37.56850622792447,04:17.5,6,0.1159999999999999,0101000020E6100000013D26B5C41000C0DDA9CA0839A64540,20230418_DACIA_AZPEITIA_DONOSTIA_012,,d4,30:53.2,11:06.0,DACIA_SPRING,Dacia Spring 33 kW,33000,139,03:54.6,6.9,11.2,10,N,-4.036700860928179,11.125974681054998,149,58,,,,34.0,106.0,9.0,0,137,12,80,1
04:23.4,,,69,,98.5,,,,,,,12,-2.0064437,43.298958,87.95855999999999,37.7148569822626,04:23.6,6,-0.181,0101000020E610000057ED1658320D00C0C5CC994844A64540,20230418_DACIA_AZPEITIA_DONOSTIA_012,,d4,30:53.2,11:06.0,DACIA_SPRING,Dacia Spring 33 kW,33000,139,03:54.6,6.9,11.2,10,N,-1.5574759381873018,-2.006523495647409,149,58,,,,34.0,106.0,9.0,0,137,12,80,1
04:29.1,,,69,,98.5,,,,,,,12,-2.0045884,43.298893,83.362305,37.8652432364842,04:29.5,6,-0.433,0101000020E61000004FBC98A0650900C0CC730A1342A64540,20230418_DACIA_AZPEITIA_DONOSTIA_012,,d4,30:53.2,11:06.0,DACIA_SPRING,Dacia Spring 33 kW,33000,139,03:54.6,6.9,11.2,10,N,0.8206210638966943,-14.201812018470966,149,58,,,,34.0,106.0,9.0,0,137,12,25,1
04:34.6,,,69,,98.5,,,,,,,12,-2.003075,43.29851,80.30255,37.994946522129354,04:34.6,6,0.081,0101000020E610000080B07C2B4C0600C06DD32BA735A64540,20230418_DACIA_AZPEITIA_DONOSTIA_012,,d4,30:53.2,11:06.0,DACIA_SPRING,Dacia Spring 33 kW,33000,139,05:05.9,6.9,11.2,10,N,3.5009825568421324,-28.21524841404798,149,58,,,,34.0,106.0,9.0,0,137,12,25,1
04:40.2,,,69,,98.5,,,,,,,12,-2.0014274,43.297626,83.26697,38.16062498930596,04:40.6,6,-0.3989999999999999,0101000020E610000010B77D6EEC0200C0B8207CA418A64540,20230418_DACIA_AZPEITIA_DONOSTIA_012,,d4,30:53.2,11:06.0,DACIA_SPRING,Dacia Spring 33 kW,33000,139,05:05.9,6.9,11.2,10,N,5.94214782279952,-42.042550155643454,149,58,,,,34.0,106.0,9.0,0,137,12,55,1
04:45.9,,,69,,98.5,,,,,,,12,-2.0003872,43.296688,85.99603,38.29468721145569,04:45.6,6,0.322,0101000020E61000000FE4C903CB0000C08C0EABECF9A54540,20230418_DACIA_AZPEITIA_DONOSTIA_012,,d4,30:53.2,11:06.0,DACIA_SPRING,Dacia Spring 33 kW,33000,139,05:05.9,6.9,11.2,10,N,4.250408529641027,-32.30276211351007,149,58,,,,34.0,106.0,9.0,0,137,12,80,1
04:51.6,,,69,,98.5,,,,,,,12,-1.9990839,43.295864,87.90442,38.434414812840096,04:51.6,6,0.002,0101000020E6100000B65C47663FFCFFBFE1D617E8DEA54540,20230418_DACIA_AZPEITIA_DONOSTIA_012,,d4,30:53.2,11:06.0,DACIA_SPRING,Dacia Spring 33 kW,33000,139,05:05.9,6.9,11.2,10,N,-0.1802986059869915,-9.07760755271466,149,58,,,,34.0,106.0,9.0,0,137,12,25,1
04:57.3,,,69,,98.5,,,,,,,12,-1.9975317,43.295616,87.30676,38.56302741849291,04:57.6,6,-0.351,0101000020E61000009192C3CCE3F5FFBF0FC0DDC4D6A54540,20230418_DACIA_AZPEITIA_DONOSTIA_012,,d4,30:53.2,11:06.0,DACIA_SPRING,Dacia Spring 33 kW,33000,139,05:05.9,6.9,11.2,10,N,-3.90322618706452,10.39573875604744,149,58,,,,34.0,106.0,9.0,0,137,12,80,1
05:03.0,,,69,,98.5,,,,,,,12,-1.9962562,43.29585,86.776794,38.66948415232386,05:02.7,6,0.336,0101000020E6100000F05B216AAAF0FFBFAC7E3A58DEA54540,20230418_DACIA_AZPEITIA_DONOSTIA_012,,d4,30:53.2,11:06.0,DACIA_SPRING,Dacia Spring 33 kW,33000,139,05:05.9,6.9,11.2,10,N,-6.411501431236373,24.92163229624036,149,58,,,,34.0,106.0,9.0,0,137,12,80,1
05:08.8,,,68,,98.5,,,,,,,12,-1.9948788,43.296490000000006,87.4444,38.801737743506195,05:08.7,6,0.062,0101000020E610000009C4EBFA05EBFFBF60EEEE5CF3A54540,20230418_DACIA_AZPEITIA_DONOSTIA_012,,d4,30:53.2,11:06.0,DACIA_SPRING,Dacia Spring 33 kW,33000,139,05:05.9,6.9,11.2,10,N,-5.772196684797099,21.02250401148112,149,58,,,,34.0,106.0,9.0,0,137,12,80,1
05:14.3,,,68,,98.5,,,,,,,12,-1.9933436,43.29708,91.413086,38.9422932852482,05:14.7,6,-0.45,0101000020E610000082467E37BCE4FFBF973A65C106A64540,20230418_DACIA_AZPEITIA_DONOSTIA_012,,d4,30:53.2,11:06.0,DACIA_SPRING,Dacia Spring 33 kW,33000,139,05:05.9,6.9,11.2,10,N,-4.122178810601318,11.59550939373299,149,58,,,,34.0,106.0,9.0,0,137,12,80,1
05:19.8,,,68,,98.5,,,,,,,12,-1.9919059,43.297375,95.524536,39.06324940878135,05:19.7,6,0.09,0101000020E61000002CF634B3D8DEFFBF279DAB5A10A64540,20230418_DACIA_AZPEITIA_DONOSTIA_012,,d4,30:53.2,11:06.0,DACIA_SPRING,Dacia Spring 33 kW,33000,139,05:05.9,6.9,11.2,10,N,-2.2186532278518425,1.4255256580626945,149,58,,,,34.0,106.0,9.0,0,137,12,40,1
05:25.4,,,68,,98.5,,,,,,,12,-1.9900976,43.29742,99.93945,39.209743757537815,05:25.8,6,-0.357,0101000020E61000005B27CB9C70D7FFBF0F14D3E011A64540,20230418_DACIA_AZPEITIA_DONOSTIA_012,,d4,30:53.2,11:06.0,DACIA_SPRING,Dacia Spring 33 kW,33000,139,05:05.9,6.9,11.2,10,N,-0.9230566993492986,-5.272561748712399,149,58,,,,34.0,106.0,9.0,0,137,12,25,1
05:30.9,,,68,,98.5,,,,,,,12,-1.9886564,43.297287,100.263306,39.32731173391011,05:30.8,6,0.185,0101000020E610000025489D6789D1FFBF52EF888E0DA64540,20230418_DACIA_AZPEITIA_DONOSTIA_012,,d4,30:53.2,11:06.0,DACIA_SPRING,Dacia Spring 33 kW,33000,139,05:05.9,6.9,11.2,10,N,-1.8151172194744292,-0.6732793133411454,507,96,42.0,246.0,200.0,,,,19,460,47,80,2
05:37.7,,,68,,98.5,,,,,,,12,-1.9866992,43.297264,96.15253,39.485778506776086,05:37.8,6,-0.14,0101000020E610000074317A2C85C9FFBF47E4FDB00CA64540,20230418_DACIA_AZPEITIA_DONOSTIA_012,,d4,30:53.2,11:06.0,DACIA_SPRING,Dacia Spring 33 kW,33000,139,05:05.9,6.9,11.2,10,N,-3.6788180777335313,9.17568828117929,507,96,42.0,246.0,200.0,,,,19,460,47,25,2
05:43.2,,,68,,98.5,,,,,,,12,-1.9852815,43.297493,91.34741,39.603400245548265,05:42.8,6,0.364,0101000020E61000008B455F83B6C3FFBF13FD2D4314A64540,20230418_DACIA_AZPEITIA_DONOSTIA_012,,d4,30:53.2,11:06.0,DACIA_SPRING,Dacia Spring 33 kW,33000,139,05:05.9,6.9,11.2,10,N,-4.573205897098856,14.099466150773363,149,58,,,,34.0,106.0,9.0,0,137,12,80,2
05:48.6,,,68,,98.5,,,,,,,12,-1.9835974,43.297916,85.3855,39.74770177714986,05:48.8,6,-0.226,0101000020E6100000484E8998D0BCFFBFEFE6CA1C22A64540,20230418_DACIA_AZPEITIA_DONOSTIA_012,,d4,30:53.2,11:06.0,DACIA_SPRING,Dacia Spring 33 kW,33000,139,05:05.9,6.9,11.2,10,N,-4.117582244086584,11.57022175931928,149,58,,,,34.0,106.0,9.0,0,137,12,80,2
05:54.2,,,68,,98.5,,,,,,,12,-1.9822102,43.2982,81.18677,39.864396664210574,05:53.8,6,0.345,0101000020E6100000BFC980FD21B7FFBF2BAEBF5F2BA64540,20230418_DACIA_AZPEITIA_DONOSTIA_012,,d4,30:53.2,11:06.0,DACIA_SPRING,Dacia Spring 33 kW,33000,139,05:05.9,6.9,11.2,10,N,-2.418909565521488,2.472680018745657,25,105,,,,0.0,1.0,20.0,4,23,2,80,1
05:59.7,,,68,,98.5,,,,,,,12,-1.9805892,43.29827,74.66345,39.995971835324895,05:59.9,6,-0.209,0101000020E6100000E3CDF13C7EB0FFBF6C3C9EB72DA64540,20230418_DACIA_AZPEITIA_DONOSTIA_012,,d4,30:53.2,11:06.0,DACIA_SPRING,Dacia Spring 33 kW,33000,139,05:05.9,6.9,11.2,10,N,-0.6867491664420137,-6.484595800348714,25,105,,,,0.0,1.0,20.0,4,23,2,45,1
06:05.3,,,68,,98.5,,,,,,,12,-1.9793223,43.298126,69.68866,40.099860287517075,06:04.9,6,0.416,0101000020E6100000A981CDD64DABFFBF444DF4F928A64540,20230418_DACIA_AZPEITIA_DONOSTIA_012,,d4,30:53.2,11:06.0,DACIA_SPRING,Dacia Spring 33 kW,33000,139,05:05.9,6.9,11.2,10,N,0.2295993587413267,-11.174642482790729,25,105,,,,0.0,1.0,20.0,4,23,2,80,1
06:10.9,,,68,,98.5,,,,,,,12,-1.9777986,43.297825,69.63818,40.22763088430542,06:10.9,6,0.026,0101000020E6100000C8CDB21F10A5FFBF5BDFD1101FA64540,20230418_DACIA_AZPEITIA_DONOSTIA_012,,d4,30:53.2,11:06.0,DACIA_SPRING,Dacia Spring 33 kW,33000,139,05:05.9,6.9,11.2,10,N,0.4586727245528624,-12.347085957901594,25,105,,,,0.0,1.0,20.0,4,23,2,80,1
06:16.6,,,68,,98.5,,,,,,,12,-1.9762819,43.297493,76.35016,40.35598106637672,06:16.9,6,-0.299,0101000020E6100000F0D302C5D99EFFBF731C704414A64540,20230418_DACIA_AZPEITIA_DONOSTIA_012,,d4,30:53.2,11:06.0,DACIA_SPRING,Dacia Spring 33 kW,33000,139,05:05.9,6.9,11.2,10,N,-1.3189206396394737,-3.2371121126467752,25,105,,,,0.0,1.0,20.0,4,23,2,90,1
06:22.3,,,68,,98.5,,,,,,,12,-1.9749912,43.29742,80.49231,40.46083164190757,06:22.0,6,0.356,0101000020E61000008C02AF5C9099FFBFD3C2E1DC11A64540,20230418_DACIA_AZPEITIA_DONOSTIA_012,,d4,30:53.2,11:06.0,DACIA_SPRING,Dacia Spring 33 kW,33000,139,05:05.9,6.9,11.2,10,N,-2.450451647746751,2.637992942765152,25,105,,,,0.0,1.0,20.0,4,23,2,90,1
06:27.9,,,68,,98.5,,,,,,,12,-1.9734068,43.297493,87.24316400000001,40.58948791742512,06:28.0,6,-0.074,0101000020E6100000EADFDCFC1293FFBF49085E4614A64540,20230418_DACIA_AZPEITIA_DONOSTIA_012,,d4,30:53.2,11:06.0,DACIA_SPRING,Dacia Spring 33 kW,33000,139,05:05.9,6.9,11.2,10,N,-1.9232131767678924,-0.1124253499280726,25,105,,,,0.0,1.0,20.0,4,23,2,90,1
06:33.5,,,68,,98.5,,,,,,,12,-1.9718779,43.29749,95.77954,40.71351326944795,06:34.0,6,-0.484,0101000020E610000013096CEFCF8CFFBF1980782314A64540,20230418_DACIA_AZPEITIA_DONOSTIA_012,,d4,30:53.2,11:06.0,DACIA_SPRING,Dacia Spring 33 kW,33000,139,05:05.9,6.9,11.2,10,N,1.7829650410883178,-19.16007600227603,25,105,,,,0.0,1.0,20.0,4,23,2,90,1
06:39.0,,,68,,98.5,,,,,,,12,-1.9709857,43.29718,101.19745,40.793706785762026,06:39.0,6,0.044,0101000020E610000057F80A3D2889FFBF0D6A850A0AA64540,20230418_DACIA_AZPEITIA_DONOSTIA_012,,d4,30:53.2,11:06.0,DACIA_SPRING,Dacia Spring 33 kW,33000,139,05:05.9,6.9,11.2,10,N,5.5699144172389286,-39.8224401568828,25,105,,,,0.0,1.0,20.0,4,23,2,25,1
06:44.7,,,68,,98.5,,,,,,,12,-1.9703177,43.296623,105.03168,40.87600651202303,06:45.0,6,-0.342,0101000020E6100000B73CBDEF6B86FFBF6FE7CAB9F7A54540,20230418_DACIA_AZPEITIA_DONOSTIA_012,,d4,30:53.2,11:06.0,DACIA_SPRING,Dacia Spring 33 kW,33000,139,05:05.9,6.9,11.2,10,N,9.019992862321022,-63.644699056295934,25,105,,,,0.0,1.0,20.0,4,23,2,90,1
06:50.2,,,68,,98.5,,,,,,,12,-1.970014,43.29601,108.0957,40.948529654357536,06:50.0,6,0.198,0101000020E6100000D79EFE582D85FFBF68E503A7E3A54540,20230418_DACIA_AZPEITIA_DONOSTIA_012,,d4,30:53.2,11:06.0,DACIA_SPRING,Dacia Spring 33 kW,33000,139,05:05.9,6.9,11.2,10,N,10.078821088816971,-74.14423473705871,25,105,,,,0.0,1.0,20.0,4,23,2,90,1
06:55.8,,,68,,98.5,,,,,,,12,-1.9697669,43.29514,115.6792,41.047605253508564,06:56.1,6,-0.2239999999999999,0101000020E6100000201D47412A84FFBFB2272614C7A54540,20230418_DACIA_AZPEITIA_DONOSTIA_012,,d4,30:53.2,11:06.0,DACIA_SPRING,Dacia Spring 33 kW,33000,139,05:05.9,6.9,11.2,10,N,10.74469050733943,-83.60677766543736,25,105,,,,0.0,1.0,20.0,4,23,2,8,1
07:01.4,,,68,,98.5,,,,,,,12,-1.9696925,43.294476,120.11792,41.12181666740228,07:01.1,6,0.248,0101000020E6100000B9041A4BDC83FFBF2827FB63B1A54540,20230418_DACIA_AZPEITIA_DONOSTIA_012,,d4,30:53.2,11:06.0,DACIA_SPRING,Dacia Spring 33 kW,33000,139,08:54.7,6.9,11.2,10,N,6.695372213793796,-153.28742585022215,25,105,,,,0.0,1.0,20.0,4,23,2,45,1
07:07.0,,,68,,98.5,,,,,,,12,-1.9704993,43.29407,123.11395,41.201256246937284,07:07.2,6,-0.192,0101000020E61000005BD9D3482A87FFBF2927561DA4A54540,20230418_DACIA_AZPEITIA_DONOSTIA_012,,d4,30:53.2,11:06.0,DACIA_SPRING,Dacia Spring 33 kW,33000,139,08:54.7,6.9,11.2,10,N,3.0137066655511564,-174.39041451526597,25,105,,,,0.0,1.0,20.0,4,23,2,45,1
07:12.5,,,68,,98.5,,,,,,,12,-1.9713138,43.29399,126.99884,41.2678866923635,07:12.1,6,0.372,0101000020E6100000AC74D256808AFFBF908D9B75A1A54540,20230418_DACIA_AZPEITIA_DONOSTIA_012,,d4,30:53.2,11:06.0,DACIA_SPRING,Dacia Spring 33 kW,33000,139,08:54.7,6.9,11.2,10,N,10.401265395623913,-121.76934142218724,25,105,,,,0.0,1.0,20.0,4,23,2,45,1
07:18.2,,,68,,98.5,,,,,,,12,-1.9716606,43.29343,129.95532,41.33625318480215,07:18.1,6,0.031,0101000020E61000002899DEF6EB8BFFBF4CCD58138FA54540,20230418_DACIA_AZPEITIA_DONOSTIA_012,,d4,30:53.2,11:06.0,DACIA_SPRING,Dacia Spring 33 kW,33000,139,08:54.7,6.9,11.2,10,N,10.572222054264492,-119.27442341814668,25,105,,,,0.0,1.0,20.0,4,23,2,30,1
07:23.7,,,68,,98.5,,,,,,,12,-1.971928,43.292953,130.44135,41.393540510123444,07:24.2,6,-0.4679999999999999,0101000020E61000006FAD825A048DFFBF1E7CB47A7FA54540,20230418_DACIA_AZPEITIA_DONOSTIA_012,,d4,30:53.2,11:06.0,DACIA_SPRING,Dacia Spring 33 kW,33000,139,08:54.7,6.9,11.2,10,N,11.161879158199689,-104.7286058926386,25,105,,,,0.0,1.0,20.0,4,23,2,25,1
07:29.3,,,68,,98.5,,,,,,,12,-1.9720321,43.292557,132.16913,41.43840577633084,07:29.2,6,0.1009999999999999,0101000020E6100000F0D0457D718DFFBF5ABE897C72A54540,20230418_DACIA_AZPEITIA_DONOSTIA_012,,d4,30:53.2,11:06.0,DACIA_SPRING,Dacia Spring 33 kW,33000,139,08:54.7,6.9,11.2,10,N,7.374906361669297,-148.816421630046,25,105,,,,0.0,1.0,20.0,4,23,2,30,1
07:35.1,,,68,,98.5,,,,,,,12,-1.9725063000000005,43.29227,132.91888,41.48832536222444,07:35.2,6,-0.096,0101000020E610000033AF5DB9628FFFBF3BA9ED2E69A54540,20230418_DACIA_AZPEITIA_DONOSTIA_012,,d4,30:53.2,11:06.0,DACIA_SPRING,Dacia Spring 33 kW,33000,139,08:54.7,6.9,11.2,10,N,6.246686622405829,-156.1003611629556,25,105,,,,0.0,1.0,20.0,4,23,2,8,1
07:40.8,,,68,,98.5,,,,,,,12,-1.973251,43.29194,134.00488,41.55889742119068,07:41.2,6,-0.4639999999999999,0101000020E61000009DD090966F92FFBF239F784A5EA54540,20230418_DACIA_AZPEITIA_DONOSTIA_012,,d4,30:53.2,11:06.0,DACIA_SPRING,Dacia Spring 33 kW,33000,139,08:54.7,6.9,11.2,10,N,6.326550931567627,-155.60669266258893,25,105,,,,0.0,1.0,20.0,4,23,2,55,1
07:46.4,,,68,,98.5,,,,,,,12,-1.9738905,43.29165,136.57745,41.619933289858665,07:46.3,6,0.165,0101000020E610000010EA9E4C0E95FFBF0A8B82C754A54540,20230418_DACIA_AZPEITIA_DONOSTIA_012,,d4,30:53.2,11:06.0,DACIA_SPRING,Dacia Spring 33 kW,33000,139,08:54.7,6.9,11.2,10,N,6.332459698144809,-155.57005328252072,25,105,,,,0.0,1.0,20.0,4,23,2,40,1
07:52.0,,,68,,98.5,,,,,,,12,-1.974661,43.2913,138.81128,41.693476028607016,07:52.3,6,-0.228,0101000020E6100000D2989C1C3698FFBF9F8DE06F49A54540,20230418_DACIA_AZPEITIA_DONOSTIA_012,,d4,30:53.2,11:06.0,DACIA_SPRING,Dacia Spring 33 kW,33000,139,08:54.7,6.9,11.2,10,N,4.003898729344637,-169.05381311040972,25,105,,,,0.0,1.0,20.0,4,23,2,55,1
07:57.7,,,68,,98.5,,,,,,,12,-1.9752039,43.291195,140.08789,41.73895896083933,07:57.3,6,0.384,0101000020E6100000C74BF56C6F9AFFBF1EB7EBE745A54540,20230418_DACIA_AZPEITIA_DONOSTIA_012,,d4,30:53.2,11:06.0,DACIA_SPRING,Dacia Spring 33 kW,33000,139,08:54.7,6.9,11.2,10,N,7.965332684435658,-144.66814625144045,25,105,,,,0.0,1.0,20.0,4,23,2,25,1
08:03.3,,,68,,98.5,,,,,,,12,-1.9757583,43.290802,141.40979,41.80160744905233,08:03.3,6,0.0139999999999999,0101000020E610000015CF34BCB49CFFBF2A62640B39A54540,20230418_DACIA_AZPEITIA_DONOSTIA_012,,d4,30:53.2,11:06.0,DACIA_SPRING,Dacia Spring 33 kW,33000,139,08:54.7,6.9,11.2,10,N,6.285493091886352,-155.86084542702017,25,105,,,,0.0,1.0,20.0,4,23,2,40,1
08:09.0,,,67,,98.5,,,,,,,12,-1.9766598,43.290398,143.14081000000002,41.887309944453285,08:09.3,6,-0.3429999999999999,0101000020E61000001F16C50666A0FFBFA204A2CC2BA54540,20230418_DACIA_AZPEITIA_DONOSTIA_012,,d4,30:53.2,11:06.0,DACIA_SPRING,Dacia Spring 33 kW,33000,139,08:54.7,6.9,11.2,10,N,6.3204676721008255,-155.64439729838293,25,105,,,,0.0,1.0,20.0,4,23,2,25,1
08:14.7,,,67,,98.5,,,,,,,12,-1.9773932,43.290066,144.79308999999998,41.95723235587773,08:14.3,6,0.341,0101000020E61000001953550D67A3FFBFC63415DA20A54540,20230418_DACIA_AZPEITIA_DONOSTIA_012,,d4,30:53.2,11:06.0,DACIA_SPRING,Dacia Spring 33 kW,33000,139,08:54.7,6.9,11.2,10,N,5.935211527168192,-157.9993016495837,25,105,,,,0.0,1.0,20.0,4,23,2,25,1
08:20.3,,,67,,98.5,,,,,,,12,-1.9781753,43.28975,149.31537,42.02977339530383,08:20.4,6,-0.0279999999999999,0101000020E61000004B4663279BA6FFBFDDFBE97916A54540,20230418_DACIA_AZPEITIA_DONOSTIA_012,,d4,30:53.2,11:06.0,DACIA_SPRING,Dacia Spring 33 kW,33000,139,08:54.7,6.9,11.2,10,N,1.4730096993316275,177.5573623337963,25,105,,,,0.0,1.0,20.0,4,23,2,55,2
08:26.0,,,67,,98.5,,,,,,,12,-1.9787848,43.289776,150.01543999999998,42.079194866947255,08:26.4,6,-0.447,0101000020E6100000105F60351AA9FFBF2A4A956A17A54540,20230418_DACIA_AZPEITIA_DONOSTIA_012,,d4,30:53.2,11:06.0,DACIA_SPRING,Dacia Spring 33 kW,33000,139,08:54.7,6.9,11.2,10,N,8.517474064295758,-140.4926955208722,25,105,,,,0.0,1.0,20.0,4,23,2,25,2
08:31.5,,,67,,98.5,,,,,,,12,-1.9791074,43.28951,150.34253,42.11865024309449,08:31.4,6,0.141,0101000020E610000069FB99726CAAFFBF0AD6389B0EA54540,20230418_DACIA_AZPEITIA_DONOSTIA_012,,d4,30:53.2,11:06.0,DACIA_SPRING,Dacia Spring 33 kW,33000,139,08:54.7,6.9,11.2,10,N,8.7237554408812,-138.83941413370505,25,105,,,,0.0,1.0,20.0,4,23,2,55,2
08:37.4,,,67,,98.5,,,,,,,12,-1.9796679,43.28902,153.43701,42.18961745576544,08:37.4,6,0.005,0101000020E610000007150B32B8ACFFBFADB793A9FEA44540,20230418_DACIA_AZPEITIA_DONOSTIA_012,,d4,30:53.2,11:06.0,DACIA_SPRING,Dacia Spring 33 kW,33000,139,08:54.7,6.9,11.2,10,N,10.529192638934296,-119.93055302764998,25,105,,,,0.0,1.0,20.0,4,23,2,8,2
08:43.2,,,67,,98.5,,,,,,,12,-1.9801377,43.288204,156.32715,42.28804074496037,08:43.5,6,-0.2739999999999999,0101000020E6100000B89DCFE3A4AEFFBF97EF8DDFE3A44540,20230418_DACIA_AZPEITIA_DONOSTIA_012,,d4,30:53.2,11:06.0,DACIA_SPRING,Dacia Spring 33 kW,33000,139,08:54.7,6.9,11.2,10,N,10.939530370598815,-112.38090659808124,25,105,,,,0.0,1.0,20.0,4,23,2,25,2
08:48.9,,,67,,98.5,,,,,,,12,-1.9804453,43.287457,160.00415,42.3748324386602,08:48.5,6,0.384,0101000020E610000066138166E7AFFFBF3FC8D36ECBA44540,20230418_DACIA_AZPEITIA_DONOSTIA_012,,d4,30:53.2,11:06.0,DACIA_SPRING,Dacia Spring 33 kW,33000,139,08:54.7,6.9,11.2,10,N,9.58802228606857,-131.121475497109,25,105,,,,0.0,1.0,20.0,4,23,2,8,2
08:54.5,,,67,,98.5,,,,,,,12,-1.9809953,43.286827,164.91101,42.45797882513243,08:54.5,6,0.002,0101000020E61000001BE4A21828B2FFBFAE2E02BEB6A44540,20230418_DACIA_AZPEITIA_DONOSTIA_012,,d4,30:53.2,11:06.0,DACIA_SPRING,Dacia Spring 33 kW,33000,139,08:54.7,6.9,11.2,10,N,2.9532694616485604,-174.7111835403892,25,105,,,,0.0,1.0,20.0,4,23,2,8,2
09:00.1,,,67,,98.5,,,,,,,12,-1.9818271,43.28675,165.1242,42.525849127130364,09:00.5,6,-0.42,0101000020E610000051C8C66A90B5FFBF62BCC547B4A44540,20230418_DACIA_AZPEITIA_DONOSTIA_012,,d4,30:53.2,11:06.0,DACIA_SPRING,Dacia Spring 33 kW,33000,139,08:54.7,6.9,11.2,10,N,-4.390019769811087,146.923111736273,507,96,42.0,246.0,200.0,,,,19,460,47,25,2
09:05.8,,,66,,98.5,,,,,,,12,-1.9823092,43.287064,166.64075,42.57823329682128,09:05.5,6,0.254,0101000020E61000002B5967DF89B7FFBFE6200977BEA44540,20230418_DACIA_AZPEITIA_DONOSTIA_012,,d4,30:53.2,11:06.0,DACIA_SPRING,Dacia Spring 33 kW,33000,139,08:54.7,6.9,11.2,10,N,-6.088471764104106,137.0700306529361,507,96,42.0,246.0,200.0,,,,19,460,47,25,2
09:11.4,,,67,,98.5,,,,,,,12,-1.9827564,43.28748,168.46045,42.636997722710376,09:11.6,6,-0.133,0101000020E6100000A6C2AFC35EB9FFBF26C0F218CCA44540,20230418_DACIA_AZPEITIA_DONOSTIA_012,,d4,30:53.2,11:06.0,DACIA_SPRING,Dacia Spring 33 kW,33000,139,08:54.7,6.9,11.2,10,N,-9.645909009195083,110.54369211071818,507,96,42.0,246.0,200.0,,,,19,460,47,25,2
09:17.1,,,67,,98.5,,,,,,,12,-1.9828707,43.287785,167.85779,42.67215657360168,09:17.6,6,-0.43,0101000020E610000086F3DB9DD6B9FFBFFE5F1A2BD6A44540,20230418_DACIA_AZPEITIA_DONOSTIA_012,,d4,30:53.2,11:06.0,DACIA_SPRING,Dacia Spring 33 kW,33000,139,08:54.7,6.9,11.2,10,N,-9.204807073494772,114.72880117292438,507,96,42.0,246.0,200.0,,,,19,460,47,25,2
09:22.8,,,67,,98.5,,,,,,,12,-1.9829863,43.288036,166.38629,42.70162991832739,09:22.6,6,0.159,0101000020E6100000013728ED4FBAFFBFE2896A5BDEA44540,20230418_DACIA_AZPEITIA_DONOSTIA_012,,d4,30:53.2,11:06.0,DACIA_SPRING,Dacia Spring 33 kW,33000,139,08:54.7,6.9,11.2,10,N,-11.120219473708188,73.15717861248979,507,96,42.0,246.0,200.0,,,,19,460,47,25,2
09:28.4,,,66,,98.5,,,,,,,12,-1.9828534,43.288475,164.25793000000002,42.75166095527443,09:28.6,6,-0.186,0101000020E6100000D78F668FC4B9FFBF3ABC18B1ECA44540,20230418_DACIA_AZPEITIA_DONOSTIA_012,,d4,30:53.2,11:06.0,DACIA_SPRING,Dacia Spring 33 kW,33000,139,08:54.7,6.9,11.2,10,N,-11.150621470107588,74.61783031603798,507,96,42.0,246.0,200.0,,,,19,460,47,25,2
09:34.1,,,67,,98.5,,,,,,,12,-1.9827296000000003,43.288925,162.76611,42.80271392484415,09:33.6,6,0.4529999999999999,0101000020E6100000CC96EEA642B9FFBFBB387D7FFBA44540,20230418_DACIA_AZPEITIA_DONOSTIA_012,,d4,30:53.2,11:06.0,DACIA_SPRING,Dacia Spring 33 kW,33000,139,10:05.0,6.9,11.2,10,N,-10.254627690964742,103.71009520370228,507,96,42.0,246.0,200.0,,,,19,460,47,25,2
09:39.9,,,67,,98.5,,,,,,,12,-1.9828528000000003,43.28943,159.7804,42.859823973505975,09:39.7,6,0.198,0101000020E6100000781F2ED6C3B9FFBFA78880010CA54540,20230418_DACIA_AZPEITIA_DONOSTIA_012,,d4,30:53.2,11:06.0,DACIA_SPRING,Dacia Spring 33 kW,33000,139,10:05.0,6.9,11.2,10,N,-7.068342620374846,130.8685255727089,507,96,42.0,246.0,200.0,,,,19,460,47,25,2
09:45.7,,,67,,98.5,,,,,,,12,-1.9831617,43.289787,158.65509,42.90675136557997,09:45.7,6,0.016,0101000020E6100000DE1886B807BBFFBF77348ABC17A54540,20230418_DACIA_AZPEITIA_DONOSTIA_012,,d4,30:53.2,11:06.0,DACIA_SPRING,Dacia Spring 33 kW,33000,139,10:05.0,6.9,11.2,10,N,-7.562274114569512,127.53008012758389,507,96,42.0,246.0,200.0,,,,19,460,47,25,2
09:51.5,,,67,,98.5,,,,,,,12,-1.983333,43.29001,157.4928,42.93518454161979,09:51.7,6,-0.186,0101000020E6100000B83D4162BBBBFFBF97EFF0091FA54540,20230418_DACIA_AZPEITIA_DONOSTIA_012,,d4,30:53.2,11:06.0,DACIA_SPRING,Dacia Spring 33 kW,33000,139,10:05.0,6.9,11.2,10,N,1.9448595898696184,180.0,507,96,42.0,246.0,200.0,,,,19,460,47,25,2
09:58.2,,,67,,98.5,,,,,,,12,-1.9833376,43.29001,157.93921,42.935765833260156,09:57.8,6,0.442,0101000020E61000006207BE37C0BBFFBF0E7BCAFF1EA54540,20230418_DACIA_AZPEITIA_DONOSTIA_012,,d4,30:53.2,11:06.0,DACIA_SPRING,Dacia Spring 33 kW,33000,139,10:05.0,6.9,11.2,10,N,-4.053548837616168,148.7815972390713,507,96,42.0,246.0,200.0,,,,19,460,47,25,2
10:03.8,,,67,,98.5,,,,,,,12,-1.9833475,43.290016,158.68200000000002,42.93704603272275,10:03.7,6,0.075,0101000020E61000003F360BACCABBFFBF3D1AB9341FA54540,20230418_DACIA_AZPEITIA_DONOSTIA_012,,d4,30:53.2,11:06.0,DACIA_SPRING,Dacia Spring 33 kW,33000,139,10:05.0,6.9,11.2,10,N,-7.56299206641594,127.52510072201198,507,96,42.0,246.0,200.0,,,,19,460,47,25,2
10:09.4,,,67,,98.5,,,,,,,12,-1.9834796,43.290188,158.11346,42.95896464210697,10:09.8,6,-0.346,0101000020E6100000B1B9931D55BCFFBF2F40B2EB24A54540,20230418_DACIA_AZPEITIA_DONOSTIA_012,,d4,30:53.2,11:06.0,DACIA_SPRING,Dacia Spring 33 kW,33000,139,10:05.0,6.9,11.2,10,N,-7.955388001569408,124.74046709749236,507,96,42.0,246.0,200.0,,,,19,460,47,25,2
10:15.1,,,67,,98.5,,,,,,,12,-1.9837029,43.29051,156.74475,42.99909568091609,10:14.8,6,0.248,0101000020E6100000DAA8F34D3FBDFFBF2FD2B4592FA54540,20230418_DACIA_AZPEITIA_DONOSTIA_012,,d4,30:53.2,11:06.0,DACIA_SPRING,Dacia Spring 33 kW,33000,139,10:05.0,6.9,11.2,10,N,-7.55335053569149,127.59193722251835,507,96,42.0,246.0,200.0,,,,19,460,47,25,2
10:20.8,,,66,,98.5,,,,,,,12,-1.9840863,43.291008000000005,155.51318,43.06258467399095,10:20.9,6,-0.0969999999999999,0101000020E61000008FA6BC4ED1BEFFBFFD95DFB33FA54540,20230418_DACIA_AZPEITIA_DONOSTIA_012,,d4,30:53.2,11:06.0,DACIA_SPRING,Dacia Spring 33 kW,33000,139,10:05.0,6.9,11.2,10,N,-8.672531572570039,119.25538491934188,507,96,42.0,246.0,200.0,,,,19,460,47,25,2
10:26.4,,,67,,98.5,,,,,,,12,-1.9843843,43.291540000000005,154.3393,43.126479128026894,10:26.8,6,-0.452,0101000020E6100000E92807B309C0FFBFBFBB741751A54540,20230418_DACIA_AZPEITIA_DONOSTIA_012,,d4,30:53.2,11:06.0,DACIA_SPRING,Dacia Spring 33 kW,33000,139,10:05.0,6.9,11.2,10,N,-8.906472125898258,117.32389130158856,507,96,42.0,246.0,200.0,,,,19,460,47,25,2
10:32.1,,,66,,98.5,,,,,,,12,-1.9845858,43.29193,151.38183999999998,43.17290462282087,10:31.9,6,0.245,0101000020E6100000245567F7DCC0FFBFC477A4F25DA54540,20230418_DACIA_AZPEITIA_DONOSTIA_012,,d4,30:53.2,11:06.0,DACIA_SPRING,Dacia Spring 33 kW,33000,139,10:05.0,6.9,11.2,10,N,-9.725161945866184,109.73623175097536,507,96,42.0,246.0,200.0,,,,19,460,47,25,2
10:38.7,,,66,,98.5,,,,,,,12,-1.9848764,43.29274,149.24048,43.266017376780624,10:38.9,6,-0.162,0101000020E6100000F99BF5CE0DC2FFBF1030888278A54540,20230418_DACIA_AZPEITIA_DONOSTIA_012,,d4,30:53.2,11:06.0,DACIA_SPRING,Dacia Spring 33 kW,33000,139,10:05.0,6.9,11.2,10,N,-9.57662060647946,111.23414307682803,507,96,42.0,246.0,200.0,,,,19,460,47,25,2
10:44.4,,,66,,98.5,,,,,,,12,-1.9850734,43.293247,147.9436,43.32461879912306,10:43.9,6,0.45,0101000020E6100000DD540F5EDCC2FFBF0764E92289A54540,20230418_DACIA_AZPEITIA_DONOSTIA_012,,d4,30:53.2,11:06.0,DACIA_SPRING,Dacia Spring 33 kW,33000,139,10:05.0,6.9,11.2,10,N,-3.5281657341367163,151.63829288096366,507,96,42.0,246.0,200.0,,,,19,460,47,25,2
10:50.0,,,66,,98.5,,,,,,,12,-1.9855328,43.293495,148.38183999999998,43.370912005386906,10:49.9,6,0.103,0101000020E6100000C862D5FFBDC4FFBF626DA53A91A54540,20230418_DACIA_AZPEITIA_DONOSTIA_012,,d4,30:53.2,11:06.0,DACIA_SPRING,Dacia Spring 33 kW,33000,139,10:05.0,6.9,11.2,10,N,4.932589999129704,-163.86996772821112,507,96,42.0,246.0,200.0,,,,19,460,47,25,2
10:55.8,,,66,,98.5,,,,,,,12,-1.9859996,43.29336,149.38672,43.4115771677973,10:56.0,6,-0.225,0101000020E6100000C2E73D84A7C6FFBF82A4D3E38CA54540,20230418_DACIA_AZPEITIA_DONOSTIA_012,,d4,30:53.2,11:06.0,DACIA_SPRING,Dacia Spring 33 kW,33000,139,10:05.0,6.9,11.2,10,N,10.07517638506959,-125.8984860945159,507,96,42.0,246.0,200.0,,,,19,460,47,25,2
11:01.4,,,66,,98.5,,,,,,,12,-1.9862334,43.293037,148.59558,43.45218056047116,11:01.0,6,0.46,0101000020E610000033D04A949CC7FFBF5E6A004682A54540,20230418_DACIA_AZPEITIA_DONOSTIA_012,,d4,30:53.2,11:06.0,DACIA_SPRING,Dacia Spring 33 kW,33000,139,10:05.0,6.9,11.2,10,N,,,507,96,42.0,246.0,200.0,,,,19,460,47,8,2
