timestamp_data_utc,elv_spy,speed,soc,amb_temp,soh,regenwh,Motor Pwr(w),Aux Pwr(100w),Motor Temp,Torque Nm,rpm,route_id,longitude,latitude,altitude,cumul_dist,timestamp_gps_utc,car_id,time_diff,point_geom,route_code,route_description,driver,start_timestamp,end_timestamp,car_code,car_description,capacity,ref_consumption,timestamp_weather_utc,wind_mph,wind_kph,wind_degree,wind_dir,Frontal_Wind,Veh_deg,totalVehicles,speedAvg,cars_by_speed_interval_0_80,cars_by_speed_interval_80_100,cars_by_speed_interval_100_120,cars_by_speed_interval_0_50,cars_by_speed_interval_50_80,cars_by_speed_interval_80_120,cars_by_speed_interval_120_inf,cars_by_length_interval_0_7,cars_by_length_interval_7_inf,max_speed,radius
12:09.9,,,94,,98.5,,,,,,,47,-1.9728534,43.267838,84.97023,0.0,12:10.0,6,-0.152,0101000020E610000089018ABECE90FFBFEB403B7E48A24540,20230420_DACIA_HERNANI_EIBAR_047,,d1,11:14.5,07:44.5,DACIA_SPRING,Dacia Spring 33 kW,33000,139,13:37.1,2.2,3.6,315,NW,-2.8038589000689766,173.84462516159536,477,93,,,,0.0,102.0,373.0,2,336,141,25,2
12:15.5,,,94,,98.5,,,,,,,47,-1.9736601000000005,43.267925,87.02875,0.06606097664370734,12:16.1,6,-0.508,0101000020E6100000176446931C94FFBF9D7B85584BA24540,20230420_DACIA_HERNANI_EIBAR_047,,d1,11:14.5,07:44.5,DACIA_SPRING,Dacia Spring 33 kW,33000,139,13:37.1,2.2,3.6,315,NW,-2.9268720433966857,170.6079469950382,477,93,,,,0.0,102.0,373.0,2,336,141,25,2
12:21.1,,,94,,98.5,,,,,,,47,-1.9738717,43.26796,90.469505,0.08396387523052769,12:21.1,6,0.0559999999999999,0101000020E6100000B9033384FA94FFBF1F5612854CA24540,20230420_DACIA_HERNANI_EIBAR_047,,d1,11:14.5,07:44.5,DACIA_SPRING,Dacia Spring 33 kW,33000,139,13:37.1,2.2,3.6,315,NW,-1.4340640940427063,68.47514049806824,477,93,,,,0.0,102.0,373.0,2,336,141,55,2
12:26.7,,,94,,98.5,,,,,,,47,-1.9737376,43.2683,94.921196,0.12354949402363789,12:27.2,6,-0.451,0101000020E6100000E19C98D56D94FFBFDA1CA7A657A24540,20230420_DACIA_HERNANI_EIBAR_047,,d1,11:14.5,07:44.5,DACIA_SPRING,Dacia Spring 33 kW,33000,139,13:37.1,2.2,3.6,315,NW,-0.5568999324351712,53.89907438023233,477,93,,,,0.0,102.0,373.0,2,336,141,25,2
12:32.3,,,94,,98.5,,,,,,,47,-1.9735655,43.268536,96.74668,0.15331762382253372,12:32.2,6,0.053,0101000020E61000000328056DB993FFBF26F3F8505FA24540,20230420_DACIA_HERNANI_EIBAR_047,,d1,11:14.5,07:44.5,DACIA_SPRING,Dacia Spring 33 kW,33000,139,13:37.1,2.2,3.6,315,NW,-1.3203329833872213,66.51588470959439,477,93,,,,0.0,102.0,373.0,2,336,141,25,2
12:37.8,,,94,,98.5,,,,,,,47,-1.9735277,43.268623,97.79719,0.16351840323907846,12:37.3,6,0.502,0101000020E61000000CB9B4CE9193FFBF2878E24862A24540,20230420_DACIA_HERNANI_EIBAR_047,,d1,11:14.5,07:44.5,DACIA_SPRING,Dacia Spring 33 kW,33000,139,13:37.1,2.2,3.6,315,NW,-0.8459108259626936,58.59016263889525,477,93,,,,0.0,102.0,373.0,2,336,141,25,2
12:43.3,,,94,,98.5,,,,,,,47,-1.9734416,43.268764,100.131424,0.18083490203681793,12:43.3,6,0.034,0101000020E610000033B204863793FFBFCFA488E866A24540,20230420_DACIA_HERNANI_EIBAR_047,,d1,11:14.5,07:44.5,DACIA_SPRING,Dacia Spring 33 kW,33000,139,13:37.1,2.2,3.6,315,NW,0.5743460884181467,35.8197691365962,477,93,,,,0.0,102.0,373.0,2,336,141,25,2
12:48.8,,,94,,98.5,,,,,,,47,-1.9733363,43.26884,100.25514,0.19283989008696628,12:48.4,6,0.385,0101000020E6100000C42D892EC992FFBF9143D85369A24540,20230420_DACIA_HERNANI_EIBAR_047,,d1,11:14.5,07:44.5,DACIA_SPRING,Dacia Spring 33 kW,33000,139,13:37.1,2.2,3.6,315,NW,3.56900583577171,-52.52382049704154,477,93,,,,0.0,102.0,373.0,2,336,141,25,2
12:54.3,,,94,,98.5,,,,,,,47,-1.973334,43.268837,99.99397,0.19330267213094646,12:54.4,6,-0.14,0101000020E6100000C080879DC692FFBF03E2004669A24540,20230420_DACIA_HERNANI_EIBAR_047,,d1,11:14.5,07:44.5,DACIA_SPRING,Dacia Spring 33 kW,33000,139,13:37.1,2.2,3.6,315,NW,0.2245618300464722,41.423665626791504,477,93,,,,0.0,102.0,373.0,2,336,141,25,2
12:59.7,,,94,,98.5,,,,,,,47,-1.9732966,43.26887,96.95144,0.1989499107828713,12:59.5,6,0.1989999999999999,0101000020E61000002CE159899F92FFBF0849015C6AA24540,20230420_DACIA_HERNANI_EIBAR_047,,d1,11:14.5,07:44.5,DACIA_SPRING,Dacia Spring 33 kW,33000,139,13:37.1,2.2,3.6,315,NW,1.3669000962652451,22.685241212607643,477,93,,,,0.0,102.0,373.0,2,336,141,25,2
13:05.2,,,94,,98.5,,,,,,,47,-1.9732655,43.268883,94.911934,0.20249810750232478,13:05.5,6,-0.315,0101000020E61000006609C7ED7E92FFBF637C2FCD6AA24540,20230420_DACIA_HERNANI_EIBAR_047,,d1,11:14.5,07:44.5,DACIA_SPRING,Dacia Spring 33 kW,33000,139,13:37.1,2.2,3.6,315,NW,-0.3426942431925197,50.462419338334335,477,93,,,,0.0,102.0,373.0,2,336,141,25,2
13:10.8,,,94,,98.5,,,,,,,47,-1.9731714,43.268997,91.74774,0.21762246921853834,13:10.6,6,0.271,0101000020E610000017A1462F1C92FFBFCFA7F77C6EA24540,20230420_DACIA_HERNANI_EIBAR_047,,d1,11:14.5,07:44.5,DACIA_SPRING,Dacia Spring 33 kW,33000,139,13:37.1,2.2,3.6,315,NW,-0.5784321675720205,54.24611274681877,477,93,,,,0.0,102.0,373.0,2,336,141,25,2
13:16.4,,,94,,98.5,,,,,,,47,-1.9730778,43.269127000000005,87.91006,0.23438900707305385,13:16.6,6,-0.238,0101000020E610000019025EFCB991FFBF99A4B9BD72A24540,20230420_DACIA_HERNANI_EIBAR_047,,d1,11:14.5,07:44.5,DACIA_SPRING,Dacia Spring 33 kW,33000,139,13:37.1,2.2,3.6,315,NW,0.5024562188459942,36.97696741868754,477,93,,,,0.0,102.0,373.0,2,336,141,25,2
13:21.9,,,94,,98.5,,,,,,,47,-1.972941,43.26923,85.12458000000001,0.2505634279835198,13:21.7,6,0.245,0101000020E6100000A2D834A12A91FFBFBF0E7D1E76A24540,20230420_DACIA_HERNANI_EIBAR_047,,d1,11:14.5,07:44.5,DACIA_SPRING,Dacia Spring 33 kW,33000,139,13:37.1,2.2,3.6,315,NW,0.7819012234407523,32.45567759325925,477,93,,,,0.0,102.0,373.0,2,336,141,25,2
13:27.5,,,94,,98.5,,,,,,,47,-1.972702,43.269382,84.72587,0.27625925529179646,13:27.7,6,-0.22,0101000020E6100000EA7D31F62F90FFBF2E5CEF237BA24540,20230420_DACIA_HERNANI_EIBAR_047,,d1,11:14.5,07:44.5,DACIA_SPRING,Dacia Spring 33 kW,33000,139,13:37.1,2.2,3.6,315,NW,1.4853163378879557,20.63249514656024,477,93,,,,0.0,102.0,373.0,2,336,141,25,2
13:32.9,,,94,,98.5,,,,,,,47,-1.9725214,43.26945,84.24629,0.2927278733023595,13:32.8,6,0.166,0101000020E6100000018A619F728FFFBFD9C965677DA24540,20230420_DACIA_HERNANI_EIBAR_047,,d1,11:14.5,07:44.5,DACIA_SPRING,Dacia Spring 33 kW,33000,139,13:37.1,2.2,3.6,315,NW,0.6345836875964107,34.84723829727861,477,93,,,,0.0,102.0,373.0,2,336,141,25,2
13:38.5,,,94,,98.5,,,,,,,47,-1.9721968,43.269676,81.47928,0.3291954178782788,13:38.8,6,-0.361,0101000020E6100000E0321E4B1E8EFFBF8E4919C684A24540,20230420_DACIA_HERNANI_EIBAR_047,,d1,11:14.5,07:44.5,DACIA_SPRING,Dacia Spring 33 kW,33000,139,13:37.1,2.2,3.6,315,NW,0.6110597078917385,35.22736686030069,477,93,,,,0.0,102.0,373.0,2,336,141,25,2
13:44.0,,,94,,98.5,,,,,,,47,-1.9718286,43.269936,79.74108000000001,0.370759334046901,13:43.9,6,0.077,0101000020E61000005DE5E12D9C8CFFBF4E1FBD428DA24540,20230420_DACIA_HERNANI_EIBAR_047,,d1,11:14.5,07:44.5,DACIA_SPRING,Dacia Spring 33 kW,33000,139,13:37.1,2.2,3.6,315,NW,0.8642836753732174,31.108808828566097,477,93,,,,0.0,102.0,373.0,2,336,141,25,2
13:49.4,,,94,,98.5,,,,,,,47,-1.9713298,43.270237,78.057594,0.4232379628712296,13:48.9,6,0.44,0101000020E610000040937E1E918AFFBF23B28D1E97A24540,20230420_DACIA_HERNANI_EIBAR_047,,d1,11:14.5,07:44.5,DACIA_SPRING,Dacia Spring 33 kW,33000,139,13:37.1,2.2,3.6,315,NW,0.3047841452561121,40.14339606555248,477,93,,,,0.0,102.0,373.0,2,336,141,8,2
13:54.9,,,94,,98.5,,,,,,,47,-1.9709231,43.27058,75.155106,0.47370905120425205,13:55.0,6,-0.068,0101000020E6100000D65C78A2E688FFBF0A328B68A2A24540,20230420_DACIA_HERNANI_EIBAR_047,,d1,11:14.5,07:44.5,DACIA_SPRING,Dacia Spring 33 kW,33000,139,13:37.1,2.2,3.6,315,NW,0.4554478492800442,37.731845144768045,477,93,,,,0.0,102.0,373.0,2,336,141,8,2
14:00.4,,,94,,98.5,,,,,,,47,-1.9705677,43.270855,71.266075,0.5158771129031482,14:00.1,6,0.281,0101000020E61000009C4D74097287FFBF68AA0E52ABA24540,20230420_DACIA_HERNANI_EIBAR_047,,d1,11:14.5,07:44.5,DACIA_SPRING,Dacia Spring 33 kW,33000,139,13:37.1,2.2,3.6,315,NW,0.8122767386781745,31.9599300537905,477,93,,,,0.0,102.0,373.0,2,336,141,8,2
14:06.0,,,94,,98.5,,,,,,,47,-1.9699442,43.271244,67.91683,0.5824389745625609,14:06.2,6,-0.1989999999999999,0101000020E6100000918CC34EE484FFBF6841BA19B8A24540,20230420_DACIA_HERNANI_EIBAR_047,,d1,11:14.5,07:44.5,DACIA_SPRING,Dacia Spring 33 kW,33000,139,13:37.1,2.2,3.6,315,NW,1.2932687544230157,23.946389755356616,474,95,,,,0.0,82.0,384.0,8,375,99,25,1
14:11.4,,,94,,98.5,,,,,,,47,-1.9695479,43.27142,66.724266,0.6200408595006431,14:11.2,6,0.138,0101000020E6100000345F96AD4483FFBFB15C82E4BDA24540,20230420_DACIA_HERNANI_EIBAR_047,,d1,11:14.5,07:44.5,DACIA_SPRING,Dacia Spring 33 kW,33000,139,13:37.1,2.2,3.6,315,NW,1.4144338784419763,21.865039301466144,474,95,,,,0.0,82.0,384.0,8,375,99,25,1
14:16.8,,,94,,98.5,,,,,,,47,-1.9692065,43.271557,67.87881999999999,0.6516225446593112,14:17.3,6,-0.4589999999999999,0101000020E61000007225F2ADDE81FFBF0AD11062C2A24540,20230420_DACIA_HERNANI_EIBAR_047,,d1,11:14.5,07:44.5,DACIA_SPRING,Dacia Spring 33 kW,33000,139,14:51.8,2.2,3.6,315,NW,-3.3496190084204205,156.49497234558262,477,93,,,,0.0,102.0,373.0,2,336,141,25,1
14:22.4,,,94,,98.5,,,,,,,47,-1.9695307,43.271698,67.211784,0.6822038740951972,14:22.3,6,0.051,0101000020E6100000E40ED4A23283FFBF840F87FBC6A24540,20230420_DACIA_HERNANI_EIBAR_047,,d1,11:14.5,07:44.5,DACIA_SPRING,Dacia Spring 33 kW,33000,139,14:51.8,2.2,3.6,315,NW,-2.6892563422305127,176.66747858138768,474,95,,,,0.0,82.0,384.0,8,375,99,25,1
14:27.9,,,94,,98.5,,,,,,,47,-1.9701146,43.271732,66.38963000000001,0.7296358053992775,14:28.3,6,-0.43,0101000020E6100000C954B6EE9685FFBF6EDD501DC8A24540,20230420_DACIA_HERNANI_EIBAR_047,,d1,11:14.5,07:44.5,DACIA_SPRING,Dacia Spring 33 kW,33000,139,14:51.8,2.2,3.6,315,NW,-2.7340352018282457,175.58389303233508,474,95,,,,0.0,82.0,384.0,8,375,99,25,1
14:33.4,,,94,,98.5,,,,,,,47,-1.9705678,43.271767,65.946686,0.7665363662303238,14:33.4,6,-0.001,0101000020E6100000AFCD401B7287FFBF93CA083DC9A24540,20230420_DACIA_HERNANI_EIBAR_047,,d1,11:14.5,07:44.5,DACIA_SPRING,Dacia Spring 33 kW,33000,139,14:51.8,2.2,3.6,315,NW,-2.6992199386341995,176.42838843461442,477,93,,,,0.0,102.0,373.0,2,336,141,25,2
14:38.9,,,94,,98.5,,,,,,,47,-1.9710965,43.2718,66.58197,0.8095027629052917,14:38.5,6,0.424,0101000020E6100000E02D11829C89FFBF1D5FD76ECAA24540,20230420_DACIA_HERNANI_EIBAR_047,,d1,11:14.5,07:44.5,DACIA_SPRING,Dacia Spring 33 kW,33000,139,14:51.8,2.2,3.6,315,NW,-2.8950544941122,171.46868855951627,477,93,,,,0.0,102.0,373.0,2,336,141,25,2
14:44.4,,,94,,98.5,,,,,,,47,-1.9716098,43.271877,66.059555,0.8519366638534048,14:44.5,6,-0.1169999999999999,0101000020E6100000083054CCB68BFFBF923823E2CCA24540,20230420_DACIA_HERNANI_EIBAR_047,,d1,11:14.5,07:44.5,DACIA_SPRING,Dacia Spring 33 kW,33000,139,14:51.8,2.2,3.6,315,NW,-2.8057929414521894,173.79552265107893,477,93,,,,0.0,102.0,373.0,2,336,141,25,2
14:49.8,,,94,,98.5,,,,,,,47,-1.9722077,43.271942,65.60859,0.900882538053425,14:49.5,6,0.314,0101000020E6100000A0CDC1A0298EFFBF1225F3F5CEA24540,20230420_DACIA_HERNANI_EIBAR_047,,d1,11:14.5,07:44.5,DACIA_SPRING,Dacia Spring 33 kW,33000,139,14:51.8,2.2,3.6,315,NW,-2.7100198848796597,176.16794531843988,477,93,,,,0.0,102.0,373.0,2,336,141,25,2
14:55.3,,,94,,98.5,,,,,,,47,-1.9727153,43.271976,66.92373,0.942173305489118,14:55.6,6,-0.221,0101000020E6100000F0058ED43D90FFBF8DBEF41BD0A24540,20230420_DACIA_HERNANI_EIBAR_047,,d1,11:14.5,07:44.5,DACIA_SPRING,Dacia Spring 33 kW,33000,139,14:51.8,2.2,3.6,315,NW,-2.736282338933937,175.52888763022406,477,93,,,,0.0,102.0,373.0,2,336,141,25,2
15:00.8,,,94,,98.5,,,,,,,47,-1.973278,43.27202,66.03553000000001,0.9880011375171104,15:00.6,6,0.161,0101000020E6100000F144620C8C92FFBF7E877F7DD1A24540,20230420_DACIA_HERNANI_EIBAR_047,,d1,11:14.5,07:44.5,DACIA_SPRING,Dacia Spring 33 kW,33000,139,14:51.8,2.2,3.6,315,NW,-2.703583658113149,176.32331851645753,477,93,,,,0.0,102.0,373.0,2,336,141,25,2
15:06.3,,,94,,98.5,,,,,,,47,-1.9738538,43.272057,66.16685,1.0348003478928742,15:06.6,6,-0.371,0101000020E6100000574339B3E794FFBF4EA9A6B6D2A24540,20230420_DACIA_HERNANI_EIBAR_047,,d1,11:14.5,07:44.5,DACIA_SPRING,Dacia Spring 33 kW,33000,139,14:51.8,2.2,3.6,315,NW,-2.7924285366289925,174.1337663616,477,93,,,,0.0,102.0,373.0,2,336,141,25,2
15:11.7,,,94,,98.5,,,,,,,47,-1.9745935,43.272133,66.47542,1.0952818714159787,15:11.7,6,0.0279999999999999,0101000020E6100000E169926BEF97FFBFC1DC2347D5A24540,20230420_DACIA_HERNANI_EIBAR_047,,d1,11:14.5,07:44.5,DACIA_SPRING,Dacia Spring 33 kW,33000,139,14:51.8,2.2,3.6,315,NW,-2.7777032201925,174.50363495246648,477,93,,,,0.0,102.0,373.0,2,336,141,25,2
15:17.2,,,94,,98.5,,,,,,,47,-1.975269,43.272198,67.25887,1.1504525763883167,15:16.7,6,0.498,0101000020E6100000160D11A1B39AFFBFD7AD645ED7A24540,20230420_DACIA_HERNANI_EIBAR_047,,d1,11:14.5,07:44.5,DACIA_SPRING,Dacia Spring 33 kW,33000,139,14:51.8,2.2,3.6,315,NW,-2.783737590339415,174.35241665733972,477,93,,,,0.0,102.0,373.0,2,336,141,25,2
15:22.6,,,94,,98.5,,,,,,,47,-1.9759263,43.272263,68.43221,1.2041700243882638,15:22.8,6,-0.138,0101000020E6100000BEA324D1649DFFBFF953C089D9A24540,20230420_DACIA_HERNANI_EIBAR_047,,d1,11:14.5,07:44.5,DACIA_SPRING,Dacia Spring 33 kW,33000,139,14:51.8,2.2,3.6,315,NW,-3.251137877539717,160.43223142172326,477,93,,,,0.0,102.0,373.0,2,336,141,25,2
15:28.1,,,94,,98.5,,,,,,,47,-1.9759685,43.272278,68.8117,1.2079908855542332,15:27.8,6,0.311,0101000020E6100000ED8D442C919DFFBF7B0B90FAD9A24540,20230420_DACIA_HERNANI_EIBAR_047,,d1,11:14.5,07:44.5,DACIA_SPRING,Dacia Spring 33 kW,33000,139,14:51.8,2.2,3.6,315,NW,-2.75401557519719,175.09262308404757,477,93,,,,0.0,102.0,373.0,2,336,141,25,2
15:33.6,,,94,,98.5,,,,,,,47,-1.9763412,43.27231,70.25844599999999,1.2384087372921668,15:33.8,6,-0.222,0101000020E610000075622800189FFFBF1EF25F06DBA24540,20230420_DACIA_HERNANI_EIBAR_047,,d1,11:14.5,07:44.5,DACIA_SPRING,Dacia Spring 33 kW,33000,139,14:51.8,2.2,3.6,315,NW,-1.7912508176372255,-164.839340601056,477,93,,,,0.0,102.0,373.0,2,336,141,25,2
15:39.1,,,94,,98.5,,,,,,,47,-1.9764593,43.272278,70.98539,1.248636777810516,15:38.9,6,0.25,0101000020E61000007FCE75B4939FFFBF68DF90FAD9A24540,20230420_DACIA_HERNANI_EIBAR_047,,d1,11:14.5,07:44.5,DACIA_SPRING,Dacia Spring 33 kW,33000,139,14:51.8,2.2,3.6,315,NW,-1.800267757654704,-165.00492087307623,477,93,,,,0.0,102.0,373.0,2,336,141,25,2
15:44.6,,,94,,98.5,,,,,,,47,-1.9765153,43.272263,70.50178000000001,1.2534918379160505,15:44.9,6,-0.296,0101000020E610000058E3D78CCE9FFFBFEF782983D9A24540,20230420_DACIA_HERNANI_EIBAR_047,,d1,11:14.5,07:44.5,DACIA_SPRING,Dacia Spring 33 kW,33000,139,14:51.8,2.2,3.6,315,NW,-2.975390399020804,169.25940718879397,477,93,,,,0.0,102.0,373.0,2,336,141,25,2
15:50.1,,,94,,98.5,,,,,,,47,-1.9768527,43.272327,70.07567,1.2817232409994297,15:50.0,6,0.147,0101000020E610000001F4F93730A1FFBF88EF589ADBA24540,20230420_DACIA_HERNANI_EIBAR_047,,d1,11:14.5,07:44.5,DACIA_SPRING,Dacia Spring 33 kW,33000,139,14:51.8,2.2,3.6,315,NW,-3.592770246261563,138.6317909360392,477,93,,,,0.0,102.0,373.0,2,336,141,55,2
15:55.6,,,94,,98.5,,,,,,,47,-1.9771434,43.272583,70.4166,1.3186602284690634,20/04/2023 09:15,6,-0.372,0101000020E61000009FDB3B2961A2FFBF63B9C30DE4A24540,20230420_DACIA_HERNANI_EIBAR_047,,d1,11:14.5,07:44.5,DACIA_SPRING,Dacia Spring 33 kW,33000,139,14:51.8,2.2,3.6,315,NW,-3.5801519737808545,128.98071677301385,477,93,,,,0.0,102.0,373.0,2,336,141,55,2
16:01.1,,,94,,98.5,,,,,,,47,-1.9774679,43.272984,70.84815,1.3704152982204962,16:01.0,6,0.061,0101000020E6100000C49D7C63B5A3FFBF4DC11E2EF1A24540,20230420_DACIA_HERNANI_EIBAR_047,,d1,11:14.5,07:44.5,DACIA_SPRING,Dacia Spring 33 kW,33000,139,14:51.8,2.2,3.6,315,NW,-3.5885093132792587,130.42095452217606,477,93,,,,0.0,102.0,373.0,2,336,141,25,2
16:06.7,,,94,,98.5,,,,,,,47,-1.9780198,43.273632,70.93876999999999,1.4551991719999051,16:07.1,6,-0.429,0101000020E6100000D72A6028F8A5FFBF1716475506A34540,20230420_DACIA_HERNANI_EIBAR_047,,d1,11:14.5,07:44.5,DACIA_SPRING,Dacia Spring 33 kW,33000,139,14:51.8,2.2,3.6,315,NW,-3.5397079980148245,124.49915557504995,477,93,,,,0.0,102.0,373.0,2,336,141,8,2
16:12.1,,,93,,98.5,,,,,,,47,-1.9784837,43.274307,71.9506,1.539133921583602,16:12.2,6,-0.128,0101000020E610000061CFBA80DEA7FFBF60BAD87A1CA34540,20230420_DACIA_HERNANI_EIBAR_047,,d1,11:14.5,07:44.5,DACIA_SPRING,Dacia Spring 33 kW,33000,139,14:51.8,2.2,3.6,315,NW,-3.589990937473001,130.72649954456102,477,93,,,,0.0,102.0,373.0,2,336,141,25,2
16:17.6,,,93,,98.5,,,,,,,47,-1.9789047,43.274796,75.60321,1.6034114068240861,16:17.2,6,0.3389999999999999,0101000020E610000022C9920598A9FFBF481DE77D2CA34540,20230420_DACIA_HERNANI_EIBAR_047,,d1,11:14.5,07:44.5,DACIA_SPRING,Dacia Spring 33 kW,33000,139,14:51.8,2.2,3.6,315,NW,-3.1930069368625373,162.50799763216492,477,93,,,,0.0,102.0,373.0,2,336,141,25,2
16:23.0,,,93,,98.5,,,,,,,47,-1.9798852,43.275105,80.51871,1.6900473737437216,16:23.3,6,-0.3229999999999999,0101000020E6100000C8F8A71D9CADFFBF015515A036A34540,20230420_DACIA_HERNANI_EIBAR_047,,d1,11:14.5,07:44.5,DACIA_SPRING,Dacia Spring 33 kW,33000,139,14:51.8,2.2,3.6,315,NW,-3.174704829471085,163.13214741910227,477,93,,,,0.0,102.0,373.0,2,336,141,25,2
16:28.5,,,93,,98.5,,,,,,,47,-1.9807262,43.27536,84.47381,1.7639070071977418,16:28.3,6,0.155,0101000020E610000076C624F50DB1FFBF020E66F93EA34540,20230420_DACIA_HERNANI_EIBAR_047,,d1,11:14.5,07:44.5,DACIA_SPRING,Dacia Spring 33 kW,33000,139,14:51.8,2.2,3.6,315,NW,-3.2473602172371026,160.57187666626805,180,70,,,,1.0,153.0,26.0,0,164,16,25,2
16:33.9,,,93,,98.5,,,,,,,47,-1.9817327,43.275715000000005,88.85401999999999,1.8545543735692083,16:34.4,6,-0.465,0101000020E610000057E2D4622DB5FFBF3A796D924AA34540,20230420_DACIA_HERNANI_EIBAR_047,,d1,11:14.5,07:44.5,DACIA_SPRING,Dacia Spring 33 kW,33000,139,14:51.8,2.2,3.6,315,NW,-3.2554564737935947,160.27170785373096,180,70,,,,1.0,153.0,26.0,0,164,16,8,2
16:39.4,,,92,,98.5,,,,,,,47,-1.9825609,43.276012,93.5554,1.9294425072439727,16:39.5,6,-0.0409999999999999,0101000020E61000006577F5B691B8FFBF92F20C5254A34540,20230420_DACIA_HERNANI_EIBAR_047,,d1,11:14.5,07:44.5,DACIA_SPRING,Dacia Spring 33 kW,33000,139,14:51.8,2.2,3.6,315,NW,-3.2490072494904743,160.5110800561511,180,70,,,,1.0,153.0,26.0,0,164,16,8,2
16:45.0,,,92,,98.5,,,,,,,47,-1.9834312,43.27632,99.417625,2.008000677103701,16:44.5,6,0.488,0101000020E610000008E4F46022BCFFBF5ECF928B5EA34540,20230420_DACIA_HERNANI_EIBAR_047,,d1,11:14.5,07:44.5,DACIA_SPRING,Dacia Spring 33 kW,33000,139,18:37.2,3.8,6.1,40,NE,2.1814450628468416,160.9537323165078,180,70,,,,1.0,153.0,26.0,0,164,16,25,2
16:50.5,,,92,,98.5,,,,,,,47,-1.9842857,43.276615,105.300156,2.0847863957911854,16:50.5,6,0.009,0101000020E610000086970B5FA2BFFFBF11B9391968A34540,20230420_DACIA_HERNANI_EIBAR_047,,d1,11:14.5,07:44.5,DACIA_SPRING,Dacia Spring 33 kW,33000,139,18:37.2,3.8,6.1,40,NE,3.261978646924781,172.32699915632892,180,70,,,,1.0,153.0,26.0,0,164,16,25,2
16:56.0,,,92,,98.5,,,,,,,47,-1.9848795,43.276695,111.87158,2.134113710755432,16:55.6,6,0.481,0101000020E61000009F3601F210C2FFBFF98C5CB76AA34540,20230420_DACIA_HERNANI_EIBAR_047,,d1,11:14.5,07:44.5,DACIA_SPRING,Dacia Spring 33 kW,33000,139,18:37.2,3.8,6.1,40,NE,3.764443839733188,178.106266614625,180,70,,,,1.0,153.0,26.0,0,164,16,25,2
17:01.5,,,92,,98.5,,,,,,,47,-1.9856961,43.276722,117.210655,2.200505244806501,17:01.6,6,-0.037,0101000020E610000071E2F03469C5FFBF4FBE00976BA34540,20230420_DACIA_HERNANI_EIBAR_047,,d1,11:14.5,07:44.5,DACIA_SPRING,Dacia Spring 33 kW,33000,139,18:37.2,3.8,6.1,40,NE,2.544013174442741,164.64856572531144,180,70,,,,1.0,153.0,26.0,0,164,16,55,2
17:07.0,,,92,,98.5,,,,,,,47,-1.9865011,43.276943,120.3709,2.2702253334281637,17:06.6,6,0.421,0101000020E61000001E375A51B5C8FFBF363F43EC72A34540,20230420_DACIA_HERNANI_EIBAR_047,,d1,11:14.5,07:44.5,DACIA_SPRING,Dacia Spring 33 kW,33000,139,18:37.2,3.8,6.1,40,NE,2.331952828220392,162.47543846703766,540,95,40.0,276.0,213.0,,,,11,499,41,55,3
17:12.5,,,92,,98.5,,,,,,,47,-1.9870458,43.277115,124.710205,2.318486074135724,17:12.7,6,-0.141,0101000020E6100000F6920E80F0CAFFBF08F7017478A34540,20230420_DACIA_HERNANI_EIBAR_047,,d1,11:14.5,07:44.5,DACIA_SPRING,Dacia Spring 33 kW,33000,139,18:37.2,3.8,6.1,40,NE,-0.6185108971170403,134.18048037225662,540,95,40.0,276.0,213.0,,,,11,499,41,55,2
17:18.0,,,92,,98.5,,,,,,,47,-1.9872353,43.27731,128.54004,2.3453219792539413,17:17.7,6,0.289,0101000020E6100000A6CDC745B7CBFFBF9BA8E4D67EA34540,20230420_DACIA_HERNANI_EIBAR_047,,d1,11:14.5,07:44.5,DACIA_SPRING,Dacia Spring 33 kW,33000,139,18:37.2,3.8,6.1,40,NE,3.464159804980544,174.60357124293938,540,95,40.0,276.0,213.0,,,,11,499,41,55,2
17:23.4,,,92,,98.5,,,,,,,47,-1.9879128,43.277374,133.1713,2.400822176728502,17:23.8,6,-0.359,0101000020E61000006160A79D7DCEFFBFFBA31C0981A34540,20230420_DACIA_HERNANI_EIBAR_047,,d1,11:14.5,07:44.5,DACIA_SPRING,Dacia Spring 33 kW,33000,139,18:37.2,3.8,6.1,40,NE,3.3147277680512226,172.91525604405456,540,95,40.0,276.0,213.0,,,,11,499,41,55,2
17:28.9,,,92,,98.5,,,,,,,47,-1.9888059,43.277485,139.55011000000002,2.4744456059525644,17:28.8,6,0.107,0101000020E61000000610F22D26D2FFBF1483E8A684A34540,20230420_DACIA_HERNANI_EIBAR_047,,d1,11:14.5,07:44.5,DACIA_SPRING,Dacia Spring 33 kW,33000,139,18:37.2,3.8,6.1,40,NE,3.25694051786642,172.27101487783338,540,95,40.0,276.0,213.0,,,,11,499,41,25,2
17:34.3,,,92,,98.5,,,,,,,47,-1.9898448,43.277626,143.49321,2.560088962052243,17:33.9,6,0.451,0101000020E6100000C22AAB7467D6FFBF4588744789A34540,20230420_DACIA_HERNANI_EIBAR_047,,d1,11:14.5,07:44.5,DACIA_SPRING,Dacia Spring 33 kW,33000,139,18:37.2,3.8,6.1,40,NE,3.323201217460527,173.01011495595307,540,95,40.0,276.0,213.0,,,,11,499,41,25,2
17:39.8,,,92,,98.5,,,,,,,47,-1.9911498,43.277786,146.01938,2.6672516968874027,17:39.9,6,-0.079,0101000020E610000002AC99E6BFDBFFBF8708958D8EA34540,20230420_DACIA_HERNANI_EIBAR_047,,d1,11:14.5,07:44.5,DACIA_SPRING,Dacia Spring 33 kW,33000,139,18:37.2,3.8,6.1,40,NE,3.2786599672479158,172.5126118028698,540,95,40.0,276.0,213.0,,,,11,499,41,8,2
17:45.3,,,92,,98.5,,,,,,,47,-1.9921998,43.277924,146.64,2.753629698755454,17:45.0,6,0.3,0101000020E61000003C6AF3ED0CE0FFBF755B59F192A34540,20230420_DACIA_HERNANI_EIBAR_047,,d1,11:14.5,07:44.5,DACIA_SPRING,Dacia Spring 33 kW,33000,139,18:37.2,3.8,6.1,40,NE,3.3613212592934727,173.43813464075023,540,95,40.0,276.0,213.0,,,,11,499,41,8,2
17:50.8,,,92,,98.5,,,,,,,47,-1.9935212,43.278076,148.93436,2.861953497238779,17:51.0,6,-0.1889999999999999,0101000020E6100000CA1E598D76E5FFBF672EBF0698A34540,20230420_DACIA_HERNANI_EIBAR_047,,d1,11:14.5,07:44.5,DACIA_SPRING,Dacia Spring 33 kW,33000,139,18:37.2,3.8,6.1,40,NE,3.6272916851976658,176.4868289002767,540,95,40.0,276.0,213.0,,,,11,499,41,90,2
17:56.2,,,92,,98.5,,,,,,,47,-1.9946451,43.278145,150.5756,2.9532751116508815,17:56.0,6,0.228,0101000020E610000031FE47FC10EAFFBF1E5365369AA34540,20230420_DACIA_HERNANI_EIBAR_047,,d1,11:14.5,07:44.5,DACIA_SPRING,Dacia Spring 33 kW,33000,139,18:37.2,3.8,6.1,40,NE,5.030627782366504,-164.44261341388562,540,95,40.0,276.0,213.0,,,,11,499,41,8,2
18:01.7,,,92,,98.5,,,,,,,47,-1.995755,43.277836,151.04336999999998,3.049472488415924,18:02.1,6,-0.319,0101000020E6100000F94BE0CF9CEEFFBF16265E1490A34540,20230420_DACIA_HERNANI_EIBAR_047,,d1,11:14.5,07:44.5,DACIA_SPRING,Dacia Spring 33 kW,33000,139,18:37.2,3.8,6.1,40,NE,4.898052170967542,-166.58636184367825,540,95,40.0,276.0,213.0,,,,11,499,41,8,2
18:07.2,,,92,,98.5,,,,,,,47,-1.996732,43.277603000000006,150.0993,3.1327055071476,18:07.1,6,0.124,0101000020E6100000D6F67C3F9DF2FFBFDA97398A88A34540,20230420_DACIA_HERNANI_EIBAR_047,,d1,11:14.5,07:44.5,DACIA_SPRING,Dacia Spring 33 kW,33000,139,18:37.2,3.8,6.1,40,NE,4.341059649431513,-174.63074861082166,540,95,40.0,276.0,213.0,,,,11,499,41,8,2
18:12.7,,,92,,98.5,,,,,,,47,-1.9980407,43.27748,150.4517,3.2395304396231834,18:12.3,6,0.4539999999999999,0101000020E610000057831270F9F7FFBFCFDCA48B84A34540,20230420_DACIA_HERNANI_EIBAR_047,,d1,11:14.5,07:44.5,DACIA_SPRING,Dacia Spring 33 kW,33000,139,18:37.2,3.8,6.1,40,NE,4.512480910292279,-172.28979373779822,540,95,40.0,276.0,213.0,,,,11,499,41,8,2
18:18.2,,,92,,98.5,,,,,,,47,-1.9992225,43.27732,147.96788,3.3368745750286566,18:18.3,6,-0.035,0101000020E6100000A06A34B7D0FCFFBF001BD7307FA34540,20230420_DACIA_HERNANI_EIBAR_047,,d1,11:14.5,07:44.5,DACIA_SPRING,Dacia Spring 33 kW,33000,139,18:37.2,3.8,6.1,40,NE,3.1717596960358145,171.32960905705554,540,95,40.0,276.0,213.0,,,,11,499,41,8,2
18:23.7,,,92,,98.5,,,,,,,47,-2.000075,43.27745,146.39041,3.407403752983964,18:23.3,6,0.391,0101000020E610000016826F58270000C062F0E27383A34540,20230420_DACIA_HERNANI_EIBAR_047,,d1,11:14.5,07:44.5,DACIA_SPRING,Dacia Spring 33 kW,33000,139,18:37.2,3.8,6.1,40,NE,2.5125782366102647,164.32412458347036,540,95,40.0,276.0,213.0,,,,11,499,41,25,2
18:29.2,,,92,,98.5,,,,,,,47,-2.0013008,43.277794,138.65628,3.514035510330644,18:29.4,6,-0.121,0101000020E6100000658EFB0BAA0200C0C134C0B08EA34540,20230420_DACIA_HERNANI_EIBAR_047,,d1,11:14.5,07:44.5,DACIA_SPRING,Dacia Spring 33 kW,33000,139,18:37.2,3.8,6.1,40,NE,2.3666694981383967,162.8287807172011,540,95,40.0,276.0,213.0,,,,11,499,41,8,2
18:34.6,,,92,,98.5,,,,,,,47,-2.002194,43.27807,132.68996,3.5928132009281644,18:34.4,6,0.195,0101000020E610000094FD90447E0400C0E61622C097A34540,20230420_DACIA_HERNANI_EIBAR_047,,d1,11:14.5,07:44.5,DACIA_SPRING,Dacia Spring 33 kW,33000,139,18:37.2,3.8,6.1,40,NE,2.189992139056193,161.03972255543047,540,95,40.0,276.0,213.0,,,,11,499,41,8,2
18:40.1,,,92,,98.5,,,,,,,47,-2.0032215,43.278423,127.806656,3.6849187485871155,18:40.5,6,-0.3379999999999999,0101000020E6100000B83451FA980600C04AE53359A3A34540,20230420_DACIA_HERNANI_EIBAR_047,,d1,11:14.5,07:44.5,DACIA_SPRING,Dacia Spring 33 kW,33000,139,18:37.2,3.8,6.1,40,NE,3.0981820063184533,170.52396360103918,540,95,40.0,276.0,213.0,,,,11,499,41,8,2
18:45.5,,,92,,98.5,,,,,,,47,-2.0041022,43.27857,126.2365,3.758080886616637,18:45.5,6,0.0,0101000020E610000078F323CA660800C05014D712A8A34540,20230420_DACIA_HERNANI_EIBAR_047,,d1,11:14.5,07:44.5,DACIA_SPRING,Dacia Spring 33 kW,33000,139,18:37.2,3.8,6.1,40,NE,3.1539415582872383,171.1338823716955,540,95,40.0,276.0,213.0,,,,11,499,41,55,2
18:51.1,,,92,,98.5,,,,,,,47,-2.0050638,43.27872,120.14481,3.8379248934099515,18:51.5,6,-0.427,0101000020E6100000096D90E15E0A00C0B57B791CADA34540,20230420_DACIA_HERNANI_EIBAR_047,,d1,11:14.5,07:44.5,DACIA_SPRING,Dacia Spring 33 kW,33000,139,18:37.2,3.8,6.1,40,NE,2.337288170131733,162.52968197433867,540,95,40.0,276.0,213.0,,,,11,499,41,55,2
18:56.5,,,92,,98.5,,,,,,,47,-2.0055404,43.27887,118.30613999999998,3.879998145921475,18:56.6,6,-0.054,0101000020E610000005FABACF580B00C08F8212F8B1A34540,20230420_DACIA_HERNANI_EIBAR_047,,d1,11:14.5,07:44.5,DACIA_SPRING,Dacia Spring 33 kW,33000,139,18:37.2,3.8,6.1,40,NE,-1.352350992691918,127.191281270867,540,95,40.0,276.0,213.0,,,,11,499,41,55,2
19:02.0,,,92,,98.5,,,,,,,47,-2.005743,43.279137,116.40045,3.913969657903811,19:01.6,6,0.401,0101000020E6100000B53021FFC20B00C03B8762B6BAA34540,20230420_DACIA_HERNANI_EIBAR_047,,d1,11:14.5,07:44.5,DACIA_SPRING,Dacia Spring 33 kW,33000,139,18:37.2,3.8,6.1,40,NE,3.778628410051593,178.2757831812673,540,95,40.0,276.0,213.0,,,,11,499,41,50,1
19:07.6,,,92,,98.5,,,,,,,47,-2.0062413,43.279152,113.41499,3.95445293472207,19:07.7,6,-0.136,0101000020E61000004530D835C80C00C045913445BBA34540,20230420_DACIA_HERNANI_EIBAR_047,,d1,11:14.5,07:44.5,DACIA_SPRING,Dacia Spring 33 kW,33000,139,18:37.2,3.8,6.1,40,NE,5.44664137892872,-156.7610617054676,540,95,40.0,276.0,213.0,,,,11,499,41,50,1
19:13.1,,,92,,98.5,,,,,,,47,-2.0069609,43.278843,111.347,4.022116082276845,19:12.7,6,0.3389999999999999,0101000020E61000002DFDDE88410E00C023B21F20B1A34540,20230420_DACIA_HERNANI_EIBAR_047,,d1,11:14.5,07:44.5,DACIA_SPRING,Dacia Spring 33 kW,33000,139,18:37.2,3.8,6.1,40,NE,5.129299667501216,-162.76802343433067,540,95,40.0,276.0,213.0,,,,11,499,41,55,2
19:18.6,,,92,,98.5,,,,,,,47,-2.0080442,43.278507,109.0535,4.117467015308493,19:18.8,6,-0.187,0101000020E610000086537D8B791000C04116532DA6A34540,20230420_DACIA_HERNANI_EIBAR_047,,d1,11:14.5,07:44.5,DACIA_SPRING,Dacia Spring 33 kW,33000,139,19:51.8,3.8,6.1,40,NE,4.983732637486953,-165.2138682992691,540,95,40.0,276.0,213.0,,,,11,499,41,55,2
19:24.1,,,92,,98.5,,,,,,,47,-2.0090709,43.278236,106.79966,4.205904619469121,19:23.8,6,0.322,0101000020E6100000B3D055C4931200C06FA3E1409DA34540,20230420_DACIA_HERNANI_EIBAR_047,,d1,11:14.5,07:44.5,DACIA_SPRING,Dacia Spring 33 kW,33000,139,19:51.8,3.8,6.1,40,NE,4.891779031907451,-166.68510413722595,521,103,11.0,139.0,342.0,,,,29,482,39,50,2
19:29.6,,,92,,98.5,,,,,,,47,-2.0101526,43.27798,104.79747,4.298004658628291,19:29.8,6,-0.209,0101000020E6100000DE061AD9CA1400C082B607DB94A34540,20230420_DACIA_HERNANI_EIBAR_047,,d1,11:14.5,07:44.5,DACIA_SPRING,Dacia Spring 33 kW,33000,139,19:51.8,3.8,6.1,40,NE,3.309415152482851,172.85583399273128,521,103,11.0,139.0,342.0,,,,29,482,39,50,2
19:35.1,,,92,,98.5,,,,,,,47,-2.01111,43.2781,105.03598,4.376650466398911,19:34.9,6,0.243,0101000020E61000002A8C6EEBC01600C0DE0EACC698A34540,20230420_DACIA_HERNANI_EIBAR_047,,d1,11:14.5,07:44.5,DACIA_SPRING,Dacia Spring 33 kW,33000,139,19:51.8,3.8,6.1,40,NE,2.296796101135259,162.11853367225282,521,103,11.0,139.0,342.0,,,,29,482,39,25,2
19:40.6,,,92,,98.5,,,,,,,47,-2.0123188,43.278490000000005,106.58855,4.4836969036881,19:40.9,6,-0.291,0101000020E6100000E5F977913A1900C050AEA874A5A34540,20230420_DACIA_HERNANI_EIBAR_047,,d1,11:14.5,07:44.5,DACIA_SPRING,Dacia Spring 33 kW,33000,139,19:51.8,3.8,6.1,40,NE,2.3918291917544057,163.08542674822024,521,103,11.0,139.0,342.0,,,,29,482,39,25,2
19:46.0,,,92,,98.5,,,,,,,47,-2.0132527,43.278774,107.275894,4.565632256944864,19:46.0,6,0.054,0101000020E6100000A4AEF249241B00C0EEEFB5EFAEA34540,20230420_DACIA_HERNANI_EIBAR_047,,d1,11:14.5,07:44.5,DACIA_SPRING,Dacia Spring 33 kW,33000,139,19:51.8,3.8,6.1,40,NE,2.694065061432814,166.2092057433101,521,103,11.0,139.0,342.0,,,,29,482,39,85,2
19:51.5,,,92,,98.5,,,,,,,47,-2.013929,43.278940000000006,107.52724,4.623409044425222,19:51.0,6,0.482,0101000020E6100000B9E76BC3861C00C06B6BEB3EB4A34540,20230420_DACIA_HERNANI_EIBAR_047,,d1,11:14.5,07:44.5,DACIA_SPRING,Dacia Spring 33 kW,33000,139,19:51.8,3.8,6.1,40,NE,2.818132632774116,167.51552586290427,521,103,11.0,139.0,342.0,,,,29,482,39,25,2
19:56.9,,,92,,98.5,,,,,,,47,-2.0148323,43.279140000000005,107.22529,4.6998410045990875,19:57.0,6,-0.122,0101000020E6100000CAA46557601E00C0019811EDBAA34540,20230420_DACIA_HERNANI_EIBAR_047,,d1,11:14.5,07:44.5,DACIA_SPRING,Dacia Spring 33 kW,33000,139,19:51.8,3.8,6.1,40,NE,2.333323937092561,162.4893762655601,521,103,11.0,139.0,342.0,,,,29,482,39,85,2
20:02.5,,,92,,98.5,,,,,,,47,-2.0155296000000003,43.27936,107.39261,4.761362040859588,20:02.1,6,0.336,0101000020E610000057ABF30FCE1F00C01634F325C2A34540,20230420_DACIA_HERNANI_EIBAR_047,,d1,11:14.5,07:44.5,DACIA_SPRING,Dacia Spring 33 kW,33000,139,19:51.8,3.8,6.1,40,NE,2.3928241539192943,163.09558607950345,358,92,,,,0.0,84.0,274.0,0,350,8,25,1
20:07.9,,,92,,98.5,,,,,,,47,-2.0162206,43.27957,109.99402,4.822033877931888,20:08.2,6,-0.347,0101000020E61000007B029B33382100C0AC0937F3C8A34540,20230420_DACIA_HERNANI_EIBAR_047,,d1,11:14.5,07:44.5,DACIA_SPRING,Dacia Spring 33 kW,33000,139,19:51.8,3.8,6.1,40,NE,1.4151223373880089,153.41409883068366,358,92,,,,0.0,84.0,274.0,0,350,8,40,1
20:13.4,,,92,,98.5,,,,,,,47,-2.0166602,43.279790000000006,111.77148400000002,4.865254023020667,20:13.3,6,0.11,0101000020E6100000FF3AC6BA1E2200C0FC05372BD0A34540,20230420_DACIA_HERNANI_EIBAR_047,,d1,11:14.5,07:44.5,DACIA_SPRING,Dacia Spring 33 kW,33000,139,19:51.8,3.8,6.1,40,NE,3.648032096585884,176.72951207751828,358,92,,,,0.0,84.0,274.0,0,350,8,40,1
20:18.9,,,92,,98.5,,,,,,,47,-2.0173602,43.27983,114.82271,4.922176202934239,20:19.3,6,-0.397,0101000020E6100000822B3FC48D2300C0FDA2B57AD1A34540,20230420_DACIA_HERNANI_EIBAR_047,,d1,11:14.5,07:44.5,DACIA_SPRING,Dacia Spring 33 kW,33000,139,19:51.8,3.8,6.1,40,NE,1.2123600997104975,151.46372914961873,358,92,,,,0.0,84.0,274.0,0,350,8,45,1
20:24.5,,,92,,98.5,,,,,,,47,-2.017945,43.280148,116.42676000000002,4.981286318531611,20:24.3,6,0.108,0101000020E61000004C3FF660C02400C0B0690AE9DBA34540,20230420_DACIA_HERNANI_EIBAR_047,,d1,11:14.5,07:44.5,DACIA_SPRING,Dacia Spring 33 kW,33000,139,19:51.8,3.8,6.1,40,NE,-1.6934856371823948,123.88175434378792,358,92,,,,0.0,84.0,274.0,0,350,8,45,1
20:30.0,,,92,,98.5,,,,,,,47,-2.0184164,43.28085,118.42183,5.068196366250883,20:30.4,6,-0.382,0101000020E6100000871CED85B72500C0CB6599D1F2A34540,20230420_DACIA_HERNANI_EIBAR_047,,d1,11:14.5,07:44.5,DACIA_SPRING,Dacia Spring 33 kW,33000,139,19:51.8,3.8,6.1,40,NE,-6.093418663549023,47.33824049176739,358,92,,,,0.0,84.0,274.0,0,350,8,80,1
20:35.5,,,92,,98.5,,,,,,,47,-2.0179372,43.28137,123.068,5.1379792349453774,20:35.4,6,0.061,0101000020E6100000BFB5164FBC2400C090B433E303A44540,20230420_DACIA_HERNANI_EIBAR_047,,d1,11:14.5,07:44.5,DACIA_SPRING,Dacia Spring 33 kW,33000,139,19:51.8,3.8,6.1,40,NE,-5.618288694899566,72.92273424094215,358,92,,,,0.0,84.0,274.0,0,350,8,8,1
20:41.0,,,92,,98.5,,,,,,,47,-2.0177283,43.28205,126.726456,5.215545969455828,20:41.5,6,-0.4479999999999999,0101000020E6100000D16888B94E2400C063EDFE4E1AA44540,20230420_DACIA_HERNANI_EIBAR_047,,d1,11:14.5,07:44.5,DACIA_SPRING,Dacia Spring 33 kW,33000,139,19:51.8,3.8,6.1,40,NE,-1.377649161219208,126.94747930856876,358,92,,,,0.0,84.0,274.0,0,350,8,45,1
20:46.6,,,92,,98.5,,,,,,,47,-2.0181367,43.282593,128.4337,5.284404028775085,20:46.5,6,0.027,0101000020E6100000742C60D3242500C0D06F3D052CA44540,20230420_DACIA_HERNANI_EIBAR_047,,d1,11:14.5,07:44.5,DACIA_SPRING,Dacia Spring 33 kW,33000,139,19:51.8,3.8,6.1,40,NE,-3.801754317567301,101.4469918826893,358,92,,,,0.0,84.0,274.0,0,350,8,45,1
20:52.1,,,92,,98.5,,,,,,,47,-2.018275,43.283276,131.93743999999998,5.361250759578263,20:51.6,6,0.491,0101000020E6100000A8C16B526D2500C09D4FB36642A44540,20230420_DACIA_HERNANI_EIBAR_047,,d1,11:14.5,07:44.5,DACIA_SPRING,Dacia Spring 33 kW,33000,139,19:51.8,3.8,6.1,40,NE,-4.159627146502327,97.0072282367142,358,92,,,,0.0,84.0,274.0,0,350,8,45,1
20:57.5,,,92,,98.5,,,,,,,47,-2.0184016,43.284306,137.10193,5.476355005602493,20:57.6,6,-0.141,0101000020E610000088CB59CEAF2500C071C9FE1964A44540,20230420_DACIA_HERNANI_EIBAR_047,,d1,11:14.5,07:44.5,DACIA_SPRING,Dacia Spring 33 kW,33000,139,19:51.8,3.8,6.1,40,NE,-3.439339016381098,105.67918895215588,358,92,,,,0.0,84.0,274.0,0,350,8,45,1
21:03.0,,,91,,98.5,,,,,,,47,-2.0186357,43.285140000000006,143.65233999999998,5.57123414926056,21:02.7,6,0.301,0101000020E610000094088D8E2A2600C02CCB1D787FA44540,20230420_DACIA_HERNANI_EIBAR_047,,d1,11:14.5,07:44.5,DACIA_SPRING,Dacia Spring 33 kW,33000,139,19:51.8,3.8,6.1,40,NE,-3.367901396253937,106.48776902520876,521,103,11.0,139.0,342.0,,,,29,482,39,45,1
21:08.4,,,91,,98.5,,,,,,,47,-2.0189524,43.28621,149.46094,5.693081541092794,21:08.7,6,-0.348,0101000020E610000060D9148ED02600C093BF8A8FA2A44540,20230420_DACIA_HERNANI_EIBAR_047,,d1,11:14.5,07:44.5,DACIA_SPRING,Dacia Spring 33 kW,33000,139,19:51.8,3.8,6.1,40,NE,-4.264839005689822,95.6408365311718,521,103,11.0,139.0,342.0,,,,29,482,39,80,1
21:21.0,,,91,,98.5,,,,,,,47,-2.0191693,43.288406,155.46684,5.937969569058323,21:20.9,6,0.074,0101000020E61000006D382443422700C0CDCFA08BEAA44540,20230420_DACIA_HERNANI_EIBAR_047,,d1,11:14.5,07:44.5,DACIA_SPRING,Dacia Spring 33 kW,33000,139,19:51.8,3.8,6.1,40,NE,-6.098989537591803,48.95710931447861,521,103,11.0,139.0,342.0,,,,29,482,39,45,1
21:27.2,,,91,,98.5,,,,,,,47,-2.0184171,43.28927,159.77591,6.051790388222374,21:27.3,6,-0.133,0101000020E6100000EE750BE0B72500C03BF4CFBA06A54540,20230420_DACIA_HERNANI_EIBAR_047,,d1,11:14.5,07:44.5,DACIA_SPRING,Dacia Spring 33 kW,33000,139,19:51.8,3.8,6.1,40,NE,-5.320725017232316,20.72116646903425,521,103,11.0,139.0,342.0,,,,29,482,39,90,1
21:32.7,,,91,,98.5,,,,,,,47,-2.0171218,43.28976,164.71063,6.170046033780167,21:32.9,6,-0.187,0101000020E6100000F9B83FCF102300C0A68FFDEC16A54540,20230420_DACIA_HERNANI_EIBAR_047,,d1,11:14.5,07:44.5,DACIA_SPRING,Dacia Spring 33 kW,33000,139,19:51.8,3.8,6.1,40,NE,-6.02350515455989,40.91669937076947,540,95,40.0,276.0,213.0,,,,11,499,41,90,1
21:38.1,,,91,,98.5,,,,,,,47,-2.0163684,43.290413,167.84975,6.264916961645299,21:37.9,6,0.184,0101000020E6100000E3AD94BC852100C06471EE3A2CA54540,20230420_DACIA_HERNANI_EIBAR_047,,d1,11:14.5,07:44.5,DACIA_SPRING,Dacia Spring 33 kW,33000,139,19:51.8,3.8,6.1,40,NE,-1.9644417420847584,121.21368201129316,540,95,40.0,276.0,213.0,,,,11,499,41,8,1
21:43.6,,,91,,98.5,,,,,,,47,-2.0168574,43.29122,169.92453,6.363013741959058,21:44.0,6,-0.359,0101000020E61000006FEC9929862200C09A195ABE46A54540,20230420_DACIA_HERNANI_EIBAR_047,,d1,11:14.5,07:44.5,DACIA_SPRING,Dacia Spring 33 kW,33000,139,19:51.8,3.8,6.1,40,NE,3.966715506405016,-179.43719119134795,540,95,40.0,276.0,213.0,,,,11,499,41,45,1
21:49.0,,,91,,98.5,,,,,,,47,-2.0178754,43.29121,170.90784,6.445420295748243,21:49.0,6,-0.011,0101000020E610000097E86BDA9B2400C0CA59A36946A54540,20230420_DACIA_HERNANI_EIBAR_047,,d1,11:14.5,07:44.5,DACIA_SPRING,Dacia Spring 33 kW,33000,139,23:37.2,2.2,3.6,319,NW,1.2078347034675263,-119.39646814718226,358,92,,,,0.0,84.0,274.0,0,350,8,45,1
21:55.0,,,91,,98.5,,,,,,,47,-2.018374,43.290325,172.24733,6.551789325521928,21:55.2,6,-0.2,0101000020E610000078B9A547A12500C007D2B15829A54540,20230420_DACIA_HERNANI_EIBAR_047,,d1,11:14.5,07:44.5,DACIA_SPRING,Dacia Spring 33 kW,33000,139,23:37.2,2.2,3.6,319,NW,0.3099306535529346,-134.06118666476618,521,103,11.0,139.0,342.0,,,,29,482,39,90,1
22:10.5,,,91,,98.5,,,,,,,47,-2.0193524,43.289314000000005,171.57329,6.689300491531098,22:10.5,6,0.038,0101000020E6100000B948513FA22700C04A8EB73008A54540,20230420_DACIA_HERNANI_EIBAR_047,,d1,11:14.5,07:44.5,DACIA_SPRING,Dacia Spring 33 kW,33000,139,23:37.2,2.2,3.6,319,NW,-1.4882411732262888,-163.4186177118092,521,103,11.0,139.0,342.0,,,,29,482,39,90,1
22:16.2,,,90,,98.5,,,,,,,47,-2.0226235,43.288340000000005,173.0694,6.975360747411962,22:16.4,6,-0.175,0101000020E61000004F70674A552E00C05D800F5CE8A44540,20230420_DACIA_HERNANI_EIBAR_047,,d1,11:14.5,07:44.5,DACIA_SPRING,Dacia Spring 33 kW,33000,139,23:37.2,2.2,3.6,319,NW,-0.2683093594372573,-143.27423940351562,521,103,11.0,139.0,342.0,,,,29,482,39,100,1
22:21.8,,,90,,98.5,,,,,,,47,-2.0237896,43.28747,175.77562,7.110543577896867,22:21.3,6,0.477,0101000020E61000003F3B9599B83000C0D692BCE1CBA44540,20230420_DACIA_HERNANI_EIBAR_047,,d1,11:14.5,07:44.5,DACIA_SPRING,Dacia Spring 33 kW,33000,139,23:37.2,2.2,3.6,319,NW,-0.2342575096811712,-142.73096023132794,521,103,11.0,139.0,342.0,,,,29,482,39,8,1
22:27.3,,,90,,98.5,,,,,,,47,-2.0251353,43.286446000000005,178.49315,7.268140105145846,22:27.4,6,-0.054,0101000020E6100000E19D31187A3300C04DC44F30AAA44540,20230420_DACIA_HERNANI_EIBAR_047,,d1,11:14.5,07:44.5,DACIA_SPRING,Dacia Spring 33 kW,33000,139,23:37.2,2.2,3.6,319,NW,-1.2567240532794803,-159.43166645954486,521,103,11.0,139.0,342.0,,,,29,482,39,90,1
22:32.8,,,90,,98.5,,,,,,,47,-2.026617,43.28589,182.56955,7.40313221641861,22:32.4,6,0.4379999999999999,0101000020E6100000B98A8F05833600C0297EB1FD97A44540,20230420_DACIA_HERNANI_EIBAR_047,,d1,11:14.5,07:44.5,DACIA_SPRING,Dacia Spring 33 kW,33000,139,23:37.2,2.2,3.6,319,NW,-2.018602730492607,-173.1058114315805,521,103,11.0,139.0,342.0,,,,29,482,39,8,1
22:38.4,,,90,,98.5,,,,,,,47,-2.0285854,43.285652,185.96019,7.564680031348867,22:38.5,6,-0.025,0101000020E61000003DA169F18A3A00C0A383493790A44540,20230420_DACIA_HERNANI_EIBAR_047,,d1,11:14.5,07:44.5,DACIA_SPRING,Dacia Spring 33 kW,33000,139,23:37.2,2.2,3.6,319,NW,-2.684667024151188,172.77722900365174,521,103,11.0,139.0,342.0,,,,29,482,39,8,1
22:43.9,,,90,,98.5,,,,,,,47,-2.0301793000000004,43.285854,189.05026,7.695673124809295,22:43.5,6,0.42,0101000020E6100000368B8595CE3D00C08A6FB5EF96A44540,20230420_DACIA_HERNANI_EIBAR_047,,d1,11:14.5,07:44.5,DACIA_SPRING,Dacia Spring 33 kW,33000,139,23:37.2,2.2,3.6,319,NW,-2.9916230427278583,164.79774109591,521,103,11.0,139.0,342.0,,,,29,482,39,8,1
22:49.3,,,90,,98.5,,,,,,,47,-2.032115,43.28638,191.90096,7.862939840344098,22:49.5,6,-0.184,0101000020E61000008D9D7278C54100C0F4D94117A8A44540,20230420_DACIA_HERNANI_EIBAR_047,,d1,11:14.5,07:44.5,DACIA_SPRING,Dacia Spring 33 kW,33000,139,23:37.2,2.2,3.6,319,NW,-3.185859921523341,158.75326668204548,521,103,11.0,139.0,342.0,,,,29,482,39,8,1
22:54.8,,,90,,98.5,,,,,,,47,-2.0335810000000003,43.28695,193.14325,7.997473361522942,22:54.6,6,0.255,0101000020E6100000F403C810C64400C0AF02A5C4BAA44540,20230420_DACIA_HERNANI_EIBAR_047,,d1,11:14.5,07:44.5,DACIA_SPRING,Dacia Spring 33 kW,33000,139,23:37.2,2.2,3.6,319,NW,-3.3545150239988533,152.28130090974926,521,103,11.0,139.0,342.0,,,,29,482,39,8,1
23:00.2,,,90,,98.5,,,,,,,47,-2.0351226,43.28776,193.41824,8.151363551158994,23:00.6,6,-0.391,0101000020E61000002B765165EE4700C0AEF31858D5A44540,20230420_DACIA_HERNANI_EIBAR_047,,d1,11:14.5,07:44.5,DACIA_SPRING,Dacia Spring 33 kW,33000,139,23:37.2,2.2,3.6,319,NW,-3.491135670452938,145.12634228089976,521,103,11.0,139.0,342.0,,,,29,482,39,90,1
23:05.7,,,90,,98.5,,,,,,,47,-2.0362418,43.288540000000005,195.876,8.276801843394859,23:05.7,6,0.065,0101000020E61000000B66FA19394A00C0444DE2DBEEA44540,20230420_DACIA_HERNANI_EIBAR_047,,d1,11:14.5,07:44.5,DACIA_SPRING,Dacia Spring 33 kW,33000,139,23:37.2,2.2,3.6,319,NW,-3.557081337955886,122.143912893245,521,103,11.0,139.0,342.0,,,,29,482,39,120,1
23:11.1,,,90,,98.5,,,,,,,47,-2.0368576000000003,43.28952,196.3368,8.396631557610286,23:10.7,6,0.4039999999999999,0101000020E6100000CF85E3FA7B4B00C031F018F10EA54540,20230420_DACIA_HERNANI_EIBAR_047,,d1,11:14.5,07:44.5,DACIA_SPRING,Dacia Spring 33 kW,33000,139,23:37.2,2.2,3.6,319,NW,-3.3875114409580163,111.21601261562787,521,103,11.0,139.0,342.0,,,,29,482,39,90,1
23:16.7,,,90,,98.5,,,,,,,47,-2.0373805,43.290867,193.97783,8.552293568945974,23:16.7,6,-0.022,0101000020E6100000808DF6188E4C00C006D492223BA54540,20230420_DACIA_HERNANI_EIBAR_047,,d1,11:14.5,07:44.5,DACIA_SPRING,Dacia Spring 33 kW,33000,139,23:37.2,2.2,3.6,319,NW,-3.599916186352317,130.6090289564084,521,103,11.0,139.0,342.0,,,,29,482,39,120,1
23:22.2,,,90,,98.5,,,,,,,47,-2.0382173,43.291843,194.5194,8.680220250597081,23:21.8,6,0.3989999999999999,0101000020E61000002BAE21D7444E00C0268628125BA54540,20230420_DACIA_HERNANI_EIBAR_047,,d1,11:14.5,07:44.5,DACIA_SPRING,Dacia Spring 33 kW,33000,139,23:37.2,2.2,3.6,319,NW,-3.3271451630258637,153.4509219979075,521,103,11.0,139.0,342.0,,,,29,482,39,25,1
23:27.7,,,90,,98.5,,,,,,,47,-2.0396523,43.29256,195.78497,8.821099150229374,23:27.8,6,-0.09,0101000020E6100000FDA71B3B355100C0EBA7B59972A54540,20230420_DACIA_HERNANI_EIBAR_047,,d1,11:14.5,07:44.5,DACIA_SPRING,Dacia Spring 33 kW,33000,139,23:37.2,2.2,3.6,319,NW,-2.8919250370506435,167.55240168766952,521,103,11.0,139.0,342.0,,,,29,482,39,90,1
23:33.3,,,90,,98.5,,,,,,,47,-2.041102,43.29288,196.72299,8.943710039971343,23:32.9,6,0.422,0101000020E6100000186802372D5400C0D25CE3127DA54540,20230420_DACIA_HERNANI_EIBAR_047,,d1,11:14.5,07:44.5,DACIA_SPRING,Dacia Spring 33 kW,33000,139,23:37.2,2.2,3.6,319,NW,-2.6257179833984257,174.16672117976168,521,103,11.0,139.0,342.0,,,,29,482,39,120,2
23:38.8,,,90,,98.5,,,,,,,47,-2.0430205000000004,43.293076,199.707,9.10053235518637,23:38.9,6,-0.158,0101000020E6100000E70C26241B5800C06BC3077D83A54540,20230420_DACIA_HERNANI_EIBAR_047,,d1,11:14.5,07:44.5,DACIA_SPRING,Dacia Spring 33 kW,33000,139,23:37.2,2.2,3.6,319,NW,-2.9213182860173545,166.75948008467932,521,103,11.0,139.0,342.0,,,,29,482,39,120,2
23:44.3,,,89,,98.5,,,,,,,47,-2.044593,43.293446,204.19797,9.234360647134977,23:43.9,6,0.312,0101000020E6100000C51C57A4535B00C050228A948FA54540,20230420_DACIA_HERNANI_EIBAR_047,,d1,11:14.5,07:44.5,DACIA_SPRING,Dacia Spring 33 kW,33000,139,23:37.2,2.2,3.6,319,NW,-3.0238325835894195,163.8647908193027,521,103,11.0,139.0,342.0,,,,29,482,39,120,2
23:49.8,,,89,,98.5,,,,,,,47,-2.0463455,43.293953,209.17027,9.387070044887448,23:50.0,6,-0.187,0101000020E61000002E499757EA5E00C0B7EE8634A0A54540,20230420_DACIA_HERNANI_EIBAR_047,,d1,11:14.5,07:44.5,DACIA_SPRING,Dacia Spring 33 kW,33000,139,23:37.2,2.2,3.6,319,NW,-2.3682613098151712,179.86386534802114,521,103,11.0,139.0,342.0,,,,29,482,39,8,2
23:55.3,,,89,,98.5,,,,,,,47,-2.048029,43.293957,213.61551,9.523393438488291,23:55.0,6,0.259,0101000020E6100000B8C7AFF85C6200C0E0BFF069A0A54540,20230420_DACIA_HERNANI_EIBAR_047,,d1,11:14.5,07:44.5,DACIA_SPRING,Dacia Spring 33 kW,33000,139,23:37.2,2.2,3.6,319,NW,-2.2513072596661674,-177.7088450253867,521,103,11.0,139.0,342.0,,,,29,482,39,25,2
24:00.7,,,89,,98.5,,,,,,,47,-2.0501285,43.293873,219.25938,9.693661809451227,24:01.1,6,-0.402,0101000020E610000047C87EBDA96600C06A4ABC909DA54540,20230420_DACIA_HERNANI_EIBAR_047,,d1,11:14.5,07:44.5,DACIA_SPRING,Dacia Spring 33 kW,33000,139,23:37.2,2.2,3.6,319,NW,-3.1102445694654968,161.23619908940017,521,103,11.0,139.0,342.0,,,,29,482,39,25,2
24:06.1,,,88,,98.5,,,,,,,47,-2.0517092,43.29441,224.727,9.834946764766004,24:06.1,6,0.045,0101000020E6100000DA275888E66900C05D476F36AFA54540,20230420_DACIA_HERNANI_EIBAR_047,,d1,11:14.5,07:44.5,DACIA_SPRING,Dacia Spring 33 kW,33000,139,23:37.2,2.2,3.6,319,NW,-3.15668543673122,159.7344735242409,521,103,11.0,139.0,342.0,,,,29,482,39,25,2
24:11.5,,,88,,98.5,,,,,,,47,-2.0535238,43.29508,228.8057,9.999672009077972,24:11.2,6,0.3279999999999999,0101000020E610000097CAFEE69D6D00C0EAC4D312C5A54540,20230420_DACIA_HERNANI_EIBAR_047,,d1,11:14.5,07:44.5,DACIA_SPRING,Dacia Spring 33 kW,33000,139,23:37.2,2.2,3.6,319,NW,-2.299317244036971,-178.69489293368505,521,103,11.0,139.0,342.0,,,,29,482,39,8,3
24:17.0,,,88,,98.5,,,,,,,47,-2.0555868000000004,43.295033,234.67213,10.166817865896485,24:17.2,6,-0.201,0101000020E61000003AD8088AD77100C0DC0CF59BC3A54540,20230420_DACIA_HERNANI_EIBAR_047,,d1,11:14.5,07:44.5,DACIA_SPRING,Dacia Spring 33 kW,33000,139,24:51.8,3.8,6.1,40,NE,3.97304830030768,-179.3588474936777,521,103,11.0,139.0,342.0,,,,29,482,39,8,3
24:22.4,,,88,,98.5,,,,,,,47,-2.0573740000000003,43.295013,241.53261,10.311637903784776,24:22.3,6,0.134,0101000020E6100000E042858E807500C0ADA1F7F1C2A54540,20230420_DACIA_HERNANI_EIBAR_047,,d1,11:14.5,07:44.5,DACIA_SPRING,Dacia Spring 33 kW,33000,139,24:51.8,3.8,6.1,40,NE,3.540741291308475,175.48215668916154,521,103,11.0,139.0,342.0,,,,29,482,39,8,3
24:27.9,,,88,,98.5,,,,,,,47,-2.0595508,43.295185,248.65157,10.488986908966039,24:28.3,6,-0.414,0101000020E6100000BA2A7BC4F57900C098B52BA7C8A54540,20230420_DACIA_HERNANI_EIBAR_047,,d1,11:14.5,07:44.5,DACIA_SPRING,Dacia Spring 33 kW,33000,139,24:51.8,3.8,6.1,40,NE,4.36226580936529,-174.34651122941912,521,103,11.0,139.0,342.0,,,,29,482,39,8,3
24:33.4,,,88,,98.5,,,,,,,47,-2.061359,43.295006,255.25554,10.636821597479429,24:33.4,6,0.032,0101000020E61000008F1D7EBDA97D00C075F917C2C2A54540,20230420_DACIA_HERNANI_EIBAR_047,,d1,11:14.5,07:44.5,DACIA_SPRING,Dacia Spring 33 kW,33000,139,24:51.8,3.8,6.1,40,NE,5.22634869517478,-161.04322810045971,521,103,11.0,139.0,342.0,,,,29,482,39,25,3
24:38.9,,,88,,98.5,,,,,,,47,-2.0634377,43.294292,261.84958,10.822964149717636,24:39.4,6,-0.476,0101000020E6100000219D5BAAEB8100C0A3D2A661ABA54540,20230420_DACIA_HERNANI_EIBAR_047,,d1,11:14.5,07:44.5,DACIA_SPRING,Dacia Spring 33 kW,33000,139,24:51.8,3.8,6.1,40,NE,5.63109742863424,-152.61184863220595,521,103,11.0,139.0,342.0,,,,29,482,39,25,3
24:44.4,,,88,,98.5,,,,,,,47,-2.065005,43.29348,266.88345,10.978744658313008,24:44.5,6,-0.091,0101000020E6100000339DE162218500C04BEAD8B990A54540,20230420_DACIA_HERNANI_EIBAR_047,,d1,11:14.5,07:44.5,DACIA_SPRING,Dacia Spring 33 kW,33000,139,24:51.8,3.8,6.1,40,NE,5.6744365026303525,-151.5284462953533,521,103,11.0,139.0,342.0,,,,29,482,39,8,3
24:49.9,,,88,,98.5,,,,,,,47,-2.0665908,43.29262,270.69287,11.138843332012133,24:49.5,6,0.395,0101000020E6100000830E2ACD608800C006E27D9D74A54540,20230420_DACIA_HERNANI_EIBAR_047,,d1,11:14.5,07:44.5,DACIA_SPRING,Dacia Spring 33 kW,33000,139,24:51.8,3.8,6.1,40,NE,5.298957396991318,-159.69421438037122,521,103,11.0,139.0,342.0,,,,29,482,39,8,4
24:55.4,,,88,,98.5,,,,,,,47,-2.068742,43.291824,273.85806,11.334183071081862,24:55.5,6,-0.135,0101000020E6100000D79195A3C88C00C0E217E57F5AA54540,20230420_DACIA_HERNANI_EIBAR_047,,d1,11:14.5,07:44.5,DACIA_SPRING,Dacia Spring 33 kW,33000,139,24:51.8,3.8,6.1,40,NE,4.738675264831913,-169.02857450838252,521,103,11.0,139.0,342.0,,,,29,482,39,8,4
25:00.9,,,88,,98.5,,,,,,,47,-2.0706093,43.291462,275.0455,11.490587554762495,25:00.6,6,0.311,0101000020E6100000DC0DC99B9B9000C03B99A7AC4EA54540,20230420_DACIA_HERNANI_EIBAR_047,,d1,11:14.5,07:44.5,DACIA_SPRING,Dacia Spring 33 kW,33000,139,24:51.8,3.8,6.1,40,NE,4.667418776532466,-170.0796063822446,521,103,11.0,139.0,342.0,,,,29,482,39,8,4
25:06.4,,,88,,98.5,,,,,,,47,-2.0727706,43.291084000000005,275.39975,11.670494270210318,25:06.6,6,-0.206,0101000020E6100000D3DC87C0089500C0AD68A73F42A54540,20230420_DACIA_HERNANI_EIBAR_047,,d1,11:14.5,07:44.5,DACIA_SPRING,Dacia Spring 33 kW,33000,139,24:51.8,3.8,6.1,40,NE,5.026354339542069,-164.51351969274555,521,103,11.0,139.0,342.0,,,,29,482,39,25,4
25:11.8,,,88,,98.5,,,,,,,47,-2.07442,43.290627,276.0362,11.813337450400823,25:11.7,6,0.146,0101000020E6100000EBD0E585699800C0E28DDA4433A54540,20230420_DACIA_HERNANI_EIBAR_047,,d1,11:14.5,07:44.5,DACIA_SPRING,Dacia Spring 33 kW,33000,139,24:51.8,3.8,6.1,40,NE,5.377125475612949,-158.1766475669852,521,103,11.0,139.0,342.0,,,,29,482,39,25,4
25:17.3,,,88,,98.5,,,,,,,47,-2.0762205,43.289906,275.6231,11.97966344397749,25:17.7,6,-0.39,0101000020E610000062944A71199C00C0B6B1E7941BA54540,20230420_DACIA_HERNANI_EIBAR_047,,d1,11:14.5,07:44.5,DACIA_SPRING,Dacia Spring 33 kW,33000,139,24:51.8,3.8,6.1,40,NE,5.4731602514034,-156.20246353908155,521,103,11.0,139.0,342.0,,,,29,482,39,25,4
25:22.7,,,88,,98.5,,,,,,,47,-2.0777307,43.28924,275.67825,12.122580407530918,25:22.8,6,-0.0139999999999999,0101000020E6100000E2883E4E319F00C09DAF68EE05A54540,20230420_DACIA_HERNANI_EIBAR_047,,d1,11:14.5,07:44.5,DACIA_SPRING,Dacia Spring 33 kW,33000,139,24:51.8,3.8,6.1,40,NE,5.292459794293766,-159.81718440275742,521,103,11.0,139.0,342.0,,,,29,482,39,25,4
25:28.2,,,88,,98.5,,,,,,,47,-2.0792215,43.288692,273.41623,12.257776755777746,25:27.8,6,0.4429999999999999,0101000020E6100000DA23FDEB3EA200C07EA3ECE6F3A44540,20230420_DACIA_HERNANI_EIBAR_047,,d1,11:14.5,07:44.5,DACIA_SPRING,Dacia Spring 33 kW,33000,139,24:51.8,3.8,6.1,40,NE,4.976162996074074,-165.33698317685233,521,103,11.0,139.0,342.0,,,,29,482,39,25,5
25:33.6,,,88,,98.5,,,,,,,47,-2.0810254,43.28822,268.17224,12.413019499949357,25:33.8,6,-0.201,0101000020E61000009A44D798F0A500C072059457E4A44540,20230420_DACIA_HERNANI_EIBAR_047,,d1,11:14.5,07:44.5,DACIA_SPRING,Dacia Spring 33 kW,33000,139,24:51.8,3.8,6.1,40,NE,4.677761221776484,-169.92848981082258,521,103,11.0,139.0,342.0,,,,29,482,39,25,5
25:39.1,,,88,,98.5,,,,,,,47,-2.0825737,43.287945,265.53177,12.54204340921496,25:38.8,6,0.293,0101000020E610000027D3AF6A1CA900C0FE7E555CDBA44540,20230420_DACIA_HERNANI_EIBAR_047,,d1,11:14.5,07:44.5,DACIA_SPRING,Dacia Spring 33 kW,33000,139,24:51.8,3.8,6.1,40,NE,4.600976043989881,-171.03939027679812,521,103,11.0,139.0,342.0,,,,29,482,39,25,5
25:44.7,,,88,,98.5,,,,,,,47,-2.084508,43.28764,259.0814,12.702368294097742,25:44.9,6,-0.184,0101000020E6100000E53FE77912AD00C0AC5C756AD1A44540,20230420_DACIA_HERNANI_EIBAR_047,,d1,11:14.5,07:44.5,DACIA_SPRING,Dacia Spring 33 kW,33000,139,24:51.8,3.8,6.1,40,NE,4.899371629200887,-166.5655637373284,521,103,11.0,139.0,342.0,,,,29,482,39,25,5
25:50.2,,,88,,98.5,,,,,,,47,-2.08617,43.287243,253.97356,12.844042797839283,25:49.9,6,0.301,0101000020E61000009B039CE779B000C01567BE5DC4A44540,20230420_DACIA_HERNANI_EIBAR_047,,d1,11:14.5,07:44.5,DACIA_SPRING,Dacia Spring 33 kW,33000,139,24:51.8,3.8,6.1,40,NE,5.027779023765464,-164.48989508758723,521,103,11.0,139.0,342.0,,,,29,482,39,25,5
25:55.8,,,88,,98.5,,,,,,,47,-2.088069,43.286716,243.11023,13.008901322756824,25:55.9,6,-0.1889999999999999,0101000020E6100000A0E350865DB400C088ABD626B3A44540,20230420_DACIA_HERNANI_EIBAR_047,,d1,11:14.5,07:44.5,DACIA_SPRING,Dacia Spring 33 kW,33000,139,24:51.8,3.8,6.1,40,NE,4.214307236858685,-176.30098050343832,521,103,11.0,139.0,342.0,,,,29,482,39,25,5
26:01.3,,,88,,98.5,,,,,,,47,-2.0897086,43.28661,232.17654,13.142584710352569,26:01.0,6,0.312,0101000020E6100000BCFFCB15B9B700C0D767E19DAFA44540,20230420_DACIA_HERNANI_EIBAR_047,,d1,11:14.5,07:44.5,DACIA_SPRING,Dacia Spring 33 kW,33000,139,24:51.8,3.8,6.1,40,NE,3.2038634111238813,171.68329105626896,521,103,11.0,139.0,342.0,,,,29,482,39,25,5
26:06.8,,,88,,98.5,,,,,,,47,-2.091453,43.286865,221.52893,13.2869924473901,26:07.0,6,-0.195,0101000020E61000004F0A1ACC4BBB00C0F796E2F7B7A44540,20230420_DACIA_HERNANI_EIBAR_047,,d1,11:14.5,07:44.5,DACIA_SPRING,Dacia Spring 33 kW,33000,139,24:51.8,3.8,6.1,40,NE,4.08191787280314,-177.99720447758264,521,103,11.0,139.0,342.0,,,,29,482,39,8,5
26:17.7,,,88,,98.5,,,,,,,47,-2.0937407,43.286785,213.34953,13.472557756747495,26:17.4,6,0.28,0101000020E6100000B22FEA2FFBBF00C0DA62DA6BB5A44540,20230420_DACIA_HERNANI_EIBAR_047,,d1,11:14.5,07:44.5,DACIA_SPRING,Dacia Spring 33 kW,33000,139,24:51.8,3.8,6.1,40,NE,5.390730847965582,-157.90480701157833,521,103,11.0,139.0,342.0,,,,29,482,39,25,6
26:23.5,,,88,,98.5,,,,,,,47,-2.0970292,43.28545,201.44385,13.777566417911961,26:23.3,6,0.193,0101000020E610000022FAF04DB7C600C0F13D899F89A44540,20230420_DACIA_HERNANI_EIBAR_047,,d1,11:14.5,07:44.5,DACIA_SPRING,Dacia Spring 33 kW,33000,139,24:51.8,3.8,6.1,40,NE,5.071746512698349,-163.75368750889305,521,103,11.0,139.0,342.0,,,,29,482,39,8,6
26:30.2,,,88,,98.5,,,,,,,47,-2.0995,43.28473,192.49821,13.993178877438448,26:30.3,6,-0.128,0101000020E610000096FE1895C6CB00C06C8DF1F271A44540,20230420_DACIA_HERNANI_EIBAR_047,,d1,11:14.5,07:44.5,DACIA_SPRING,Dacia Spring 33 kW,33000,139,24:51.8,3.8,6.1,40,NE,5.192836698960437,-161.64832291189015,521,103,11.0,139.0,342.0,,,,29,482,39,8,6
26:35.7,,,87,,98.5,,,,,,,47,-2.1012967,43.284134,185.19615,14.153168006501314,26:35.3,6,0.44,0101000020E610000038C53F9E74CF00C08A69D67C5EA44540,20230420_DACIA_HERNANI_EIBAR_047,,d1,11:14.5,07:44.5,DACIA_SPRING,Dacia Spring 33 kW,33000,139,24:51.8,3.8,6.1,40,NE,5.204863337034428,-161.43237275836552,521,103,11.0,139.0,342.0,,,,29,482,39,8,6
26:41.3,,,87,,98.5,,,,,,,47,-2.1033032000000005,43.28346,175.24889,14.332320299813961,26:41.4,6,-0.083,0101000020E6100000A4A26E9190D300C0BBCC226C48A44540,20230420_DACIA_HERNANI_EIBAR_047,,d1,11:14.5,07:44.5,DACIA_SPRING,Dacia Spring 33 kW,33000,139,24:51.8,3.8,6.1,40,NE,4.8298624771856735,-167.64776337184392,521,103,11.0,139.0,342.0,,,,29,482,39,45,6
26:46.8,,,87,,98.5,,,,,,,47,-2.1050704,43.283073,167.90231,14.481882615263649,26:46.4,6,0.391,0101000020E61000000073F12D2FD700C0138C54BE3BA44540,20230420_DACIA_HERNANI_EIBAR_047,,d1,11:14.5,07:44.5,DACIA_SPRING,Dacia Spring 33 kW,33000,139,28:37.2,3.8,6.1,40,NE,4.919927601387247,-166.24022161186616,521,103,11.0,139.0,342.0,,,,29,482,39,45,7
26:52.3,,,87,,98.5,,,,,,,47,-2.1070428,43.28259,160.8544,14.650481869833342,26:52.4,6,-0.118,0101000020E610000040071B4639DB00C09E9E1EE92BA44540,20230420_DACIA_HERNANI_EIBAR_047,,d1,11:14.5,07:44.5,DACIA_SPRING,Dacia Spring 33 kW,33000,139,28:37.2,3.8,6.1,40,NE,5.113084716259419,-163.04835603296485,521,103,11.0,139.0,342.0,,,,29,482,39,45,7
26:57.8,,,87,,98.5,,,,,,,47,-2.108611,43.282112,151.44745,14.788423977925076,26:57.5,6,0.292,0101000020E6100000DF6DF6786FDE00C020E9FF4E1CA44540,20230420_DACIA_HERNANI_EIBAR_047,,d1,11:14.5,07:44.5,DACIA_SPRING,Dacia Spring 33 kW,33000,139,28:37.2,3.8,6.1,40,NE,4.893125779243816,-166.66392494715015,521,103,11.0,139.0,342.0,,,,29,482,39,45,7
27:03.3,,,87,,98.5,,,,,,,47,-2.1106021,43.28164,142.39813,14.958172347412784,27:03.5,6,-0.186,0101000020E61000007AB2CF6F83E200C05EFC3AC70CA44540,20230420_DACIA_HERNANI_EIBAR_047,,d1,11:14.5,07:44.5,DACIA_SPRING,Dacia Spring 33 kW,33000,139,28:37.2,3.8,6.1,40,NE,4.540095068798623,-171.90288825583107,521,103,11.0,139.0,342.0,,,,29,482,39,45,7
27:08.9,,,87,,98.5,,,,,,,47,-2.1124015,43.281384,133.57993000000002,15.106849590730508,27:08.6,6,0.266,0101000020E6100000417BD9C132E600C04170BE6E04A44540,20230420_DACIA_HERNANI_EIBAR_047,,d1,11:14.5,07:44.5,DACIA_SPRING,Dacia Spring 33 kW,33000,139,28:37.2,3.8,6.1,40,NE,4.145551706025099,-177.18771266034298,521,103,11.0,139.0,342.0,,,,29,482,39,85,7
27:14.3,,,87,,98.5,,,,,,,47,-2.1145797,43.281277,124.31928,15.283817184590164,27:14.6,6,-0.326,0101000020E6100000B6F7F8C5A8EA00C01AD5C8D400A44540,20230420_DACIA_HERNANI_EIBAR_047,,d1,11:14.5,07:44.5,DACIA_SPRING,Dacia Spring 33 kW,33000,139,28:37.2,3.8,6.1,40,NE,3.079014940318649,170.3151927847334,521,103,11.0,139.0,342.0,,,,29,482,39,85,7
27:19.8,,,87,,98.5,,,,,,,47,-2.11632,43.281574,116.82617,15.428706397897916,27:19.7,6,0.163,0101000020E610000084880C1039EE00C0D854EEA10AA44540,20230420_DACIA_HERNANI_EIBAR_047,,d1,11:14.5,07:44.5,DACIA_SPRING,Dacia Spring 33 kW,33000,139,28:37.2,3.8,6.1,40,NE,2.1618596511192023,160.75687364452585,277,59,,,,43.0,232.0,2.0,0,249,28,25,7
27:25.2,,,87,,98.5,,,,,,,47,-2.1179414,43.282140000000005,109.753044,15.574437885256584,27:24.7,6,0.47,0101000020E6100000923235328BF100C09C8CA82B1DA44540,20230420_DACIA_HERNANI_EIBAR_047,,d1,11:14.5,07:44.5,DACIA_SPRING,Dacia Spring 33 kW,33000,139,28:37.2,3.8,6.1,40,NE,3.013758870497835,169.6077077351227,521,103,11.0,139.0,342.0,,,,29,482,39,8,8
27:30.7,,,87,,98.5,,,,,,,47,-2.1199589,43.28251,102.494125,15.743009749492112,27:30.7,6,-0.026,0101000020E61000001AE567F6ACF500C0C779254B29A44540,20230420_DACIA_HERNANI_EIBAR_047,,d1,11:14.5,07:44.5,DACIA_SPRING,Dacia Spring 33 kW,33000,139,28:37.2,3.8,6.1,40,NE,4.392018900906902,-173.94526374306724,521,103,11.0,139.0,342.0,,,,29,482,39,120,8
27:36.1,,,87,,98.5,,,,,,,47,-2.1216936,43.282326,94.20617,15.885154849293201,27:35.8,6,0.345,0101000020E6100000927C108D3AF900C0DF0AFF4723A44540,20230420_DACIA_HERNANI_EIBAR_047,,d1,11:14.5,07:44.5,DACIA_SPRING,Dacia Spring 33 kW,33000,139,28:37.2,3.8,6.1,40,NE,4.217464285900192,-176.25995091907183,521,103,11.0,139.0,342.0,,,,29,482,39,8,8
27:41.6,,,87,,98.5,,,,,,,47,-2.1237435,43.282192,84.061295,16.05206687974568,27:41.8,6,-0.18,0101000020E6100000C415E43D6DFD00C01E14D7E81EA44540,20230420_DACIA_HERNANI_EIBAR_047,,d1,11:14.5,07:44.5,DACIA_SPRING,Dacia Spring 33 kW,33000,139,28:37.2,3.8,6.1,40,NE,3.551496211104763,175.60630858956878,521,103,11.0,139.0,342.0,,,,29,482,39,10,8
27:47.2,,,87,,98.5,,,,,,,47,-2.1255786,43.282333,76.18688,16.20164751131982,27:46.9,6,0.324,0101000020E61000005E18235F2F0101C0730AE78C23A44540,20230420_DACIA_HERNANI_EIBAR_047,,d1,11:14.5,07:44.5,DACIA_SPRING,Dacia Spring 33 kW,33000,139,28:37.2,3.8,6.1,40,NE,3.334478661447739,173.1365226689542,521,103,11.0,139.0,342.0,,,,29,482,39,25,8
27:52.7,,,87,,98.5,,,,,,,47,-2.1277719,43.282597,68.64438,16.381759189629307,27:52.9,6,-0.22,0101000020E6100000B6152136AD0501C056C2DC1B2CA44540,20230420_DACIA_HERNANI_EIBAR_047,,d1,11:14.5,07:44.5,DACIA_SPRING,Dacia Spring 33 kW,33000,139,28:37.2,3.8,6.1,40,NE,3.3939041507599663,173.80566189746628,521,103,11.0,139.0,342.0,,,,29,482,39,8,8
27:58.2,,,87,,98.5,,,,,,,47,-2.1295962000000004,43.282795,65.95898000000001,16.531088375319303,27:57.9,6,0.236,0101000020E61000002A2AEBC5690901C01462DD9632A44540,20230420_DACIA_HERNANI_EIBAR_047,,d1,11:14.5,07:44.5,DACIA_SPRING,Dacia Spring 33 kW,33000,139,28:37.2,3.8,6.1,40,NE,3.4092262550298384,173.9790374647634,521,103,11.0,139.0,342.0,,,,29,482,39,8,9
28:03.7,,,87,,98.5,,,,,,,47,-2.1316915,43.283016,64.11636999999999,16.702478322373537,28:04.0,6,-0.306,0101000020E61000007B96E847B40D01C01118B2EB39A44540,20230420_DACIA_HERNANI_EIBAR_047,,d1,11:14.5,07:44.5,DACIA_SPRING,Dacia Spring 33 kW,33000,139,28:37.2,3.8,6.1,40,NE,3.4093511545720534,173.98045220241409,521,103,11.0,139.0,342.0,,,,29,482,39,25,9
28:09.2,,,86,,98.5,,,,,,,47,-2.133389,43.283195,62.919052,16.84132530639371,28:09.1,6,0.126,0101000020E6100000A97CC1302E1101C05411EFB23FA44540,20230420_DACIA_HERNANI_EIBAR_047,,d1,11:14.5,07:44.5,DACIA_SPRING,Dacia Spring 33 kW,33000,139,28:37.2,3.8,6.1,40,NE,3.725950114931636,177.6482024383665,90,63,,,,6.0,82.0,2.0,0,78,12,120,8
28:14.8,,,86,,98.5,,,,,,,47,-2.1355317000000005,43.283283,62.376553,17.01504697183822,28:15.1,6,-0.228,0101000020E610000079916A90911501C08C6CC49642A44540,20230420_DACIA_HERNANI_EIBAR_047,,d1,11:14.5,07:44.5,DACIA_SPRING,Dacia Spring 33 kW,33000,139,28:37.2,3.8,6.1,40,NE,4.160113871173302,-177.0009776656807,90,63,,,,6.0,82.0,2.0,0,78,12,8,8
28:20.3,,,86,,98.5,,,,,,,47,-2.1373450000000003,43.283188,62.160378,17.162207857527026,28:20.1,6,0.242,0101000020E6100000FF196064481901C0BFF7657B3FA44540,20230420_DACIA_HERNANI_EIBAR_047,,d1,11:14.5,07:44.5,DACIA_SPRING,Dacia Spring 33 kW,33000,139,28:37.2,3.8,6.1,40,NE,3.5798511392929693,175.93455907055207,90,63,,,,6.0,82.0,2.0,0,78,12,8,8
28:25.8,,,86,,98.5,,,,,,,47,-2.1398072,43.283363,61.22355699999999,17.362465172456258,28:26.2,6,-0.435,0101000020E610000073F9993E531E01C019EE7B4845A44540,20230420_DACIA_HERNANI_EIBAR_047,,d1,11:14.5,07:44.5,DACIA_SPRING,Dacia Spring 33 kW,33000,139,28:37.2,3.8,6.1,40,NE,3.714975363997339,177.51812399430818,90,63,,,,6.0,82.0,2.0,0,78,12,8,8
28:31.3,,,86,,98.5,,,,,,,47,-2.1414914,43.283436,59.784126,17.49904467989279,28:31.3,6,0.002,0101000020E610000062A75B4AC62101C0141E639A47A44540,20230420_DACIA_HERNANI_EIBAR_047,,d1,11:14.5,07:44.5,DACIA_SPRING,Dacia Spring 33 kW,33000,139,28:37.2,3.8,6.1,40,NE,4.688555991830056,-169.7702545943096,90,63,,,,6.0,82.0,2.0,0,78,12,8,8
28:36.7,,,86,,98.5,,,,,,,47,-2.1430762000000003,43.28315,60.133880000000005,17.631212802838462,28:36.3,6,0.39,0101000020E6100000EAD46C2D052501C029F4483B3EA44540,20230420_DACIA_HERNANI_EIBAR_047,,d1,11:14.5,07:44.5,DACIA_SPRING,Dacia Spring 33 kW,33000,139,28:37.2,3.8,6.1,40,NE,5.444940129835622,-156.7965283782173,90,63,,,,6.0,82.0,2.0,0,78,12,8,8
28:42.2,,,86,,98.5,,,,,,,47,-2.1446345,43.282482,61.832066000000005,17.777608028086636,28:42.3,6,-0.123,0101000020E6100000C7140127362801C0A826825F28A44540,20230420_DACIA_HERNANI_EIBAR_047,,d1,11:14.5,07:44.5,DACIA_SPRING,Dacia Spring 33 kW,33000,139,28:37.2,3.8,6.1,40,NE,5.97857900692193,-141.45097945099192,90,63,,,,6.0,82.0,2.0,0,78,12,8,8
28:47.6,,,86,,98.5,,,,,,,47,-2.145582,43.281727,64.33652,17.89134862505593,28:47.4,6,0.254,0101000020E6100000769361E5262A01C006DBB0980FA44540,20230420_DACIA_HERNANI_EIBAR_047,,d1,11:14.5,07:44.5,DACIA_SPRING,Dacia Spring 33 kW,33000,139,28:37.2,3.8,6.1,40,NE,6.085491834982025,-133.95243803875746,90,63,,,,6.0,82.0,2.0,0,78,12,85,8
28:53.2,,,86,,98.5,,,,,,,47,-2.1466155,43.280655,62.764935,18.036987159428204,28:53.4,6,-0.238,0101000020E6100000A53520C0442C01C0041F498FECA34540,20230420_DACIA_HERNANI_EIBAR_047,,d1,11:14.5,07:44.5,DACIA_SPRING,Dacia Spring 33 kW,33000,139,28:37.2,3.8,6.1,40,NE,5.892250222417298,-144.99627313354105,90,63,,,,6.0,82.0,2.0,0,78,12,85,8
28:58.7,,,86,,98.5,,,,,,,47,-2.147765,43.27985,62.632404,18.166104455767858,28:58.5,6,0.237,0101000020E6100000D35485579F2E01C0E2C2A72BD2A34540,20230420_DACIA_HERNANI_EIBAR_047,,d1,11:14.5,07:44.5,DACIA_SPRING,Dacia Spring 33 kW,33000,139,28:37.2,3.8,6.1,40,NE,5.065197799363248,-163.86423318742658,90,63,,,,6.0,82.0,2.0,0,78,12,120,8
29:04.3,,,86,,98.5,,,,,,,47,-2.1496315,43.27931,62.69922,18.328694760676147,29:04.5,6,-0.266,0101000020E61000008F9D89FE713201C0345FB95CC0A34540,20230420_DACIA_HERNANI_EIBAR_047,,d1,11:14.5,07:44.5,DACIA_SPRING,Dacia Spring 33 kW,33000,139,28:37.2,3.8,6.1,40,NE,4.441336907158894,-173.27365560338316,90,63,,,,6.0,82.0,2.0,0,78,12,25,7
29:09.8,,,86,,98.5,,,,,,,47,-2.1512425,43.27912,62.64397,18.46080912610508,29:09.6,6,0.22,0101000020E61000008A1583A6BE3501C0B153553ABAA34540,20230420_DACIA_HERNANI_EIBAR_047,,d1,11:14.5,07:44.5,DACIA_SPRING,Dacia Spring 33 kW,33000,139,28:37.2,3.8,6.1,40,NE,4.024927243366448,-178.71353804449691,90,63,,,,6.0,82.0,2.0,0,78,12,45,7
29:15.3,,,86,,98.5,,,,,,,47,-2.1530237000000003,43.27908,62.283447,18.605070664017276,29:15.6,6,-0.28,0101000020E61000007C9B9F7D643901C013347CE0B8A34540,20230420_DACIA_HERNANI_EIBAR_047,,d1,11:14.5,07:44.5,DACIA_SPRING,Dacia Spring 33 kW,33000,139,29:52.0,3.8,6.1,40,NE,3.739795041740613,177.81262548435595,90,63,,,,6.0,82.0,2.0,0,78,12,25,7
29:20.9,,,86,,98.5,,,,,,,47,-2.1544113,43.279133,60.72252,18.717565591664343,29:20.6,6,0.238,0101000020E6100000EE57BDF33B3C01C0A6A55A9EBAA34540,20230420_DACIA_HERNANI_EIBAR_047,,d1,11:14.5,07:44.5,DACIA_SPRING,Dacia Spring 33 kW,33000,139,29:52.0,3.8,6.1,40,NE,3.468384571726117,174.6517958378079,90,63,,,,6.0,82.0,2.0,0,78,12,45,7
29:26.4,,,86,,98.5,,,,,,,47,-2.155832,43.279266,59.12817,18.833532460900162,29:26.7,6,-0.304,0101000020E61000007FDCE8E5243F01C06D9A0B0ABFA34540,20230420_DACIA_HERNANI_EIBAR_047,,d1,11:14.5,07:44.5,DACIA_SPRING,Dacia Spring 33 kW,33000,139,29:52.0,3.8,6.1,40,NE,3.2061801854197363,171.70886660850118,90,63,,,,6.0,82.0,2.0,0,78,12,80,7
29:31.9,,,86,,98.5,,,,,,,47,-2.1566486,43.279385,58.999588,18.90094943301599,29:31.7,6,0.145,0101000020E6100000BFB1A10CD14001C013EB3FD5C2A34540,20230420_DACIA_HERNANI_EIBAR_047,,d1,11:14.5,07:44.5,DACIA_SPRING,Dacia Spring 33 kW,33000,139,29:52.0,3.8,6.1,40,NE,3.192401434909693,171.55686235839946,90,63,,,,6.0,82.0,2.0,0,78,12,45,7
29:37.3,,,86,,98.5,,,,,,,47,-2.1574705,43.279507,57.492447,18.96886948667808,29:37.7,6,-0.429,0101000020E6100000BBA929D47F4201C00523AEDDC6A34540,20230420_DACIA_HERNANI_EIBAR_047,,d1,11:14.5,07:44.5,DACIA_SPRING,Dacia Spring 33 kW,33000,139,29:52.0,3.8,6.1,40,NE,2.688018147530646,166.1459171508069,90,63,,,,6.0,82.0,2.0,0,78,12,90,7
29:42.8,,,86,,98.5,,,,,,,47,-2.158026,43.279644,55.44061,19.016392774787466,29:42.8,6,0.038,0101000020E6100000C44B691BA34301C05003FE51CBA34540,20230420_DACIA_HERNANI_EIBAR_047,,d1,11:14.5,07:44.5,DACIA_SPRING,Dacia Spring 33 kW,33000,139,29:52.0,3.8,6.1,40,NE,3.0584185613194035,170.09134823409545,90,63,,,,6.0,82.0,2.0,0,78,12,90,7
29:48.3,,,86,,98.5,,,,,,,47,-2.158421,43.279713,54.345264,19.049294527659967,29:47.8,6,0.433,0101000020E610000002DCD13F724401C02B7A1D9FCDA34540,20230420_DACIA_HERNANI_EIBAR_047,,d1,11:14.5,07:44.5,DACIA_SPRING,Dacia Spring 33 kW,33000,139,29:52.0,3.8,6.1,40,NE,3.2437806949947268,172.12494394569353,90,63,,,,6.0,82.0,2.0,0,78,12,8,7
29:53.8,,,86,,98.5,,,,,,,47,-2.1586885,43.27975,52.66433000000001,19.07140045597804,29:53.9,6,-0.074,0101000020E61000002553AF85FE4401C08021ABDACEA34540,20230420_DACIA_HERNANI_EIBAR_047,,d1,11:14.5,07:44.5,DACIA_SPRING,Dacia Spring 33 kW,33000,139,29:52.0,3.8,6.1,40,NE,2.6632956484452737,165.88752032214734,90,63,,,,6.0,82.0,2.0,0,78,12,8,7
29:59.2,,,86,,98.5,,,,,,,47,-2.1588476,43.279790000000006,51.29448,19.08509491299834,29:58.9,6,0.285,0101000020E6100000AF9759EE514501C042F3D118D0A34540,20230420_DACIA_HERNANI_EIBAR_047,,d1,11:14.5,07:44.5,DACIA_SPRING,Dacia Spring 33 kW,33000,139,29:52.0,3.8,6.1,40,NE,2.9617887022566523,169.04780087667925,90,63,,,,6.0,82.0,2.0,0,78,12,8,7
30:04.7,,,86,,98.5,,,,,,,47,-2.1590388,43.279827,50.445988,19.10113277276536,30:04.9,6,-0.2319999999999999,0101000020E61000007999662AB64501C09E399255D1A34540,20230420_DACIA_HERNANI_EIBAR_047,,d1,11:14.5,07:44.5,DACIA_SPRING,Dacia Spring 33 kW,33000,139,29:52.0,3.8,6.1,40,NE,-4.302622186448507,4.8576571723450455,94,63,,,,8.0,82.0,4.0,0,80,14,8,7
30:10.2,,,86,,98.5,,,,,,,47,-2.1590035,43.27983,49.905357,19.10406012067627,30:10.0,6,0.25,0101000020E610000056D3A6A9A34501C04692088CD1A34540,20230420_DACIA_HERNANI_EIBAR_047,,d1,11:14.5,07:44.5,DACIA_SPRING,Dacia Spring 33 kW,33000,139,29:52.0,3.8,6.1,40,NE,-3.9210044190878905,0.0,94,63,,,,8.0,82.0,4.0,0,80,14,8,7
30:15.8,,,86,,98.5,,,,,,,47,-2.1590035,43.27983,49.905357,19.10406012067627,30:16.0,6,-0.198,0101000020E610000056D3A6A9A34501C04692088CD1A34540,20230420_DACIA_HERNANI_EIBAR_047,,d1,11:14.5,07:44.5,DACIA_SPRING,Dacia Spring 33 kW,33000,139,29:52.0,3.8,6.1,40,NE,-3.9210044190878905,0.0,94,63,,,,8.0,82.0,4.0,0,80,14,8,7
30:21.3,,,86,,98.5,,,,,,,47,-2.1590035,43.27983,49.905357,19.10406012067627,30:21.1,6,0.236,0101000020E610000056D3A6A9A34501C04692088CD1A34540,20230420_DACIA_HERNANI_EIBAR_047,,d1,11:14.5,07:44.5,DACIA_SPRING,Dacia Spring 33 kW,33000,139,29:52.0,3.8,6.1,40,NE,-3.9210044190878905,0.0,94,63,,,,8.0,82.0,4.0,0,80,14,8,7
30:26.8,,,86,,98.5,,,,,,,47,-2.1590035,43.27983,49.905357,19.10406012067627,30:27.2,6,-0.34,0101000020E610000056D3A6A9A34501C04692088CD1A34540,20230420_DACIA_HERNANI_EIBAR_047,,d1,11:14.5,07:44.5,DACIA_SPRING,Dacia Spring 33 kW,33000,139,29:52.0,3.8,6.1,40,NE,-3.9210044190878905,0.0,94,63,,,,8.0,82.0,4.0,0,80,14,8,7
30:32.3,,,86,,98.5,,,,,,,47,-2.1590035,43.27983,49.905357,19.10406012067627,30:32.2,6,0.089,0101000020E610000056D3A6A9A34501C04692088CD1A34540,20230420_DACIA_HERNANI_EIBAR_047,,d1,11:14.5,07:44.5,DACIA_SPRING,Dacia Spring 33 kW,33000,139,29:52.0,3.8,6.1,40,NE,3.667720754422859,176.96060043154802,94,63,,,,8.0,82.0,4.0,0,80,14,8,7
30:37.8,,,86,,98.5,,,,,,,47,-2.1592295,43.279842,51.292545,19.122456124748542,30:38.2,6,-0.416,0101000020E61000005828C4221A4601C0318220EED1A34540,20230420_DACIA_HERNANI_EIBAR_047,,d1,11:14.5,07:44.5,DACIA_SPRING,Dacia Spring 33 kW,33000,139,29:52.0,3.8,6.1,40,NE,3.3525533943318173,173.33950135801115,94,63,,,,8.0,82.0,4.0,0,80,14,8,7
30:43.3,,,86,,98.5,,,,,,,47,-2.1600516,43.279938,55.174458,19.189968646596622,30:43.3,6,0.0279999999999999,0101000020E6100000987D7D26C94701C0AFCAA3FBD4A34540,20230420_DACIA_HERNANI_EIBAR_047,,d1,11:14.5,07:44.5,DACIA_SPRING,Dacia Spring 33 kW,33000,139,29:52.0,3.8,6.1,40,NE,3.889585477262776,179.61583865299036,94,63,,,,8.0,82.0,4.0,0,80,14,80,7
30:48.8,,,86,,98.5,,,,,,,47,-2.1610956000000003,43.279945,58.794384,19.274562907086825,30:48.3,6,0.406,0101000020E610000095495275EC4901C047BE4A4FD5A34540,20230420_DACIA_HERNANI_EIBAR_047,,d1,11:14.5,07:44.5,DACIA_SPRING,Dacia Spring 33 kW,33000,139,29:52.0,3.8,6.1,40,NE,4.034276914136997,-178.5965622247706,94,63,,,,8.0,82.0,4.0,0,80,14,100,7
30:54.2,,,86,,98.5,,,,,,,47,-2.1625242,43.27991,62.10221,19.390322741462004,30:54.4,6,-0.143,0101000020E6100000F724AB80D94C01C05A778920D4A34540,20230420_DACIA_HERNANI_EIBAR_047,,d1,11:14.5,07:44.5,DACIA_SPRING,Dacia Spring 33 kW,33000,139,29:52.0,3.8,6.1,40,NE,4.518232440989879,-172.20944608739674,94,63,,,,8.0,82.0,4.0,0,80,14,25,7
30:59.7,,,86,,98.5,,,,,,,47,-2.1638837000000004,43.279724,64.88784,19.502337479028963,30:59.4,6,0.223,0101000020E61000003C1B4B49A24F01C09F7C2301CEA34540,20230420_DACIA_HERNANI_EIBAR_047,,d1,11:14.5,07:44.5,DACIA_SPRING,Dacia Spring 33 kW,33000,139,29:52.0,3.8,6.1,40,NE,5.074663336696242,-163.70434716296785,94,63,,,,8.0,82.0,4.0,0,80,14,100,6
31:05.2,,,86,,98.5,,,,,,,47,-2.165553,43.279236,67.67483,19.647985011503582,31:05.5,6,-0.26,0101000020E6100000F8EE1D760D5301C0CC8847FCBDA34540,20230420_DACIA_HERNANI_EIBAR_047,,d1,11:14.5,07:44.5,DACIA_SPRING,Dacia Spring 33 kW,33000,139,29:52.0,3.8,6.1,40,NE,5.172991793465985,-162.00180067912785,94,63,,,,8.0,82.0,4.0,0,80,14,25,6
31:10.6,,,86,,98.5,,,,,,,47,-2.1670089,43.278763,68.57268499999999,19.777050010048914,31:10.5,6,0.076,0101000020E6100000755BA0B8085601C06EDE1689AEA34540,20230420_DACIA_HERNANI_EIBAR_047,,d1,11:14.5,07:44.5,DACIA_SPRING,Dacia Spring 33 kW,33000,139,29:52.0,3.8,6.1,40,NE,4.664972751079974,-170.11527674903766,94,63,,,,8.0,82.0,4.0,0,80,14,25,6
31:16.1,,,86,,98.5,,,,,,,47,-2.1689773,43.27842,68.58479,19.94089895652375,31:16.6,6,-0.442,0101000020E6100000E369B4BC105A01C0AB6B7948A3A34540,20230420_DACIA_HERNANI_EIBAR_047,,d1,11:14.5,07:44.5,DACIA_SPRING,Dacia Spring 33 kW,33000,139,29:52.0,3.8,6.1,40,NE,4.125953593148324,-177.43813907503204,94,63,,,,8.0,82.0,4.0,0,80,14,25,6
31:21.7,,,86,,98.5,,,,,,,47,-2.1705418,43.27835,67.96795999999999,20.067791007677666,31:21.6,6,0.072,0101000020E61000000A9F9003455D01C07FB6900FA1A34540,20230420_DACIA_HERNANI_EIBAR_047,,d1,11:14.5,07:44.5,DACIA_SPRING,Dacia Spring 33 kW,33000,139,29:52.0,3.8,6.1,40,NE,3.3753257524146827,173.5959099964373,94,63,,,,8.0,82.0,4.0,0,80,14,25,6
31:27.2,,,86,,98.5,,,,,,,47,-2.1725197,43.278572,69.43653,20.22980688321498,31:27.6,6,-0.3979999999999999,0101000020E61000002FD078F9516101C03EA45839A8A34540,20230420_DACIA_HERNANI_EIBAR_047,,d1,11:14.5,07:44.5,DACIA_SPRING,Dacia Spring 33 kW,33000,139,29:52.0,3.8,6.1,40,NE,2.6474196854225336,165.72188461925788,94,63,,,,8.0,82.0,4.0,0,80,14,25,6
31:32.8,,,86,,98.5,,,,,,,47,-2.1740954,43.278973,71.49840999999999,20.364948850626906,31:32.7,6,0.093,0101000020E6100000ADF47F2E8C6401C0D4F20B58B5A34540,20230420_DACIA_HERNANI_EIBAR_047,,d1,11:14.5,07:44.5,DACIA_SPRING,Dacia Spring 33 kW,33000,139,29:52.0,3.8,6.1,40,NE,1.8567898036188848,157.72157514933406,94,63,,,,8.0,82.0,4.0,0,80,14,8,6
31:38.3,,,86,,98.5,,,,,,,47,-2.1757796000000003,43.279663,72.83686999999999,20.521399912033534,31:38.7,6,-0.42,0101000020E6100000C745E313FF6701C06A1727FBCBA34540,20230420_DACIA_HERNANI_EIBAR_047,,d1,11:14.5,07:44.5,DACIA_SPRING,Dacia Spring 33 kW,33000,139,29:52.0,3.8,6.1,40,NE,1.020794759172894,149.63339467052106,94,63,,,,8.0,82.0,4.0,0,80,14,25,6
31:43.8,,,86,,98.5,,,,,,,47,-2.1770716,43.28042,73.134,20.655654493751268,31:43.8,6,0.054,0101000020E6100000FAD9247DA46A01C04725B9CEE4A34540,20230420_DACIA_HERNANI_EIBAR_047,,d1,11:14.5,07:44.5,DACIA_SPRING,Dacia Spring 33 kW,33000,139,29:52.0,3.8,6.1,40,NE,0.3771785242193332,143.54500522914284,94,63,,,,8.0,82.0,4.0,0,80,14,8,6
31:49.4,,,86,,98.5,,,,,,,47,-2.17852,43.281490000000005,73.86700400000001,20.822697963008444,31:49.8,6,-0.4589999999999999,0101000020E6100000BC0E8EE19B6D01C05F8EE4EF07A44540,20230420_DACIA_HERNANI_EIBAR_047,,d1,11:14.5,07:44.5,DACIA_SPRING,Dacia Spring 33 kW,33000,139,33:37.3,3.8,6.1,40,NE,1.727266388231321,156.44880014453858,94,63,,,,8.0,82.0,4.0,0,80,14,25,5
31:54.9,,,85,,98.5,,,,,,,47,-2.1799126,43.282097,75.59353,20.954100074771745,31:54.9,6,0.038,0101000020E6100000D602D7F6757001C045BA73B41BA44540,20230420_DACIA_HERNANI_EIBAR_047,,d1,11:14.5,07:44.5,DACIA_SPRING,Dacia Spring 33 kW,33000,139,33:37.3,3.8,6.1,40,NE,3.120678581034834,170.76957378256253,94,63,,,,8.0,82.0,4.0,0,80,14,55,5
32:00.4,,,85,,98.5,,,,,,,47,-2.1815925,43.28237,77.20121,21.093441416462678,31:59.9,6,0.4539999999999999,0101000020E61000004F4659CFE67301C0D42F90BB24A44540,20230420_DACIA_HERNANI_EIBAR_047,,d1,11:14.5,07:44.5,DACIA_SPRING,Dacia Spring 33 kW,33000,139,33:37.3,3.8,6.1,40,NE,4.4353293154046805,-173.35591116349016,94,63,,,,8.0,82.0,4.0,0,80,14,55,5
32:06.0,,,85,,98.5,,,,,,,47,-2.1838074,43.282112,76.95764,21.275014585279663,32:06.0,6,0.033,0101000020E610000074F3E103707801C0E2FF224B1CA44540,20230420_DACIA_HERNANI_EIBAR_047,,d1,11:14.5,07:44.5,DACIA_SPRING,Dacia Spring 33 kW,33000,139,33:37.3,3.8,6.1,40,NE,5.266512716338472,-160.30372582718212,94,63,,,,8.0,82.0,4.0,0,80,14,55,5
32:11.4,,,85,,98.5,,,,,,,47,-2.185517,43.2815,77.64524,21.429232892720414,32:11.0,6,0.4379999999999999,0101000020E61000004FEB2060F07B01C02688143C08A44540,20230420_DACIA_HERNANI_EIBAR_047,,d1,11:14.5,07:44.5,DACIA_SPRING,Dacia Spring 33 kW,33000,139,33:37.3,3.8,6.1,40,NE,4.5037664571629765,-172.4112973524074,94,63,,,,8.0,82.0,4.0,0,80,14,55,5
32:17.1,,,84,,98.5,,,,,,,47,-2.1877913,43.281197,79.49141,21.616402891685738,32:17.0,6,0.069,0101000020E6100000EF34AACE988001C07B580D34FEA34540,20230420_DACIA_HERNANI_EIBAR_047,,d1,11:14.5,07:44.5,DACIA_SPRING,Dacia Spring 33 kW,33000,139,33:37.3,3.8,6.1,40,NE,3.502373788344457,175.04080231114796,94,63,,,,8.0,82.0,4.0,0,80,14,55,5
32:22.6,,,84,,98.5,,,,,,,47,-2.1898081,43.281372,82.53442,21.780845681829472,32:22.2,6,0.436,0101000020E610000081C15118BA8401C041BBF6F003A44540,20230420_DACIA_HERNANI_EIBAR_047,,d1,11:14.5,07:44.5,DACIA_SPRING,Dacia Spring 33 kW,33000,139,33:37.3,3.8,6.1,40,NE,4.21182919360095,-176.33316594649077,94,63,,,,8.0,82.0,4.0,0,80,14,8,5
32:28.4,,,84,,98.5,,,,,,,47,-2.192492,43.2812,86.42600999999999,21.99898106329146,32:28.4,6,0.066,0101000020E6100000D098E64A398A01C05B603457FEA34540,20230420_DACIA_HERNANI_EIBAR_047,,d1,11:14.5,07:44.5,DACIA_SPRING,Dacia Spring 33 kW,33000,139,33:37.3,3.8,6.1,40,NE,4.029325115022481,-178.65854146304142,94,63,,,,8.0,82.0,4.0,0,80,14,8,5
32:38.9,,,84,,98.5,,,,,,,47,-2.1959083,43.28112,92.56549,22.275740695260033,32:38.9,6,-0.006,0101000020E6100000F6E9F857389101C00606F4C8FBA34540,20230420_DACIA_HERNANI_EIBAR_047,,d1,11:14.5,07:44.5,DACIA_SPRING,Dacia Spring 33 kW,33000,139,33:37.3,3.8,6.1,40,NE,3.336094362902119,173.154647799388,94,63,,,,8.0,82.0,4.0,0,80,14,8,4
32:44.4,,,84,,98.5,,,,,,,47,-2.198449,43.281425,98.29818,22.48426552613707,32:44.3,6,0.068,0101000020E6100000F929845C6C9601C0D174E2CF05A44540,20230420_DACIA_HERNANI_EIBAR_047,,d1,11:14.5,07:44.5,DACIA_SPRING,Dacia Spring 33 kW,33000,139,33:37.3,3.8,6.1,40,NE,3.842352048518652,179.0422861373598,94,63,,,,8.0,82.0,4.0,0,80,14,100,4
32:49.9,,,84,,98.5,,,,,,,47,-2.2005427,43.28146,105.04049,22.653927845294806,32:50.4,6,-0.494,0101000020E61000001D160A1DB69A01C0905362E506A44540,20230420_DACIA_HERNANI_EIBAR_047,,d1,11:14.5,07:44.5,DACIA_SPRING,Dacia Spring 33 kW,33000,139,33:37.3,3.8,6.1,40,NE,4.035353538310535,-178.5830788257258,94,63,,,,8.0,82.0,4.0,0,80,14,100,4
32:55.5,,,83,,98.5,,,,,,,47,-2.2022407000000004,43.281418,110.00133999999998,22.791548579861306,32:55.5,6,-0.032,0101000020E61000008B88B46F309E01C0A1629E7E05A44540,20230420_DACIA_HERNANI_EIBAR_047,,d1,11:14.5,07:44.5,DACIA_SPRING,Dacia Spring 33 kW,33000,139,33:37.3,3.8,6.1,40,NE,4.149724487541749,-177.13426160520598,94,63,,,,8.0,82.0,4.0,0,80,14,55,4
33:03.1,,,83,,98.5,,,,,,,47,-2.2042983,43.281315,116.913025,22.95864644563759,33:02.7,6,0.363,0101000020E6100000F00B721867A201C0B807C22902A44540,20230420_DACIA_HERNANI_EIBAR_047,,d1,11:14.5,07:44.5,DACIA_SPRING,Dacia Spring 33 kW,33000,139,33:37.3,3.8,6.1,40,NE,4.214224854602903,-176.30205078227232,94,63,,,,8.0,82.0,4.0,0,80,14,100,4
33:08.6,,,83,,98.5,,,,,,,47,-2.2065418,43.28117,123.65871,23.141095921556587,33:08.6,6,0.031,0101000020E6100000EF7ED75BFFA601C0F01BFF5CFDA34540,20230420_DACIA_HERNANI_EIBAR_047,,d1,11:14.5,07:44.5,DACIA_SPRING,Dacia Spring 33 kW,33000,139,33:37.3,3.8,6.1,40,NE,4.158338362531283,-177.0237758711087,94,63,,,,8.0,82.0,4.0,0,80,14,100,4
33:14.2,,,83,,98.5,,,,,,,47,-2.207792,43.281105,125.99635,23.24258397385079,33:14.6,6,-0.433,0101000020E6100000913D87E58EA901C06E150740FBA34540,20230420_DACIA_HERNANI_EIBAR_047,,d1,11:14.5,07:44.5,DACIA_SPRING,Dacia Spring 33 kW,33000,139,33:37.3,3.8,6.1,40,NE,-3.9210044190878905,0.0,94,63,,,,8.0,82.0,4.0,0,80,14,120,4
33:19.6,,,83,,98.5,,,,,,,47,-2.207792,43.281105,125.99635,23.24258397385079,33:19.6,6,-0.005,0101000020E6100000913D87E58EA901C06E150740FBA34540,20230420_DACIA_HERNANI_EIBAR_047,,d1,11:14.5,07:44.5,DACIA_SPRING,Dacia Spring 33 kW,33000,139,33:37.3,3.8,6.1,40,NE,-3.9210044190878905,0.0,94,63,,,,8.0,82.0,4.0,0,80,14,120,4
33:25.2,,,83,,98.5,,,,,,,47,-2.207792,43.281105,125.99635,23.24258397385079,33:24.7,6,0.503,0101000020E6100000913D87E58EA901C06E150740FBA34540,20230420_DACIA_HERNANI_EIBAR_047,,d1,11:14.5,07:44.5,DACIA_SPRING,Dacia Spring 33 kW,33000,139,33:37.3,3.8,6.1,40,NE,-3.9210044190878905,0.0,94,63,,,,8.0,82.0,4.0,0,80,14,120,4
33:30.7,,,83,,98.5,,,,,,,47,-2.207792,43.281105,125.99635,23.24258397385079,33:30.7,6,-0.002,0101000020E6100000913D87E58EA901C06E150740FBA34540,20230420_DACIA_HERNANI_EIBAR_047,,d1,11:14.5,07:44.5,DACIA_SPRING,Dacia Spring 33 kW,33000,139,33:37.3,3.8,6.1,40,NE,2.7205655849514403,166.4869750807226,94,63,,,,8.0,82.0,4.0,0,80,14,120,4
33:36.2,,,83,,98.5,,,,,,,47,-2.2143333,43.282677,91.33795,23.80127575481201,33:35.8,6,0.407,0101000020E61000002BC3E265F4B601C0F9D275CE2EA44540,20230420_DACIA_HERNANI_EIBAR_047,,d1,11:14.5,07:44.5,DACIA_SPRING,Dacia Spring 33 kW,33000,139,33:37.3,3.8,6.1,40,NE,1.6070678128365588,155.2750939921815,94,63,,,,8.0,82.0,4.0,0,80,14,100,4
33:41.7,,,83,,98.5,,,,,,,47,-2.216012,43.28345,109.79021000000002,23.963119916838973,33:41.8,6,-0.08,0101000020E61000009177768764BA01C08FD4132E48A44540,20230420_DACIA_HERNANI_EIBAR_047,,d1,11:14.5,07:44.5,DACIA_SPRING,Dacia Spring 33 kW,33000,139,33:37.3,3.8,6.1,40,NE,1.2251040442957917,151.58589289856914,94,63,,,,8.0,82.0,4.0,0,80,14,100,4
33:47.2,,,83,,98.5,,,,,,,47,-2.2173188,43.284157,111.5644,24.0949263940412,33:46.8,6,0.4039999999999999,0101000020E6100000C5BAC3A611BD01C048C39E455FA44540,20230420_DACIA_HERNANI_EIBAR_047,,d1,11:14.5,07:44.5,DACIA_SPRING,Dacia Spring 33 kW,33000,139,33:37.3,3.8,6.1,40,NE,0.5765495142944836,145.4234813713318,94,63,,,,8.0,82.0,4.0,0,80,14,8,3
33:52.7,,,83,,98.5,,,,,,,47,-2.2187624,43.285152,97.40736,24.256468515028782,33:52.9,6,-0.216,0101000020E6100000B1498F8406C001C0C7C4F2DB7FA44540,20230420_DACIA_HERNANI_EIBAR_047,,d1,11:14.5,07:44.5,DACIA_SPRING,Dacia Spring 33 kW,33000,139,33:37.3,3.8,6.1,40,NE,2.346368478629991,162.62204895384625,94,63,,,,8.0,82.0,4.0,0,80,14,8,3
33:58.2,,,82,,98.5,,,,,,,47,-2.2203984,43.285664,95.94844,24.400619827680018,33:57.9,6,0.276,0101000020E61000005CA3BC3A60C301C08FE6EB9B90A44540,20230420_DACIA_HERNANI_EIBAR_047,,d1,11:14.5,07:44.5,DACIA_SPRING,Dacia Spring 33 kW,33000,139,33:37.3,3.8,6.1,40,NE,3.8639487278274713,179.3039498237056,94,63,,,,8.0,82.0,4.0,0,80,14,8,3
34:03.6,,,82,,98.5,,,,,,,47,-2.2225385,43.28569,93.71753,24.573885925188804,34:04.0,6,-0.377,0101000020E6100000D6C20E39C2C701C0A765658191A44540,20230420_DACIA_HERNANI_EIBAR_047,,d1,11:14.5,07:44.5,DACIA_SPRING,Dacia Spring 33 kW,33000,139,33:37.3,3.8,6.1,40,NE,4.757934977462799,-168.7404005550218,94,63,,,,8.0,82.0,4.0,0,80,14,8,3
34:09.1,,,83,,98.5,,,,,,,47,-2.2242463,43.28535,94.03582,24.717198901955438,34:09.0,6,0.142,0101000020E610000066BC8FA241CB01C0E166916086A44540,20230420_DACIA_HERNANI_EIBAR_047,,d1,11:14.5,07:44.5,DACIA_SPRING,Dacia Spring 33 kW,33000,139,33:37.3,3.8,6.1,40,NE,4.51450147047427,-172.26158107571203,94,63,,,,8.0,82.0,4.0,0,80,14,120,3
34:14.6,,,82,,98.5,,,,,,,47,-2.2262921,43.285072,92.627815,24.885661195615626,34:15.1,6,-0.51,0101000020E61000001F18734972CF01C0D5FBCC327DA44540,20230420_DACIA_HERNANI_EIBAR_047,,d1,11:14.5,07:44.5,DACIA_SPRING,Dacia Spring 33 kW,33000,139,33:37.3,3.8,6.1,40,NE,4.093793784262884,-177.84691828924778,94,63,,,,8.0,82.0,4.0,0,80,14,120,3
34:20.1,,,82,,98.5,,,,,,,47,-2.2281008,43.285004,92.770966,25.032260798283673,34:20.1,6,0.046,0101000020E6100000C8A1B67826D301C01429EAF57AA44540,20230420_DACIA_HERNANI_EIBAR_047,,d1,11:14.5,07:44.5,DACIA_SPRING,Dacia Spring 33 kW,33000,139,34:51.9,3.8,6.1,40,NE,4.025098495041489,-178.71139736344534,94,63,,,,8.0,82.0,4.0,0,80,14,8,3
34:25.6,,,82,,98.5,,,,,,,47,-2.2303236,43.284954,89.43191999999999,25.212301362936454,34:25.2,6,0.445,0101000020E6100000E90379DDB3D701C0B8A1EA6779A44540,20230420_DACIA_HERNANI_EIBAR_047,,d1,11:14.5,07:44.5,DACIA_SPRING,Dacia Spring 33 kW,33000,139,34:51.9,3.8,6.1,40,NE,4.494992278821193,-172.53334939233184,94,63,,,,8.0,82.0,4.0,0,80,14,25,3
34:31.1,,,82,,98.5,,,,,,,47,-2.2325058,43.284668,79.57300000000001,25.392049747016696,34:31.3,6,-0.139,0101000020E6100000ABEF79F22BDC01C054FB120370A44540,20230420_DACIA_HERNANI_EIBAR_047,,d1,11:14.5,07:44.5,DACIA_SPRING,Dacia Spring 33 kW,33000,139,34:51.9,3.8,6.1,40,NE,5.080640519018567,-163.6030388943342,94,63,,,,8.0,82.0,4.0,0,80,14,40,3
34:36.6,,,82,,98.5,,,,,,,47,-2.2341778,43.284176,75.26391600000001,25.53809294805422,34:36.3,6,0.278,0101000020E61000007E27259E98DF01C0F994E2E65FA44540,20230420_DACIA_HERNANI_EIBAR_047,,d1,11:14.5,07:44.5,DACIA_SPRING,Dacia Spring 33 kW,33000,139,34:51.9,3.8,6.1,40,NE,5.577800946257388,-153.88024384301556,94,63,,,,8.0,82.0,4.0,0,80,14,25,3
34:42.1,,,82,,98.5,,,,,,,47,-2.2358828,43.28334,68.12097,25.704646475643532,34:42.4,6,-0.22,0101000020E6100000E679B27616E301C08BD2B88944A44540,20230420_DACIA_HERNANI_EIBAR_047,,d1,11:14.5,07:44.5,DACIA_SPRING,Dacia Spring 33 kW,33000,139,34:51.9,3.8,6.1,40,NE,5.907175253967827,-144.4445764347351,94,63,,,,8.0,82.0,4.0,0,80,14,8,4
34:47.7,,,82,,98.5,,,,,,,47,-2.2371042,43.282467,63.70366,25.843274829129616,34:47.4,6,0.322,0101000020E61000007DBDE2E296E501C047ABD7EF27A44540,20230420_DACIA_HERNANI_EIBAR_047,,d1,11:14.5,07:44.5,DACIA_SPRING,Dacia Spring 33 kW,33000,139,34:51.9,3.8,6.1,40,NE,6.050131214005758,-137.33134109646775,94,63,,,,8.0,82.0,4.0,0,80,14,25,4
34:53.2,,,82,,98.5,,,,,,,47,-2.238367,43.281303,59.658836,26.008253827034174,34:53.5,6,-0.255,0101000020E6100000043B0DFE2CE801C027B93DCE01A44540,20230420_DACIA_HERNANI_EIBAR_047,,d1,11:14.5,07:44.5,DACIA_SPRING,Dacia Spring 33 kW,33000,139,34:51.9,3.8,6.1,40,NE,6.071874317095963,-135.5041626791085,94,63,,,,8.0,82.0,4.0,0,80,14,40,4
34:58.7,,,82,,98.5,,,,,,,47,-2.2394733,43.280216,59.76965,26.158684685250286,34:58.5,6,0.241,0101000020E6100000AD98A50271EA01C0C3147C16DEA34540,20230420_DACIA_HERNANI_EIBAR_047,,d1,11:14.5,07:44.5,DACIA_SPRING,Dacia Spring 33 kW,33000,139,34:51.9,3.8,6.1,40,NE,5.855204062867505,-146.28688355305192,94,63,,,,8.0,82.0,4.0,0,80,14,25,4
35:04.2,,,82,,98.5,,,,,,,47,-2.2411938,43.279068,58.426052,26.347615861351386,35:04.5,6,-0.327,0101000020E6100000DF4C42FCF6ED01C0A8681C70B8A34540,20230420_DACIA_HERNANI_EIBAR_047,,d1,11:14.5,07:44.5,DACIA_SPRING,Dacia Spring 33 kW,33000,139,34:51.9,3.8,6.1,40,NE,5.140443936722652,-162.574113801498,94,63,,,,8.0,82.0,4.0,0,80,14,20,4
35:09.7,,,82,,98.5,,,,,,,47,-2.2430544,43.278484000000006,57.60508000000001,26.511641047450716,35:09.6,6,0.0819999999999999,0101000020E6100000C93DE088C6F101C0C37DF961A5A34540,20230420_DACIA_HERNANI_EIBAR_047,,d1,11:14.5,07:44.5,DACIA_SPRING,Dacia Spring 33 kW,33000,139,34:51.9,3.8,6.1,40,NE,4.864523752171237,-167.11149344450305,94,63,,,,8.0,82.0,4.0,0,80,14,20,4
35:15.1,,,82,,98.5,,,,,,,47,-2.2449205,43.278057,56.49643,26.669998141669687,35:14.6,6,0.489,0101000020E61000006588C2E598F501C0750AE26197A34540,20230420_DACIA_HERNANI_EIBAR_047,,d1,11:14.5,07:44.5,DACIA_SPRING,Dacia Spring 33 kW,33000,139,34:51.9,3.8,6.1,40,NE,4.4971703225718285,-172.50307848500742,94,63,,,,8.0,82.0,4.0,0,80,14,25,4
35:20.6,,,82,,98.5,,,,,,,47,-2.2470102,43.277782,55.135895,26.841914579910934,35:20.6,6,-0.054,0101000020E610000027A3F474E0F901C098EEBB548EA34540,20230420_DACIA_HERNANI_EIBAR_047,,d1,11:14.5,07:44.5,DACIA_SPRING,Dacia Spring 33 kW,33000,139,34:51.9,3.8,6.1,40,NE,4.098761859305285,-177.78394284025265,94,63,,,,8.0,82.0,4.0,0,80,14,20,4
35:26.0,,,82,,98.5,,,,,,,47,-2.2486124,43.27772,53.488724,26.971813003821662,35:25.7,6,0.266,0101000020E6100000CA7C817D28FD01C0FCBDA0688CA34540,20230420_DACIA_HERNANI_EIBAR_047,,d1,11:14.5,07:44.5,DACIA_SPRING,Dacia Spring 33 kW,33000,139,34:51.9,3.8,6.1,40,NE,3.778534648090973,178.2746613557858,222,76,,,,4.0,142.0,75.0,1,203,19,120,4
35:31.5,,,82,,98.5,,,,,,,47,-2.2506707,43.277782,57.43055699999999,27.138630262659493,35:31.7,6,-0.223,0101000020E61000002AB357AC5F0102C0EF1AE26C8EA34540,20230420_DACIA_HERNANI_EIBAR_047,,d1,11:14.5,07:44.5,DACIA_SPRING,Dacia Spring 33 kW,33000,139,34:51.9,3.8,6.1,40,NE,3.734197676392773,177.7461069142663,222,76,,,,4.0,142.0,75.0,1,203,19,120,4
35:37.1,,,82,,98.5,,,,,,,47,-2.2523222,43.277847,61.701923,27.27258939745624,35:36.8,6,0.3229999999999999,0101000020E6100000C8F6D873C10402C013AF757090A34540,20230420_DACIA_HERNANI_EIBAR_047,,d1,11:14.5,07:44.5,DACIA_SPRING,Dacia Spring 33 kW,33000,139,34:51.9,3.8,6.1,40,NE,5.216143676508667,-161.2286057851913,222,76,,,,4.0,142.0,75.0,1,203,19,40,4
35:42.6,,,82,,98.5,,,,,,,47,-2.254117,43.277237,69.886154,27.433147835708652,35:42.8,6,-0.191,0101000020E6100000CBE1DB726E0802C0F7D5B88D7CA34540,20230420_DACIA_HERNANI_EIBAR_047,,d1,11:14.5,07:44.5,DACIA_SPRING,Dacia Spring 33 kW,33000,139,34:51.9,3.8,6.1,40,NE,6.088056898313365,-133.5859329218791,222,76,,,,4.0,142.0,75.0,1,203,19,40,4
35:48.2,,,81,,98.5,,,,,,,47,-2.255085,43.27622,76.99956999999999,27.570915573658944,35:47.8,6,0.318,0101000020E6100000FCB12E076A0A02C04C6134115BA34540,20230420_DACIA_HERNANI_EIBAR_047,,d1,11:14.5,07:44.5,DACIA_SPRING,Dacia Spring 33 kW,33000,139,34:51.9,3.8,6.1,40,NE,5.584445675757845,-106.27439824972475,222,76,,,,4.0,142.0,75.0,1,203,19,8,3
35:53.7,,,81,,98.5,,,,,,,47,-2.2555375,43.27467,81.38705,27.747172485730214,35:53.9,6,-0.21,0101000020E61000005E157046570B02C0805E446028A34540,20230420_DACIA_HERNANI_EIBAR_047,,d1,11:14.5,07:44.5,DACIA_SPRING,Dacia Spring 33 kW,33000,139,34:51.9,3.8,6.1,40,NE,5.935017344668872,-116.6440253233866,222,76,,,,4.0,142.0,75.0,1,203,19,100,3
35:59.2,,,81,,98.5,,,,,,,47,-2.2561195,43.27351,82.00737,27.884496656639264,35:58.9,6,0.264,0101000020E6100000A758336B880C02C037D90A5D02A34540,20230420_DACIA_HERNANI_EIBAR_047,,d1,11:14.5,07:44.5,DACIA_SPRING,Dacia Spring 33 kW,33000,139,34:51.9,3.8,6.1,40,NE,5.9577570964890905,-142.39754157158438,222,76,,,,4.0,142.0,75.0,1,203,19,100,3
36:04.7,,,81,,98.5,,,,,,,47,-2.2575088,43.27244,87.44779,28.048316451500664,36:04.9,6,-0.248,0101000020E6100000D77DABC0600F02C0B102145BDFA24540,20230420_DACIA_HERNANI_EIBAR_047,,d1,11:14.5,07:44.5,DACIA_SPRING,Dacia Spring 33 kW,33000,139,34:51.9,3.8,6.1,40,NE,5.299174384333145,-159.690099814625,222,76,,,,4.0,142.0,75.0,1,203,19,8,3
36:10.2,,,80,,98.5,,,,,,,47,-2.2590597000000003,43.271866,92.6968,28.189268520897897,36:10.0,6,0.177,0101000020E6100000EE6AC2E58D1202C0CA2BD58BCCA24540,20230420_DACIA_HERNANI_EIBAR_047,,d1,11:14.5,07:44.5,DACIA_SPRING,Dacia Spring 33 kW,33000,139,34:51.9,3.8,6.1,40,NE,4.5603256867171,-171.61757729908902,222,76,,,,4.0,142.0,75.0,1,203,19,8,3
36:15.7,,,80,,98.5,,,,,,,47,-2.2612042000000003,43.27155,99.24754,28.36653308052546,36:16.0,6,-0.348,0101000020E61000004CB0BB4FF21602C07CDD7611C2A24540,20230420_DACIA_HERNANI_EIBAR_047,,d1,11:14.5,07:44.5,DACIA_SPRING,Dacia Spring 33 kW,33000,139,34:51.9,3.8,6.1,40,NE,3.951622973671325,-179.62353421691623,222,76,,,,4.0,142.0,75.0,1,203,19,8,3
36:21.2,,,80,,98.5,,,,,,,47,-2.2630305,43.271538,105.41334,28.514529414993255,36:21.0,6,0.128,0101000020E6100000BBC7DAB7AF1A02C0E51B68B0C1A24540,20230420_DACIA_HERNANI_EIBAR_047,,d1,11:14.5,07:44.5,DACIA_SPRING,Dacia Spring 33 kW,33000,139,34:51.9,3.8,6.1,40,NE,4.338384414821037,-174.66650465302936,222,76,,,,4.0,142.0,75.0,1,203,19,8,3
36:26.5,,,80,,98.5,,,,,,,47,-2.2647872,43.271374,109.32504,28.657974112363238,36:26.1,6,0.4539999999999999,0101000020E6100000414925B2481E02C0875CC76DBCA24540,20230420_DACIA_HERNANI_EIBAR_047,,d1,11:14.5,07:44.5,DACIA_SPRING,Dacia Spring 33 kW,33000,139,34:51.9,3.8,6.1,40,NE,5.221156907071158,-161.1376627851798,222,76,,,,4.0,142.0,75.0,1,203,19,100,3
36:32.0,,,80,,98.5,,,,,,,47,-2.2669415,43.270638,114.92327,28.850720182105256,36:32.2,6,-0.1119999999999999,0101000020E610000003C72A3EB22202C05F6C4D4CA4A24540,20230420_DACIA_HERNANI_EIBAR_047,,d1,11:14.5,07:44.5,DACIA_SPRING,Dacia Spring 33 kW,33000,139,34:51.9,3.8,6.1,40,NE,5.779134756964887,-148.666219487847,222,76,,,,4.0,142.0,75.0,1,203,19,8,3
36:37.5,,,80,,98.5,,,,,,,47,-2.2682276000000003,43.269855,116.7386,28.986463981303853,36:37.4,6,0.069,0101000020E610000000BB5370542502C08E622E9C8AA24540,20230420_DACIA_HERNANI_EIBAR_047,,d1,11:14.5,07:44.5,DACIA_SPRING,Dacia Spring 33 kW,33000,139,34:51.9,3.8,6.1,40,NE,6.0579217435008585,-136.73366562956676,222,76,,,,4.0,142.0,75.0,1,203,19,8,3
36:43.0,,,80,,98.5,,,,,,,47,-2.2694547000000003,43.2687,117.01111000000002,29.14883809085394,36:43.3,6,-0.266,0101000020E6100000FDA096EFD72702C01B4BE6BC64A24540,20230420_DACIA_HERNANI_EIBAR_047,,d1,11:14.5,07:44.5,DACIA_SPRING,Dacia Spring 33 kW,33000,139,34:51.9,3.8,6.1,40,NE,6.093139594305979,-127.28238254581872,222,76,,,,4.0,142.0,75.0,1,203,19,65,3
36:48.5,,,80,,98.5,,,,,,,47,-2.2703264,43.267555,117.16971,29.294410542484734,36:48.3,6,0.1939999999999999,0101000020E6100000643958E8A02902C0C531D2493FA24540,20230420_DACIA_HERNANI_EIBAR_047,,d1,11:14.5,07:44.5,DACIA_SPRING,Dacia Spring 33 kW,33000,139,38:37.2,3.8,6.1,40,NE,6.097734371696087,-131.56163842449467,222,76,,,,4.0,142.0,75.0,1,203,19,120,3
36:55.0,,,80,,98.5,,,,,,,47,-2.2714152000000003,43.266327,116.774666,29.456944496028484,36:54.9,6,0.0969999999999999,0101000020E61000008A37B9B9DB2B02C0ADAB21FD16A24540,20230420_DACIA_HERNANI_EIBAR_047,,d1,11:14.5,07:44.5,DACIA_SPRING,Dacia Spring 33 kW,33000,139,38:37.2,3.8,6.1,40,NE,5.960812922544819,-142.26313309729372,222,76,,,,4.0,142.0,75.0,1,203,19,120,2
37:00.4,,,80,,98.5,,,,,,,47,-2.2728107000000004,43.265247,116.391426,29.62183686185152,37:00.4,6,0.046,0101000020E610000017352967B72E02C05099CE9FF3A14540,20230420_DACIA_HERNANI_EIBAR_047,,d1,11:14.5,07:44.5,DACIA_SPRING,Dacia Spring 33 kW,33000,139,38:37.2,3.8,6.1,40,NE,5.822754263899059,-147.34059222638962,222,76,,,,4.0,142.0,75.0,1,203,19,120,2
37:05.9,,,80,,98.5,,,,,,,47,-2.2741945,43.26436,114.428566,29.771123618506262,37:05.5,6,0.3979999999999999,0101000020E6100000231A97E58C3102C0B9B94383D6A14540,20230420_DACIA_HERNANI_EIBAR_047,,d1,11:14.5,07:44.5,DACIA_SPRING,Dacia Spring 33 kW,33000,139,38:37.2,3.8,6.1,40,NE,5.527763925909521,-155.01585460178524,222,76,,,,4.0,142.0,75.0,1,203,19,45,2
37:11.4,,,80,,98.5,,,,,,,47,-2.2760723,43.263485,111.85933,29.951657157835015,37:11.5,6,-0.05,0101000020E61000008248956F653502C0C3E0C9E3B9A14540,20230420_DACIA_HERNANI_EIBAR_047,,d1,11:14.5,07:44.5,DACIA_SPRING,Dacia Spring 33 kW,33000,139,38:37.2,3.8,6.1,40,NE,5.3399824123073705,-158.90682499670334,222,76,,,,4.0,142.0,75.0,1,203,19,120,2
37:16.8,,,80,,98.5,,,,,,,47,-2.2776926,43.26286,109.425896,30.1001481915145,37:16.5,6,0.265,0101000020E6100000A2528DD6B63802C0B88AA159A5A14540,20230420_DACIA_HERNANI_EIBAR_047,,d1,11:14.5,07:44.5,DACIA_SPRING,Dacia Spring 33 kW,33000,139,38:37.2,3.8,6.1,40,NE,5.452017399716759,-156.64869814635028,222,76,,,,4.0,142.0,75.0,1,203,19,25,2
37:22.3,,,80,,98.5,,,,,,,47,-2.2797008,43.261993,108.63892,30.289192647973483,37:22.6,6,-0.265,0101000020E6100000AFF0F5B3D33C02C0ED25AE0689A14540,20230420_DACIA_HERNANI_EIBAR_047,,d1,11:14.5,07:44.5,DACIA_SPRING,Dacia Spring 33 kW,33000,139,38:37.2,3.8,6.1,40,NE,5.832591139423488,-147.02785915331702,222,76,,,,4.0,142.0,75.0,1,203,19,25,3
37:27.7,,,80,,98.5,,,,,,,47,-2.2811344,43.261063,108.87004,30.44466008857249,37:27.6,6,0.108,0101000020E610000082FD2A6AC33F02C0BCB7668C6AA14540,20230420_DACIA_HERNANI_EIBAR_047,,d1,11:14.5,07:44.5,DACIA_SPRING,Dacia Spring 33 kW,33000,139,38:37.2,3.8,6.1,40,NE,5.826379779162711,-147.22597090570156,222,76,,,,4.0,142.0,75.0,1,203,19,25,3
37:33.3,,,80,,98.5,,,,,,,47,-2.2828352,43.259968,107.39917,30.62849622858685,37:33.7,6,-0.414,0101000020E6100000F910FC123F4302C03EB235AD46A14540,20230420_DACIA_HERNANI_EIBAR_047,,d1,11:14.5,07:44.5,DACIA_SPRING,Dacia Spring 33 kW,33000,139,38:37.2,3.8,6.1,40,NE,5.109728217262728,-163.10612177691866,222,76,,,,4.0,142.0,75.0,1,203,19,25,3
37:38.7,,,80,,98.5,,,,,,,47,-2.2846725,43.25941,106.71971,30.789698467154217,37:38.7,6,-0.042,0101000020E6100000FDC05E68024702C027D3426634A14540,20230420_DACIA_HERNANI_EIBAR_047,,d1,11:14.5,07:44.5,DACIA_SPRING,Dacia Spring 33 kW,33000,139,38:37.2,3.8,6.1,40,NE,4.086016755515437,-177.94537451542365,222,76,,,,4.0,142.0,75.0,1,203,19,25,3
37:44.2,,,80,,98.5,,,,,,,47,-2.2866237000000003,43.25934,106.51591,30.947895818708595,37:43.8,6,0.421,0101000020E6100000751C1866014B02C0BC7A2B0732A14540,20230420_DACIA_HERNANI_EIBAR_047,,d1,11:14.5,07:44.5,DACIA_SPRING,Dacia Spring 33 kW,33000,139,38:37.2,3.8,6.1,40,NE,2.774147608094184,167.05067033834007,222,76,,,,4.0,142.0,75.0,1,203,19,25,3
37:49.7,,,80,,98.5,,,,,,,47,-2.2888417000000003,43.25985,103.80081,31.13626543229475,37:49.8,6,-0.057,0101000020E6100000AEE6EE4D8C4F02C0F63E2AB642A14540,20230420_DACIA_HERNANI_EIBAR_047,,d1,11:14.5,07:44.5,DACIA_SPRING,Dacia Spring 33 kW,33000,139,38:37.2,3.8,6.1,40,NE,2.180363034314322,160.94284979530653,222,76,,,,4.0,142.0,75.0,1,203,19,25,3
37:55.2,,,80,,98.5,,,,,,,47,-2.2905207,43.26043,101.91313,31.286759452753312,37:54.8,6,0.392,0101000020E61000005335287EFC5202C076F93AB555A14540,20230420_DACIA_HERNANI_EIBAR_047,,d1,11:14.5,07:44.5,DACIA_SPRING,Dacia Spring 33 kW,33000,139,38:37.2,3.8,6.1,40,NE,1.731748812481733,156.49270405411104,222,76,,,,4.0,142.0,75.0,1,203,19,25,3
38:00.8,,,80,,98.5,,,,,,,47,-2.2924404,43.261265,100.62443,31.467832340495857,38:00.8,6,-0.085,0101000020E610000060EAE209EB5602C0E587EA1271A14540,20230420_DACIA_HERNANI_EIBAR_047,,d1,11:14.5,07:44.5,DACIA_SPRING,Dacia Spring 33 kW,33000,139,38:37.2,3.8,6.1,40,NE,-0.3426264852895548,136.78010024726916,222,76,,,,4.0,142.0,75.0,1,203,19,8,3
38:06.3,,,80,,98.5,,,,,,,47,-2.2935684,43.262325,101.08532,31.616949103711136,38:05.9,6,0.39,0101000020E6100000B3CA4A673A5902C0C7E444DD93A14540,20230420_DACIA_HERNANI_EIBAR_047,,d1,11:14.5,07:44.5,DACIA_SPRING,Dacia Spring 33 kW,33000,139,38:37.2,3.8,6.1,40,NE,-1.2612723647816453,128.0671036792887,222,76,,,,4.0,142.0,75.0,1,203,19,8,3
38:11.8,,,80,,98.5,,,,,,,47,-2.2946296000000004,43.26368,100.57614,31.790400300364244,38:11.9,6,-0.109,0101000020E61000009B39B6C9665B02C01D8A5932C0A14540,20230420_DACIA_HERNANI_EIBAR_047,,d1,11:14.5,07:44.5,DACIA_SPRING,Dacia Spring 33 kW,33000,139,38:37.2,3.8,6.1,40,NE,-0.0130272146613651,139.8776385268396,222,76,,,,4.0,142.0,75.0,1,203,19,8,4
38:17.3,,,80,,98.5,,,,,,,47,-2.2956655,43.264553,100.82078,31.918692918522968,38:17.0,6,0.3229999999999999,0101000020E6100000C869ADD1855D02C0193E74D9DCA14540,20230420_DACIA_HERNANI_EIBAR_047,,d1,11:14.5,07:44.5,DACIA_SPRING,Dacia Spring 33 kW,33000,139,38:37.2,3.8,6.1,40,NE,1.2511096259730037,151.83534942518244,222,76,,,,4.0,142.0,75.0,1,203,19,25,4
38:22.8,,,79,,98.5,,,,,,,47,-2.2971485,43.265347,100.39777,32.06773783958657,38:23.0,6,-0.18,0101000020E610000045A9CB638F6002C03F78ECE2F6A14540,20230420_DACIA_HERNANI_EIBAR_047,,d1,11:14.5,07:44.5,DACIA_SPRING,Dacia Spring 33 kW,33000,139,38:37.2,3.8,6.1,40,NE,1.5256546465691327,154.4838628665277,222,76,,,,4.0,142.0,75.0,1,203,19,8,4
38:28.2,,,79,,98.5,,,,,,,47,-2.2984118,43.26595,100.89543,32.19004578456023,38:28.1,6,0.147,0101000020E61000002D4E3BCF256302C039B7449C0AA24540,20230420_DACIA_HERNANI_EIBAR_047,,d1,11:14.5,07:44.5,DACIA_SPRING,Dacia Spring 33 kW,33000,139,38:37.2,3.8,6.1,40,NE,1.2740956284713616,152.05603036434647,222,76,,,,4.0,142.0,75.0,1,203,19,25,4
38:33.8,,,79,,98.5,,,,,,,47,-2.2999501,43.266766,102.37734,32.34415306053514,38:34.1,6,-0.3229999999999999,0101000020E6100000C92327324C6602C07A4B865125A24540,20230420_DACIA_HERNANI_EIBAR_047,,d1,11:14.5,07:44.5,DACIA_SPRING,Dacia Spring 33 kW,33000,139,38:37.2,3.8,6.1,40,NE,0.8502209467329642,148.01199906876394,222,76,,,,4.0,142.0,75.0,1,203,19,25,4
38:39.2,,,79,,98.5,,,,,,,47,-2.30158,43.267784000000006,103.019264,32.518020643022915,38:39.2,6,-0.013,0101000020E6100000F3A0DDBBA26902C04D5441C546A24540,20230420_DACIA_HERNANI_EIBAR_047,,d1,11:14.5,07:44.5,DACIA_SPRING,Dacia Spring 33 kW,33000,139,38:37.2,3.8,6.1,40,NE,0.8554446922718675,148.06155108334374,222,76,,,,4.0,142.0,75.0,1,203,19,8,4
38:44.7,,,78,,98.5,,,,,,,47,-2.303043,43.268696000000006,104.528824,32.67396199861453,38:44.3,6,0.427,0101000020E610000080F22BC5A16C02C0296BC49F64A24540,20230420_DACIA_HERNANI_EIBAR_047,,d1,11:14.5,07:44.5,DACIA_SPRING,Dacia Spring 33 kW,33000,139,38:37.2,3.8,6.1,40,NE,0.9781166990113754,149.22703789935568,222,76,,,,4.0,142.0,75.0,1,203,19,25,4
38:50.1,,,78,,98.5,,,,,,,47,-2.304813,43.26975,107.01665,32.859108960889486,38:50.3,6,-0.159,0101000020E610000058B24BB9417002C078FB722187A24540,20230420_DACIA_HERNANI_EIBAR_047,,d1,11:14.5,07:44.5,DACIA_SPRING,Dacia Spring 33 kW,33000,139,38:37.2,3.8,6.1,40,NE,1.1345092828871717,150.7185729388289,222,76,,,,4.0,142.0,75.0,1,203,19,25,5
38:55.6,,,78,,98.5,,,,,,,47,-2.306311,43.270590000000006,111.90006,33.012269178539206,38:55.3,6,0.324,0101000020E61000004B16932A537302C0F76EECBCA2A24540,20230420_DACIA_HERNANI_EIBAR_047,,d1,11:14.5,07:44.5,DACIA_SPRING,Dacia Spring 33 kW,33000,139,38:37.2,3.8,6.1,40,NE,0.5107496259274041,144.8029670774972,222,76,,,,4.0,142.0,75.0,1,203,19,25,5
39:01.2,,,78,,98.5,,,,,,,47,-2.3079088,43.271717,117.32752,33.19245919137698,39:01.4,6,-0.174,0101000020E6100000EFCF2DE2987602C0EA5EB5ADC7A24540,20230420_DACIA_HERNANI_EIBAR_047,,d1,11:14.5,07:44.5,DACIA_SPRING,Dacia Spring 33 kW,33000,139,38:37.2,3.8,6.1,40,NE,-1.3232728018320916,127.47122106854708,222,76,,,,4.0,142.0,75.0,1,203,19,25,5
39:06.7,,,78,,98.5,,,,,,,47,-2.3088386,43.27293,122.34664,33.3470050726843,39:06.4,6,0.318,0101000020E6100000D47F4350807802C066C1BA66EFA24540,20230420_DACIA_HERNANI_EIBAR_047,,d1,11:14.5,07:44.5,DACIA_SPRING,Dacia Spring 33 kW,33000,139,38:37.2,3.8,6.1,40,NE,-2.625163866943686,114.50992555194848,222,76,,,,4.0,142.0,75.0,1,203,19,8,5
39:12.3,,,78,,98.5,,,,,,,47,-2.3095453,43.27448,127.83999,33.52868858026274,39:12.5,6,-0.191,0101000020E61000007405C7D7F27902C0C7B61D1722A34540,20230420_DACIA_HERNANI_EIBAR_047,,d1,11:14.5,07:44.5,DACIA_SPRING,Dacia Spring 33 kW,33000,139,38:37.2,3.8,6.1,40,NE,-3.226342704581734,108.06825434566308,222,76,,,,4.0,142.0,75.0,1,203,19,8,5
39:17.8,,,78,,98.5,,,,,,,47,-2.3099606,43.275753,134.40295,33.67432587101127,39:17.5,6,0.325,0101000020E61000004656A094CC7A02C0291954E34BA34540,20230420_DACIA_HERNANI_EIBAR_047,,d1,11:14.5,07:44.5,DACIA_SPRING,Dacia Spring 33 kW,33000,139,39:52.0,3.8,6.1,40,NE,-2.4965661443615037,115.84081733027932,222,76,,,,4.0,142.0,75.0,1,203,19,8,5
39:23.3,,,78,,98.5,,,,,,,47,-2.3106885,43.277256,141.91489,33.85169555995281,39:23.5,6,-0.195,0101000020E6100000BFB631344A7C02C01AC897227DA34540,20230420_DACIA_HERNANI_EIBAR_047,,d1,11:14.5,07:44.5,DACIA_SPRING,Dacia Spring 33 kW,33000,139,39:52.0,3.8,6.1,40,NE,-1.7294033609895234,123.5302701324832,222,76,,,,4.0,142.0,75.0,1,203,19,85,6
39:28.9,,,78,,98.5,,,,,,,47,-2.311485,43.278458,146.59749,34.00016642221905,39:28.6,6,0.271,0101000020E6100000F79337D6EB7D02C01218DD76A4A34540,20230420_DACIA_HERNANI_EIBAR_047,,d1,11:14.5,07:44.5,DACIA_SPRING,Dacia Spring 33 kW,33000,139,39:52.0,3.8,6.1,40,NE,-0.2525087447395429,137.62757043130225,222,76,,,,4.0,142.0,75.0,1,203,19,85,6
39:34.4,,,77,,98.5,,,,,,,47,-2.312898,43.279747,151.39717,34.18360773033117,39:34.6,6,-0.174,0101000020E610000027A578A1D08002C0E4F37BC3CEA34540,20230420_DACIA_HERNANI_EIBAR_047,,d1,11:14.5,07:44.5,DACIA_SPRING,Dacia Spring 33 kW,33000,139,39:52.0,3.8,6.1,40,NE,1.2711407940028063,152.02765188646717,222,76,,,,4.0,142.0,75.0,1,203,19,85,6
39:39.9,,,77,,98.5,,,,,,,47,-2.3144853,43.28059,155.82791,34.342720628179414,39:39.7,6,0.214,0101000020E6100000CF8939E4108402C032BFA46EEAA34540,20230420_DACIA_HERNANI_EIBAR_047,,d1,11:14.5,07:44.5,DACIA_SPRING,Dacia Spring 33 kW,33000,139,39:52.0,3.8,6.1,40,NE,1.8276486054839067,157.4344521095022,222,76,,,,4.0,142.0,75.0,1,203,19,8,6
39:45.4,,,77,,98.5,,,,,,,47,-2.316396,43.281384,162.5981,34.52094485892954,39:45.7,6,-0.275,0101000020E6100000615CC9AFFA8702C09315E76404A44540,20230420_DACIA_HERNANI_EIBAR_047,,d1,11:14.5,07:44.5,DACIA_SPRING,Dacia Spring 33 kW,33000,139,39:52.0,3.8,6.1,40,NE,1.7581399280796948,156.75139966555776,222,76,,,,4.0,142.0,75.0,1,203,19,85,6
39:50.8,,,76,,98.5,,,,,,,47,-2.3179579,43.282055,167.99957,34.667851972619594,39:50.8,6,0.048,0101000020E610000085E8467A2D8B02C0A24C34501AA44540,20230420_DACIA_HERNANI_EIBAR_047,,d1,11:14.5,07:44.5,DACIA_SPRING,Dacia Spring 33 kW,33000,139,39:52.0,3.8,6.1,40,NE,1.6522298611726032,155.71529078701224,222,76,,,,4.0,142.0,75.0,1,203,19,8,6
39:56.3,,,76,,98.5,,,,,,,47,-2.3198307,43.2829,175.31883,34.846357874759605,39:56.8,6,-0.4629999999999999,0101000020E61000002BD5BC60038F02C04BC30A2A36A44540,20230420_DACIA_HERNANI_EIBAR_047,,d1,11:14.5,07:44.5,DACIA_SPRING,Dacia Spring 33 kW,33000,139,39:52.0,3.8,6.1,40,NE,1.7680906907358482,156.84903180519566,385,98,32.0,155.0,189.0,,,,9,293,92,8,7
40:01.7,,,76,,98.5,,,,,,,47,-2.321414,43.283577,181.88704,34.995139239923525,40:01.8,6,-0.143,0101000020E61000007C45E27B419202C06AC0423E4CA44540,20230420_DACIA_HERNANI_EIBAR_047,,d1,11:14.5,07:44.5,DACIA_SPRING,Dacia Spring 33 kW,33000,139,39:52.0,3.8,6.1,40,NE,2.336685404729698,162.52355269530358,385,98,32.0,155.0,189.0,,,,9,293,92,8,7
40:07.2,,,76,,98.5,,,,,,,47,-2.323145,43.284122,189.60571,35.147995617856964,40:06.8,6,0.327,0101000020E6100000B51F93F9CC9502C0CED1781A5EA44540,20230420_DACIA_HERNANI_EIBAR_047,,d1,11:14.5,07:44.5,DACIA_SPRING,Dacia Spring 33 kW,33000,139,39:52.0,3.8,6.1,40,NE,2.919504744395818,168.59448432098282,385,98,32.0,155.0,189.0,,,,9,293,92,120,7
40:12.7,,,76,,98.5,,,,,,,47,-2.3253806,43.284573,194.44336,35.33583983330692,40:12.9,6,-0.161,0101000020E61000000B65591B619A02C03AAE27E56CA44540,20230420_DACIA_HERNANI_EIBAR_047,,d1,11:14.5,07:44.5,DACIA_SPRING,Dacia Spring 33 kW,33000,139,39:52.0,3.8,6.1,40,NE,3.402391387229737,173.90165472778108,385,98,32.0,155.0,189.0,,,,9,293,92,45,7
40:18.2,,,76,,98.5,,,,,,,47,-2.3271964,43.284767,198.1452,35.48444053321879,40:17.9,6,0.276,0101000020E6100000616A1F2E199E02C01FE0554273A44540,20230420_DACIA_HERNANI_EIBAR_047,,d1,11:14.5,07:44.5,DACIA_SPRING,Dacia Spring 33 kW,33000,139,39:52.0,3.8,6.1,40,NE,3.90185885645628,179.76565075898546,385,98,32.0,155.0,189.0,,,,9,293,92,25,6
40:23.8,,,76,,98.5,,,,,,,47,-2.3291523,43.284775,205.7212,35.64294433046876,40:24.0,6,-0.22,0101000020E6100000E40D90A71AA202C0B2D1047F73A44540,20230420_DACIA_HERNANI_EIBAR_047,,d1,11:14.5,07:44.5,DACIA_SPRING,Dacia Spring 33 kW,33000,139,39:52.0,3.8,6.1,40,NE,4.094372309329662,-177.839588115709,385,98,32.0,155.0,189.0,,,,9,293,92,8,6
40:29.3,,,76,,98.5,,,,,,,47,-2.3307693,43.284714,211.10545,35.774118482030204,40:29.0,6,0.241,0101000020E61000007F27836B6AA502C0DE8FFD7371A44540,20230420_DACIA_HERNANI_EIBAR_047,,d1,11:14.5,07:44.5,DACIA_SPRING,Dacia Spring 33 kW,33000,139,39:52.0,3.8,6.1,40,NE,4.227454809813734,-176.12992647659198,385,98,32.0,155.0,189.0,,,,9,293,92,85,6
40:34.8,,,76,,98.5,,,,,,,47,-2.332691,43.284584,216.96532,35.93045069862207,40:35.1,6,-0.265,0101000020E610000059F76AD659A902C096EBA0356DA44540,20230420_DACIA_HERNANI_EIBAR_047,,d1,11:14.5,07:44.5,DACIA_SPRING,Dacia Spring 33 kW,33000,139,39:52.0,3.8,6.1,40,NE,4.119253263656162,-177.52352598332058,385,98,32.0,155.0,189.0,,,,9,293,92,45,6
40:40.3,,,76,,98.5,,,,,,,47,-2.334402,43.28451,219.939,36.069224024295686,40:40.1,6,0.209,0101000020E61000000E0DF903DBAC02C0FD6991ED6AA44540,20230420_DACIA_HERNANI_EIBAR_047,,d1,11:14.5,07:44.5,DACIA_SPRING,Dacia Spring 33 kW,33000,139,39:52.0,3.8,6.1,40,NE,3.773751989463352,178.2174616618008,385,98,32.0,155.0,189.0,,,,9,293,92,100,6
40:45.8,,,76,,98.5,,,,,,,47,-2.3367798,43.284584,223.50266,36.26190429431703,40:46.2,6,-0.379,0101000020E6100000E5AA039FB9B102C029E8DA326DA44540,20230420_DACIA_HERNANI_EIBAR_047,,d1,11:14.5,07:44.5,DACIA_SPRING,Dacia Spring 33 kW,33000,139,39:52.0,3.8,6.1,40,NE,3.9095711186077855,179.85995559946312,385,98,32.0,155.0,189.0,,,,9,293,92,100,6
40:51.2,,,76,,98.5,,,,,,,47,-2.3384163,43.284588,227.30203,36.39442625562336,40:51.2,6,-0.006,0101000020E61000006596E1A513B502C09D58B4546DA44540,20230420_DACIA_HERNANI_EIBAR_047,,d1,11:14.5,07:44.5,DACIA_SPRING,Dacia Spring 33 kW,33000,139,39:52.0,3.8,6.1,40,NE,-3.9210044190878905,0.0,385,98,32.0,155.0,189.0,,,,9,293,92,120,6
40:56.7,,,76,,98.5,,,,,,,47,-2.3384163,43.284588,227.30203,36.39442625562336,40:56.3,6,0.481,0101000020E61000006596E1A513B502C09D58B4546DA44540,20230420_DACIA_HERNANI_EIBAR_047,,d1,11:14.5,07:44.5,DACIA_SPRING,Dacia Spring 33 kW,33000,139,39:52.0,3.8,6.1,40,NE,-3.9210044190878905,0.0,385,98,32.0,155.0,189.0,,,,9,293,92,120,6
41:02.1,,,76,,98.5,,,,,,,47,-2.3384163,43.284588,227.30203,36.39442625562336,41:02.3,6,-0.173,0101000020E61000006596E1A513B502C09D58B4546DA44540,20230420_DACIA_HERNANI_EIBAR_047,,d1,11:14.5,07:44.5,DACIA_SPRING,Dacia Spring 33 kW,33000,139,39:52.0,3.8,6.1,40,NE,-3.9210044190878905,0.0,385,98,32.0,155.0,189.0,,,,9,293,92,120,6
41:07.7,,,76,,98.5,,,,,,,47,-2.3384163,43.284588,227.30203,36.39442625562336,41:07.3,6,0.417,0101000020E61000006596E1A513B502C09D58B4546DA44540,20230420_DACIA_HERNANI_EIBAR_047,,d1,11:14.5,07:44.5,DACIA_SPRING,Dacia Spring 33 kW,33000,139,39:52.0,3.8,6.1,40,NE,-3.9210044190878905,0.0,385,98,32.0,155.0,189.0,,,,9,293,92,120,6
41:15.0,,,76,,98.5,,,,,,,47,-2.3384163,43.284588,227.30203,36.39442625562336,41:15.0,6,-0.006,0101000020E61000006596E1A513B502C09D58B4546DA44540,20230420_DACIA_HERNANI_EIBAR_047,,d1,11:14.5,07:44.5,DACIA_SPRING,Dacia Spring 33 kW,33000,139,39:52.0,3.8,6.1,40,NE,3.569648235586892,175.81628908796662,385,98,32.0,155.0,189.0,,,,9,293,92,120,6
41:20.6,,,76,,98.5,,,,,,,47,-2.346605,43.285187,215.97635,37.06069288554397,41:20.4,6,0.108,0101000020E610000081D0C6DED8C502C0BBCB570181A44540,20230420_DACIA_HERNANI_EIBAR_047,,d1,11:14.5,07:44.5,DACIA_SPRING,Dacia Spring 33 kW,33000,139,39:52.0,3.8,6.1,40,NE,2.904119450299497,168.43002795203608,385,98,32.0,155.0,189.0,,,,9,293,92,100,5
41:26.0,,,76,,98.5,,,,,,,47,-2.3483195,43.285538,203.50903,37.2053934539862,41:26.5,6,-0.435,0101000020E610000002C1EAB15BC902C0B22F688C8CA44540,20230420_DACIA_HERNANI_EIBAR_047,,d1,11:14.5,07:44.5,DACIA_SPRING,Dacia Spring 33 kW,33000,139,39:52.0,3.8,6.1,40,NE,4.00124622527463,-179.00888365301392,385,98,32.0,155.0,189.0,,,,9,293,92,100,5
41:31.6,,,76,,98.5,,,,,,,47,-2.3499380000000003,43.28551,201.75478,37.336449893515784,41:31.5,6,0.062,0101000020E61000002BCDF349ACCC02C00B4D9EAD8BA44540,20230420_DACIA_HERNANI_EIBAR_047,,d1,11:14.5,07:44.5,DACIA_SPRING,Dacia Spring 33 kW,33000,139,39:52.0,3.8,6.1,40,NE,2.842133159676384,167.77000374828407,385,98,32.0,155.0,189.0,,,,9,293,92,100,5
41:37.2,,,76,,98.5,,,,,,,47,-2.3519217999999995,43.28594,203.19514,37.50399953577697,41:37.6,6,-0.3939999999999999,0101000020E61000000DE29160BCD002C04B7795A399A44540,20230420_DACIA_HERNANI_EIBAR_047,,d1,11:14.5,07:44.5,DACIA_SPRING,Dacia Spring 33 kW,33000,139,39:52.0,3.8,6.1,40,NE,2.882749364905824,168.20202179419255,385,98,32.0,155.0,189.0,,,,9,293,92,8,5
41:42.6,,,75,,98.5,,,,,,,47,-2.35354,43.286278,207.55974,37.64033707841284,41:42.6,6,-0.027,0101000020E6100000C019AFB20CD402C075B4E4B7A4A44540,20230420_DACIA_HERNANI_EIBAR_047,,d1,11:14.5,07:44.5,DACIA_SPRING,Dacia Spring 33 kW,33000,139,39:52.0,3.8,6.1,40,NE,4.507977664731496,-172.35261674653503,385,98,32.0,155.0,189.0,,,,9,293,92,8,5
41:48.1,,,75,,98.5,,,,,,,47,-2.3551338,43.286064,210.26674,37.771548264031686,41:47.6,6,0.485,0101000020E610000011119B5850D702C011F172B59DA44540,20230420_DACIA_HERNANI_EIBAR_047,,d1,11:14.5,07:44.5,DACIA_SPRING,Dacia Spring 33 kW,33000,139,43:37.2,2.2,3.6,319,NW,-0.8639631737893793,-152.88593661010424,385,98,32.0,155.0,189.0,,,,9,293,92,8,5
41:53.5,,,76,,98.5,,,,,,,47,-2.3565712000000003,43.285328,213.26862000000003,37.913828509832136,41:53.7,6,-0.122,0101000020E6100000FC1D290D42DA02C05DC3649B85A44540,20230420_DACIA_HERNANI_EIBAR_047,,d1,11:14.5,07:44.5,DACIA_SPRING,Dacia Spring 33 kW,33000,139,43:37.2,2.2,3.6,319,NW,0.1141186612690495,-137.18344077610806,385,98,32.0,155.0,189.0,,,,9,293,92,8,5
41:59.0,,,75,,98.5,,,,,,,47,-2.3574357000000004,43.284527,209.74673,38.02715148042295,41:58.7,6,0.3329999999999999,0101000020E61000001864504707DC02C0ACF6435C6BA44540,20230420_DACIA_HERNANI_EIBAR_047,,d1,11:14.5,07:44.5,DACIA_SPRING,Dacia Spring 33 kW,33000,139,43:37.2,2.2,3.6,319,NW,0.8456671312118539,-125.41382757134448,385,98,32.0,155.0,189.0,,,,9,293,92,100,5
42:04.5,,,75,,98.5,,,,,,,47,-2.358274,43.283348,212.50058,38.17479653544309,42:04.8,6,-0.285,0101000020E6100000F0E00DB2BEDD02C033F7AAC544A44540,20230420_DACIA_HERNANI_EIBAR_047,,d1,11:14.5,07:44.5,DACIA_SPRING,Dacia Spring 33 kW,33000,139,43:37.2,2.2,3.6,319,NW,0.861513007855738,-125.15422945273438,385,98,32.0,155.0,189.0,,,,9,293,92,8,4
42:10.0,,,75,,98.5,,,,,,,47,-2.3590071,43.282307,213.10664,38.30487682539884,42:09.8,6,0.145,0101000020E61000000C4994203FDF02C019D17B9F22A44540,20230420_DACIA_HERNANI_EIBAR_047,,d1,11:14.5,07:44.5,DACIA_SPRING,Dacia Spring 33 kW,33000,139,43:37.2,2.2,3.6,319,NW,0.4566740979085605,-131.71217027463402,385,98,32.0,155.0,189.0,,,,9,293,92,8,4
42:15.5,,,75,,98.5,,,,,,,47,-2.360058,43.281128,210.62827,38.461177251810625,42:15.8,6,-0.366,0101000020E610000018C72F2666E102C0713A0203FCA34540,20230420_DACIA_HERNANI_EIBAR_047,,d1,11:14.5,07:44.5,DACIA_SPRING,Dacia Spring 33 kW,33000,139,43:37.2,2.2,3.6,319,NW,0.0416334513148079,-138.3373682712768,385,98,32.0,155.0,189.0,,,,9,293,92,100,4
42:21.0,,,75,,98.5,,,,,,,47,-2.3611088,43.280193,208.23811,38.59552961782791,42:20.9,6,0.085,0101000020E61000004A3241F38CE302C0F32BF36BDDA34540,20230420_DACIA_HERNANI_EIBAR_047,,d1,11:14.5,07:44.5,DACIA_SPRING,Dacia Spring 33 kW,33000,139,43:37.2,2.2,3.6,319,NW,-0.1143666070381283,-140.82050739187332,385,98,32.0,155.0,189.0,,,,9,293,92,100,4
42:26.5,,,75,,98.5,,,,,,,47,-2.3625076000000003,43.279053000000005,204.41411,38.765545849125886,42:26.9,6,-0.413,0101000020E6100000C313BF696AE602C0957F72F0B7A34540,20230420_DACIA_HERNANI_EIBAR_047,,d1,11:14.5,07:44.5,DACIA_SPRING,Dacia Spring 33 kW,33000,139,43:37.2,2.2,3.6,319,NW,-0.1095804118248812,-140.74429584946384,385,98,32.0,155.0,189.0,,,,9,293,92,8,4
42:32.0,,,75,,98.5,,,,,,,47,-2.363582,43.278175,200.36664,38.896361207423304,42:32.0,6,0.034,0101000020E61000001E6277AA9DE802C07E4E9D369BA34540,20230420_DACIA_HERNANI_EIBAR_047,,d1,11:14.5,07:44.5,DACIA_SPRING,Dacia Spring 33 kW,33000,139,43:37.2,2.2,3.6,319,NW,-0.0674088878299698,-140.0729084730079,385,98,32.0,155.0,189.0,,,,9,293,92,100,4
42:39.6,,,75,,98.5,,,,,,,47,-2.3647625,43.277187,197.84993,39.04199313002965,42:39.3,6,0.28,0101000020E610000041CB48A808EB02C05F9D5AD47AA34540,20230420_DACIA_HERNANI_EIBAR_047,,d1,11:14.5,07:44.5,DACIA_SPRING,Dacia Spring 33 kW,33000,139,43:37.2,2.2,3.6,319,NW,0.6287738912987874,-128.9411612627134,385,98,32.0,155.0,189.0,,,,9,293,92,8,4
42:45.1,,,75,,98.5,,,,,,,47,-2.365712,43.276012,195.50981,39.19359975319171,42:45.1,6,0.059,0101000020E610000018E43E50FAEC02C09DA1375354A34540,20230420_DACIA_HERNANI_EIBAR_047,,d1,11:14.5,07:44.5,DACIA_SPRING,Dacia Spring 33 kW,33000,139,43:37.2,2.2,3.6,319,NW,2.177585171539547,-101.77944954150053,385,98,32.0,155.0,189.0,,,,9,293,92,8,3
42:50.6,,,75,,98.5,,,,,,,47,-2.3659856,43.2747,188.1862,39.34134104556566,42:50.2,6,0.465,0101000020E6100000BA1E55EB89ED02C0081A706F29A34540,20230420_DACIA_HERNANI_EIBAR_047,,d1,11:14.5,07:44.5,DACIA_SPRING,Dacia Spring 33 kW,33000,139,43:37.2,2.2,3.6,319,NW,0.4276720149724334,-132.1772757533782,385,98,32.0,155.0,189.0,,,,9,293,92,40,3
42:56.1,,,75,,98.5,,,,,,,47,-2.3671290000000003,43.273438,180.6478,39.509619789827156,42:56.2,6,-0.13,0101000020E6100000710AF965E1EF02C0020477F3FFA24540,20230420_DACIA_HERNANI_EIBAR_047,,d1,11:14.5,07:44.5,DACIA_SPRING,Dacia Spring 33 kW,33000,139,43:37.2,2.2,3.6,319,NW,0.1009750218670347,-137.39272181947453,385,98,32.0,155.0,189.0,,,,9,293,92,100,3
43:01.7,,,75,,98.5,,,,,,,47,-2.3683195,43.272343,162.8011,39.66593180598816,43:01.3,6,0.369,0101000020E6100000893D9B8B51F202C081F3B120DCA24540,20230420_DACIA_HERNANI_EIBAR_047,,d1,11:14.5,07:44.5,DACIA_SPRING,Dacia Spring 33 kW,33000,139,43:37.2,2.2,3.6,319,NW,0.6312506362867984,-128.90112479135593,385,98,32.0,155.0,189.0,,,,9,293,92,8,3
43:07.3,,,75,,98.5,,,,,,,47,-2.369379,43.27103,152.73682,39.83556409832279,43:07.3,6,-0.016,0101000020E6100000F08337067DF402C0B299EC15B1A24540,20230420_DACIA_HERNANI_EIBAR_047,,d1,11:14.5,07:44.5,DACIA_SPRING,Dacia Spring 33 kW,33000,139,43:37.2,2.2,3.6,319,NW,-0.1301878834849249,-141.0724564072273,385,98,32.0,155.0,189.0,,,,9,293,92,85,3
43:12.9,,,75,,98.5,,,,,,,47,-2.370679,43.26998,146.80727,39.99286959041644,43:13.4,6,-0.487,0101000020E6100000471ACD7526F702C0B144D5C88EA24540,20230420_DACIA_HERNANI_EIBAR_047,,d1,11:14.5,07:44.5,DACIA_SPRING,Dacia Spring 33 kW,33000,139,43:37.2,2.2,3.6,319,NW,0.0924593956879042,-137.52830118896412,385,98,32.0,155.0,189.0,,,,9,293,92,120,3
43:18.4,,,75,,98.5,,,,,,,47,-2.371684,43.26906,140.26088,40.12374773604019,43:18.4,6,0.006,0101000020E61000003AA1A67F35F902C060DA3C8B70A24540,20230420_DACIA_HERNANI_EIBAR_047,,d1,11:14.5,07:44.5,DACIA_SPRING,Dacia Spring 33 kW,33000,139,43:37.2,2.2,3.6,319,NW,0.0531008632348212,-138.15484286473747,385,98,32.0,155.0,189.0,,,,9,293,92,120,2
43:23.9,,,75,,98.5,,,,,,,47,-2.372689,43.26816,134.03256000000002,40.25288008205258,43:23.5,6,0.374,0101000020E610000078D95D6344FB02C0E8FD5D2453A24540,20230420_DACIA_HERNANI_EIBAR_047,,d1,11:14.5,07:44.5,DACIA_SPRING,Dacia Spring 33 kW,33000,139,43:37.2,2.2,3.6,319,NW,0.1200016396896958,-137.08976071730777,385,98,32.0,155.0,189.0,,,,9,293,92,8,2
43:29.4,,,75,,98.5,,,,,,,47,-2.3737755000000003,43.26715,122.26254,40.39602452466142,43:29.5,6,-0.078,0101000020E61000007B4435F47DFD02C01E7D7D0A32A24540,20230420_DACIA_HERNANI_EIBAR_047,,d1,11:14.5,07:44.5,DACIA_SPRING,Dacia Spring 33 kW,33000,139,43:37.2,2.2,3.6,319,NW,1.1772638889536684,-119.91213552075509,385,98,32.0,155.0,189.0,,,,9,293,92,120,2
43:34.9,,,75,,98.5,,,,,,,47,-2.374337,43.266174,114.37085,40.513953354908395,43:34.6,6,0.3339999999999999,0101000020E6100000DA7B8159A4FE02C074B6ABFD11A24540,20230420_DACIA_HERNANI_EIBAR_047,,d1,11:14.5,07:44.5,DACIA_SPRING,Dacia Spring 33 kW,33000,139,43:37.2,2.2,3.6,319,NW,0.6737071102124177,-128.21402490484712,385,98,32.0,155.0,189.0,,,,9,293,92,120,2
43:40.4,,,75,,98.5,,,,,,,47,-2.3752062,43.26507,107.46801,40.6556245861459,43:40.6,6,-0.214,0101000020E610000069F5CB1C6C0003C085A668DCEDA14540,20230420_DACIA_HERNANI_EIBAR_047,,d1,11:14.5,07:44.5,DACIA_SPRING,Dacia Spring 33 kW,33000,139,43:37.2,2.2,3.6,319,NW,-1.0426131754071886,-155.83489433067209,385,98,32.0,155.0,189.0,,,,9,293,92,120,2
43:45.8,,,75,,98.5,,,,,,,47,-2.3766103,43.26444,101.67278,40.789291636927906,43:45.7,6,0.123,0101000020E610000033B4044F4C0303C02C3EDC25D9A14540,20230420_DACIA_HERNANI_EIBAR_047,,d1,11:14.5,07:44.5,DACIA_SPRING,Dacia Spring 33 kW,33000,139,43:37.2,2.2,3.6,319,NW,0.0797456457972726,-137.73070480820067,385,98,32.0,155.0,189.0,,,,9,293,92,120,2
43:51.3,,,75,,98.5,,,,,,,47,-2.3779085,43.26326,89.58277,40.957850824294404,43:51.7,6,-0.4029999999999999,0101000020E610000016D860E6F40503C0ADCA9071B2A14540,20230420_DACIA_HERNANI_EIBAR_047,,d1,11:14.5,07:44.5,DACIA_SPRING,Dacia Spring 33 kW,33000,139,43:37.2,2.2,3.6,319,NW,0.1546310293110447,-136.53821335158017,385,98,32.0,155.0,189.0,,,,9,293,92,120,2
43:56.9,,,75,,98.5,,,,,,,47,-2.379027,43.2622,80.33994,41.10678314507054,43:56.8,6,0.06,0101000020E61000006B11A2473F0803C0017552B48FA14540,20230420_DACIA_HERNANI_EIBAR_047,,d1,11:14.5,07:44.5,DACIA_SPRING,Dacia Spring 33 kW,33000,139,43:37.2,2.2,3.6,319,NW,-0.0718185360899694,-140.1431033342257,385,98,32.0,155.0,189.0,,,,9,293,92,120,2
44:02.3,,,75,,98.5,,,,,,,47,-2.3803985,43.261055,75.27046,41.27580840065956,44:02.8,6,-0.485,0101000020E6100000407C8B550E0B03C09BFF92346AA14540,20230420_DACIA_HERNANI_EIBAR_047,,d1,11:14.5,07:44.5,DACIA_SPRING,Dacia Spring 33 kW,33000,139,43:37.2,2.2,3.6,319,NW,0.978260595570605,-123.23222304424036,385,98,32.0,155.0,189.0,,,,9,293,92,120,1
44:07.8,,,75,,98.5,,,,,,,47,-2.3811061,43.259975,71.91386,41.408910717069375,44:07.8,6,-0.008,0101000020E61000001F89DF6A810C03C0A654F3D646A14540,20230420_DACIA_HERNANI_EIBAR_047,,d1,11:14.5,07:44.5,DACIA_SPRING,Dacia Spring 33 kW,33000,139,43:37.2,2.2,3.6,319,NW,-0.3555970522336377,-144.66874669384853,385,98,32.0,155.0,189.0,,,,9,293,92,120,1
44:13.4,,,75,,98.5,,,,,,,47,-2.3823433,43.259098,67.74068,41.54878392617311,44:12.9,6,0.492,0101000020E6100000EB7DD3F6090F03C0F555EC2B2AA14540,20230420_DACIA_HERNANI_EIBAR_047,,d1,11:14.5,07:44.5,DACIA_SPRING,Dacia Spring 33 kW,33000,139,43:37.2,2.2,3.6,319,NW,-0.8602607323773797,-152.82524442450287,385,98,32.0,155.0,189.0,,,,9,293,92,120,1
44:18.9,,,74,,98.5,,,,,,,47,-2.3840594,43.258217,64.07004,41.71885038150313,44:18.9,6,-0.047,0101000020E6100000042255B48D1203C0B5F66E490DA14540,20230420_DACIA_HERNANI_EIBAR_047,,d1,11:14.5,07:44.5,DACIA_SPRING,Dacia Spring 33 kW,33000,139,44:52.0,3.8,6.1,40,NE,5.720587338524846,-150.31448375814347,385,98,32.0,155.0,189.0,,,,9,293,92,120,1
44:24.3,,,74,,98.5,,,,,,,47,-2.3853698,43.25747,62.453735,41.85362002849705,44:24.0,6,0.391,0101000020E61000003340CDC83C1503C0A7A800BAF4A04540,20230420_DACIA_HERNANI_EIBAR_047,,d1,11:14.5,07:44.5,DACIA_SPRING,Dacia Spring 33 kW,33000,139,44:52.0,3.8,6.1,40,NE,4.981020882560174,-165.2580160903196,385,98,32.0,155.0,189.0,,,,9,293,92,85,1
44:29.8,,,74,,98.5,,,,,,,47,-2.387156,43.257,60.461403,42.007433689017574,44:30.0,6,-0.128,0101000020E61000009FFC5543E51803C07EEE1062E5A04540,20230420_DACIA_HERNANI_EIBAR_047,,d1,11:14.5,07:44.5,DACIA_SPRING,Dacia Spring 33 kW,33000,139,44:52.0,3.8,6.1,40,NE,4.985847902864577,-165.17939796266845,385,98,32.0,155.0,189.0,,,,9,293,92,85,1
44:35.3,,,74,,98.5,,,,,,,47,-2.3886564,43.256603000000005,58.9525,42.13671866419832,44:35.0,6,0.235,0101000020E61000006BFA9EDCF71B03C0467D4457D8A04540,20230420_DACIA_HERNANI_EIBAR_047,,d1,11:14.5,07:44.5,DACIA_SPRING,Dacia Spring 33 kW,33000,139,44:52.0,3.8,6.1,40,NE,6.009450196938588,-139.88451048524612,385,98,32.0,155.0,189.0,,,,9,293,92,25,1
44:40.8,,,74,,98.5,,,,,,,47,-2.3899145,43.255543,61.78868000000001,42.29254260269213,44:41.1,6,-0.2689999999999999,0101000020E610000022AF79888B1E03C048EA41A5B5A04540,20230420_DACIA_HERNANI_EIBAR_047,,d1,11:14.5,07:44.5,DACIA_SPRING,Dacia Spring 33 kW,33000,139,44:52.0,3.8,6.1,40,NE,5.448791163484415,-103.28381814366723,385,98,32.0,155.0,189.0,,,,9,293,92,25,1
44:46.2,,,74,,98.5,,,,,,,47,-2.390254,43.254105,62.007027,42.45478764292894,44:46.2,6,0.047,0101000020E6100000C418567A3D1F03C01F55977B86A04540,20230420_DACIA_HERNANI_EIBAR_047,,d1,11:14.5,07:44.5,DACIA_SPRING,Dacia Spring 33 kW,33000,139,44:52.0,3.8,6.1,40,NE,4.366899788325515,-85.71579247515753,385,98,32.0,155.0,189.0,,,,9,293,92,25,1
44:51.7,,,74,,98.5,,,,,,,47,-2.3901677,43.252953000000005,62.44854,42.58307548501393,44:51.2,6,0.482,0101000020E610000012281639101F03C096C2C6B660A04540,20230420_DACIA_HERNANI_EIBAR_047,,d1,11:14.5,07:44.5,DACIA_SPRING,Dacia Spring 33 kW,33000,139,44:52.0,3.8,6.1,40,NE,5.775757965423939,-111.23493297944992,385,98,32.0,155.0,189.0,,,,9,293,92,25,1
44:57.2,,,74,,98.5,,,,,,,47,-2.3906507,43.25171,62.537403000000005,42.72671960467855,44:57.3,6,-0.128,0101000020E61000006E9E1C750D2003C07B925F0538A04540,20230420_DACIA_HERNANI_EIBAR_047,,d1,11:14.5,07:44.5,DACIA_SPRING,Dacia Spring 33 kW,33000,139,44:52.0,3.8,6.1,40,NE,5.751334488856652,-149.4656029378201,385,98,32.0,155.0,189.0,,,,9,293,92,25,1
45:02.6,,,74,,98.5,,,,,,,47,-2.392068,43.250874,63.574486,42.874429947475534,45:02.3,6,0.305,0101000020E6100000E4ECA97BF42203C01C11C8A11CA04540,20230420_DACIA_HERNANI_EIBAR_047,,d1,11:14.5,07:44.5,DACIA_SPRING,Dacia Spring 33 kW,33000,139,44:52.0,3.8,6.1,40,NE,6.007578685506939,-139.98639286101115,385,98,32.0,155.0,189.0,,,,9,293,92,85,1
45:08.3,,,74,,98.5,,,,,,,47,-2.3934724,43.249695,65.378,43.04800334711326,45:08.4,6,-0.11,0101000020E6100000E17365E2D42503C02C3933F5F59F4540,20230420_DACIA_HERNANI_EIBAR_047,,d1,11:14.5,07:44.5,DACIA_SPRING,Dacia Spring 33 kW,33000,139,44:52.0,3.8,6.1,40,NE,5.931571182672605,-116.50461448850284,385,98,32.0,155.0,189.0,,,,9,293,92,25,1
45:13.8,,,74,,98.5,,,,,,,47,-2.3941157000000004,43.248405,64.802925,43.200615418660654,45:13.4,6,0.356,0101000020E61000004EFF3218262703C0EEDFF2C5CB9F4540,20230420_DACIA_HERNANI_EIBAR_047,,d1,11:14.5,07:44.5,DACIA_SPRING,Dacia Spring 33 kW,33000,139,44:52.0,3.8,6.1,40,NE,5.708587415970498,-109.36330423882022,385,98,32.0,155.0,189.0,,,,9,293,92,25,1
45:19.3,,,74,,98.5,,,,,,,47,-2.3946664,43.246838,64.34382,43.3804768119055,45:19.5,6,-0.19,0101000020E61000009DCCB5D3462803C029209D5F989F4540,20230420_DACIA_HERNANI_EIBAR_047,,d1,11:14.5,07:44.5,DACIA_SPRING,Dacia Spring 33 kW,33000,139,44:52.0,3.8,6.1,40,NE,6.061390478398745,-123.55015528274232,385,98,32.0,155.0,189.0,,,,9,293,92,85,2
45:24.8,,,74,,98.5,,,,,,,47,-2.3954887,43.245598,64.29838000000001,43.53360208453253,45:24.5,6,0.293,0101000020E61000004F8E33FCF52903C05299A5C46F9F4540,20230420_DACIA_HERNANI_EIBAR_047,,d1,11:14.5,07:44.5,DACIA_SPRING,Dacia Spring 33 kW,33000,139,44:52.0,3.8,6.1,40,NE,6.081924125259131,-134.41194080133698,385,98,32.0,155.0,189.0,,,,9,293,92,25,2
45:30.4,,,74,,98.5,,,,,,,47,-2.3968387000000004,43.24422,67.01843000000001,43.72186414262038,45:30.6,6,-0.196,0101000020E61000009680C3B7B92C03C00887D190429F4540,20230420_DACIA_HERNANI_EIBAR_047,,d1,11:14.5,07:44.5,DACIA_SPRING,Dacia Spring 33 kW,33000,139,44:52.0,3.8,6.1,40,NE,5.880791187245193,-145.40674641869057,385,98,32.0,155.0,189.0,,,,9,293,92,8,2
45:35.9,,,74,,98.5,,,,,,,47,-2.3982263,43.243263,67.030304,43.87664285830223,45:35.6,6,0.23,0101000020E610000029E1003E912F03C05C4D7846239F4540,20230420_DACIA_HERNANI_EIBAR_047,,d1,11:14.5,07:44.5,DACIA_SPRING,Dacia Spring 33 kW,33000,139,44:52.0,3.8,6.1,40,NE,6.065428968967944,-136.10287116081648,385,98,32.0,155.0,189.0,,,,9,293,92,85,2
45:41.3,,,74,,98.5,,,,,,,47,-2.3994308,43.242104,67.944,44.03828635338952,45:41.7,6,-0.319,0101000020E61000005405AFC7083203C0C27D4746FD9E4540,20230420_DACIA_HERNANI_EIBAR_047,,d1,11:14.5,07:44.5,DACIA_SPRING,Dacia Spring 33 kW,33000,139,44:52.0,3.8,6.1,40,NE,5.1108085475217,-96.91246107905836,385,98,32.0,155.0,189.0,,,,9,293,92,85,2
45:46.8,,,74,,98.5,,,,,,,47,-2.3995821,43.240856,69.64641,44.1776081562121,45:46.7,6,0.103,0101000020E610000006351620583203C0A6BEE36DD49E4540,20230420_DACIA_HERNANI_EIBAR_047,,d1,11:14.5,07:44.5,DACIA_SPRING,Dacia Spring 33 kW,33000,139,44:52.0,3.8,6.1,40,NE,3.3545254344277464,-73.36167589061213,385,98,32.0,155.0,189.0,,,,9,293,92,25,2
45:52.3,,,74,,98.5,,,,,,,47,-2.3991694,43.239475,72.87156999999999,44.334798262523975,45:52.8,6,-0.424,0101000020E6100000E97279CF7F3103C0F7430D1DA79E4540,20230420_DACIA_HERNANI_EIBAR_047,,d1,11:14.5,07:44.5,DACIA_SPRING,Dacia Spring 33 kW,33000,139,44:52.0,3.8,6.1,40,NE,4.956902297148479,-94.35142354894364,385,98,32.0,155.0,189.0,,,,9,293,92,8,3
45:57.8,,,74,,98.5,,,,,,,47,-2.3992512,43.2384,75.06517,44.454536423468504,45:57.8,6,-0.036,0101000020E610000001D023A8AA3103C0B0C7CEE3839E4540,20230420_DACIA_HERNANI_EIBAR_047,,d1,11:14.5,07:44.5,DACIA_SPRING,Dacia Spring 33 kW,33000,139,44:52.0,3.8,6.1,40,NE,6.0916031915099484,-133.00662779158424,385,98,32.0,155.0,189.0,,,,9,293,92,40,3
46:03.3,,,74,,98.5,,,,,,,47,-2.4000776000000004,43.237514,77.71815500000001,44.57367716433277,46:02.9,6,0.405,0101000020E61000002DF99CD15B3303C0BC3973D6669E4540,20230420_DACIA_HERNANI_EIBAR_047,,d1,11:14.5,07:44.5,DACIA_SPRING,Dacia Spring 33 kW,33000,139,44:52.0,3.8,6.1,40,NE,5.629679473290091,-152.64646326472752,385,98,32.0,155.0,189.0,,,,9,293,92,25,3
46:08.7,,,74,,98.5,,,,,,,47,-2.4017806,43.236633000000005,78.70856500000001,44.742880795942966,46:08.9,6,-0.19,0101000020E6100000FBB771CBD83603C09AC823FE499E4540,20230420_DACIA_HERNANI_EIBAR_047,,d1,11:14.5,07:44.5,DACIA_SPRING,Dacia Spring 33 kW,33000,139,44:52.0,3.8,6.1,40,NE,5.733380967960214,-149.96547895974683,385,98,32.0,155.0,189.0,,,,9,293,92,25,3
46:14.2,,,74,,98.5,,,,,,,47,-2.4031868,43.23582,79.69400999999999,44.88831168204997,46:14.0,6,0.254,0101000020E6100000BC877607BA3903C0E62354632F9E4540,20230420_DACIA_HERNANI_EIBAR_047,,d1,11:14.5,07:44.5,DACIA_SPRING,Dacia Spring 33 kW,33000,139,44:52.0,3.8,6.1,40,NE,6.021139018369437,-139.2230124735692,385,98,32.0,155.0,189.0,,,,9,293,92,25,3
46:20.0,,,74,,98.5,,,,,,,47,-2.4044993,43.234688,79.29908,45.05308253214396,46:20.0,6,-0.012,0101000020E6100000C931272D6A3C03C05267323C0A9E4540,20230420_DACIA_HERNANI_EIBAR_047,,d1,11:14.5,07:44.5,DACIA_SPRING,Dacia Spring 33 kW,33000,139,44:52.0,3.8,6.1,40,NE,5.799058177483582,-111.92759952762192,385,98,32.0,155.0,189.0,,,,9,293,92,45,3
46:25.5,,,74,,98.5,,,,,,,47,-2.4049401,43.233593,79.14664,45.179969727021295,46:25.0,6,0.423,0101000020E61000006F551D3E513D03C098EAA66DE69D4540,20230420_DACIA_HERNANI_EIBAR_047,,d1,11:14.5,07:44.5,DACIA_SPRING,Dacia Spring 33 kW,33000,139,44:52.0,3.8,6.1,40,NE,4.355482043788017,-85.56240603210138,385,98,32.0,155.0,189.0,,,,9,293,92,120,3
46:31.0,,,74,,98.5,,,,,,,47,-2.4048448,43.232365,80.68630999999999,45.31674385722873,46:31.1,6,-0.1,0101000020E6100000BDB07C4A1F3D03C0D6AAF52ABE9D4540,20230420_DACIA_HERNANI_EIBAR_047,,d1,11:14.5,07:44.5,DACIA_SPRING,Dacia Spring 33 kW,33000,139,44:52.0,3.8,6.1,40,NE,2.0582159307624304,-59.71930458860093,385,98,32.0,155.0,189.0,,,,9,293,92,45,3
46:36.5,,,73,,98.5,,,,,,,47,-2.4042790000000003,43.231396,83.440475,45.43386923139515,46:36.2,6,0.271,0101000020E6100000FDFA6C9DF63B03C0C0C13A6E9E9D4540,20230420_DACIA_HERNANI_EIBAR_047,,d1,11:14.5,07:44.5,DACIA_SPRING,Dacia Spring 33 kW,33000,139,44:52.0,3.8,6.1,40,NE,1.8210054260304016,-57.36906152616434,385,98,32.0,155.0,189.0,,,,9,293,92,45,4
46:42.0,,,73,,98.5,,,,,,,47,-2.403656,43.230423,85.56387,45.553274907878055,46:42.2,6,-0.28,0101000020E6100000C008BDFBAF3A03C0D068707B7E9D4540,20230420_DACIA_HERNANI_EIBAR_047,,d1,11:14.5,07:44.5,DACIA_SPRING,Dacia Spring 33 kW,33000,139,44:52.0,3.8,6.1,40,NE,2.9188079430337805,-68.58703052494806,385,98,32.0,155.0,189.0,,,,9,293,92,45,4
46:47.4,,,73,,98.5,,,,,,,47,-2.403336,43.229607,88.31055,45.64768113588015,46:47.3,6,0.138,0101000020E6100000E0021847083A03C06BA0B0CD639D4540,20230420_DACIA_HERNANI_EIBAR_047,,d1,11:14.5,07:44.5,DACIA_SPRING,Dacia Spring 33 kW,33000,139,48:37.3,5.6,9.0,270,W,2.2552896987210254,-75.48770541877255,385,98,32.0,155.0,189.0,,,,9,293,92,90,4
46:52.9,,,73,,98.5,,,,,,,47,-2.4030712000000003,43.228584000000005,91.11721,45.763472993985495,46:53.3,6,-0.408,0101000020E6100000080FF5697D3903C00A26A94C429D4540,20230420_DACIA_HERNANI_EIBAR_047,,d1,11:14.5,07:44.5,DACIA_SPRING,Dacia Spring 33 kW,33000,139,48:37.3,5.6,9.0,270,W,0.6056265858168649,-86.14154569283606,385,98,32.0,155.0,189.0,,,,9,293,92,85,4
46:58.5,,,73,,98.5,,,,,,,47,-2.4030162999999995,43.22777,94.26201,45.85414944086696,46:58.4,6,0.12,0101000020E6100000096256A5603903C096D3C198279D4540,20230420_DACIA_HERNANI_EIBAR_047,,d1,11:14.5,07:44.5,DACIA_SPRING,Dacia Spring 33 kW,33000,139,48:37.3,5.6,9.0,270,W,-0.6106905587322226,-93.89076641555546,385,98,32.0,155.0,189.0,,,,9,293,92,40,4
47:04.1,,,73,,98.5,,,,,,,47,-2.4030888,43.226704,100.279785,45.97298116185334,47:04.4,6,-0.358,0101000020E610000044F3D893863903C0F30A679B049D4540,20230420_DACIA_HERNANI_EIBAR_047,,d1,11:14.5,07:44.5,DACIA_SPRING,Dacia Spring 33 kW,33000,139,48:37.3,5.6,9.0,270,W,-1.0032728650720366,-96.400336162698,385,98,32.0,155.0,189.0,,,,9,293,92,90,4
47:09.6,,,72,,98.5,,,,,,,47,-2.403192,43.225784,104.643326,46.075714357001814,47:09.5,6,0.121,0101000020E61000002670E6BABC3903C00E29C479E69C4540,20230420_DACIA_HERNANI_EIBAR_047,,d1,11:14.5,07:44.5,DACIA_SPRING,Dacia Spring 33 kW,33000,139,48:37.3,5.6,9.0,270,W,-0.2973918573059849,-91.89360006761191,385,98,32.0,155.0,189.0,,,,9,293,92,90,4
47:15.1,,,72,,98.5,,,,,,,47,-2.4032285,43.22468,108.832855,46.19858062245784,47:15.5,6,-0.413,0101000020E610000050651DD4CF3903C083F70056C29C4540,20230420_DACIA_HERNANI_EIBAR_047,,d1,11:14.5,07:44.5,DACIA_SPRING,Dacia Spring 33 kW,33000,139,48:37.3,5.6,9.0,270,W,1.9374856970969576,-77.5682688200126,385,98,32.0,155.0,189.0,,,,9,293,92,8,4
47:20.5,,,72,,98.5,,,,,,,47,-2.4030204,43.223736,112.1116,46.30494480861174,47:20.6,6,-0.031,0101000020E610000008E48EC9623903C0681AC767A39C4540,20230420_DACIA_HERNANI_EIBAR_047,,d1,11:14.5,07:44.5,DACIA_SPRING,Dacia Spring 33 kW,33000,139,48:37.3,5.6,9.0,270,W,1.0707953786101876,-83.16691871711062,385,98,32.0,155.0,189.0,,,,9,293,92,25,4
47:26.1,,,72,,98.5,,,,,,,47,-2.4028947,43.222687,115.61591,46.42208454016398,47:25.6,6,0.474,0101000020E6100000AE01BCD6203903C0DDC4CA08819C4540,20230420_DACIA_HERNANI_EIBAR_047,,d1,11:14.5,07:44.5,DACIA_SPRING,Dacia Spring 33 kW,33000,139,48:37.3,5.6,9.0,270,W,-0.3738758294150666,-92.38085256919604,385,98,32.0,155.0,189.0,,,,9,293,92,90,4
47:31.7,,,72,,98.5,,,,,,,47,-2.4029453,43.22147,119.17804,46.55751771590306,47:31.7,6,0.061,0101000020E6100000FF50B0503B3903C01BDA2220599C4540,20230420_DACIA_HERNANI_EIBAR_047,,d1,11:14.5,07:44.5,DACIA_SPRING,Dacia Spring 33 kW,33000,139,48:37.3,5.6,9.0,270,W,-2.91435387699526,-108.8939245952422,6,32,,,,5.0,1.0,0.0,0,5,1,90,4
47:37.3,,,72,,98.5,,,,,,,47,-2.4033697,43.22023,121.98857,46.69965101420513,47:37.7,6,-0.405,0101000020E6100000C1DEC6EA193A03C078F8F979309C4540,20230420_DACIA_HERNANI_EIBAR_047,,d1,11:14.5,07:44.5,DACIA_SPRING,Dacia Spring 33 kW,33000,139,48:37.3,5.6,9.0,270,W,-5.818146869707565,-130.27528703775477,279,55,,,,72.0,204.0,3.0,0,257,22,8,4
47:42.8,,,72,,98.5,,,,,,,47,-2.4041128,43.219353000000005,122.085335,46.814261355961825,47:42.7,6,0.085,0101000020E6100000F62E3B729F3B03C05BB18AC9139C4540,20230420_DACIA_HERNANI_EIBAR_047,,d1,11:14.5,07:44.5,DACIA_SPRING,Dacia Spring 33 kW,33000,139,48:37.3,5.6,9.0,270,W,-7.121807646168912,-142.30828582999416,279,55,,,,72.0,204.0,3.0,0,257,22,8,4
47:48.4,,,72,,98.5,,,,,,,47,-2.4051456,43.218555,122.98707,46.936238899769755,47:48.8,6,-0.402,0101000020E6100000B0ACD8F5BC3D03C0D698959EF99B4540,20230420_DACIA_HERNANI_EIBAR_047,,d1,11:14.5,07:44.5,DACIA_SPRING,Dacia Spring 33 kW,33000,139,48:37.3,5.6,9.0,270,W,-7.929427130283177,-151.76897703539424,279,55,,,,72.0,204.0,3.0,0,257,22,90,4
47:53.9,,,72,,98.5,,,,,,,47,-2.4061458,43.218018,123.82829,47.03691271378974,47:53.9,6,0.077,0101000020E6100000A2C24953C93F03C0B50D8AFDE79B4540,20230420_DACIA_HERNANI_EIBAR_047,,d1,11:14.5,07:44.5,DACIA_SPRING,Dacia Spring 33 kW,33000,139,48:37.3,5.6,9.0,270,W,-7.492267203901461,-146.35373657833432,279,55,,,,72.0,204.0,3.0,0,257,22,90,4
47:59.4,,,72,,98.5,,,,,,,47,-2.4070518,43.217415,126.58058,47.13637821978362,47:58.9,6,0.47,0101000020E610000041AF9260A44103C0A480B549D49B4540,20230420_DACIA_HERNANI_EIBAR_047,,d1,11:14.5,07:44.5,DACIA_SPRING,Dacia Spring 33 kW,33000,139,48:37.3,5.6,9.0,270,W,-6.204664854128298,-133.58320238877732,279,55,,,,72.0,204.0,3.0,0,257,22,8,4
48:04.8,,,72,,98.5,,,,,,,47,-2.4078503,43.216576,131.66983000000002,47.250028238064445,48:04.9,6,-0.095,0101000020E6100000D7D46001474303C0A06854B5B89B4540,20230420_DACIA_HERNANI_EIBAR_047,,d1,11:14.5,07:44.5,DACIA_SPRING,Dacia Spring 33 kW,33000,139,48:37.3,5.6,9.0,270,W,-4.651705812093807,-121.1216069675635,279,55,,,,72.0,204.0,3.0,0,257,22,8,4
48:10.3,,,72,,98.5,,,,,,,47,-2.4083490000000003,43.21575,134.94775,47.35042647490511,48:09.9,6,0.311,0101000020E6100000791F5D764C4403C0690B34B89D9B4540,20230420_DACIA_HERNANI_EIBAR_047,,d1,11:14.5,07:44.5,DACIA_SPRING,Dacia Spring 33 kW,33000,139,48:37.3,5.6,9.0,270,W,-5.045895092629863,-124.10110817973704,279,55,,,,72.0,204.0,3.0,0,257,22,8,4
48:15.8,,,72,,98.5,,,,,,,47,-2.4090166,43.214764,136.80818,47.472700195771885,48:16.0,6,-0.207,0101000020E6100000A2591988AA4503C024BD22637D9B4540,20230420_DACIA_HERNANI_EIBAR_047,,d1,11:14.5,07:44.5,DACIA_SPRING,Dacia Spring 33 kW,33000,139,48:37.3,5.6,9.0,270,W,-7.130276919537033,-142.39655829453503,279,55,,,,72.0,204.0,3.0,0,257,22,25,4
48:21.2,,,72,,98.5,,,,,,,47,-2.4099696,43.21403,138.9722,47.585085483185814,48:21.1,6,0.078,0101000020E61000002265021E9E4703C0F387CE51659B4540,20230420_DACIA_HERNANI_EIBAR_047,,d1,11:14.5,07:44.5,DACIA_SPRING,Dacia Spring 33 kW,33000,139,48:37.3,5.6,9.0,270,W,-8.097797965099454,-154.1259250000988,279,55,,,,72.0,204.0,3.0,0,257,22,90,4
48:26.7,,,72,,98.5,,,,,,,47,-2.4112809,43.213394,140.23623999999998,47.712739620203735,48:27.1,6,-0.3989999999999999,0101000020E610000022CFAEAB4D4A03C081D09389509B4540,20230420_DACIA_HERNANI_EIBAR_047,,d1,11:14.5,07:44.5,DACIA_SPRING,Dacia Spring 33 kW,33000,139,48:37.3,5.6,9.0,270,W,-8.683545239068458,-164.76112108537916,279,55,,,,72.0,204.0,3.0,0,257,22,90,3
48:32.2,,,72,,98.5,,,,,,,47,-2.4126244,43.213028,142.17744,47.82899069725597,48:32.2,6,0.004,0101000020E61000006EF195000E4D03C0D44F1F8E449B4540,20230420_DACIA_HERNANI_EIBAR_047,,d1,11:14.5,07:44.5,DACIA_SPRING,Dacia Spring 33 kW,33000,139,48:37.3,5.6,9.0,270,W,-8.909483323712694,-171.86710177518256,279,55,,,,72.0,204.0,3.0,0,257,22,25,3
48:37.7,,,72,,98.5,,,,,,,47,-2.4137720000000003,43.212864,143.93906,47.923780050751354,48:37.2,6,0.442,0101000020E6100000032CD4C9674F03C0A0395D153F9B4540,20230420_DACIA_HERNANI_EIBAR_047,,d1,11:14.5,07:44.5,DACIA_SPRING,Dacia Spring 33 kW,33000,139,48:37.3,5.6,9.0,270,W,-8.634544030365756,-163.61620300467203,279,55,,,,72.0,204.0,3.0,0,257,22,25,3
48:43.1,,,72,,98.5,,,,,,,47,-2.4151223,43.212467,147.21344,48.04182341465331,48:43.3,6,-0.146,0101000020E61000006CC762AD2B5203C0244F4617329B4540,20230420_DACIA_HERNANI_EIBAR_047,,d1,11:14.5,07:44.5,DACIA_SPRING,Dacia Spring 33 kW,33000,139,48:37.3,5.6,9.0,270,W,-6.832913734416342,-139.3948348033833,279,55,,,,72.0,204.0,3.0,0,257,22,8,3
48:48.6,,,72,,98.5,,,,,,,47,-2.4158537,43.21184,149.63951,48.13336591898425,48:48.3,6,0.2789999999999999,0101000020E61000008DCD3F1BAB5303C029FD89AD1D9B4540,20230420_DACIA_HERNANI_EIBAR_047,,d1,11:14.5,07:44.5,DACIA_SPRING,Dacia Spring 33 kW,33000,139,48:37.3,5.6,9.0,270,W,-4.017917929399152,-116.51520710133444,279,55,,,,72.0,204.0,3.0,0,257,22,25,3
48:54.1,,,72,,98.5,,,,,,,47,-2.4163127,43.21092,149.40263000000002,48.24221874745074,48:54.4,6,-0.276,0101000020E61000009B671DB39B5403C0F011845CFF9A4540,20230420_DACIA_HERNANI_EIBAR_047,,d1,11:14.5,07:44.5,DACIA_SPRING,Dacia Spring 33 kW,33000,139,48:37.3,5.6,9.0,270,W,-0.6317373098049895,-94.0250745482608,279,55,,,,72.0,204.0,3.0,0,257,22,8,3
48:59.6,,,72,,98.5,,,,,,,47,-2.4163818,43.209938,148.22438,48.35156202426329,48:59.4,6,0.148,0101000020E6100000B3AF3D08C05403C019DB323DDF9A4540,20230420_DACIA_HERNANI_EIBAR_047,,d1,11:14.5,07:44.5,DACIA_SPRING,Dacia Spring 33 kW,33000,139,48:37.3,5.6,9.0,270,W,-1.3623343941108756,-98.70635670716452,279,55,,,,72.0,204.0,3.0,0,257,22,25,3
49:05.0,,,72,,98.5,,,,,,,47,-2.4165723,43.208694,147.39674,48.49074991462002,49:05.5,6,-0.435,0101000020E610000005E4C1EA235503C0D280527CB69A4540,20230420_DACIA_HERNANI_EIBAR_047,,d1,11:14.5,07:44.5,DACIA_SPRING,Dacia Spring 33 kW,33000,139,48:37.3,5.6,9.0,270,W,-7.224392721955427,-143.38970220180505,279,55,,,,72.0,204.0,3.0,0,257,22,8,3
49:10.4,,,72,,98.5,,,,,,,47,-2.417816,43.20777,144.28328,48.634715996729,49:10.5,6,-0.07,0101000020E61000005928A7E1AF5703C00F728C3B989A4540,20230420_DACIA_HERNANI_EIBAR_047,,d1,11:14.5,07:44.5,DACIA_SPRING,Dacia Spring 33 kW,33000,139,48:37.3,5.6,9.0,270,W,-8.468088959840829,-160.20304557009942,279,55,,,,72.0,204.0,3.0,0,257,22,8,3
49:15.9,,,72,,98.5,,,,,,,47,-2.4193995,43.2072,143.59807,48.77785414307477,49:15.6,6,0.3389999999999999,0101000020E610000004107B2EEE5A03C06E5C5C8F859A4540,20230420_DACIA_HERNANI_EIBAR_047,,d1,11:14.5,07:44.5,DACIA_SPRING,Dacia Spring 33 kW,33000,139,49:52.0,5.6,9.0,270,W,-7.557596472800538,-147.1119296318932,279,55,,,,72.0,204.0,3.0,0,257,22,8,3
49:21.3,,,72,,98.5,,,,,,,47,-2.4209769,43.20618,143.08673000000002,48.948759839771625,49:21.6,6,-0.2689999999999999,0101000020E6100000CA914A26295E03C02D77E320649A4540,20230420_DACIA_HERNANI_EIBAR_047,,d1,11:14.5,07:44.5,DACIA_SPRING,Dacia Spring 33 kW,33000,139,49:52.0,5.6,9.0,270,W,-6.514480427578048,-136.37170066679067,279,55,,,,72.0,204.0,3.0,0,257,22,25,2
49:26.9,,,72,,98.5,,,,,,,47,-2.4220994,43.20511,142.4729,49.098537710612575,49:26.8,6,0.094,0101000020E61000009F139D9D756003C0ACF3DBF6409A4540,20230420_DACIA_HERNANI_EIBAR_047,,d1,11:14.5,07:44.5,DACIA_SPRING,Dacia Spring 33 kW,33000,139,49:52.0,5.6,9.0,270,W,-7.7542508892301,-149.49483814678544,279,55,,,,72.0,204.0,3.0,0,257,22,25,2
49:32.2,,,72,,98.5,,,,,,,47,-2.4238052000000003,43.204105,141.26335,49.2763153819871,49:32.7,6,-0.473,0101000020E6100000A4B683F4F36303C02B099810209A4540,20230420_DACIA_HERNANI_EIBAR_047,,d1,11:14.5,07:44.5,DACIA_SPRING,Dacia Spring 33 kW,33000,139,49:52.0,5.6,9.0,270,W,-8.421241151432568,-159.34046874093676,279,55,,,,72.0,204.0,3.0,0,257,22,8,2
49:37.7,,,72,,98.5,,,,,,,47,-2.4253938,43.203506,141.7239,49.42128331259918,49:37.8,6,-0.023,0101000020E6100000EB2F04EC346703C04D12897B0C9A4540,20230420_DACIA_HERNANI_EIBAR_047,,d1,11:14.5,07:44.5,DACIA_SPRING,Dacia Spring 33 kW,33000,139,49:52.0,5.6,9.0,270,W,-8.611029948850101,-163.0935998199125,279,55,,,,72.0,204.0,3.0,0,257,22,8,2
49:43.3,,,72,,98.5,,,,,,,47,-2.4268842,43.203053,142.07487,49.55216669405562,49:42.8,6,0.485,0101000020E6100000B82CCA3C426A03C0C3711C97FD994540,20230420_DACIA_HERNANI_EIBAR_047,,d1,11:14.5,07:44.5,DACIA_SPRING,Dacia Spring 33 kW,33000,139,49:52.0,5.6,9.0,270,W,-7.982007681711629,-152.48497831283396,279,55,,,,72.0,204.0,3.0,0,257,22,8,2
49:48.8,,,72,,98.5,,,,,,,47,-2.4282837,43.202324,144.26791,49.69160571474054,49:48.8,6,-0.0069999999999999,0101000020E61000009FD9830E206D03C0521767C7E5994540,20230420_DACIA_HERNANI_EIBAR_047,,d1,11:14.5,07:44.5,DACIA_SPRING,Dacia Spring 33 kW,33000,139,49:52.0,5.6,9.0,270,W,-6.8387877918857845,-139.45232537321067,279,55,,,,72.0,204.0,3.0,0,257,22,8,2
49:54.3,,,71,,98.5,,,,,,,47,-2.4293053,43.20145,144.56332,49.81928384410275,49:53.9,6,0.412,0101000020E61000006ABEB5A1376F03C056378C1DC9994540,20230420_DACIA_HERNANI_EIBAR_047,,d1,11:14.5,07:44.5,DACIA_SPRING,Dacia Spring 33 kW,33000,139,49:52.0,5.6,9.0,270,W,-8.284149911703466,-156.99358514609568,279,55,,,,72.0,204.0,3.0,0,257,22,8,1
49:59.8,,,71,,98.5,,,,,,,47,-2.4309845,43.200737,146.48183,49.97681197062373,50:00.0,6,-0.184,0101000020E61000005C4508F8A77203C0DD7C16C7B1994540,20230420_DACIA_HERNANI_EIBAR_047,,d1,11:14.5,07:44.5,DACIA_SPRING,Dacia Spring 33 kW,33000,139,49:52.0,5.6,9.0,270,W,-8.228341283618114,-156.10087504579192,279,55,,,,72.0,204.0,3.0,0,257,22,90,1
50:05.3,,,71,,98.5,,,,,,,47,-2.4323611,43.200127,148.02437,50.107402676653045,50:05.0,6,0.38,0101000020E610000061928ACA797503C06C90D3BD9D994540,20230420_DACIA_HERNANI_EIBAR_047,,d1,11:14.5,07:44.5,DACIA_SPRING,Dacia Spring 33 kW,33000,139,49:52.0,5.6,9.0,270,W,-5.564535048472219,-128.1907613586826,279,55,,,,72.0,204.0,3.0,0,257,22,90,1
50:10.9,,,71,,98.5,,,,,,,47,-2.433346,43.198875,148.63065,50.26788629095322,50:11.0,6,-0.158,0101000020E61000003D5A671A7E7703C00A5516BA74994540,20230420_DACIA_HERNANI_EIBAR_047,,d1,11:14.5,07:44.5,DACIA_SPRING,Dacia Spring 33 kW,33000,139,49:52.0,5.6,9.0,270,W,-5.069135242672039,-124.27997207502392,279,55,,,,72.0,204.0,3.0,0,257,22,45,1
50:16.3,,,71,,98.5,,,,,,,47,-2.4341183,43.197742,149.11643999999998,50.40856764612941,50:16.1,6,0.254,0101000020E61000003757FAFD127903C046DA479C4F994540,20230420_DACIA_HERNANI_EIBAR_047,,d1,11:14.5,07:44.5,DACIA_SPRING,Dacia Spring 33 kW,33000,139,49:52.0,5.6,9.0,270,W,-7.033543204031226,-141.3985607420617,279,55,,,,72.0,204.0,3.0,0,257,22,85,1
50:21.7,,,70,,98.5,,,,,,,47,-2.4356039000000003,43.196556,151.58168,50.58717281197253,50:21.5,6,0.237,0101000020E6100000268959DB1D7C03C01C0C31B928994540,20230420_DACIA_HERNANI_EIBAR_047,,d1,11:14.5,07:44.5,DACIA_SPRING,Dacia Spring 33 kW,33000,139,49:52.0,5.6,9.0,270,W,-7.725496580171954,-149.13612342532835,279,55,,,,72.0,204.0,3.0,0,257,22,45,1
50:27.3,,,70,,98.5,,,,,,,47,-2.4372253,43.195587,152.83783,50.75713285460888,50:27.3,6,0.001,0101000020E6100000C5BE4BF06F7F03C0A30F1F0609994540,20230420_DACIA_HERNANI_EIBAR_047,,d1,11:14.5,07:44.5,DACIA_SPRING,Dacia Spring 33 kW,33000,139,49:52.0,5.6,9.0,270,W,-6.015361925437095,-131.94165817874477,279,55,,,,72.0,204.0,3.0,0,257,22,45,1
50:32.7,,,70,,98.5,,,,,,,47,-2.4380376,43.194683000000005,154.17009,50.87730811550135,50:32.3,6,0.3429999999999999,0101000020E6100000095239D5198103C0E1C29B6DEB984540,20230420_DACIA_HERNANI_EIBAR_047,,d1,11:14.5,07:44.5,DACIA_SPRING,Dacia Spring 33 kW,33000,139,49:52.0,5.6,9.0,270,W,-3.331729147374332,-111.72746676792856,279,55,,,,72.0,204.0,3.0,0,257,22,8,1
50:38.1,,,70,,98.5,,,,,,,47,-2.438517,43.19348,154.50696000000002,51.01660697777738,50:38.3,6,-0.21,0101000020E61000008066E24B158203C07143ACFBC3984540,20230420_DACIA_HERNANI_EIBAR_047,,d1,11:14.5,07:44.5,DACIA_SPRING,Dacia Spring 33 kW,33000,139,49:52.0,5.6,9.0,270,W,-7.028753958402076,-141.34971788862924,279,55,,,,72.0,204.0,3.0,0,257,22,100,1
50:43.5,,,70,,98.5,,,,,,,47,-2.4393973,43.192776,158.12456,51.122596237019295,50:43.4,6,0.128,0101000020E61000002A2D5FB1E28303C07FDF39DAAC984540,20230420_DACIA_HERNANI_EIBAR_047,,d1,11:14.5,07:44.5,DACIA_SPRING,Dacia Spring 33 kW,33000,139,49:52.0,5.6,9.0,270,W,-8.535403930190693,-161.5098543115643,279,55,,,,72.0,204.0,3.0,0,257,22,45,1
50:49.0,,,70,,98.5,,,,,,,47,-2.4406114,43.19237,162.57576,51.23097144574571,50:49.4,6,-0.441,0101000020E61000003AE6F24F5F8603C077B1C0AF9F984540,20230420_DACIA_HERNANI_EIBAR_047,,d1,11:14.5,07:44.5,DACIA_SPRING,Dacia Spring 33 kW,33000,139,49:52.0,5.6,9.0,270,W,-8.81251273046868,-168.2845467322335,279,55,,,,72.0,204.0,3.0,0,257,22,45,1
50:54.5,,,70,,98.5,,,,,,,47,-2.4418025,43.192123,162.92865,51.33136213607299,50:54.5,6,-0.006,0101000020E6100000CA68BDB6CF8803C03F8C248897984540,20230420_DACIA_HERNANI_EIBAR_047,,d1,11:14.5,07:44.5,DACIA_SPRING,Dacia Spring 33 kW,33000,139,49:52.0,5.6,9.0,270,W,-7.947604381670864,-152.0145950535793,279,55,,,,72.0,204.0,3.0,0,257,22,80,1
51:00.0,,,70,,98.5,,,,,,,47,-2.442862,43.19156,162.09523000000002,51.43765060133497,50:59.5,6,0.485,0101000020E61000008370E84AFB8A03C075D987F284984540,20230420_DACIA_HERNANI_EIBAR_047,,d1,11:14.5,07:44.5,DACIA_SPRING,Dacia Spring 33 kW,33000,139,49:52.0,5.6,9.0,270,W,-8.428792356761956,-159.47715567636308,279,55,,,,72.0,204.0,3.0,0,257,22,45,1
51:05.5,,,70,,98.5,,,,,,,47,-2.4442618,43.191036,161.87257,51.5652156662662,51:05.6,6,-0.03,0101000020E610000075813D16D98D03C065E456D473984540,20230420_DACIA_HERNANI_EIBAR_047,,d1,11:14.5,07:44.5,DACIA_SPRING,Dacia Spring 33 kW,33000,139,49:52.0,5.6,9.0,270,W,-8.680329473213016,-164.68342714158945,279,55,,,,72.0,204.0,3.0,0,257,22,80,1
51:11.1,,,70,,98.5,,,,,,,47,-2.4454448,43.190712,161.82751000000002,51.66766478783388,51:10.6,6,0.437,0101000020E61000009C65CF68459003C016B2AE3A69984540,20230420_DACIA_HERNANI_EIBAR_047,,d1,11:14.5,07:44.5,DACIA_SPRING,Dacia Spring 33 kW,33000,139,49:52.0,5.6,9.0,270,W,-8.895439388207976,-171.25777870681205,279,55,,,,72.0,204.0,3.0,0,257,22,80,1
51:16.7,,,70,,98.5,,,,,,,47,-2.4465373,43.190544,161.77316000000002,51.758182458876625,51:16.7,6,0.022,0101000020E6100000644DBC1F829203C0DB26F0C963984540,20230420_DACIA_HERNANI_EIBAR_047,,d1,11:14.5,07:44.5,DACIA_SPRING,Dacia Spring 33 kW,33000,139,49:52.0,5.6,9.0,270,W,-8.530276956381538,161.40721196338197,279,55,,,,72.0,204.0,3.0,0,257,22,45,1
51:22.2,,,70,,98.5,,,,,,,47,-2.4470813,43.190727,164.23216000000002,51.806814866908354,51:21.7,6,0.466,0101000020E61000003287CC679F9303C0336B7FCF69984540,20230420_DACIA_HERNANI_EIBAR_047,,d1,11:14.5,07:44.5,DACIA_SPRING,Dacia Spring 33 kW,33000,139,49:52.0,5.6,9.0,270,W,-7.85017180614531,150.72014828875302,279,55,,,,72.0,204.0,3.0,0,257,22,45,1
51:27.7,,,70,,98.5,,,,,,,47,-2.4478571,43.191162,165.38458,51.88616597670915,51:27.8,6,-0.09,0101000020E610000058123B1D369503C093B975FF77984540,20230420_DACIA_HERNANI_EIBAR_047,,d1,11:14.5,07:44.5,DACIA_SPRING,Dacia Spring 33 kW,33000,139,49:52.0,5.6,9.0,270,W,-8.988606871509402,-177.1167407208193,279,55,,,,72.0,204.0,3.0,0,257,22,45,1
51:33.1,,,70,,98.5,,,,,,,47,-2.44883,43.191113,164.93674,51.965227621318135,51:32.8,6,0.289,0101000020E6100000F46D6B17349703C01AC2C05476984540,20230420_DACIA_HERNANI_EIBAR_047,,d1,11:14.5,07:44.5,DACIA_SPRING,Dacia Spring 33 kW,33000,139,49:52.0,5.6,9.0,270,W,-7.397167122174603,-145.27619597657352,279,55,,,,72.0,204.0,3.0,0,257,22,45,2
51:38.6,,,70,,98.5,,,,,,,47,-2.4492874,43.190796,164.6271,52.016390031111115,51:38.8,6,-0.233,0101000020E6100000B00FF0F1239803C0B104D1F86B984540,20230420_DACIA_HERNANI_EIBAR_047,,d1,11:14.5,07:44.5,DACIA_SPRING,Dacia Spring 33 kW,33000,139,49:52.0,5.6,9.0,270,W,-5.150836828079664,-124.91183021684762,279,55,,,,72.0,204.0,3.0,0,257,22,8,2
51:44.0,,,70,,98.5,,,,,,,47,-2.4493544,43.1907,164.52415,52.028367646958,51:43.9,6,0.122,0101000020E6100000B0CA6927479803C094F178D368984540,20230420_DACIA_HERNANI_EIBAR_047,,d1,11:14.5,07:44.5,DACIA_SPRING,Dacia Spring 33 kW,33000,139,49:52.0,5.6,9.0,270,W,6.198745159288411,46.46880069633064,279,55,,,,72.0,204.0,3.0,0,257,22,8,2
51:49.5,,,70,,98.5,,,,,,,47,-2.4493506000000003,43.190704,164.92854,52.02904312074461,51:49.9,6,-0.391,0101000020E61000007E3ED311459803C04EC479F868984540,20230420_DACIA_HERNANI_EIBAR_047,,d1,11:14.5,07:44.5,DACIA_SPRING,Dacia Spring 33 kW,33000,139,53:37.2,5.6,9.0,270,W,9.0,0.0,279,55,,,,72.0,204.0,3.0,0,257,22,8,2
51:55.0,,,70,,98.5,,,,,,,47,-2.4493506000000003,43.190704,164.92854,52.02904312074461,51:55.0,6,0.049,0101000020E61000007E3ED311459803C04EC479F868984540,20230420_DACIA_HERNANI_EIBAR_047,,d1,11:14.5,07:44.5,DACIA_SPRING,Dacia Spring 33 kW,33000,139,53:37.2,5.6,9.0,270,W,-3.5900438332459323,-113.50904022491991,279,55,,,,72.0,204.0,3.0,0,257,22,8,2
52:00.6,,,70,,98.5,,,,,,,47,-2.4493854,43.190624,165.37085,52.03838585099817,52:01.0,6,-0.429,0101000020E6100000613F445C579803C0AC60F96A66984540,20230420_DACIA_HERNANI_EIBAR_047,,d1,11:14.5,07:44.5,DACIA_SPRING,Dacia Spring 33 kW,33000,139,53:37.2,5.6,9.0,270,W,-4.776732616830266,-122.05601274879491,279,55,,,,72.0,204.0,3.0,0,257,22,45,2
52:06.1,,,70,,98.5,,,,,,,47,-2.4494236000000003,43.190563,165.37741,52.045842277835845,52:06.0,6,0.044,0101000020E61000000EF5126F6B9803C03F1D896664984540,20230420_DACIA_HERNANI_EIBAR_047,,d1,11:14.5,07:44.5,DACIA_SPRING,Dacia Spring 33 kW,33000,139,53:37.2,5.6,9.0,270,W,9.0,0.0,279,55,,,,72.0,204.0,3.0,0,257,22,45,2
52:11.6,,,70,,98.5,,,,,,,47,-2.4494185,43.190563,165.49313,52.046271624360415,52:12.1,6,-0.473,0101000020E610000021B714B8689803C02BBE4A6C64984540,20230420_DACIA_HERNANI_EIBAR_047,,d1,11:14.5,07:44.5,DACIA_SPRING,Dacia Spring 33 kW,33000,139,53:37.2,5.6,9.0,270,W,-3.883099475835893,-115.55996517252842,279,55,,,,72.0,204.0,3.0,0,257,22,45,2
52:17.1,,,70,,98.5,,,,,,,47,-2.4494405,43.190517,166.04785,52.05171695510235,52:17.2,6,-0.03,0101000020E610000089F0FC38749803C06C5B89EF62984540,20230420_DACIA_HERNANI_EIBAR_047,,d1,11:14.5,07:44.5,DACIA_SPRING,Dacia Spring 33 kW,33000,139,53:37.2,5.6,9.0,270,W,8.708555451628735,-14.620873987190556,279,55,,,,72.0,204.0,3.0,0,257,22,45,2
52:22.7,,,70,,98.5,,,,,,,47,-2.4494290000000003,43.190514,165.98877,52.052708905915345,52:22.2,6,0.4029999999999999,0101000020E610000006F584336E9803C0177D8CB462984540,20230420_DACIA_HERNANI_EIBAR_047,,d1,11:14.5,07:44.5,DACIA_SPRING,Dacia Spring 33 kW,33000,139,53:37.2,5.6,9.0,270,W,-8.93787411742157,-173.26398878691143,279,55,,,,72.0,204.0,3.0,0,257,22,45,2
52:28.2,,,70,,98.5,,,,,,,47,-2.4496322,43.19049,164.1866,52.06949416430948,52:28.3,6,-0.13,0101000020E610000009CFB7B3D89803C06AF1210F62984540,20230420_DACIA_HERNANI_EIBAR_047,,d1,11:14.5,07:44.5,DACIA_SPRING,Dacia Spring 33 kW,33000,139,53:37.2,5.6,9.0,270,W,-7.888310754769369,-151.220497733178,279,55,,,,72.0,204.0,3.0,0,257,22,45,2
52:33.6,,,70,,98.5,,,,,,,47,-2.45004,43.190266,161.51799,52.11097319887332,52:33.3,6,0.332,0101000020E6100000E445F096AE9903C041C9009D5A984540,20230420_DACIA_HERNANI_EIBAR_047,,d1,11:14.5,07:44.5,DACIA_SPRING,Dacia Spring 33 kW,33000,139,53:37.2,5.6,9.0,270,W,-8.710199257172135,165.4206412124433,279,55,,,,72.0,204.0,3.0,0,257,22,45,2
52:39.2,,,70,,98.5,,,,,,,47,-2.4503322,43.190342,159.53578000000002,52.136202241191135,52:39.3,6,-0.162,0101000020E6100000ACC13ACB479A03C07EA0701F5D984540,20230420_DACIA_HERNANI_EIBAR_047,,d1,11:14.5,07:44.5,DACIA_SPRING,Dacia Spring 33 kW,33000,139,53:37.2,5.6,9.0,270,W,5.878141632409307,49.22223020906079,279,55,,,,72.0,204.0,3.0,0,257,22,45,2
52:44.6,,,70,,98.5,,,,,,,47,-2.4503253,43.19035,159.74495,52.13727367982941,52:44.4,6,0.175,0101000020E61000000E972316449A03C07E08C7535D984540,20230420_DACIA_HERNANI_EIBAR_047,,d1,11:14.5,07:44.5,DACIA_SPRING,Dacia Spring 33 kW,33000,139,53:37.2,5.6,9.0,270,W,-1.0152429568325552,96.4770238514438,279,55,,,,72.0,204.0,3.0,0,257,22,45,2
52:50.1,,,70,,98.5,,,,,,,47,-2.4503639,43.19069,160.4976,52.17521670944822,52:50.4,6,-0.34,0101000020E6100000B7713F62589A03C0B2FA738B68984540,20230420_DACIA_HERNANI_EIBAR_047,,d1,11:14.5,07:44.5,DACIA_SPRING,Dacia Spring 33 kW,33000,139,53:37.2,5.6,9.0,270,W,-8.424356683299186,159.39675892730813,279,55,,,,72.0,204.0,3.0,0,257,22,85,2
52:55.5,,,70,,98.5,,,,,,,47,-2.4507895,43.19085,161.34576,52.21404615857156,52:55.5,6,0.038,0101000020E61000002884327F379B03C0771B6DC86D984540,20230420_DACIA_HERNANI_EIBAR_047,,d1,11:14.5,07:44.5,DACIA_SPRING,Dacia Spring 33 kW,33000,139,53:37.2,5.6,9.0,270,W,-4.726221286642378,-121.6773788595842,279,55,,,,72.0,204.0,3.0,0,257,22,25,2
53:01.0,,,70,,98.5,,,,,,,47,-2.4510462000000004,43.190434,161.38348,52.2647689755937,53:00.5,6,0.488,0101000020E6100000E0EA252DBE9B03C06344FC2D60984540,20230420_DACIA_HERNANI_EIBAR_047,,d1,11:14.5,07:44.5,DACIA_SPRING,Dacia Spring 33 kW,33000,139,53:37.2,5.6,9.0,270,W,-8.279222126466083,-156.9134496717902,279,55,,,,72.0,204.0,3.0,0,257,22,85,2
53:06.4,,,70,,98.5,,,,,,,47,-2.4517195,43.190147,160.765,52.32800121565181,53:06.6,6,-0.158,0101000020E6100000F601BB211F9D03C022069FC156984540,20230420_DACIA_HERNANI_EIBAR_047,,d1,11:14.5,07:44.5,DACIA_SPRING,Dacia Spring 33 kW,33000,139,53:37.2,5.6,9.0,270,W,-8.752422275077913,166.52983891121994,279,55,,,,72.0,204.0,3.0,0,257,22,85,2
53:11.9,,,70,,98.5,,,,,,,47,-2.452567,43.19035,160.4328,52.400322202207384,53:11.6,6,0.309,0101000020E6100000A219C381DB9E03C067BF8D595D984540,20230420_DACIA_HERNANI_EIBAR_047,,d1,11:14.5,07:44.5,DACIA_SPRING,Dacia Spring 33 kW,33000,139,53:37.2,5.6,9.0,270,W,-8.147252332518978,154.85700987754188,279,55,,,,72.0,204.0,3.0,0,257,22,85,2
53:17.5,,,70,,98.5,,,,,,,47,-2.4536877,43.190876,161.74237,52.50838375052086,53:17.6,6,-0.106,0101000020E610000059D0640327A103C02D4995976E984540,20230420_DACIA_HERNANI_EIBAR_047,,d1,11:14.5,07:44.5,DACIA_SPRING,Dacia Spring 33 kW,33000,139,53:37.2,5.6,9.0,270,W,-8.957437032181565,174.42552937073427,279,55,,,,72.0,204.0,3.0,0,257,22,85,2
20/04/2023 09:53,,,70,,98.5,,,,,,,47,-2.454784,43.190983,162.46115,52.598056144601564,53:22.7,6,0.307,0101000020E61000009709EBBC65A303C01C44852D72984540,20230420_DACIA_HERNANI_EIBAR_047,,d1,11:14.5,07:44.5,DACIA_SPRING,Dacia Spring 33 kW,33000,139,53:37.2,5.6,9.0,270,W,-8.850352725613595,-169.5370441593394,279,55,,,,72.0,204.0,3.0,0,257,22,85,2
53:28.6,,,70,,98.5,,,,,,,47,-2.4562948,43.190704,163.3219,52.724407223653344,53:28.7,6,-0.122,0101000020E61000006FB1BCD07DA603C02082870569984540,20230420_DACIA_HERNANI_EIBAR_047,,d1,11:14.5,07:44.5,DACIA_SPRING,Dacia Spring 33 kW,33000,139,53:37.2,5.6,9.0,270,W,-8.743574814644104,-166.29013141215447,279,55,,,,72.0,204.0,3.0,0,257,22,85,2
53:34.1,,,70,,98.5,,,,,,,47,-2.4576557,43.190372,165.76295,52.8407737176403,53:33.8,6,0.311,0101000020E61000006707F05A47A903C05FEF2A115E984540,20230420_DACIA_HERNANI_EIBAR_047,,d1,11:14.5,07:44.5,DACIA_SPRING,Dacia Spring 33 kW,33000,139,53:37.2,5.6,9.0,270,W,-8.641808533475805,-163.78096558679545,279,55,,,,72.0,204.0,3.0,0,257,22,85,2
53:39.6,,,69,,98.5,,,,,,,47,-2.4593127,43.189890000000005,169.38676,52.98545036535562,53:39.8,6,-0.187,0101000020E6100000B8CD8422ACAC03C015A3025D4E984540,20230420_DACIA_HERNANI_EIBAR_047,,d1,11:14.5,07:44.5,DACIA_SPRING,Dacia Spring 33 kW,33000,139,53:37.2,5.6,9.0,270,W,-8.712721942951609,-165.4845789209127,279,55,,,,72.0,204.0,3.0,0,257,22,85,2
53:45.1,,,69,,98.5,,,,,,,47,-2.4605873,43.18956,174.64215,53.095231468439216,53:44.8,6,0.253,0101000020E6100000CF9C6D6B48AF03C0FFF3178843984540,20230420_DACIA_HERNANI_EIBAR_047,,d1,11:14.5,07:44.5,DACIA_SPRING,Dacia Spring 33 kW,33000,139,53:37.2,5.6,9.0,270,W,-8.949810803491294,-173.946263316265,279,55,,,,72.0,204.0,3.0,0,257,22,40,2
53:50.6,,,69,,98.5,,,,,,,47,-2.4619074,43.18942,182.42212,53.20365979595726,53:50.8,6,-0.296,0101000020E61000008DF2F971FCB103C0E28BCBD23E984540,20230420_DACIA_HERNANI_EIBAR_047,,d1,11:14.5,07:44.5,DACIA_SPRING,Dacia Spring 33 kW,33000,139,53:37.2,5.6,9.0,270,W,-8.643661527376702,163.82325374876905,279,55,,,,72.0,204.0,3.0,0,257,22,85,3
53:56.0,,,69,,98.5,,,,,,,47,-2.4627830000000004,43.189674,186.28854,53.28015611172885,53:55.9,6,0.129,0101000020E6100000C28B11A2C7B303C0F8FA1D3E47984540,20230420_DACIA_HERNANI_EIBAR_047,,d1,11:14.5,07:44.5,DACIA_SPRING,Dacia Spring 33 kW,33000,139,53:37.2,5.6,9.0,270,W,-8.993576011287571,177.83506632453012,279,55,,,,72.0,204.0,3.0,0,257,22,85,3
54:01.5,,,69,,98.5,,,,,,,47,-2.4637353,43.18971,189.12021,53.3575158669893,54:01.9,6,-0.3939999999999999,0101000020E6100000B48F85EBBAB503C0A6ADFF6648984540,20230420_DACIA_HERNANI_EIBAR_047,,d1,11:14.5,07:44.5,DACIA_SPRING,Dacia Spring 33 kW,33000,139,53:37.2,5.6,9.0,270,W,-1.917491426060284,-102.3014201117539,279,55,,,,72.0,204.0,3.0,0,257,22,8,3
54:07.0,,,70,,98.5,,,,,,,47,-2.463949,43.18873,191.58339,53.467883028527,54:07.0,6,-0.008,0101000020E61000004BAC2AE42AB603C0157CD04B28984540,20230420_DACIA_HERNANI_EIBAR_047,,d1,11:14.5,07:44.5,DACIA_SPRING,Dacia Spring 33 kW,33000,139,53:37.2,5.6,9.0,270,W,2.6339066072710877,-72.98294867835236,279,55,,,,72.0,204.0,3.0,0,257,22,85,3
54:12.5,,,70,,98.5,,,,,,,47,-2.4637418,43.188053,190.90071,53.54501650148197,54:12.0,6,0.471,0101000020E6100000E302A644BEB503C0274F9A1612984540,20230420_DACIA_HERNANI_EIBAR_047,,d1,11:14.5,07:44.5,DACIA_SPRING,Dacia Spring 33 kW,33000,139,53:37.2,5.6,9.0,270,W,-8.709677465609836,-165.40745056675414,279,55,,,,72.0,204.0,3.0,0,257,22,85,3
54:17.9,,,70,,98.5,,,,,,,47,-2.4647136,43.1878,189.48384,53.62868779324185,54:18.0,6,-0.175,0101000020E61000007B4A39B8BBB703C0EDB907E609984540,20230420_DACIA_HERNANI_EIBAR_047,,d1,11:14.5,07:44.5,DACIA_SPRING,Dacia Spring 33 kW,33000,139,54:52.1,2.2,3.6,319,NW,-3.478054729862724,145.95555294360028,279,55,,,,72.0,204.0,3.0,0,257,22,85,3
54:23.4,,,69,,98.5,,,,,,,47,-2.465427,43.188282,189.37762,53.70754052114299,54:23.1,6,0.305,0101000020E610000020A2D6C031B903C08B8B56A719984540,20230420_DACIA_HERNANI_EIBAR_047,,d1,11:14.5,07:44.5,DACIA_SPRING,Dacia Spring 33 kW,33000,139,54:52.1,2.2,3.6,319,NW,-3.4087836156088778,112.24183943370876,279,55,,,,72.0,204.0,3.0,0,257,22,85,3
54:28.9,,,69,,98.5,,,,,,,47,-2.4658842,43.1894,192.01288,53.83729146129598,54:29.2,6,-0.292,0101000020E61000000020068B21BA03C09760F3333E984540,20230420_DACIA_HERNANI_EIBAR_047,,d1,11:14.5,07:44.5,DACIA_SPRING,Dacia Spring 33 kW,33000,139,54:52.1,2.2,3.6,319,NW,-3.1884333554950164,103.33481683384292,279,55,,,,72.0,204.0,3.0,0,257,22,85,3
54:34.4,,,69,,98.5,,,,,,,47,-2.4660487,43.190094,195.76538,53.91569448163136,54:34.3,6,0.141,0101000020E6100000461857BC77BA03C087FDD00155984540,20230420_DACIA_HERNANI_EIBAR_047,,d1,11:14.5,07:44.5,DACIA_SPRING,Dacia Spring 33 kW,33000,139,54:52.1,2.2,3.6,319,NW,-2.2837704048858827,80.37406489398734,279,55,,,,72.0,204.0,3.0,0,257,22,85,3
54:39.9,,,69,,98.5,,,,,,,47,-2.465912,43.1909,197.33417,54.00601380685388,54:40.3,6,-0.381,0101000020E6100000597E621E30BA03C000A0EA576F984540,20230420_DACIA_HERNANI_EIBAR_047,,d1,11:14.5,07:44.5,DACIA_SPRING,Dacia Spring 33 kW,33000,139,54:52.1,2.2,3.6,319,NW,-3.478960906545681,145.89956542259696,279,55,,,,72.0,204.0,3.0,0,257,22,85,3
54:45.4,,,69,,98.5,,,,,,,47,-2.4663994,43.19123,197.83554,54.05993989592401,54:45.3,6,0.071,0101000020E610000097FB019B2FBB03C02173D3387A984540,20230420_DACIA_HERNANI_EIBAR_047,,d1,11:14.5,07:44.5,DACIA_SPRING,Dacia Spring 33 kW,33000,139,54:52.1,2.2,3.6,319,NW,-1.8420365258592617,-169.77558607847098,279,55,,,,72.0,204.0,3.0,0,257,22,25,3
54:51.0,,,69,,98.5,,,,,,,47,-2.4674528,43.19104,199.92831,54.14793781773087,54:51.4,6,-0.429,0101000020E61000006A744CE957BD03C010159F0774984540,20230420_DACIA_HERNANI_EIBAR_047,,d1,11:14.5,07:44.5,DACIA_SPRING,Dacia Spring 33 kW,33000,139,54:52.1,2.2,3.6,319,NW,2.408431969928136,-97.00938425659744,279,55,,,,72.0,204.0,3.0,0,257,22,85,3
54:56.9,,,69,,98.5,,,,,,,47,-2.4675503,43.190247,202.54944,54.236507755049985,54:56.5,6,0.444,0101000020E6100000798BB80C8BBD03C06AC231F659984540,20230420_DACIA_HERNANI_EIBAR_047,,d1,11:14.5,07:44.5,DACIA_SPRING,Dacia Spring 33 kW,33000,139,54:52.1,2.2,3.6,319,NW,2.83991920660947,-86.92029502679395,279,55,,,,72.0,204.0,3.0,0,257,22,85,3
55:02.4,,,69,,98.5,,,,,,,47,-2.4675121,43.189537,206.18274,54.315600367077586,55:02.5,6,-0.084,0101000020E610000027364FFB76BD03C030156BB742984540,20230420_DACIA_HERNANI_EIBAR_047,,d1,11:14.5,07:44.5,DACIA_SPRING,Dacia Spring 33 kW,33000,139,54:52.1,2.2,3.6,319,NW,0.1795605218187149,-136.14101926805313,279,55,,,,72.0,204.0,3.0,0,257,22,40,3
55:07.8,,,68,,98.5,,,,,,,47,-2.4680293,43.189040000000006,208.24107,54.3850012878588,55:07.6,6,0.238,0101000020E6100000E1090B1286BE03C026BC547832984540,20230420_DACIA_HERNANI_EIBAR_047,,d1,11:14.5,07:44.5,DACIA_SPRING,Dacia Spring 33 kW,33000,139,54:52.1,2.2,3.6,319,NW,-0.4216051524015457,-145.72548830615116,279,55,,,,72.0,204.0,3.0,0,257,22,85,3
55:24.7,,,68,,98.5,,,,,,,47,-2.4687483,43.18855,210.34251,54.46481947266945,55:24.7,6,0.0,0101000020E6100000B2734216FFBF03C0DC63BE5722984540,20230420_DACIA_HERNANI_EIBAR_047,,d1,11:14.5,07:44.5,DACIA_SPRING,Dacia Spring 33 kW,33000,139,54:52.1,2.2,3.6,319,NW,-1.8508084989740887,-169.93821660983798,279,55,,,,72.0,204.0,3.0,0,257,22,85,3
55:30.2,,,68,,98.5,,,,,,,47,-2.4721072,43.187954,192.85251,54.745629657138096,55:29.8,6,0.44,0101000020E6100000CCF1261FE0C603C0EA5274E20E984540,20230420_DACIA_HERNANI_EIBAR_047,,d1,11:14.5,07:44.5,DACIA_SPRING,Dacia Spring 33 kW,33000,139,54:52.1,2.2,3.6,319,NW,-2.799003179699274,169.9676752756529,279,55,,,,72.0,204.0,3.0,0,257,22,85,3
55:35.8,,,68,,98.5,,,,,,,47,-2.4725368,43.18803,206.99414,54.78415854699009,55:35.8,6,-0.037,0101000020E6100000E0F8ED64C1C703C03B19875811984540,20230420_DACIA_HERNANI_EIBAR_047,,d1,11:14.5,07:44.5,DACIA_SPRING,Dacia Spring 33 kW,33000,139,54:52.1,2.2,3.6,319,NW,-1.986522657844856,-172.49140241582992,279,55,,,,72.0,204.0,3.0,0,257,22,85,3
55:41.2,,,68,,98.5,,,,,,,47,-2.4727113,43.188007,213.86519,54.80009275601771,55:40.9,6,0.342,0101000020E6100000A9537BEF1CC803C09745909D10984540,20230420_DACIA_HERNANI_EIBAR_047,,d1,11:14.5,07:44.5,DACIA_SPRING,Dacia Spring 33 kW,33000,139,54:52.1,2.2,3.6,319,NW,2.038424694775186,-104.51231545218675,279,55,,,,72.0,204.0,3.0,0,257,22,40,3
55:46.7,,,68,,98.5,,,,,,,47,-2.4728415,43.187504,221.44391,54.85751352275004,55:46.9,6,-0.15,0101000020E61000009386882761C803C0B932842900984540,20230420_DACIA_HERNANI_EIBAR_047,,d1,11:14.5,07:44.5,DACIA_SPRING,Dacia Spring 33 kW,33000,139,54:52.1,2.2,3.6,319,NW,1.1782803778821702,-119.89501546902196,279,55,,,,72.0,204.0,3.0,0,257,22,8,4
55:52.2,,,68,,98.5,,,,,,,47,-2.47316,43.18695,223.59088,54.92434318205748,55:51.9,6,0.25,0101000020E6100000C9A3132808C903C061F7A401EE974540,20230420_DACIA_HERNANI_EIBAR_047,,d1,11:14.5,07:44.5,DACIA_SPRING,Dacia Spring 33 kW,33000,139,54:52.1,2.2,3.6,319,NW,1.8081216698308569,-108.85063037732604,279,55,,,,72.0,204.0,3.0,0,257,22,40,4
55:57.7,,,68,,98.5,,,,,,,47,-2.473329,43.186455,220.88414,54.981128999812405,55:58.0,6,-0.27,0101000020E61000006BCDA3CE60C903C0E947E1CBDD974540,20230420_DACIA_HERNANI_EIBAR_047,,d1,11:14.5,07:44.5,DACIA_SPRING,Dacia Spring 33 kW,33000,139,54:52.1,2.2,3.6,319,NW,3.573049268836191,-56.01524700782497,279,55,,,,72.0,204.0,3.0,0,257,22,40,4
56:03.1,,,68,,98.5,,,,,,,47,-2.473118,43.186142,220.34868,55.01991373011653,56:03.0,6,0.093,0101000020E61000000124BE22F2C803C070472182D3974540,20230420_DACIA_HERNANI_EIBAR_047,,d1,11:14.5,07:44.5,DACIA_SPRING,Dacia Spring 33 kW,33000,139,54:52.1,2.2,3.6,319,NW,2.504355685147671,-94.92061603641496,279,55,,,,72.0,204.0,3.0,0,257,22,8,4
56:08.7,,,68,,98.5,,,,,,,47,-2.473144,43.18584,215.67787,55.05388334504663,56:09.0,6,-0.359,0101000020E6100000545729B9FFC803C0FBC782A1C9974540,20230420_DACIA_HERNANI_EIBAR_047,,d1,11:14.5,07:44.5,DACIA_SPRING,Dacia Spring 33 kW,33000,139,54:52.1,2.2,3.6,319,NW,-0.3675420095749312,-144.8598228574735,279,55,,,,72.0,204.0,3.0,0,257,22,8,4
56:14.2,,,68,,98.5,,,,,,,47,-2.4734523,43.185623,212.97781,55.08873027728347,56:14.1,6,0.15,0101000020E610000011927F6DA1C903C0FAEFC285C2974540,20230420_DACIA_HERNANI_EIBAR_047,,d1,11:14.5,07:44.5,DACIA_SPRING,Dacia Spring 33 kW,33000,139,54:52.1,2.2,3.6,319,NW,0.1491287510286187,-136.62586287728232,279,55,,,,72.0,204.0,3.0,0,257,22,8,4
56:19.9,,,68,,98.5,,,,,,,47,-2.4737349,43.185356,213.37083,55.1262345261056,56:20.2,6,-0.261,0101000020E6100000F4FEC58035CA03C0E6DE48CEB9974540,20230420_DACIA_HERNANI_EIBAR_047,,d1,11:14.5,07:44.5,DACIA_SPRING,Dacia Spring 33 kW,33000,139,54:52.1,2.2,3.6,319,NW,-0.8904577087287432,-153.32071643192907,279,55,,,,72.0,204.0,3.0,0,257,22,25,4
56:25.4,,,68,,98.5,,,,,,,47,-2.4740155,43.185215,206.50522,55.15470425373215,56:25.2,6,0.2189999999999999,0101000020E61000006D1D50ACC8CA03C028DBA22FB5974540,20230420_DACIA_HERNANI_EIBAR_047,,d1,11:14.5,07:44.5,DACIA_SPRING,Dacia Spring 33 kW,33000,139,54:52.1,2.2,3.6,319,NW,-0.3968024987699614,-145.32816587353526,279,55,,,,72.0,204.0,3.0,0,257,22,25,4
56:31.0,,,68,,98.5,,,,,,,47,-2.474335,43.184994,203.28087,55.1905554861116,56:31.3,6,-0.309,0101000020E6100000AE843C2B70CB03C0E0641ED9AD974540,20230420_DACIA_HERNANI_EIBAR_047,,d1,11:14.5,07:44.5,DACIA_SPRING,Dacia Spring 33 kW,33000,139,54:52.1,2.2,3.6,319,NW,-1.257867480981384,-159.4510876272912,279,55,,,,72.0,204.0,3.0,0,257,22,25,4
56:36.4,,,68,,98.5,,,,,,,47,-2.4745991000000003,43.184895,201.73985,55.21468133702816,56:36.3,6,0.111,0101000020E61000000A58F9A0FACB03C0F40C4EA8AA974540,20230420_DACIA_HERNANI_EIBAR_047,,d1,11:14.5,07:44.5,DACIA_SPRING,Dacia Spring 33 kW,33000,139,54:52.1,2.2,3.6,319,NW,-1.1705191130260335,-157.97431141103783,279,55,,,,72.0,204.0,3.0,0,257,22,25,4
56:42.0,,,68,,98.5,,,,,,,47,-2.4749773,43.184742,197.05513,55.25005986331298,56:42.3,6,-0.31,0101000020E61000004E5F18E5C0CC03C0414ED894A5974540,20230420_DACIA_HERNANI_EIBAR_047,,d1,11:14.5,07:44.5,DACIA_SPRING,Dacia Spring 33 kW,33000,139,54:52.1,2.2,3.6,319,NW,-1.4363939018140135,-162.51557267656577,279,55,,,,72.0,204.0,3.0,0,257,22,25,4
56:47.5,,,69,,98.5,,,,,,,47,-2.4753773,43.184616,194.12878,55.285508997916644,56:47.4,6,0.16,0101000020E61000007E747BAF92CD03C0999C3186A1974540,20230420_DACIA_HERNANI_EIBAR_047,,d1,11:14.5,07:44.5,DACIA_SPRING,Dacia Spring 33 kW,33000,139,58:37.3,5.6,9.0,270,W,-8.99139369342788,177.4941250434975,279,55,,,,72.0,204.0,3.0,0,257,22,25,4
56:52.9,,,69,,98.5,,,,,,,47,-2.4756515,43.184628,192.37619,55.3078494546594,56:53.4,6,-0.467,0101000020E610000008FCF36222CE03C0A4463AD2A1974540,20230420_DACIA_HERNANI_EIBAR_047,,d1,11:14.5,07:44.5,DACIA_SPRING,Dacia Spring 33 kW,33000,139,58:37.3,5.6,9.0,270,W,-8.885170086410675,170.83765295415233,279,55,,,,72.0,204.0,3.0,0,257,22,25,4
56:58.4,,,69,,98.5,,,,,,,47,-2.4759119,43.18467,194.05205,55.329537372317176,56:58.4,6,-0.032,0101000020E6100000EE111CDAAACE03C05292A34DA3974540,20230420_DACIA_HERNANI_EIBAR_047,,d1,11:14.5,07:44.5,DACIA_SPRING,Dacia Spring 33 kW,33000,139,58:37.3,5.6,9.0,270,W,-8.778474453571588,167.26135779412667,279,55,,,,72.0,204.0,3.0,0,257,22,25,4
57:03.9,,,69,,98.5,,,,,,,47,-2.476195,43.184734000000006,193.13101,55.35358607767114,57:03.5,6,0.344,0101000020E6100000021F665B3FCF03C0ED40E55FA5974540,20230420_DACIA_HERNANI_EIBAR_047,,d1,11:14.5,07:44.5,DACIA_SPRING,Dacia Spring 33 kW,33000,139,58:37.3,5.6,9.0,270,W,-8.758862884429025,166.7070039289867,279,55,,,,72.0,204.0,3.0,0,257,22,25,4
57:09.4,,,69,,98.5,,,,,,,47,-2.4765844,43.184826,194.73091,55.3868123308624,57:09.5,6,-0.098,0101000020E6100000AB23017A0BD003C09C742B66A8974540,20230420_DACIA_HERNANI_EIBAR_047,,d1,11:14.5,07:44.5,DACIA_SPRING,Dacia Spring 33 kW,33000,139,58:37.3,5.6,9.0,270,W,-8.876876120457643,170.51179894144562,279,55,,,,72.0,204.0,3.0,0,257,22,25,4
57:14.9,,,69,,98.5,,,,,,,47,-2.4769075000000003,43.18488,194.37839,55.41369020865992,57:14.6,6,0.33,0101000020E610000006E3ABD9B4D003C05FDEB123AA974540,20230420_DACIA_HERNANI_EIBAR_047,,d1,11:14.5,07:44.5,DACIA_SPRING,Dacia Spring 33 kW,33000,139,58:37.3,5.6,9.0,270,W,-8.99507440624961,178.10431803081053,279,55,,,,72.0,204.0,3.0,0,257,22,25,4
57:20.5,,,68,,98.5,,,,,,,47,-2.4773607,43.184895,192.94855,55.450500233462485,57:20.6,6,-0.127,0101000020E610000057371781A2D103C0DE59D99AAA974540,20230420_DACIA_HERNANI_EIBAR_047,,d1,11:14.5,07:44.5,DACIA_SPRING,Dacia Spring 33 kW,33000,139,58:37.3,5.6,9.0,270,W,-9.0,180.0,279,55,,,,72.0,204.0,3.0,0,257,22,40,4
57:26.1,,,68,,98.5,,,,,,,47,-2.4777172000000003,43.184895,196.1895,55.47958555746016,57:25.6,6,0.411,0101000020E610000079EBAC6B5DD203C09E43EEAAAA974540,20230420_DACIA_HERNANI_EIBAR_047,,d1,11:14.5,07:44.5,DACIA_SPRING,Dacia Spring 33 kW,33000,139,58:37.3,5.6,9.0,270,W,-8.044375263916045,153.35719524976005,279,55,,,,72.0,204.0,3.0,0,257,22,40,4
57:31.6,,,68,,98.5,,,,,,,47,-2.4779823,43.185028,195.2311,55.50569319316149,57:31.7,6,-0.12,0101000020E6100000C0B56254E8D203C0678420F4AE974540,20230420_DACIA_HERNANI_EIBAR_047,,d1,11:14.5,07:44.5,DACIA_SPRING,Dacia Spring 33 kW,33000,139,58:37.3,5.6,9.0,270,W,-8.639175414991675,163.72105768473975,279,55,,,,72.0,204.0,3.0,0,257,22,40,4
57:37.1,,,68,,98.5,,,,,,,47,-2.4785576,43.185196000000005,193.01022,55.555987812890805,57:36.8,6,0.349,0101000020E6100000A0F908F815D403C08579A375B4974540,20230420_DACIA_HERNANI_EIBAR_047,,d1,11:14.5,07:44.5,DACIA_SPRING,Dacia Spring 33 kW,33000,139,58:37.3,5.6,9.0,270,W,-8.99601667665339,178.29527168147058,279,55,,,,72.0,204.0,3.0,0,257,22,8,4
57:42.7,,,68,,98.5,,,,,,,47,-2.479196,43.185215,191.9452,55.607801585376315,57:42.8,6,-0.157,0101000020E61000007D0EDDB364D503C01C63EB19B5974540,20230420_DACIA_HERNANI_EIBAR_047,,d1,11:14.5,07:44.5,DACIA_SPRING,Dacia Spring 33 kW,33000,139,58:37.3,5.6,9.0,270,W,-8.695443993636346,-165.05202633884767,279,55,,,,72.0,204.0,3.0,0,257,22,8,4
57:48.2,,,68,,98.5,,,,,,,47,-2.4795406000000004,43.185123,191.97617,55.63755479949026,57:47.8,6,0.368,0101000020E6100000E250896E19D603C071CAD916B2974540,20230420_DACIA_HERNANI_EIBAR_047,,d1,11:14.5,07:44.5,DACIA_SPRING,Dacia Spring 33 kW,33000,139,58:37.3,5.6,9.0,270,W,-8.14792195023482,-154.86704500909553,279,55,,,,72.0,204.0,3.0,0,257,22,40,4
57:53.7,,,68,,98.5,,,,,,,47,-2.4796216,43.185085,191.04219,55.64541962065455,57:53.8,6,-0.15,0101000020E6100000F06622D143D603C0FB5B34E1B0974540,20230420_DACIA_HERNANI_EIBAR_047,,d1,11:14.5,07:44.5,DACIA_SPRING,Dacia Spring 33 kW,33000,139,58:37.3,5.6,9.0,270,W,-7.433083263769144,-145.67965488885125,279,55,,,,72.0,204.0,3.0,0,257,22,40,4
57:59.3,,,68,,98.5,,,,,,,47,-2.479834,43.184940000000005,190.53113,55.66901578656965,57:58.9,6,0.35,0101000020E61000000564F43DB3D603C0CE43451DAC974540,20230420_DACIA_HERNANI_EIBAR_047,,d1,11:14.5,07:44.5,DACIA_SPRING,Dacia Spring 33 kW,33000,139,58:37.3,5.6,9.0,270,W,-5.97169566847018,-131.5690170894379,279,55,,,,72.0,204.0,3.0,0,257,22,25,4
58:04.9,,,68,,98.5,,,,,,,47,-2.4801178,43.18462,192.5172,55.71143635879804,58:04.9,6,-0.049,0101000020E61000009C833E0248D703C0DF5DDDA0A1974540,20230420_DACIA_HERNANI_EIBAR_047,,d1,11:14.5,07:44.5,DACIA_SPRING,Dacia Spring 33 kW,33000,139,58:37.3,5.6,9.0,270,W,-8.11735502657744,-154.4127075997304,279,55,,,,72.0,204.0,3.0,0,257,22,25,4
58:10.4,,,68,,98.5,,,,,,,47,-2.480548,43.184414,192.98979,55.75316785780452,58:10.0,6,0.401,0101000020E6100000096DFA7A29D803C0677ABED49A974540,20230420_DACIA_HERNANI_EIBAR_047,,d1,11:14.5,07:44.5,DACIA_SPRING,Dacia Spring 33 kW,33000,139,58:37.3,5.6,9.0,270,W,-8.007179368632002,-152.8338911320293,279,55,,,,72.0,204.0,3.0,0,257,22,40,4
58:15.9,,,68,,98.5,,,,,,,47,-2.4809728,43.184196,193.80624,55.79529301033599,58:16.0,6,-0.1639999999999999,0101000020E6100000E293D64408D903C04F424FC593974540,20230420_DACIA_HERNANI_EIBAR_047,,d1,11:14.5,07:44.5,DACIA_SPRING,Dacia Spring 33 kW,33000,139,58:37.3,5.6,9.0,270,W,-7.35113344641676,-144.76499818517686,279,55,,,,72.0,204.0,3.0,0,257,22,40,4
58:21.4,,,68,,98.5,,,,,,,47,-2.4811795,43.18405,194.16982,55.81862866679631,58:21.1,6,0.346,0101000020E6100000F63451A574D903C0C5BC210C8F974540,20230420_DACIA_HERNANI_EIBAR_047,,d1,11:14.5,07:44.5,DACIA_SPRING,Dacia Spring 33 kW,33000,139,58:37.3,5.6,9.0,270,W,7.167207612192482,-37.216440470949046,279,55,,,,72.0,204.0,3.0,0,257,22,25,4
58:26.9,,,68,,98.5,,,,,,,47,-2.4811716,43.184044,193.7121,55.81966060281935,58:27.1,6,-0.131,0101000020E610000010D5048570D903C0D31FD4CD8E974540,20230420_DACIA_HERNANI_EIBAR_047,,d1,11:14.5,07:44.5,DACIA_SPRING,Dacia Spring 33 kW,33000,139,58:37.3,5.6,9.0,270,W,-8.015076003320733,-152.9442046801364,279,55,,,,72.0,204.0,3.0,0,257,22,25,4
58:32.6,,,68,,98.5,,,,,,,47,-2.4812088,43.184025,193.7045,55.82334307851088,58:33.1,6,-0.49,0101000020E6100000038A9E0F84D903C0D237722C8E974540,20230420_DACIA_HERNANI_EIBAR_047,,d1,11:14.5,07:44.5,DACIA_SPRING,Dacia Spring 33 kW,33000,139,58:37.3,5.6,9.0,270,W,-9.0,180.0,279,55,,,,72.0,204.0,3.0,0,257,22,25,4
58:38.1,,,68,,98.5,,,,,,,47,-2.4812095000000003,43.184025,194.29283,55.82393413970881,58:38.2,6,-0.067,0101000020E6100000238D966A84D903C0B9EAB82C8E974540,20230420_DACIA_HERNANI_EIBAR_047,,d1,11:14.5,07:44.5,DACIA_SPRING,Dacia Spring 33 kW,33000,139,58:37.3,5.6,9.0,270,W,-8.297340995027593,157.20940915106775,279,55,,,,72.0,204.0,3.0,0,257,22,25,4
58:43.7,,,68,,98.5,,,,,,,47,-2.4812214,43.18403,194.2268,55.825049657641785,58:43.3,6,0.3779999999999999,0101000020E6100000824FCBA48AD903C07E945F3E8E974540,20230420_DACIA_HERNANI_EIBAR_047,,d1,11:14.5,07:44.5,DACIA_SPRING,Dacia Spring 33 kW,33000,139,58:37.3,5.6,9.0,270,W,-8.181246507343147,-155.37128813748302,279,55,,,,72.0,204.0,3.0,0,257,22,25,4
58:49.2,,,68,,98.5,,,,,,,47,-2.4814897,43.183907,196.98515,55.850893064287234,58:49.3,6,-0.074,0101000020E61000007605FE4717DA03C0E24056428A974540,20230420_DACIA_HERNANI_EIBAR_047,,d1,11:14.5,07:44.5,DACIA_SPRING,Dacia Spring 33 kW,33000,139,58:37.3,5.6,9.0,270,W,-6.241039825898816,-133.90374067956728,279,55,,,,72.0,204.0,3.0,0,257,22,25,4
58:54.6,,,68,,98.5,,,,,,,47,-2.4817178,43.18367,200.03462,55.88323226654738,58:54.3,6,0.307,0101000020E610000073AC38E18EDA03C0BAB4D57582974540,20230420_DACIA_HERNANI_EIBAR_047,,d1,11:14.5,07:44.5,DACIA_SPRING,Dacia Spring 33 kW,33000,139,58:37.3,5.6,9.0,270,W,-6.560402265190552,-136.79706707266806,279,55,,,,72.0,204.0,3.0,0,257,22,40,4
59:00.3,,,68,,98.5,,,,,,,47,-2.4819627,43.18344,199.62108,55.9156130957428,59:00.4,6,-0.111,0101000020E6100000F62BB5460FDB03C027C839027B974540,20230420_DACIA_HERNANI_EIBAR_047,,d1,11:14.5,07:44.5,DACIA_SPRING,Dacia Spring 33 kW,33000,139,58:37.3,5.6,9.0,270,W,-6.661742067027442,-137.74790677807397,279,55,,,,72.0,204.0,3.0,0,257,22,40,4
59:05.7,,,68,,98.5,,,,,,,47,-2.4820948,43.18332,200.1606,55.932731936266926,59:05.5,6,0.238,0101000020E61000007121138A54DB03C08837650477974540,20230420_DACIA_HERNANI_EIBAR_047,,d1,11:14.5,07:44.5,DACIA_SPRING,Dacia Spring 33 kW,33000,139,58:37.3,5.6,9.0,270,W,-7.505799713775191,-146.5095436887307,279,55,,,,72.0,204.0,3.0,0,257,22,40,4
59:11.3,,,68,,98.5,,,,,,,47,-2.4822807,43.183197,199.5484,55.95309420728093,59:11.5,6,-0.183,0101000020E610000076CA3A06B6DB03C02F91C30473974540,20230420_DACIA_HERNANI_EIBAR_047,,d1,11:14.5,07:44.5,DACIA_SPRING,Dacia Spring 33 kW,33000,139,58:37.3,5.6,9.0,270,W,-7.70670491389796,-148.9037118597689,279,55,,,,72.0,204.0,3.0,0,257,22,40,4
59:16.8,,,68,,98.5,,,,,,,47,-2.482541,43.183040000000005,199.6688,55.98048415213506,59:16.5,6,0.261,0101000020E6100000FF4052843EDC03C0CE2208D36D974540,20230420_DACIA_HERNANI_EIBAR_047,,d1,11:14.5,07:44.5,DACIA_SPRING,Dacia Spring 33 kW,33000,139,59:52.2,5.6,9.0,270,W,-7.309382416134185,-144.30688097351916,279,55,,,,72.0,204.0,3.0,0,257,22,40,4
59:22.4,,,68,,98.5,,,,,,,47,-2.4829586,43.18274,199.65567,56.028015513069015,59:22.5,6,-0.099,0101000020E6100000A09AE05119DD03C070416CFB63974540,20230420_DACIA_HERNANI_EIBAR_047,,d1,11:14.5,07:44.5,DACIA_SPRING,Dacia Spring 33 kW,33000,139,59:52.2,5.6,9.0,270,W,-7.750986513560544,-149.45392320973735,279,55,,,,72.0,204.0,3.0,0,257,22,25,4
59:28.0,,,68,,98.5,,,,,,,47,-2.4833314,43.18252,202.45268,56.06700166704,59:27.6,6,0.4,0101000020E61000002143B9DADCDD03C04B60FFE05C974540,20230420_DACIA_HERNANI_EIBAR_047,,d1,11:14.5,07:44.5,DACIA_SPRING,Dacia Spring 33 kW,33000,139,59:52.2,5.6,9.0,270,W,-7.695322247898735,-148.7636906261743,279,55,,,,72.0,204.0,3.0,0,257,22,25,4
59:33.5,,,68,,98.5,,,,,,,47,-2.4837568,43.182262,206.5248,56.112049292071994,59:33.7,6,-0.17,0101000020E610000093BDB0E5BBDE03C01866976854974540,20230420_DACIA_HERNANI_EIBAR_047,,d1,11:14.5,07:44.5,DACIA_SPRING,Dacia Spring 33 kW,33000,139,59:52.2,5.6,9.0,270,W,-8.29807038442896,-157.22139940189425,279,55,,,,72.0,204.0,3.0,0,257,22,8,5
59:39.0,,,68,,98.5,,,,,,,47,-2.4841664,43.18209,209.36066,56.15047833705708,59:38.7,6,0.359,0101000020E610000077A9D4A192DF03C0250B51C54E974540,20230420_DACIA_HERNANI_EIBAR_047,,d1,11:14.5,07:44.5,DACIA_SPRING,Dacia Spring 33 kW,33000,139,59:52.2,5.6,9.0,270,W,-8.372157836134583,-158.4722199948998,279,55,,,,72.0,204.0,3.0,0,257,22,8,5
59:44.6,,,68,,98.5,,,,,,,47,-2.4844630000000003,43.181973,212.34866,56.17798336216253,59:44.8,6,-0.2,0101000020E6100000DD53231E2EE003C0689A18DF4A974540,20230420_DACIA_HERNANI_EIBAR_047,,d1,11:14.5,07:44.5,DACIA_SPRING,Dacia Spring 33 kW,33000,139,59:52.2,5.6,9.0,270,W,-8.932264034461037,-172.96605775620628,279,55,,,,72.0,204.0,3.0,0,257,22,25,5
59:50.0,,,68,,98.5,,,,,,,47,-2.4848115,43.18193,212.86691,56.20664665673594,59:49.8,6,0.239,0101000020E6100000C9BFBEDEE4E003C01C89FE8049974540,20230420_DACIA_HERNANI_EIBAR_047,,d1,11:14.5,07:44.5,DACIA_SPRING,Dacia Spring 33 kW,33000,139,59:52.2,5.6,9.0,270,W,-8.645514208481654,-163.86564261346908,279,55,,,,72.0,204.0,3.0,0,257,22,25,5
59:55.4,,,68,,98.5,,,,,,,47,-2.4852436,43.181805,214.8019,56.24438809201577,59:55.8,6,-0.362,0101000020E61000004851F55AC7E103C03B45216A45974540,20230420_DACIA_HERNANI_EIBAR_047,,d1,11:14.5,07:44.5,DACIA_SPRING,Dacia Spring 33 kW,33000,139,59:52.2,5.6,9.0,270,W,-8.816365401025953,-168.40595855124138,279,55,,,,72.0,204.0,3.0,0,257,22,25,5
00:00.9,,,68,,98.5,,,,,,,47,-2.4853947,43.181774,215.80629,56.257154813649294,00:00.8,6,0.11,0101000020E61000005D72919916E203C018D4FB6344974540,20230420_DACIA_HERNANI_EIBAR_047,,d1,11:14.5,07:44.5,DACIA_SPRING,Dacia Spring 33 kW,33000,139,59:52.2,5.6,9.0,270,W,-6.784099015577546,-138.91964825230812,207,57,,,,44.0,163.0,0.0,0,189,18,25,5
00:06.4,,,68,,98.5,,,,,,,47,-2.485514,43.18167,217.25475,56.27230072756585,00:06.9,6,-0.442,0101000020E61000002A238F1F55E203C0F977710B41974540,20230420_DACIA_HERNANI_EIBAR_047,,d1,11:14.5,07:44.5,DACIA_SPRING,Dacia Spring 33 kW,33000,139,59:52.2,5.6,9.0,270,W,-8.55694870333767,-161.94733594224255,207,57,,,,44.0,163.0,0.0,0,189,18,25,5
00:12.0,,,68,,98.5,,,,,,,47,-2.4858024,43.181576,217.83992,56.29792117896994,00:11.9,6,0.088,0101000020E61000003326BE59ECE203C07FF3BFD03D974540,20230420_DACIA_HERNANI_EIBAR_047,,d1,11:14.5,07:44.5,DACIA_SPRING,Dacia Spring 33 kW,33000,139,59:52.2,5.6,9.0,270,W,-8.974327245420238,-175.671315823471,207,57,,,,44.0,163.0,0.0,0,189,18,25,5
00:17.5,,,68,,98.5,,,,,,,47,-2.4865158,43.181522,217.06705,56.3560811161697,00:17.9,6,-0.452,0101000020E610000098AC5F5B62E403C05564852C3C974540,20230420_DACIA_HERNANI_EIBAR_047,,d1,11:14.5,07:44.5,DACIA_SPRING,Dacia Spring 33 kW,33000,139,59:52.2,5.6,9.0,270,W,-8.731469851815879,-165.96867504739706,207,57,,,,44.0,163.0,0.0,0,189,18,25,5
00:23.1,,,68,,98.5,,,,,,,47,-2.487064,43.181385,216.20226,56.40307635918993,00:23.0,6,0.142,0101000020E6100000DC009CCD81E503C0D27F34A237974540,20230420_DACIA_HERNANI_EIBAR_047,,d1,11:14.5,07:44.5,DACIA_SPRING,Dacia Spring 33 kW,33000,139,59:52.2,5.6,9.0,270,W,-8.037920611626399,-153.26570583456976,207,57,,,,44.0,163.0,0.0,0,189,18,85,5
00:28.6,,,68,,98.5,,,,,,,47,-2.4875643,43.181133,218.39023,56.452427514971525,00:29.0,6,-0.35,0101000020E610000042B6C11088E603C0955A92602F974540,20230420_DACIA_HERNANI_EIBAR_047,,d1,11:14.5,07:44.5,DACIA_SPRING,Dacia Spring 33 kW,33000,139,59:52.2,5.6,9.0,270,W,-8.206756548056722,-155.76392529398012,207,57,,,,44.0,163.0,0.0,0,189,18,25,5
00:34.2,,,68,,98.5,,,,,,,47,-2.4880219,43.180927,219.31235,56.49604186479098,00:34.1,6,0.09,0101000020E610000026D1BB0378E703C0A00D82AE28974540,20230420_DACIA_HERNANI_EIBAR_047,,d1,11:14.5,07:44.5,DACIA_SPRING,Dacia Spring 33 kW,33000,139,59:52.2,5.6,9.0,270,W,-8.924938049356419,-172.59493962498857,207,57,,,,44.0,163.0,0.0,0,189,18,25,5
00:39.8,,,68,,98.5,,,,,,,47,-2.4886913,43.18084,221.6641,56.5512243346432,00:40.1,6,-0.317,0101000020E610000088C1FE0DD7E803C01C9ACAC325974540,20230420_DACIA_HERNANI_EIBAR_047,,d1,11:14.5,07:44.5,DACIA_SPRING,Dacia Spring 33 kW,33000,139,59:52.2,5.6,9.0,270,W,-8.94040141301891,-173.40257731943035,207,57,,,,44.0,163.0,0.0,0,189,18,85,5
00:45.3,,,68,,98.5,,,,,,,47,-2.4892533,43.180775,224.70819,56.59746298327739,00:45.2,6,0.1889999999999999,0101000020E6100000D1346A97FDE903C01591AD9B23974540,20230420_DACIA_HERNANI_EIBAR_047,,d1,11:14.5,07:44.5,DACIA_SPRING,Dacia Spring 33 kW,33000,139,59:52.2,5.6,9.0,270,W,-8.684042230814393,-164.77316309267573,207,57,,,,44.0,163.0,0.0,0,189,18,25,5
00:51.1,,,68,,98.5,,,,,,,47,-2.4898705000000003,43.180607,223.88824,56.650886793420156,00:51.2,6,-0.158,0101000020E6100000FE71B53241EB03C0FE3B83231E974540,20230420_DACIA_HERNANI_EIBAR_047,,d1,11:14.5,07:44.5,DACIA_SPRING,Dacia Spring 33 kW,33000,139,59:52.2,5.6,9.0,270,W,-6.310412731309645,-134.51990173644057,207,57,,,,44.0,163.0,0.0,0,189,18,25,5
00:56.5,,,68,,98.5,,,,,,,47,-2.4902196,43.180252,221.93199,56.6995004253776,00:56.3,6,0.193,0101000020E6100000B7754E31F8EB03C073E47C8912974540,20230420_DACIA_HERNANI_EIBAR_047,,d1,11:14.5,07:44.5,DACIA_SPRING,Dacia Spring 33 kW,33000,139,59:52.2,5.6,9.0,270,W,-0.715935908401542,-94.56261020351955,207,57,,,,44.0,163.0,0.0,0,189,18,25,5
01:02.0,,,68,,98.5,,,,,,,47,-2.4902437,43.17995,216.6203,56.73355490147641,01:02.3,6,-0.297,0101000020E6100000AB7FF3E604EC03C03672B89C08974540,20230420_DACIA_HERNANI_EIBAR_047,,d1,11:14.5,07:44.5,DACIA_SPRING,Dacia Spring 33 kW,33000,139,59:52.2,5.6,9.0,270,W,3.2838632909197143,-68.60018986747872,207,57,,,,44.0,163.0,0.0,0,189,18,25,5
01:07.5,,,68,,98.5,,,,,,,47,-2.4901857000000005,43.179802,215.77441,56.75069142988193,01:07.3,6,0.201,0101000020E6100000D1EEC175E6EB03C0307F82C803974540,20230420_DACIA_HERNANI_EIBAR_047,,d1,11:14.5,07:44.5,DACIA_SPRING,Dacia Spring 33 kW,33000,139,59:52.2,5.6,9.0,270,W,8.607674056373604,-16.97971084670185,207,57,,,,44.0,163.0,0.0,0,189,18,40,5
01:13.2,,,68,,98.5,,,,,,,47,-2.4901595000000003,43.179794,215.32309,56.75303837133178,01:13.4,6,-0.207,0101000020E6100000718CF7C9D8EB03C04C14888B03974540,20230420_DACIA_HERNANI_EIBAR_047,,d1,11:14.5,07:44.5,DACIA_SPRING,Dacia Spring 33 kW,33000,139,59:52.2,5.6,9.0,270,W,9.0,0.0,207,57,,,,44.0,163.0,0.0,0,189,18,40,5
01:18.6,,,68,,98.5,,,,,,,47,-2.4901595000000003,43.179794,215.32309,56.75303837133178,01:18.5,6,0.173,0101000020E6100000718CF7C9D8EB03C04C14888B03974540,20230420_DACIA_HERNANI_EIBAR_047,,d1,11:14.5,07:44.5,DACIA_SPRING,Dacia Spring 33 kW,33000,139,59:52.2,5.6,9.0,270,W,9.0,0.0,207,57,,,,44.0,163.0,0.0,0,189,18,40,5
01:24.1,,,68,,98.5,,,,,,,47,-2.4901595000000003,43.179794,215.32309,56.75303837133178,01:24.5,6,-0.337,0101000020E6100000718CF7C9D8EB03C04C14888B03974540,20230420_DACIA_HERNANI_EIBAR_047,,d1,11:14.5,07:44.5,DACIA_SPRING,Dacia Spring 33 kW,33000,139,59:52.2,5.6,9.0,270,W,9.0,0.0,207,57,,,,44.0,163.0,0.0,0,189,18,40,5
01:29.7,,,68,,98.5,,,,,,,47,-2.4901595000000003,43.179794,215.32309,56.75303837133178,01:29.5,6,0.109,0101000020E6100000718CF7C9D8EB03C04C14888B03974540,20230420_DACIA_HERNANI_EIBAR_047,,d1,11:14.5,07:44.5,DACIA_SPRING,Dacia Spring 33 kW,33000,139,59:52.2,5.6,9.0,270,W,9.0,0.0,207,57,,,,44.0,163.0,0.0,0,189,18,40,5
01:35.2,,,68,,98.5,,,,,,,47,-2.4901595000000003,43.179794,215.32309,56.75303837133178,01:35.6,6,-0.389,0101000020E6100000718CF7C9D8EB03C04C14888B03974540,20230420_DACIA_HERNANI_EIBAR_047,,d1,11:14.5,07:44.5,DACIA_SPRING,Dacia Spring 33 kW,33000,139,59:52.2,5.6,9.0,270,W,9.0,0.0,207,57,,,,44.0,163.0,0.0,0,189,18,40,5
01:40.7,,,68,,98.5,,,,,,,47,-2.4901595000000003,43.179794,215.32309,56.75303837133178,01:40.6,6,0.121,0101000020E6100000718CF7C9D8EB03C04C14888B03974540,20230420_DACIA_HERNANI_EIBAR_047,,d1,11:14.5,07:44.5,DACIA_SPRING,Dacia Spring 33 kW,33000,139,59:52.2,5.6,9.0,270,W,9.0,0.0,207,57,,,,44.0,163.0,0.0,0,189,18,40,5
01:46.4,,,68,,98.5,,,,,,,47,-2.4901595000000003,43.179794,215.32309,56.75303837133178,01:46.6,6,-0.248,0101000020E6100000718CF7C9D8EB03C04C14888B03974540,20230420_DACIA_HERNANI_EIBAR_047,,d1,11:14.5,07:44.5,DACIA_SPRING,Dacia Spring 33 kW,33000,139,03:37.4,2.5,4.0,120,ESE,-3.464101615137755,0.0,207,57,,,,44.0,163.0,0.0,0,189,18,40,5
01:51.9,,,68,,98.5,,,,,,,47,-2.4901595000000003,43.179794,215.32309,56.75303837133178,01:51.7,6,0.23,0101000020E6100000718CF7C9D8EB03C04C14888B03974540,20230420_DACIA_HERNANI_EIBAR_047,,d1,11:14.5,07:44.5,DACIA_SPRING,Dacia Spring 33 kW,33000,139,03:37.4,2.5,4.0,120,ESE,-3.464101615137755,0.0,207,57,,,,44.0,163.0,0.0,0,189,18,40,5
01:57.5,,,68,,98.5,,,,,,,47,-2.4901595000000003,43.179794,215.32309,56.75303837133178,01:57.7,6,-0.267,0101000020E6100000718CF7C9D8EB03C04C14888B03974540,20230420_DACIA_HERNANI_EIBAR_047,,d1,11:14.5,07:44.5,DACIA_SPRING,Dacia Spring 33 kW,33000,139,03:37.4,2.5,4.0,120,ESE,-2.8962808144633243,-73.60844540074984,207,57,,,,44.0,163.0,0.0,0,189,18,40,5
02:03.0,,,68,,98.5,,,,,,,47,-2.4901142000000003,43.17964,212.93936,56.77071338396283,02:02.9,6,0.139,0101000020E6100000DF7790F8C0EB03C0349F2F83FE964540,20230420_DACIA_HERNANI_EIBAR_047,,d1,11:14.5,07:44.5,DACIA_SPRING,Dacia Spring 33 kW,33000,139,03:37.4,2.5,4.0,120,ESE,-3.683758574424176,-7.063840280271371,207,57,,,,44.0,163.0,0.0,0,189,18,40,5
02:08.6,,,68,,98.5,,,,,,,47,-2.4897914,43.1796,208.64545,56.79760773169995,02:08.8,6,-0.183,0101000020E610000027ED01C217EB03C06EB45E23FD964540,20230420_DACIA_HERNANI_EIBAR_047,,d1,11:14.5,07:44.5,DACIA_SPRING,Dacia Spring 33 kW,33000,139,03:37.4,2.5,4.0,120,ESE,-2.023212808149082,29.61531477032612,207,57,,,,44.0,163.0,0.0,0,189,18,40,5
02:14.1,,,68,,98.5,,,,,,,47,-2.489429,43.179806,206.44038,56.83493112089032,02:13.8,6,0.287,0101000020E61000003FE14EBF59EA03C07D30FBE103974540,20230420_DACIA_HERNANI_EIBAR_047,,d1,11:14.5,07:44.5,DACIA_SPRING,Dacia Spring 33 kW,33000,139,03:37.4,2.5,4.0,120,ESE,-2.8682117290344724,14.18830197392843,207,57,,,,44.0,163.0,0.0,0,189,18,8,5
02:19.6,,,68,,98.5,,,,,,,47,-2.4887645,43.179974,204.46335,56.891992411463434,02:19.9,6,-0.271,0101000020E6100000EBE12A54FDE803C07024246209974540,20230420_DACIA_HERNANI_EIBAR_047,,d1,11:14.5,07:44.5,DACIA_SPRING,Dacia Spring 33 kW,33000,139,03:37.4,2.5,4.0,120,ESE,-2.8763532496894872,14.020738966345032,207,57,,,,44.0,163.0,0.0,0,189,18,40,5
02:25.1,,,68,,98.5,,,,,,,47,-2.4881558,43.180126,204.61517,56.944162257816664,02:25.0,6,0.188,0101000020E61000006123A34CBEE703C0DE5730530E974540,20230420_DACIA_HERNANI_EIBAR_047,,d1,11:14.5,07:44.5,DACIA_SPRING,Dacia Spring 33 kW,33000,139,03:37.4,2.5,4.0,120,ESE,-3.11526993983075,8.847567410773953,207,57,,,,44.0,163.0,0.0,0,189,18,40,5
02:30.7,,,68,,98.5,,,,,,,47,-2.4876804,43.1802,203.64348,56.98358999784303,02:31.0,6,-0.2319999999999999,0101000020E6100000FBD853FAC4E603C0AECA92C510974540,20230420_DACIA_HERNANI_EIBAR_047,,d1,11:14.5,07:44.5,DACIA_SPRING,Dacia Spring 33 kW,33000,139,03:37.4,2.5,4.0,120,ESE,-3.0766718920808325,9.720767760678893,207,57,,,,44.0,163.0,0.0,0,189,18,40,5
02:36.3,,,68,,98.5,,,,,,,47,-2.4873068,43.180264,203.63043,57.014707617244454,02:36.0,6,0.28,0101000020E6100000DA78A81F01E603C0955993D812974540,20230420_DACIA_HERNANI_EIBAR_047,,d1,11:14.5,07:44.5,DACIA_SPRING,Dacia Spring 33 kW,33000,139,03:37.4,2.5,4.0,120,ESE,-2.9129885542288774,13.26035392155264,207,57,,,,44.0,163.0,0.0,0,189,18,40,5
02:42.0,,,68,,98.5,,,,,,,47,-2.4867594,43.180393,203.03732,57.06135690297079,02:42.1,6,-0.124,0101000020E6100000521E902EE2E403C07BF1DC1F17974540,20230420_DACIA_HERNANI_EIBAR_047,,d1,11:14.5,07:44.5,DACIA_SPRING,Dacia Spring 33 kW,33000,139,03:37.4,2.5,4.0,120,ESE,-2.7392183216701738,16.779759555328205,207,57,,,,44.0,163.0,0.0,0,189,18,40,5
02:47.5,,,68,,98.5,,,,,,,47,-2.4863548,43.180515,202.07169,57.096870614369124,02:47.1,6,0.41,0101000020E61000008977640F0EE403C0DEFEE7231B974540,20230420_DACIA_HERNANI_EIBAR_047,,d1,11:14.5,07:44.5,DACIA_SPRING,Dacia Spring 33 kW,33000,139,03:37.4,2.5,4.0,120,ESE,-2.854746476563309,14.464334015897911,207,57,,,,44.0,163.0,0.0,0,189,18,25,5
02:53.0,,,68,,98.5,,,,,,,47,-2.485657,43.180695,199.66714,57.15693457681856,02:53.2,6,-0.162,0101000020E610000036B54913A0E203C0808D890B21974540,20230420_DACIA_HERNANI_EIBAR_047,,d1,11:14.5,07:44.5,DACIA_SPRING,Dacia Spring 33 kW,33000,139,03:37.4,2.5,4.0,120,ESE,-3.053112721887349,10.24594638319563,207,57,,,,44.0,163.0,0.0,0,189,18,25,5
02:58.4,,,68,,98.5,,,,,,,47,-2.4852974,43.18076,197.36948,57.18706229848364,02:58.3,6,0.18,0101000020E6100000487AC29FE3E103C03158B21423974540,20230420_DACIA_HERNANI_EIBAR_047,,d1,11:14.5,07:44.5,DACIA_SPRING,Dacia Spring 33 kW,33000,139,03:37.4,2.5,4.0,120,ESE,-2.998426004919218,11.443696696365947,207,57,,,,44.0,163.0,0.0,0,189,18,25,5
03:04.0,,,68,,98.5,,,,,,,47,-2.4848034,43.18086,196.88606,57.228634934435995,03:04.3,6,-0.2789999999999999,0101000020E61000003654AD9CE0E003C04059616126974540,20230420_DACIA_HERNANI_EIBAR_047,,d1,11:14.5,07:44.5,DACIA_SPRING,Dacia Spring 33 kW,33000,139,03:37.4,2.5,4.0,120,ESE,-2.526440185035005,20.830991028132186,207,57,,,,44.0,163.0,0.0,0,189,18,25,5
03:09.5,,,68,,98.5,,,,,,,47,-2.4843566000000004,43.18103,196.56548,57.26949920376189,03:09.3,6,0.161,0101000020E610000039B96D59F6DF03C014468E0D2C974540,20230420_DACIA_HERNANI_EIBAR_047,,d1,11:14.5,07:44.5,DACIA_SPRING,Dacia Spring 33 kW,33000,139,03:37.4,2.5,4.0,120,ESE,-2.0923390326394085,28.460600623363064,207,57,,,,44.0,163.0,0.0,0,189,18,8,5
03:15.0,,,68,,98.5,,,,,,,47,-2.4837717999999995,43.181347,196.3931,57.32858294798638,03:15.3,6,-0.358,0101000020E6100000B332AFCEC3DE03C0DD47446236974540,20230420_DACIA_HERNANI_EIBAR_047,,d1,11:14.5,07:44.5,DACIA_SPRING,Dacia Spring 33 kW,33000,139,03:37.4,2.5,4.0,120,ESE,-1.9288379544180003,31.170193102306072,207,57,,,,44.0,163.0,0.0,0,189,18,8,5
03:20.5,,,68,,98.5,,,,,,,47,-2.4833238,43.181618,195.8826,57.375782537945845,03:20.4,6,0.067,0101000020E6100000D84BEDD8D8DD03C039E1FD3C3F974540,20230420_DACIA_HERNANI_EIBAR_047,,d1,11:14.5,07:44.5,DACIA_SPRING,Dacia Spring 33 kW,33000,139,03:37.4,2.5,4.0,120,ESE,-2.070589996271218,28.82541773124528,207,57,,,,44.0,163.0,0.0,0,189,18,8,5
03:26.0,,,68,,98.5,,,,,,,47,-2.4828877,43.181858,193.79189,57.42013195884471,03:26.4,6,-0.43,0101000020E6100000BEBF4A48F4DC03C0C977942C47974540,20230420_DACIA_HERNANI_EIBAR_047,,d1,11:14.5,07:44.5,DACIA_SPRING,Dacia Spring 33 kW,33000,139,03:37.4,2.5,4.0,120,ESE,-2.150926305143893,27.470649476935304,207,57,,,,44.0,163.0,0.0,0,189,18,8,4
03:31.6,,,68,,98.5,,,,,,,47,-2.4824107000000004,43.182106,191.80518,57.46767380035132,03:31.5,6,0.13,0101000020E61000009D80BE1BFADB03C010E4554C4F974540,20230420_DACIA_HERNANI_EIBAR_047,,d1,11:14.5,07:44.5,DACIA_SPRING,Dacia Spring 33 kW,33000,139,03:37.4,2.5,4.0,120,ESE,-2.1275707019421843,27.86657529999818,207,57,,,,44.0,163.0,0.0,0,189,18,8,4
03:37.3,,,68,,98.5,,,,,,,47,-2.4819303,43.18236,189.04436,57.51586644257513,03:37.5,6,-0.2019999999999999,0101000020E6100000A5467D4DFEDA03C0965C859B57974540,20230420_DACIA_HERNANI_EIBAR_047,,d1,11:14.5,07:44.5,DACIA_SPRING,Dacia Spring 33 kW,33000,139,03:37.4,2.5,4.0,120,ESE,-1.2650211880844595,41.56338843253107,207,57,,,,44.0,163.0,0.0,0,189,18,8,4
03:42.9,,,68,,98.5,,,,,,,47,-2.4816258,43.18263,193.24126,57.55496279925311,03:42.6,6,0.296,0101000020E6100000E8D59AA65EDA03C0E33AB65960974540,20230420_DACIA_HERNANI_EIBAR_047,,d1,11:14.5,07:44.5,DACIA_SPRING,Dacia Spring 33 kW,33000,139,03:37.4,2.5,4.0,120,ESE,-2.5584130108131875,20.237758588215303,207,57,,,,44.0,163.0,0.0,0,189,18,40,4
03:48.4,,,68,,98.5,,,,,,,47,-2.480926,43.182888,195.34247,57.61857786866451,03:48.6,6,-0.211,0101000020E6100000E808C8B9EFD803C0DD86F3DF68974540,20230420_DACIA_HERNANI_EIBAR_047,,d1,11:14.5,07:44.5,DACIA_SPRING,Dacia Spring 33 kW,33000,139,03:37.4,2.5,4.0,120,ESE,-2.5471519640633864,20.447277077470623,207,57,,,,44.0,163.0,0.0,0,189,18,40,4
03:53.9,,,68,,98.5,,,,,,,47,-2.4802501,43.18314,195.20372,57.68012843037297,03:53.6,6,0.311,0101000020E61000008897776F8DD703C03F80C52671974540,20230420_DACIA_HERNANI_EIBAR_047,,d1,11:14.5,07:44.5,DACIA_SPRING,Dacia Spring 33 kW,33000,139,03:37.4,2.5,4.0,120,ESE,-2.3439186413123685,24.12777128982131,207,57,,,,44.0,163.0,0.0,0,189,18,25,4
03:59.5,,,68,,98.5,,,,,,,47,-2.4796205,43.183422,196.09624,57.74004453544964,03:59.7,6,-0.187,0101000020E610000081A4BE4943D603C0BB9AF8607A974540,20230420_DACIA_HERNANI_EIBAR_047,,d1,11:14.5,07:44.5,DACIA_SPRING,Dacia Spring 33 kW,33000,139,03:37.4,2.5,4.0,120,ESE,-2.7077061162463245,17.396064472244845,207,57,,,,44.0,163.0,0.0,0,189,18,40,4
04:05.0,,,68,,98.5,,,,,,,47,-2.4791162,43.18358,196.68233,57.78455147823036,04:04.7,6,0.29,0101000020E61000006F12F2D43AD503C0585CA9807F974540,20230420_DACIA_HERNANI_EIBAR_047,,d1,11:14.5,07:44.5,DACIA_SPRING,Dacia Spring 33 kW,33000,139,03:37.4,2.5,4.0,120,ESE,-3.7199566595036218,-8.433126050859855,207,57,,,,44.0,163.0,0.0,0,189,18,40,4
04:10.4,,,68,,98.5,,,,,,,47,-2.4789813,43.18356,197.92938,57.795782342124454,04:10.7,6,-0.312,0101000020E6100000AE6DAE10F4D403C0618F3EE07E974540,20230420_DACIA_HERNANI_EIBAR_047,,d1,11:14.5,07:44.5,DACIA_SPRING,Dacia Spring 33 kW,33000,139,03:37.4,2.5,4.0,120,ESE,1.0307775733389255,-134.93329946876426,207,57,,,,44.0,163.0,0.0,0,189,18,40,4
04:16.0,,,68,,98.5,,,,,,,47,-2.4790242,43.183517,198.00043,57.801695488366086,04:15.8,6,0.201,0101000020E61000009F2216AE0AD503C08151FB717D974540,20230420_DACIA_HERNANI_EIBAR_047,,d1,11:14.5,07:44.5,DACIA_SPRING,Dacia Spring 33 kW,33000,139,04:52.2,2.5,4.0,120,ESE,-3.464101615137755,0.0,207,57,,,,44.0,163.0,0.0,0,189,18,40,4
04:21.5,,,68,,98.5,,,,,,,47,-2.4790242,43.183517,198.00043,57.801695488366086,04:21.8,6,-0.3279999999999999,0101000020E61000009F2216AE0AD503C08151FB717D974540,20230420_DACIA_HERNANI_EIBAR_047,,d1,11:14.5,07:44.5,DACIA_SPRING,Dacia Spring 33 kW,33000,139,04:52.2,2.5,4.0,120,ESE,-3.464101615137755,0.0,207,57,,,,44.0,163.0,0.0,0,189,18,40,4
04:27.1,,,68,,98.5,,,,,,,47,-2.4790242,43.183517,198.00043,57.801695488366086,04:26.9,6,0.221,0101000020E61000009F2216AE0AD503C08151FB717D974540,20230420_DACIA_HERNANI_EIBAR_047,,d1,11:14.5,07:44.5,DACIA_SPRING,Dacia Spring 33 kW,33000,139,04:52.2,2.5,4.0,120,ESE,-3.464101615137755,0.0,207,57,,,,44.0,163.0,0.0,0,189,18,40,4
04:32.7,,,68,,98.5,,,,,,,47,-2.4790242,43.183517,198.00043,57.801695488366086,04:32.9,6,-0.228,0101000020E61000009F2216AE0AD503C08151FB717D974540,20230420_DACIA_HERNANI_EIBAR_047,,d1,11:14.5,07:44.5,DACIA_SPRING,Dacia Spring 33 kW,33000,139,04:52.2,2.5,4.0,120,ESE,-3.464101615137755,0.0,207,57,,,,44.0,163.0,0.0,0,189,18,40,4
04:38.2,,,68,,98.5,,,,,,,47,-2.4790242,43.183517,198.00043,57.801695488366086,04:38.0,6,0.239,0101000020E61000009F2216AE0AD503C08151FB717D974540,20230420_DACIA_HERNANI_EIBAR_047,,d1,11:14.5,07:44.5,DACIA_SPRING,Dacia Spring 33 kW,33000,139,04:52.2,2.5,4.0,120,ESE,-3.464101615137755,0.0,207,57,,,,44.0,163.0,0.0,0,189,18,40,4
04:43.7,,,68,,98.5,,,,,,,47,-2.4790242,43.183517,198.00043,57.801695488366086,04:44.0,6,-0.2789999999999999,0101000020E61000009F2216AE0AD503C08151FB717D974540,20230420_DACIA_HERNANI_EIBAR_047,,d1,11:14.5,07:44.5,DACIA_SPRING,Dacia Spring 33 kW,33000,139,04:52.2,2.5,4.0,120,ESE,-3.464101615137755,0.0,207,57,,,,44.0,163.0,0.0,0,189,18,40,4
04:49.2,,,68,,98.5,,,,,,,47,-2.4790242,43.183517,198.00043,57.801695488366086,04:49.0,6,0.211,0101000020E61000009F2216AE0AD503C08151FB717D974540,20230420_DACIA_HERNANI_EIBAR_047,,d1,11:14.5,07:44.5,DACIA_SPRING,Dacia Spring 33 kW,33000,139,04:52.2,2.5,4.0,120,ESE,-3.464101615137755,0.0,207,57,,,,44.0,163.0,0.0,0,189,18,40,4
04:54.7,,,68,,98.5,,,,,,,47,-2.4790242,43.183517,198.00043,57.801695488366086,04:55.1,6,-0.391,0101000020E61000009F2216AE0AD503C08151FB717D974540,20230420_DACIA_HERNANI_EIBAR_047,,d1,11:14.5,07:44.5,DACIA_SPRING,Dacia Spring 33 kW,33000,139,04:52.2,2.5,4.0,120,ESE,-3.464101615137755,0.0,207,57,,,,44.0,163.0,0.0,0,189,18,40,4
05:00.3,,,68,,98.5,,,,,,,47,-2.4790242,43.183517,198.00043,57.801695488366086,05:00.2,6,0.173,0101000020E61000009F2216AE0AD503C08151FB717D974540,20230420_DACIA_HERNANI_EIBAR_047,,d1,11:14.5,07:44.5,DACIA_SPRING,Dacia Spring 33 kW,33000,139,04:52.2,2.5,4.0,120,ESE,-3.464101615137755,0.0,207,57,,,,44.0,163.0,0.0,0,189,18,40,4
05:06.0,,,68,,98.5,,,,,,,47,-2.4790242,43.183517,198.00043,57.801695488366086,05:06.3,6,-0.288,0101000020E61000009F2216AE0AD503C08151FB717D974540,20230420_DACIA_HERNANI_EIBAR_047,,d1,11:14.5,07:44.5,DACIA_SPRING,Dacia Spring 33 kW,33000,139,04:52.2,2.5,4.0,120,ESE,-3.464101615137755,0.0,207,57,,,,44.0,163.0,0.0,0,189,18,40,4
05:11.6,,,68,,98.5,,,,,,,47,-2.4790242,43.183517,198.00043,57.801695488366086,05:11.3,6,0.271,0101000020E61000009F2216AE0AD503C08151FB717D974540,20230420_DACIA_HERNANI_EIBAR_047,,d1,11:14.5,07:44.5,DACIA_SPRING,Dacia Spring 33 kW,33000,139,04:52.2,2.5,4.0,120,ESE,-3.2954822696871844,4.525849310907969,207,57,,,,44.0,163.0,0.0,0,189,18,40,4
05:17.2,,,68,,98.5,,,,,,,47,-2.4789863,43.18352,198.29663,57.80480061463692,05:17.3,6,-0.0579999999999999,0101000020E6100000699FF6B5F6D403C0E52FF9947D974540,20230420_DACIA_HERNANI_EIBAR_047,,d1,11:14.5,07:44.5,DACIA_SPRING,Dacia Spring 33 kW,33000,139,04:52.2,2.5,4.0,120,ESE,-3.5647835280208486,-3.0239076551875077,207,57,,,,44.0,163.0,0.0,0,189,18,40,4
05:22.8,,,68,,98.5,,,,,,,47,-2.478797,43.18351,196.38066,57.82030800833834,05:22.5,6,0.389,0101000020E6100000B1F37E7293D403C0238FED447D974540,20230420_DACIA_HERNANI_EIBAR_047,,d1,11:14.5,07:44.5,DACIA_SPRING,Dacia Spring 33 kW,33000,139,04:52.2,2.5,4.0,120,ESE,-0.1997131412856052,57.138130104259,207,57,,,,44.0,163.0,0.0,0,189,18,40,4
05:28.4,,,68,,98.5,,,,,,,47,-2.4787085,43.183647,196.47469,57.837147332176876,05:28.4,6,-0.0069999999999999,0101000020E61000008EA5682965D403C0848AE2BF81974540,20230420_DACIA_HERNANI_EIBAR_047,,d1,11:14.5,07:44.5,DACIA_SPRING,Dacia Spring 33 kW,33000,139,04:52.2,2.5,4.0,120,ESE,3.924455507854757,138.84691715452934,207,57,,,,44.0,163.0,0.0,0,189,18,40,4
05:34.1,,,68,,98.5,,,,,,,47,-2.479141,43.184025,196.69356,57.8918865679517,05:34.4,6,-0.34,0101000020E61000006980C3E747D503C00CF887258E974540,20230420_DACIA_HERNANI_EIBAR_047,,d1,11:14.5,07:44.5,DACIA_SPRING,Dacia Spring 33 kW,33000,139,04:52.2,2.5,4.0,120,ESE,3.5751210497905457,123.35218563261417,207,57,,,,44.0,163.0,0.0,0,189,18,8,4
05:39.6,,,68,,98.5,,,,,,,47,-2.4793944,43.18441,197.45601,57.9393775276895,05:39.5,6,0.1119999999999999,0101000020E610000081B3F0B8CCD503C05ECE1EB39A974540,20230420_DACIA_HERNANI_EIBAR_047,,d1,11:14.5,07:44.5,DACIA_SPRING,Dacia Spring 33 kW,33000,139,04:52.2,2.5,4.0,120,ESE,3.599250489301569,124.13344819857524,207,57,,,,44.0,163.0,0.0,0,189,18,40,4
05:45.3,,,68,,98.5,,,,,,,47,-2.4795754,43.184677,195.56947,57.97254917681107,05:45.5,6,-0.252,0101000020E61000000E487BA32BD603C01BA1F171A3974540,20230420_DACIA_HERNANI_EIBAR_047,,d1,11:14.5,07:44.5,DACIA_SPRING,Dacia Spring 33 kW,33000,139,04:52.2,2.5,4.0,120,ESE,3.515953545327831,121.52057282680504,207,57,,,,44.0,163.0,0.0,0,189,18,40,4
05:50.8,,,68,,98.5,,,,,,,47,-2.4796815,43.18485,195.22557,57.99362452619786,05:50.5,6,0.242,0101000020E6100000D4AE573463D603C0B058B42CA9974540,20230420_DACIA_HERNANI_EIBAR_047,,d1,11:14.5,07:44.5,DACIA_SPRING,Dacia Spring 33 kW,33000,139,04:52.2,2.5,4.0,120,ESE,2.329580959412575,-155.61918799716398,207,57,,,,44.0,163.0,0.0,0,189,18,40,4
05:56.3,,,68,,98.5,,,,,,,47,-2.4798183,43.184788,196.00766,58.00670734401426,05:56.6,6,-0.262,0101000020E6100000D81F1608ABD603C00C742F13A7974540,20230420_DACIA_HERNANI_EIBAR_047,,d1,11:14.5,07:44.5,DACIA_SPRING,Dacia Spring 33 kW,33000,139,04:52.2,2.5,4.0,120,ESE,1.1095024334848873,-136.10363507071267,207,57,,,,44.0,163.0,0.0,0,189,18,25,4
06:01.8,,,68,,98.5,,,,,,,47,-2.4798474,43.18476,196.0049,58.01061377865786,06:01.7,6,0.123,0101000020E6100000F99B3430BAD603C0B664C83BA6974540,20230420_DACIA_HERNANI_EIBAR_047,,d1,11:14.5,07:44.5,DACIA_SPRING,Dacia Spring 33 kW,33000,139,04:52.2,2.5,4.0,120,ESE,1.1053732708260056,-136.04208312938513,207,57,,,,44.0,163.0,0.0,0,189,18,25,4
06:07.4,,,68,,98.5,,,,,,,47,-2.4800797,43.184536,196.7452,58.04184957783895,06:07.7,6,-0.317,0101000020E61000006C636E0034D703C06228D3E89E974540,20230420_DACIA_HERNANI_EIBAR_047,,d1,11:14.5,07:44.5,DACIA_SPRING,Dacia Spring 33 kW,33000,139,04:52.2,2.5,4.0,120,ESE,2.097870926023756,-151.63241810910776,207,57,,,,44.0,163.0,0.0,0,189,18,25,4
06:12.9,,,68,,98.5,,,,,,,47,-2.4805038,43.184307,198.12308,58.08465898038977,06:12.8,6,0.142,0101000020E61000002C46B06812D803C0AB2F1F5597974540,20230420_DACIA_HERNANI_EIBAR_047,,d1,11:14.5,07:44.5,DACIA_SPRING,Dacia Spring 33 kW,33000,139,04:52.2,2.5,4.0,120,ESE,1.7404173449218476,-145.79193313954738,207,57,,,,44.0,163.0,0.0,0,189,18,40,4
06:18.4,,,68,,98.5,,,,,,,47,-2.4809554,43.184,198.88423,58.134724643864864,06:18.8,6,-0.321,0101000020E61000001E251011FFD803C09F7D5B388D974540,20230420_DACIA_HERNANI_EIBAR_047,,d1,11:14.5,07:44.5,DACIA_SPRING,Dacia Spring 33 kW,33000,139,04:52.2,2.5,4.0,120,ESE,1.511142910707329,-142.1965928087414,207,57,,,,44.0,163.0,0.0,0,189,18,40,4
06:24.0,,,68,,98.5,,,,,,,47,-2.4814491000000003,43.183617,196.68253,58.19321274326242,06:23.8,6,0.21,0101000020E61000008F1FE0F601DA03C0A17999B080974540,20230420_DACIA_HERNANI_EIBAR_047,,d1,11:14.5,07:44.5,DACIA_SPRING,Dacia Spring 33 kW,33000,139,04:52.2,2.5,4.0,120,ESE,1.3860986355932077,-140.27489442799182,207,57,,,,44.0,163.0,0.0,0,189,18,40,4
06:29.6,,,68,,98.5,,,,,,,47,-2.481975,43.18318,192.72966,58.257981390076246,06:29.8,6,-0.191,0101000020E6100000FC9AD6CC15DB03C011FEDB8A72974540,20230420_DACIA_HERNANI_EIBAR_047,,d1,11:14.5,07:44.5,DACIA_SPRING,Dacia Spring 33 kW,33000,139,04:52.2,2.5,4.0,120,ESE,1.4773027948282007,-141.6740373920543,207,57,,,,44.0,163.0,0.0,0,189,18,40,4
06:35.1,,,68,,98.5,,,,,,,47,-2.4822862,43.182934,191.45987,58.29521728114441,06:34.9,6,0.209,0101000020E6100000CB893EE9B8DB03C0D240036D6A974540,20230420_DACIA_HERNANI_EIBAR_047,,d1,11:14.5,07:44.5,DACIA_SPRING,Dacia Spring 33 kW,33000,139,04:52.2,2.5,4.0,120,ESE,1.6225315297108174,-143.93079288933086,207,57,,,,44.0,163.0,0.0,0,189,18,40,4
06:40.6,,,68,,98.5,,,,,,,47,-2.482742,43.182602,192.171,58.34745837580657,06:40.9,6,-0.319,0101000020E61000003DECCED4A7DC03C02FB521715F974540,20230420_DACIA_HERNANI_EIBAR_047,,d1,11:14.5,07:44.5,DACIA_SPRING,Dacia Spring 33 kW,33000,139,04:52.2,2.5,4.0,120,ESE,1.8178361088045227,-147.03013248931396,207,57,,,,44.0,163.0,0.0,0,189,18,40,4
06:46.1,,,68,,98.5,,,,,,,47,-2.4832122,43.182297,192.61682,58.3984862835915,06:46.0,6,0.114,0101000020E6100000C987E0679EDD03C0B2829D8C55974540,20230420_DACIA_HERNANI_EIBAR_047,,d1,11:14.5,07:44.5,DACIA_SPRING,Dacia Spring 33 kW,33000,139,08:37.4,5.6,9.0,270,W,-8.039520724937244,-153.28835906343875,207,57,,,,44.0,163.0,0.0,0,189,18,8,4
06:51.6,,,68,,98.5,,,,,,,47,-2.4837587,43.182022,192.76956,58.45232431351615,06:52.0,6,-0.407,0101000020E610000040751BEBBCDE03C076284D844C974540,20230420_DACIA_HERNANI_EIBAR_047,,d1,11:14.5,07:44.5,DACIA_SPRING,Dacia Spring 33 kW,33000,139,08:37.4,5.6,9.0,270,W,-7.894964639040518,-151.3086070011758,207,57,,,,44.0,163.0,0.0,0,189,18,8,5
06:57.3,,,68,,98.5,,,,,,,47,-2.4841552000000005,43.181805,192.03142,58.49252776748934,06:57.1,6,0.262,0101000020E61000008CF8A8C08CDF03C04F06756245974540,20230420_DACIA_HERNANI_EIBAR_047,,d1,11:14.5,07:44.5,DACIA_SPRING,Dacia Spring 33 kW,33000,139,08:37.4,5.6,9.0,270,W,-8.150259294849077,-154.9021026975973,207,57,,,,44.0,163.0,0.0,0,189,18,8,5
07:02.8,,,68,,98.5,,,,,,,47,-2.4845886000000004,43.181602000000005,191.4686,58.53429762157377,07:03.2,6,-0.402,0101000020E6100000F19E760770E003C072BB28CC3E974540,20230420_DACIA_HERNANI_EIBAR_047,,d1,11:14.5,07:44.5,DACIA_SPRING,Dacia Spring 33 kW,33000,139,08:37.4,5.6,9.0,270,W,-8.140399367913776,-154.75452328947023,207,57,,,,44.0,163.0,0.0,0,189,18,25,5
07:08.4,,,68,,98.5,,,,,,,47,-2.4850488,43.181385,189.72366,58.57876788618419,07:08.2,6,0.17,0101000020E6100000EA68AD4C61E103C0EAFDF29937974540,20230420_DACIA_HERNANI_EIBAR_047,,d1,11:14.5,07:44.5,DACIA_SPRING,Dacia Spring 33 kW,33000,139,08:37.4,5.6,9.0,270,W,-7.681095338029085,-148.58947082449416,207,57,,,,44.0,163.0,0.0,0,189,18,25,5
07:13.8,,,68,,98.5,,,,,,,47,-2.4855237,43.181095,186.78561,58.629078819864255,07:14.2,6,-0.401,0101000020E6100000480A01315AE203C0A1FAA7182E974540,20230420_DACIA_HERNANI_EIBAR_047,,d1,11:14.5,07:44.5,DACIA_SPRING,Dacia Spring 33 kW,33000,139,08:37.4,5.6,9.0,270,W,-8.27163800828544,-156.79062811886598,207,57,,,,44.0,163.0,0.0,0,189,18,25,5
07:19.4,,,68,,98.5,,,,,,,47,-2.4859085,43.18093,183.88338,58.66539029752131,07:19.3,6,0.08,0101000020E61000008AEA1FF123E303C0A7F513BF28974540,20230420_DACIA_HERNANI_EIBAR_047,,d1,11:14.5,07:44.5,DACIA_SPRING,Dacia Spring 33 kW,33000,139,08:37.4,5.6,9.0,270,W,-8.384231735285613,-158.68266841416153,207,57,,,,44.0,163.0,0.0,0,189,18,25,5
07:24.8,,,68,,98.5,,,,,,,47,-2.4863262,43.180767,180.69319,58.703935758909296,07:24.4,6,0.391,0101000020E6100000AA7698FBFEE303C015613A5923974540,20230420_DACIA_HERNANI_EIBAR_047,,d1,11:14.5,07:44.5,DACIA_SPRING,Dacia Spring 33 kW,33000,139,08:37.4,5.6,9.0,270,W,-8.742327297612938,-166.2566619608051,207,57,,,,44.0,163.0,0.0,0,189,18,25,5
07:30.3,,,68,,98.5,,,,,,,47,-2.48687,43.180634000000005,178.07193,58.75051667949865,07:30.4,6,-0.092,0101000020E61000002347C8121CE503C04C5FDBFB1E974540,20230420_DACIA_HERNANI_EIBAR_047,,d1,11:14.5,07:44.5,DACIA_SPRING,Dacia Spring 33 kW,33000,139,08:37.4,5.6,9.0,270,W,-8.769000861370783,-166.99067204340554,207,57,,,,44.0,163.0,0.0,0,189,18,25,5
07:35.8,,,68,,98.5,,,,,,,47,-2.4872682,43.180542,176.75671,58.78441148898472,07:35.4,6,0.379,0101000020E61000003AFCB5EFECE503C07113F40C1C974540,20230420_DACIA_HERNANI_EIBAR_047,,d1,11:14.5,07:44.5,DACIA_SPRING,Dacia Spring 33 kW,33000,139,08:37.4,5.6,9.0,270,W,-8.692058748427625,-164.96870286507917,207,57,,,,44.0,163.0,0.0,0,189,18,40,5
07:41.4,,,68,,98.5,,,,,,,47,-2.4876108,43.18045,176.0337,58.814023294049754,07:41.5,6,-0.09,0101000020E6100000CCA7A477A0E603C09F4DC6F918974540,20230420_DACIA_HERNANI_EIBAR_047,,d1,11:14.5,07:44.5,DACIA_SPRING,Dacia Spring 33 kW,33000,139,08:37.4,5.6,9.0,270,W,,,207,57,,,,44.0,163.0,0.0,0,189,18,40,5
