timestamp_data_utc,elv_spy,speed,soc,amb_temp,soh,regenwh,Motor Pwr(w),Aux Pwr(100w),Motor Temp,Torque Nm,rpm,route_id,longitude,latitude,altitude,cumul_dist,timestamp_gps_utc,car_id,time_diff,point_geom,route_code,route_description,driver,start_timestamp,end_timestamp,car_code,car_description,capacity,ref_consumption,timestamp_weather_utc,wind_mph,wind_kph,wind_degree,wind_dir,Frontal_Wind,Veh_deg,totalVehicles,speedAvg,cars_by_speed_interval_0_80,cars_by_speed_interval_80_100,cars_by_speed_interval_100_120,cars_by_speed_interval_0_50,cars_by_speed_interval_50_80,cars_by_speed_interval_80_120,cars_by_speed_interval_120_inf,cars_by_length_interval_0_7,cars_by_length_interval_7_inf,max_speed,radius
24:33.7,,,80,,98.5,,,,,,,39,-2.0735102,43.140835,133.04578,0.0,24:33.4,6,0.253,0101000020E6100000A26021858C9600C028C666E806924540,20230420_DACIA_TOLOSA_ZARAUTZ_039,,d1,24:28.4,53:40.9,DACIA_SPRING,Dacia Spring 33 kW,33000,139,25:55.8,2.2,3.6,253,WSW,2.875774560211504,53.981835195267074,122,105,,,,0.0,0.0,107.0,15,114,8,25,3
24:39.1,,,80,,98.5,,,,,,,39,-2.0733757,43.141020000000005,131.32273999999998,0.02335008794065722,24:39.4,6,-0.314,0101000020E61000006C15D7F9459600C03AEAE8F70C924540,20230420_DACIA_TOLOSA_ZARAUTZ_039,,d1,24:28.4,53:40.9,DACIA_SPRING,Dacia Spring 33 kW,33000,139,25:55.8,2.2,3.6,253,WSW,3.592079335596277,13.198571330827034,122,105,,,,0.0,0.0,107.0,15,114,8,25,2
24:44.7,,,80,,98.5,,,,,,,39,-2.0732691,43.141045,131.52365,0.032437154654516805,24:44.5,6,0.201,0101000020E610000071A3C1150E9600C0D5EEBECE0D924540,20230420_DACIA_TOLOSA_ZARAUTZ_039,,d1,24:28.4,53:40.9,DACIA_SPRING,Dacia Spring 33 kW,33000,139,25:55.8,2.2,3.6,253,WSW,3.244832802072121,-8.664909437571927,122,105,,,,0.0,0.0,107.0,15,114,8,25,2
24:50.2,,,80,,98.5,,,,,,,39,-2.0729935,43.141003000000005,131.76898,0.05528201890412734,24:50.5,6,-0.349,0101000020E6100000A7C5A3937D9500C0EEE7545D0C924540,20230420_DACIA_TOLOSA_ZARAUTZ_039,,d1,24:28.4,53:40.9,DACIA_SPRING,Dacia Spring 33 kW,33000,139,25:55.8,2.2,3.6,253,WSW,3.43945011912498,34.17587065433679,122,105,,,,0.0,0.0,107.0,15,114,8,25,2
24:55.6,,,80,,98.5,,,,,,,39,-2.072777,43.14115,132.57294,0.07929010123353974,24:55.5,6,0.1,0101000020E61000006F64BA210C9500C0A0E1283211924540,20230420_DACIA_TOLOSA_ZARAUTZ_039,,d1,24:28.4,53:40.9,DACIA_SPRING,Dacia Spring 33 kW,33000,139,25:55.8,2.2,3.6,253,WSW,2.0612143506812046,72.0710960530526,122,105,,,,0.0,0.0,107.0,15,114,8,25,2
25:01.2,,,80,,98.5,,,,,,,39,-2.0726767,43.14146,131.37157,0.11472848419893904,25:01.6,6,-0.4,0101000020E6100000FBC3028BD79400C0BFD795511B924540,20230420_DACIA_TOLOSA_ZARAUTZ_039,,d1,24:28.4,53:40.9,DACIA_SPRING,Dacia Spring 33 kW,33000,139,25:55.8,2.2,3.6,253,WSW,3.4752919663167616,32.12499844300304,122,105,,,,0.0,0.0,107.0,15,114,8,25,2
25:06.8,,,80,,98.5,,,,,,,39,-2.0726337,43.141487,127.868065,0.12051294511100465,25:06.6,6,0.146,0101000020E6100000F7D6BAFCC09400C0FD79DE441C924540,20230420_DACIA_TOLOSA_ZARAUTZ_039,,d1,24:28.4,53:40.9,DACIA_SPRING,Dacia Spring 33 kW,33000,139,25:55.8,2.2,3.6,253,WSW,1.5812615901342784,80.9446424919691,122,105,,,,0.0,0.0,107.0,15,114,8,25,2
25:12.3,,,80,,98.5,,,,,,,39,-2.0726082,43.141647,128.1017,0.13842555266234918,25:12.7,6,-0.389,0101000020E6100000778F6D93B39400C02F28248B21924540,20230420_DACIA_TOLOSA_ZARAUTZ_039,,d1,24:28.4,53:40.9,DACIA_SPRING,Dacia Spring 33 kW,33000,139,25:55.8,2.2,3.6,253,WSW,-0.3761588651245342,112.99770190864788,122,105,,,,0.0,0.0,107.0,15,114,8,25,2
25:17.7,,,80,,98.5,,,,,,,39,-2.072775,43.14204,128.73558,0.18417713542410435,25:17.7,6,-0.001,0101000020E61000001C5FCC090B9500C0EA97E46D2E924540,20230420_DACIA_TOLOSA_ZARAUTZ_039,,d1,24:28.4,53:40.9,DACIA_SPRING,Dacia Spring 33 kW,33000,139,25:55.8,2.2,3.6,253,WSW,0.4378275407620952,100.01446489248583,122,105,,,,0.0,0.0,107.0,15,114,8,25,2
25:23.2,,,80,,98.5,,,,,,,39,-2.072864,43.142544,129.44032,0.24068706145505347,25:22.7,6,0.481,0101000020E61000009C3835C2399500C0ECF9C0E83E924540,20230420_DACIA_TOLOSA_ZARAUTZ_039,,d1,24:28.4,53:40.9,DACIA_SPRING,Dacia Spring 33 kW,33000,139,25:55.8,2.2,3.6,253,WSW,-0.4803197942051828,114.66739122851465,122,105,,,,0.0,0.0,107.0,15,114,8,25,2
25:28.6,,,80,,98.5,,,,,,,39,-2.0729632,43.14276,130.06276,0.2660254633749299,25:28.8,6,-0.166,0101000020E6100000FDDEFBC96D9500C0C439D5FF45924540,20230420_DACIA_TOLOSA_ZARAUTZ_039,,d1,24:28.4,53:40.9,DACIA_SPRING,Dacia Spring 33 kW,33000,139,25:55.8,2.2,3.6,253,WSW,0.6315849770857551,96.8957198060846,122,105,,,,0.0,0.0,107.0,15,114,8,8,2
25:34.1,,,80,,98.5,,,,,,,39,-2.0730019,43.14308,132.88396,0.30185734061750213,25:33.8,6,0.301,0101000020E61000005759CD07829500C0772C748850924540,20230420_DACIA_TOLOSA_ZARAUTZ_039,,d1,24:28.4,53:40.9,DACIA_SPRING,Dacia Spring 33 kW,33000,139,25:55.8,2.2,3.6,253,WSW,1.4219274973379237,83.73528198938538,122,105,,,,0.0,0.0,107.0,15,114,8,8,2
25:39.5,,,80,,98.5,,,,,,,39,-2.0729525,43.14353,135.88554,0.3521449771396544,25:38.8,6,0.6729999999999999,0101000020E610000014BA8A2C689500C050C4264E5F924540,20230420_DACIA_TOLOSA_ZARAUTZ_039,,d1,24:28.4,53:40.9,DACIA_SPRING,Dacia Spring 33 kW,33000,139,25:55.8,2.2,3.6,253,WSW,1.879495481277698,75.52798291117284,122,105,,,,0.0,0.0,107.0,15,114,8,25,2
25:45.0,,,80,,98.5,,,,,,,39,-2.0727708,43.144234,136.2191,0.4318028701455071,25:44.9,6,0.111,0101000020E6100000F1B98ED2089500C0B9216E3476924540,20230420_DACIA_TOLOSA_ZARAUTZ_039,,d1,24:28.4,53:40.9,DACIA_SPRING,Dacia Spring 33 kW,33000,139,25:55.8,2.2,3.6,253,WSW,1.998885242730139,73.27234651617107,122,105,,,,0.0,0.0,107.0,15,114,8,25,2
25:50.5,,,80,,98.5,,,,,,,39,-2.0725484,43.144974,134.4431,0.5160609366004578,25:50.9,6,-0.447,0101000020E61000001AA19445949400C077B3BF808E924540,20230420_DACIA_TOLOSA_ZARAUTZ_039,,d1,24:28.4,53:40.9,DACIA_SPRING,Dacia Spring 33 kW,33000,139,25:55.8,2.2,3.6,253,WSW,2.141130239334581,70.50458911351676,122,105,,,,0.0,0.0,107.0,15,114,8,25,2
25:55.9,,,80,,98.5,,,,,,,39,-2.0723243,43.145607,131.58758999999998,0.5888136476933576,25:55.9,6,-0.0289999999999999,0101000020E6100000CC15D8B41E9400C0AA161E4EA3924540,20230420_DACIA_TOLOSA_ZARAUTZ_039,,d1,24:28.4,53:40.9,DACIA_SPRING,Dacia Spring 33 kW,33000,139,25:55.8,2.2,3.6,253,WSW,1.4667243660083682,82.95691854194177,122,105,,,,0.0,0.0,107.0,15,114,8,25,2
26:01.4,,,80,,98.5,,,,,,,39,-2.0722456,43.146244,128.60071000000002,0.6599947028107407,26:01.0,6,0.461,0101000020E6100000CB9B8678F59300C06A5C661CB8924540,20230420_DACIA_TOLOSA_ZARAUTZ_039,,d1,24:28.4,53:40.9,DACIA_SPRING,Dacia Spring 33 kW,33000,139,25:55.8,2.2,3.6,253,WSW,0.6441944303280258,96.69180737526666,122,105,,,,0.0,0.0,107.0,15,114,8,25,2
26:07.0,,,80,,98.5,,,,,,,39,-2.0723343,43.147,125.06246000000002,0.74443966882886,26:07.0,6,-0.04,0101000020E61000009C6AC80F249400C0A5A74BDDD0924540,20230420_DACIA_TOLOSA_ZARAUTZ_039,,d1,24:28.4,53:40.9,DACIA_SPRING,Dacia Spring 33 kW,33000,139,25:55.8,2.2,3.6,253,WSW,0.4897464820925448,99.181197785887,122,105,,,,0.0,0.0,107.0,15,114,8,8,2
26:12.5,,,80,,98.5,,,,,,,39,-2.0724316000000003,43.147602,122.275604,0.811900422728035,26:12.0,6,0.461,0101000020E6100000FAEE060A579400C08537759CE4924540,20230420_DACIA_TOLOSA_ZARAUTZ_039,,d1,24:28.4,53:40.9,DACIA_SPRING,Dacia Spring 33 kW,33000,139,25:55.8,2.2,3.6,253,WSW,0.7047534233823326,95.71059313749964,122,105,,,,0.0,0.0,107.0,15,114,8,25,2
26:18.1,,,80,,98.5,,,,,,,39,-2.072493,43.148216,120.4025,0.8803811994131935,26:18.1,6,0.0,0101000020E6100000B9E6033E779400C0297211B2F8924540,20230420_DACIA_TOLOSA_ZARAUTZ_039,,d1,24:28.4,53:40.9,DACIA_SPRING,Dacia Spring 33 kW,33000,139,26:35.5,2.2,3.6,253,WSW,0.8144302964460075,93.92474535241008,122,105,,,,0.0,0.0,107.0,15,114,8,25,2
26:23.6,,,80,,98.5,,,,,,,39,-2.072526,43.148697,120.36327,0.9339329337063984,26:23.1,6,0.49,0101000020E61000005DD5A987889400C006FA7E7608934540,20230420_DACIA_TOLOSA_ZARAUTZ_039,,d1,24:28.4,53:40.9,DACIA_SPRING,Dacia Spring 33 kW,33000,139,26:35.5,2.2,3.6,253,WSW,1.014958041777854,90.62440645538328,122,105,,,,0.0,0.0,107.0,15,114,8,25,2
26:29.0,,,80,,98.5,,,,,,,39,-2.0725334,43.149376,121.99001,1.0094541976750615,26:29.2,6,-0.1889999999999999,0101000020E61000001B99C95C8C9400C08EF192CD1E934540,20230420_DACIA_TOLOSA_ZARAUTZ_039,,d1,24:28.4,53:40.9,DACIA_SPRING,Dacia Spring 33 kW,33000,139,26:35.5,2.2,3.6,253,WSW,1.8594911888704992,75.90053521402616,122,105,,,,0.0,0.0,107.0,15,114,8,25,2
26:34.5,,,80,,98.5,,,,,,,39,-2.0724156,43.149845,122.59343,1.0624764249407361,26:34.2,6,0.28,0101000020E6100000C0309F9E4E9400C07315FF1D2E934540,20230420_DACIA_TOLOSA_ZARAUTZ_039,,d1,24:28.4,53:40.9,DACIA_SPRING,Dacia Spring 33 kW,33000,139,26:35.5,2.2,3.6,253,WSW,1.6787751301348106,79.2039001752031,122,105,,,,0.0,0.0,107.0,15,114,8,40,2
26:39.9,,,80,,98.5,,,,,,,39,-2.072305,43.150425,123.96578,1.1276050660276498,26:40.2,6,-0.38,0101000020E610000017C817A1149400C07EBB872841934540,20230420_DACIA_TOLOSA_ZARAUTZ_039,,d1,24:28.4,53:40.9,DACIA_SPRING,Dacia Spring 33 kW,33000,139,26:35.5,2.2,3.6,253,WSW,1.804840269778878,76.91100737585843,122,105,,,,0.0,0.0,107.0,15,114,8,40,2
26:45.3,,,80,,98.5,,,,,,,39,-2.0721834,43.150948,124.23498,1.1865913356118565,26:45.3,6,0.059,0101000020E610000081DC9DDAD49300C0219C9E3B52934540,20230420_DACIA_TOLOSA_ZARAUTZ_039,,d1,24:28.4,53:40.9,DACIA_SPRING,Dacia Spring 33 kW,33000,139,26:35.5,2.2,3.6,253,WSW,2.2949412234577364,67.3955617655082,122,105,,,,0.0,0.0,107.0,15,114,8,25,1
26:50.7,,,80,,98.5,,,,,,,39,-2.0720077,43.15137,123.569626,1.235637059206471,26:50.3,6,0.37,0101000020E61000007ECA4DC2789300C093A5F92B60934540,20230420_DACIA_TOLOSA_ZARAUTZ_039,,d1,24:28.4,53:40.9,DACIA_SPRING,Dacia Spring 33 kW,33000,139,26:35.5,2.2,3.6,253,WSW,2.577491587948366,61.27725871507845,122,105,,,,0.0,0.0,107.0,15,114,8,25,1
26:56.2,,,80,,98.5,,,,,,,39,-2.0717611,43.15182,125.36403,1.289555324753059,26:56.4,6,-0.18,0101000020E61000002FD31A77F79200C039A4F7EA6E934540,20230420_DACIA_TOLOSA_ZARAUTZ_039,,d1,24:28.4,53:40.9,DACIA_SPRING,Dacia Spring 33 kW,33000,139,26:35.5,2.2,3.6,253,WSW,2.806878705370537,55.767933723327225,122,105,,,,0.0,0.0,107.0,15,114,8,25,1
27:01.7,,,80,,98.5,,,,,,,39,-2.0715005,43.152203,127.43803,1.3371464891273388,27:01.4,6,0.215,0101000020E6100000C6D08DD16E9200C040DAD6647B934540,20230420_DACIA_TOLOSA_ZARAUTZ_039,,d1,24:28.4,53:40.9,DACIA_SPRING,Dacia Spring 33 kW,33000,139,26:35.5,2.2,3.6,253,WSW,2.818308975365561,55.47648274350631,122,105,,,,0.0,0.0,107.0,15,114,8,25,1
27:07.2,,,80,,98.5,,,,,,,39,-2.0711882,43.152657,128.4986,1.3936391423576937,27:07.5,6,-0.27,0101000020E61000003C1FAA23CB9100C0747CF5398A934540,20230420_DACIA_TOLOSA_ZARAUTZ_039,,d1,24:28.4,53:40.9,DACIA_SPRING,Dacia Spring 33 kW,33000,139,26:35.5,2.2,3.6,253,WSW,2.7921946812054546,56.13966319951692,122,105,,,,0.0,0.0,107.0,15,114,8,25,1
27:12.7,,,80,,98.5,,,,,,,39,-2.0709178,43.15306,128.33774,1.4435314410454232,27:12.5,6,0.213,0101000020E6100000FCAAF95A3D9100C05F3E2A8797934540,20230420_DACIA_TOLOSA_ZARAUTZ_039,,d1,24:28.4,53:40.9,DACIA_SPRING,Dacia Spring 33 kW,33000,139,26:35.5,2.2,3.6,253,WSW,2.842331259496018,54.857785867390334,122,105,,,,0.0,0.0,107.0,15,114,8,25,1
27:18.2,,,80,,98.5,,,,,,,39,-2.070594,43.15352,129.21546999999998,1.5010378744042667,27:18.5,6,-0.33,0101000020E610000090B0D09E939000C042223576A6934540,20230420_DACIA_TOLOSA_ZARAUTZ_039,,d1,24:28.4,53:40.9,DACIA_SPRING,Dacia Spring 33 kW,33000,139,26:35.5,2.2,3.6,253,WSW,2.81459182832462,55.57146707963268,122,105,,,,0.0,0.0,107.0,15,114,8,25,1
27:23.7,,,80,,98.5,,,,,,,39,-2.070302,43.153946000000005,131.01492,1.5540296342846764,27:23.6,6,0.151,0101000020E610000026C43484FA8F00C0D47DC084B4934540,20230420_DACIA_TOLOSA_ZARAUTZ_039,,d1,24:28.4,53:40.9,DACIA_SPRING,Dacia Spring 33 kW,33000,139,26:35.5,2.2,3.6,253,WSW,2.787072623586004,56.26863326459321,122,105,,,,0.0,0.0,107.0,15,114,8,25,1
27:29.2,,,80,,98.5,,,,,,,39,-2.0699174,43.154522,131.82169,1.6252767829956485,27:29.6,6,-0.38,0101000020E6100000A14490ED308F00C0A6BD215DC7934540,20230420_DACIA_TOLOSA_ZARAUTZ_039,,d1,24:28.4,53:40.9,DACIA_SPRING,Dacia Spring 33 kW,33000,139,26:35.5,2.2,3.6,253,WSW,2.8023544457044127,55.88278497412711,122,105,,,,0.0,0.0,107.0,15,114,8,25,1
27:34.7,,,80,,98.5,,,,,,,39,-2.0696044,43.154984000000006,131.53429,1.6825813614502645,27:34.6,6,0.1,0101000020E610000076CBA1C18C8E00C0B4F6288DD6934540,20230420_DACIA_TOLOSA_ZARAUTZ_039,,d1,24:28.4,53:40.9,DACIA_SPRING,Dacia Spring 33 kW,33000,139,26:35.5,2.2,3.6,253,WSW,2.77437567298278,56.58681484524529,122,105,,,,0.0,0.0,107.0,15,114,8,25,1
27:40.2,,,80,,98.5,,,,,,,39,-2.0693326,43.155396,130.84004,1.7334276772214303,27:39.7,6,0.493,0101000020E6100000E79F0E4DFE8D00C06306A8F9E3934540,20230420_DACIA_TOLOSA_ZARAUTZ_039,,d1,24:28.4,53:40.9,DACIA_SPRING,Dacia Spring 33 kW,33000,139,26:35.5,2.2,3.6,253,WSW,2.909890808703769,53.069540014430274,122,105,,,,0.0,0.0,107.0,15,114,8,25,1
27:45.7,,,80,,98.5,,,,,,,39,-2.0689688000000004,43.15588,131.5873,1.7948102806603323,27:45.7,6,-0.017,0101000020E6100000843A76723F8D00C058C99FE5F3934540,20230420_DACIA_TOLOSA_ZARAUTZ_039,,d1,24:28.4,53:40.9,DACIA_SPRING,Dacia Spring 33 kW,33000,139,26:35.5,2.2,3.6,253,WSW,2.7829556050384845,56.37204023248629,122,105,,,,0.0,0.0,107.0,15,114,8,25,1
27:51.1,,,80,,98.5,,,,,,,39,-2.0686429,43.15637,130.87332,1.855374505829759,27:50.7,6,0.31,0101000020E6100000B45AD79B948C00C01A417ED903944540,20230420_DACIA_TOLOSA_ZARAUTZ_039,,d1,24:28.4,53:40.9,DACIA_SPRING,Dacia Spring 33 kW,33000,139,26:35.5,2.2,3.6,253,WSW,2.401501726412415,65.15761089442985,122,105,,,,0.0,0.0,107.0,15,114,8,25,1
27:56.6,,,80,,98.5,,,,,,,39,-2.0683804,43.156937,130.77571,1.9219205819452052,27:56.8,6,-0.2,0101000020E610000048EC35FE0A8C00C03941C98916944540,20230420_DACIA_TOLOSA_ZARAUTZ_039,,d1,24:28.4,53:40.9,DACIA_SPRING,Dacia Spring 33 kW,33000,139,26:35.5,2.2,3.6,253,WSW,1.897854118406011,75.18476935236316,122,105,,,,0.0,0.0,107.0,15,114,8,25,1
28:02.0,,,80,,98.5,,,,,,,39,-2.0682545,43.157413,130.64436,1.9758257291093761,28:01.9,6,0.121,0101000020E61000002D3EA2FCC88B00C00A361C2426944540,20230420_DACIA_TOLOSA_ZARAUTZ_039,,d1,24:28.4,53:40.9,DACIA_SPRING,Dacia Spring 33 kW,33000,139,26:35.5,2.2,3.6,253,WSW,1.4423323991574617,83.38131262554653,122,105,,,,0.0,0.0,107.0,15,114,8,25,1
28:07.5,,,80,,98.5,,,,,,,39,-2.0681872,43.157993,129.19472,2.04056564055464,28:07.9,6,-0.368,0101000020E610000024CB0BB2A58B00C0C678CF2239944540,20230420_DACIA_TOLOSA_ZARAUTZ_039,,d1,24:28.4,53:40.9,DACIA_SPRING,Dacia Spring 33 kW,33000,139,26:35.5,2.2,3.6,253,WSW,0.6071792890484037,97.29002912722494,122,105,,,,0.0,0.0,107.0,15,114,8,25,1
28:13.0,,,80,,98.5,,,,,,,39,-2.0682495,43.15848,128.04521,2.0949649889773156,28:12.9,6,0.1639999999999999,0101000020E610000040DDC659C68B00C0509DAA2D49944540,20230420_DACIA_TOLOSA_ZARAUTZ_039,,d1,24:28.4,53:40.9,DACIA_SPRING,Dacia Spring 33 kW,33000,139,26:35.5,2.2,3.6,253,WSW,0.5706546096568531,97.87927815488224,122,105,,,,0.0,0.0,107.0,15,114,8,40,1
28:18.6,,,80,,98.5,,,,,,,39,-2.068327,43.159040000000005,128.34755,2.157551377205584,28:18.9,6,-0.319,0101000020E610000026D1E602EF8B00C0CC04E6565B944540,20230420_DACIA_TOLOSA_ZARAUTZ_039,,d1,24:28.4,53:40.9,DACIA_SPRING,Dacia Spring 33 kW,33000,139,26:35.5,2.2,3.6,253,WSW,0.1351539774916236,104.84845201835688,122,105,,,,0.0,0.0,107.0,15,114,8,40,1
28:24.1,,,80,,98.5,,,,,,,39,-2.068441,43.15947,128.7883,2.2062530982222714,28:23.9,6,0.142,0101000020E6100000AFD1F1C42A8C00C00BE88C8B69944540,20230420_DACIA_TOLOSA_ZARAUTZ_039,,d1,24:28.4,53:40.9,DACIA_SPRING,Dacia Spring 33 kW,33000,139,26:35.5,2.2,3.6,253,WSW,-0.0912526471954306,108.45248655715274,122,105,,,,0.0,0.0,107.0,15,114,8,40,1
28:29.6,,,80,,98.5,,,,,,,39,-2.0686045,43.15996,129.98209,2.2623420292490755,28:30.0,6,-0.38,0101000020E6100000EDAA0178808C00C07B1EABA179944540,20230420_DACIA_TOLOSA_ZARAUTZ_039,,d1,24:28.4,53:40.9,DACIA_SPRING,Dacia Spring 33 kW,33000,139,26:35.5,2.2,3.6,253,WSW,0.1558506505663651,104.51878440341936,122,105,,,,0.0,0.0,107.0,15,114,8,40,1
28:35.1,,,80,,98.5,,,,,,,39,-2.0686998,43.160328,130.67746,2.303991260134656,28:35.0,6,0.065,0101000020E61000000D738871B28C00C04CD3439E85944540,20230420_DACIA_TOLOSA_ZARAUTZ_039,,d1,24:28.4,53:40.9,DACIA_SPRING,Dacia Spring 33 kW,33000,139,26:35.5,2.2,3.6,253,WSW,0.139989395982218,104.77143768307737,122,105,,,,0.0,0.0,107.0,15,114,8,40,1
28:40.5,,,80,,98.5,,,,,,,39,-2.0688145,43.160763,129.595,2.353259508845615,28:41.0,6,-0.495,0101000020E6100000EB5AD6A9EE8C00C0C18D19D393944540,20230420_DACIA_TOLOSA_ZARAUTZ_039,,d1,24:28.4,53:40.9,DACIA_SPRING,Dacia Spring 33 kW,33000,139,26:35.5,2.2,3.6,253,WSW,-1.5393282809651012,132.31478780621964,122,105,,,,0.0,0.0,107.0,15,114,8,40,1
28:46.1,,,80,,98.5,,,,,,,39,-2.0691996,43.161186,127.86728,2.409748087346383,28:46.1,6,0.032,0101000020E6100000E8762A71B88D00C00E0E4EC0A1944540,20230420_DACIA_TOLOSA_ZARAUTZ_039,,d1,24:28.4,53:40.9,DACIA_SPRING,Dacia Spring 33 kW,33000,139,30:55.8,2.2,3.6,253,WSW,-0.2982113633200875,111.75162604291488,122,105,,,,0.0,0.0,107.0,15,114,8,40,1
28:51.6,,,80,,98.5,,,,,,,39,-2.0693580000000003,43.161583,126.94334,2.4557333301638855,28:51.1,6,0.485,0101000020E6100000EFF311A90B8E00C071FB2FC2AE944540,20230420_DACIA_TOLOSA_ZARAUTZ_039,,d1,24:28.4,53:40.9,DACIA_SPRING,Dacia Spring 33 kW,33000,139,30:55.8,2.2,3.6,253,WSW,1.7472497276717225,77.96478099055855,122,105,,,,0.0,0.0,107.0,15,114,8,40,1
28:57.3,,,80,,98.5,,,,,,,39,-2.0692627,43.16203,128.77653999999998,2.506068292904402,28:57.2,6,0.093,0101000020E6100000C483C79BD98D00C0D8F3CE55BD944540,20230420_DACIA_TOLOSA_ZARAUTZ_039,,d1,24:28.4,53:40.9,DACIA_SPRING,Dacia Spring 33 kW,33000,139,30:55.8,2.2,3.6,253,WSW,0.5330565649792048,98.48482977478862,122,105,,,,0.0,0.0,107.0,15,114,8,40,1
29:02.8,,,80,,98.5,,,,,,,39,-2.0693355,43.162518,127.8302,2.5606599314635443,29:03.3,6,-0.495,0101000020E6100000B27131BCFF8D00C09CC62F51CD944540,20230420_DACIA_TOLOSA_ZARAUTZ_039,,d1,24:28.4,53:40.9,DACIA_SPRING,Dacia Spring 33 kW,33000,139,30:55.8,2.2,3.6,253,WSW,-0.6886846817661494,118.0287363491429,122,105,,,,0.0,0.0,107.0,15,114,8,25,1
29:08.5,,,80,,98.5,,,,,,,39,-2.0695527,43.162926,125.37195,2.6093897546716764,29:08.4,6,0.113,0101000020E610000035E45695718E00C0543413BDDA944540,20230420_DACIA_TOLOSA_ZARAUTZ_039,,d1,24:28.4,53:40.9,DACIA_SPRING,Dacia Spring 33 kW,33000,139,30:55.8,2.2,3.6,253,WSW,-0.2547338713910347,111.0576062970493,122,105,,,,0.0,0.0,107.0,15,114,8,40,1
29:14.0,,,80,,98.5,,,,,,,39,-2.069766,43.16348,124.05409,2.6733884443589133,29:14.4,6,-0.354,0101000020E61000002335A78BE18E00C0AEDF86EBEC944540,20230420_DACIA_TOLOSA_ZARAUTZ_039,,d1,24:28.4,53:40.9,DACIA_SPRING,Dacia Spring 33 kW,33000,139,30:55.8,2.2,3.6,253,WSW,2.275708242575992,67.79172793622482,122,105,,,,0.0,0.0,107.0,15,114,8,40,1
29:19.6,,,80,,98.5,,,,,,,39,-2.0695782,43.16394,122.426315,2.7267826557127437,29:19.4,6,0.173,0101000020E610000005AD51047F8E00C043FE3CF8FB944540,20230420_DACIA_TOLOSA_ZARAUTZ_039,,d1,24:28.4,53:40.9,DACIA_SPRING,Dacia Spring 33 kW,33000,139,30:55.8,2.2,3.6,253,WSW,2.4833889731956247,63.38332520395057,122,105,,,,0.0,0.0,107.0,15,114,8,40,1
29:25.2,,,80,,98.5,,,,,,,39,-2.0694003,43.164295,120.486496,2.768855931802579,29:25.4,6,-0.209,0101000020E61000003BC1C7C5218E00C02562669107954540,20230420_DACIA_TOLOSA_ZARAUTZ_039,,d1,24:28.4,53:40.9,DACIA_SPRING,Dacia Spring 33 kW,33000,139,30:55.8,2.2,3.6,253,WSW,2.4442529366662664,64.23763927378666,122,105,,,,0.0,0.0,107.0,15,114,8,45,1
29:30.9,,,80,,98.5,,,,,,,39,-2.0693448,43.16441,119.66904,2.7824371019919876,29:30.4,6,0.498,0101000020E610000068384695048E00C0D540FB610B954540,20230420_DACIA_TOLOSA_ZARAUTZ_039,,d1,24:28.4,53:40.9,DACIA_SPRING,Dacia Spring 33 kW,33000,139,30:55.8,2.2,3.6,253,WSW,0.3879110913660265,100.81419333257595,122,105,,,,0.0,0.0,107.0,15,114,8,45,1
29:36.5,,,80,,98.5,,,,,,,39,-2.0694575,43.165,118.18724,2.848692372988831,29:36.4,6,0.011,0101000020E61000001D5172C83F8E00C0337A72B51E954540,20230420_DACIA_TOLOSA_ZARAUTZ_039,,d1,24:28.4,53:40.9,DACIA_SPRING,Dacia Spring 33 kW,33000,139,30:55.8,2.2,3.6,253,WSW,2.145645998951277,70.41513556814101,122,105,,,,0.0,0.0,107.0,15,114,8,25,1
29:42.0,,,80,,98.5,,,,,,,39,-2.0693376,43.165337,116.158165,2.887459404447714,29:41.5,6,0.475,0101000020E61000006DC782DB008E00C08A0565C929954540,20230420_DACIA_TOLOSA_ZARAUTZ_039,,d1,24:28.4,53:40.9,DACIA_SPRING,Dacia Spring 33 kW,33000,139,30:55.8,2.2,3.6,253,WSW,2.152285775618796,70.2834183100247,122,105,,,,0.0,0.0,107.0,15,114,8,25,1
29:47.8,,,80,,98.5,,,,,,,39,-2.069205,43.165707,113.21251,2.9300857620960925,29:47.5,6,0.213,0101000020E61000000205F66DBB8D00C0841C67EC35954540,20230420_DACIA_TOLOSA_ZARAUTZ_039,,d1,24:28.4,53:40.9,DACIA_SPRING,Dacia Spring 33 kW,33000,139,30:55.8,2.2,3.6,253,WSW,2.4676228899668597,63.728929449056935,122,105,,,,0.0,0.0,107.0,15,114,8,25,1
29:53.3,,,80,,98.5,,,,,,,39,-2.0690584,43.166004,111.3025,2.9652376686171604,29:53.6,6,-0.2689999999999999,0101000020E610000049BC83756E8D00C022582B933F954540,20230420_DACIA_TOLOSA_ZARAUTZ_039,,d1,24:28.4,53:40.9,DACIA_SPRING,Dacia Spring 33 kW,33000,139,30:55.8,2.2,3.6,253,WSW,2.7905559317169555,56.18096458242268,122,105,,,,0.0,0.0,107.0,15,114,8,25,1
29:58.8,,,80,,98.5,,,,,,,39,-2.0687978,43.166393,112.3618,3.0133916255940205,29:58.6,6,0.2239999999999999,0101000020E61000003155BDEDE58C00C03CE8AA694C954540,20230420_DACIA_TOLOSA_ZARAUTZ_039,,d1,24:28.4,53:40.9,DACIA_SPRING,Dacia Spring 33 kW,33000,139,30:55.8,2.2,3.6,253,WSW,2.7626512599704007,56.878738713424205,122,105,,,,0.0,0.0,107.0,15,114,8,25,1
30:04.3,,,80,,98.5,,,,,,,39,-2.068407,43.166992,115.659004,3.087227570692635,30:04.6,6,-0.35,0101000020E610000018A10A0F198C00C0C4606DFA5F954540,20230420_DACIA_TOLOSA_ZARAUTZ_039,,d1,24:28.4,53:40.9,DACIA_SPRING,Dacia Spring 33 kW,33000,139,30:55.8,2.2,3.6,253,WSW,3.0998294517722798,47.56377021128273,125,105,,,,0.0,1.0,107.0,17,115,10,25,2
30:09.8,,,80,,98.5,,,,,,,39,-2.0680614,43.16737,115.74092,3.1377475670271577,30:09.7,6,0.158,0101000020E61000008C2A80C4638B00C0CF03645E6C954540,20230420_DACIA_TOLOSA_ZARAUTZ_039,,d1,24:28.4,53:40.9,DACIA_SPRING,Dacia Spring 33 kW,33000,139,30:55.8,2.2,3.6,253,WSW,3.196990809806409,44.37040139194537,125,105,,,,0.0,1.0,107.0,17,115,10,25,2
30:15.3,,,80,,98.5,,,,,,,39,-2.0677578000000003,43.167667,115.925026,3.1789413726953217,30:15.7,6,-0.3979999999999999,0101000020E61000001164B9A8C48A00C046E5C21776954540,20230420_DACIA_TOLOSA_ZARAUTZ_039,,d1,24:28.4,53:40.9,DACIA_SPRING,Dacia Spring 33 kW,33000,139,30:55.8,2.2,3.6,253,WSW,3.2628250425426204,41.995593155353966,125,105,,,,0.0,1.0,107.0,17,115,10,25,2
30:20.8,,,80,,98.5,,,,,,,39,-2.0674179,43.167973,116.023445,3.222732230893481,30:20.7,6,0.071,0101000020E6100000F67E9F62128A00C08B6D3F1180954540,20230420_DACIA_TOLOSA_ZARAUTZ_039,,d1,24:28.4,53:40.9,DACIA_SPRING,Dacia Spring 33 kW,33000,139,30:55.8,2.2,3.6,253,WSW,3.4689717667157707,32.505827313038694,125,105,,,,0.0,1.0,107.0,17,115,10,25,2
30:26.3,,,80,,98.5,,,,,,,39,-2.0670648000000003,43.168198,117.66335,3.2607937144708448,30:26.8,6,-0.48,0101000020E610000096B8A632598900C080C0107987954540,20230420_DACIA_TOLOSA_ZARAUTZ_039,,d1,24:28.4,53:40.9,DACIA_SPRING,Dacia Spring 33 kW,33000,139,30:55.8,2.2,3.6,253,WSW,3.15566344235352,-11.76828893178814,125,105,,,,0.0,1.0,107.0,17,115,10,40,2
30:31.8,,,80,,98.5,,,,,,,39,-2.0664792000000003,43.168076,116.78133400000002,3.310193206233215,30:31.8,6,-0.043,0101000020E610000028CC5938268800C00EC3F58983954540,20230420_DACIA_TOLOSA_ZARAUTZ_039,,d1,24:28.4,53:40.9,DACIA_SPRING,Dacia Spring 33 kW,33000,139,30:55.8,2.2,3.6,253,WSW,3.07877583831794,-14.216448370391758,125,105,,,,0.0,1.0,107.0,17,115,10,40,2
30:37.3,,,80,,98.5,,,,,,,39,-2.0656345000000003,43.167862,115.00551000000002,3.3827353712556367,30:36.8,6,0.449,0101000020E6100000782EC45C6B8600C0AA9E857E7C954540,20230420_DACIA_TOLOSA_ZARAUTZ_039,,d1,24:28.4,53:40.9,DACIA_SPRING,Dacia Spring 33 kW,33000,139,30:55.8,2.2,3.6,253,WSW,3.551683091086642,26.39772832512104,125,105,,,,0.0,1.0,107.0,17,115,10,25,2
30:42.9,,,80,,98.5,,,,,,,39,-2.0649898,43.168182,115.57569,3.4459823100156672,30:42.9,6,-0.0069999999999999,0101000020E6100000135EDC65198500C0F2109CF686954540,20230420_DACIA_TOLOSA_ZARAUTZ_039,,d1,24:28.4,53:40.9,DACIA_SPRING,Dacia Spring 33 kW,33000,139,30:55.8,2.2,3.6,253,WSW,-0.7654056974248791,119.2755068687661,125,105,,,,0.0,1.0,107.0,17,115,10,40,2
30:48.4,,,80,,98.5,,,,,,,39,-2.065283,43.168705,117.06759,3.5088284312916658,30:47.9,6,0.473,0101000020E61000002C64BC16B38500C07630DF1D98954540,20230420_DACIA_TOLOSA_ZARAUTZ_039,,d1,24:28.4,53:40.9,DACIA_SPRING,Dacia Spring 33 kW,33000,139,30:55.8,2.2,3.6,253,WSW,0.0324068514896912,106.4842219734286,125,105,,,,0.0,1.0,107.0,17,115,10,45,2
30:53.7,,,80,,98.5,,,,,,,39,-2.0654206000000004,43.16917,118.71803,3.5617503085389384,30:53.9,6,-0.19,0101000020E61000004DEE234BFB8500C01E8FD853A7954540,20230420_DACIA_TOLOSA_ZARAUTZ_039,,d1,24:28.4,53:40.9,DACIA_SPRING,Dacia Spring 33 kW,33000,139,30:55.8,2.2,3.6,253,WSW,3.318571683285368,39.80557109204586,125,105,,,,0.0,1.0,107.0,17,115,10,45,2
30:59.2,,,80,,98.5,,,,,,,39,-2.0647702000000003,43.169712,119.38291,3.6418427590079814,30:59.0,6,0.2769999999999999,0101000020E61000009EBC2A33A68400C0B656E32AB9954540,20230420_DACIA_TOLOSA_ZARAUTZ_039,,d1,24:28.4,53:40.9,DACIA_SPRING,Dacia Spring 33 kW,33000,139,30:55.8,2.2,3.6,253,WSW,3.387215504771966,36.7978979608322,125,105,,,,0.0,1.0,107.0,17,115,10,25,2
31:04.6,,,80,,98.5,,,,,,,39,-2.0636232,43.17057,121.500046,3.7751060231646263,31:05.0,6,-0.373,0101000020E61000007BC769D94C8200C00C03B642D5954540,20230420_DACIA_TOLOSA_ZARAUTZ_039,,d1,24:28.4,53:40.9,DACIA_SPRING,Dacia Spring 33 kW,33000,139,30:55.8,2.2,3.6,253,WSW,3.3820077843317256,37.0411720367989,125,105,,,,0.0,1.0,107.0,17,115,10,25,2
31:10.2,,,80,,98.5,,,,,,,39,-2.0625658,43.171368,122.32113,3.8985060512153598,31:10.0,6,0.119,0101000020E610000069517984228000C0903C7A69EF954540,20230420_DACIA_TOLOSA_ZARAUTZ_039,,d1,24:28.4,53:40.9,DACIA_SPRING,Dacia Spring 33 kW,33000,139,30:55.8,2.2,3.6,253,WSW,3.381631850969016,37.0586238908706,125,105,,,,0.0,1.0,107.0,17,115,10,25,2
31:15.5,,,80,,98.5,,,,,,,39,-2.0614998,43.172173,122.64264,4.022947348927982,31:15.1,6,0.4379999999999999,0101000020E6100000F76F13A1F37D00C0A11B07CE09964540,20230420_DACIA_TOLOSA_ZARAUTZ_039,,d1,24:28.4,53:40.9,DACIA_SPRING,Dacia Spring 33 kW,33000,139,30:55.8,2.2,3.6,253,WSW,3.3246250067221963,39.55571861271672,125,105,,,,0.0,1.0,107.0,17,115,10,8,2
31:21.0,,,80,,98.5,,,,,,,39,-2.0603,43.173164,122.46117,4.169948686307326,31:21.1,6,-0.094,0101000020E6100000BF0AEE947E7B00C0B56AC3352A964540,20230420_DACIA_TOLOSA_ZARAUTZ_039,,d1,24:28.4,53:40.9,DACIA_SPRING,Dacia Spring 33 kW,33000,139,31:35.5,2.2,3.6,253,WSW,3.368618003832387,37.65404772845858,125,105,,,,0.0,1.0,107.0,17,115,10,25,2
31:26.5,,,80,,98.5,,,,,,,39,-2.0591025000000003,43.174088,122.28411,4.311322067757246,31:26.2,6,0.326,0101000020E610000042D385B80A7900C0C2A1648C48964540,20230420_DACIA_TOLOSA_ZARAUTZ_039,,d1,24:28.4,53:40.9,DACIA_SPRING,Dacia Spring 33 kW,33000,139,31:35.5,2.2,3.6,253,WSW,3.371613094024856,37.51847884930072,125,105,,,,0.0,1.0,107.0,17,115,10,25,2
31:32.0,,,80,,98.5,,,,,,,39,-2.0578861,43.175022,121.70937,4.454556772156478,31:32.2,6,-0.2319999999999999,0101000020E6100000BE1F60FA8C7600C0F31C881967964540,20230420_DACIA_TOLOSA_ZARAUTZ_039,,d1,24:28.4,53:40.9,DACIA_SPRING,Dacia Spring 33 kW,33000,139,31:35.5,2.2,3.6,253,WSW,3.3764107723538217,37.29951336930076,125,105,,,,0.0,1.0,107.0,17,115,10,25,2
31:37.5,,,80,,98.5,,,,,,,39,-2.056874,43.175793,122.21395,4.573240530545315,31:37.3,6,0.1969999999999999,0101000020E6100000B9BA4B6A7A7400C0E5DD485280964540,20230420_DACIA_TOLOSA_ZARAUTZ_039,,d1,24:28.4,53:40.9,DACIA_SPRING,Dacia Spring 33 kW,33000,139,31:35.5,2.2,3.6,253,WSW,3.202564236279998,44.17682635230489,125,105,,,,0.0,1.0,107.0,17,115,10,8,3
31:43.0,,,79,,98.5,,,,,,,39,-2.0557656000000004,43.17687,122.67975,4.722974273752175,31:43.3,6,-0.35,0101000020E6100000165B184E357200C06E528FABA3964540,20230420_DACIA_TOLOSA_ZARAUTZ_039,,d1,24:28.4,53:40.9,DACIA_SPRING,Dacia Spring 33 kW,33000,139,31:35.5,2.2,3.6,253,WSW,2.7664781169693278,56.78365100860444,125,105,,,,0.0,1.0,107.0,17,115,10,45,3
31:48.5,,,79,,98.5,,,,,,,39,-2.055082,43.177914,122.4322,4.8516172768348795,31:48.3,6,0.14,0101000020E61000008C29DDD6CE7000C0002E85EAC5964540,20230420_DACIA_TOLOSA_ZARAUTZ_039,,d1,24:28.4,53:40.9,DACIA_SPRING,Dacia Spring 33 kW,33000,139,31:35.5,2.2,3.6,253,WSW,2.755787065649548,57.04882517406514,125,105,,,,0.0,1.0,107.0,17,115,10,25,3
31:53.9,,,79,,98.5,,,,,,,39,-2.0542912,43.179134000000005,122.88893,5.001667264529691,31:54.4,6,-0.424,0101000020E6100000DF1E8C36306F00C096C45ED1ED964540,20230420_DACIA_TOLOSA_ZARAUTZ_039,,d1,24:28.4,53:40.9,DACIA_SPRING,Dacia Spring 33 kW,33000,139,31:35.5,2.2,3.6,253,WSW,3.156533534390804,45.7395019204576,125,105,,,,0.0,1.0,107.0,17,115,10,45,3
31:59.4,,,79,,98.5,,,,,,,39,-2.0533888,43.18006,122.867676,5.127984617388135,31:59.4,6,0.0289999999999999,0101000020E6100000353F971A576D00C03B7A2B350C974540,20230420_DACIA_TOLOSA_ZARAUTZ_039,,d1,24:28.4,53:40.9,DACIA_SPRING,Dacia Spring 33 kW,33000,139,31:35.5,2.2,3.6,253,WSW,3.109662997183896,47.254574965981234,125,105,,,,0.0,1.0,107.0,17,115,10,8,3
32:04.8,,,79,,98.5,,,,,,,39,-2.0524738,43.18105,122.86069,5.260734827156207,32:04.4,6,0.421,0101000020E610000051A89E66776B00C01F5692942C974540,20230420_DACIA_TOLOSA_ZARAUTZ_039,,d1,24:28.4,53:40.9,DACIA_SPRING,Dacia Spring 33 kW,33000,139,31:35.5,2.2,3.6,253,WSW,2.851034936757249,54.63149340426956,125,105,,,,0.0,1.0,107.0,17,115,10,8,3
32:10.3,,,79,,98.5,,,,,,,39,-2.0516078,43.18227,124.40458,5.413495590238412,32:10.5,6,-0.129,0101000020E610000091531E5FB16900C00CC3D89554974540,20230420_DACIA_TOLOSA_ZARAUTZ_039,,d1,24:28.4,53:40.9,DACIA_SPRING,Dacia Spring 33 kW,33000,139,31:35.5,2.2,3.6,253,WSW,1.9778626930419736,73.673707553134,125,105,,,,0.0,1.0,107.0,17,115,10,8,3
32:15.7,,,79,,98.5,,,,,,,39,-2.0513017,43.183315,125.33025,5.532318836321265,32:15.5,6,0.2,0101000020E6100000646AB4D7106900C0D64635D976974540,20230420_DACIA_TOLOSA_ZARAUTZ_039,,d1,24:28.4,53:40.9,DACIA_SPRING,Dacia Spring 33 kW,33000,139,31:35.5,2.2,3.6,253,WSW,0.5568763519659033,98.10130548710164,125,105,,,,0.0,1.0,107.0,17,115,10,100,4
32:21.2,,,79,,98.5,,,,,,,39,-2.051496,43.18468,123.40265,5.684927443581108,32:21.5,6,-0.321,0101000020E61000006733ECB9766900C05B67EB91A3974540,20230420_DACIA_TOLOSA_ZARAUTZ_039,,d1,24:28.4,53:40.9,DACIA_SPRING,Dacia Spring 33 kW,33000,139,31:35.5,2.2,3.6,253,WSW,0.433061308224573,100.09088292364196,125,105,,,,0.0,1.0,107.0,17,115,10,40,4
32:26.6,,,79,,98.5,,,,,,,39,-2.0516882,43.18576,124.28627,5.806028002238384,32:26.6,6,0.03,0101000020E6100000EC462678DB6900C08FAAEB0CC7974540,20230420_DACIA_TOLOSA_ZARAUTZ_039,,d1,24:28.4,53:40.9,DACIA_SPRING,Dacia Spring 33 kW,33000,139,31:35.5,2.2,3.6,253,WSW,1.348192638138863,85.00671320274967,125,105,,,,0.0,1.0,107.0,17,115,10,100,4
32:32.1,,,79,,98.5,,,,,,,39,-2.0516038,43.186726,123.72314,5.913661513531386,32:31.6,6,0.467,0101000020E6100000F6001247AF6900C0C8C7699EE6974540,20230420_DACIA_TOLOSA_ZARAUTZ_039,,d1,24:28.4,53:40.9,DACIA_SPRING,Dacia Spring 33 kW,33000,139,31:35.5,2.2,3.6,253,WSW,1.792411552608744,77.13935996428762,125,105,,,,0.0,1.0,107.0,17,115,10,25,4
32:37.5,,,78,,98.5,,,,,,,39,-2.051307,43.188026,122.742294,6.060207311436548,32:37.6,6,-0.092,0101000020E61000001EAF0D99136900C009F1054611984540,20230420_DACIA_TOLOSA_ZARAUTZ_039,,d1,24:28.4,53:40.9,DACIA_SPRING,Dacia Spring 33 kW,33000,139,31:35.5,2.2,3.6,253,WSW,1.7163349152503686,78.5260142033632,125,105,,,,0.0,1.0,107.0,17,115,10,25,4
32:43.0,,,78,,98.5,,,,,,,39,-2.051089,43.1891,122.24355,6.180932417771898,32:42.6,6,0.332,0101000020E61000006E73F166A16800C0888F946634984540,20230420_DACIA_TOLOSA_ZARAUTZ_039,,d1,24:28.4,53:40.9,DACIA_SPRING,Dacia Spring 33 kW,33000,139,31:35.5,2.2,3.6,253,WSW,1.422478646282513,83.72573347540772,125,105,,,,0.0,1.0,107.0,17,115,10,25,4
32:48.4,,,78,,98.5,,,,,,,39,-2.0509453,43.190407,122.97252,6.326732196571812,32:48.7,6,-0.26,0101000020E610000036FA57FA556800C01A02FF385F984540,20230420_DACIA_TOLOSA_ZARAUTZ_039,,d1,24:28.4,53:40.9,DACIA_SPRING,Dacia Spring 33 kW,33000,139,31:35.5,2.2,3.6,253,WSW,0.6713018234025102,96.25299218807407,125,105,,,,0.0,1.0,107.0,17,115,10,25,4
32:53.9,,,78,,98.5,,,,,,,39,-2.0510678,43.191525,122.93208,6.4514441723322,32:53.7,6,0.171,0101000020E6100000AE5E7B4A966800C07FD6FED883984540,20230420_DACIA_TOLOSA_ZARAUTZ_039,,d1,24:28.4,53:40.9,DACIA_SPRING,Dacia Spring 33 kW,33000,139,31:35.5,2.2,3.6,253,WSW,0.552215232429656,98.17638563068716,125,105,,,,0.0,1.0,107.0,17,115,10,45,4
32:59.4,,,78,,98.5,,,,,,,39,-2.0512645,43.192894,124.05411,6.60450705758558,32:59.8,6,-0.348,0101000020E61000004C6A776BFD6800C08F23B0BEB0984540,20230420_DACIA_TOLOSA_ZARAUTZ_039,,d1,24:28.4,53:40.9,DACIA_SPRING,Dacia Spring 33 kW,33000,139,31:35.5,2.2,3.6,253,WSW,2.0656041792881075,71.98583470066411,125,105,,,,0.0,1.0,107.0,17,115,10,45,5
33:05.0,,,78,,98.5,,,,,,,39,-2.0509276,43.19393,126.390915,6.722921295705041,33:04.8,6,0.192,0101000020E610000031D14ECC4C6800C0A6D4F5BCD2984540,20230420_DACIA_TOLOSA_ZARAUTZ_039,,d1,24:28.4,53:40.9,DACIA_SPRING,Dacia Spring 33 kW,33000,139,31:35.5,2.2,3.6,253,WSW,3.146455926816571,46.07132219076909,125,105,,,,0.0,1.0,107.0,17,115,10,45,5
33:10.5,,,78,,98.5,,,,,,,39,-2.0499778,43.194916,130.89685,6.856970367847142,33:10.8,6,-0.321,0101000020E6100000BA5AE5C25A6600C0744217FDF2984540,20230420_DACIA_TOLOSA_ZARAUTZ_039,,d1,24:28.4,53:40.9,DACIA_SPRING,Dacia Spring 33 kW,33000,139,31:35.5,2.2,3.6,253,WSW,3.516832889297921,29.33962151466299,125,105,,,,0.0,1.0,107.0,17,115,10,100,5
33:15.9,,,78,,98.5,,,,,,,39,-2.0488374,43.195557,133.17713999999998,6.973724799844112,33:15.9,6,0.02,0101000020E6100000F2A9E1E1046400C00A07CB0908994540,20230420_DACIA_TOLOSA_ZARAUTZ_039,,d1,24:28.4,53:40.9,DACIA_SPRING,Dacia Spring 33 kW,33000,139,31:35.5,2.2,3.6,253,WSW,3.597723268205805,14.96218287773377,125,105,,,,0.0,1.0,107.0,17,115,10,100,5
33:21.4,,,78,,98.5,,,,,,,39,-2.0471685,43.196003000000005,132.79079,7.117815120350589,33:21.9,6,-0.499,0101000020E61000007637E1DB996000C00CBE01AC16994540,20230420_DACIA_TOLOSA_ZARAUTZ_039,,d1,24:28.4,53:40.9,DACIA_SPRING,Dacia Spring 33 kW,33000,139,31:35.5,2.2,3.6,253,WSW,3.486788418681265,2.5929004784508787,125,105,,,,0.0,1.0,107.0,17,115,10,25,5
33:26.8,,,78,,98.5,,,,,,,39,-2.045689,43.19607,129.52243,7.238023260645048,33:26.9,6,-0.1369999999999999,0101000020E6100000D19E3130925D00C09762CBD018994540,20230420_DACIA_TOLOSA_ZARAUTZ_039,,d1,24:28.4,53:40.9,DACIA_SPRING,Dacia Spring 33 kW,33000,139,31:35.5,2.2,3.6,253,WSW,3.506502657233726,3.9132905276579466,125,105,,,,0.0,1.0,107.0,17,115,10,8,5
33:32.3,,,78,,98.5,,,,,,,39,-2.044271,43.196167,126.36786,7.353518288977466,33:32.0,6,0.359,0101000020E6100000E63EFFC4AA5A00C053CB06FD1B994540,20230420_DACIA_TOLOSA_ZARAUTZ_039,,d1,24:28.4,53:40.9,DACIA_SPRING,Dacia Spring 33 kW,33000,139,31:35.5,2.2,3.6,253,WSW,3.5952395661676237,14.053153493538876,125,105,,,,0.0,1.0,107.0,17,115,10,8,5
33:37.7,,,78,,98.5,,,,,,,39,-2.0425172,43.196606,121.24984,7.5039197074316775,33:38.0,6,-0.289,0101000020E610000002ED5844135700C0B3F1545C2A994540,20230420_DACIA_TOLOSA_ZARAUTZ_039,,d1,24:28.4,53:40.9,DACIA_SPRING,Dacia Spring 33 kW,33000,139,31:35.5,2.2,3.6,253,WSW,3.536988291272652,27.73575309067964,125,105,,,,0.0,1.0,107.0,17,115,10,25,5
33:43.2,,,78,,98.5,,,,,,,39,-2.0412734,43.19726,118.56468999999998,7.628262818222241,33:43.0,6,0.179,0101000020E6100000D43FE126875400C0998A4FD03F994540,20230420_DACIA_TOLOSA_ZARAUTZ_039,,d1,24:28.4,53:40.9,DACIA_SPRING,Dacia Spring 33 kW,33000,139,31:35.5,2.2,3.6,253,WSW,3.0813266115240894,48.138028771900295,125,105,,,,0.0,1.0,107.0,17,115,10,100,5
33:48.8,,,78,,98.5,,,,,,,39,-2.0403657,43.198273,117.3219,7.762811104489066,33:49.1,6,-0.298,0101000020E61000001C75B345AB5200C07210660961994540,20230420_DACIA_TOLOSA_ZARAUTZ_039,,d1,24:28.4,53:40.9,DACIA_SPRING,Dacia Spring 33 kW,33000,139,35:55.8,2.2,3.6,253,WSW,2.8879477812067527,53.65855601873903,125,105,,,,0.0,1.0,107.0,17,115,10,100,5
33:54.3,,,78,,98.5,,,,,,,39,-2.0397823,43.199066,114.34401,7.862913557097369,33:54.1,6,0.179,0101000020E6100000D603916A795100C04A4407017B994540,20230420_DACIA_TOLOSA_ZARAUTZ_039,,d1,24:28.4,53:40.9,DACIA_SPRING,Dacia Spring 33 kW,33000,139,35:55.8,2.2,3.6,253,WSW,2.90820482341713,53.11509057864836,621,117,0.0,38.0,356.0,,,,227,462,159,25,6
33:59.8,,,78,,98.5,,,,,,,39,-2.0389576000000003,43.200165000000005,110.00707,8.002273440369235,34:00.2,6,-0.42,0101000020E6100000838533F3C84F00C04B1EB3F89E994540,20230420_DACIA_TOLOSA_ZARAUTZ_039,,d1,24:28.4,53:40.9,DACIA_SPRING,Dacia Spring 33 kW,33000,139,35:55.8,2.2,3.6,253,WSW,2.8891659646949064,53.626070393759015,621,117,0.0,38.0,356.0,,,,227,462,159,8,6
34:05.3,,,78,,98.5,,,,,,,39,-2.0382807,43.201084,109.14247,8.118263041757825,34:05.2,6,0.081,0101000020E610000069946927664E00C00731D025BD994540,20230420_DACIA_TOLOSA_ZARAUTZ_039,,d1,24:28.4,53:40.9,DACIA_SPRING,Dacia Spring 33 kW,33000,139,35:55.8,2.2,3.6,253,WSW,2.9963699002407718,50.66168510016372,621,117,0.0,38.0,356.0,,,,227,462,159,45,6
34:10.8,,,78,,98.5,,,,,,,39,-2.0373611,43.202206,107.82182,8.263600500459983,34:11.2,6,-0.439,0101000020E61000004538DAF8834C00C03C6F74D6E1994540,20230420_DACIA_TOLOSA_ZARAUTZ_039,,d1,24:28.4,53:40.9,DACIA_SPRING,Dacia Spring 33 kW,33000,139,35:55.8,2.2,3.6,253,WSW,3.0735548564723767,48.37640986272286,621,117,0.0,38.0,356.0,,,,227,462,159,100,6
34:16.3,,,78,,98.5,,,,,,,39,-2.0365987000000003,43.203064000000005,108.11698,8.377270862882321,34:16.3,6,0.037,0101000020E61000008DA28939F44A00C0078673F8FD994540,20230420_DACIA_TOLOSA_ZARAUTZ_039,,d1,24:28.4,53:40.9,DACIA_SPRING,Dacia Spring 33 kW,33000,139,35:55.8,2.2,3.6,253,WSW,2.3327425874766914,66.61022008055062,621,117,0.0,38.0,356.0,,,,227,462,159,40,6
34:21.8,,,78,,98.5,,,,,,,39,-2.036116,43.20418,109.2356,8.507390652037486,34:22.4,6,-0.523,0101000020E6100000036FFD20F74900C0DEF8DBA8229A4540,20230420_DACIA_TOLOSA_ZARAUTZ_039,,d1,24:28.4,53:40.9,DACIA_SPRING,Dacia Spring 33 kW,33000,139,35:55.8,2.2,3.6,253,WSW,0.3997285290221409,100.62497728777798,621,117,0.0,38.0,356.0,,,,227,462,159,40,6
34:27.3,,,78,,98.5,,,,,,,39,-2.0363111000000003,43.20522,108.59616,8.624111272578217,34:27.3,6,-0.052,0101000020E6100000D7A5478D5D4A00C0DBA848A6449A4540,20230420_DACIA_TOLOSA_ZARAUTZ_039,,d1,24:28.4,53:40.9,DACIA_SPRING,Dacia Spring 33 kW,33000,139,35:55.8,2.2,3.6,253,WSW,0.6444275075292191,96.68803695762335,621,117,0.0,38.0,356.0,,,,227,462,159,80,5
34:32.8,,,78,,98.5,,,,,,,39,-2.0364327,43.206257,106.92386,8.739852918108626,34:32.4,6,0.422,0101000020E610000043365C4A9D4A00C0A4A95A92669A4540,20230420_DACIA_TOLOSA_ZARAUTZ_039,,d1,24:28.4,53:40.9,DACIA_SPRING,Dacia Spring 33 kW,33000,139,35:55.8,2.2,3.6,253,WSW,2.307490482080624,67.1358434336335,621,117,0.0,38.0,356.0,,,,227,462,159,80,5
34:38.2,,,78,,98.5,,,,,,,39,-2.0359406000000004,43.207424,105.10006,8.875620654126115,34:38.4,6,-0.217,0101000020E6100000739CC94A9B4900C086B9B7EA8C9A4540,20230420_DACIA_TOLOSA_ZARAUTZ_039,,d1,24:28.4,53:40.9,DACIA_SPRING,Dacia Spring 33 kW,33000,139,35:55.8,2.2,3.6,253,WSW,2.905650662498833,53.18400241318829,621,117,0.0,38.0,356.0,,,,227,462,159,80,5
34:43.7,,,78,,98.5,,,,,,,39,-2.0353036,43.208275,104.98173,8.983414966818843,34:43.5,6,0.242,0101000020E6100000F2B8874D4D4800C01A23CBB7A89A4540,20230420_DACIA_TOLOSA_ZARAUTZ_039,,d1,24:28.4,53:40.9,DACIA_SPRING,Dacia Spring 33 kW,33000,139,35:55.8,2.2,3.6,253,WSW,2.9135379312602563,52.970834520552415,621,117,0.0,38.0,356.0,,,,227,462,159,80,5
34:49.1,,,78,,98.5,,,,,,,39,-2.034593,43.209217,105.62424,9.102950793020522,34:49.5,6,-0.368,0101000020E61000009E46DBB6D84600C00813B0ABC79A4540,20230420_DACIA_TOLOSA_ZARAUTZ_039,,d1,24:28.4,53:40.9,DACIA_SPRING,Dacia Spring 33 kW,33000,139,35:55.8,2.2,3.6,253,WSW,2.9533870606811226,51.876618160342645,621,117,0.0,38.0,356.0,,,,227,462,159,80,5
34:54.6,,,78,,98.5,,,,,,,39,-2.034006,43.209965,106.63518,9.198774205722737,34:54.5,6,0.07,0101000020E6100000874A49F9A44500C0F09FFE2BE09A4540,20230420_DACIA_TOLOSA_ZARAUTZ_039,,d1,24:28.4,53:40.9,DACIA_SPRING,Dacia Spring 33 kW,33000,139,35:55.8,2.2,3.6,253,WSW,3.057063925017493,48.8769266952536,621,117,0.0,38.0,356.0,,,,227,462,159,30,5
35:00.1,,,78,,98.5,,,,,,,39,-2.03316,43.210934,106.024765,9.326488196302266,35:00.5,6,-0.419,0101000020E6100000F1F0E657E94300C0AC2B0EE4FF9A4540,20230420_DACIA_TOLOSA_ZARAUTZ_039,,d1,24:28.4,53:40.9,DACIA_SPRING,Dacia Spring 33 kW,33000,139,35:55.8,2.2,3.6,253,WSW,3.3795579108116844,37.15464140243,621,117,0.0,38.0,356.0,,,,227,462,159,8,5
35:05.6,,,78,,98.5,,,,,,,39,-2.0322587,43.211617,106.63117,9.431861669053223,35:05.6,6,0.043,0101000020E6100000AC6689E1104200C021636142169B4540,20230420_DACIA_TOLOSA_ZARAUTZ_039,,d1,24:28.4,53:40.9,DACIA_SPRING,Dacia Spring 33 kW,33000,139,35:55.8,2.2,3.6,253,WSW,3.5743691815817917,23.84109503039225,621,117,0.0,38.0,356.0,,,,227,462,159,80,5
35:11.2,,,78,,98.5,,,,,,,39,-2.0310752,43.212140000000005,105.71019,9.54403185597807,35:11.6,6,-0.447,0101000020E6100000E48ADA60A43F00C00FD3F65A279B4540,20230420_DACIA_TOLOSA_ZARAUTZ_039,,d1,24:28.4,53:40.9,DACIA_SPRING,Dacia Spring 33 kW,33000,139,35:55.8,2.2,3.6,253,WSW,3.5855107496466734,22.14227274456733,621,117,0.0,38.0,356.0,,,,227,462,159,10,5
35:16.7,,,78,,98.5,,,,,,,39,-2.0300922,43.21254,104.62362,9.635277384033953,35:16.6,6,0.031,0101000020E610000088281403A13D00C02AEC7D8D349B4540,20230420_DACIA_TOLOSA_ZARAUTZ_039,,d1,24:28.4,53:40.9,DACIA_SPRING,Dacia Spring 33 kW,33000,139,35:55.8,2.2,3.6,253,WSW,3.595951189158999,19.717633172008288,621,117,0.0,38.0,356.0,,,,227,462,159,10,4
35:22.2,,,78,,98.5,,,,,,,39,-2.0290403,43.212917,103.90147,9.730276599379973,35:21.7,6,0.504,0101000020E610000047670E70793B00C08FD21BD6409B4540,20230420_DACIA_TOLOSA_ZARAUTZ_039,,d1,24:28.4,53:40.9,DACIA_SPRING,Dacia Spring 33 kW,33000,139,35:55.8,2.2,3.6,253,WSW,3.5999151752990155,17.393322147143788,621,117,0.0,38.0,356.0,,,,227,462,159,8,4
35:27.7,,,78,,98.5,,,,,,,39,-2.0277538,43.21332,103.01812,9.843760638247407,35:27.7,6,-0.006,0101000020E6100000BCB57C03D73800C0F6BBDE214E9B4540,20230420_DACIA_TOLOSA_ZARAUTZ_039,,d1,24:28.4,53:40.9,DACIA_SPRING,Dacia Spring 33 kW,33000,139,35:55.8,2.2,3.6,253,WSW,3.597332233285348,14.794093361481112,621,117,0.0,38.0,356.0,,,,227,462,159,8,4
35:33.2,,,78,,98.5,,,,,,,39,-2.0266936,43.2136,101.76074,9.935154844182554,35:32.7,6,0.439,0101000020E6100000F9AABF26AB3600C0825AD245579B4540,20230420_DACIA_TOLOSA_ZARAUTZ_039,,d1,24:28.4,53:40.9,DACIA_SPRING,Dacia Spring 33 kW,33000,139,35:55.8,2.2,3.6,253,WSW,3.597610215214559,14.912195624153076,621,117,0.0,38.0,356.0,,,,227,462,159,8,4
35:38.6,,,78,,98.5,,,,,,,39,-2.0254319,43.213936,101.76898,10.04401435800411,35:38.8,6,-0.1889999999999999,0101000020E610000081BC509D153400C046099E32629B4540,20230420_DACIA_TOLOSA_ZARAUTZ_039,,d1,24:28.4,53:40.9,DACIA_SPRING,Dacia Spring 33 kW,33000,139,35:55.8,2.2,3.6,253,WSW,3.391469153997265,36.5970428262678,621,117,0.0,38.0,356.0,,,,227,462,159,8,4
35:44.1,,,78,,98.5,,,,,,,39,-2.0245485,43.214592,104.29594,10.146250643355337,35:43.8,6,0.322,0101000020E6100000FD06BC7B463200C006482AB9779B4540,20230420_DACIA_TOLOSA_ZARAUTZ_039,,d1,24:28.4,53:40.9,DACIA_SPRING,Dacia Spring 33 kW,33000,139,35:55.8,2.2,3.6,253,WSW,1.860952199636276,75.87337557688105,621,117,0.0,38.0,356.0,,,,227,462,159,8,4
35:49.5,,,78,,98.5,,,,,,,39,-2.0242558,43.215755,103.63986,10.277729301484237,35:49.8,6,-0.319,0101000020E61000002312E400AD3100C045C47BDA9D9B4540,20230420_DACIA_TOLOSA_ZARAUTZ_039,,d1,24:28.4,53:40.9,DACIA_SPRING,Dacia Spring 33 kW,33000,139,35:55.8,2.2,3.6,253,WSW,-0.6541364703139051,117.4690622478189,621,117,0.0,38.0,356.0,,,,227,462,159,8,4
35:55.0,,,78,,98.5,,,,,,,39,-2.0246925,43.216595,102.68567,10.377616802809534,35:54.9,6,0.171,0101000020E610000087FA36F4913200C09F42A957B99B4540,20230420_DACIA_TOLOSA_ZARAUTZ_039,,d1,24:28.4,53:40.9,DACIA_SPRING,Dacia Spring 33 kW,33000,139,35:55.8,2.2,3.6,253,WSW,0.5120474709154852,98.82277957623644,621,117,0.0,38.0,356.0,,,,227,462,159,8,4
36:00.4,,,78,,98.5,,,,,,,39,-2.0248547,43.21764,101.43626,10.494563198498335,36:00.9,6,-0.494,0101000020E610000046F59A01E73200C0E6E6A0ACDB9B4540,20230420_DACIA_TOLOSA_ZARAUTZ_039,,d1,24:28.4,53:40.9,DACIA_SPRING,Dacia Spring 33 kW,33000,139,35:55.8,2.2,3.6,253,WSW,1.466318206847465,82.96399669245017,621,117,0.0,38.0,356.0,,,,227,462,159,8,4
36:05.9,,,78,,98.5,,,,,,,39,-2.0247393,43.218575,103.42928,10.598969179279575,36:05.9,6,0.001,0101000020E6100000B3220F8FAA3200C02BFED03CFA9B4540,20230420_DACIA_TOLOSA_ZARAUTZ_039,,d1,24:28.4,53:40.9,DACIA_SPRING,Dacia Spring 33 kW,33000,139,35:55.8,2.2,3.6,253,WSW,1.0021487892674,90.8367765145576,621,117,0.0,38.0,356.0,,,,227,462,159,80,4
36:11.4,,,78,,98.5,,,,,,,39,-2.024753,43.219513,104.82037,10.703285204038332,36:11.0,6,0.462,0101000020E610000069D555CCB13200C0D26FB609199C4540,20230420_DACIA_TOLOSA_ZARAUTZ_039,,d1,24:28.4,53:40.9,DACIA_SPRING,Dacia Spring 33 kW,33000,139,35:55.8,2.2,3.6,253,WSW,0.6715116685817073,96.24959275390316,621,117,0.0,38.0,356.0,,,,227,462,159,30,4
36:17.0,,,78,,98.5,,,,,,,39,-2.0248716,43.220596,106.056,10.824098486909154,36:17.0,6,-0.048,0101000020E61000001EB750E4EF3200C0C55F2B713C9C4540,20230420_DACIA_TOLOSA_ZARAUTZ_039,,d1,24:28.4,53:40.9,DACIA_SPRING,Dacia Spring 33 kW,33000,139,36:35.6,2.2,3.6,253,WSW,0.2814382473055984,102.51619597363512,621,117,0.0,38.0,356.0,,,,227,462,159,80,4
36:22.5,,,78,,98.5,,,,,,,39,-2.0250745,43.22151,105.60937,10.927052844106758,36:22.0,6,0.43,0101000020E6100000C75A6D415A3300C0C561E47D5A9C4540,20230420_DACIA_TOLOSA_ZARAUTZ_039,,d1,24:28.4,53:40.9,DACIA_SPRING,Dacia Spring 33 kW,33000,139,36:35.6,2.2,3.6,253,WSW,-0.0007711000300373,107.01227243823372,621,117,0.0,38.0,356.0,,,,227,462,159,20,3
36:28.0,,,78,,98.5,,,,,,,39,-2.0254233,43.22265,104.683914,11.056930840781753,36:28.1,6,-0.12,0101000020E6100000E07D7A22113400C0F0E81CC57F9C4540,20230420_DACIA_TOLOSA_ZARAUTZ_039,,d1,24:28.4,53:40.9,DACIA_SPRING,Dacia Spring 33 kW,33000,139,36:35.6,2.2,3.6,253,WSW,0.2612388571609972,102.83859675333814,621,117,0.0,38.0,356.0,,,,227,462,159,8,3
36:33.4,,,78,,98.5,,,,,,,39,-2.0256863000000003,43.223804,105.120445,11.187007971307892,36:33.2,6,0.259,0101000020E61000008D9FBB049B3400C0DA69DFA3A59C4540,20230420_DACIA_TOLOSA_ZARAUTZ_039,,d1,24:28.4,53:40.9,DACIA_SPRING,Dacia Spring 33 kW,33000,139,36:35.6,2.2,3.6,253,WSW,0.7957067103210463,94.23048400308735,621,117,0.0,38.0,356.0,,,,227,462,159,60,3
36:38.9,,,78,,98.5,,,,,,,39,-2.0257761000000003,43.225018,101.786026,11.32223567761524,36:39.2,6,-0.282,0101000020E6100000C713B71ACA3400C01030D06FCD9C4540,20230420_DACIA_TOLOSA_ZARAUTZ_039,,d1,24:28.4,53:40.9,DACIA_SPRING,Dacia Spring 33 kW,33000,139,36:35.6,2.2,3.6,253,WSW,1.5223242123307554,81.98422112906763,621,117,0.0,38.0,356.0,,,,227,462,159,45,3
36:44.4,,,78,,98.5,,,,,,,39,-2.025615,43.226162,99.7431,11.450126927055479,36:44.3,6,0.163,0101000020E6100000C8A314A4753400C083EA8AD7F29C4540,20230420_DACIA_TOLOSA_ZARAUTZ_039,,d1,24:28.4,53:40.9,DACIA_SPRING,Dacia Spring 33 kW,33000,139,36:35.6,2.2,3.6,253,WSW,1.3275224118256403,85.36106907520038,621,117,0.0,38.0,356.0,,,,227,462,159,8,3
36:49.9,,,77,,98.5,,,,,,,39,-2.025507,43.227493,98.204506,11.598393810419774,36:50.3,6,-0.44,0101000020E6100000D3204B0D3D3400C040CE77811E9D4540,20230420_DACIA_TOLOSA_ZARAUTZ_039,,d1,24:28.4,53:40.9,DACIA_SPRING,Dacia Spring 33 kW,33000,139,36:35.6,2.2,3.6,253,WSW,1.1116867175383276,89.0129597935442,621,117,0.0,38.0,356.0,,,,227,462,159,80,3
36:55.4,,,77,,98.5,,,,,,,39,-2.0254881,43.22859,97.42024,11.720386777012035,36:55.3,6,0.065,0101000020E61000006325AA12333400C03030E759429D4540,20230420_DACIA_TOLOSA_ZARAUTZ_039,,d1,24:28.4,53:40.9,DACIA_SPRING,Dacia Spring 33 kW,33000,139,36:35.6,2.2,3.6,253,WSW,0.0856140951892345,105.63728088270813,621,117,0.0,38.0,356.0,,,,227,462,159,25,3
37:00.8,,,77,,98.5,,,,,,,39,-2.0257876,43.22966,97.364296,11.84181454057996,37:00.4,6,0.42,0101000020E61000005CAEDE1ED03400C091223C73659D4540,20230420_DACIA_TOLOSA_ZARAUTZ_039,,d1,24:28.4,53:40.9,DACIA_SPRING,Dacia Spring 33 kW,33000,139,36:35.6,2.2,3.6,253,WSW,1.9195798312196477,74.776952391275,621,117,0.0,38.0,356.0,,,,227,462,159,8,3
37:06.3,,,77,,98.5,,,,,,,39,-2.025442,43.23093,96.20964,11.9857857497181,37:06.4,6,-0.073,0101000020E61000008764AEE01A3400C002390F268F9D4540,20230420_DACIA_TOLOSA_ZARAUTZ_039,,d1,24:28.4,53:40.9,DACIA_SPRING,Dacia Spring 33 kW,33000,139,36:35.6,2.2,3.6,253,WSW,1.6218649035694204,80.22307500389711,621,117,0.0,38.0,356.0,,,,227,462,159,8,2
37:11.7,,,77,,98.5,,,,,,,39,-2.0252671,43.231945,96.22482,12.099534608182768,37:11.4,6,0.283,0101000020E610000031B96848BF3300C0C23E5A6CB09D4540,20230420_DACIA_TOLOSA_ZARAUTZ_039,,d1,24:28.4,53:40.9,DACIA_SPRING,Dacia Spring 33 kW,33000,139,36:35.6,2.2,3.6,253,WSW,-0.7124255613204518,118.41394910870112,621,117,0.0,38.0,356.0,,,,227,462,159,8,2
37:17.2,,,77,,98.5,,,,,,,39,-2.0259082,43.23313,95.91511,12.24116779667642,37:17.5,6,-0.242,0101000020E6100000001D8C630F3500C0B7449C37D79D4540,20230420_DACIA_TOLOSA_ZARAUTZ_039,,d1,24:28.4,53:40.9,DACIA_SPRING,Dacia Spring 33 kW,33000,139,36:35.6,2.2,3.6,253,WSW,-1.293252941854809,128.05334057838022,621,117,0.0,38.0,356.0,,,,227,462,159,8,2
37:22.7,,,77,,98.5,,,,,,,39,-2.0265994,43.234013,95.0888,12.354201302083638,37:22.5,6,0.241,0101000020E610000034F692B9793600C0B56F8F1AF49D4540,20230420_DACIA_TOLOSA_ZARAUTZ_039,,d1,24:28.4,53:40.9,DACIA_SPRING,Dacia Spring 33 kW,33000,139,36:35.6,2.2,3.6,253,WSW,-2.118152173354986,143.04182065273977,621,117,0.0,38.0,356.0,,,,227,462,159,8,2
37:28.3,,,77,,98.5,,,,,,,39,-2.0276055,43.234770000000005,95.336136,12.471370662273737,37:28.5,6,-0.258,0101000020E610000068943F3D893800C0C24F45F80C9E4540,20230420_DACIA_TOLOSA_ZARAUTZ_039,,d1,24:28.4,53:40.9,DACIA_SPRING,Dacia Spring 33 kW,33000,139,36:35.6,2.2,3.6,253,WSW,-2.128773289986303,143.25115563129825,621,117,0.0,38.0,356.0,,,,227,462,159,8,2
37:33.7,,,77,,98.5,,,,,,,39,-2.0284626,43.23541,96.353195,12.570802085068467,37:33.6,6,0.16,0101000020E6100000A147D4954A3A00C0531817D7219E4540,20230420_DACIA_TOLOSA_ZARAUTZ_039,,d1,24:28.4,53:40.9,DACIA_SPRING,Dacia Spring 33 kW,33000,139,36:35.6,2.2,3.6,253,WSW,-1.3563408234277503,129.1332162994012,621,117,0.0,38.0,356.0,,,,227,462,159,8,2
37:39.2,,,77,,98.5,,,,,,,39,-2.0292559,43.236385,95.482956,12.696836174950496,37:39.6,6,-0.368,0101000020E610000080F97E80EA3B00C07D67B6E0419E4540,20230420_DACIA_TOLOSA_ZARAUTZ_039,,d1,24:28.4,53:40.9,DACIA_SPRING,Dacia Spring 33 kW,33000,139,36:35.6,2.2,3.6,253,WSW,-0.7188413842800268,118.51813947648702,621,117,0.0,38.0,356.0,,,,227,462,159,8,2
37:44.7,,,77,,98.5,,,,,,,39,-2.0297596,43.237312,92.006325,12.807750868952258,37:44.6,6,0.065,0101000020E6100000A407AC93F23C00C018B40341609E4540,20230420_DACIA_TOLOSA_ZARAUTZ_039,,d1,24:28.4,53:40.9,DACIA_SPRING,Dacia Spring 33 kW,33000,139,36:35.6,2.2,3.6,253,WSW,1.4436898102606774,83.3577314681191,621,117,0.0,38.0,356.0,,,,227,462,159,8,2
37:50.2,,,77,,98.5,,,,,,,39,-2.0296152,43.238552,88.458115,12.946173358396628,37:50.7,6,-0.4379999999999999,0101000020E610000052F2DEEBA63C00C0F17122EB889E4540,20230420_DACIA_TOLOSA_ZARAUTZ_039,,d1,24:28.4,53:40.9,DACIA_SPRING,Dacia Spring 33 kW,33000,139,36:35.6,2.2,3.6,253,WSW,2.4631197009337527,63.8272824070491,621,117,0.0,38.0,356.0,,,,227,462,159,8,2
37:55.8,,,77,,98.5,,,,,,,39,-2.029137,43.239525,85.7064,13.061124543539322,37:55.7,6,0.031,0101000020E6100000F259FD1BAC3B00C0251B62BFA89E4540,20230420_DACIA_TOLOSA_ZARAUTZ_039,,d1,24:28.4,53:40.9,DACIA_SPRING,Dacia Spring 33 kW,33000,139,36:35.6,2.2,3.6,253,WSW,1.6202664933489637,80.25156652401337,621,117,0.0,38.0,356.0,,,,227,462,159,8,2
38:01.2,,,77,,98.5,,,,,,,39,-2.0289798,43.24044,83.81235,13.163679166057614,38:00.8,6,0.422,0101000020E6100000D09D00C6593B00C0CFE82FC9C69E4540,20230420_DACIA_TOLOSA_ZARAUTZ_039,,d1,24:28.4,53:40.9,DACIA_SPRING,Dacia Spring 33 kW,33000,139,36:35.6,2.2,3.6,253,WSW,2.204321232901332,69.24317558252278,621,117,0.0,38.0,356.0,,,,227,462,159,8,2
38:06.7,,,77,,98.5,,,,,,,39,-2.0286531,43.241302000000005,83.07826999999999,13.263118081813552,38:06.8,6,-0.055,0101000020E61000008C613275AE3A00C0CD771802E39E4540,20230420_DACIA_TOLOSA_ZARAUTZ_039,,d1,24:28.4,53:40.9,DACIA_SPRING,Dacia Spring 33 kW,33000,139,36:35.6,2.2,3.6,253,WSW,3.443503874916225,33.95602851913272,621,117,0.0,38.0,356.0,,,,227,462,159,8,1
38:12.1,,,77,,98.5,,,,,,,39,-2.0278304,43.241856,85.12222,13.353892291915823,38:11.8,6,0.313,0101000020E61000006EDD3D1DFF3800C0761A4B1EF59E4540,20230420_DACIA_TOLOSA_ZARAUTZ_039,,d1,24:28.4,53:40.9,DACIA_SPRING,Dacia Spring 33 kW,33000,139,36:35.6,2.2,3.6,253,WSW,3.533525721482412,28.027669539548985,621,117,0.0,38.0,356.0,,,,227,462,159,8,1
38:17.7,,,77,,98.5,,,,,,,39,-2.0266488000000003,43.242485,84.09425,13.472440034816037,38:17.8,6,-0.188,0101000020E6100000B55BF59F933600C03156B4C1099F4540,20230420_DACIA_TOLOSA_ZARAUTZ_039,,d1,24:28.4,53:40.9,DACIA_SPRING,Dacia Spring 33 kW,33000,139,36:35.6,2.2,3.6,253,WSW,3.490275856140418,31.182303191308748,621,117,0.0,38.0,356.0,,,,227,462,159,8,1
38:23.1,,,77,,98.5,,,,,,,39,-2.0256987,43.24306,83.48398,13.572494941037188,38:22.9,6,0.1989999999999999,0101000020E6100000E546C870A13400C01E11B19D1C9F4540,20230420_DACIA_TOLOSA_ZARAUTZ_039,,d1,24:28.4,53:40.9,DACIA_SPRING,Dacia Spring 33 kW,33000,139,36:35.6,2.2,3.6,253,WSW,3.3576286398039965,38.14434625050362,621,117,0.0,38.0,356.0,,,,227,462,159,8,1
38:28.6,,,77,,98.5,,,,,,,39,-2.0246966,43.243847,84.28933,13.691856922113441,38:28.9,6,-0.347,0101000020E61000007F8C831B943200C03BCF4261369F4540,20230420_DACIA_TOLOSA_ZARAUTZ_039,,d1,24:28.4,53:40.9,DACIA_SPRING,Dacia Spring 33 kW,33000,139,36:35.6,2.2,3.6,253,WSW,3.2279638701956843,43.27798198623313,621,117,0.0,38.0,356.0,,,,227,462,159,8,1
38:34.1,,,77,,98.5,,,,,,,39,-2.0239394,43.24456,83.94147,13.79209369030408,38:33.9,6,0.159,0101000020E610000030E8EB25073100C0CAD8DCC24D9F4540,20230420_DACIA_TOLOSA_ZARAUTZ_039,,d1,24:28.4,53:40.9,DACIA_SPRING,Dacia Spring 33 kW,33000,139,36:35.6,2.2,3.6,253,WSW,3.338095223786628,38.99008390657387,621,117,0.0,38.0,356.0,,,,227,462,159,8,1
38:39.6,,,77,,98.5,,,,,,,39,-2.0230339,43.245293,84.693085,13.901743393425157,38:40.0,6,-0.386,0101000020E61000007014215B2C2F00C0B67D37C2659F4540,20230420_DACIA_TOLOSA_ZARAUTZ_039,,d1,24:28.4,53:40.9,DACIA_SPRING,Dacia Spring 33 kW,33000,139,36:35.6,2.2,3.6,253,WSW,3.297026634028904,40.67459437957237,621,117,0.0,38.0,356.0,,,,227,462,159,80,1
38:45.2,,,77,,98.5,,,,,,,39,-2.022288,43.245934000000005,84.52738000000001,13.995179679213132,38:45.0,6,0.146,0101000020E6100000ED894962A52D00C01D6675CB7A9F4540,20230420_DACIA_TOLOSA_ZARAUTZ_039,,d1,24:28.4,53:40.9,DACIA_SPRING,Dacia Spring 33 kW,33000,139,36:35.6,2.2,3.6,253,WSW,3.3093062682809053,40.1830644061889,621,117,0.0,38.0,356.0,,,,227,462,159,80,1
38:50.7,,,77,,98.5,,,,,,,39,-2.0214343,43.246655,84.966576,14.101051713784846,38:51.1,6,-0.382,0101000020E61000002444A6C7E52B00C0A393A366929F4540,20230420_DACIA_TOLOSA_ZARAUTZ_039,,d1,24:28.4,53:40.9,DACIA_SPRING,Dacia Spring 33 kW,33000,139,40:55.9,2.2,3.6,253,WSW,3.0610724769749176,48.75591346002843,621,117,0.0,38.0,356.0,,,,227,462,159,80,1
38:56.2,,,76,,98.5,,,,,,,39,-2.02086,43.24731,85.3911,14.187472042229592,38:56.1,6,0.094,0101000020E61000008BCBA69EB82A00C05CDD59EAA79F4540,20230420_DACIA_TOLOSA_ZARAUTZ_039,,d1,24:28.4,53:40.9,DACIA_SPRING,Dacia Spring 33 kW,33000,139,40:55.9,2.2,3.6,253,WSW,1.7780061285972484,77.4033787540223,621,117,0.0,38.0,356.0,,,,227,462,159,25,1
39:01.7,,,76,,98.5,,,,,,,39,-2.0205762,43.24858,86.67485,14.3305538565581,39:02.2,6,-0.5,0101000020E61000008FE1A1D9232A00C0CF93DC74D19F4540,20230420_DACIA_TOLOSA_ZARAUTZ_039,,d1,24:28.4,53:40.9,DACIA_SPRING,Dacia Spring 33 kW,33000,139,40:55.9,2.2,3.6,253,WSW,-0.3771137419026004,113.01298310562323,621,117,0.0,38.0,356.0,,,,227,462,159,80,1
39:07.2,,,76,,98.5,,,,,,,39,-2.0209882,43.24955,86.49395,14.443456890244015,39:07.2,6,-0.011,0101000020E6100000323CDBDFFB2A00C0AEE71C34F19F4540,20230420_DACIA_TOLOSA_ZARAUTZ_039,,d1,24:28.4,53:40.9,DACIA_SPRING,Dacia Spring 33 kW,33000,139,40:55.9,2.2,3.6,253,WSW,-1.5600232690805291,132.67969954455668,621,117,0.0,38.0,356.0,,,,227,462,159,25,1
39:12.6,,,76,,98.5,,,,,,,39,-2.021772,43.2504,84.41585500000001,14.557331196678117,39:12.2,6,0.3429999999999999,0101000020E610000065B9C5CB962C00C01C8057160DA04540,20230420_DACIA_TOLOSA_ZARAUTZ_039,,d1,24:28.4,53:40.9,DACIA_SPRING,Dacia Spring 33 kW,33000,139,40:55.9,2.2,3.6,253,WSW,-0.7349050673948501,118.77917745892846,621,117,0.0,38.0,356.0,,,,227,462,159,45,1
39:18.1,,,76,,98.5,,,,,,,39,-2.0224218,43.251583,83.777725,14.699013049029414,39:18.3,6,-0.1989999999999999,0101000020E6100000DCA35975EB2D00C089DC86D033A04540,20230420_DACIA_TOLOSA_ZARAUTZ_039,,d1,24:28.4,53:40.9,DACIA_SPRING,Dacia Spring 33 kW,33000,139,40:55.9,2.2,3.6,253,WSW,1.6368353049643345,79.95588009528548,621,117,0.0,38.0,356.0,,,,227,462,159,45,1
39:23.5,,,76,,98.5,,,,,,,39,-2.022236,43.252632,83.52958000000001,14.81662339679862,39:23.3,6,0.16,0101000020E610000059C4EE118A2D00C0A9B6A53656A04540,20230420_DACIA_TOLOSA_ZARAUTZ_039,,d1,24:28.4,53:40.9,DACIA_SPRING,Dacia Spring 33 kW,33000,139,40:55.9,2.2,3.6,253,WSW,2.5883623297333096,61.02888244250882,621,117,0.0,38.0,356.0,,,,227,462,159,8,1
39:29.0,,,76,,98.5,,,,,,,39,-2.0215838,43.25381,82.54997,14.95786302087617,39:29.3,6,-0.344,0101000020E61000006706D22F342C00C0899486EB7CA04540,20230420_DACIA_TOLOSA_ZARAUTZ_039,,d1,24:28.4,53:40.9,DACIA_SPRING,Dacia Spring 33 kW,33000,139,40:55.9,2.2,3.6,253,WSW,2.3843979210940933,65.52197439348176,621,117,0.0,38.0,356.0,,,,227,462,159,25,1
39:34.4,,,76,,98.5,,,,,,,39,-2.0210648,43.25495,81.71351,15.091414496667669,39:34.4,6,0.019,0101000020E610000035A41E07242B00C04DDBCD4BA2A04540,20230420_DACIA_TOLOSA_ZARAUTZ_039,,d1,24:28.4,53:40.9,DACIA_SPRING,Dacia Spring 33 kW,33000,139,40:55.9,2.2,3.6,253,WSW,2.246820193972216,68.38261358259918,621,117,0.0,38.0,356.0,,,,227,462,159,45,1
39:39.8,,,76,,98.5,,,,,,,39,-2.0205536,43.256240000000005,80.805084,15.240713335476816,39:39.4,6,0.447,0101000020E610000059C0920F182A00C0D52D5871CCA04540,20230420_DACIA_TOLOSA_ZARAUTZ_039,,d1,24:28.4,53:40.9,DACIA_SPRING,Dacia Spring 33 kW,33000,139,40:55.9,2.2,3.6,253,WSW,1.7882780014421653,77.21518974860044,621,117,0.0,38.0,356.0,,,,227,462,159,45,1
39:45.3,,,76,,98.5,,,,,,,39,-2.0202012,43.257793,79.808815,15.415744098481612,39:45.4,6,-0.126,0101000020E61000008C3935425F2900C042D87359FFA04540,20230420_DACIA_TOLOSA_ZARAUTZ_039,,d1,24:28.4,53:40.9,DACIA_SPRING,Dacia Spring 33 kW,33000,139,40:55.9,2.2,3.6,253,WSW,1.7550260109917128,77.82313000932164,621,117,0.0,38.0,356.0,,,,227,462,159,8,2
39:50.8,,,76,,98.5,,,,,,,39,-2.0199401000000003,43.259003,80.695366,15.551944091870515,39:50.5,6,0.283,0101000020E610000056CBD169D62800C0CC796AFF26A14540,20230420_DACIA_TOLOSA_ZARAUTZ_039,,d1,24:28.4,53:40.9,DACIA_SPRING,Dacia Spring 33 kW,33000,139,40:55.9,2.2,3.6,253,WSW,3.296277745566287,40.70425978297863,621,117,0.0,38.0,356.0,,,,227,462,159,80,2
39:56.4,,,76,,98.5,,,,,,,39,-2.0186498,43.260113,82.25903000000001,15.713665889365789,39:56.5,6,-0.149,0101000020E6100000FA3BFCE3312600C04F970C514BA14540,20230420_DACIA_TOLOSA_ZARAUTZ_039,,d1,24:28.4,53:40.9,DACIA_SPRING,Dacia Spring 33 kW,33000,139,40:55.9,2.2,3.6,253,WSW,3.3392891620941247,38.939280855898176,621,117,0.0,38.0,356.0,,,,227,462,159,80,2
40:01.9,,,76,,98.5,,,,,,,39,-2.0176387,43.26093,84.20478,15.835979049517311,40:01.6,6,0.27,0101000020E6100000620E24C11F2400C0FA966E2666A14540,20230420_DACIA_TOLOSA_ZARAUTZ_039,,d1,24:28.4,53:40.9,DACIA_SPRING,Dacia Spring 33 kW,33000,139,40:55.9,2.2,3.6,253,WSW,1.844783075247193,76.17352311524772,621,117,0.0,38.0,356.0,,,,227,462,159,25,2
40:07.4,,,76,,98.5,,,,,,,39,-2.0173094,43.262268,86.03444,15.987139630280181,40:07.6,6,-0.2189999999999999,0101000020E61000009D4C2629732300C011DB05F491A14540,20230420_DACIA_TOLOSA_ZARAUTZ_039,,d1,24:28.4,53:40.9,DACIA_SPRING,Dacia Spring 33 kW,33000,139,40:55.9,2.2,3.6,253,WSW,0.2564895030478835,102.91438125597324,621,117,0.0,38.0,356.0,,,,227,462,159,25,2
40:12.9,,,76,,98.5,,,,,,,39,-2.017563,43.263374,87.32486999999999,16.111830544145764,40:12.7,6,0.268,0101000020E6100000D954EE2CF82300C0CC602B42B6A14540,20230420_DACIA_TOLOSA_ZARAUTZ_039,,d1,24:28.4,53:40.9,DACIA_SPRING,Dacia Spring 33 kW,33000,139,40:55.9,2.2,3.6,253,WSW,1.6374696605877883,79.94454397261276,621,117,0.0,38.0,356.0,,,,227,462,159,25,2
40:18.5,,,76,,98.5,,,,,,,39,-2.0173323,43.264675,88.22058,16.257698993093552,40:18.7,6,-0.23,0101000020E6100000C4CF4F297F2300C01E2FF7D4E0A14540,20230420_DACIA_TOLOSA_ZARAUTZ_039,,d1,24:28.4,53:40.9,DACIA_SPRING,Dacia Spring 33 kW,33000,139,40:55.9,2.2,3.6,253,WSW,1.768226619056617,77.5822215651726,621,117,0.0,38.0,356.0,,,,227,462,159,25,2
40:23.9,,,76,,98.5,,,,,,,39,-2.0171,43.26573,89.45618,16.376514454553167,40:23.7,6,0.149,0101000020E61000008159006A052300C0728A588703A24540,20230420_DACIA_TOLOSA_ZARAUTZ_039,,d1,24:28.4,53:40.9,DACIA_SPRING,Dacia Spring 33 kW,33000,139,40:55.9,2.2,3.6,253,WSW,1.371552450248258,84.60517979230977,109,60,,,,17.0,87.0,5.0,0,98,11,25,2
40:29.4,,,76,,98.5,,,,,,,39,-2.0169659,43.26715,93.52868,16.53483652871312,40:29.8,6,-0.3339999999999999,0101000020E6100000224BC806BF2200C03CF9D70832A24540,20230420_DACIA_TOLOSA_ZARAUTZ_039,,d1,24:28.4,53:40.9,DACIA_SPRING,Dacia Spring 33 kW,33000,139,40:55.9,2.2,3.6,253,WSW,1.411477713989776,83.91619282182796,109,60,,,,17.0,87.0,5.0,0,98,11,25,2
40:34.8,,,76,,98.5,,,,,,,39,-2.016838,43.26835,96.95684,16.668715588671297,40:34.8,6,0.049,0101000020E61000008D1AD10E7C2200C09C77FE4A59A24540,20230420_DACIA_TOLOSA_ZARAUTZ_039,,d1,24:28.4,53:40.9,DACIA_SPRING,Dacia Spring 33 kW,33000,139,40:55.9,2.2,3.6,253,WSW,1.80422515454986,76.92232124860864,109,60,,,,17.0,87.0,5.0,0,98,11,80,2
40:40.4,,,76,,98.5,,,,,,,39,-2.0165467,43.269604,99.019684,16.81014968315491,40:40.8,6,-0.426,0101000020E610000091D10A32E32100C0613B506582A24540,20230420_DACIA_TOLOSA_ZARAUTZ_039,,d1,24:28.4,53:40.9,DACIA_SPRING,Dacia Spring 33 kW,33000,139,40:55.9,2.2,3.6,253,WSW,1.493979102019816,82.48104908418776,109,60,,,,17.0,87.0,5.0,0,98,11,25,2
40:45.8,,,76,,98.5,,,,,,,39,-2.0164027,43.270695,98.06562,16.93202603335644,40:45.9,6,-0.033,0101000020E6100000F501DABA972100C00018602EA6A24540,20230420_DACIA_TOLOSA_ZARAUTZ_039,,d1,24:28.4,53:40.9,DACIA_SPRING,Dacia Spring 33 kW,33000,139,40:55.9,2.2,3.6,253,WSW,1.2689242629274442,86.36098533275414,109,60,,,,17.0,87.0,5.0,0,98,11,25,2
40:51.3,,,76,,98.5,,,,,,,39,-2.0163267,43.27189,96.03617,17.065061842330564,40:50.9,6,0.426,0101000020E61000000BC4D0E86F2100C035526643CDA24540,20230420_DACIA_TOLOSA_ZARAUTZ_039,,d1,24:28.4,53:40.9,DACIA_SPRING,Dacia Spring 33 kW,33000,139,40:55.9,2.2,3.6,253,WSW,1.7254290519633722,78.36123000926764,589,96,41.0,285.0,246.0,,,,17,542,47,25,2
40:56.9,,,76,,98.5,,,,,,,39,-2.0160544,43.273212,94.988785,17.213709145513302,40:57.0,6,-0.098,0101000020E61000009A9FB42DE12000C0B528F090F8A24540,20230420_DACIA_TOLOSA_ZARAUTZ_039,,d1,24:28.4,53:40.9,DACIA_SPRING,Dacia Spring 33 kW,33000,139,40:55.9,2.2,3.6,253,WSW,1.5835242507266771,80.90455041131058,630,103,8.0,164.0,434.0,,,,24,581,49,80,2
41:02.4,,,75,,98.5,,,,,,,39,-2.0158815,43.274292,95.17839,17.33461286995164,41:02.0,6,0.409,0101000020E6100000C0276482862000C0686D3F091CA34540,20230420_DACIA_TOLOSA_ZARAUTZ_039,,d1,24:28.4,53:40.9,DACIA_SPRING,Dacia Spring 33 kW,33000,139,40:55.9,2.2,3.6,253,WSW,1.1990892615688975,87.54415274905163,630,103,8.0,164.0,434.0,,,,24,581,49,80,2
41:07.9,,,75,,98.5,,,,,,,39,-2.0158236,43.275642,98.17496,17.48482908031616,41:08.0,6,-0.138,0101000020E6100000C21C6A19682000C054981A4148A34540,20230420_DACIA_TOLOSA_ZARAUTZ_039,,d1,24:28.4,53:40.9,DACIA_SPRING,Dacia Spring 33 kW,33000,139,40:55.9,2.2,3.6,253,WSW,1.8908247761146628,75.31633226592963,630,103,8.0,164.0,434.0,,,,24,581,49,80,2
41:13.4,,,75,,98.5,,,,,,,39,-2.0155385,43.27673,102.07623,17.608052925676184,41:13.0,6,0.332,0101000020E61000003BE5EFA7D21F00C0575750E86BA34540,20230420_DACIA_TOLOSA_ZARAUTZ_039,,d1,24:28.4,53:40.9,DACIA_SPRING,Dacia Spring 33 kW,33000,139,40:55.9,2.2,3.6,253,WSW,0.2089576398890132,103.67246562910528,630,103,8.0,164.0,434.0,,,,24,581,49,80,2
41:18.9,,,75,,98.5,,,,,,,39,-2.0158455,43.277992,108.229294,17.75069753392761,41:19.1,6,-0.181,0101000020E6100000D19CBF94732000C0D4C4813F95A34540,20230420_DACIA_TOLOSA_ZARAUTZ_039,,d1,24:28.4,53:40.9,DACIA_SPRING,Dacia Spring 33 kW,33000,139,41:35.6,2.2,3.6,250,WSW,-1.4329203952115483,133.4552969427059,630,103,8.0,164.0,434.0,,,,24,581,49,80,2
41:24.4,,,74,,98.5,,,,,,,39,-2.0166736000000003,43.278866,110.02739,17.868774016083,41:24.1,6,0.261,0101000020E6100000EFD468B0252200C08183C6EFB1A34540,20230420_DACIA_TOLOSA_ZARAUTZ_039,,d1,24:28.4,53:40.9,DACIA_SPRING,Dacia Spring 33 kW,33000,139,41:35.6,2.2,3.6,250,WSW,-2.0891371125167444,145.47276193824794,630,103,8.0,164.0,434.0,,,,24,581,49,40,2
41:29.9,,,74,,98.5,,,,,,,39,-2.0181155,43.279858,113.89557,18.02941935256901,41:30.2,6,-0.267,0101000020E61000003CA8FFC9192500C0B2281D52D2A34540,20230420_DACIA_TOLOSA_ZARAUTZ_039,,d1,24:28.4,53:40.9,DACIA_SPRING,Dacia Spring 33 kW,33000,139,41:35.6,2.2,3.6,250,WSW,-0.7232750531091467,121.59016300846456,197,81,,,,1.0,104.0,92.0,0,167,30,45,1
41:35.3,,,74,,98.5,,,,,,,39,-2.0186825,43.28078,120.54928999999998,18.141943593284566,41:35.2,6,0.092,0101000020E6100000DA298CF3422600C004A94EAAF0A34540,20230420_DACIA_TOLOSA_ZARAUTZ_039,,d1,24:28.4,53:40.9,DACIA_SPRING,Dacia Spring 33 kW,33000,139,41:35.6,2.2,3.6,250,WSW,1.5853854963331209,83.87156069993587,197,81,,,,1.0,104.0,92.0,0,167,30,80,1
41:40.8,,,74,,98.5,,,,,,,39,-2.0185616000000004,43.281906,125.50115,18.267628581491277,41:41.3,6,-0.43,0101000020E6100000477DFF96032600C085A4177615A44540,20230420_DACIA_TOLOSA_ZARAUTZ_039,,d1,24:28.4,53:40.9,DACIA_SPRING,Dacia Spring 33 kW,33000,139,41:35.6,2.2,3.6,250,WSW,1.9210331332505328,77.74960714092344,197,81,,,,1.0,104.0,92.0,0,167,30,45,1
41:46.2,,,74,,98.5,,,,,,,39,-2.0183892,43.2827,132.28088,18.35727024054283,41:46.3,6,-0.099,0101000020E610000099C98535A92500C01629B27F2FA44540,20230420_DACIA_TOLOSA_ZARAUTZ_039,,d1,24:28.4,53:40.9,DACIA_SPRING,Dacia Spring 33 kW,33000,139,41:35.6,2.2,3.6,250,WSW,1.7822242631045273,80.32614175613604,197,81,,,,1.0,104.0,92.0,0,167,30,45,1
41:51.7,,,74,,98.5,,,,,,,39,-2.0182605,43.283455,140.07646,18.442224760589195,41:51.3,6,0.349,0101000020E6100000DADDECBA652500C083EBA83C48A44540,20230420_DACIA_TOLOSA_ZARAUTZ_039,,d1,24:28.4,53:40.9,DACIA_SPRING,Dacia Spring 33 kW,33000,139,41:35.6,2.2,3.6,250,WSW,1.0477310271042015,93.07998625028986,197,81,,,,1.0,104.0,92.0,0,167,30,45,1
41:57.1,,,74,,98.5,,,,,,,39,-2.0183036,43.284256,145.43117,18.53152089291833,41:57.4,6,-0.293,0101000020E6100000D3C41B677C2500C027B9A37462A44540,20230420_DACIA_TOLOSA_ZARAUTZ_039,,d1,24:28.4,53:40.9,DACIA_SPRING,Dacia Spring 33 kW,33000,139,41:35.6,2.2,3.6,250,WSW,0.5763322393520701,100.78774697341792,197,81,,,,1.0,104.0,92.0,0,167,30,45,1
42:02.6,,,74,,98.5,,,,,,,39,-2.0184345,43.284943,148.44046,18.608701829030235,42:02.4,6,0.172,0101000020E610000040FF63F7C02500C0805604FE78A44540,20230420_DACIA_TOLOSA_ZARAUTZ_039,,d1,24:28.4,53:40.9,DACIA_SPRING,Dacia Spring 33 kW,33000,139,41:35.6,2.2,3.6,250,WSW,0.1883386544234578,107.00112817236489,630,103,8.0,164.0,434.0,,,,24,581,49,45,1
42:08.1,,,74,,98.5,,,,,,,39,-2.0187109,43.285847,150.98161000000002,18.711713087386023,42:08.4,6,-0.312,0101000020E6100000236F45EC512600C07AD24E9696A44540,20230420_DACIA_TOLOSA_ZARAUTZ_039,,d1,24:28.4,53:40.9,DACIA_SPRING,Dacia Spring 33 kW,33000,139,41:35.6,2.2,3.6,250,WSW,0.4411337878834406,102.96144779263358,630,103,8.0,164.0,434.0,,,,24,581,49,80,1
42:29.3,,,74,,98.5,,,,,,,39,-2.0191436,43.287727,157.24116999999998,18.923765592541205,42:29.3,6,0.01,0101000020E6100000B84EACC5342700C00552963CD4A44540,20230420_DACIA_TOLOSA_ZARAUTZ_039,,d1,24:28.4,53:40.9,DACIA_SPRING,Dacia Spring 33 kW,33000,139,41:35.6,2.2,3.6,250,WSW,3.2709815066609487,44.68658722825106,630,103,8.0,164.0,434.0,,,,24,581,49,90,1
42:35.3,,,74,,98.5,,,,,,,39,-2.0169103,43.289936,170.96982,19.229047989587528,42:35.6,6,-0.335,0101000020E6100000796D3BE0A12200C0E88BADA81CA54540,20230420_DACIA_TOLOSA_ZARAUTZ_039,,d1,24:28.4,53:40.9,DACIA_SPRING,Dacia Spring 33 kW,33000,139,41:35.6,2.2,3.6,250,WSW,3.062017655390613,51.727319500235154,589,96,41.0,285.0,246.0,,,,17,542,47,8,1
42:41.8,,,74,,98.5,,,,,,,39,-2.0163233,43.29068,170.88681,19.324448882671884,42:41.7,6,0.17,0101000020E61000009DA6F5216E2100C0BD7EF40C35A54540,20230420_DACIA_TOLOSA_ZARAUTZ_039,,d1,24:28.4,53:40.9,DACIA_SPRING,Dacia Spring 33 kW,33000,139,41:35.6,2.2,3.6,250,WSW,-2.0503170893282463,144.71763371829735,589,96,41.0,285.0,246.0,,,,17,542,47,45,1
42:47.4,,,74,,98.5,,,,,,,39,-2.0171006,43.29123,170.13165,19.41219114250013,42:47.7,6,-0.25,0101000020E610000011B227AB052300C0A05E51F946A54540,20230420_DACIA_TOLOSA_ZARAUTZ_039,,d1,24:28.4,53:40.9,DACIA_SPRING,Dacia Spring 33 kW,33000,139,41:35.6,2.2,3.6,250,WSW,-3.5256996823463957,-171.6608848589893,589,96,41.0,285.0,246.0,,,,17,542,47,45,1
42:52.9,,,74,,98.5,,,,,,,39,-2.0180557,43.29109,171.44333,19.49105631661752,42:52.7,6,0.2189999999999999,0101000020E61000003B1B5152FA2400C0FAB6A06E42A54540,20230420_DACIA_TOLOSA_ZARAUTZ_039,,d1,24:28.4,53:40.9,DACIA_SPRING,Dacia Spring 33 kW,33000,139,41:35.6,2.2,3.6,250,WSW,-2.62984674124633,-116.9294165380798,197,81,,,,1.0,104.0,92.0,0,167,30,45,1
42:58.5,,,74,,98.5,,,,,,,39,-2.018457,43.2903,171.96219,19.58471414227341,42:58.8,6,-0.28,0101000020E6100000B4885DB4CC2500C0B19E008828A54540,20230420_DACIA_TOLOSA_ZARAUTZ_039,,d1,24:28.4,53:40.9,DACIA_SPRING,Dacia Spring 33 kW,33000,139,41:35.6,2.2,3.6,250,WSW,-2.7276233820184705,-119.25949614033388,630,103,8.0,164.0,434.0,,,,24,581,49,90,1
43:04.2,,,74,,98.5,,,,,,,39,-2.0188234,43.289646000000005,170.59084,19.66326192214716,43:03.9,6,0.293,0101000020E6100000F05DBBDF8C2600C0B993582613A54540,20230420_DACIA_TOLOSA_ZARAUTZ_039,,d1,24:28.4,53:40.9,DACIA_SPRING,Dacia Spring 33 kW,33000,139,41:35.6,2.2,3.6,250,WSW,-3.5905698521736573,-164.14801652751945,630,103,8.0,164.0,434.0,,,,24,581,49,90,1
43:10.0,,,74,,98.5,,,,,,,39,-2.0200067,43.28931,171.77678,19.766072816105343,43:09.9,6,0.063,0101000020E61000006745D24FF92800C095250F2508A54540,20230420_DACIA_TOLOSA_ZARAUTZ_039,,d1,24:28.4,53:40.9,DACIA_SPRING,Dacia Spring 33 kW,33000,139,41:35.6,2.2,3.6,250,WSW,-3.573659633407501,-166.9352551888055,630,103,8.0,164.0,434.0,,,,24,581,49,80,1
43:15.6,,,74,,98.5,,,,,,,39,-2.0214503,43.288975,174.6047,19.88874320639379,43:15.9,6,-0.281,0101000020E61000000104051BEE2B00C0459F6B25FDA44540,20230420_DACIA_TOLOSA_ZARAUTZ_039,,d1,24:28.4,53:40.9,DACIA_SPRING,Dacia Spring 33 kW,33000,139,41:35.6,2.2,3.6,250,WSW,-3.581660925594685,-154.2142505419995,630,103,8.0,164.0,434.0,,,,24,581,49,80,1
43:21.2,,,74,,98.5,,,,,,,39,-2.0226405,43.2884,177.64604,20.00440444194641,43:20.9,6,0.239,0101000020E6100000C1622D285E2E00C087A1FF3FEAA44540,20230420_DACIA_TOLOSA_ZARAUTZ_039,,d1,24:28.4,53:40.9,DACIA_SPRING,Dacia Spring 33 kW,33000,139,41:35.6,2.2,3.6,250,WSW,-3.36052202536705,-138.98368454803267,630,103,8.0,164.0,434.0,,,,24,581,49,100,1
43:26.5,,,74,,98.5,,,,,,,39,-2.0238178,43.287376,180.60332,20.152910826421,43:26.9,6,-0.3979999999999999,0101000020E6100000FABECB62C73000C053A721CDC8A44540,20230420_DACIA_TOLOSA_ZARAUTZ_039,,d1,24:28.4,53:40.9,DACIA_SPRING,Dacia Spring 33 kW,33000,139,41:35.6,2.2,3.6,250,WSW,-3.4165225612610417,-141.628707380438,630,103,8.0,164.0,434.0,,,,24,581,49,8,1
43:32.2,,,74,,98.5,,,,,,,39,-2.0248585,43.286552,182.6059,20.27738909690931,43:32.0,6,0.1889999999999999,0101000020E61000002F49F702E93200C050C717B6ADA44540,20230420_DACIA_TOLOSA_ZARAUTZ_039,,d1,24:28.4,53:40.9,DACIA_SPRING,Dacia Spring 33 kW,33000,139,41:35.6,2.2,3.6,250,WSW,-3.5986014260666983,-158.40285937832417,630,103,8.0,164.0,434.0,,,,24,581,49,90,1
43:37.6,,,74,,98.5,,,,,,,39,-2.0264373,43.285927,185.6129,20.42288766536379,43:38.0,6,-0.447,0101000020E6100000F030CECB243600C04259AD4799A44540,20230420_DACIA_TOLOSA_ZARAUTZ_039,,d1,24:28.4,53:40.9,DACIA_SPRING,Dacia Spring 33 kW,33000,139,41:35.6,2.2,3.6,250,WSW,-3.52014930013149,-172.0901524164792,630,103,8.0,164.0,434.0,,,,24,581,49,8,1
43:43.1,,,73,,98.5,,,,,,,39,-2.0278912,43.285725,188.75125,20.54273685870901,43:43.0,6,0.073,0101000020E6100000F41988091F3900C0DF6267A692A44540,20230420_DACIA_TOLOSA_ZARAUTZ_039,,d1,24:28.4,53:40.9,DACIA_SPRING,Dacia Spring 33 kW,33000,139,41:35.6,2.2,3.6,250,WSW,-3.2364136725790567,174.0274283217956,630,103,8.0,164.0,434.0,,,,24,581,49,25,1
43:48.7,,,73,,98.5,,,,,,,39,-2.0296595,43.28591,191.71568,20.687370340757134,43:49.1,6,-0.369,0101000020E610000025AE6D26BE3C00C01835DDBB98A44540,20230420_DACIA_TOLOSA_ZARAUTZ_039,,d1,24:28.4,53:40.9,DACIA_SPRING,Dacia Spring 33 kW,33000,139,45:56.0,2.2,3.6,253,WSW,-3.1277978598382967,167.32327826274906,630,103,8.0,164.0,434.0,,,,24,581,49,8,1
43:54.3,,,73,,98.5,,,,,,,39,-2.0314467,43.286312,191.92778,20.838780811270066,43:54.2,6,0.172,0101000020E61000000B99D421674000C07F383BECA5A44540,20230420_DACIA_TOLOSA_ZARAUTZ_039,,d1,24:28.4,53:40.9,DACIA_SPRING,Dacia Spring 33 kW,33000,139,45:56.0,2.2,3.6,253,WSW,-2.930179372398036,161.48255915420197,630,103,8.0,164.0,434.0,,,,24,581,49,8,1
43:59.9,,,73,,98.5,,,,,,,39,-2.0331545,43.286884,191.54613,20.990945415944847,44:00.2,6,-0.3,0101000020E6100000110AC379E64300C027CFFDA9B8A44540,20230420_DACIA_TOLOSA_ZARAUTZ_039,,d1,24:28.4,53:40.9,DACIA_SPRING,Dacia Spring 33 kW,33000,139,45:56.0,2.2,3.6,253,WSW,-2.6891668493063063,155.33037899926347,630,103,8.0,164.0,434.0,,,,24,581,49,8,1
44:05.4,,,73,,98.5,,,,,,,39,-2.0344434,43.287476,192.59488,21.114307523139683,44:05.2,6,0.14,0101000020E61000009F913B4F8A4600C02CD88BF8CBA44540,20230420_DACIA_TOLOSA_ZARAUTZ_039,,d1,24:28.4,53:40.9,DACIA_SPRING,Dacia Spring 33 kW,33000,139,45:56.0,2.2,3.6,253,WSW,-2.4082520006658603,148.98676213280226,630,103,8.0,164.0,434.0,,,,24,581,49,120,1
44:11.0,,,73,,98.5,,,,,,,39,-2.035839,43.288315,193.25732,21.260813850746423,44:11.2,6,-0.239,0101000020E610000017BCC207664900C0045C238DE7A44540,20230420_DACIA_TOLOSA_ZARAUTZ_039,,d1,24:28.4,53:40.9,DACIA_SPRING,Dacia Spring 33 kW,33000,139,45:56.0,2.2,3.6,253,WSW,-1.5970112126840927,133.3347113672542,630,103,8.0,164.0,434.0,,,,24,581,49,90,1
44:16.5,,,73,,98.5,,,,,,,39,-2.036724,43.289253,193.31142,21.38734346135157,44:16.3,6,0.25,0101000020E61000008991E90A364B00C03F12013F06A54540,20230420_DACIA_TOLOSA_ZARAUTZ_039,,d1,24:28.4,53:40.9,DACIA_SPRING,Dacia Spring 33 kW,33000,139,45:56.0,2.2,3.6,253,WSW,-0.3251275800021087,112.18162646611889,630,103,8.0,164.0,434.0,,,,24,581,49,90,1
44:22.0,,,73,,98.5,,,,,,,39,-2.0372047,43.290432,193.5007,21.524093922051136,44:22.3,6,-0.289,0101000020E61000005A3C45F0314C00C0A21C43D92CA54540,20230420_DACIA_TOLOSA_ZARAUTZ_039,,d1,24:28.4,53:40.9,DACIA_SPRING,Dacia Spring 33 kW,33000,139,45:56.0,2.2,3.6,253,WSW,-0.9046112007500428,121.55332154764204,630,103,8.0,164.0,434.0,,,,24,581,49,120,1
44:27.6,,,73,,98.5,,,,,,,39,-2.0378065,43.291412,194.41003,21.643458714397045,44:27.3,6,0.218,0101000020E6100000C86FDD716D4D00C0D44F3EF14CA54540,20230420_DACIA_TOLOSA_ZARAUTZ_039,,d1,24:28.4,53:40.9,DACIA_SPRING,Dacia Spring 33 kW,33000,139,45:56.0,2.2,3.6,253,WSW,-2.238423547505724,145.44655228216556,630,103,8.0,164.0,434.0,,,,24,581,49,120,1
44:34.0,,,72,,98.5,,,,,,,39,-2.039186,43.292362,194.72522,21.797162032559424,44:33.7,6,0.3,0101000020E6100000FE2A5DC1405000C09D0D831E6CA54540,20230420_DACIA_TOLOSA_ZARAUTZ_039,,d1,24:28.4,53:40.9,DACIA_SPRING,Dacia Spring 33 kW,33000,139,45:56.0,2.2,3.6,253,WSW,-3.042178284599301,164.6772422988785,630,103,8.0,164.0,434.0,,,,24,581,49,90,1
44:39.6,,,72,,98.5,,,,,,,39,-2.0409415,43.292843,196.76607,21.948989728006577,44:39.5,6,0.111,0101000020E6100000D43F4711D95300C0AB038AE27BA54540,20230420_DACIA_TOLOSA_ZARAUTZ_039,,d1,24:28.4,53:40.9,DACIA_SPRING,Dacia Spring 33 kW,33000,139,45:56.0,2.2,3.6,253,WSW,-3.292725751243109,173.15551023706166,630,103,8.0,164.0,434.0,,,,24,581,49,120,2
44:45.2,,,72,,98.5,,,,,,,39,-2.042916,43.29308,202.36766,22.111049129018035,44:45.5,6,-0.25,0101000020E610000041656B62E45700C00FFFA29483A54540,20230420_DACIA_TOLOSA_ZARAUTZ_039,,d1,24:28.4,53:40.9,DACIA_SPRING,Dacia Spring 33 kW,33000,139,45:56.0,2.2,3.6,253,WSW,-3.148436833575624,167.9936282605686,630,103,8.0,164.0,434.0,,,,24,581,49,120,2
44:50.8,,,72,,98.5,,,,,,,39,-2.0445147,43.293420000000005,206.65599,22.245916134650848,44:50.5,6,0.309,0101000020E6100000DE2A898D2A5B00C05C5760C58EA54540,20230420_DACIA_TOLOSA_ZARAUTZ_039,,d1,24:28.4,53:40.9,DACIA_SPRING,Dacia Spring 33 kW,33000,139,45:56.0,2.2,3.6,253,WSW,-3.051933861092348,164.9687999031875,630,103,8.0,164.0,434.0,,,,24,581,49,120,2
44:56.6,,,72,,98.5,,,,,,,39,-2.0464437,43.293938,211.44685,22.412391367572376,44:56.5,6,0.032,0101000020E6100000D03EC8E01D5F00C027A478C89FA54540,20230420_DACIA_TOLOSA_ZARAUTZ_039,,d1,24:28.4,53:40.9,DACIA_SPRING,Dacia Spring 33 kW,33000,139,45:56.0,2.2,3.6,253,WSW,-3.463048790527021,-178.85461885395995,630,103,8.0,164.0,434.0,,,,24,581,49,25,2
45:02.1,,,72,,98.5,,,,,,,39,-2.0485444,43.293896,217.18614,22.582567701439903,45:02.6,6,-0.449,0101000020E6100000AF470A496B6300C0119CC5529EA54540,20230420_DACIA_TOLOSA_ZARAUTZ_039,,d1,24:28.4,53:40.9,DACIA_SPRING,Dacia Spring 33 kW,33000,139,45:56.0,2.2,3.6,253,WSW,-3.391990955054757,177.4277326517865,630,103,8.0,164.0,434.0,,,,24,581,49,25,2
45:07.6,,,72,,98.5,,,,,,,39,-2.0501916,43.29397,223.63698,22.716289453338305,45:07.6,6,-0.009,0101000020E6100000AD2B61D8CA6600C0371125B9A0A54540,20230420_DACIA_TOLOSA_ZARAUTZ_039,,d1,24:28.4,53:40.9,DACIA_SPRING,Dacia Spring 33 kW,33000,139,45:56.0,2.2,3.6,253,WSW,-2.916055721951904,161.09744371782978,630,103,8.0,164.0,434.0,,,,24,581,49,25,2
45:13.1,,,72,,98.5,,,,,,,39,-2.0517569,43.294506,228.69946,22.856384116726364,45:12.6,6,0.52,0101000020E61000008CDFAF76FF6900C08F6D7263B2A54540,20230420_DACIA_TOLOSA_ZARAUTZ_039,,d1,24:28.4,53:40.9,DACIA_SPRING,Dacia Spring 33 kW,33000,139,45:56.0,2.2,3.6,253,WSW,-2.914616637011326,161.05840441862625,630,103,8.0,164.0,434.0,,,,24,581,49,25,2
45:18.7,,,72,,98.5,,,,,,,39,-2.0535023,43.295105,234.47842000000003,23.012664399351774,45:18.7,6,0.031,0101000020E6100000BB0D4CA3926D00C07514FD0FC6A54540,20230420_DACIA_TOLOSA_ZARAUTZ_039,,d1,24:28.4,53:40.9,DACIA_SPRING,Dacia Spring 33 kW,33000,139,45:56.0,2.2,3.6,253,WSW,-3.4384330674157084,179.76939992895092,630,103,8.0,164.0,434.0,,,,24,581,49,8,3
45:24.3,,,72,,98.5,,,,,,,39,-2.0554900000000003,43.295113,240.78117000000003,23.173657122990793,45:24.7,6,-0.37,0101000020E6100000442272BEA47100C0C5851348C6A54540,20230420_DACIA_TOLOSA_ZARAUTZ_039,,d1,24:28.4,53:40.9,DACIA_SPRING,Dacia Spring 33 kW,33000,139,45:56.0,2.2,3.6,253,WSW,-3.4445013460639955,-179.90150861264854,630,103,8.0,164.0,434.0,,,,24,581,49,8,3
45:29.9,,,71,,98.5,,,,,,,39,-2.0572352,43.29511,247.32164,23.315049904230044,45:29.8,6,0.133,0101000020E61000003055F8BB377500C092F4F22CC6A54540,20230420_DACIA_TOLOSA_ZARAUTZ_039,,d1,24:28.4,53:40.9,DACIA_SPRING,Dacia Spring 33 kW,33000,139,45:56.0,2.2,3.6,253,WSW,-3.342851641517155,175.21297479924328,630,103,8.0,164.0,434.0,,,,24,581,49,8,3
45:35.6,,,71,,98.5,,,,,,,39,-2.0593846,43.29529,254.70164,23.490306191310665,45:35.8,6,-0.173,0101000020E6100000C53A319E9E7900C009E0AB12CCA54540,20230420_DACIA_TOLOSA_ZARAUTZ_039,,d1,24:28.4,53:40.9,DACIA_SPRING,Dacia Spring 33 kW,33000,139,45:56.0,2.2,3.6,253,WSW,-3.524806167100675,-174.73103511832738,630,103,8.0,164.0,434.0,,,,24,581,49,25,3
45:41.2,,,71,,98.5,,,,,,,39,-2.061228,43.29512,259.6478,23.640768561452166,45:40.8,6,0.392,0101000020E61000009C902F1E657D00C0767A458CC6A54540,20230420_DACIA_TOLOSA_ZARAUTZ_039,,d1,24:28.4,53:40.9,DACIA_SPRING,Dacia Spring 33 kW,33000,139,45:56.0,2.2,3.6,253,WSW,-3.5999543501600337,-162.7114597069968,630,103,8.0,164.0,434.0,,,,24,581,49,25,3
45:46.8,,,70,,98.5,,,,,,,39,-2.063371,43.294453,265.49057,23.82948808507588,45:46.9,6,-0.05,0101000020E61000009232A596C88100C0AC8F6FACB0A54540,20230420_DACIA_TOLOSA_ZARAUTZ_039,,d1,24:28.4,53:40.9,DACIA_SPRING,Dacia Spring 33 kW,33000,139,45:56.0,2.2,3.6,253,WSW,-3.50694936208174,-149.94472661903254,630,103,8.0,164.0,434.0,,,,24,581,49,25,3
45:52.4,,,70,,98.5,,,,,,,39,-2.0653567,43.293304,270.5004,24.034855100404275,45:52.9,6,-0.479,0101000020E6100000A078C2B8D98500C07826DDFC8AA54540,20230420_DACIA_TOLOSA_ZARAUTZ_039,,d1,24:28.4,53:40.9,DACIA_SPRING,Dacia Spring 33 kW,33000,139,45:56.0,2.2,3.6,253,WSW,-3.564700556141987,-154.9698100134426,630,103,8.0,164.0,434.0,,,,24,581,49,8,3
45:58.0,,,70,,98.5,,,,,,,39,-2.0670314,43.292522,271.76913,24.19589501047323,45:57.9,6,0.071,0101000020E6100000A47BBCB6478900C04275255871A54540,20230420_DACIA_TOLOSA_ZARAUTZ_039,,d1,24:28.4,53:40.9,DACIA_SPRING,Dacia Spring 33 kW,33000,139,45:56.0,2.2,3.6,253,WSW,-3.5999263704106426,-163.36644880454716,630,103,8.0,164.0,434.0,,,,24,581,49,8,4
46:03.6,,,70,,98.5,,,,,,,39,-2.0692406,43.291862,273.37427,24.389178499637588,46:03.9,6,-0.36,0101000020E61000005548F304CE8D00C05FE756B45BA54540,20230420_DACIA_TOLOSA_ZARAUTZ_039,,d1,24:28.4,53:40.9,DACIA_SPRING,Dacia Spring 33 kW,33000,139,45:56.0,2.2,3.6,253,WSW,-3.5864316325194303,-167.97607224713713,630,103,8.0,164.0,434.0,,,,24,581,49,8,4
46:09.1,,,70,,98.5,,,,,,,39,-2.0712078000000003,43.291443,274.3959,24.55507522985055,46:09.0,6,0.122,0101000020E610000058732466D59100C0A4D7420B4EA54540,20230420_DACIA_TOLOSA_ZARAUTZ_039,,d1,24:28.4,53:40.9,DACIA_SPRING,Dacia Spring 33 kW,33000,139,45:56.0,2.2,3.6,253,WSW,-3.5854345639984766,-168.15578336843774,630,103,8.0,164.0,434.0,,,,24,581,49,8,4
46:14.7,,,70,,98.5,,,,,,,39,-2.0734823,43.290966,271.66284,24.746673069397392,46:15.0,6,-0.2789999999999999,0101000020E6100000C37F19DA7D9600C0023262633EA54540,20230420_DACIA_TOLOSA_ZARAUTZ_039,,d1,24:28.4,53:40.9,DACIA_SPRING,Dacia Spring 33 kW,33000,139,45:56.0,2.2,3.6,253,WSW,-3.5968999610523653,-160.6220587265883,630,103,8.0,164.0,434.0,,,,24,581,49,25,4
46:20.3,,,70,,98.5,,,,,,,39,-2.0751626,43.290375,267.5802,24.897772004173554,46:20.1,6,0.21,0101000020E6100000A7FD20D3EE9900C01FC158FF2AA54540,20230420_DACIA_TOLOSA_ZARAUTZ_039,,d1,24:28.4,53:40.9,DACIA_SPRING,Dacia Spring 33 kW,33000,139,46:35.6,3.8,6.1,110,ESE,4.373873896645689,-155.80969032970128,630,103,8.0,164.0,434.0,,,,24,581,49,25,4
46:25.8,,,70,,98.5,,,,,,,39,-2.0770214,43.28954,263.16336,25.074618503435474,46:26.1,6,-0.25,0101000020E61000001C2E025EBD9D00C01B336A9B0FA54540,20230420_DACIA_TOLOSA_ZARAUTZ_039,,d1,24:28.4,53:40.9,DACIA_SPRING,Dacia Spring 33 kW,33000,139,46:35.6,3.8,6.1,110,ESE,4.583639280982838,-158.71320942476908,630,103,8.0,164.0,434.0,,,,24,581,49,25,4
46:31.5,,,70,,98.5,,,,,,,39,-2.0786974,43.288887,261.52698,25.22849141300381,46:31.1,6,0.423,0101000020E6100000A687C8282CA100C01323C648FAA44540,20230420_DACIA_TOLOSA_ZARAUTZ_039,,d1,24:28.4,53:40.9,DACIA_SPRING,Dacia Spring 33 kW,33000,139,46:35.6,3.8,6.1,110,ESE,4.970645800204467,-164.573518121392,630,103,8.0,164.0,434.0,,,,24,581,49,25,4
46:37.1,,,70,,98.5,,,,,,,39,-2.081332,43.28816,259.82715,25.456550428602174,46:37.2,6,-0.0279999999999999,0101000020E6100000B82E816C91A600C0F71E4A65E2A44540,20230420_DACIA_TOLOSA_ZARAUTZ_039,,d1,24:28.4,53:40.9,DACIA_SPRING,Dacia Spring 33 kW,33000,139,46:35.6,3.8,6.1,110,ESE,5.257944314173119,-169.53715251844224,630,103,8.0,164.0,434.0,,,,24,581,49,25,5
46:42.8,,,70,,98.5,,,,,,,39,-2.0837688,43.28771,256.68253,25.6600591851298,46:43.2,6,-0.4,0101000020E6100000194C11068FAB00C08AB7AAA4D3A44540,20230420_DACIA_TOLOSA_ZARAUTZ_039,,d1,24:28.4,53:40.9,DACIA_SPRING,Dacia Spring 33 kW,33000,139,46:35.6,3.8,6.1,110,ESE,5.180843664730596,-168.13763737931654,630,103,8.0,164.0,434.0,,,,24,581,49,25,5
46:48.6,,,70,,98.5,,,,,,,39,-2.0857017,43.287304,252.31763,25.822952301013693,46:48.3,6,0.3329999999999999,0101000020E6100000DFC5686084AF00C0FBDAEC64C6A44540,20230420_DACIA_TOLOSA_ZARAUTZ_039,,d1,24:28.4,53:40.9,DACIA_SPRING,Dacia Spring 33 kW,33000,139,46:35.6,3.8,6.1,110,ESE,5.050294270797129,-165.88536391549158,630,103,8.0,164.0,434.0,,,,24,581,49,25,5
46:54.5,,,70,,98.5,,,,,,,39,-2.087885,43.286755,240.14227,26.010315511629702,46:54.3,6,0.1889999999999999,0101000020E6100000C5A6F802FDB300C0DACFAA6AB4A44540,20230420_DACIA_TOLOSA_ZARAUTZ_039,,d1,24:28.4,53:40.9,DACIA_SPRING,Dacia Spring 33 kW,33000,139,46:35.6,3.8,6.1,110,ESE,5.649127774637512,-177.8327674411552,630,103,8.0,164.0,434.0,,,,24,581,49,25,5
47:00.0,,,70,,98.5,,,,,,,39,-2.0900254,43.286674,226.15273,26.18436155299056,47:00.4,6,-0.401,0101000020E6100000F7CE39405FB800C0A0EB9CBEB1A44540,20230420_DACIA_TOLOSA_ZARAUTZ_039,,d1,24:28.4,53:40.9,DACIA_SPRING,Dacia Spring 33 kW,33000,139,46:35.6,3.8,6.1,110,ESE,5.987594820197803,171.016281824962,630,103,8.0,164.0,434.0,,,,24,581,49,25,5
47:05.5,,,70,,98.5,,,,,,,39,-2.09167,43.286934,210.24408,26.321508162778304,47:05.4,6,0.122,0101000020E6100000A89FD389BDBB00C06DB32437BAA44540,20230420_DACIA_TOLOSA_ZARAUTZ_039,,d1,24:28.4,53:40.9,DACIA_SPRING,Dacia Spring 33 kW,33000,139,46:35.6,3.8,6.1,110,ESE,5.646075868527726,-177.75691677994172,630,103,8.0,164.0,434.0,,,,24,581,49,8,6
47:11.0,,,70,,98.5,,,,,,,39,-2.0936103,43.286858,197.08856,26.479336510371077,47:11.4,6,-0.4589999999999999,0101000020E6100000AC34FAC6B6BF00C0980226B9B7A44540,20230420_DACIA_TOLOSA_ZARAUTZ_039,,d1,24:28.4,53:40.9,DACIA_SPRING,Dacia Spring 33 kW,33000,139,46:35.6,3.8,6.1,110,ESE,4.824593144365162,-162.27128079566293,630,103,8.0,164.0,434.0,,,,24,581,49,8,6
47:16.8,,,70,,98.5,,,,,,,39,-2.0951743,43.286358,187.96364,26.617901964499094,47:16.5,6,0.31,0101000020E6100000A0015ABCEAC200C0DCF3BA62A7A44540,20230420_DACIA_TOLOSA_ZARAUTZ_039,,d1,24:28.4,53:40.9,DACIA_SPRING,Dacia Spring 33 kW,33000,139,46:35.6,3.8,6.1,110,ESE,4.125805120793302,-152.5599675743209,630,103,8.0,164.0,434.0,,,,24,581,49,25,6
47:22.3,,,70,,98.5,,,,,,,39,-2.0968845000000003,43.28547,177.29803,26.788272886501876,47:22.5,6,-0.18,0101000020E610000034DEF9646BC600C0E46C35438AA44540,20230420_DACIA_TOLOSA_ZARAUTZ_039,,d1,24:28.4,53:40.9,DACIA_SPRING,Dacia Spring 33 kW,33000,139,46:35.6,3.8,6.1,110,ESE,4.915406450144202,-163.68800604381528,630,103,8.0,164.0,434.0,,,,24,581,49,25,6
47:27.9,,,70,,98.5,,,,,,,39,-2.0986853,43.284943,170.73259,26.945512622173176,47:27.5,6,0.3879999999999999,0101000020E6100000C149D1871BCA00C05125ADF078A44540,20230420_DACIA_TOLOSA_ZARAUTZ_039,,d1,24:28.4,53:40.9,DACIA_SPRING,Dacia Spring 33 kW,33000,139,46:35.6,3.8,6.1,110,ESE,4.89734836330413,-163.40254846869337,630,103,8.0,164.0,434.0,,,,24,581,49,8,6
47:33.4,,,70,,98.5,,,,,,,39,-2.1010103,43.28425,164.4815,27.148970977622497,47:33.5,6,-0.149,0101000020E61000003F29848FDECE00C092423A4862A44540,20230420_DACIA_TOLOSA_ZARAUTZ_039,,d1,24:28.4,53:40.9,DACIA_SPRING,Dacia Spring 33 kW,33000,139,46:35.6,3.8,6.1,110,ESE,4.700882001818376,-160.41107089600584,630,103,8.0,164.0,434.0,,,,24,581,49,8,6
47:38.9,,,70,,98.5,,,,,,,39,-2.1029127,43.283573,156.49556,27.3205639871881,47:38.6,6,0.382,0101000020E61000003CDBDCEFC3D200C0B09441244CA44540,20230420_DACIA_TOLOSA_ZARAUTZ_039,,d1,24:28.4,53:40.9,DACIA_SPRING,Dacia Spring 33 kW,33000,139,46:35.6,3.8,6.1,110,ESE,5.13683263805788,-167.36293761470432,630,103,8.0,164.0,434.0,,,,24,581,49,45,6
47:44.6,,,70,,98.5,,,,,,,39,-2.1052766,43.283043,147.22388999999998,27.520998570161744,47:44.6,6,0.05,0101000020E6100000056011489BD700C0FDA8B6B33AA44540,20230420_DACIA_TOLOSA_ZARAUTZ_039,,d1,24:28.4,53:40.9,DACIA_SPRING,Dacia Spring 33 kW,33000,139,46:35.6,3.8,6.1,110,ESE,4.954088775494976,-164.30610509144518,630,103,8.0,164.0,434.0,,,,24,581,49,45,7
47:50.2,,,70,,98.5,,,,,,,39,-2.1074939,43.28242,139.82791,27.713530565792865,47:50.6,6,-0.427,0101000020E61000001EE9E4B125DC00C0989F1A5126A44540,20230420_DACIA_TOLOSA_ZARAUTZ_039,,d1,24:28.4,53:40.9,DACIA_SPRING,Dacia Spring 33 kW,33000,139,46:35.6,3.8,6.1,110,ESE,4.889427944475834,-163.27794740339104,630,103,8.0,164.0,434.0,,,,24,581,49,45,7
47:55.8,,,70,,98.5,,,,,,,39,-2.1092913,43.28188,135.02911,27.871003529200667,47:55.7,6,0.09,0101000020E6100000C1B72817D4DF00C0DA74EEAB14A44540,20230420_DACIA_TOLOSA_ZARAUTZ_039,,d1,24:28.4,53:40.9,DACIA_SPRING,Dacia Spring 33 kW,33000,139,46:35.6,3.8,6.1,110,ESE,5.20907887181569,-168.64363706105914,630,103,8.0,164.0,434.0,,,,24,581,49,45,7
48:01.3,,,70,,98.5,,,,,,,39,-2.1112132000000003,43.281494,129.45987,28.03248761481164,48:00.7,6,0.509,0101000020E610000064A308C9C3E300C033FA5CFC07A44540,20230420_DACIA_TOLOSA_ZARAUTZ_039,,d1,24:28.4,53:40.9,DACIA_SPRING,Dacia Spring 33 kW,33000,139,46:35.6,3.8,6.1,110,ESE,5.4888398362718105,-174.13307875926543,630,103,8.0,164.0,434.0,,,,24,581,49,45,7
48:07.2,,,70,,98.5,,,,,,,39,-2.1136656000000005,43.281242,124.77647,28.23303053407039,48:06.7,6,0.481,0101000020E610000033F9EA81C9E800C04DC82DBBFFA34540,20230420_DACIA_TOLOSA_ZARAUTZ_039,,d1,24:28.4,53:40.9,DACIA_SPRING,Dacia Spring 33 kW,33000,139,46:35.6,3.8,6.1,110,ESE,5.909710771505353,174.34879104853349,630,103,8.0,164.0,434.0,,,,24,581,49,85,7
48:12.8,,,70,,98.5,,,,,,,39,-2.1159394,43.281467,121.252884,28.418819381698388,48:12.8,6,0.01,0101000020E610000045173AA271ED00C04F1AE22107A44540,20230420_DACIA_TOLOSA_ZARAUTZ_039,,d1,24:28.4,53:40.9,DACIA_SPRING,Dacia Spring 33 kW,33000,139,46:35.6,3.8,6.1,110,ESE,6.098888622799613,161.09372980789203,109,60,,,,17.0,87.0,5.0,0,98,11,25,7
48:18.4,,,70,,98.5,,,,,,,39,-2.1180124,43.282177,113.99875,28.604412040903412,48:18.8,6,-0.392,0101000020E61000001B62A877B0F100C0EDF3915E1EA44540,20230420_DACIA_TOLOSA_ZARAUTZ_039,,d1,24:28.4,53:40.9,DACIA_SPRING,Dacia Spring 33 kW,33000,139,46:35.6,3.8,6.1,110,ESE,5.999221409252094,170.42933434615034,630,103,8.0,164.0,434.0,,,,24,581,49,8,8
48:23.9,,,70,,98.5,,,,,,,39,-2.1198213,43.282482,108.44049,28.75481810589784,48:23.8,6,0.103,0101000020E61000003F28BFE864F500C06E8FC76328A44540,20230420_DACIA_TOLOSA_ZARAUTZ_039,,d1,24:28.4,53:40.9,DACIA_SPRING,Dacia Spring 33 kW,33000,139,46:35.6,3.8,6.1,110,ESE,5.564840625734724,-175.82081192321405,630,103,8.0,164.0,434.0,,,,24,581,49,120,8
48:29.6,,,70,,98.5,,,,,,,39,-2.1221752,43.28231,99.179726,28.946542987724357,48:29.9,6,-0.26,0101000020E61000009F43550F37FA00C09F8D7BC922A44540,20230420_DACIA_TOLOSA_ZARAUTZ_039,,d1,24:28.4,53:40.9,DACIA_SPRING,Dacia Spring 33 kW,33000,139,46:35.6,3.8,6.1,110,ESE,5.655700541948553,-177.99696701771072,630,103,8.0,164.0,434.0,,,,24,581,49,8,8
48:35.2,,,70,,98.5,,,,,,,39,-2.1241767000000005,43.28224,92.44825,29.108887342706023,48:34.9,6,0.253,0101000020E6100000A11CB86D50FE00C07E0F2B8220A44540,20230420_DACIA_TOLOSA_ZARAUTZ_039,,d1,24:28.4,53:40.9,DACIA_SPRING,Dacia Spring 33 kW,33000,139,46:35.6,3.8,6.1,110,ESE,5.9299641388937125,173.55991574020075,630,103,8.0,164.0,434.0,,,,24,581,49,10,8
48:40.7,,,70,,98.5,,,,,,,39,-2.1265244,43.282505,85.755936,29.301316483089803,48:40.9,6,-0.2289999999999999,0101000020E61000008F0E7C4D1F0301C0A5FF371C29A44540,20230420_DACIA_TOLOSA_ZARAUTZ_039,,d1,24:28.4,53:40.9,DACIA_SPRING,Dacia Spring 33 kW,33000,139,46:35.6,3.8,6.1,110,ESE,5.960312188339639,172.28525673688557,630,103,8.0,164.0,434.0,,,,24,581,49,120,8
48:46.2,,,70,,98.5,,,,,,,39,-2.1284363,43.282764,79.32216,29.458868694328814,48:46.0,6,0.2319999999999999,0101000020E61000006A03B692090701C0B65F82A431A44540,20230420_DACIA_TOLOSA_ZARAUTZ_039,,d1,24:28.4,53:40.9,DACIA_SPRING,Dacia Spring 33 kW,33000,139,50:56.0,4.3,6.8,170,S,2.009759976832014,172.8093031055016,109,60,,,,17.0,87.0,5.0,0,98,11,8,8
48:51.9,,,70,,98.5,,,,,,,39,-2.1306477000000004,43.283043,72.96330999999999,29.640655416002485,48:52.0,6,-0.089,0101000020E6100000E65346F8900B01C004241AC13AA44540,20230420_DACIA_TOLOSA_ZARAUTZ_039,,d1,24:28.4,53:40.9,DACIA_SPRING,Dacia Spring 33 kW,33000,139,50:56.0,4.3,6.8,170,S,1.8962378004187272,173.80791175720051,630,103,8.0,164.0,434.0,,,,24,581,49,25,9
48:57.5,,,70,,98.5,,,,,,,39,-2.1324358,43.283237,70.04288000000001,29.78702468836691,48:57.0,6,0.47,0101000020E6100000070858803A0F01C09840C02841A44540,20230420_DACIA_TOLOSA_ZARAUTZ_039,,d1,24:28.4,53:40.9,DACIA_SPRING,Dacia Spring 33 kW,33000,139,50:56.0,4.3,6.8,170,S,1.7479466163518813,175.10485100702545,630,103,8.0,164.0,434.0,,,,24,581,49,8,9
49:02.9,,,69,,98.5,,,,,,,39,-2.1345375,43.283417,68.49441999999999,29.958330959716385,49:03.1,6,-0.129,0101000020E6100000383C2E51881301C06B80100947A44540,20230420_DACIA_TOLOSA_ZARAUTZ_039,,d1,24:28.4,53:40.9,DACIA_SPRING,Dacia Spring 33 kW,33000,139,50:56.0,4.3,6.8,170,S,1.0370273983049545,-178.77206670592034,34,60,,,,6.0,26.0,2.0,0,30,4,120,8
49:08.5,,,69,,98.5,,,,,,,39,-2.1367302,43.28337,66.01955,30.13591704208688,49:08.2,6,0.3779999999999999,0101000020E61000007221B706061801C0B1AFFF7845A44540,20230420_DACIA_TOLOSA_ZARAUTZ_039,,d1,24:28.4,53:40.9,DACIA_SPRING,Dacia Spring 33 kW,33000,139,50:56.0,4.3,6.8,170,S,1.4146433343204374,177.99273101750413,34,60,,,,6.0,26.0,2.0,0,30,4,8,8
49:14.0,,,69,,98.5,,,,,,,39,-2.1389272,43.283447,68.47835500000001,30.313979946011738,49:14.2,6,-0.177,0101000020E610000086E0EEDD851C01C0E7DC880748A44540,20230420_DACIA_TOLOSA_ZARAUTZ_039,,d1,24:28.4,53:40.9,DACIA_SPRING,Dacia Spring 33 kW,33000,139,50:56.0,4.3,6.8,170,S,2.070640256402384,172.27155864858346,34,60,,,,6.0,26.0,2.0,0,30,4,8,8
49:19.5,,,69,,98.5,,,,,,,39,-2.1405704,43.28367,70.80668,30.449302881736745,49:19.2,6,0.2689999999999999,0101000020E61000009521A46BE31F01C0019114324FA44540,20230420_DACIA_TOLOSA_ZARAUTZ_039,,d1,24:28.4,53:40.9,DACIA_SPRING,Dacia Spring 33 kW,33000,139,50:56.0,4.3,6.8,170,S,0.6300208982785618,-175.3160857088607,34,60,,,,6.0,26.0,2.0,0,30,4,8,8
49:25.1,,,69,,98.5,,,,,,,39,-2.14245,43.283516,70.52821,30.602410739212583,49:25.3,6,-0.2,0101000020E6100000FA99BAD8BC2301C09288BA474AA44540,20230420_DACIA_TOLOSA_ZARAUTZ_039,,d1,24:28.4,53:40.9,DACIA_SPRING,Dacia Spring 33 kW,33000,139,50:56.0,4.3,6.8,170,S,-0.9981850513876432,-161.5589409307125,34,60,,,,6.0,26.0,2.0,0,30,4,8,8
49:30.6,,,69,,98.5,,,,,,,39,-2.1438565,43.283047,69.54581999999999,30.727641977408656,49:30.3,6,0.311,0101000020E610000059FD72349E2601C03D0C67D03AA44540,20230420_DACIA_TOLOSA_ZARAUTZ_039,,d1,24:28.4,53:40.9,DACIA_SPRING,Dacia Spring 33 kW,33000,139,50:56.0,4.3,6.8,170,S,-2.67963488931697,-146.79239192956726,34,60,,,,6.0,26.0,2.0,0,30,4,8,8
49:36.2,,,69,,98.5,,,,,,,39,-2.145262,43.282127,71.51966999999999,30.880655543023583,49:36.4,6,-0.218,0101000020E61000001CC9702B7F2901C04A8EB8BF1CA44540,20230420_DACIA_TOLOSA_ZARAUTZ_039,,d1,24:28.4,53:40.9,DACIA_SPRING,Dacia Spring 33 kW,33000,139,50:56.0,4.3,6.8,170,S,-4.181511566606801,-132.05329870735156,34,60,,,,6.0,26.0,2.0,0,30,4,85,8
49:41.8,,,69,,98.5,,,,,,,39,-2.1461253,43.28117,74.1631,31.007991748041164,49:41.4,6,0.337,0101000020E610000084E1EAB7432B01C050EFB26FFDA34540,20230420_DACIA_TOLOSA_ZARAUTZ_039,,d1,24:28.4,53:40.9,DACIA_SPRING,Dacia Spring 33 kW,33000,139,50:56.0,4.3,6.8,170,S,-3.312811656856862,-140.84472001838705,34,60,,,,6.0,26.0,2.0,0,30,4,85,8
49:47.3,,,69,,98.5,,,,,,,39,-2.1474025,43.28013,75.10772,31.16311618200675,49:47.4,6,-0.109,0101000020E6100000A0A8FF68E12D01C0E86D0140DBA34540,20230420_DACIA_TOLOSA_ZARAUTZ_039,,d1,24:28.4,53:40.9,DACIA_SPRING,Dacia Spring 33 kW,33000,139,50:56.0,4.3,6.8,170,S,-1.7700289765660189,-154.91223237557375,34,60,,,,6.0,26.0,2.0,0,30,4,120,8
49:52.8,,,69,,98.5,,,,,,,39,-2.1488400000000003,43.279457,73.04066,31.301484884727284,49:52.5,6,0.3389999999999999,0101000020E6100000B77D5EFED23001C0694C653DC5A34540,20230420_DACIA_TOLOSA_ZARAUTZ_039,,d1,24:28.4,53:40.9,DACIA_SPRING,Dacia Spring 33 kW,33000,139,50:56.0,4.3,6.8,170,S,-0.2174206528439132,-168.1677339258418,34,60,,,,6.0,26.0,2.0,0,30,4,25,8
49:58.3,,,69,,98.5,,,,,,,39,-2.150735,43.27906,72.85755,31.46111476643251,49:58.5,6,-0.211,0101000020E6100000AD5B097CB43401C02EE0614DB8A34540,20230420_DACIA_TOLOSA_ZARAUTZ_039,,d1,24:28.4,53:40.9,DACIA_SPRING,Dacia Spring 33 kW,33000,139,50:56.0,4.3,6.8,170,S,0.9898759170708792,-178.37028730611448,34,60,,,,6.0,26.0,2.0,0,30,4,45,7
50:03.7,,,69,,98.5,,,,,,,39,-2.1521409,43.27902,73.991875,31.57501845501917,50:03.6,6,0.12,0101000020E6100000E9026593953701C0193CBCE8B6A34540,20230420_DACIA_TOLOSA_ZARAUTZ_039,,d1,24:28.4,53:40.9,DACIA_SPRING,Dacia Spring 33 kW,33000,139,50:56.0,4.3,6.8,170,S,1.4405240350435065,177.7696934646207,34,60,,,,6.0,26.0,2.0,0,30,4,25,7
50:09.2,,,69,,98.5,,,,,,,39,-2.1536815,43.27908,75.5272,31.69992166411949,50:09.6,6,-0.349,0101000020E6100000360FA56BBD3A01C09FB0C7D2B8A34540,20230420_DACIA_TOLOSA_ZARAUTZ_039,,d1,24:28.4,53:40.9,DACIA_SPRING,Dacia Spring 33 kW,33000,139,50:56.0,4.3,6.8,170,S,2.1111321864561976,171.91300848672003,34,60,,,,6.0,26.0,2.0,0,30,4,90,7
50:14.7,,,69,,98.5,,,,,,,39,-2.1547794,43.279236,74.947464,31.790478075614395,50:14.6,6,0.062,0101000020E61000004B501CF6FC3C01C0CC2B2EFEBDA34540,20230420_DACIA_TOLOSA_ZARAUTZ_039,,d1,24:28.4,53:40.9,DACIA_SPRING,Dacia Spring 33 kW,33000,139,50:56.0,4.3,6.8,170,S,2.6317340787921157,167.23081584277617,34,60,,,,6.0,26.0,2.0,0,30,4,45,7
50:20.3,,,69,,98.5,,,,,,,39,-2.1559443,43.2795,72.79613,31.889266069203412,50:20.6,6,-0.357,0101000020E610000005D482C45F3F01C06E229A96C6A34540,20230420_DACIA_TOLOSA_ZARAUTZ_039,,d1,24:28.4,53:40.9,DACIA_SPRING,Dacia Spring 33 kW,33000,139,50:56.0,4.3,6.8,170,S,4.198413837278217,151.87247859710308,34,60,,,,6.0,26.0,2.0,0,30,4,80,7
50:25.8,,,69,,98.5,,,,,,,39,-2.156614,43.279858,69.696945,31.956596232199534,50:25.7,6,0.14,0101000020E61000004239A6E7BE4001C08CAE9E6ED2A34540,20230420_DACIA_TOLOSA_ZARAUTZ_039,,d1,24:28.4,53:40.9,DACIA_SPRING,Dacia Spring 33 kW,33000,139,50:56.0,4.3,6.8,170,S,6.756503884683293,93.5160422223032,34,60,,,,6.0,26.0,2.0,0,30,4,45,7
50:31.5,,,69,,98.5,,,,,,,39,-2.1566489,43.280426,66.798225,32.019884524875835,50:31.7,6,-0.239,0101000020E61000005719CB18D14001C0104CACF2E4A34540,20230420_DACIA_TOLOSA_ZARAUTZ_039,,d1,24:28.4,53:40.9,DACIA_SPRING,Dacia Spring 33 kW,33000,139,50:56.0,4.3,6.8,170,S,6.256970420417421,76.94695392043806,34,60,,,,6.0,26.0,2.0,0,30,4,8,7
50:37.1,,,69,,98.5,,,,,,,39,-2.1566074,43.280605,66.35628,32.0400747730523,50:36.7,6,0.34,0101000020E610000058B84563BB4001C09A1868E7EAA34540,20230420_DACIA_TOLOSA_ZARAUTZ_039,,d1,24:28.4,53:40.9,DACIA_SPRING,Dacia Spring 33 kW,33000,139,50:56.0,4.3,6.8,170,S,5.969392509780715,71.38430798730104,34,60,,,,6.0,26.0,2.0,0,30,4,8,7
50:42.7,,,69,,98.5,,,,,,,39,-2.156601,43.280624,65.51902,32.042405637829695,50:42.8,6,-0.119,0101000020E6100000A710C2FEB74001C099467E74EBA34540,20230420_DACIA_TOLOSA_ZARAUTZ_039,,d1,24:28.4,53:40.9,DACIA_SPRING,Dacia Spring 33 kW,33000,139,50:56.0,4.3,6.8,170,S,-1.180807608135126,0.0,34,60,,,,6.0,26.0,2.0,0,30,4,8,7
50:48.2,,,69,,98.5,,,,,,,39,-2.156601,43.280624,65.51902,32.042405637829695,50:47.8,6,0.381,0101000020E6100000A710C2FEB74001C099467E74EBA34540,20230420_DACIA_TOLOSA_ZARAUTZ_039,,d1,24:28.4,53:40.9,DACIA_SPRING,Dacia Spring 33 kW,33000,139,50:56.0,4.3,6.8,170,S,-1.180807608135126,0.0,34,60,,,,6.0,26.0,2.0,0,30,4,8,7
50:53.8,,,69,,98.5,,,,,,,39,-2.156601,43.280624,65.51902,32.042405637829695,50:53.8,6,-0.067,0101000020E6100000A710C2FEB74001C099467E74EBA34540,20230420_DACIA_TOLOSA_ZARAUTZ_039,,d1,24:28.4,53:40.9,DACIA_SPRING,Dacia Spring 33 kW,33000,139,50:56.0,4.3,6.8,170,S,-1.180807608135126,0.0,34,60,,,,6.0,26.0,2.0,0,30,4,8,7
50:59.3,,,69,,98.5,,,,,,,39,-2.156601,43.280624,65.51902,32.042405637829695,50:58.9,6,0.451,0101000020E6100000A710C2FEB74001C099467E74EBA34540,20230420_DACIA_TOLOSA_ZARAUTZ_039,,d1,24:28.4,53:40.9,DACIA_SPRING,Dacia Spring 33 kW,33000,139,50:56.0,4.3,6.8,170,S,6.732313838091535,91.90915243287536,34,60,,,,6.0,26.0,2.0,0,30,4,8,7
51:04.7,,,69,,98.5,,,,,,,39,-2.1566024,43.280666,64.61791,32.04716331466809,51:04.9,6,-0.159,0101000020E61000006A1452B7B84001C0287CCEECECA34540,20230420_DACIA_TOLOSA_ZARAUTZ_039,,d1,24:28.4,53:40.9,DACIA_SPRING,Dacia Spring 33 kW,33000,139,50:56.0,4.3,6.8,170,S,-1.180807608135126,0.0,34,60,,,,6.0,26.0,2.0,0,30,4,8,7
51:10.3,,,69,,98.5,,,,,,,39,-2.1566024,43.280666,64.61791,32.04716331466809,51:10.0,6,0.392,0101000020E61000006A1452B7B84001C0287CCEECECA34540,20230420_DACIA_TOLOSA_ZARAUTZ_039,,d1,24:28.4,53:40.9,DACIA_SPRING,Dacia Spring 33 kW,33000,139,50:56.0,4.3,6.8,170,S,6.560485735682851,84.74781973840724,34,60,,,,6.0,26.0,2.0,0,30,4,8,7
51:15.9,,,69,,98.5,,,,,,,39,-2.1565876,43.280827,65.02936,32.06511045850707,51:15.9,6,-0.09,0101000020E6100000B13A98F5B04001C0C7E60C2FF2A34540,20230420_DACIA_TOLOSA_ZARAUTZ_039,,d1,24:28.4,53:40.9,DACIA_SPRING,Dacia Spring 33 kW,33000,139,51:35.7,4.3,6.8,170,S,6.708750608614941,90.6030911944278,34,60,,,,6.0,26.0,2.0,0,30,4,8,7
51:21.4,,,69,,98.5,,,,,,,39,-2.156591,43.28115,64.5136,32.101031177268226,51:21.0,6,0.42,0101000020E61000002B7ED3BCB24001C0468E20CAFCA34540,20230420_DACIA_TOLOSA_ZARAUTZ_039,,d1,24:28.4,53:40.9,DACIA_SPRING,Dacia Spring 33 kW,33000,139,51:35.7,4.3,6.8,170,S,6.635336751718571,87.36539099567408,34,60,,,,6.0,26.0,2.0,0,30,4,8,7
51:27.1,,,69,,98.5,,,,,,,39,-2.1565604,43.281815,62.931396,32.17503419668581,51:27.0,6,0.131,0101000020E6100000B5707EBEA24001C046EE2E7312A44540,20230420_DACIA_TOLOSA_ZARAUTZ_039,,d1,24:28.4,53:40.9,DACIA_SPRING,Dacia Spring 33 kW,33000,139,51:35.7,4.3,6.8,170,S,6.620858533786133,86.81927473149725,34,60,,,,6.0,26.0,2.0,0,30,4,45,7
51:32.9,,,69,,98.5,,,,,,,39,-2.156521,43.282524,60.263447,32.25398097990405,51:33.0,6,-0.17,0101000020E6100000AB9C4E1A8E4001C0389A4AC029A44540,20230420_DACIA_TOLOSA_ZARAUTZ_039,,d1,24:28.4,53:40.9,DACIA_SPRING,Dacia Spring 33 kW,33000,139,51:35.7,4.3,6.8,170,S,6.356960275750864,79.20345682823066,34,60,,,,6.0,26.0,2.0,0,30,4,45,7
51:38.4,,,69,,98.5,,,,,,,39,-2.1564636000000004,43.282825,59.51195500000001,32.28777998516906,51:38.1,6,0.34,0101000020E61000003CA22509704001C0CF33E99633A44540,20230420_DACIA_TOLOSA_ZARAUTZ_039,,d1,24:28.4,53:40.9,DACIA_SPRING,Dacia Spring 33 kW,33000,139,51:35.7,4.3,6.8,170,S,4.581081101124126,52.35237935975098,34,60,,,,6.0,26.0,2.0,0,30,4,45,7
51:44.0,,,69,,98.5,,,,,,,39,-2.1562746,43.28307,58.276886,32.31904904340478,51:44.2,6,-0.1989999999999999,0101000020E6100000DE1277E40C4001C080867E903BA44540,20230420_DACIA_TOLOSA_ZARAUTZ_039,,d1,24:28.4,53:40.9,DACIA_SPRING,Dacia Spring 33 kW,33000,139,51:35.7,4.3,6.8,170,S,2.898585016473952,164.7693981036613,34,60,,,,6.0,26.0,2.0,0,30,4,25,7
51:50.3,,,69,,98.5,,,,,,,39,-2.1567888,43.28321,57.96297,32.363489025657934,51:50.2,6,0.1,0101000020E61000006CFB867E1A4101C0F761FA3B40A44540,20230420_DACIA_TOLOSA_ZARAUTZ_039,,d1,24:28.4,53:40.9,DACIA_SPRING,Dacia Spring 33 kW,33000,139,51:35.7,4.3,6.8,170,S,0.2042380956888089,-171.72113838385698,34,60,,,,6.0,26.0,2.0,0,30,4,85,7
51:57.4,,,69,,98.5,,,,,,,39,-2.1576135,43.28309,56.64676,32.43157926833822,51:57.3,6,0.132,0101000020E61000005115B6DACA4201C0D537BE4E3CA44540,20230420_DACIA_TOLOSA_ZARAUTZ_039,,d1,24:28.4,53:40.9,DACIA_SPRING,Dacia Spring 33 kW,33000,139,51:35.7,4.3,6.8,170,S,1.6699249889045995,175.7840527384448,34,60,,,,6.0,26.0,2.0,0,30,4,8,7
52:05.2,,,69,,98.5,,,,,,,39,-2.1585631000000003,43.28316,56.303513,32.508840476080096,52:05.3,6,-0.121,0101000020E610000068206BCEBC4401C010C5A2A23EA44540,20230420_DACIA_TOLOSA_ZARAUTZ_039,,d1,24:28.4,53:40.9,DACIA_SPRING,Dacia Spring 33 kW,33000,139,51:35.7,4.3,6.8,170,S,1.2217982459768522,179.64909931858085,34,60,,,,6.0,26.0,2.0,0,30,4,8,7
52:12.7,,,69,,98.5,,,,,,,39,-2.1593795,43.283165,58.13344,32.57495331249733,52:12.4,6,0.342,0101000020E6100000EEFB6BBA684601C0765194C13EA44540,20230420_DACIA_TOLOSA_ZARAUTZ_039,,d1,24:28.4,53:40.9,DACIA_SPRING,Dacia Spring 33 kW,33000,139,51:35.7,4.3,6.8,170,S,-0.4662735828692607,-166.0681635350388,34,60,,,,6.0,26.0,2.0,0,30,4,25,7
52:18.4,,,69,,98.5,,,,,,,39,-2.1599479,43.283024,59.174503,32.62357276520042,52:18.4,6,0.064,0101000020E61000004AD0CFBC924701C0BEC46A153AA44540,20230420_DACIA_TOLOSA_ZARAUTZ_039,,d1,24:28.4,53:40.9,DACIA_SPRING,Dacia Spring 33 kW,33000,139,51:35.7,4.3,6.8,170,S,-0.8674029054482221,-162.67142657959664,34,60,,,,6.0,26.0,2.0,0,30,4,25,7
52:24.1,,,69,,98.5,,,,,,,39,-2.1604607,43.282864,60.355507,32.66875001766445,52:24.4,6,-0.35,0101000020E6100000DCFE40949F4801C0001488E334A44540,20230420_DACIA_TOLOSA_ZARAUTZ_039,,d1,24:28.4,53:40.9,DACIA_SPRING,Dacia Spring 33 kW,33000,139,51:35.7,4.3,6.8,170,S,1.5643311147813723,176.70006145581291,34,60,,,,6.0,26.0,2.0,0,30,4,8,6
52:29.6,,,69,,98.5,,,,,,,39,-2.1608596,43.282887,62.344727,32.70120209328225,52:29.5,6,0.17,0101000020E6100000E65CD3BD704901C057C924A235A44540,20230420_DACIA_TOLOSA_ZARAUTZ_039,,d1,24:28.4,53:40.9,DACIA_SPRING,Dacia Spring 33 kW,33000,139,51:35.7,4.3,6.8,170,S,-2.2181038091191985,-150.96220837094216,34,60,,,,6.0,26.0,2.0,0,30,4,25,6
52:35.1,,,69,,98.5,,,,,,,39,-2.1612937000000003,43.282646,63.40539,32.745406503540615,52:35.5,6,-0.349,0101000020E61000000350B152544A01C095D23EB22DA44540,20230420_DACIA_TOLOSA_ZARAUTZ_039,,d1,24:28.4,53:40.9,DACIA_SPRING,Dacia Spring 33 kW,33000,139,51:35.7,4.3,6.8,170,S,-5.7900079456627225,-111.62789160516866,34,60,,,,6.0,26.0,2.0,0,30,4,25,6
52:40.7,,,69,,98.5,,,,,,,39,-2.1614745,43.28219,62.56255,32.79818804364216,52:40.5,6,0.159,0101000020E610000043158A10B34A01C06B81FDB11EA44540,20230420_DACIA_TOLOSA_ZARAUTZ_039,,d1,24:28.4,53:40.9,DACIA_SPRING,Dacia Spring 33 kW,33000,139,51:35.7,4.3,6.8,170,S,-5.531971631422142,-115.55819912743117,34,60,,,,6.0,26.0,2.0,0,30,4,25,6
52:46.1,,,69,,98.5,,,,,,,39,-2.1617490000000004,43.281616,62.82005,32.865771751086434,52:46.6,6,-0.428,0101000020E6100000D70C7CFB424B01C0AED506F40BA44540,20230420_DACIA_TOLOSA_ZARAUTZ_039,,d1,24:28.4,53:40.9,DACIA_SPRING,Dacia Spring 33 kW,33000,139,51:35.7,4.3,6.8,170,S,-5.166263435347529,-120.55831042667194,34,60,,,,6.0,26.0,2.0,0,30,4,25,6
52:51.6,,,69,,98.5,,,,,,,39,-2.1618907000000003,43.281376,62.291405000000005,32.89482405618555,52:51.6,6,0.0289999999999999,0101000020E6100000A247C1598D4B01C05773F72E04A44540,20230420_DACIA_TOLOSA_ZARAUTZ_039,,d1,24:28.4,53:40.9,DACIA_SPRING,Dacia Spring 33 kW,33000,139,51:35.7,4.3,6.8,170,S,-1.4862456116483078,-157.37520629720817,34,60,,,,6.0,26.0,2.0,0,30,4,25,6
52:57.8,,,69,,98.5,,,,,,,39,-2.1623034,43.281204,62.340096,32.933319175363536,52:57.9,6,-0.1689999999999999,0101000020E6100000121825CC654C01C05CDD0F78FEA34540,20230420_DACIA_TOLOSA_ZARAUTZ_039,,d1,24:28.4,53:40.9,DACIA_SPRING,Dacia Spring 33 kW,33000,139,51:35.7,4.3,6.8,170,S,0.3876718244707845,-173.26823665363654,34,60,,,,6.0,26.0,2.0,0,30,4,25,6
53:03.3,,,68,,98.5,,,,,,,39,-2.1628795,43.281136,62.72547,32.98056486845544,53:03.7,6,-0.42,0101000020E610000084F872B1934D01C0423D0A33FCA34540,20230420_DACIA_TOLOSA_ZARAUTZ_039,,d1,24:28.4,53:40.9,DACIA_SPRING,Dacia Spring 33 kW,33000,139,51:35.7,4.3,6.8,170,S,0.4523233899910013,-173.81402516705498,34,60,,,,6.0,26.0,2.0,0,30,4,25,6
53:09.0,,,68,,98.5,,,,,,,39,-2.163267,43.281094,63.32629,33.012284346610414,53:08.7,6,0.253,0101000020E6100000155F9BDD5E4E01C020DFBFEAFAA34540,20230420_DACIA_TOLOSA_ZARAUTZ_039,,d1,24:28.4,53:40.9,DACIA_SPRING,Dacia Spring 33 kW,33000,139,51:35.7,4.3,6.8,170,S,0.2912845328870271,-172.4550709608877,34,60,,,,6.0,26.0,2.0,0,30,4,25,6
53:14.6,,,68,,98.5,,,,,,,39,-2.1637049,43.281036,63.262497,33.04831424508068,53:14.8,6,-0.211,0101000020E61000002B2B1171444F01C02A0BA8FEF8A34540,20230420_DACIA_TOLOSA_ZARAUTZ_039,,d1,24:28.4,53:40.9,DACIA_SPRING,Dacia Spring 33 kW,33000,139,51:35.7,4.3,6.8,170,S,1.252129766464368,179.3891939334703,34,60,,,,6.0,26.0,2.0,0,30,4,8,6
53:20.1,,,68,,98.5,,,,,,,39,-2.1640801,43.28104,63.53657,33.07869113003298,53:19.8,6,0.332,0101000020E61000009ACA8C3B095001C034FD8519F9A34540,20230420_DACIA_TOLOSA_ZARAUTZ_039,,d1,24:28.4,53:40.9,DACIA_SPRING,Dacia Spring 33 kW,33000,139,51:35.7,4.3,6.8,170,S,0.8339121882858338,-177.0441510958419,34,60,,,,6.0,26.0,2.0,0,30,4,8,6
53:25.7,,,68,,98.5,,,,,,,39,-2.164603,43.281013,63.535664,33.12112616385318,53:25.8,6,-0.16,0101000020E61000005B2DC05D1B5101C0D41B464CF8A34540,20230420_DACIA_TOLOSA_ZARAUTZ_039,,d1,24:28.4,53:40.9,DACIA_SPRING,Dacia Spring 33 kW,33000,139,51:35.7,4.3,6.8,170,S,0.0620469690778533,-170.52280570471473,34,60,,,,6.0,26.0,2.0,0,30,4,8,6
53:31.2,,,68,,98.5,,,,,,,39,-2.1650403,43.28094,62.442314,33.15746076719932,53:30.9,6,0.289,0101000020E6100000DA202592005201C048D932EBF5A34540,20230420_DACIA_TOLOSA_ZARAUTZ_039,,d1,24:28.4,53:40.9,DACIA_SPRING,Dacia Spring 33 kW,33000,139,51:35.7,4.3,6.8,170,S,2.1305103331005912,171.74115915426995,34,60,,,,6.0,26.0,2.0,0,30,4,25,6
53:36.7,,,68,,98.5,,,,,,,39,-2.165495,43.281006,61.10009,33.195017196809395,53:36.9,6,-0.157,0101000020E6100000605E3608EF5201C021AC2202F8A34540,20230420_DACIA_TOLOSA_ZARAUTZ_039,,d1,24:28.4,53:40.9,DACIA_SPRING,Dacia Spring 33 kW,33000,139,51:35.7,4.3,6.8,170,S,,,34,60,,,,6.0,26.0,2.0,0,30,4,25,6
