timestamp_data_utc,elv_spy,speed,soc,amb_temp,soh,regenwh,Motor Pwr(w),Aux Pwr(100w),Motor Temp,Torque Nm,rpm,route_id,longitude,latitude,altitude,cumul_dist,timestamp_gps_utc,car_id,time_diff,point_geom,route_code,route_description,driver,start_timestamp,end_timestamp,car_code,car_description,capacity,ref_consumption,timestamp_weather_utc,wind_mph,wind_kph,wind_degree,wind_dir,Frontal_Wind,Veh_deg,totalVehicles,speedAvg,cars_by_speed_interval_0_80,cars_by_speed_interval_80_100,cars_by_speed_interval_100_120,cars_by_speed_interval_0_50,cars_by_speed_interval_50_80,cars_by_speed_interval_80_120,cars_by_speed_interval_120_inf,cars_by_length_interval_0_7,cars_by_length_interval_7_inf,max_speed,radius
06:19.0,,,83,,98.5,,,,,,,27,-2.023289,43.224846,74.07984,0.0,06:19.3,6,-0.252,0101000020E6100000C69F5C1BB22F00C06728FCBDC79C4540,20230419_DACIA_ANDOAIN_AZPEITIA_027,,d1,06:14.2,50:07.4,DACIA_SPRING,Dacia Spring 33 kW,33000,139,06:46.1,8.1,13.0,350,N,-4.541899084955871,169.55079461472442,385,114,0.0,47.0,232.0,,,,106,275,110,30,3
06:24.7,,,83,,98.5,,,,,,,27,-2.0237987,43.22494,76.56676999999999,0.04267291465032541,06:24.3,6,0.4529999999999999,0101000020E610000069DD8951BD3000C02C6EF0EBCA9C4540,20230419_DACIA_ANDOAIN_AZPEITIA_027,,d1,06:14.2,50:07.4,DACIA_SPRING,Dacia Spring 33 kW,33000,139,06:46.1,8.1,13.0,350,N,-12.722600985682728,111.85751579432304,385,114,0.0,47.0,232.0,,,,106,275,110,30,3
06:30.4,,,83,,98.5,,,,,,,27,-2.0239046000000003,43.225204,77.3724,0.07326730345338067,06:30.3,6,0.07,0101000020E6100000582DE0D8F43000C003DE2878D39C4540,20230419_DACIA_ANDOAIN_AZPEITIA_027,,d1,06:14.2,50:07.4,DACIA_SPRING,Dacia Spring 33 kW,33000,139,06:46.1,8.1,13.0,350,N,-6.776673606956221,41.41832415789895,385,114,0.0,47.0,232.0,,,,106,275,110,55,3
06:35.8,,,83,,98.5,,,,,,,27,-2.0235498,43.225517,78.221,0.11841645339087921,06:35.4,6,0.452,0101000020E6100000813A0CE33A3000C0291848BDDD9C4540,20230419_DACIA_ANDOAIN_AZPEITIA_027,,d1,06:14.2,50:07.4,DACIA_SPRING,Dacia Spring 33 kW,33000,139,06:46.1,8.1,13.0,350,N,-11.43842162490969,71.62772085898276,385,114,0.0,47.0,232.0,,,,106,275,110,55,3
06:41.4,,,83,,98.5,,,,,,,27,-2.023404,43.225956,80.460815,0.16869001807983,06:41.4,6,-0.077,0101000020E6100000B3DCF767EE2F00C054B4E32EEC9C4540,20230419_DACIA_ANDOAIN_AZPEITIA_027,,d1,06:14.2,50:07.4,DACIA_SPRING,Dacia Spring 33 kW,33000,139,06:46.1,8.1,13.0,350,N,-1.6501243468777784,-177.29237715154937,385,114,0.0,47.0,232.0,,,,106,275,110,45,3
06:46.9,,,83,,98.5,,,,,,,27,-2.0240595,43.225925,81.65439,0.22192581412455792,06:46.5,6,0.3389999999999999,0101000020E61000003B14B526463100C051E7F928EB9C4540,20230419_DACIA_ANDOAIN_AZPEITIA_027,,d1,06:14.2,50:07.4,DACIA_SPRING,Dacia Spring 33 kW,33000,139,06:46.1,8.1,13.0,350,N,1.0067543079585743,-165.5584164283086,385,114,0.0,47.0,232.0,,,,106,275,110,45,3
06:52.6,,,83,,98.5,,,,,,,27,-2.0247235,43.225754,84.62858,0.27906399822438077,06:52.5,6,0.06,0101000020E61000001EBE233FA23200C04CAB607BE59C4540,20230419_DACIA_ANDOAIN_AZPEITIA_027,,d1,06:14.2,50:07.4,DACIA_SPRING,Dacia Spring 33 kW,33000,139,06:46.1,8.1,13.0,350,N,2.5908570794460397,-158.50416510763756,385,114,0.0,47.0,232.0,,,,106,275,110,45,3
06:58.2,,,83,,98.5,,,,,,,27,-2.0249114,43.22568,86.90625,0.2965189170902284,06:58.6,6,-0.376,0101000020E61000004E72FECD043300C060DCC92AE39C4540,20230419_DACIA_ANDOAIN_AZPEITIA_027,,d1,06:14.2,50:07.4,DACIA_SPRING,Dacia Spring 33 kW,33000,139,06:46.1,8.1,13.0,350,N,-0.383361543071316,-171.6898602486206,385,114,0.0,47.0,232.0,,,,106,275,110,45,3
07:03.8,,,83,,98.5,,,,,,,27,-2.0253701,43.225613,87.65511,0.3344311602639115,07:03.6,6,0.139,0101000020E610000000C9203BF53300C0A2EC05D0E09C4540,20230419_DACIA_ANDOAIN_AZPEITIA_027,,d1,06:14.2,50:07.4,DACIA_SPRING,Dacia Spring 33 kW,33000,139,06:46.1,8.1,13.0,350,N,-2.482279701649074,178.99208534197118,385,114,0.0,47.0,232.0,,,,106,275,110,45,3
07:09.3,,,83,,98.5,,,,,,,27,-2.0262227,43.225628,86.19852,0.4035473370548524,07:09.7,6,-0.38,0101000020E6100000871EE23EB43500C0A46AB855E19C4540,20230419_DACIA_ANDOAIN_AZPEITIA_027,,d1,06:14.2,50:07.4,DACIA_SPRING,Dacia Spring 33 kW,33000,139,06:46.1,8.1,13.0,350,N,0.7141940212022424,-166.8506988197463,385,114,0.0,47.0,232.0,,,,106,275,110,45,3
07:14.9,,,83,,98.5,,,,,,,27,-2.026685,43.22552,87.76652,0.44291381496186927,07:14.8,6,0.119,0101000020E61000006FA2AC99A63600C0048FFDECDD9C4540,20230419_DACIA_ANDOAIN_AZPEITIA_027,,d1,06:14.2,50:07.4,DACIA_SPRING,Dacia Spring 33 kW,33000,139,06:46.1,8.1,13.0,350,N,11.388696691316676,-108.83008586523442,385,114,0.0,47.0,232.0,,,,106,275,110,8,3
07:20.5,,,83,,98.5,,,,,,,27,-2.0268330000000003,43.225086,87.31965,0.4926419686851789,07:20.8,6,-0.286,0101000020E6100000D6D58546F43600C0971192A1CF9C4540,20230419_DACIA_ANDOAIN_AZPEITIA_027,,d1,06:14.2,50:07.4,DACIA_SPRING,Dacia Spring 33 kW,33000,139,06:46.1,8.1,13.0,350,N,6.554324030725131,-20.27685255454833,385,114,0.0,47.0,232.0,,,,106,275,110,45,3
07:26.0,,,83,,98.5,,,,,,,27,-2.0264297,43.224937,85.86697,0.5293081012339379,07:25.8,6,0.192,0101000020E61000006B636FC5203600C086E4AFB6CA9C4540,20230419_DACIA_ANDOAIN_AZPEITIA_027,,d1,06:14.2,50:07.4,DACIA_SPRING,Dacia Spring 33 kW,33000,139,06:46.1,8.1,13.0,350,N,8.644512011612148,-31.67944567821268,385,114,0.0,47.0,232.0,,,,106,275,110,45,3
07:31.7,,,83,,98.5,,,,,,,27,-2.0259857,43.224663,85.14384,0.5764566207087051,07:31.9,6,-0.214,0101000020E6100000ECA27D07383500C049490EC1C19C4540,20230419_DACIA_ANDOAIN_AZPEITIA_027,,d1,06:14.2,50:07.4,DACIA_SPRING,Dacia Spring 33 kW,33000,139,06:46.1,8.1,13.0,350,N,12.95234334690582,-84.9075020076928,385,114,0.0,47.0,232.0,,,,106,275,110,45,3
07:37.1,,,83,,98.5,,,,,,,27,-2.0259333,43.224075,86.60844,0.6419933111791527,07:36.9,6,0.208,0101000020E61000001B9FBA7D1C3500C0A36A2E72AE9C4540,20230419_DACIA_ANDOAIN_AZPEITIA_027,,d1,06:14.2,50:07.4,DACIA_SPRING,Dacia Spring 33 kW,33000,139,06:46.1,8.1,13.0,350,N,12.99579086023726,-78.54194352438182,385,114,0.0,47.0,232.0,,,,106,275,110,8,3
07:42.7,,,83,,98.5,,,,,,,27,-2.02576,43.22322,88.956825,0.7381250391183136,07:42.9,6,-0.212,0101000020E6100000198FC1ABC13400C047F9268E929C4540,20230419_DACIA_ANDOAIN_AZPEITIA_027,,d1,06:14.2,50:07.4,DACIA_SPRING,Dacia Spring 33 kW,33000,139,08:32.0,8.1,13.0,350,N,12.960716237821831,-75.54464909491239,385,114,0.0,47.0,232.0,,,,106,275,110,80,3
07:48.3,,,82,,98.5,,,,,,,27,-2.0255597,43.222443,88.16561,0.8260382052386791,07:48.0,6,0.257,0101000020E610000082875799583400C0FBA72D0A799C4540,20230419_DACIA_ANDOAIN_AZPEITIA_027,,d1,06:14.2,50:07.4,DACIA_SPRING,Dacia Spring 33 kW,33000,139,08:32.0,8.1,13.0,350,N,12.919727766982112,-73.62951712352358,385,114,0.0,47.0,232.0,,,,106,275,110,8,3
07:54.0,,,82,,98.5,,,,,,,27,-2.025268,43.22145,87.058235,0.9389616480350793,07:54.0,6,-0.032,0101000020E6100000A2F779CFBF3300C0FB10A572589C4540,20230419_DACIA_ANDOAIN_AZPEITIA_027,,d1,06:14.2,50:07.4,DACIA_SPRING,Dacia Spring 33 kW,33000,139,08:32.0,8.1,13.0,350,N,12.94452340847111,-74.70488491438171,385,114,0.0,47.0,232.0,,,,106,275,110,20,3
07:59.6,,,82,,98.5,,,,,,,27,-2.0249896,43.220432,88.90221,1.0543987643942052,08:00.1,6,-0.461,0101000020E6100000CC4479B62D3300C022A83617379C4540,20230419_DACIA_ANDOAIN_AZPEITIA_027,,d1,06:14.2,50:07.4,DACIA_SPRING,Dacia Spring 33 kW,33000,139,08:32.0,8.1,13.0,350,N,12.98510824407026,-82.74271306547898,385,114,0.0,47.0,232.0,,,,106,275,110,80,4
08:05.2,,,82,,98.5,,,,,,,27,-2.024862,43.21943,90.666,1.1663087108806938,08:05.2,6,-0.061,0101000020E6100000A4BF75D1EA3200C03F4E713B169C4540,20230419_DACIA_ANDOAIN_AZPEITIA_027,,d1,06:14.2,50:07.4,DACIA_SPRING,Dacia Spring 33 kW,33000,139,08:32.0,8.1,13.0,350,N,12.851429019035262,-88.67056566070083,385,114,0.0,47.0,232.0,,,,106,275,110,30,4
08:10.8,,,82,,98.5,,,,,,,27,-2.0248387,43.218426,90.37524,1.2779647601233268,08:11.3,6,-0.44,0101000020E61000002F4669A7DE3200C0E7D59B67F59B4540,20230419_DACIA_ANDOAIN_AZPEITIA_027,,d1,06:14.2,50:07.4,DACIA_SPRING,Dacia Spring 33 kW,33000,139,08:32.0,8.1,13.0,350,N,12.52763215526492,-95.49280339362085,385,114,0.0,47.0,232.0,,,,106,275,110,45,4
08:16.4,,,82,,98.5,,,,,,,27,-2.0249264,43.217514,91.05401,1.3796255067544971,08:16.3,6,0.118,0101000020E610000019A1F4910C3300C01C138375D79B4540,20230419_DACIA_ANDOAIN_AZPEITIA_027,,d1,06:14.2,50:07.4,DACIA_SPRING,Dacia Spring 33 kW,33000,139,08:32.0,8.1,13.0,350,N,12.985710884801737,-82.68663340820598,385,114,0.0,47.0,232.0,,,,106,275,110,8,4
08:22.0,,,82,,98.5,,,,,,,27,-2.0247996,43.216526,94.42185,1.4900169536550114,08:22.4,6,-0.352,0101000020E610000078B00B16CA3200C016099D14B79B4540,20230419_DACIA_ANDOAIN_AZPEITIA_027,,d1,06:14.2,50:07.4,DACIA_SPRING,Dacia Spring 33 kW,33000,139,08:32.0,8.1,13.0,350,N,12.369456270160653,-62.081783630257874,385,114,0.0,47.0,232.0,,,,106,275,110,8,4
08:27.4,,,82,,98.5,,,,,,,27,-2.0244467,43.21586,96.30135,1.5694249010236416,08:27.4,6,0.017,0101000020E6100000AB679E12113200C0E4C2D749A19B4540,20230419_DACIA_ANDOAIN_AZPEITIA_027,,d1,06:14.2,50:07.4,DACIA_SPRING,Dacia Spring 33 kW,33000,139,08:32.0,8.1,13.0,350,N,12.932691430915453,-85.83295591587677,385,114,0.0,47.0,232.0,,,,106,275,110,8,4
08:33.1,,,82,,98.5,,,,,,,27,-2.0243804,43.21495,97.893715,1.6707673340576736,08:33.5,6,-0.373,0101000020E6100000D2884D62EE3100C0E3009C78839B4540,20230419_DACIA_ANDOAIN_AZPEITIA_027,,d1,06:14.2,50:07.4,DACIA_SPRING,Dacia Spring 33 kW,33000,139,08:32.0,8.1,13.0,350,N,7.8883807046589025,-132.64162693519802,385,114,0.0,47.0,232.0,,,,106,275,110,30,4
08:38.5,,,82,,98.5,,,,,,,27,-2.025002,43.214275,97.76612,1.7611608047708593,08:38.5,6,0.027,0101000020E6100000832A273E343300C066A110596D9B4540,20230419_DACIA_ANDOAIN_AZPEITIA_027,,d1,06:14.2,50:07.4,DACIA_SPRING,Dacia Spring 33 kW,33000,139,08:32.0,8.1,13.0,350,N,1.851451452861516,-161.81213254714163,385,114,0.0,47.0,232.0,,,,106,275,110,8,4
08:44.1,,,82,,98.5,,,,,,,27,-2.026256,43.213863,99.318985,1.8726434208634803,08:44.6,6,-0.516,0101000020E6100000E3A7AFBFC53500C067A9E2DF5F9B4540,20230419_DACIA_ANDOAIN_AZPEITIA_027,,d1,06:14.2,50:07.4,DACIA_SPRING,Dacia Spring 33 kW,33000,139,08:32.0,8.1,13.0,350,N,0.5632683726640403,-167.51669177535138,385,114,0.0,47.0,232.0,,,,106,275,110,8,4
08:49.7,,,82,,98.5,,,,,,,27,-2.0273762,43.213615,100.34834,1.9675253216554305,08:49.6,6,0.07,0101000020E6100000D1F1DA05113800C0353BA7B5579B4540,20230419_DACIA_ANDOAIN_AZPEITIA_027,,d1,06:14.2,50:07.4,DACIA_SPRING,Dacia Spring 33 kW,33000,139,08:32.0,8.1,13.0,350,N,1.7337064526189392,-162.33608504675135,385,114,0.0,47.0,232.0,,,,106,275,110,8,4
08:55.3,,,82,,98.5,,,,,,,27,-2.0286794,43.2132,100.72748,2.0827784541505605,08:55.6,6,-0.347,0101000020E6100000FD87603BBC3A00C0A728172F4A9B4540,20230419_DACIA_ANDOAIN_AZPEITIA_027,,d1,06:14.2,50:07.4,DACIA_SPRING,Dacia Spring 33 kW,33000,139,08:32.0,8.1,13.0,350,N,2.066254289344204,-160.85447153233522,385,114,0.0,47.0,232.0,,,,106,275,110,8,4
09:01.0,,,82,,98.5,,,,,,,27,-2.0297682,43.212822,102.076035,2.180524028513692,09:00.7,6,0.2789999999999999,0101000020E6100000EF6EDE19F73C00C0DACB52C03D9B4540,20230419_DACIA_ANDOAIN_AZPEITIA_027,,d1,06:14.2,50:07.4,DACIA_SPRING,Dacia Spring 33 kW,33000,139,08:32.0,8.1,13.0,350,N,2.614890542763633,-158.39605156256331,385,114,0.0,47.0,232.0,,,,106,275,110,10,4
09:06.5,,,82,,98.5,,,,,,,27,-2.0310106,43.21233,105.300255,2.2951576345235094,09:06.7,6,-0.211,0101000020E61000002DF1848D823F00C020E74D952D9B4540,20230419_DACIA_ANDOAIN_AZPEITIA_027,,d1,06:14.2,50:07.4,DACIA_SPRING,Dacia Spring 33 kW,33000,139,08:32.0,8.1,13.0,350,N,3.083884838119856,-156.2773669200985,385,114,0.0,47.0,232.0,,,,106,275,110,10,5
09:12.1,,,82,,98.5,,,,,,,27,-2.0320187,43.211887,105.96086,2.3905592963978215,09:11.8,6,0.281,0101000020E61000000061B5F4924100C0C29BB4281F9B4540,20230419_DACIA_ANDOAIN_AZPEITIA_027,,d1,06:14.2,50:07.4,DACIA_SPRING,Dacia Spring 33 kW,33000,139,08:32.0,8.1,13.0,350,N,4.774322342480473,-148.45353989610402,385,114,0.0,47.0,232.0,,,,106,275,110,45,5
09:17.8,,,82,,98.5,,,,,,,27,-2.0330563,43.21125,106.0485,2.5005051669655685,09:17.8,6,-0.019,0101000020E61000003AC81EF3B24300C00C7B9D310A9B4540,20230419_DACIA_ANDOAIN_AZPEITIA_027,,d1,06:14.2,50:07.4,DACIA_SPRING,Dacia Spring 33 kW,33000,139,08:32.0,8.1,13.0,350,N,7.887664694295997,-132.64559701116357,385,114,0.0,47.0,232.0,,,,106,275,110,8,5
09:23.4,,,82,,98.5,,,,,,,27,-2.0338714,43.210365,103.99589,2.619046120471815,09:23.9,6,-0.48,0101000020E610000024382E585E4500C09D593C3BED9A4540,20230419_DACIA_ANDOAIN_AZPEITIA_027,,d1,06:14.2,50:07.4,DACIA_SPRING,Dacia Spring 33 kW,33000,139,08:32.0,8.1,13.0,350,N,8.587624839859354,-128.6553800396353,385,114,0.0,47.0,232.0,,,,106,275,110,45,5
09:28.9,,,82,,98.5,,,,,,,27,-2.0345025000000003,43.209576,103.041435,2.7206038894675166,09:28.9,6,0.0289999999999999,0101000020E61000001017234AA94600C0DD8D505BD39A4540,20230419_DACIA_ANDOAIN_AZPEITIA_027,,d1,06:14.2,50:07.4,DACIA_SPRING,Dacia Spring 33 kW,33000,139,08:32.0,8.1,13.0,350,N,8.981627419016185,-126.29904852461988,385,114,0.0,47.0,232.0,,,,106,275,110,80,5
09:34.6,,,82,,98.5,,,,,,,27,-2.035168,43.20867,100.95665,2.8348951240984417,09:34.9,6,-0.37,0101000020E6100000C5A1411F064800C0DCC81ACCB59A4540,20230419_DACIA_ANDOAIN_AZPEITIA_027,,d1,06:14.2,50:07.4,DACIA_SPRING,Dacia Spring 33 kW,33000,139,08:32.0,8.1,13.0,350,N,9.226111930053984,-124.789413620657,385,114,0.0,47.0,232.0,,,,106,275,110,80,5
09:40.1,,,82,,98.5,,,,,,,27,-2.0356703,43.207947,99.19883,2.925025881520239,09:40.0,6,0.1009999999999999,0101000020E6100000FF2C61880D4900C04C0F2D0D9E9A4540,20230419_DACIA_ANDOAIN_AZPEITIA_027,,d1,06:14.2,50:07.4,DACIA_SPRING,Dacia Spring 33 kW,33000,139,08:32.0,8.1,13.0,350,N,9.654994360945253,-122.03877040778804,385,114,0.0,47.0,232.0,,,,106,275,110,80,5
09:45.6,,,82,,98.5,,,,,,,27,-2.0361528,43.207176,97.76417,3.019265726403858,09:46.0,6,-0.38,0101000020E61000008F5249750A4A00C0D7EECBB4849A4540,20230419_DACIA_ANDOAIN_AZPEITIA_027,,d1,06:14.2,50:07.4,DACIA_SPRING,Dacia Spring 33 kW,33000,139,08:32.0,8.1,13.0,350,N,11.25168730784088,-110.05850404546396,385,114,0.0,47.0,232.0,,,,106,275,110,80,5
09:51.3,,,82,,98.5,,,,,,,27,-2.036469,43.20631,96.26233,3.1189237334298885,09:51.1,6,0.17,0101000020E6100000A3E69A3BB04A00C035FC5B52689A4540,20230419_DACIA_ANDOAIN_AZPEITIA_027,,d1,06:14.2,50:07.4,DACIA_SPRING,Dacia Spring 33 kW,33000,139,08:32.0,8.1,13.0,350,N,12.938204450557429,-85.58877644997004,385,114,0.0,47.0,232.0,,,,106,275,110,8,5
09:56.9,,,82,,98.5,,,,,,,27,-2.0363772,43.20512,94.67692,3.2514641980830623,09:57.1,6,-0.23,0101000020E6100000A9B7FD24804A00C0E1B7BD59419A4540,20230419_DACIA_ANDOAIN_AZPEITIA_027,,d1,06:14.2,50:07.4,DACIA_SPRING,Dacia Spring 33 kW,33000,139,08:32.0,8.1,13.0,350,N,12.988478363128475,-77.58756774476032,385,114,0.0,47.0,232.0,,,,106,275,110,100,5
10:02.4,,,82,,98.5,,,,,,,27,-2.0361373,43.20403,93.800385,3.374219590753663,10:02.2,6,0.21,0101000020E610000091855E6E024A00C018C9D09F1D9A4540,20230419_DACIA_ANDOAIN_AZPEITIA_027,,d1,06:14.2,50:07.4,DACIA_SPRING,Dacia Spring 33 kW,33000,139,08:32.0,8.1,13.0,350,N,10.686336864852056,-114.7118873801345,385,114,0.0,47.0,232.0,,,,106,275,110,40,6
10:08.0,,,82,,98.5,,,,,,,27,-2.0365975,43.20303,92.80108,3.491508301830616,10:08.3,6,-0.297,0101000020E6100000B8F14C93F34A00C06E49F4D5FC994540,20230419_DACIA_ANDOAIN_AZPEITIA_027,,d1,06:14.2,50:07.4,DACIA_SPRING,Dacia Spring 33 kW,33000,139,08:32.0,8.1,13.0,350,N,7.506688457724687,-134.7294836933678,385,114,0.0,47.0,232.0,,,,106,275,110,80,6
10:13.6,,,82,,98.5,,,,,,,27,-2.037388,43.202232,91.935135,3.6009604750652793,10:13.3,6,0.239,0101000020E610000091A7FA13924C00C022CB7EB0E2994540,20230419_DACIA_ANDOAIN_AZPEITIA_027,,d1,06:14.2,50:07.4,DACIA_SPRING,Dacia Spring 33 kW,33000,139,11:46.2,8.1,13.0,350,N,8.087646717478888,-131.52839791243656,385,114,0.0,47.0,232.0,,,,106,275,110,100,6
10:19.2,,,82,,98.5,,,,,,,27,-2.0382311,43.20128,91.809364,3.726960011315276,10:19.4,6,-0.23,0101000020E610000016D31A274C4E00C0C226FB7AC3994540,20230419_DACIA_ANDOAIN_AZPEITIA_027,,d1,06:14.2,50:07.4,DACIA_SPRING,Dacia Spring 33 kW,33000,139,11:46.2,8.1,13.0,350,N,8.948372298354384,-126.50144112060184,385,114,0.0,47.0,232.0,,,,106,275,110,45,6
10:24.7,,,82,,98.5,,,,,,,27,-2.0388527,43.20044,90.62274,3.8330933454909886,10:24.4,6,0.31,0101000020E6100000DB254EFE914F00C0806A2B02A8994540,20230419_DACIA_ANDOAIN_AZPEITIA_027,,d1,06:14.2,50:07.4,DACIA_SPRING,Dacia Spring 33 kW,33000,139,11:46.2,8.1,13.0,350,N,9.016047063577536,-126.08884646979016,385,114,0.0,47.0,232.0,,,,106,275,110,8,6
10:30.2,,,82,,98.5,,,,,,,27,-2.039551,43.199482,89.40607,3.953728543888977,10:30.5,6,-0.307,0101000020E6100000D2ED9412005100C003A33E9D88994540,20230419_DACIA_ANDOAIN_AZPEITIA_027,,d1,06:14.2,50:07.4,DACIA_SPRING,Dacia Spring 33 kW,33000,139,11:46.2,8.1,13.0,350,N,8.969734077372122,-126.3715103471696,385,114,0.0,47.0,232.0,,,,106,275,110,25,6
10:35.7,,,82,,98.5,,,,,,,27,-2.0401564,43.19866,88.53258000000001,4.057474832839958,10:35.5,6,0.1989999999999999,0101000020E61000003845C28E3D5200C056ECBAC56D994540,20230419_DACIA_ANDOAIN_AZPEITIA_027,,d1,06:14.2,50:07.4,DACIA_SPRING,Dacia Spring 33 kW,33000,139,11:46.2,8.1,13.0,350,N,8.454035839935345,-129.43498749506855,254,104,,,,1.0,3.0,218.0,32,234,20,100,5
10:41.1,,,82,,98.5,,,,,,,27,-2.0410693,43.19755,87.31152,4.201389838435638,10:41.6,6,-0.41,0101000020E61000007E64B2251C5400C0F3D1056E49994540,20230419_DACIA_ANDOAIN_AZPEITIA_027,,d1,06:14.2,50:07.4,DACIA_SPRING,Dacia Spring 33 kW,33000,139,11:46.2,8.1,13.0,350,N,5.094931748285809,-146.926115069641,254,104,,,,1.0,3.0,218.0,32,234,20,100,5
10:46.7,,,82,,98.5,,,,,,,27,-2.0422363000000003,43.19679,85.90979,4.328246019017019,10:46.6,6,0.072,0101000020E6100000B00D470C805600C0CAF3226630994540,20230419_DACIA_ANDOAIN_AZPEITIA_027,,d1,06:14.2,50:07.4,DACIA_SPRING,Dacia Spring 33 kW,33000,139,11:46.2,8.1,13.0,350,N,1.2911147338798443,-164.30018608585908,254,104,,,,1.0,3.0,218.0,32,234,20,100,5
10:52.2,,,82,,98.5,,,,,,,27,-2.0438159,43.196346000000005,85.84734,4.46548006603749,10:51.7,6,0.472,0101000020E6100000C0CD1025BC5900C038704BE721994540,20230419_DACIA_ANDOAIN_AZPEITIA_027,,d1,06:14.2,50:07.4,DACIA_SPRING,Dacia Spring 33 kW,33000,139,11:46.2,8.1,13.0,350,N,-1.0412391444937474,-174.5940446828858,254,104,,,,1.0,3.0,218.0,32,234,20,25,5
10:57.7,,,81,,98.5,,,,,,,27,-2.0459082,43.196148,89.58493,4.636551185564095,10:57.7,6,-0.017,0101000020E61000001D6D8E2E055E00C0AB1E875B1B994540,20230419_DACIA_ANDOAIN_AZPEITIA_027,,d1,06:14.2,50:07.4,DACIA_SPRING,Dacia Spring 33 kW,33000,139,11:46.2,8.1,13.0,350,N,-1.287702149234622,-175.6846988663715,254,104,,,,1.0,3.0,218.0,32,234,20,8,5
11:03.2,,,81,,98.5,,,,,,,27,-2.047684,43.196014,95.63396,4.781397990196334,11:02.7,6,0.429,0101000020E6100000DA64BC15A86100C065B385FB16994540,20230419_DACIA_ANDOAIN_AZPEITIA_027,,d1,06:14.2,50:07.4,DACIA_SPRING,Dacia Spring 33 kW,33000,139,11:46.2,8.1,13.0,350,N,1.9697849656603028,-161.2848656207873,254,104,,,,1.0,3.0,218.0,32,234,20,100,5
11:08.7,,,81,,98.5,,,,,,,27,-2.0493193,43.19546,101.04995,4.927675218568109,11:08.8,6,-0.047,0101000020E61000006DEF7175016500C018DD85D404994540,20230419_DACIA_ANDOAIN_AZPEITIA_027,,d1,06:14.2,50:07.4,DACIA_SPRING,Dacia Spring 33 kW,33000,139,11:46.2,8.1,13.0,350,N,5.912452413459867,-142.9476739995389,254,104,,,,1.0,3.0,218.0,32,234,20,100,5
11:14.4,,,81,,98.5,,,,,,,27,-2.0505776,43.19451,107.81055,5.074675712635405,11:14.8,6,-0.429,0101000020E61000001314A844956700C001B890C5E5984540,20230419_DACIA_ANDOAIN_AZPEITIA_027,,d1,06:14.2,50:07.4,DACIA_SPRING,Dacia Spring 33 kW,33000,139,11:46.2,8.1,13.0,350,N,9.827808276731986,-120.8884664577933,254,104,,,,1.0,3.0,218.0,32,234,20,45,5
11:20.1,,,80,,98.5,,,,,,,27,-2.0512476000000004,43.19339,112.22536,5.210614272971215,11:19.9,6,0.193,0101000020E6100000BF0C1673F46800C02E0C0301C1984540,20230419_DACIA_ANDOAIN_AZPEITIA_027,,d1,06:14.2,50:07.4,DACIA_SPRING,Dacia Spring 33 kW,33000,139,11:46.2,8.1,13.0,350,N,12.77903136660552,-90.57909112856764,254,104,,,,1.0,3.0,218.0,32,234,20,45,5
11:26.2,,,80,,98.5,,,,,,,27,-2.0512636000000004,43.191807,114.093475,5.3866505333792505,11:26.1,6,0.132,0101000020E6100000FB33DAE9FC6800C0306686248D984540,20230419_DACIA_ANDOAIN_AZPEITIA_027,,d1,06:14.2,50:07.4,DACIA_SPRING,Dacia Spring 33 kW,33000,139,11:46.2,8.1,13.0,350,N,12.984249565243264,-77.1793052831451,254,104,,,,1.0,3.0,218.0,32,234,20,45,4
11:31.7,,,80,,98.5,,,,,,,27,-2.0509343,43.19036,114.810814,5.549750831779443,11:32.0,6,-0.32,0101000020E61000002C9CBA34506800C0909B25BA5D984540,20230419_DACIA_ANDOAIN_AZPEITIA_027,,d1,06:14.2,50:07.4,DACIA_SPRING,Dacia Spring 33 kW,33000,139,11:46.2,8.1,13.0,350,N,12.402365120576563,-97.44061937658662,254,104,,,,1.0,3.0,218.0,32,234,20,25,4
11:37.2,,,80,,98.5,,,,,,,27,-2.0510871,43.18919,115.91678,5.680442009930521,11:37.0,6,0.222,0101000020E610000008A9AB60A06800C0E481EA6037984540,20230419_DACIA_ANDOAIN_AZPEITIA_027,,d1,06:14.2,50:07.4,DACIA_SPRING,Dacia Spring 33 kW,33000,139,11:46.2,8.1,13.0,350,N,12.217527301055569,-99.98036197259036,254,104,,,,1.0,3.0,218.0,32,234,20,25,4
11:42.8,,,80,,98.5,,,,,,,27,-2.0513537,43.187675,118.16763,5.8502981581823095,11:43.0,6,-0.26,0101000020E6100000928EE12F2C6900C0FE1077C005984540,20230419_DACIA_ANDOAIN_AZPEITIA_027,,d1,06:14.2,50:07.4,DACIA_SPRING,Dacia Spring 33 kW,33000,139,11:46.2,8.1,13.0,350,N,12.006839695075016,-102.54135870892624,254,104,,,,1.0,3.0,218.0,32,234,20,25,4
11:48.3,,,80,,98.5,,,,,,,27,-2.051644,43.18637,120.55889,5.9973233082745505,11:48.1,6,0.21,0101000020E61000002D8D9D5FC46900C0D0F84FF4DA974540,20230419_DACIA_ANDOAIN_AZPEITIA_027,,d1,06:14.2,50:07.4,DACIA_SPRING,Dacia Spring 33 kW,33000,139,11:46.2,8.1,13.0,350,N,12.891623334140458,-87.40348197486276,254,104,,,,1.0,3.0,218.0,32,234,20,25,4
11:53.9,,,80,,98.5,,,,,,,27,-2.051566,43.18465,125.11456,6.188737327642851,11:54.2,6,-0.3279999999999999,0101000020E6100000B49CDE5E9B6900C0DABDEAA1A2974540,20230419_DACIA_ANDOAIN_AZPEITIA_027,,d1,06:14.2,50:07.4,DACIA_SPRING,Dacia Spring 33 kW,33000,139,11:46.2,8.1,13.0,350,N,12.988893502898367,-82.36856568212194,254,104,,,,1.0,3.0,218.0,32,234,20,100,4
11:59.4,,,80,,98.5,,,,,,,27,-2.051402,43.183426,127.775795,6.32551380759873,11:59.3,6,0.181,0101000020E6100000C1B22088456900C0EB2AA67A7A974540,20230419_DACIA_ANDOAIN_AZPEITIA_027,,d1,06:14.2,50:07.4,DACIA_SPRING,Dacia Spring 33 kW,33000,139,11:46.2,8.1,13.0,350,N,11.27818315242651,-109.8245362858852,254,104,,,,1.0,3.0,218.0,32,234,20,100,4
12:05.0,,,80,,98.5,,,,,,,27,-2.051915,43.182003,129.97676,6.489134668825028,12:05.4,6,-0.359,0101000020E610000047C2E262526A00C008D89FE24B974540,20230419_DACIA_ANDOAIN_AZPEITIA_027,,d1,06:14.2,50:07.4,DACIA_SPRING,Dacia Spring 33 kW,33000,139,11:46.2,8.1,13.0,350,N,8.491763564115361,-129.21574300546305,254,104,,,,1.0,3.0,218.0,32,234,20,8,3
12:10.7,,,80,,98.5,,,,,,,27,-2.05278,43.180943,128.63966000000002,6.6262966318783505,12:10.4,6,0.31,0101000020E6100000FC5900EF176C00C0F675C71229974540,20230419_DACIA_ANDOAIN_AZPEITIA_027,,d1,06:14.2,50:07.4,DACIA_SPRING,Dacia Spring 33 kW,33000,139,11:46.2,8.1,13.0,350,N,7.728503831003672,-133.52298256507788,254,104,,,,1.0,3.0,218.0,32,234,20,100,3
12:16.2,,,80,,98.5,,,,,,,27,-2.0539985,43.17966,127.579056,6.799834632531311,12:16.4,6,-0.1689999999999999,0101000020E61000003607F9C0966E00C0E5FBAB29FF964540,20230419_DACIA_ANDOAIN_AZPEITIA_027,,d1,06:14.2,50:07.4,DACIA_SPRING,Dacia Spring 33 kW,33000,139,11:46.2,8.1,13.0,350,N,8.144044799718644,-131.21020560900843,254,104,,,,1.0,3.0,218.0,32,234,20,8,3
12:21.7,,,80,,98.5,,,,,,,27,-2.054876,43.178658,124.53196,6.932068363589307,12:21.4,6,0.225,0101000020E61000003D2FD9ED627000C006B25C39DE964540,20230419_DACIA_ANDOAIN_AZPEITIA_027,,d1,06:14.2,50:07.4,DACIA_SPRING,Dacia Spring 33 kW,33000,139,11:46.2,8.1,13.0,350,N,10.176242355651675,-118.48345601068446,254,104,,,,1.0,3.0,218.0,32,234,20,8,3
12:27.2,,,80,,98.5,,,,,,,27,-2.0554392,43.177620000000005,122.17273,7.0562174101516835,12:27.5,6,-0.321,0101000020E6100000E46DDF108A7100C0202EC048BC964540,20230419_DACIA_ANDOAIN_AZPEITIA_027,,d1,06:14.2,50:07.4,DACIA_SPRING,Dacia Spring 33 kW,33000,139,11:46.2,8.1,13.0,350,N,9.154774160956798,-125.23396942907172,254,104,,,,1.0,3.0,218.0,32,234,20,45,3
12:32.8,,,80,,98.5,,,,,,,27,-2.0560212,43.176796,119.444984,7.159317870316379,12:32.7,6,0.1009999999999999,0101000020E6100000C0C8D933BB7200C0BBEF6032A1964540,20230419_DACIA_ANDOAIN_AZPEITIA_027,,d1,06:14.2,50:07.4,DACIA_SPRING,Dacia Spring 33 kW,33000,139,11:46.2,8.1,13.0,350,N,7.152177703634828,-136.62149399815368,254,104,,,,1.0,3.0,218.0,32,234,20,45,3
12:38.4,,,80,,98.5,,,,,,,27,-2.0570583,43.175816,116.54861499999998,7.2969967051516385,12:38.6,6,-0.209,0101000020E61000005BD69802DB7400C0D5EA671781964540,20230419_DACIA_ANDOAIN_AZPEITIA_027,,d1,06:14.2,50:07.4,DACIA_SPRING,Dacia Spring 33 kW,33000,139,11:46.2,8.1,13.0,350,N,5.825644566800409,-143.3764541433343,254,104,,,,1.0,3.0,218.0,32,234,20,8,3
12:43.8,,,80,,98.5,,,,,,,27,-2.0580700000000003,43.175064,115.55639,7.414143826568958,12:43.6,6,0.2319999999999999,0101000020E6100000960F6366ED7600C005E7F47F68964540,20230419_DACIA_ANDOAIN_AZPEITIA_027,,d1,06:14.2,50:07.4,DACIA_SPRING,Dacia Spring 33 kW,33000,139,13:32.0,8.1,13.0,350,N,5.866887483211805,-143.1729405836169,254,104,,,,1.0,3.0,218.0,32,234,20,8,2
12:49.5,,,80,,98.5,,,,,,,27,-2.0593333,43.174118,112.78153,7.561001684467523,12:49.7,6,-0.177,0101000020E6100000BE2D0EB2837900C0F50C307049964540,20230419_DACIA_ANDOAIN_AZPEITIA_027,,d1,06:14.2,50:07.4,DACIA_SPRING,Dacia Spring 33 kW,33000,139,13:32.0,8.1,13.0,350,N,6.106180241188583,-141.984774758281,254,104,,,,1.0,3.0,218.0,32,234,20,25,2
12:55.0,,,80,,98.5,,,,,,,27,-2.0604117,43.173275,111.30908,7.6892061781345555,12:54.7,6,0.293,0101000020E6100000F5F90C25B97B00C08A2867E42D964540,20230419_DACIA_ANDOAIN_AZPEITIA_027,,d1,06:14.2,50:07.4,DACIA_SPRING,Dacia Spring 33 kW,33000,139,13:32.0,8.1,13.0,350,N,6.77814532391397,-138.57407473918877,254,104,,,,1.0,3.0,218.0,32,234,20,25,2
13:00.7,,,80,,98.5,,,,,,,27,-2.0616696,43.172165,110.70521,7.849331300062166,13:00.8,6,-0.06,0101000020E6100000CA0928A64C7E00C00B4F727E09964540,20230419_DACIA_ANDOAIN_AZPEITIA_027,,d1,06:14.2,50:07.4,DACIA_SPRING,Dacia Spring 33 kW,33000,139,13:32.0,8.1,13.0,350,N,6.011630781453226,-142.45577482446706,254,104,,,,1.0,3.0,218.0,32,234,20,8,2
13:06.3,,,80,,98.5,,,,,,,27,-2.06292,43.171204,110.507645,7.996643884142238,13:05.8,6,0.444,0101000020E61000003283794DDC8000C0FA09E40FEA954540,20230419_DACIA_ANDOAIN_AZPEITIA_027,,d1,06:14.2,50:07.4,DACIA_SPRING,Dacia Spring 33 kW,33000,139,13:32.0,8.1,13.0,350,N,5.712675801372848,-143.93206046415358,254,104,,,,1.0,3.0,218.0,32,234,20,25,2
13:11.8,,,80,,98.5,,,,,,,27,-2.0643973,43.170128000000005,109.77568,8.165962015810546,13:11.8,6,-0.008,0101000020E6100000119F51BCE28300C031043BB2C6954540,20230419_DACIA_ANDOAIN_AZPEITIA_027,,d1,06:14.2,50:07.4,DACIA_SPRING,Dacia Spring 33 kW,33000,139,13:32.0,8.1,13.0,350,N,6.101771270308398,-142.00678367154194,254,104,,,,1.0,3.0,218.0,32,234,20,45,2
13:17.4,,,80,,98.5,,,,,,,27,-2.065506,43.169262,109.69176000000002,8.297708288301186,13:16.9,6,0.47,0101000020E6100000CCFDA706288600C086444960AA954540,20230419_DACIA_ANDOAIN_AZPEITIA_027,,d1,06:14.2,50:07.4,DACIA_SPRING,Dacia Spring 33 kW,33000,139,13:32.0,8.1,13.0,350,N,9.495272836267583,-123.07959205058378,254,104,,,,1.0,3.0,218.0,32,234,20,45,2
13:22.8,,,80,,98.5,,,,,,,27,-2.0663059,43.168034000000006,111.17753,8.44888922715652,13:23.0,6,-0.129,0101000020E610000023EC5D55CB8700C0AC7BB21182954540,20230419_DACIA_ANDOAIN_AZPEITIA_027,,d1,06:14.2,50:07.4,DACIA_SPRING,Dacia Spring 33 kW,33000,139,13:32.0,8.1,13.0,350,N,12.791389777806454,-90.2781800486277,254,104,,,,1.0,3.0,218.0,32,234,20,100,2
13:28.3,,,80,,98.5,,,,,,,27,-2.0663116,43.16686,113.38419,8.579451538468057,13:28.0,6,0.351,0101000020E6100000BF39A66ECE8700C0BA231CA45B954540,20230419_DACIA_ANDOAIN_AZPEITIA_027,,d1,06:14.2,50:07.4,DACIA_SPRING,Dacia Spring 33 kW,33000,139,13:32.0,8.1,13.0,350,N,12.795370184853278,-69.8206103647854,254,104,,,,1.0,3.0,218.0,32,234,20,25,1
13:33.8,,,79,,98.5,,,,,,,27,-2.0658522,43.16561,117.363525,8.723407315087096,13:34.0,6,-0.268,0101000020E61000006A349688DD8600C0867D93C032954540,20230419_DACIA_ANDOAIN_AZPEITIA_027,,d1,06:14.2,50:07.4,DACIA_SPRING,Dacia Spring 33 kW,33000,139,13:32.0,8.1,13.0,350,N,12.444363043203458,-96.81204877655416,254,104,,,,1.0,3.0,218.0,32,234,20,25,1
13:39.3,,,79,,98.5,,,,,,,27,-2.0659664,43.164654,119.22792,8.830128688090959,13:39.1,6,0.221,0101000020E61000006163CE61198700C06D3DD85413954540,20230419_DACIA_ANDOAIN_AZPEITIA_027,,d1,06:14.2,50:07.4,DACIA_SPRING,Dacia Spring 33 kW,33000,139,13:32.0,8.1,13.0,350,N,8.646825423019921,-128.3069012846603,254,104,,,,1.0,3.0,218.0,32,234,20,25,1
13:44.8,,,79,,98.5,,,,,,,27,-2.066878,43.1635,118.05468,8.97822866372223,13:45.2,6,-0.3379999999999999,0101000020E6100000A4011457F78800C05280A89FED944540,20230419_DACIA_ANDOAIN_AZPEITIA_027,,d1,06:14.2,50:07.4,DACIA_SPRING,Dacia Spring 33 kW,33000,139,13:32.0,8.1,13.0,350,N,12.22473948934243,-99.88712739911976,254,104,,,,1.0,3.0,218.0,32,234,20,25,1
13:50.4,,,79,,98.5,,,,,,,27,-2.0670638,43.162434000000005,117.211136,9.097719523165614,13:50.3,6,0.161,0101000020E61000004EA990CE588900C04CEF0E98CA944540,20230419_DACIA_ANDOAIN_AZPEITIA_027,,d1,06:14.2,50:07.4,DACIA_SPRING,Dacia Spring 33 kW,33000,139,13:32.0,8.1,13.0,350,N,12.714615714803026,-67.97240790466321,254,104,,,,1.0,3.0,218.0,32,234,20,25,1
13:56.1,,,79,,98.5,,,,,,,27,-2.0664816000000004,43.160995,116.06827,9.264555374801883,13:56.3,6,-0.187,0101000020E6100000C66B6688278800C03760C4719B944540,20230419_DACIA_ANDOAIN_AZPEITIA_027,,d1,06:14.2,50:07.4,DACIA_SPRING,Dacia Spring 33 kW,33000,139,13:32.0,8.1,13.0,350,N,12.458374419579398,-63.40279180115658,254,104,,,,1.0,3.0,218.0,32,234,20,45,1
14:01.6,,,79,,98.5,,,,,,,27,-2.0659108,43.159855,116.43166,9.39950820793534,14:01.3,6,0.299,0101000020E6100000B0E2A846FC8600C064BC842076944540,20230419_DACIA_ANDOAIN_AZPEITIA_027,,d1,06:14.2,50:07.4,DACIA_SPRING,Dacia Spring 33 kW,33000,139,13:32.0,8.1,13.0,350,N,12.961338735770145,-84.41989211840118,254,104,,,,1.0,3.0,218.0,32,234,20,45,1
14:07.2,,,79,,98.5,,,,,,,27,-2.0657706,43.15842,118.61753,9.5594925746385,14:07.4,6,-0.24,0101000020E6100000753957B4B28600C0A504D21C47944540,20230419_DACIA_ANDOAIN_AZPEITIA_027,,d1,06:14.2,50:07.4,DACIA_SPRING,Dacia Spring 33 kW,33000,139,13:32.0,8.1,13.0,350,N,11.079192281179104,-111.54324460914818,254,104,,,,1.0,3.0,218.0,32,234,20,25,1
14:12.7,,,79,,98.5,,,,,,,27,-2.0662246,43.15727,120.26606,9.692573913065052,14:12.5,6,0.272,0101000020E61000008A880ABDA08700C0104BE75C21944540,20230419_DACIA_ANDOAIN_AZPEITIA_027,,d1,06:14.2,50:07.4,DACIA_SPRING,Dacia Spring 33 kW,33000,139,13:32.0,8.1,13.0,350,N,9.111664436055186,-125.50096395730128,254,104,,,,1.0,3.0,218.0,32,234,20,25,1
14:18.3,,,78,,98.5,,,,,,,27,-2.0671833,43.155926,121.73808,9.86104851942638,14:18.5,6,-0.223,0101000020E61000000FBFD96A978900C0645DB65FF5934540,20230419_DACIA_ANDOAIN_AZPEITIA_027,,d1,06:14.2,50:07.4,DACIA_SPRING,Dacia Spring 33 kW,33000,139,13:32.0,8.1,13.0,350,N,9.196482607030442,-124.97447376352974,254,104,,,,1.0,3.0,218.0,32,234,20,25,1
14:23.7,,,78,,98.5,,,,,,,27,-2.06795,43.15483,120.50262,9.997875483368349,14:23.5,6,0.206,0101000020E61000004E2C1D5B298B00C0ADD2438CD1934540,20230419_DACIA_ANDOAIN_AZPEITIA_027,,d1,06:14.2,50:07.4,DACIA_SPRING,Dacia Spring 33 kW,33000,139,13:32.0,8.1,13.0,350,N,9.05871560675238,-125.8272326092934,254,104,,,,1.0,3.0,218.0,32,234,20,8,1
14:29.2,,,78,,98.5,,,,,,,27,-2.0688777,43.153545,119.95782,10.159367463274895,14:29.7,6,-0.473,0101000020E6100000B576E8CE0F8D00C08F492D6BA7934540,20230419_DACIA_ANDOAIN_AZPEITIA_027,,d1,06:14.2,50:07.4,DACIA_SPRING,Dacia Spring 33 kW,33000,139,13:32.0,8.1,13.0,350,N,10.191825432921076,-118.37295454677202,254,104,,,,1.0,3.0,218.0,32,234,20,8,1
14:34.6,,,78,,98.5,,,,,,,27,-2.0694907,43.15241,119.23753,10.295018738384753,14:34.6,6,0.036,0101000020E610000058B0F723518E00C04965862482934540,20230419_DACIA_ANDOAIN_AZPEITIA_027,,d1,06:14.2,50:07.4,DACIA_SPRING,Dacia Spring 33 kW,33000,139,13:32.0,8.1,13.0,350,N,11.18021945071856,-110.68152167830404,254,104,,,,1.0,3.0,218.0,32,234,20,8,1
14:40.2,,,78,,98.5,,,,,,,27,-2.0700645,43.15089,121.476875,10.470341893528353,14:40.6,6,-0.462,0101000020E6100000C8C6400C7E8F00C0F62C156550934540,20230419_DACIA_ANDOAIN_AZPEITIA_027,,d1,06:14.2,50:07.4,DACIA_SPRING,Dacia Spring 33 kW,33000,139,13:32.0,8.1,13.0,350,N,10.420358075617692,-116.72009382027186,254,104,,,,1.0,3.0,218.0,32,234,20,8,1
14:45.6,,,78,,98.5,,,,,,,27,-2.0706887,43.14965,124.08926,10.617251167219763,14:45.7,6,-0.033,0101000020E6100000CB7B934EC59000C052A983BB27934540,20230419_DACIA_ANDOAIN_AZPEITIA_027,,d1,06:14.2,50:07.4,DACIA_SPRING,Dacia Spring 33 kW,33000,139,13:32.0,8.1,13.0,350,N,11.487505533124446,-107.91363223243695,254,104,,,,1.0,3.0,218.0,32,234,20,45,2
14:51.2,,,78,,98.5,,,,,,,27,-2.071096,43.14839,123.328094,10.761202397704588,14:50.8,6,0.437,0101000020E6100000A4A1D0C99A9100C0F31D1E7AFE924540,20230419_DACIA_ANDOAIN_AZPEITIA_027,,d1,06:14.2,50:07.4,DACIA_SPRING,Dacia Spring 33 kW,33000,139,13:32.0,8.1,13.0,350,N,12.994829699726855,-81.61598837411775,254,104,,,,1.0,3.0,218.0,32,234,20,45,2
14:57.0,,,78,,98.5,,,,,,,27,-2.070868,43.146843,126.53404,10.934242274561528,14:56.8,6,0.188,0101000020E6100000A397774C239100C0457BDEC9CB924540,20230419_DACIA_ANDOAIN_AZPEITIA_027,,d1,06:14.2,50:07.4,DACIA_SPRING,Dacia Spring 33 kW,33000,139,13:32.0,8.1,13.0,350,N,12.254524962287698,-60.50245039980303,254,104,,,,1.0,3.0,218.0,32,234,20,45,2
15:02.7,,,78,,98.5,,,,,,,27,-2.0700743000000004,43.14544,126.78332,11.103015609767235,15:02.8,6,-0.182,0101000020E61000002F500F1D838F00C0987EB1C29D924540,20230419_DACIA_ANDOAIN_AZPEITIA_027,,d1,06:14.2,50:07.4,DACIA_SPRING,Dacia Spring 33 kW,33000,139,13:32.0,8.1,13.0,350,N,12.86991564345144,-71.88775041754323,254,104,,,,1.0,3.0,218.0,32,234,20,45,2
15:08.2,,,78,,98.5,,,,,,,27,-2.069706,43.144314,128.42311,11.231747679774964,15:07.9,6,0.3289999999999999,0101000020E610000099492805C28E00C0BBEC12DA78924540,20230419_DACIA_ANDOAIN_AZPEITIA_027,,d1,06:14.2,50:07.4,DACIA_SPRING,Dacia Spring 33 kW,33000,139,13:32.0,8.1,13.0,350,N,12.772789554981337,-90.72789901942252,254,104,,,,1.0,3.0,218.0,32,234,20,25,2
15:13.9,,,78,,98.5,,,,,,,27,-2.0697246,43.14285,128.10071000000002,11.394544366021359,15:13.9,6,0.0,0101000020E6100000B55949B5CB8E00C048E4D6E348924540,20230419_DACIA_ANDOAIN_AZPEITIA_027,,d1,06:14.2,50:07.4,DACIA_SPRING,Dacia Spring 33 kW,33000,139,16:46.3,8.1,13.0,350,N,12.740220988915226,-91.4734454939586,254,104,,,,1.0,3.0,218.0,32,234,20,25,2
15:19.5,,,78,,98.5,,,,,,,27,-2.069762,43.141396,129.06996,11.556253167335694,15:20.0,6,-0.48,0101000020E61000009A64EF51DF8E00C0ED87254719924540,20230419_DACIA_ANDOAIN_AZPEITIA_027,,d1,06:14.2,50:07.4,DACIA_SPRING,Dacia Spring 33 kW,33000,139,16:46.3,8.1,13.0,350,N,12.976960925120384,-83.41163555975395,254,104,,,,1.0,3.0,218.0,32,234,20,25,2
15:25.0,,,78,,98.5,,,,,,,27,-2.0696368,43.140312,129.79025,11.677217903649435,15:25.0,6,-0.043,0101000020E6100000DFD613CA9D8E00C0F29169B0F5914540,20230419_DACIA_ANDOAIN_AZPEITIA_027,,d1,06:14.2,50:07.4,DACIA_SPRING,Dacia Spring 33 kW,33000,139,16:46.3,8.1,13.0,350,N,12.873616909899088,-72.00418180889253,254,104,,,,1.0,3.0,218.0,32,234,20,25,3
15:30.5,,,78,,98.5,,,,,,,27,-2.0692837,43.139225,129.4122,11.801436399109166,15:30.1,6,0.418,0101000020E610000004712694E48D00C0F8FA7823D2914540,20230419_DACIA_ANDOAIN_AZPEITIA_027,,d1,06:14.2,50:07.4,DACIA_SPRING,Dacia Spring 33 kW,33000,139,16:46.3,8.1,13.0,350,N,12.93690153153361,-85.6474342316772,254,104,,,,1.0,3.0,218.0,32,234,20,40,3
15:36.0,,,78,,98.5,,,,,,,27,-2.069176,43.13781,129.85991,11.959020342719207,15:36.1,6,-0.1,0101000020E61000009136C31DAC8D00C06B55A8BAA3914540,20230419_DACIA_ANDOAIN_AZPEITIA_027,,d1,06:14.2,50:07.4,DACIA_SPRING,Dacia Spring 33 kW,33000,139,16:46.3,8.1,13.0,350,N,10.986912758303442,-112.3122963700384,254,104,,,,1.0,3.0,218.0,32,234,20,100,3
15:41.6,,,78,,98.5,,,,,,,27,-2.0696504,43.136654,132.6641,12.093230886294503,15:41.1,6,0.428,0101000020E610000058240DEAA48E00C0459A09D27D914540,20230419_DACIA_ANDOAIN_AZPEITIA_027,,d1,06:14.2,50:07.4,DACIA_SPRING,Dacia Spring 33 kW,33000,139,16:46.3,8.1,13.0,350,N,9.275222933494206,-124.48133960479475,254,104,,,,1.0,3.0,218.0,32,234,20,25,3
15:47.3,,,78,,98.5,,,,,,,27,-2.0703633000000004,43.135616,138.1959,12.222454192647582,15:47.2,6,0.078,0101000020E610000047CCB39C1A9000C0F9B261E15B914540,20230419_DACIA_ANDOAIN_AZPEITIA_027,,d1,06:14.2,50:07.4,DACIA_SPRING,Dacia Spring 33 kW,33000,139,16:46.3,8.1,13.0,350,N,10.575072983309015,-115.56392184149864,254,104,,,,1.0,3.0,218.0,32,234,20,100,3
15:52.9,,,78,,98.5,,,,,,,27,-2.070878,43.13454,143.38179,12.349285926036577,15:53.3,6,-0.349,0101000020E6100000ABE4FA88289100C08999869F38914540,20230419_DACIA_ANDOAIN_AZPEITIA_027,,d1,06:14.2,50:07.4,DACIA_SPRING,Dacia Spring 33 kW,33000,139,16:46.3,8.1,13.0,350,N,11.87144347204276,-104.05031011022513,254,104,,,,1.0,3.0,218.0,32,234,20,100,3
15:59.3,,,78,,98.5,,,,,,,27,-2.0711658,43.133390000000006,147.82741,12.479351129110409,15:59.3,6,-0.037,0101000020E6100000AA8A0260BF9100C0A66FF3EB12914540,20230419_DACIA_ANDOAIN_AZPEITIA_027,,d1,06:14.2,50:07.4,DACIA_SPRING,Dacia Spring 33 kW,33000,139,16:46.3,8.1,13.0,350,N,11.015325712712407,-112.0772614216446,254,104,,,,1.0,3.0,218.0,32,234,20,40,3
16:05.1,,,78,,98.5,,,,,,,27,-2.0716152,43.132282,150.16257,12.60786004742649,16:05.4,6,-0.299,0101000020E6100000DF33520BAB9200C0B11308ABEE904540,20230419_DACIA_ANDOAIN_AZPEITIA_027,,d1,06:14.2,50:07.4,DACIA_SPRING,Dacia Spring 33 kW,33000,139,16:46.3,8.1,13.0,350,N,10.337390490679905,-117.32737260773531,254,104,,,,1.0,3.0,218.0,32,234,20,100,3
16:10.7,,,78,,98.5,,,,,,,27,-2.0720627,43.131416,151.3314,12.71078111425112,16:10.4,6,0.26,0101000020E6100000FD9EBFA5959300C0D6F69C45D2904540,20230419_DACIA_ANDOAIN_AZPEITIA_027,,d1,06:14.2,50:07.4,DACIA_SPRING,Dacia Spring 33 kW,33000,139,16:46.3,8.1,13.0,350,N,9.445627362424604,-123.39899521445668,254,104,,,,1.0,3.0,218.0,32,234,20,8,4
16:16.1,,,78,,98.5,,,,,,,27,-2.0726337,43.13055,151.04056,12.817644669683474,16:16.5,6,-0.369,0101000020E6100000FE1E6AF2C09400C03A18E2ECB5904540,20230419_DACIA_ANDOAIN_AZPEITIA_027,,d1,06:14.2,50:07.4,DACIA_SPRING,Dacia Spring 33 kW,33000,139,16:46.3,8.1,13.0,350,N,6.858586819042044,-138.15766656536852,254,104,,,,1.0,3.0,218.0,32,234,20,25,4
16:21.7,,,78,,98.5,,,,,,,27,-2.073306,43.129948,151.6922,12.904003217158893,16:21.5,6,0.172,0101000020E6100000C7C48273219600C016A7FB20A2904540,20230419_DACIA_ANDOAIN_AZPEITIA_027,,d1,06:14.2,50:07.4,DACIA_SPRING,Dacia Spring 33 kW,33000,139,16:46.3,8.1,13.0,350,N,2.3198769613371866,-159.72038953951454,254,104,,,,1.0,3.0,218.0,32,234,20,100,4
16:27.2,,,78,,98.5,,,,,,,27,-2.074421,43.129536,151.9116,13.005423299765697,16:27.6,6,-0.426,0101000020E6100000EDD7DA066A9800C00328469094904540,20230419_DACIA_ANDOAIN_AZPEITIA_027,,d1,06:14.2,50:07.4,DACIA_SPRING,Dacia Spring 33 kW,33000,139,16:46.3,8.1,13.0,350,N,-0.9471715117211266,-174.1782353425448,254,104,,,,1.0,3.0,218.0,32,234,20,45,4
16:32.7,,,78,,98.5,,,,,,,27,-2.0755587,43.12942,150.82687,13.098652040223318,16:32.7,6,0.092,0101000020E6100000DEE3328CBE9A00C0192BA1E590904540,20230419_DACIA_ANDOAIN_AZPEITIA_027,,d1,06:14.2,50:07.4,DACIA_SPRING,Dacia Spring 33 kW,33000,139,16:46.3,8.1,13.0,350,N,-1.530041843343231,-176.75912344661435,254,104,,,,1.0,3.0,218.0,32,234,20,55,4
16:38.3,,,78,,98.5,,,,,,,27,-2.0770245,43.129337,146.75137,13.218030808126137,16:38.7,6,-0.386,0101000020E61000001C9B75FCBE9D00C03A32BD168E904540,20230419_DACIA_ANDOAIN_AZPEITIA_027,,d1,06:14.2,50:07.4,DACIA_SPRING,Dacia Spring 33 kW,33000,139,16:46.3,8.1,13.0,350,N,1.0704094276771885,-165.27696499726898,254,104,,,,1.0,3.0,218.0,32,234,20,45,4
16:44.0,,,77,,98.5,,,,,,,27,-2.0783298,43.128994,143.81589,13.330653405897763,16:43.7,6,0.301,0101000020E6100000FF1EF86F6BA000C02761F0D782904540,20230419_DACIA_ANDOAIN_AZPEITIA_027,,d1,06:14.2,50:07.4,DACIA_SPRING,Dacia Spring 33 kW,33000,139,16:46.3,8.1,13.0,350,N,2.791528329173059,-157.6001395487498,254,104,,,,1.0,3.0,218.0,32,234,20,45,4
16:49.7,,,78,,98.5,,,,,,,27,-2.0797467,43.12841,139.61281,13.462774784968705,16:49.8,6,-0.158,0101000020E61000008FC5A93052A300C01B6472C96F904540,20230419_DACIA_ANDOAIN_AZPEITIA_027,,d1,06:14.2,50:07.4,DACIA_SPRING,Dacia Spring 33 kW,33000,139,16:46.3,8.1,13.0,350,N,0.3811318910201531,-168.31997089850637,254,104,,,,1.0,3.0,218.0,32,234,20,100,4
16:55.2,,,77,,98.5,,,,,,,27,-2.0810044,43.12815,140.66,13.568861424341206,16:54.8,6,0.3829999999999999,0101000020E6100000906AF7ACE5A500C04728A83167904540,20230419_DACIA_ANDOAIN_AZPEITIA_027,,d1,06:14.2,50:07.4,DACIA_SPRING,Dacia Spring 33 kW,33000,139,16:46.3,8.1,13.0,350,N,-1.3720219796275188,-176.0582879270193,254,104,,,,1.0,3.0,218.0,32,234,20,100,4
17:00.7,,,77,,98.5,,,,,,,27,-2.0827024,43.128033,141.6936,13.707275994062677,17:00.9,6,-0.13,0101000020E61000007AD7ECDD5FA900C0B359925763904540,20230419_DACIA_ANDOAIN_AZPEITIA_027,,d1,06:14.2,50:07.4,DACIA_SPRING,Dacia Spring 33 kW,33000,139,16:46.3,8.1,13.0,350,N,0.5956666506677327,-167.37375854942334,254,104,,,,1.0,3.0,218.0,32,234,20,8,4
17:06.2,,,77,,98.5,,,,,,,27,-2.083997,43.127743,140.49858,13.817180985845077,17:05.9,6,0.303,0101000020E6100000529FEDA406AC00C0300AE0EA59904540,20230419_DACIA_ANDOAIN_AZPEITIA_027,,d1,06:14.2,50:07.4,DACIA_SPRING,Dacia Spring 33 kW,33000,139,16:46.3,8.1,13.0,350,N,4.182587060854337,-151.23196793338744,254,104,,,,1.0,3.0,218.0,32,234,20,100,4
17:11.8,,,77,,98.5,,,,,,,27,-2.0853503,43.127,140.36455,13.954612498595898,17:12.0,6,-0.151,0101000020E61000002585FC1FCCAE00C03953148141904540,20230419_DACIA_ANDOAIN_AZPEITIA_027,,d1,06:14.2,50:07.4,DACIA_SPRING,Dacia Spring 33 kW,33000,139,16:46.3,8.1,13.0,350,N,7.931278063899219,-132.40338805422292,254,104,,,,1.0,3.0,218.0,32,234,20,100,4
17:17.7,,,77,,98.5,,,,,,,27,-2.0863302,43.125927,138.7266,14.098007558799262,17:18.0,6,-0.319,0101000020E610000096B3C7D3CDB000C0929A24661E904540,20230419_DACIA_ANDOAIN_AZPEITIA_027,,d1,06:14.2,50:07.4,DACIA_SPRING,Dacia Spring 33 kW,33000,139,16:46.3,8.1,13.0,350,N,10.779051771324829,-113.98767641632274,254,104,,,,1.0,3.0,218.0,32,234,20,25,4
17:23.2,,,77,,98.5,,,,,,,27,-2.0867903,43.124893,136.6254,14.218912816452807,17:23.1,6,0.119,0101000020E610000081C51725BFB100C05A50C471FC8F4540,20230419_DACIA_ANDOAIN_AZPEITIA_027,,d1,06:14.2,50:07.4,DACIA_SPRING,Dacia Spring 33 kW,33000,139,16:46.3,8.1,13.0,350,N,9.975938380456544,-119.88081654485094,254,104,,,,1.0,3.0,218.0,32,234,20,45,5
17:28.8,,,77,,98.5,,,,,,,27,-2.0873034,43.124,135.95824,14.326590204247621,17:29.1,6,-0.318,0101000020E610000082D0082BCCB200C03F9CC137DF8F4540,20230419_DACIA_ANDOAIN_AZPEITIA_027,,d1,06:14.2,50:07.4,DACIA_SPRING,Dacia Spring 33 kW,33000,139,16:46.3,8.1,13.0,350,N,7.609110794737463,-134.17466770878468,254,104,,,,1.0,3.0,218.0,32,234,20,45,5
17:34.3,,,77,,98.5,,,,,,,27,-2.087796,43.123493,133.33106999999998,14.395752652103402,17:34.3,6,0.09,0101000020E61000007EAF8061CEB300C0AC83D2A1CE8F4540,20230419_DACIA_ANDOAIN_AZPEITIA_027,,d1,06:14.2,50:07.4,DACIA_SPRING,Dacia Spring 33 kW,33000,139,16:46.3,8.1,13.0,350,N,2.946894642768504,-156.89806483834028,254,104,,,,1.0,3.0,218.0,32,234,20,45,5
17:39.9,,,77,,98.5,,,,,,,27,-2.0880609,43.12338,132.34091,14.42067394929706,17:40.3,6,-0.4,0101000020E6100000C23AE84559B400C0BF1AFBD3CA8F4540,20230419_DACIA_ANDOAIN_AZPEITIA_027,,d1,06:14.2,50:07.4,DACIA_SPRING,Dacia Spring 33 kW,33000,139,18:32.1,8.1,13.0,120,ESE,12.992812382086148,151.90536620164863,254,104,,,,1.0,3.0,218.0,32,234,20,45,5
17:45.5,,,77,,98.5,,,,,,,27,-2.088222,43.123466,131.5081,14.436893978473448,17:45.4,6,0.132,0101000020E610000076FB73BFADB400C06E7E71CDCD8F4540,20230419_DACIA_ANDOAIN_AZPEITIA_027,,d1,06:14.2,50:07.4,DACIA_SPRING,Dacia Spring 33 kW,33000,139,18:32.1,8.1,13.0,120,ESE,5.276410805997163,83.9461434424987,254,104,,,,1.0,3.0,218.0,32,234,20,45,5
17:51.1,,,77,,98.5,,,,,,,27,-2.0881677,43.123978,130.76766999999998,14.494000890243251,17:51.4,6,-0.24,0101000020E610000092ECCD4491B400C0E0093A84DE8F4540,20230419_DACIA_ANDOAIN_AZPEITIA_027,,d1,06:14.2,50:07.4,DACIA_SPRING,Dacia Spring 33 kW,33000,139,18:32.1,8.1,13.0,120,ESE,3.6044604077014353,76.09710964061614,254,104,,,,1.0,3.0,218.0,32,234,20,45,5
17:56.7,,,77,,98.5,,,,,,,27,-2.0880375,43.124504,131.25485,14.553438276065734,17:56.4,6,0.31,0101000020E6100000ABEEC8034DB400C0A9C890B3EF8F4540,20230419_DACIA_ANDOAIN_AZPEITIA_027,,d1,06:14.2,50:07.4,DACIA_SPRING,Dacia Spring 33 kW,33000,139,18:32.1,8.1,13.0,120,ESE,2.851022953668508,72.66847738759812,254,104,,,,1.0,3.0,218.0,32,234,20,55,5
18:02.3,,,77,,98.5,,,,,,,27,-2.0880013,43.12462,132.21545,14.566702070844423,18:02.5,6,-0.172,0101000020E610000004A069F839B400C00B5B098DF38F4540,20230419_DACIA_ANDOAIN_AZPEITIA_027,,d1,06:14.2,50:07.4,DACIA_SPRING,Dacia Spring 33 kW,33000,139,18:32.1,8.1,13.0,120,ESE,12.75858052025522,161.0592711471004,254,104,,,,1.0,3.0,218.0,32,234,20,55,5
18:07.8,,,77,,98.5,,,,,,,27,-2.088147,43.12467,133.82109,14.579866860271117,18:07.6,6,0.264,0101000020E61000002BD5835686B400C011071E13F58F4540,20230419_DACIA_ANDOAIN_AZPEITIA_027,,d1,06:14.2,50:07.4,DACIA_SPRING,Dacia Spring 33 kW,33000,139,18:32.1,8.1,13.0,120,ESE,1.5669721132655288,-126.92305592287676,254,104,,,,1.0,3.0,218.0,32,234,20,55,5
18:13.3,,,77,,98.5,,,,,,,27,-2.0885355,43.124153,132.17824,14.64545402425014,18:13.6,6,-0.231,0101000020E610000063D76A1352B500C012034245E48F4540,20230419_DACIA_ANDOAIN_AZPEITIA_027,,d1,06:14.2,50:07.4,DACIA_SPRING,Dacia Spring 33 kW,33000,139,18:32.1,8.1,13.0,120,ESE,4.1313196267646495,-138.52955666357326,254,104,,,,1.0,3.0,218.0,32,234,20,45,5
18:18.8,,,77,,98.5,,,,,,,27,-2.089082,43.12367,129.66113,14.715153372493425,18:18.6,6,0.16,0101000020E6100000AC774DA670B600C0944CF856D48F4540,20230419_DACIA_ANDOAIN_AZPEITIA_027,,d1,06:14.2,50:07.4,DACIA_SPRING,Dacia Spring 33 kW,33000,139,18:32.1,8.1,13.0,120,ESE,8.451080577608746,-160.54786916028425,254,104,,,,1.0,3.0,218.0,32,234,20,55,5
18:24.3,,,77,,98.5,,,,,,,27,-2.0896766,43.12346,130.47461,14.768769456959912,18:24.7,6,-0.31,0101000020E61000009A2A6B6FA8B700C00C516A82CD8F4540,20230419_DACIA_ANDOAIN_AZPEITIA_027,,d1,06:14.2,50:07.4,DACIA_SPRING,Dacia Spring 33 kW,33000,139,18:32.1,8.1,13.0,120,ESE,11.492639471642676,177.86525952848703,254,104,,,,1.0,3.0,218.0,32,234,20,40,5
18:29.8,,,77,,98.5,,,,,,,27,-2.0905619,43.123493,128.10306,14.840752415641504,18:29.7,6,0.092,0101000020E6100000367DBC8678B900C0FD2D3C95CE8F4540,20230419_DACIA_ANDOAIN_AZPEITIA_027,,d1,06:14.2,50:07.4,DACIA_SPRING,Dacia Spring 33 kW,33000,139,18:32.1,8.1,13.0,120,ESE,12.14901622432604,170.8460913621556,254,104,,,,1.0,3.0,218.0,32,234,20,25,5
18:35.3,,,77,,98.5,,,,,,,27,-2.0916293,43.123665,128.1044,14.929467702186113,18:35.7,6,-0.4,0101000020E61000006634FC10A8BB00C0656ECB31D48F4540,20230419_DACIA_ANDOAIN_AZPEITIA_027,,d1,06:14.2,50:07.4,DACIA_SPRING,Dacia Spring 33 kW,33000,139,18:32.1,8.1,13.0,120,ESE,12.96253404877906,145.6490039017473,254,104,,,,1.0,3.0,218.0,32,234,20,55,5
18:40.9,,,77,,98.5,,,,,,,27,-2.0922804,43.12411,128.32974,15.0018611623315,18:40.8,6,0.08,0101000020E6100000AEB5C779FDBC00C0A810E6D4E28F4540,20230419_DACIA_ANDOAIN_AZPEITIA_027,,d1,06:14.2,50:07.4,DACIA_SPRING,Dacia Spring 33 kW,33000,139,18:32.1,8.1,13.0,120,ESE,12.035266517166177,172.21225729439615,254,104,,,,1.0,3.0,218.0,32,234,20,55,5
18:46.5,,,77,,98.5,,,,,,,27,-2.093209,43.124237,131.32043000000002,15.07859470787047,18:46.9,6,-0.32,0101000020E6100000A9BE4E5EE4BE00C02D821204E78F4540,20230419_DACIA_ANDOAIN_AZPEITIA_027,,d1,06:14.2,50:07.4,DACIA_SPRING,Dacia Spring 33 kW,33000,139,18:32.1,8.1,13.0,120,ESE,8.228351126843624,-159.26811150797388,254,104,,,,1.0,3.0,218.0,32,234,20,25,5
18:52.1,,,76,,98.5,,,,,,,27,-2.094065,43.123913,130.86008,15.156853706535387,18:51.9,6,0.231,0101000020E6100000F790392BA5C000C09507DE61DC8F4540,20230419_DACIA_ANDOAIN_AZPEITIA_027,,d1,06:14.2,50:07.4,DACIA_SPRING,Dacia Spring 33 kW,33000,139,18:32.1,8.1,13.0,120,ESE,8.898354935933773,-163.1954206584722,254,104,,,,1.0,3.0,218.0,32,234,20,55,5
18:57.9,,,76,,98.5,,,,,,,27,-2.094863,43.123672,130.07033,15.22694809220099,18:57.9,6,-0.06,0101000020E6100000EBC0098D47C200C099903072D48F4540,20230419_DACIA_ANDOAIN_AZPEITIA_027,,d1,06:14.2,50:07.4,DACIA_SPRING,Dacia Spring 33 kW,33000,139,18:32.1,8.1,13.0,120,ESE,12.6288619208985,163.72373705792288,254,104,,,,1.0,3.0,218.0,32,234,20,55,5
19:03.5,,,76,,98.5,,,,,,,27,-2.0957398,43.123928,134.04516999999998,15.303693478650692,19:04.0,6,-0.498,0101000020E610000030A00D4313C400C01544CADEDC8F4540,20230419_DACIA_ANDOAIN_AZPEITIA_027,,d1,06:14.2,50:07.4,DACIA_SPRING,Dacia Spring 33 kW,33000,139,18:32.1,8.1,13.0,120,ESE,12.906090946101116,156.89098763601106,254,104,,,,1.0,3.0,218.0,32,234,20,55,5
19:08.9,,,76,,98.5,,,,,,,27,-2.0963655,43.124195,135.29962,15.36252973904405,19:09.0,6,-0.11,0101000020E61000001E9F5C385BC500C0CBC1A099E58F4540,20230419_DACIA_ANDOAIN_AZPEITIA_027,,d1,06:14.2,50:07.4,DACIA_SPRING,Dacia Spring 33 kW,33000,139,18:32.1,8.1,13.0,120,ESE,6.781265388096079,-151.44204176242098,254,104,,,,1.0,3.0,218.0,32,234,20,25,5
19:14.7,,,76,,98.5,,,,,,,27,-2.097207,43.123737,138.84634,15.447796163928201,19:15.1,6,-0.42,0101000020E61000005ECA257D14C700C00FE94EACD68F4540,20230419_DACIA_ANDOAIN_AZPEITIA_027,,d1,06:14.2,50:07.4,DACIA_SPRING,Dacia Spring 33 kW,33000,139,18:32.1,8.1,13.0,120,ESE,5.928220973261039,-147.13038877615787,254,104,,,,1.0,3.0,218.0,32,234,20,25,5
19:24.5,,,76,,98.5,,,,,,,27,-2.097874,43.123306,140.43903,15.520113114612638,19:24.4,6,0.1,0101000020E6100000F245511472C800C07444C081C88F4540,20230419_DACIA_ANDOAIN_AZPEITIA_027,,d1,06:14.2,50:07.4,DACIA_SPRING,Dacia Spring 33 kW,33000,139,18:32.1,8.1,13.0,120,ESE,10.172898167376204,-171.4928648850766,254,104,,,,1.0,3.0,218.0,32,234,20,25,5
19:37.5,,,76,,98.5,,,,,,,27,-2.0997593,43.123024,140.43861,15.6763033461197,19:37.5,6,-0.001,0101000020E6100000AB1E36A54ECC00C001C0AE34BF8F4540,20230419_DACIA_ANDOAIN_AZPEITIA_027,,d1,06:14.2,50:07.4,DACIA_SPRING,Dacia Spring 33 kW,33000,139,18:32.1,8.1,13.0,120,ESE,11.584054798686074,176.9905818142034,254,104,,,,1.0,3.0,218.0,32,234,20,25,5
19:43.5,,,76,,98.5,,,,,,,27,-2.1020799,43.123146000000006,135.36377,15.865198709479136,19:43.4,6,0.19,0101000020E61000005612643E0FD100C06C42B44EC38F4540,20230419_DACIA_ANDOAIN_AZPEITIA_027,,d1,06:14.2,50:07.4,DACIA_SPRING,Dacia Spring 33 kW,33000,139,18:32.1,8.1,13.0,120,ESE,10.973527821201728,-177.57750886900516,254,104,,,,1.0,3.0,218.0,32,234,20,25,5
19:57.7,,,76,,98.5,,,,,,,27,-2.1034036,43.123090000000005,138.52827,15.972856605836432,19:58.3,6,-0.643,0101000020E6100000955D8F3AC5D300C06D06C550C18F4540,20230419_DACIA_ANDOAIN_AZPEITIA_027,,d1,06:14.2,50:07.4,DACIA_SPRING,Dacia Spring 33 kW,33000,139,18:32.1,8.1,13.0,120,ESE,10.86627987699969,-176.70629564943397,254,104,,,,1.0,3.0,218.0,32,234,20,25,5
20:15.9,,,76,,98.5,,,,,,,27,-2.1056104,43.122963,141.96861,16.152548855610902,20:16.5,6,-0.5920000000000001,0101000020E61000008DC4034A4AD800C00A750544BD8F4540,20230419_DACIA_ANDOAIN_AZPEITIA_027,,d1,06:14.2,50:07.4,DACIA_SPRING,Dacia Spring 33 kW,33000,139,21:46.3,8.1,13.0,350,N,-2.993568242222005,176.6867679248233,254,104,,,,1.0,3.0,218.0,32,234,20,25,6
20:30.1,,,76,,98.5,,,,,,,27,-2.1073205,43.123062,142.95807,16.291779656883,20:29.8,6,0.321,0101000020E6100000FB3E4EDDCADB00C0FC47CE81C08F4540,20230419_DACIA_ANDOAIN_AZPEITIA_027,,d1,06:14.2,50:07.4,DACIA_SPRING,Dacia Spring 33 kW,33000,139,21:46.3,8.1,13.0,350,N,-6.483715037902987,160.08284271428872,254,104,,,,1.0,3.0,218.0,32,234,20,55,6
20:39.5,,,76,,98.5,,,,,,,27,-2.109763,43.123947,160.1073,16.513756610084084,20:39.4,6,0.084,0101000020E6100000A1E7945CCBE000C0B395EA80DD8F4540,20230419_DACIA_ANDOAIN_AZPEITIA_027,,d1,06:14.2,50:07.4,DACIA_SPRING,Dacia Spring 33 kW,33000,139,21:46.3,8.1,13.0,350,N,-5.174027823324282,166.54665810993197,254,104,,,,1.0,3.0,218.0,32,234,20,25,6
20:47.0,,,76,,98.5,,,,,,,27,-2.111757,43.124424,170.31439,16.684362107351383,20:47.0,6,-0.001,0101000020E61000008BB320D0E0E400C0CEFEFA27ED8F4540,20230419_DACIA_ANDOAIN_AZPEITIA_027,,d1,06:14.2,50:07.4,DACIA_SPRING,Dacia Spring 33 kW,33000,139,21:46.3,8.1,13.0,350,N,-2.894563218136932,177.1347600714969,254,104,,,,1.0,3.0,218.0,32,234,20,25,6
20:52.8,,,76,,98.5,,,,,,,27,-2.1139748,43.124535,184.25569,16.865314574309114,20:52.9,6,-0.083,0101000020E6100000A929F69E6BE900C09E2E8BCDF08F4540,20230419_DACIA_ANDOAIN_AZPEITIA_027,,d1,06:14.2,50:07.4,DACIA_SPRING,Dacia Spring 33 kW,33000,139,21:46.3,8.1,13.0,350,N,-1.1860717586076115,-175.23473388063098,254,104,,,,1.0,3.0,218.0,32,234,20,8,6
20:58.2,,,76,,98.5,,,,,,,27,-2.1148505,43.124462,188.88696,16.936996319480222,20:57.9,6,0.271,0101000020E6100000AAF0CCC236EB00C00C7BC36BEE8F4540,20230419_DACIA_ANDOAIN_AZPEITIA_027,,d1,06:14.2,50:07.4,DACIA_SPRING,Dacia Spring 33 kW,33000,139,21:46.3,8.1,13.0,350,N,-2.398965291078496,179.3659307517591,254,104,,,,1.0,3.0,218.0,32,234,20,8,6
21:03.8,,,75,,98.5,,,,,,,27,-2.1159348,43.124474,198.21658,17.025499053186905,21:04.4,6,-0.5710000000000001,0101000020E6100000B452EA336FED00C02B409CBAEE8F4540,20230419_DACIA_ANDOAIN_AZPEITIA_027,,d1,06:14.2,50:07.4,DACIA_SPRING,Dacia Spring 33 kW,33000,139,21:46.3,8.1,13.0,350,N,-0.6948499850242488,-173.06391941805643,254,104,,,,1.0,3.0,218.0,32,234,20,8,6
21:11.3,,,75,,98.5,,,,,,,27,-2.1170363,43.12434,204.28114,17.116330481371296,21:11.4,6,-0.089,0101000020E61000006267E5C8B0EF00C09C87646DEA8F4540,20230419_DACIA_ANDOAIN_AZPEITIA_027,,d1,06:14.2,50:07.4,DACIA_SPRING,Dacia Spring 33 kW,33000,139,21:46.3,8.1,13.0,350,N,0.3430930726310525,-168.48768709360218,254,104,,,,1.0,3.0,218.0,32,234,20,55,6
21:17.1,,,75,,98.5,,,,,,,27,-2.1178415,43.124176,208.76088,17.184323512743326,21:17.2,6,-0.11,0101000020E6100000BF918DE556F100C0C52A660CE58F4540,20230419_DACIA_ANDOAIN_AZPEITIA_027,,d1,06:14.2,50:07.4,DACIA_SPRING,Dacia Spring 33 kW,33000,139,21:46.3,8.1,13.0,350,N,-7.156160883973207,156.60046846392876,254,104,,,,1.0,3.0,218.0,32,234,20,55,6
21:24.7,,,75,,98.5,,,,,,,27,-2.1184978,43.12446,214.40796,17.246502325151187,21:24.7,6,0.003,0101000020E6100000532D0304AFF200C09A22BD36EE8F4540,20230419_DACIA_ANDOAIN_AZPEITIA_027,,d1,06:14.2,50:07.4,DACIA_SPRING,Dacia Spring 33 kW,33000,139,21:46.3,8.1,13.0,350,N,-4.734223859615681,168.64342239702574,254,104,,,,1.0,3.0,218.0,32,234,20,55,6
21:33.4,,,75,,98.5,,,,,,,27,-2.12034,43.12483,230.55965,17.402407364543045,21:33.3,6,0.141,0101000020E6100000034328E474F600C005AE7C6CFA8F4540,20230419_DACIA_ANDOAIN_AZPEITIA_027,,d1,06:14.2,50:07.4,DACIA_SPRING,Dacia Spring 33 kW,33000,139,21:46.3,8.1,13.0,350,N,-10.070549102095129,139.22599817772388,254,104,,,,1.0,3.0,218.0,32,234,20,55,6
21:38.9,,,74,,98.5,,,,,,,27,-2.120776,43.125206,238.19737,17.457710312223867,21:38.4,6,0.5820000000000001,0101000020E6100000D014D66359F700C09CEDC9C306904540,20230419_DACIA_ANDOAIN_AZPEITIA_027,,d1,06:14.2,50:07.4,DACIA_SPRING,Dacia Spring 33 kW,33000,139,21:46.3,8.1,13.0,350,N,-10.199049842494132,138.3216340041304,254,104,,,,1.0,3.0,218.0,32,234,20,55,6
21:44.5,,,74,,98.5,,,,,,,27,-2.1214578,43.125813,245.62245,17.54530275654654,21:44.4,6,0.071,0101000020E6100000D2F3A8EDBEF800C0CF43CD991A904540,20230419_DACIA_ANDOAIN_AZPEITIA_027,,d1,06:14.2,50:07.4,DACIA_SPRING,Dacia Spring 33 kW,33000,139,21:46.3,8.1,13.0,350,N,-7.302453755795471,155.824669684052,254,104,,,,1.0,3.0,218.0,32,234,20,25,6
21:50.0,,,74,,98.5,,,,,,,27,-2.1222308,43.12616,252.93997,17.619314993908386,21:50.4,6,-0.441,0101000020E6100000F056F22254FA00C0313F6CF025904540,20230419_DACIA_ANDOAIN_AZPEITIA_027,,d1,06:14.2,50:07.4,DACIA_SPRING,Dacia Spring 33 kW,33000,139,21:46.3,8.1,13.0,350,N,-6.809670247340017,158.4111068274096,254,104,,,,1.0,3.0,218.0,32,234,20,25,6
21:55.8,,,74,,98.5,,,,,,,27,-2.1229384,43.12644,258.74734,17.684895382025946,21:55.5,6,0.252,0101000020E6100000A334BB20C7FB00C0004A952B2F904540,20230419_DACIA_ANDOAIN_AZPEITIA_027,,d1,06:14.2,50:07.4,DACIA_SPRING,Dacia Spring 33 kW,33000,139,21:46.3,8.1,13.0,350,N,-6.790882311965445,158.50826514986855,254,104,,,,1.0,3.0,218.0,32,234,20,55,6
22:01.3,,,74,,98.5,,,,,,,27,-2.1238527,43.1268,264.42853,17.76939590046764,22:01.5,6,-0.239,0101000020E6100000BEDE0975A6FD00C0D962BAF63A904540,20230419_DACIA_ANDOAIN_AZPEITIA_027,,d1,06:14.2,50:07.4,DACIA_SPRING,Dacia Spring 33 kW,33000,139,21:46.3,8.1,13.0,350,N,-6.345846066936399,160.78146604617672,254,104,,,,1.0,3.0,218.0,32,234,20,55,6
22:06.8,,,74,,98.5,,,,,,,27,-2.1246846,43.12709,270.95624,17.84449842397132,22:06.6,6,0.218,0101000020E6100000374EDA9E5AFF00C07FEBB77144904540,20230419_DACIA_ANDOAIN_AZPEITIA_027,,d1,06:14.2,50:07.4,DACIA_SPRING,Dacia Spring 33 kW,33000,139,21:46.3,8.1,13.0,350,N,-4.890259553508344,167.90311983492754,254,104,,,,1.0,3.0,218.0,32,234,20,55,6
22:12.7,,,74,,98.5,,,,,,,27,-2.1257904,43.127327,281.76114,17.938650275983857,22:12.6,6,0.052,0101000020E6100000DA1FB2619E0101C02922FB344C904540,20230419_DACIA_ANDOAIN_AZPEITIA_027,,d1,06:14.2,50:07.4,DACIA_SPRING,Dacia Spring 33 kW,33000,139,21:46.3,8.1,13.0,350,N,-5.39029765870574,165.50346058953755,254,104,,,,1.0,3.0,218.0,32,234,20,8,6
22:18.1,,,74,,98.5,,,,,,,27,-2.1265562,43.127525,292.8244,18.005504321959997,22:17.6,6,0.482,0101000020E6100000353982E42F0301C0F8E44EC952904540,20230419_DACIA_ANDOAIN_AZPEITIA_027,,d1,06:14.2,50:07.4,DACIA_SPRING,Dacia Spring 33 kW,33000,139,21:46.3,8.1,13.0,350,N,-3.2105466613408127,175.7020035326654,254,104,,,,1.0,3.0,218.0,32,234,20,55,6
22:23.6,,,74,,98.5,,,,,,,27,-2.1274743,43.127594,306.06818,18.081567457885885,22:23.7,6,-0.052,0101000020E6100000A64BE243110501C0A25936F054904540,20230419_DACIA_ANDOAIN_AZPEITIA_027,,d1,06:14.2,50:07.4,DACIA_SPRING,Dacia Spring 33 kW,33000,139,21:46.3,8.1,13.0,350,N,-1.585806252095428,-177.0066820073725,254,104,,,,1.0,3.0,218.0,32,234,20,55,7
22:29.1,,,74,,98.5,,,,,,,27,-2.1282775000000003,43.127552,317.2575,18.14786826327958,22:28.7,6,0.332,0101000020E61000002160155EB60601C07E4FC69853904540,20230419_DACIA_ANDOAIN_AZPEITIA_027,,d1,06:14.2,50:07.4,DACIA_SPRING,Dacia Spring 33 kW,33000,139,21:46.3,8.1,13.0,350,N,-0.6102827214528388,-172.6907292569497,254,104,,,,1.0,3.0,218.0,32,234,20,8,7
22:34.6,,,74,,98.5,,,,,,,27,-2.1293066,43.12742,325.6613,18.233079131111943,22:34.8,6,-0.206,0101000020E61000007A88FCD9D10801C05C2A1C364F904540,20230419_DACIA_ANDOAIN_AZPEITIA_027,,d1,06:14.2,50:07.4,DACIA_SPRING,Dacia Spring 33 kW,33000,139,21:46.3,8.1,13.0,350,N,-0.5737982450141024,-172.52976168954183,254,104,,,,1.0,3.0,218.0,32,234,20,55,7
22:40.1,,,74,,98.5,,,,,,,27,-2.1301455,43.12731,331.63605,18.302506860568446,22:39.8,6,0.291,0101000020E61000009EFEC2B6890A01C05ED97BB74B904540,20230419_DACIA_ANDOAIN_AZPEITIA_027,,d1,06:14.2,50:07.4,DACIA_SPRING,Dacia Spring 33 kW,33000,139,21:46.3,8.1,13.0,350,N,-0.8551316542194881,-173.7716028418241,254,104,,,,1.0,3.0,218.0,32,234,20,55,7
22:45.7,,,74,,98.5,,,,,,,27,-2.1311076,43.127205,339.52515,18.38184662203504,22:45.9,6,-0.14,0101000020E6100000D8C2D628820C01C085D6C84848904540,20230419_DACIA_ANDOAIN_AZPEITIA_027,,d1,06:14.2,50:07.4,DACIA_SPRING,Dacia Spring 33 kW,33000,139,21:46.3,8.1,13.0,350,N,-0.0183463135194604,-170.08085897563186,254,104,,,,1.0,3.0,218.0,32,234,20,55,7
22:51.2,,,74,,98.5,,,,,,,27,-2.131851,43.127075,344.44302000000005,18.444078992450468,22:50.9,6,0.352,0101000020E610000055FD9AE3070E01C0E6CC3E0F44904540,20230419_DACIA_ANDOAIN_AZPEITIA_027,,d1,06:14.2,50:07.4,DACIA_SPRING,Dacia Spring 33 kW,33000,139,21:46.3,8.1,13.0,350,N,-0.4984950331265321,-172.19758966496482,254,104,,,,1.0,3.0,218.0,32,234,20,25,7
22:56.9,,,74,,98.5,,,,,,,27,-2.1325443,43.12698,351.1058,18.50171287413576,22:56.9,6,-0.048,0101000020E6100000415BEA6C730F01C07F53B5DF40904540,20230419_DACIA_ANDOAIN_AZPEITIA_027,,d1,06:14.2,50:07.4,DACIA_SPRING,Dacia Spring 33 kW,33000,139,21:46.3,8.1,13.0,350,N,-4.135691858067164,171.45011851779515,254,104,,,,1.0,3.0,218.0,32,234,20,25,7
23:02.6,,,74,,98.5,,,,,,,27,-2.133409,43.12711,357.27792,18.573625877170887,23:03.0,6,-0.391,0101000020E61000003B241BB6381101C01373202A45904540,20230419_DACIA_ANDOAIN_AZPEITIA_027,,d1,06:14.2,50:07.4,DACIA_SPRING,Dacia Spring 33 kW,33000,139,21:46.3,8.1,13.0,350,N,0.9255927844846986,-165.91711773175425,254,104,,,,1.0,3.0,218.0,32,234,20,10,7
23:08.3,,,74,,98.5,,,,,,,27,-2.1342182000000003,43.126907,362.67017,18.643276269180202,23:08.1,6,0.209,0101000020E61000008444A208E11201C01069C7703E904540,20230419_DACIA_ANDOAIN_AZPEITIA_027,,d1,06:14.2,50:07.4,DACIA_SPRING,Dacia Spring 33 kW,33000,139,21:46.3,8.1,13.0,350,N,2.53912835722784,-158.73672449697898,254,104,,,,1.0,3.0,218.0,32,234,20,10,7
23:13.9,,,73,,98.5,,,,,,,27,-2.1350842,43.12657,367.5896,18.72307413189032,23:14.2,6,-0.32,0101000020E6100000E5601802A71401C0B795597B33904540,20230419_DACIA_ANDOAIN_AZPEITIA_027,,d1,06:14.2,50:07.4,DACIA_SPRING,Dacia Spring 33 kW,33000,139,21:46.3,8.1,13.0,350,N,6.336799244138958,-140.8271413734582,254,104,,,,1.0,3.0,218.0,32,234,20,10,7
23:25.6,,,73,,98.5,,,,,,,27,-2.1357224,43.12605,376.3012700000001,18.801187893939083,23:24.9,6,0.691,0101000020E6100000CFF1D89CF51501C03C4AB36C22904540,20230419_DACIA_ANDOAIN_AZPEITIA_027,,d1,06:14.2,50:07.4,DACIA_SPRING,Dacia Spring 33 kW,33000,139,21:46.3,8.1,13.0,350,N,8.087492022676473,-131.52926874944475,254,104,,,,1.0,3.0,218.0,32,234,20,10,7
23:35.6,,,73,,98.5,,,,,,,27,-2.1362095,43.1255,387.20337,18.874820582936895,23:35.7,6,-0.11,0101000020E6100000CE3EE70BF51601C0A0AC2F6F10904540,20230419_DACIA_ANDOAIN_AZPEITIA_027,,d1,06:14.2,50:07.4,DACIA_SPRING,Dacia Spring 33 kW,33000,139,21:46.3,8.1,13.0,350,N,-0.7354971433653879,-173.24333817121783,254,104,,,,1.0,3.0,218.0,32,234,20,55,7
26:10.8,,,71,,98.5,,,,,,,27,-2.1543398,43.123352,530.3834,20.372358157680253,26:11.2,6,-0.32,0101000020E610000035A53A85163C01C01DB78EFCC98F4540,20230419_DACIA_ANDOAIN_AZPEITIA_027,,d1,06:14.2,50:07.4,DACIA_SPRING,Dacia Spring 33 kW,33000,139,26:46.3,8.1,13.0,350,N,-12.596311843661049,114.3159197321502,254,104,,,,1.0,3.0,218.0,32,234,20,55,9
26:20.3,,,71,,98.5,,,,,,,27,-2.154657,43.124054,534.80963,20.454671625132686,26:20.0,6,0.349,0101000020E6100000FC902DC4BC3C01C031249604E18F4540,20230419_DACIA_ANDOAIN_AZPEITIA_027,,d1,06:14.2,50:07.4,DACIA_SPRING,Dacia Spring 33 kW,33000,139,26:46.3,8.1,13.0,350,N,-8.467393878615045,149.35744324308428,254,104,,,,1.0,3.0,218.0,32,234,20,55,9
26:26.0,,,70,,98.5,,,,,,,27,-2.157368,43.12566,557.5663,20.73895335776451,26:25.8,6,0.191,0101000020E61000000AC1742F4A4201C02897EFA015904540,20230419_DACIA_ANDOAIN_AZPEITIA_027,,d1,06:14.2,50:07.4,DACIA_SPRING,Dacia Spring 33 kW,33000,139,26:46.3,8.1,13.0,350,N,-9.863935266835815,140.64462220557752,254,104,,,,1.0,3.0,218.0,32,234,20,55,9
26:31.5,,,70,,98.5,,,,,,,27,-2.1581240000000004,43.12628,561.4592,20.831323763352184,26:31.8,6,-0.319,0101000020E6100000959CD988D64301C0D781A2F629904540,20230419_DACIA_ANDOAIN_AZPEITIA_027,,d1,06:14.2,50:07.4,DACIA_SPRING,Dacia Spring 33 kW,33000,139,26:46.3,8.1,13.0,350,N,-12.904900274842644,106.93458846119016,254,104,,,,1.0,3.0,218.0,32,234,20,55,9
26:37.1,,,70,,98.5,,,,,,,27,-2.1583006,43.12686,565.0856,20.89748954898648,26:36.9,6,0.201,0101000020E61000004524E827334401C0B9AC6DF13C904540,20230419_DACIA_ANDOAIN_AZPEITIA_027,,d1,06:14.2,50:07.4,DACIA_SPRING,Dacia Spring 33 kW,33000,139,26:46.3,8.1,13.0,350,N,-12.769475476323125,89.19391489446134,254,104,,,,1.0,3.0,218.0,32,234,20,55,9
26:42.7,,,70,,98.5,,,,,,,27,-2.1582885,43.12772,565.9877,20.993126482133032,26:42.9,6,-0.201,0101000020E6100000C3060CB12C4401C0FD6A371759904540,20230419_DACIA_ANDOAIN_AZPEITIA_027,,d1,06:14.2,50:07.4,DACIA_SPRING,Dacia Spring 33 kW,33000,139,26:46.3,8.1,13.0,350,N,-12.943744361632998,105.33219126830036,254,104,,,,1.0,3.0,218.0,32,234,20,55,9
26:48.1,,,70,,98.5,,,,,,,27,-2.158504,43.128506,565.8287,21.082258376686266,26:48.0,6,0.131,0101000020E6100000D557BDB09D4401C0B1A49EEA72904540,20230419_DACIA_ANDOAIN_AZPEITIA_027,,d1,06:14.2,50:07.4,DACIA_SPRING,Dacia Spring 33 kW,33000,139,26:46.3,8.1,13.0,350,N,-12.651476882242513,113.29709651014292,254,104,,,,1.0,3.0,218.0,32,234,20,55,9
26:53.6,,,70,,98.5,,,,,,,27,-2.1589148,43.12946,563.55853,21.193476542765534,26:54.0,6,-0.371,0101000020E6100000B3BCAE15754501C04C4FCD2192904540,20230419_DACIA_ANDOAIN_AZPEITIA_027,,d1,06:14.2,50:07.4,DACIA_SPRING,Dacia Spring 33 kW,33000,139,26:46.3,8.1,13.0,350,N,-12.767092453118432,110.86196190691363,254,104,,,,1.0,3.0,218.0,32,234,20,55,9
26:59.1,,,70,,98.5,,,,,,,27,-2.1592052,43.130222,561.83344,21.28144019553951,26:59.0,6,0.109,0101000020E6100000F51BAE510D4601C0E48C7919AB904540,20230419_DACIA_ANDOAIN_AZPEITIA_027,,d1,06:14.2,50:07.4,DACIA_SPRING,Dacia Spring 33 kW,33000,139,26:46.3,8.1,13.0,350,N,-12.995562584667566,101.49707427656676,254,104,,,,1.0,3.0,218.0,32,234,20,55,9
27:04.7,,,70,,98.5,,,,,,,27,-2.1593907000000003,43.131134,560.9992,21.383964527622133,27:05.1,6,-0.35,0101000020E61000009C5233966E4601C0960722FAC8904540,20230419_DACIA_ANDOAIN_AZPEITIA_027,,d1,06:14.2,50:07.4,DACIA_SPRING,Dacia Spring 33 kW,33000,139,26:46.3,8.1,13.0,350,N,-12.790795338122589,89.70714695836611,254,104,,,,1.0,3.0,218.0,32,234,20,55,9
27:10.1,,,70,,98.5,,,,,,,27,-2.1593845000000003,43.132347,558.5078,21.51886791957871,27:10.2,6,-0.0819999999999999,0101000020E61000008E02B46B6B4601C0E8EDD0BEF0904540,20230419_DACIA_ANDOAIN_AZPEITIA_027,,d1,06:14.2,50:07.4,DACIA_SPRING,Dacia Spring 33 kW,33000,139,26:46.3,8.1,13.0,350,N,-12.974274717837709,96.39489705086936,254,104,,,,1.0,3.0,218.0,32,234,20,25,9
27:15.7,,,70,,98.5,,,,,,,27,-2.159494,43.133324,559.45966,21.62787229352878,27:15.3,6,0.45,0101000020E6100000AF408CB2A44601C0883080B310914540,20230419_DACIA_ANDOAIN_AZPEITIA_027,,d1,06:14.2,50:07.4,DACIA_SPRING,Dacia Spring 33 kW,33000,139,26:46.3,8.1,13.0,350,N,-12.953926314389918,95.17473931500126,254,104,,,,1.0,3.0,218.0,32,234,20,25,9
27:21.3,,,70,,98.5,,,,,,,27,-2.1595938,43.134426,562.5159,21.750714439608554,27:21.3,6,0.003,0101000020E610000068C23226D94601C0C29CCDDE34914540,20230419_DACIA_ANDOAIN_AZPEITIA_027,,d1,06:14.2,50:07.4,DACIA_SPRING,Dacia Spring 33 kW,33000,139,26:46.3,8.1,13.0,350,N,-12.989663349214212,97.71500814135926,254,104,,,,1.0,3.0,218.0,32,234,20,25,9
27:26.9,,,70,,98.5,,,,,,,27,-2.1597416000000003,43.135517,564.8993,21.87264277830952,27:27.4,6,-0.47,0101000020E610000060783CAA264701C0BC5201AA58914540,20230419_DACIA_ANDOAIN_AZPEITIA_027,,d1,06:14.2,50:07.4,DACIA_SPRING,Dacia Spring 33 kW,33000,139,26:46.3,8.1,13.0,350,N,-12.98693872372737,97.43140797115544,254,104,,,,1.0,3.0,218.0,32,234,20,55,9
27:32.5,,,70,,98.5,,,,,,,27,-2.1598496,43.136345,567.3538,21.96516086407346,27:32.4,6,0.111,0101000020E610000087A4D44C5F4701C0C33DE5CD73914540,20230419_DACIA_ANDOAIN_AZPEITIA_027,,d1,06:14.2,50:07.4,DACIA_SPRING,Dacia Spring 33 kW,33000,139,26:46.3,8.1,13.0,350,N,-12.655048251101938,113.22848656077728,254,104,,,,1.0,3.0,218.0,32,234,20,8,9
27:38.2,,,70,,98.5,,,,,,,27,-2.1601672,43.137085,569.2445700000001,22.051406995141644,27:38.4,6,-0.292,0101000020E61000004EFBDFBB054801C05BBB3D028C914540,20230419_DACIA_ANDOAIN_AZPEITIA_027,,d1,06:14.2,50:07.4,DACIA_SPRING,Dacia Spring 33 kW,33000,139,26:46.3,8.1,13.0,350,N,-11.390810469359888,128.81076030200782,254,104,,,,1.0,3.0,218.0,32,234,20,55,9
27:43.8,,,70,,98.5,,,,,,,27,-2.1605573,43.13757,568.538,22.113943457780422,27:43.5,6,0.301,0101000020E6100000EBB07E38D24801C07FEBCBE19B914540,20230419_DACIA_ANDOAIN_AZPEITIA_027,,d1,06:14.2,50:07.4,DACIA_SPRING,Dacia Spring 33 kW,33000,139,28:32.1,8.1,13.0,350,N,-11.999010907246191,122.63119642692844,254,104,,,,1.0,3.0,218.0,32,234,20,55,9
27:49.2,,,70,,98.5,,,,,,,27,-2.160775,43.13791,568.626,22.155672913842675,27:49.5,6,-0.3289999999999999,0101000020E6100000C6239D53444901C0B7AE20F4A6914540,20230419_DACIA_ANDOAIN_AZPEITIA_027,,d1,06:14.2,50:07.4,DACIA_SPRING,Dacia Spring 33 kW,33000,139,28:32.1,8.1,13.0,350,N,-10.971856192124012,132.4362297882451,254,104,,,,1.0,3.0,218.0,32,234,20,55,9
27:54.8,,,70,,98.5,,,,,,,27,-2.1608262000000003,43.137966,570.3102,22.16334557904443,27:54.6,6,0.177,0101000020E6100000AB5E3A4C5F4901C0359CD3E0A8914540,20230419_DACIA_ANDOAIN_AZPEITIA_027,,d1,06:14.2,50:07.4,DACIA_SPRING,Dacia Spring 33 kW,33000,139,28:32.1,8.1,13.0,350,N,-10.749311366079404,134.2214481994173,254,104,,,,1.0,3.0,218.0,32,234,20,55,9
28:00.2,,,70,,98.5,,,,,,,27,-2.1611347000000003,43.138283,569.2285,22.206591727057166,28:00.6,6,-0.473,0101000020E6100000115CB2F7004A01C0FE97C936B3914540,20230419_DACIA_ANDOAIN_AZPEITIA_027,,d1,06:14.2,50:07.4,DACIA_SPRING,Dacia Spring 33 kW,33000,139,28:32.1,8.1,13.0,350,N,-11.329721704332698,129.3645875945906,254,104,,,,1.0,3.0,218.0,32,234,20,55,9
28:05.7,,,70,,98.5,,,,,,,27,-2.161485,43.13871,567.2974,22.261962962015687,28:05.7,6,0.02,0101000020E6100000099C4FA5B84A01C04255C538C1914540,20230419_DACIA_ANDOAIN_AZPEITIA_027,,d1,06:14.2,50:07.4,DACIA_SPRING,Dacia Spring 33 kW,33000,139,28:32.1,8.1,13.0,350,N,-12.12520985197068,121.13897243640928,254,104,,,,1.0,3.0,218.0,32,234,20,40,9
28:11.1,,,70,,98.5,,,,,,,27,-2.16163,43.13895,565.41864,22.29118850551003,28:10.8,6,0.35,0101000020E610000000E09E95044B01C0D8340F13C9914540,20230419_DACIA_ANDOAIN_AZPEITIA_027,,d1,06:14.2,50:07.4,DACIA_SPRING,Dacia Spring 33 kW,33000,139,28:32.1,8.1,13.0,350,N,-10.35670971858988,137.18672493796635,254,104,,,,1.0,3.0,218.0,32,234,20,40,9
28:17.0,,,70,,98.5,,,,,,,27,-2.1621697,43.13945,564.1513,22.36197183643442,28:16.8,6,0.196,0101000020E6100000F63C9F911F4C01C032CF9588D9914540,20230419_DACIA_ANDOAIN_AZPEITIA_027,,d1,06:14.2,50:07.4,DACIA_SPRING,Dacia Spring 33 kW,33000,139,28:32.1,8.1,13.0,350,N,-10.43229754714473,136.63199313470702,254,104,,,,1.0,3.0,218.0,32,234,20,8,9
28:22.4,,,70,,98.5,,,,,,,27,-2.1627202000000003,43.13997,561.6117,22.43508022441646,28:22.8,6,-0.423,0101000020E6100000EB575A38404D01C0D46F098DEA914540,20230419_DACIA_ANDOAIN_AZPEITIA_027,,d1,06:14.2,50:07.4,DACIA_SPRING,Dacia Spring 33 kW,33000,139,28:32.1,8.1,13.0,350,N,-10.462659966449236,136.40712493053053,254,104,,,,1.0,3.0,218.0,32,234,20,8,9
28:28.0,,,70,,98.5,,,,,,,27,-2.163008,43.140244,560.3041400000001,22.47348926635413,28:27.9,6,0.156,0101000020E61000000A4A8120D74D01C04B467B78F3914540,20230419_DACIA_ANDOAIN_AZPEITIA_027,,d1,06:14.2,50:07.4,DACIA_SPRING,Dacia Spring 33 kW,33000,139,28:32.1,8.1,13.0,350,N,-10.535407833252146,135.86340558152204,254,104,,,,1.0,3.0,218.0,32,234,20,8,9
28:33.6,,,70,,98.5,,,,,,,27,-2.1636243,43.140842,559.6098,22.556690561836472,28:33.9,6,-0.294,0101000020E6100000CBD000361A4F01C092B77C1A07924540,20230419_DACIA_ANDOAIN_AZPEITIA_027,,d1,06:14.2,50:07.4,DACIA_SPRING,Dacia Spring 33 kW,33000,139,28:32.1,8.1,13.0,350,N,-10.879597399336747,133.18662551970272,254,104,,,,1.0,3.0,218.0,32,234,20,8,9
28:39.1,,,70,,98.5,,,,,,,27,-2.1641152000000003,43.141365,558.8924599999999,22.627181037544815,28:39.0,6,0.127,0101000020E6100000CB578B971B5001C082105E4A18924540,20230419_DACIA_ANDOAIN_AZPEITIA_027,,d1,06:14.2,50:07.4,DACIA_SPRING,Dacia Spring 33 kW,33000,139,28:32.1,8.1,13.0,350,N,-6.297885772377324,161.02337558708004,254,104,,,,1.0,3.0,218.0,32,234,20,40,9
28:44.7,,,70,,98.5,,,,,,,27,-2.1648364,43.141613,558.5888,22.691868953016726,28:45.0,6,-0.312,0101000020E610000061FB62B9955101C05D03005A20924540,20230419_DACIA_ANDOAIN_AZPEITIA_027,,d1,06:14.2,50:07.4,DACIA_SPRING,Dacia Spring 33 kW,33000,139,28:32.1,8.1,13.0,350,N,-6.160794248189914,161.71177500369328,254,104,,,,1.0,3.0,218.0,32,234,20,8,9
28:50.3,,,70,,98.5,,,,,,,27,-2.165493,43.14183,557.0143400000001,22.750373139562516,28:50.1,6,0.258,0101000020E6100000EAFA060FEE5201C09322917E27924540,20230419_DACIA_ANDOAIN_AZPEITIA_027,,d1,06:14.2,50:07.4,DACIA_SPRING,Dacia Spring 33 kW,33000,139,28:32.1,8.1,13.0,350,N,-6.547278735501647,159.75909643478695,254,104,,,,1.0,3.0,218.0,32,234,20,8,9
28:56.0,,,70,,98.5,,,,,,,27,-2.1664693,43.14219,557.0147,22.83912510656526,28:56.1,6,-0.042,0101000020E6100000334212D8ED5401C0DBE0DF3333924540,20230419_DACIA_ANDOAIN_AZPEITIA_027,,d1,06:14.2,50:07.4,DACIA_SPRING,Dacia Spring 33 kW,33000,139,28:32.1,8.1,13.0,350,N,-5.325369047895836,165.81754086088262,254,104,,,,1.0,3.0,218.0,32,234,20,8,9
29:01.4,,,70,,98.5,,,,,,,27,-2.1671143,43.142353,557.8508,22.894512857125285,29:01.1,6,0.336,0101000020E6100000DE8356F43F5601C0F9D0E9A338924540,20230419_DACIA_ANDOAIN_AZPEITIA_027,,d1,06:14.2,50:07.4,DACIA_SPRING,Dacia Spring 33 kW,33000,139,28:32.1,8.1,13.0,350,N,-2.3259747003798306,179.693074961724,254,104,,,,1.0,3.0,218.0,32,234,20,8,9
29:07.1,,,70,,98.5,,,,,,,27,-2.1678610000000003,43.142357,557.7762,22.955097408630245,29:07.2,6,-0.104,0101000020E6100000608F887FC75701C0B9FC0AC338924540,20230419_DACIA_ANDOAIN_AZPEITIA_027,,d1,06:14.2,50:07.4,DACIA_SPRING,Dacia Spring 33 kW,33000,139,28:32.1,8.1,13.0,350,N,-3.269366960696673,175.4343136042104,254,104,,,,1.0,3.0,218.0,32,234,20,40,9
29:12.6,,,70,,98.5,,,,,,,27,-2.1685247000000003,43.14241,558.3665,23.00927086796521,29:12.3,6,0.278,0101000020E6100000E56F0A80235901C01503278A3A924540,20230419_DACIA_ANDOAIN_AZPEITIA_027,,d1,06:14.2,50:07.4,DACIA_SPRING,Dacia Spring 33 kW,33000,139,28:32.1,8.1,13.0,350,N,-2.7699738005649417,177.69738916531568,254,104,,,,1.0,3.0,218.0,32,234,20,40,9
29:18.2,,,70,,98.5,,,,,,,27,-2.1690967,43.142433,559.39465,23.055761339244505,29:18.3,6,-0.044,0101000020E610000083D0C9524F5A01C0AE6C40353B924540,20230419_DACIA_ANDOAIN_AZPEITIA_027,,d1,06:14.2,50:07.4,DACIA_SPRING,Dacia Spring 33 kW,33000,139,28:32.1,8.1,13.0,350,N,-2.69880425573012,178.01823774714893,254,104,,,,1.0,3.0,218.0,32,234,20,40,9
29:23.7,,,70,,98.5,,,,,,,27,-2.1697614,43.142456,560.5955,23.109765092508958,29:23.4,6,0.331,0101000020E610000063E747E6AB5B01C02F6A28F43B924540,20230419_DACIA_ANDOAIN_AZPEITIA_027,,d1,06:14.2,50:07.4,DACIA_SPRING,Dacia Spring 33 kW,33000,139,28:32.1,8.1,13.0,350,N,-1.2357554943049849,-175.454664690832,254,104,,,,1.0,3.0,218.0,32,234,20,40,9
29:29.4,,,70,,98.5,,,,,,,27,-2.1702394,43.142418,562.8306,23.148840647208512,29:29.4,6,-0.003,0101000020E61000000D44B58DA65C01C0D0D5C1CD3A924540,20230419_DACIA_ANDOAIN_AZPEITIA_027,,d1,06:14.2,50:07.4,DACIA_SPRING,Dacia Spring 33 kW,33000,139,28:32.1,8.1,13.0,350,N,-2.0098992914342717,-178.89404124853996,254,104,,,,1.0,3.0,218.0,32,234,20,40,9
29:35.1,,,70,,98.5,,,,,,,27,-2.1704466,43.142414,565.2519,23.165830925897573,29:35.5,6,-0.4039999999999999,0101000020E6100000EF2D381E135D01C0A3CDDAAB3A924540,20230419_DACIA_ANDOAIN_AZPEITIA_027,,d1,06:14.2,50:07.4,DACIA_SPRING,Dacia Spring 33 kW,33000,139,28:32.1,8.1,13.0,350,N,-6.421572285167804,39.60166270638631,254,104,,,,1.0,3.0,218.0,32,234,20,40,9
29:40.6,,,70,,98.5,,,,,,,27,-2.1702387,43.142586,568.485,23.191536173315495,29:40.5,6,0.146,0101000020E610000030245D1EA65C01C0915D784240924540,20230419_DACIA_ANDOAIN_AZPEITIA_027,,d1,06:14.2,50:07.4,DACIA_SPRING,Dacia Spring 33 kW,33000,139,28:32.1,8.1,13.0,350,N,-3.243253995374205,24.44680710462403,254,104,,,,1.0,3.0,218.0,32,234,20,40,9
29:46.2,,,70,,98.5,,,,,,,27,-2.169482,43.14293,571.56525,23.263936663670446,29:46.5,6,-0.3329999999999999,0101000020E61000002752D15C195B01C07816F4864B924540,20230419_DACIA_ANDOAIN_AZPEITIA_027,,d1,06:14.2,50:07.4,DACIA_SPRING,Dacia Spring 33 kW,33000,139,28:32.1,8.1,13.0,350,N,-5.076951583479015,32.98777639997334,254,104,,,,1.0,3.0,218.0,32,234,20,40,9
29:51.6,,,70,,98.5,,,,,,,27,-2.1690075,43.143238,576.71234,23.31571980071035,29:51.6,6,0.037,0101000020E6100000CDEEB2AC205A01C0D6BDFEAE55924540,20230419_DACIA_ANDOAIN_AZPEITIA_027,,d1,06:14.2,50:07.4,DACIA_SPRING,Dacia Spring 33 kW,33000,139,28:32.1,8.1,13.0,350,N,-12.671426814440132,87.09075006220696,254,104,,,,1.0,3.0,218.0,32,234,20,40,9
29:57.2,,,70,,98.5,,,,,,,27,-2.1689951,43.143482,581.0945,23.343221384643737,29:57.6,6,-0.433,0101000020E61000007FB687141A5A01C0D6E2B7AB5D924540,20230419_DACIA_ANDOAIN_AZPEITIA_027,,d1,06:14.2,50:07.4,DACIA_SPRING,Dacia Spring 33 kW,33000,139,28:32.1,8.1,13.0,350,N,0.3461166416528785,-168.47435642886052,254,104,,,,1.0,3.0,218.0,32,234,20,40,9
30:02.7,,,70,,98.5,,,,,,,27,-2.1694953,43.14338,586.141,23.38566018813858,30:02.7,6,0.088,0101000020E6100000226D7151205B01C04711B7355A924540,20230419_DACIA_ANDOAIN_AZPEITIA_027,,d1,06:14.2,50:07.4,DACIA_SPRING,Dacia Spring 33 kW,33000,139,28:32.1,8.1,13.0,350,N,0.3416735053757149,-168.49394581945967,259,104,,,,2.0,5.0,219.0,33,238,21,40,9
30:08.4,,,69,,98.5,,,,,,,27,-2.1703992000000003,43.143196,594.57043,23.46226199352768,30:08.7,6,-0.289,0101000020E6100000B75B0E3DFA5C01C03510A94F54924540,20230419_DACIA_ANDOAIN_AZPEITIA_027,,d1,06:14.2,50:07.4,DACIA_SPRING,Dacia Spring 33 kW,33000,139,28:32.1,8.1,13.0,350,N,-0.1795909036798101,-170.79154831858727,259,104,,,,2.0,5.0,219.0,33,238,21,40,9
30:13.9,,,69,,98.5,,,,,,,27,-2.1712196,43.143063,600.6669999999999,23.530718763151746,30:13.8,6,0.098,0101000020E6100000B7F2B269A85E01C07E5A9EDA4F924540,20230419_DACIA_ANDOAIN_AZPEITIA_027,,d1,06:14.2,50:07.4,DACIA_SPRING,Dacia Spring 33 kW,33000,139,31:46.3,8.1,13.0,350,N,-3.274788586607113,175.40962363012744,259,104,,,,2.0,5.0,219.0,33,238,21,40,9
30:19.5,,,69,,98.5,,,,,,,27,-2.172216,43.143143,606.18835,23.612235003567655,30:19.8,6,-0.251,0101000020E6100000581E93C7B26001C0968E177152924540,20230419_DACIA_ANDOAIN_AZPEITIA_027,,d1,06:14.2,50:07.4,DACIA_SPRING,Dacia Spring 33 kW,33000,139,31:46.3,8.1,13.0,350,N,-7.591141927609946,154.2722827457984,259,104,,,,2.0,5.0,219.0,33,238,21,8,9
30:25.1,,,69,,98.5,,,,,,,27,-2.1727784,43.143414,611.74475,23.66719809254324,30:24.8,6,0.289,0101000020E61000000BF67E94D96101C0D138565E5B924540,20230419_DACIA_ANDOAIN_AZPEITIA_027,,d1,06:14.2,50:07.4,DACIA_SPRING,Dacia Spring 33 kW,33000,139,31:46.3,8.1,13.0,350,N,-9.164331685871549,145.1746090372819,259,104,,,,2.0,5.0,219.0,33,238,21,25,9
30:30.7,,,69,,98.5,,,,,,,27,-2.173523,43.143932,617.2559,23.75084930937612,30:30.9,6,-0.148,0101000020E6100000052AFCF55F6301C0E29F5E646C924540,20230419_DACIA_ANDOAIN_AZPEITIA_027,,d1,06:14.2,50:07.4,DACIA_SPRING,Dacia Spring 33 kW,33000,139,31:46.3,8.1,13.0,350,N,-2.973577854986385,176.77728917491646,259,104,,,,2.0,5.0,219.0,33,238,21,40,9
30:36.4,,,69,,98.5,,,,,,,27,-2.174411,43.143982,621.1367,23.823212892284694,30:35.9,6,0.48,0101000020E6100000A750BA9F316501C019B6C50E6E924540,20230419_DACIA_ANDOAIN_AZPEITIA_027,,d1,06:14.2,50:07.4,DACIA_SPRING,Dacia Spring 33 kW,33000,139,31:46.3,8.1,13.0,350,N,-2.624306075568107,178.3536847751033,259,104,,,,2.0,5.0,219.0,33,238,21,8,9
30:42.0,,,68,,98.5,,,,,,,27,-2.1753852000000005,43.14401,626.8194,23.902516827092175,30:42.0,6,0.046,0101000020E6100000479EBC5B306701C007707AD86E924540,20230419_DACIA_ANDOAIN_AZPEITIA_027,,d1,06:14.2,50:07.4,DACIA_SPRING,Dacia Spring 33 kW,33000,139,31:46.3,8.1,13.0,350,N,-6.3580145878488565,160.71999784009773,128,75,,,,2.0,89.0,36.0,1,112,16,40,9
30:47.6,,,68,,98.5,,,,,,,27,-2.1763,43.14433,634.3683,23.985170314475777,30:48.0,6,-0.419,0101000020E6100000424038FF0F6901C086BF835079924540,20230419_DACIA_ANDOAIN_AZPEITIA_027,,d1,06:14.2,50:07.4,DACIA_SPRING,Dacia Spring 33 kW,33000,139,31:46.3,8.1,13.0,350,N,-7.59895530868329,154.22985163929425,128,75,,,,2.0,89.0,36.0,1,112,16,8,9
30:53.1,,,68,,98.5,,,,,,,27,-2.1770808999999995,43.144707,639.1959,24.061292204069673,30:53.0,6,0.047,0101000020E61000003659F15FA96A01C0ECB506C685924540,20230419_DACIA_ANDOAIN_AZPEITIA_027,,d1,06:14.2,50:07.4,DACIA_SPRING,Dacia Spring 33 kW,33000,139,31:46.3,8.1,13.0,350,N,-11.090619617292976,131.44683938612548,128,75,,,,2.0,89.0,36.0,1,112,16,25,9
30:58.7,,,68,,98.5,,,,,,,27,-2.1777017000000005,43.14541,644.95807,24.15446127690337,30:59.1,6,-0.414,0101000020E6100000F3D262E9EE6B01C0347A66CF9C924540,20230419_DACIA_ANDOAIN_AZPEITIA_027,,d1,06:14.2,50:07.4,DACIA_SPRING,Dacia Spring 33 kW,33000,139,31:46.3,8.1,13.0,350,N,-11.435469215446505,128.39965001950247,128,75,,,,2.0,89.0,36.0,1,112,16,40,9
31:04.2,,,68,,98.5,,,,,,,27,-2.1784174,43.146313,654.66486,24.270855716011685,31:04.3,6,-0.067,0101000020E6100000C114F726666D01C0713F4265BA924540,20230419_DACIA_ANDOAIN_AZPEITIA_027,,d1,06:14.2,50:07.4,DACIA_SPRING,Dacia Spring 33 kW,33000,139,31:46.3,8.1,13.0,350,N,-11.34412558358348,129.23486544207248,128,75,,,,2.0,89.0,36.0,1,112,16,40,9
31:09.8,,,68,,98.5,,,,,,,27,-2.1789784,43.147,659.99146,24.359936482395078,31:09.3,6,0.489,0101000020E610000095B3C0418C6E01C0E677CAEED0924540,20230419_DACIA_ANDOAIN_AZPEITIA_027,,d1,06:14.2,50:07.4,DACIA_SPRING,Dacia Spring 33 kW,33000,139,31:46.3,8.1,13.0,350,N,-10.88402716635242,133.15094035456033,128,75,,,,2.0,89.0,36.0,1,112,16,40,9
31:15.3,,,68,,98.5,,,,,,,27,-2.1794715,43.147526,665.5636,24.431015876237673,31:15.5,6,-0.161,0101000020E610000099847AC58E6F01C05079B810E2924540,20230419_DACIA_ANDOAIN_AZPEITIA_027,,d1,06:14.2,50:07.4,DACIA_SPRING,Dacia Spring 33 kW,33000,139,31:46.3,8.1,13.0,350,N,-4.853017788196744,168.08015904398667,128,75,,,,2.0,89.0,36.0,1,112,16,40,9
31:20.8,,,68,,98.5,,,,,,,27,-2.1800826,43.147655,670.1796,24.482832134136462,31:20.4,6,0.3989999999999999,0101000020E6100000C38A532BCF7001C0C892CA6CE6924540,20230419_DACIA_ANDOAIN_AZPEITIA_027,,d1,06:14.2,50:07.4,DACIA_SPRING,Dacia Spring 33 kW,33000,139,31:46.3,8.1,13.0,350,N,-1.470265309104947,-176.49389417890123,128,75,,,,2.0,89.0,36.0,1,112,16,8,9
31:26.5,,,68,,98.5,,,,,,,27,-2.1810782000000004,43.147594,675.2689,24.56404625838253,31:26.4,6,0.088,0101000020E610000055173D1ED97201C04E003857E4924540,20230419_DACIA_ANDOAIN_AZPEITIA_027,,d1,06:14.2,50:07.4,DACIA_SPRING,Dacia Spring 33 kW,33000,139,31:46.3,8.1,13.0,350,N,0.4373124878623104,-168.07223939019696,128,75,,,,2.0,89.0,36.0,1,112,16,8,9
31:32.3,,,68,,98.5,,,,,,,27,-2.1820676,43.147385,679.9336,24.647740337222032,31:32.5,6,-0.2319999999999999,0101000020E61000002221FBE3DF7401C0948B197FDD924540,20230419_DACIA_ANDOAIN_AZPEITIA_027,,d1,06:14.2,50:07.4,DACIA_SPRING,Dacia Spring 33 kW,33000,139,31:46.3,8.1,13.0,350,N,-4.061439706779036,171.79496254690636,128,75,,,,2.0,89.0,36.0,1,112,16,8,8
31:37.8,,,68,,98.5,,,,,,,27,-2.1829345,43.14751,683.91095,24.719540251168997,31:37.6,6,0.218,0101000020E6100000BD965F50A67601C05C748CADE1924540,20230419_DACIA_ANDOAIN_AZPEITIA_027,,d1,06:14.2,50:07.4,DACIA_SPRING,Dacia Spring 33 kW,33000,139,31:46.3,8.1,13.0,350,N,-6.722424102882507,158.86143547002774,128,75,,,,2.0,89.0,36.0,1,112,16,8,8
31:43.4,,,68,,98.5,,,,,,,27,-2.1838837000000004,43.147877,689.3493,24.80686039672742,31:43.6,6,-0.173,0101000020E6100000508107FA977801C008C5239CED924540,20230419_DACIA_ANDOAIN_AZPEITIA_027,,d1,06:14.2,50:07.4,DACIA_SPRING,Dacia Spring 33 kW,33000,139,31:46.3,8.1,13.0,350,N,-10.015283408340611,139.60960130488587,128,75,,,,2.0,89.0,36.0,1,112,16,8,8
31:49.1,,,68,,98.5,,,,,,,27,-2.1844044,43.14832,694.6437,24.87196761957899,31:48.6,6,0.4589999999999999,0101000020E610000020F8EE06A97901C064660A17FC924540,20230419_DACIA_ANDOAIN_AZPEITIA_027,,d1,06:14.2,50:07.4,DACIA_SPRING,Dacia Spring 33 kW,33000,139,31:46.3,8.1,13.0,350,N,-7.446599790852314,155.0532157685852,128,75,,,,2.0,89.0,36.0,1,112,16,8,8
31:54.5,,,68,,98.5,,,,,,,27,-2.1851654,43.148674,702.8003,24.945638642068975,31:54.6,6,-0.111,0101000020E6100000E6626806387B01C0C17C1EC507934540,20230419_DACIA_ANDOAIN_AZPEITIA_027,,d1,06:14.2,50:07.4,DACIA_SPRING,Dacia Spring 33 kW,33000,139,31:46.3,8.1,13.0,350,N,-2.462696403811646,179.08000086402922,128,75,,,,2.0,89.0,36.0,1,112,16,8,8
32:00.1,,,68,,98.5,,,,,,,27,-2.1858504,43.148685,706.6195,25.00135430080609,31:59.8,6,0.31,0101000020E61000006B54CB2A9F7C01C017FCCE1208934540,20230419_DACIA_ANDOAIN_AZPEITIA_027,,d1,06:14.2,50:07.4,DACIA_SPRING,Dacia Spring 33 kW,33000,139,31:46.3,8.1,13.0,350,N,-9.018568512041394,146.07341873181707,128,75,,,,2.0,89.0,36.0,1,112,16,8,8
32:05.5,,,68,,98.5,,,,,,,27,-2.1864748,43.149105,710.7732,25.070377638351857,32:05.7,6,-0.251,0101000020E6100000404C547DE67D01C0E1E180E015934540,20230419_DACIA_ANDOAIN_AZPEITIA_027,,d1,06:14.2,50:07.4,DACIA_SPRING,Dacia Spring 33 kW,33000,139,31:46.3,8.1,13.0,350,N,-12.531945988494186,115.4214660160761,128,75,,,,2.0,89.0,36.0,1,112,16,8,8
32:11.2,,,68,,98.5,,,,,,,27,-2.1867576,43.1497,716.4596,25.1406339566524,32:10.8,6,0.412,0101000020E610000050DE03C27A7E01C0C3C7F15029934540,20230419_DACIA_ANDOAIN_AZPEITIA_027,,d1,06:14.2,50:07.4,DACIA_SPRING,Dacia Spring 33 kW,33000,139,31:46.3,8.1,13.0,350,N,-11.395373926886531,128.76899767186634,128,75,,,,2.0,89.0,36.0,1,112,16,8,8
32:16.9,,,68,,98.5,,,,,,,27,-2.1872451,43.150307,722.63306,25.21910541875958,32:16.9,6,0.027,0101000020E6100000B076236F7A7F01C0721960393D934540,20230419_DACIA_ANDOAIN_AZPEITIA_027,,d1,06:14.2,50:07.4,DACIA_SPRING,Dacia Spring 33 kW,33000,139,31:46.3,8.1,13.0,350,N,-7.434832426701515,155.1164634195739,128,75,,,,2.0,89.0,36.0,1,112,16,8,8
32:22.5,,,68,,98.5,,,,,,,27,-2.187935,43.150627,729.93823,25.28582707158328,32:22.9,6,-0.3329999999999999,0101000020E610000059A40716E48001C0FA0452C547934540,20230419_DACIA_ANDOAIN_AZPEITIA_027,,d1,06:14.2,50:07.4,DACIA_SPRING,Dacia Spring 33 kW,33000,139,31:46.3,8.1,13.0,350,N,-4.8949697092155,167.88071299620975,128,75,,,,2.0,89.0,36.0,1,112,16,8,8
32:28.4,,,68,,98.5,,,,,,,27,-2.188573,43.150764,733.55817,25.339900243540693,32:28.0,6,0.3979999999999999,0101000020E610000011959874328201C02A2DD9454C934540,20230419_DACIA_ANDOAIN_AZPEITIA_027,,d1,06:14.2,50:07.4,DACIA_SPRING,Dacia Spring 33 kW,33000,139,31:46.3,8.1,13.0,350,N,2.542387899310835,-158.7220760014638,128,75,,,,2.0,89.0,36.0,1,112,16,8,8
32:45.6,,,68,,98.5,,,,,,,27,-2.1892586,43.150497,737.50995,25.403070038731443,32:45.6,6,-0.0069999999999999,0101000020E610000012FE7AF1998301C0A3137C8C43934540,20230419_DACIA_ANDOAIN_AZPEITIA_027,,d1,06:14.2,50:07.4,DACIA_SPRING,Dacia Spring 33 kW,33000,139,31:46.3,8.1,13.0,350,N,-11.043501496832608,131.84265928741237,128,75,,,,2.0,89.0,36.0,1,112,16,8,8
32:51.3,,,68,,98.5,,,,,,,27,-2.1903985,43.15177,743.1103,25.57224177279743,32:51.1,6,0.181,0101000020E6100000BA476A9DEF8501C0FB0FEA4A6D934540,20230419_DACIA_ANDOAIN_AZPEITIA_027,,d1,06:14.2,50:07.4,DACIA_SPRING,Dacia Spring 33 kW,33000,139,31:46.3,8.1,13.0,350,N,-10.973102385926907,132.42598815784663,128,75,,,,2.0,89.0,36.0,1,112,16,8,8
32:56.9,,,68,,98.5,,,,,,,27,-2.1909158,43.152336,742.19836,25.647890921494028,32:57.2,6,-0.332,0101000020E6100000E06273DAFE8601C02F2274C77F934540,20230419_DACIA_ANDOAIN_AZPEITIA_027,,d1,06:14.2,50:07.4,DACIA_SPRING,Dacia Spring 33 kW,33000,139,31:46.3,8.1,13.0,350,N,-0.9945765506508631,-174.38775200205754,128,75,,,,2.0,89.0,36.0,1,112,16,8,8
33:02.6,,,68,,98.5,,,,,,,27,-2.1916485,43.152264,740.02203,25.707904490432018,33:02.3,6,0.278,0101000020E610000056B850097F8801C055B3E6607D934540,20230419_DACIA_ANDOAIN_AZPEITIA_027,,d1,06:14.2,50:07.4,DACIA_SPRING,Dacia Spring 33 kW,33000,139,31:46.3,8.1,13.0,350,N,4.46006165978225,-149.93526255587193,128,75,,,,2.0,89.0,36.0,1,112,16,8,8
33:08.1,,,68,,98.5,,,,,,,27,-2.1922946,43.15189,737.0356400000001,25.774878014196112,33:08.3,6,-0.182,0101000020E61000001DFEB8C3D18901C09451B02B71934540,20230419_DACIA_ANDOAIN_AZPEITIA_027,,d1,06:14.2,50:07.4,DACIA_SPRING,Dacia Spring 33 kW,33000,139,31:46.3,8.1,13.0,350,N,9.7163919950311,-121.6330693036329,128,75,,,,2.0,89.0,36.0,1,112,16,8,8
33:44.3,,,68,,98.5,,,,,,,27,-2.1927104,43.151215,731.8996,25.857325666928,33:45.1,6,-0.741,0101000020E6100000595E8CB9AB8A01C02217EBF95A934540,20230419_DACIA_ANDOAIN_AZPEITIA_027,,d1,06:14.2,50:07.4,DACIA_SPRING,Dacia Spring 33 kW,33000,139,31:46.3,8.1,13.0,350,N,-2.608159309206145,178.4263359458053,128,75,,,,2.0,89.0,36.0,1,112,16,8,8
33:57.1,,,68,,98.5,,,,,,,27,-2.1935112,43.151237,732.5101,25.92233737914514,33:57.9,6,-0.87,0101000020E61000007F7017A24F8C01C068D482C65B934540,20230419_DACIA_ANDOAIN_AZPEITIA_027,,d1,06:14.2,50:07.4,DACIA_SPRING,Dacia Spring 33 kW,33000,139,31:46.3,8.1,13.0,350,N,-7.820369664129399,153.01779898809525,128,75,,,,2.0,89.0,36.0,1,112,16,8,8
34:02.7,,,68,,98.5,,,,,,,27,-2.1969543,43.15299,725.2544,26.26301534382343,34:02.7,6,0.0,0101000020E6100000F8D755CF5C9301C0B1ECFC2A95934540,20230419_DACIA_ANDOAIN_AZPEITIA_027,,d1,06:14.2,50:07.4,DACIA_SPRING,Dacia Spring 33 kW,33000,139,31:46.3,8.1,13.0,350,N,-9.88668444400695,140.49045144278986,128,75,,,,2.0,89.0,36.0,1,112,16,8,7
34:08.3,,,68,,98.5,,,,,,,27,-2.198264,43.15407,714.7274,26.423701088302863,34:07.9,6,0.41,0101000020E61000006AEBC16C0B9601C0C5960996B8934540,20230419_DACIA_ANDOAIN_AZPEITIA_027,,d1,06:14.2,50:07.4,DACIA_SPRING,Dacia Spring 33 kW,33000,139,31:46.3,8.1,13.0,350,N,-5.803022661636392,163.48792824581236,128,75,,,,2.0,89.0,36.0,1,112,16,8,7
34:13.9,,,68,,98.5,,,,,,,27,-2.199276,43.15437,712.1281,26.512349904048385,34:13.8,6,0.052,0101000020E61000000147BA061E9801C03C68A65EC2934540,20230419_DACIA_ANDOAIN_AZPEITIA_027,,d1,06:14.2,50:07.4,DACIA_SPRING,Dacia Spring 33 kW,33000,139,31:46.3,8.1,13.0,350,N,-4.693106759681351,168.8378732973235,128,75,,,,2.0,89.0,36.0,1,112,16,8,7
34:19.4,,,68,,98.5,,,,,,,27,-2.2000666,43.154526,710.1467,26.57881593885347,34:18.9,6,0.509,0101000020E6100000281A2F70BC9901C041236177C7934540,20230419_DACIA_ANDOAIN_AZPEITIA_027,,d1,06:14.2,50:07.4,DACIA_SPRING,Dacia Spring 33 kW,33000,139,36:46.3,8.1,13.0,350,N,0.3817224236733377,-168.31736708297942,128,75,,,,2.0,89.0,36.0,1,112,16,8,7
34:24.8,,,68,,98.5,,,,,,,27,-2.2011354,43.154305,707.4554,26.668970573421444,34:24.9,6,-0.06,0101000020E61000007E3BABE7EC9B01C0ADB43649C0934540,20230419_DACIA_ANDOAIN_AZPEITIA_027,,d1,06:14.2,50:07.4,DACIA_SPRING,Dacia Spring 33 kW,33000,139,36:46.3,8.1,13.0,350,N,-0.5891064954335337,-172.59729836907684,128,75,,,,2.0,89.0,36.0,1,112,16,40,7
34:31.9,,,68,,98.5,,,,,,,27,-2.202313,43.154152,700.43256,26.766252567219382,34:32.0,6,-0.048,0101000020E61000002660764C569E01C088327B32BB934540,20230419_DACIA_ANDOAIN_AZPEITIA_027,,d1,06:14.2,50:07.4,DACIA_SPRING,Dacia Spring 33 kW,33000,139,36:46.3,8.1,13.0,350,N,-1.5404808355131183,-176.80545615786394,128,75,,,,2.0,89.0,36.0,1,112,16,40,7
34:37.6,,,68,,98.5,,,,,,,27,-2.2034776000000003,43.154087,690.73785,26.861494000545783,34:38.1,6,-0.492,0101000020E6100000C47FB5DBB8A001C0BEC0A11EB9934540,20230419_DACIA_ANDOAIN_AZPEITIA_027,,d1,06:14.2,50:07.4,DACIA_SPRING,Dacia Spring 33 kW,33000,139,36:46.3,8.1,13.0,350,N,-7.80607191430203,153.09664357683877,128,75,,,,2.0,89.0,36.0,1,112,16,40,7
34:43.3,,,68,,98.5,,,,,,,27,-2.2041732999999994,43.15444,682.7454,26.93069937682433,34:43.3,6,-0.006,0101000020E61000000EE3AAA825A201C01DC702B6C4934540,20230419_DACIA_ANDOAIN_AZPEITIA_027,,d1,06:14.2,50:07.4,DACIA_SPRING,Dacia Spring 33 kW,33000,139,36:46.3,8.1,13.0,350,N,-11.484770214680577,127.93937334191696,128,75,,,,2.0,89.0,36.0,1,112,16,25,7
35:05.1,,,68,,98.5,,,,,,,27,-2.206155,43.156982,654.95465,27.25705446855549,35:05.4,6,-0.376,0101000020E6100000D058F19534A601C085298DFC17944540,20230419_DACIA_ANDOAIN_AZPEITIA_027,,d1,06:14.2,50:07.4,DACIA_SPRING,Dacia Spring 33 kW,33000,139,36:46.3,8.1,13.0,350,N,-5.881019355999871,36.89687729220295,128,75,,,,2.0,89.0,36.0,1,112,16,40,6
35:10.6,,,68,,98.5,,,,,,,27,-2.2057474,43.157288,650.94415,27.304666898772627,35:10.4,6,0.1939999999999999,0101000020E6100000FBB0AFE65EA501C0865F37FD21944540,20230419_DACIA_ANDOAIN_AZPEITIA_027,,d1,06:14.2,50:07.4,DACIA_SPRING,Dacia Spring 33 kW,33000,139,36:46.3,8.1,13.0,350,N,-12.738653995673396,111.50811397028876,128,75,,,,2.0,89.0,36.0,1,112,16,40,6
35:16.1,,,68,,98.5,,,,,,,27,-2.2060134,43.157963,646.9515,27.382865154671535,35:16.4,6,-0.319,0101000020E61000004004AF67EAA501C0C91A212F38944540,20230419_DACIA_ANDOAIN_AZPEITIA_027,,d1,06:14.2,50:07.4,DACIA_SPRING,Dacia Spring 33 kW,33000,139,36:46.3,8.1,13.0,350,N,-7.4232782880753,155.17851769290328,128,75,,,,2.0,89.0,36.0,1,112,16,40,6
35:21.5,,,68,,98.5,,,,,,,27,-2.206515,43.158195,642.6256,27.431234516447777,35:21.4,6,0.066,0101000020E61000003ACDEF56F1A601C0C385F7CD3F944540,20230419_DACIA_ANDOAIN_AZPEITIA_027,,d1,06:14.2,50:07.4,DACIA_SPRING,Dacia Spring 33 kW,33000,139,36:46.3,8.1,13.0,350,N,-1.7646046222317666,-177.8013442603917,128,75,,,,2.0,89.0,36.0,1,112,16,40,6
35:27.1,,,68,,98.5,,,,,,,27,-2.2072964,43.158165,636.0469,27.49504409005777,35:27.5,6,-0.439,0101000020E61000000DA118F08AA801C005C840B93E944540,20230419_DACIA_ANDOAIN_AZPEITIA_027,,d1,06:14.2,50:07.4,DACIA_SPRING,Dacia Spring 33 kW,33000,139,36:46.3,8.1,13.0,350,N,-11.88020300194726,123.95540312024052,128,75,,,,2.0,89.0,36.0,1,112,16,40,6
35:32.5,,,68,,98.5,,,,,,,27,-2.2076075,43.158627,630.0201400000001,27.55259559243612,35:32.6,6,-0.073,0101000020E6100000275B101D2EA901C02852B8D24D944540,20230419_DACIA_ANDOAIN_AZPEITIA_027,,d1,06:14.2,50:07.4,DACIA_SPRING,Dacia Spring 33 kW,33000,139,36:46.3,8.1,13.0,350,N,-12.135096209054028,78.9821826483715,128,75,,,,2.0,89.0,36.0,1,112,16,40,6
35:38.0,,,68,,98.5,,,,,,,27,-2.2074862,43.15925,625.48267,27.622712213755822,35:37.6,6,0.389,0101000020E6100000A5646476EEA801C0F3CDF73862944540,20230419_DACIA_ANDOAIN_AZPEITIA_027,,d1,06:14.2,50:07.4,DACIA_SPRING,Dacia Spring 33 kW,33000,139,36:46.3,8.1,13.0,350,N,-10.302071464343864,62.416661204252,128,75,,,,2.0,89.0,36.0,1,112,16,40,6
35:43.4,,,68,,98.5,,,,,,,27,-2.2072182,43.159763,619.2961,27.684069457964103,35:43.6,6,-0.2239999999999999,0101000020E61000001E7B5FF761A801C0315CFA2873944540,20230419_DACIA_ANDOAIN_AZPEITIA_027,,d1,06:14.2,50:07.4,DACIA_SPRING,Dacia Spring 33 kW,33000,139,36:46.3,8.1,13.0,350,N,-11.64920523552149,126.35086823951576,128,75,,,,2.0,89.0,36.0,1,112,16,40,6
35:48.9,,,68,,98.5,,,,,,,27,-2.2075663,43.160236,613.6524,27.74403029282275,35:48.7,6,0.196,0101000020E61000005A09B98C18A901C0B66D7D9582944540,20230419_DACIA_ANDOAIN_AZPEITIA_027,,d1,06:14.2,50:07.4,DACIA_SPRING,Dacia Spring 33 kW,33000,139,36:46.3,8.1,13.0,350,N,-6.751257892013777,41.28715435331177,128,75,,,,2.0,89.0,36.0,1,112,16,40,6
35:54.3,,,68,,98.5,,,,,,,27,-2.2071142000000004,43.160633,606.79065,27.801827283474008,35:54.7,6,-0.3979999999999999,0101000020E6100000028195772BA801C068146BAF8F944540,20230419_DACIA_ANDOAIN_AZPEITIA_027,,d1,06:14.2,50:07.4,DACIA_SPRING,Dacia Spring 33 kW,33000,139,36:46.3,8.1,13.0,350,N,-12.911839618677051,93.32350661697087,128,75,,,,2.0,89.0,36.0,1,112,16,8,6
35:59.8,,,68,,98.5,,,,,,,27,-2.2071419,43.16111,600.859,27.85524518094837,35:59.8,6,0.057,0101000020E61000000383B8FE39A801C065B233409F944540,20230419_DACIA_ANDOAIN_AZPEITIA_027,,d1,06:14.2,50:07.4,DACIA_SPRING,Dacia Spring 33 kW,33000,139,36:46.3,8.1,13.0,350,N,-12.076742285045404,121.72360295779173,128,75,,,,2.0,89.0,36.0,1,112,16,8,6
36:05.4,,,68,,98.5,,,,,,,27,-2.2074955000000003,43.161682,597.4633,27.925098483567442,36:05.9,6,-0.479,0101000020E61000000DB2506FF3A801C02EB12AF5B1944540,20230419_DACIA_ANDOAIN_AZPEITIA_027,,d1,06:14.2,50:07.4,DACIA_SPRING,Dacia Spring 33 kW,33000,139,36:46.3,8.1,13.0,350,N,-9.688480341888592,58.1820990833992,128,75,,,,2.0,89.0,36.0,1,112,16,8,6
36:10.9,,,68,,98.5,,,,,,,27,-2.207171,43.162205,595.4356700000001,27.988964203861997,36:10.9,6,0.057,0101000020E6100000D02EEB3349A801C0868F212DC3944540,20230419_DACIA_ANDOAIN_AZPEITIA_027,,d1,06:14.2,50:07.4,DACIA_SPRING,Dacia Spring 33 kW,33000,139,36:46.3,8.1,13.0,350,N,-10.14912586232392,61.32489389893218,128,75,,,,2.0,89.0,36.0,1,112,16,8,6
36:16.5,,,68,,98.5,,,,,,,27,-2.2068248,43.162838,590.7015,28.064892508746542,36:17.0,6,-0.5,0101000020E6100000673294CE93A701C0CB48DCDDD7944540,20230419_DACIA_ANDOAIN_AZPEITIA_027,,d1,06:14.2,50:07.4,DACIA_SPRING,Dacia Spring 33 kW,33000,139,36:46.3,8.1,13.0,350,N,-12.590434253131695,114.42031069947394,128,75,,,,2.0,89.0,36.0,1,112,16,8,6
36:22.0,,,68,,98.5,,,,,,,27,-2.2070155,43.163258,585.68915,28.114343673831485,36:22.0,6,0.049,0101000020E610000098C19DC8F7A701C0B15E3896E5944540,20230419_DACIA_ANDOAIN_AZPEITIA_027,,d1,06:14.2,50:07.4,DACIA_SPRING,Dacia Spring 33 kW,33000,139,36:46.3,8.1,13.0,350,N,-9.304371402640164,144.29769115502734,128,75,,,,2.0,89.0,36.0,1,112,16,8,6
36:27.6,,,68,,98.5,,,,,,,27,-2.207689,43.163742,580.5029,28.191201962482644,36:27.1,6,0.4639999999999999,0101000020E6100000FEC651E658A901C0CD24E78EF5944540,20230419_DACIA_ANDOAIN_AZPEITIA_027,,d1,06:14.2,50:07.4,DACIA_SPRING,Dacia Spring 33 kW,33000,139,36:46.3,8.1,13.0,350,N,-6.788145631618892,158.52240895777882,128,75,,,,2.0,89.0,36.0,1,112,16,25,6
36:33.2,,,68,,98.5,,,,,,,27,-2.2085023,43.164062,574.47906,28.266391914582744,36:33.3,6,-0.059,0101000020E6100000CCF45C4E03AB01C0F0C9160400954540,20230419_DACIA_ANDOAIN_AZPEITIA_027,,d1,06:14.2,50:07.4,DACIA_SPRING,Dacia Spring 33 kW,33000,139,36:46.3,8.1,13.0,350,N,-2.1107344531729635,-179.34414891341098,128,75,,,,2.0,89.0,36.0,1,112,16,25,6
36:38.9,,,68,,98.5,,,,,,,27,-2.2091138,43.164055,570.7831,28.3161314476623,36:39.1,6,-0.237,0101000020E61000001F5722D243AC01C0A1773CB7FF944540,20230419_DACIA_ANDOAIN_AZPEITIA_027,,d1,06:14.2,50:07.4,DACIA_SPRING,Dacia Spring 33 kW,33000,139,36:46.3,8.1,13.0,350,N,4.8716174382306345,-147.99176801333795,128,75,,,,2.0,89.0,36.0,1,112,16,25,6
36:44.5,,,68,,98.5,,,,,,,27,-2.2100177000000003,43.16349,564.13715,28.41290818558766,36:44.3,6,0.13,0101000020E6100000675615BE1DAE01C00AFE053DED944540,20230419_DACIA_ANDOAIN_AZPEITIA_027,,d1,06:14.2,50:07.4,DACIA_SPRING,Dacia Spring 33 kW,33000,139,36:46.3,8.1,13.0,350,N,3.0851539785775377,-156.2716089236528,128,75,,,,2.0,89.0,36.0,1,112,16,25,6
36:50.0,,,68,,98.5,,,,,,,27,-2.2108822,43.16311,555.01996,28.495278357413742,36:50.3,6,-0.233,0101000020E61000001ECB8E05E3AF01C08AD2C3B0E0944540,20230419_DACIA_ANDOAIN_AZPEITIA_027,,d1,06:14.2,50:07.4,DACIA_SPRING,Dacia Spring 33 kW,33000,139,36:46.3,8.1,13.0,350,N,-5.045971359831593,167.160461974535,128,75,,,,2.0,89.0,36.0,1,112,16,25,6
36:55.6,,,68,,98.5,,,,,,,27,-2.211514,43.163254,550.2356,28.549177624730653,36:55.3,6,0.246,0101000020E610000039499B432EB101C03F6D1080E5944540,20230419_DACIA_ANDOAIN_AZPEITIA_027,,d1,06:14.2,50:07.4,DACIA_SPRING,Dacia Spring 33 kW,33000,139,36:46.3,8.1,13.0,350,N,-5.388353749489417,165.5128752387156,128,75,,,,2.0,89.0,36.0,1,112,16,25,6
37:05.5,,,68,,98.5,,,,,,,27,-2.2125435,43.16352,547.14813,28.637814204223066,37:05.5,6,-0.031,0101000020E61000002EBA4DFC49B301C07E1F4046EE944540,20230419_DACIA_ANDOAIN_AZPEITIA_027,,d1,06:14.2,50:07.4,DACIA_SPRING,Dacia Spring 33 kW,33000,139,36:46.3,8.1,13.0,350,N,-7.132785904431277,156.72378267415064,128,75,,,,2.0,89.0,36.0,1,112,16,25,5
37:11.2,,,68,,98.5,,,,,,,27,-2.2137988,43.16406,540.6926,28.756189827065338,37:11.4,6,-0.231,0101000020E610000044C14D2ADCB501C0DD0239EFFF944540,20230419_DACIA_ANDOAIN_AZPEITIA_027,,d1,06:14.2,50:07.4,DACIA_SPRING,Dacia Spring 33 kW,33000,139,36:46.3,8.1,13.0,350,N,-8.743931898890759,147.7311618242134,128,75,,,,2.0,89.0,36.0,1,112,16,25,5
37:16.7,,,68,,98.5,,,,,,,27,-2.214559,43.16454,535.617,28.8378964144548,37:16.5,6,0.29,0101000020E61000001F72E4B76AB701C01EC50BA10F954540,20230419_DACIA_ANDOAIN_AZPEITIA_027,,d1,06:14.2,50:07.4,DACIA_SPRING,Dacia Spring 33 kW,33000,139,36:46.3,8.1,13.0,350,N,-8.917695075120424,146.68754470676538,128,75,,,,2.0,89.0,36.0,1,112,16,8,5
37:22.3,,,68,,98.5,,,,,,,27,-2.2152483,43.164993,529.83813,28.913368675949542,37:22.5,6,-0.181,0101000020E61000009D720F1FD4B801C082692D7B1E954540,20230419_DACIA_ANDOAIN_AZPEITIA_027,,d1,06:14.2,50:07.4,DACIA_SPRING,Dacia Spring 33 kW,33000,139,36:46.3,8.1,13.0,350,N,-0.2039400641358044,-170.89887571423347,128,75,,,,2.0,89.0,36.0,1,112,16,8,5
37:27.9,,,68,,98.5,,,,,,,27,-2.2158663,43.164894,525.38165,28.96487882611124,37:27.6,6,0.362,0101000020E610000064758B2018BA01C0AF6FA53C1B954540,20230419_DACIA_ANDOAIN_AZPEITIA_027,,d1,06:14.2,50:07.4,DACIA_SPRING,Dacia Spring 33 kW,33000,139,36:46.3,8.1,13.0,350,N,-0.5895051289340911,-172.5990571014291,128,75,,,,2.0,89.0,36.0,1,112,16,8,5
37:33.5,,,68,,98.5,,,,,,,27,-2.2169517999999995,43.164753000000005,519.6872599999999,29.054483862439692,37:33.6,6,-0.1169999999999999,0101000020E6100000C257A93351BC01C07BF133A216954540,20230419_DACIA_ANDOAIN_AZPEITIA_027,,d1,06:14.2,50:07.4,DACIA_SPRING,Dacia Spring 33 kW,33000,139,36:46.3,8.1,13.0,350,N,-2.76322849728332,177.7278151840326,128,75,,,,2.0,89.0,36.0,1,112,16,8,5
37:39.1,,,68,,98.5,,,,,,,27,-2.2178087000000004,43.164787,514.93005,29.12424736600684,37:38.8,6,0.293,0101000020E6100000D424EA7812BE01C0CB3977B317954540,20230419_DACIA_ANDOAIN_AZPEITIA_027,,d1,06:14.2,50:07.4,DACIA_SPRING,Dacia Spring 33 kW,33000,139,36:46.3,8.1,13.0,350,N,-9.220483307234945,144.82461536421047,128,75,,,,2.0,89.0,36.0,1,112,16,8,5
37:45.1,,,68,,98.5,,,,,,,27,-2.2184699,43.165253,508.98178,29.199054554204942,37:45.1,6,-0.05,0101000020E6100000F7B5A12E6DBF01C0FBE297F726954540,20230419_DACIA_ANDOAIN_AZPEITIA_027,,d1,06:14.2,50:07.4,DACIA_SPRING,Dacia Spring 33 kW,33000,139,36:46.3,8.1,13.0,350,N,-7.137829410223493,156.6971905265157,128,75,,,,2.0,89.0,36.0,1,112,16,8,5
37:50.7,,,68,,98.5,,,,,,,27,-2.219113,43.16553,502.5364,29.25996983050338,37:50.7,6,-0.071,0101000020E61000009C967A5EBEC001C0CFFC7E2030954540,20230419_DACIA_ANDOAIN_AZPEITIA_027,,d1,06:14.2,50:07.4,DACIA_SPRING,Dacia Spring 33 kW,33000,139,36:46.3,8.1,13.0,350,N,0.4409086951651166,-168.05638053285048,128,75,,,,2.0,89.0,36.0,1,112,16,8,5
37:56.2,,,68,,98.5,,,,,,,27,-2.2198694,43.16537,495.871,29.32419108746316,37:55.8,6,0.421,0101000020E6100000B82C2CDE4AC201C054A248D12A954540,20230419_DACIA_ANDOAIN_AZPEITIA_027,,d1,06:14.2,50:07.4,DACIA_SPRING,Dacia Spring 33 kW,33000,139,38:55.2,8.1,13.0,350,N,-0.339549710335759,-171.4966906204334,128,75,,,,2.0,89.0,36.0,1,112,16,8,5
38:01.9,,,68,,98.5,,,,,,,27,-2.2208593,43.165222,489.59665,29.406384792822294,38:01.9,6,0.0,0101000020E610000043A04BE651C401C0800E6B0026954540,20230419_DACIA_ANDOAIN_AZPEITIA_027,,d1,06:14.2,50:07.4,DACIA_SPRING,Dacia Spring 33 kW,33000,139,38:55.2,8.1,13.0,350,N,-4.386556473775047,170.27978405175054,128,75,,,,2.0,89.0,36.0,1,112,16,40,5
38:07.5,,,68,,98.5,,,,,,,27,-2.2217233,43.16537,487.0845,29.478408733972262,38:07.9,6,-0.441,0101000020E6100000D2536CED16C601C0E15669EC2A954540,20230419_DACIA_ANDOAIN_AZPEITIA_027,,d1,06:14.2,50:07.4,DACIA_SPRING,Dacia Spring 33 kW,33000,139,38:55.2,8.1,13.0,350,N,-12.111455881941463,121.30643055375344,128,75,,,,2.0,89.0,36.0,1,112,16,40,5
38:19.4,,,68,,98.5,,,,,,,27,-2.2220213,43.16586,484.21146,29.5380833131032,38:20.3,6,-0.931,0101000020E610000009B6BF13B3C601C004A9C4DE3A954540,20230419_DACIA_ANDOAIN_AZPEITIA_027,,d1,06:14.2,50:07.4,DACIA_SPRING,Dacia Spring 33 kW,33000,139,38:55.2,8.1,13.0,350,N,-9.612021518622573,57.67916146106261,128,75,,,,2.0,89.0,36.0,1,112,16,40,5
38:52.3,,,68,,98.5,,,,,,,27,-2.2218916,43.166065,478.22638,29.563891867692867,38:52.8,6,-0.477,0101000020E61000008CADF3216FC601C0017F7A9641954540,20230419_DACIA_ANDOAIN_AZPEITIA_027,,d1,06:14.2,50:07.4,DACIA_SPRING,Dacia Spring 33 kW,33000,139,38:55.2,8.1,13.0,350,N,-10.465886895722504,136.383155521098,128,75,,,,2.0,89.0,36.0,1,112,16,40,5
38:57.9,,,68,,98.5,,,,,,,27,-2.2242372,43.1683,449.93616,29.878138073156727,38:57.4,6,0.489,0101000020E6100000E26C77D23CCB01C0EB7136E18A954540,20230419_DACIA_ANDOAIN_AZPEITIA_027,,d1,06:14.2,50:07.4,DACIA_SPRING,Dacia Spring 33 kW,33000,139,38:55.2,8.1,13.0,350,N,-0.7326100452227927,-173.23059333436706,128,75,,,,2.0,89.0,36.0,1,112,16,40,4
39:03.4,,,68,,98.5,,,,,,,27,-2.2250965,43.168198,445.75156,29.94886792449032,39:03.4,6,-0.004,0101000020E610000054F99360FFCC01C0094AD18187954540,20230419_DACIA_ANDOAIN_AZPEITIA_027,,d1,06:14.2,50:07.4,DACIA_SPRING,Dacia Spring 33 kW,33000,139,38:55.2,8.1,13.0,350,N,3.6766606596289706,-153.57141350405084,128,75,,,,2.0,89.0,36.0,1,112,16,40,4
39:09.9,,,68,,98.5,,,,,,,27,-2.2258027,43.167847,441.83057,30.018285878575714,39:09.5,6,0.416,0101000020E6100000FEF66EAE71CE01C0C6E91A087C954540,20230419_DACIA_ANDOAIN_AZPEITIA_027,,d1,06:14.2,50:07.4,DACIA_SPRING,Dacia Spring 33 kW,33000,139,38:55.2,8.1,13.0,350,N,5.823537202663939,-143.38684319990523,128,75,,,,2.0,89.0,36.0,1,112,16,25,4
39:15.5,,,68,,98.5,,,,,,,27,-2.2265658,43.16728,436.08118,30.10681927682203,39:15.6,6,-0.072,0101000020E610000098A273BA01D001C02FB33B6969954540,20230419_DACIA_ANDOAIN_AZPEITIA_027,,d1,06:14.2,50:07.4,DACIA_SPRING,Dacia Spring 33 kW,33000,139,38:55.2,8.1,13.0,350,N,4.199008890715899,-151.1555090553421,128,75,,,,2.0,89.0,36.0,1,112,16,25,4
39:20.9,,,68,,98.5,,,,,,,27,-2.2271922,43.166935,429.8226,30.170785363828575,39:20.6,6,0.357,0101000020E610000081C4F5264AD101C0D08E1A285E954540,20230419_DACIA_ANDOAIN_AZPEITIA_027,,d1,06:14.2,50:07.4,DACIA_SPRING,Dacia Spring 33 kW,33000,139,38:55.2,8.1,13.0,350,N,7.539915033694106,-134.549917057738,128,75,,,,2.0,89.0,36.0,1,112,16,25,4
39:26.5,,,68,,98.5,,,,,,,27,-2.2277857999999995,43.166332,421.7199700000001,30.253725642352745,39:26.6,6,-0.123,0101000020E61000004203B95D81D201C038618F5F4A954540,20230419_DACIA_ANDOAIN_AZPEITIA_027,,d1,06:14.2,50:07.4,DACIA_SPRING,Dacia Spring 33 kW,33000,139,38:55.2,8.1,13.0,350,N,7.79637854024505,-133.15005113069242,128,75,,,,2.0,89.0,36.0,1,112,16,40,4
39:33.5,,,68,,98.5,,,,,,,27,-2.228397,43.16568,412.6314,30.342020070659917,39:33.5,6,0.009,0101000020E6100000CAC546CDC1D301C036973FF234954540,20230419_DACIA_ANDOAIN_AZPEITIA_027,,d1,06:14.2,50:07.4,DACIA_SPRING,Dacia Spring 33 kW,33000,139,38:55.2,8.1,13.0,350,N,3.832110594355028,-152.85578994641645,128,75,,,,2.0,89.0,36.0,1,112,16,40,4
39:39.1,,,68,,98.5,,,,,,,27,-2.2288222,43.165462,406.13028,30.384670872976226,39:38.8,6,0.3289999999999999,0101000020E6100000E06B85C9A0D401C05C35B8E22D954540,20230419_DACIA_ANDOAIN_AZPEITIA_027,,d1,06:14.2,50:07.4,DACIA_SPRING,Dacia Spring 33 kW,33000,139,38:55.2,8.1,13.0,350,N,-8.678237702871591,148.12122776603027,128,75,,,,2.0,89.0,36.0,1,112,16,40,4
39:44.8,,,69,,98.5,,,,,,,27,-2.2294943,43.16588,398.5616,30.456704952351387,39:44.9,6,-0.063,0101000020E610000052F2F12D01D601C0A738FD863B954540,20230419_DACIA_ANDOAIN_AZPEITIA_027,,d1,06:14.2,50:07.4,DACIA_SPRING,Dacia Spring 33 kW,33000,139,38:55.2,8.1,13.0,350,N,-12.999923062528469,100.19712201189422,128,75,,,,2.0,89.0,36.0,1,112,16,40,4
39:59.5,,,68,,98.5,,,,,,,27,-2.2296400000000003,43.16669,393.68912,30.547675268613787,39:59.9,6,-0.341,0101000020E6100000FB1BE58F4DD601C07C62721F56954540,20230419_DACIA_ANDOAIN_AZPEITIA_027,,d1,06:14.2,50:07.4,DACIA_SPRING,Dacia Spring 33 kW,33000,139,38:55.2,8.1,13.0,350,N,-12.439951394817877,116.87914398181972,128,75,,,,2.0,89.0,36.0,1,112,16,40,4
40:10.0,,,69,,98.5,,,,,,,27,-2.2299867,43.167374,389.43817,30.62887503307655,40:10.0,6,-0.0069999999999999,0101000020E610000074F3E34903D701C0FF5F8F716C954540,20230419_DACIA_ANDOAIN_AZPEITIA_027,,d1,06:14.2,50:07.4,DACIA_SPRING,Dacia Spring 33 kW,33000,139,38:55.2,8.1,13.0,350,N,-11.663738906128962,126.2061875189694,128,75,,,,2.0,89.0,36.0,1,112,16,40,4
40:15.5,,,69,,98.5,,,,,,,27,-2.2314186,43.16933,372.9973,30.875979769201283,40:15.0,6,0.48,0101000020E61000000B5D2004F2D901C09BE17691AC954540,20230419_DACIA_ANDOAIN_AZPEITIA_027,,d1,06:14.2,50:07.4,DACIA_SPRING,Dacia Spring 33 kW,33000,139,38:55.2,8.1,13.0,350,N,-1.3995534433001533,-176.1803245874214,128,75,,,,2.0,89.0,36.0,1,112,16,40,4
40:20.9,,,69,,98.5,,,,,,,27,-2.2324371,43.169262,369.6863,30.958989904573258,40:21.1,6,-0.14,0101000020E61000000F79FFF707DC01C08231AA56AA954540,20230419_DACIA_ANDOAIN_AZPEITIA_027,,d1,06:14.2,50:07.4,DACIA_SPRING,Dacia Spring 33 kW,33000,139,41:46.4,8.1,13.0,350,N,-1.2132795282058093,-175.355162434451,128,75,,,,2.0,89.0,36.0,1,112,16,40,4
40:26.5,,,69,,98.5,,,,,,,27,-2.233471,43.169178,366.07864,31.04343337641116,40:26.2,6,0.319,0101000020E6100000B0C250F125DE01C03DD96E90A7954540,20230419_DACIA_ANDOAIN_AZPEITIA_027,,d1,06:14.2,50:07.4,DACIA_SPRING,Dacia Spring 33 kW,33000,139,41:46.4,8.1,13.0,350,N,-1.8588568913772272,-178.22084343999788,128,75,,,,2.0,89.0,36.0,1,112,16,40,4
40:31.9,,,69,,98.5,,,,,,,27,-2.234469,43.169147,361.9518,31.12454816700655,40:32.2,6,-0.31,0101000020E61000001DBEC44131E001C096B7B39CA6954540,20230419_DACIA_ANDOAIN_AZPEITIA_027,,d1,06:14.2,50:07.4,DACIA_SPRING,Dacia Spring 33 kW,33000,139,41:46.4,8.1,13.0,350,N,-4.834959440905668,168.16592517381403,128,75,,,,2.0,89.0,36.0,1,112,16,40,4
40:37.5,,,69,,98.5,,,,,,,27,-2.2351992000000003,43.1693,358.0974,31.186282094918642,40:37.3,6,0.248,0101000020E61000004FB9E527B0E101C093677892AB954540,20230419_DACIA_ANDOAIN_AZPEITIA_027,,d1,06:14.2,50:07.4,DACIA_SPRING,Dacia Spring 33 kW,33000,139,41:46.4,8.1,13.0,350,N,-3.8711450390452566,172.6756632738195,128,75,,,,2.0,89.0,36.0,1,112,16,40,4
40:43.0,,,69,,98.5,,,,,,,27,-2.2359772,43.1694,353.67325,31.250501494619243,40:43.3,6,-0.291,0101000020E6100000B0E469F347E301C0C1F1CBD1AE954540,20230419_DACIA_ANDOAIN_AZPEITIA_027,,d1,06:14.2,50:07.4,DACIA_SPRING,Dacia Spring 33 kW,33000,139,41:46.4,8.1,13.0,350,N,-7.031058156606771,157.258436468229,128,75,,,,2.0,89.0,36.0,1,112,16,40,4
40:48.7,,,69,,98.5,,,,,,,27,-2.2366118,43.169666,349.4494,31.31001048465414,40:48.4,6,0.308,0101000020E61000005C37DAC494E401C016B5D9A5B7954540,20230419_DACIA_ANDOAIN_AZPEITIA_027,,d1,06:14.2,50:07.4,DACIA_SPRING,Dacia Spring 33 kW,33000,139,41:46.4,8.1,13.0,350,N,-3.945603829091224,172.33157667747815,128,75,,,,2.0,89.0,36.0,1,112,16,40,4
40:54.3,,,69,,98.5,,,,,,,27,-2.2375476,43.169792,344.44968,31.38734603978377,40:54.4,6,-0.113,0101000020E6100000D6E33E5D7FE601C008E9C5B7BB954540,20230419_DACIA_ANDOAIN_AZPEITIA_027,,d1,06:14.2,50:07.4,DACIA_SPRING,Dacia Spring 33 kW,33000,139,41:46.4,8.1,13.0,350,N,-8.590317874680931,148.63956833503983,128,75,,,,2.0,89.0,36.0,1,112,16,40,4
40:59.9,,,69,,98.5,,,,,,,27,-2.2380743,43.170113,339.27765,31.44325017379632,40:59.5,6,0.42,0101000020E6100000B97E4E7D93E701C077C87B36C6954540,20230419_DACIA_ANDOAIN_AZPEITIA_027,,d1,06:14.2,50:07.4,DACIA_SPRING,Dacia Spring 33 kW,33000,139,41:46.4,8.1,13.0,350,N,-12.850386077749684,108.70100375290896,128,75,,,,2.0,89.0,36.0,1,112,16,40,3
41:05.4,,,69,,98.5,,,,,,,27,-2.238273,43.1707,338.18112,31.51049019556254,41:05.5,6,-0.07,0101000020E61000002BDB2AABFBE701C0E41ACF8CD9954540,20230419_DACIA_ANDOAIN_AZPEITIA_027,,d1,06:14.2,50:07.4,DACIA_SPRING,Dacia Spring 33 kW,33000,139,41:46.4,8.1,13.0,350,N,-12.556891672162996,84.9975468692951,128,75,,,,2.0,89.0,36.0,1,112,16,40,3
41:11.0,,,69,,98.5,,,,,,,27,-2.2382386000000003,43.171093,334.87515,31.554403377045002,41:10.5,6,0.498,0101000020E6100000895A47ACE9E701C03A436863E6954540,20230419_DACIA_ANDOAIN_AZPEITIA_027,,d1,06:14.2,50:07.4,DACIA_SPRING,Dacia Spring 33 kW,33000,139,41:46.4,8.1,13.0,350,N,-1.1697444000087915,-175.16247597839762,128,75,,,,2.0,89.0,36.0,1,112,16,25,3
41:16.8,,,69,,98.5,,,,,,,27,-2.238983,43.17103,329.949,31.615375698801806,41:16.6,6,0.148,0101000020E610000008BF2FD76FE901C0D9F65A4CE4954540,20230419_DACIA_ANDOAIN_AZPEITIA_027,,d1,06:14.2,50:07.4,DACIA_SPRING,Dacia Spring 33 kW,33000,139,41:46.4,8.1,13.0,350,N,1.0425273066140175,-165.40025959118924,128,75,,,,2.0,89.0,36.0,1,112,16,40,3
41:22.2,,,69,,98.5,,,,,,,27,-2.239866,43.1708,325.18845,31.691562561297882,41:22.6,6,-0.48,0101000020E6100000791677D63EEB01C08A6121B4DC954540,20230419_DACIA_ANDOAIN_AZPEITIA_027,,d1,06:14.2,50:07.4,DACIA_SPRING,Dacia Spring 33 kW,33000,139,41:46.4,8.1,13.0,350,N,2.330264451725031,-159.67385777373073,128,75,,,,2.0,89.0,36.0,1,112,16,40,3
41:27.9,,,69,,98.5,,,,,,,27,-2.2404869,43.17057,319.04263,31.74837147209383,41:27.7,6,0.191,0101000020E61000006356035984EC01C0FEBDE143D5954540,20230419_DACIA_ANDOAIN_AZPEITIA_027,,d1,06:14.2,50:07.4,DACIA_SPRING,Dacia Spring 33 kW,33000,139,41:46.4,8.1,13.0,350,N,1.982015168589537,-161.2303289935837,128,75,,,,2.0,89.0,36.0,1,112,16,40,3
41:33.4,,,70,,98.5,,,,,,,27,-2.2412608,43.170307,310.72748,31.81810880645621,41:33.7,6,-0.332,0101000020E6100000127B6B131AEE01C0685A1A99CC954540,20230419_DACIA_ANDOAIN_AZPEITIA_027,,d1,06:14.2,50:07.4,DACIA_SPRING,Dacia Spring 33 kW,33000,139,41:46.4,8.1,13.0,350,N,-2.615347176328988,178.39399701096914,128,75,,,,2.0,89.0,36.0,1,112,16,25,3
41:39.0,,,70,,98.5,,,,,,,27,-2.2417958,43.170322,305.48242,31.861843428059554,41:38.8,6,0.145,0101000020E6100000964BA3A732EF01C08B717526CD954540,20230419_DACIA_ANDOAIN_AZPEITIA_027,,d1,06:14.2,50:07.4,DACIA_SPRING,Dacia Spring 33 kW,33000,139,41:46.4,8.1,13.0,350,N,-10.966617371686173,132.47925266874495,128,75,,,,2.0,89.0,36.0,1,112,16,25,3
41:44.4,,,70,,98.5,,,,,,,27,-2.2422225,43.170788,301.04736,31.924310131287427,41:44.9,6,-0.421,0101000020E6100000434CD65E12F001C009C7BD6EDC954540,20230419_DACIA_ANDOAIN_AZPEITIA_027,,d1,06:14.2,50:07.4,DACIA_SPRING,Dacia Spring 33 kW,33000,139,41:46.4,8.1,13.0,350,N,0.0209001110073675,-169.9078854870819,128,75,,,,2.0,89.0,36.0,1,112,16,25,3
41:50.0,,,70,,98.5,,,,,,,27,-2.2428012,43.170685,294.5393,31.973054389627276,41:49.9,6,0.12,0101000020E61000003872F3CC41F101C09DB5DAF4D8954540,20230419_DACIA_ANDOAIN_AZPEITIA_027,,d1,06:14.2,50:07.4,DACIA_SPRING,Dacia Spring 33 kW,33000,139,41:46.4,8.1,13.0,350,N,-1.1996029914954989,-175.29462364931982,128,75,,,,2.0,89.0,36.0,1,112,16,25,3
41:55.6,,,70,,98.5,,,,,,,27,-2.2436395,43.170616,287.8865,32.041791947306045,41:55.9,6,-0.292,0101000020E610000013E98948F9F201C0FB418BC2D6954540,20230419_DACIA_ANDOAIN_AZPEITIA_027,,d1,06:14.2,50:07.4,DACIA_SPRING,Dacia Spring 33 kW,33000,139,41:46.4,8.1,13.0,350,N,-0.5564983069305227,-172.45344234438002,128,75,,,,2.0,89.0,36.0,1,112,16,40,3
42:01.2,,,70,,98.5,,,,,,,27,-2.2443264,43.170525,283.70898,32.09856274579417,42:01.0,6,0.178,0101000020E610000054E9526D61F401C0D6E96BBFD3954540,20230419_DACIA_ANDOAIN_AZPEITIA_027,,d1,06:14.2,50:07.4,DACIA_SPRING,Dacia Spring 33 kW,33000,139,41:46.4,8.1,13.0,350,N,8.080273631339162,-131.56989218714185,128,75,,,,2.0,89.0,36.0,1,112,16,40,3
42:06.8,,,70,,98.5,,,,,,,27,-2.244753,43.170044,277.70065,32.16254402231946,42:07.0,6,-0.162,0101000020E61000001E92ADFF40F501C0DD9580FCC3954540,20230419_DACIA_ANDOAIN_AZPEITIA_027,,d1,06:14.2,50:07.4,DACIA_SPRING,Dacia Spring 33 kW,33000,139,41:46.4,8.1,13.0,350,N,1.3534607000995795,-164.0239716683171,128,75,,,,2.0,89.0,36.0,1,112,16,40,3
42:12.4,,,70,,98.5,,,,,,,27,-2.2450988,43.169945,271.77527000000003,32.19324794426167,42:12.0,6,0.3779999999999999,0101000020E61000006F94CD52F6F501C05815F8C1C0954540,20230419_DACIA_ANDOAIN_AZPEITIA_027,,d1,06:14.2,50:07.4,DACIA_SPRING,Dacia Spring 33 kW,33000,139,41:46.4,8.1,13.0,350,N,-9.94535080198766,140.09060724115548,128,75,,,,2.0,89.0,36.0,1,112,16,40,3
42:18.0,,,70,,98.5,,,,,,,27,-2.2455866,43.170353000000006,262.48825,32.25415274904554,42:18.2,6,-0.183,0101000020E61000008A127C2CF6F601C0F5BE3C11CE954540,20230419_DACIA_ANDOAIN_AZPEITIA_027,,d1,06:14.2,50:07.4,DACIA_SPRING,Dacia Spring 33 kW,33000,139,41:46.4,8.1,13.0,350,N,-12.999987983502365,100.07790313592494,128,75,,,,2.0,89.0,36.0,1,112,16,40,3
42:23.4,,,70,,98.5,,,,,,,27,-2.2457087,43.171040000000005,254.10019,32.331638094391295,42:23.2,6,0.1889999999999999,0101000020E6100000BBFA682136F701C0762B08A0E4954540,20230419_DACIA_ANDOAIN_AZPEITIA_027,,d1,06:14.2,50:07.4,DACIA_SPRING,Dacia Spring 33 kW,33000,139,41:46.4,8.1,13.0,350,N,-11.984194808368851,122.80029755211328,128,75,,,,2.0,89.0,36.0,1,112,16,40,3
42:28.9,,,70,,98.5,,,,,,,27,-2.246087,43.171627,247.92151,32.40402390008188,42:29.3,6,-0.3329999999999999,0101000020E6100000FF43347FFCF701C00C204CE0F7954540,20230419_DACIA_ANDOAIN_AZPEITIA_027,,d1,06:14.2,50:07.4,DACIA_SPRING,Dacia Spring 33 kW,33000,139,41:46.4,8.1,13.0,350,N,-7.589486881410012,154.28126768728842,128,75,,,,2.0,89.0,36.0,1,112,16,40,3
42:34.3,,,70,,98.5,,,,,,,27,-2.2466953,43.17192,243.84308,32.463282327067695,42:34.3,6,0.05,0101000020E61000009661936B3BF901C0BD97277601964540,20230419_DACIA_ANDOAIN_AZPEITIA_027,,d1,06:14.2,50:07.4,DACIA_SPRING,Dacia Spring 33 kW,33000,139,41:46.4,8.1,13.0,350,N,-11.820819832185167,124.59205379158183,128,75,,,,2.0,89.0,36.0,1,112,16,40,3
19/04/2023 11:42,,,70,,98.5,,,,,,,27,-2.2470884,43.17249,236.77615,32.53457980112487,42:40.3,6,-0.3389999999999999,0101000020E610000095C25B8309FA01C0F37BBC1814964540,20230419_DACIA_ANDOAIN_AZPEITIA_027,,d1,06:14.2,50:07.4,DACIA_SPRING,Dacia Spring 33 kW,33000,139,43:32.2,8.1,13.0,350,N,-12.9964148397872,101.34564412460035,128,75,,,,2.0,89.0,36.0,1,112,16,40,3
42:45.9,,,70,,98.5,,,,,,,27,-2.2472122000000003,43.173107,230.17221,32.60423149989262,42:45.9,6,0.04,0101000020E610000016DC18574AFA01C026380C5D28964540,20230419_DACIA_ANDOAIN_AZPEITIA_027,,d1,06:14.2,50:07.4,DACIA_SPRING,Dacia Spring 33 kW,33000,139,43:32.2,8.1,13.0,350,N,-10.408616684308727,136.80655612328843,128,75,,,,2.0,89.0,36.0,1,112,16,25,3
42:51.6,,,70,,98.5,,,,,,,27,-2.2478385,43.173695,224.40855,32.68722293940892,42:51.4,6,0.128,0101000020E6100000D12858C292FB01C0DB8F44A33B964540,20230419_DACIA_ANDOAIN_AZPEITIA_027,,d1,06:14.2,50:07.4,DACIA_SPRING,Dacia Spring 33 kW,33000,139,43:32.2,8.1,13.0,350,N,-11.436156114521689,128.39328414913544,128,75,,,,2.0,89.0,36.0,1,112,16,25,3
42:57.1,,,70,,98.5,,,,,,,27,-2.2483702,43.174366,219.79471,32.77352041930958,42:57.5,6,-0.38,0101000020E61000009264F680A9FC01C018CF53A551964540,20230419_DACIA_ANDOAIN_AZPEITIA_027,,d1,06:14.2,50:07.4,DACIA_SPRING,Dacia Spring 33 kW,33000,139,43:32.2,8.1,13.0,350,N,-12.928985432526678,105.99152775850008,128,75,,,,2.0,89.0,36.0,1,112,16,40,3
43:02.7,,,70,,98.5,,,,,,,27,-2.2485347,43.17494,215.71846,32.838852665943136,43:02.6,6,0.171,0101000020E610000058CAA7BDFFFC01C034CAFD5564964540,20230419_DACIA_ANDOAIN_AZPEITIA_027,,d1,06:14.2,50:07.4,DACIA_SPRING,Dacia Spring 33 kW,33000,139,43:32.2,8.1,13.0,350,N,-9.899745228572696,59.59828113893273,128,75,,,,2.0,89.0,36.0,1,112,16,40,3
43:08.2,,,70,,98.5,,,,,,,27,-2.248256,43.175415,212.08273,32.89641718532261,43:08.6,6,-0.362,0101000020E610000065DC2C9E6DFC01C02948A60874964540,20230419_DACIA_ANDOAIN_AZPEITIA_027,,d1,06:14.2,50:07.4,DACIA_SPRING,Dacia Spring 33 kW,33000,139,43:32.2,8.1,13.0,350,N,-5.266646277620289,166.1009369071668,128,75,,,,2.0,89.0,36.0,1,112,16,40,3
43:13.8,,,70,,98.5,,,,,,,27,-2.248551,43.175488,206.86748,32.92221121349544,43:13.6,6,0.16,0101000020E6100000BD52584908FD01C09F44906376964540,20230419_DACIA_ANDOAIN_AZPEITIA_027,,d1,06:14.2,50:07.4,DACIA_SPRING,Dacia Spring 33 kW,33000,139,43:32.2,8.1,13.0,350,N,9.77911091552228,-121.2152728247412,128,75,,,,2.0,89.0,36.0,1,112,16,40,3
43:19.5,,,70,,98.5,,,,,,,27,-2.2488952,43.17492,202.9626,32.99137273575938,43:19.6,6,-0.18,0101000020E610000001203AB1BCFD01C0FDA8A0BD63964540,20230419_DACIA_ANDOAIN_AZPEITIA_027,,d1,06:14.2,50:07.4,DACIA_SPRING,Dacia Spring 33 kW,33000,139,43:32.2,8.1,13.0,350,N,11.615553606099862,-106.6830690383528,128,75,,,,2.0,89.0,36.0,1,112,16,40,3
43:25.0,,,70,,98.5,,,,,,,27,-2.2490900000000003,43.17427,198.60127,33.06548397206684,43:24.7,6,0.317,0101000020E61000008A42AAD322FE01C02110D77D4E964540,20230419_DACIA_ANDOAIN_AZPEITIA_027,,d1,06:14.2,50:07.4,DACIA_SPRING,Dacia Spring 33 kW,33000,139,43:32.2,8.1,13.0,350,N,11.684737102653818,-105.99583231351838,128,75,,,,2.0,89.0,36.0,1,112,16,40,3
43:30.5,,,70,,98.5,,,,,,,27,-2.2492878,43.17358,192.55464,33.144100087601494,43:30.7,6,-0.213,0101000020E6100000567251938AFE01C05484FAD337964540,20230419_DACIA_ANDOAIN_AZPEITIA_027,,d1,06:14.2,50:07.4,DACIA_SPRING,Dacia Spring 33 kW,33000,139,43:32.2,8.1,13.0,350,N,12.99937314477026,-79.43733315404056,128,75,,,,2.0,89.0,36.0,1,112,16,25,3
43:35.9,,,70,,98.5,,,,,,,27,-2.2491927000000005,43.17307,185.07584,33.20181805770239,43:35.8,6,0.16,0101000020E6100000589644B458FE01C0E93BEA1B27964540,20230419_DACIA_ANDOAIN_AZPEITIA_027,,d1,06:14.2,50:07.4,DACIA_SPRING,Dacia Spring 33 kW,33000,139,43:32.2,8.1,13.0,350,N,11.768928093309054,-105.13599013904263,128,75,,,,2.0,89.0,36.0,1,112,16,40,3
43:41.5,,,70,,98.5,,,,,,,27,-2.2493458,43.172504,176.4248,33.266548000059565,43:41.8,6,-0.318,0101000020E610000076A6C609A9FE01C0AAB1CB9514964540,20230419_DACIA_ANDOAIN_AZPEITIA_027,,d1,06:14.2,50:07.4,DACIA_SPRING,Dacia Spring 33 kW,33000,139,43:32.2,8.1,13.0,350,N,7.005674580746613,-137.39134456255627,128,75,,,,2.0,89.0,36.0,1,112,16,40,3
43:46.9,,,70,,98.5,,,,,,,27,-2.2495067000000004,43.172356,170.71617,33.28831192100926,43:46.9,6,0.071,0101000020E6100000E2C10660FDFE01C0C44378C90F964540,20230419_DACIA_ANDOAIN_AZPEITIA_027,,d1,06:14.2,50:07.4,DACIA_SPRING,Dacia Spring 33 kW,33000,139,43:32.2,8.1,13.0,350,N,-10.673806254331422,134.80875228090366,128,75,,,,2.0,89.0,36.0,1,112,16,40,3
43:52.5,,,70,,98.5,,,,,,,27,-2.2500143,43.172867,165.17891,33.35869416813871,43:52.9,6,-0.433,0101000020E6100000720C997B070002C0E8E1487420964540,20230419_DACIA_ANDOAIN_AZPEITIA_027,,d1,06:14.2,50:07.4,DACIA_SPRING,Dacia Spring 33 kW,33000,139,43:32.2,8.1,13.0,350,N,-10.035484365473335,139.46974686474445,128,75,,,,2.0,89.0,36.0,1,112,16,8,3
43:58.1,,,70,,98.5,,,,,,,27,-2.250626,43.173390000000005,161.11435,33.43523926615712,43:57.9,6,0.1689999999999999,0101000020E61000008AEA8F32480102C011BA36AD31964540,20230419_DACIA_ANDOAIN_AZPEITIA_027,,d1,06:14.2,50:07.4,DACIA_SPRING,Dacia Spring 33 kW,33000,139,43:32.2,8.1,13.0,350,N,-9.769237156238136,141.28127579820742,128,75,,,,2.0,89.0,36.0,1,112,16,8,3
44:03.6,,,70,,98.5,,,,,,,27,-2.251337,43.17396,158.27115,33.520968828509304,44:04.0,6,-0.32,0101000020E6100000AF4658FABC0202C0B76EE46744964540,20230419_DACIA_ANDOAIN_AZPEITIA_027,,d1,06:14.2,50:07.4,DACIA_SPRING,Dacia Spring 33 kW,33000,139,43:32.2,8.1,13.0,350,N,-10.655721913346436,134.94813521982178,128,75,,,,2.0,89.0,36.0,1,112,16,40,3
44:09.1,,,70,,98.5,,,,,,,27,-2.2517233,43.174347,154.57054,33.57432416510186,44:09.0,6,0.12,0101000020E6100000CEA65C84870302C026E77F0951964540,20230419_DACIA_ANDOAIN_AZPEITIA_027,,d1,06:14.2,50:07.4,DACIA_SPRING,Dacia Spring 33 kW,33000,139,43:32.2,8.1,13.0,350,N,-12.88513457695675,92.3777899997186,128,75,,,,2.0,89.0,36.0,1,112,16,40,3
44:14.8,,,70,,98.5,,,,,,,27,-2.25175,43.17499,146.80682,33.64627536715983,44:15.0,6,-0.208,0101000020E6100000C764B286950302C0D4712F2466964540,20230419_DACIA_ANDOAIN_AZPEITIA_027,,d1,06:14.2,50:07.4,DACIA_SPRING,Dacia Spring 33 kW,33000,139,43:32.2,8.1,13.0,350,N,-12.250411946692854,80.44821077073145,128,75,,,,2.0,89.0,36.0,1,112,16,40,3
44:20.4,,,70,,98.5,,,,,,,27,-2.2516906000000003,43.175343,143.05096,33.68599957119278,44:20.1,6,0.261,0101000020E6100000AE575B6E760302C04F2B04AB71964540,20230419_DACIA_ANDOAIN_AZPEITIA_027,,d1,06:14.2,50:07.4,DACIA_SPRING,Dacia Spring 33 kW,33000,139,43:32.2,8.1,13.0,350,N,-12.957103386659025,104.65582824946986,128,75,,,,2.0,89.0,36.0,1,112,16,40,2
44:25.9,,,70,,98.5,,,,,,,27,-2.2518075,43.17579,137.69951,33.73688177185676,44:26.1,6,-0.28,0101000020E6100000BC0284AEB30302C08FACE03680964540,20230419_DACIA_ANDOAIN_AZPEITIA_027,,d1,06:14.2,50:07.4,DACIA_SPRING,Dacia Spring 33 kW,33000,139,43:32.2,8.1,13.0,350,N,2.858767567629468,-157.29653514887974,128,75,,,,2.0,89.0,36.0,1,112,16,8,2
44:31.4,,,70,,98.5,,,,,,,27,-2.2523668,43.175556,132.98941000000002,33.789380856147986,44:31.2,6,0.152,0101000020E61000005B9259D8D80402C09756819A78964540,20230419_DACIA_ANDOAIN_AZPEITIA_027,,d1,06:14.2,50:07.4,DACIA_SPRING,Dacia Spring 33 kW,33000,139,43:32.2,8.1,13.0,350,N,-5.127991956928901,166.76764274848713,128,75,,,,2.0,89.0,36.0,1,112,16,55,2
44:36.9,,,70,,98.5,,,,,,,27,-2.2531493,43.175740000000005,130.83574,33.85608553303931,44:37.3,6,-0.31,0101000020E61000003DF11420730602C0029462A37E964540,20230419_DACIA_ANDOAIN_AZPEITIA_027,,d1,06:14.2,50:07.4,DACIA_SPRING,Dacia Spring 33 kW,33000,139,43:32.2,8.1,13.0,350,N,-6.3295531888460745,160.86371038298532,128,75,,,,2.0,89.0,36.0,1,112,16,55,2
44:42.5,,,70,,98.5,,,,,,,27,-2.2538986,43.176,129.8685,33.923380402740946,44:42.3,6,0.133,0101000020E6100000F43DAAFFFB0702C06352631687964540,20230419_DACIA_ANDOAIN_AZPEITIA_027,,d1,06:14.2,50:07.4,DACIA_SPRING,Dacia Spring 33 kW,33000,139,43:32.2,8.1,13.0,350,N,-6.333071767146677,160.84595463381157,128,75,,,,2.0,89.0,36.0,1,112,16,8,2
44:48.0,,,70,,98.5,,,,,,,27,-2.2548602000000004,43.176334,129.53615,34.00974933781456,44:48.4,6,-0.391,0101000020E610000048A32D29F40902C065E1C21292964540,20230419_DACIA_ANDOAIN_AZPEITIA_027,,d1,06:14.2,50:07.4,DACIA_SPRING,Dacia Spring 33 kW,33000,139,43:32.2,8.1,13.0,350,N,-6.291834526905157,161.05385753208094,128,75,,,,2.0,89.0,36.0,1,112,16,8,2
44:53.5,,,70,,98.5,,,,,,,27,-2.255705,43.176624,128.86127,34.08546639970121,44:53.4,6,0.09,0101000020E6100000E6A80F14AF0B02C0C57E2FA09B964540,20230419_DACIA_ANDOAIN_AZPEITIA_027,,d1,06:14.2,50:07.4,DACIA_SPRING,Dacia Spring 33 kW,33000,139,43:32.2,8.1,13.0,350,N,-6.192260553895035,161.55416603105198,128,75,,,,2.0,89.0,36.0,1,112,16,8,2
44:59.0,,,70,,98.5,,,,,,,27,-2.2566524,43.17694,127.88177,34.16994961739235,44:59.4,6,-0.409,0101000020E61000002418C0C59F0D02C0D7E6D60AA6964540,20230419_DACIA_ANDOAIN_AZPEITIA_027,,d1,06:14.2,50:07.4,DACIA_SPRING,Dacia Spring 33 kW,33000,139,43:32.2,8.1,13.0,350,N,-6.104577548476901,161.99277567712625,128,75,,,,2.0,89.0,36.0,1,112,16,8,2
45:04.6,,,70,,98.5,,,,,,,27,-2.2573292,43.17716,127.50685,34.23003650543737,45:04.5,6,0.1009999999999999,0101000020E6100000DB34059B020F02C07930DA19AD964540,20230419_DACIA_ANDOAIN_AZPEITIA_027,,d1,06:14.2,50:07.4,DACIA_SPRING,Dacia Spring 33 kW,33000,139,43:32.2,8.1,13.0,350,N,-6.104245193980207,161.9944347737844,128,75,,,,2.0,89.0,36.0,1,112,16,55,2
45:10.1,,,70,,98.5,,,,,,,27,-2.2581599,43.17743,127.67479,34.30378407300961,45:10.5,6,-0.4,0101000020E6100000BB2F5129B61002C05DE66B0BB6964540,20230419_DACIA_ANDOAIN_AZPEITIA_027,,d1,06:14.2,50:07.4,DACIA_SPRING,Dacia Spring 33 kW,33000,139,46:46.4,8.1,13.0,350,N,-6.490969698040275,160.04594628935666,128,75,,,,2.0,89.0,36.0,1,112,16,8,2
45:15.8,,,70,,98.5,,,,,,,27,-2.2587934,43.17766,127.7106,34.36116731509271,45:15.6,6,0.25,0101000020E610000080425D39021202C0416A1FA2BD964540,20230419_DACIA_ANDOAIN_AZPEITIA_027,,d1,06:14.2,50:07.4,DACIA_SPRING,Dacia Spring 33 kW,33000,139,46:46.4,8.1,13.0,350,N,-8.213992611219599,150.81358187873903,128,75,,,,2.0,89.0,36.0,1,112,16,25,2
45:21.4,,,70,,98.5,,,,,,,27,-2.25942,43.17801,127.50795,34.42516918023688,45:21.6,6,-0.249,0101000020E6100000EC49D7B14A1302C0CB6B5302C9964540,20230419_DACIA_ANDOAIN_AZPEITIA_027,,d1,06:14.2,50:07.4,DACIA_SPRING,Dacia Spring 33 kW,33000,139,46:46.4,8.1,13.0,350,N,-10.728195674960777,134.3865782616189,128,75,,,,2.0,89.0,36.0,1,112,16,8,2
45:27.0,,,70,,98.5,,,,,,,27,-2.259651,43.178246,125.97531,34.457446769689156,45:26.7,6,0.272,0101000020E6100000616C19D8C31302C0046A70BCD0964540,20230419_DACIA_ANDOAIN_AZPEITIA_027,,d1,06:14.2,50:07.4,DACIA_SPRING,Dacia Spring 33 kW,33000,139,46:46.4,8.1,13.0,350,N,-12.873331783185847,91.9951527197834,128,75,,,,2.0,89.0,36.0,1,112,16,65,2
45:32.5,,,70,,98.5,,,,,,,27,-2.2596595,43.17849,126.75572,34.48459830270692,45:32.7,6,-0.217,0101000020E6100000D6BED569C81302C08BA9DAB5D8964540,20230419_DACIA_ANDOAIN_AZPEITIA_027,,d1,06:14.2,50:07.4,DACIA_SPRING,Dacia Spring 33 kW,33000,139,46:46.4,8.1,13.0,350,N,-5.223257471724417,33.69006751255854,128,75,,,,2.0,89.0,36.0,1,112,16,65,2
45:38.0,,,70,,98.5,,,,,,,27,-2.259649,43.178497,126.66145,34.48575572586904,45:37.9,6,0.102,0101000020E61000000D77ABD9C21302C09F152902D9964540,20230419_DACIA_ANDOAIN_AZPEITIA_027,,d1,06:14.2,50:07.4,DACIA_SPRING,Dacia Spring 33 kW,33000,139,46:46.4,8.1,13.0,350,N,-9.193668325142612,55.00797980121981,128,75,,,,2.0,89.0,36.0,1,112,16,65,2
45:43.5,,,70,,98.5,,,,,,,27,-2.25939,43.178867,128.4684,34.531983337479936,45:43.9,6,-0.3879999999999999,0101000020E6100000873FCE183B1302C0D116872DE5964540,20230419_DACIA_ANDOAIN_AZPEITIA_027,,d1,06:14.2,50:07.4,DACIA_SPRING,Dacia Spring 33 kW,33000,139,46:46.4,8.1,13.0,350,N,-9.001177956723897,53.82025655976377,128,75,,,,2.0,89.0,36.0,1,112,16,8,2
45:49.1,,,70,,98.5,,,,,,,27,-2.2590587,43.17932,128.92021,34.589072079692826,45:48.9,6,0.161,0101000020E6100000D3A8FE688D1202C03D763108F4964540,20230419_DACIA_ANDOAIN_AZPEITIA_027,,d1,06:14.2,50:07.4,DACIA_SPRING,Dacia Spring 33 kW,33000,139,46:46.4,8.1,13.0,350,N,-12.759917004465349,88.97147820853803,128,75,,,,2.0,89.0,36.0,1,112,16,8,2
45:54.7,,,70,,98.5,,,,,,,27,-2.259048,43.179916,130.46428,34.65536791848762,45:55.0,6,-0.32,0101000020E610000002CD33B3871202C0950E247A07974540,20230419_DACIA_ANDOAIN_AZPEITIA_027,,d1,06:14.2,50:07.4,DACIA_SPRING,Dacia Spring 33 kW,33000,139,46:46.4,8.1,13.0,350,N,-10.977430860525672,67.60960708176981,128,75,,,,2.0,89.0,36.0,1,112,16,65,2
46:00.2,,,70,,98.5,,,,,,,27,-2.2589207,43.180225,132.99414,34.691333190688326,46:00.1,6,0.151,0101000020E6100000DC62010B451202C06EEC0E9A11974540,20230419_DACIA_ANDOAIN_AZPEITIA_027,,d1,06:14.2,50:07.4,DACIA_SPRING,Dacia Spring 33 kW,33000,139,46:46.4,8.1,13.0,350,N,-9.164346507306297,145.1745169360619,128,75,,,,2.0,89.0,36.0,1,112,16,65,2
46:05.8,,,70,,98.5,,,,,,,27,-2.2592585,43.18046,134.31488000000002,34.72921168128172,46:06.1,6,-0.27,0101000020E6100000A68B0915F61202C07B847F5819974540,20230419_DACIA_ANDOAIN_AZPEITIA_027,,d1,06:14.2,50:07.4,DACIA_SPRING,Dacia Spring 33 kW,33000,139,46:46.4,8.1,13.0,350,N,11.054716874763669,-111.7488445659452,128,75,,,,2.0,89.0,36.0,1,112,16,65,2
46:11.5,,,70,,98.5,,,,,,,27,-2.2594085,43.180084,135.30067,34.772765290615084,46:11.2,6,0.23,0101000020E6100000761C2ACF441302C054E969FE0C974540,20230419_DACIA_ANDOAIN_AZPEITIA_027,,d1,06:14.2,50:07.4,DACIA_SPRING,Dacia Spring 33 kW,33000,139,46:46.4,8.1,13.0,350,N,12.078528921110196,-58.29768157978877,128,75,,,,2.0,89.0,36.0,1,112,16,65,2
46:17.0,,,70,,98.5,,,,,,,27,-2.2590694,43.179535,136.56668,34.839729713263345,46:17.3,6,-0.239,0101000020E6100000FB7008FF921202C07CD73201FB964540,20230419_DACIA_ANDOAIN_AZPEITIA_027,,d1,06:14.2,50:07.4,DACIA_SPRING,Dacia Spring 33 kW,33000,139,46:46.4,8.1,13.0,350,N,12.13735482623848,-100.9900448414733,128,75,,,,2.0,89.0,36.0,1,112,16,65,2
46:22.6,,,70,,98.5,,,,,,,27,-2.2591665,43.179035,136.97044,34.895883349307,46:22.3,6,0.23,0101000020E6100000E56467D6C51202C060A267ABEA964540,20230419_DACIA_ANDOAIN_AZPEITIA_027,,d1,06:14.2,50:07.4,DACIA_SPRING,Dacia Spring 33 kW,33000,139,46:46.4,8.1,13.0,350,N,7.820423083919463,-133.017504252866,128,75,,,,2.0,89.0,36.0,1,112,16,8,2
46:28.1,,,70,,98.5,,,,,,,27,-2.2595444,43.17863,138.15618999999998,34.950366489744276,46:28.3,6,-0.267,0101000020E6100000B07277008C1302C0826F5456DD964540,20230419_DACIA_ANDOAIN_AZPEITIA_027,,d1,06:14.2,50:07.4,DACIA_SPRING,Dacia Spring 33 kW,33000,139,46:46.4,8.1,13.0,350,N,0.4428576205681708,-168.04778593557307,128,75,,,,2.0,89.0,36.0,1,112,16,65,2
46:33.9,,,70,,98.5,,,,,,,27,-2.2598987,43.178555,139.29907,34.98030306619865,46:33.4,6,0.5,0101000020E61000003CB6EBCC451402C0B0FD87EDDA964540,20230419_DACIA_ANDOAIN_AZPEITIA_027,,d1,06:14.2,50:07.4,DACIA_SPRING,Dacia Spring 33 kW,33000,139,46:46.4,8.1,13.0,350,N,-6.12420758423601,161.8947381289874,128,75,,,,2.0,89.0,36.0,1,112,16,65,2
46:39.8,,,70,,98.5,,,,,,,27,-2.2603636000000003,43.178707,139.30234,35.02161553174566,46:39.4,6,0.372,0101000020E6100000665FE571391502C0A90920D8DF964540,20230419_DACIA_ANDOAIN_AZPEITIA_027,,d1,06:14.2,50:07.4,DACIA_SPRING,Dacia Spring 33 kW,33000,139,46:46.4,8.1,13.0,350,N,-9.457824028302422,143.32070085964358,128,75,,,,2.0,89.0,36.0,1,112,16,65,2
46:45.4,,,70,,98.5,,,,,,,27,-2.2609181,43.179120000000005,134.50508,35.08606366097915,46:45.5,6,-0.059,0101000020E6100000D8AEA53A5C1602C0EE04B463ED964540,20230419_DACIA_ANDOAIN_AZPEITIA_027,,d1,06:14.2,50:07.4,DACIA_SPRING,Dacia Spring 33 kW,33000,139,46:46.4,8.1,13.0,350,N,-8.46218118033104,149.38771398886647,128,75,,,,2.0,89.0,36.0,1,112,16,8,2
46:51.1,,,70,,98.5,,,,,,,27,-2.2615485,43.179493,132.55711000000002,35.15191864661914,46:51.5,6,-0.476,0101000020E6100000DC1EC5C7A61702C0D8DFBA9AF9964540,20230419_DACIA_ANDOAIN_AZPEITIA_027,,d1,06:14.2,50:07.4,DACIA_SPRING,Dacia Spring 33 kW,33000,139,46:46.4,8.1,13.0,350,N,-7.706234041243245,153.64495073989326,128,75,,,,2.0,89.0,36.0,1,112,16,8,2
46:56.6,,,70,,98.5,,,,,,,27,-2.2619421,43.179688,131.88448,35.19050840178532,46:56.6,6,0.003,0101000020E61000001209A217751802C01CA1440700974540,20230419_DACIA_ANDOAIN_AZPEITIA_027,,d1,06:14.2,50:07.4,DACIA_SPRING,Dacia Spring 33 kW,33000,139,46:46.4,8.1,13.0,350,N,-6.060592585395479,162.21212527134574,128,75,,,,2.0,89.0,36.0,1,112,16,25,2
47:02.1,,,70,,98.5,,,,,,,27,-2.2623847,43.17983,132.84103000000002,35.22972800710523,47:02.6,6,-0.501,0101000020E6100000AB88AC215D1902C0F0B18A9704974540,20230419_DACIA_ANDOAIN_AZPEITIA_027,,d1,06:14.2,50:07.4,DACIA_SPRING,Dacia Spring 33 kW,33000,139,46:46.4,8.1,13.0,350,N,-8.731354580060735,147.80602697140623,128,75,,,,2.0,89.0,36.0,1,112,16,8,2
47:07.7,,,70,,98.5,,,,,,,27,-2.2626436,43.179993,132.99323,35.25746291349311,47:07.7,6,0.034,0101000020E610000065AA74DBE41902C0ED146E030A974540,20230419_DACIA_ANDOAIN_AZPEITIA_027,,d1,06:14.2,50:07.4,DACIA_SPRING,Dacia Spring 33 kW,33000,139,46:46.4,8.1,13.0,350,N,-12.94369603601552,105.33448270387444,128,75,,,,2.0,89.0,36.0,1,112,16,25,2
47:13.3,,,70,,98.5,,,,,,,27,-2.2627223,43.18028,134.31833999999998,35.29003457345205,47:13.8,6,-0.537,0101000020E6100000B943171A0E1A02C0EC8C5F6213974540,20230419_DACIA_ANDOAIN_AZPEITIA_027,,d1,06:14.2,50:07.4,DACIA_SPRING,Dacia Spring 33 kW,33000,139,46:46.4,8.1,13.0,350,N,-11.343745293375797,70.7617029018975,128,75,,,,2.0,89.0,36.0,1,112,16,25,2
47:18.8,,,70,,98.5,,,,,,,27,-2.262619,43.180576,134.84134,35.32400134225664,47:18.8,6,-0.0289999999999999,0101000020E6100000BE798505D81902C0E0ED161E1D974540,20230419_DACIA_ANDOAIN_AZPEITIA_027,,d1,06:14.2,50:07.4,DACIA_SPRING,Dacia Spring 33 kW,33000,139,46:46.4,8.1,13.0,350,N,-10.997321661790522,67.77362961018855,128,75,,,,2.0,89.0,36.0,1,112,16,25,2
47:24.4,,,70,,98.5,,,,,,,27,-2.262458,43.18097,134.85182,35.36971571017418,47:24.9,6,-0.517,0101000020E6100000C4ACEEA6831902C0A995F4F929974540,20230419_DACIA_ANDOAIN_AZPEITIA_027,,d1,06:14.2,50:07.4,DACIA_SPRING,Dacia Spring 33 kW,33000,139,46:46.4,8.1,13.0,350,N,-11.98009730864258,122.84685446519342,128,75,,,,2.0,89.0,36.0,1,112,16,25,2
47:29.8,,,70,,98.5,,,,,,,27,-2.262642,43.181255,135.35771,35.40474612807735,47:29.9,6,-0.142,0101000020E61000000289020EE41902C062ED1D6833974540,20230419_DACIA_ANDOAIN_AZPEITIA_027,,d1,06:14.2,50:07.4,DACIA_SPRING,Dacia Spring 33 kW,33000,139,46:46.4,8.1,13.0,350,N,-5.584613837648658,164.55873078058949,128,75,,,,2.0,89.0,36.0,1,112,16,25,2
47:35.3,,,70,,98.5,,,,,,,27,-2.2628918,43.181324,137.07748,35.426473180688596,47:34.9,6,0.389,0101000020E61000008ECBF60C671A02C072093A9835974540,20230419_DACIA_ANDOAIN_AZPEITIA_027,,d1,06:14.2,50:07.4,DACIA_SPRING,Dacia Spring 33 kW,33000,139,46:46.4,8.1,13.0,350,N,1.6744520362685782,-162.5995143140474,128,75,,,,2.0,89.0,36.0,1,112,16,25,2
47:40.8,,,70,,98.5,,,,,,,27,-2.2631726000000003,43.181236,140.2156,35.45145271286305,47:41.0,6,-0.2,0101000020E610000036B65A3FFA1A02C0F1DC34C332974540,20230419_DACIA_ANDOAIN_AZPEITIA_027,,d1,06:14.2,50:07.4,DACIA_SPRING,Dacia Spring 33 kW,33000,139,48:32.4,6.9,11.2,10,N,4.235767402213173,-167.77817018571312,128,75,,,,2.0,89.0,36.0,1,112,16,25,2
47:46.6,,,70,,98.5,,,,,,,27,-2.2634773,43.18117,141.2618,35.47724676471218,47:47.0,6,-0.4379999999999999,0101000020E6100000C0402AFA991B02C0172F5AA730974540,20230419_DACIA_ANDOAIN_AZPEITIA_027,,d1,06:14.2,50:07.4,DACIA_SPRING,Dacia Spring 33 kW,33000,139,48:32.4,6.9,11.2,10,N,-1.4074394192106996,162.7808839443094,128,75,,,,2.0,89.0,36.0,1,112,16,25,2
47:52.2,,,70,,98.5,,,,,,,27,-2.2637677000000003,43.18126,139.15929,35.50291782496449,47:52.1,6,0.11,0101000020E61000004FAF2546321C02C0DA4BCE7633974540,20230419_DACIA_ANDOAIN_AZPEITIA_027,,d1,06:14.2,50:07.4,DACIA_SPRING,Dacia Spring 33 kW,33000,139,48:32.4,6.9,11.2,10,N,-3.384015497762602,152.41356318399767,128,75,,,,2.0,89.0,36.0,1,112,16,25,2
47:57.7,,,70,,98.5,,,,,,,27,-2.264606,43.181698,134.40253,35.58667182517905,47:58.2,6,-0.481,0101000020E6100000135E6BC7E91D02C0BCB459DF41974540,20230419_DACIA_ANDOAIN_AZPEITIA_027,,d1,06:14.2,50:07.4,DACIA_SPRING,Dacia Spring 33 kW,33000,139,48:32.4,6.9,11.2,10,N,-2.0665209075338278,159.3673879575231,128,75,,,,2.0,89.0,36.0,1,112,16,25,2
48:03.3,,,70,,98.5,,,,,,,27,-2.2650814,43.181877,132.52025,35.630094450055935,48:03.3,6,-0.009,0101000020E61000003941C5FBE21E02C0FECD7DB047974540,20230419_DACIA_ANDOAIN_AZPEITIA_027,,d1,06:14.2,50:07.4,DACIA_SPRING,Dacia Spring 33 kW,33000,139,48:32.4,6.9,11.2,10,N,-3.1175895790125927,153.83787719894718,128,75,,,,2.0,89.0,36.0,1,112,16,25,2
48:08.8,,,70,,98.5,,,,,,,27,-2.2653725,43.18202,132.7763,35.65855491296956,48:08.3,6,0.473,0101000020E6100000D61E0DA17B1F02C000BFE4644C974540,20230419_DACIA_ANDOAIN_AZPEITIA_027,,d1,06:14.2,50:07.4,DACIA_SPRING,Dacia Spring 33 kW,33000,139,48:32.4,6.9,11.2,10,N,-3.376364719480501,152.45461653099213,128,75,,,,2.0,89.0,36.0,1,112,16,25,2
48:14.5,,,70,,98.5,,,,,,,27,-2.2657943,43.18224,132.71954,35.70060349982407,48:14.4,6,0.092,0101000020E6100000637CB3CF582002C06D79B3AC53974540,20230419_DACIA_ANDOAIN_AZPEITIA_027,,d1,06:14.2,50:07.4,DACIA_SPRING,Dacia Spring 33 kW,33000,139,48:32.4,6.9,11.2,10,N,-2.649948728381601,156.3138926584258,128,75,,,,2.0,89.0,36.0,1,112,16,8,2
48:20.0,,,70,,98.5,,,,,,,27,-2.2663186,43.18247,132.57213000000002,35.75021460247036,48:20.4,6,-0.417,0101000020E6100000B898B4A56B2102C0ADE9CE145B974540,20230419_DACIA_ANDOAIN_AZPEITIA_027,,d1,06:14.2,50:07.4,DACIA_SPRING,Dacia Spring 33 kW,33000,139,48:32.4,6.9,11.2,10,N,7.089328169020392,-150.7299907237274,128,75,,,,2.0,89.0,36.0,1,112,16,25,2
48:25.6,,,70,,98.5,,,,,,,27,-2.2665327,43.18235,134.4424,35.77218945317057,48:25.5,6,0.142,0101000020E61000009F7427E5DB2102C00F303F4657974540,20230419_DACIA_ANDOAIN_AZPEITIA_027,,d1,06:14.2,50:07.4,DACIA_SPRING,Dacia Spring 33 kW,33000,139,48:32.4,6.9,11.2,10,N,10.55519200317156,-80.46336424182962,128,75,,,,2.0,89.0,36.0,1,112,16,25,2
48:31.0,,,70,,98.5,,,,,,,27,-2.2665243,43.1823,134.77135,35.77780041199521,48:31.5,6,-0.491,0101000020E610000070E1CC72D72102C0592DF5A455974540,20230419_DACIA_ANDOAIN_AZPEITIA_027,,d1,06:14.2,50:07.4,DACIA_SPRING,Dacia Spring 33 kW,33000,139,48:32.4,6.9,11.2,10,N,-1.9448595898696197,0.0,128,75,,,,2.0,89.0,36.0,1,112,16,25,2
48:36.5,,,70,,98.5,,,,,,,27,-2.2665243,43.1823,134.77135,35.77780041199521,48:36.5,6,0.001,0101000020E610000070E1CC72D72102C0592DF5A455974540,20230419_DACIA_ANDOAIN_AZPEITIA_027,,d1,06:14.2,50:07.4,DACIA_SPRING,Dacia Spring 33 kW,33000,139,48:32.4,6.9,11.2,10,N,-1.9448595898696197,0.0,128,75,,,,2.0,89.0,36.0,1,112,16,25,2
48:42.0,,,70,,98.5,,,,,,,27,-2.2665243,43.1823,134.77135,35.77780041199521,48:41.6,6,0.3829999999999999,0101000020E610000070E1CC72D72102C0592DF5A455974540,20230419_DACIA_ANDOAIN_AZPEITIA_027,,d1,06:14.2,50:07.4,DACIA_SPRING,Dacia Spring 33 kW,33000,139,48:32.4,6.9,11.2,10,N,7.017949007592094,-151.20008979553748,128,75,,,,2.0,89.0,36.0,1,112,16,25,2
48:47.5,,,70,,98.5,,,,,,,27,-2.2667062,43.1822,135.49687,35.7962853442144,48:47.6,6,-0.127,0101000020E610000049A575D2362202C0E927DC6B52974540,20230419_DACIA_ANDOAIN_AZPEITIA_027,,d1,06:14.2,50:07.4,DACIA_SPRING,Dacia Spring 33 kW,33000,139,48:32.4,6.9,11.2,10,N,8.625721357429118,-139.6323076775014,128,75,,,,2.0,89.0,36.0,1,112,16,25,2
48:53.0,,,70,,98.5,,,,,,,27,-2.2669697,43.181976,136.73288,35.829124048932584,48:52.7,6,0.351,0101000020E61000006E276804C12202C0541A39F54A974540,20230419_DACIA_ANDOAIN_AZPEITIA_027,,d1,06:14.2,50:07.4,DACIA_SPRING,Dacia Spring 33 kW,33000,139,48:32.4,6.9,11.2,10,N,8.986552225553828,-136.64290908470142,128,75,,,,2.0,89.0,36.0,1,112,16,25,2
48:58.5,,,70,,98.5,,,,,,,27,-2.267262,43.1817,136.48598,35.86790063803267,48:58.7,6,-0.187,0101000020E6100000BA350D3D5A2302C0B016F30842974540,20230419_DACIA_ANDOAIN_AZPEITIA_027,,d1,06:14.2,50:07.4,DACIA_SPRING,Dacia Spring 33 kW,33000,139,48:32.4,6.9,11.2,10,N,8.48677520386651,-140.73395203263,128,75,,,,2.0,89.0,36.0,1,112,16,25,2
49:04.1,,,70,,98.5,,,,,,,27,-2.2676094,43.181416,135.94923,35.91022056255425,49:03.8,6,0.303,0101000020E6100000D7C00A53102402C0CACF62A838974540,20230419_DACIA_ANDOAIN_AZPEITIA_027,,d1,06:14.2,50:07.4,DACIA_SPRING,Dacia Spring 33 kW,33000,139,48:32.4,6.9,11.2,10,N,8.368410049215369,-141.6533581056608,128,75,,,,2.0,89.0,36.0,1,112,16,25,2
49:09.7,,,70,,98.5,,,,,,,27,-2.2681024,43.181026,133.57802,35.96924709202534,49:09.8,6,-0.089,0101000020E610000060D103DC122502C039DFF3DC2B974540,20230419_DACIA_ANDOAIN_AZPEITIA_027,,d1,06:14.2,50:07.4,DACIA_SPRING,Dacia Spring 33 kW,33000,139,48:32.4,6.9,11.2,10,N,8.228010110001788,-142.72287715688094,128,75,,,,2.0,89.0,36.0,1,112,16,25,2
49:15.5,,,70,,98.5,,,,,,,27,-2.2686174,43.180634000000005,133.0727,36.029611961641166,49:15.9,6,-0.379,0101000020E610000028003ED2202602C00E0F82F71E974540,20230419_DACIA_ANDOAIN_AZPEITIA_027,,d1,06:14.2,50:07.4,DACIA_SPRING,Dacia Spring 33 kW,33000,139,48:32.4,6.9,11.2,10,N,9.567672967153529,-131.32230543154293,128,75,,,,2.0,89.0,36.0,1,112,16,25,2
49:21.1,,,70,,98.5,,,,,,,27,-2.2688627,43.180355,131.98363999999998,36.06647983520167,49:20.9,6,0.159,0101000020E6100000C7AB9C7EA12602C0432ED1EE15974540,20230419_DACIA_ANDOAIN_AZPEITIA_027,,d1,06:14.2,50:07.4,DACIA_SPRING,Dacia Spring 33 kW,33000,139,48:32.4,6.9,11.2,10,N,10.164308342374143,-124.83412008761512,128,75,,,,2.0,89.0,36.0,1,112,16,25,2
49:26.6,,,70,,98.5,,,,,,,27,-2.2689476,43.180233,132.83313,36.081716031969314,49:27.0,6,-0.358,0101000020E6100000857DE30ACE2602C0372590E111974540,20230419_DACIA_ANDOAIN_AZPEITIA_027,,d1,06:14.2,50:07.4,DACIA_SPRING,Dacia Spring 33 kW,33000,139,48:32.4,6.9,11.2,10,N,6.8130134236205215,-152.53297252347684,128,75,,,,2.0,89.0,36.0,1,112,16,25,2
49:32.1,,,70,,98.5,,,,,,,27,-2.2690938,43.180157,130.87918,36.09640489239857,49:32.0,6,0.039,0101000020E61000003629209A1A2702C0B9960E500F974540,20230419_DACIA_ANDOAIN_AZPEITIA_027,,d1,06:14.2,50:07.4,DACIA_SPRING,Dacia Spring 33 kW,33000,139,48:32.4,6.9,11.2,10,N,7.1365101259806725,-150.41751606055277,128,75,,,,2.0,89.0,36.0,1,112,16,65,2
49:37.7,,,70,,98.5,,,,,,,27,-2.2694972,43.179928,129.66212,36.13787510686106,49:38.1,6,-0.36,0101000020E610000020716C12EE2702C000B550DC07974540,20230419_DACIA_ANDOAIN_AZPEITIA_027,,d1,06:14.2,50:07.4,DACIA_SPRING,Dacia Spring 33 kW,33000,139,48:32.4,6.9,11.2,10,N,11.139473794572416,-105.9593119317856,128,75,,,,2.0,89.0,36.0,1,112,16,65,2
49:43.3,,,70,,98.5,,,,,,,27,-2.2696216,43.179493,129.76025,36.187285555759935,49:43.2,6,0.093,0101000020E61000007B3FBC632F2802C02A909A99F9964540,20230419_DACIA_ANDOAIN_AZPEITIA_027,,d1,06:14.2,50:07.4,DACIA_SPRING,Dacia Spring 33 kW,33000,139,48:32.4,6.9,11.2,10,N,5.485909349466772,-160.6716866490507,128,75,,,,2.0,89.0,36.0,1,112,16,25,2
49:48.9,,,70,,98.5,,,,,,,27,-2.270035,43.179348,129.48775,36.22448312291479,49:49.2,6,-0.267,0101000020E610000008116B17082902C0173A67E7F4964540,20230419_DACIA_ANDOAIN_AZPEITIA_027,,d1,06:14.2,50:07.4,DACIA_SPRING,Dacia Spring 33 kW,33000,139,48:32.4,6.9,11.2,10,N,4.633812344327029,-165.56043180975018,128,75,,,,2.0,89.0,36.0,1,112,16,25,2
49:54.5,,,70,,98.5,,,,,,,27,-2.2705088,43.179226,130.1108,36.265230779277736,49:54.3,6,0.2189999999999999,0101000020E61000008D67FC8D002A02C08090BED5F0964540,20230419_DACIA_ANDOAIN_AZPEITIA_027,,d1,06:14.2,50:07.4,DACIA_SPRING,Dacia Spring 33 kW,33000,139,48:32.4,6.9,11.2,10,N,5.245636596636204,-162.07208023766898,128,75,,,,2.0,89.0,36.0,1,112,16,25,2
50:00.1,,,70,,98.5,,,,,,,27,-2.2710528,43.17905,129.61722,36.31349017546423,50:00.3,6,-0.21,0101000020E6100000EC0596CB1D2B02C0094FB528EB964540,20230419_DACIA_ANDOAIN_AZPEITIA_027,,d1,06:14.2,50:07.4,DACIA_SPRING,Dacia Spring 33 kW,33000,139,48:32.4,6.9,11.2,10,N,5.876698201086074,-158.35160065072995,128,75,,,,2.0,89.0,36.0,1,112,16,25,2
50:05.7,,,70,,98.5,,,,,,,27,-2.2713501,43.178932,130.69658,36.34095760827269,50:05.4,6,0.246,0101000020E6100000257A47A1B92B02C09DA99646E7964540,20230419_DACIA_ANDOAIN_AZPEITIA_027,,d1,06:14.2,50:07.4,DACIA_SPRING,Dacia Spring 33 kW,33000,139,48:32.4,6.9,11.2,10,N,,,128,75,,,,2.0,89.0,36.0,1,112,16,25,2
