timestamp_data_utc,elv_spy,speed,soc,amb_temp,soh,regenwh,Motor Pwr(w),Aux Pwr(100w),Motor Temp,Torque Nm,rpm,route_id,longitude,latitude,altitude,cumul_dist,timestamp_gps_utc,car_id,time_diff,point_geom,route_code,route_description,driver,start_timestamp,end_timestamp,car_code,car_description,capacity,ref_consumption,timestamp_weather_utc,wind_mph,wind_kph,wind_degree,wind_dir,Frontal_Wind,Veh_deg,totalVehicles,speedAvg,cars_by_speed_interval_0_80,cars_by_speed_interval_80_100,cars_by_speed_interval_100_120,cars_by_speed_interval_0_50,cars_by_speed_interval_50_80,cars_by_speed_interval_80_120,cars_by_speed_interval_120_inf,cars_by_length_interval_0_7,cars_by_length_interval_7_inf,max_speed,radius
33:04.6,,,81,,98.5,,,,,,,11,-2.0228622,43.22478,100.76361,0.0,33:04.3,6,0.321,0101000020E610000088B9835CD22E00C0D0B936AFC59C4540,20230418_DACIA_ANDOAIN_AZPEITIA_011,,d4,33:01.3,13:56.6,DACIA_SPRING,Dacia Spring 33 kW,33000,139,31:00.0,2.2,3.6,7,N,-0.1605541866391276,170.4438529086403,389,115,1.0,47.0,239.0,,,,102,271,118,30,3
33:10.2,,,81,,98.5,,,,,,,11,-2.0232186000000003,43.22484,99.8219,0.029652825610117044,33:10.3,6,-0.078,0101000020E610000005DBCA438D2F00C047476A88C79C4540,20230418_DACIA_ANDOAIN_AZPEITIA_011,,d4,33:01.3,13:56.6,DACIA_SPRING,Dacia Spring 33 kW,33000,139,31:00.0,2.2,3.6,7,N,-0.3541385558447161,167.35457960371525,389,115,1.0,47.0,239.0,,,,102,271,118,30,3
33:15.8,,,81,,98.5,,,,,,,11,-2.0236866,43.224945,100.48242,0.06933455921090349,33:15.3,6,0.477,0101000020E61000008E37019F823000C03306ADF2CA9C4540,20230418_DACIA_ANDOAIN_AZPEITIA_011,,d4,33:01.3,13:56.6,DACIA_SPRING,Dacia Spring 33 kW,33000,139,31:00.0,2.2,3.6,7,N,-3.164877390309531,111.46209312668812,389,115,1.0,47.0,239.0,,,,102,271,118,30,3
33:21.5,,,81,,98.5,,,,,,,11,-2.0238128,43.225266,102.496826,0.10651849162465042,33:21.3,6,0.156,0101000020E6100000CB072DB9C43000C0108DD583D59C4540,20230418_DACIA_ANDOAIN_AZPEITIA_011,,d4,33:01.3,13:56.6,DACIA_SPRING,Dacia Spring 33 kW,33000,139,31:00.0,2.2,3.6,7,N,-2.6507117490386043,40.41792561433984,389,115,1.0,47.0,239.0,,,,102,271,118,55,3
33:27.3,,,81,,98.5,,,,,,,11,-2.0234206,43.2256,103.14746,0.15540150089994365,33:27.4,6,-0.0289999999999999,0101000020E6100000B1D9F414F72F00C0ECDE068CE09C4540,20230418_DACIA_ANDOAIN_AZPEITIA_011,,d4,33:01.3,13:56.6,DACIA_SPRING,Dacia Spring 33 kW,33000,139,31:00.0,2.2,3.6,7,N,-3.0843702632810754,114.0442232691912,389,115,1.0,47.0,239.0,,,,102,271,118,55,3
33:33.1,,,81,,98.5,,,,,,,11,-2.0235946,43.22599,103.36804,0.20100211246405222,33:33.4,6,-0.314,0101000020E610000017DF066B523000C07530EE48ED9C4540,20230418_DACIA_ANDOAIN_AZPEITIA_011,,d4,33:01.3,13:56.6,DACIA_SPRING,Dacia Spring 33 kW,33000,139,35:59.2,6.9,11.2,330,NNW,-3.9288154960535233,-170.53546508699645,389,115,1.0,47.0,239.0,,,,102,271,118,25,3
33:38.7,,,81,,98.5,,,,,,,11,-2.0240145,43.22592,103.35376,0.2359027605868974,33:38.4,6,0.275,0101000020E610000071A98C772E3100C0C3322E03EB9C4540,20230418_DACIA_ANDOAIN_AZPEITIA_011,,d4,33:01.3,13:56.6,DACIA_SPRING,Dacia Spring 33 kW,33000,139,35:59.2,6.9,11.2,330,NNW,-2.231610994200544,-161.49316190313013,389,115,1.0,47.0,239.0,,,,102,271,118,45,3
33:44.3,,,81,,98.5,,,,,,,11,-2.024134,43.22588,103.46814,0.24655838688401208,33:44.5,6,-0.141,0101000020E6100000D4F7542D6D3100C0538CFBA8E99C4540,20230418_DACIA_ANDOAIN_AZPEITIA_011,,d4,33:01.3,13:56.6,DACIA_SPRING,Dacia Spring 33 kW,33000,139,35:59.2,6.9,11.2,330,NNW,-2.97284048054644,-165.39263492077717,389,115,1.0,47.0,239.0,,,,102,271,118,90,3
33:50.0,,,81,,98.5,,,,,,,11,-2.0242376,43.225853,104.26007,0.25550825294182106,33:50.5,6,-0.442,0101000020E6100000A0E3DD70A33100C0779A71BFE89C4540,20230418_DACIA_ANDOAIN_AZPEITIA_011,,d4,33:01.3,13:56.6,DACIA_SPRING,Dacia Spring 33 kW,33000,139,35:59.2,6.9,11.2,330,NNW,-3.1758240851934105,-166.4725364654821,389,115,1.0,47.0,239.0,,,,102,271,118,90,3
33:55.7,,,81,,98.5,,,,,,,11,-2.0243332,43.22583,104.22388,0.26366544826433125,33:55.5,6,0.17,0101000020E610000081D636A4D53100C0D1A057F2E79C4540,20230418_DACIA_ANDOAIN_AZPEITIA_011,,d4,33:01.3,13:56.6,DACIA_SPRING,Dacia Spring 33 kW,33000,139,35:59.2,6.9,11.2,330,NNW,-2.4389594853038057,-162.5777498930259,389,115,1.0,47.0,239.0,,,,102,271,118,90,3
34:01.2,,,81,,98.5,,,,,,,11,-2.024381,43.225815,103.11481,0.2680256623624812,34:01.5,6,-0.327,0101000020E61000003EF173AEEE3100C0C5CB708FE79C4540,20230418_DACIA_ANDOAIN_AZPEITIA_011,,d4,33:01.3,13:56.6,DACIA_SPRING,Dacia Spring 33 kW,33000,139,35:59.2,6.9,11.2,330,NNW,5.6000000000000005,0.0,389,115,1.0,47.0,239.0,,,,102,271,118,45,3
34:06.8,,,81,,98.5,,,,,,,11,-2.0243795,43.225815,103.08087,0.268151847429141,34:06.5,6,0.309,0101000020E6100000271DDDEFED3100C0D7C77D8AE79C4540,20230418_DACIA_ANDOAIN_AZPEITIA_011,,d4,33:01.3,13:56.6,DACIA_SPRING,Dacia Spring 33 kW,33000,139,35:59.2,6.9,11.2,330,NNW,-1.59717134524797,-158.19859047925434,389,115,1.0,47.0,239.0,,,,102,271,118,90,3
34:12.4,,,81,,98.5,,,,,,,11,-2.024392,43.22581,102.848694,0.2693303040138663,34:12.6,6,-0.203,0101000020E61000001853FA53F43100C0C508FA6EE79C4540,20230418_DACIA_ANDOAIN_AZPEITIA_011,,d4,33:01.3,13:56.6,DACIA_SPRING,Dacia Spring 33 kW,33000,139,35:59.2,6.9,11.2,330,NNW,-3.884459648570161,-170.29334759387885,389,115,1.0,47.0,239.0,,,,102,271,118,45,3
34:18.1,,,81,,98.5,,,,,,,11,-2.024544,43.225784,101.15112,0.2820940307971178,34:17.6,6,0.5,0101000020E61000001381EA1F443200C0E940397EE69C4540,20230418_DACIA_ANDOAIN_AZPEITIA_011,,d4,33:01.3,13:56.6,DACIA_SPRING,Dacia Spring 33 kW,33000,139,35:59.2,6.9,11.2,330,NNW,-3.421713968555344,-167.788859927165,389,115,1.0,47.0,239.0,,,,102,271,118,45,3
34:24.0,,,81,,98.5,,,,,,,11,-2.0246549,43.22576,100.534,0.29148773800990957,34:23.6,6,0.351,0101000020E6100000F5E0074A7E3200C0A23C98B9E59C4540,20230418_DACIA_ANDOAIN_AZPEITIA_011,,d4,33:01.3,13:56.6,DACIA_SPRING,Dacia Spring 33 kW,33000,139,35:59.2,6.9,11.2,330,NNW,-3.354124123771048,-167.426095255339,389,115,1.0,47.0,239.0,,,,102,271,118,45,3
34:29.5,,,81,,98.5,,,,,,,11,-2.0246818,43.225754,100.51703,0.29376715685482624,34:29.6,6,-0.139,0101000020E6100000FA3ADB698C3200C0EA3F8C8CE59C4540,20230418_DACIA_ANDOAIN_AZPEITIA_011,,d4,33:01.3,13:56.6,DACIA_SPRING,Dacia Spring 33 kW,33000,139,35:59.2,6.9,11.2,330,NNW,-5.600000000000002,180.0,389,115,1.0,47.0,239.0,,,,102,271,118,45,3
34:35.1,,,81,,98.5,,,,,,,11,-2.0246935,43.225754,100.52307,0.29471514976362156,34:34.6,6,0.446,0101000020E61000008B602D88923200C07FBE9082E59C4540,20230418_DACIA_ANDOAIN_AZPEITIA_011,,d4,33:01.3,13:56.6,DACIA_SPRING,Dacia Spring 33 kW,33000,139,35:59.2,6.9,11.2,330,NNW,-3.295777093439287,-167.11351747082503,389,115,1.0,47.0,239.0,,,,102,271,118,45,3
34:40.7,,,81,,98.5,,,,,,,11,-2.024829,43.225723,99.53088,0.30626494575650987,34:40.7,6,0.057,0101000020E61000009D25F187D93200C0C1D2F17FE49C4540,20230418_DACIA_ANDOAIN_AZPEITIA_011,,d4,33:01.3,13:56.6,DACIA_SPRING,Dacia Spring 33 kW,33000,139,35:59.2,6.9,11.2,330,NNW,-1.8768239283210129,-159.6467708586341,389,115,1.0,47.0,239.0,,,,102,271,118,45,3
34:46.6,,,81,,98.5,,,,,,,11,-2.024891,43.2257,99.05682,0.3119218478146639,34:46.8,6,-0.217,0101000020E61000002DC59FF2F93200C0A3F96BCBE39C4540,20230418_DACIA_ANDOAIN_AZPEITIA_011,,d4,33:01.3,13:56.6,DACIA_SPRING,Dacia Spring 33 kW,33000,139,35:59.2,6.9,11.2,330,NNW,-2.515542198225479,-162.97947438345133,389,115,1.0,47.0,239.0,,,,102,271,118,45,3
34:52.1,,,81,,98.5,,,,,,,11,-2.02494,43.225685,98.68457,0.3162441888787827,34:51.7,6,0.415,0101000020E6100000F04CCBBC133300C03EB25640E39C4540,20230418_DACIA_ANDOAIN_AZPEITIA_011,,d4,33:01.3,13:56.6,DACIA_SPRING,Dacia Spring 33 kW,33000,139,35:59.2,6.9,11.2,330,NNW,-2.318893779355156,-161.94918422022644,389,115,1.0,47.0,239.0,,,,102,271,118,45,3
34:58.0,,,81,,98.5,,,,,,,11,-2.0250566,43.225647,99.64624,0.32663799118500203,34:57.7,6,0.238,0101000020E61000009B6736D9503300C07560B509E29C4540,20230418_DACIA_ANDOAIN_AZPEITIA_011,,d4,33:01.3,13:56.6,DACIA_SPRING,Dacia Spring 33 kW,33000,139,35:59.2,6.9,11.2,330,NNW,-4.326953151486267,-172.72665011671447,389,115,1.0,47.0,239.0,,,,102,271,118,45,3
35:03.7,,,81,,98.5,,,,,,,11,-2.0253465,43.22561,99.32031,0.3504865419478422,35:03.8,6,-0.093,0101000020E610000041BD53E0E83300C01C3D23B6E09C4540,20230418_DACIA_ANDOAIN_AZPEITIA_011,,d4,33:01.3,13:56.6,DACIA_SPRING,Dacia Spring 33 kW,33000,139,35:59.2,6.9,11.2,330,NNW,-5.798485820842986,178.82043202708655,389,115,1.0,47.0,239.0,,,,102,271,118,45,3
35:09.5,,,81,,98.5,,,,,,,11,-2.0256379,43.225616,99.41693,0.37410643455006437,35:09.2,6,0.288,0101000020E6100000F9893D93813400C0F8CAF600E19C4540,20230418_DACIA_ANDOAIN_AZPEITIA_011,,d4,33:01.3,13:56.6,DACIA_SPRING,Dacia Spring 33 kW,33000,139,35:59.2,6.9,11.2,330,NNW,-5.959098502936151,177.8550931953345,389,115,1.0,47.0,239.0,,,,102,271,118,45,3
35:16.0,,,81,,98.5,,,,,,,11,-2.0262787,43.225640000000006,99.50598,0.4260949463471508,35:15.8,6,0.207,0101000020E6100000C40D119AD13500C0AAE5F7CBE19C4540,20230418_DACIA_ANDOAIN_AZPEITIA_011,,d4,33:01.3,13:56.6,DACIA_SPRING,Dacia Spring 33 kW,33000,139,35:59.2,6.9,11.2,330,NNW,-1.7676655203117893,-159.0808061365845,389,115,1.0,47.0,239.0,,,,102,271,118,45,3
35:21.9,,,81,,98.5,,,,,,,11,-2.0267496,43.22546,99.203125,0.469181212798852,35:21.8,6,0.0579999999999999,0101000020E6100000A53D9082C83600C0840418D8DB9C4540,20230418_DACIA_ANDOAIN_AZPEITIA_011,,d4,33:01.3,13:56.6,DACIA_SPRING,Dacia Spring 33 kW,33000,139,35:59.2,6.9,11.2,330,NNW,9.322607641425153,-93.65644293775992,389,115,1.0,47.0,239.0,,,,102,271,118,8,3
35:27.6,,,81,,98.5,,,,,,,11,-2.0267735,43.225086,95.70947,0.5109595088743499,35:27.8,6,-0.29,0101000020E6100000819C49FED43600C06CF163ABCF9C4540,20230418_DACIA_ANDOAIN_AZPEITIA_011,,d4,33:01.3,13:56.6,DACIA_SPRING,Dacia Spring 33 kW,33000,139,35:59.2,6.9,11.2,330,NNW,8.303615364977857,-17.850318301985983,389,115,1.0,47.0,239.0,,,,102,271,118,45,3
35:33.4,,,81,,98.5,,,,,,,11,-2.0263605,43.224953,93.45526,0.5476142546133794,35:32.9,6,0.481,0101000020E610000055AA5D76FC3500C0F1A0553DCB9C4540,20230418_DACIA_ANDOAIN_AZPEITIA_011,,d4,33:01.3,13:56.6,DACIA_SPRING,Dacia Spring 33 kW,33000,139,35:59.2,6.9,11.2,330,NNW,11.07024057029581,-51.26991895271552,389,115,1.0,47.0,239.0,,,,102,271,118,45,3
35:39.1,,,81,,98.5,,,,,,,11,-2.026002,43.224506,92.54736,0.6051909422119135,35:38.9,6,0.214,0101000020E610000015AB487D403500C0C918C4ACBC9C4540,20230418_DACIA_ANDOAIN_AZPEITIA_011,,d4,33:01.3,13:56.6,DACIA_SPRING,Dacia Spring 33 kW,33000,139,35:59.2,6.9,11.2,330,NNW,10.266739838957667,-83.55552766040515,389,115,1.0,47.0,239.0,,,,102,271,118,8,3
35:45.3,,,81,,98.5,,,,,,,11,-2.0259087,43.22368,92.55084,0.697348535694173,35:45.2,6,0.156,0101000020E61000002E7B6D910F3500C07ED26085A19C4540,20230418_DACIA_ANDOAIN_AZPEITIA_011,,d4,33:01.3,13:56.6,DACIA_SPRING,Dacia Spring 33 kW,33000,139,35:59.2,6.9,11.2,330,NNW,10.614702663370986,-78.60486759379374,389,115,1.0,47.0,239.0,,,,102,271,118,8,3
35:50.9,,,81,,98.5,,,,,,,11,-2.0257263,43.222775,92.36023,0.7990596158014391,35:50.9,6,-0.061,0101000020E6100000F390E702B03400C0169E5DDF839C4540,20230418_DACIA_ANDOAIN_AZPEITIA_011,,d4,33:01.3,13:56.6,DACIA_SPRING,Dacia Spring 33 kW,33000,139,35:59.2,6.9,11.2,330,NNW,10.869792323562676,-73.9474571366018,389,115,1.0,47.0,239.0,,,,102,271,118,80,3
35:56.4,,,80,,98.5,,,,,,,11,-2.0254846,43.221935,91.68494,0.8944968457495275,35:55.9,6,0.42,0101000020E61000008D342349313400C00C52B669689C4540,20230418_DACIA_ANDOAIN_AZPEITIA_011,,d4,33:01.3,13:56.6,DACIA_SPRING,Dacia Spring 33 kW,33000,139,35:59.2,6.9,11.2,330,NNW,10.892635399966023,-73.45407309135747,389,115,1.0,47.0,239.0,,,,102,271,118,8,3
36:02.0,,,80,,98.5,,,,,,,11,-2.0251584,43.220837,92.6402,1.0194208714409938,36:02.0,6,0.006,0101000020E610000015ED644F863300C0B998F263449C4540,20230418_DACIA_ANDOAIN_AZPEITIA_011,,d4,33:01.3,13:56.6,DACIA_SPRING,Dacia Spring 33 kW,33000,139,35:59.2,6.9,11.2,330,NNW,10.441834988674453,-81.20271007659667,389,115,1.0,47.0,239.0,,,,102,271,118,80,4
36:07.7,,,80,,98.5,,,,,,,11,-2.0249877,43.219734,95.262024,1.1428742199152206,36:08.0,6,-0.3289999999999999,0101000020E61000008A99B7C92C3300C05B666C43209C4540,20230418_DACIA_ANDOAIN_AZPEITIA_011,,d4,33:01.3,13:56.6,DACIA_SPRING,Dacia Spring 33 kW,33000,139,35:59.2,6.9,11.2,330,NNW,9.95234710863874,-87.3018503284778,389,115,1.0,47.0,239.0,,,,102,271,118,30,4
36:13.3,,,80,,98.5,,,,,,,11,-2.0249426,43.218777,93.27173,1.2493690999886424,36:13.0,6,0.239,0101000020E6100000E362352B153300C0D61664EC009C4540,20230418_DACIA_ANDOAIN_AZPEITIA_011,,d4,33:01.3,13:56.6,DACIA_SPRING,Dacia Spring 33 kW,33000,139,35:59.2,6.9,11.2,330,NNW,9.271565723916682,-94.12472043336577,389,115,1.0,47.0,239.0,,,,102,271,118,45,4
36:18.9,,,80,,98.5,,,,,,,11,-2.0250282,43.21759,92.673706,1.3815409731927744,36:19.1,6,-0.109,0101000020E6100000FC0A67F1413300C07FA93C0DDA9B4540,20230418_DACIA_ANDOAIN_AZPEITIA_011,,d4,33:01.3,13:56.6,DACIA_SPRING,Dacia Spring 33 kW,33000,139,35:59.2,6.9,11.2,330,NNW,10.33084823087129,-82.72091426948144,389,115,1.0,47.0,239.0,,,,102,271,118,8,4
36:24.6,,,80,,98.5,,,,,,,11,-2.0249043,43.21662,94.00415,1.4898745184779814,36:24.1,6,0.497,0101000020E610000017AE16F1003300C030C4243BBA9B4540,20230418_DACIA_ANDOAIN_AZPEITIA_011,,d4,33:01.3,13:56.6,DACIA_SPRING,Dacia Spring 33 kW,33000,139,35:59.2,6.9,11.2,330,NNW,11.008965958716212,-70.59749546222176,389,115,1.0,47.0,239.0,,,,102,271,118,8,4
36:30.3,,,80,,98.5,,,,,,,11,-2.024457,43.21535,90.79895,1.6357050982323484,36:30.1,6,0.19,0101000020E61000000076A885163200C03F7C70A9909B4540,20230418_DACIA_ANDOAIN_AZPEITIA_011,,d4,33:01.3,13:56.6,DACIA_SPRING,Dacia Spring 33 kW,33000,139,35:59.2,6.9,11.2,330,NNW,5.461851113526474,-120.8127577554654,389,115,1.0,47.0,239.0,,,,102,271,118,8,4
36:36.1,,,80,,98.5,,,,,,,11,-2.025057,43.214344,92.664246,1.7576918922674052,36:36.2,6,-0.123,0101000020E6100000AD7E9511513300C0268689AB6F9B4540,20230418_DACIA_ANDOAIN_AZPEITIA_011,,d4,33:01.3,13:56.6,DACIA_SPRING,Dacia Spring 33 kW,33000,139,35:59.2,6.9,11.2,330,NNW,-1.736371763848798,-158.91872135418603,389,115,1.0,47.0,239.0,,,,102,271,118,8,4
36:41.9,,,80,,98.5,,,,,,,11,-2.0264163,43.21382,93.33557,1.8823104220052678,36:42.5,6,-0.66,0101000020E6100000521401B1193600C0113C19775E9B4540,20230418_DACIA_ANDOAIN_AZPEITIA_011,,d4,33:01.3,13:56.6,DACIA_SPRING,Dacia Spring 33 kW,33000,139,35:59.2,6.9,11.2,330,NNW,-2.932263352991967,-165.17744245026574,389,115,1.0,47.0,239.0,,,,102,271,118,8,4
36:47.5,,,80,,98.5,,,,,,,11,-2.0277011000000003,43.21348,93.42639,1.9930813433616568,36:47.2,6,0.293,0101000020E6100000B2B6AD56BB3800C0824AA654539B4540,20230418_DACIA_ANDOAIN_AZPEITIA_011,,d4,33:01.3,13:56.6,DACIA_SPRING,Dacia Spring 33 kW,33000,139,35:59.2,6.9,11.2,330,NNW,-2.4480805323294104,-162.62556216110056,389,115,1.0,47.0,239.0,,,,102,271,118,8,4
36:53.2,,,80,,98.5,,,,,,,11,-2.0291393,43.21303,93.39215,2.1199201389992357,36:53.2,6,-0.009,0101000020E6100000F5D2FB63AD3B00C0E30829AA449B4540,20230418_DACIA_ANDOAIN_AZPEITIA_011,,d4,33:01.3,13:56.6,DACIA_SPRING,Dacia Spring 33 kW,33000,139,35:59.2,6.9,11.2,330,NNW,-1.9399453545720529,-159.9744734540248,389,115,1.0,47.0,239.0,,,,102,271,118,8,4
36:59.4,,,80,,98.5,,,,,,,11,-2.0304837,43.21254,94.58356,2.2417413807198994,36:59.4,6,-0.003,0101000020E61000006276604A6E3E00C09E7C9B7A349B4540,20230418_DACIA_ANDOAIN_AZPEITIA_011,,d4,33:01.3,13:56.6,DACIA_SPRING,Dacia Spring 33 kW,33000,139,35:59.2,6.9,11.2,330,NNW,-1.2917201248928762,-156.62278354748835,389,115,1.0,47.0,239.0,,,,102,271,118,10,4
37:04.9,,,80,,98.5,,,,,,,11,-2.031918,43.21192,94.5777,2.3768858498638004,37:05.2,6,-0.2789999999999999,0101000020E6100000CA30934D5E4100C0CCC28D4A209B4540,20230418_DACIA_ANDOAIN_AZPEITIA_011,,d4,33:01.3,13:56.6,DACIA_SPRING,Dacia Spring 33 kW,33000,139,35:59.2,6.9,11.2,330,NNW,0.1543412142534804,-149.21041249183,389,115,1.0,47.0,239.0,,,,102,271,118,45,5
37:10.5,,,80,,98.5,,,,,,,11,-2.0330424,43.21125,96.24768,2.494600286349398,37:10.3,6,0.217,0101000020E610000025DB2BB9AB4300C0F542094C0A9B4540,20230418_DACIA_ANDOAIN_AZPEITIA_011,,d4,33:01.3,13:56.6,DACIA_SPRING,Dacia Spring 33 kW,33000,139,35:59.2,6.9,11.2,330,NNW,3.174866018989035,-133.5325744162438,389,115,1.0,47.0,239.0,,,,102,271,118,8,5
37:16.2,,,80,,98.5,,,,,,,11,-2.0340827,43.210155,99.137695,2.6427271004059563,37:16.3,6,-0.0969999999999999,0101000020E61000000EEA6C12CD4500C02BFE6B50E69A4540,20230418_DACIA_ANDOAIN_AZPEITIA_011,,d4,33:01.3,13:56.6,DACIA_SPRING,Dacia Spring 33 kW,33000,139,35:59.2,6.9,11.2,330,NNW,4.143535083886464,-128.28694274515277,389,115,1.0,47.0,239.0,,,,102,271,118,30,5
37:21.8,,,80,,98.5,,,,,,,11,-2.0348113000000003,43.209232,99.638794,2.7611356052728424,37:21.3,6,0.45,0101000020E6100000E57B25144B4700C017CFA812C89A4540,20230418_DACIA_ANDOAIN_AZPEITIA_011,,d4,33:01.3,13:56.6,DACIA_SPRING,Dacia Spring 33 kW,33000,139,35:59.2,6.9,11.2,330,NNW,4.430390811480564,-126.69843381856391,389,115,1.0,47.0,239.0,,,,102,271,118,80,5
37:27.6,,,80,,98.5,,,,,,,11,-2.035658,43.208096000000005,97.60449,2.9049033890091427,37:27.4,6,0.14,0101000020E61000002C56600A074900C03064D8D5A29A4540,20230418_DACIA_ANDOAIN_AZPEITIA_011,,d4,33:01.3,13:56.6,DACIA_SPRING,Dacia Spring 33 kW,33000,139,35:59.2,6.9,11.2,330,NNW,5.302336470526697,-121.74328527120994,389,115,1.0,47.0,239.0,,,,102,271,118,80,5
37:33.3,,,80,,98.5,,,,,,,11,-2.0364041,43.20689,96.60919,3.0520110712275437,37:33.3,6,-0.046,0101000020E610000052BEDA308E4A00C0381DD85C7B9A4540,20230418_DACIA_ANDOAIN_AZPEITIA_011,,d4,33:01.3,13:56.6,DACIA_SPRING,Dacia Spring 33 kW,33000,139,35:59.2,6.9,11.2,330,NNW,8.910891779906212,-97.28658549268584,389,115,1.0,47.0,239.0,,,,102,271,118,80,5
37:39.0,,,80,,98.5,,,,,,,11,-2.036567,43.205616,97.88312,3.1942930374160476,37:39.4,6,-0.37,0101000020E610000097150EADE34A00C0B37C9FA2519A4540,20230418_DACIA_ANDOAIN_AZPEITIA_011,,d4,33:01.3,13:56.6,DACIA_SPRING,Dacia Spring 33 kW,33000,139,35:59.2,6.9,11.2,330,NNW,10.55953861599371,-79.47003349855942,389,115,1.0,47.0,239.0,,,,102,271,118,80,5
37:44.9,,,80,,98.5,,,,,,,11,-2.0363748,43.204582,98.89844,3.3103235597502003,37:44.4,6,0.479,0101000020E6100000C56846D47E4A00C0170314B82F9A4540,20230418_DACIA_ANDOAIN_AZPEITIA_011,,d4,33:01.3,13:56.6,DACIA_SPRING,Dacia Spring 33 kW,33000,139,35:59.2,6.9,11.2,330,NNW,8.230043933122696,-102.7075394320707,389,115,1.0,47.0,239.0,,,,102,271,118,80,5
37:50.7,,,80,,98.5,,,,,,,11,-2.0366578,43.203327,97.20569,3.4517559073066413,37:50.4,6,0.251,0101000020E610000020C58C32134B00C06283C7AF069A4540,20230418_DACIA_ANDOAIN_AZPEITIA_011,,d4,33:01.3,13:56.6,DACIA_SPRING,Dacia Spring 33 kW,33000,139,35:59.2,6.9,11.2,330,NNW,3.896784223399834,-129.63941656668618,389,115,1.0,47.0,239.0,,,,102,271,118,40,6
37:56.5,,,80,,98.5,,,,,,,11,-2.0376718,43.202103,97.946106,3.610751051567995,37:56.5,6,0.02,0101000020E6100000E00B17E2264D00C02F464D89DE994540,20230418_DACIA_ANDOAIN_AZPEITIA_011,,d4,33:01.3,13:56.6,DACIA_SPRING,Dacia Spring 33 kW,33000,139,35:59.2,6.9,11.2,330,NNW,4.009726883097842,-129.02188495271534,389,115,1.0,47.0,239.0,,,,102,271,118,100,6
38:02.2,,,80,,98.5,,,,,,,11,-2.0386832,43.200855,98.68164,3.771930064802538,38:02.5,6,-0.3,0101000020E61000000C9D4B2F394F00C08B85849CB5994540,20230418_DACIA_ANDOAIN_AZPEITIA_011,,d4,33:01.3,13:56.6,DACIA_SPRING,Dacia Spring 33 kW,33000,139,35:59.2,6.9,11.2,330,NNW,4.529721874996382,-126.14399483933698,389,115,1.0,47.0,239.0,,,,102,271,118,45,6
38:07.8,,,80,,98.5,,,,,,,11,-2.0394523,43.199802000000005,99.54993,3.9045830843965024,38:07.5,6,0.337,0101000020E6100000C7677063CC5000C00E06091793994540,20230418_DACIA_ANDOAIN_AZPEITIA_011,,d4,33:01.3,13:56.6,DACIA_SPRING,Dacia Spring 33 kW,33000,139,35:59.2,6.9,11.2,330,NNW,4.355023959908852,-127.11757132746588,389,115,1.0,47.0,239.0,,,,102,271,118,8,6
38:13.5,,,80,,98.5,,,,,,,11,-2.040396,43.198555,99.088806,4.062944471264184,38:13.5,6,-0.005,0101000020E6100000BEBC4217BB5200C0880EA2316A994540,20230418_DACIA_ANDOAIN_AZPEITIA_011,,d4,33:01.3,13:56.6,DACIA_SPRING,Dacia Spring 33 kW,33000,139,35:59.2,6.9,11.2,330,NNW,3.4804798904515866,-131.89513523993153,297,102,,,,1.0,4.0,271.0,21,271,26,100,5
38:19.2,,,80,,98.5,,,,,,,11,-2.041477,43.19735,97.643005,4.223049856881403,38:19.5,6,-0.296,0101000020E6100000D8AD12EAF15400C096246CCB42994540,20230418_DACIA_ANDOAIN_AZPEITIA_011,,d4,33:01.3,13:56.6,DACIA_SPRING,Dacia Spring 33 kW,33000,139,35:59.2,6.9,11.2,330,NNW,-0.6313876868804803,-153.23169985639262,297,102,,,,1.0,4.0,271.0,21,271,26,100,5
38:24.8,,,79,,98.5,,,,,,,11,-2.0428052,43.19668,99.24921,4.353988333004547,38:24.6,6,0.29,0101000020E61000004A31593FAA5700C042BC43C42C994540,20230418_DACIA_ANDOAIN_AZPEITIA_011,,d4,33:01.3,13:56.6,DACIA_SPRING,Dacia Spring 33 kW,33000,139,35:59.2,6.9,11.2,330,NNW,-3.3389856255971684,-167.3449439909856,297,102,,,,1.0,4.0,271.0,21,271,26,100,5
38:30.6,,,79,,98.5,,,,,,,11,-2.0447648000000003,43.19624,107.17694,4.5203908910373105,38:30.6,6,0.031,0101000020E6100000A7894690AD5B00C073E7B2661E994540,20230418_DACIA_ANDOAIN_AZPEITIA_011,,d4,33:01.3,13:56.6,DACIA_SPRING,Dacia Spring 33 kW,33000,139,40:58.9,6.9,11.2,330,NNW,-5.093165744433385,-177.0486531811118,297,102,,,,1.0,4.0,271.0,21,271,26,8,5
38:36.3,,,79,,98.5,,,,,,,11,-2.0468402,43.196133,115.74878,4.689266249140364,38:36.6,6,-0.2789999999999999,0101000020E610000051ECD3B7ED5F00C0C3B6EADF1A994540,20230418_DACIA_ANDOAIN_AZPEITIA_011,,d4,33:01.3,13:56.6,DACIA_SPRING,Dacia Spring 33 kW,33000,139,40:58.9,6.9,11.2,330,NNW,-3.5132230509019884,-168.28118296961702,297,102,,,,1.0,4.0,271.0,21,271,26,25,5
38:42.2,,,79,,98.5,,,,,,,11,-2.048783,43.19573,123.01904,4.8531680188597015,38:42.7,6,-0.47,0101000020E6100000652B376AE86300C0A69951A00D994540,20230418_DACIA_ANDOAIN_AZPEITIA_011,,d4,33:01.3,13:56.6,DACIA_SPRING,Dacia Spring 33 kW,33000,139,40:58.9,6.9,11.2,330,NNW,-0.161423975589373,-150.82582435328527,297,102,,,,1.0,4.0,271.0,21,271,26,100,5
38:47.9,,,78,,98.5,,,,,,,11,-2.0500834,43.195004,126.62952,4.985992557182113,38:47.7,6,0.207,0101000020E61000003E5F2F24926600C0FFF3EAD2F5984540,20230418_DACIA_ANDOAIN_AZPEITIA_011,,d4,33:01.3,13:56.6,DACIA_SPRING,Dacia Spring 33 kW,33000,139,40:58.9,6.9,11.2,330,NNW,3.66907791978538,-130.87705800855895,297,102,,,,1.0,4.0,271.0,21,271,26,100,5
38:53.6,,,78,,98.5,,,,,,,11,-2.051045,43.193893,126.89569,5.132068322273536,38:53.6,6,-0.009,0101000020E6100000F50137418A6800C0A128B78AD1984540,20230418_DACIA_ANDOAIN_AZPEITIA_011,,d4,33:01.3,13:56.6,DACIA_SPRING,Dacia Spring 33 kW,33000,139,40:58.9,6.9,11.2,330,NNW,8.102849776316662,-103.65838715804657,297,102,,,,1.0,4.0,271.0,21,271,26,45,5
38:59.3,,,78,,98.5,,,,,,,11,-2.051375,43.192535,120.48443600000002,5.285556404997185,38:59.7,6,-0.34,0101000020E610000025DDBF47376900C0F3DB0001A5984540,20230418_DACIA_ANDOAIN_AZPEITIA_011,,d4,33:01.3,13:56.6,DACIA_SPRING,Dacia Spring 33 kW,33000,139,40:58.9,6.9,11.2,330,NNW,10.458432243216125,-80.96669314631502,297,102,,,,1.0,4.0,271.0,21,271,26,45,5
39:05.0,,,78,,98.5,,,,,,,11,-2.0511723,43.19126,112.81207,5.428485158057891,39:04.7,6,0.276,0101000020E610000062BAB5F1CC6800C002663A4B7B984540,20230418_DACIA_ANDOAIN_AZPEITIA_011,,d4,33:01.3,13:56.6,DACIA_SPRING,Dacia Spring 33 kW,33000,139,40:58.9,6.9,11.2,330,NNW,9.604420613841985,-90.95878614384972,297,102,,,,1.0,4.0,271.0,21,271,26,45,4
39:10.7,,,78,,98.5,,,,,,,11,-2.0511966,43.189808,114.16882,5.589957909725354,39:10.7,6,-0.01,0101000020E6100000FC894EBFD96800C0DF5848A74B984540,20230418_DACIA_ANDOAIN_AZPEITIA_011,,d4,33:01.3,13:56.6,DACIA_SPRING,Dacia Spring 33 kW,33000,139,40:58.9,6.9,11.2,330,NNW,8.621335501943305,-99.66746969860256,297,102,,,,1.0,4.0,271.0,21,271,26,25,4
39:16.4,,,78,,98.5,,,,,,,11,-2.0514603,43.18826,116.03906,5.763420290866508,39:16.8,6,-0.376,0101000020E610000085219308646900C01DCB9ADC18984540,20230418_DACIA_ANDOAIN_AZPEITIA_011,,d4,33:01.3,13:56.6,DACIA_SPRING,Dacia Spring 33 kW,33000,139,40:58.9,6.9,11.2,330,NNW,8.299261481595165,-102.18286158211104,297,102,,,,1.0,4.0,271.0,21,271,26,25,4
39:22.3,,,78,,98.5,,,,,,,11,-2.0517306,43.187008,114.29047,5.904361423050914,39:21.8,6,0.49,0101000020E6100000EA3A3BB6F16900C020F07EE4EF974540,20230418_DACIA_ANDOAIN_AZPEITIA_011,,d4,33:01.3,13:56.6,DACIA_SPRING,Dacia Spring 33 kW,33000,139,40:58.9,6.9,11.2,330,NNW,9.33311972314912,-93.55928659580972,297,102,,,,1.0,4.0,271.0,21,271,26,25,4
39:28.2,,,78,,98.5,,,,,,,11,-2.0518165,43.185627,119.5296,6.058168719954002,39:27.8,6,0.311,0101000020E6100000F68845CA1E6A00C0C6CE8890C2974540,20230418_DACIA_ANDOAIN_AZPEITIA_011,,d4,33:01.3,13:56.6,DACIA_SPRING,Dacia Spring 33 kW,33000,139,40:58.9,6.9,11.2,330,NNW,10.4103252866128,-81.64402846301708,297,102,,,,1.0,4.0,271.0,21,271,26,25,4
39:33.9,,,78,,98.5,,,,,,,11,-2.051621,43.184296,116.30017,6.207050570207876,39:33.9,6,0.001,0101000020E610000060EE8B32B86900C0364CE1FF96974540,20230418_DACIA_ANDOAIN_AZPEITIA_011,,d4,33:01.3,13:56.6,DACIA_SPRING,Dacia Spring 33 kW,33000,139,40:58.9,6.9,11.2,330,NNW,9.483616615583404,-92.13991871217333,297,102,,,,1.0,4.0,271.0,21,271,26,40,4
39:39.5,,,78,,98.5,,,,,,,11,-2.0516698,43.18299,122.45111,6.352455193535996,39:39.9,6,-0.361,0101000020E610000065B58EE4D16900C0E05861446C974540,20230418_DACIA_ANDOAIN_AZPEITIA_011,,d4,33:01.3,13:56.6,DACIA_SPRING,Dacia Spring 33 kW,33000,139,40:58.9,6.9,11.2,330,NNW,6.491495734062322,-114.57773864691232,297,102,,,,1.0,4.0,271.0,21,271,26,100,3
39:45.2,,,78,,98.5,,,,,,,11,-2.0521386,43.181965000000005,122.17444,6.4726015476192895,39:44.9,6,0.2789999999999999,0101000020E61000006A43CDA9C76A00C063ED52974A974540,20230418_DACIA_ANDOAIN_AZPEITIA_011,,d4,33:01.3,13:56.6,DACIA_SPRING,Dacia Spring 33 kW,33000,139,40:58.9,6.9,11.2,330,NNW,4.229950910747907,-127.81030925121244,297,102,,,,1.0,4.0,271.0,21,271,26,8,3
39:51.1,,,78,,98.5,,,,,,,11,-2.0531008,43.180725,114.37579,6.631217156752222,39:50.9,6,0.17,0101000020E6100000B07E852FC06C00C0D7A0B3F521974540,20230418_DACIA_ANDOAIN_AZPEITIA_011,,d4,33:01.3,13:56.6,DACIA_SPRING,Dacia Spring 33 kW,33000,139,40:58.9,6.9,11.2,330,NNW,3.142284453028741,-133.70630353640198,297,102,,,,1.0,4.0,271.0,21,271,26,45,3
39:56.9,,,78,,98.5,,,,,,,11,-2.0542564,43.179516,112.26404,6.795098084863224,39:56.9,6,-0.002,0101000020E610000044980DF81D6F00C0FD489551FA964540,20230418_DACIA_ANDOAIN_AZPEITIA_011,,d4,33:01.3,13:56.6,DACIA_SPRING,Dacia Spring 33 kW,33000,139,40:58.9,6.9,11.2,330,NNW,4.447985977206767,-126.60039240732463,297,102,,,,1.0,4.0,271.0,21,271,26,8,3
40:02.8,,,78,,98.5,,,,,,,11,-2.0551944,43.178253000000005,110.21777,6.954823556839835,40:03.0,6,-0.2,0101000020E6100000192F48C0097100C006410D00D1964540,20230418_DACIA_ANDOAIN_AZPEITIA_011,,d4,33:01.3,13:56.6,DACIA_SPRING,Dacia Spring 33 kW,33000,139,40:58.9,6.9,11.2,330,NNW,5.034979073445265,-123.28507468216527,297,102,,,,1.0,4.0,271.0,21,271,26,25,3
40:08.5,,,78,,98.5,,,,,,,11,-2.056017,43.177,109.69726599999998,7.109295453369567,40:09.0,6,-0.441,0101000020E6100000DDFD5CFAB87200C0F824C9D6A7964540,20230418_DACIA_ANDOAIN_AZPEITIA_011,,d4,33:01.3,13:56.6,DACIA_SPRING,Dacia Spring 33 kW,33000,139,40:58.9,6.9,11.2,330,NNW,3.0198810527428424,-134.35761601987826,297,102,,,,1.0,4.0,271.0,21,271,26,45,3
40:14.3,,,78,,98.5,,,,,,,11,-2.0569518,43.176044,109.75195,7.239856192483339,18/04/2023 11:40,6,0.34,0101000020E6100000F4037016A37400C0C0A4639488964540,20230418_DACIA_ANDOAIN_AZPEITIA_011,,d4,33:01.3,13:56.6,DACIA_SPRING,Dacia Spring 33 kW,33000,139,40:58.9,6.9,11.2,330,NNW,1.574207950763615,-141.92007862209203,297,102,,,,1.0,4.0,271.0,21,271,26,8,3
40:20.1,,,78,,98.5,,,,,,,11,-2.0583608,43.17494,108.70288,7.407562378046849,18/04/2023 11:40,6,0.1009999999999999,0101000020E61000001B92E6D1857700C06760C35764964540,20230418_DACIA_ANDOAIN_AZPEITIA_011,,d4,33:01.3,13:56.6,DACIA_SPRING,Dacia Spring 33 kW,33000,139,40:58.9,6.9,11.2,330,NNW,1.448348945862937,-142.56988134908804,297,102,,,,1.0,4.0,271.0,21,271,26,8,2
40:25.8,,,78,,98.5,,,,,,,11,-2.0598633,43.17379,108.10498,7.584189667050269,40:26.1,6,-0.273,0101000020E610000058D81D9C997A00C0753715CA3E964540,20230418_DACIA_ANDOAIN_AZPEITIA_011,,d4,33:01.3,13:56.6,DACIA_SPRING,Dacia Spring 33 kW,33000,139,40:58.9,6.9,11.2,330,NNW,1.8292780725886637,-140.59985846409785,297,102,,,,1.0,4.0,271.0,21,271,26,25,2
40:31.6,,,78,,98.5,,,,,,,11,-2.0612755000000003,43.17263,109.002686,7.756680277242882,40:32.1,6,-0.499,0101000020E610000060C50C017E7D00C04D7900CD18964540,20230418_DACIA_ANDOAIN_AZPEITIA_011,,d4,33:01.3,13:56.6,DACIA_SPRING,Dacia Spring 33 kW,33000,139,40:58.9,6.9,11.2,330,NNW,1.8173432059210788,-140.6617390992451,297,102,,,,1.0,4.0,271.0,21,271,26,25,2
40:37.2,,,78,,98.5,,,,,,,11,-2.06252,43.17161,109.31799,7.908500026994929,40:37.1,6,0.04,0101000020E61000009BEF758C0A8000C034CF196AF7954540,20230418_DACIA_ANDOAIN_AZPEITIA_011,,d4,33:01.3,13:56.6,DACIA_SPRING,Dacia Spring 33 kW,33000,139,40:58.9,6.9,11.2,330,NNW,1.356042231701066,-143.04584056656785,297,102,,,,1.0,4.0,271.0,21,271,26,25,2
40:42.8,,,78,,98.5,,,,,,,11,-2.0641284,43.1704,111.14813,8.095901276914443,40:43.1,6,-0.37,0101000020E6100000AAEE91CD558300C09683D193CF954540,20230418_DACIA_ANDOAIN_AZPEITIA_011,,d4,33:01.3,13:56.6,DACIA_SPRING,Dacia Spring 33 kW,33000,139,40:58.9,6.9,11.2,330,NNW,1.951363445590715,-139.96621323169526,297,102,,,,1.0,4.0,271.0,21,271,26,45,2
40:48.7,,,78,,98.5,,,,,,,11,-2.0657282,43.169056,117.0694,8.293895482994547,40:49.1,6,-0.396,0101000020E6100000CE94108B9C8600C0FAEA7095A3954540,20230418_DACIA_ANDOAIN_AZPEITIA_011,,d4,33:01.3,13:56.6,DACIA_SPRING,Dacia Spring 33 kW,33000,139,40:58.9,6.9,11.2,330,NNW,6.205125651870348,-116.35613403734678,297,102,,,,1.0,4.0,271.0,21,271,26,45,2
40:54.5,,,77,,98.5,,,,,,,11,-2.0662727,43.167957,122.63452,8.423951565360102,40:54.1,6,0.321,0101000020E610000053B8F505BA8700C083509CAB7F954540,20230418_DACIA_ANDOAIN_AZPEITIA_011,,d4,33:01.3,13:56.6,DACIA_SPRING,Dacia Spring 33 kW,33000,139,40:58.9,6.9,11.2,330,NNW,10.048795428319336,-86.20577331235872,297,102,,,,1.0,4.0,271.0,21,271,26,100,2
41:00.3,,,77,,98.5,,,,,,,11,-2.0661774,43.16652,131.8092,8.58418836391934,41:00.3,6,-0.019,0101000020E610000037E38FFD878700C07EC00B7450954540,20230418_DACIA_ANDOAIN_AZPEITIA_011,,d4,33:01.3,13:56.6,DACIA_SPRING,Dacia Spring 33 kW,33000,139,40:58.9,6.9,11.2,330,NNW,10.401028240306031,-81.7726124452942,297,102,,,,1.0,4.0,271.0,21,271,26,25,1
41:05.9,,,77,,98.5,,,,,,,11,-2.066001,43.1653,135.79724,8.720656760882619,41:06.2,6,-0.284,0101000020E6100000DE77CA722B8700C0DFF21E8828954540,20230418_DACIA_ANDOAIN_AZPEITIA_011,,d4,33:01.3,13:56.6,DACIA_SPRING,Dacia Spring 33 kW,33000,139,40:58.9,6.9,11.2,330,NNW,6.6429669323011,-113.62112740239762,297,102,,,,1.0,4.0,271.0,21,271,26,25,1
41:11.6,,,77,,98.5,,,,,,,11,-2.066479,43.164207,134.69916,8.848230933728392,41:11.3,6,0.294,0101000020E610000010FEEA16268800C0C23514CA04954540,20230418_DACIA_ANDOAIN_AZPEITIA_011,,d4,33:01.3,13:56.6,DACIA_SPRING,Dacia Spring 33 kW,33000,139,40:58.9,6.9,11.2,330,NNW,6.147517116121311,-116.70941579692972,297,102,,,,1.0,4.0,271.0,21,271,26,25,1
41:17.3,,,77,,98.5,,,,,,,11,-2.0670853,43.163002,127.42083999999998,8.991144889332704,41:17.2,6,0.04,0101000020E610000026C17EFC638900C0DCD3173ADD944540,20230418_DACIA_ANDOAIN_AZPEITIA_011,,d4,33:01.3,13:56.6,DACIA_SPRING,Dacia Spring 33 kW,33000,139,40:58.9,6.9,11.2,330,NNW,10.662021660273046,-77.8305577813881,297,102,,,,1.0,4.0,271.0,21,271,26,25,1
41:23.0,,,77,,98.5,,,,,,,11,-2.0668097,43.161724,120.443115,9.13516846061646,41:23.2,6,-0.267,0101000020E6100000CF712486D38800C015037F53B3944540,20230418_DACIA_ANDOAIN_AZPEITIA_011,,d4,33:01.3,13:56.6,DACIA_SPRING,Dacia Spring 33 kW,33000,139,40:58.9,6.9,11.2,330,NNW,11.1577999436127,-64.97532657131384,297,102,,,,1.0,4.0,271.0,21,271,26,45,1
41:28.9,,,77,,98.5,,,,,,,11,-2.066151,43.160313,116.427795,9.300960222225534,41:29.3,6,-0.368,0101000020E61000007AD514127A8700C0E084631285944540,20230418_DACIA_ANDOAIN_AZPEITIA_011,,d4,33:01.3,13:56.6,DACIA_SPRING,Dacia Spring 33 kW,33000,139,40:58.9,6.9,11.2,330,NNW,10.763921470721172,-76.04095663459935,297,102,,,,1.0,4.0,271.0,21,271,26,45,1
41:34.6,,,77,,98.5,,,,,,,11,-2.0658731,43.159195,116.768555,9.427303611828076,41:34.3,6,0.321,0101000020E61000007D197374E88600C0D5852F7E60944540,20230418_DACIA_ANDOAIN_AZPEITIA_011,,d4,33:01.3,13:56.6,DACIA_SPRING,Dacia Spring 33 kW,33000,139,40:58.9,6.9,11.2,330,NNW,8.44665027685702,-101.04751955353947,297,102,,,,1.0,4.0,271.0,21,271,26,45,1
41:40.5,,,76,,98.5,,,,,,,11,-2.0661767,43.15764,120.2605,9.601991451467626,41:40.3,6,0.18,0101000020E6100000670B08AD878700C0543310702D944540,20230418_DACIA_ANDOAIN_AZPEITIA_011,,d4,33:01.3,13:56.6,DACIA_SPRING,Dacia Spring 33 kW,33000,139,40:58.9,6.9,11.2,330,NNW,5.382912686792535,-121.27427964883852,297,102,,,,1.0,4.0,271.0,21,271,26,25,1
41:46.3,,,76,,98.5,,,,,,,11,-2.067072,43.156166,119.34332,9.781263470902955,41:46.4,6,-0.0819999999999999,0101000020E610000006A30E025D8900C031440C43FD934540,20230418_DACIA_ANDOAIN_AZPEITIA_011,,d4,33:01.3,13:56.6,DACIA_SPRING,Dacia Spring 33 kW,33000,139,40:58.9,6.9,11.2,330,NNW,4.785233166301076,-124.70664793649372,297,102,,,,1.0,4.0,271.0,21,271,26,25,1
41:51.8,,,76,,98.5,,,,,,,11,-2.0679336,43.154922,120.46051,9.936247638958374,41:51.4,6,0.43,0101000020E6100000E3CF64BD208B00C0B730037CD4934540,20230418_DACIA_ANDOAIN_AZPEITIA_011,,d4,33:01.3,13:56.6,DACIA_SPRING,Dacia Spring 33 kW,33000,139,40:58.9,6.9,11.2,330,NNW,4.596833046599133,-125.7680547791912,297,102,,,,1.0,4.0,271.0,21,271,26,25,1
41:57.6,,,76,,98.5,,,,,,,11,-2.0689695,43.153484000000006,122.744446,10.116895978647708,41:57.4,6,0.1939999999999999,0101000020E61000008662E1DA3F8D00C011EEC669A5934540,20230418_DACIA_ANDOAIN_AZPEITIA_011,,d4,33:01.3,13:56.6,DACIA_SPRING,Dacia Spring 33 kW,33000,139,40:58.9,6.9,11.2,330,NNW,6.303104520348832,-115.75192268758204,297,102,,,,1.0,4.0,271.0,21,271,26,8,1
42:03.2,,,76,,98.5,,,,,,,11,-2.0696979,43.151974,122.04822,10.294895287938065,42:03.4,6,-0.14,0101000020E6100000B19A19C3BD8E00C042DDD5E573934540,20230418_DACIA_ANDOAIN_AZPEITIA_011,,d4,33:01.3,13:56.6,DACIA_SPRING,Dacia Spring 33 kW,33000,139,40:58.9,6.9,11.2,330,NNW,6.658044122384944,-113.5252676406598,297,102,,,,1.0,4.0,271.0,21,271,26,25,1
18/04/2023 11:42,,,76,,98.5,,,,,,,11,-2.070357,43.15046,126.196594,10.47157985762222,42:09.4,6,-0.41,0101000020E61000003B1CD96C179000C04F24143242934540,20230418_DACIA_ANDOAIN_AZPEITIA_011,,d4,33:01.3,13:56.6,DACIA_SPRING,Dacia Spring 33 kW,33000,139,40:58.9,6.9,11.2,330,NNW,6.403031357436166,-115.13119668696552,297,102,,,,1.0,4.0,271.0,21,271,26,8,1
42:14.6,,,76,,98.5,,,,,,,11,-2.0709293,43.14924,127.09143,10.614965157536354,42:14.4,6,0.17,0101000020E6100000BA3F6A55439100C0225B6D301A934540,20230418_DACIA_ANDOAIN_AZPEITIA_011,,d4,33:01.3,13:56.6,DACIA_SPRING,Dacia Spring 33 kW,33000,139,40:58.9,6.9,11.2,330,NNW,8.894087519627874,-97.42825913205547,297,102,,,,1.0,4.0,271.0,21,271,26,45,2
42:20.3,,,76,,98.5,,,,,,,11,-2.071122,43.147762,124.69519,10.780070497016624,42:20.4,6,-0.14,0101000020E610000068CE976AA89100C06B2AEEECE9924540,20230418_DACIA_ANDOAIN_AZPEITIA_011,,d4,33:01.3,13:56.6,DACIA_SPRING,Dacia Spring 33 kW,33000,139,40:58.9,6.9,11.2,330,NNW,10.880606103152813,-73.716062017044,297,102,,,,1.0,4.0,271.0,21,271,26,25,2
42:26.0,,,76,,98.5,,,,,,,11,-2.07077,43.146557,126.12305,10.917077173780909,42:25.5,6,0.504,0101000020E6100000DF8295D8EF9000C097706C66C2924540,20230418_DACIA_ANDOAIN_AZPEITIA_011,,d4,33:01.3,13:56.6,DACIA_SPRING,Dacia Spring 33 kW,33000,139,40:58.9,6.9,11.2,330,NNW,11.197474963860596,-61.2166637754213,297,102,,,,1.0,4.0,271.0,21,271,26,8,2
42:31.8,,,76,,98.5,,,,,,,11,-2.0700657,43.145275,130.77728000000002,11.070724895411635,42:31.5,6,0.22,0101000020E61000008AFC02937E8F00C04D309C6B98924540,20230418_DACIA_ANDOAIN_AZPEITIA_011,,d4,33:01.3,13:56.6,DACIA_SPRING,Dacia Spring 33 kW,33000,139,40:58.9,6.9,11.2,330,NNW,10.609110924912024,-78.69432180502417,297,102,,,,1.0,4.0,271.0,21,271,26,100,2
42:37.4,,,76,,98.5,,,,,,,11,-2.0698068,43.14398,137.99695,11.216425229239059,42:37.5,6,-0.12,0101000020E6100000F94784EBF68E00C0AA9FD4EA6D924540,20230418_DACIA_ANDOAIN_AZPEITIA_011,,d4,33:01.3,13:56.6,DACIA_SPRING,Dacia Spring 33 kW,33000,139,40:58.9,6.9,11.2,330,NNW,9.7419641161996,-89.56247709726819,297,102,,,,1.0,4.0,271.0,21,271,26,25,2
42:43.1,,,76,,98.5,,,,,,,11,-2.0697963,43.142605,145.23035,11.369491635190823,42:43.5,6,-0.412,0101000020E610000061D58B67F18E00C00992F3D540924540,20230418_DACIA_ANDOAIN_AZPEITIA_011,,d4,33:01.3,13:56.6,DACIA_SPRING,Dacia Spring 33 kW,33000,139,40:58.9,6.9,11.2,330,NNW,9.53404955311594,-91.65162926279936,297,102,,,,1.0,4.0,271.0,21,271,26,25,2
42:48.8,,,76,,98.5,,,,,,,11,-2.0698292,43.141464,151.64136000000002,11.496554961350563,42:48.5,6,0.278,0101000020E6100000F307A0A4028F00C0BC804D8C1B924540,20230418_DACIA_ANDOAIN_AZPEITIA_011,,d4,33:01.3,13:56.6,DACIA_SPRING,Dacia Spring 33 kW,33000,139,40:58.9,6.9,11.2,330,NNW,10.476459084440789,-80.70743851139669,297,102,,,,1.0,4.0,271.0,21,271,26,25,2
42:54.4,,,76,,98.5,,,,,,,11,-2.069607,43.140106,155.19336,11.64867156481504,42:54.7,6,-0.252,0101000020E61000000BCA5D198E8E00C026A02EF7EE914540,20230418_DACIA_ANDOAIN_AZPEITIA_011,,d4,33:01.3,13:56.6,DACIA_SPRING,Dacia Spring 33 kW,33000,139,40:58.9,6.9,11.2,330,NNW,10.739197878097606,-76.49249006493673,297,102,,,,1.0,4.0,271.0,21,271,26,25,3
43:00.1,,,76,,98.5,,,,,,,11,-2.0693197,43.13891,151.38165,11.78374205676389,42:59.6,6,0.531,0101000020E61000002E5F8F70F78D00C0A0B998B0C7914540,20230418_DACIA_ANDOAIN_AZPEITIA_011,,d4,33:01.3,13:56.6,DACIA_SPRING,Dacia Spring 33 kW,33000,139,40:58.9,6.9,11.2,330,NNW,9.008942703401273,-96.45055461429794,297,102,,,,1.0,4.0,271.0,21,271,26,100,3
43:06.7,,,76,,98.5,,,,,,,11,-2.0694833,43.137463,154.44177,11.945216768613765,43:06.3,6,0.422,0101000020E6100000EA8A00444D8E00C0EE3A236398914540,20230418_DACIA_ANDOAIN_AZPEITIA_011,,d4,33:01.3,13:56.6,DACIA_SPRING,Dacia Spring 33 kW,33000,139,40:58.9,6.9,11.2,330,NNW,5.773914710638973,-118.9672395961876,297,102,,,,1.0,4.0,271.0,21,271,26,100,3
43:12.4,,,75,,98.5,,,,,,,11,-2.070307,43.135975,163.47437,12.123892603316706,43:12.6,6,-0.241,0101000020E610000073D7751CFD8F00C0541BBD9667914540,20230418_DACIA_ANDOAIN_AZPEITIA_011,,d4,33:01.3,13:56.6,DACIA_SPRING,Dacia Spring 33 kW,33000,139,40:58.9,6.9,11.2,330,NNW,6.128257388849801,-116.82720593916204,297,102,,,,1.0,4.0,271.0,21,271,26,100,3
43:18.0,,,75,,98.5,,,,,,,11,-2.0708628,43.134876,166.61523,12.2541901688316,43:17.7,6,0.36,0101000020E6100000C0A5EF77209100C0A259C0A143914540,20230418_DACIA_ANDOAIN_AZPEITIA_011,,d4,33:01.3,13:56.6,DACIA_SPRING,Dacia Spring 33 kW,33000,139,40:58.9,6.9,11.2,330,NNW,7.660518264647686,-106.8449622359064,297,102,,,,1.0,4.0,271.0,21,271,26,100,3
43:24.4,,,75,,98.5,,,,,,,11,-2.071343,43.13329,163.25952,12.434829981002945,43:24.7,6,-0.327,0101000020E6100000393843371C9200C0E0854AAF0F914540,20230418_DACIA_ANDOAIN_AZPEITIA_011,,d4,33:01.3,13:56.6,DACIA_SPRING,Dacia Spring 33 kW,33000,139,40:58.9,6.9,11.2,330,NNW,6.767571613776445,-112.82529051196636,297,102,,,,1.0,4.0,271.0,21,271,26,40,3
43:31.2,,,75,,98.5,,,,,,,11,-2.0718973000000003,43.131973,158.51855,12.588099100813503,43:31.2,6,0.0,0101000020E610000039FD2CD83E9300C0A9D1F58EE4904540,20230418_DACIA_ANDOAIN_AZPEITIA_011,,d4,33:01.3,13:56.6,DACIA_SPRING,Dacia Spring 33 kW,33000,139,45:59.1,6.9,11.2,330,NNW,5.574185110618519,-120.152374212145,297,102,,,,1.0,4.0,271.0,21,271,26,100,3
43:36.8,,,75,,98.5,,,,,,,11,-2.072606,43.130753000000006,155.00208,12.735485735545948,43:36.7,6,0.079,0101000020E6100000E0B9187FB29400C0FF08A272BC904540,20230418_DACIA_ANDOAIN_AZPEITIA_011,,d4,33:01.3,13:56.6,DACIA_SPRING,Dacia Spring 33 kW,33000,139,45:59.1,6.9,11.2,330,NNW,1.9879768278247416,-139.77594484262792,297,102,,,,1.0,4.0,271.0,21,271,26,25,4
43:42.4,,,75,,98.5,,,,,,,11,-2.07365,43.12987,152.70654,12.865189981061167,43:42.7,6,-0.263,0101000020E61000003F6D96C3D59600C0DE84AD9F9F904540,20230418_DACIA_ANDOAIN_AZPEITIA_011,,d4,33:01.3,13:56.6,DACIA_SPRING,Dacia Spring 33 kW,33000,139,45:59.1,6.9,11.2,330,NNW,-3.039605654941927,-165.74719684152717,297,102,,,,1.0,4.0,271.0,21,271,26,100,4
43:48.3,,,75,,98.5,,,,,,,11,-2.0751302,43.129494,151.23462,12.992386355652792,43:48.7,6,-0.385,0101000020E610000083F3B1D4DD9900C02030283693904540,20230418_DACIA_ANDOAIN_AZPEITIA_011,,d4,33:01.3,13:56.6,DACIA_SPRING,Dacia Spring 33 kW,33000,139,45:59.1,6.9,11.2,330,NNW,-4.973178858968478,-176.36153983415664,297,102,,,,1.0,4.0,271.0,21,271,26,55,4
43:54.0,,,75,,98.5,,,,,,,11,-2.076577,43.129402,149.32776,13.110256279622595,43:53.7,6,0.293,0101000020E6100000873D8255D49C00C0AA089A4390904540,20230418_DACIA_ANDOAIN_AZPEITIA_011,,d4,33:01.3,13:56.6,DACIA_SPRING,Dacia Spring 33 kW,33000,139,45:59.1,6.9,11.2,330,NNW,-3.295207403342806,-167.11046811992327,297,102,,,,1.0,4.0,271.0,21,271,26,45,4
43:59.9,,,75,,98.5,,,,,,,11,-2.07829,43.12901,144.4433,13.25602437160398,43:59.8,6,0.073,0101000020E610000080A9D17156A000C08191D95183904540,20230418_DACIA_ANDOAIN_AZPEITIA_011,,d4,33:01.3,13:56.6,DACIA_SPRING,Dacia Spring 33 kW,33000,139,45:59.1,6.9,11.2,330,NNW,-1.7861328275449784,-159.17649114007148,297,102,,,,1.0,4.0,271.0,21,271,26,45,4
44:05.5,,,75,,98.5,,,,,,,11,-2.079907,43.128395000000005,138.28485,13.404125525822343,44:05.8,6,-0.239,0101000020E6100000FE2FF03FA6A300C0441947386F904540,20230418_DACIA_ANDOAIN_AZPEITIA_011,,d4,33:01.3,13:56.6,DACIA_SPRING,Dacia Spring 33 kW,33000,139,45:59.1,6.9,11.2,330,NNW,-4.044417208649824,-171.16829943400282,297,102,,,,1.0,4.0,271.0,21,271,26,8,4
44:11.3,,,75,,98.5,,,,,,,11,-2.0814066,43.128162,134.43579,13.528609137091136,44:10.8,6,0.439,0101000020E61000008442CA70B8A600C02402BCA267904540,20230418_DACIA_ANDOAIN_AZPEITIA_011,,d4,33:01.3,13:56.6,DACIA_SPRING,Dacia Spring 33 kW,33000,139,45:59.1,6.9,11.2,330,NNW,-4.436833347489121,-173.33745601018376,297,102,,,,1.0,4.0,271.0,21,271,26,100,4
44:16.9,,,74,,98.5,,,,,,,11,-2.0833328,43.127937,134.23102,13.686915937892158,44:16.8,6,0.148,0101000020E610000044AE0E5FAAAA00C028D4D34760904540,20230418_DACIA_ANDOAIN_AZPEITIA_011,,d4,33:01.3,13:56.6,DACIA_SPRING,Dacia Spring 33 kW,33000,139,45:59.1,6.9,11.2,330,NNW,-1.6359824793627524,-158.39923756079202,297,102,,,,1.0,4.0,271.0,21,271,26,25,4
44:22.6,,,74,,98.5,,,,,,,11,-2.0849795,43.127285,137.48456000000002,13.838985784587985,44:22.8,6,-0.275,0101000020E610000048DDADB009AE00C0517733DD4A904540,20230418_DACIA_ANDOAIN_AZPEITIA_011,,d4,33:01.3,13:56.6,DACIA_SPRING,Dacia Spring 33 kW,33000,139,45:59.1,6.9,11.2,330,NNW,1.731902846957052,-141.10441932385368,297,102,,,,1.0,4.0,271.0,21,271,26,100,4
44:28.1,,,74,,98.5,,,,,,,11,-2.0859897000000003,43.12647,137.10718,13.961190336833742,44:27.8,6,0.262,0101000020E61000006954E0641BB000C0E79D122930904540,20230418_DACIA_ANDOAIN_AZPEITIA_011,,d4,33:01.3,13:56.6,DACIA_SPRING,Dacia Spring 33 kW,33000,139,45:59.1,6.9,11.2,330,NNW,5.269771531344764,-121.93224803551932,297,102,,,,1.0,4.0,271.0,21,271,26,8,4
44:33.8,,,74,,98.5,,,,,,,11,-2.0867276,43.125286,133.4624,14.105870968606448,44:33.9,6,-0.011,0101000020E6100000C7E1C43E9EB100C0FB871D5B09904540,20230418_DACIA_ANDOAIN_AZPEITIA_011,,d4,33:01.3,13:56.6,DACIA_SPRING,Dacia Spring 33 kW,33000,139,45:59.1,6.9,11.2,330,NNW,5.961413773057805,-117.84110352790611,297,102,,,,1.0,4.0,271.0,21,271,26,45,5
44:39.5,,,74,,98.5,,,,,,,11,-2.0872378,43.12432,135.96436,14.221016928118706,44:40.0,6,-0.456,0101000020E6100000D933F8B9A9B200C047EDB8C0E98F4540,20230418_DACIA_ANDOAIN_AZPEITIA_011,,d4,33:01.3,13:56.6,DACIA_SPRING,Dacia Spring 33 kW,33000,139,45:59.1,6.9,11.2,330,NNW,3.811019909602052,-130.1066974756706,297,102,,,,1.0,4.0,271.0,21,271,26,45,5
44:46.0,,,74,,98.5,,,,,,,11,-2.0876741,43.123802000000005,135.39398,14.288631971393796,44:45.9,6,0.057,0101000020E6100000BD0696868EB300C07F3562C1D88F4540,20230418_DACIA_ANDOAIN_AZPEITIA_011,,d4,33:01.3,13:56.6,DACIA_SPRING,Dacia Spring 33 kW,33000,139,45:59.1,6.9,11.2,330,NNW,1.6769194634063465,-141.38901252826628,297,102,,,,1.0,4.0,271.0,21,271,26,45,5
44:51.6,,,75,,98.5,,,,,,,11,-2.0881324,43.123436,132.19287,14.343858794362502,44:51.9,6,-0.337,0101000020E6100000DD2870BA7EB400C05654B3BDCC8F4540,20230418_DACIA_ANDOAIN_AZPEITIA_011,,d4,33:01.3,13:56.6,DACIA_SPRING,Dacia Spring 33 kW,33000,139,45:59.1,6.9,11.2,330,NNW,-11.132509427945596,126.29315605100578,297,102,,,,1.0,4.0,271.0,21,271,26,45,5
44:57.6,,,75,,98.5,,,,,,,11,-2.0882947,43.123657,133.24658,14.371760416058219,44:58.0,6,-0.423,0101000020E6100000404173E7D3B400C0ED5921F6D38F4540,20230418_DACIA_ANDOAIN_AZPEITIA_011,,d4,33:01.3,13:56.6,DACIA_SPRING,Dacia Spring 33 kW,33000,139,45:59.1,6.9,11.2,330,NNW,-6.856652882885381,67.7488311963774,297,102,,,,1.0,4.0,271.0,21,271,26,45,5
45:03.7,,,74,,98.5,,,,,,,11,-2.0881245,43.124073,133.4353,14.420036276239259,45:03.5,6,0.2019999999999999,0101000020E61000005C9A32A27AB400C0578FC1ABE18F4540,20230418_DACIA_ANDOAIN_AZPEITIA_011,,d4,33:01.3,13:56.6,DACIA_SPRING,Dacia Spring 33 kW,33000,139,45:59.1,6.9,11.2,330,NNW,-6.812599413522396,67.4643590854634,297,102,,,,1.0,4.0,271.0,21,271,26,55,5
45:09.5,,,74,,98.5,,,,,,,11,-2.087944,43.124508,132.18695,14.47059109471289,45:09.0,6,0.536,0101000020E61000005D024B091CB400C079C9FFE4EF8F4540,20230418_DACIA_ANDOAIN_AZPEITIA_011,,d4,33:01.3,13:56.6,DACIA_SPRING,Dacia Spring 33 kW,33000,139,45:59.1,6.9,11.2,330,NNW,-11.167441454277798,124.36984851946151,297,102,,,,1.0,4.0,271.0,21,271,26,55,5
45:15.7,,,74,,98.5,,,,,,,11,-2.0880377,43.124645,134.98389,14.487845565585063,45:15.3,6,0.351,0101000020E61000009DE526284DB400C036F29262F48F4540,20230418_DACIA_ANDOAIN_AZPEITIA_011,,d4,33:01.3,13:56.6,DACIA_SPRING,Dacia Spring 33 kW,33000,139,45:59.1,6.9,11.2,330,NNW,2.75248014829116,-135.77341629517204,297,102,,,,1.0,4.0,271.0,21,271,26,55,5
45:21.4,,,74,,98.5,,,,,,,11,-2.0883305,43.12436,135.41943,14.527458213189977,45:21.1,6,0.311,0101000020E610000025EA059FE6B400C0237C39FDEA8F4540,20230418_DACIA_ANDOAIN_AZPEITIA_011,,d4,33:01.3,13:56.6,DACIA_SPRING,Dacia Spring 33 kW,33000,139,45:59.1,6.9,11.2,330,NNW,3.017423742385147,-134.37066994158806,297,102,,,,1.0,4.0,271.0,21,271,26,55,5
45:27.2,,,74,,98.5,,,,,,,11,-2.0887942,43.123886,132.64844,14.592280235422823,45:27.1,6,0.073,0101000020E6100000C0CDC1B7D9B500C0EFFBDC75DB8F4540,20230418_DACIA_ANDOAIN_AZPEITIA_011,,d4,33:01.3,13:56.6,DACIA_SPRING,Dacia Spring 33 kW,33000,139,45:59.1,6.9,11.2,330,NNW,0.7613848735224737,-146.1019811975156,297,102,,,,1.0,4.0,271.0,21,271,26,45,5
45:33.1,,,74,,98.5,,,,,,,11,-2.089327,43.123528,134.41583,14.651081657357613,45:33.1,6,0.022,0101000020E61000006D2FB319F1B600C0CB924AC2CF8F4540,20230418_DACIA_ANDOAIN_AZPEITIA_011,,d4,33:01.3,13:56.6,DACIA_SPRING,Dacia Spring 33 kW,33000,139,45:59.1,6.9,11.2,330,NNW,-5.003312037580225,-176.53371116211557,297,102,,,,1.0,4.0,271.0,21,271,26,55,5
45:38.8,,,74,,98.5,,,,,,,11,-2.0902185,43.123474,135.94489,14.723699884697115,45:39.2,6,-0.4029999999999999,0101000020E610000096227D83C4B800C085B7C504CE8F4540,20230418_DACIA_ANDOAIN_AZPEITIA_011,,d4,33:01.3,13:56.6,DACIA_SPRING,Dacia Spring 33 kW,33000,139,45:59.1,6.9,11.2,330,NNW,-6.7235220484148925,173.10757687760102,297,102,,,,1.0,4.0,271.0,21,271,26,25,5
45:44.7,,,74,,98.5,,,,,,,11,-2.0910375,43.123573,135.73418999999998,14.791074951931309,45:44.4,6,0.292,0101000020E61000000D7870E271BA00C0E8D3CF40D18F4540,20230418_DACIA_ANDOAIN_AZPEITIA_011,,d4,33:01.3,13:56.6,DACIA_SPRING,Dacia Spring 33 kW,33000,139,45:59.1,6.9,11.2,330,NNW,-8.5478041045357,160.2531633945609,297,102,,,,1.0,4.0,271.0,21,271,26,25,5
45:50.5,,,74,,98.5,,,,,,,11,-2.091837,43.12386,138.02246,14.863420882953127,45:50.2,6,0.302,0101000020E6100000C6BF53F114BC00C019BBAF90DA8F4540,20230418_DACIA_ANDOAIN_AZPEITIA_011,,d4,33:01.3,13:56.6,DACIA_SPRING,Dacia Spring 33 kW,33000,139,45:59.1,6.9,11.2,330,NNW,-9.325379660776967,153.6308470126643,297,102,,,,1.0,4.0,271.0,21,271,26,55,5
45:56.3,,,74,,98.5,,,,,,,11,-2.0925753,43.124226,139.88617,14.935878234890096,45:56.3,6,-0.005,0101000020E6100000068C681A98BD00C0A2500592E68F4540,20230418_DACIA_ANDOAIN_AZPEITIA_011,,d4,33:01.3,13:56.6,DACIA_SPRING,Dacia Spring 33 kW,33000,139,45:59.1,6.9,11.2,330,NNW,-4.747021073358015,-175.07733510032938,297,102,,,,1.0,4.0,271.0,21,271,26,55,5
46:02.1,,,74,,98.5,,,,,,,11,-2.0934577,43.12415,142.88062,15.008051324490355,46:02.2,6,-0.1159999999999999,0101000020E6100000C04779BD66BF00C091EEE714E48F4540,20230418_DACIA_ANDOAIN_AZPEITIA_011,,d4,33:01.3,13:56.6,DACIA_SPRING,Dacia Spring 33 kW,33000,139,45:59.1,6.9,11.2,330,NNW,-1.198591148120182,-156.14339089359717,297,102,,,,1.0,4.0,271.0,21,271,26,25,5
46:07.7,,,74,,98.5,,,,,,,11,-2.0941813,43.12383,144.70746,15.076740639057437,46:07.3,6,0.47,0101000020E6100000D42B6519E2C000C03D88539CD98F4540,20230418_DACIA_ANDOAIN_AZPEITIA_011,,d4,33:01.3,13:56.6,DACIA_SPRING,Dacia Spring 33 kW,33000,139,45:59.1,6.9,11.2,330,NNW,-5.134165586393899,-177.28440317059713,297,102,,,,1.0,4.0,271.0,21,271,26,55,5
46:14.6,,,74,,98.5,,,,,,,11,-2.0951722,43.123783,145.7403,15.157337111721521,46:14.7,6,-0.0279999999999999,0101000020E6100000B216D9ADE9C200C02006FC12D88F4540,20230418_DACIA_ANDOAIN_AZPEITIA_011,,d4,33:01.3,13:56.6,DACIA_SPRING,Dacia Spring 33 kW,33000,139,45:59.1,6.9,11.2,330,NNW,-3.883397741558963,-170.28755580235864,297,102,,,,1.0,4.0,271.0,21,271,26,55,5
47:55.7,,,73,,98.5,,,,,,,11,-2.0980935,43.123283,152.24756000000002,15.400945746433942,47:55.6,6,0.051,0101000020E610000020C5CE4EE5C800C0AC5C24C4C78F4540,20230418_DACIA_ANDOAIN_AZPEITIA_011,,d4,33:01.3,13:56.6,DACIA_SPRING,Dacia Spring 33 kW,33000,139,45:59.1,6.9,11.2,330,NNW,-6.403042852044857,175.1311250165633,297,102,,,,1.0,4.0,271.0,21,271,26,25,5
48:01.5,,,73,,98.5,,,,,,,11,-2.1136365,43.124607,223.4502,16.67294998842966,48:01.4,6,0.096,0101000020E6100000B3461C36BAE800C01861C41DF38F4540,20230418_DACIA_ANDOAIN_AZPEITIA_011,,d4,33:01.3,13:56.6,DACIA_SPRING,Dacia Spring 33 kW,33000,139,45:59.1,6.9,11.2,330,NNW,-4.727596511115136,-174.96767218534865,297,102,,,,1.0,4.0,271.0,21,271,26,8,6
48:07.1,,,73,,98.5,,,,,,,11,-2.114545,43.124527,228.44873,16.74738451291564,48:06.8,6,0.3929999999999999,0101000020E610000089C0059796EA00C0FC44127BF08F4540,20230418_DACIA_ANDOAIN_AZPEITIA_011,,d4,33:01.3,13:56.6,DACIA_SPRING,Dacia Spring 33 kW,33000,139,45:59.1,6.9,11.2,330,NNW,-5.172949083034371,-177.5078704813289,297,102,,,,1.0,4.0,271.0,21,271,26,8,6
48:12.7,,,73,,98.5,,,,,,,11,-2.11551,43.124485,234.94208,16.826109196264888,48:12.8,6,-0.042,0101000020E61000007518BC7D90EC00C003AC5D2CEF8F4540,20230418_DACIA_ANDOAIN_AZPEITIA_011,,d4,33:01.3,13:56.6,DACIA_SPRING,Dacia Spring 33 kW,33000,139,45:59.1,6.9,11.2,330,NNW,-5.10453361087139,-177.11396883768654,297,102,,,,1.0,4.0,271.0,21,271,26,8,6
48:18.4,,,73,,98.5,,,,,,,11,-2.1165017999999995,43.124435,238.70868,16.906881252695705,48:18.8,6,-0.402,0101000020E6100000F302897998EE00C0DA45A884ED8F4540,20230418_DACIA_ANDOAIN_AZPEITIA_011,,d4,33:01.3,13:56.6,DACIA_SPRING,Dacia Spring 33 kW,33000,139,45:59.1,6.9,11.2,330,NNW,-3.775272832895168,-169.69894552642955,297,102,,,,1.0,4.0,271.0,21,271,26,55,6
48:24.0,,,72,,98.5,,,,,,,11,-2.1172996,43.12429,243.15448,16.97375435678207,48:23.8,6,0.168,0101000020E610000071A884CC3AF000C089AD87CCE88F4540,20230418_DACIA_ANDOAIN_AZPEITIA_011,,d4,33:01.3,13:56.6,DACIA_SPRING,Dacia Spring 33 kW,33000,139,45:59.1,6.9,11.2,330,NNW,-5.298408815324303,-178.2339062234533,297,102,,,,1.0,4.0,271.0,21,271,26,55,6
48:29.7,,,72,,98.5,,,,,,,11,-2.1180131,43.124268,246.8219,17.031828254226376,48:29.8,6,-0.149,0101000020E6100000DB6286DFB0F100C030C099F3E78F4540,20230418_DACIA_ANDOAIN_AZPEITIA_011,,d4,33:01.3,13:56.6,DACIA_SPRING,Dacia Spring 33 kW,33000,139,50:58.9,6.9,11.2,340,NNW,-7.985138316954667,154.52383756855394,297,102,,,,1.0,4.0,271.0,21,271,26,55,6
48:35.2,,,72,,98.5,,,,,,,11,-2.1185336,43.124516,252.29187,17.08257097486147,48:34.8,6,0.371,0101000020E6100000913190CAC1F200C0C7C6B41DF08F4540,20230418_DACIA_ANDOAIN_AZPEITIA_011,,d4,33:01.3,13:56.6,DACIA_SPRING,Dacia Spring 33 kW,33000,139,50:58.9,6.9,11.2,340,NNW,-5.658246726324455,169.6553304199508,297,102,,,,1.0,4.0,271.0,21,271,26,55,6
48:41.0,,,72,,98.5,,,,,,,11,-2.1194704,43.124687,256.0525,17.16103132526326,48:40.9,6,0.13,0101000020E610000042EA55E8ACF400C0A0690DCEF58F4540,20230418_DACIA_ANDOAIN_AZPEITIA_011,,d4,33:01.3,13:56.6,DACIA_SPRING,Dacia Spring 33 kW,33000,139,50:58.9,6.9,11.2,340,NNW,-6.001529115884387,167.5983700689878,297,102,,,,1.0,4.0,271.0,21,271,26,55,6
48:46.7,,,72,,98.5,,,,,,,11,-2.120339,43.124878,263.63184,17.235043657509596,48:46.9,6,-0.205,0101000020E61000001E17173F74F600C04437DAF5FB8F4540,20230418_DACIA_ANDOAIN_AZPEITIA_011,,d4,33:01.3,13:56.6,DACIA_SPRING,Dacia Spring 33 kW,33000,139,50:58.9,6.9,11.2,340,NNW,-8.029284383217076,154.20083960885398,297,102,,,,1.0,4.0,271.0,21,271,26,55,6
49:24.2,,,72,,98.5,,,,,,,11,-2.125279,43.127266,314.6427,17.71861219373629,49:24.1,6,0.098,0101000020E6100000209A1648920001C07B922A404A904540,20230418_DACIA_ANDOAIN_AZPEITIA_011,,d4,33:01.3,13:56.6,DACIA_SPRING,Dacia Spring 33 kW,33000,139,50:58.9,6.9,11.2,340,NNW,-6.203998603859151,166.36305946693653,297,102,,,,1.0,4.0,271.0,21,271,26,8,6
49:29.8,,,72,,98.5,,,,,,,11,-2.1262023,43.12749,304.6621,17.79820136410712,49:30.1,6,-0.2339999999999999,0101000020E61000002F060762760201C041B5E29751904540,20230418_DACIA_ANDOAIN_AZPEITIA_011,,d4,33:01.3,13:56.6,DACIA_SPRING,Dacia Spring 33 kW,33000,139,50:58.9,6.9,11.2,340,NNW,-5.963747858962916,167.82699799475745,297,102,,,,1.0,4.0,271.0,21,271,26,55,6
49:35.3,,,72,,98.5,,,,,,,11,-2.1269672,43.127655,326.72656,17.86658779964371,49:35.1,6,0.272,0101000020E6100000B5BB0F59070401C07A5C2B0C57904540,20230418_DACIA_ANDOAIN_AZPEITIA_011,,d4,33:01.3,13:56.6,DACIA_SPRING,Dacia Spring 33 kW,33000,139,50:58.9,6.9,11.2,340,NNW,-2.798862405852138,-174.47150182655815,297,102,,,,1.0,4.0,271.0,21,271,26,55,7
49:41.1,,,72,,98.5,,,,,,,11,-2.128114,43.127544,283.53308,17.969929479279767,49:41.1,6,0.013,0101000020E6100000FE1BE691600601C09AA37D6253904540,20230418_DACIA_ANDOAIN_AZPEITIA_011,,d4,33:01.3,13:56.6,DACIA_SPRING,Dacia Spring 33 kW,33000,139,50:58.9,6.9,11.2,340,NNW,-2.3479721021302247,-172.1012776281292,297,102,,,,1.0,4.0,271.0,21,271,26,8,7
49:46.7,,,72,,98.5,,,,,,,11,-2.129224,43.127390000000005,293.04346,18.062115361676202,49:47.1,6,-0.449,0101000020E6100000BD760699A60801C05B817C644E904540,20230418_DACIA_ANDOAIN_AZPEITIA_011,,d4,33:01.3,13:56.6,DACIA_SPRING,Dacia Spring 33 kW,33000,139,50:58.9,6.9,11.2,340,NNW,-2.633994742310303,-173.6021215056025,297,102,,,,1.0,4.0,271.0,21,271,26,55,7
49:52.3,,,71,,98.5,,,,,,,11,-2.130205,43.12728,328.78778,18.150236642099696,49:52.1,6,0.134,0101000020E6100000AA9BEEE9A80A01C00F3413CA4A904540,20230418_DACIA_ANDOAIN_AZPEITIA_011,,d4,33:01.3,13:56.6,DACIA_SPRING,Dacia Spring 33 kW,33000,139,50:58.9,6.9,11.2,340,NNW,-3.0116102288199897,-175.59845035504185,297,102,,,,1.0,4.0,271.0,21,271,26,55,7
49:57.8,,,71,,98.5,,,,,,,11,-2.1312833,43.127197,343.64026,18.23947523640377,49:58.2,6,-0.38,0101000020E6100000DC80323ADE0C01C0B1FE090D48904540,20230418_DACIA_ANDOAIN_AZPEITIA_011,,d4,33:01.3,13:56.6,DACIA_SPRING,Dacia Spring 33 kW,33000,139,50:58.9,6.9,11.2,340,NNW,-1.080678009228355,-165.53703319497018,297,102,,,,1.0,4.0,271.0,21,271,26,55,7
50:03.5,,,71,,98.5,,,,,,,11,-2.1319928,43.127014,351.5985,18.301060524621708,50:03.2,6,0.38,0101000020E610000041AEFD32520E01C026E2EF0F42904540,20230418_DACIA_ANDOAIN_AZPEITIA_011,,d4,33:01.3,13:56.6,DACIA_SPRING,Dacia Spring 33 kW,33000,139,50:58.9,6.9,11.2,340,NNW,-5.357305005904272,171.42355916219407,297,102,,,,1.0,4.0,271.0,21,271,26,25,7
50:09.1,,,71,,98.5,,,,,,,11,-2.1327288,43.127125,359.46912000000003,18.362557843683827,50:09.2,6,-0.108,0101000020E6100000991E3D13D40F01C00CCA55A845904540,20230418_DACIA_ANDOAIN_AZPEITIA_011,,d4,33:01.3,13:56.6,DACIA_SPRING,Dacia Spring 33 kW,33000,139,50:58.9,6.9,11.2,340,NNW,-3.187475712341281,-176.53470381826608,297,102,,,,1.0,4.0,271.0,21,271,26,25,7
50:14.8,,,71,,98.5,,,,,,,11,-2.1335545,43.127075,365.49915,18.430067123666845,50:15.2,6,-0.46,0101000020E61000006977E506851101C02BBF6FF043904540,20230418_DACIA_ANDOAIN_AZPEITIA_011,,d4,33:01.3,13:56.6,DACIA_SPRING,Dacia Spring 33 kW,33000,139,50:58.9,6.9,11.2,340,NNW,-0.4158466515887986,-162.12783355712892,297,102,,,,1.0,4.0,271.0,21,271,26,10,7
50:20.5,,,71,,98.5,,,,,,,11,-2.1343236,43.126827,371.2212,18.49854305585024,50:20.3,6,0.2319999999999999,0101000020E610000059770337181301C0F38304D63B904540,20230418_DACIA_ANDOAIN_AZPEITIA_011,,d4,33:01.3,13:56.6,DACIA_SPRING,Dacia Spring 33 kW,33000,139,50:58.9,6.9,11.2,340,NNW,-0.2468909216516309,-161.2631208667856,297,102,,,,1.0,4.0,271.0,21,271,26,10,7
50:26.1,,,70,,98.5,,,,,,,11,-2.1351874,43.126534,379.35986,18.57627298982191,50:26.3,6,-0.133,0101000020E610000000DFF116DD1401C05179433332904540,20230418_DACIA_ANDOAIN_AZPEITIA_011,,d4,33:01.3,13:56.6,DACIA_SPRING,Dacia Spring 33 kW,33000,139,50:58.9,6.9,11.2,340,NNW,3.975351824903132,-139.21010246552942,297,102,,,,1.0,4.0,271.0,21,271,26,10,7
50:31.7,,,70,,98.5,,,,,,,11,-2.1356614,43.126125,385.4579,18.636150047350753,50:31.3,6,0.397,0101000020E6100000C26DE9A8D51501C03BCC34ED24904540,20230418_DACIA_ANDOAIN_AZPEITIA_011,,d4,33:01.3,13:56.6,DACIA_SPRING,Dacia Spring 33 kW,33000,139,50:58.9,6.9,11.2,340,NNW,3.5966348623962574,-141.26883792017378,297,102,,,,1.0,4.0,271.0,21,271,26,10,7
50:37.3,,,70,,98.5,,,,,,,11,-2.1361701,43.125717,389.961,18.69765502600978,50:37.3,6,0.031,0101000020E6100000754FE46AE01601C07DF45D7C17904540,20230418_DACIA_ANDOAIN_AZPEITIA_011,,d4,33:01.3,13:56.6,DACIA_SPRING,Dacia Spring 33 kW,33000,139,50:58.9,6.9,11.2,340,NNW,4.1267929031262405,-138.37910211001216,297,102,,,,1.0,4.0,271.0,21,271,26,55,7
50:42.9,,,70,,98.5,,,,,,,11,-2.1366203,43.125317,394.7168,18.755411710765518,50:43.3,6,-0.389,0101000020E6100000E55A9B63CC1701C078DC09590A904540,20230418_DACIA_ANDOAIN_AZPEITIA_011,,d4,33:01.3,13:56.6,DACIA_SPRING,Dacia Spring 33 kW,33000,139,50:58.9,6.9,11.2,340,NNW,-3.830625605247494,180.0,297,102,,,,1.0,4.0,271.0,21,271,26,55,7
50:48.6,,,70,,98.5,,,,,,,11,-2.1373239,43.125317,399.36975,18.812702867387774,50:48.4,6,0.2769999999999999,0101000020E6100000AB487D403D1901C07ECE38680A904540,20230418_DACIA_ANDOAIN_AZPEITIA_011,,d4,33:01.3,13:56.6,DACIA_SPRING,Dacia Spring 33 kW,33000,139,50:58.9,6.9,11.2,340,NNW,-1.6482980658016255,-168.46292865675795,297,102,,,,1.0,4.0,271.0,21,271,26,55,7
50:54.3,,,70,,98.5,,,,,,,11,-2.13824,43.12513,405.55316,18.890150920517225,50:54.4,6,-0.11,0101000020E6100000C7BEE0AA1D1B01C04500C33404904540,20230418_DACIA_ANDOAIN_AZPEITIA_011,,d4,33:01.3,13:56.6,DACIA_SPRING,Dacia Spring 33 kW,33000,139,50:58.9,6.9,11.2,340,NNW,3.484969025773601,-141.8709722871057,297,102,,,,1.0,4.0,271.0,21,271,26,55,7
50:59.9,,,70,,98.5,,,,,,,11,-2.1388235,43.124672,412.27856,18.960017523413693,50:59.4,6,0.452,0101000020E61000001FF4AE724F1C01C071C28C42F58F4540,20230418_DACIA_ANDOAIN_AZPEITIA_011,,d4,33:01.3,13:56.6,DACIA_SPRING,Dacia Spring 33 kW,33000,139,50:58.9,6.9,11.2,340,NNW,5.819148849659748,-128.69679808726784,297,102,,,,1.0,4.0,271.0,21,271,26,55,7
51:05.4,,,70,,98.5,,,,,,,11,-2.1392016,43.1242,418.4558,19.021126837434736,51:05.4,6,-0.006,0101000020E6100000A22F39C5151D01C0490F85C7E58F4540,20230418_DACIA_ANDOAIN_AZPEITIA_011,,d4,33:01.3,13:56.6,DACIA_SPRING,Dacia Spring 33 kW,33000,139,50:58.9,6.9,11.2,340,NNW,-0.9690151788618476,-164.96339120679076,297,102,,,,1.0,4.0,271.0,21,271,26,55,8
51:10.9,,,70,,98.5,,,,,,,11,-2.1397302,43.124058000000005,423.69287,19.06713962245343,51:10.4,6,0.428,0101000020E610000002B89BD82A1E01C01C5CBE1EE18F4540,20230418_DACIA_ANDOAIN_AZPEITIA_011,,d4,33:01.3,13:56.6,DACIA_SPRING,Dacia Spring 33 kW,33000,139,50:58.9,6.9,11.2,340,NNW,-4.234097145034565,177.78739995710123,297,102,,,,1.0,4.0,271.0,21,271,26,55,8
51:16.5,,,70,,98.5,,,,,,,11,-2.1406102,43.124092,430.15393,19.138950270322482,51:16.5,6,0.0,0101000020E610000010AA9A41F81F01C039004D4AE28F4540,20230418_DACIA_ANDOAIN_AZPEITIA_011,,d4,33:01.3,13:56.6,DACIA_SPRING,Dacia Spring 33 kW,33000,139,50:58.9,6.9,11.2,340,NNW,-3.979861613741835,179.18542294998178,297,102,,,,1.0,4.0,271.0,21,271,26,8,8
51:22.1,,,70,,98.5,,,,,,,11,-2.1416652000000003,43.124107,436.40436,19.224816396902803,51:22.5,6,-0.406,0101000020E610000042128B52212201C0B6B3F9C9E28F4540,20230418_DACIA_ANDOAIN_AZPEITIA_011,,d4,33:01.3,13:56.6,DACIA_SPRING,Dacia Spring 33 kW,33000,139,50:58.9,6.9,11.2,340,NNW,-2.542449369132567,-173.12077261063166,297,102,,,,1.0,4.0,271.0,21,271,26,8,8
51:27.7,,,70,,98.5,,,,,,,11,-2.1423283,43.124027000000005,440.18115,19.279493389692067,51:27.5,6,0.242,0101000020E61000004FF21B0D7D2301C06A13AB2FE08F4540,20230418_DACIA_ANDOAIN_AZPEITIA_011,,d4,33:01.3,13:56.6,DACIA_SPRING,Dacia Spring 33 kW,33000,139,50:58.9,6.9,11.2,340,NNW,4.766073918371179,-134.81500504413572,297,102,,,,1.0,4.0,271.0,21,271,26,55,8
51:33.3,,,70,,98.5,,,,,,,11,-2.1427605,43.123592,444.47192,19.339396900931817,51:33.6,6,-0.258,0101000020E61000009445ABA45F2401C0B81E85EBD18F4540,20230418_DACIA_ANDOAIN_AZPEITIA_011,,d4,33:01.3,13:56.6,DACIA_SPRING,Dacia Spring 33 kW,33000,139,50:58.9,6.9,11.2,340,NNW,1.934663177882174,-150.05296209988964,297,102,,,,1.0,4.0,271.0,21,271,26,55,8
51:39.0,,,70,,98.5,,,,,,,11,-2.1430712000000005,43.123413,447.3734,19.371652720646246,51:38.6,6,0.41,0101000020E61000007C37AB78022501C0E57CD205CC8F4540,20230418_DACIA_ANDOAIN_AZPEITIA_011,,d4,33:01.3,13:56.6,DACIA_SPRING,Dacia Spring 33 kW,33000,139,50:58.9,6.9,11.2,340,NNW,-3.886492937792357,179.695561953963,297,102,,,,1.0,4.0,271.0,21,271,26,55,8
51:44.4,,,70,,98.5,,,,,,,11,-2.143824,43.123417,452.87598,19.432998332832565,51:44.6,6,-0.148,0101000020E61000001D712B318D2601C050EB0D29CC8F4540,20230418_DACIA_ANDOAIN_AZPEITIA_011,,d4,33:01.3,13:56.6,DACIA_SPRING,Dacia Spring 33 kW,33000,139,50:58.9,6.9,11.2,340,NNW,-2.5281649694686674,-173.04575056748104,297,102,,,,1.0,4.0,271.0,21,271,26,8,8
51:50.1,,,70,,98.5,,,,,,,11,-2.1448898,43.123287,460.14197,19.520998001879413,51:50.6,6,-0.497,0101000020E610000058C3870ABC2801C09A238EE9C78F4540,20230418_DACIA_ANDOAIN_AZPEITIA_011,,d4,33:01.3,13:56.6,DACIA_SPRING,Dacia Spring 33 kW,33000,139,50:58.9,6.9,11.2,340,NNW,-0.587321232024913,-163.0059347947974,297,102,,,,1.0,4.0,271.0,21,271,26,8,8
51:55.7,,,70,,98.5,,,,,,,11,-2.145698,43.12304,464.36658,19.592234579417333,51:55.6,6,0.119,0101000020E61000007AE559CD632A01C0EBDAA4C3BF8F4540,20230418_DACIA_ANDOAIN_AZPEITIA_011,,d4,33:01.3,13:56.6,DACIA_SPRING,Dacia Spring 33 kW,33000,139,50:58.9,6.9,11.2,340,NNW,-1.385550048528196,-167.1062559548922,297,102,,,,1.0,4.0,271.0,21,271,26,8,8
52:01.7,,,70,,98.5,,,,,,,11,-2.146528,43.12285,471.68335,19.663210796144956,52:01.7,6,-0.017,0101000020E6100000542803EE162C01C024BDE288B98F4540,20230418_DACIA_ANDOAIN_AZPEITIA_011,,d4,33:01.3,13:56.6,DACIA_SPRING,Dacia Spring 33 kW,33000,139,50:58.9,6.9,11.2,340,NNW,1.741806448263138,-151.05313511128065,297,102,,,,1.0,4.0,271.0,21,271,26,8,8
52:07.9,,,70,,98.5,,,,,,,11,-2.1471607999999995,43.1225,475.6266,19.727769636111866,52:07.7,6,0.106,0101000020E61000001B3F7D99622D01C0A1259718AE8F4540,20230418_DACIA_ANDOAIN_AZPEITIA_011,,d4,33:01.3,13:56.6,DACIA_SPRING,Dacia Spring 33 kW,33000,139,50:58.9,6.9,11.2,340,NNW,0.0513547215959601,-159.73728400749656,297,102,,,,1.0,4.0,271.0,21,271,26,8,8
52:17.2,,,70,,98.5,,,,,,,11,-2.1481495,43.122135,482.8806,19.81798546171467,52:17.2,6,0.001,0101000020E61000009B594B01692F01C0245D9623A28F4540,20230418_DACIA_ANDOAIN_AZPEITIA_011,,d4,33:01.3,13:56.6,DACIA_SPRING,Dacia Spring 33 kW,33000,139,50:58.9,6.9,11.2,340,NNW,-0.843096128518362,-164.31710605398305,297,102,,,,1.0,4.0,271.0,21,271,26,55,8
52:40.1,,,70,,98.5,,,,,,,11,-2.1492002,43.12184,492.2173,19.90982871369874,52:40.1,6,-0.024,0101000020E610000069D4F0EB8F3101C0D6392772988F4540,20230418_DACIA_ANDOAIN_AZPEITIA_011,,d4,33:01.3,13:56.6,DACIA_SPRING,Dacia Spring 33 kW,33000,139,50:58.9,6.9,11.2,340,NNW,-3.341876202552525,-177.36043640746823,297,102,,,,1.0,4.0,271.0,21,271,26,55,8
53:59.9,,,68,,98.5,,,,,,,11,-2.1521502,43.121704,517.2907,20.151038846825514,54:00.0,6,-0.037,0101000020E6100000C3D821829A3701C0F6831502948F4540,20230418_DACIA_ANDOAIN_AZPEITIA_011,,d4,33:01.3,13:56.6,DACIA_SPRING,Dacia Spring 33 kW,33000,139,55:59.0,6.9,11.2,340,NNW,-10.294259168941306,133.2007353904471,297,102,,,,1.0,4.0,271.0,21,271,26,55,9
54:08.0,,,68,,98.5,,,,,,,11,-2.1547618,43.124485,505.2378,20.526133526805612,54:05.1,6,2.932,0101000020E6100000EEF13AC9F33C01C0F12DAC1BEF8F4540,20230418_DACIA_ANDOAIN_AZPEITIA_011,,d4,33:01.3,13:56.6,DACIA_SPRING,Dacia Spring 33 kW,33000,139,55:59.0,6.9,11.2,340,NNW,-8.889924204576767,147.46328855245707,297,102,,,,1.0,4.0,271.0,21,271,26,55,9
54:13.6,,,68,,98.5,,,,,,,11,-2.1560001,43.125275,525.22095,20.661098587074896,54:13.6,6,-0.001,0101000020E6100000D2C8A5F97C3F01C0902859F308904540,20230418_DACIA_ANDOAIN_AZPEITIA_011,,d4,33:01.3,13:56.6,DACIA_SPRING,Dacia Spring 33 kW,33000,139,55:59.0,6.9,11.2,340,NNW,-11.084943301895386,118.21972075533984,297,102,,,,1.0,4.0,271.0,21,271,26,8,9
54:19.2,,,68,,98.5,,,,,,,11,-2.1594963,43.13179,532.1019,21.43914319796736,54:19.1,6,0.038,0101000020E61000009F49EEF2A54601C00BA2C584DE904540,20230418_DACIA_ANDOAIN_AZPEITIA_011,,d4,33:01.3,13:56.6,DACIA_SPRING,Dacia Spring 33 kW,33000,139,55:59.0,6.9,11.2,340,NNW,-10.798053366877784,94.6035611640654,297,102,,,,1.0,4.0,271.0,21,271,26,55,9
54:24.9,,,68,,98.5,,,,,,,11,-2.159586,43.132904,534.7815,21.5632569537726,54:25.2,6,-0.294,0101000020E610000034A3DDF0D44601C0BDB06F0603914540,20230418_DACIA_ANDOAIN_AZPEITIA_011,,d4,33:01.3,13:56.6,DACIA_SPRING,Dacia Spring 33 kW,33000,139,55:59.0,6.9,11.2,340,NNW,-10.811296965612708,94.86084302720953,297,102,,,,1.0,4.0,271.0,21,271,26,8,9
54:30.5,,,68,,98.5,,,,,,,11,-2.1596673,43.13386,537.02734,21.66978749446607,54:30.2,6,0.305,0101000020E61000005A25819BFF4601C0E34BD15F22914540,20230418_DACIA_ANDOAIN_AZPEITIA_011,,d4,33:01.3,13:56.6,DACIA_SPRING,Dacia Spring 33 kW,33000,139,55:59.0,6.9,11.2,340,NNW,-10.814079926079389,94.91545194779152,297,102,,,,1.0,4.0,271.0,21,271,26,55,9
54:36.1,,,68,,98.5,,,,,,,11,-2.159757,43.134903,538.57275,21.786002259643674,54:36.2,6,-0.049,0101000020E61000005F462DA42E4701C0BF368F8144914540,20230418_DACIA_ANDOAIN_AZPEITIA_011,,d4,33:01.3,13:56.6,DACIA_SPRING,Dacia Spring 33 kW,33000,139,55:59.0,6.9,11.2,340,NNW,-10.821028261711383,95.05264695473912,297,102,,,,1.0,4.0,271.0,21,271,26,55,9
54:41.9,,,68,,98.5,,,,,,,11,-2.159844,43.135887,540.26184,21.895658578256853,54:42.2,6,-0.318,0101000020E6100000B9ED10395C4701C06DC51FC164914540,20230418_DACIA_ANDOAIN_AZPEITIA_011,,d4,33:01.3,13:56.6,DACIA_SPRING,Dacia Spring 33 kW,33000,139,55:59.0,6.9,11.2,340,NNW,-10.940123411869376,97.63325099111192,297,102,,,,1.0,4.0,271.0,21,271,26,55,9
54:47.6,,,68,,98.5,,,,,,,11,-2.1599417,43.136616,543.8602,21.977185857051868,54:47.2,6,0.397,0101000020E6100000F25345868F4701C0859DDE9C7C914540,20230418_DACIA_ANDOAIN_AZPEITIA_011,,d4,33:01.3,13:56.6,DACIA_SPRING,Dacia Spring 33 kW,33000,139,55:59.0,6.9,11.2,340,NNW,-10.836930911226816,124.62862469735128,297,102,,,,1.0,4.0,271.0,21,271,26,55,8
54:53.2,,,68,,98.5,,,,,,,11,-2.1604555,43.13736,544.8364,22.069831056839824,54:53.2,6,-0.01,0101000020E6100000AA22E4D59C4801C05AD7050F95914540,20230418_DACIA_ANDOAIN_AZPEITIA_011,,d4,33:01.3,13:56.6,DACIA_SPRING,Dacia Spring 33 kW,33000,139,55:59.0,6.9,11.2,340,NNW,-10.72999954556781,126.6574423476503,297,102,,,,1.0,4.0,271.0,21,271,26,55,9
54:59.0,,,68,,98.5,,,,,,,11,-2.1607904,43.13781,544.2677,22.126774186338963,54:59.3,6,-0.322,0101000020E6100000621976734C4901C06BE03FC4A3914540,20230418_DACIA_ANDOAIN_AZPEITIA_011,,d4,33:01.3,13:56.6,DACIA_SPRING,Dacia Spring 33 kW,33000,139,55:59.0,6.9,11.2,340,NNW,-10.769612463405815,125.935258062877,297,102,,,,1.0,4.0,271.0,21,271,26,55,9
55:04.6,,,68,,98.5,,,,,,,11,-2.160989,43.138084,544.08276,22.161241146006613,55:04.3,6,0.31,0101000020E610000062EE2097B44901C007D6EDC3AC914540,20230418_DACIA_ANDOAIN_AZPEITIA_011,,d4,33:01.3,13:56.6,DACIA_SPRING,Dacia Spring 33 kW,33000,139,55:59.0,6.9,11.2,340,NNW,-10.719163823208344,126.84974436513478,297,102,,,,1.0,4.0,271.0,21,271,26,55,9
55:10.2,,,68,,98.5,,,,,,,11,-2.1613982000000003,43.13863,545.81384,22.230460986471893,55:10.3,6,-0.159,0101000020E6100000713F1A2D8B4A01C03FE7C990BE914540,20230418_DACIA_ANDOAIN_AZPEITIA_011,,d4,33:01.3,13:56.6,DACIA_SPRING,Dacia Spring 33 kW,33000,139,55:59.0,6.9,11.2,340,NNW,-10.7590180588599,126.13148656964194,297,102,,,,1.0,4.0,271.0,21,271,26,40,9
55:15.8,,,68,,98.5,,,,,,,11,-2.1616654,43.138996,544.8788,22.276582386397056,55:15.3,6,0.433,0101000020E6100000C4211B48174B01C0CEC2E092CA914540,20230418_DACIA_ANDOAIN_AZPEITIA_011,,d4,33:01.3,13:56.6,DACIA_SPRING,Dacia Spring 33 kW,33000,139,55:59.0,6.9,11.2,340,NNW,-9.831413079614226,138.62132623748687,297,102,,,,1.0,4.0,271.0,21,271,26,40,9
55:21.4,,,68,,98.5,,,,,,,11,-2.1621501,43.139423,543.45605,22.338251410640375,55:21.4,6,0.071,0101000020E6100000484E266E154C01C0CD7E1795D8914540,20230418_DACIA_ANDOAIN_AZPEITIA_011,,d4,33:01.3,13:56.6,DACIA_SPRING,Dacia Spring 33 kW,33000,139,55:59.0,6.9,11.2,340,NNW,-9.97736497658787,137.02149304039213,297,102,,,,1.0,4.0,271.0,21,271,26,8,9
55:27.1,,,68,,98.5,,,,,,,11,-2.1626942,43.13993,546.52734,22.409921675048274,55:27.4,6,-0.243,0101000020E610000004F74DAB324D01C00C4F1A30E9914540,20230418_DACIA_ANDOAIN_AZPEITIA_011,,d4,33:01.3,13:56.6,DACIA_SPRING,Dacia Spring 33 kW,33000,139,55:59.0,6.9,11.2,340,NNW,-9.960588141314004,137.20979377395747,297,102,,,,1.0,4.0,271.0,21,271,26,8,9
55:32.8,,,68,,98.5,,,,,,,11,-2.1630118,43.140224,546.99,22.451550819807814,55:32.4,6,0.39,0101000020E61000005BB07525D94D01C0DDB3AED1F2914540,20230418_DACIA_ANDOAIN_AZPEITIA_011,,d4,33:01.3,13:56.6,DACIA_SPRING,Dacia Spring 33 kW,33000,139,55:59.0,6.9,11.2,340,NNW,-9.98226743658504,136.96623910917685,297,102,,,,1.0,4.0,271.0,21,271,26,8,9
55:38.4,,,68,,98.5,,,,,,,11,-2.1635752,43.14075,545.3752400000001,22.52580132389923,55:38.4,6,-0.038,0101000020E6100000CAAC188D004F01C04554552604924540,20230418_DACIA_ANDOAIN_AZPEITIA_011,,d4,33:01.3,13:56.6,DACIA_SPRING,Dacia Spring 33 kW,33000,139,55:59.0,6.9,11.2,340,NNW,-10.400392562062963,131.7813778887031,297,102,,,,1.0,4.0,271.0,21,271,26,8,9
55:44.1,,,68,,98.5,,,,,,,11,-2.1640577000000003,43.141290000000005,547.4685,22.597511766149044,55:44.4,6,-0.3829999999999999,0101000020E61000006CDA187DFD4F01C036EF0FC615924540,20230418_DACIA_ANDOAIN_AZPEITIA_011,,d4,33:01.3,13:56.6,DACIA_SPRING,Dacia Spring 33 kW,33000,139,55:59.0,6.9,11.2,340,NNW,-7.624899881033293,157.09423034176788,297,102,,,,1.0,4.0,271.0,21,271,26,8,9
55:49.7,,,68,,98.5,,,,,,,11,-2.1646328,43.141533,550.6033,22.6515226310952,55:49.5,6,0.233,0101000020E61000000E9CF9F62A5101C0629AAFB31D924540,20230418_DACIA_ANDOAIN_AZPEITIA_011,,d4,33:01.3,13:56.6,DACIA_SPRING,Dacia Spring 33 kW,33000,139,55:59.0,6.9,11.2,340,NNW,-7.1209850656979565,160.52048961313534,297,102,,,,1.0,4.0,271.0,21,271,26,8,9
55:55.4,,,68,,98.5,,,,,,,11,-2.1653311,43.14178,555.2588,22.714657260028435,55:55.5,6,-0.05,0101000020E6100000C4E2A220995201C022B5DCDB25924540,20230418_DACIA_ANDOAIN_AZPEITIA_011,,d4,33:01.3,13:56.6,DACIA_SPRING,Dacia Spring 33 kW,33000,139,55:59.0,6.9,11.2,340,NNW,-7.131901184493142,160.4481018778342,297,102,,,,1.0,4.0,271.0,21,271,26,8,9
56:01.2,,,68,,98.5,,,,,,,11,-2.166311,43.142128,563.1571,22.803430102377202,56:01.5,6,-0.35,0101000020E6100000EC892AD39A5401C02E15E14731924540,20230418_DACIA_ANDOAIN_AZPEITIA_011,,d4,33:01.3,13:56.6,DACIA_SPRING,Dacia Spring 33 kW,33000,139,55:59.0,6.9,11.2,340,NNW,-6.46725741517201,164.72975569504578,297,102,,,,1.0,4.0,271.0,21,271,26,8,9
56:06.8,,,68,,98.5,,,,,,,11,-2.166952,43.142303000000005,567.8662,22.859157764372807,56:06.5,6,0.258,0101000020E6100000B70DFED9EA5501C09002970937924540,20230418_DACIA_ANDOAIN_AZPEITIA_011,,d4,33:01.3,13:56.6,DACIA_SPRING,Dacia Spring 33 kW,33000,139,55:59.0,6.9,11.2,340,NNW,-4.2898050295172165,177.47923073506573,297,102,,,,1.0,4.0,271.0,21,271,26,8,9
56:12.6,,,68,,98.5,,,,,,,11,-2.1675653,43.14233,571.8467,22.909166529181732,56:12.6,6,-0.0069999999999999,0101000020E61000008A9125732C5701C0EFF473D837924540,20230418_DACIA_ANDOAIN_AZPEITIA_011,,d4,33:01.3,13:56.6,DACIA_SPRING,Dacia Spring 33 kW,33000,139,55:59.0,6.9,11.2,340,NNW,-4.674513597659574,175.3315155551238,297,102,,,,1.0,4.0,271.0,21,271,26,8,9
56:19.2,,,67,,98.5,,,,,,,11,-2.1684225,43.1424,577.8823,22.979408708152206,56:19.6,6,-0.36,0101000020E6100000E6AFF3E3ED5801C0953CE8233A924540,20230418_DACIA_ANDOAIN_AZPEITIA_011,,d4,33:01.3,13:56.6,DACIA_SPRING,Dacia Spring 33 kW,33000,139,55:59.0,6.9,11.2,340,NNW,-4.988341955904327,173.5518552571715,297,102,,,,1.0,4.0,271.0,21,271,26,40,9
56:24.7,,,67,,98.5,,,,,,,11,-2.1688826,43.142452,579.4056400000001,23.01721434543237,56:24.6,6,0.163,0101000020E61000008E1DD81ADF5901C0DB8208E53B924540,20230418_DACIA_ANDOAIN_AZPEITIA_011,,d4,33:01.3,13:56.6,DACIA_SPRING,Dacia Spring 33 kW,33000,139,55:59.0,6.9,11.2,340,NNW,-3.983296106400817,179.16662520949654,297,102,,,,1.0,4.0,271.0,21,271,26,40,9
56:31.5,,,67,,98.5,,,,,,,11,-2.1699138,43.142467,585.4275,23.10111275648443,56:31.6,6,-0.147,0101000020E6100000D81C31C4FB5B01C0B72B2E6D3C924540,20230418_DACIA_ANDOAIN_AZPEITIA_011,,d4,33:01.3,13:56.6,DACIA_SPRING,Dacia Spring 33 kW,33000,139,55:59.0,6.9,11.2,340,NNW,-4.426978910965019,176.7174367790248,297,102,,,,1.0,4.0,271.0,21,271,26,40,9
56:37.2,,,67,,98.5,,,,,,,11,-2.1704543,43.142498,590.66785,23.145411987440216,56:37.6,6,-0.423,0101000020E6100000EE48ED2C175D01C0A58460553D924540,20230418_DACIA_ANDOAIN_AZPEITIA_011,,d4,33:01.3,13:56.6,DACIA_SPRING,Dacia Spring 33 kW,33000,139,55:59.0,6.9,11.2,340,NNW,-1.1662060821915108,25.976787703683637,297,102,,,,1.0,4.0,271.0,21,271,26,40,9
56:43.1,,,67,,98.5,,,,,,,11,-2.1701567,43.142643,593.4498,23.174578768743892,56:42.6,6,0.427,0101000020E6100000CDC15C207B5C01C002C00C2142924540,20230418_DACIA_ANDOAIN_AZPEITIA_011,,d4,33:01.3,13:56.6,DACIA_SPRING,Dacia Spring 33 kW,33000,139,55:59.0,6.9,11.2,340,NNW,-1.051883411212343,25.389056646969287,297,102,,,,1.0,4.0,271.0,21,271,26,40,9
56:48.7,,,67,,98.5,,,,,,,11,-2.1694677,43.14297,599.4496,23.241534164731355,56:48.7,6,0.034,0101000020E6100000159B66EC115B01C0D9C3EAD14C924540,20230418_DACIA_ANDOAIN_AZPEITIA_011,,d4,33:01.3,13:56.6,DACIA_SPRING,Dacia Spring 33 kW,33000,139,55:59.0,6.9,11.2,340,NNW,-2.8753418443621523,34.87593920242144,297,102,,,,1.0,4.0,271.0,21,271,26,40,9
56:55.4,,,67,,98.5,,,,,,,11,-2.1688938,43.14337,603.8362,23.30607544726918,56:55.7,6,-0.262,0101000020E6100000E400B0F0E45901C04F6229F559924540,20230418_DACIA_ANDOAIN_AZPEITIA_011,,d4,33:01.3,13:56.6,DACIA_SPRING,Dacia Spring 33 kW,33000,139,55:59.0,6.9,11.2,340,NNW,-8.292851763550074,152.2316699357409,297,102,,,,1.0,4.0,271.0,21,271,26,40,9
57:01.3,,,67,,98.5,,,,,,,11,-2.169135,43.143497,608.1632,23.330592808470417,57:01.7,6,-0.421,0101000020E61000003EA3DF84635A01C0416491265E924540,20230418_DACIA_ANDOAIN_AZPEITIA_011,,d4,33:01.3,13:56.6,DACIA_SPRING,Dacia Spring 33 kW,33000,139,55:59.0,6.9,11.2,340,NNW,-1.66764921860217,-168.56302609481162,297,102,,,,1.0,4.0,271.0,21,271,26,40,9
57:07.0,,,66,,98.5,,,,,,,11,-2.1696985,43.143383,610.0758,23.378074448795058,57:06.7,6,0.25,0101000020E6100000241453D08A5B01C0430C4B6E5A924540,20230418_DACIA_ANDOAIN_AZPEITIA_011,,d4,33:01.3,13:56.6,DACIA_SPRING,Dacia Spring 33 kW,33000,139,55:59.0,6.9,11.2,340,NNW,-1.9450249800188857,-170.00085913886173,297,102,,,,1.0,4.0,271.0,21,271,26,40,9
57:12.6,,,66,,98.5,,,,,,,11,-2.170623,43.14322,615.7212,23.455446812250084,57:12.8,6,-0.132,0101000020E6100000FC5A6E9B6F5D01C0468C2A0555924540,20230418_DACIA_ANDOAIN_AZPEITIA_011,,d4,33:01.3,13:56.6,DACIA_SPRING,Dacia Spring 33 kW,33000,139,55:59.0,6.9,11.2,340,NNW,-2.751054763372822,-174.21906129054332,297,102,,,,1.0,4.0,271.0,21,271,26,40,9
57:18.5,,,66,,98.5,,,,,,,11,-2.1714132,43.14314,620.1813,23.520325841556474,57:18.8,6,-0.296,0101000020E6100000B73255EE0D5F01C0E8AEFC6452924540,20230418_DACIA_ANDOAIN_AZPEITIA_011,,d4,33:01.3,13:56.6,DACIA_SPRING,Dacia Spring 33 kW,33000,139,55:59.0,6.9,11.2,340,NNW,-4.738966463305191,174.96814973535518,144,72,,,,0.0,114.0,30.0,0,127,17,8,9
57:24.3,,,66,,98.5,,,,,,,11,-2.1722650000000003,43.143215000000005,626.2323,23.59019885108435,57:24.8,6,-0.496,0101000020E6100000625A487ECC6001C0D5AD64E854924540,20230418_DACIA_ANDOAIN_AZPEITIA_011,,d4,33:01.3,13:56.6,DACIA_SPRING,Dacia Spring 33 kW,33000,139,55:59.0,6.9,11.2,340,NNW,-8.60017125339661,149.83678223815213,144,72,,,,0.0,114.0,30.0,0,127,17,8,9
57:30.1,,,66,,98.5,,,,,,,11,-2.1727967,43.143524,629.5084,23.645445604866904,57:29.8,6,0.251,0101000020E61000005CA58140E36101C01D3F12FE5E924540,20230418_DACIA_ANDOAIN_AZPEITIA_011,,d4,33:01.3,13:56.6,DACIA_SPRING,Dacia Spring 33 kW,33000,139,55:59.0,6.9,11.2,340,NNW,-8.57588850432727,150.0303068448829,144,72,,,,0.0,114.0,30.0,0,127,17,25,9
57:35.7,,,66,,98.5,,,,,,,11,-2.1735580000000003,43.143963,633.817,23.724290191569395,57:35.9,6,-0.121,0101000020E61000004E45C761726301C00402DF656D924540,20230418_DACIA_ANDOAIN_AZPEITIA_011,,d4,33:01.3,13:56.6,DACIA_SPRING,Dacia Spring 33 kW,33000,139,55:59.0,6.9,11.2,340,NNW,-4.083017877483959,178.61979047095116,144,72,,,,0.0,114.0,30.0,0,127,17,40,9
57:41.6,,,66,,98.5,,,,,,,11,-2.1745126,43.143986,640.57117,23.802074810941004,57:41.9,6,-0.308,0101000020E6100000664878EF666501C06272171F6E924540,20230418_DACIA_ANDOAIN_AZPEITIA_011,,d4,33:01.3,13:56.6,DACIA_SPRING,Dacia Spring 33 kW,33000,139,55:59.0,6.9,11.2,340,NNW,-4.909623849466566,174.00075696698255,144,72,,,,0.0,114.0,30.0,0,127,17,8,9
57:48.8,,,66,,98.5,,,,,,,11,-2.1756735000000003,43.144108,649.98535,23.897697329037026,57:49.0,6,-0.172,0101000020E6100000DB300A82C76701C0B40DD41072924540,20230418_DACIA_ANDOAIN_AZPEITIA_011,,d4,33:01.3,13:56.6,DACIA_SPRING,Dacia Spring 33 kW,33000,139,55:59.0,6.9,11.2,340,NNW,-7.530044891688976,157.75320217098215,144,72,,,,0.0,114.0,30.0,0,127,17,25,9
57:57.1,,,66,,98.5,,,,,,,11,-2.1768763,43.1446,658.3319,24.00988220302926,57:57.1,6,-0.017,0101000020E61000001C4E701C3E6A01C017E11E3282924540,20230418_DACIA_ANDOAIN_AZPEITIA_011,,d4,33:01.3,13:56.6,DACIA_SPRING,Dacia Spring 33 kW,33000,139,55:59.0,6.9,11.2,340,NNW,-8.14575253501047,153.3395371184365,144,72,,,,0.0,114.0,30.0,0,127,17,25,9
58:39.5,,,66,,98.5,,,,,,,11,-2.1826124,43.14748,691.39526,24.5757557273448,58:39.3,6,0.213,0101000020E610000084F21D80FD7501C06381E993E0924540,20230418_DACIA_ANDOAIN_AZPEITIA_011,,d4,33:01.3,13:56.6,DACIA_SPRING,Dacia Spring 33 kW,33000,139,55:59.0,6.9,11.2,340,NNW,-6.660512095646652,163.5095651449116,144,72,,,,0.0,114.0,30.0,0,127,17,8,8
58:45.6,,,65,,98.5,,,,,,,11,-2.183565,43.147762,698.2549,24.659438348997636,58:45.3,6,0.284,0101000020E61000003D2529E1F07701C0E2B5C7E2E9924540,20230418_DACIA_ANDOAIN_AZPEITIA_011,,d4,33:01.3,13:56.6,DACIA_SPRING,Dacia Spring 33 kW,33000,139,55:59.0,6.9,11.2,340,NNW,-9.354857964979807,143.3575818407044,144,72,,,,0.0,114.0,30.0,0,127,17,8,8
58:52.2,,,65,,98.5,,,,,,,11,-2.1841915000000003,43.148228,706.7505,24.732516577935897,58:52.2,6,0.0,0101000020E6100000CB09E255397901C0985CF71CF9924540,20230418_DACIA_ANDOAIN_AZPEITIA_011,,d4,33:01.3,13:56.6,DACIA_SPRING,Dacia Spring 33 kW,33000,139,55:59.0,6.9,11.2,340,NNW,-8.196041954571422,152.96337866507668,144,72,,,,0.0,114.0,30.0,0,127,17,8,8
58:58.4,,,65,,98.5,,,,,,,11,-2.1850772000000003,43.14868,709.7460000000001,24.820254571002533,58:58.6,6,-0.263,0101000020E6100000607757C9097B01C0020229F307934540,20230418_DACIA_ANDOAIN_AZPEITIA_011,,d4,33:01.3,13:56.6,DACIA_SPRING,Dacia Spring 33 kW,33000,139,55:59.0,6.9,11.2,340,NNW,-5.233517522686502,172.14222710147433,144,72,,,,0.0,114.0,30.0,0,127,17,8,8
59:04.0,,,65,,98.5,,,,,,,11,-2.1859467,43.1488,713.09656,24.892122447480507,59:04.3,6,-0.314,0101000020E610000018363596D17C01C06BB5EAE70B934540,20230418_DACIA_ANDOAIN_AZPEITIA_011,,d4,33:01.3,13:56.6,DACIA_SPRING,Dacia Spring 33 kW,33000,139,55:59.0,6.9,11.2,340,NNW,-9.007193923893478,146.4656096499396,144,72,,,,0.0,114.0,30.0,0,127,17,8,8
59:55.6,,,64,,98.5,,,,,,,11,-2.1904733,43.1518,722.63965,25.38832411421844,59:55.5,6,0.149,0101000020E61000004E77A6E9168601C03F392B1E6E934540,20230418_DACIA_ANDOAIN_AZPEITIA_011,,d4,33:01.3,13:56.6,DACIA_SPRING,Dacia Spring 33 kW,33000,139,55:59.0,6.9,11.2,340,NNW,-10.381112405768077,132.04565900225822,144,72,,,,0.0,114.0,30.0,0,127,17,8,8
00:01.1,,,64,,98.5,,,,,,,11,-2.1909125,43.152287,721.2439,25.45316058272516,00:01.5,6,-0.395,0101000020E6100000BAF5BB2CFD8601C096FE4E287E934540,20230418_DACIA_ANDOAIN_AZPEITIA_011,,d4,33:01.3,13:56.6,DACIA_SPRING,Dacia Spring 33 kW,33000,139,55:59.0,6.9,11.2,340,NNW,-4.016570066012127,178.98438748810915,167,70,,,,4.0,134.0,29.0,0,152,15,8,8
00:12.1,,,64,,98.5,,,,,,,11,-2.191533,43.152298,717.8292,25.503626657798474,00:12.1,6,0.0069999999999999,0101000020E6100000493A7779428801C02AF080787E934540,20230418_DACIA_ANDOAIN_AZPEITIA_011,,d4,33:01.3,13:56.6,DACIA_SPRING,Dacia Spring 33 kW,33000,139,55:59.0,6.9,11.2,340,NNW,3.098955737388373,-143.93709986138816,167,70,,,,4.0,134.0,29.0,0,152,15,8,8
00:17.9,,,64,,98.5,,,,,,,11,-2.1924915,43.1516,707.5198,25.613971786894794,00:17.6,6,0.238,0101000020E6100000D7E164F2388A01C05486589A67934540,20230418_DACIA_ANDOAIN_AZPEITIA_011,,d4,33:01.3,13:56.6,DACIA_SPRING,Dacia Spring 33 kW,33000,139,55:59.0,6.9,11.2,340,NNW,-7.755037979460452,156.1784886688099,167,70,,,,4.0,134.0,29.0,0,152,15,8,8
02:48.7,,,65,,98.5,,,,,,,11,-2.1947112,43.15258,696.8929400000001,25.824710839355404,02:48.7,6,0.002,0101000020E61000000C4B4DCCC48E01C03217E1BB87934540,20230418_DACIA_ANDOAIN_AZPEITIA_011,,d4,33:01.3,13:56.6,DACIA_SPRING,Dacia Spring 33 kW,33000,139,05:59.9,6.9,11.2,340,NNW,-8.68168330404924,149.18133917605238,167,70,,,,4.0,134.0,29.0,0,152,15,8,7
02:54.3,,,65,,98.5,,,,,,,11,-2.2075062,43.160213,604.1426,27.168645779274073,02:54.2,6,0.048,0101000020E610000069EB1A0CF9A801C076636AE081944540,20230418_DACIA_ANDOAIN_AZPEITIA_011,,d4,33:01.3,13:56.6,DACIA_SPRING,Dacia Spring 33 kW,33000,139,05:59.9,6.9,11.2,340,NNW,-4.429295064974094,43.295463003266846,167,70,,,,4.0,134.0,29.0,0,152,15,40,6
02:59.8,,,65,,98.5,,,,,,,11,-2.2070477000000004,43.160645,603.1421,27.22940350140183,03:00.2,6,-0.432,0101000020E6100000A21CD49708A801C051EAFD0C90944540,20230418_DACIA_ANDOAIN_AZPEITIA_011,,d4,33:01.3,13:56.6,DACIA_SPRING,Dacia Spring 33 kW,33000,139,05:59.9,6.9,11.2,340,NNW,-10.982767354544478,98.69695047897508,167,70,,,,4.0,134.0,29.0,0,152,15,8,6
03:05.3,,,65,,98.5,,,,,,,11,-2.2071173,43.1611,599.50806,27.280440708030746,03:05.3,6,0.045,0101000020E6100000428303102DA801C0388B93D29E944540,20230418_DACIA_ANDOAIN_AZPEITIA_011,,d4,33:01.3,13:56.6,DACIA_SPRING,Dacia Spring 33 kW,33000,139,05:59.9,6.9,11.2,340,NNW,-11.150472795020056,115.39027222312907,167,70,,,,4.0,134.0,29.0,0,152,15,8,6
03:10.8,,,65,,98.5,,,,,,,11,-2.2073717,43.161636,594.85596,27.34368330263641,03:11.3,6,-0.477,0101000020E6100000EC1BD287B2A801C0CFCE7187B0944540,20230418_DACIA_ANDOAIN_AZPEITIA_011,,d4,33:01.3,13:56.6,DACIA_SPRING,Dacia Spring 33 kW,33000,139,05:59.9,6.9,11.2,340,NNW,-7.490509891166587,61.974170854875496,167,70,,,,4.0,134.0,29.0,0,152,15,8,6
03:16.3,,,65,,98.5,,,,,,,11,-2.2070832,43.162178,591.5581,27.40841824119502,03:16.3,6,0.042,0101000020E6100000992C0F4E1BA801C07F008C46C2944540,20230418_DACIA_ANDOAIN_AZPEITIA_011,,d4,33:01.3,13:56.6,DACIA_SPRING,Dacia Spring 33 kW,33000,139,05:59.9,6.9,11.2,340,NNW,-7.809118582148874,64.20620436274896,167,70,,,,4.0,134.0,29.0,0,152,15,8,6
03:22.0,,,65,,98.5,,,,,,,11,-2.2067478,43.162872,585.4646,27.490468556310248,03:22.3,6,-0.295,0101000020E61000006A613F596BA701C0FCB6B3F1D8944540,20230418_DACIA_ANDOAIN_AZPEITIA_011,,d4,33:01.3,13:56.6,DACIA_SPRING,Dacia Spring 33 kW,33000,139,05:59.9,6.9,11.2,340,NNW,-10.494985588750508,130.43772383841895,167,70,,,,4.0,134.0,29.0,0,152,15,8,6
03:27.5,,,65,,98.5,,,,,,,11,-2.2071347,43.163326,583.0259,27.549959258246474,03:27.3,6,0.217,0101000020E61000005B24CC3836A801C0544D18E6E7944540,20230418_DACIA_ANDOAIN_AZPEITIA_011,,d4,33:01.3,13:56.6,DACIA_SPRING,Dacia Spring 33 kW,33000,139,05:59.9,6.9,11.2,340,NNW,-8.654155713285977,149.40370978224072,167,70,,,,4.0,134.0,29.0,0,152,15,8,6
03:35.5,,,65,,98.5,,,,,,,11,-2.2081866000000003,43.163948,578.69763,27.659872810799193,03:35.4,6,0.156,0101000020E61000002352CBBD5DAA01C097BB223AFC944540,20230418_DACIA_ANDOAIN_AZPEITIA_011,,d4,33:01.3,13:56.6,DACIA_SPRING,Dacia Spring 33 kW,33000,139,05:59.9,6.9,11.2,340,NNW,-6.087260476061281,167.07741306459047,167,70,,,,4.0,134.0,29.0,0,152,15,25,6
03:41.2,,,65,,98.5,,,,,,,11,-2.2089188,43.164116,573.8562,27.7223150301572,03:41.4,6,-0.2,0101000020E61000007D929E96DDAB01C0CA09EAC601954540,20230418_DACIA_ANDOAIN_AZPEITIA_011,,d4,33:01.3,13:56.6,DACIA_SPRING,Dacia Spring 33 kW,33000,139,05:59.9,6.9,11.2,340,NNW,1.275338963528805,-153.46157325385508,167,70,,,,4.0,134.0,29.0,0,152,15,25,6
03:46.8,,,65,,98.5,,,,,,,11,-2.2095215,43.163815,569.2186,27.78173895044755,03:46.5,6,0.349,0101000020E61000005843B99F19AD01C022F2A7D7F7944540,20230418_DACIA_ANDOAIN_AZPEITIA_011,,d4,33:01.3,13:56.6,DACIA_SPRING,Dacia Spring 33 kW,33000,139,05:59.9,6.9,11.2,340,NNW,1.4929979060564544,-152.33947573848633,167,70,,,,4.0,134.0,29.0,0,152,15,25,6
03:52.4,,,65,,98.5,,,,,,,11,-2.2103896,43.16336,561.3159,27.868799124676475,03:52.4,6,-0.006,0101000020E61000007B5C65B7E0AE01C0CA895507E9944540,20230418_DACIA_ANDOAIN_AZPEITIA_011,,d4,33:01.3,13:56.6,DACIA_SPRING,Dacia Spring 33 kW,33000,139,05:59.9,6.9,11.2,340,NNW,-2.5454201354592887,-173.1363780256679,167,70,,,,4.0,134.0,29.0,0,152,15,25,6
03:58.1,,,65,,98.5,,,,,,,11,-2.2111373,43.16327,556.3699,27.93046120515137,03:58.5,6,-0.4,0101000020E61000001E5655BB68B001C0F07A1FFDE5944540,20230418_DACIA_ANDOAIN_AZPEITIA_011,,d4,33:01.3,13:56.6,DACIA_SPRING,Dacia Spring 33 kW,33000,139,05:59.9,6.9,11.2,340,NNW,-6.231786942580982,166.19214404512812,167,70,,,,4.0,134.0,29.0,0,152,15,25,6
04:03.9,,,66,,98.5,,,,,,,11,-2.2118168,43.163437,550.3219,27.988930924732863,04:03.5,6,0.3989999999999999,0101000020E61000000E9291F5CCB101C00B057478EB944540,20230418_DACIA_ANDOAIN_AZPEITIA_011,,d4,33:01.3,13:56.6,DACIA_SPRING,Dacia Spring 33 kW,33000,139,05:59.9,6.9,11.2,340,NNW,-7.212528780352914,159.91107336156108,167,70,,,,4.0,134.0,29.0,0,152,15,25,5
04:10.2,,,66,,98.5,,,,,,,11,-2.2125988,43.163723,545.5183,28.060044501947498,04:10.1,6,0.044,0101000020E610000072569F0667B301C0DCE31AD9F4944540,20230418_DACIA_ANDOAIN_AZPEITIA_011,,d4,33:01.3,13:56.6,DACIA_SPRING,Dacia Spring 33 kW,33000,139,05:59.9,6.9,11.2,340,NNW,-7.268987993048096,159.53248736084768,167,70,,,,4.0,134.0,29.0,0,152,15,25,5
04:15.8,,,66,,98.5,,,,,,,11,-2.2133865000000004,43.164017,541.0012,28.131951796609076,04:15.6,6,0.259,0101000020E6100000F8D8440304B501C0720EC788FE944540,20230418_DACIA_ANDOAIN_AZPEITIA_011,,d4,33:01.3,13:56.6,DACIA_SPRING,Dacia Spring 33 kW,33000,139,05:59.9,6.9,11.2,340,NNW,-7.569421747523789,157.4804895372577,167,70,,,,4.0,134.0,29.0,0,152,15,25,5
04:21.2,,,66,,98.5,,,,,,,11,-2.2141776,43.164345,537.23315,28.20585174513258,04:21.5,6,-0.3,0101000020E6100000A1A9F0CAA2B601C055338C3709954540,20230418_DACIA_ANDOAIN_AZPEITIA_011,,d4,33:01.3,13:56.6,DACIA_SPRING,Dacia Spring 33 kW,33000,139,05:59.9,6.9,11.2,340,NNW,-9.03903883983548,146.1906152671748,167,70,,,,4.0,134.0,29.0,0,152,15,8,5
04:26.9,,,66,,98.5,,,,,,,11,-2.2147973,43.16476,531.10315,28.27435828513458,04:26.5,6,0.321,0101000020E6100000308E3EA4E7B701C0542803EE16954540,20230418_DACIA_ANDOAIN_AZPEITIA_011,,d4,33:01.3,13:56.6,DACIA_SPRING,Dacia Spring 33 kW,33000,139,05:59.9,6.9,11.2,340,NNW,-6.485179965512744,164.61737724417563,167,70,,,,4.0,134.0,29.0,0,152,15,8,5
04:32.6,,,66,,98.5,,,,,,,11,-2.2155497000000004,43.164967,525.9634,28.33978002946441,04:32.6,6,-0.008,0101000020E61000009685441472B901C08692C9A91D954540,20230418_DACIA_ANDOAIN_AZPEITIA_011,,d4,33:01.3,13:56.6,DACIA_SPRING,Dacia Spring 33 kW,33000,139,05:59.9,6.9,11.2,340,NNW,-1.94122214702964,-169.98110544318914,167,70,,,,4.0,134.0,29.0,0,152,15,8,5
04:38.3,,,66,,98.5,,,,,,,11,-2.216478,43.164803000000006,520.0075,28.417474739226776,04:38.6,6,-0.315,0101000020E61000000E9CB7DA58BB01C05923714518954540,20230418_DACIA_ANDOAIN_AZPEITIA_011,,d4,33:01.3,13:56.6,DACIA_SPRING,Dacia Spring 33 kW,33000,139,05:59.9,6.9,11.2,340,NNW,-4.674435347082076,175.33195606206783,167,70,,,,4.0,134.0,29.0,0,152,15,8,5
04:44.0,,,66,,98.5,,,,,,,11,-2.2172618,43.164867,517.5465,28.48148872176044,04:43.6,6,0.375,0101000020E6100000242734C5F3BC01C01039E0671A954540,20230418_DACIA_ANDOAIN_AZPEITIA_011,,d4,33:01.3,13:56.6,DACIA_SPRING,Dacia Spring 33 kW,33000,139,05:59.9,6.9,11.2,340,NNW,-5.196168088560125,172.3581262772379,167,70,,,,4.0,134.0,29.0,0,152,15,8,5
04:49.8,,,66,,98.5,,,,,,,11,-2.2181040000000003,43.16498,513.63904,28.551050576529125,04:49.9,6,-0.13,0101000020E6100000B30D373BADBE01C008E0C91B1E954540,20230418_DACIA_ANDOAIN_AZPEITIA_011,,d4,33:01.3,13:56.6,DACIA_SPRING,Dacia Spring 33 kW,33000,139,05:59.9,6.9,11.2,340,NNW,-9.354805661926964,143.35806844364404,167,70,,,,4.0,134.0,29.0,0,152,15,8,5
04:55.3,,,66,,98.5,,,,,,,11,-2.218709,43.16543,507.41382,28.62140806931641,04:55.7,6,-0.346,0101000020E6100000B859FE74EABF01C04210D6B52C954540,20230418_DACIA_ANDOAIN_AZPEITIA_011,,d4,33:01.3,13:56.6,DACIA_SPRING,Dacia Spring 33 kW,33000,139,05:59.9,6.9,11.2,340,NNW,-6.0681941859502375,167.19353502048082,167,70,,,,4.0,134.0,29.0,0,152,15,8,5
05:00.9,,,66,,98.5,,,,,,,11,-2.2192721,43.165558,503.89172,28.669373383169415,05:00.7,6,0.17,0101000020E610000021F9D6C911C101C03A046DF630954540,20230418_DACIA_ANDOAIN_AZPEITIA_011,,d4,33:01.3,13:56.6,DACIA_SPRING,Dacia Spring 33 kW,33000,139,05:59.9,6.9,11.2,340,NNW,-1.4694328700807266,-167.53890442726,167,70,,,,4.0,134.0,29.0,0,152,15,8,5
05:06.4,,,66,,98.5,,,,,,,11,-2.2201862,43.165356,499.177,28.746981321935397,05:06.7,6,-0.306,0101000020E6100000253B3602F1C201C0E4B895562A954540,20230418_DACIA_ANDOAIN_AZPEITIA_011,,d4,33:01.3,13:56.6,DACIA_SPRING,Dacia Spring 33 kW,33000,139,05:59.9,6.9,11.2,340,NNW,-2.58240215041716,-173.33072776562665,167,70,,,,4.0,134.0,29.0,0,152,15,40,5
05:12.0,,,66,,98.5,,,,,,,11,-2.220973,43.165264,495.82874,28.811695169509505,05:11.7,6,0.294,0101000020E610000070CBAA7C8DC401C06F91076427954540,20230418_DACIA_ANDOAIN_AZPEITIA_011,,d4,33:01.3,13:56.6,DACIA_SPRING,Dacia Spring 33 kW,33000,139,05:59.9,6.9,11.2,340,NNW,-6.010402008797141,167.54459314333346,167,70,,,,4.0,134.0,29.0,0,152,15,40,5
05:17.6,,,66,,98.5,,,,,,,11,-2.2217336,43.165432,488.03107,28.876619065409034,05:17.8,6,-0.134,0101000020E6100000C8C861491CC601C0F59C57E92C954540,20230418_DACIA_ANDOAIN_AZPEITIA_011,,d4,33:01.3,13:56.6,DACIA_SPRING,Dacia Spring 33 kW,33000,139,05:59.9,6.9,11.2,340,NNW,-11.199980141115068,109.8921038091304,167,70,,,,4.0,134.0,29.0,0,152,15,40,5
05:24.1,,,66,,98.5,,,,,,,11,-2.221891,43.165867,481.84314000000006,28.927026298567103,05:24.0,6,0.072,0101000020E610000015DD61B06EC601C0DC1A091B3B954540,20230418_DACIA_ANDOAIN_AZPEITIA_011,,d4,33:01.3,13:56.6,DACIA_SPRING,Dacia Spring 33 kW,33000,139,05:59.9,6.9,11.2,340,NNW,-9.360066166994033,76.69090429679233,167,70,,,,4.0,134.0,29.0,0,152,15,40,5
05:31.5,,,66,,98.5,,,,,,,11,-2.2217247,43.16657,474.10175,29.00672819090946,05:31.7,6,-0.215,0101000020E6100000F483809D17C601C0F408241752954540,20230418_DACIA_ANDOAIN_AZPEITIA_011,,d4,33:01.3,13:56.6,DACIA_SPRING,Dacia Spring 33 kW,33000,139,05:59.9,6.9,11.2,340,NNW,-10.960829962200076,98.13800074143424,167,70,,,,4.0,134.0,29.0,0,152,15,40,5
05:37.3,,,66,,98.5,,,,,,,11,-2.2218554,43.167484,466.73462,29.109176861799437,05:36.8,6,0.43,0101000020E6100000838A05195CC601C03207DE1C70954540,20230418_DACIA_ANDOAIN_AZPEITIA_011,,d4,33:01.3,13:56.6,DACIA_SPRING,Dacia Spring 33 kW,33000,139,05:59.9,6.9,11.2,340,NNW,-10.919273549724789,122.85528209089075,167,70,,,,4.0,134.0,29.0,0,152,15,25,5
05:44.0,,,66,,98.5,,,,,,,11,-2.2223501,43.16825,459.9074700000001,29.20357539774186,05:44.0,6,-0.005,0101000020E6100000F97C9C825FC701C055338C3789954540,20230418_DACIA_ANDOAIN_AZPEITIA_011,,d4,33:01.3,13:56.6,DACIA_SPRING,Dacia Spring 33 kW,33000,139,05:59.9,6.9,11.2,340,NNW,-5.787011833259656,168.8890151049637,167,70,,,,4.0,134.0,29.0,0,152,15,40,5
05:50.2,,,66,,98.5,,,,,,,11,-2.2231648,43.16841,454.64697,29.272202621664526,05:49.9,6,0.246,0101000020E6100000A727669C0AC901C010EEE7778E954540,20230418_DACIA_ANDOAIN_AZPEITIA_011,,d4,33:01.3,13:56.6,DACIA_SPRING,Dacia Spring 33 kW,33000,139,05:59.9,6.9,11.2,340,NNW,-3.3324365669211944,-177.3098483117846,167,70,,,,4.0,134.0,29.0,0,152,15,40,4
05:55.7,,,66,,98.5,,,,,,,11,-2.2242715,43.168358000000005,447.2965,29.36244147726083,05:55.9,6,-0.21,0101000020E61000007EC643E74ECB01C0B28FC2B38C954540,20230418_DACIA_ANDOAIN_AZPEITIA_011,,d4,33:01.3,13:56.6,DACIA_SPRING,Dacia Spring 33 kW,33000,139,05:59.9,6.9,11.2,340,NNW,-3.047730966566586,-175.7903889401474,167,70,,,,4.0,134.0,29.0,0,152,15,40,4
06:01.3,,,66,,98.5,,,,,,,11,-2.2250595,43.1683,441.13562,29.426967413440277,06:00.9,6,0.376,0101000020E6100000FE9BD50AECCC01C0AD9F82EC8A954540,20230418_DACIA_ANDOAIN_AZPEITIA_011,,d4,33:01.3,13:56.6,DACIA_SPRING,Dacia Spring 33 kW,33000,139,05:59.9,6.9,11.2,340,NNW,1.7876140999503205,-150.81583280078482,167,70,,,,4.0,134.0,29.0,0,152,15,40,4
06:06.9,,,66,,98.5,,,,,,,11,-2.2257345,43.167923,435.13184,29.496178043665417,06:06.9,6,0.026,0101000020E61000003D41A4D74DCE01C07E8340787E954540,20230418_DACIA_ANDOAIN_AZPEITIA_011,,d4,33:01.3,13:56.6,DACIA_SPRING,Dacia Spring 33 kW,33000,139,05:59.9,6.9,11.2,340,NNW,2.63062598482089,-146.41560867490674,167,70,,,,4.0,134.0,29.0,0,152,15,40,4
06:12.7,,,66,,98.5,,,,,,,11,-2.2265613,43.167374,428.02014,29.587136416707313,06:13.0,6,-0.2789999999999999,0101000020E6100000A7EC9159FFCF01C093FCEB896C954540,20230418_DACIA_ANDOAIN_AZPEITIA_011,,d4,33:01.3,13:56.6,DACIA_SPRING,Dacia Spring 33 kW,33000,139,05:59.9,6.9,11.2,340,NNW,1.815073484707852,-150.6735060443059,167,70,,,,4.0,134.0,29.0,0,152,15,25,4
06:18.2,,,66,,98.5,,,,,,,11,-2.2272751,43.166973,422.9696,29.66038229587329,06:18.0,6,0.247,0101000020E6100000B2F6359A75D101C07C66E6555F954540,20230418_DACIA_ANDOAIN_AZPEITIA_011,,d4,33:01.3,13:56.6,DACIA_SPRING,Dacia Spring 33 kW,33000,139,05:59.9,6.9,11.2,340,NNW,4.77223558894866,-134.78016761283982,167,70,,,,4.0,134.0,29.0,0,152,15,25,4
06:23.8,,,66,,98.5,,,,,,,11,-2.2279112000000003,43.166332,414.15918,29.74880910688927,06:24.0,6,-0.163,0101000020E6100000D8ED791FC3D201C02111855C4A954540,20230418_DACIA_ANDOAIN_AZPEITIA_011,,d4,33:01.3,13:56.6,DACIA_SPRING,Dacia Spring 33 kW,33000,139,05:59.9,6.9,11.2,340,NNW,5.342854417988693,-131.50770510939208,167,70,,,,4.0,134.0,29.0,0,152,15,40,4
06:29.4,,,66,,98.5,,,,,,,11,-2.2284174,43.16576,406.693,29.824878781215478,06:29.0,6,0.37,0101000020E61000001AE86F7CCCD301C0DE31A79137954540,20230418_DACIA_ANDOAIN_AZPEITIA_011,,d4,33:01.3,13:56.6,DACIA_SPRING,Dacia Spring 33 kW,33000,139,05:59.9,6.9,11.2,340,NNW,0.4098058849921537,-157.9030901742711,167,70,,,,4.0,134.0,29.0,0,152,15,40,4
06:35.1,,,66,,98.5,,,,,,,11,-2.2289445,43.165546,404.0474200000001,29.87387629018513,06:35.1,6,0.001,0101000020E6100000E6CAA0DAE0D401C03A6776A330954540,20230418_DACIA_ANDOAIN_AZPEITIA_011,,d4,33:01.3,13:56.6,DACIA_SPRING,Dacia Spring 33 kW,33000,139,05:59.9,6.9,11.2,340,NNW,-8.677594778705707,149.21443351730002,167,70,,,,4.0,134.0,29.0,0,152,15,40,4
06:40.7,,,66,,98.5,,,,,,,11,-2.2294514,43.165848,399.253,29.927175367824397,06:41.1,6,-0.346,0101000020E6100000352FE296EAD501C0CAE40E7A3A954540,20230418_DACIA_ANDOAIN_AZPEITIA_011,,d4,33:01.3,13:56.6,DACIA_SPRING,Dacia Spring 33 kW,33000,139,05:59.9,6.9,11.2,340,NNW,-10.985349797987151,98.76455362360942,167,70,,,,4.0,134.0,29.0,0,152,15,40,4
06:46.5,,,66,,98.5,,,,,,,11,-2.2295308,43.166363,394.63916,29.984986092438007,06:46.2,6,0.28,0101000020E6100000EA29EE4F14D601C04B1384654B954540,20230418_DACIA_ANDOAIN_AZPEITIA_011,,d4,33:01.3,13:56.6,DACIA_SPRING,Dacia Spring 33 kW,33000,139,05:59.9,6.9,11.2,340,NNW,-11.154486379470546,115.1670955371052,167,70,,,,4.0,134.0,29.0,0,152,15,40,4
06:52.2,,,66,,98.5,,,,,,,11,-2.230011,43.167385,386.3802,30.105398918089367,06:52.2,6,0.012,0101000020E6100000DA3012F30FD701C03350D7E26C954540,20230418_DACIA_ANDOAIN_AZPEITIA_011,,d4,33:01.3,13:56.6,DACIA_SPRING,Dacia Spring 33 kW,33000,139,05:59.9,6.9,11.2,340,NNW,-11.154855956964264,115.14605980442776,167,70,,,,4.0,134.0,29.0,0,152,15,40,4
06:57.7,,,66,,98.5,,,,,,,11,-2.230364,43.168137,381.83868,30.19389909542578,06:57.4,6,0.276,0101000020E6100000CFF62A2AC9D701C0D4584E8485954540,20230418_DACIA_ANDOAIN_AZPEITIA_011,,d4,33:01.3,13:56.6,DACIA_SPRING,Dacia Spring 33 kW,33000,139,05:59.9,6.9,11.2,340,NNW,-11.14495348658236,115.682920264392,167,70,,,,4.0,134.0,29.0,0,152,15,40,4
07:03.7,,,66,,98.5,,,,,,,11,-2.2307165,43.16887,380.04102,30.280291736934497,07:03.3,6,0.4539999999999999,0101000020E61000001D6020E781D801C009A6DC759D954540,20230418_DACIA_ANDOAIN_AZPEITIA_011,,d4,33:01.3,13:56.6,DACIA_SPRING,Dacia Spring 33 kW,33000,139,05:59.9,6.9,11.2,340,NNW,-8.98215082953212,146.68061897767217,167,70,,,,4.0,134.0,29.0,0,152,15,40,4
07:09.4,,,66,,98.5,,,,,,,11,-2.2313828,43.169308,375.02563,30.353209957990032,07:09.2,6,0.19,0101000020E61000004CDE0033DFD901C0B48253DDAB954540,20230418_DACIA_ANDOAIN_AZPEITIA_011,,d4,33:01.3,13:56.6,DACIA_SPRING,Dacia Spring 33 kW,33000,139,05:59.9,6.9,11.2,340,NNW,-3.746628897539797,-179.54337862925536,167,70,,,,4.0,134.0,29.0,0,152,15,40,4
07:15.0,,,66,,98.5,,,,,,,11,-2.2323866000000003,43.1693,370.50677,30.434746689931863,07:15.2,6,-0.134,0101000020E61000008C760570EDDB01C055728897AB954540,20230418_DACIA_ANDOAIN_AZPEITIA_011,,d4,33:01.3,13:56.6,DACIA_SPRING,Dacia Spring 33 kW,33000,139,05:59.9,6.9,11.2,340,NNW,-3.153197476796449,-176.35186888273637,167,70,,,,4.0,134.0,29.0,0,152,15,40,4
07:21.4,,,66,,98.5,,,,,,,11,-2.2334845000000003,43.16923,363.14478,30.524426922405056,07:21.5,6,-0.163,0101000020E6100000F58DE02D2DDE01C08C490368A9954540,20230418_DACIA_ANDOAIN_AZPEITIA_011,,d4,33:01.3,13:56.6,DACIA_SPRING,Dacia Spring 33 kW,33000,139,05:59.9,6.9,11.2,340,NNW,-3.6403457534002017,-178.96744529921048,167,70,,,,4.0,134.0,29.0,0,152,15,40,4
07:27.1,,,66,,98.5,,,,,,,11,-2.2344832,43.169212,356.19708,30.605742068130255,07:27.3,6,-0.204,0101000020E6100000DDE20ABD38E001C02D9C41CFA8954540,20230418_DACIA_ANDOAIN_AZPEITIA_011,,d4,33:01.3,13:56.6,DACIA_SPRING,Dacia Spring 33 kW,33000,139,05:59.9,6.9,11.2,340,NNW,-5.843630007525961,168.55010864848603,167,70,,,,4.0,134.0,29.0,0,152,15,40,4
07:32.7,,,66,,98.5,,,,,,,11,-2.2352386,43.169365,351.4834,30.669496713986085,07:32.3,6,0.375,0101000020E6100000E349FBB4C4E101C0CBF044B5AD954540,20230418_DACIA_ANDOAIN_AZPEITIA_011,,d4,33:01.3,13:56.6,DACIA_SPRING,Dacia Spring 33 kW,33000,139,05:59.9,6.9,11.2,340,NNW,-5.502400712052336,170.57487289321162,167,70,,,,4.0,134.0,29.0,0,152,15,40,4
07:38.4,,,66,,98.5,,,,,,,11,-2.236088,43.169506,346.10535,30.740347658234608,07:38.2,6,0.181,0101000020E61000007C9AB42582E301C0B7B8C667B2954540,20230418_DACIA_ANDOAIN_AZPEITIA_011,,d4,33:01.3,13:56.6,DACIA_SPRING,Dacia Spring 33 kW,33000,139,05:59.9,6.9,11.2,340,NNW,-6.172309566229911,166.55755362930034,167,70,,,,4.0,134.0,29.0,0,152,15,40,4
07:44.1,,,66,,98.5,,,,,,,11,-2.2369666,43.169716,341.6388,30.81546197506967,07:44.3,6,-0.209,0101000020E6100000A8ED15CC4EE501C0A7FABE4DB9954540,20230418_DACIA_ANDOAIN_AZPEITIA_011,,d4,33:01.3,13:56.6,DACIA_SPRING,Dacia Spring 33 kW,33000,139,05:59.9,6.9,11.2,340,NNW,-6.063611622183107,167.22142219233064,167,70,,,,4.0,134.0,29.0,0,152,15,40,4
07:49.7,,,66,,98.5,,,,,,,11,-2.2376897,43.16988,337.20935,30.87703329303417,07:49.3,6,0.37,0101000020E6100000222F73D3C9E601C02D2C8FA0BE954540,20230418_DACIA_ANDOAIN_AZPEITIA_011,,d4,33:01.3,13:56.6,DACIA_SPRING,Dacia Spring 33 kW,33000,139,05:59.9,6.9,11.2,340,NNW,-10.38539530214801,131.98721249571952,167,70,,,,4.0,134.0,29.0,0,152,15,40,4
07:55.2,,,66,,98.5,,,,,,,11,-2.2381325,43.170372,330.15424,30.942853113835156,07:55.3,6,-0.099,0101000020E6100000B75859F4B1E701C0BA54BECACE954540,20230418_DACIA_ANDOAIN_AZPEITIA_011,,d4,33:01.3,13:56.6,DACIA_SPRING,Dacia Spring 33 kW,33000,139,05:59.9,6.9,11.2,340,NNW,-10.680551717221796,92.48166782007397,167,70,,,,4.0,134.0,29.0,0,152,15,40,3
08:00.7,,,66,,98.5,,,,,,,11,-2.238153,43.170845,324.29205,30.99580010818425,08:00.3,6,0.371,0101000020E61000007C23A1CABCE701C03B76AB42DE954540,20230418_DACIA_ANDOAIN_AZPEITIA_011,,d4,33:01.3,13:56.6,DACIA_SPRING,Dacia Spring 33 kW,33000,139,05:59.9,6.9,11.2,340,NNW,-10.609370718084936,128.69017489267452,167,70,,,,4.0,134.0,29.0,0,152,15,25,3
08:06.4,,,66,,98.5,,,,,,,11,-2.2384293,43.17119,320.84924,31.040359980894607,08:06.3,6,0.01,0101000020E6100000CC759EA14DE801C06BE1898BE9954540,20230418_DACIA_ANDOAIN_AZPEITIA_011,,d4,33:01.3,13:56.6,DACIA_SPRING,Dacia Spring 33 kW,33000,139,05:59.9,6.9,11.2,340,NNW,-1.226657765172354,-166.287820198897,167,70,,,,4.0,134.0,29.0,0,152,15,25,3
08:11.9,,,66,,98.5,,,,,,,11,-2.2391875,43.171005,317.0901,31.10530572212207,08:12.4,6,-0.424,0101000020E61000004E7E2824DBE901C0150D2971E3954540,20230418_DACIA_ANDOAIN_AZPEITIA_011,,d4,33:01.3,13:56.6,DACIA_SPRING,Dacia Spring 33 kW,33000,139,05:59.9,6.9,11.2,340,NNW,-0.876203403696402,-164.48697393167464,167,70,,,,4.0,134.0,29.0,0,152,15,40,3
08:17.6,,,66,,98.5,,,,,,,11,-2.239854,43.17082,314.4336,31.16319957399639,08:17.4,6,0.171,0101000020E6100000C54861A438EB01C0712C9C62DD954540,20230418_DACIA_ANDOAIN_AZPEITIA_011,,d4,33:01.3,13:56.6,DACIA_SPRING,Dacia Spring 33 kW,33000,139,05:59.9,6.9,11.2,340,NNW,-0.2035970546539887,-161.04159772446613,167,70,,,,4.0,134.0,29.0,0,152,15,40,3
08:23.4,,,66,,98.5,,,,,,,11,-2.2407477000000005,43.170513,307.94513,31.243574917268607,08:23.4,6,-0.06,0101000020E61000007CE4FF230DED01C0ED770F6DD3954540,20230418_DACIA_ANDOAIN_AZPEITIA_011,,d4,33:01.3,13:56.6,DACIA_SPRING,Dacia Spring 33 kW,33000,139,05:59.9,6.9,11.2,340,NNW,-0.8577949268548316,-164.39251834183048,167,70,,,,4.0,134.0,29.0,0,152,15,25,3
08:28.9,,,66,,98.5,,,,,,,11,-2.2414386000000004,43.17032,302.1021,31.303857945309097,08:28.4,6,0.466,0101000020E61000006453B66177EE01C067821B08CD954540,20230418_DACIA_ANDOAIN_AZPEITIA_011,,d4,33:01.3,13:56.6,DACIA_SPRING,Dacia Spring 33 kW,33000,139,05:59.9,6.9,11.2,340,NNW,-8.19005779477093,153.00827797794787,167,70,,,,4.0,134.0,29.0,0,152,15,25,3
08:34.5,,,66,,98.5,,,,,,,11,-2.2420433,43.170628,296.17078,31.363965822050094,08:34.5,6,0.046,0101000020E61000007A566F60B4EF01C0680C8C1FD7954540,20230418_DACIA_ANDOAIN_AZPEITIA_011,,d4,33:01.3,13:56.6,DACIA_SPRING,Dacia Spring 33 kW,33000,139,10:59.2,6.9,11.2,340,NNW,-5.917288817289533,168.1073543294888,167,70,,,,4.0,134.0,29.0,0,152,15,25,3
08:40.2,,,66,,98.5,,,,,,,11,-2.2426226,43.17075,292.57172,31.412996745182678,08:40.5,6,-0.3329999999999999,0101000020E6100000D35BD120E4F001C05A0AAB25DB954540,20230418_DACIA_ANDOAIN_AZPEITIA_011,,d4,33:01.3,13:56.6,DACIA_SPRING,Dacia Spring 33 kW,33000,139,10:59.2,6.9,11.2,340,NNW,-1.8420044407416571,-169.46613819018188,167,70,,,,4.0,134.0,29.0,0,152,15,25,3
08:45.9,,,66,,98.5,,,,,,,11,-2.2433002,43.170624,287.33563,31.469946959741872,08:45.6,6,0.259,0101000020E61000005310766947F201C068DE79FBD6954540,20230418_DACIA_ANDOAIN_AZPEITIA_011,,d4,33:01.3,13:56.6,DACIA_SPRING,Dacia Spring 33 kW,33000,139,10:59.2,6.9,11.2,340,NNW,-3.6352327631490726,-178.93978934703418,167,70,,,,4.0,134.0,29.0,0,152,15,40,3
08:51.3,,,66,,98.5,,,,,,,11,-2.2440567,43.17061,281.0728,31.53163505168525,08:51.5,6,-0.2339999999999999,0101000020E6100000522AC0FBD3F301C0CE787486D6954540,20230418_DACIA_ANDOAIN_AZPEITIA_011,,d4,33:01.3,13:56.6,DACIA_SPRING,Dacia Spring 33 kW,33000,139,10:59.2,6.9,11.2,340,NNW,2.7619068572701613,-145.72366088843648,167,70,,,,4.0,134.0,29.0,0,152,15,40,3
08:56.8,,,66,,98.5,,,,,,,11,-2.2445629,43.170265,275.8955,31.588059078900198,08:56.6,6,0.206,0101000020E6100000ACE8286ADDF401C0094EBF3CCB954540,20230418_DACIA_ANDOAIN_AZPEITIA_011,,d4,33:01.3,13:56.6,DACIA_SPRING,Dacia Spring 33 kW,33000,139,10:59.2,6.9,11.2,340,NNW,3.0919681572909057,-143.97429500255495,167,70,,,,4.0,134.0,29.0,0,152,15,40,3
09:02.4,,,66,,98.5,,,,,,,11,-2.2449713,43.169968,271.41016,31.635045304690113,09:02.6,6,-0.1939999999999999,0101000020E6100000F20EAE88B3F501C01458637DC1954540,20230418_DACIA_ANDOAIN_AZPEITIA_011,,d4,33:01.3,13:56.6,DACIA_SPRING,Dacia Spring 33 kW,33000,139,10:59.2,6.9,11.2,340,NNW,-7.485052978049192,158.0633673980302,167,70,,,,4.0,134.0,29.0,0,152,15,40,3
09:08.0,,,66,,98.5,,,,,,,11,-2.245453,43.170162,267.31635,31.67985764419166,09:07.6,6,0.396,0101000020E6100000170BA60EB0F601C00BAA78E9C7954540,20230418_DACIA_ANDOAIN_AZPEITIA_011,,d4,33:01.3,13:56.6,DACIA_SPRING,Dacia Spring 33 kW,33000,139,10:59.2,6.9,11.2,340,NNW,-11.195516071471133,108.37866615000614,167,70,,,,4.0,134.0,29.0,0,152,15,40,3
09:13.5,,,66,,98.5,,,,,,,11,-2.2456560000000003,43.170773,261.37518,31.750015849813604,09:13.6,6,-0.093,0101000020E6100000B1B24B8E1AF701C084DA4EDFDB954540,20230418_DACIA_ANDOAIN_AZPEITIA_011,,d4,33:01.3,13:56.6,DACIA_SPRING,Dacia Spring 33 kW,33000,139,10:59.2,6.9,11.2,340,NNW,-11.199953527711884,110.16505390246571,167,70,,,,4.0,134.0,29.0,0,152,15,40,3
09:19.3,,,66,,98.5,,,,,,,11,-2.2458925,43.171417,255.44818,31.82438584650468,09:19.6,6,-0.3229999999999999,0101000020E61000004E04798F96F701C00889DD0CF1954540,20230418_DACIA_ANDOAIN_AZPEITIA_011,,d4,33:01.3,13:56.6,DACIA_SPRING,Dacia Spring 33 kW,33000,139,10:59.2,6.9,11.2,340,NNW,-9.584513876551696,141.15618345144432,167,70,,,,4.0,134.0,29.0,0,152,15,40,3
09:24.8,,,66,,98.5,,,,,,,11,-2.246347,43.171783000000005,250.76941,31.87949178239923,09:24.7,6,0.1669999999999999,0101000020E61000005D8F3EBD84F801C0EA217D07FD954540,20230418_DACIA_ANDOAIN_AZPEITIA_011,,d4,33:01.3,13:56.6,DACIA_SPRING,Dacia Spring 33 kW,33000,139,10:59.2,6.9,11.2,340,NNW,-10.056698128074949,136.1140749540508,167,70,,,,4.0,134.0,29.0,0,152,15,40,3
09:30.4,,,66,,98.5,,,,,,,11,-2.2469053,43.17232,243.55249,31.954773991012107,09:30.7,6,-0.24,0101000020E6100000E50FC481A9F901C0FE737F920E964540,20230418_DACIA_ANDOAIN_AZPEITIA_011,,d4,33:01.3,13:56.6,DACIA_SPRING,Dacia Spring 33 kW,33000,139,10:59.2,6.9,11.2,340,NNW,-11.1954444712005,111.63422834475426,167,70,,,,4.0,134.0,29.0,0,152,15,40,3
09:36.1,,,66,,98.5,,,,,,,11,-2.2471282,43.172882,236.63452,32.02019408314117,09:35.7,6,0.318,0101000020E6100000E5C12F581EFA01C037957F0C21964540,20230418_DACIA_ANDOAIN_AZPEITIA_011,,d4,33:01.3,13:56.6,DACIA_SPRING,Dacia Spring 33 kW,33000,139,10:59.2,6.9,11.2,340,NNW,-10.696831570554966,127.2395048585347,167,70,,,,4.0,134.0,29.0,0,152,15,25,3
09:41.7,,,67,,98.5,,,,,,,11,-2.247601,43.173504,229.88416,32.09956123186675,09:41.7,6,-0.012,0101000020E610000024129E3316FB01C020BF6D5C35964540,20230418_DACIA_ANDOAIN_AZPEITIA_011,,d4,33:01.3,13:56.6,DACIA_SPRING,Dacia Spring 33 kW,33000,139,10:59.2,6.9,11.2,340,NNW,-10.432511520341276,131.33419891772888,167,70,,,,4.0,134.0,29.0,0,152,15,25,3
09:47.3,,,67,,98.5,,,,,,,11,-2.2481868,43.17417,222.42828,32.18785888682591,09:47.7,6,-0.4539999999999999,0101000020E610000028C1346F49FC01C021FB283C4B964540,20230418_DACIA_ANDOAIN_AZPEITIA_011,,d4,33:01.3,13:56.6,DACIA_SPRING,Dacia Spring 33 kW,33000,139,10:59.2,6.9,11.2,340,NNW,-11.128410244933304,116.48165126589996,167,70,,,,4.0,134.0,29.0,0,152,15,40,3
09:52.8,,,67,,98.5,,,,,,,11,-2.2484608,43.17472,216.2514,32.253219776711596,09:52.8,6,0.04,0101000020E6100000EABAA6F6D8FC01C0EEBC644E5D964540,20230418_DACIA_ANDOAIN_AZPEITIA_011,,d4,33:01.3,13:56.6,DACIA_SPRING,Dacia Spring 33 kW,33000,139,10:59.2,6.9,11.2,340,NNW,-9.06346955609164,74.02158308111542,167,70,,,,4.0,134.0,29.0,0,152,15,40,3
09:58.4,,,67,,98.5,,,,,,,11,-2.2483099,43.175247,210.18463,32.31339010324489,09:58.8,6,-0.413,0101000020E61000008432E8DF89FC01C0EB9A3D8E6E964540,20230418_DACIA_ANDOAIN_AZPEITIA_011,,d4,33:01.3,13:56.6,DACIA_SPRING,Dacia Spring 33 kW,33000,139,10:59.2,6.9,11.2,340,NNW,-10.753906167515114,126.22534201675238,167,70,,,,4.0,134.0,29.0,0,152,15,40,3
10:04.0,,,67,,98.5,,,,,,,11,-2.2484696,43.175465,208.79901,32.34090786681727,10:03.8,6,0.161,0101000020E61000001803D29BDDFC01C08E69B7A775964540,20230418_DACIA_ANDOAIN_AZPEITIA_011,,d4,33:01.3,13:56.6,DACIA_SPRING,Dacia Spring 33 kW,33000,139,10:59.2,6.9,11.2,340,NNW,5.3866252234651455,-131.25261981155927,167,70,,,,4.0,134.0,29.0,0,152,15,40,3
10:09.5,,,67,,98.5,,,,,,,11,-2.2488213,43.175064,204.31335,32.394027333074185,10:09.8,6,-0.2789999999999999,0101000020E6100000A19E1DF495FD01C0A128967C68964540,20230418_DACIA_ANDOAIN_AZPEITIA_011,,d4,33:01.3,13:56.6,DACIA_SPRING,Dacia Spring 33 kW,33000,139,10:59.2,6.9,11.2,340,NNW,8.363628447294285,-111.69014951286428,167,70,,,,4.0,134.0,29.0,0,152,15,40,3
10:15.2,,,67,,98.5,,,,,,,11,-2.2490687,43.174442,197.10358,32.46640147884164,10:14.8,6,0.332,0101000020E6100000A63ACBC917FE01C05874CA2754964540,20230418_DACIA_ANDOAIN_AZPEITIA_011,,d4,33:01.3,13:56.6,DACIA_SPRING,Dacia Spring 33 kW,33000,139,10:59.2,6.9,11.2,340,NNW,8.466489474772033,-110.8927282416274,167,70,,,,4.0,134.0,29.0,0,152,15,40,3
10:20.8,,,67,,98.5,,,,,,,11,-2.2493443,43.17372,189.72888,32.55006258293853,10:20.9,6,-0.074,0101000020E61000005CEA394CA8FE01C0176279803C964540,20230418_DACIA_ANDOAIN_AZPEITIA_011,,d4,33:01.3,13:56.6,DACIA_SPRING,Dacia Spring 33 kW,33000,139,10:59.2,6.9,11.2,340,NNW,10.974519898058656,-81.51632841386301,167,70,,,,4.0,134.0,29.0,0,152,15,25,3
10:26.4,,,67,,98.5,,,,,,,11,-2.2492733,43.173244,183.80994,32.603631603814556,10:26.1,6,0.35,0101000020E6100000F955F3FB82FE01C0D714C8EC2C964540,20230418_DACIA_ANDOAIN_AZPEITIA_011,,d4,33:01.3,13:56.6,DACIA_SPRING,Dacia Spring 33 kW,33000,139,10:59.2,6.9,11.2,340,NNW,9.213865506208696,-104.64737527245006,167,70,,,,4.0,134.0,29.0,0,152,15,40,3
10:32.1,,,67,,98.5,,,,,,,11,-2.2494228,43.172672,176.62866,32.668777245094816,10:31.9,6,0.145,0101000020E610000071353664D1FE01C05E2ABA1E1A964540,20230418_DACIA_ANDOAIN_AZPEITIA_011,,d4,33:01.3,13:56.6,DACIA_SPRING,Dacia Spring 33 kW,33000,139,10:59.2,6.9,11.2,340,NNW,6.440607410045843,-124.8965697434554,167,70,,,,4.0,134.0,29.0,0,152,15,40,3
10:37.5,,,67,,98.5,,,,,,,11,-2.2495916,43.17243,170.78351,32.69952865584651,10:37.9,6,-0.408,0101000020E61000001A3A8FED29FF01C080F6E12812964540,20230418_DACIA_ANDOAIN_AZPEITIA_011,,d4,33:01.3,13:56.6,DACIA_SPRING,Dacia Spring 33 kW,33000,139,10:59.2,6.9,11.2,340,NNW,-10.100128778106274,135.60468234574407,167,70,,,,4.0,134.0,29.0,0,152,15,40,3
10:43.2,,,67,,98.5,,,,,,,11,-2.249898,43.17273,165.85645,32.741414785800906,10:43.0,6,0.22,0101000020E6100000BCAFCA85CAFF01C05D2C14021C964540,20230418_DACIA_ANDOAIN_AZPEITIA_011,,d4,33:01.3,13:56.6,DACIA_SPRING,Dacia Spring 33 kW,33000,139,10:59.2,6.9,11.2,340,NNW,-10.013459057814927,136.61220392725664,167,70,,,,4.0,134.0,29.0,0,152,15,8,3
10:48.8,,,67,,98.5,,,,,,,11,-2.250519,43.173317,159.18951,32.8241241462314,10:49.0,6,-0.159,0101000020E6100000E0394A14100102C0531E61412F964540,20230418_DACIA_ANDOAIN_AZPEITIA_011,,d4,33:01.3,13:56.6,DACIA_SPRING,Dacia Spring 33 kW,33000,139,10:59.2,6.9,11.2,340,NNW,-9.898782932129809,137.89335360955369,167,70,,,,4.0,134.0,29.0,0,152,15,8,3
10:54.4,,,67,,98.5,,,,,,,11,-2.251101,43.173843,155.19122,32.899386040067334,10:54.0,6,0.35,0101000020E6100000CDF40137410202C044C4497140964540,20230418_DACIA_ANDOAIN_AZPEITIA_011,,d4,33:01.3,13:56.6,DACIA_SPRING,Dacia Spring 33 kW,33000,139,10:59.2,6.9,11.2,340,NNW,-9.917406182266728,137.68901946441693,167,70,,,,4.0,134.0,29.0,0,152,15,8,3
10:59.9,,,67,,98.5,,,,,,,11,-2.251636,43.17433,150.23462,32.968950336368444,11:00.0,6,-0.115,0101000020E6100000FCF4E9C2590302C09B35DB8950964540,20230418_DACIA_ANDOAIN_AZPEITIA_011,,d4,33:01.3,13:56.6,DACIA_SPRING,Dacia Spring 33 kW,33000,139,10:59.2,6.9,11.2,340,NNW,-11.094292615495547,102.12186436697208,167,70,,,,4.0,134.0,29.0,0,152,15,40,3
11:05.5,,,67,,98.5,,,,,,,11,-2.251729,43.174763,146.53528,33.01782499042073,11:05.1,6,0.3939999999999999,0101000020E6100000E3740E758A0302C070896D9C5E964540,20230418_DACIA_ANDOAIN_AZPEITIA_011,,d4,33:01.3,13:56.6,DACIA_SPRING,Dacia Spring 33 kW,33000,139,10:59.2,6.9,11.2,340,NNW,-10.615784458620746,91.41248643080591,167,70,,,,4.0,134.0,29.0,0,152,15,40,3
11:11.0,,,67,,98.5,,,,,,,11,-2.2517416,43.175274,142.4383,33.07480227224756,11:11.0,6,-0.008,0101000020E6100000C2F33914910302C0CDA476546F964540,20230418_DACIA_ANDOAIN_AZPEITIA_011,,d4,33:01.3,13:56.6,DACIA_SPRING,Dacia Spring 33 kW,33000,139,10:59.2,6.9,11.2,340,NNW,-6.633202752389936,56.31685559867574,167,70,,,,4.0,134.0,29.0,0,152,15,40,2
11:16.7,,,67,,98.5,,,,,,,11,-2.2516142999999995,43.175465,143.09424,33.09842541525652,11:17.1,6,-0.366,0101000020E61000009CD75C5E4E0302C01786029575964540,20230418_DACIA_ANDOAIN_AZPEITIA_011,,d4,33:01.3,13:56.6,DACIA_SPRING,Dacia Spring 33 kW,33000,139,10:59.2,6.9,11.2,340,NNW,-10.672209800729313,127.65955221882732,167,70,,,,4.0,134.0,29.0,0,152,15,55,2
11:22.3,,,67,,98.5,,,,,,,11,-2.2518466,43.175766,141.64612,33.1368592080917,11:22.1,6,0.221,0101000020E6100000ED4FFB10C80302C03C4516827F964540,20230418_DACIA_ANDOAIN_AZPEITIA_011,,d4,33:01.3,13:56.6,DACIA_SPRING,Dacia Spring 33 kW,33000,139,10:59.2,6.9,11.2,340,NNW,0.030864503176708,-159.8421064279397,167,70,,,,4.0,134.0,29.0,0,152,15,8,2
11:27.9,,,67,,98.5,,,,,,,11,-2.2522988,43.1756,140.90558,33.177918488508865,11:28.1,6,-0.225,0101000020E61000000825C443B50402C0BCA950F679964540,20230418_DACIA_ANDOAIN_AZPEITIA_011,,d4,33:01.3,13:56.6,DACIA_SPRING,Dacia Spring 33 kW,33000,139,10:59.2,6.9,11.2,340,NNW,-4.736423343246021,174.982507373854,167,70,,,,4.0,134.0,29.0,0,152,15,55,2
11:33.5,,,67,,98.5,,,,,,,11,-2.2527544,43.17564,139.13733,33.21517185343286,11:33.1,6,0.341,0101000020E6100000AC55BB26A40502C0A979F9637B964540,20230418_DACIA_ANDOAIN_AZPEITIA_011,,d4,33:01.3,13:56.6,DACIA_SPRING,Dacia Spring 33 kW,33000,139,10:59.2,6.9,11.2,340,NNW,-6.964402501372575,161.55071648170042,167,70,,,,4.0,134.0,29.0,0,152,15,55,2
11:39.1,,,67,,98.5,,,,,,,11,-2.2535937,43.17592,139.56519,33.290015193383155,11:39.2,6,-0.079,0101000020E6100000D75E97235C0702C0B6B8088484964540,20230418_DACIA_ANDOAIN_AZPEITIA_011,,d4,33:01.3,13:56.6,DACIA_SPRING,Dacia Spring 33 kW,33000,139,10:59.2,6.9,11.2,340,NNW,-6.951532749775391,161.63473447434666,167,70,,,,4.0,134.0,29.0,0,152,15,8,2
11:47.8,,,67,,98.5,,,,,,,11,-2.2548769,43.176346,139.74835,33.40434390448578,11:48.2,6,-0.355,0101000020E61000007FDD0ADDFC0902C0624C1B8A92964540,20230418_DACIA_ANDOAIN_AZPEITIA_011,,d4,33:01.3,13:56.6,DACIA_SPRING,Dacia Spring 33 kW,33000,139,10:59.2,6.9,11.2,340,NNW,-7.1283387864430825,160.4717333963458,167,70,,,,4.0,134.0,29.0,0,152,15,8,2
11:53.5,,,67,,98.5,,,,,,,11,-2.2555423,43.176582,138.92151,33.464349189541785,11:53.3,6,0.191,0101000020E6100000B45848C8590B02C0F3009A319A964540,20230418_DACIA_ANDOAIN_AZPEITIA_011,,d4,33:01.3,13:56.6,DACIA_SPRING,Dacia Spring 33 kW,33000,139,10:59.2,6.9,11.2,340,NNW,-7.007299140756934,161.26996283753994,167,70,,,,4.0,134.0,29.0,0,152,15,8,2
11:59.0,,,67,,98.5,,,,,,,11,-2.2563622000000003,43.17686,138.8667,33.53766872050935,11:59.3,6,-0.289,0101000020E61000002004CBAE070D02C018ED1251A3964540,20230418_DACIA_ANDOAIN_AZPEITIA_011,,d4,33:01.3,13:56.6,DACIA_SPRING,Dacia Spring 33 kW,33000,139,10:59.2,6.9,11.2,340,NNW,-7.092022162323183,160.71218666391766,167,70,,,,4.0,134.0,29.0,0,152,15,8,2
12:04.5,,,67,,98.5,,,,,,,11,-2.2569337000000003,43.17706,140.29553,33.589090380540334,12:04.3,6,0.204,0101000020E610000039BAC63E330E02C0DF1267E2A9964540,20230418_DACIA_ANDOAIN_AZPEITIA_011,,d4,33:01.3,13:56.6,DACIA_SPRING,Dacia Spring 33 kW,33000,139,10:59.2,6.9,11.2,340,NNW,-7.005032190280628,161.2848273198351,167,70,,,,4.0,134.0,29.0,0,152,15,8,2
12:10.2,,,67,,98.5,,,,,,,11,-2.2577543,43.177338,140.81909,33.66246276100927,12:10.3,6,-0.079,0101000020E6100000516F8078E10F02C0B6B1E102B3964540,20230418_DACIA_ANDOAIN_AZPEITIA_011,,d4,33:01.3,13:56.6,DACIA_SPRING,Dacia Spring 33 kW,33000,139,10:59.2,6.9,11.2,340,NNW,-7.11523677082972,160.55857783977362,167,70,,,,4.0,134.0,29.0,0,152,15,25,2
12:15.8,,,67,,98.5,,,,,,,11,-2.2586184,43.177643,138.69385,33.74033568234568,12:16.3,6,-0.47,0101000020E6100000285F547BA61102C076F83107BD964540,20230418_DACIA_ANDOAIN_AZPEITIA_011,,d4,33:01.3,13:56.6,DACIA_SPRING,Dacia Spring 33 kW,33000,139,10:59.2,6.9,11.2,340,NNW,-8.020711801541596,154.26370754548503,167,70,,,,4.0,134.0,29.0,0,152,15,25,2
12:21.4,,,67,,98.5,,,,,,,11,-2.25922,43.177933,137.45325,33.798825528447686,12:21.4,6,-0.001,0101000020E6100000BC63A9DCE11202C0AC291C83C6964540,20230418_DACIA_ANDOAIN_AZPEITIA_011,,d4,33:01.3,13:56.6,DACIA_SPRING,Dacia Spring 33 kW,33000,139,10:59.2,6.9,11.2,340,NNW,-9.633952316707548,140.6638395084356,167,70,,,,4.0,134.0,29.0,0,152,15,8,2
12:27.0,,,67,,98.5,,,,,,,11,-2.2596068,43.17825,136.54187,33.846016944932025,12:27.4,6,-0.43,0101000020E610000031559BC5AC1302C09B7E3FEBD0964540,20230418_DACIA_ANDOAIN_AZPEITIA_011,,d4,33:01.3,13:56.6,DACIA_SPRING,Dacia Spring 33 kW,33000,139,10:59.2,6.9,11.2,340,NNW,-10.787280721370257,125.60266352449264,167,70,,,,4.0,134.0,29.0,0,152,15,8,2
12:32.5,,,67,,98.5,,,,,,,11,-2.2596426,43.1783,137.2107,33.852324473425085,12:32.4,6,0.166,0101000020E6100000F12FDD7FBF1302C0AC208281D2964540,20230418_DACIA_ANDOAIN_AZPEITIA_011,,d4,33:01.3,13:56.6,DACIA_SPRING,Dacia Spring 33 kW,33000,139,10:59.2,6.9,11.2,340,NNW,-10.982434362466698,121.3117375531998,167,70,,,,4.0,134.0,29.0,0,152,15,65,2
12:38.4,,,67,,98.5,,,,,,,11,-2.25976,43.178493,137.99553999999998,33.875814805915404,12:38.4,6,-0.01,0101000020E6100000F6ADFF08FD1302C0D8FB22DBD8964540,20230418_DACIA_ANDOAIN_AZPEITIA_011,,d4,33:01.3,13:56.6,DACIA_SPRING,Dacia Spring 33 kW,33000,139,10:59.2,6.9,11.2,340,NNW,-6.882555971066092,162.08339022739568,167,70,,,,4.0,134.0,29.0,0,152,15,65,2
12:44.0,,,67,,98.5,,,,,,,11,-2.2602456,43.17865,137.98218,33.91888672348291,12:44.4,6,-0.43,0101000020E6100000D99A8CAEFB1402C094F307FBDD964540,20230418_DACIA_ANDOAIN_AZPEITIA_011,,d4,33:01.3,13:56.6,DACIA_SPRING,Dacia Spring 33 kW,33000,139,10:59.2,6.9,11.2,340,NNW,-8.731658306952538,148.7749038814705,167,70,,,,4.0,134.0,29.0,0,152,15,65,2
12:49.6,,,67,,98.5,,,,,,,11,-2.260625,43.17888,137.11353,33.95890231853913,12:49.4,6,0.16,0101000020E6100000A82FF081C21502C0F6CB0E8EE5964540,20230418_DACIA_ANDOAIN_AZPEITIA_011,,d4,33:01.3,13:56.6,DACIA_SPRING,Dacia Spring 33 kW,33000,139,10:59.2,6.9,11.2,340,NNW,-9.034558424504278,146.229414360975,167,70,,,,4.0,134.0,29.0,0,152,15,25,2
12:55.1,,,67,,98.5,,,,,,,11,-2.2611828,43.179253,136.89508,34.02026993905289,12:55.4,6,-0.3229999999999999,0101000020E6100000789C6007E71602C06C3FD7C6F1964540,20230418_DACIA_ANDOAIN_AZPEITIA_011,,d4,33:01.3,13:56.6,DACIA_SPRING,Dacia Spring 33 kW,33000,139,10:59.2,6.9,11.2,340,NNW,-9.067954219736018,145.93934676605988,167,70,,,,4.0,134.0,29.0,0,152,15,8,2
13:01.0,,,67,,98.5,,,,,,,11,-2.2616162,43.179546,137.04938,34.06819137298874,13:00.5,6,0.555,0101000020E61000009831C34ECA1702C0A3F26558FB964540,20230418_DACIA_ANDOAIN_AZPEITIA_011,,d4,33:01.3,13:56.6,DACIA_SPRING,Dacia Spring 33 kW,33000,139,10:59.2,6.9,11.2,340,NNW,-7.599857664506554,157.26888125075985,167,70,,,,4.0,134.0,29.0,0,152,15,25,2
13:06.7,,,67,,98.5,,,,,,,11,-2.2620912,43.179745,134.82501000000002,34.11266617713422,13:06.5,6,0.191,0101000020E610000019319A32C31802C0ED054DE801974540,20230418_DACIA_ANDOAIN_AZPEITIA_011,,d4,33:01.3,13:56.6,DACIA_SPRING,Dacia Spring 33 kW,33000,139,10:59.2,6.9,11.2,340,NNW,-7.270813886300083,159.52020833292434,167,70,,,,4.0,134.0,29.0,0,152,15,25,2
13:12.3,,,67,,98.5,,,,,,,11,-2.2625196,43.179905,134.00928000000002,34.1517023207088,13:12.5,6,-0.174,0101000020E6100000FA4695DDA31902C0142B9B2007974540,20230418_DACIA_ANDOAIN_AZPEITIA_011,,d4,33:01.3,13:56.6,DACIA_SPRING,Dacia Spring 33 kW,33000,139,10:59.2,6.9,11.2,340,NNW,-9.890297092714697,137.98600483779668,167,70,,,,4.0,134.0,29.0,0,152,15,8,2
13:17.8,,,67,,98.5,,,,,,,11,-2.262685,43.180054,133.37738000000002,34.1730274957382,13:17.5,6,0.33,0101000020E610000098C15AADFA1902C02F5139FD0B974540,20230418_DACIA_ANDOAIN_AZPEITIA_011,,d4,33:01.3,13:56.6,DACIA_SPRING,Dacia Spring 33 kW,33000,139,10:59.2,6.9,11.2,340,NNW,-11.13337460849877,103.74735126125276,167,70,,,,4.0,134.0,29.0,0,152,15,25,2
13:23.5,,,67,,98.5,,,,,,,11,-2.2627513,43.180325,133.9148,34.20364180863432,13:23.5,6,-0.07,0101000020E6100000BBD639611D1A02C0CCAD39D514974540,20230418_DACIA_ANDOAIN_AZPEITIA_011,,d4,33:01.3,13:56.6,DACIA_SPRING,Dacia Spring 33 kW,33000,139,10:59.2,6.9,11.2,340,NNW,-7.621878475656835,62.88467138632638,167,70,,,,4.0,134.0,29.0,0,152,15,25,2
13:29.2,,,67,,98.5,,,,,,,11,-2.2625900000000003,43.18064,132.73401,34.24104899297027,13:29.6,6,-0.3389999999999999,0101000020E6100000E1A9D3C3C81902C03110DB481F974540,20230418_DACIA_ANDOAIN_AZPEITIA_011,,d4,33:01.3,13:56.6,DACIA_SPRING,Dacia Spring 33 kW,33000,139,10:59.2,6.9,11.2,340,NNW,-6.167268304891412,53.411545445579286,167,70,,,,4.0,134.0,29.0,0,152,15,25,2
13:34.7,,,67,,98.5,,,,,,,11,-2.2624638,43.18081,132.38116000000002,34.26254693002869,13:34.6,6,0.156,0101000020E6100000C7A7F8A6861902C03B3387C524974540,20230418_DACIA_ANDOAIN_AZPEITIA_011,,d4,33:01.3,13:56.6,DACIA_SPRING,Dacia Spring 33 kW,33000,139,10:59.2,6.9,11.2,340,NNW,-10.972493188120266,98.43185482187748,167,70,,,,4.0,134.0,29.0,0,152,15,25,2
13:40.5,,,67,,98.5,,,,,,,11,-2.262489,43.18098,132.3266,34.281560257584744,13:40.6,6,-0.094,0101000020E61000003D09AEEA931902C04402A1502A974540,20230418_DACIA_ANDOAIN_AZPEITIA_011,,d4,33:01.3,13:56.6,DACIA_SPRING,Dacia Spring 33 kW,33000,139,10:59.2,6.9,11.2,340,NNW,-6.10127960888834,53.00806680195875,167,70,,,,4.0,134.0,29.0,0,152,15,25,2
13:46.0,,,67,,98.5,,,,,,,11,-2.2624664,43.18101,133.31878999999998,34.28549348491726,13:45.7,6,0.326,0101000020E610000067672CF5871902C0CC64B4652B974540,20230418_DACIA_ANDOAIN_AZPEITIA_011,,d4,33:01.3,13:56.6,DACIA_SPRING,Dacia Spring 33 kW,33000,139,10:59.2,6.9,11.2,340,NNW,9.506340040108338,-101.92073853715564,167,70,,,,4.0,134.0,29.0,0,152,15,25,2
13:51.5,,,67,,98.5,,,,,,,11,-2.2624702,43.180992,129.48718,34.28982732927667,13:51.6,6,-0.064,0101000020E6100000E9C5FD058A1902C01A0D2ABB2A974540,20230418_DACIA_ANDOAIN_AZPEITIA_011,,d4,33:01.3,13:56.6,DACIA_SPRING,Dacia Spring 33 kW,33000,139,10:59.2,6.9,11.2,340,NNW,,,167,70,,,,4.0,134.0,29.0,0,152,15,25,2
