timestamp_data_utc,elv_spy,speed,soc,amb_temp,soh,regenwh,Motor Pwr(w),Aux Pwr(100w),Motor Temp,Torque Nm,rpm,route_id,longitude,latitude,altitude,cumul_dist,timestamp_gps_utc,car_id,time_diff,point_geom,route_code,route_description,driver,start_timestamp,end_timestamp,car_code,car_description,capacity,ref_consumption,timestamp_weather_utc,wind_mph,wind_kph,wind_degree,wind_dir,Frontal_Wind,Veh_deg,totalVehicles,speedAvg,cars_by_speed_interval_0_80,cars_by_speed_interval_80_100,cars_by_speed_interval_100_120,cars_by_speed_interval_0_50,cars_by_speed_interval_50_80,cars_by_speed_interval_80_120,cars_by_speed_interval_120_inf,cars_by_length_interval_0_7,cars_by_length_interval_7_inf,max_speed,radius
30:29.7,,,52,,98.5,,,,,,,9,-1.9834342,43.290115,167.6909,0.0,30:29.8,7,-0.085,0101000020E610000030999B7425BCFFBFB1DEBE8022A54540,20230418_DACIA_DONOSTIA_IRUN_009,,d3,30:26.9,08:11.1,DACIA_SPRING,Dacia Spring 33 kW,33000,139,29:12.8,2.2,3.6,10,N,2.690334455454445,-58.358338030777226,498,96,44.0,222.0,223.0,,,,9,448,50,25,2
30:35.2,,,52,,98.5,,,,,,,9,-1.9832555,43.289825,168.58531000000002,0.035353003228336906,30:34.8,7,0.424,0101000020E6100000C9DEF7106ABBFFBF14310CF618A54540,20230418_DACIA_DONOSTIA_IRUN_009,,d3,30:26.9,08:11.1,DACIA_SPRING,Dacia Spring 33 kW,33000,139,29:12.8,2.2,3.6,10,N,3.3725163947350514,-79.52257640390181,498,96,44.0,222.0,223.0,,,,9,448,50,25,2
30:40.7,,,52,,98.5,,,,,,,9,-1.983161,43.289314000000005,169.66756999999998,0.09269631308837012,30:40.9,7,-0.1669999999999999,0101000020E610000003E2A1F406BBFFBF0FEC0A4A08A54540,20230418_DACIA_DONOSTIA_IRUN_009,,d3,30:26.9,08:11.1,DACIA_SPRING,Dacia Spring 33 kW,33000,139,29:12.8,2.2,3.6,10,N,2.7939514547478077,-60.90465341083839,498,96,44.0,222.0,223.0,,,,9,448,50,25,2
30:46.3,,,52,,98.5,,,,,,,9,-1.9829551,43.288944,169.6909,0.13708560352989818,30:45.9,7,0.4,0101000020E61000009DF1CD282FBAFFBF83D01B21FCA44540,20230418_DACIA_DONOSTIA_IRUN_009,,d3,30:26.9,08:11.1,DACIA_SPRING,Dacia Spring 33 kW,33000,139,29:12.8,2.2,3.6,10,N,2.810226554194483,-61.31723844423294,498,96,44.0,222.0,223.0,,,,9,448,50,25,2
30:51.7,,,52,,98.5,,,,,,,9,-1.9827669,43.2886,169.58739,0.17825832495119454,30:51.9,7,-0.125,0101000020E6100000B18533C369B9FFBFB20222D6F0A44540,20230418_DACIA_DONOSTIA_IRUN_009,,d3,30:26.9,08:11.1,DACIA_SPRING,Dacia Spring 33 kW,33000,139,29:12.8,2.2,3.6,10,N,3.484799559734437,-114.53377482310952,498,96,44.0,222.0,223.0,,,,9,448,50,25,2
30:57.3,,,52,,98.5,,,,,,,9,-1.9829335,43.288235,171.24466,0.22105805338487822,30:56.9,7,0.415,0101000020E610000017221F7418BAFFBF8D10EBD6E4A44540,20230418_DACIA_DONOSTIA_IRUN_009,,d3,30:26.9,08:11.1,DACIA_SPRING,Dacia Spring 33 kW,33000,139,29:12.8,2.2,3.6,10,N,3.088690866106031,-130.9106221243924,498,96,44.0,222.0,223.0,,,,9,448,50,25,2
31:03.0,,,52,,98.5,,,,,,,9,-1.9831848,43.287945,173.11942,0.2592298095167516,31:02.9,7,0.026,0101000020E61000007ABE2BF21FBBFFBF81E33A5EDBA44540,20230418_DACIA_DONOSTIA_IRUN_009,,d3,30:26.9,08:11.1,DACIA_SPRING,Dacia Spring 33 kW,33000,139,29:12.8,2.2,3.6,10,N,3.599731192226228,-100.7001804722639,498,96,44.0,222.0,223.0,,,,9,448,50,25,2
31:08.6,,,52,,98.5,,,,,,,9,-1.9832481,43.28761,175.32587,0.29689549898122186,31:09.0,7,-0.37,0101000020E61000001C594B6A62BBFFBF495DC462D0A44540,20230418_DACIA_DONOSTIA_IRUN_009,,d3,30:26.9,08:11.1,DACIA_SPRING,Dacia Spring 33 kW,33000,139,29:12.8,2.2,3.6,10,N,-1.6890364918589755,17.98087431611914,498,96,44.0,222.0,223.0,,,,9,448,50,25,2
31:15.4,,,52,,98.5,,,,,,,9,-1.982675,43.287796,175.59172,0.3476853306391438,31:15.0,7,0.385,0101000020E6100000606B4C6B09B9FFBFA515F48ED6A44540,20230418_DACIA_DONOSTIA_IRUN_009,,d3,30:26.9,08:11.1,DACIA_SPRING,Dacia Spring 33 kW,33000,139,29:12.8,2.2,3.6,10,N,-1.975389942247025,23.27920469154054,498,96,44.0,222.0,223.0,,,,9,448,50,25,2
31:21.1,,,52,,98.5,,,,,,,9,-1.9820149,43.28808,175.03171,0.40975160360934115,31:21.1,7,-0.01,0101000020E61000005A7CF03655B6FFBF728910B7DFA44540,20230418_DACIA_DONOSTIA_IRUN_009,,d3,30:26.9,08:11.1,DACIA_SPRING,Dacia Spring 33 kW,33000,139,29:12.8,2.2,3.6,10,N,-1.6066110878124498,16.505316832479256,498,96,44.0,222.0,223.0,,,,9,448,50,25,2
31:26.8,,,52,,98.5,,,,,,,9,-1.9811982,43.288322,175.31367,0.48112329794078623,31:27.1,7,-0.2739999999999999,0101000020E6100000283436D7FCB2FFBF23D58CC5E7A44540,20230418_DACIA_DONOSTIA_IRUN_009,,d3,30:26.9,08:11.1,DACIA_SPRING,Dacia Spring 33 kW,33000,139,29:12.8,2.2,3.6,10,N,-1.8357067413706372,20.65840383687034,335,86,,,,1.0,135.0,199.0,0,316,19,25,2
31:32.3,,,52,,98.5,,,,,,,9,-1.9805484,43.288567,174.41031,0.5403617928040151,31:32.2,7,0.125,0101000020E6100000BFD7EA8053B0FFBF750F3EB8EFA44540,20230418_DACIA_DONOSTIA_IRUN_009,,d3,30:26.9,08:11.1,DACIA_SPRING,Dacia Spring 33 kW,33000,139,33:49.8,2.2,3.6,10,N,-3.1715340468858413,51.76101051912149,335,86,,,,1.0,135.0,199.0,0,316,19,25,2
31:37.9,,,52,,98.5,,,,,,,9,-1.9800417,43.28921,170.89525,0.6228624151825027,31:38.2,7,-0.256,0101000020E61000004201664340AEFFBF1F081CE304A54540,20230418_DACIA_DONOSTIA_IRUN_009,,d3,30:26.9,08:11.1,DACIA_SPRING,Dacia Spring 33 kW,33000,139,33:49.8,2.2,3.6,10,N,-3.557912559646999,88.7697387592037,335,86,,,,1.0,135.0,199.0,0,316,19,8,2
31:43.9,,,52,,98.5,,,,,,,9,-1.9800286,43.28982,167.26251000000002,0.6907968056961001,31:44.2,7,-0.309,0101000020E6100000CE80038932AEFFBFF15B67EA18A54540,20230418_DACIA_DONOSTIA_IRUN_009,,d3,30:26.9,08:11.1,DACIA_SPRING,Dacia Spring 33 kW,33000,139,33:49.8,2.2,3.6,10,N,-3.578211558208425,86.30694075321905,335,86,,,,1.0,135.0,199.0,0,316,19,25,2
31:49.6,,,52,,98.5,,,,,,,9,-1.9800073,43.29015,165.48877,0.7275744048768031,31:49.2,7,0.385,0101000020E6100000C3403A2B1CAEFFBF595C9EAA23A54540,20230418_DACIA_DONOSTIA_IRUN_009,,d3,30:26.9,08:11.1,DACIA_SPRING,Dacia Spring 33 kW,33000,139,33:49.8,2.2,3.6,10,N,-2.1149256545125272,25.97833841397528,335,86,,,,1.0,135.0,199.0,0,316,19,25,2
31:55.2,,,52,,98.5,,,,,,,9,-1.9795558,43.29037,163.46268,0.7715965863776488,31:55.3,7,-0.091,0101000020E6100000B8217CC842ACFFBF625BA4EA2AA54540,20230418_DACIA_DONOSTIA_IRUN_009,,d3,30:26.9,08:11.1,DACIA_SPRING,Dacia Spring 33 kW,33000,139,33:49.8,2.2,3.6,10,N,1.0805820254446945,-27.46731387840856,335,86,,,,1.0,135.0,199.0,0,316,19,25,2
32:00.8,,,52,,98.5,,,,,,,9,-1.9791249,43.290146,162.30742,0.8144692191550902,32:00.3,7,0.462,0101000020E61000009907E0E37EAAFFBFF055D68823A54540,20230418_DACIA_DONOSTIA_IRUN_009,,d3,30:26.9,08:11.1,DACIA_SPRING,Dacia Spring 33 kW,33000,139,33:49.8,2.2,3.6,10,N,3.009943629925875,-66.73007710994959,335,86,,,,1.0,135.0,199.0,0,316,19,25,2
32:06.3,,,52,,98.5,,,,,,,9,-1.9789374,43.28971,161.47101999999998,0.865276828718405,32:06.3,7,-0.076,0101000020E61000009251FB33BAA9FFBFEE45E94F15A54540,20230418_DACIA_DONOSTIA_IRUN_009,,d3,30:26.9,08:11.1,DACIA_SPRING,Dacia Spring 33 kW,33000,139,33:49.8,2.2,3.6,10,N,2.789989450754872,-60.80476689953468,335,86,,,,1.0,135.0,199.0,0,316,19,25,2
32:12.3,,,52,,98.5,,,,,,,9,-1.9787463,43.289368,159.91458,0.9063601714713613,32:12.3,7,-0.086,0101000020E6100000EA2CA7DEF1A8FFBFB5D7FF040AA54540,20230418_DACIA_DONOSTIA_IRUN_009,,d3,30:26.9,08:11.1,DACIA_SPRING,Dacia Spring 33 kW,33000,139,33:49.8,2.2,3.6,10,N,-1.7828295663241704,19.684946634528792,335,86,,,,1.0,135.0,199.0,0,316,19,55,2
32:17.9,,,52,,98.5,,,,,,,9,-1.9779301,43.28966,156.28543,0.9800595598052809,32:18.4,7,-0.473,0101000020E6100000C5BF9F029AA5FFBF8A09409413A54540,20230418_DACIA_DONOSTIA_IRUN_009,,d3,30:26.9,08:11.1,DACIA_SPRING,Dacia Spring 33 kW,33000,139,33:49.8,2.2,3.6,10,N,-1.998699367063276,23.72409656332116,335,86,,,,1.0,135.0,199.0,0,316,19,25,2
32:24.6,,,52,,98.5,,,,,,,9,-1.9769471,43.290092,152.61855,1.0730706412401536,32:24.4,7,0.1989999999999999,0101000020E6100000FE5CD23993A1FFBF2A8B4DB321A54540,20230418_DACIA_DONOSTIA_IRUN_009,,d3,30:26.9,08:11.1,DACIA_SPRING,Dacia Spring 33 kW,33000,139,33:49.8,2.2,3.6,10,N,-2.058696877150683,24.880048336284588,335,86,,,,1.0,135.0,199.0,0,316,19,25,1
32:30.3,,,52,,98.5,,,,,,,9,-1.9760889,43.290490000000005,149.32967,1.1554972754485386,32:30.5,7,-0.188,0101000020E6100000B2E43D620F9EFFBFB623EAC72EA54540,20230418_DACIA_DONOSTIA_IRUN_009,,d3,30:26.9,08:11.1,DACIA_SPRING,Dacia Spring 33 kW,33000,139,33:49.8,2.2,3.6,10,N,-1.9743049634015184,23.258551824559724,335,86,,,,1.0,135.0,199.0,0,316,19,8,1
32:39.4,,,52,,98.5,,,,,,,9,-1.9753281000000005,43.290817,145.23748999999998,1.227125255588461,32:39.5,7,-0.118,0101000020E6100000C370C196F19AFFBF5B413F7F39A54540,20230418_DACIA_DONOSTIA_IRUN_009,,d3,30:26.9,08:11.1,DACIA_SPRING,Dacia Spring 33 kW,33000,139,33:49.8,2.2,3.6,10,N,-1.9350409137868376,22.51438683046036,335,86,,,,1.0,135.0,199.0,0,316,19,40,1
32:45.0,,,52,,98.5,,,,,,,9,-1.9753088,43.290825,144.74466,1.2289892017563115,32:44.5,7,0.446,0101000020E610000007DF0F51DD9AFFBFF200CFC839A54540,20230418_DACIA_DONOSTIA_IRUN_009,,d3,30:26.9,08:11.1,DACIA_SPRING,Dacia Spring 33 kW,33000,139,33:49.8,2.2,3.6,10,N,-0.898877592418487,4.459063431938167,335,86,,,,1.0,135.0,199.0,0,316,19,40,1
32:50.5,,,52,,98.5,,,,,,,9,-1.9749241,43.290855,144.15518,1.2603093335929398,32:50.5,7,-0.047,0101000020E6100000CFCBE4FC4999FFBF670C4CBC3AA54540,20230418_DACIA_DONOSTIA_IRUN_009,,d3,30:26.9,08:11.1,DACIA_SPRING,Dacia Spring 33 kW,33000,139,33:49.8,2.2,3.6,10,N,-2.7747741553701792,40.42313845991976,335,86,,,,1.0,135.0,199.0,0,316,19,25,1
32:56.1,,,52,,98.5,,,,,,,9,-1.9745895,43.291140000000006,142.96935,1.3020118425465317,32:55.6,7,0.512,0101000020E6100000D602F920EB97FFBFE314AB2F44A54540,20230418_DACIA_DONOSTIA_IRUN_009,,d3,30:26.9,08:11.1,DACIA_SPRING,Dacia Spring 33 kW,33000,139,33:49.8,2.2,3.6,10,N,-2.131444676296801,26.30389505255811,335,86,,,,1.0,135.0,199.0,0,316,19,40,1
33:01.7,,,52,,98.5,,,,,,,9,-1.9739826,43.29144,141.51692,1.3614062149655088,33:01.6,7,0.107,0101000020E6100000682504CB6E95FFBF048AB8E14DA54540,20230418_DACIA_DONOSTIA_IRUN_009,,d3,30:26.9,08:11.1,DACIA_SPRING,Dacia Spring 33 kW,33000,139,33:49.8,2.2,3.6,10,N,-1.9628892050051472,23.041544457330318,335,86,,,,1.0,135.0,199.0,0,316,19,40,1
33:07.3,,,52,,98.5,,,,,,,9,-1.9733478,43.29171,139.38501000000002,1.4209512423570028,33:07.6,7,-0.357,0101000020E6100000273AB016D592FFBF524E8AB356A54540,20230418_DACIA_DONOSTIA_IRUN_009,,d3,30:26.9,08:11.1,DACIA_SPRING,Dacia Spring 33 kW,33000,139,33:49.8,2.2,3.6,10,N,-2.011140073171828,23.96248897531622,335,86,,,,1.0,135.0,199.0,0,316,19,55,1
33:12.8,,,52,,98.5,,,,,,,9,-1.9728168,43.291946,135.845,1.4714307046573327,33:12.7,7,0.162,0101000020E61000005A3B2151A890FFBF23B6D8735EA54540,20230418_DACIA_DONOSTIA_IRUN_009,,d3,30:26.9,08:11.1,DACIA_SPRING,Dacia Spring 33 kW,33000,139,33:49.8,2.2,3.6,10,N,-2.014042587606265,24.01820382672261,335,86,,,,1.0,135.0,199.0,0,316,19,8,1
33:18.3,,,52,,98.5,,,,,,,9,-1.972359,43.29215,134.39737,1.5148992017108502,33:17.8,7,0.503,0101000020E6100000FB01D53DC88EFFBF2432981965A54540,20230418_DACIA_DONOSTIA_IRUN_009,,d3,30:26.9,08:11.1,DACIA_SPRING,Dacia Spring 33 kW,33000,139,33:49.8,2.2,3.6,10,N,-2.385177181217043,31.494581575955856,335,86,,,,1.0,135.0,199.0,0,316,19,8,1
33:24.0,,,52,,98.5,,,,,,,9,-1.9718318,43.292473,132.31505,1.5707107084402017,33:23.7,7,0.303,0101000020E6100000A897987A9F8CFFBF0CCFDECB6FA54540,20230418_DACIA_DONOSTIA_IRUN_009,,d3,30:26.9,08:11.1,DACIA_SPRING,Dacia Spring 33 kW,33000,139,33:49.8,2.2,3.6,10,N,-2.292326486969054,29.55044658761855,335,86,,,,1.0,135.0,199.0,0,316,19,25,1
33:29.6,,,52,,98.5,,,,,,,9,-1.9713485,43.292747,132.18364,1.6202920853154201,33:29.7,7,-0.185,0101000020E6100000F32A61C7A48AFFBF99991DCA78A54540,20230418_DACIA_DONOSTIA_IRUN_009,,d3,30:26.9,08:11.1,DACIA_SPRING,Dacia Spring 33 kW,33000,139,33:49.8,2.2,3.6,10,N,-3.545475379523248,89.98463920159622,335,86,,,,1.0,135.0,199.0,0,316,19,25,1
33:35.1,,,52,,98.5,,,,,,,9,-1.9713484,43.29312,130.87057,1.6617885736302902,33:34.8,7,0.32,0101000020E61000005806C4AEA48AFFBF546E89F384A54540,20230418_DACIA_DONOSTIA_IRUN_009,,d3,30:26.9,08:11.1,DACIA_SPRING,Dacia Spring 33 kW,33000,139,33:49.8,2.2,3.6,10,N,-3.598507156507678,78.34990659566891,335,86,,,,1.0,135.0,199.0,0,316,19,30,1
33:43.1,,,52,,98.5,,,,,,,9,-1.9711783,43.293945,128.32446000000002,1.7545865564025203,33:42.8,7,0.327,0101000020E61000003EABDD39F289FFBFC17EABF79FA54540,20230418_DACIA_DONOSTIA_IRUN_009,,d3,30:26.9,08:11.1,DACIA_SPRING,Dacia Spring 33 kW,33000,139,33:49.8,2.2,3.6,10,N,-0.3938010641090815,-3.719894061031879,335,86,,,,1.0,135.0,199.0,0,316,19,45,1
33:48.8,,,52,,98.5,,,,,,,9,-1.9701324,43.293877,125.775314,1.8396093728437897,33:48.9,7,-0.043,0101000020E6100000CE7A6381A985FFBF5ADBC2B19DA54540,20230418_DACIA_DONOSTIA_IRUN_009,,d3,30:26.9,08:11.1,DACIA_SPRING,Dacia Spring 33 kW,33000,139,33:49.8,2.2,3.6,10,N,-0.6023863937218858,-0.3674101863277043,335,86,,,,1.0,135.0,199.0,0,316,19,45,1
33:55.0,,,52,,98.5,,,,,,,9,-1.9690408,43.29387,123.18818,1.927996908843686,33:54.9,7,0.154,0101000020E61000004E6E85E33081FFBF7DEBF3889DA54540,20230418_DACIA_DONOSTIA_IRUN_009,,d3,30:26.9,08:11.1,DACIA_SPRING,Dacia Spring 33 kW,33000,139,33:49.8,2.2,3.6,10,N,-3.334915229901911,57.87514570332204,335,86,,,,1.0,135.0,199.0,0,316,19,45,1
34:00.6,,,52,,98.5,,,,,,,9,-1.9686245,43.294533,121.30128,2.0090751969462355,34:00.9,7,-0.32,0101000020E6100000F88A5E5D7C7FFFBF75DAA649B3A54540,20230418_DACIA_DONOSTIA_IRUN_009,,d3,30:26.9,08:11.1,DACIA_SPRING,Dacia Spring 33 kW,33000,139,33:49.8,2.2,3.6,10,N,-2.571791324166324,124.40705857410236,335,86,,,,1.0,135.0,199.0,0,316,19,45,1
34:08.0,,,52,,98.5,,,,,,,9,-1.9692457,43.29544,118.85925,2.1217915692223728,34:08.0,7,0.087,0101000020E6100000B7CF21BF0782FFBF2209E1FED0A54540,20230418_DACIA_DONOSTIA_IRUN_009,,d3,30:26.9,08:11.1,DACIA_SPRING,Dacia Spring 33 kW,33000,139,34:12.9,2.2,3.6,10,N,-0.2856731850856417,-5.448584785291954,335,86,,,,1.0,135.0,199.0,0,316,19,8,1
34:14.6,,,52,,98.5,,,,,,,9,-1.9679352,43.295315,114.152664,2.2288617598694787,34:15.0,7,-0.369,0101000020E6100000D02E81ABA97CFFBFA26E2FE9CCA54540,20230418_DACIA_DONOSTIA_IRUN_009,,d3,30:26.9,08:11.1,DACIA_SPRING,Dacia Spring 33 kW,33000,139,34:12.9,2.2,3.6,10,N,-0.3218412051672239,-4.870890261779754,335,86,,,,1.0,135.0,199.0,0,316,19,90,1
34:34.3,,,52,,98.5,,,,,,,9,-1.965999,43.29515,110.93228,2.3866636331739572,34:34.1,7,0.253,0101000020E610000085F2546ABB74FFBF73BC4D72C7A54540,20230418_DACIA_DONOSTIA_IRUN_009,,d3,30:26.9,08:11.1,DACIA_SPRING,Dacia Spring 33 kW,33000,139,34:12.9,2.2,3.6,10,N,-2.8018316877814917,41.10396288174427,335,86,,,,1.0,135.0,199.0,0,316,19,8,1
34:39.9,,,52,,98.5,,,,,,,9,-1.9625353,43.298172,81.75783,2.8252340392596587,34:40.1,7,-0.168,0101000020E6100000B14CAD628B66FFBFEA2F877C2AA64540,20230418_DACIA_DONOSTIA_IRUN_009,,d3,30:26.9,08:11.1,DACIA_SPRING,Dacia Spring 33 kW,33000,139,34:12.9,2.2,3.6,10,N,-3.4444940567267137,63.09809234659436,335,86,,,,1.0,135.0,199.0,0,316,19,8,1
34:45.7,,,52,,98.5,,,,,,,9,-1.9618676,43.299488,66.78891999999999,2.981940753611767,34:46.2,7,-0.441,0101000020E61000003D45004CCF63FFBF3426F19B55A64540,20230418_DACIA_DONOSTIA_IRUN_009,,d3,30:26.9,08:11.1,DACIA_SPRING,Dacia Spring 33 kW,33000,139,34:12.9,2.2,3.6,10,N,-2.437571006362269,32.61767838759257,335,86,,,,1.0,135.0,199.0,0,316,19,8,1
34:51.3,,,52,,98.5,,,,,,,9,-1.9610363,43.30002,63.476944,3.071584562422542,34:51.2,7,0.0819999999999999,0101000020E6100000D46DB6906760FFBF61755A0C67A64540,20230418_DACIA_DONOSTIA_IRUN_009,,d3,30:26.9,08:11.1,DACIA_SPRING,Dacia Spring 33 kW,33000,139,34:12.9,2.2,3.6,10,N,-1.855173124601072,21.01923893988669,335,86,,,,1.0,135.0,199.0,0,316,19,8,1
34:57.0,,,52,,98.5,,,,,,,9,-1.9601957,43.300343,61.55138,3.148533059646285,34:57.2,7,-0.2739999999999999,0101000020E6100000EF45C51EF65CFFBF983222A871A64540,20230418_DACIA_DONOSTIA_IRUN_009,,d3,30:26.9,08:11.1,DACIA_SPRING,Dacia Spring 33 kW,33000,139,34:12.9,2.2,3.6,10,N,-2.2750717149051694,29.195198994702857,335,86,,,,1.0,135.0,199.0,0,316,19,90,1
35:02.5,,,52,,98.5,,,,,,,9,-1.9597465,43.300594,57.18126,3.194570675317506,35:02.3,7,0.268,0101000020E6100000924F992B1F5BFFBF505880E879A64540,20230418_DACIA_DONOSTIA_IRUN_009,,d3,30:26.9,08:11.1,DACIA_SPRING,Dacia Spring 33 kW,33000,139,34:12.9,2.2,3.6,10,N,-2.8337272822896518,41.91963836279666,335,86,,,,1.0,135.0,199.0,0,316,19,40,1
35:08.1,,,52,,98.5,,,,,,,9,-1.9596574,43.300674,53.116314,3.2067215581088546,35:08.3,7,-0.204,0101000020E610000006768BB2C15AFFBFA85F9B8E7CA64540,20230418_DACIA_DONOSTIA_IRUN_009,,d3,30:26.9,08:11.1,DACIA_SPRING,Dacia Spring 33 kW,33000,139,34:12.9,2.2,3.6,10,N,-0.6251334396009492,0.0,335,86,,,,1.0,135.0,199.0,0,316,19,40,1
35:13.6,,,52,,98.5,,,,,,,9,-1.9596556,43.300674,53.77633,3.2073974565867625,35:13.4,7,0.188,0101000020E61000000DACBDE7BF5AFFBFCA1CB9747CA64540,20230418_DACIA_DONOSTIA_IRUN_009,,d3,30:26.9,08:11.1,DACIA_SPRING,Dacia Spring 33 kW,33000,139,34:12.9,2.2,3.6,10,N,-0.6251334396009492,0.0,335,86,,,,1.0,135.0,199.0,0,316,19,40,1
35:19.2,,,52,,98.5,,,,,,,9,-1.9596556,43.300674,53.77633,3.2073974565867625,35:19.3,7,-0.138,0101000020E61000000DACBDE7BF5AFFBFCA1CB9747CA64540,20230418_DACIA_DONOSTIA_IRUN_009,,d3,30:26.9,08:11.1,DACIA_SPRING,Dacia Spring 33 kW,33000,139,34:12.9,2.2,3.6,10,N,-0.6251334396009492,0.0,335,86,,,,1.0,135.0,199.0,0,316,19,40,1
35:24.8,,,52,,98.5,,,,,,,9,-1.9596521,43.300674,54.058685,3.2077973882458073,35:24.4,7,0.395,0101000020E61000000777A623BC5AFFBFDD2632747CA64540,20230418_DACIA_DONOSTIA_IRUN_009,,d3,30:26.9,08:11.1,DACIA_SPRING,Dacia Spring 33 kW,33000,139,34:12.9,2.2,3.6,10,N,-0.6251334396009492,0.0,335,86,,,,1.0,135.0,199.0,0,316,19,40,1
35:30.3,,,52,,98.5,,,,,,,9,-1.9596521,43.300674,54.058685,3.2077973882458073,35:30.5,7,-0.17,0101000020E61000000777A623BC5AFFBFDD2632747CA64540,20230418_DACIA_DONOSTIA_IRUN_009,,d3,30:26.9,08:11.1,DACIA_SPRING,Dacia Spring 33 kW,33000,139,34:12.9,2.2,3.6,10,N,-0.6251334396009492,0.0,335,86,,,,1.0,135.0,199.0,0,316,19,40,1
35:35.9,,,52,,98.5,,,,,,,9,-1.9596521,43.300674,54.058685,3.2077973882458073,35:35.4,7,0.439,0101000020E61000000777A623BC5AFFBFDD2632747CA64540,20230418_DACIA_DONOSTIA_IRUN_009,,d3,30:26.9,08:11.1,DACIA_SPRING,Dacia Spring 33 kW,33000,139,34:12.9,2.2,3.6,10,N,-0.6251334396009492,0.0,335,86,,,,1.0,135.0,199.0,0,316,19,40,1
35:41.5,,,52,,98.5,,,,,,,9,-1.9596521,43.300674,54.058685,3.2077973882458073,35:41.4,7,0.047,0101000020E61000000777A623BC5AFFBFDD2632747CA64540,20230418_DACIA_DONOSTIA_IRUN_009,,d3,30:26.9,08:11.1,DACIA_SPRING,Dacia Spring 33 kW,33000,139,34:12.9,2.2,3.6,10,N,-2.362181113078448,31.00777376625603,335,86,,,,1.0,135.0,199.0,0,316,19,40,1
35:47.1,,,52,,98.5,,,,,,,9,-1.9595373,43.300743,54.507706000000006,3.219854459010019,35:47.5,7,-0.377,0101000020E6100000EFECC9CD435AFFBF1E2B1EC47EA64540,20230418_DACIA_DONOSTIA_IRUN_009,,d3,30:26.9,08:11.1,DACIA_SPRING,Dacia Spring 33 kW,33000,139,34:12.9,2.2,3.6,10,N,-1.545150549122866,15.417339152201892,335,86,,,,1.0,135.0,199.0,0,316,19,40,1
35:52.7,,,52,,98.5,,,,,,,9,-1.959385,43.300785,55.723145,3.2330902199721776,35:52.5,7,0.17,0101000020E6100000713F531FA459FFBFC98C911980A64540,20230418_DACIA_DONOSTIA_IRUN_009,,d3,30:26.9,08:11.1,DACIA_SPRING,Dacia Spring 33 kW,33000,139,34:12.9,2.2,3.6,10,N,-2.115254019997335,25.98479671841746,434,81,,,,1.0,231.0,200.0,2,425,9,40,1
35:58.2,,,52,,98.5,,,,,,,9,-1.9588372,43.301052,53.76830699999999,3.2864793215188786,35:58.5,7,-0.348,0101000020E61000001578B59A6557FFBFD7D079D988A64540,20230418_DACIA_DONOSTIA_IRUN_009,,d3,30:26.9,08:11.1,DACIA_SPRING,Dacia Spring 33 kW,33000,139,34:12.9,2.2,3.6,10,N,-3.3106564818492683,56.871583560026686,434,81,,,,1.0,231.0,200.0,2,425,9,40,1
36:03.7,,,52,,98.5,,,,,,,9,-1.9585233,43.301533,52.59435,3.345701312893915,36:03.6,7,0.132,0101000020E610000034479A881C56FFBF3D8DA8A098A64540,20230418_DACIA_DONOSTIA_IRUN_009,,d3,30:26.9,08:11.1,DACIA_SPRING,Dacia Spring 33 kW,33000,139,34:12.9,2.2,3.6,10,N,-0.5806131807795862,-0.7187166511386013,434,81,,,,1.0,231.0,200.0,2,425,9,40,1
36:09.3,,,52,,98.5,,,,,,,9,-1.957487,43.30152,51.02567,3.4295885362168153,36:09.6,7,-0.318,0101000020E6100000B68777EADD51FFBF642E863298A64540,20230418_DACIA_DONOSTIA_IRUN_009,,d3,30:26.9,08:11.1,DACIA_SPRING,Dacia Spring 33 kW,33000,139,34:12.9,2.2,3.6,10,N,-0.4619755401367698,-2.627099910047362,394,117,1.0,40.0,278.0,,,,75,176,218,60,2
36:14.9,,,52,,98.5,,,,,,,9,-1.9563537,43.301468,50.27705,3.521483320825603,36:14.6,7,0.225,0101000020E610000098580772394DFFBFBEADE17D96A64540,20230418_DACIA_DONOSTIA_IRUN_009,,d3,30:26.9,08:11.1,DACIA_SPRING,Dacia Spring 33 kW,33000,139,34:12.9,2.2,3.6,10,N,-1.1848246003900489,9.215247068810678,382,65,,,,24.0,333.0,25.0,0,332,50,60,1
36:20.7,,,52,,98.5,,,,,,,9,-1.9549237,43.3017,51.048244,3.640045662559444,36:20.7,7,0.025,0101000020E6100000F3547E1E5E47FFBFF6345D1D9EA64540,20230418_DACIA_DONOSTIA_IRUN_009,,d3,30:26.9,08:11.1,DACIA_SPRING,Dacia Spring 33 kW,33000,139,34:12.9,2.2,3.6,10,N,-1.2558991569779006,10.417657083824263,382,65,,,,24.0,333.0,25.0,0,332,50,55,1
36:26.3,,,52,,98.5,,,,,,,9,-1.9539229,43.301884,52.263767,3.7235859304100285,36:26.7,7,-0.42,0101000020E610000079A3E0934443FFBFC07D3210A4A64540,20230418_DACIA_DONOSTIA_IRUN_009,,d3,30:26.9,08:11.1,DACIA_SPRING,Dacia Spring 33 kW,33000,139,34:12.9,2.2,3.6,10,N,-1.3979655530568975,12.850239285650655,382,65,,,,24.0,333.0,25.0,0,332,50,65,1
36:31.9,,,52,,98.5,,,,,,,9,-1.9535459,43.30197,53.20899,3.7555711594951706,36:31.7,7,0.148,0101000020E6100000E220975EB941FFBF1E1A9D08A7A64540,20230418_DACIA_DONOSTIA_IRUN_009,,d3,30:26.9,08:11.1,DACIA_SPRING,Dacia Spring 33 kW,33000,139,38:49.6,2.2,3.6,10,N,-1.2419559461478202,10.181048765867288,382,65,,,,24.0,333.0,25.0,0,332,50,65,1
36:37.4,,,52,,98.5,,,,,,,9,-1.9532118000000005,43.30203,55.198635,3.7834892047815463,36:37.8,7,-0.3929999999999999,0101000020E610000030C22BF25A40FFBFE3018CE8A8A64540,20230418_DACIA_DONOSTIA_IRUN_009,,d3,30:26.9,08:11.1,DACIA_SPRING,Dacia Spring 33 kW,33000,139,38:49.6,2.2,3.6,10,N,-1.1194130254716892,8.11637442822825,382,65,,,,24.0,333.0,25.0,0,332,50,65,1
36:43.2,,,52,,98.5,,,,,,,9,-1.9530365,43.302055,55.908558,3.797962051383664,36:42.8,7,0.429,0101000020E61000001F2BDE3AA33FFFBFFDF69FB7A9A64540,20230418_DACIA_DONOSTIA_IRUN_009,,d3,30:26.9,08:11.1,DACIA_SPRING,Dacia Spring 33 kW,33000,139,38:49.6,2.2,3.6,10,N,-0.1463050897891639,-7.670840722575519,382,65,,,,24.0,333.0,25.0,0,332,50,65,1
36:48.8,,,52,,98.5,,,,,,,9,-1.9525539,43.30199,57.05539,3.8376947317358248,36:48.8,7,0.027,0101000020E61000003F718916A93DFFBF16DE7C9DA7A64540,20230418_DACIA_DONOSTIA_IRUN_009,,d3,30:26.9,08:11.1,DACIA_SPRING,Dacia Spring 33 kW,33000,139,38:49.6,2.2,3.6,10,N,-3.0741613263439875,48.64213364751794,382,65,,,,24.0,333.0,25.0,0,332,50,25,1
36:54.4,,,52,,98.5,,,,,,,9,-1.9522722,43.30231,56.07533000000001,3.879964204847494,36:54.8,7,-0.445,0101000020E61000005F872CC1813CFFBF56C63F17B2A64540,20230418_DACIA_DONOSTIA_IRUN_009,,d3,30:26.9,08:11.1,DACIA_SPRING,Dacia Spring 33 kW,33000,139,38:49.6,2.2,3.6,10,N,-3.025988621616384,112.80150279497332,382,65,,,,24.0,333.0,25.0,0,332,50,8,1
36:59.9,,,52,,98.5,,,,,,,9,-1.9524866,43.30282,55.17376,3.939275045503012,36:59.9,7,0.034,0101000020E610000068DD9E99623DFFBF708A47C7C2A64540,20230418_DACIA_DONOSTIA_IRUN_009,,d3,30:26.9,08:11.1,DACIA_SPRING,Dacia Spring 33 kW,33000,139,38:49.6,2.2,3.6,10,N,-3.59773231337836,82.03376467066273,382,65,,,,24.0,333.0,25.0,0,332,50,25,1
37:05.6,,,52,,98.5,,,,,,,9,-1.9523934,43.303486,56.24880600000001,4.0137216632431,37:05.9,7,-0.321,0101000020E6100000F61566EE003DFFBF540D5498D8A64540,20230418_DACIA_DONOSTIA_IRUN_009,,d3,30:26.9,08:11.1,DACIA_SPRING,Dacia Spring 33 kW,33000,139,38:49.6,2.2,3.6,10,N,-1.6134594044384671,143.3728224911679,382,65,,,,24.0,333.0,25.0,0,332,50,8,1
37:11.1,,,51,,98.5,,,,,,,9,-1.9530754,43.303993,59.919712,4.092698479648525,37:10.9,7,0.195,0101000020E610000060A829F9CB3FFFBF40783348E9A64540,20230418_DACIA_DONOSTIA_IRUN_009,,d3,30:26.9,08:11.1,DACIA_SPRING,Dacia Spring 33 kW,33000,139,38:49.6,2.2,3.6,10,N,-3.49480259667798,93.88520074394287,382,65,,,,24.0,333.0,25.0,0,332,50,8,1
37:16.9,,,51,,98.5,,,,,,,9,-1.9531226,43.304688,64.23865500000001,4.170193721580704,37:17.0,7,-0.1159999999999999,0101000020E61000000033C080FD3FFFBF4E71FBF7FFA64540,20230418_DACIA_DONOSTIA_IRUN_009,,d3,30:26.9,08:11.1,DACIA_SPRING,Dacia Spring 33 kW,33000,139,38:49.6,2.2,3.6,10,N,-2.3054856068335585,29.822598041134256,382,65,,,,24.0,333.0,25.0,0,332,50,8,1
37:22.7,,,51,,98.5,,,,,,,9,-1.9524562,43.30507,67.63381,4.238921871870589,37:23.0,7,-0.357,0101000020E6100000A0B757C6423DFFBF9B388E8E0CA74540,20230418_DACIA_DONOSTIA_IRUN_009,,d3,30:26.9,08:11.1,DACIA_SPRING,Dacia Spring 33 kW,33000,139,38:49.6,2.2,3.6,10,N,-0.6031858220045558,-0.3545046924277352,382,65,,,,24.0,333.0,25.0,0,332,50,25,1
37:28.1,,,51,,98.5,,,,,,,9,-1.9516481,43.305065,73.31267,4.304560107016135,37:28.0,7,0.068,0101000020E6100000E092E25EF339FFBF6EE8775C0CA74540,20230418_DACIA_DONOSTIA_IRUN_009,,d3,30:26.9,08:11.1,DACIA_SPRING,Dacia Spring 33 kW,33000,139,38:49.6,2.2,3.6,10,N,-0.072036152955728,-8.85343249427947,382,65,,,,24.0,333.0,25.0,0,332,50,8,1
37:33.7,,,51,,98.5,,,,,,,9,-1.9503962,43.30487,79.47397600000001,4.408339023135179,37:34.1,7,-0.387,0101000020E61000004A7BDAAFD234FFBF54F6C9F605A74540,20230418_DACIA_DONOSTIA_IRUN_009,,d3,30:26.9,08:11.1,DACIA_SPRING,Dacia Spring 33 kW,33000,139,38:49.6,2.2,3.6,10,N,-0.142639880786321,-7.729221368589871,382,65,,,,24.0,333.0,25.0,0,332,50,8,1
37:39.3,,,50,,98.5,,,,,,,9,-1.9493647,43.30473,84.67468000000001,4.493404627302831,37:39.1,7,0.157,0101000020E61000000B42EC099930FFBF624C635001A74540,20230418_DACIA_DONOSTIA_IRUN_009,,d3,30:26.9,08:11.1,DACIA_SPRING,Dacia Spring 33 kW,33000,139,38:49.6,2.2,3.6,10,N,-1.261690898528861,10.516046384507309,460,101,,,,1.0,14.0,422.0,23,454,6,8,1
37:45.1,,,50,,98.5,,,,,,,9,-1.9481957,43.304947,90.32294,4.591190271724747,37:45.1,7,-0.055,0101000020E61000003BC14342CF2BFFBF69D55A8108A74540,20230418_DACIA_DONOSTIA_IRUN_009,,d3,30:26.9,08:11.1,DACIA_SPRING,Dacia Spring 33 kW,33000,139,38:49.6,2.2,3.6,10,N,-2.6286602945501136,36.90177259649038,460,101,,,,1.0,14.0,422.0,23,454,6,8,1
37:50.6,,,50,,98.5,,,,,,,9,-1.947362,43.305573,96.63214,4.688329728881405,37:50.2,7,0.44,0101000020E610000069F9FA0B6528FFBF5C49DEFB1CA74540,20230418_DACIA_DONOSTIA_IRUN_009,,d3,30:26.9,08:11.1,DACIA_SPRING,Dacia Spring 33 kW,33000,139,38:49.6,2.2,3.6,10,N,-3.410452354314812,61.32460541371464,460,101,,,,1.0,14.0,422.0,23,454,6,8,1
37:56.2,,,50,,98.5,,,,,,,9,-1.9469261,43.30637,101.20594,4.783822799024037,37:56.2,7,-0.0579999999999999,0101000020E6100000E706AD099C26FFBFB99A332437A74540,20230418_DACIA_DONOSTIA_IRUN_009,,d3,30:26.9,08:11.1,DACIA_SPRING,Dacia Spring 33 kW,33000,139,38:49.6,2.2,3.6,10,N,-3.594317936971632,83.21956014217368,394,117,1.0,40.0,278.0,,,,75,176,218,70,1
38:01.8,,,50,,98.5,,,,,,,9,-1.9468399,43.307095,105.11051,4.86483444434508,38:01.5,7,0.307,0101000020E6100000445504944126FFBFB58DFAEA4EA74540,20230418_DACIA_DONOSTIA_IRUN_009,,d3,30:26.9,08:11.1,DACIA_SPRING,Dacia Spring 33 kW,33000,139,38:49.6,2.2,3.6,10,N,-2.7302142911723446,120.67728002186246,394,117,1.0,40.0,278.0,,,,75,176,218,70,1
38:09.2,,,50,,98.5,,,,,,,9,-1.9474349,43.308098,110.47574,4.986429070490458,38:09.3,7,-0.0409999999999999,0101000020E610000012C2AB80B128FFBF68088FB36FA74540,20230418_DACIA_DONOSTIA_IRUN_009,,d3,30:26.9,08:11.1,DACIA_SPRING,Dacia Spring 33 kW,33000,139,38:49.6,2.2,3.6,10,N,-1.9442765561254136,137.31113145280074,394,117,1.0,40.0,278.0,,,,75,176,218,40,1
38:14.8,,,50,,98.5,,,,,,,9,-1.9475509,43.308205,111.11065,5.0015967697424895,38:14.3,7,0.49,0101000020E6100000DED874142B29FFBF360C494A73A74540,20230418_DACIA_DONOSTIA_IRUN_009,,d3,30:26.9,08:11.1,DACIA_SPRING,Dacia Spring 33 kW,33000,139,38:49.6,2.2,3.6,10,N,-2.5608588787704347,124.65516393388955,394,117,1.0,40.0,278.0,,,,75,176,218,40,1
38:20.9,,,50,,98.5,,,,,,,9,-1.9483908,43.30942,115.542946,5.152892979941246,38:21.3,7,-0.466,0101000020E6100000662A30D99B2CFFBF6608142A9BA74540,20230418_DACIA_DONOSTIA_IRUN_009,,d3,30:26.9,08:11.1,DACIA_SPRING,Dacia Spring 33 kW,33000,139,38:49.6,2.2,3.6,10,N,-3.5999514270022006,80.29763522061718,394,117,1.0,40.0,278.0,,,,75,176,218,40,1
38:26.5,,,50,,98.5,,,,,,,9,-1.9483207,43.30983,110.26136,5.1991369699827645,38:26.4,7,0.1639999999999999,0101000020E6100000C7EB6B6F522CFFBF472F0187A8A74540,20230418_DACIA_DONOSTIA_IRUN_009,,d3,30:26.9,08:11.1,DACIA_SPRING,Dacia Spring 33 kW,33000,139,38:49.6,2.2,3.6,10,N,-2.737143823414002,39.49221616193756,394,117,1.0,40.0,278.0,,,,75,176,218,40,1
38:32.0,,,50,,98.5,,,,,,,9,-1.9479142,43.310165000000005,108.324554,5.248867425345609,38:32.4,7,-0.375,0101000020E6100000F969561CA82AFFBF95822771B3A74540,20230418_DACIA_DONOSTIA_IRUN_009,,d3,30:26.9,08:11.1,DACIA_SPRING,Dacia Spring 33 kW,33000,139,38:49.6,2.2,3.6,10,N,-2.4365218444768137,32.59499166813724,394,117,1.0,40.0,278.0,,,,75,176,218,40,1
38:37.7,,,50,,98.5,,,,,,,9,-1.9474716,43.310448,105.69764,5.296612437049025,38:37.4,7,0.295,0101000020E6100000B44D4F06D828FFBFAD0AB3B6BCA74540,20230418_DACIA_DONOSTIA_IRUN_009,,d3,30:26.9,08:11.1,DACIA_SPRING,Dacia Spring 33 kW,33000,139,38:49.6,2.2,3.6,10,N,-3.429183449987505,62.27918353115581,394,117,1.0,40.0,278.0,,,,75,176,218,60,1
38:43.4,,,50,,98.5,,,,,,,9,-1.9471952,43.310974,108.10475,5.359276895873743,38:43.5,7,-0.084,0101000020E61000002F9B6B16B627FFBF23A859F7CDA74540,20230418_DACIA_DONOSTIA_IRUN_009,,d3,30:26.9,08:11.1,DACIA_SPRING,Dacia Spring 33 kW,33000,139,38:49.6,2.2,3.6,10,N,-2.488214173108368,33.722843865571534,394,117,1.0,40.0,278.0,,,,75,176,218,40,1
38:49.1,,,50,,98.5,,,,,,,9,-1.9462274,43.31162,104.3199,5.465605233637038,38:49.5,7,-0.434,0101000020E6100000F3B7B358BF23FFBFB978122CE3A74540,20230418_DACIA_DONOSTIA_IRUN_009,,d3,30:26.9,08:11.1,DACIA_SPRING,Dacia Spring 33 kW,33000,139,38:49.6,2.2,3.6,10,N,-2.7912198563386186,40.835763896997584,394,117,1.0,40.0,278.0,,,,75,176,218,45,1
38:54.8,,,50,,98.5,,,,,,,9,-1.9455135,43.312237,100.93718,5.555353248049111,38:54.5,7,0.252,0101000020E6100000CBFC9EB7D220FFBF97BAC45EF7A74540,20230418_DACIA_DONOSTIA_IRUN_009,,d3,30:26.9,08:11.1,DACIA_SPRING,Dacia Spring 33 kW,33000,139,38:49.6,2.2,3.6,10,N,-2.207109963194424,27.81298422779699,409,87,172.0,95.0,116.0,,,,26,339,70,60,1
39:01.4,,,50,,98.5,,,,,,,9,-1.9445164,43.312763,96.711555,5.655087676408823,39:01.6,7,-0.145,0101000020E6100000D7C04332BD1CFFBF2A0504A208A84540,20230418_DACIA_DONOSTIA_IRUN_009,,d3,30:26.9,08:11.1,DACIA_SPRING,Dacia Spring 33 kW,33000,139,39:12.9,2.2,3.6,10,N,0.5796043698748018,-19.265015019346777,409,87,172.0,95.0,116.0,,,,26,339,70,40,1
39:07.3,,,50,,98.5,,,,,,,9,-1.943721,43.312485,94.397766,5.726518525140475,39:07.6,7,-0.293,0101000020E6100000C22D53457B19FFBF9704157CFFA74540,20230418_DACIA_DONOSTIA_IRUN_009,,d3,30:26.9,08:11.1,DACIA_SPRING,Dacia Spring 33 kW,33000,139,39:12.9,2.2,3.6,10,N,1.3944607998316296,-32.78972264161058,409,87,172.0,95.0,116.0,,,,26,339,70,40,1
39:12.9,,,50,,98.5,,,,,,,9,-1.9435192,43.312355,93.10579,5.74836355546364,39:12.6,7,0.262,0101000020E61000008A00BF9DA718FFBF5B5DAE39FBA74540,20230418_DACIA_DONOSTIA_IRUN_009,,d3,30:26.9,08:11.1,DACIA_SPRING,Dacia Spring 33 kW,33000,139,39:12.9,2.2,3.6,10,N,0.940615413952241,-25.146148615126204,409,87,172.0,95.0,116.0,,,,26,339,70,40,1
39:19.0,,,50,,98.5,,,,,,,9,-1.942535,43.311893,91.94996,5.8431337204063665,39:18.7,7,0.325,0101000020E6100000F2C9C29D9F14FFBF7C801F1BECA74540,20230418_DACIA_DONOSTIA_IRUN_009,,d3,30:26.9,08:11.1,DACIA_SPRING,Dacia Spring 33 kW,33000,139,39:12.9,2.2,3.6,10,N,0.6797306014290142,-20.88358195221721,409,87,172.0,95.0,116.0,,,,26,339,70,80,1
39:24.4,,,50,,98.5,,,,,,,9,-1.9411118000000005,43.31135,93.437614,5.973161887355601,39:24.7,7,-0.251,0101000020E610000059C22C32CB0EFFBFF4D79E60DAA74540,20230418_DACIA_DONOSTIA_IRUN_009,,d3,30:26.9,08:11.1,DACIA_SPRING,Dacia Spring 33 kW,33000,139,39:12.9,2.2,3.6,10,N,0.2543044211814126,-14.050754238366189,409,87,172.0,95.0,116.0,,,,26,339,70,80,1
39:30.0,,,50,,98.5,,,,,,,9,-1.9396254,43.310978000000006,95.60276,6.1003594153019,39:29.7,7,0.3,0101000020E6100000C266D2ABB408FFBFAB20E52FCEA74540,20230418_DACIA_DONOSTIA_IRUN_009,,d3,30:26.9,08:11.1,DACIA_SPRING,Dacia Spring 33 kW,33000,139,39:12.9,2.2,3.6,10,N,0.0131370271641289,-10.209082745112882,409,87,172.0,95.0,116.0,,,,26,339,70,25,1
39:35.9,,,50,,98.5,,,,,,,9,-1.9378874,43.310665,97.57927,6.245237877708927,39:35.8,7,0.076,0101000020E61000003081313D9601FFBF900BBBD3C3A74540,20230418_DACIA_DONOSTIA_IRUN_009,,d3,30:26.9,08:11.1,DACIA_SPRING,Dacia Spring 33 kW,33000,139,39:12.9,2.2,3.6,10,N,-0.223561854747903,-6.439611643370776,409,87,172.0,95.0,116.0,,,,26,339,70,30,1
39:41.6,,,50,,98.5,,,,,,,9,-1.9360977,43.310463,98.38564,6.391777437028064,39:41.8,7,-0.218,0101000020E6100000A9D638AE41FAFEBF64EE3E4EBDA74540,20230418_DACIA_DONOSTIA_IRUN_009,,d3,30:26.9,08:11.1,DACIA_SPRING,Dacia Spring 33 kW,33000,139,39:12.9,2.2,3.6,10,N,-0.4068649298660934,-3.510678430230456,409,87,172.0,95.0,116.0,,,,26,339,70,30,1
39:48.3,,,50,,98.5,,,,,,,9,-1.9339787,43.310333,99.29662,6.563838130940933,39:48.8,7,-0.473,0101000020E6100000E6E4DB9B93F1FEBF9F347908B9A74540,20230418_DACIA_DONOSTIA_IRUN_009,,d3,30:26.9,08:11.1,DACIA_SPRING,Dacia Spring 33 kW,33000,139,39:12.9,2.2,3.6,10,N,-0.0283792110072826,-9.548326150533804,409,87,172.0,95.0,116.0,,,,26,339,70,8,1
39:55.6,,,50,,98.5,,,,,,,9,-1.9319158,43.309986,97.381935,6.735162099929004,39:55.8,7,-0.215,0101000020E6100000F6919C8720E9FEBF70C39393ADA74540,20230418_DACIA_DONOSTIA_IRUN_009,,d3,30:26.9,08:11.1,DACIA_SPRING,Dacia Spring 33 kW,33000,139,39:12.9,2.2,3.6,10,N,0.6744130515110872,-20.797412782197146,409,87,172.0,95.0,116.0,,,,26,339,70,25,1
40:01.3,,,50,,98.5,,,,,,,9,-1.9303782,43.309402,95.44758,6.875513385957225,40:00.9,7,0.455,0101000020E6100000139C8738D4E2FEBF047AC2859AA74540,20230418_DACIA_DONOSTIA_IRUN_009,,d3,30:26.9,08:11.1,DACIA_SPRING,Dacia Spring 33 kW,33000,139,39:12.9,2.2,3.6,10,N,1.282647119697881,-30.87257936602186,409,87,172.0,95.0,116.0,,,,26,339,70,8,1
40:07.6,,,50,,98.5,,,,,,,9,-1.9285282,43.308296,92.54296,7.069264881286526,40:07.9,7,-0.304,0101000020E6100000B885265140DBFEBFBBC5A54276A74540,20230418_DACIA_DONOSTIA_IRUN_009,,d3,30:26.9,08:11.1,DACIA_SPRING,Dacia Spring 33 kW,33000,139,39:12.9,2.2,3.6,10,N,1.1874549504416545,-29.259586227474337,409,87,172.0,95.0,116.0,,,,26,339,70,8,1
40:13.2,,,49,,98.5,,,,,,,9,-1.9271663,43.307533,91.37707,7.208343416472409,40:12.9,7,0.252,0101000020E61000005BF67860ACD5FEBFF130DB3D5DA74540,20230418_DACIA_DONOSTIA_IRUN_009,,d3,30:26.9,08:11.1,DACIA_SPRING,Dacia Spring 33 kW,33000,139,39:12.9,2.2,3.6,10,N,0.2980433507355997,-14.748942822967074,409,87,172.0,95.0,116.0,,,,26,339,70,100,1
40:18.7,,,49,,98.5,,,,,,,9,-1.9253316000000005,43.30705,91.95687,7.366215423109692,40:19.0,7,-0.257,0101000020E6100000C58C828328CEFEBF13816A504DA74540,20230418_DACIA_DONOSTIA_IRUN_009,,d3,30:26.9,08:11.1,DACIA_SPRING,Dacia Spring 33 kW,33000,139,39:12.9,2.2,3.6,10,N,-0.4521814700177659,-2.784249232125234,409,87,172.0,95.0,116.0,,,,26,339,70,100,1
40:24.3,,,49,,98.5,,,,,,,9,-1.9237483,43.306973,94.533905,7.494640272729928,40:24.0,7,0.3289999999999999,0101000020E61000007EDBC24BACC7FEBF3BDEA3EC4AA74540,20230418_DACIA_DONOSTIA_IRUN_009,,d3,30:26.9,08:11.1,DACIA_SPRING,Dacia Spring 33 kW,33000,139,39:12.9,2.2,3.6,10,N,-1.0963188663436956,7.730071390523329,409,87,172.0,95.0,116.0,,,,26,339,70,8,2
40:30.0,,,49,,98.5,,,,,,,9,-1.9217592,43.307243,99.103874,7.65842862279055,40:30.0,7,-0.062,0101000020E6100000CF99869C86BFFEBFB0AF76C853A74540,20230418_DACIA_DONOSTIA_IRUN_009,,d3,30:26.9,08:11.1,DACIA_SPRING,Dacia Spring 33 kW,33000,139,39:12.9,2.2,3.6,10,N,-1.893112114969029,21.726457627007058,409,87,172.0,95.0,116.0,,,,26,339,70,100,2
40:35.5,,,48,,98.5,,,,,,,9,-1.9203614,43.3078,102.87118,7.7874339544065165,40:35.0,7,0.497,0101000020E6100000B80AB9EBCCB9FEBF66C7BAFB65A74540,20230418_DACIA_DONOSTIA_IRUN_009,,d3,30:26.9,08:11.1,DACIA_SPRING,Dacia Spring 33 kW,33000,139,39:12.9,2.2,3.6,10,N,-2.037087832102724,24.4618749109387,409,87,172.0,95.0,116.0,,,,26,339,70,45,2
40:41.2,,,48,,98.5,,,,,,,9,-1.9186754,43.308567,105.00518999999998,7.948334283276972,40:41.1,7,0.121,0101000020E6100000DF43C1F0E4B2FEBF50DD69167FA74540,20230418_DACIA_DONOSTIA_IRUN_009,,d3,30:26.9,08:11.1,DACIA_SPRING,Dacia Spring 33 kW,33000,139,39:12.9,2.2,3.6,10,N,-1.1184928290402838,8.100965839832533,409,87,172.0,95.0,116.0,,,,26,339,70,120,2
40:46.9,,,48,,98.5,,,,,,,9,-1.916638,43.308857,109.82451,8.116379880537995,40:47.1,7,-0.181,0101000020E61000007F1CDDA48CAAFEBF4A8AE3AE88A74540,20230418_DACIA_DONOSTIA_IRUN_009,,d3,30:26.9,08:11.1,DACIA_SPRING,Dacia Spring 33 kW,33000,139,39:12.9,2.2,3.6,10,N,-0.3519687748226016,-4.389280016027025,409,87,172.0,95.0,116.0,,,,26,339,70,120,2
40:52.6,,,48,,98.5,,,,,,,9,-1.9145926,43.3087,111.11535,8.2828024471697,40:52.2,7,0.307,0101000020E6100000A4B8BCD02BA2FEBF681D557183A74540,20230418_DACIA_DONOSTIA_IRUN_009,,d3,30:26.9,08:11.1,DACIA_SPRING,Dacia Spring 33 kW,33000,139,39:12.9,2.2,3.6,10,N,-0.4525486368711308,-2.778358901936949,409,87,172.0,95.0,116.0,,,,26,339,70,8,2
40:58.1,,,48,,98.5,,,,,,,9,-1.912532,43.3086,111.27257,8.449902483473737,40:58.2,7,-0.092,0101000020E6100000EB44A413BB99FEBFDF8B543380A74540,20230418_DACIA_DONOSTIA_IRUN_009,,d3,30:26.9,08:11.1,DACIA_SPRING,Dacia Spring 33 kW,33000,139,39:12.9,2.2,3.6,10,N,-0.5133771435313781,-1.8013992344485823,409,87,172.0,95.0,116.0,,,,26,339,70,45,2
41:13.5,,,48,,98.5,,,,,,,9,-1.9072539,43.308434000000005,103.34201,8.877443248503619,41:13.3,7,0.281,0101000020E6100000151EBDAB1C84FEBF0DD08AB57AA74540,20230418_DACIA_DONOSTIA_IRUN_009,,d3,30:26.9,08:11.1,DACIA_SPRING,Dacia Spring 33 kW,33000,139,39:12.9,2.2,3.6,10,N,0.3232338435246468,-15.15136376316415,409,87,172.0,95.0,116.0,,,,26,339,70,8,3
41:20.2,,,48,,98.5,,,,,,,9,-1.9048276,43.307777,99.400215,9.086953684095144,41:20.3,7,-0.1009999999999999,0101000020E6100000360910822C7AFEBF00659D3165A74540,20230418_DACIA_DONOSTIA_IRUN_009,,d3,30:26.9,08:11.1,DACIA_SPRING,Dacia Spring 33 kW,33000,139,39:12.9,2.2,3.6,10,N,0.885498886505292,-24.23927802668074,484,25,,,,481.0,3.0,0.0,0,419,65,8,2
41:25.9,,,48,,98.5,,,,,,,9,-1.9029686,43.30694,98.17822,9.263843288332554,41:26.3,7,-0.4539999999999999,0101000020E610000060A3814D8F72FEBF8BA06BC949A74540,20230418_DACIA_DONOSTIA_IRUN_009,,d3,30:26.9,08:11.1,DACIA_SPRING,Dacia Spring 33 kW,33000,139,39:12.9,2.2,3.6,10,N,1.0166078628223738,-26.402963386825064,484,25,,,,481.0,3.0,0.0,0,419,65,45,2
41:31.3,,,48,,98.5,,,,,,,9,-1.9015385,43.30623,99.67687,9.403935052982826,41:31.4,7,-0.04,0101000020E6100000B9AE1CADB36CFEBF5F4C997232A74540,20230418_DACIA_DONOSTIA_IRUN_009,,d3,30:26.9,08:11.1,DACIA_SPRING,Dacia Spring 33 kW,33000,139,43:49.6,2.2,3.6,9,N,0.4196392756918172,-15.693984631483824,484,25,,,,481.0,3.0,0.0,0,419,65,45,2
41:36.8,,,48,,98.5,,,,,,,9,-1.9000437,43.30581,100.89992,9.533597970180395,41:36.4,7,0.441,0101000020E6100000B071F2339466FEBF76CBB8B324A74540,20230418_DACIA_DONOSTIA_IRUN_009,,d3,30:26.9,08:11.1,DACIA_SPRING,Dacia Spring 33 kW,33000,139,43:49.6,2.2,3.6,9,N,-0.0675984616969581,-7.924073834632445,484,25,,,,481.0,3.0,0.0,0,419,65,45,2
41:43.4,,,48,,98.5,,,,,,,9,-1.897874,43.305508,101.59564,9.7123478641532,41:43.5,7,-0.063,0101000020E6100000ABCAC822B15DFEBFA239EEDC1AA74540,20230418_DACIA_DONOSTIA_IRUN_009,,d3,30:26.9,08:11.1,DACIA_SPRING,Dacia Spring 33 kW,33000,139,43:49.6,2.2,3.6,9,N,0.1946454513355474,-12.09938993538561,484,25,,,,481.0,3.0,0.0,0,419,65,45,2
41:48.9,,,48,,98.5,,,,,,,9,-1.8962693,43.305164000000005,103.31203,9.847723963806772,41:48.5,7,0.47,0101000020E6100000E3F1188D1E57FEBFD797289F0FA74540,20230418_DACIA_DONOSTIA_IRUN_009,,d3,30:26.9,08:11.1,DACIA_SPRING,Dacia Spring 33 kW,33000,139,43:49.6,2.2,3.6,9,N,0.2162334182087462,-12.443534446004362,484,25,,,,481.0,3.0,0.0,0,419,65,45,2
41:54.6,,,48,,98.5,,,,,,,9,-1.8943478,43.30474,102.58177,10.010200493131984,41:54.5,7,0.122,0101000020E6100000AA9AC4933F4FFEBFB3665BC301A74540,20230418_DACIA_DONOSTIA_IRUN_009,,d3,30:26.9,08:11.1,DACIA_SPRING,Dacia Spring 33 kW,33000,139,43:49.6,2.2,3.6,9,N,-0.5809414220754833,0.2865768103761259,484,25,,,,481.0,3.0,0.0,0,419,65,45,2
42:01.0,,,48,,98.5,,,,,,,9,-1.8923485,43.30475,102.394104,10.171984425687032,42:00.5,7,0.4679999999999999,0101000020E6100000B688BB330F47FEBFC350B7F701A74540,20230418_DACIA_DONOSTIA_IRUN_009,,d3,30:26.9,08:11.1,DACIA_SPRING,Dacia Spring 33 kW,33000,139,43:49.6,2.2,3.6,9,N,-1.442850053242592,14.627679641100968,484,25,,,,481.0,3.0,0.0,0,419,65,120,1
42:06.6,,,48,,98.5,,,,,,,9,-1.8904979,43.305233,97.6244,10.33114259943567,42:06.6,7,0.064,0101000020E6100000AB590EC17A3FFEBFF41975D111A74540,20230418_DACIA_DONOSTIA_IRUN_009,,d3,30:26.9,08:11.1,DACIA_SPRING,Dacia Spring 33 kW,33000,139,43:49.6,2.2,3.6,9,N,-2.164320958440679,27.955908834283743,484,25,,,,481.0,3.0,0.0,0,419,65,120,1
42:12.1,,,48,,98.5,,,,,,,9,-1.8889095,43.306076,92.07328,10.490319035707108,42:12.6,7,-0.5,0101000020E6100000B3A26629F938FEBF02780C7E2DA74540,20230418_DACIA_DONOSTIA_IRUN_009,,d3,30:26.9,08:11.1,DACIA_SPRING,Dacia Spring 33 kW,33000,139,43:49.6,2.2,3.6,9,N,-2.333926154405798,31.414516237712014,484,25,,,,481.0,3.0,0.0,0,419,65,8,1
42:17.6,,,48,,98.5,,,,,,,9,-1.8875849,43.306885,88.52888,10.630292646351245,42:17.6,7,-0.01,0101000020E61000003C203D3C8C33FEBF5D6BA3F847A74540,20230418_DACIA_DONOSTIA_IRUN_009,,d3,30:26.9,08:11.1,DACIA_SPRING,Dacia Spring 33 kW,33000,139,43:49.6,2.2,3.6,9,N,-1.573954489328905,16.9259764676301,484,25,,,,481.0,3.0,0.0,0,419,65,120,1
42:24.0,,,48,,98.5,,,,,,,9,-1.885656,43.307472,82.37711999999999,10.799580168445509,42:23.6,7,0.348,0101000020E61000003365869FA52BFEBFB2F0764C5BA74540,20230418_DACIA_DONOSTIA_IRUN_009,,d3,30:26.9,08:11.1,DACIA_SPRING,Dacia Spring 33 kW,33000,139,43:49.6,2.2,3.6,9,N,-0.5832622580532494,0.3240066095356304,484,25,,,,481.0,3.0,0.0,0,419,65,40,1
42:29.7,,,48,,98.5,,,,,,,9,-1.883534,43.307484,78.332466,10.971333944623286,42:29.7,7,0.025,0101000020E61000000C3C8D7DF422FEBFCF02079A5BA74540,20230418_DACIA_DONOSTIA_IRUN_009,,d3,30:26.9,08:11.1,DACIA_SPRING,Dacia Spring 33 kW,33000,139,43:49.6,2.2,3.6,9,N,0.1904685893921747,-12.032817810397615,484,25,,,,481.0,3.0,0.0,0,419,65,120,1
42:35.4,,,47,,98.5,,,,,,,9,-1.881512,43.307053,76.45625,11.141829040146195,42:35.7,7,-0.324,0101000020E61000009DC6FA60AC1AFEBFED6CAA8A4DA74540,20230418_DACIA_DONOSTIA_IRUN_009,,d3,30:26.9,08:11.1,DACIA_SPRING,Dacia Spring 33 kW,33000,139,43:49.6,2.2,3.6,9,N,-0.0663405217454036,-7.944098035942921,484,25,,,,481.0,3.0,0.0,0,419,65,120,1
42:41.1,,,47,,98.5,,,,,,,9,-1.8798423,43.30682,77.05791500000001,11.279396555230369,42:40.8,7,0.367,0101000020E610000093DD2871D513FEBF864333E045A74540,20230418_DACIA_DONOSTIA_IRUN_009,,d3,30:26.9,08:11.1,DACIA_SPRING,Dacia Spring 33 kW,33000,139,43:49.6,2.2,3.6,9,N,-1.001202066321202,7.147536451155119,484,25,,,,481.0,3.0,0.0,0,419,65,120,1
42:46.8,,,47,,98.5,,,,,,,9,-1.8777131,43.307087,76.485985,11.454221894250141,42:46.8,7,0.013,0101000020E6100000912118EF1C0BFEBFC467D7974EA74540,20230418_DACIA_DONOSTIA_IRUN_009,,d3,30:26.9,08:11.1,DACIA_SPRING,Dacia Spring 33 kW,33000,139,43:49.6,2.2,3.6,9,N,-1.934808482491656,23.51000006478084,484,25,,,,481.0,3.0,0.0,0,419,65,45,1
42:52.8,,,46,,98.5,,,,,,,9,-1.875881,43.307884,79.36114,11.626959862141588,42:52.8,7,-0.06,0101000020E61000004D1986C99B03FEBF69B709B268A74540,20230418_DACIA_DONOSTIA_IRUN_009,,d3,30:26.9,08:11.1,DACIA_SPRING,Dacia Spring 33 kW,33000,139,43:49.6,2.2,3.6,9,N,-2.9144996971983184,45.0552337033744,484,25,,,,481.0,3.0,0.0,0,419,65,25,1
42:58.9,,,46,,98.5,,,,,,,9,-1.8746374,43.30913,82.576355,11.798223629951986,42:58.8,7,0.0559999999999999,0101000020E61000001943D9B283FEFDBFEC31069991A74540,20230418_DACIA_DONOSTIA_IRUN_009,,d3,30:26.9,08:11.1,DACIA_SPRING,Dacia Spring 33 kW,33000,139,43:49.6,2.2,3.6,9,N,-3.394554662900956,61.54989972680334,484,25,,,,481.0,3.0,0.0,0,419,65,45,1
43:05.8,,,46,,98.5,,,,,,,9,-1.8736892,43.31088,85.947136,12.007419812320562,43:05.9,7,-0.098,0101000020E61000001DBE968DA1FAFDBF618268EDCAA74540,20230418_DACIA_DONOSTIA_IRUN_009,,d3,30:26.9,08:11.1,DACIA_SPRING,Dacia Spring 33 kW,33000,139,43:49.6,2.2,3.6,9,N,-3.0566983688083,49.11205806478396,484,25,,,,481.0,3.0,0.0,0,419,65,120,1
43:12.6,,,46,,98.5,,,,,,,9,-1.8724744,43.312283,87.97555,12.1918182142818,43:12.6,7,0.032,0101000020E6100000DB87B4C4A7F5FDBF5F94C3D4F8A74540,20230418_DACIA_DONOSTIA_IRUN_009,,d3,30:26.9,08:11.1,DACIA_SPRING,Dacia Spring 33 kW,33000,139,43:49.6,2.2,3.6,9,N,-2.6119529705878555,37.51399548086521,484,25,,,,481.0,3.0,0.0,0,419,65,8,1
43:18.3,,,46,,98.5,,,,,,,9,-1.8710533,43.313374,94.63688,12.359094209120334,43:17.9,7,0.382,0101000020E61000001FAB5199D5EFFDBFC95F22981CA84540,20230418_DACIA_DONOSTIA_IRUN_009,,d3,30:26.9,08:11.1,DACIA_SPRING,Dacia Spring 33 kW,33000,139,43:49.6,2.2,3.6,9,N,-2.140776831646108,27.488414528074998,484,25,,,,481.0,3.0,0.0,0,419,65,40,2
43:23.9,,,46,,98.5,,,,,,,9,-1.8694408,43.314213,99.85734,12.519565145555138,43:24.0,7,-0.034,0101000020E61000004F396CBD3AE9FDBF59AD7B1338A84540,20230418_DACIA_DONOSTIA_IRUN_009,,d3,30:26.9,08:11.1,DACIA_SPRING,Dacia Spring 33 kW,33000,139,43:49.6,2.2,3.6,9,N,-1.7262591479284788,19.65382405811688,484,25,,,,481.0,3.0,0.0,0,419,65,40,2
43:29.6,,,46,,98.5,,,,,,,9,-1.8676152,43.314865000000005,106.01765,12.684214958597986,43:30.0,7,-0.415,0101000020E61000009D98F970C0E1FDBF5CE3248D4DA84540,20230418_DACIA_DONOSTIA_IRUN_009,,d3,30:26.9,08:11.1,DACIA_SPRING,Dacia Spring 33 kW,33000,139,43:49.6,2.2,3.6,9,N,-1.2300506092888466,10.9793060297624,484,25,,,,481.0,3.0,0.0,0,419,65,40,2
43:35.4,,,46,,98.5,,,,,,,9,-1.8658369,43.31521,112.834,12.833270233736942,43:35.0,7,0.32,0101000020E61000003CFED0B677DAFDBFF4CCDAB758A84540,20230418_DACIA_DONOSTIA_IRUN_009,,d3,30:26.9,08:11.1,DACIA_SPRING,Dacia Spring 33 kW,33000,139,43:49.6,2.2,3.6,9,N,-0.8362521511967457,4.4320645832329335,484,25,,,,481.0,3.0,0.0,0,419,65,25,2
43:41.4,,,45,,98.5,,,,,,,9,-1.8636436,43.31538,119.8762,13.01186050333368,43:41.1,7,0.364,0101000020E6100000E726050F7CD1FDBFDD5365605EA84540,20230418_DACIA_DONOSTIA_IRUN_009,,d3,30:26.9,08:11.1,DACIA_SPRING,Dacia Spring 33 kW,33000,139,43:49.6,2.2,3.6,9,N,-0.9193180288825564,5.79528050558925,484,25,,,,481.0,3.0,0.0,0,419,65,25,2
43:46.9,,,45,,98.5,,,,,,,9,-1.8614267,43.315605,129.63646,13.19321601233449,43:47.1,7,-0.218,0101000020E6100000F247A76067C8FDBF62F8F9BE65A84540,20230418_DACIA_DONOSTIA_IRUN_009,,d3,30:26.9,08:11.1,DACIA_SPRING,Dacia Spring 33 kW,33000,139,43:49.6,2.2,3.6,9,N,-1.643577017220414,18.16465502541685,484,25,,,,481.0,3.0,0.0,0,419,65,8,2
43:52.4,,,45,,98.5,,,,,,,9,-1.8594395,43.316257,137.19443,13.369739811975698,43:52.2,7,0.191,0101000020E6100000B791E2AD43C0FDBF4A52D3117BA84540,20230418_DACIA_DONOSTIA_IRUN_009,,d3,30:26.9,08:11.1,DACIA_SPRING,Dacia Spring 33 kW,33000,139,43:49.6,2.2,3.6,9,N,-1.376728040720431,13.483940107937384,484,25,,,,481.0,3.0,0.0,0,419,65,8,3
43:57.9,,,45,,98.5,,,,,,,9,-1.8576754,43.31668,144.31243999999998,13.520179619492612,43:58.2,7,-0.353,0101000020E6100000A6699FDC09B9FDBF1BA2290089A84540,20230418_DACIA_DONOSTIA_IRUN_009,,d3,30:26.9,08:11.1,DACIA_SPRING,Dacia Spring 33 kW,33000,139,43:49.6,2.2,3.6,9,N,-0.6873540667103742,2.0071612669764245,484,25,,,,481.0,3.0,0.0,0,419,65,45,3
44:03.4,,,45,,98.5,,,,,,,9,-1.8562487,43.31673,150.88002,13.635923379364591,44:03.2,7,0.179,0101000020E61000002D3FC7D431B3FDBFB4404EAC8AA84540,20230418_DACIA_DONOSTIA_IRUN_009,,d3,30:26.9,08:11.1,DACIA_SPRING,Dacia Spring 33 kW,33000,139,44:12.9,2.2,3.6,9,N,-0.217619572835368,-5.534364056587149,484,25,,,,481.0,3.0,0.0,0,419,65,45,3
44:08.9,,,45,,98.5,,,,,,,9,-1.8546387,43.316574,157.33818,13.767484940210432,44:09.5,7,-0.611,0101000020E61000006402E2A299ACFDBF86C8848A85A84540,20230418_DACIA_DONOSTIA_IRUN_009,,d3,30:26.9,08:11.1,DACIA_SPRING,Dacia Spring 33 kW,33000,139,44:12.9,2.2,3.6,9,N,-0.3866161491489739,-2.834923270611929,484,25,,,,481.0,3.0,0.0,0,419,65,8,3
44:14.5,,,44,,98.5,,,,,,,9,-1.8532453,43.316505,162.74358,13.880604668457831,44:14.3,7,0.212,0101000020E61000002BFBE08FE4A6FDBF2FAA0A3A83A84540,20230418_DACIA_DONOSTIA_IRUN_009,,d3,30:26.9,08:11.1,DACIA_SPRING,Dacia Spring 33 kW,33000,139,44:12.9,2.2,3.6,9,N,-0.9375957243358144,6.09636505042313,484,25,,,,481.0,3.0,0.0,0,419,65,8,3
44:20.2,,,44,,98.5,,,,,,,9,-1.8516068,43.31668,165.80127,14.014619032451932,44:20.3,7,-0.162,0101000020E6100000D3FE677C2EA0FDBFECC82A0E89A84540,20230418_DACIA_DONOSTIA_IRUN_009,,d3,30:26.9,08:11.1,DACIA_SPRING,Dacia Spring 33 kW,33000,139,44:12.9,2.2,3.6,9,N,-1.570733106120927,16.868983115500782,484,25,,,,481.0,3.0,0.0,0,419,65,120,3
44:25.7,,,44,,98.5,,,,,,,9,-1.8502547,43.31709,169.7584,14.133193031090157,44:25.3,7,0.312,0101000020E6100000A705BFAEA49AFDBF54CCEA6D96A84540,20230418_DACIA_DONOSTIA_IRUN_009,,d3,30:26.9,08:11.1,DACIA_SPRING,Dacia Spring 33 kW,33000,139,44:12.9,2.2,3.6,9,N,-1.496784348207243,15.56803250359508,484,25,,,,481.0,3.0,0.0,0,419,65,45,3
44:31.2,,,44,,98.5,,,,,,,9,-1.8484385,43.317596,172.81783,14.290560411541392,44:31.4,7,-0.174,0101000020E610000021522C3C3493FDBFE732AD01A7A84540,20230418_DACIA_DONOSTIA_IRUN_009,,d3,30:26.9,08:11.1,DACIA_SPRING,Dacia Spring 33 kW,33000,139,44:12.9,2.2,3.6,9,N,-0.717541438052931,2.497025768404061,484,25,,,,481.0,3.0,0.0,0,419,65,45,3
44:36.7,,,44,,98.5,,,,,,,9,-1.8467416,43.31767,173.78267,14.42809136205161,44:36.4,7,0.29,0101000020E610000026FC55E1408CFDBFB60A255BA9A84540,20230418_DACIA_DONOSTIA_IRUN_009,,d3,30:26.9,08:11.1,DACIA_SPRING,Dacia Spring 33 kW,33000,139,44:12.9,2.2,3.6,9,N,0.0282019306758544,-9.44885225823368,371,28,,,,342.0,29.0,0.0,0,320,51,45,3
44:42.4,,,44,,98.5,,,,,,,9,-1.8450171,43.317383,174.0806,14.571209375758865,44:42.4,7,-0.037,0101000020E6100000092CC4A83085FDBF73FCD608A0A84540,20230418_DACIA_DONOSTIA_IRUN_009,,d3,30:26.9,08:11.1,DACIA_SPRING,Dacia Spring 33 kW,33000,139,44:12.9,2.2,3.6,9,N,0.1922120285589349,-12.06060478271482,371,28,,,,342.0,29.0,0.0,0,320,51,25,3
44:48.0,,,44,,98.5,,,,,,,9,-1.8440202,43.31717,173.65004,14.655267097794557,44:47.5,7,0.49,0101000020E6100000CFBC4B601B81FDBF0E4BAA0299A84540,20230418_DACIA_DONOSTIA_IRUN_009,,d3,30:26.9,08:11.1,DACIA_SPRING,Dacia Spring 33 kW,33000,139,44:12.9,2.2,3.6,9,N,-0.3419170044295108,-3.5500071029290563,371,28,,,,342.0,29.0,0.0,0,320,51,45,3
44:53.5,,,44,,98.5,,,,,,,9,-1.8430853,43.317112,170.51463,14.731241399366558,44:53.5,7,0.0,0101000020E610000093785D04477DFDBF8BB2D01B97A84540,20230418_DACIA_DONOSTIA_IRUN_009,,d3,30:26.9,08:11.1,DACIA_SPRING,Dacia Spring 33 kW,33000,139,44:12.9,2.2,3.6,9,N,-0.4811770966781282,-1.3188410650222264,371,28,,,,342.0,29.0,0.0,0,320,51,45,3
44:59.0,,,44,,98.5,,,,,,,9,-1.8421297,43.31709,165.33237,14.808763332008603,44:59.5,7,-0.48,0101000020E6100000500D20F25C79FDBFC5E99A5096A84540,20230418_DACIA_DONOSTIA_IRUN_009,,d3,30:26.9,08:11.1,DACIA_SPRING,Dacia Spring 33 kW,33000,139,44:12.9,2.2,3.6,9,N,-0.9217240870528992,5.834890916097588,371,28,,,,342.0,29.0,0.0,0,320,51,120,3
45:04.6,,,44,,98.5,,,,,,,9,-1.8413175,43.317173,161.8483,14.875208191595016,45:04.6,7,0.0139999999999999,0101000020E610000007EB5F550976FDBFCDD6E31099A84540,20230418_DACIA_DONOSTIA_IRUN_009,,d3,30:26.9,08:11.1,DACIA_SPRING,Dacia Spring 33 kW,33000,139,44:12.9,2.2,3.6,9,N,-1.278876530799944,11.808367488826429,371,28,,,,342.0,29.0,0.0,0,320,51,120,3
45:10.1,,,44,,98.5,,,,,,,9,-1.8404613,43.317352,156.79974,14.947455743230615,45:10.6,7,-0.472,0101000020E6100000CE22B6888772FDBF7FCA50F59EA84540,20230418_DACIA_DONOSTIA_IRUN_009,,d3,30:26.9,08:11.1,DACIA_SPRING,Dacia Spring 33 kW,33000,139,44:12.9,2.2,3.6,9,N,-1.5671973400107468,16.80645926543666,371,28,,,,342.0,29.0,0.0,0,320,51,90,3
45:15.7,,,44,,98.5,,,,,,,9,-1.8399713,43.3175,153.81894,14.990481060362985,45:15.6,7,0.088,0101000020E6100000D3FA70BA8570FDBFF23111EDA3A84540,20230418_DACIA_DONOSTIA_IRUN_009,,d3,30:26.9,08:11.1,DACIA_SPRING,Dacia Spring 33 kW,33000,139,44:12.9,2.2,3.6,9,N,-1.73092515895462,19.738484007534268,371,28,,,,342.0,29.0,0.0,0,320,51,90,3
45:21.1,,,44,,98.5,,,,,,,9,-1.8396285,43.317623,150.77727,15.021552398639674,45:20.6,7,0.49,0101000020E6100000BA989B441E6FFDBF0BBEBDDEA7A84540,20230418_DACIA_DONOSTIA_IRUN_009,,d3,30:26.9,08:11.1,DACIA_SPRING,Dacia Spring 33 kW,33000,139,44:12.9,2.2,3.6,9,N,-1.7270907852572666,19.66890824633277,371,28,,,,342.0,29.0,0.0,0,320,51,90,3
45:26.7,,,44,,98.5,,,,,,,9,-1.8391473000000005,43.317795,148.2516,15.064999814532387,45:26.7,7,0.011,0101000020E6100000E30F39C3256DFDBFDEF0D884ADA84540,20230418_DACIA_DONOSTIA_IRUN_009,,d3,30:26.9,08:11.1,DACIA_SPRING,Dacia Spring 33 kW,33000,139,44:12.9,2.2,3.6,9,N,-1.7671879932510193,20.398803079941537,371,28,,,,342.0,29.0,0.0,0,320,51,90,3
45:32.1,,,44,,98.5,,,,,,,9,-1.8387036,43.31796,145.52366999999998,15.105404782757539,45:31.7,7,0.386,0101000020E61000006565BA8E546BFDBFEE0599E2B2A84540,20230418_DACIA_DONOSTIA_IRUN_009,,d3,30:26.9,08:11.1,DACIA_SPRING,Dacia Spring 33 kW,33000,139,44:12.9,2.2,3.6,9,N,-1.682142584416056,18.856702226196013,371,28,,,,342.0,29.0,0.0,0,320,51,90,3
45:37.6,,,44,,98.5,,,,,,,9,-1.8381385,43.318153,143.28757,15.155957686460534,45:37.7,7,-0.151,0101000020E610000003756DE90369FDBFA967E93EB9A84540,20230418_DACIA_DONOSTIA_IRUN_009,,d3,30:26.9,08:11.1,DACIA_SPRING,Dacia Spring 33 kW,33000,139,44:12.9,2.2,3.6,9,N,-1.4384564120129355,14.551376455882927,371,28,,,,342.0,29.0,0.0,0,320,51,90,3
45:44.3,,,44,,98.5,,,,,,,9,-1.8376685,43.318275,141.29523,15.196377512888864,45:44.8,7,-0.437,0101000020E6100000ACC0E12F1767FDBF767EF749BDA84540,20230418_DACIA_DONOSTIA_IRUN_009,,d3,30:26.9,08:11.1,DACIA_SPRING,Dacia Spring 33 kW,33000,139,44:12.9,2.2,3.6,9,N,-1.560169302212025,16.68227847894701,371,28,,,,342.0,29.0,0.0,0,320,51,90,2
45:49.9,,,44,,98.5,,,,,,,9,-1.8374516,43.31834,139.48651,15.215441019883636,45:49.8,7,0.055,0101000020E610000024B14DAB3366FDBF9694B859BFA84540,20230418_DACIA_DONOSTIA_IRUN_009,,d3,30:26.9,08:11.1,DACIA_SPRING,Dacia Spring 33 kW,33000,139,44:12.9,2.2,3.6,9,N,-1.3782185458931548,13.509616154942629,371,28,,,,342.0,29.0,0.0,0,320,51,85,2
45:55.4,,,44,,98.5,,,,,,,9,-1.837077,43.31843,138.1518,15.247383743837037,45:55.8,7,-0.4429999999999999,0101000020E610000071EB81DBAA64FDBF1D7F3F64C2A84540,20230418_DACIA_DONOSTIA_IRUN_009,,d3,30:26.9,08:11.1,DACIA_SPRING,Dacia Spring 33 kW,33000,139,44:12.9,2.2,3.6,9,N,-1.081606393626536,8.484406121528032,371,28,,,,342.0,29.0,0.0,0,320,51,85,2
46:01.0,,,44,,98.5,,,,,,,9,-1.8367083,43.318485,136.55292,15.277874060177448,46:00.9,7,0.106,0101000020E610000026BD86472863FDBF090DC118C4A84540,20230418_DACIA_DONOSTIA_IRUN_009,,d3,30:26.9,08:11.1,DACIA_SPRING,Dacia Spring 33 kW,33000,139,44:12.9,2.2,3.6,9,N,-0.8883554584552589,5.28618771831485,371,28,,,,342.0,29.0,0.0,0,320,51,90,2
46:06.5,,,44,,98.5,,,,,,,9,-1.8364381,43.31851,135.12465,15.299955535903388,46:06.9,7,-0.354,0101000020E6100000C3F637E30C62FDBFA07978E3C4A84540,20230418_DACIA_DONOSTIA_IRUN_009,,d3,30:26.9,08:11.1,DACIA_SPRING,Dacia Spring 33 kW,33000,139,44:12.9,2.2,3.6,9,N,-0.5631640741448317,0.0,371,28,,,,342.0,29.0,0.0,0,320,51,90,2
46:12.1,,,44,,98.5,,,,,,,9,-1.8363756,43.31851,133.41435,15.305293212244905,46:11.9,7,0.133,0101000020E6100000DA94CE51CB61FDBF3D76F3EEC4A84540,20230418_DACIA_DONOSTIA_IRUN_009,,d3,30:26.9,08:11.1,DACIA_SPRING,Dacia Spring 33 kW,33000,139,44:12.9,2.2,3.6,9,N,-2.400853483467432,32.82854181609046,371,28,,,,342.0,29.0,0.0,0,320,51,90,2
46:17.6,,,44,,98.5,,,,,,,9,-1.8363725,43.318512,133.60435,15.305678508059987,46:18.0,7,-0.375,0101000020E61000001D227D21C861FDBFD128510FC5A84540,20230418_DACIA_DONOSTIA_IRUN_009,,d3,30:26.9,08:11.1,DACIA_SPRING,Dacia Spring 33 kW,33000,139,44:12.9,2.2,3.6,9,N,-3.5686421015313,88.56790381628944,371,28,,,,342.0,29.0,0.0,0,320,51,90,2
46:23.1,,,44,,98.5,,,,,,,9,-1.8363718,43.318540000000006,133.37471000000002,15.308800936901708,46:23.0,7,0.15,0101000020E6100000C268CB60C761FDBFCFEA72D9C5A84540,20230418_DACIA_DONOSTIA_IRUN_009,,d3,30:26.9,08:11.1,DACIA_SPRING,Dacia Spring 33 kW,33000,139,44:12.9,2.2,3.6,9,N,-0.5631640741448317,0.0,371,28,,,,342.0,29.0,0.0,0,320,51,90,2
46:28.8,,,44,,98.5,,,,,,,9,-1.8363651,43.318540000000006,133.3995,15.30934353321435,46:29.0,7,-0.2739999999999999,0101000020E6100000DB977B69C061FDBFEEBB5CE1C5A84540,20230418_DACIA_DONOSTIA_IRUN_009,,d3,30:26.9,08:11.1,DACIA_SPRING,Dacia Spring 33 kW,33000,139,44:12.9,2.2,3.6,9,N,-0.5631640741448317,0.0,371,28,,,,342.0,29.0,0.0,0,320,51,90,2
46:34.2,,,44,,98.5,,,,,,,9,-1.8363651,43.318540000000006,133.3995,15.30934353321435,46:34.0,7,0.145,0101000020E6100000DB977B69C061FDBFEEBB5CE1C5A84540,20230418_DACIA_DONOSTIA_IRUN_009,,d3,30:26.9,08:11.1,DACIA_SPRING,Dacia Spring 33 kW,33000,139,48:51.7,2.2,3.6,9,N,-0.5631640741448317,0.0,371,28,,,,342.0,29.0,0.0,0,320,51,90,2
46:39.7,,,44,,98.5,,,,,,,9,-1.8363651,43.318540000000006,133.3995,15.30934353321435,46:40.1,7,-0.363,0101000020E6100000DB977B69C061FDBFEEBB5CE1C5A84540,20230418_DACIA_DONOSTIA_IRUN_009,,d3,30:26.9,08:11.1,DACIA_SPRING,Dacia Spring 33 kW,33000,139,48:51.7,2.2,3.6,9,N,-2.4822794589371826,34.592288618619286,371,28,,,,342.0,29.0,0.0,0,320,51,90,2
46:45.1,,,44,,98.5,,,,,,,9,-1.8363622,43.318542,133.42834,15.30966808026035,46:45.1,7,0.047,0101000020E610000036D84B5FBD61FDBF4F6193F1C5A84540,20230418_DACIA_DONOSTIA_IRUN_009,,d3,30:26.9,08:11.1,DACIA_SPRING,Dacia Spring 33 kW,33000,139,48:51.7,2.2,3.6,9,N,-2.13443053452159,27.362885129862917,371,28,,,,342.0,29.0,0.0,0,320,51,90,2
46:50.7,,,44,,98.5,,,,,,,9,-1.8363023,43.318573,133.99657,15.315642006489451,46:51.2,7,-0.472,0101000020E6100000977E0F7A7E61FDBF179EE0F3C6A84540,20230418_DACIA_DONOSTIA_IRUN_009,,d3,30:26.9,08:11.1,DACIA_SPRING,Dacia Spring 33 kW,33000,139,48:51.7,2.2,3.6,9,N,0.5631640741448314,180.0,371,28,,,,342.0,29.0,0.0,0,320,51,90,2
46:56.1,,,44,,98.5,,,,,,,9,-1.8363037,43.318573,134.28586,15.315952677544399,46:56.2,7,-0.119,0101000020E61000002A1996FA7F61FDBF9412A207C7A84540,20230418_DACIA_DONOSTIA_IRUN_009,,d3,30:26.9,08:11.1,DACIA_SPRING,Dacia Spring 33 kW,33000,139,48:51.7,2.2,3.6,9,N,-0.5631640741448317,0.0,371,28,,,,342.0,29.0,0.0,0,320,51,90,2
47:01.7,,,44,,98.5,,,,,,,9,-1.8363037,43.318573,134.28586,15.315952677544399,47:01.2,7,0.491,0101000020E61000002A1996FA7F61FDBF9412A207C7A84540,20230418_DACIA_DONOSTIA_IRUN_009,,d3,30:26.9,08:11.1,DACIA_SPRING,Dacia Spring 33 kW,33000,139,48:51.7,2.2,3.6,9,N,-0.5631640741448317,0.0,371,28,,,,342.0,29.0,0.0,0,320,51,90,2
47:07.3,,,44,,98.5,,,,,,,9,-1.8362943,43.318573,134.27135,15.3167132751517,47:07.2,7,0.069,0101000020E6100000BE3E7F1B7661FDBF0A75EE0DC7A84540,20230418_DACIA_DONOSTIA_IRUN_009,,d3,30:26.9,08:11.1,DACIA_SPRING,Dacia Spring 33 kW,33000,139,48:51.7,2.2,3.6,9,N,3.078127304886228,-130.23635830392172,371,28,,,,342.0,29.0,0.0,0,320,51,90,2
47:12.8,,,44,,98.5,,,,,,,9,-1.8363053,43.31856,134.36813,15.318413526762956,47:13.3,7,-0.451,0101000020E6100000085C7E9A8161FDBF1BF33EA0C6A84540,20230418_DACIA_DONOSTIA_IRUN_009,,d3,30:26.9,08:11.1,DACIA_SPRING,Dacia Spring 33 kW,33000,139,48:51.7,2.2,3.6,9,N,3.2358783280469336,-124.992020208634,371,28,,,,342.0,29.0,0.0,0,320,51,90,2
47:18.6,,,44,,98.5,,,,,,,9,-1.8363123,43.31855,134.4252,15.319662679816897,47:18.3,7,0.295,0101000020E6100000E00A00F48861FDBF36779A47C6A84540,20230418_DACIA_DONOSTIA_IRUN_009,,d3,30:26.9,08:11.1,DACIA_SPRING,Dacia Spring 33 kW,33000,139,48:51.7,2.2,3.6,9,N,-2.4711209338458984,34.34758020586006,371,28,,,,342.0,29.0,0.0,0,320,51,90,2
47:24.5,,,44,,98.5,,,,,,,9,-1.8362684,43.31858,134.34322,15.324535851371378,47:24.3,7,0.148,0101000020E6100000442813025B61FDBF4FE4463BC7A84540,20230418_DACIA_DONOSTIA_IRUN_009,,d3,30:26.9,08:11.1,DACIA_SPRING,Dacia Spring 33 kW,33000,139,48:51.7,2.2,3.6,9,N,-3.0875427745821957,50.05382605436392,371,28,,,,342.0,29.0,0.0,0,320,51,90,2
47:30.2,,,44,,98.5,,,,,,,9,-1.836255,43.318596,134.55122,15.32662958268172,47:30.4,7,-0.201,0101000020E6100000E6E79FD84C61FDBFB6258CB0C7A84540,20230418_DACIA_DONOSTIA_IRUN_009,,d3,30:26.9,08:11.1,DACIA_SPRING,Dacia Spring 33 kW,33000,139,48:51.7,2.2,3.6,9,N,-3.569005449624957,73.47613256715671,371,28,,,,342.0,29.0,0.0,0,320,51,90,2
47:35.8,,,44,,98.5,,,,,,,9,-1.8362461,43.318626,134.65053999999998,15.330043694228264,47:35.4,7,0.409,0101000020E6100000EE9019994361FDBF4FF7ABB8C8A84540,20230418_DACIA_DONOSTIA_IRUN_009,,d3,30:26.9,08:11.1,DACIA_SPRING,Dacia Spring 33 kW,33000,139,48:51.7,2.2,3.6,9,N,-2.194983476450504,28.56908874496727,371,28,,,,342.0,29.0,0.0,0,320,51,90,2
47:41.5,,,44,,98.5,,,,,,,9,-1.8361102,43.3187,135.3708,15.343795057153253,47:41.4,7,0.0559999999999999,0101000020E61000005138A52AB560FDBF7CABFD16CBA84540,20230418_DACIA_DONOSTIA_IRUN_009,,d3,30:26.9,08:11.1,DACIA_SPRING,Dacia Spring 33 kW,33000,139,48:51.7,2.2,3.6,9,N,1.102011870677179,-26.825221953104123,371,28,,,,342.0,29.0,0.0,0,320,51,90,2
47:47.0,,,44,,98.5,,,,,,,9,-1.8360311,43.31866,136.99815,15.351756248520873,47:47.5,7,-0.497,0101000020E6100000FF126F146260FDBF260587D7C9A84540,20230418_DACIA_DONOSTIA_IRUN_009,,d3,30:26.9,08:11.1,DACIA_SPRING,Dacia Spring 33 kW,33000,139,48:51.7,2.2,3.6,9,N,-0.9255604618893932,5.898063331877478,371,28,,,,342.0,29.0,0.0,0,320,51,90,2
47:52.5,,,44,,98.5,,,,,,,9,-1.8359827,43.318665,137.11024,15.355712661575737,47:52.5,7,0.0409999999999999,0101000020E6100000AB50126D2F60FDBF2DE455F4C9A84540,20230418_DACIA_DONOSTIA_IRUN_009,,d3,30:26.9,08:11.1,DACIA_SPRING,Dacia Spring 33 kW,33000,139,48:51.7,2.2,3.6,9,N,2.499193218150188,-145.03487922731878,371,28,,,,342.0,29.0,0.0,0,320,51,90,2
47:58.0,,,44,,98.5,,,,,,,9,-1.8360113,43.318645,139.30174,15.359598760374833,47:57.6,7,0.3989999999999999,0101000020E610000066CB44664D60FDBF26E1AA6AC9A84540,20230418_DACIA_DONOSTIA_IRUN_009,,d3,30:26.9,08:11.1,DACIA_SPRING,Dacia Spring 33 kW,33000,139,48:51.7,2.2,3.6,9,N,0.0426153407045781,-9.678260053707469,371,28,,,,342.0,29.0,0.0,0,320,51,90,2
48:03.6,,,44,,98.5,,,,,,,9,-1.8359468,43.318634,138.4131,15.365031410831785,48:03.6,7,0.021,0101000020E6100000BE87B9C30960FDBF055819F4C8A84540,20230418_DACIA_DONOSTIA_IRUN_009,,d3,30:26.9,08:11.1,DACIA_SPRING,Dacia Spring 33 kW,33000,139,48:51.7,2.2,3.6,9,N,1.0718444111087375,-26.321586157659844,371,28,,,,342.0,29.0,0.0,0,320,51,90,2
48:09.1,,,44,,98.5,,,,,,,9,-1.8359185,43.31862,137.61876999999998,15.367911691659533,48:08.6,7,0.5,0101000020E6100000F6A23329EC5FFDBF64A3F07BC8A84540,20230418_DACIA_DONOSTIA_IRUN_009,,d3,30:26.9,08:11.1,DACIA_SPRING,Dacia Spring 33 kW,33000,139,48:51.7,2.2,3.6,9,N,0.0065722627296947,-9.104600868177403,371,28,,,,342.0,29.0,0.0,0,320,51,90,2
48:14.8,,,44,,98.5,,,,,,,9,-1.8358873,43.318615,137.22267,15.370526449765139,48:14.6,7,0.236,0101000020E61000009A616E52CB5FFDBF101A716BC8A84540,20230418_DACIA_DONOSTIA_IRUN_009,,d3,30:26.9,08:11.1,DACIA_SPRING,Dacia Spring 33 kW,33000,139,48:51.7,2.2,3.6,9,N,-2.9926332944637246,47.23117458626336,371,28,,,,342.0,29.0,0.0,0,320,51,90,2
48:20.6,,,44,,98.5,,,,,,,9,-1.8358799,43.318623,136.45334,15.3718461380194,48:20.6,7,-0.072,0101000020E610000096FF3195C35FFDBF47E7B0A3C8A84540,20230418_DACIA_DONOSTIA_IRUN_009,,d3,30:26.9,08:11.1,DACIA_SPRING,Dacia Spring 33 kW,33000,139,48:51.7,2.2,3.6,9,N,-0.1594982114578775,-6.460675904653903,371,28,,,,342.0,29.0,0.0,0,320,51,90,2
48:30.1,,,44,,98.5,,,,,,,9,-1.8357651,43.31861,136.0061,15.38125589879767,48:29.7,7,0.38,0101000020E6100000DADFF2374B5FFDBF1EF33641C8A84540,20230418_DACIA_DONOSTIA_IRUN_009,,d3,30:26.9,08:11.1,DACIA_SPRING,Dacia Spring 33 kW,33000,139,48:51.7,2.2,3.6,9,N,-0.8742277678928154,5.054282114488013,371,28,,,,342.0,29.0,0.0,0,320,51,90,2
48:50.9,,,44,,98.5,,,,,,,9,-1.8354259,43.31864,131.69148,15.409233832636891,48:50.8,7,0.064,0101000020E610000037069B80E75DFDBF6B2C863EC9A84540,20230418_DACIA_DONOSTIA_IRUN_009,,d3,30:26.9,08:11.1,DACIA_SPRING,Dacia Spring 33 kW,33000,139,48:51.7,2.2,3.6,9,N,-0.8616544693860055,4.848089365609591,371,28,,,,342.0,29.0,0.0,0,320,51,90,2
48:57.2,,,44,,98.5,,,,,,,9,-1.835308,43.31865,131.9272,15.418839410606363,48:56.8,7,0.391,0101000020E6100000C119BBD66B5DFDBF46B0F078C9A84540,20230418_DACIA_DONOSTIA_IRUN_009,,d3,30:26.9,08:11.1,DACIA_SPRING,Dacia Spring 33 kW,33000,139,48:51.7,2.2,3.6,9,N,-0.1917434786053026,-5.946863047423934,371,28,,,,342.0,29.0,0.0,0,320,51,90,2
49:03.0,,,44,,98.5,,,,,,,9,-1.83526,43.318645,132.13422,15.422767659354264,49:02.9,7,0.153,0101000020E6100000FB78789A395DFDBF67835951C9A84540,20230418_DACIA_DONOSTIA_IRUN_009,,d3,30:26.9,08:11.1,DACIA_SPRING,Dacia Spring 33 kW,33000,139,49:13.0,2.2,3.6,9,N,-0.5631640741448317,0.0,371,28,,,,342.0,29.0,0.0,0,320,51,90,2
49:08.6,,,44,,98.5,,,,,,,9,-1.8352077,43.318645,132.17119,15.426998881350109,49:08.9,7,-0.2339999999999999,0101000020E6100000ED27DCC8025DFDBF114C0765C9A84540,20230418_DACIA_DONOSTIA_IRUN_009,,d3,30:26.9,08:11.1,DACIA_SPRING,Dacia Spring 33 kW,33000,139,49:13.0,2.2,3.6,9,N,-0.4160021270708361,-2.3642962484665606,371,28,,,,342.0,29.0,0.0,0,320,51,90,2
49:14.5,,,44,,98.5,,,,,,,9,-1.8350866,43.31864,132.4375,15.43681522577724,49:14.9,7,-0.425,0101000020E6100000EA488CCD835CFDBF1171CE35C9A84540,20230418_DACIA_DONOSTIA_IRUN_009,,d3,30:26.9,08:11.1,DACIA_SPRING,Dacia Spring 33 kW,33000,139,49:13.0,2.2,3.6,9,N,-0.4742352939250176,-1.4303090434103525,371,28,,,,342.0,29.0,0.0,0,320,51,90,2
49:21.0,,,44,,98.5,,,,,,,9,-1.8350065,43.318638,132.28937,15.443300808673875,49:21.0,7,0.074,0101000020E610000091B6FFBA2F5CFDBF41A93819C9A84540,20230418_DACIA_DONOSTIA_IRUN_009,,d3,30:26.9,08:11.1,DACIA_SPRING,Dacia Spring 33 kW,33000,139,49:13.0,2.2,3.6,9,N,-0.7804038955933732,3.519910058094796,371,28,,,,342.0,29.0,0.0,0,320,51,90,2
49:26.7,,,44,,98.5,,,,,,,9,-1.8348927,43.318645,132.20271,15.452540460120282,49:27.0,7,-0.288,0101000020E610000039E96382B85BFDBFF434A253C9A84540,20230418_DACIA_DONOSTIA_IRUN_009,,d3,30:26.9,08:11.1,DACIA_SPRING,Dacia Spring 33 kW,33000,139,49:13.0,2.2,3.6,9,N,-0.5631640741448317,0.0,371,28,,,,342.0,29.0,0.0,0,320,51,90,2
49:32.2,,,44,,98.5,,,,,,,9,-1.8347623,43.318645,132.23651,15.463089850534834,49:32.0,7,0.242,0101000020E6100000D6D7B2BB2F5BFDBF7EB3E85DC9A84540,20230418_DACIA_DONOSTIA_IRUN_009,,d3,30:26.9,08:11.1,DACIA_SPRING,Dacia Spring 33 kW,33000,139,49:13.0,2.2,3.6,9,N,-0.9983175607049304,7.099748355236124,371,28,,,,342.0,29.0,0.0,0,320,51,8,2
49:39.5,,,44,,98.5,,,,,,,9,-1.8341762,43.318718,131.50235,15.511200600718727,49:39.0,7,0.4629999999999999,0101000020E61000002C056516C958FDBF1D8F18C0CBA84540,20230418_DACIA_DONOSTIA_IRUN_009,,d3,30:26.9,08:11.1,DACIA_SPRING,Dacia Spring 33 kW,33000,139,49:13.0,2.2,3.6,9,N,-1.0303572399971856,7.631210275202715,371,28,,,,342.0,29.0,0.0,0,320,51,45,2
49:45.2,,,44,,98.5,,,,,,,9,-1.833191,43.31885,130.30536,15.592251992468546,49:45.1,7,0.1159999999999999,0101000020E610000026D59B20C054FDBF7FD42D2DD0A84540,20230418_DACIA_DONOSTIA_IRUN_009,,d3,30:26.9,08:11.1,DACIA_SPRING,Dacia Spring 33 kW,33000,139,49:13.0,2.2,3.6,9,N,-1.1331186960354536,9.346035676618774,371,28,,,,342.0,29.0,0.0,0,320,51,45,2
49:50.8,,,44,,98.5,,,,,,,9,-1.8320001,43.319046,128.04697,15.6910552470241,49:51.1,7,-0.308,0101000020E6100000F02C246CDF4FFDBF5F48E376D6A84540,20230418_DACIA_DONOSTIA_IRUN_009,,d3,30:26.9,08:11.1,DACIA_SPRING,Dacia Spring 33 kW,33000,139,49:13.0,2.2,3.6,9,N,-1.2537472888168275,11.38111748290062,371,28,,,,342.0,29.0,0.0,0,320,51,45,2
49:56.4,,,44,,98.5,,,,,,,9,-1.8306538,43.319317,124.01796000000002,15.804133276056998,49:56.1,7,0.294,0101000020E6100000BF03A7AC5B4AFDBF44FB6453DFA84540,20230418_DACIA_DONOSTIA_IRUN_009,,d3,30:26.9,08:11.1,DACIA_SPRING,Dacia Spring 33 kW,33000,139,49:13.0,2.2,3.6,9,N,-1.4766072877216605,15.215432147772068,371,28,,,,342.0,29.0,0.0,0,320,51,85,2
50:02.1,,,44,,98.5,,,,,,,9,-1.82865,43.319862,118.669876,15.977277701581041,50:02.2,7,-0.035,0101000020E6100000050825762642FDBFB9F75149F1A84540,20230418_DACIA_DONOSTIA_IRUN_009,,d3,30:26.9,08:11.1,DACIA_SPRING,Dacia Spring 33 kW,33000,139,49:13.0,2.2,3.6,9,N,-2.336906220025641,31.476839349586164,371,28,,,,342.0,29.0,0.0,0,320,51,120,2
50:07.8,,,44,,98.5,,,,,,,9,-1.8270918,43.320816,114.881035,16.142071727107904,50:08.3,7,-0.522,0101000020E6100000D138A191C43BFDBFC2F6CE7710A94540,20230418_DACIA_DONOSTIA_IRUN_009,,d3,30:26.9,08:11.1,DACIA_SPRING,Dacia Spring 33 kW,33000,139,49:13.0,2.2,3.6,9,N,-2.9577378860556207,46.24466471313091,371,28,,,,342.0,29.0,0.0,0,320,51,25,2
50:13.3,,,44,,98.5,,,,,,,9,-1.8260472,43.321907,110.486755,16.2899813955734,50:13.2,7,0.0579999999999999,0101000020E6100000E191003B7D37FDBFBBE6AD3834A94540,20230418_DACIA_DONOSTIA_IRUN_009,,d3,30:26.9,08:11.1,DACIA_SPRING,Dacia Spring 33 kW,33000,139,49:13.0,2.2,3.6,9,N,-2.7074675815925096,39.770383499341,371,28,,,,342.0,29.0,0.0,0,320,51,25,2
50:19.5,,,44,,98.5,,,,,,,9,-1.8245249,43.323174,105.03,16.47717910314159,50:19.3,7,0.2769999999999999,0101000020E610000090424C044131FDBF6B7152C75DA94540,20230418_DACIA_DONOSTIA_IRUN_009,,d3,30:26.9,08:11.1,DACIA_SPRING,Dacia Spring 33 kW,33000,139,49:13.0,2.2,3.6,9,N,-1.877726227476793,22.439007658791432,371,28,,,,342.0,29.0,0.0,0,320,51,8,1
50:25.1,,,44,,98.5,,,,,,,9,-1.8226216,43.32396,98.77846,16.65433063028468,50:25.3,7,-0.209,0101000020E61000000CCB56347529FDBFEBDCE28677A94540,20230418_DACIA_DONOSTIA_IRUN_009,,d3,30:26.9,08:11.1,DACIA_SPRING,Dacia Spring 33 kW,33000,139,49:13.0,2.2,3.6,9,N,-1.2671385350153896,11.608647806915036,371,28,,,,342.0,29.0,0.0,0,320,51,25,1
50:30.6,,,44,,98.5,,,,,,,9,-1.8210298,43.324287,94.74311,16.78819152937657,50:30.3,7,0.306,0101000020E61000004E8F0819F022FDBF529E073282A94540,20230418_DACIA_DONOSTIA_IRUN_009,,d3,30:26.9,08:11.1,DACIA_SPRING,Dacia Spring 33 kW,33000,139,49:13.0,2.2,3.6,9,N,-1.2702566888239686,11.661676934581148,371,28,,,,342.0,29.0,0.0,0,320,51,25,1
50:36.2,,,44,,98.5,,,,,,,9,-1.8192371,43.324657,93.70058,16.93893358664398,50:36.3,7,-0.145,0101000020E610000018E2FF60981BFDBF15198C6D8EA94540,20230418_DACIA_DONOSTIA_IRUN_009,,d3,30:26.9,08:11.1,DACIA_SPRING,Dacia Spring 33 kW,33000,139,49:13.0,2.2,3.6,9,N,-1.5649843028049653,16.767342353207727,371,28,,,,342.0,29.0,0.0,0,320,51,25,1
50:41.8,,,44,,98.5,,,,,,,9,-1.817717,43.325115,92.25471,17.072033631655408,50:41.4,7,0.419,0101000020E610000005518B6B5E15FDBFDD3EF0659DA94540,20230418_DACIA_DONOSTIA_IRUN_009,,d3,30:26.9,08:11.1,DACIA_SPRING,Dacia Spring 33 kW,33000,139,49:13.0,2.2,3.6,9,N,-1.8814969834856352,22.509373677858576,371,28,,,,342.0,29.0,0.0,0,320,51,25,1
50:47.4,,,43,,98.5,,,,,,,9,-1.8159482,43.325848,90.75955,17.236706600203725,50:47.4,7,0.005,0101000020E6100000B2F061B81F0EFDBF338B366FB5A94540,20230418_DACIA_DONOSTIA_IRUN_009,,d3,30:26.9,08:11.1,DACIA_SPRING,Dacia Spring 33 kW,33000,139,49:13.0,2.2,3.6,9,N,-2.077779374428431,26.251104842387825,371,28,,,,342.0,29.0,0.0,0,320,51,25,1
50:52.9,,,43,,98.5,,,,,,,9,-1.8144842,43.32657,89.484604,17.379782988315544,50:52.4,7,0.487,0101000020E610000088802A9E2008FDBF8242CF0DCDA94540,20230418_DACIA_DONOSTIA_IRUN_009,,d3,30:26.9,08:11.1,DACIA_SPRING,Dacia Spring 33 kW,33000,139,49:13.0,2.2,3.6,9,N,-1.701419999025509,19.204284511822955,371,28,,,,342.0,29.0,0.0,0,320,51,25,1
50:58.7,,,43,,98.5,,,,,,,9,-1.8126382,43.327213,90.0752,17.545339808212493,50:58.5,7,0.192,0101000020E6100000A5D6DBEB9000FDBFB51ABE18E2A94540,20230418_DACIA_DONOSTIA_IRUN_009,,d3,30:26.9,08:11.1,DACIA_SPRING,Dacia Spring 33 kW,33000,139,49:13.0,2.2,3.6,9,N,-1.172146749540126,10.001706720418063,371,28,,,,342.0,29.0,0.0,0,320,51,8,1
51:04.3,,,43,,98.5,,,,,,,9,-1.8107103,43.327553,89.53944,17.705802373548124,51:04.5,7,-0.2269999999999999,0101000020E61000005006F053ABF8FCBFB0919F48EDA94540,20230418_DACIA_DONOSTIA_IRUN_009,,d3,30:26.9,08:11.1,DACIA_SPRING,Dacia Spring 33 kW,33000,139,49:13.0,2.2,3.6,9,N,-0.7467773289789015,2.9722632137716216,371,28,,,,342.0,29.0,0.0,0,320,51,8,1
51:09.9,,,43,,98.5,,,,,,,9,-1.8090925,43.327637,90.07414,17.83699682739632,51:09.5,7,0.325,0101000020E610000086D223FC0AF2FCBF18DE04F6EFA94540,20230418_DACIA_DONOSTIA_IRUN_009,,d3,30:26.9,08:11.1,DACIA_SPRING,Dacia Spring 33 kW,33000,139,49:13.0,2.2,3.6,9,N,-0.7471423248242808,2.9782015365074885,371,28,,,,342.0,29.0,0.0,0,320,51,8,1
51:15.4,,,43,,98.5,,,,,,,9,-1.8072665,43.327732,88.11913,17.985088088602645,51:15.6,7,-0.159,0101000020E6100000FF09034F90EAFCBFCA1DEF15F3A94540,20230418_DACIA_DONOSTIA_IRUN_009,,d3,30:26.9,08:11.1,DACIA_SPRING,Dacia Spring 33 kW,33000,139,49:13.0,2.2,3.6,9,N,-1.27360447464287,11.718631929120944,371,28,,,,342.0,29.0,0.0,0,320,51,25,2
51:21.0,,,43,,98.5,,,,,,,9,-1.805907,43.328014,89.35205,18.099444689670232,51:20.7,7,0.29,0101000020E6100000ECB09CB5FEE4FCBF63808661FCA94540,20230418_DACIA_DONOSTIA_IRUN_009,,d3,30:26.9,08:11.1,DACIA_SPRING,Dacia Spring 33 kW,33000,139,49:13.0,2.2,3.6,9,N,-1.7751154167905865,20.543724429828377,371,28,,,,342.0,29.0,0.0,0,320,51,45,2
51:26.7,,,43,,98.5,,,,,,,9,-1.804378,43.328587,93.00193,18.238616084580872,51:26.9,7,-0.179,0101000020E6100000F307B78ABBDEFCBFAFDBC5120FAA4540,20230418_DACIA_DONOSTIA_IRUN_009,,d3,30:26.9,08:11.1,DACIA_SPRING,Dacia Spring 33 kW,33000,139,49:13.0,2.2,3.6,9,N,-1.8114772142540616,21.21114910161136,371,28,,,,342.0,29.0,0.0,0,320,51,45,2
51:32.2,,,43,,98.5,,,,,,,9,-1.8031412,43.329067,98.27405,18.35212625836697,51:32.7,7,-0.425,0101000020E6100000A18CFAAAAAD9FCBFD6672EDC1EAA4540,20230418_DACIA_DONOSTIA_IRUN_009,,d3,30:26.9,08:11.1,DACIA_SPRING,Dacia Spring 33 kW,33000,139,53:49.7,2.2,3.6,9,N,-2.605406844257229,37.36281317354918,371,28,,,,342.0,29.0,0.0,0,320,51,45,2
51:37.9,,,43,,98.5,,,,,,,9,-1.802561,43.32951,100.93425,18.420214226708186,51:37.7,7,0.143,0101000020E61000009B25A5454AD7FCBF8F6D9D522DAA4540,20230418_DACIA_DONOSTIA_IRUN_009,,d3,30:26.9,08:11.1,DACIA_SPRING,Dacia Spring 33 kW,33000,139,53:49.7,2.2,3.6,9,N,-3.571260897951348,88.2445650827748,371,28,,,,342.0,29.0,0.0,0,320,51,45,2
51:43.5,,,43,,98.5,,,,,,,9,-1.8025416,43.330143,104.71061,18.49071931076068,51:43.7,7,-0.226,0101000020E61000004E7D7DE335D7FCBF4BC7451F42AA4540,20230418_DACIA_DONOSTIA_IRUN_009,,d3,30:26.9,08:11.1,DACIA_SPRING,Dacia Spring 33 kW,33000,139,53:49.7,2.2,3.6,9,N,-2.311581579707429,30.949038050540658,371,28,,,,342.0,29.0,0.0,0,320,51,45,2
51:49.1,,,42,,98.5,,,,,,,9,-1.8020263,43.330452,106.83937,18.5447774669205,51:48.8,7,0.332,0101000020E6100000E2EF3D7B19D5FCBFD50877374CAA4540,20230418_DACIA_DONOSTIA_IRUN_009,,d3,30:26.9,08:11.1,DACIA_SPRING,Dacia Spring 33 kW,33000,139,53:49.7,2.2,3.6,9,N,-1.127212838637363,9.247036045303767,371,28,,,,342.0,29.0,0.0,0,320,51,55,2
51:54.7,,,42,,98.5,,,,,,,9,-1.800761,43.330658,106.70267,18.649652117886127,51:54.8,7,-0.147,0101000020E6100000F40BE0B1EACFFCBF073BCFF952AA4540,20230418_DACIA_DONOSTIA_IRUN_009,,d3,30:26.9,08:11.1,DACIA_SPRING,Dacia Spring 33 kW,33000,139,53:49.7,2.2,3.6,9,N,-1.369027492111128,13.351363004438197,371,28,,,,342.0,29.0,0.0,0,320,51,25,2
52:00.1,,,42,,98.5,,,,,,,9,-1.7995054,43.330956,107.64883,18.756482903488997,51:59.8,7,0.317,0101000020E6100000AE13AD1EC6CAFCBFF33045B45CAA4540,20230418_DACIA_DONOSTIA_IRUN_009,,d3,30:26.9,08:11.1,DACIA_SPRING,Dacia Spring 33 kW,33000,139,53:49.7,2.2,3.6,9,N,-0.943122512589724,6.187490337999405,371,28,,,,342.0,29.0,0.0,0,320,51,25,2
52:05.7,,,42,,98.5,,,,,,,9,-1.7978081999999995,43.331140000000005,106.1658,18.895282290165195,52:05.9,7,-0.157,0101000020E610000090E1DB71D2C3FCBFA5DF04C562AA4540,20230418_DACIA_DONOSTIA_IRUN_009,,d3,30:26.9,08:11.1,DACIA_SPRING,Dacia Spring 33 kW,33000,139,53:49.7,2.2,3.6,9,N,-0.5682608710642124,0.0821385422084303,371,28,,,,342.0,29.0,0.0,0,320,51,25,2
52:11.3,,,42,,98.5,,,,,,,9,-1.7964131,43.331142,104.25814,19.00813875565104,52:10.9,7,0.406,0101000020E61000007D414F911BBEFCBFCE549CDF62AA4540,20230418_DACIA_DONOSTIA_IRUN_009,,d3,30:26.9,08:11.1,DACIA_SPRING,Dacia Spring 33 kW,33000,139,53:49.7,2.2,3.6,9,N,-0.3230338350099014,-3.851832372485327,371,28,,,,342.0,29.0,0.0,0,320,51,25,2
52:16.7,,,42,,98.5,,,,,,,9,-1.7949427,43.331043,101.484604,19.127610055138472,52:16.9,7,-0.171,0101000020E6100000C1150BD315B8FCBF2DB48BA05FAA4540,20230418_DACIA_DONOSTIA_IRUN_009,,d3,30:26.9,08:11.1,DACIA_SPRING,Dacia Spring 33 kW,33000,139,53:49.7,2.2,3.6,9,N,-0.1945153264583755,-5.902684098127949,628,41,,,,371.0,256.0,1.0,0,605,23,8,3
52:22.3,,,42,,98.5,,,,,,,9,-1.7942076,43.330967,98.88637,19.187721156075266,52:21.9,7,0.3879999999999999,0101000020E6100000EBFD240113B5FCBFAD54EA215DAA4540,20230418_DACIA_DONOSTIA_IRUN_009,,d3,30:26.9,08:11.1,DACIA_SPRING,Dacia Spring 33 kW,33000,139,53:49.7,2.2,3.6,9,N,0.1025014748407417,-10.631582141598948,628,41,,,,371.0,256.0,1.0,0,605,23,8,3
52:27.8,,,42,,98.5,,,,,,,9,-1.7934245,43.33082,95.23819,19.25323779068315,52:28.0,7,-0.196,0101000020E6100000D4097FD2DDB1FCBF2726583258AA4540,20230418_DACIA_DONOSTIA_IRUN_009,,d3,30:26.9,08:11.1,DACIA_SPRING,Dacia Spring 33 kW,33000,139,53:49.7,2.2,3.6,9,N,-1.412774101392862,14.106237488911844,628,41,,,,371.0,256.0,1.0,0,605,23,8,3
52:33.4,,,42,,98.5,,,,,,,9,-1.7928276,43.33097,92.46793,19.304392149382775,18/04/2023 09:52,7,0.3939999999999999,0101000020E6100000B3EEBF076CAFFCBFB51808485DAA4540,20230418_DACIA_DONOSTIA_IRUN_009,,d3,30:26.9,08:11.1,DACIA_SPRING,Dacia Spring 33 kW,33000,139,53:49.7,2.2,3.6,9,N,-3.5681145240888066,73.3686055532297,61,47,,,,28.0,33.0,0.0,0,59,2,55,3
52:39.0,,,42,,98.5,,,,,,,9,-1.7926424,43.331590000000006,90.458405,19.374970233392315,52:39.0,7,-0.063,0101000020E6100000484A21CDA9AEFCBFB7A99F7671AA4540,20230418_DACIA_DONOSTIA_IRUN_009,,d3,30:26.9,08:11.1,DACIA_SPRING,Dacia Spring 33 kW,33000,139,53:49.7,2.2,3.6,9,N,-2.7286031014824315,40.28339390182718,61,47,,,,28.0,33.0,0.0,0,59,2,55,3
52:44.6,,,42,,98.5,,,,,,,9,-1.7921622,43.331997,87.91991999999999,19.43466194895742,52:45.1,7,-0.466,0101000020E61000005B67903AB2ACFCBFCA672EDF7EAA4540,20230418_DACIA_DONOSTIA_IRUN_009,,d3,30:26.9,08:11.1,DACIA_SPRING,Dacia Spring 33 kW,33000,139,53:49.7,2.2,3.6,9,N,-2.56165275427215,125.63718408171184,61,47,,,,28.0,33.0,0.0,0,59,2,8,3
52:50.2,,,42,,98.5,,,,,,,9,-1.7924547,43.332405,85.50862,19.485884250530642,52:50.1,7,0.064,0101000020E6100000031FFC01E5ADFCBF9DFEDF398CAA4540,20230418_DACIA_DONOSTIA_IRUN_009,,d3,30:26.9,08:11.1,DACIA_SPRING,Dacia Spring 33 kW,33000,139,53:49.7,2.2,3.6,9,N,-2.753599185940862,121.10291202113868,61,47,,,,28.0,33.0,0.0,0,59,2,55,3
52:55.7,,,42,,98.5,,,,,,,9,-1.7926918,43.332798,82.3224,19.533712721357965,52:56.1,7,-0.456,0101000020E61000008B4777A3DDAEFCBFC1C4D71D99AA4540,20230418_DACIA_DONOSTIA_IRUN_009,,d3,30:26.9,08:11.1,DACIA_SPRING,Dacia Spring 33 kW,33000,139,53:49.7,2.2,3.6,9,N,-2.630097597103344,37.93526325043491,61,47,,,,28.0,33.0,0.0,0,59,2,55,3
53:01.3,,,42,,98.5,,,,,,,9,-1.7924813999999998,43.332962,80.443726,19.558726109412998,53:01.1,7,0.1159999999999999,0101000020E61000000778090B01AEFCBFE0048E869EAA4540,20230418_DACIA_DONOSTIA_IRUN_009,,d3,30:26.9,08:11.1,DACIA_SPRING,Dacia Spring 33 kW,33000,139,53:49.7,2.2,3.6,9,N,-3.3811611054528705,60.91954332314187,61,47,,,,28.0,33.0,0.0,0,59,2,55,3
53:06.8,,,42,,98.5,,,,,,,9,-1.792314,43.333263,72.128174,19.595775844713092,53:07.2,7,-0.397,0101000020E610000075E07C8951ADFCBFAA7BA052A8AA4540,20230418_DACIA_DONOSTIA_IRUN_009,,d3,30:26.9,08:11.1,DACIA_SPRING,Dacia Spring 33 kW,33000,139,53:49.7,2.2,3.6,9,N,-2.3974190288622617,32.755227416196654,61,47,,,,28.0,33.0,0.0,0,59,2,10,3
53:12.4,,,42,,98.5,,,,,,,9,-1.7920824,43.333412,68.22527,19.621086229370974,53:12.2,7,0.166,0101000020E6100000199A28905EACFCBF009B9D48ADAA4540,20230418_DACIA_DONOSTIA_IRUN_009,,d3,30:26.9,08:11.1,DACIA_SPRING,Dacia Spring 33 kW,33000,139,53:49.7,2.2,3.6,9,N,-0.2180638884815841,-5.527279571085768,61,47,,,,28.0,33.0,0.0,0,59,2,25,3
53:18.0,,,42,,98.5,,,,,,,9,-1.7913796999999998,43.333344,64.98159,19.678513193823044,53:18.2,7,-0.226,0101000020E6100000CF4B4EC57DA9FCBF954E76F6AAAA4540,20230418_DACIA_DONOSTIA_IRUN_009,,d3,30:26.9,08:11.1,DACIA_SPRING,Dacia Spring 33 kW,33000,139,53:49.7,2.2,3.6,9,N,-0.7593862683864794,3.1774812585836645,61,47,,,,28.0,33.0,0.0,0,59,2,25,3
53:23.6,,,42,,98.5,,,,,,,9,-1.7908393,43.333374,62.018105000000006,19.722448041410836,53:23.3,7,0.266,0101000020E6100000C26E0F1047A7FCBF785620F1ABAA4540,20230418_DACIA_DONOSTIA_IRUN_009,,d3,30:26.9,08:11.1,DACIA_SPRING,Dacia Spring 33 kW,33000,139,53:49.7,2.2,3.6,9,N,-0.8094315368402808,3.993592873679432,61,47,,,,28.0,33.0,0.0,0,59,2,25,3
53:29.1,,,42,,98.5,,,,,,,9,-1.790295,43.333412,58.41168199999999,19.76682024063161,53:29.3,7,-0.218,0101000020E6100000971048550CA5FCBF9C2A5647ADAA4540,20230418_DACIA_DONOSTIA_IRUN_009,,d3,30:26.9,08:11.1,DACIA_SPRING,Dacia Spring 33 kW,33000,139,53:49.7,2.2,3.6,9,N,-0.7450945157309524,2.9448862651829493,61,47,,,,28.0,33.0,0.0,0,59,2,8,3
53:34.7,,,42,,98.5,,,,,,,9,-1.7899451000000002,43.33343,55.005768,19.795394601829297,53:34.3,7,0.396,0101000020E6100000BFE16A869DA3FCBFBC5F2BECADAA4540,20230418_DACIA_DONOSTIA_IRUN_009,,d3,30:26.9,08:11.1,DACIA_SPRING,Dacia Spring 33 kW,33000,139,53:49.7,2.2,3.6,9,N,-0.9254686444562134,5.8965511860424975,61,47,,,,28.0,33.0,0.0,0,59,2,10,3
53:40.2,,,42,,98.5,,,,,,,9,-1.7895578,43.33347,51.32168,19.82724742759477,53:40.3,7,-0.1639999999999999,0101000020E61000001592905007A2FCBFF6298928AFAA4540,20230418_DACIA_DONOSTIA_IRUN_009,,d3,30:26.9,08:11.1,DACIA_SPRING,Dacia Spring 33 kW,33000,139,53:49.7,2.2,3.6,9,N,-0.8344194789620405,4.40207827564169,61,47,,,,28.0,33.0,0.0,0,59,2,10,3
53:45.8,,,42,,98.5,,,,,,,9,-1.7894279,43.33348,48.55215,19.838169401346217,53:45.4,7,0.3979999999999999,0101000020E6100000A933CB2A7FA1FCBF1328F770AFAA4540,20230418_DACIA_DONOSTIA_IRUN_009,,d3,30:26.9,08:11.1,DACIA_SPRING,Dacia Spring 33 kW,33000,139,53:49.7,2.2,3.6,9,N,-0.4667823795115156,-1.5499521369163525,61,47,,,,28.0,33.0,0.0,0,59,2,10,3
53:51.8,,,42,,98.5,,,,,,,9,-1.7891692,43.333473,47.82452,19.85912018686323,53:51.4,7,0.424,0101000020E610000023E6F8DB6FA0FCBFC75AF64FAFAA4540,20230418_DACIA_DONOSTIA_IRUN_009,,d3,30:26.9,08:11.1,DACIA_SPRING,Dacia Spring 33 kW,33000,139,53:49.7,2.2,3.6,9,N,0.1680612531810463,-11.675750426045292,61,47,,,,28.0,33.0,0.0,0,59,2,25,3
53:57.5,,,42,,98.5,,,,,,,9,-1.7890578999999998,43.33345,45.49924,19.86876294684885,53:57.5,7,0.0289999999999999,0101000020E610000037152B17FB9FFCBFB026607BAEAA4540,20230418_DACIA_DONOSTIA_IRUN_009,,d3,30:26.9,08:11.1,DACIA_SPRING,Dacia Spring 33 kW,33000,139,53:49.7,2.2,3.6,9,N,0.2102819239333717,-12.348646827118682,61,47,,,,28.0,33.0,0.0,0,59,2,25,3
54:03.4,,,42,,98.5,,,,,,,9,-1.7886468,43.33336,47.20349,19.903527971349135,54:03.5,7,-0.09,0101000020E61000008A251E174C9EFCBF6C387A76ABAA4540,20230418_DACIA_DONOSTIA_IRUN_009,,d3,30:26.9,08:11.1,DACIA_SPRING,Dacia Spring 33 kW,33000,139,54:13.0,2.2,3.6,9,N,-1.98160292327862,24.397564786117293,61,47,,,,28.0,33.0,0.0,0,59,2,25,3
54:09.0,,,42,,98.5,,,,,,,9,-1.7882279,43.33355,46.258415,19.943467235095547,54:09.5,7,-0.486,0101000020E6100000A3F28FE9949CFCBF36EEEDC2B1AA4540,20230418_DACIA_DONOSTIA_IRUN_009,,d3,30:26.9,08:11.1,DACIA_SPRING,Dacia Spring 33 kW,33000,139,54:13.0,2.2,3.6,9,N,-0.5854498751101838,0.3592915665832953,61,47,,,,28.0,33.0,0.0,0,59,2,25,3
54:14.8,,,42,,98.5,,,,,,,9,-1.7877495,43.333553,47.277905,19.982175077839752,54:14.6,7,0.195,0101000020E6100000705EC13B9F9AFCBFD4C9CDE3B1AA4540,20230418_DACIA_DONOSTIA_IRUN_009,,d3,30:26.9,08:11.1,DACIA_SPRING,Dacia Spring 33 kW,33000,139,54:13.0,2.2,3.6,9,N,-0.7021807577875352,2.247656763941046,61,47,,,,28.0,33.0,0.0,0,59,2,10,3
54:20.4,,,42,,98.5,,,,,,,9,-1.7871635,43.333576,47.349796000000005,20.02963973460297,54:20.6,7,-0.159,0101000020E610000015FCAAB43898FCBF5363C99CB2AA4540,20230418_DACIA_DONOSTIA_IRUN_009,,d3,30:26.9,08:11.1,DACIA_SPRING,Dacia Spring 33 kW,33000,139,54:13.0,2.2,3.6,9,N,-0.7177065370384351,2.4997072159804192,61,47,,,,28.0,33.0,0.0,0,59,2,10,3
54:26.1,,,42,,98.5,,,,,,,9,-1.7864534,43.333607,49.726475,20.08722497914148,54:26.6,7,-0.492,0101000020E610000001DD14235095FCBF6615E4A3B3AA4540,20230418_DACIA_DONOSTIA_IRUN_009,,d3,30:26.9,08:11.1,DACIA_SPRING,Dacia Spring 33 kW,33000,139,54:13.0,2.2,3.6,9,N,-0.9398330422743834,6.133249064236352,61,47,,,,28.0,33.0,0.0,0,59,2,25,3
54:31.7,,,42,,98.5,,,,,,,9,-1.7859973999999998,43.333656,49.95781,20.124507205311087,54:31.7,7,0.017,0101000020E610000082F12A017293FCBF77CEF239B5AA4540,20230418_DACIA_DONOSTIA_IRUN_009,,d3,30:26.9,08:11.1,DACIA_SPRING,Dacia Spring 33 kW,33000,139,54:13.0,2.2,3.6,9,N,-3.577371792552281,74.57254267018449,61,47,,,,28.0,33.0,0.0,0,59,2,25,3
54:37.2,,,42,,98.5,,,,,,,9,-1.7858826,43.334072,51.353798,20.171707606004404,54:37.7,7,-0.46,0101000020E610000003B9569EF992FCBF4226C1E6C2AA4540,20230418_DACIA_DONOSTIA_IRUN_009,,d3,30:26.9,08:11.1,DACIA_SPRING,Dacia Spring 33 kW,33000,139,54:13.0,2.2,3.6,9,N,-3.4246084617512187,98.9584931507914,61,47,,,,28.0,33.0,0.0,0,59,2,25,3
54:42.8,,,42,,98.5,,,,,,,9,-1.7859547999999998,43.33453,52.373470000000005,20.222978714096616,54:43.0,7,-0.176,0101000020E6100000A5D5E15F4593FCBF36DC4CE0D1AA4540,20230418_DACIA_DONOSTIA_IRUN_009,,d3,30:26.9,08:11.1,DACIA_SPRING,Dacia Spring 33 kW,33000,139,54:13.0,2.2,3.6,9,N,-3.5628701949653774,89.23610153911994,61,47,,,,28.0,33.0,0.0,0,59,2,25,3
54:48.4,,,42,,98.5,,,,,,,9,-1.7859476000000003,43.33507,54.410484,20.283061339056953,54:48.7,7,-0.304,0101000020E6100000E55601B93D93FCBF5396849AE3AA4540,20230418_DACIA_DONOSTIA_IRUN_009,,d3,30:26.9,08:11.1,DACIA_SPRING,Dacia Spring 33 kW,33000,139,54:13.0,2.2,3.6,9,N,-3.5115319343685223,68.27162214397786,61,47,,,,28.0,33.0,0.0,0,59,2,25,3
54:54.0,,,42,,98.5,,,,,,,9,-1.7857858,43.335476,55.17037,20.330070962691956,54:53.8,7,0.207,0101000020E61000006E7AB3219492FCBFF84354E3F0AA4540,20230418_DACIA_DONOSTIA_IRUN_009,,d3,30:26.9,08:11.1,DACIA_SPRING,Dacia Spring 33 kW,33000,139,54:13.0,2.2,3.6,9,N,-3.243607279006957,55.29009273402295,61,47,,,,28.0,33.0,0.0,0,59,2,8,3
54:59.6,,,42,,98.5,,,,,,,9,-1.7854921,43.3359,54.58549,20.382866631259024,54:59.8,7,-0.226,0101000020E6100000C6621A1B6091FCBFC0DD9EC5FEAA4540,20230418_DACIA_DONOSTIA_IRUN_009,,d3,30:26.9,08:11.1,DACIA_SPRING,Dacia Spring 33 kW,33000,139,54:13.0,2.2,3.6,9,N,-3.2867477953699256,56.92124180683581,61,47,,,,28.0,33.0,0.0,0,59,2,8,3
55:05.2,,,42,,98.5,,,,,,,9,-1.7853488000000002,43.33612,53.947987,20.409943533329127,55:04.8,7,0.3379999999999999,0101000020E6100000FCA1F3D0C990FCBFBA31A00C06AB4540,20230418_DACIA_DONOSTIA_IRUN_009,,d3,30:26.9,08:11.1,DACIA_SPRING,Dacia Spring 33 kW,33000,139,54:13.0,2.2,3.6,9,N,-3.204925086621104,53.90555520318487,61,47,,,,28.0,33.0,0.0,0,59,2,25,3
55:10.7,,,42,,98.5,,,,,,,9,-1.7852008,43.336323,53.04310600000001,20.435509402460532,55:10.8,7,-0.168,0101000020E610000046219CBF2E90FCBF4CAE89970CAB4540,20230418_DACIA_DONOSTIA_IRUN_009,,d3,30:26.9,08:11.1,DACIA_SPRING,Dacia Spring 33 kW,33000,139,54:13.0,2.2,3.6,9,N,-2.7539513114615155,121.09421117777188,61,47,,,,28.0,33.0,0.0,0,59,2,25,3
55:16.2,,,42,,98.5,,,,,,,9,-1.7852786,43.336452,52.76749399999999,20.451175347918344,55:15.9,7,0.387,0101000020E6100000B0434A468090FCBF05D24AD810AB4540,20230418_DACIA_DONOSTIA_IRUN_009,,d3,30:26.9,08:11.1,DACIA_SPRING,Dacia Spring 33 kW,33000,139,54:13.0,2.2,3.6,9,N,-1.3804306371784107,148.45226866912154,61,47,,,,28.0,33.0,0.0,0,59,2,25,3
55:22.0,,,42,,98.5,,,,,,,9,-1.7855782999999998,43.336636,53.966908,20.48291729436682,55:21.9,7,0.1,0101000020E610000083EACB7EBA91FCBFF9E544E216AB4540,20230418_DACIA_DONOSTIA_IRUN_009,,d3,30:26.9,08:11.1,DACIA_SPRING,Dacia Spring 33 kW,33000,139,54:13.0,2.2,3.6,9,N,-1.4712688587308085,146.87769485872565,61,47,,,,28.0,33.0,0.0,0,59,2,25,3
55:27.7,,,42,,98.5,,,,,,,9,-1.7858174,43.336792,54.288586,20.50889682759007,55:28.0,7,-0.29,0101000020E61000004C59E343B592FCBF5B153FF21BAB4540,20230418_DACIA_DONOSTIA_IRUN_009,,d3,30:26.9,08:11.1,DACIA_SPRING,Dacia Spring 33 kW,33000,139,54:13.0,2.2,3.6,9,N,-0.4505267899254631,163.8107937392614,61,47,,,,28.0,33.0,0.0,0,59,2,10,3
55:33.2,,,42,,98.5,,,,,,,9,-1.7858793999999998,43.33681,54.73915,20.514314589684286,18/04/2023 09:55,7,0.206,0101000020E6100000F3458F3AF692FCBF6E2FA6A41CAB4540,20230418_DACIA_DONOSTIA_IRUN_009,,d3,30:26.9,08:11.1,DACIA_SPRING,Dacia Spring 33 kW,33000,139,54:13.0,2.2,3.6,9,N,2.1580098677580826,-45.830315474075455,61,47,,,,28.0,33.0,0.0,0,59,2,10,3
55:38.8,,,42,,98.5,,,,,,,9,-1.7858726000000005,43.336803,54.783314,20.51526866068219,55:39.0,7,-0.203,0101000020E61000004B53BA27EF92FCBFEDD9D7671CAB4540,20230418_DACIA_DONOSTIA_IRUN_009,,d3,30:26.9,08:11.1,DACIA_SPRING,Dacia Spring 33 kW,33000,139,54:13.0,2.2,3.6,9,N,2.184215891628787,-46.35319195891178,61,47,,,,28.0,33.0,0.0,0,59,2,10,3
55:44.3,,,42,,98.5,,,,,,,9,-1.7858602,43.33679,54.71051,20.517029510846065,55:44.1,7,0.2769999999999999,0101000020E61000002615881CE292FCBF924278E51BAB4540,20230418_DACIA_DONOSTIA_IRUN_009,,d3,30:26.9,08:11.1,DACIA_SPRING,Dacia Spring 33 kW,33000,139,54:13.0,2.2,3.6,9,N,-1.4222724497722248,147.72930585713453,61,47,,,,28.0,33.0,0.0,0,59,2,10,3
55:49.9,,,42,,98.5,,,,,,,9,-1.7859473,43.336845,54.899067,20.526360067377798,55:50.1,7,-0.213,0101000020E6100000B7B90C803D93FCBF187F54C01DAB4540,20230418_DACIA_DONOSTIA_IRUN_009,,d3,30:26.9,08:11.1,DACIA_SPRING,Dacia Spring 33 kW,33000,139,54:13.0,2.2,3.6,9,N,-1.4125413518703376,147.89778985792154,61,47,,,,28.0,33.0,0.0,0,59,2,10,3
55:55.3,,,42,,98.5,,,,,,,9,-1.7861067,43.336945,55.731422,20.543404954491898,55:55.1,7,0.188,0101000020E6100000FE88B994E493FCBF3F8A2E0921AB4540,20230418_DACIA_DONOSTIA_IRUN_009,,d3,30:26.9,08:11.1,DACIA_SPRING,Dacia Spring 33 kW,33000,139,54:13.0,2.2,3.6,9,N,-3.570966374896128,88.28164199831244,61,47,,,,28.0,33.0,0.0,0,59,2,10,3
56:00.8,,,42,,98.5,,,,,,,9,-1.786101,43.337135,58.18640500000001,20.5646791432073,56:01.2,7,-0.3339999999999999,0101000020E6100000F5A726ACDE93FCBF35581D3627AB4540,20230418_DACIA_DONOSTIA_IRUN_009,,d3,30:26.9,08:11.1,DACIA_SPRING,Dacia Spring 33 kW,33000,139,54:13.0,2.2,3.6,9,N,-3.397182531397595,61.67589456015461,61,47,,,,28.0,33.0,0.0,0,59,2,25,3
56:09.5,,,42,,98.5,,,,,,,9,-1.7858881000000002,43.33753,58.894707,20.61186083833887,56:09.2,7,0.349,0101000020E61000006249F169FF92FCBF37C2882B34AB4540,20230418_DACIA_DONOSTIA_IRUN_009,,d3,30:26.9,08:11.1,DACIA_SPRING,Dacia Spring 33 kW,33000,139,54:13.0,2.2,3.6,9,N,-3.562921997953335,72.76965582029717,61,47,,,,28.0,33.0,0.0,0,59,2,10,3
56:15.1,,,42,,98.5,,,,,,,9,-1.7858177,43.337757,59.288986,20.63773926118204,56:15.2,7,-0.144,0101000020E6100000506DE390B592FCBF267F88A43BAB4540,20230418_DACIA_DONOSTIA_IRUN_009,,d3,30:26.9,08:11.1,DACIA_SPRING,Dacia Spring 33 kW,33000,139,54:13.0,2.2,3.6,9,N,-0.174920177067951,168.21496232448214,628,41,,,,371.0,256.0,1.0,0,605,23,10,2
56:20.9,,,42,,98.5,,,,,,,9,-1.7860909,43.337814,58.863537,20.66072916744998,56:21.3,7,-0.39,0101000020E6100000D15E5A0CD493FCBF2576BB8C3DAB4540,20230418_DACIA_DONOSTIA_IRUN_009,,d3,30:26.9,08:11.1,DACIA_SPRING,Dacia Spring 33 kW,33000,139,54:13.0,2.2,3.6,9,N,0.2522926112085301,175.01865573531256,628,41,,,,371.0,256.0,1.0,0,605,23,10,2
56:26.5,,,42,,98.5,,,,,,,9,-1.7863892,43.33784,60.72436999999999,20.685097728140637,56:26.3,7,0.1939999999999999,0101000020E610000054110CE40C95FCBF081C9D673EAB4540,20230418_DACIA_DONOSTIA_IRUN_009,,d3,30:26.9,08:11.1,DACIA_SPRING,Dacia Spring 33 kW,33000,139,54:13.0,2.2,3.6,9,N,-0.1139792784667225,169.18566023635393,628,41,,,,371.0,256.0,1.0,0,605,23,30,2
56:32.0,,,42,,98.5,,,,,,,9,-1.7867923,43.337917,62.11190799999999,20.718832262850427,56:32.3,7,-0.2689999999999999,0101000020E6100000704CC68CB396FCBFD3A538ED40AB4540,20230418_DACIA_DONOSTIA_IRUN_009,,d3,30:26.9,08:11.1,DACIA_SPRING,Dacia Spring 33 kW,33000,139,58:50.0,2.2,3.6,9,N,-0.0565042804788978,170.10066951756863,628,41,,,,371.0,256.0,1.0,0,605,23,30,2
56:37.6,,,42,,98.5,,,,,,,9,-1.7872106,43.337990000000005,62.62678,20.753625925125952,56:37.3,7,0.289,0101000020E6100000A0BEEB1A6A98FCBFD078AC3643AB4540,20230418_DACIA_DONOSTIA_IRUN_009,,d3,30:26.9,08:11.1,DACIA_SPRING,Dacia Spring 33 kW,33000,139,58:50.0,2.2,3.6,9,N,-0.3781717050696812,164.97008547173093,628,41,,,,371.0,256.0,1.0,0,605,23,30,2
56:43.3,,,42,,98.5,,,,,,,9,-1.7875941999999998,43.338093,60.507023,20.786763654795166,56:43.4,7,-0.0559999999999999,0101000020E6100000A5ED8058FC99FCBF81609DA346AB4540,20230418_DACIA_DONOSTIA_IRUN_009,,d3,30:26.9,08:11.1,DACIA_SPRING,Dacia Spring 33 kW,33000,139,58:50.0,2.2,3.6,9,N,-0.0407281373644656,170.3517777331326,628,41,,,,371.0,256.0,1.0,0,605,23,30,2
56:49.8,,,42,,98.5,,,,,,,9,-1.7882236,43.3382,60.799507,20.839038487791182,56:49.4,7,0.4579999999999999,0101000020E6100000BB8AD467909CFCBF045186134AAB4540,20230418_DACIA_DONOSTIA_IRUN_009,,d3,30:26.9,08:11.1,DACIA_SPRING,Dacia Spring 33 kW,33000,139,58:50.0,2.2,3.6,9,N,-0.1413296604130327,168.7500904111334,628,41,,,,371.0,256.0,1.0,0,605,23,25,2
56:55.5,,,42,,98.5,,,,,,,9,-1.7886459,43.338284,62.381058,20.87448096810504,56:55.4,7,0.073,0101000020E61000005606392E4B9EFCBF8CAEACD74CAB4540,20230418_DACIA_DONOSTIA_IRUN_009,,d3,30:26.9,08:11.1,DACIA_SPRING,Dacia Spring 33 kW,33000,139,58:50.0,2.2,3.6,9,N,-2.467552874659672,127.73045985040432,628,41,,,,371.0,256.0,1.0,0,605,23,25,2
57:01.3,,,42,,98.5,,,,,,,9,-1.7887224999999998,43.338383,64.16078,20.887237418816547,57:01.5,7,-0.15,0101000020E610000006D00C7D9B9EFCBF10BFF51850AB4540,20230418_DACIA_DONOSTIA_IRUN_009,,d3,30:26.9,08:11.1,DACIA_SPRING,Dacia Spring 33 kW,33000,139,58:50.0,2.2,3.6,9,N,-3.285292899880888,105.135449936195,628,41,,,,371.0,256.0,1.0,0,605,23,25,2
57:08.4,,,42,,98.5,,,,,,,9,-1.7887839,43.33861,66.48139,20.91306692301539,57:08.5,7,-0.059,0101000020E6100000139BAED0DB9EFCBF63003BAE57AB4540,20230418_DACIA_DONOSTIA_IRUN_009,,d3,30:26.9,08:11.1,DACIA_SPRING,Dacia Spring 33 kW,33000,139,58:50.0,2.2,3.6,9,N,-3.298513355056625,57.3844025339848,628,41,,,,371.0,256.0,1.0,0,605,23,8,2
57:14.0,,,42,,98.5,,,,,,,9,-1.7886412,43.338833,67.91805,20.940455132891632,57:13.5,7,0.47,0101000020E6100000498BC63D469EFCBFC98813DC5EAB4540,20230418_DACIA_DONOSTIA_IRUN_009,,d3,30:26.9,08:11.1,DACIA_SPRING,Dacia Spring 33 kW,33000,139,58:50.0,2.2,3.6,9,N,-2.4154275824761995,33.14059141042832,628,41,,,,371.0,256.0,1.0,0,605,23,25,2
57:19.5,,,42,,98.5,,,,,,,9,-1.788462,43.33895,68.66561999999999,20.959944720863334,57:19.6,7,-0.1,0101000020E61000001F7FA7648A9DFCBFA141B3C862AB4540,20230418_DACIA_DONOSTIA_IRUN_009,,d3,30:26.9,08:11.1,DACIA_SPRING,Dacia Spring 33 kW,33000,139,58:50.0,2.2,3.6,9,N,-3.3369126485293603,58.95970627273691,628,41,,,,371.0,256.0,1.0,0,605,23,25,2
57:25.0,,,42,,98.5,,,,,,,9,-1.7884289,43.339005,69.359566,20.96665660077585,57:24.6,7,0.368,0101000020E6100000BD372296679DFCBFBD6BB38964AB4540,20230418_DACIA_DONOSTIA_IRUN_009,,d3,30:26.9,08:11.1,DACIA_SPRING,Dacia Spring 33 kW,33000,139,58:50.0,2.2,3.6,9,N,-3.528075768651104,69.52772047752863,628,41,,,,371.0,256.0,1.0,0,605,23,25,2
57:30.5,,,42,,98.5,,,,,,,9,-1.7884233,43.33902,70.10218,20.968537704814516,57:30.7,7,-0.198,0101000020E6100000BA35ADB9619DFCBF80B7A1F664AB4540,20230418_DACIA_DONOSTIA_IRUN_009,,d3,30:26.9,08:11.1,DACIA_SPRING,Dacia Spring 33 kW,33000,139,58:50.0,2.2,3.6,9,N,-2.8006136845640475,42.0731006897615,628,41,,,,371.0,256.0,1.0,0,605,23,25,2
57:36.0,,,42,,98.5,,,,,,,9,-1.7883092,43.339123,70.384384,20.983248265214982,57:35.7,7,0.315,0101000020E6100000EB634E2EEA9CFCBF1B51B95068AB4540,20230418_DACIA_DONOSTIA_IRUN_009,,d3,30:26.9,08:11.1,DACIA_SPRING,Dacia Spring 33 kW,33000,139,58:50.0,2.2,3.6,9,N,-2.983102216047973,46.95923481671576,628,41,,,,371.0,256.0,1.0,0,605,23,25,2
57:41.6,,,42,,98.5,,,,,,,9,-1.7882485,43.339188,70.66328399999999,20.99198982688419,57:41.7,7,-0.136,0101000020E61000003F50A289AA9CFCBFA51F367B6AAB4540,20230418_DACIA_DONOSTIA_IRUN_009,,d3,30:26.9,08:11.1,DACIA_SPRING,Dacia Spring 33 kW,33000,139,58:50.0,2.2,3.6,9,N,-1.006399731295791,7.2336762200273395,628,41,,,,371.0,256.0,1.0,0,605,23,25,2
57:47.2,,,42,,98.5,,,,,,,9,-1.7879176,43.33923,70.61021,21.019155023192937,57:47.7,7,-0.483,0101000020E6100000D6B1CE8A4F9BFCBFD5BBD7EB6BAB4540,20230418_DACIA_DONOSTIA_IRUN_009,,d3,30:26.9,08:11.1,DACIA_SPRING,Dacia Spring 33 kW,33000,139,58:50.0,2.2,3.6,9,N,-0.3019934705086108,-4.1879696023343165,628,41,,,,371.0,256.0,1.0,0,605,23,25,2
57:52.8,,,42,,98.5,,,,,,,9,-1.7875078999999998,43.3392,71.13143000000001,21.052460036385412,57:52.8,7,0.045,0101000020E6100000DE1FBBDBA199FCBF84146BE26AAB4540,20230418_DACIA_DONOSTIA_IRUN_009,,d3,30:26.9,08:11.1,DACIA_SPRING,Dacia Spring 33 kW,33000,139,58:50.0,2.2,3.6,9,N,-0.8415110991199057,4.518132691135746,628,41,,,,371.0,256.0,1.0,0,605,23,25,2
57:58.4,,,42,,98.5,,,,,,,9,-1.7872548,43.339220000000005,72.08511,21.073071380696437,57:58.8,7,-0.362,0101000020E6100000862B738B9898FCBF68B1518E6BAB4540,20230418_DACIA_DONOSTIA_IRUN_009,,d3,30:26.9,08:11.1,DACIA_SPRING,Dacia Spring 33 kW,33000,139,58:50.0,2.2,3.6,9,N,-0.781922061116567,3.5446621593483467,628,41,,,,371.0,256.0,1.0,0,605,23,25,2
58:04.4,,,42,,98.5,,,,,,,9,-1.7867705000000005,43.33925,70.43051,21.112414493243623,58:04.8,7,-0.426,0101000020E610000093C4B9A79C96FCBF8AAC29816CAB4540,20230418_DACIA_DONOSTIA_IRUN_009,,d3,30:26.9,08:11.1,DACIA_SPRING,Dacia Spring 33 kW,33000,139,58:50.0,2.2,3.6,9,N,-0.7115619525789463,2.3999273807172745,628,41,,,,371.0,256.0,1.0,0,605,23,25,2
58:11.0,,,42,,98.5,,,,,,,9,-1.7860546999999998,43.33928,66.124725,21.170558611427847,58:10.8,7,0.155,0101000020E61000003FFE4019AE93FCBFCE2E62806DAB4540,20230418_DACIA_DONOSTIA_IRUN_009,,d3,30:26.9,08:11.1,DACIA_SPRING,Dacia Spring 33 kW,33000,139,58:50.0,2.2,3.6,9,N,-0.7225584344396425,2.5785205123660457,628,41,,,,371.0,256.0,1.0,0,605,23,25,2
58:16.6,,,42,,98.5,,,,,,,9,-1.7852331,43.339317,63.777440000000006,21.23717192636377,58:16.9,7,-0.295,0101000020E610000084B538905090FCBFF2E1D6C56EAB4540,20230418_DACIA_DONOSTIA_IRUN_009,,d3,30:26.9,08:11.1,DACIA_SPRING,Dacia Spring 33 kW,33000,139,58:50.0,2.2,3.6,9,N,-0.7565681706079901,3.1316013601316994,628,41,,,,371.0,256.0,1.0,0,605,23,25,2
58:22.5,,,42,,98.5,,,,,,,9,-1.7847396,43.339344,61.07701,21.27728615314646,58:22.9,7,-0.45,0101000020E6100000BEC5C0174B8EFCBF848784A46FAB4540,20230418_DACIA_DONOSTIA_IRUN_009,,d3,30:26.9,08:11.1,DACIA_SPRING,Dacia Spring 33 kW,33000,139,58:50.0,2.2,3.6,9,N,-0.8136207047739565,4.062026998102234,628,41,,,,371.0,256.0,1.0,0,605,23,25,2
58:28.1,,,42,,98.5,,,,,,,9,-1.7842044999999995,43.339382,58.95862,21.320818254263763,58:27.9,7,0.128,0101000020E61000008F9988051A8CFCBFD0664BD970AB4540,20230418_DACIA_DONOSTIA_IRUN_009,,d3,30:26.9,08:11.1,DACIA_SPRING,Dacia Spring 33 kW,33000,139,58:50.0,2.2,3.6,9,N,-0.792383447745203,3.7152891054787527,628,41,,,,371.0,256.0,1.0,0,605,23,25,2
58:33.6,,,42,,98.5,,,,,,,9,-1.7837733,43.33941,57.944584,21.355843734321127,58:34.0,7,-0.4029999999999999,0101000020E61000002C1CB6E1558AFCBF4E3964CA71AB4540,20230418_DACIA_DONOSTIA_IRUN_009,,d3,30:26.9,08:11.1,DACIA_SPRING,Dacia Spring 33 kW,33000,139,58:50.0,2.2,3.6,9,N,-0.7855762094398275,3.6042489933393314,61,47,,,,28.0,33.0,0.0,0,59,2,25,2
58:39.4,,,42,,98.5,,,,,,,9,-1.7832494,43.339443,57.348843,21.39837542460586,58:39.0,7,0.456,0101000020E610000022AF058B3088FCBF741E32D972AB4540,20230418_DACIA_DONOSTIA_IRUN_009,,d3,30:26.9,08:11.1,DACIA_SPRING,Dacia Spring 33 kW,33000,139,58:50.0,2.2,3.6,9,N,-0.8070810695579146,3.955203974254938,61,47,,,,28.0,33.0,0.0,0,59,2,25,2
58:45.1,,,42,,98.5,,,,,,,9,-1.782425,43.3395,55.48968000000001,21.465372761276207,58:45.0,7,0.103,0101000020E6100000A11D641ED084FCBF931ED4B374AB4540,20230418_DACIA_DONOSTIA_IRUN_009,,d3,30:26.9,08:11.1,DACIA_SPRING,Dacia Spring 33 kW,33000,139,58:50.0,2.2,3.6,9,N,-0.7938121854496079,3.738600919297906,61,47,,,,28.0,33.0,0.0,0,59,2,30,2
58:50.9,,,42,,98.5,,,,,,,9,-1.7815986,43.339554,54.362804,21.532484045246907,58:51.1,7,-0.125,0101000020E61000007D7BAB876D81FCBF1DDF847476AB4540,20230418_DACIA_DONOSTIA_IRUN_009,,d3,30:26.9,08:11.1,DACIA_SPRING,Dacia Spring 33 kW,33000,139,58:50.0,2.2,3.6,9,N,-0.7158621818726429,2.469753655386047,61,47,,,,28.0,33.0,0.0,0,59,2,30,2
58:56.7,,,42,,98.5,,,,,,,9,-1.7809958,43.33958,52.299725,21.581362870453518,58:57.1,7,-0.45,0101000020E6100000D9F38A8FF57EFCBF9985975C77AB4540,20230418_DACIA_DONOSTIA_IRUN_009,,d3,30:26.9,08:11.1,DACIA_SPRING,Dacia Spring 33 kW,33000,139,58:50.0,2.2,3.6,9,N,-0.7943351958997061,3.7471350875495055,61,47,,,,28.0,33.0,0.0,0,59,2,55,2
59:02.3,,,42,,98.5,,,,,,,9,-1.7807515,43.339596,51.35814,21.601222159771915,59:02.1,7,0.1939999999999999,0101000020E610000011275C35F57DFCBF264818EB77AB4540,20230418_DACIA_DONOSTIA_IRUN_009,,d3,30:26.9,08:11.1,DACIA_SPRING,Dacia Spring 33 kW,33000,139,59:13.0,2.2,3.6,9,N,0.1592029751821763,-11.53462065407835,61,47,,,,28.0,33.0,0.0,0,59,2,55,2
59:08.0,,,42,,98.5,,,,,,,9,-1.7804526000000005,43.339535,50.94975,21.626331726593303,59:08.1,7,-0.1169999999999999,0101000020E6100000E5F766D1BB7CFCBF51C24CD775AB4540,20230418_DACIA_DONOSTIA_IRUN_009,,d3,30:26.9,08:11.1,DACIA_SPRING,Dacia Spring 33 kW,33000,139,59:13.0,2.2,3.6,9,N,-2.7853387019597204,41.68778812566601,61,47,,,,28.0,33.0,0.0,0,59,2,55,2
59:13.5,,,42,,98.5,,,,,,,9,-1.7802168,43.339745,50.21701,21.65648885015936,59:13.2,7,0.332,0101000020E610000059582595C47BFCBF24D11AC27CAB4540,20230418_DACIA_DONOSTIA_IRUN_009,,d3,30:26.9,08:11.1,DACIA_SPRING,Dacia Spring 33 kW,33000,139,59:13.0,2.2,3.6,9,N,-2.870788652582279,118.11354622141567,61,47,,,,28.0,33.0,0.0,0,59,2,55,2
59:19.1,,,42,,98.5,,,,,,,9,-1.7804102,43.340107,51.75275,21.699700584369307,59:19.2,7,-0.1159999999999999,0101000020E6100000B7FE90518F7CFCBFDD4150A788AB4540,20230418_DACIA_DONOSTIA_IRUN_009,,d3,30:26.9,08:11.1,DACIA_SPRING,Dacia Spring 33 kW,33000,139,59:13.0,2.2,3.6,9,N,-3.4453967731587527,64.1475795954821,61,47,,,,28.0,33.0,0.0,0,59,2,65,2
59:25.1,,,42,,98.5,,,,,,,9,-1.780244,43.34045,54.356186,21.74022318128035,59:25.3,7,-0.1669999999999999,0101000020E61000007AA79F27E17BFCBF502680E593AB4540,20230418_DACIA_DONOSTIA_IRUN_009,,d3,30:26.9,08:11.1,DACIA_SPRING,Dacia Spring 33 kW,33000,139,59:13.0,2.2,3.6,9,N,-3.5924488832655896,84.71165766501257,61,47,,,,28.0,33.0,0.0,0,59,2,65,2
59:30.7,,,42,,98.5,,,,,,,9,-1.7802104,43.340813,54.88624599999999,21.780681770004627,59:30.3,7,0.3929999999999999,0101000020E61000003AFDF2D8BD7BFCBF8D009CCC9FAB4540,20230418_DACIA_DONOSTIA_IRUN_009,,d3,30:26.9,08:11.1,DACIA_SPRING,Dacia Spring 33 kW,33000,139,59:13.0,2.2,3.6,9,N,0.1334051896615212,173.12369577673928,61,47,,,,28.0,33.0,0.0,0,59,2,65,2
59:36.1,,,42,,98.5,,,,,,,9,-1.780965,43.340904,55.15203,21.84254024626632,59:36.3,7,-0.242,0101000020E6100000CD208723D57EFCBF97CED2CBA2AB4540,20230418_DACIA_DONOSTIA_IRUN_009,,d3,30:26.9,08:11.1,DACIA_SPRING,Dacia Spring 33 kW,33000,139,59:13.0,2.2,3.6,9,N,-0.3404241347556032,165.57387428252514,61,47,,,,28.0,33.0,0.0,0,59,2,65,2
59:41.6,,,42,,98.5,,,,,,,9,-1.7817968999999998,43.341118,55.69709,21.913902447255403,59:41.4,7,0.288,0101000020E6100000C870D4703D82FCBF7937E4B4A9AB4540,20230418_DACIA_DONOSTIA_IRUN_009,,d3,30:26.9,08:11.1,DACIA_SPRING,Dacia Spring 33 kW,33000,139,59:13.0,2.2,3.6,9,N,-1.035857200273973,154.2774116078807,61,47,,,,28.0,33.0,0.0,0,59,2,65,2
59:47.3,,,42,,98.5,,,,,,,9,-1.7829012,43.34165,56.499126,22.021025206145563,59:47.4,7,-0.04,0101000020E61000005A911A68C386FCBF1EB5D51EBBAB4540,20230418_DACIA_DONOSTIA_IRUN_009,,d3,30:26.9,08:11.1,DACIA_SPRING,Dacia Spring 33 kW,33000,139,59:13.0,2.2,3.6,9,N,-1.189694615388357,151.70265084458669,61,47,,,,28.0,33.0,0.0,0,59,2,25,2
59:52.9,,,42,,98.5,,,,,,,9,-1.7838039,43.342136,56.46518,22.111851681204964,59:52.4,7,0.44,0101000020E61000008A0866F3758AFCBF47291421CBAB4540,20230418_DACIA_DONOSTIA_IRUN_009,,d3,30:26.9,08:11.1,DACIA_SPRING,Dacia Spring 33 kW,33000,139,59:13.0,2.2,3.6,9,N,-1.165852350575655,152.10421153589883,61,47,,,,28.0,33.0,0.0,0,59,2,25,2
59:58.8,,,42,,98.5,,,,,,,9,-1.7848693,43.3427,56.5214,22.218416492156848,59:58.5,7,0.359,0101000020E610000078914F18D38EFCBF2547DAA9DDAB4540,20230418_DACIA_DONOSTIA_IRUN_009,,d3,30:26.9,08:11.1,DACIA_SPRING,Dacia Spring 33 kW,33000,139,59:13.0,2.2,3.6,9,N,-0.8367135467198594,157.56038544159492,628,41,,,,371.0,256.0,1.0,0,605,23,65,2
00:04.7,,,42,,98.5,,,,,,,9,-1.7858863,43.34312,57.520355,22.312998997593596,00:04.5,7,0.245,0101000020E61000001695F47CFD92FCBF92C9C75FEBAB4540,20230418_DACIA_DONOSTIA_IRUN_009,,d3,30:26.9,08:11.1,DACIA_SPRING,Dacia Spring 33 kW,33000,139,59:13.0,2.2,3.6,9,N,-0.9100487806009706,156.35724971704568,356,57,,,,72.0,279.0,5.0,0,346,10,65,2
00:11.4,,,42,,98.5,,,,,,,9,-1.7872796999999998,43.34373,58.287690000000005,22.444521207787023,00:11.5,7,-0.14,0101000020E610000073F6549DB298FCBFA9532862FFAB4540,20230418_DACIA_DONOSTIA_IRUN_009,,d3,30:26.9,08:11.1,DACIA_SPRING,Dacia Spring 33 kW,33000,139,59:13.0,2.2,3.6,9,N,-0.0928175535838743,169.52259904076226,356,57,,,,72.0,279.0,5.0,0,346,10,30,2
00:19.2,,,41,,98.5,,,,,,,9,-1.7889560000000002,43.34404,60.280663,22.584405504732786,00:19.6,7,-0.36,0101000020E6100000D780906A909FFCBF0EC92E7609AC4540,20230418_DACIA_DONOSTIA_IRUN_009,,d3,30:26.9,08:11.1,DACIA_SPRING,Dacia Spring 33 kW,33000,139,59:13.0,2.2,3.6,9,N,0.499446555869583,178.974661699262,356,57,,,,72.0,279.0,5.0,0,346,10,30,2
00:25.5,,,41,,98.5,,,,,,,9,-1.7902411,43.344063,60.046635,22.688358107659916,00:25.6,7,-0.123,0101000020E61000001A622CE0D3A4FCBFA94C68440AAC4540,20230418_DACIA_DONOSTIA_IRUN_009,,d3,30:26.9,08:11.1,DACIA_SPRING,Dacia Spring 33 kW,33000,139,59:13.0,2.2,3.6,9,N,0.4608251935688859,178.35443950433773,356,57,,,,72.0,279.0,5.0,0,346,10,65,2
00:31.3,,,41,,98.5,,,,,,,9,-1.7914245999999998,43.344097,61.770237,22.78415310465414,00:31.6,7,-0.375,0101000020E6100000003D1DECACA9FCBFD2A414590BAC4540,20230418_DACIA_DONOSTIA_IRUN_009,,d3,30:26.9,08:11.1,DACIA_SPRING,Dacia Spring 33 kW,33000,139,59:13.0,2.2,3.6,9,N,0.189267158902874,174.01366980039276,356,57,,,,72.0,279.0,5.0,0,346,10,65,2
00:36.7,,,41,,98.5,,,,,,,9,-1.7921875,43.344177,63.40926700000001,22.846505260850577,00:36.7,7,0.0409999999999999,0101000020E6100000A29937B5CCACFCBF7BC644F70DAC4540,20230418_DACIA_DONOSTIA_IRUN_009,,d3,30:26.9,08:11.1,DACIA_SPRING,Dacia Spring 33 kW,33000,139,59:13.0,2.2,3.6,9,N,-0.8656499154440485,157.08640824997337,356,57,,,,72.0,279.0,5.0,0,346,10,65,2
00:42.8,,,41,,98.5,,,,,,,9,-1.7929753000000002,43.34451,66.26628000000001,22.92024583497147,00:42.7,7,0.16,0101000020E6100000AE943CD906B0FCBF8A7A64ED18AC4540,20230418_DACIA_DONOSTIA_IRUN_009,,d3,30:26.9,08:11.1,DACIA_SPRING,Dacia Spring 33 kW,33000,139,59:13.0,2.2,3.6,9,N,-1.8101775532475264,140.81278376756987,356,57,,,,72.0,279.0,5.0,0,346,10,65,2
00:48.3,,,41,,98.5,,,,,,,9,-1.793596,43.345016,67.53828,22.995655760344125,00:48.7,7,-0.4379999999999999,0101000020E6100000241F61B291B2FCBFF56E8F7D29AC4540,20230418_DACIA_DONOSTIA_IRUN_009,,d3,30:26.9,08:11.1,DACIA_SPRING,Dacia Spring 33 kW,33000,139,59:13.0,2.2,3.6,9,N,-0.1926052088658915,167.93312860144678,356,57,,,,72.0,279.0,5.0,0,346,10,65,2
00:53.8,,,41,,98.5,,,,,,,9,-1.7944380000000002,43.345196,68.377464,23.06662956003735,00:53.7,7,0.0969999999999999,0101000020E6100000FE5A0C9004B6FCBF14F94E502FAC4540,20230418_DACIA_DONOSTIA_IRUN_009,,d3,30:26.9,08:11.1,DACIA_SPRING,Dacia Spring 33 kW,33000,139,59:13.0,2.2,3.6,9,N,1.1065575593548498,-171.0987667671932,356,57,,,,72.0,279.0,5.0,0,346,10,65,1
00:59.7,,,41,,98.5,,,,,,,9,-1.7954148999999997,43.345043,68.750946,23.14743820257795,00:59.9,7,-0.144,0101000020E61000009F2AB90605BAFCBF3D4A2F612AAC4540,20230418_DACIA_DONOSTIA_IRUN_009,,d3,30:26.9,08:11.1,DACIA_SPRING,Dacia Spring 33 kW,33000,139,59:13.0,2.2,3.6,9,N,0.973434354247944,-173.31202277069656,356,57,,,,72.0,279.0,5.0,0,346,10,65,1
01:05.3,,,41,,98.5,,,,,,,9,-1.7963273999999998,43.344936,67.024734,23.222200262093278,01:05.8,7,-0.451,0101000020E6100000F0001BCEC1BDFCBF8F3DE8DB26AC4540,20230418_DACIA_DONOSTIA_IRUN_009,,d3,30:26.9,08:11.1,DACIA_SPRING,Dacia Spring 33 kW,33000,139,59:13.0,2.2,3.6,9,N,0.692707711967369,-177.9060231132091,356,57,,,,72.0,279.0,5.0,0,346,10,65,1
01:10.9,,,41,,98.5,,,,,,,9,-1.7973119999999998,43.3449,63.75579499999999,23.30198733197033,01:10.8,7,0.119,0101000020E6100000912C1640CAC1FCBFD68AE59225AC4540,20230418_DACIA_DONOSTIA_IRUN_009,,d3,30:26.9,08:11.1,DACIA_SPRING,Dacia Spring 33 kW,33000,139,59:13.0,2.2,3.6,9,N,-0.371141583639038,165.0825842342001,356,57,,,,72.0,279.0,5.0,0,346,10,65,2
01:18.6,,,41,,98.5,,,,,,,9,-1.7987383999999995,43.34528,62.714058,23.42483285249274,01:18.9,7,-0.226,0101000020E6100000253845EFA1C7FCBF3C37B11932AC4540,20230418_DACIA_DONOSTIA_IRUN_009,,d3,30:26.9,08:11.1,DACIA_SPRING,Dacia Spring 33 kW,33000,139,59:13.0,2.2,3.6,9,N,-0.4698750950468749,163.50030816516136,356,57,,,,72.0,279.0,5.0,0,346,10,65,1
01:26.1,,,41,,98.5,,,,,,,9,-1.8000753,43.345676,62.604954000000006,23.54156373436347,01:25.9,7,0.1989999999999999,0101000020E6100000BAFF41CB1BCDFCBFE1D3CE2F3FAC4540,20230418_DACIA_DONOSTIA_IRUN_009,,d3,30:26.9,08:11.1,DACIA_SPRING,Dacia Spring 33 kW,33000,139,59:13.0,2.2,3.6,9,N,-0.0461779526775609,170.2650349011493,356,57,,,,72.0,279.0,5.0,0,346,10,8,1
01:31.9,,,41,,98.5,,,,,,,9,-1.8014101000000002,43.345905,62.99079,23.652464154766463,01:31.9,7,-0.04,0101000020E61000008564BA5493D2FCBF6B40A6A846AC4540,20230418_DACIA_DONOSTIA_IRUN_009,,d3,30:26.9,08:11.1,DACIA_SPRING,Dacia Spring 33 kW,33000,139,03:49.7,2.2,3.6,13,NNE,0.1397001784418421,169.22395579988756,356,57,,,,72.0,279.0,5.0,0,346,10,65,1
01:37.5,,,41,,98.5,,,,,,,9,-1.8027499,43.34616,60.700558,23.764477295042166,01:38.0,7,-0.477,0101000020E61000000D12DD4310D8FCBFAD5CF5FB4EAC4540,20230418_DACIA_DONOSTIA_IRUN_009,,d3,30:26.9,08:11.1,DACIA_SPRING,Dacia Spring 33 kW,33000,139,03:49.7,2.2,3.6,13,NNE,-0.6517285954709225,156.56990657307065,356,57,,,,72.0,279.0,5.0,0,346,10,8,2
01:43.3,,,41,,98.5,,,,,,,9,-1.8036683,43.346558,58.22373,23.85096374729749,01:43.0,7,0.301,0101000020E61000000CD02630D3DBFCBF297628055CAC4540,20230418_DACIA_DONOSTIA_IRUN_009,,d3,30:26.9,08:11.1,DACIA_SPRING,Dacia Spring 33 kW,33000,139,03:49.7,2.2,3.6,13,NNE,-0.6999540025600304,155.78847489792736,356,57,,,,72.0,279.0,5.0,0,346,10,8,2
01:49.3,,,41,,98.5,,,,,,,9,-1.8047847,43.34706,57.676956,23.957103623185446,01:50.1,7,-0.77,0101000020E61000001EDCA4E065E0FCBFD05934866CAC4540,20230418_DACIA_DONOSTIA_IRUN_009,,d3,30:26.9,08:11.1,DACIA_SPRING,Dacia Spring 33 kW,33000,139,03:49.7,2.2,3.6,13,NNE,0.5268303930070787,175.41498617991942,356,57,,,,72.0,279.0,5.0,0,346,10,8,2
01:56.0,,,40,,98.5,,,,,,,9,-1.8064681,43.347195,57.11184300000001,24.094052891926545,01:56.1,7,-0.096,0101000020E61000006BFFD4234BE7FCBFA413ABE770AC4540,20230418_DACIA_DONOSTIA_IRUN_009,,d3,30:26.9,08:11.1,DACIA_SPRING,Dacia Spring 33 kW,33000,139,03:49.7,2.2,3.6,13,NNE,0.3801002398603517,173.06077975917816,356,57,,,,72.0,279.0,5.0,0,346,10,8,2
02:01.8,,,40,,98.5,,,,,,,9,-1.8079717,43.347378000000006,56.61391,24.21732856323492,02:02.1,7,-0.252,0101000020E61000003557A8C873EDFCBF255509D776AC4540,20230418_DACIA_DONOSTIA_IRUN_009,,d3,30:26.9,08:11.1,DACIA_SPRING,Dacia Spring 33 kW,33000,139,03:49.7,2.2,3.6,13,NNE,0.4552098997967912,174.26433711177023,356,57,,,,72.0,279.0,5.0,0,346,10,8,2
02:08.9,,,40,,98.5,,,,,,,9,-1.809714,43.347553000000005,56.01357,24.359552212356423,02:09.2,7,-0.303,0101000020E6100000C15C99A296F4FCBFE108D29E7CAC4540,20230418_DACIA_DONOSTIA_IRUN_009,,d3,30:26.9,08:11.1,DACIA_SPRING,Dacia Spring 33 kW,33000,139,03:49.7,2.2,3.6,13,NNE,0.8989808463122659,-178.53923947167866,356,57,,,,72.0,279.0,5.0,0,346,10,8,2
02:19.0,,,40,,98.5,,,,,,,9,-1.8121061,43.347492,61.924236,24.55318979027089,02:19.2,7,-0.209,0101000020E6100000B289BF0D63FEFCBF0B5489977AAC4540,20230418_DACIA_DONOSTIA_IRUN_009,,d3,30:26.9,08:11.1,DACIA_SPRING,Dacia Spring 33 kW,33000,139,03:49.7,2.2,3.6,13,NNE,2.948910186035084,-138.0010314676082,356,57,,,,72.0,279.0,5.0,0,346,10,65,2
03:36.9,,,40,,98.5,,,,,,,9,-1.821771,43.33879,61.1158,25.797031679621817,03:36.8,7,0.147,0101000020E6100000997AC064F925FDBF1F0BBD7C5DAB4540,20230418_DACIA_DONOSTIA_IRUN_009,,d3,30:26.9,08:11.1,DACIA_SPRING,Dacia Spring 33 kW,33000,139,03:49.7,2.2,3.6,13,NNE,3.3885397017666508,-83.26441951321786,169,45,,,,85.0,84.0,0.0,0,150,19,65,1
03:42.4,,,40,,98.5,,,,,,,9,-1.821649,43.337757,60.98907,25.912319088543637,03:42.7,7,-0.23,0101000020E61000009A856F537925FDBFF9887F903BAB4540,20230418_DACIA_DONOSTIA_IRUN_009,,d3,30:26.9,08:11.1,DACIA_SPRING,Dacia Spring 33 kW,33000,139,03:49.7,2.2,3.6,13,NNE,3.40028083406253,-83.8254672315877,169,45,,,,85.0,84.0,0.0,0,150,19,65,1
03:48.0,,,40,,98.5,,,,,,,9,-1.8215578,43.336914,61.223465,26.006346441074125,03:47.7,7,0.27,0101000020E61000001138CBB31925FDBF2ABD6A0F20AB4540,20230418_DACIA_DONOSTIA_IRUN_009,,d3,30:26.9,08:11.1,DACIA_SPRING,Dacia Spring 33 kW,33000,139,03:49.7,2.2,3.6,13,NNE,3.349505247580217,-81.50008697468427,169,45,,,,85.0,84.0,0.0,0,150,19,25,1
03:53.5,,,40,,98.5,,,,,,,9,-1.8214085,43.335915,62.67845500000001,26.11809398459858,03:53.7,7,-0.256,0101000020E6100000710F22387D24FDBFF5CA5840FFAA4540,20230418_DACIA_DONOSTIA_IRUN_009,,d3,30:26.9,08:11.1,DACIA_SPRING,Dacia Spring 33 kW,33000,139,03:49.7,2.2,3.6,13,NNE,3.51326649076412,-90.39753041718296,169,45,,,,85.0,84.0,0.0,0,150,19,25,1
03:59.2,,,40,,98.5,,,,,,,9,-1.8214148,43.335007,63.41885,26.21906297832572,03:58.7,7,0.43,0101000020E6100000D54F0DE48324FDBFACB18C71E1AA4540,20230418_DACIA_DONOSTIA_IRUN_009,,d3,30:26.9,08:11.1,DACIA_SPRING,Dacia Spring 33 kW,33000,139,03:49.7,2.2,3.6,13,NNE,3.561360312403824,-111.40218808080796,169,45,,,,85.0,84.0,0.0,0,150,19,25,1
04:04.7,,,40,,98.5,,,,,,,9,-1.8218573,43.333878000000006,64.0023,26.349605085006,04:04.8,7,-0.107,0101000020E61000002C8B84D65326FDBFEFB06774BCAA4540,20230418_DACIA_DONOSTIA_IRUN_009,,d3,30:26.9,08:11.1,DACIA_SPRING,Dacia Spring 33 kW,33000,139,04:13.1,2.2,3.6,13,NNE,3.269331593130737,-127.74938538506628,169,45,,,,85.0,84.0,0.0,0,150,19,25,1
04:10.2,,,40,,98.5,,,,,,,9,-1.8225162,43.333027,65.67948,26.45821947733008,04:09.8,7,0.3879999999999999,0101000020E61000009AEF42B50629FDBFFB8A03A7A0AA4540,20230418_DACIA_DONOSTIA_IRUN_009,,d3,30:26.9,08:11.1,DACIA_SPRING,Dacia Spring 33 kW,33000,139,04:13.1,2.2,3.6,13,NNE,2.774022822947625,-142.59562659886026,169,45,,,,85.0,84.0,0.0,0,150,19,65,1
04:15.6,,,40,,98.5,,,,,,,9,-1.8235977,43.3322,66.41117,26.58513826572185,04:15.8,7,-0.248,0101000020E61000006C414EB2742DFDBF8AC56B8385AA4540,20230418_DACIA_DONOSTIA_IRUN_009,,d3,30:26.9,08:11.1,DACIA_SPRING,Dacia Spring 33 kW,33000,139,04:13.1,2.2,3.6,13,NNE,2.704731366761868,-144.29564751026948,169,45,,,,85.0,84.0,0.0,0,150,19,65,1
04:21.2,,,40,,98.5,,,,,,,9,-1.8245063,43.331547,65.98272,26.688449224458136,04:21.0,7,0.261,0101000020E6100000A242FC7D2D31FDBF55D1E61670AA4540,20230418_DACIA_DONOSTIA_IRUN_009,,d3,30:26.9,08:11.1,DACIA_SPRING,Dacia Spring 33 kW,33000,139,04:13.1,2.2,3.6,13,NNE,2.7445292417160108,-143.32648814715697,169,45,,,,85.0,84.0,0.0,0,150,19,65,1
04:26.9,,,40,,98.5,,,,,,,9,-1.8254423,43.33085,65.021866,26.7967963698107,04:26.9,7,0.012,0101000020E6100000A22A4A070335FDBFF9E21B3F59AA4540,20230418_DACIA_DONOSTIA_IRUN_009,,d3,30:26.9,08:11.1,DACIA_SPRING,Dacia Spring 33 kW,33000,139,04:13.1,2.2,3.6,13,NNE,2.414189750208915,-150.88597172297528,169,45,,,,85.0,84.0,0.0,0,150,19,65,1
04:32.4,,,40,,98.5,,,,,,,9,-1.8263832,43.330326,66.32531999999999,26.89265257288817,04:32.9,7,-0.494,0101000020E61000001F77DAA1DD38FDBF6E03FA2648AA4540,20230418_DACIA_DONOSTIA_IRUN_009,,d3,30:26.9,08:11.1,DACIA_SPRING,Dacia Spring 33 kW,33000,139,04:13.1,2.2,3.6,13,NNE,1.4571107380151076,-169.12435130086786,169,45,,,,85.0,84.0,0.0,0,150,19,8,1
04:37.9,,,40,,98.5,,,,,,,9,-1.8273513,43.33014,67.76195,26.97365481705289,04:38.0,7,-0.01,0101000020E610000045FFAFB8D43CFDBFAC5360FE41AA4540,20230418_DACIA_DONOSTIA_IRUN_009,,d3,30:26.9,08:11.1,DACIA_SPRING,Dacia Spring 33 kW,33000,139,04:13.1,2.2,3.6,13,NNE,1.3822966739105371,-170.42010795793027,169,45,,,,85.0,84.0,0.0,0,150,19,85,1
04:43.6,,,40,,98.5,,,,,,,9,-1.8282993000000003,43.32998,69.59789,27.052391768322124,04:44.0,7,-0.39,0101000020E6100000220607B3B640FDBF42EB54BE3CAA4540,20230418_DACIA_DONOSTIA_IRUN_009,,d3,30:26.9,08:11.1,DACIA_SPRING,Dacia Spring 33 kW,33000,139,04:13.1,2.2,3.6,13,NNE,3.580204520577265,-109.0113027227862,169,45,,,,85.0,84.0,0.0,0,150,19,85,1
04:49.3,,,40,,98.5,,,,,,,9,-1.8285205,43.329338,70.64281,27.12599429804013,04:49.0,7,0.222,0101000020E61000009119C8C79E41FDBFDEFF1FC627AA4540,20230418_DACIA_DONOSTIA_IRUN_009,,d3,30:26.9,08:11.1,DACIA_SPRING,Dacia Spring 33 kW,33000,139,04:13.1,2.2,3.6,13,NNE,3.5272775960601948,-91.46402509960576,169,45,,,,85.0,84.0,0.0,0,150,19,85,1
04:54.7,,,39,,98.5,,,,,,,9,-1.828548,43.328262,74.18072,27.24571300167096,04:55.1,7,-0.319,0101000020E6100000AA05677EBB41FDBFE8035C7904AA4540,20230418_DACIA_DONOSTIA_IRUN_009,,d3,30:26.9,08:11.1,DACIA_SPRING,Dacia Spring 33 kW,33000,139,04:13.1,2.2,3.6,13,NNE,3.472103718176273,-118.31826408708312,169,45,,,,85.0,84.0,0.0,0,150,19,85,1
05:00.3,,,39,,98.5,,,,,,,9,-1.8290001,43.327423,75.389175,27.34592413178914,05:00.1,7,0.21,0101000020E61000006ABC81A19543FDBFD911F601E9A94540,20230418_DACIA_DONOSTIA_IRUN_009,,d3,30:26.9,08:11.1,DACIA_SPRING,Dacia Spring 33 kW,33000,139,04:13.1,2.2,3.6,13,NNE,2.7936345761893824,-142.10334332819522,169,45,,,,85.0,84.0,0.0,0,150,19,85,1
05:05.8,,,39,,98.5,,,,,,,9,-1.8301345,43.32654,80.25189,27.48040049038915,05:06.1,7,-0.311,0101000020E61000007F06D8263B48FDBF3751602ACCA94540,20230418_DACIA_DONOSTIA_IRUN_009,,d3,30:26.9,08:11.1,DACIA_SPRING,Dacia Spring 33 kW,33000,139,04:13.1,2.2,3.6,13,NNE,3.2604260766866613,-128.08579908318805,169,45,,,,85.0,84.0,0.0,0,150,19,8,1
05:11.4,,,39,,98.5,,,,,,,9,-1.8309182,43.32554,87.13149,27.608581505807365,05:11.2,7,0.225,0101000020E610000011F3A8DB704BFDBFE0FEC64BABA94540,20230418_DACIA_DONOSTIA_IRUN_009,,d3,30:26.9,08:11.1,DACIA_SPRING,Dacia Spring 33 kW,33000,139,04:13.1,2.2,3.6,13,NNE,3.590751505850182,-98.89214682026612,169,45,,,,85.0,84.0,0.0,0,150,19,85,2
05:16.9,,,39,,98.5,,,,,,,9,-1.8310515,43.324688,90.676765,27.70399712835558,05:17.2,7,-0.292,0101000020E6100000FB4CBC9AFC4BFDBF508FAB6B8FA94540,20230418_DACIA_DONOSTIA_IRUN_009,,d3,30:26.9,08:11.1,DACIA_SPRING,Dacia Spring 33 kW,33000,139,04:13.1,2.2,3.6,13,NNE,3.595430385082325,-105.88716850264524,169,45,,,,85.0,84.0,0.0,0,150,19,85,2
05:22.4,,,39,,98.5,,,,,,,9,-1.8312143,43.324116,94.03839,27.769036611992874,05:22.2,7,0.162,0101000020E6100000D5F38450A74CFDBFE062A9987CA94540,20230418_DACIA_DONOSTIA_IRUN_009,,d3,30:26.9,08:11.1,DACIA_SPRING,Dacia Spring 33 kW,33000,139,04:13.1,2.2,3.6,13,NNE,2.8663199440248186,-140.23125544056148,169,45,,,,85.0,84.0,0.0,0,150,19,85,2
05:27.9,,,39,,98.5,,,,,,,9,-1.8317502,43.32367,97.14757,27.83497893134773,05:28.3,7,-0.395,0101000020E610000058732347D94EFDBFF7552F066EA94540,20230418_DACIA_DONOSTIA_IRUN_009,,d3,30:26.9,08:11.1,DACIA_SPRING,Dacia Spring 33 kW,33000,139,04:13.1,2.2,3.6,13,NNE,1.6471721327505664,-165.77101468606395,169,45,,,,85.0,84.0,0.0,0,150,19,40,2
05:33.4,,,39,,98.5,,,,,,,9,-1.8323023,43.32353,101.02043,27.88243372672952,05:33.3,7,0.1159999999999999,0101000020E6100000CBD2C7471C51FDBF04B1705C69A94540,20230418_DACIA_DONOSTIA_IRUN_009,,d3,30:26.9,08:11.1,DACIA_SPRING,Dacia Spring 33 kW,33000,139,04:13.1,2.2,3.6,13,NNE,1.5826860499882094,-166.91940409035,169,45,,,,85.0,84.0,0.0,0,150,19,40,2
05:38.8,,,39,,98.5,,,,,,,9,-1.8328618000000003,43.3234,103.33774,27.930002429521387,05:39.3,7,-0.479,0101000020E61000003B055CE36653FDBFB0567F1365A94540,20230418_DACIA_DONOSTIA_IRUN_009,,d3,30:26.9,08:11.1,DACIA_SPRING,Dacia Spring 33 kW,33000,139,04:13.1,2.2,3.6,13,NNE,0.3892939274980113,173.207944543038,169,45,,,,85.0,84.0,0.0,0,150,19,25,2
05:44.4,,,39,,98.5,,,,,,,9,-1.8332984,43.323452,104.25887,27.9658025473744,05:44.3,7,0.09,0101000020E61000006F25CEB43055FDBF1880AEDB66A94540,20230418_DACIA_DONOSTIA_IRUN_009,,d3,30:26.9,08:11.1,DACIA_SPRING,Dacia Spring 33 kW,33000,139,04:13.1,2.2,3.6,13,NNE,2.0897642996991226,-157.5149801303077,169,45,,,,85.0,84.0,0.0,0,150,19,8,2
05:49.8,,,39,,98.5,,,,,,,9,-1.8337212,43.323277,106.59928,28.005222044360863,05:49.4,7,0.4429999999999999,0101000020E6100000F2C4B6FFEB56FDBF02778C1961A94540,20230418_DACIA_DONOSTIA_IRUN_009,,d3,30:26.9,08:11.1,DACIA_SPRING,Dacia Spring 33 kW,33000,139,04:13.1,2.2,3.6,13,NNE,2.270858584577941,-153.89126947503007,169,45,,,,85.0,84.0,0.0,0,150,19,8,2
05:55.4,,,38,,98.5,,,,,,,9,-1.8342456000000005,43.32302,109.65816,28.056461918101554,05:55.4,7,-0.038,0101000020E6100000E7EF59EB1159FDBFCE57C5B558A94540,20230418_DACIA_DONOSTIA_IRUN_009,,d3,30:26.9,08:11.1,DACIA_SPRING,Dacia Spring 33 kW,33000,139,04:13.1,2.2,3.6,13,NNE,1.3175900265699962,-171.53103319431798,169,45,,,,85.0,84.0,0.0,0,150,19,8,2
06:00.9,,,38,,98.5,,,,,,,9,-1.8349575,43.322914,114.3435,28.1154306493669,06:00.4,7,0.413,0101000020E610000012232B5DFC5BFDBF3B2A053F55A94540,20230418_DACIA_DONOSTIA_IRUN_009,,d3,30:26.9,08:11.1,DACIA_SPRING,Dacia Spring 33 kW,33000,139,04:13.1,2.2,3.6,13,NNE,1.4641441052723054,-169.0018782138668,169,45,,,,85.0,84.0,0.0,0,150,19,8,2
06:06.4,,,38,,98.5,,,,,,,9,-1.8354669,43.322815000000006,115.90938,28.158111946179087,06:06.5,7,-0.094,0101000020E6100000953A068C125EFDBF8EC6370B52A94540,20230418_DACIA_DONOSTIA_IRUN_009,,d3,30:26.9,08:11.1,DACIA_SPRING,Dacia Spring 33 kW,33000,139,04:13.1,2.2,3.6,13,NNE,2.7838291991980584,-142.35011723725458,169,45,,,,85.0,84.0,0.0,0,150,19,8,2
06:11.8,,,38,,98.5,,,,,,,9,-1.8358752,43.3225,116.91153,28.206265680530073,06:11.5,7,0.362,0101000020E6100000992AF29FBE5FFDBF9B70B19E47A94540,20230418_DACIA_DONOSTIA_IRUN_009,,d3,30:26.9,08:11.1,DACIA_SPRING,Dacia Spring 33 kW,33000,139,04:13.1,2.2,3.6,13,NNE,3.0622340412152904,-134.7207700523879,169,45,,,,85.0,84.0,0.0,0,150,19,8,2
06:17.3,,,38,,98.5,,,,,,,9,-1.836304,43.322067,119.39198,28.265658997351434,06:17.5,7,-0.183,0101000020E6100000DBA7E6388061FDBFC546708A39A94540,20230418_DACIA_DONOSTIA_IRUN_009,,d3,30:26.9,08:11.1,DACIA_SPRING,Dacia Spring 33 kW,33000,139,04:13.1,2.2,3.6,13,NNE,3.407034341155429,-121.84454469009216,169,45,,,,85.0,84.0,0.0,0,150,19,8,2
06:22.9,,,38,,98.5,,,,,,,9,-1.836563,43.32165,119.96083,28.316544411521328,06:22.8,7,0.081,0101000020E6100000DCBF69E38F62FDBFAC902AD62BA94540,20230418_DACIA_DONOSTIA_IRUN_009,,d3,30:26.9,08:11.1,DACIA_SPRING,Dacia Spring 33 kW,33000,139,04:13.1,2.2,3.6,13,NNE,2.997281415742082,-136.63550340345748,169,45,,,,85.0,84.0,0.0,0,150,19,8,2
06:28.4,,,38,,98.5,,,,,,,9,-1.8368764,43.321354,122.00267,28.358140633224245,06:28.6,7,-0.17,0101000020E6100000468E0D85D863FDBF08B10C2622A94540,20230418_DACIA_DONOSTIA_IRUN_009,,d3,30:26.9,08:11.1,DACIA_SPRING,Dacia Spring 33 kW,33000,139,04:13.1,2.2,3.6,13,NNE,1.3115605300865008,-171.63411388217503,169,45,,,,85.0,84.0,0.0,0,150,19,8,2
06:33.9,,,38,,98.5,,,,,,,9,-1.8369036,43.32135,123.408035,28.36078913067913,06:33.6,7,0.296,0101000020E6100000B1DE0C00F563FDBFD0765D0822A94540,20230418_DACIA_DONOSTIA_IRUN_009,,d3,30:26.9,08:11.1,DACIA_SPRING,Dacia Spring 33 kW,33000,139,08:49.7,2.2,3.6,13,NNE,2.83236491007984,-141.11550355720098,169,45,,,,85.0,84.0,0.0,0,150,19,8,2
06:39.4,,,38,,98.5,,,,,,,9,-1.836916,43.32134,123.07943,28.36232231313427,06:39.6,7,-0.24,0101000020E6100000B038F2F90164FDBFEAB460A521A94540,20230418_DACIA_DONOSTIA_IRUN_009,,d3,30:26.9,08:11.1,DACIA_SPRING,Dacia Spring 33 kW,33000,139,08:49.7,2.2,3.6,13,NNE,3.5917890077036074,-106.8704974241456,169,45,,,,85.0,84.0,0.0,0,150,19,8,2
06:44.9,,,38,,98.5,,,,,,,9,-1.8369718,43.321156,120.60991,28.383419256297863,06:44.6,7,0.2269999999999999,0101000020E61000007C34FB7C3C64FDBFBE346F9F1BA94540,20230418_DACIA_DONOSTIA_IRUN_009,,d3,30:26.9,08:11.1,DACIA_SPRING,Dacia Spring 33 kW,33000,139,08:49.7,2.2,3.6,13,NNE,2.662353533397498,-60.69247077418656,169,45,,,,85.0,84.0,0.0,0,150,19,8,2
06:50.4,,,38,,98.5,,,,,,,9,-1.8367467,43.320755,119.77089,28.43159078852868,06:50.7,7,-0.272,0101000020E61000000D8D618E5063FDBF1427EF760EA94540,20230418_DACIA_DONOSTIA_IRUN_009,,d3,30:26.9,08:11.1,DACIA_SPRING,Dacia Spring 33 kW,33000,139,08:49.7,2.2,3.6,13,NNE,2.913653852303336,-67.03230659975456,169,45,,,,85.0,84.0,0.0,0,150,19,8,2
06:55.9,,,38,,98.5,,,,,,,9,-1.8366755,43.320587,117.913734,28.451227374837796,06:55.7,7,0.221,0101000020E610000049C43BD60563FDBFC9792A0C09A94540,20230418_DACIA_DONOSTIA_IRUN_009,,d3,30:26.9,08:11.1,DACIA_SPRING,Dacia Spring 33 kW,33000,139,08:49.7,2.2,3.6,13,NNE,3.540748948341521,-113.40954805647397,169,45,,,,85.0,84.0,0.0,0,150,19,8,2
07:01.5,,,38,,98.5,,,,,,,9,-1.8367846,43.320335,116.83243600000002,28.480625488368435,07:01.7,7,-0.252,0101000020E610000048C6CB4C7863FDBFAC45A8CE00A94540,20230418_DACIA_DONOSTIA_IRUN_009,,d3,30:26.9,08:11.1,DACIA_SPRING,Dacia Spring 33 kW,33000,139,08:49.7,2.2,3.6,13,NNE,2.2050692928213462,-155.22811524255562,169,45,,,,85.0,84.0,0.0,0,150,19,8,2
07:08.0,,,38,,98.5,,,,,,,9,-1.8370078,43.320232,117.24459,28.502011809171762,07:07.8,7,0.296,0101000020E61000005AABDD406264FDBFB18C7E57FDA84540,20230418_DACIA_DONOSTIA_IRUN_009,,d3,30:26.9,08:11.1,DACIA_SPRING,Dacia Spring 33 kW,33000,139,08:49.7,2.2,3.6,13,NNE,1.61737522086304,-166.30308507187894,169,45,,,,85.0,84.0,0.0,0,150,19,8,2
07:13.4,,,38,,98.5,,,,,,,9,-1.8371391,43.3202,117.47258,28.51321614707951,07:13.8,7,-0.349,0101000020E6100000AAD361F8EB64FDBFDFC7CC6EFCA84540,20230418_DACIA_DONOSTIA_IRUN_009,,d3,30:26.9,08:11.1,DACIA_SPRING,Dacia Spring 33 kW,33000,139,08:49.7,2.2,3.6,13,NNE,1.4788802596768684,-168.74489600487095,169,45,,,,85.0,84.0,0.0,0,150,19,8,2
07:19.0,,,38,,98.5,,,,,,,9,-1.8373401000000005,43.32016,116.883766,28.530084221064413,07:18.8,7,0.1689999999999999,0101000020E6100000F9DD76CDBE65FDBF5D1862FAFAA84540,20230418_DACIA_DONOSTIA_IRUN_009,,d3,30:26.9,08:11.1,DACIA_SPRING,Dacia Spring 33 kW,33000,139,08:49.7,2.2,3.6,13,NNE,1.887840152439228,-161.37213682418098,169,45,,,,85.0,84.0,0.0,0,150,19,8,2
07:24.5,,,38,,98.5,,,,,,,9,-1.8375181,43.3201,115.93386,28.545982917067967,07:24.9,7,-0.369,0101000020E610000051A0CB567966FDBF6C7566F0F8A84540,20230418_DACIA_DONOSTIA_IRUN_009,,d3,30:26.9,08:11.1,DACIA_SPRING,Dacia Spring 33 kW,33000,139,08:49.7,2.2,3.6,13,NNE,1.8591312603429448,-161.90722495668444,169,45,,,,85.0,84.0,0.0,0,150,19,8,2
07:30.0,,,38,,98.5,,,,,,,9,-1.8377446,43.320026,115.21403,28.566081957410603,07:29.9,7,0.114,0101000020E61000006C04BFEF6667FDBF57E5AEAEF6A84540,20230418_DACIA_DONOSTIA_IRUN_009,,d3,30:26.9,08:11.1,DACIA_SPRING,Dacia Spring 33 kW,33000,139,08:49.7,2.2,3.6,13,NNE,2.146888048656541,-49.609486605781335,169,45,,,,85.0,84.0,0.0,0,150,19,8,2
07:35.5,,,38,,98.5,,,,,,,9,-1.8375268,43.31977,113.71529,28.599593219058065,07:35.9,7,-0.411,0101000020E6100000493053898266FDBF16F6054CEEA84540,20230418_DACIA_DONOSTIA_IRUN_009,,d3,30:26.9,08:11.1,DACIA_SPRING,Dacia Spring 33 kW,33000,139,08:49.7,2.2,3.6,13,NNE,2.240587497254281,-51.49054020010747,169,45,,,,85.0,84.0,0.0,0,150,19,8,2
07:41.0,,,38,,98.5,,,,,,,9,-1.8373971,43.319607,111.24323,28.620681404955025,07:40.9,7,0.113,0101000020E61000002A403184FA65FDBFF2D27AD4E8A84540,20230418_DACIA_DONOSTIA_IRUN_009,,d3,30:26.9,08:11.1,DACIA_SPRING,Dacia Spring 33 kW,33000,139,08:49.7,2.2,3.6,13,NNE,3.404742847341488,-84.04286888243217,169,45,,,,85.0,84.0,0.0,0,150,19,8,2
07:46.6,,,38,,98.5,,,,,,,9,-1.8373947,43.319584000000006,110.52685,28.62334441414607,07:47.0,7,-0.335,0101000020E6100000980E2DF4F765FDBF92D0B314E8A84540,20230418_DACIA_DONOSTIA_IRUN_009,,d3,30:26.9,08:11.1,DACIA_SPRING,Dacia Spring 33 kW,33000,139,08:49.7,2.2,3.6,13,NNE,,,169,45,,,,85.0,84.0,0.0,0,150,19,8,2
