timestamp_data_utc,elv_spy,speed,soc,amb_temp,soh,regenwh,Motor Pwr(w),Aux Pwr(100w),Motor Temp,Torque Nm,rpm,route_id,longitude,latitude,altitude,cumul_dist,timestamp_gps_utc,car_id,time_diff,point_geom,route_code,route_description,driver,start_timestamp,end_timestamp,car_code,car_description,capacity,ref_consumption,timestamp_weather_utc,wind_mph,wind_kph,wind_degree,wind_dir,Frontal_Wind,Veh_deg,totalVehicles,speedAvg,cars_by_speed_interval_0_80,cars_by_speed_interval_80_100,cars_by_speed_interval_100_120,cars_by_speed_interval_0_50,cars_by_speed_interval_50_80,cars_by_speed_interval_80_120,cars_by_speed_interval_120_inf,cars_by_length_interval_0_7,cars_by_length_interval_7_inf,max_speed,radius
22:13.5,,,79,,98.5,,,,,,,57,-1.9679492,43.32954,159.24878,0.0,22:13.1,6,0.41,0101000020E6100000C5D5334AB87CFFBFB3A791542EAA4540,20230421_DACIA_ULIA_HERNANI_057,,d3,22:09.1,03:42.1,DACIA_SPRING,Dacia Spring 33 kW,33000,139,21:50.8,5.6,9,60,ENE,-0.7922632955179668,-54.94975832024708,446,112,1.0,43.0,308.0,,,,94,208,238,25,3
22:22.0,,,79,,98.5,,,,,,,57,-1.9676714,43.329144,178.14001000000002,0.05292165850009836,22:22.2,6,-0.13,0101000020E6100000CC5DF00E957BFFBF8A9B6C6621AA4540,20230421_DACIA_ULIA_HERNANI_057,,d3,22:09.1,03:42.1,DACIA_SPRING,Dacia Spring 33 kW,33000,139,21:50.8,5.6,9,60,ENE,-5.394137731194945,-23.17673857727788,446,112,1.0,43.0,308.0,,,,94,208,238,8,3
22:28.8,,,79,,98.5,,,,,,,57,-1.9670384,43.328873,170.08887,0.11287493422498186,22:29.2,6,-0.371,0101000020E6100000D2659C4CFD78FFBF1D82367B18AA4540,20230421_DACIA_ULIA_HERNANI_057,,d3,22:09.1,03:42.1,DACIA_SPRING,Dacia Spring 33 kW,33000,139,23:02.1,5.6,9,60,ENE,-6.640996350521687,-12.448143970451502,446,112,1.0,43.0,308.0,,,,94,208,238,8,3
22:34.7,,,79,,98.5,,,,,,,57,-1.9666171,43.32878,172.05188,0.14854088827715345,22:34.2,6,0.456,0101000020E6100000497CF6754377FFBFE9041B7415AA4540,20230421_DACIA_ULIA_HERNANI_057,,d3,22:09.1,03:42.1,DACIA_SPRING,Dacia Spring 33 kW,33000,139,23:02.1,5.6,9,60,ENE,-7.014269474178469,-8.79768563280658,446,112,1.0,43.0,308.0,,,,94,208,238,8,3
22:40.3,,,79,,98.5,,,,,,,57,-1.9661325,43.328705,172.84668,0.18862365014730864,22:40.2,6,0.057,0101000020E61000000B9E9D674775FFBFFC87570613AA4540,20230421_DACIA_ULIA_HERNANI_057,,d3,22:09.1,03:42.1,DACIA_SPRING,Dacia Spring 33 kW,33000,139,23:02.1,5.6,9,60,ENE,-3.1817582440391,-39.29670166108396,446,112,1.0,43.0,308.0,,,,94,208,238,8,3
22:45.8,,,79,,98.5,,,,,,,57,-1.9657476000000005,43.32839,174.29468,0.2355088899023933,22:45.2,6,0.505,0101000020E6100000F112F7B3B373FFBFD8FD3AA208AA4540,20230421_DACIA_ULIA_HERNANI_057,,d3,22:09.1,03:42.1,DACIA_SPRING,Dacia Spring 33 kW,33000,139,23:02.1,5.6,9,60,ENE,1.4608035691735466,-69.34108993671497,446,112,1.0,43.0,308.0,,,,94,208,238,8,3
22:51.4,,,79,,98.5,,,,,,,57,-1.9655176,43.32778,175.01733000000002,0.30584660327366,22:51.3,6,0.129,0101000020E61000000EC305A8C272FFBFC49D03B2F4A94540,20230421_DACIA_ULIA_HERNANI_057,,d3,22:09.1,03:42.1,DACIA_SPRING,Dacia Spring 33 kW,33000,139,23:02.1,5.6,9,60,ENE,-3.4604395129321626,-37.38771397758235,446,112,1.0,43.0,308.0,,,,94,208,238,8,3
22:57.2,,,79,,98.5,,,,,,,57,-1.9650112,43.327393,173.80688,0.3652697606083403,22:57.3,6,-0.129,0101000020E61000004D8C9FA5AF70FFBFE964CA03E8A94540,20230421_DACIA_ULIA_HERNANI_057,,d3,22:09.1,03:42.1,DACIA_SPRING,Dacia Spring 33 kW,33000,139,23:02.1,5.6,9,60,ENE,-8.569819277472153,12.2136402750669,446,112,1.0,43.0,308.0,,,,94,208,238,20,3
23:03.3,,,79,,98.5,,,,,,,57,-1.9643598,43.327534,173.2221,0.42024652709085625,23:03.3,6,-0.033,0101000020E6100000C8DEDE77046EFFBF2E3096AFECA94540,20230421_DACIA_ULIA_HERNANI_057,,d3,22:09.1,03:42.1,DACIA_SPRING,Dacia Spring 33 kW,33000,139,23:02.1,5.6,9,60,ENE,-6.504644692946403,-13.718975267078076,446,112,1.0,43.0,308.0,,,,94,208,238,8,3
23:08.9,,,79,,98.5,,,,,,,57,-1.9638109,43.3274,171.48016,0.4671118680294698,23:09.4,6,-0.442,0101000020E6100000BFD7CEFFC46BFFBF547F7335E8A94540,20230421_DACIA_ULIA_HERNANI_057,,d3,22:09.1,03:42.1,DACIA_SPRING,Dacia Spring 33 kW,33000,139,23:02.1,5.6,9,60,ENE,-2.800212744199285,-41.87237093964205,446,112,1.0,43.0,308.0,,,,94,208,238,8,3
23:14.8,,,79,,98.5,,,,,,,57,-1.963532,43.32715,167.97418000000002,0.5030841336418489,23:14.5,6,0.25,0101000020E6100000F5C7288DA06AFFBF100C180BE0A94540,20230421_DACIA_ULIA_HERNANI_057,,d3,22:09.1,03:42.1,DACIA_SPRING,Dacia Spring 33 kW,33000,139,23:02.1,5.6,9,60,ENE,1.5361373735004236,-69.82747028630195,446,112,1.0,43.0,308.0,,,,94,208,238,8,3
23:20.5,,,79,,98.5,,,,,,,57,-1.9633101,43.326546,169.46228,0.5726189350780263,23:20.4,6,0.0279999999999999,0101000020E6100000B4E454DFB769FFBFAF4B2235CCA94540,20230421_DACIA_ULIA_HERNANI_057,,d3,22:09.1,03:42.1,DACIA_SPRING,Dacia Spring 33 kW,33000,139,23:02.1,5.6,9,60,ENE,-0.5180982836416119,-56.69985944953254,446,112,1.0,43.0,308.0,,,,94,208,238,25,3
23:26.4,,,79,,98.5,,,,,,,57,-1.9630237,43.32611,166.78888,0.6264171958992392,23:26.5,6,-0.06,0101000020E6100000FACE92748B68FFBF57307DF1BDA94540,20230421_DACIA_ULIA_HERNANI_057,,d3,22:09.1,03:42.1,DACIA_SPRING,Dacia Spring 33 kW,33000,139,23:02.1,5.6,9,60,ENE,-7.130262749370208,-7.603589543884774,446,112,1.0,43.0,308.0,,,,94,208,238,25,3
23:32.0,,,79,,98.5,,,,,,,57,-1.9626042,43.326054,167.9278,0.660935912465944,23:31.7,6,0.251,0101000020E6100000EDE6F39BD366FFBFCF52AA2BBCA94540,20230421_DACIA_ULIA_HERNANI_057,,d3,22:09.1,03:42.1,DACIA_SPRING,Dacia Spring 33 kW,33000,139,23:02.1,5.6,9,60,ENE,-7.571006750893392,-2.730511312245634,446,112,1.0,43.0,308.0,,,,94,208,238,25,3
23:37.6,,,79,,98.5,,,,,,,57,-1.9618913,43.32602,167.75671,0.7187264256878003,23:37.5,6,0.048,0101000020E6100000E34C1B27E863FFBF0C47CAF5BAA94540,20230421_DACIA_ULIA_HERNANI_057,,d3,22:09.1,03:42.1,DACIA_SPRING,Dacia Spring 33 kW,33000,139,23:02.1,5.6,9,60,ENE,-1.144734538677624,-52.69259933674378,446,112,1.0,43.0,308.0,,,,94,208,238,25,3
23:43.6,,,79,,98.5,,,,,,,57,-1.9616627,43.32572,157.99323,0.7580970891097022,23:43.5,6,0.119,0101000020E6100000F8BFA762F862FFBF4C5C9E39B1A94540,20230421_DACIA_ULIA_HERNANI_057,,d3,22:09.1,03:42.1,DACIA_SPRING,Dacia Spring 33 kW,33000,139,23:02.1,5.6,9,60,ENE,-2.460806118553412,-44.131948550473695,446,112,1.0,43.0,308.0,,,,94,208,238,25,3
23:49.2,,,79,,98.5,,,,,,,57,-1.9612607,43.32533,150.37146,0.8128339723347241,23:49.5,6,-0.368,0101000020E6100000D67DF8E05261FFBF2F479750A4A94540,20230421_DACIA_ULIA_HERNANI_057,,d3,22:09.1,03:42.1,DACIA_SPRING,Dacia Spring 33 kW,33000,139,23:02.1,5.6,9,60,ENE,-3.379014019052414,-37.948118831693584,446,112,1.0,43.0,308.0,,,,94,208,238,25,3
23:54.9,,,79,,98.5,,,,,,,57,-1.960876,43.32503,150.6817,0.8584548534730776,23:54.6,6,0.281,0101000020E6100000452E3883BF5FFFBF28426EAF9AA94540,20230421_DACIA_ULIA_HERNANI_057,,d3,22:09.1,03:42.1,DACIA_SPRING,Dacia Spring 33 kW,33000,139,23:02.1,5.6,9,60,ENE,-7.794228634059947,0.0,446,112,1.0,43.0,308.0,,,,94,208,238,25,3
24:00.5,,,79,,98.5,,,,,,,57,-1.96053,43.32503,147.97742,0.8865735911545062,24:00.7,6,-0.213,0101000020E61000007BD09ABC545EFFBF64A61F9A9AA94540,20230421_DACIA_ULIA_HERNANI_057,,d3,22:09.1,03:42.1,DACIA_SPRING,Dacia Spring 33 kW,33000,139,23:02.1,5.6,9,60,ENE,-8.986334881086718,26.84224777917928,446,112,1.0,43.0,308.0,,,,94,208,238,25,3
24:10.1,,,79,,98.5,,,,,,,57,-1.9601506,43.325222,149.58203,0.9239935862746098,24:10.1,6,-0.0279999999999999,0101000020E6100000112C16D8C65CFFBFE35109D3A0A94540,20230421_DACIA_ULIA_HERNANI_057,,d3,22:09.1,03:42.1,DACIA_SPRING,Dacia Spring 33 kW,33000,139,23:02.1,5.6,9,60,ENE,-5.350335845225597,-23.52430320110567,446,112,1.0,43.0,308.0,,,,94,208,238,25,3
24:16.9,,,79,,98.5,,,,,,,57,-1.9595809,43.324974,152.12537,0.9777581981966561,24:16.7,6,0.195,0101000020E61000006D78177B715AFFBF3B1258CE98A94540,20230421_DACIA_ULIA_HERNANI_057,,d3,22:09.1,03:42.1,DACIA_SPRING,Dacia Spring 33 kW,33000,139,23:02.1,5.6,9,60,ENE,-3.584584507634008,-36.52885536714225,446,112,1.0,43.0,308.0,,,,94,208,238,25,3
24:22.4,,,79,,98.5,,,,,,,57,-1.9592245,43.32471,150.17358000000002,1.018949305103901,24:22.7,6,-0.253,0101000020E61000002C99E7B1FB58FFBF4B26E12190A94540,20230421_DACIA_ULIA_HERNANI_057,,d3,22:09.1,03:42.1,DACIA_SPRING,Dacia Spring 33 kW,33000,139,23:02.1,5.6,9,60,ENE,-5.844639296144938,-19.503291318352996,543,72,,,,1.0,436.0,106.0,0,520,23,25,2
24:29.2,,,79,,98.5,,,,,,,57,-1.9583436,43.324398,148.77527,1.0982160025506995,24:28.8,6,0.475,0101000020E610000046DABE2E6055FFBF5C16D9EF85A94540,20230421_DACIA_ULIA_HERNANI_057,,d3,22:09.1,03:42.1,DACIA_SPRING,Dacia Spring 33 kW,33000,139,23:02.1,5.6,9,60,ENE,-8.979798486314627,33.83963198011571,446,112,1.0,43.0,308.0,,,,94,208,238,8,2
24:35.0,,,79,,98.5,,,,,,,57,-1.9581318,43.32454,149.22491000000002,1.1215195163702198,24:34.8,6,0.201,0101000020E6100000C3B4B10A8254FFBF66CD3C778AA94540,20230421_DACIA_ULIA_HERNANI_057,,d3,22:09.1,03:42.1,DACIA_SPRING,Dacia Spring 33 kW,33000,139,23:02.1,5.6,9,60,ENE,-7.794228634059947,0.0,446,112,1.0,43.0,308.0,,,,94,208,238,8,2
24:40.7,,,79,,98.5,,,,,,,57,-1.9581318,43.32454,149.22491000000002,1.1215195163702198,24:40.8,6,-0.064,0101000020E6100000C3B4B10A8254FFBF66CD3C778AA94540,20230421_DACIA_ULIA_HERNANI_057,,d3,22:09.1,03:42.1,DACIA_SPRING,Dacia Spring 33 kW,33000,139,23:02.1,5.6,9,60,ENE,-7.794228634059947,0.0,446,112,1.0,43.0,308.0,,,,94,208,238,8,2
24:46.5,,,79,,98.5,,,,,,,57,-1.9581318,43.32454,149.22491000000002,1.1215195163702198,24:46.1,6,0.357,0101000020E6100000C3B4B10A8254FFBF66CD3C778AA94540,20230421_DACIA_ULIA_HERNANI_057,,d3,22:09.1,03:42.1,DACIA_SPRING,Dacia Spring 33 kW,33000,139,23:02.1,5.6,9,60,ENE,-8.250235900884729,53.552706283883545,446,112,1.0,43.0,308.0,,,,94,208,238,8,2
24:54.9,,,79,,98.5,,,,,,,57,-1.9571717,43.32584,148.99506,1.2856151175880188,24:54.9,6,0.092,0101000020E6100000EA24F8329350FFBF561AE725B5A94540,20230421_DACIA_ULIA_HERNANI_057,,d3,22:09.1,03:42.1,DACIA_SPRING,Dacia Spring 33 kW,33000,139,26:45.2,5.6,9,60,ENE,-7.356681873989894,65.17373083414134,446,112,1.0,43.0,308.0,,,,94,208,238,25,2
25:01.1,,,79,,98.5,,,,,,,57,-1.9570764,43.326046000000005,149.30803999999998,1.3097856760321682,25:00.9,6,0.196,0101000020E61000007DF5E95F2F50FFBF5E9A64DCBBA94540,20230421_DACIA_ULIA_HERNANI_057,,d3,22:09.1,03:42.1,DACIA_SPRING,Dacia Spring 33 kW,33000,139,26:45.2,5.6,9,60,ENE,0.4923351755544389,-63.13586842562064,543,72,,,,1.0,436.0,106.0,0,520,23,25,2
25:06.7,,,79,,98.5,,,,,,,57,-1.956968,43.325832,149.11389,1.3351462770884708,25:06.9,6,-0.217,0101000020E610000087ED599DBD4FFFBF865968E7B4A94540,20230421_DACIA_ULIA_HERNANI_057,,d3,22:09.1,03:42.1,DACIA_SPRING,Dacia Spring 33 kW,33000,139,26:45.2,5.6,9,60,ENE,5.068521934736991,-94.27524697227524,446,112,1.0,43.0,308.0,,,,94,208,238,25,2
25:12.3,,,79,,98.5,,,,,,,57,-1.9570216,43.325115,148.42113999999998,1.4149938519577676,25:11.9,6,0.355,0101000020E6100000D0DAE9DEF54FFFBFB09E49519DA94540,20230421_DACIA_ULIA_HERNANI_057,,d3,22:09.1,03:42.1,DACIA_SPRING,Dacia Spring 33 kW,33000,139,26:45.2,5.6,9,60,ENE,1.0752565795888902,-66.86168620249158,446,112,1.0,43.0,308.0,,,,94,208,238,25,2
25:17.8,,,79,,98.5,,,,,,,57,-1.9568058,43.32461,149.0935,1.4738018986856292,25:17.9,6,-0.177,0101000020E6100000B5622C91134FFFBF5333F7D28CA94540,20230421_DACIA_ULIA_HERNANI_057,,d3,22:09.1,03:42.1,DACIA_SPRING,Dacia Spring 33 kW,33000,139,26:45.2,5.6,9,60,ENE,0.9598317803704428,-66.12212180310516,446,112,1.0,43.0,308.0,,,,94,208,238,25,2
25:25.1,,,79,,98.5,,,,,,,57,-1.9565247,43.323975,147.24347,1.548004839096952,25:25.1,6,0.005,0101000020E6100000330F05D8EC4DFFBF3AE42C0D78A94540,20230421_DACIA_ULIA_HERNANI_057,,d3,22:09.1,03:42.1,DACIA_SPRING,Dacia Spring 33 kW,33000,139,26:45.2,5.6,9,60,ENE,0.9181218604948214,-65.85513089651954,446,112,1.0,43.0,308.0,,,,94,208,238,25,2
25:30.8,,,79,,98.5,,,,,,,57,-1.9563055,43.323486,135.39319,1.6064121235861886,25:31.0,6,-0.179,0101000020E6100000FC255604074DFFBF3671F6F767A94540,20230421_DACIA_ULIA_HERNANI_057,,d3,22:09.1,03:42.1,DACIA_SPRING,Dacia Spring 33 kW,33000,139,26:45.2,5.6,9,60,ENE,-3.3070815529381665,-38.44134613189675,446,112,1.0,43.0,308.0,,,,94,208,238,25,2
25:36.4,,,79,,98.5,,,,,,,57,-1.9557537,43.323048,131.59747,1.6725853758739868,25:36.0,6,0.411,0101000020E610000084B78B59C44AFFBFE4AED29B59A94540,20230421_DACIA_ULIA_HERNANI_057,,d3,22:09.1,03:42.1,DACIA_SPRING,Dacia Spring 33 kW,33000,139,26:45.2,5.6,9,60,ENE,-5.216986272346114,-24.57300608649664,446,112,1.0,43.0,308.0,,,,94,208,238,25,2
25:42.0,,,79,,98.5,,,,,,,57,-1.955336,43.322857,121.06323,1.7138620055834861,25:42.0,6,-0.0409999999999999,0101000020E6100000528151510E49FFBF7629BF5653A94540,20230421_DACIA_ULIA_HERNANI_057,,d3,22:09.1,03:42.1,DACIA_SPRING,Dacia Spring 33 kW,33000,139,26:45.2,5.6,9,60,ENE,-1.1368938427998332,-52.74292066141176,446,112,1.0,43.0,308.0,,,,94,208,238,25,2
25:47.5,,,79,,98.5,,,,,,,57,-1.9549884,43.3224,115.05951,1.7722485895521731,25:47.1,6,0.43,0101000020E6100000DDF934DDA147FFBF84CE946B44A94540,20230421_DACIA_ULIA_HERNANI_057,,d3,22:09.1,03:42.1,DACIA_SPRING,Dacia Spring 33 kW,33000,139,26:45.2,5.6,9,60,ENE,-4.791614016983591,-27.83213754673233,446,112,1.0,43.0,308.0,,,,94,208,238,25,2
25:53.1,,,79,,98.5,,,,,,,57,-1.9545395,43.322163,114.08423,1.8171276601732025,25:53.1,6,0.025,0101000020E61000008C3B523BCB45FFBFF9C6299D3CA94540,20230421_DACIA_ULIA_HERNANI_057,,d3,22:09.1,03:42.1,DACIA_SPRING,Dacia Spring 33 kW,33000,139,26:45.2,5.6,9,60,ENE,-8.978770474905708,26.063847454748213,446,112,1.0,43.0,308.0,,,,94,208,238,25,2
25:58.7,,,79,,98.5,,,,,,,57,-1.9539241000000005,43.322464,106.59485,1.8775812061697523,25:59.1,6,-0.39,0101000020E6100000F40D75ED4543FFBF8F60BA7B46A94540,20230421_DACIA_ULIA_HERNANI_057,,d3,22:09.1,03:42.1,DACIA_SPRING,Dacia Spring 33 kW,33000,139,26:45.2,5.6,9,60,ENE,-8.831548131917147,41.10283827858925,446,112,1.0,43.0,308.0,,,,94,208,238,25,2
26:04.3,,,79,,98.5,,,,,,,57,-1.9535917,43.322754,106.08178999999998,1.9195709516428865,26:04.1,6,0.165,0101000020E6100000CAFC8261E941FFBFDD1445FE4FA94540,20230421_DACIA_ULIA_HERNANI_057,,d3,22:09.1,03:42.1,DACIA_SPRING,Dacia Spring 33 kW,33000,139,26:45.2,5.6,9,60,ENE,-7.885111222243166,58.82178205210232,446,112,1.0,43.0,308.0,,,,94,208,238,25,2
26:09.8,,,79,,98.5,,,,,,,57,-1.9534138,43.323048,106.238525,1.9552899815022158,26:10.1,6,-0.352,0101000020E6100000357736DC2E41FFBF493E9F9659A94540,20230421_DACIA_ULIA_HERNANI_057,,d3,22:09.1,03:42.1,DACIA_SPRING,Dacia Spring 33 kW,33000,139,26:45.2,5.6,9,60,ENE,-7.498347697858401,-3.57633437444457,446,112,1.0,43.0,308.0,,,,94,208,238,25,2
26:15.4,,,79,,98.5,,,,,,,57,-1.9532218,43.323036,104.68713,1.9709558411587877,26:15.2,6,0.222,0101000020E6100000F68A3C836540FFBF208D964559A94540,20230421_DACIA_ULIA_HERNANI_057,,d3,22:09.1,03:42.1,DACIA_SPRING,Dacia Spring 33 kW,33000,139,26:45.2,5.6,9,60,ENE,-6.265567950690896,-15.87913888602211,446,112,1.0,43.0,308.0,,,,94,208,238,25,2
26:20.9,,,79,,98.5,,,,,,,57,-1.9526734,43.32288,107.51373,2.018672737369408,26:21.2,6,-0.233,0101000020E610000034803B79263EFFBF9330572F54A94540,20230421_DACIA_ULIA_HERNANI_057,,d3,22:09.1,03:42.1,DACIA_SPRING,Dacia Spring 33 kW,33000,139,26:45.2,5.6,9,60,ENE,2.668412733342362,-77.24692404021027,446,112,1.0,43.0,308.0,,,,94,208,238,25,2
26:26.5,,,79,,98.5,,,,,,,57,-1.9526055,43.32258,107.99115,2.0524837717858535,26:26.2,6,0.267,0101000020E6100000E778FD30DF3DFFBFECEE4B474AA94540,20230421_DACIA_ULIA_HERNANI_057,,d3,22:09.1,03:42.1,DACIA_SPRING,Dacia Spring 33 kW,33000,139,26:45.2,5.6,9,60,ENE,4.525692363281266,-90.18904630219735,446,112,1.0,43.0,308.0,,,,94,208,238,25,2
26:32.1,,,79,,98.5,,,,,,,57,-1.9526068,43.322186,108.910034,2.0963043343104086,26:32.2,6,-0.146,0101000020E610000010C4609BE03DFFBF580D995D3DA94540,20230421_DACIA_ULIA_HERNANI_057,,d3,22:09.1,03:42.1,DACIA_SPRING,Dacia Spring 33 kW,33000,139,26:45.2,5.6,9,60,ENE,-7.794228634059947,0.0,446,112,1.0,43.0,308.0,,,,94,208,238,25,2
26:37.7,,,79,,98.5,,,,,,,57,-1.9526068,43.322186,108.910034,2.0963043343104086,26:37.2,6,0.423,0101000020E610000010C4609BE03DFFBF580D995D3DA94540,20230421_DACIA_ULIA_HERNANI_057,,d3,22:09.1,03:42.1,DACIA_SPRING,Dacia Spring 33 kW,33000,139,26:45.2,5.6,9,60,ENE,-7.794228634059947,0.0,446,112,1.0,43.0,308.0,,,,94,208,238,25,2
26:43.1,,,79,,98.5,,,,,,,57,-1.9526068,43.322186,108.910034,2.0963043343104086,26:43.3,6,-0.178,0101000020E610000010C4609BE03DFFBF580D995D3DA94540,20230421_DACIA_ULIA_HERNANI_057,,d3,22:09.1,03:42.1,DACIA_SPRING,Dacia Spring 33 kW,33000,139,26:45.2,5.6,9,60,ENE,8.076561677570218,-123.81783292766396,446,112,1.0,43.0,308.0,,,,94,208,238,25,2
26:48.9,,,79,,98.5,,,,,,,57,-1.9527937,43.321907,108.77429,2.1308161140258486,26:49.3,6,-0.4379999999999999,0101000020E610000011F162A3A43EFFBF09E3444734A94540,20230421_DACIA_ULIA_HERNANI_057,,d3,22:09.1,03:42.1,DACIA_SPRING,Dacia Spring 33 kW,33000,139,26:45.2,5.6,9,60,ENE,8.738790271952666,-136.16219929249868,446,112,1.0,43.0,308.0,,,,94,208,238,25,2
26:54.4,,,79,,98.5,,,,,,,57,-1.9528968,43.321808,108.85852,2.1446273711111514,26:54.3,6,0.103,0101000020E6100000AA6807B7103FFFBF053A0FFE30A94540,20230421_DACIA_ULIA_HERNANI_057,,d3,22:09.1,03:42.1,DACIA_SPRING,Dacia Spring 33 kW,33000,139,26:45.2,5.6,9,60,ENE,8.922960047154024,-142.4978686522408,446,112,1.0,43.0,308.0,,,,94,208,238,25,2
27:00.0,,,79,,98.5,,,,,,,57,-1.9530636,43.32168,109.17395,2.1642423720050568,27:00.3,6,-0.391,0101000020E6100000BC52BFA0BF3FFFBFF5C2D7B62CA94540,20230421_DACIA_ULIA_HERNANI_057,,d3,22:09.1,03:42.1,DACIA_SPRING,Dacia Spring 33 kW,33000,139,26:45.2,5.6,9,60,ENE,8.056123815024208,-123.524473248017,446,112,1.0,43.0,308.0,,,,94,208,238,25,2
27:05.5,,,79,,98.5,,,,,,,57,-1.9531431,43.32156,109.12286,2.1790548430179606,27:05.4,6,0.109,0101000020E610000044B95DFD1240FFBF68DA72EC28A94540,20230421_DACIA_ULIA_HERNANI_057,,d3,22:09.1,03:42.1,DACIA_SPRING,Dacia Spring 33 kW,33000,139,26:45.2,5.6,9,60,ENE,8.870341698182969,-159.73731703923164,446,112,1.0,43.0,308.0,,,,94,208,238,25,2
27:11.0,,,79,,98.5,,,,,,,57,-1.9532975,43.321503,111.91553,2.1933369720663762,27:11.4,6,-0.402,0101000020E610000062207CE6B440FFBF5DA028F926A94540,20230421_DACIA_ULIA_HERNANI_057,,d3,22:09.1,03:42.1,DACIA_SPRING,Dacia Spring 33 kW,33000,139,26:45.2,5.6,9,60,ENE,8.613327713494137,-166.85602619074686,446,112,1.0,43.0,308.0,,,,94,208,238,25,2
27:16.5,,,79,,98.5,,,,,,,57,-1.9538071,43.321384,105.5166,2.237103499920554,27:16.4,6,0.081,0101000020E6100000C246823ECB42FFBF53CF1F2623A94540,20230421_DACIA_ULIA_HERNANI_057,,d3,22:09.1,03:42.1,DACIA_SPRING,Dacia Spring 33 kW,33000,139,26:45.2,5.6,9,60,ENE,7.511125166923161,176.57103432042263,446,112,1.0,43.0,308.0,,,,94,208,238,25,2
27:22.1,,,79,,98.5,,,,,,,57,-1.9549086,43.32145,110.36853,2.3266438405299805,27:22.4,6,-0.361,0101000020E6100000674A88454E47FFBF5E377C3D25A94540,20230421_DACIA_ULIA_HERNANI_057,,d3,22:09.1,03:42.1,DACIA_SPRING,Dacia Spring 33 kW,33000,139,26:45.2,5.6,9,60,ENE,6.6017173287160045,167.18265518727128,446,112,1.0,43.0,308.0,,,,94,208,238,25,2
27:27.6,,,79,,98.5,,,,,,,57,-1.9561393,43.32173,114.97858,2.4310589998214582,27:27.4,6,0.126,0101000020E61000001A24F1B0584CFFBF306AB58F2EA94540,20230421_DACIA_ULIA_HERNANI_057,,d3,22:09.1,03:42.1,DACIA_SPRING,Dacia Spring 33 kW,33000,139,28:02.2,5.6,9,60,ENE,7.544465394943774,176.95829752560846,446,112,1.0,43.0,308.0,,,,94,208,238,50,2
27:34.3,,,79,,98.5,,,,,,,57,-1.9573249,43.321793,109.47278,2.5273818816854132,27:34.5,6,-0.145,0101000020E61000003397E9D13351FFBF2F83188530A94540,20230421_DACIA_ULIA_HERNANI_057,,d3,22:09.1,03:42.1,DACIA_SPRING,Dacia Spring 33 kW,33000,139,28:02.2,5.6,9,60,ENE,7.2778866975832415,173.96463882338583,446,112,1.0,43.0,308.0,,,,94,208,238,50,2
27:39.8,,,79,,98.5,,,,,,,57,-1.9579586,43.32186,107.76251,2.5792121619520088,27:39.5,6,0.245,0101000020E6100000DF55AC6DCC53FFBF3F5F48C132A94540,20230421_DACIA_ULIA_HERNANI_057,,d3,22:09.1,03:42.1,DACIA_SPRING,Dacia Spring 33 kW,33000,139,28:02.2,5.6,9,60,ENE,7.121391045246902,172.3039482781123,446,112,1.0,43.0,308.0,,,,94,208,238,8,2
27:45.3,,,79,,98.5,,,,,,,57,-1.9585876,43.321945,104.932434,2.6310431118008606,27:45.5,6,-0.22,0101000020E610000064C9A0036056FFBFA31BE58935A94540,20230421_DACIA_ULIA_HERNANI_057,,d3,22:09.1,03:42.1,DACIA_SPRING,Dacia Spring 33 kW,33000,139,28:02.2,5.6,9,60,ENE,6.994539946517212,171.00228923791204,446,112,1.0,43.0,308.0,,,,94,208,238,25,2
27:50.8,,,79,,98.5,,,,,,,57,-1.9589981,43.32201,104.55615,2.6650302040326,27:50.5,6,0.264,0101000020E61000002E35A5690E58FFBF2550EDA137A94540,20230421_DACIA_ULIA_HERNANI_057,,d3,22:09.1,03:42.1,DACIA_SPRING,Dacia Spring 33 kW,33000,139,28:02.2,5.6,9,60,ENE,8.881051343892143,-159.3255752384791,446,112,1.0,43.0,308.0,,,,94,208,238,25,2
27:57.5,,,79,,98.5,,,,,,,57,-1.9591306,43.32196,103.55383,2.6771464986826867,27:57.6,6,-0.087,0101000020E61000003A0B73699958FFBFBB28BCFC35A94540,20230421_DACIA_ULIA_HERNANI_057,,d3,22:09.1,03:42.1,DACIA_SPRING,Dacia Spring 33 kW,33000,139,28:02.2,5.6,9,60,ENE,8.788213214036876,-137.54564759893822,446,112,1.0,43.0,308.0,,,,94,208,238,25,2
28:03.0,,,79,,98.5,,,,,,,57,-1.9592093,43.321888,106.88403,2.6879037655601024,28:02.6,6,0.3979999999999999,0101000020E6100000C3B136DFEB58FFBF742A53AB33A94540,20230421_DACIA_ULIA_HERNANI_057,,d3,22:09.1,03:42.1,DACIA_SPRING,Dacia Spring 33 kW,33000,139,28:02.2,5.6,9,60,ENE,-8.846003378060862,40.614344588670384,446,112,1.0,43.0,308.0,,,,94,208,238,25,2
28:08.5,,,79,,98.5,,,,,,,57,-1.959137,43.32195,95.95886,2.7020845812217678,28:08.6,6,-0.1009999999999999,0101000020E61000004962CDF19F58FFBF791EDC9D35A94540,20230421_DACIA_ULIA_HERNANI_057,,d3,22:09.1,03:42.1,DACIA_SPRING,Dacia Spring 33 kW,33000,139,28:02.2,5.6,9,60,ENE,7.728296388411204,179.1708859603164,446,112,1.0,43.0,308.0,,,,94,208,238,25,2
28:14.3,,,79,,98.5,,,,,,,57,-1.9593443,43.321953,97.048584,2.7188928803496824,28:14.7,6,-0.326,0101000020E6100000C20D006E7959FFBF9DAFA3BB35A94540,20230421_DACIA_ULIA_HERNANI_057,,d3,22:09.1,03:42.1,DACIA_SPRING,Dacia Spring 33 kW,33000,139,28:02.2,5.6,9,60,ENE,8.268820941860739,-173.25483693432133,446,112,1.0,43.0,308.0,,,,94,208,238,25,2
28:19.9,,,79,,98.5,,,,,,,57,-1.9599277,43.321884,89.99951,2.767223702434059,28:19.7,6,0.195,0101000020E610000053071613DD5BFFBF5D4FD78733A94540,20230421_DACIA_ULIA_HERNANI_057,,d3,22:09.1,03:42.1,DACIA_SPRING,Dacia Spring 33 kW,33000,139,28:02.2,5.6,9,60,ENE,6.488166999052534,166.1294516277821,446,112,1.0,43.0,308.0,,,,94,208,238,25,2
28:25.6,,,79,,98.5,,,,,,,57,-1.9607012,43.322075,79.05736999999999,2.83420220665806,28:25.7,6,-0.079,0101000020E6100000B4A5B338085FFFBF30F91BC439A94540,20230421_DACIA_ULIA_HERNANI_057,,d3,22:09.1,03:42.1,DACIA_SPRING,Dacia Spring 33 kW,33000,139,28:02.2,5.6,9,60,ENE,7.691163315865479,178.71267105806615,446,112,1.0,43.0,308.0,,,,94,208,238,30,2
28:31.3,,,79,,98.5,,,,,,,57,-1.9613687,43.32209,79.414185,2.88822671238414,28:31.7,6,-0.481,0101000020E6100000C5C8501DC461FFBF2A13C8363AA94540,20230421_DACIA_ULIA_HERNANI_057,,d3,22:09.1,03:42.1,DACIA_SPRING,Dacia Spring 33 kW,33000,139,28:02.2,5.6,9,60,ENE,8.376302224414552,-171.45576491496942,543,72,,,,1.0,436.0,106.0,0,520,23,50,2
28:36.9,,,79,,98.5,,,,,,,57,-1.9620343,43.32199,81.42766999999999,2.9432436542610234,28:36.7,6,0.145,0101000020E610000019AB0F1C7E64FFBF314EF00B37A94540,20230421_DACIA_ULIA_HERNANI_057,,d3,22:09.1,03:42.1,DACIA_SPRING,Dacia Spring 33 kW,33000,139,28:02.2,5.6,9,60,ENE,7.974344331473575,-177.62043815945833,543,72,,,,1.0,436.0,106.0,0,520,23,50,2
28:42.5,,,79,,98.5,,,,,,,57,-1.9631172,43.321945,80.48529,3.03099312745878,28:42.8,6,-0.315,0101000020E6100000273F1492ED68FFBF26F26E7635A94540,20230421_DACIA_ULIA_HERNANI_057,,d3,22:09.1,03:42.1,DACIA_SPRING,Dacia Spring 33 kW,33000,139,28:02.2,5.6,9,60,ENE,7.727572247251988,179.16189160698934,345,94,,,,0.0,56.0,289.0,0,307,38,50,2
28:48.0,,,79,,98.5,,,,,,,57,-1.9639375,43.321957,73.34827,3.097747672957366,28:47.8,6,0.225,0101000020E6100000459228CD496CFFBF3E290FE235A94540,20230421_DACIA_ULIA_HERNANI_057,,d3,22:09.1,03:42.1,DACIA_SPRING,Dacia Spring 33 kW,33000,139,28:02.2,5.6,9,60,ENE,7.674696086995433,178.51138924336388,345,94,,,,0.0,56.0,289.0,0,307,38,8,2
28:53.6,,,79,,98.5,,,,,,,57,-1.964938,43.321983,68.35199,3.1788890991588405,28:53.9,6,-0.3289999999999999,0101000020E61000008CE0B9D66270FFBF552BB8C436A94540,20230421_DACIA_ULIA_HERNANI_057,,d3,22:09.1,03:42.1,DACIA_SPRING,Dacia Spring 33 kW,33000,139,28:02.2,5.6,9,60,ENE,8.139371231125024,-175.2608190437055,345,94,,,,0.0,56.0,289.0,0,307,38,50,2
28:59.5,,,79,,98.5,,,,,,,57,-1.9654808,43.321938,70.10266,3.223117968382826,28:59.8,6,-0.326,0101000020E610000098A7CEFE9B72FFBF74A6BF4D35A94540,20230421_DACIA_ULIA_HERNANI_057,,d3,22:09.1,03:42.1,DACIA_SPRING,Dacia Spring 33 kW,33000,139,28:02.2,5.6,9,60,ENE,6.338566055909944,164.77181866276567,345,94,,,,0.0,56.0,289.0,0,307,38,50,2
29:05.0,,,79,,98.5,,,,,,,57,-1.9656608,43.321987,69.53161999999999,3.238675620306602,29:04.9,6,0.094,0101000020E6100000BB4581BA5873FFBF4938E3EA36A94540,20230421_DACIA_ULIA_HERNANI_057,,d3,22:09.1,03:42.1,DACIA_SPRING,Dacia Spring 33 kW,33000,139,28:02.2,5.6,9,60,ENE,8.25275551990297,-126.48746790672372,345,94,,,,0.0,56.0,289.0,0,307,38,50,2
29:10.5,,,79,,98.5,,,,,,,57,-1.9657,43.321934000000006,65.78155500000001,3.2463470095640408,29:10.9,6,-0.389,0101000020E61000001D8AE9DF8173FFBF3E43B42D35A94540,20230421_DACIA_ULIA_HERNANI_057,,d3,22:09.1,03:42.1,DACIA_SPRING,Dacia Spring 33 kW,33000,139,28:02.2,5.6,9,60,ENE,-8.996178519161843,31.669735139472504,345,94,,,,0.0,56.0,289.0,0,307,38,50,2
29:17.3,,,79,,98.5,,,,,,,57,-1.9656692,43.321953,63.20117,3.2505099255860377,29:16.9,6,0.432,0101000020E61000005D120C8C6173FFBF0E7760C635A94540,20230421_DACIA_ULIA_HERNANI_057,,d3,22:09.1,03:42.1,DACIA_SPRING,Dacia Spring 33 kW,33000,139,28:02.2,5.6,9,60,ENE,-3.5960098268804908,96.449534704094,345,94,,,,0.0,56.0,289.0,0,307,38,50,2
29:24.2,,,79,,98.5,,,,,,,57,-1.9656718,43.321976,61.75403000000001,3.253455969196826,29:23.9,6,0.259,0101000020E61000005C529C406473FFBFFC8A777836A94540,20230421_DACIA_ULIA_HERNANI_057,,d3,22:09.1,03:42.1,DACIA_SPRING,Dacia Spring 33 kW,33000,139,28:02.2,5.6,9,60,ENE,-8.612130888464351,46.88228244526288,345,94,,,,0.0,56.0,289.0,0,307,38,50,2
29:30.0,,,79,,98.5,,,,,,,57,-1.9656615,43.321987,61.056090000000005,3.2550922642420703,29:29.9,6,0.088,0101000020E61000001AB6B9735973FFBFD2BFC9DB36A94540,20230421_DACIA_ULIA_HERNANI_057,,d3,22:09.1,03:42.1,DACIA_SPRING,Dacia Spring 33 kW,33000,139,28:02.2,5.6,9,60,ENE,8.63076822987665,-133.5311993070129,345,94,,,,0.0,56.0,289.0,0,307,38,50,2
29:36.7,,,79,,98.5,,,,,,,57,-1.9656653,43.321983,61.266296,3.25567236060539,29:37.0,6,-0.262,0101000020E6100000D079F0875D73FFBF146A3CC736A94540,20230421_DACIA_ULIA_HERNANI_057,,d3,22:09.1,03:42.1,DACIA_SPRING,Dacia Spring 33 kW,33000,139,28:02.2,5.6,9,60,ENE,7.148732415458531,172.58952847783863,345,94,,,,0.0,56.0,289.0,0,307,38,50,2
29:42.3,,,79,,98.5,,,,,,,57,-1.9659344,43.322018,60.867676,3.2777900429830713,29:42.0,6,0.3339999999999999,0101000020E6100000C3B713997774FFBFEF0B7DEA37A94540,20230421_DACIA_ULIA_HERNANI_057,,d3,22:09.1,03:42.1,DACIA_SPRING,Dacia Spring 33 kW,33000,139,28:02.2,5.6,9,60,ENE,7.6753614445118545,178.51949962297974,345,94,,,,0.0,56.0,289.0,0,307,38,50,2
29:47.8,,,79,,98.5,,,,,,,57,-1.9663987,43.32203,62.70392,3.31541826457131,29:48.0,6,-0.161,0101000020E6100000ED84D18B5E76FFBF5A54384038A94540,20230421_DACIA_ULIA_HERNANI_057,,d3,22:09.1,03:42.1,DACIA_SPRING,Dacia Spring 33 kW,33000,139,28:02.2,5.6,9,60,ENE,7.40082387279408,175.3170856030149,345,94,,,,0.0,56.0,289.0,0,307,38,40,2
29:53.4,,,79,,98.5,,,,,,,57,-1.96718,43.322094,62.884277,3.3790213758706424,29:53.0,6,0.375,0101000020E61000006854A6B99179FFBF4DBB98663AA94540,20230421_DACIA_ULIA_HERNANI_057,,d3,22:09.1,03:42.1,DACIA_SPRING,Dacia Spring 33 kW,33000,139,28:02.2,5.6,9,60,ENE,7.001258414089254,171.07030640673491,345,94,,,,0.0,56.0,289.0,0,307,38,50,2
29:59.0,,,79,,98.5,,,,,,,57,-1.9679819,43.32222,68.58093000000001,3.445630988293589,29:59.1,6,-0.089,0101000020E6100000DE80C79EDA7CFFBFBCB864873EA94540,20230421_DACIA_ULIA_HERNANI_057,,d3,22:09.1,03:42.1,DACIA_SPRING,Dacia Spring 33 kW,33000,139,31:45.3,5.6,9,60,ENE,7.479792567191088,176.21067114341065,345,94,,,,0.0,56.0,289.0,0,307,38,50,2
30:04.7,,,79,,98.5,,,,,,,57,-1.9688425,43.322277,68.88781999999999,3.515537834521533,30:05.1,6,-0.3329999999999999,0101000020E6100000B12E55066180FFBF4442A55B40A94540,20230421_DACIA_ULIA_HERNANI_057,,d3,22:09.1,03:42.1,DACIA_SPRING,Dacia Spring 33 kW,33000,139,31:45.3,5.6,9,60,ENE,7.534945313197901,176.8473085797564,347,94,,,,1.0,56.0,289.0,1,308,39,40,2
30:10.3,,,79,,98.5,,,,,,,57,-1.9695324,43.322315,69.06371999999999,3.571507268660014,30:10.1,6,0.141,0101000020E6100000DFFC446D3483FFBFE4C0069F41A94540,20230421_DACIA_ULIA_HERNANI_057,,d3,22:09.1,03:42.1,DACIA_SPRING,Dacia Spring 33 kW,33000,139,31:45.3,5.6,9,60,ENE,7.618708400135261,177.83549850099985,347,94,,,,1.0,56.0,289.0,1,308,39,40,2
30:16.1,,,79,,98.5,,,,,,,57,-1.9703526,43.322346,69.9787,3.637953055344222,30:16.1,6,-0.004,0101000020E6100000C86AA9729086FFBF4927B79242A94540,20230421_DACIA_ULIA_HERNANI_057,,d3,22:09.1,03:42.1,DACIA_SPRING,Dacia Spring 33 kW,33000,139,31:45.3,5.6,9,60,ENE,7.729634542336805,179.18751302175636,347,94,,,,1.0,56.0,289.0,1,308,39,40,2
30:21.7,,,79,,98.5,,,,,,,57,-1.9708462,43.322353,70.69757,3.677896825877823,30:22.1,6,-0.395,0101000020E610000072F0B7039688FFBFBADFFCE142A94540,20230421_DACIA_ULIA_HERNANI_057,,d3,22:09.1,03:42.1,DACIA_SPRING,Dacia Spring 33 kW,33000,139,31:45.3,5.6,9,60,ENE,8.012449837894073,-177.09252811300465,347,94,,,,1.0,56.0,289.0,1,308,39,30,2
30:27.3,,,79,,98.5,,,,,,,57,-1.9712203,43.322334000000005,70.49072,3.7082339670775393,30:27.3,6,0.031,0101000020E6100000A3D2A1361E8AFFBF85B1E84A42A94540,20230421_DACIA_ULIA_HERNANI_057,,d3,22:09.1,03:42.1,DACIA_SPRING,Dacia Spring 33 kW,33000,139,31:45.3,5.6,9,60,ENE,2.8724192275303877,138.61199331914025,347,94,,,,1.0,56.0,289.0,1,308,39,30,2
30:32.9,,,79,,98.5,,,,,,,57,-1.9715925,43.322662,65.49994000000001,3.7557909018534814,30:33.3,6,-0.409,0101000020E6100000FF5FF1ABA48BFFBF0863D9064DA94540,20230421_DACIA_ULIA_HERNANI_057,,d3,22:09.1,03:42.1,DACIA_SPRING,Dacia Spring 33 kW,33000,139,31:45.3,5.6,9,60,ENE,5.049957292081587,154.1323448876514,347,94,,,,1.0,56.0,289.0,1,308,39,30,2
30:38.7,,,79,,98.5,,,,,,,57,-1.9720256,43.322872,62.511536,3.7980007507496536,30:38.2,6,0.4539999999999999,0101000020E61000001D5CF8C96A8DFFBFC32E06E653A94540,20230421_DACIA_ULIA_HERNANI_057,,d3,22:09.1,03:42.1,DACIA_SPRING,Dacia Spring 33 kW,33000,139,31:45.3,5.6,9,60,ENE,4.542722987071316,150.31455900553357,465,112,4.0,40.0,315.0,,,,106,258,207,30,3
30:44.7,,,79,,98.5,,,,,,,57,-1.9724203,43.323097,60.503967,3.8386138870159887,30:44.3,6,0.418,0101000020E6100000D8D371A9088FFFBF9C2302405BA94540,20230421_DACIA_ULIA_HERNANI_057,,d3,22:09.1,03:42.1,DACIA_SPRING,Dacia Spring 33 kW,33000,139,31:45.3,5.6,9,60,ENE,3.6738438006178993,144.09211711762234,465,112,4.0,40.0,315.0,,,,106,258,207,8,3
30:50.6,,,79,,98.5,,,,,,,57,-1.9726316,43.32325,57.96985,3.8628630869704588,30:50.2,6,0.397,0101000020E61000001F579711E68FFFBF22E2A43860A94540,20230421_DACIA_ULIA_HERNANI_057,,d3,22:09.1,03:42.1,DACIA_SPRING,Dacia Spring 33 kW,33000,139,31:45.3,5.6,9,60,ENE,3.780810854894424,144.84027569253436,465,112,4.0,40.0,315.0,,,,106,258,207,8,3
30:56.3,,,79,,98.5,,,,,,,57,-1.9728261,43.323387,57.059753,3.8847821800183437,30:56.3,6,0.048,0101000020E61000005D83211FB290FFBF6D19B2B264A94540,20230421_DACIA_ULIA_HERNANI_057,,d3,22:09.1,03:42.1,DACIA_SPRING,Dacia Spring 33 kW,33000,139,31:45.3,5.6,9,60,ENE,4.196605065971574,147.79370511745267,465,112,4.0,40.0,315.0,,,,106,258,207,8,3
31:01.9,,,79,,98.5,,,,,,,57,-1.9730563,43.323532,52.643433,3.909806764867447,31:02.3,6,-0.346,0101000020E61000007D158D73A391FFBFE81DC08569A94540,20230421_DACIA_ULIA_HERNANI_057,,d3,22:09.1,03:42.1,DACIA_SPRING,Dacia Spring 33 kW,33000,139,31:45.3,5.6,9,60,ENE,3.7863057563806,144.87882969754975,465,112,4.0,40.0,315.0,,,,106,258,207,30,3
31:07.5,,,79,,98.5,,,,,,,57,-1.9732525,43.32367,51.62378,3.9319065885735593,31:07.3,6,0.168,0101000020E6100000B464023C7192FFBFA4B1EE066EA94540,20230421_DACIA_ULIA_HERNANI_057,,d3,22:09.1,03:42.1,DACIA_SPRING,Dacia Spring 33 kW,33000,139,31:45.3,5.6,9,60,ENE,3.158728236368097,140.5466441323513,465,112,4.0,40.0,315.0,,,,106,258,207,30,3
31:13.0,,,79,,98.5,,,,,,,57,-1.9735259,43.323895,47.5166,3.965550843022847,31:13.3,6,-0.28,0101000020E61000001C87F2EC8F93FFBFEE020C6875A94540,20230421_DACIA_ULIA_HERNANI_057,,d3,22:09.1,03:42.1,DACIA_SPRING,Dacia Spring 33 kW,33000,139,31:45.3,5.6,9,60,ENE,3.734940131963021,144.51889757575682,465,112,4.0,40.0,315.0,,,,106,258,207,8,3
31:18.6,,,79,,98.5,,,,,,,57,-1.9738135,43.3241,45.59247,3.998178446498198,31:18.3,6,0.258,0101000020E6100000ECD0B889BD94FFBFBB07CF217CA94540,20230421_DACIA_ULIA_HERNANI_057,,d3,22:09.1,03:42.1,DACIA_SPRING,Dacia Spring 33 kW,33000,139,31:45.3,5.6,9,60,ENE,2.2741363067360707,134.63626492724725,260,64,,,,28.0,205.0,27.0,0,218,42,8,3
31:24.1,,,79,,98.5,,,,,,,57,-1.9740248,43.324314,43.78296,4.02753259750895,31:23.5,6,0.664,0101000020E61000003AB1A8049B95FFBF7BB26A2983A94540,20230421_DACIA_ULIA_HERNANI_057,,d3,22:09.1,03:42.1,DACIA_SPRING,Dacia Spring 33 kW,33000,139,31:45.3,5.6,9,60,ENE,4.07917754964693,146.9518751306716,260,64,,,,28.0,205.0,27.0,0,218,42,8,3
31:30.0,,,79,,98.5,,,,,,,57,-1.9743568,43.32453,42.16815,4.0635982550459016,31:30.4,6,-0.3779999999999999,0101000020E61000001CC68B22F796FFBF727F3F468AA94540,20230421_DACIA_ULIA_HERNANI_057,,d3,22:09.1,03:42.1,DACIA_SPRING,Dacia Spring 33 kW,33000,139,31:45.3,5.6,9,60,ENE,3.0276828947228207,139.65825410976993,260,64,,,,28.0,205.0,27.0,0,218,42,8,3
31:35.7,,,79,,98.5,,,,,,,57,-1.9744663,43.324623,41.562927,4.077227762030247,31:35.4,6,0.31,0101000020E61000006B41F7FE6997FFBFBE3E29498DA94540,20230421_DACIA_ULIA_HERNANI_057,,d3,22:09.1,03:42.1,DACIA_SPRING,Dacia Spring 33 kW,33000,139,31:45.3,5.6,9,60,ENE,-7.371186694349696,-5.013113742445707,347,94,,,,1.0,56.0,289.0,1,308,39,8,3
31:41.2,,,79,,98.5,,,,,,,57,-1.9744321,43.32462,38.924194,4.081065433441425,31:41.4,6,-0.2319999999999999,0101000020E6100000D6F4C91F4697FFBFDCEC38138DA94540,20230421_DACIA_ULIA_HERNANI_057,,d3,22:09.1,03:42.1,DACIA_SPRING,Dacia Spring 33 kW,33000,139,31:45.3,5.6,9,60,ENE,-4.079177549147223,-33.048124872897255,347,94,,,,1.0,56.0,289.0,1,308,39,8,3
31:46.9,,,79,,98.5,,,,,,,57,-1.9743906,43.324593,40.29901,4.085774280300476,31:46.5,6,0.4629999999999999,0101000020E6100000227A08991A97FFBF35C9554D8CA94540,20230421_DACIA_ULIA_HERNANI_057,,d3,22:09.1,03:42.1,DACIA_SPRING,Dacia Spring 33 kW,33000,139,31:45.3,5.6,9,60,ENE,1.1359145546523002,127.25079469606348,260,64,,,,28.0,205.0,27.0,0,218,42,8,3
31:52.4,,,79,,98.5,,,,,,,57,-1.9744598,43.324684000000005,42.07184,4.097473263440811,31:52.5,6,-0.09,0101000020E61000006844C4286397FFBFB18A37328FA94540,20230421_DACIA_ULIA_HERNANI_057,,d3,22:09.1,03:42.1,DACIA_SPRING,Dacia Spring 33 kW,33000,139,31:45.3,5.6,9,60,ENE,3.596257910367584,143.55218815422998,347,94,,,,1.0,56.0,289.0,1,308,39,30,3
31:57.9,,,79,,98.5,,,,,,,57,-1.9745275,43.324734,40.150574,4.105510220711748,31:57.5,6,0.415,0101000020E610000079098828AA97FFBFCEA53CE390A94540,20230421_DACIA_ULIA_HERNANI_057,,d3,22:09.1,03:42.1,DACIA_SPRING,Dacia Spring 33 kW,33000,139,31:45.3,5.6,9,60,ENE,-4.210046776213104,-32.10951937017083,347,94,,,,1.0,56.0,289.0,1,308,39,30,3
32:04.6,,,79,,98.5,,,,,,,57,-1.9744781,43.324703,40.15686,4.110787584709956,32:04.6,6,0.098,0101000020E610000005B122597697FFBF51A5E2D68FA94540,20230421_DACIA_ULIA_HERNANI_057,,d3,22:09.1,03:42.1,DACIA_SPRING,Dacia Spring 33 kW,33000,139,31:45.3,5.6,9,60,ENE,-6.89938259427725,-9.950626683024002,347,94,,,,1.0,56.0,289.0,1,308,39,30,3
32:10.7,,,79,,98.5,,,,,,,57,-1.9744382,43.324696,40.751343,4.1141604975353605,32:10.6,6,0.099,0101000020E610000091F5ED874C97FFBF938CDEA18FA94540,20230421_DACIA_ULIA_HERNANI_057,,d3,22:09.1,03:42.1,DACIA_SPRING,Dacia Spring 33 kW,33000,139,31:45.3,5.6,9,60,ENE,-7.241685733625609,66.42529379969488,347,94,,,,1.0,56.0,289.0,1,308,39,30,3
32:17.2,,,79,,98.5,,,,,,,57,-1.9744334,43.324707,42.532837,4.1163560758806135,32:17.6,6,-0.392,0101000020E6100000417F04724797FFBF75777CFF8FA94540,20230421_DACIA_ULIA_HERNANI_057,,d3,22:09.1,03:42.1,DACIA_SPRING,Dacia Spring 33 kW,33000,139,31:45.3,5.6,9,60,ENE,2.2484597429443807,134.4673852564843,347,94,,,,1.0,56.0,289.0,1,308,39,30,3
32:22.8,,,79,,98.5,,,,,,,57,-1.9744707,43.324745,42.3916,4.121550099285208,32:22.6,6,0.156,0101000020E6100000DF25C49E6E97FFBF275D864191A94540,20230421_DACIA_ULIA_HERNANI_057,,d3,22:09.1,03:42.1,DACIA_SPRING,Dacia Spring 33 kW,33000,139,31:45.3,5.6,9,60,ENE,-8.95799659344657,35.53767779605753,347,94,,,,1.0,56.0,289.0,1,308,39,30,3
32:28.3,,,79,,98.5,,,,,,,57,-1.9744595,43.324753,38.825317,4.125335664330003,32:28.7,6,-0.375,0101000020E61000007AFBB5ED6297FFBF9E98167191A94540,20230421_DACIA_ULIA_HERNANI_057,,d3,22:09.1,03:42.1,DACIA_SPRING,Dacia Spring 33 kW,33000,139,33:02.2,5.6,9,60,ENE,7.794228634059946,180.0,347,94,,,,1.0,56.0,289.0,1,308,39,30,3
32:33.7,,,79,,98.5,,,,,,,57,-1.9744636,43.324753,39.64453,4.126219466107161,32:33.7,6,0.018,0101000020E6100000A8E3731F6797FFBF6E147A7991A94540,20230421_DACIA_ULIA_HERNANI_057,,d3,22:09.1,03:42.1,DACIA_SPRING,Dacia Spring 33 kW,33000,139,33:02.2,5.6,9,60,ENE,8.392457682857465,-171.17281141015886,347,94,,,,1.0,56.0,289.0,1,308,39,30,3
32:39.2,,,79,,98.5,,,,,,,57,-1.9746761,43.32472,43.98761,4.144324867748856,32:39.7,6,-0.488,0101000020E61000001E0FC7044698FFBF391B5D6B90A94540,20230421_DACIA_ULIA_HERNANI_057,,d3,22:09.1,03:42.1,DACIA_SPRING,Dacia Spring 33 kW,33000,139,33:02.2,5.6,9,60,ENE,8.990005708999924,-152.70042778872073,347,94,,,,1.0,56.0,289.0,1,308,39,30,3
32:44.6,,,79,,98.5,,,,,,,57,-1.9750636,43.32452,42.91565,4.182773118597427,32:44.8,6,-0.19,0101000020E61000004891EF31DC99FFBFDDA0CDDC89A94540,20230421_DACIA_ULIA_HERNANI_057,,d3,22:09.1,03:42.1,DACIA_SPRING,Dacia Spring 33 kW,33000,139,33:02.2,5.6,9,60,ENE,8.976900818808227,-145.8941072641088,347,94,,,,1.0,56.0,289.0,1,308,39,30,3
32:50.7,,,79,,98.5,,,,,,,57,-1.9753294,43.32434,40.01233,4.212291440184807,32:50.7,6,-0.054,0101000020E6100000781122F0F29AFFBFCE18C5F683A94540,20230421_DACIA_ULIA_HERNANI_057,,d3,22:09.1,03:42.1,DACIA_SPRING,Dacia Spring 33 kW,33000,139,33:02.2,5.6,9,60,ENE,8.89050435025439,-141.05343951744985,347,94,,,,1.0,56.0,289.0,1,308,39,40,3
32:56.3,,,79,,98.5,,,,,,,57,-1.9754556,43.324238,38.964844,4.227586904094293,32:56.8,6,-0.462,0101000020E61000007033CB54779BFFBF471761AB80A94540,20230421_DACIA_ULIA_HERNANI_057,,d3,22:09.1,03:42.1,DACIA_SPRING,Dacia Spring 33 kW,33000,139,33:02.2,5.6,9,60,ENE,-8.470768672215145,49.74652315220136,347,94,,,,1.0,56.0,289.0,1,308,39,40,3
33:01.8,,,79,,98.5,,,,,,,57,-1.9754429,43.324253000000006,41.683105,4.230937475099289,33:01.8,6,0.001,0101000020E610000017439CFB699BFFBF6B044D1181A94540,20230421_DACIA_ULIA_HERNANI_057,,d3,22:09.1,03:42.1,DACIA_SPRING,Dacia Spring 33 kW,33000,139,33:02.2,5.6,9,60,ENE,-7.032569164559594,68.61137716789166,347,94,,,,1.0,56.0,289.0,1,308,39,40,3
33:07.3,,,79,,98.5,,,,,,,57,-1.9754382,43.324265,39.32544,4.233673090683127,33:07.8,6,-0.48,0101000020E61000002080B318659BFFBF17BAF17281A94540,20230421_DACIA_ULIA_HERNANI_057,,d3,22:09.1,03:42.1,DACIA_SPRING,Dacia Spring 33 kW,33000,139,33:02.2,5.6,9,60,ENE,8.987269549492703,-153.0478210728366,347,94,,,,1.0,56.0,289.0,1,308,39,40,3
33:12.8,,,79,,98.5,,,,,,,57,-1.9754618,43.324253000000006,38.249573,4.236238720833515,33:12.8,6,-0.036,0101000020E6100000A8B540ED7D9BFFBF591F492881A94540,20230421_DACIA_ULIA_HERNANI_057,,d3,22:09.1,03:42.1,DACIA_SPRING,Dacia Spring 33 kW,33000,139,33:02.2,5.6,9,60,ENE,8.996054710643653,-148.30343043371855,347,94,,,,1.0,56.0,289.0,1,308,39,40,3
33:18.4,,,79,,98.5,,,,,,,57,-1.9756124,43.32416,38.954407,4.252233924135471,33:18.8,6,-0.47,0101000020E6100000C25FBCB41B9CFFBF076E30167EA94540,20230421_DACIA_ULIA_HERNANI_057,,d3,22:09.1,03:42.1,DACIA_SPRING,Dacia Spring 33 kW,33000,139,33:02.2,5.6,9,60,ENE,8.928814269001068,-142.7889331555272,347,94,,,,1.0,56.0,289.0,1,308,39,40,3
33:23.9,,,79,,98.5,,,,,,,57,-1.9757836,43.32403,33.2406,4.273052038834673,33:23.9,6,-0.0289999999999999,0101000020E6100000BAF5FD48CF9CFFBF5781D6D379A94540,20230421_DACIA_ULIA_HERNANI_057,,d3,22:09.1,03:42.1,DACIA_SPRING,Dacia Spring 33 kW,33000,139,33:02.2,5.6,9,60,ENE,8.996136968193676,-151.67878876035095,347,94,,,,1.0,56.0,289.0,1,308,39,40,3
33:29.4,,,79,,98.5,,,,,,,57,-1.9759005,43.323967,34.753662,4.284917365122975,33:29.9,6,-0.493,0101000020E61000000A2E77E2499DFFBF0A82C7B777A94540,20230421_DACIA_ULIA_HERNANI_057,,d3,22:09.1,03:42.1,DACIA_SPRING,Dacia Spring 33 kW,33000,139,33:02.2,5.6,9,60,ENE,8.976737453396385,-145.87960745833772,347,94,,,,1.0,56.0,289.0,1,308,39,40,3
33:35.1,,,79,,98.5,,,,,,,57,-1.9761145,43.323822,32.81555,4.308653180085854,33:34.9,6,0.156,0101000020E6100000A9A42D322A9EFFBFC5B6FB0B73A94540,20230421_DACIA_ULIA_HERNANI_057,,d3,22:09.1,03:42.1,DACIA_SPRING,Dacia Spring 33 kW,33000,139,33:02.2,5.6,9,60,ENE,8.992111809441088,-147.60096381947878,347,94,,,,1.0,56.0,289.0,1,308,39,40,3
33:40.7,,,79,,98.5,,,,,,,57,-1.9765053,43.323574,32.821167,4.350603599196901,33:40.9,6,-0.249,0101000020E6100000AE5870FDC39FFFBFFFEA71DF6AA94540,20230421_DACIA_ULIA_HERNANI_057,,d3,22:09.1,03:42.1,DACIA_SPRING,Dacia Spring 33 kW,33000,139,33:02.2,5.6,9,60,ENE,8.776823854106565,-137.21379049252815,347,94,,,,1.0,56.0,289.0,1,308,39,40,3
33:46.1,,,79,,98.5,,,,,,,57,-1.9769137,43.323196,34.171265000000005,4.4040818412995595,33:45.9,6,0.156,0101000020E61000007F411C3570A1FFBF88328E705EA94540,20230421_DACIA_ULIA_HERNANI_057,,d3,22:09.1,03:42.1,DACIA_SPRING,Dacia Spring 33 kW,33000,139,33:02.2,5.6,9,60,ENE,7.997660174097152,-122.70145858169472,347,94,,,,1.0,56.0,289.0,1,308,39,40,3
33:51.6,,,79,,98.5,,,,,,,57,-1.977123,43.32287,30.90332,4.444223733503776,33:52.0,6,-0.412,0101000020E61000009E1971BF4BA2FFBF644C4DC453A94540,20230421_DACIA_ULIA_HERNANI_057,,d3,22:09.1,03:42.1,DACIA_SPRING,Dacia Spring 33 kW,33000,139,33:02.2,5.6,9,60,ENE,4.812143504339276,-92.32238947470186,347,94,,,,1.0,56.0,289.0,1,308,39,40,3
33:57.0,,,79,,98.5,,,,,,,57,-1.9771376,43.32251,30.9234,4.484271331442913,21/04/2023 08:33,6,0.042,0101000020E61000000144EA0B5BA2FFBF29CBB50D48A94540,20230421_DACIA_ULIA_HERNANI_057,,d3,22:09.1,03:42.1,DACIA_SPRING,Dacia Spring 33 kW,33000,139,33:02.2,5.6,9,60,ENE,6.6083448408011005,-107.24476940169312,347,94,,,,1.0,56.0,289.0,1,308,39,40,3
34:02.6,,,79,,98.5,,,,,,,57,-1.9772897,43.32202,29.449158,4.540148305473038,34:03.0,6,-0.46,0101000020E6100000C717E580FAA2FFBF49BB34F237A94540,20230421_DACIA_ULIA_HERNANI_057,,d3,22:09.1,03:42.1,DACIA_SPRING,Dacia Spring 33 kW,33000,139,33:02.2,5.6,9,60,ENE,3.692083812423863,-84.21938027851306,347,94,,,,1.0,56.0,289.0,1,308,39,40,3
34:08.0,,,79,,98.5,,,,,,,57,-1.9772651,43.321777,34.35858,4.567683063178545,34:08.0,6,-0.024,0101000020E6100000AB8C6FBDE0A2FFBFCA3B03FA2FA94540,20230421_DACIA_ULIA_HERNANI_057,,d3,22:09.1,03:42.1,DACIA_SPRING,Dacia Spring 33 kW,33000,139,33:02.2,5.6,9,60,ENE,4.757165485131013,-91.90915243289696,347,94,,,,1.0,56.0,289.0,1,308,39,40,2
34:13.6,,,79,,98.5,,,,,,,57,-1.9772722,43.321564,41.399536,4.5923986738110685,34:14.1,6,-0.455,0101000020E6100000240E9724E8A2FFBFDF528CFB28A94540,20230421_DACIA_ULIA_HERNANI_057,,d3,22:09.1,03:42.1,DACIA_SPRING,Dacia Spring 33 kW,33000,139,33:02.2,5.6,9,60,ENE,8.9993157072369,-150.7065454448131,347,94,,,,1.0,56.0,289.0,1,308,39,55,2
34:19.2,,,79,,98.5,,,,,,,57,-1.9773738,43.321507,45.48236,4.603551860025725,34:19.0,6,0.122,0101000020E610000047416CC052A3FFBFBC17461727A94540,20230421_DACIA_ULIA_HERNANI_057,,d3,22:09.1,03:42.1,DACIA_SPRING,Dacia Spring 33 kW,33000,139,33:02.2,5.6,9,60,ENE,8.953248095615693,-155.84257382505248,347,94,,,,1.0,56.0,289.0,1,308,39,40,2
34:24.7,,,79,,98.5,,,,,,,57,-1.977706,43.321358,48.639526,4.635279810040323,34:25.1,6,-0.3879999999999999,0101000020E6100000E81678F6AEA4FFBF5AC0A14322A94540,20230421_DACIA_ULIA_HERNANI_057,,d3,22:09.1,03:42.1,DACIA_SPRING,Dacia Spring 33 kW,33000,139,33:02.2,5.6,9,60,ENE,8.82906793245946,-161.1845345161155,347,94,,,,1.0,56.0,289.0,1,308,39,30,2
34:30.8,,,79,,98.5,,,,,,,57,-1.9782108,43.321186,47.67218,4.680383448710618,34:31.1,6,-0.287,0101000020E610000098163766C0A6FFBFFD70889F1CA94540,20230421_DACIA_ULIA_HERNANI_057,,d3,22:09.1,03:42.1,DACIA_SPRING,Dacia Spring 33 kW,33000,139,33:02.2,5.6,9,60,ENE,8.905539972221813,-158.30846873513568,347,94,,,,1.0,56.0,289.0,1,308,39,40,2
34:36.4,,,79,,98.5,,,,,,,57,-1.9785527,43.32105,51.58899,4.71214861121208,34:36.1,6,0.24,0101000020E610000075CBEDE226A8FFBF5F8FB21318A94540,20230421_DACIA_ULIA_HERNANI_057,,d3,22:09.1,03:42.1,DACIA_SPRING,Dacia Spring 33 kW,33000,139,33:02.2,5.6,9,60,ENE,8.98195073863233,-153.62926516054893,347,94,,,,1.0,56.0,289.0,1,308,39,40,2
34:41.9,,,79,,98.5,,,,,,,57,-1.9788008,43.320927000000005,47.830444,4.736725228840209,34:42.1,6,-0.244,0101000020E6100000A33107FF2AA9FFBF3D78921914A94540,20230421_DACIA_ULIA_HERNANI_057,,d3,22:09.1,03:42.1,DACIA_SPRING,Dacia Spring 33 kW,33000,139,33:02.2,5.6,9,60,ENE,8.621030182009257,-166.6860876469941,347,94,,,,1.0,56.0,289.0,1,308,39,40,2
34:47.4,,,79,,98.5,,,,,,,57,-1.9789487,43.320892,52.10736,4.750013977253811,34:47.1,6,0.271,0101000020E61000005331001AC6A9FFBF4A29E8F612A94540,20230421_DACIA_ULIA_HERNANI_057,,d3,22:09.1,03:42.1,DACIA_SPRING,Dacia Spring 33 kW,33000,139,33:02.2,5.6,9,60,ENE,8.958841124293683,-155.48168121783493,347,94,,,,1.0,56.0,289.0,1,308,39,40,2
34:53.0,,,79,,98.5,,,,,,,57,-1.9793258,43.32072,48.780823,4.786173099223762,34:53.2,6,-0.158,0101000020E61000008910B28751ABFFBF17DB206A0DA94540,20230421_DACIA_ULIA_HERNANI_057,,d3,22:09.1,03:42.1,DACIA_SPRING,Dacia Spring 33 kW,33000,139,33:02.2,5.6,9,60,ENE,8.896436913589904,-158.7003395426784,347,94,,,,1.0,56.0,289.0,1,308,39,30,2
34:58.6,,,79,,98.5,,,,,,,57,-1.9796182,43.320606,50.550293,4.81306816433728,34:58.2,6,0.421,0101000020E6100000EC0F392284ACFFBF7E66399E09A94540,20230421_DACIA_ULIA_HERNANI_057,,d3,22:09.1,03:42.1,DACIA_SPRING,Dacia Spring 33 kW,33000,139,36:45.3,5.6,9,60,ENE,8.805853448083404,-161.92243692165448,347,94,,,,1.0,56.0,289.0,1,308,39,30,2
35:04.1,,,79,,98.5,,,,,,,57,-1.9800134,43.320477,56.194702,4.848560892850296,35:04.2,6,-0.083,0101000020E6100000AD44EA8722AEFFBFE53D526D05A94540,20230421_DACIA_ULIA_HERNANI_057,,d3,22:09.1,03:42.1,DACIA_SPRING,Dacia Spring 33 kW,33000,139,36:45.3,5.6,9,60,ENE,8.778438676539388,-162.73967508731573,347,94,,,,1.0,56.0,289.0,1,308,39,30,2
35:09.5,,,79,,98.5,,,,,,,57,-1.9803095,43.320385,54.943604,4.874637665208571,35:09.2,6,0.291,0101000020E610000067F7DCF058AFFFBFAB39A35A02A94540,20230421_DACIA_ULIA_HERNANI_057,,d3,22:09.1,03:42.1,DACIA_SPRING,Dacia Spring 33 kW,33000,139,36:45.3,5.6,9,60,ENE,8.803152748837672,-162.00537740442311,347,94,,,,1.0,56.0,289.0,1,308,39,30,2
35:15.3,,,79,,98.5,,,,,,,57,-1.9805404,43.32031,54.440308,4.895100234400479,35:15.3,6,0.0,0101000020E6100000A4BAA9164BB0FFBF5365ADDBFFA84540,20230421_DACIA_ULIA_HERNANI_057,,d3,22:09.1,03:42.1,DACIA_SPRING,Dacia Spring 33 kW,33000,139,36:45.3,5.6,9,60,ENE,8.890416005398706,-158.9501763053196,347,94,,,,1.0,56.0,289.0,1,308,39,30,2
35:21.1,,,79,,98.5,,,,,,,57,-1.9808522,43.32019,54.528564,4.923636156578168,35:21.3,6,-0.211,0101000020E61000000954FF2092B1FFBFE4586AFFFBA84540,20230421_DACIA_ULIA_HERNANI_057,,d3,22:09.1,03:42.1,DACIA_SPRING,Dacia Spring 33 kW,33000,139,36:45.3,5.6,9,60,ENE,8.827987814871573,-161.21992933517652,347,94,,,,1.0,56.0,289.0,1,308,39,30,2
35:26.8,,,79,,98.5,,,,,,,57,-1.9812051,43.32007,56.833374,4.955233545088109,35:26.3,6,0.429,0101000020E6100000164E141904B3FFBF751E15FFF7A84540,20230421_DACIA_ULIA_HERNANI_057,,d3,22:09.1,03:42.1,DACIA_SPRING,Dacia Spring 33 kW,33000,139,36:45.3,5.6,9,60,ENE,8.928447959357788,-157.22962109074058,347,94,,,,1.0,56.0,289.0,1,308,39,30,2
35:32.9,,,79,,98.5,,,,,,,57,-1.9816101,43.3199,56.340332,4.993062528415946,35:32.8,6,0.115,0101000020E6100000EF931FC8ACB4FFBF0D88948FF2A84540,20230421_DACIA_ULIA_HERNANI_057,,d3,22:09.1,03:42.1,DACIA_SPRING,Dacia Spring 33 kW,33000,139,36:45.3,5.6,9,60,ENE,8.884078541309874,-159.205885045089,347,94,,,,1.0,56.0,289.0,1,308,39,30,2
35:38.8,,,79,,98.5,,,,,,,57,-1.9819103,43.319786,56.286804,5.020457456543862,35:38.4,6,0.449,0101000020E6100000E9452F9BE7B5FFBF1B7BFECDEEA84540,20230421_DACIA_ULIA_HERNANI_057,,d3,22:09.1,03:42.1,DACIA_SPRING,Dacia Spring 33 kW,33000,139,36:45.3,5.6,9,60,ENE,8.859601545675737,-160.13359952240546,347,94,,,,1.0,56.0,289.0,1,308,39,30,2
35:44.5,,,79,,98.5,,,,,,,57,-1.9824389,43.319595,56.2782,5.068203962460864,35:44.4,6,0.136,0101000020E61000006E74E7EC11B8FFBF1EE7708CE8A84540,20230421_DACIA_ULIA_HERNANI_057,,d3,22:09.1,03:42.1,DACIA_SPRING,Dacia Spring 33 kW,33000,139,36:45.3,5.6,9,60,ENE,8.829246881836266,-161.17865976664388,347,94,,,,1.0,56.0,289.0,1,308,39,30,2
35:50.0,,,79,,98.5,,,,,,,57,-1.9827851000000003,43.319477,53.27411,5.099277797685447,35:50.4,6,-0.347,0101000020E61000001FBEC8DB7CB9FFBF91655E9AE4A84540,20230421_DACIA_ULIA_HERNANI_057,,d3,22:09.1,03:42.1,DACIA_SPRING,Dacia Spring 33 kW,33000,139,36:45.3,5.6,9,60,ENE,8.78091077131282,-162.66811096053877,347,94,,,,1.0,56.0,289.0,1,308,39,30,2
35:56.2,,,79,,98.5,,,,,,,57,-1.9828588,43.319454,57.940063,5.107269048981683,35:56.4,6,-0.23,0101000020E6100000755F2926CAB9FFBF4AE361EBE3A84540,20230421_DACIA_ULIA_HERNANI_057,,d3,22:09.1,03:42.1,DACIA_SPRING,Dacia Spring 33 kW,33000,139,36:45.3,5.6,9,60,ENE,2.1003421129962114,-73.49563861622354,347,94,,,,1.0,56.0,289.0,1,308,39,30,2
36:01.7,,,79,,98.5,,,,,,,57,-1.9828508,43.319427000000005,60.9729,5.111585359731732,36:01.4,6,0.3229999999999999,0101000020E61000001A8FADC2C1B9FFBFD9C665FDE2A84540,20230421_DACIA_ULIA_HERNANI_057,,d3,22:09.1,03:42.1,DACIA_SPRING,Dacia Spring 33 kW,33000,139,36:45.3,5.6,9,60,ENE,4.347950326041016,-88.88843032417718,347,94,,,,1.0,56.0,289.0,1,308,39,30,2
36:07.3,,,79,,98.5,,,,,,,57,-1.9828495,43.31936,61.94458,5.11909925470732,36:07.4,6,-0.17,0101000020E610000038E0EB52C0B9FFBFD44CEFC9E0A84540,20230421_DACIA_ULIA_HERNANI_057,,d3,22:09.1,03:42.1,DACIA_SPRING,Dacia Spring 33 kW,33000,139,36:45.3,5.6,9,60,ENE,-1.11723348200401,-52.86907554522229,347,94,,,,1.0,56.0,289.0,1,308,39,30,2
36:12.7,,,79,,98.5,,,,,,,57,-1.9828283,43.319332,66.2688,5.124696925409514,36:12.5,6,0.2769999999999999,0101000020E61000003E233228AAB9FFBF2EA767EEDFA84540,20230421_DACIA_ULIA_HERNANI_057,,d3,22:09.1,03:42.1,DACIA_SPRING,Dacia Spring 33 kW,33000,139,36:45.3,5.6,9,60,ENE,-8.519130596307665,48.8140748378931,347,94,,,,1.0,56.0,289.0,1,308,39,30,2
36:18.3,,,79,,98.5,,,,,,,57,-1.9828213,43.31934,66.071655,5.125769711060204,36:18.5,6,-0.191,0101000020E61000005F94E2DBA2B9FFBFB7F50D2BE0A84540,20230421_DACIA_ULIA_HERNANI_057,,d3,22:09.1,03:42.1,DACIA_SPRING,Dacia Spring 33 kW,33000,139,36:45.3,5.6,9,60,ENE,-7.794228634059947,0.0,347,94,,,,1.0,56.0,289.0,1,308,39,30,2
36:23.8,,,79,,98.5,,,,,,,57,-1.9828061,43.31934,67.08722,5.127364528848045,36:23.5,6,0.264,0101000020E6100000328F3EDE92B9FFBF28FA5315E0A84540,20230421_DACIA_ULIA_HERNANI_057,,d3,22:09.1,03:42.1,DACIA_SPRING,Dacia Spring 33 kW,33000,139,36:45.3,5.6,9,60,ENE,-7.794228634059947,0.0,347,94,,,,1.0,56.0,289.0,1,308,39,30,2
36:29.3,,,79,,98.5,,,,,,,57,-1.9828029,43.31934,67.21228,5.127652030192919,36:29.5,6,-0.248,0101000020E6100000939F9E888FB9FFBF52E49C1AE0A84540,20230421_DACIA_ULIA_HERNANI_057,,d3,22:09.1,03:42.1,DACIA_SPRING,Dacia Spring 33 kW,33000,139,36:45.3,5.6,9,60,ENE,-7.794228634059947,0.0,347,94,,,,1.0,56.0,289.0,1,308,39,30,2
36:34.8,,,79,,98.5,,,,,,,57,-1.9828018,43.31934,66.48364000000001,5.128386084177926,36:34.5,6,0.288,0101000020E61000007C6B9A568EB9FFBFF3EE2312E0A84540,20230421_DACIA_ULIA_HERNANI_057,,d3,22:09.1,03:42.1,DACIA_SPRING,Dacia Spring 33 kW,33000,139,36:45.3,5.6,9,60,ENE,-3.702112619324813,95.71059314190832,347,94,,,,1.0,56.0,289.0,1,308,39,30,2
36:40.5,,,79,,98.5,,,,,,,57,-1.9828022,43.319344,67.7193,5.129699755279936,36:40.6,6,-0.14,0101000020E6100000E735FAC18EB9FFBFE14AF233E0A84540,20230421_DACIA_ULIA_HERNANI_057,,d3,22:09.1,03:42.1,DACIA_SPRING,Dacia Spring 33 kW,33000,139,36:45.3,5.6,9,60,ENE,-7.794228634059947,0.0,347,94,,,,1.0,56.0,289.0,1,308,39,30,2
36:46.0,,,79,,98.5,,,,,,,57,-1.982802,43.319344,67.805115,5.129787082248416,36:45.8,6,0.146,0101000020E61000004C4322A78EB9FFBF9F897636E0A84540,20230421_DACIA_ULIA_HERNANI_057,,d3,22:09.1,03:42.1,DACIA_SPRING,Dacia Spring 33 kW,33000,139,36:45.3,5.6,9,60,ENE,5.253222092094538,-95.71059313875928,347,94,,,,1.0,56.0,289.0,1,308,39,30,2
36:51.5,,,79,,98.5,,,,,,,57,-1.9828024,43.31934,67.35388,5.130421502577441,36:51.6,6,-0.098,0101000020E61000008DE266028FB9FFBFAB528217E0A84540,20230421_DACIA_ULIA_HERNANI_057,,d3,22:09.1,03:42.1,DACIA_SPRING,Dacia Spring 33 kW,33000,139,36:45.3,5.6,9,60,ENE,5.432005524380314,-97.12501634263856,347,94,,,,1.0,56.0,289.0,1,308,39,30,2
36:57.1,,,79,,98.5,,,,,,,57,-1.9828029,43.319336,67.35828000000001,5.130868139460047,36:56.6,6,0.511,0101000020E61000006FD14D8B8FB9FFBFC3BE190CE0A84540,20230421_DACIA_ULIA_HERNANI_057,,d3,22:09.1,03:42.1,DACIA_SPRING,Dacia Spring 33 kW,33000,139,36:45.3,5.6,9,60,ENE,6.918717874482742,-110.24145248031292,347,94,,,,1.0,56.0,289.0,1,308,39,30,2
37:02.7,,,78,,98.5,,,,,,,57,-1.9828088,43.319320000000005,65.58972,5.133421742201081,37:02.6,6,0.052,0101000020E6100000AD5020C395B9FFBF5885D571DFA84540,20230421_DACIA_ULIA_HERNANI_057,,d3,22:09.1,03:42.1,DACIA_SPRING,Dacia Spring 33 kW,33000,139,36:45.3,5.6,9,60,ENE,8.545618333330237,-168.2839955637184,347,94,,,,1.0,56.0,289.0,1,308,39,30,2
37:08.3,,,78,,98.5,,,,,,,57,-1.9833778,43.319202,63.351562,5.181339085199036,37:08.7,6,-0.419,0101000020E610000017623764EABBFFBF3056069BDBA84540,20230421_DACIA_ULIA_HERNANI_057,,d3,22:09.1,03:42.1,DACIA_SPRING,Dacia Spring 33 kW,33000,139,36:45.3,5.6,9,60,ENE,8.958576015022432,-155.49932048718415,347,94,,,,1.0,56.0,289.0,1,308,39,30,2
37:13.8,,,78,,98.5,,,,,,,57,-1.9837201,43.319046,63.655334,5.214016682527237,37:13.7,6,0.09,0101000020E610000036B6323C51BDFFBFAA931A77D6A84540,20230421_DACIA_ULIA_HERNANI_057,,d3,22:09.1,03:42.1,DACIA_SPRING,Dacia Spring 33 kW,33000,139,36:45.3,5.6,9,60,ENE,8.880303413021789,-140.64508671145975,347,94,,,,1.0,56.0,289.0,1,308,39,30,2
37:19.5,,,78,,98.5,,,,,,,57,-1.9839152,43.318886,59.58667,5.238145469623984,37:19.7,6,-0.218,0101000020E61000005C2E6EE51DBEFFBFBF00904DD1A84540,20230421_DACIA_ULIA_HERNANI_057,,d3,22:09.1,03:42.1,DACIA_SPRING,Dacia Spring 33 kW,33000,139,36:45.3,5.6,9,60,ENE,2.786491032160186,-78.0357357695203,347,94,,,,1.0,56.0,289.0,1,308,39,30,2
37:25.1,,,78,,98.5,,,,,,,57,-1.9838885,43.31876,57.34674,5.2524974304800205,37:24.7,6,0.319,0101000020E6100000885F77DB01BEFFBFF0A2AF20CDA84540,20230421_DACIA_ULIA_HERNANI_057,,d3,22:09.1,03:42.1,DACIA_SPRING,Dacia Spring 33 kW,33000,139,38:02.2,5.6,9,60,ENE,-1.279632276407634,-51.82590789432407,347,94,,,,1.0,56.0,289.0,1,308,39,30,2
37:30.7,,,78,,98.5,,,,,,,57,-1.9837234,43.31855,54.93805,5.279506050751975,37:30.8,6,-0.006,0101000020E610000099C3C5BC54BDFFBF298CD24AC6A84540,20230421_DACIA_ULIA_HERNANI_057,,d3,22:09.1,03:42.1,DACIA_SPRING,Dacia Spring 33 kW,33000,139,38:02.2,5.6,9,60,ENE,-0.6885508771463044,-55.61226153049407,347,94,,,,1.0,56.0,289.0,1,308,39,30,2
37:37.0,,,78,,98.5,,,,,,,57,-1.9835523,43.3183,50.69403,5.310849030831646,37:36.7,6,0.214,0101000020E6100000664B7753A1BCFFBF344F6C0DBEA84540,20230421_DACIA_ULIA_HERNANI_057,,d3,22:09.1,03:42.1,DACIA_SPRING,Dacia Spring 33 kW,33000,139,38:02.2,5.6,9,60,ENE,-1.8654387981737024,-48.03752768198281,347,94,,,,1.0,56.0,289.0,1,308,39,40,2
37:42.6,,,78,,98.5,,,,,,,57,-1.9834372,43.318172,48.93805,5.327947768631059,37:42.8,6,-0.144,0101000020E610000068E9E9A728BCFFBF18A48DE1B9A84540,20230421_DACIA_ULIA_HERNANI_057,,d3,22:09.1,03:42.1,DACIA_SPRING,Dacia Spring 33 kW,33000,139,38:02.2,5.6,9,60,ENE,-2.5684647814895896,-43.41813819643298,347,94,,,,1.0,56.0,289.0,1,308,39,40,2
37:48.1,,,78,,98.5,,,,,,,57,-1.9833051,43.318047,43.211548,5.346392180053812,37:47.8,6,0.34,0101000020E6100000A96CF5289EBBFFBFC7C3B5B9B5A84540,20230421_DACIA_ULIA_HERNANI_057,,d3,22:09.1,03:42.1,DACIA_SPRING,Dacia Spring 33 kW,33000,139,38:02.2,5.6,9,60,ENE,0.640637087553619,-64.0818743795386,347,94,,,,1.0,56.0,289.0,1,308,39,40,2
37:53.7,,,78,,98.5,,,,,,,57,-1.9832774,43.31799,42.967834,5.353119207145247,37:53.8,6,-0.1369999999999999,0101000020E6100000F44EAA2281BBFFBF45AAFFDEB3A84540,20230421_DACIA_ULIA_HERNANI_057,,d3,22:09.1,03:42.1,DACIA_SPRING,Dacia Spring 33 kW,33000,139,38:02.2,5.6,9,60,ENE,-6.082352731074774,-17.482375199458605,347,94,,,,1.0,56.0,289.0,1,308,39,40,2
37:59.3,,,78,,98.5,,,,,,,57,-1.9832647,43.317986,43.33893,5.354298686569601,37:58.8,6,0.47,0101000020E61000004E650FBC73BBFFBF514942C7B3A84540,20230421_DACIA_ULIA_HERNANI_057,,d3,22:09.1,03:42.1,DACIA_SPRING,Dacia Spring 33 kW,33000,139,38:02.2,5.6,9,60,ENE,8.565533932006224,-132.12454631759306,347,94,,,,1.0,56.0,289.0,1,308,39,40,2
38:04.8,,,78,,98.5,,,,,,,57,-1.9833063,43.31794,40.53528,5.361032907132448,38:04.8,6,-0.035,0101000020E6100000E46E4A589FBBFFBF8DCA3437B2A84540,20230421_DACIA_ULIA_HERNANI_057,,d3,22:09.1,03:42.1,DACIA_SPRING,Dacia Spring 33 kW,33000,139,38:02.2,5.6,9,60,ENE,8.992688194268428,-147.6902865439664,347,94,,,,1.0,56.0,289.0,1,308,39,40,2
38:10.3,,,78,,98.5,,,,,,,57,-1.9833316000000003,43.317924,39.30249,5.364011897210339,38:09.9,6,0.4589999999999999,0101000020E610000065C7C2E7B9BBFFBF1C7941C0B1A84540,20230421_DACIA_ULIA_HERNANI_057,,d3,22:09.1,03:42.1,DACIA_SPRING,Dacia Spring 33 kW,33000,139,38:02.2,5.6,9,60,ENE,3.714790975211249,144.37798935939793,347,94,,,,1.0,56.0,289.0,1,308,39,40,2
38:15.9,,,78,,98.5,,,,,,,57,-1.9833637,43.317947,37.34198,5.36815053046017,38:15.9,6,0.063,0101000020E6100000E31F11AEDBBBFFBF393F078EB2A84540,20230421_DACIA_ULIA_HERNANI_057,,d3,22:09.1,03:42.1,DACIA_SPRING,Dacia Spring 33 kW,33000,139,38:02.2,5.6,9,60,ENE,-5.715308615918314,-20.57747221263475,347,94,,,,1.0,56.0,289.0,1,308,39,40,2
38:21.7,,,78,,98.5,,,,,,,57,-1.9833344,43.317936,41.454163,5.373052049561783,38:21.9,6,-0.181,0101000020E6100000C3171EE2BCBBFFBF99AA492AB2A84540,20230421_DACIA_ULIA_HERNANI_057,,d3,22:09.1,03:42.1,DACIA_SPRING,Dacia Spring 33 kW,33000,139,38:02.2,5.6,9,60,ENE,8.10599951095874,-124.24582926384844,347,94,,,,1.0,56.0,289.0,1,308,39,40,2
38:27.3,,,78,,98.5,,,,,,,57,-1.9833521,43.31791,41.513733,5.376278857013904,38:26.9,6,0.436,0101000020E610000072DB0064CFBBFFBFAB274E49B1A84540,20230421_DACIA_ULIA_HERNANI_057,,d3,22:09.1,03:42.1,DACIA_SPRING,Dacia Spring 33 kW,33000,139,38:02.2,5.6,9,60,ENE,-0.0521776502406605,-59.6678249009928,347,94,,,,1.0,56.0,289.0,1,308,39,40,2
38:33.2,,,78,,98.5,,,,,,,57,-1.9833246,43.317863,38.876038,5.382541429436047,38:32.9,6,0.261,0101000020E61000008738739BB2BBFFBF6B6C0ABFAFA84540,20230421_DACIA_ULIA_HERNANI_057,,d3,22:09.1,03:42.1,DACIA_SPRING,Dacia Spring 33 kW,33000,139,38:02.2,5.6,9,60,ENE,-7.445578089068458,64.179008025918,347,94,,,,1.0,56.0,289.0,1,308,39,40,2
38:38.6,,,78,,98.5,,,,,,,57,-1.9833096,43.317894,33.805237,5.388791848551076,38:38.9,6,-0.35,0101000020E6100000957549E6A2BBFFBFB71291CCB0A84540,20230421_DACIA_ULIA_HERNANI_057,,d3,22:09.1,03:42.1,DACIA_SPRING,Dacia Spring 33 kW,33000,139,38:02.2,5.6,9,60,ENE,6.270205289063098,164.16200000990696,347,94,,,,1.0,56.0,289.0,1,308,39,40,2
38:44.1,,,78,,98.5,,,,,,,57,-1.9833237,43.317898,34.986633000000005,5.390493237805884,38:44.0,6,0.138,0101000020E61000003A7F2CA7B1BBFFBFC96679E4B0A84540,20230421_DACIA_ULIA_HERNANI_057,,d3,22:09.1,03:42.1,DACIA_SPRING,Dacia Spring 33 kW,33000,139,38:02.2,5.6,9,60,ENE,8.973921349349979,-145.6372145286435,347,94,,,,1.0,56.0,289.0,1,308,39,40,2
38:49.5,,,78,,98.5,,,,,,,57,-1.9833354,43.317890000000006,34.797363,5.39180589779151,38:50.0,6,-0.4529999999999999,0101000020E6100000349FB5D3BDBBFFBF1112929AB0A84540,20230421_DACIA_ULIA_HERNANI_057,,d3,22:09.1,03:42.1,DACIA_SPRING,Dacia Spring 33 kW,33000,139,38:02.2,5.6,9,60,ENE,-1.159773919266195,-52.596061195852485,347,94,,,,1.0,56.0,289.0,1,308,39,40,2
38:55.2,,,78,,98.5,,,,,,,57,-1.9832207,43.31774,37.487854,5.411081318141908,38:55.0,6,0.123,0101000020E6100000C5D5D89045BBFFBF0D2EC2B9ABA84540,20230421_DACIA_ULIA_HERNANI_057,,d3,22:09.1,03:42.1,DACIA_SPRING,Dacia Spring 33 kW,33000,139,38:02.2,5.6,9,60,ENE,1.4214190765305308,-69.08708279146956,347,94,,,,1.0,56.0,289.0,1,308,39,40,2
39:00.6,,,78,,98.5,,,,,,,57,-1.9830946,43.31741,45.470764,5.449994991737773,39:01.0,6,-0.396,0101000020E610000073609C6CC1BAFFBF078BF5D3A0A84540,20230421_DACIA_ULIA_HERNANI_057,,d3,22:09.1,03:42.1,DACIA_SPRING,Dacia Spring 33 kW,33000,139,38:02.2,5.6,9,60,ENE,-2.741473621335091,-42.2654073542612,347,94,,,,1.0,56.0,289.0,1,308,39,8,2
39:06.7,,,78,,98.5,,,,,,,57,-1.9827502,43.317097,47.83185,5.494640426655646,39:07.0,6,-0.381,0101000020E6100000976B553B58B9FFBFA735D5AC96A84540,20230421_DACIA_ULIA_HERNANI_057,,d3,22:09.1,03:42.1,DACIA_SPRING,Dacia Spring 33 kW,33000,139,38:02.2,5.6,9,60,ENE,0.2717893370017227,-61.73052775765334,347,94,,,,1.0,56.0,289.0,1,308,39,40,2
39:12.2,,,78,,98.5,,,,,,,57,-1.9825152,43.31666,45.11444,5.5468902217001785,39:12.1,6,0.092,0101000020E6100000276300D161B8FFBF9CBBC05988A84540,20230421_DACIA_ULIA_HERNANI_057,,d3,22:09.1,03:42.1,DACIA_SPRING,Dacia Spring 33 kW,33000,139,38:02.2,5.6,9,60,ENE,-0.7418835961815714,-55.27165718135712,347,94,,,,1.0,56.0,289.0,1,308,39,40,2
39:17.7,,,78,,98.5,,,,,,,57,-1.9820487,43.315987,44.760254,5.6307035827574365,39:18.1,6,-0.434,0101000020E610000075DAA6BA78B6FFBFAEE2644D72A84540,20230421_DACIA_ULIA_HERNANI_057,,d3,22:09.1,03:42.1,DACIA_SPRING,Dacia Spring 33 kW,33000,139,38:02.2,5.6,9,60,ENE,-0.2458902595029643,-58.434419178555366,347,94,,,,1.0,56.0,289.0,1,308,39,40,2
39:23.8,,,78,,98.5,,,,,,,57,-1.9817581,43.315514,44.19995,5.688317102676198,39:23.8,6,-0.001,0101000020E61000003A86F0FD47B5FFBF3F52E9CC62A84540,20230421_DACIA_ULIA_HERNANI_057,,d3,22:09.1,03:42.1,DACIA_SPRING,Dacia Spring 33 kW,33000,139,38:02.2,5.6,9,60,ENE,-0.9946599099411032,-53.654836536699534,347,94,,,,1.0,56.0,289.0,1,308,39,40,2
39:29.3,,,78,,98.5,,,,,,,57,-1.9813983,43.315025,48.692505,5.750156452128096,39:29.1,6,0.136,0101000020E6100000E49299C1CEB3FFBF177CFDBD52A84540,20230421_DACIA_ULIA_HERNANI_057,,d3,22:09.1,03:42.1,DACIA_SPRING,Dacia Spring 33 kW,33000,139,38:02.2,5.6,9,60,ENE,-0.6508634009333092,-55.852854657512026,347,94,,,,1.0,56.0,289.0,1,308,39,40,2
39:34.9,,,78,,98.5,,,,,,,57,-1.9810802,43.314556,45.847412,5.808380980004866,39:35.1,6,-0.231,0101000020E6100000B2E1C01681B2FFBF37E73B5343A84540,20230421_DACIA_ULIA_HERNANI_057,,d3,22:09.1,03:42.1,DACIA_SPRING,Dacia Spring 33 kW,33000,139,38:02.2,5.6,9,60,ENE,-0.9755509042225214,-53.77722361689391,347,94,,,,1.0,56.0,289.0,1,308,39,40,2
39:40.6,,,78,,98.5,,,,,,,57,-1.980963,43.314396,44.880432,5.828564434241457,39:40.2,6,0.413,0101000020E610000009F6464A06B2FFBF2E4A7D173EA84540,20230421_DACIA_ULIA_HERNANI_057,,d3,22:09.1,03:42.1,DACIA_SPRING,Dacia Spring 33 kW,33000,139,38:02.2,5.6,9,60,ENE,-1.9987382989879467,-47.1686496845077,347,94,,,,1.0,56.0,289.0,1,308,39,40,2
39:46.2,,,78,,98.5,,,,,,,57,-1.9808601000000003,43.314285,45.455627,5.843463433280484,39:46.2,6,-0.032,0101000020E61000007B38375C9AB1FFBF777B18733AA84540,20230421_DACIA_ULIA_HERNANI_057,,d3,22:09.1,03:42.1,DACIA_SPRING,Dacia Spring 33 kW,33000,139,38:02.2,5.6,9,60,ENE,-1.288919104450028,-51.76617482219026,347,94,,,,1.0,56.0,289.0,1,308,39,40,2
39:51.9,,,78,,98.5,,,,,,,57,-1.9806261000000005,43.313988,42.759277,5.881625365365904,39:52.2,6,-0.318,0101000020E6100000F3DB0001A5B0FFBFC31C6FB830A84540,20230421_DACIA_ULIA_HERNANI_057,,d3,22:09.1,03:42.1,DACIA_SPRING,Dacia Spring 33 kW,33000,139,38:02.2,5.6,9,60,ENE,-1.4506990167411191,-50.7240960312398,347,94,,,,1.0,56.0,289.0,1,308,39,40,2
39:57.5,,,78,,98.5,,,,,,,57,-1.980456,43.31378,42.808838,5.908538716328087,39:57.2,6,0.284,0101000020E6100000A80FD1A6F2AFFFBFA93549032AA84540,20230421_DACIA_ULIA_HERNANI_057,,d3,22:09.1,03:42.1,DACIA_SPRING,Dacia Spring 33 kW,33000,139,41:45.4,5.6,9,60,ENE,0.6476468691826263,-64.12661477400083,347,94,,,,1.0,56.0,289.0,1,308,39,40,2
40:03.0,,,78,,98.5,,,,,,,57,-1.9803202,43.3135,41.033570000000005,5.941602744899112,40:03.3,6,-0.305,0101000020E610000044E6044C64AFFFBF9053AECF20A84540,20230421_DACIA_ULIA_HERNANI_057,,d3,22:09.1,03:42.1,DACIA_SPRING,Dacia Spring 33 kW,33000,139,41:45.4,5.6,9,60,ENE,1.2138103350497689,-67.75097634300981,347,94,,,,1.0,56.0,289.0,1,308,39,40,2
40:08.5,,,78,,98.5,,,,,,,57,-1.9802527,43.313335,42.61133,5.960810360583809,40:08.3,6,0.257,0101000020E61000004438A0841DAFFFBF511212691BA84540,20230421_DACIA_ULIA_HERNANI_057,,d3,22:09.1,03:42.1,DACIA_SPRING,Dacia Spring 33 kW,33000,139,41:45.4,5.6,9,60,ENE,4.666895358887306,-91.23463170552132,347,94,,,,1.0,56.0,289.0,1,308,39,40,2
40:13.9,,,78,,98.5,,,,,,,57,-1.9802577,43.313103000000005,42.818115,5.986611583855466,40:14.3,6,-0.36,0101000020E6100000536FB2B222AFFFBFC05D93C113A84540,20230421_DACIA_ULIA_HERNANI_057,,d3,22:09.1,03:42.1,DACIA_SPRING,Dacia Spring 33 kW,33000,139,41:45.4,5.6,9,60,ENE,8.71933596833266,-135.65353567422642,347,94,,,,1.0,56.0,289.0,1,308,39,40,2
40:19.5,,,78,,98.5,,,,,,,57,-1.980271,43.31309,44.000366,5.98876685733539,40:19.3,6,0.15,0101000020E610000046B2269A30AFFFBF38A0085613A84540,20230421_DACIA_ULIA_HERNANI_057,,d3,22:09.1,03:42.1,DACIA_SPRING,Dacia Spring 33 kW,33000,139,41:45.4,5.6,9,60,ENE,8.663152698578653,-134.27477569686442,347,94,,,,1.0,56.0,289.0,1,308,39,40,2
40:25.0,,,78,,98.5,,,,,,,57,-1.98031,43.31305,43.432495,5.994249722840824,40:25.3,6,-0.36,0101000020E61000007311DF8959AFFFBF74A7E80612A84540,20230421_DACIA_ULIA_HERNANI_057,,d3,22:09.1,03:42.1,DACIA_SPRING,Dacia Spring 33 kW,33000,139,41:45.4,5.6,9,60,ENE,6.5580950971519,-106.77561615910145,347,94,,,,1.0,56.0,289.0,1,308,39,40,2
40:30.5,,,78,,98.5,,,,,,,57,-1.9804137,43.312706,45.042725,6.033443216336886,40:30.4,6,0.092,0101000020E61000003B71D633C6AFFFBFCD9927B606A84540,20230421_DACIA_ULIA_HERNANI_057,,d3,22:09.1,03:42.1,DACIA_SPRING,Dacia Spring 33 kW,33000,139,41:45.4,5.6,9,60,ENE,4.153386031069417,-87.48312434308093,347,94,,,,1.0,56.0,289.0,1,308,39,30,2
40:36.5,,,78,,98.5,,,,,,,57,-1.9803897,43.31216,48.093567,6.094263257043082,40:36.5,6,-0.006,0101000020E61000007E569929ADAFFFBF65ACD3D4F4A74540,20230421_DACIA_ULIA_HERNANI_057,,d3,22:09.1,03:42.1,DACIA_SPRING,Dacia Spring 33 kW,33000,139,41:45.4,5.6,9,60,ENE,3.834730383732329,-85.21911612516351,347,94,,,,1.0,56.0,289.0,1,308,39,50,2
40:42.4,,,78,,98.5,,,,,,,57,-1.9803575,43.311775,50.691284,6.137231101052562,40:42.4,6,-0.0279999999999999,0101000020E61000009593586B8BAFFFBFFA27974AE8A74540,20230421_DACIA_ULIA_HERNANI_057,,d3,22:09.1,03:42.1,DACIA_SPRING,Dacia Spring 33 kW,33000,139,41:45.4,5.6,9,60,ENE,6.613920220951797,-107.29707930913357,347,94,,,,1.0,56.0,289.0,1,308,39,50,2
40:48.4,,,78,,98.5,,,,,,,57,-1.9804039,43.311626,59.07361,6.156174631480742,40:48.4,6,-0.016,0101000020E6100000BE525405BCAFFFBF6E8ECE54E3A74540,20230421_DACIA_ULIA_HERNANI_057,,d3,22:09.1,03:42.1,DACIA_SPRING,Dacia Spring 33 kW,33000,139,41:45.4,5.6,9,60,ENE,-0.1388844879657676,-59.11579879334316,347,94,,,,1.0,56.0,289.0,1,308,39,50,2
40:54.0,,,78,,98.5,,,,,,,57,-1.9803722,43.311573,58.53412,6.162624492779784,40:54.5,6,-0.49,0101000020E61000008D53DFBF9AAFFFBF81B69390E1A74540,20230421_DACIA_ULIA_HERNANI_057,,d3,22:09.1,03:42.1,DACIA_SPRING,Dacia Spring 33 kW,33000,139,41:45.4,5.6,9,60,ENE,-0.8628508501716934,-54.49847094400323,347,94,,,,1.0,56.0,289.0,1,308,39,50,2
40:59.5,,,78,,98.5,,,,,,,57,-1.9803615,43.311558000000005,60.02069,6.165020603593842,40:59.5,6,0.042,0101000020E61000006F25E07C8FAFFFBFA54E4013E1A74540,20230421_DACIA_ULIA_HERNANI_057,,d3,22:09.1,03:42.1,DACIA_SPRING,Dacia Spring 33 kW,33000,139,41:45.4,5.6,9,60,ENE,2.8624684521045918,-78.54516196964435,347,94,,,,1.0,56.0,289.0,1,308,39,50,2
41:05.1,,,78,,98.5,,,,,,,57,-1.9803538,43.31152,58.904358,6.1694351697163,41:05.5,6,-0.426,0101000020E610000079C2F97187AFFFBF4C59C0E3DFA74540,20230421_DACIA_ULIA_HERNANI_057,,d3,22:09.1,03:42.1,DACIA_SPRING,Dacia Spring 33 kW,33000,139,41:45.4,5.6,9,60,ENE,6.889250088634164,-109.94902218191336,347,94,,,,1.0,56.0,289.0,1,308,39,50,2
41:10.8,,,78,,98.5,,,,,,,57,-1.9803636,43.311493,57.8291,6.172721272487317,41:10.6,6,0.136,0101000020E6100000B5A1A4B891AFFFBFDBD128F2DEA74540,20230421_DACIA_ULIA_HERNANI_057,,d3,22:09.1,03:42.1,DACIA_SPRING,Dacia Spring 33 kW,33000,139,41:45.4,5.6,9,60,ENE,6.386403227821843,-105.20240870767564,347,94,,,,1.0,56.0,289.0,1,308,39,50,2
41:16.4,,,78,,98.5,,,,,,,57,-1.9803761,43.311447,55.027832,6.178640127905323,41:16.6,6,-0.113,0101000020E6100000911082E19EAFFFBF8FE23D83DDA74540,20230421_DACIA_ULIA_HERNANI_057,,d3,22:09.1,03:42.1,DACIA_SPRING,Dacia Spring 33 kW,33000,139,41:45.4,5.6,9,60,ENE,-8.523680146013886,48.72405797516718,347,94,,,,1.0,56.0,289.0,1,308,39,50,2
41:22.4,,,78,,98.5,,,,,,,57,-1.9803524,43.311474,55.930115,6.182315002729591,41:22.6,6,-0.249,0101000020E61000006EE81CF285AFFFBF0558BB58DEA74540,20230421_DACIA_ULIA_HERNANI_057,,d3,22:09.1,03:42.1,DACIA_SPRING,Dacia Spring 33 kW,33000,139,41:45.4,5.6,9,60,ENE,8.806388356263358,-138.09405805936885,347,94,,,,1.0,56.0,289.0,1,308,39,50,2
41:27.8,,,78,,98.5,,,,,,,57,-1.980368,43.31146,56.16631999999999,6.184332999757594,41:27.6,6,0.163,0101000020E61000007222135396AFFFBFB88086EDDDA74540,20230421_DACIA_ULIA_HERNANI_057,,d3,22:09.1,03:42.1,DACIA_SPRING,Dacia Spring 33 kW,33000,139,41:45.4,5.6,9,60,ENE,4.068811973547511,-86.87786953777348,347,94,,,,1.0,56.0,289.0,1,308,39,50,2
41:33.4,,,78,,98.5,,,,,,,57,-1.9803596,43.311306,57.067627,6.201494185058712,41:33.6,6,-0.233,0101000020E610000088B9E6868DAFFFBF1ABD9ED8D8A74540,20230421_DACIA_ULIA_HERNANI_057,,d3,22:09.1,03:42.1,DACIA_SPRING,Dacia Spring 33 kW,33000,139,41:45.4,5.6,9,60,ENE,3.2904319423940875,-81.44473086495792,347,94,,,,1.0,56.0,289.0,1,308,39,50,2
41:38.9,,,78,,98.5,,,,,,,57,-1.980308,43.310963,56.83306999999999,6.239862584873251,41:38.6,6,0.309,0101000020E6100000CDE4BC7B57AFFFBFFC8E9F95CDA74540,20230421_DACIA_ULIA_HERNANI_057,,d3,22:09.1,03:42.1,DACIA_SPRING,Dacia Spring 33 kW,33000,139,41:45.4,5.6,9,60,ENE,3.385136498377572,-82.09394078360206,347,94,,,,1.0,56.0,289.0,1,308,39,50,2
41:44.5,,,78,,98.5,,,,,,,57,-1.9802687,43.31068,58.698975,6.2715459861002705,41:44.7,6,-0.201,0101000020E6100000D60A474E2EAFFFBF9CA5C763C4A74540,20230421_DACIA_ULIA_HERNANI_057,,d3,22:09.1,03:42.1,DACIA_SPRING,Dacia Spring 33 kW,33000,139,41:45.4,5.6,9,60,ENE,3.3729624791656487,-82.01032117270995,347,94,,,,1.0,56.0,289.0,1,308,39,50,2
41:50.1,,,78,,98.5,,,,,,,57,-1.9802294,43.3104,57.054382,6.302885701624065,41:49.7,6,0.452,0101000020E61000008CDA9A0005AFFFBFBEFD1422BBA74540,20230421_DACIA_ULIA_HERNANI_057,,d3,22:09.1,03:42.1,DACIA_SPRING,Dacia Spring 33 kW,33000,139,41:45.4,5.6,9,60,ENE,3.7523525125854182,-84.64079422651267,347,94,,,,1.0,56.0,289.0,1,308,39,25,2
41:56.0,,,78,,98.5,,,,,,,57,-1.98019,43.30998,58.699158,6.349725135405958,41:55.9,6,0.1,0101000020E610000090A35AC0DBAEFFBF30B95164ADA74540,20230421_DACIA_ULIA_HERNANI_057,,d3,22:09.1,03:42.1,DACIA_SPRING,Dacia Spring 33 kW,33000,139,41:45.4,5.6,9,60,ENE,2.8661843146861656,-78.57011536308782,347,94,,,,1.0,56.0,289.0,1,308,39,25,2
42:01.5,,,78,,98.5,,,,,,,57,-1.9800879,43.309475,58.944763,6.406483521726476,42:01.7,6,-0.24,0101000020E610000067B34D9E70AEFFBF273551D79CA74540,20230421_DACIA_ULIA_HERNANI_057,,d3,22:09.1,03:42.1,DACIA_SPRING,Dacia Spring 33 kW,33000,139,41:45.4,5.6,9,60,ENE,1.1916058710066175,-67.60833894153579,347,94,,,,1.0,56.0,289.0,1,308,39,25,2
42:07.1,,,78,,98.5,,,,,,,57,-1.9798819,43.308975,59.09375,6.464525924741779,42:06.7,6,0.3989999999999999,0101000020E6100000D0B6DC9198ADFFBF88E2028E8CA74540,20230421_DACIA_ULIA_HERNANI_057,,d3,22:09.1,03:42.1,DACIA_SPRING,Dacia Spring 33 kW,33000,139,41:45.4,5.6,9,60,ENE,5.06720724651027,-94.26511912636164,347,94,,,,1.0,56.0,289.0,1,308,39,50,1
42:14.1,,,78,,98.5,,,,,,,57,-1.9799482,43.308086,56.617615,6.56355463191683,42:14.1,6,0.015,0101000020E61000006B37D119DEADFFBF74CBF5536FA74540,20230421_DACIA_ULIA_HERNANI_057,,d3,22:09.1,03:42.1,DACIA_SPRING,Dacia Spring 33 kW,33000,139,41:45.4,5.6,9,60,ENE,5.76928657348849,-99.8688044205353,347,94,,,,1.0,56.0,289.0,1,308,39,50,1
42:19.6,,,78,,98.5,,,,,,,57,-1.9800324,43.307602,55.39441,6.617816285677948,42:19.8,6,-0.155,0101000020E61000006185DF7636AEFFBF465FFF7D5FA74540,20230421_DACIA_ULIA_HERNANI_057,,d3,22:09.1,03:42.1,DACIA_SPRING,Dacia Spring 33 kW,33000,139,41:45.4,5.6,9,60,ENE,8.140215026761492,-124.75177182452056,347,94,,,,1.0,56.0,289.0,1,308,39,50,1
42:25.1,,,78,,98.5,,,,,,,57,-1.980244,43.307297,54.521545,6.655817596788876,42:24.8,6,0.3389999999999999,0101000020E6100000D2938D6214AFFFBF99EAF27B55A74540,20230421_DACIA_ULIA_HERNANI_057,,d3,22:09.1,03:42.1,DACIA_SPRING,Dacia Spring 33 kW,33000,139,43:02.4,5.6,9,60,ENE,-0.8826087390275745,-54.37209270889929,347,94,,,,1.0,56.0,289.0,1,308,39,55,1
42:30.6,,,78,,98.5,,,,,,,57,-1.9802139,43.307255,58.896545,6.662664722203669,42:30.8,6,-0.238,0101000020E610000024937CBAF4AEFFBF935A202854A74540,20230421_DACIA_ULIA_HERNANI_057,,d3,22:09.1,03:42.1,DACIA_SPRING,Dacia Spring 33 kW,33000,139,43:02.4,5.6,9,60,ENE,-8.724609127848893,15.789648328944669,347,94,,,,1.0,56.0,289.0,1,308,39,55,1
42:36.2,,,78,,98.5,,,,,,,57,-1.980175,43.307266,58.549316000000005,6.666059422221715,42:35.9,6,0.367,0101000020E6100000C1AE8108CCAEFFBF10751F8054A74540,20230421_DACIA_ULIA_HERNANI_057,,d3,22:09.1,03:42.1,DACIA_SPRING,Dacia Spring 33 kW,33000,139,43:02.4,5.6,9,60,ENE,8.006860803596272,-177.17055043680924,347,94,,,,1.0,56.0,289.0,1,308,39,55,1
42:42.1,,,78,,98.5,,,,,,,57,-1.9802964,43.30726,60.44879,6.676086683437836,42:41.9,6,0.221,0101000020E6100000F135BA394BAFFFBF8D019F4054A74540,20230421_DACIA_ULIA_HERNANI_057,,d3,22:09.1,03:42.1,DACIA_SPRING,Dacia Spring 33 kW,33000,139,43:02.4,5.6,9,60,ENE,8.254150867687743,-173.49025602143448,347,94,,,,1.0,56.0,289.0,1,308,39,55,1
42:47.6,,,78,,98.5,,,,,,,57,-1.9808748,43.307194,61.77185,6.723478308613053,42:47.9,6,-0.252,0101000020E61000009D23D9C0A9B1FFBFD051DC2B52A74540,20230421_DACIA_ULIA_HERNANI_057,,d3,22:09.1,03:42.1,DACIA_SPRING,Dacia Spring 33 kW,33000,139,43:02.4,5.6,9,60,ENE,8.063281743029249,-176.37312853093167,347,94,,,,1.0,56.0,289.0,1,308,39,55,1
42:53.3,,,78,,98.5,,,,,,,57,-1.9814112,43.30716,62.093140000000005,6.767046690648963,42:52.9,6,0.337,0101000020E6100000B9041A4BDCB3FFBF83537A0151A74540,20230421_DACIA_ULIA_HERNANI_057,,d3,22:09.1,03:42.1,DACIA_SPRING,Dacia Spring 33 kW,33000,139,43:02.4,5.6,9,60,ENE,7.641190272454212,178.1053624127566,347,94,,,,1.0,56.0,289.0,1,308,39,55,2
42:58.7,,,78,,98.5,,,,,,,57,-1.9817135,43.30717,56.425293,6.792180007011733,42:58.9,6,-0.221,0101000020E610000017A4744419B5FFBFE8D7186C51A74540,20230421_DACIA_ULIA_HERNANI_057,,d3,22:09.1,03:42.1,DACIA_SPRING,Dacia Spring 33 kW,33000,139,43:02.4,5.6,9,60,ENE,6.831277851242266,169.3788360672189,347,94,,,,1.0,56.0,289.0,1,308,39,55,2
43:04.3,,,78,,98.5,,,,,,,57,-1.9819428,43.307213,57.273680000000006,6.811358791686339,43:04.0,6,0.306,0101000020E610000031193B9F09B6FFBF3B6157CD52A74540,20230421_DACIA_ULIA_HERNANI_057,,d3,22:09.1,03:42.1,DACIA_SPRING,Dacia Spring 33 kW,33000,139,43:02.4,5.6,9,60,ENE,7.002814549483466,171.08607484259258,347,94,,,,1.0,56.0,289.0,1,308,39,25,2
43:09.8,,,78,,98.5,,,,,,,57,-1.9825995,43.307316,56.43988,6.865722328184757,43:10.0,6,-0.151,0101000020E6100000240ED940BAB8FFBF5722921956A74540,20230421_DACIA_ULIA_HERNANI_057,,d3,22:09.1,03:42.1,DACIA_SPRING,Dacia Spring 33 kW,33000,139,43:02.4,5.6,9,60,ENE,6.72927293514159,168.3912761763523,347,94,,,,1.0,56.0,289.0,1,308,39,25,2
43:15.5,,,78,,98.5,,,,,,,57,-1.9834173,43.307484,60.68512,6.93461166748872,43:15.0,6,0.4579999999999999,0101000020E6100000FC84BBCC13BCFFBFFB200D9F5BA74540,20230421_DACIA_ULIA_HERNANI_057,,d3,22:09.1,03:42.1,DACIA_SPRING,Dacia Spring 33 kW,33000,139,43:02.4,5.6,9,60,ENE,6.39181981924258,165.25136943144776,347,94,,,,1.0,56.0,289.0,1,308,39,25,2
43:21.0,,,78,,98.5,,,,,,,57,-1.9845303,43.307777,63.168457,7.030413762214761,43:21.0,6,-0.019,0101000020E6100000FA58A8D2A2C0FFBF25A0F44B65A74540,20230421_DACIA_ULIA_HERNANI_057,,d3,22:09.1,03:42.1,DACIA_SPRING,Dacia Spring 33 kW,33000,139,43:02.4,5.6,9,60,ENE,6.802926065374662,169.10238072142258,347,94,,,,1.0,56.0,289.0,1,308,39,55,2
43:26.6,,,78,,98.5,,,,,,,57,-1.9855847,43.30798,69.77051,7.11891182793593,43:27.1,6,-0.493,0101000020E6100000182D7A86F4C4FFBF6A8423ED6BA74540,20230421_DACIA_ULIA_HERNANI_057,,d3,22:09.1,03:42.1,DACIA_SPRING,Dacia Spring 33 kW,33000,139,43:02.4,5.6,9,60,ENE,7.623723022258427,177.89551649277237,347,94,,,,1.0,56.0,289.0,1,308,39,55,2
43:32.2,,,78,,98.5,,,,,,,57,-1.9859929,43.307995,71.976685,7.152056517624335,43:32.1,6,0.148,0101000020E610000066370A7BA0C6FFBF872B4E526CA74540,20230421_DACIA_ULIA_HERNANI_057,,d3,22:09.1,03:42.1,DACIA_SPRING,Dacia Spring 33 kW,33000,139,43:02.4,5.6,9,60,ENE,8.999311648315938,-150.70863783029372,347,94,,,,1.0,56.0,289.0,1,308,39,8,2
43:37.8,,,78,,98.5,,,,,,,57,-1.9860339,43.307972,76.42798,7.158168831834669,43:38.1,6,-0.32,0101000020E610000015F5937BCBC6FFBF4630E5AE6BA74540,20230421_DACIA_ULIA_HERNANI_057,,d3,22:09.1,03:42.1,DACIA_SPRING,Dacia Spring 33 kW,33000,139,43:02.4,5.6,9,60,ENE,8.308867485526097,-172.60040533911584,347,94,,,,1.0,56.0,289.0,1,308,39,8,2
43:43.2,,,78,,98.5,,,,,,,57,-1.9860955,43.307964,92.37958,7.174904666107369,43:43.2,6,0.024,0101000020E610000047EBE2150CC7FFBF4CAFE6636BA74540,20230421_DACIA_ULIA_HERNANI_057,,d3,22:09.1,03:42.1,DACIA_SPRING,Dacia Spring 33 kW,33000,139,43:02.4,5.6,9,60,ENE,7.794228634059946,180.0,347,94,,,,1.0,56.0,289.0,1,308,39,8,2
43:48.9,,,78,,98.5,,,,,,,57,-1.9861256,43.307964,93.28851,7.177504257431314,43:49.2,6,-0.286,0101000020E6100000F08E29AB2BC7FFBF6A3776606BA74540,20230421_DACIA_ULIA_HERNANI_057,,d3,22:09.1,03:42.1,DACIA_SPRING,Dacia Spring 33 kW,33000,139,43:02.4,5.6,9,60,ENE,8.536134363233453,-168.47547759504016,347,94,,,,1.0,56.0,289.0,1,308,39,8,2
43:54.5,,,78,,98.5,,,,,,,57,-1.9864591,43.307896,82.86749,7.2074032906061785,43:54.2,6,0.355,0101000020E61000009C3E126189C8FFBF71F1A61169A74540,20230421_DACIA_ULIA_HERNANI_057,,d3,22:09.1,03:42.1,DACIA_SPRING,Dacia Spring 33 kW,33000,139,43:02.4,5.6,9,60,ENE,8.137269985547308,-175.29214775556744,347,94,,,,1.0,56.0,289.0,1,308,39,55,2
44:00.3,,,78,,98.5,,,,,,,57,-1.9871391,43.30784,65.73352,7.26536644662873,44:00.3,6,-0.001,0101000020E61000003BD7206152CBFFBFE362774767A74540,20230421_DACIA_ULIA_HERNANI_057,,d3,22:09.1,03:42.1,DACIA_SPRING,Dacia Spring 33 kW,33000,139,43:02.4,5.6,9,60,ENE,8.043849319479872,-176.65027047319387,347,94,,,,1.0,56.0,289.0,1,308,39,8,2
44:05.9,,,78,,98.5,,,,,,,57,-1.9879421,43.307793,67.29021999999999,7.330569005172821,44:06.2,6,-0.331,0101000020E61000007A3EDA6A9CCEFFBFE4D34ABE65A74540,20230421_DACIA_ULIA_HERNANI_057,,d3,22:09.1,03:42.1,DACIA_SPRING,Dacia Spring 33 kW,33000,139,43:02.4,5.6,9,60,ENE,7.813167656948845,-179.75797477364637,347,94,,,,1.0,56.0,289.0,1,308,39,8,2
44:11.5,,,78,,98.5,,,,,,,57,-1.9886523,43.30779,67.28583,7.388035286212113,44:11.2,6,0.304,0101000020E6100000CE34C42585D1FFBFBAD2F8A665A74540,20230421_DACIA_ULIA_HERNANI_057,,d3,22:09.1,03:42.1,DACIA_SPRING,Dacia Spring 33 kW,33000,139,43:02.4,5.6,9,60,ENE,7.5936731568995555,177.53734361278234,347,94,,,,1.0,56.0,289.0,1,308,39,55,2
44:17.1,,,78,,98.5,,,,,,,57,-1.9894196,43.307823,70.87976,7.450332883489322,44:17.3,6,-0.132,0101000020E6100000F1F321A0A9D4FFBF13DB38BD66A74540,20230421_DACIA_ULIA_HERNANI_057,,d3,22:09.1,03:42.1,DACIA_SPRING,Dacia Spring 33 kW,33000,139,43:02.4,5.6,9,60,ENE,6.744424760065586,168.5367458523013,347,94,,,,1.0,56.0,289.0,1,308,39,55,2
44:22.9,,,78,,98.5,,,,,,,57,-1.98975,43.30789,73.160034,7.47817910809532,44:23.3,6,-0.3289999999999999,0101000020E6100000E042E41504D6FFBF71860B0E69A74540,20230421_DACIA_ULIA_HERNANI_057,,d3,22:09.1,03:42.1,DACIA_SPRING,Dacia Spring 33 kW,33000,139,43:02.4,5.6,9,60,ENE,6.816620969237373,169.2357251193825,347,94,,,,1.0,56.0,289.0,1,308,39,55,2
44:28.6,,,78,,98.5,,,,,,,57,-1.9902234,43.30798,90.332825,7.5213335694514365,44:28.3,6,0.2689999999999999,0101000020E6100000DCC47F70F4D7FFBFDBB232D06BA74540,20230421_DACIA_ULIA_HERNANI_057,,d3,22:09.1,03:42.1,DACIA_SPRING,Dacia Spring 33 kW,33000,139,43:02.4,5.6,9,60,ENE,7.718591332608492,179.0505380369782,347,94,,,,1.0,56.0,289.0,1,308,39,40,2
44:35.1,,,78,,98.5,,,,,,,57,-1.9908268,43.30799,101.14905,7.571353191829174,44:35.3,6,-0.211,0101000020E6100000635EAA466DDAFFBF3A5CAB3D6CA74540,20230421_DACIA_ULIA_HERNANI_057,,d3,22:09.1,03:42.1,DACIA_SPRING,Dacia Spring 33 kW,33000,139,43:02.4,5.6,9,60,ENE,6.585529066770105,167.03124047095653,347,94,,,,1.0,56.0,289.0,1,308,39,25,2
44:40.8,,,78,,98.5,,,,,,,57,-1.9913609,43.308113,104.534546,7.616808166727408,44:40.4,6,0.428,0101000020E6100000441D4E479DDCFFBF793C2D3F70A74540,20230421_DACIA_ULIA_HERNANI_057,,d3,22:09.1,03:42.1,DACIA_SPRING,Dacia Spring 33 kW,33000,139,43:02.4,5.6,9,60,ENE,6.339643887899409,164.78148495281917,347,94,,,,1.0,56.0,289.0,1,308,39,25,2
44:46.2,,,78,,98.5,,,,,,,57,-1.992063,43.308304,107.0069,7.677508218223607,44:46.4,6,-0.2289999999999999,0101000020E61000007825C9737DDFFFBF23918D7276A74540,20230421_DACIA_ULIA_HERNANI_057,,d3,22:09.1,03:42.1,DACIA_SPRING,Dacia Spring 33 kW,33000,139,43:02.4,5.6,9,60,ENE,6.364586902946761,165.00563510726442,347,94,,,,1.0,56.0,289.0,1,308,39,40,2
44:51.8,,,78,,98.5,,,,,,,57,-1.9927313,43.308483,110.94678,7.735264047330059,44:51.5,6,0.309,0101000020E6100000416C9F443AE2FFBF32AEFA547CA74540,20230421_DACIA_ULIA_HERNANI_057,,d3,22:09.1,03:42.1,DACIA_SPRING,Dacia Spring 33 kW,33000,139,43:02.4,5.6,9,60,ENE,6.128302907242869,162.91577611210192,347,94,,,,1.0,56.0,289.0,1,308,39,8,2
45:00.7,,,78,,98.5,,,,,,,57,-1.9934276,43.308697,118.10455,7.796840422583575,45:00.7,6,0.003,0101000020E610000043AFDC5E14E5FFBFF2C3316083A74540,20230421_DACIA_ULIA_HERNANI_057,,d3,22:09.1,03:42.1,DACIA_SPRING,Dacia Spring 33 kW,33000,139,46:45.3,5.6,9,40,NE,-1.0588471610335335,133.24352147374591,114,75,,,,4.0,76.0,32.0,2,113,1,8,2
45:06.2,,,78,,98.5,,,,,,,57,-1.9939618,43.309265,113.24756,7.8735273825127825,45:06.5,6,-0.372,0101000020E61000000D5AC48744E7FFBF60F4AA0896A74540,20230421_DACIA_ULIA_HERNANI_057,,d3,22:09.1,03:42.1,DACIA_SPRING,Dacia Spring 33 kW,33000,139,46:45.3,5.6,9,40,NE,-2.5546854991803345,123.50964449110208,114,75,,,,4.0,76.0,32.0,2,113,1,55,2
45:11.7,,,78,,98.5,,,,,,,57,-1.9941174,43.3095,108.10571000000002,7.902985218215975,45:11.5,6,0.239,0101000020E610000018CACB92E7E7FFBFE59E4BC49DA74540,20230421_DACIA_ULIA_HERNANI_057,,d3,22:09.1,03:42.1,DACIA_SPRING,Dacia Spring 33 kW,33000,139,46:45.3,5.6,9,40,NE,-0.7830833771653611,135.00842461084696,114,75,,,,4.0,76.0,32.0,2,113,1,55,2
45:17.1,,,78,,98.5,,,,,,,57,-1.9944575,43.30984,109.541626,7.949767925143482,45:17.5,6,-0.33,0101000020E6100000F7FECC414CE9FFBFF712B6E1A8A74540,20230421_DACIA_ULIA_HERNANI_057,,d3,22:09.1,03:42.1,DACIA_SPRING,Dacia Spring 33 kW,33000,139,46:45.3,5.6,9,40,NE,-1.2141506976261356,132.24683685641628,114,75,,,,4.0,76.0,32.0,2,113,1,8,2
45:22.7,,,78,,98.5,,,,,,,57,-1.9946119,43.31001,111.00603999999998,7.972473459244059,45:22.5,6,0.236,0101000020E610000080D0DD22EEE9FFBF7797725BAEA74540,20230421_DACIA_ULIA_HERNANI_057,,d3,22:09.1,03:42.1,DACIA_SPRING,Dacia Spring 33 kW,33000,139,46:45.3,5.6,9,40,NE,-2.100044143422866,126.5063121751058,114,75,,,,4.0,76.0,32.0,2,113,1,8,2
45:28.2,,,78,,98.5,,,,,,,57,-1.9948369,43.310314,107.627014,8.011015644934059,45:28.5,6,-0.362,0101000020E61000008471A223DAEAFFBF9C43C661B8A74540,20230421_DACIA_ULIA_HERNANI_057,,d3,22:09.1,03:42.1,DACIA_SPRING,Dacia Spring 33 kW,33000,139,46:45.3,5.6,9,40,NE,-1.2606797328102215,131.94778337422306,114,75,,,,4.0,76.0,32.0,2,113,1,8,2
45:33.9,,,78,,98.5,,,,,,,57,-1.9950535,43.310555,102.62421,8.043423894850969,45:33.5,6,0.324,0101000020E610000093EFA532BDEBFFBF2D139746C0A74540,20230421_DACIA_ULIA_HERNANI_057,,d3,22:09.1,03:42.1,DACIA_SPRING,Dacia Spring 33 kW,33000,139,46:45.3,5.6,9,40,NE,-2.0883998041349026,126.58253460479492,114,75,,,,4.0,76.0,32.0,2,113,1,8,2
45:39.4,,,78,,98.5,,,,,,,57,-1.9952769,43.310856,95.903015,8.082051771517905,45:39.5,6,-0.139,0101000020E6100000E6092173A7ECFFBFEC559E1FCAA74540,20230421_DACIA_ULIA_HERNANI_057,,d3,22:09.1,03:42.1,DACIA_SPRING,Dacia Spring 33 kW,33000,139,46:45.3,5.6,9,40,NE,-1.6383341547859562,129.51156069364723,114,75,,,,4.0,76.0,32.0,2,113,1,55,2
45:45.0,,,78,,98.5,,,,,,,57,-1.9954039,43.31101,94.18182,8.102096274263369,45:44.6,6,0.389,0101000020E610000019CEB1932CEDFFBFBA328728CFA74540,20230421_DACIA_ULIA_HERNANI_057,,d3,22:09.1,03:42.1,DACIA_SPRING,Dacia Spring 33 kW,33000,139,46:45.3,5.6,9,40,NE,-0.5398873676718896,136.56090556605167,114,75,,,,4.0,76.0,32.0,2,113,1,8,2
45:50.6,,,78,,98.5,,,,,,,57,-1.9957281,43.311317,86.5069,8.14582602567923,45:50.6,6,-0.023,0101000020E61000000023E49380EEFFBF49360D40D9A74540,20230421_DACIA_ULIA_HERNANI_057,,d3,22:09.1,03:42.1,DACIA_SPRING,Dacia Spring 33 kW,33000,139,46:45.3,5.6,9,40,NE,-1.3734692155160997,131.2219235859321,114,75,,,,4.0,76.0,32.0,2,113,1,55,2
45:56.4,,,78,,98.5,,,,,,,57,-1.9961425,43.31179,80.26361,8.208511063736783,45:56.6,6,-0.239,0101000020E610000039B67D1333F0FFBF6B25F8CFE8A74540,20230421_DACIA_ULIA_HERNANI_057,,d3,22:09.1,03:42.1,DACIA_SPRING,Dacia Spring 33 kW,33000,139,46:45.3,5.6,9,40,NE,-1.8209251819239145,128.32704708343098,114,75,,,,4.0,76.0,32.0,2,113,1,55,2
46:01.9,,,78,,98.5,,,,,,,57,-1.9964927,43.312233,66.230774,8.267045085460797,46:01.6,6,0.263,0101000020E6100000719B1D67A2F1FFBFD5EC6048F7A74540,20230421_DACIA_ULIA_HERNANI_057,,d3,22:09.1,03:42.1,DACIA_SPRING,Dacia Spring 33 kW,33000,139,46:45.3,5.6,9,40,NE,-0.5272744359398337,136.6413434808859,114,75,,,,4.0,76.0,32.0,2,113,1,25,2
46:07.4,,,78,,98.5,,,,,,,57,-1.9970222,43.312733,57.49414,8.337775140164599,46:07.7,6,-0.221,0101000020E6100000CC5E958FCDF3FFBFEA2264A407A84540,20230421_DACIA_ULIA_HERNANI_057,,d3,22:09.1,03:42.1,DACIA_SPRING,Dacia Spring 33 kW,33000,139,46:45.3,5.6,9,40,NE,0.1043582743509658,140.6643802971148,114,75,,,,4.0,76.0,32.0,2,113,1,25,2
46:13.0,,,78,,98.5,,,,,,,57,-1.9973663,43.313015,54.677124,8.379802224342624,46:12.7,6,0.364,0101000020E61000002018F66A36F5FFBFE0A149DE10A84540,20230421_DACIA_ULIA_HERNANI_057,,d3,22:09.1,03:42.1,DACIA_SPRING,Dacia Spring 33 kW,33000,139,46:45.3,5.6,9,40,NE,1.1943653417510856,147.6260626759179,114,75,,,,4.0,76.0,32.0,2,113,1,55,2
46:18.7,,,78,,98.5,,,,,,,57,-1.9977212,43.31324,45.934998,8.41887726896875,46:18.7,6,0.061,0101000020E6100000D89BF783AAF6FFBF88D1D63518A84540,20230421_DACIA_ULIA_HERNANI_057,,d3,22:09.1,03:42.1,DACIA_SPRING,Dacia Spring 33 kW,33000,139,46:45.3,5.6,9,40,NE,2.060476249207281,153.23477942498752,114,75,,,,4.0,76.0,32.0,2,113,1,55,2
46:24.4,,,78,,98.5,,,,,,,57,-1.9983041,43.313534,41.15912,8.47645896207634,46:24.7,6,-0.298,0101000020E6100000B2D141B00DF9FFBFB39190ED21A84540,20230421_DACIA_ULIA_HERNANI_057,,d3,22:09.1,03:42.1,DACIA_SPRING,Dacia Spring 33 kW,33000,139,46:45.3,5.6,9,40,NE,2.2542343898666832,154.50535496556523,114,75,,,,4.0,76.0,32.0,2,113,1,55,2
46:29.9,,,78,,98.5,,,,,,,57,-1.9988724,43.313805,37.25482,8.531571315279088,46:29.8,6,0.141,0101000020E610000051082EA061FBFFBFCC6B99CA2AA84540,20230421_DACIA_ULIA_HERNANI_057,,d3,22:09.1,03:42.1,DACIA_SPRING,Dacia Spring 33 kW,33000,139,46:45.3,5.6,9,40,NE,2.428703559994954,155.65569528586593,114,75,,,,4.0,76.0,32.0,2,113,1,55,2
46:35.5,,,78,,98.5,,,,,,,57,-1.999436,43.31406,36.56952,8.585271390069368,46:35.7,6,-0.252,0101000020E6100000CF50169DB0FDFFBF871A852433A84540,20230421_DACIA_ULIA_HERNANI_057,,d3,22:09.1,03:42.1,DACIA_SPRING,Dacia Spring 33 kW,33000,139,46:45.3,5.6,9,40,NE,3.760225398264637,164.69594797761377,114,75,,,,4.0,76.0,32.0,2,113,1,55,2
46:40.9,,,78,,98.5,,,,,,,57,-1.9998124,43.314163,35.31427,8.61783105244727,46:40.8,6,0.183,0101000020E6100000CA8DE04E3BFFFFBF3D63FC8736A84540,20230421_DACIA_ULIA_HERNANI_057,,d3,22:09.1,03:42.1,DACIA_SPRING,Dacia Spring 33 kW,33000,139,46:45.3,5.6,9,40,NE,5.984754682662307,-81.68023430785688,114,75,,,,4.0,76.0,32.0,2,113,1,55,2
46:46.4,,,78,,98.5,,,,,,,57,-1.9997988,43.31407,35.680786,8.628237010789471,46:46.8,6,-0.351,0101000020E610000001161A042DFFFFBFE066337F33A84540,20230421_DACIA_ULIA_HERNANI_057,,d3,22:09.1,03:42.1,DACIA_SPRING,Dacia Spring 33 kW,33000,139,46:45.3,5.6,9,40,NE,-5.785088487178856,0.0,114,75,,,,4.0,76.0,32.0,2,113,1,55,2
46:51.9,,,78,,98.5,,,,,,,57,-1.9997977,43.31407,35.708496000000004,8.628330221417132,46:51.8,6,0.048,0101000020E6100000EF3EE0E42BFFFFBF9E10538533A84540,20230421_DACIA_ULIA_HERNANI_057,,d3,22:09.1,03:42.1,DACIA_SPRING,Dacia Spring 33 kW,33000,139,46:45.3,5.6,9,40,NE,-5.785088487178856,0.0,114,75,,,,4.0,76.0,32.0,2,113,1,55,2
46:57.7,,,78,,98.5,,,,,,,57,-1.9997977,43.31407,35.708496000000004,8.628330221417132,46:57.8,6,-0.146,0101000020E6100000EF3EE0E42BFFFFBF9E10538533A84540,20230421_DACIA_ULIA_HERNANI_057,,d3,22:09.1,03:42.1,DACIA_SPRING,Dacia Spring 33 kW,33000,139,46:45.3,5.6,9,40,NE,-0.7513610892299347,-35.21111289014338,114,75,,,,4.0,76.0,32.0,2,113,1,55,2
47:03.3,,,78,,98.5,,,,,,,57,-1.9995894,43.313923,47.966187,8.654815039968996,47:02.8,6,0.451,0101000020E61000005305828451FEFFBF71423A9F2EA84540,20230421_DACIA_ULIA_HERNANI_057,,d3,22:09.1,03:42.1,DACIA_SPRING,Dacia Spring 33 kW,33000,139,46:45.3,5.6,9,40,NE,-4.413521439350356,-10.63369807197031,114,75,,,,4.0,76.0,32.0,2,113,1,55,2
47:08.8,,,78,,98.5,,,,,,,57,-1.9989982,43.313812,46.1756,8.704246017623646,47:08.8,6,-0.072,0101000020E61000001F9F4E81E5FBFFBF374570F12AA84540,20230421_DACIA_ULIA_HERNANI_057,,d3,22:09.1,03:42.1,DACIA_SPRING,Dacia Spring 33 kW,33000,139,46:45.3,5.6,9,40,NE,-2.251257877992511,-25.51421713634268,114,75,,,,4.0,76.0,32.0,2,113,1,55,2
47:14.3,,,78,,98.5,,,,,,,57,-1.9983864,43.31352,46.915222,8.763448091704785,47:13.9,6,0.451,0101000020E610000074BAEA0964F9FFBFD1E37B6F21A84540,20230421_DACIA_ULIA_HERNANI_057,,d3,22:09.1,03:42.1,DACIA_SPRING,Dacia Spring 33 kW,33000,139,46:45.3,5.6,9,40,NE,-1.3113006207551543,-31.62217927351129,114,75,,,,4.0,76.0,32.0,2,113,1,55,2
47:19.9,,,78,,98.5,,,,,,,57,-1.9979073,43.313225,48.363037,8.81424798500926,47:19.9,6,0.005,0101000020E6100000926C7DAA6DF7FFBFEE0036BD17A84540,20230421_DACIA_ULIA_HERNANI_057,,d3,22:09.1,03:42.1,DACIA_SPRING,Dacia Spring 33 kW,33000,139,46:45.3,5.6,9,40,NE,-1.9281636173637493,-27.629032818485264,114,75,,,,4.0,76.0,32.0,2,113,1,55,2
47:25.5,,,78,,98.5,,,,,,,57,-1.9975787,43.313053,54.48260500000001,8.847565473493693,47:25.9,6,-0.395,0101000020E6100000605E991A15F6FFBFFDF1451812A84540,20230421_DACIA_ULIA_HERNANI_057,,d3,22:09.1,03:42.1,DACIA_SPRING,Dacia Spring 33 kW,33000,139,48:02.2,5.6,9,40,NE,-1.581834060830515,-29.87714997240488,114,75,,,,4.0,76.0,32.0,2,113,1,55,2
47:32.0,,,78,,98.5,,,,,,,57,-1.9971035,43.31278,63.65924,8.897404203108756,47:32.0,6,0.066,0101000020E6100000BFAFDBB122F4FFBFC086751D09A84540,20230421_DACIA_ULIA_HERNANI_057,,d3,22:09.1,03:42.1,DACIA_SPRING,Dacia Spring 33 kW,33000,139,48:02.2,5.6,9,40,NE,0.7199805796616474,-44.58844170454571,114,75,,,,4.0,76.0,32.0,2,113,1,25,2
47:37.6,,,78,,98.5,,,,,,,57,-1.9967109,43.312393,66.047,8.950943640419789,47:38.0,6,-0.35,0101000020E6100000C1D8AD2B87F2FFBF5B72C38CFCA74540,20230421_DACIA_ULIA_HERNANI_057,,d3,22:09.1,03:42.1,DACIA_SPRING,Dacia Spring 33 kW,33000,139,48:02.2,5.6,9,40,NE,2.0317603462301608,-53.047052381022986,114,75,,,,4.0,76.0,32.0,2,113,1,25,2
47:43.2,,,77,,98.5,,,,,,,57,-1.9963957,43.311974,72.319885,9.004426432629675,47:43.0,6,0.163,0101000020E6100000886A08963CF1FFBF5CFBA7C0EEA74540,20230421_DACIA_ULIA_HERNANI_057,,d3,22:09.1,03:42.1,DACIA_SPRING,Dacia Spring 33 kW,33000,139,48:02.2,5.6,9,40,NE,1.1790607118736305,-47.52777216422226,114,75,,,,4.0,76.0,32.0,2,113,1,25,2
47:48.8,,,77,,98.5,,,,,,,57,-1.9958858,43.311417,81.871826,9.079454921100718,47:49.0,6,-0.215,0101000020E6100000162DA30526EFFFBF241FC37CDCA74540,20230421_DACIA_ULIA_HERNANI_057,,d3,22:09.1,03:42.1,DACIA_SPRING,Dacia Spring 33 kW,33000,139,48:02.2,5.6,9,40,NE,1.7769566354857849,-51.38727512678912,114,75,,,,4.0,76.0,32.0,2,113,1,55,2
47:54.4,,,77,,98.5,,,,,,,57,-1.9956486,43.31112,88.19433599999999,9.118171088241203,47:54.1,6,0.309,0101000020E6100000BF58E7312DEEFFBFA01AEDC0D2A74540,20230421_DACIA_ULIA_HERNANI_057,,d3,22:09.1,03:42.1,DACIA_SPRING,Dacia Spring 33 kW,33000,139,48:02.2,5.6,9,40,NE,1.6060863058541397,-50.27972459423221,114,75,,,,4.0,76.0,32.0,2,113,1,55,2
47:59.9,,,77,,98.5,,,,,,,57,-1.9953628,43.310776,104.815125,9.16585879803052,48:00.1,6,-0.168,0101000020E61000003B88427001EDFFBF7CE7FE87C7A74540,20230421_DACIA_ULIA_HERNANI_057,,d3,22:09.1,03:42.1,DACIA_SPRING,Dacia Spring 33 kW,33000,139,48:02.2,5.6,9,40,NE,1.0925567445416555,-46.97263001488339,114,75,,,,4.0,76.0,32.0,2,113,1,55,2
48:05.4,,,77,,98.5,,,,,,,57,-1.9949493000000005,43.310333,110.44531,9.225671188891281,48:05.1,6,0.337,0101000020E61000007E36D50750EBFFBF9BA77C00B9A74540,20230421_DACIA_ULIA_HERNANI_057,,d3,22:09.1,03:42.1,DACIA_SPRING,Dacia Spring 33 kW,33000,139,48:02.2,5.6,9,40,NE,2.648135309909084,-57.11180558656012,114,75,,,,4.0,76.0,32.0,2,113,1,8,2
48:11.0,,,77,,98.5,,,,,,,57,-1.9946609,43.309887,112.1944,9.280507590265552,48:11.1,6,-0.153,0101000020E61000008A5EE38621EAFFBF6D6E8E6BAAA74540,20230421_DACIA_ULIA_HERNANI_057,,d3,22:09.1,03:42.1,DACIA_SPRING,Dacia Spring 33 kW,33000,139,48:02.2,5.6,9,40,NE,1.0355064254887365,-46.60687059671557,114,75,,,,4.0,76.0,32.0,2,113,1,8,2
48:16.6,,,77,,98.5,,,,,,,57,-1.9943612,43.30957,124.1922,9.324942372047035,48:16.1,6,0.476,0101000020E610000078F8844FE7E8FFBFAE326CF79FA74540,20230421_DACIA_ULIA_HERNANI_057,,d3,22:09.1,03:42.1,DACIA_SPRING,Dacia Spring 33 kW,33000,139,48:02.2,5.6,9,40,NE,0.808055210438836,-45.1511758483452,114,75,,,,4.0,76.0,32.0,2,113,1,55,2
48:22.2,,,77,,98.5,,,,,,,57,-1.99421,43.309418,128.93738000000002,9.346339801023182,48:22.1,6,0.048,0101000020E61000001C4F57B948E8FFBF2E79B8F49AA74540,20230421_DACIA_ULIA_HERNANI_057,,d3,22:09.1,03:42.1,DACIA_SPRING,Dacia Spring 33 kW,33000,139,48:02.2,5.6,9,40,NE,2.869118936018756,-58.58982501260097,114,75,,,,4.0,76.0,32.0,2,113,1,55,2
48:27.9,,,77,,98.5,,,,,,,57,-1.9940494,43.309155,134.47937,9.37881745587594,48:28.2,6,-0.243,0101000020E6100000FB4A736DA0E7FFBF8BC77F6092A74540,20230421_DACIA_ULIA_HERNANI_057,,d3,22:09.1,03:42.1,DACIA_SPRING,Dacia Spring 33 kW,33000,139,48:02.2,5.6,9,40,NE,-1.8606885867468308,-28.068438002256737,114,75,,,,4.0,76.0,32.0,2,113,1,55,2
48:33.9,,,77,,98.5,,,,,,,57,-1.9936087,43.30892,138.547,9.423211948805017,48:34.2,6,-0.314,0101000020E61000000BBAD641D2E5FFBF18B299C78AA74540,20230421_DACIA_ULIA_HERNANI_057,,d3,22:09.1,03:42.1,DACIA_SPRING,Dacia Spring 33 kW,33000,139,48:02.2,5.6,9,40,NE,-3.370117117220756,-18.009215629342556,114,75,,,,4.0,76.0,32.0,2,113,1,55,2
48:40.0,,,76,,98.5,,,,,,,57,-1.9929935,43.30872,142.71594,9.477890678505142,48:40.4,6,-0.462,0101000020E6100000CD3FFA264DE3FFBF9952B02984A74540,20230421_DACIA_ULIA_HERNANI_057,,d3,22:09.1,03:42.1,DACIA_SPRING,Dacia Spring 33 kW,33000,139,48:02.2,5.6,9,40,NE,-4.284127259758924,-11.574598863108829,347,94,,,,1.0,56.0,289.0,1,308,39,8,2
48:45.4,,,76,,98.5,,,,,,,57,-1.992432,43.308605,143.16663,9.525090808672362,48:45.2,6,0.187,0101000020E61000006B48BB5500E1FFBF6B5FC46780A74540,20230421_DACIA_ULIA_HERNANI_057,,d3,22:09.1,03:42.1,DACIA_SPRING,Dacia Spring 33 kW,33000,139,48:02.2,5.6,9,40,NE,-3.230631458643774,-18.96371846030544,347,94,,,,1.0,56.0,289.0,1,308,39,40,2
48:51.7,,,76,,98.5,,,,,,,57,-1.9916899,43.30835,133.39600000000002,9.592209753015222,48:51.7,6,0.012,0101000020E61000002FEFFD4FF6DDFFBFB7F6990E78A74540,20230421_DACIA_ULIA_HERNANI_057,,d3,22:09.1,03:42.1,DACIA_SPRING,Dacia Spring 33 kW,33000,139,48:02.2,5.6,9,40,NE,-2.491119320048776,-23.931223334456806,347,94,,,,1.0,56.0,289.0,1,308,39,25,2
48:57.1,,,76,,98.5,,,,,,,57,-1.9909756,43.308033,136.03473,9.65995852811649,48:57.3,6,-0.121,0101000020E610000037ECCE4509DBFFBF45323F926DA74540,20230421_DACIA_ULIA_HERNANI_057,,d3,22:09.1,03:42.1,DACIA_SPRING,Dacia Spring 33 kW,33000,139,48:02.2,5.6,9,40,NE,-2.814484978814745,-21.77673961523233,347,94,,,,1.0,56.0,289.0,1,308,39,25,2
49:02.7,,,76,,98.5,,,,,,,57,-1.9905751,43.307873,133.781,9.696995800797163,49:02.3,6,0.439,0101000020E61000002084FC4365D9FFBFA7167C6068A74540,20230421_DACIA_ULIA_HERNANI_057,,d3,22:09.1,03:42.1,DACIA_SPRING,Dacia Spring 33 kW,33000,139,48:02.2,5.6,9,40,NE,1.030577011597026,-46.575280180915534,347,94,,,,1.0,56.0,289.0,1,308,39,25,2
49:08.3,,,76,,98.5,,,,,,,57,-1.9902533,43.307533,133.1803,9.742905121118921,49:08.3,6,-0.003,0101000020E610000079AE31E013D8FFBF3642FD365DA74540,20230421_DACIA_ULIA_HERNANI_057,,d3,22:09.1,03:42.1,DACIA_SPRING,Dacia Spring 33 kW,33000,139,48:02.2,5.6,9,40,NE,7.100961448283359,-92.09175844332124,347,94,,,,1.0,56.0,289.0,1,308,39,55,2
49:13.9,,,76,,98.5,,,,,,,57,-1.9902781000000005,43.306854,135.85669,9.818480543832036,49:14.4,6,-0.423,0101000020E61000001818C3E62DD8FFBF0BA9CBF746A74540,20230421_DACIA_ULIA_HERNANI_057,,d3,22:09.1,03:42.1,DACIA_SPRING,Dacia Spring 33 kW,33000,139,48:02.2,5.6,9,40,NE,8.827392745860697,-141.2393823850131,347,94,,,,1.0,56.0,289.0,1,308,39,55,2
49:19.6,,,76,,98.5,,,,,,,57,-1.9907626,43.306465,142.53918000000002,9.877239076815297,49:19.4,6,0.239,0101000020E61000002CCB00E529DAFFBF8F0D30353AA74540,20230421_DACIA_ULIA_HERNANI_057,,d3,22:09.1,03:42.1,DACIA_SPRING,Dacia Spring 33 kW,33000,139,48:02.2,5.6,9,40,NE,5.709921486303484,179.3781454803978,347,94,,,,1.0,56.0,289.0,1,308,39,55,2
49:30.9,,,76,,98.5,,,,,,,57,-1.9921446,43.30648,146.8302,9.989159747662452,49:30.9,6,0.001,0101000020E61000006AD67C09D3DFFFBFB80354BC3AA74540,20230421_DACIA_ULIA_HERNANI_057,,d3,22:09.1,03:42.1,DACIA_SPRING,Dacia Spring 33 kW,33000,139,48:02.2,5.6,9,40,NE,3.3081682924022457,161.56609286179986,347,94,,,,1.0,56.0,289.0,1,308,39,25,2
49:36.6,,,76,,98.5,,,,,,,57,-1.9937947,43.30703,147.23389,10.136019089822648,49:36.4,6,0.161,0101000020E61000009602774595E6FFBF14FED2C34CA74540,20230421_DACIA_ULIA_HERNANI_057,,d3,22:09.1,03:42.1,DACIA_SPRING,Dacia Spring 33 kW,33000,139,48:02.2,5.6,9,40,NE,6.094109051102867,-177.38075112449133,114,75,,,,4.0,76.0,32.0,2,113,1,55,2
49:42.0,,,76,,98.5,,,,,,,57,-1.9950407,43.306973,143.21545,10.237118497282392,49:42.4,6,-0.41,0101000020E6100000531333B1AFEBFFBF8CF2EDD94AA74540,20230421_DACIA_ULIA_HERNANI_057,,d3,22:09.1,03:42.1,DACIA_SPRING,Dacia Spring 33 kW,33000,139,48:02.2,5.6,9,40,NE,7.041984925485236,-168.5152195867516,114,75,,,,4.0,76.0,32.0,2,113,1,25,2
49:47.6,,,76,,98.5,,,,,,,57,-1.9956264,43.306854,140.34094,10.286407154089552,49:47.4,6,0.173,0101000020E6100000E34CD90A16EEFFBFA630080F47A74540,20230421_DACIA_ULIA_HERNANI_057,,d3,22:09.1,03:42.1,DACIA_SPRING,Dacia Spring 33 kW,33000,139,48:02.2,5.6,9,40,NE,-5.785088487178856,0.0,114,75,,,,4.0,76.0,32.0,2,113,1,8,1
49:53.1,,,76,,98.5,,,,,,,57,-1.9956264,43.306854,140.34094,10.286407154089552,49:53.4,6,-0.3289999999999999,0101000020E6100000E34CD90A16EEFFBFA630080F47A74540,20230421_DACIA_ULIA_HERNANI_057,,d3,22:09.1,03:42.1,DACIA_SPRING,Dacia Spring 33 kW,33000,139,48:02.2,5.6,9,40,NE,8.235114896890892,-153.79245989907284,114,75,,,,4.0,76.0,32.0,2,113,1,8,1
49:58.6,,,76,,98.5,,,,,,,57,-1.9963659,43.30649,127.623474,10.35975868177952,49:58.5,6,0.094,0101000020E6100000D9C964611DF1FFBFB21D002F3BA74540,20230421_DACIA_ULIA_HERNANI_057,,d3,22:09.1,03:42.1,DACIA_SPRING,Dacia Spring 33 kW,33000,139,51:45.3,5.6,9,40,NE,8.92107067849209,-137.5937005294441,114,75,,,,4.0,76.0,32.0,2,113,1,25,1
50:04.1,,,76,,98.5,,,,,,,57,-1.9974389,43.30551,127.63153,10.499089284795165,50:04.5,6,-0.348,0101000020E6100000F31A608B82F5FFBF87FEA6031BA74540,20230421_DACIA_ULIA_HERNANI_057,,d3,22:09.1,03:42.1,DACIA_SPRING,Dacia Spring 33 kW,33000,139,51:45.3,5.6,9,40,NE,8.989023584899796,-132.8300283462544,114,75,,,,4.0,76.0,32.0,2,113,1,25,1
50:09.5,,,76,,98.5,,,,,,,57,-1.9980229,43.30488,128.16492,10.583592566921764,50:09.5,6,0.035,0101000020E610000001F634D4E6F7FFBF0FFB354006A74540,20230421_DACIA_ULIA_HERNANI_057,,d3,22:09.1,03:42.1,DACIA_SPRING,Dacia Spring 33 kW,33000,139,51:45.3,5.6,9,40,NE,8.740052229090882,-143.80417059415848,114,75,,,,4.0,76.0,32.0,2,113,1,25,1
50:15.1,,,76,,98.5,,,,,,,57,-1.99837,43.304626,128.1612,10.623424228372889,50:15.5,6,-0.475,0101000020E610000035DE0CED52F9FFBF78727600FEA64540,20230421_DACIA_ULIA_HERNANI_057,,d3,22:09.1,03:42.1,DACIA_SPRING,Dacia Spring 33 kW,33000,139,51:45.3,5.6,9,40,NE,8.334339294867476,-107.82535501018036,114,75,,,,4.0,76.0,32.0,2,113,1,25,1
50:20.7,,,76,,98.5,,,,,,,57,-1.9987758,43.303364,127.78131,10.76754349743773,50:20.6,6,0.09,0101000020E6100000022A5E5DFCFAFFBF81E84999D4A64540,20230421_DACIA_ULIA_HERNANI_057,,d3,22:09.1,03:42.1,DACIA_SPRING,Dacia Spring 33 kW,33000,139,51:45.3,5.6,9,40,NE,8.94472217135898,-123.6464800260782,114,75,,,,4.0,76.0,32.0,2,113,1,25,1
50:26.3,,,76,,98.5,,,,,,,57,-1.9991798,43.302757,127.44971,10.842540091395975,50:26.6,6,-0.305,0101000020E6100000D0F5F9FFA3FCFFBFAFA169C3C0A64540,20230421_DACIA_ULIA_HERNANI_057,,d3,22:09.1,03:42.1,DACIA_SPRING,Dacia Spring 33 kW,33000,139,51:45.3,5.6,9,40,NE,-8.638950348697952,66.28405300562193,114,75,,,,4.0,76.0,32.0,2,113,1,25,1
50:31.9,,,76,,98.5,,,,,,,57,-1.9990792,43.302986,127.908936,10.869277288013953,50:31.6,6,0.3429999999999999,0101000020E61000009BCB0D863AFCFFBFA5223E45C8A64540,20230421_DACIA_ULIA_HERNANI_057,,d3,22:09.1,03:42.1,DACIA_SPRING,Dacia Spring 33 kW,33000,139,51:45.3,5.6,9,40,NE,-8.99483262672192,51.94165504032474,114,75,,,,4.0,76.0,32.0,2,113,1,8,1
50:37.6,,,76,,98.5,,,,,,,57,-1.9989508,43.30315,127.1626,10.890278806661758,50:37.6,6,0.047,0101000020E61000005D2DA0E5B3FBFFBF43424AA2CDA64540,20230421_DACIA_ULIA_HERNANI_057,,d3,22:09.1,03:42.1,DACIA_SPRING,Dacia Spring 33 kW,33000,139,51:45.3,5.6,9,40,NE,8.807125465453117,-141.8831747075602,114,75,,,,4.0,76.0,32.0,2,113,1,8,1
50:43.4,,,76,,98.5,,,,,,,57,-1.9991012,43.303032,128.3042,10.908211561698353,50:43.6,6,-0.168,0101000020E6100000B3B9288251FCFFBF4B2C7CBFC9A64540,20230421_DACIA_ULIA_HERNANI_057,,d3,22:09.1,03:42.1,DACIA_SPRING,Dacia Spring 33 kW,33000,139,51:45.3,5.6,9,40,NE,7.716900398329042,-160.9703873486312,114,75,,,,4.0,76.0,32.0,2,113,1,8,1
50:49.0,,,76,,98.5,,,,,,,57,-1.9995419,43.30288,127.84625,10.947678452756344,50:48.6,6,0.418,0101000020E6100000791FAA9D1FFEFFBF8F4BA0B1C4A64540,20230421_DACIA_ULIA_HERNANI_057,,d3,22:09.1,03:42.1,DACIA_SPRING,Dacia Spring 33 kW,33000,139,51:45.3,5.6,9,40,NE,8.413551946890173,-150.7978331805621,114,75,,,,4.0,76.0,32.0,2,113,1,25,1
50:54.8,,,76,,98.5,,,,,,,57,-1.9997065,43.302788,128.02856,10.964474161691408,50:54.7,6,0.143,0101000020E610000086CC7433CCFEFFBF3E3335C7C1A64540,20230421_DACIA_ULIA_HERNANI_057,,d3,22:09.1,03:42.1,DACIA_SPRING,Dacia Spring 33 kW,33000,139,51:45.3,5.6,9,40,NE,6.048206106954424,-82.22338589229985,114,75,,,,4.0,76.0,32.0,2,113,1,25,1
51:00.5,,,76,,98.5,,,,,,,57,-1.9996699,43.30252,131.2497,10.994593952660864,51:00.7,6,-0.161,0101000020E610000099EC23E0A5FEFFBF1E950FFFB8A64540,20230421_DACIA_ULIA_HERNANI_057,,d3,22:09.1,03:42.1,DACIA_SPRING,Dacia Spring 33 kW,33000,139,51:45.3,5.6,9,40,NE,4.194396127027541,-67.77780979510058,114,75,,,,4.0,76.0,32.0,2,113,1,25,1
51:06.1,,,76,,98.5,,,,,,,57,-1.9995408,43.302204,131.06226,11.031252170301856,51:05.7,6,0.426,0101000020E61000006748707E1EFEFFBF5FB1C8A7AEA64540,20230421_DACIA_ULIA_HERNANI_057,,d3,22:09.1,03:42.1,DACIA_SPRING,Dacia Spring 33 kW,33000,139,51:45.3,5.6,9,40,NE,5.098620901810721,-74.5074529701563,114,75,,,,4.0,76.0,32.0,2,113,1,25,1
51:11.6,,,76,,98.5,,,,,,,57,-1.9994266,43.301792,129.63098,11.078009177591124,51:11.7,6,-0.084,0101000020E610000093D1D8C9A6FDFFBF1FD55526A1A64540,20230421_DACIA_ULIA_HERNANI_057,,d3,22:09.1,03:42.1,DACIA_SPRING,Dacia Spring 33 kW,33000,139,51:45.3,5.6,9,40,NE,6.381296267792101,-85.15628531103808,114,75,,,,4.0,76.0,32.0,2,113,1,25,1
51:17.4,,,76,,98.5,,,,,,,57,-1.9993694,43.301117,132.36206,11.153257924508818,51:17.7,6,-0.322,0101000020E6100000402A49C76AFDFFBF8FC360FE8AA64540,20230421_DACIA_ULIA_HERNANI_057,,d3,22:09.1,03:42.1,DACIA_SPRING,Dacia Spring 33 kW,33000,139,51:45.3,5.6,9,40,NE,1.039091671153682,-46.629848104409405,114,75,,,,4.0,76.0,32.0,2,113,1,25,1
51:23.2,,,76,,98.5,,,,,,,57,-1.9989443,43.300667,127.33887,11.214187424956863,51:22.9,6,0.317,0101000020E6100000A2CC0E0AADFBFFBFF6042E347CA64540,20230421_DACIA_ULIA_HERNANI_057,,d3,22:09.1,03:42.1,DACIA_SPRING,Dacia Spring 33 kW,33000,139,51:45.3,5.6,9,40,NE,-3.758279126061072,-15.317688963793248,114,75,,,,4.0,76.0,32.0,2,113,1,25,1
51:28.9,,,76,,98.5,,,,,,,57,-1.9983711,43.30051,123.46301,11.263900700920068,51:28.8,6,0.135,0101000020E61000001C8A2BFC53F9FFBF0502191177A64540,20230421_DACIA_ULIA_HERNANI_057,,d3,22:09.1,03:42.1,DACIA_SPRING,Dacia Spring 33 kW,33000,139,51:45.3,5.6,9,40,NE,-5.988523627039216,1.7123683000615997,114,75,,,,4.0,76.0,32.0,2,113,1,25,1
51:34.6,,,76,,98.5,,,,,,,57,-1.9977021,43.30053,123.86328,11.318085957080333,51:34.8,6,-0.216,0101000020E6100000FA2FE78496F6FFBF6F1194B277A64540,20230421_DACIA_ULIA_HERNANI_057,,d3,22:09.1,03:42.1,DACIA_SPRING,Dacia Spring 33 kW,33000,139,51:45.3,5.6,9,40,NE,0.9745326336242056,-46.21625548994185,114,75,,,,4.0,76.0,32.0,2,113,1,25,1
51:40.3,,,76,,98.5,,,,,,,57,-1.99752,43.300340000000006,123.26843,11.343851499744645,51:40.8,6,-0.4639999999999999,0101000020E6100000B086F677D7F5FFBF550C808671A64540,20230421_DACIA_ULIA_HERNANI_057,,d3,22:09.1,03:42.1,DACIA_SPRING,Dacia Spring 33 kW,33000,139,51:45.3,5.6,9,40,NE,-5.208436310709367,-4.639776518587429,114,75,,,,4.0,76.0,32.0,2,113,1,25,1
51:45.9,,,76,,98.5,,,,,,,57,-1.9968423,43.300285,122.83765,11.399035469171071,51:45.9,6,0.011,0101000020E61000003F56F0DB10F3FFBF973A86CF6FA64540,20230421_DACIA_ULIA_HERNANI_057,,d3,22:09.1,03:42.1,DACIA_SPRING,Dacia Spring 33 kW,33000,139,51:45.3,5.6,9,40,NE,-5.384289389290021,-3.2550213878894434,114,75,,,,4.0,76.0,32.0,2,113,1,8,1
51:51.6,,,76,,98.5,,,,,,,57,-1.9963148,43.300255,121.71423,11.441867904217622,51:51.8,6,-0.252,0101000020E61000001E55A8C9E7F0FFBF442475C86EA64540,20230421_DACIA_ULIA_HERNANI_057,,d3,22:09.1,03:42.1,DACIA_SPRING,Dacia Spring 33 kW,33000,139,51:45.3,5.6,9,40,NE,3.511053883582901,-62.9617857868458,114,75,,,,4.0,76.0,32.0,2,113,1,8,1
51:57.2,,,76,,98.5,,,,,,,57,-1.9961474,43.299927,118.61426000000002,11.48089772288613,51:56.8,6,0.397,0101000020E61000000151EE4638F0FFBF44F57B0764A64540,20230421_DACIA_ULIA_HERNANI_057,,d3,22:09.1,03:42.1,DACIA_SPRING,Dacia Spring 33 kW,33000,139,51:45.3,5.6,9,40,NE,0.2513396308149146,-41.60028584107893,114,75,,,,4.0,76.0,32.0,2,113,1,25,1
52:02.8,,,76,,98.5,,,,,,,57,-1.9958692,43.29968,117.40271,11.516431525750223,52:02.8,6,-0.009,0101000020E6100000DE4D228814EFFFBF669391ED5BA64540,20230421_DACIA_ULIA_HERNANI_057,,d3,22:09.1,03:42.1,DACIA_SPRING,Dacia Spring 33 kW,33000,139,51:45.3,5.6,9,40,NE,-4.171338235200684,-12.387974450669862,114,75,,,,4.0,76.0,32.0,2,113,1,25,1
52:08.6,,,76,,98.5,,,,,,,57,-1.9952227,43.299538,119.58099,11.57112379266524,52:08.9,6,-0.316,0101000020E6100000BB2DAAA86EECFFBFEB27314257A64540,20230421_DACIA_ULIA_HERNANI_057,,d3,22:09.1,03:42.1,DACIA_SPRING,Dacia Spring 33 kW,33000,139,51:45.3,5.6,9,40,NE,-4.993258135149454,-6.302614774357343,114,75,,,,4.0,76.0,32.0,2,113,1,25,1
52:14.4,,,76,,98.5,,,,,,,57,-1.9946704,43.299477,121.92383,11.616391254357167,52:13.9,6,0.4589999999999999,0101000020E6100000F665067D2BEAFFBFFE75764B55A64540,20230421_DACIA_ULIA_HERNANI_057,,d3,22:09.1,03:42.1,DACIA_SPRING,Dacia Spring 33 kW,33000,139,51:45.3,5.6,9,40,NE,-2.406595987569871,-24.4904164102902,114,75,,,,4.0,76.0,32.0,2,113,1,8,1
52:20.0,,,76,,98.5,,,,,,,57,-1.9940667,43.299202,122.18512,11.674027219428583,52:19.9,6,0.034,0101000020E6100000CE7C3979B2E7FFBFEB724A404CA64540,20230421_DACIA_ULIA_HERNANI_057,,d3,22:09.1,03:42.1,DACIA_SPRING,Dacia Spring 33 kW,33000,139,51:45.3,5.6,9,40,NE,-3.2403686573398627,-18.89728834312289,114,75,,,,4.0,76.0,32.0,2,113,1,25,1
52:25.4,,,76,,98.5,,,,,,,57,-1.9936811,43.29907,124.180115,11.708569465999995,52:24.9,6,0.475,0101000020E6100000C74817171EE6FFBFB2655CE547A64540,20230421_DACIA_ULIA_HERNANI_057,,d3,22:09.1,03:42.1,DACIA_SPRING,Dacia Spring 33 kW,33000,139,53:02.4,5.6,9,40,NE,-3.883290598661925,-14.43868610072999,114,75,,,,4.0,76.0,32.0,2,113,1,8,1
52:31.0,,,76,,98.5,,,,,,,57,-1.9929354,43.298878,124.90839,11.77258533112636,52:30.9,6,0.033,0101000020E6100000A403AB4D10E3FFBFEA06C89F41A64540,20230421_DACIA_ULIA_HERNANI_057,,d3,22:09.1,03:42.1,DACIA_SPRING,Dacia Spring 33 kW,33000,139,53:02.4,5.6,9,40,NE,-3.720321999524847,-15.583346448063285,114,75,,,,4.0,76.0,32.0,2,113,1,8,1
52:37.0,,,76,,98.5,,,,,,,57,-1.9923868,43.298725,123.56995,11.820148385142287,52:37.0,6,0.0,0101000020E6100000187EEC05D1E0FFBFA5F297923CA64540,20230421_DACIA_ULIA_HERNANI_057,,d3,22:09.1,03:42.1,DACIA_SPRING,Dacia Spring 33 kW,33000,139,53:02.4,5.6,9,40,NE,-1.5561358462629842,-30.043294116843946,114,75,,,,4.0,76.0,32.0,2,113,1,8,1
52:42.6,,,76,,98.5,,,,,,,57,-1.991958,43.298477,124.75842,11.864488504183626,52:43.0,6,-0.415,0101000020E6100000CE16105A0FDFFFBF7AC5538F34A64540,20230421_DACIA_ULIA_HERNANI_057,,d3,22:09.1,03:42.1,DACIA_SPRING,Dacia Spring 33 kW,33000,139,53:02.4,5.6,9,40,NE,2.529832271029674,-56.3254178191366,114,75,,,,4.0,76.0,32.0,2,113,1,8,1
52:48.2,,,76,,98.5,,,,,,,57,-1.9916735,43.29805,125.12433,11.917257794800113,52:48.0,6,0.19,0101000020E610000002CA11F8E4DDFFBF6F7D9A8B26A64540,20230421_DACIA_ULIA_HERNANI_057,,d3,22:09.1,03:42.1,DACIA_SPRING,Dacia Spring 33 kW,33000,139,53:02.4,5.6,9,40,NE,7.216431874956949,-93.30480536243785,114,75,,,,4.0,76.0,32.0,2,113,1,40,1
52:53.9,,,76,,98.5,,,,,,,57,-1.9917037,43.297527,125.233765,11.97546417755635,52:54.0,6,-0.168,0101000020E610000092599CB504DEFFBF1F8EA66115A64540,20230421_DACIA_ULIA_HERNANI_057,,d3,22:09.1,03:42.1,DACIA_SPRING,Dacia Spring 33 kW,33000,139,53:02.4,5.6,9,40,NE,1.44342154743609,-49.22896344098519,114,75,,,,4.0,76.0,32.0,2,113,1,40,1
52:59.6,,,76,,98.5,,,,,,,57,-1.9915985,43.297405,125.68024,11.99148639950148,53:00.1,6,-0.482,0101000020E6100000429E765B96DDFFBF09ECFF5611A64540,20230421_DACIA_ULIA_HERNANI_057,,d3,22:09.1,03:42.1,DACIA_SPRING,Dacia Spring 33 kW,33000,139,53:02.4,5.6,9,40,NE,5.267413317914956,-75.82193558616765,114,75,,,,4.0,76.0,32.0,2,113,1,40,1
53:05.3,,,76,,98.5,,,,,,,57,-1.9915937,43.297386,123.62633999999998,11.994458422204497,53:05.1,6,0.248,0101000020E6100000FDE1216B91DDFFBF5781B5C510A64540,20230421_DACIA_ULIA_HERNANI_057,,d3,22:09.1,03:42.1,DACIA_SPRING,Dacia Spring 33 kW,33000,139,53:02.4,5.6,9,40,NE,6.720477302227309,-88.30702156237727,114,75,,,,4.0,76.0,32.0,2,113,1,40,1
53:11.1,,,76,,98.5,,,,,,,57,-1.9915817,43.29698,127.29315,12.039762641600374,53:11.1,6,-0.063,0101000020E6100000B668BFBD84DDFFBFC99C5F7B03A64540,20230421_DACIA_ULIA_HERNANI_057,,d3,22:09.1,03:42.1,DACIA_SPRING,Dacia Spring 33 kW,33000,139,53:02.4,5.6,9,40,NE,8.498752554209954,-110.78771575578573,114,75,,,,4.0,76.0,32.0,2,113,1,40,1
53:16.7,,,76,,98.5,,,,,,,57,-1.991781,43.296455,128.70575,12.100343648282164,53:17.1,6,-0.471,0101000020E610000039519EBB55DEFFBF5A4FA54DF2A54540,20230421_DACIA_ULIA_HERNANI_057,,d3,22:09.1,03:42.1,DACIA_SPRING,Dacia Spring 33 kW,33000,139,53:02.4,5.6,9,40,NE,8.664475391565707,-114.30587494331242,114,75,,,,4.0,76.0,32.0,2,113,1,40,1
53:22.2,,,76,,98.5,,,,,,,57,-1.9920425,43.295876,132.79816,12.168238051641678,53:22.1,6,0.111,0101000020E610000048433AFA67DFFFBF5224C233DFA54540,20230421_DACIA_ULIA_HERNANI_057,,d3,22:09.1,03:42.1,DACIA_SPRING,Dacia Spring 33 kW,33000,139,53:02.4,5.6,9,40,NE,5.48631864751529,-77.55993264383356,114,75,,,,4.0,76.0,32.0,2,113,1,8,1
53:27.7,,,76,,98.5,,,,,,,57,-1.9919022,43.29524,134.26636000000002,12.239878795553022,53:28.2,6,-0.452,0101000020E61000001CDF6ADFD4DEFFBF0A641B5DCAA54540,20230421_DACIA_ULIA_HERNANI_057,,d3,22:09.1,03:42.1,DACIA_SPRING,Dacia Spring 33 kW,33000,139,53:02.4,5.6,9,40,NE,3.4259901608659824,-62.374915897785925,114,75,,,,4.0,76.0,32.0,2,113,1,25,1
53:33.4,,,76,,98.5,,,,,,,57,-1.9916018,43.294666,136.05865,12.308201697108744,53:33.2,6,0.196,0101000020E6100000A5AB09DC99DDFFBF84DACAA6B7A54540,20230421_DACIA_ULIA_HERNANI_057,,d3,22:09.1,03:42.1,DACIA_SPRING,Dacia Spring 33 kW,33000,139,53:02.4,5.6,9,40,NE,4.746898201379796,-71.83218549537335,114,75,,,,4.0,76.0,32.0,2,113,1,25,1
53:39.1,,,76,,98.5,,,,,,,57,-1.9913734,43.29397,139.70691000000002,12.38785389288302,53:39.2,6,-0.034,0101000020E6100000AFC46E65AADCFFBFC61D0CC8A0A54540,20230421_DACIA_ULIA_HERNANI_057,,d3,22:09.1,03:42.1,DACIA_SPRING,Dacia Spring 33 kW,33000,139,53:02.4,5.6,9,40,NE,4.285616222159035,-68.43618019780594,114,75,,,,4.0,76.0,32.0,2,113,1,25,1
53:44.7,,,76,,98.5,,,,,,,57,-1.9910936,43.293262,139.66016000000002,12.469772063541154,53:45.2,6,-0.488,0101000020E6100000E09723F984DBFFBF25A4C1AF89A54540,20230421_DACIA_ULIA_HERNANI_057,,d3,22:09.1,03:42.1,DACIA_SPRING,Dacia Spring 33 kW,33000,139,53:02.4,5.6,9,40,NE,7.354766215112443,-94.80510415059324,548,8,36.0,282.0,5583.0,,,,15,483,65,25,2
53:50.3,,,76,,98.5,,,,,,,57,-1.9911532,43.292553000000005,138.60529,12.548763741129934,53:50.2,6,0.0579999999999999,0101000020E61000004993FF87C3DBFFBF3DC7155172A54540,20230421_DACIA_ULIA_HERNANI_057,,d3,22:09.1,03:42.1,DACIA_SPRING,Dacia Spring 33 kW,33000,139,53:02.4,5.6,9,40,NE,4.941304584828496,-73.30075576624209,548,8,36.0,282.0,5583.0,,,,15,483,65,25,2
53:55.9,,,76,,98.5,,,,,,,57,-1.9909987,43.292038,158.01819,12.610509561239745,53:56.3,6,-0.4029999999999999,0101000020E61000009039098421DBFFBFC260067C61A54540,20230421_DACIA_ULIA_HERNANI_057,,d3,22:09.1,03:42.1,DACIA_SPRING,Dacia Spring 33 kW,33000,139,53:02.4,5.6,9,40,NE,4.511257037053928,-70.08278562286182,548,8,36.0,282.0,5583.0,,,,15,483,65,25,2
54:02.1,,,76,,98.5,,,,,,,57,-1.9908342,43.291584,157.12598,12.66272582626881,54:02.3,6,-0.218,0101000020E610000089E9080175DAFFBF6B8D18A852A54540,20230421_DACIA_ULIA_HERNANI_057,,d3,22:09.1,03:42.1,DACIA_SPRING,Dacia Spring 33 kW,33000,139,53:02.4,5.6,9,40,NE,3.993353108053826,-66.34057236654667,548,8,36.0,282.0,5583.0,,,,15,483,65,25,2
54:07.6,,,76,,98.5,,,,,,,57,-1.990694,43.291264,159.27123999999998,12.700135282162305,54:07.3,6,0.297,0101000020E6100000D4A9C003E2D9FFBF0B43261148A54540,20230421_DACIA_ULIA_HERNANI_057,,d3,22:09.1,03:42.1,DACIA_SPRING,Dacia Spring 33 kW,33000,139,53:02.4,5.6,9,40,NE,4.785421635267496,-72.12130340412355,548,8,36.0,282.0,5583.0,,,,15,483,65,40,2
54:13.1,,,76,,98.5,,,,,,,57,-1.990554,43.29083,164.84229,12.750018376682807,54:13.3,6,-0.151,0101000020E6100000DD2AA11E4FD9FFBFE88A8CED39A54540,20230421_DACIA_ULIA_HERNANI_057,,d3,22:09.1,03:42.1,DACIA_SPRING,Dacia Spring 33 kW,33000,139,53:02.4,5.6,9,40,NE,5.178967847644668,-75.13051257624285,548,8,36.0,282.0,5583.0,,,,15,483,65,40,2
54:18.8,,,75,,98.5,,,,,,,57,-1.9904393,43.290398,167.62726,12.799022626814596,54:18.3,6,0.482,0101000020E61000006E61C4DBD6D8FFBF90451EB12BA54540,20230421_DACIA_ULIA_HERNANI_057,,d3,22:09.1,03:42.1,DACIA_SPRING,Dacia Spring 33 kW,33000,139,53:02.4,5.6,9,40,NE,4.338350077148057,-68.8186504995536,548,8,36.0,282.0,5583.0,,,,15,483,65,8,2
54:24.3,,,75,,98.5,,,,,,,57,-1.9902347,43.28987,170.63433999999998,12.860098350443554,54:24.3,6,-0.001,0101000020E6100000BE70DF5100D8FFBF2EAEAF7D1AA54540,20230421_DACIA_ULIA_HERNANI_057,,d3,22:09.1,03:42.1,DACIA_SPRING,Dacia Spring 33 kW,33000,139,53:02.4,5.6,9,40,NE,3.920483032214974,-65.82406619704459,548,8,36.0,282.0,5583.0,,,,15,483,65,8,2
54:29.8,,,75,,98.5,,,,,,,57,-1.9899869,43.289318,168.92700000000002,12.92469429249753,54:29.4,6,0.484,0101000020E6100000F6775B8EFCD6FFBFFC1BD56508A54540,20230421_DACIA_ULIA_HERNANI_057,,d3,22:09.1,03:42.1,DACIA_SPRING,Dacia Spring 33 kW,33000,139,53:02.4,5.6,9,40,NE,2.969801255898357,-59.267435168781056,548,8,36.0,282.0,5583.0,,,,15,483,65,25,2
54:35.5,,,75,,98.5,,,,,,,57,-1.9896611,43.28877,169.27246,12.991091192876686,54:35.4,6,0.109,0101000020E610000016003ED3A6D5FFBFE10C9B54F6A44540,20230421_DACIA_ULIA_HERNANI_057,,d3,22:09.1,03:42.1,DACIA_SPRING,Dacia Spring 33 kW,33000,139,53:02.4,5.6,9,40,NE,3.2688749505873407,-61.29736166072184,548,8,36.0,282.0,5583.0,,,,15,483,65,25,2
54:41.3,,,75,,98.5,,,,,,,57,-1.9893490000000005,43.2882,172.81708,13.059412972997372,54:41.4,6,-0.1169999999999999,0101000020E610000082DE02A65FD4FFBF0EB8F0B4E3A44540,20230421_DACIA_ULIA_HERNANI_057,,d3,22:09.1,03:42.1,DACIA_SPRING,Dacia Spring 33 kW,33000,139,53:02.4,5.6,9,40,NE,2.920800538000549,-58.93730815561627,548,8,36.0,282.0,5583.0,,,,15,483,65,25,2
54:47.2,,,75,,98.5,,,,,,,57,-1.9890159,43.287647,185.59436,13.127759817170963,54:47.4,6,-0.2269999999999999,0101000020E610000040F9795B02D3FFBFEE212398D1A44540,20230421_DACIA_ULIA_HERNANI_057,,d3,22:09.1,03:42.1,DACIA_SPRING,Dacia Spring 33 kW,33000,139,53:02.4,5.6,9,40,NE,-3.0086853781975686,-20.470121831756536,548,8,36.0,282.0,5583.0,,,,15,483,65,40,2
54:52.6,,,75,,98.5,,,,,,,57,-1.9883944,43.287415,188.12476,13.184350366259375,54:52.4,6,0.155,0101000020E610000058356B9D76D0FFBFFEB8FDF2C9A44540,20230421_DACIA_ULIA_HERNANI_057,,d3,22:09.1,03:42.1,DACIA_SPRING,Dacia Spring 33 kW,33000,139,53:02.4,5.6,9,40,NE,-2.959433308929976,-20.802470697717137,548,8,36.0,282.0,5583.0,,,,15,483,65,40,2
54:58.1,,,75,,98.5,,,,,,,57,-1.98756,43.287098,195.06982,13.260849045546793,54:58.4,6,-0.324,0101000020E61000009B353EB40BCDFFBF27FE83A3BFA44540,20230421_DACIA_ULIA_HERNANI_057,,d3,22:09.1,03:42.1,DACIA_SPRING,Dacia Spring 33 kW,33000,139,53:02.4,5.6,9,40,NE,-3.447601385308225,-17.47622155781793,548,8,36.0,282.0,5583.0,,,,15,483,65,25,2
55:32.0,,,75,,98.5,,,,,,,57,-1.9864928,43.286762,195.3794,13.354964466790403,55:32.1,6,-0.036,0101000020E610000001A3ECA9ACC8FFBF50877898B4A44540,20230421_DACIA_ULIA_HERNANI_057,,d3,22:09.1,03:42.1,DACIA_SPRING,Dacia Spring 33 kW,33000,139,56:54.3,5.6,9,40,NE,-1.4871798007388697,-30.48869535180818,548,8,36.0,282.0,5583.0,,,,15,483,65,40,2
55:40.9,,,74,,98.5,,,,,,,57,-1.985844,43.28638,189.79669,13.422738313207486,55:40.9,6,0.0279999999999999,0101000020E610000087EF505604C6FFBFC8BB7E1CA8A44540,20230421_DACIA_ULIA_HERNANI_057,,d3,22:09.1,03:42.1,DACIA_SPRING,Dacia Spring 33 kW,33000,139,56:54.3,5.6,9,40,NE,8.64862477003475,-146.06294368032252,548,8,36.0,282.0,5583.0,,,,15,483,65,40,2
55:46.5,,,74,,98.5,,,,,,,57,-1.9891535,43.284153,170.93097,13.788031949885179,55:46.8,6,-0.28,0101000020E6100000CDCD169492D3FFBF948D62145FA44540,20230421_DACIA_ULIA_HERNANI_057,,d3,22:09.1,03:42.1,DACIA_SPRING,Dacia Spring 33 kW,33000,139,56:54.3,5.6,9,40,NE,8.913709937769642,-122.05956359805909,548,8,36.0,282.0,5583.0,,,,15,483,65,8,2
56:08.3,,,74,,98.5,,,,,,,57,-1.9898318,43.28307,168.71765,13.920400866698305,56:08.4,6,-0.135,0101000020E610000073433AD959D6FFBF41E079903BA44540,20230421_DACIA_ULIA_HERNANI_057,,d3,22:09.1,03:42.1,DACIA_SPRING,Dacia Spring 33 kW,33000,139,56:54.3,5.6,9,40,NE,0.7572566842805077,-44.82655215592376,548,8,36.0,282.0,5583.0,,,,15,483,65,8,2
56:14.6,,,75,,98.5,,,,,,,57,-1.9878438000000005,43.281094,138.7926,14.194389820826666,56:14.7,6,-0.091,0101000020E610000044F4103235CEFFBFF19E24D9FAA34540,20230421_DACIA_ULIA_HERNANI_057,,d3,22:09.1,03:42.1,DACIA_SPRING,Dacia Spring 33 kW,33000,139,56:54.3,5.6,9,40,NE,2.6979777964139826,-57.44410826870384,548,8,36.0,282.0,5583.0,,,,15,483,65,55,2
56:20.4,,,75,,98.5,,,,,,,57,-1.9873273,43.280285,126.61383,14.294333187662447,56:20.7,6,-0.281,0101000020E6100000EE2AFFB517CCFFBF6FC8505FE0A34540,20230421_DACIA_ULIA_HERNANI_057,,d3,22:09.1,03:42.1,DACIA_SPRING,Dacia Spring 33 kW,33000,139,56:54.3,5.6,9,40,NE,5.224386009465238,-75.4848264465318,548,8,36.0,282.0,5583.0,,,,15,483,65,55,2
56:26.0,,,75,,98.5,,,,,,,57,-1.9871484,43.279594,116.013916,14.373237028049074,56:25.9,6,0.18,0101000020E61000000132D7165CCBFFBFC8927BB2C9A34540,20230421_DACIA_ULIA_HERNANI_057,,d3,22:09.1,03:42.1,DACIA_SPRING,Dacia Spring 33 kW,33000,139,56:54.3,5.6,9,40,NE,6.231223560842173,-83.81706983405809,548,8,36.0,282.0,5583.0,,,,15,483,65,120,2
56:31.7,,,75,,98.5,,,,,,,57,-1.9871055,43.279198,118.41412,14.417472121862923,56:31.8,6,-0.077,0101000020E61000006B0854202FCBFFBFED1427CEBCA34540,20230421_DACIA_ULIA_HERNANI_057,,d3,22:09.1,03:42.1,DACIA_SPRING,Dacia Spring 33 kW,33000,139,56:54.3,5.6,9,40,NE,7.394923974800714,-95.2511340247209,548,8,36.0,282.0,5583.0,,,,15,483,65,55,2
56:54.1,,,75,,98.5,,,,,,,57,-1.9872202,43.27795,117.97052,14.556554396126106,56:54.2,6,-0.025,0101000020E61000008DD8C455A7CBFFBFFC71FBE593A34540,20230421_DACIA_ULIA_HERNANI_057,,d3,22:09.1,03:42.1,DACIA_SPRING,Dacia Spring 33 kW,33000,139,56:54.3,5.6,9,40,NE,8.985648731807888,-133.2360799495097,548,8,36.0,282.0,5583.0,,,,15,483,65,8,2
56:59.7,,,75,,98.5,,,,,,,57,-1.9877505,43.277386,127.539,14.633154572034515,56:59.9,6,-0.175,0101000020E6100000F315AC8AD3CDFFBFCAC0856581A34540,20230421_DACIA_ULIA_HERNANI_057,,d3,22:09.1,03:42.1,DACIA_SPRING,Dacia Spring 33 kW,33000,139,56:54.3,5.6,9,40,NE,3.8970123996143298,-65.65818646714293,548,8,36.0,282.0,5583.0,,,,15,483,65,55,2
57:05.3,,,75,,98.5,,,,,,,57,-1.9876089,43.277073,127.00842,14.669801620587023,57:04.9,6,0.44,0101000020E6100000C234CA023FCDFFBF52D1BB2577A34540,20230421_DACIA_ULIA_HERNANI_057,,d3,22:09.1,03:42.1,DACIA_SPRING,Dacia Spring 33 kW,33000,139,56:54.3,5.6,9,40,NE,-5.645378135494805,-1.1514299015570797,548,8,36.0,282.0,5583.0,,,,15,483,65,55,2
57:11.0,,,75,,98.5,,,,,,,57,-1.9869621,43.27706,128.44122,14.722202956884965,57:10.9,6,0.113,0101000020E61000005E750DC898CAFFBFE7DC92C176A34540,20230421_DACIA_ULIA_HERNANI_057,,d3,22:09.1,03:42.1,DACIA_SPRING,Dacia Spring 33 kW,33000,139,56:54.3,5.6,9,40,NE,-3.8256097378454905,-14.845048244093412,548,8,36.0,282.0,5583.0,,,,15,483,65,55,2
57:16.9,,,75,,98.5,,,,,,,57,-1.9860038,43.276806,128.97308,14.804765400108984,57:16.9,6,-0.031,0101000020E610000067F482D3ABC6FFBFCE8CC0506EA34540,20230421_DACIA_ULIA_HERNANI_057,,d3,22:09.1,03:42.1,DACIA_SPRING,Dacia Spring 33 kW,33000,139,56:54.3,5.6,9,40,NE,-4.420506198686221,-10.582662627683336,330,114,,,,0.0,1.0,211.0,118,314,16,55,2
57:22.3,,,75,,98.5,,,,,,,57,-1.9851153,43.27664,134.67389,14.879243586056434,57:21.9,6,0.395,0101000020E6100000AEA0C44208C3FFBFEE409DF268A34540,20230421_DACIA_ULIA_HERNANI_057,,d3,22:09.1,03:42.1,DACIA_SPRING,Dacia Spring 33 kW,33000,139,56:54.3,5.6,9,40,NE,-4.027545055657407,-13.416279932975057,330,114,,,,0.0,1.0,211.0,118,314,16,55,2
57:28.0,,,75,,98.5,,,,,,,57,-1.984084,43.276394,131.81853999999998,14.96714659772849,57:27.9,6,0.0409999999999999,0101000020E6100000A27D8BD2CEBEFFBF3A5E60DA60A34540,20230421_DACIA_ULIA_HERNANI_057,,d3,22:09.1,03:42.1,DACIA_SPRING,Dacia Spring 33 kW,33000,139,56:54.3,5.6,9,40,NE,-0.3028702999828277,-38.07150367339543,330,114,,,,0.0,1.0,211.0,118,314,16,25,2
57:33.8,,,75,,98.5,,,,,,,57,-1.9833895,43.27585,127.625244,15.049837543731291,57:33.9,6,-0.136,0101000020E6100000CF42E9A8F6BBFFBFBA45470F4FA34540,20230421_DACIA_ULIA_HERNANI_057,,d3,22:09.1,03:42.1,DACIA_SPRING,Dacia Spring 33 kW,33000,139,58:02.3,5.6,9,40,NE,6.258834718841202,-84.06117999826344,466,97,,,,1.0,61.0,383.0,21,386,80,25,2
57:39.4,,,75,,98.5,,,,,,,57,-1.9833223,43.275204,118.58557,15.122440146567737,57:39.0,6,0.472,0101000020E610000029488514B0BBFFBF18E55FEC39A34540,20230421_DACIA_ULIA_HERNANI_057,,d3,22:09.1,03:42.1,DACIA_SPRING,Dacia Spring 33 kW,33000,139,58:02.3,5.6,9,40,NE,6.977509110992259,-90.83031548624538,466,97,,,,1.0,61.0,383.0,21,386,80,25,2
57:45.0,,,75,,98.5,,,,,,,57,-1.9833333,43.274445,108.61786,15.207428341973905,57:45.0,6,0.066,0101000020E61000001DABD6BABBBBFFBF7856FB0921A34540,20230421_DACIA_ULIA_HERNANI_057,,d3,22:09.1,03:42.1,DACIA_SPRING,Dacia Spring 33 kW,33000,139,58:02.3,5.6,9,40,NE,6.876837842875879,-89.82637695716788,466,97,,,,1.0,61.0,383.0,21,386,80,8,2
57:50.6,,,75,,98.5,,,,,,,57,-1.9833308,43.27362,99.95349,15.29957264147773,57:51.0,6,-0.417,0101000020E610000048966116B9BBFFBF7445E70406A34540,20230421_DACIA_ULIA_HERNANI_057,,d3,22:09.1,03:42.1,DACIA_SPRING,Dacia Spring 33 kW,33000,139,58:02.3,5.6,9,40,NE,6.602597082452245,-87.19089620931582,466,97,,,,1.0,61.0,383.0,21,386,80,8,2
57:56.2,,,75,,98.5,,,,,,,57,-1.9832966,43.272923,92.170044,15.377514558373147,57:56.0,6,0.2019999999999999,0101000020E6100000907BE33995BBFFBF2639DC1EEFA24540,20230421_DACIA_ULIA_HERNANI_057,,d3,22:09.1,03:42.1,DACIA_SPRING,Dacia Spring 33 kW,33000,139,58:02.3,5.6,9,40,NE,6.5368123733434,-86.57814096899159,466,97,,,,1.0,61.0,383.0,21,386,80,25,2
58:01.8,,,75,,98.5,,,,,,,57,-1.9832444,43.27205,81.16632,15.47530076924104,58:02.0,6,-0.209,0101000020E610000035F7A98D5EBBFFBFD0C40986D2A24540,20230421_DACIA_ULIA_HERNANI_057,,d3,22:09.1,03:42.1,DACIA_SPRING,Dacia Spring 33 kW,33000,139,58:02.3,5.6,9,40,NE,6.6856908347695,-87.97514941213059,466,97,,,,1.0,61.0,383.0,21,386,80,50,2
58:07.3,,,75,,98.5,,,,,,,57,-1.9832205000000005,43.271374,78.522644,15.550539901017904,58:07.0,6,0.286,0101000020E610000000B8E56545BBFFBFC35FD551BCA24540,20230421_DACIA_ULIA_HERNANI_057,,d3,22:09.1,03:42.1,DACIA_SPRING,Dacia Spring 33 kW,33000,139,58:02.3,5.6,9,40,NE,5.861066840518568,-80.63437641545498,330,114,,,,0.0,1.0,211.0,118,314,16,10,2
58:12.8,,,75,,98.5,,,,,,,57,-1.9831349,43.270855,73.65465999999999,15.608868209942013,58:13.1,6,-0.24,0101000020E61000004C896696EBBAFFBF3DC1D56CABA24540,20230421_DACIA_ULIA_HERNANI_057,,d3,22:09.1,03:42.1,DACIA_SPRING,Dacia Spring 33 kW,33000,139,58:02.3,5.6,9,40,NE,6.899398927012046,-90.04953524375067,330,114,,,,0.0,1.0,211.0,118,314,16,10,2
58:18.3,,,75,,98.5,,,,,,,57,-1.9831352,43.270508,77.33972,15.64762843009121,58:18.1,6,0.278,0101000020E610000093857504ECBAFFBF439EB006A0A24540,20230421_DACIA_ULIA_HERNANI_057,,d3,22:09.1,03:42.1,DACIA_SPRING,Dacia Spring 33 kW,33000,139,58:02.3,5.6,9,40,NE,6.514800648582858,-86.37465532319658,330,114,,,,0.0,1.0,211.0,118,314,16,10,2
58:23.9,,,75,,98.5,,,,,,,57,-1.9831103,43.270115,81.06543,15.691532880655599,58:24.1,6,-0.149,0101000020E61000007DF75CE0D1BAFFBF4A03682993A24540,20230421_DACIA_ULIA_HERNANI_057,,d3,22:09.1,03:42.1,DACIA_SPRING,Dacia Spring 33 kW,33000,139,58:02.3,5.6,9,40,NE,6.330389968092884,-84.69854588374561,330,114,,,,0.0,1.0,211.0,118,314,16,25,2
58:29.5,,,75,,98.5,,,,,,,57,-1.9831,43.270004,82.54388399999999,15.703991691069646,58:29.1,6,0.429,0101000020E6100000D64D522EC7BAFFBF1071397F8FA24540,20230421_DACIA_ULIA_HERNANI_057,,d3,22:09.1,03:42.1,DACIA_SPRING,Dacia Spring 33 kW,33000,139,58:02.3,5.6,9,40,NE,-5.785088487178856,0.0,330,114,,,,0.0,1.0,211.0,118,314,16,25,2
58:35.0,,,75,,98.5,,,,,,,57,-1.9831,43.270004,82.54388399999999,15.703991691069646,58:35.1,6,-0.147,0101000020E6100000D64D522EC7BAFFBF1071397F8FA24540,20230421_DACIA_ULIA_HERNANI_057,,d3,22:09.1,03:42.1,DACIA_SPRING,Dacia Spring 33 kW,33000,139,58:02.3,5.6,9,40,NE,-5.785088487178856,0.0,330,114,,,,0.0,1.0,211.0,118,314,16,25,2
58:40.6,,,75,,98.5,,,,,,,57,-1.9831,43.270004,82.54388399999999,15.703991691069646,58:40.1,6,0.451,0101000020E6100000D64D522EC7BAFFBF1071397F8FA24540,20230421_DACIA_ULIA_HERNANI_057,,d3,22:09.1,03:42.1,DACIA_SPRING,Dacia Spring 33 kW,33000,139,58:02.3,5.6,9,40,NE,6.209005875409048,-83.62136577369911,330,114,,,,0.0,1.0,211.0,118,314,16,25,2
58:46.0,,,75,,98.5,,,,,,,57,-1.9830744,43.269775,80.66669,15.729608419943325,58:46.1,6,-0.17,0101000020E6100000841D524EACBAFFBFA3F9EF0388A24540,20230421_DACIA_ULIA_HERNANI_057,,d3,22:09.1,03:42.1,DACIA_SPRING,Dacia Spring 33 kW,33000,139,58:02.3,5.6,9,40,NE,2.944279607198545,-59.09540885312769,330,114,,,,0.0,1.0,211.0,118,314,16,25,2
58:51.5,,,75,,98.5,,,,,,,57,-1.9829038,43.269490000000005,81.68005,15.764193200582385,58:51.1,6,0.368,0101000020E61000002D37205BF9B9FFBF8AD2399A7EA24540,20230421_DACIA_ULIA_HERNANI_057,,d3,22:09.1,03:42.1,DACIA_SPRING,Dacia Spring 33 kW,33000,139,58:02.3,5.6,9,40,NE,1.451440361828757,-49.28068608322062,330,114,,,,0.0,1.0,211.0,118,314,16,25,2
58:57.0,,,75,,98.5,,,,,,,57,-1.9825225,43.269047,83.23193,15.822348012829544,58:57.2,6,-0.143,0101000020E6100000B2FB867069B8FFBFEAD5D72570A24540,20230421_DACIA_ULIA_HERNANI_057,,d3,22:09.1,03:42.1,DACIA_SPRING,Dacia Spring 33 kW,33000,139,58:02.3,5.6,9,40,NE,0.1939515520713627,-41.23482951972856,330,114,,,,0.0,1.0,211.0,118,314,16,10,2
59:02.5,,,75,,98.5,,,,,,,57,-1.9822407,43.2688,86.22125,15.858178865765815,59:02.2,6,0.332,0101000020E6100000FC62420E42B7FFBFE348D2FB67A24540,20230421_DACIA_ULIA_HERNANI_057,,d3,22:09.1,03:42.1,DACIA_SPRING,Dacia Spring 33 kW,33000,139,58:02.3,5.6,9,40,NE,1.6164517903278388,-50.346796967824325,330,114,,,,0.0,1.0,211.0,118,314,16,10,2
59:08.0,,,75,,98.5,,,,,,,57,-1.9820625,43.268585,86.2959,15.886102308638716,59:08.2,6,-0.188,0101000020E61000008B4BD91287B6FFBF75C65AF060A24540,20230421_DACIA_ULIA_HERNANI_057,,d3,22:09.1,03:42.1,DACIA_SPRING,Dacia Spring 33 kW,33000,139,58:02.3,5.6,9,40,NE,0.563892441318917,-43.592203662850594,330,114,,,,0.0,1.0,211.0,118,314,16,10,2
59:13.8,,,75,,98.5,,,,,,,57,-1.9816581,43.2682,85.87469499999999,15.94000014791159,59:14.3,6,-0.506,0101000020E61000005812A817DFB4FFBF87548B6754A24540,20230421_DACIA_ULIA_HERNANI_057,,d3,22:09.1,03:42.1,DACIA_SPRING,Dacia Spring 33 kW,33000,139,58:02.3,5.6,9,40,NE,-0.2104976311669766,-38.65980825365611,466,97,,,,1.0,61.0,383.0,21,386,80,25,2
59:19.4,,,75,,98.5,,,,,,,57,-1.9813006,43.267914000000005,86.12897,15.983003316565306,59:19.3,6,0.106,0101000020E6100000C51C674768B3FFBFFDD0B3F64AA24540,20230421_DACIA_ULIA_HERNANI_057,,d3,22:09.1,03:42.1,DACIA_SPRING,Dacia Spring 33 kW,33000,139,58:02.3,5.6,9,40,NE,0.989357095199584,-46.31119773785256,330,114,,,,0.0,1.0,211.0,118,314,16,25,1
59:24.9,,,75,,98.5,,,,,,,57,-1.9809911,43.267590000000006,87.07214,16.02689889585214,59:25.3,6,-0.344,0101000020E610000029DEF1BB23B2FFBFF735796740A24540,20230421_DACIA_ULIA_HERNANI_057,,d3,22:09.1,03:42.1,DACIA_SPRING,Dacia Spring 33 kW,33000,139,58:02.3,5.6,9,40,NE,-0.3214105876505551,-37.95340146369541,330,114,,,,0.0,1.0,211.0,118,314,16,8,1
59:30.6,,,75,,98.5,,,,,,,57,-1.9808193,43.267456,85.45209,16.04734721966622,59:30.3,6,0.285,0101000020E610000097F56A996FB1FFBF419479F53BA24540,20230421_DACIA_ULIA_HERNANI_057,,d3,22:09.1,03:42.1,DACIA_SPRING,Dacia Spring 33 kW,33000,139,58:02.3,5.6,9,40,NE,8.370007726281116,-108.43494880574704,330,114,,,,0.0,1.0,211.0,118,314,16,8,1
59:36.3,,,75,,98.5,,,,,,,57,-1.9808213,43.26745,86.47339000000001,16.048577826079672,59:36.3,6,0.002,0101000020E6100000D2B79AAF71B1FFBF293759BC3BA24540,20230421_DACIA_ULIA_HERNANI_057,,d3,22:09.1,03:42.1,DACIA_SPRING,Dacia Spring 33 kW,33000,139,58:02.3,5.6,9,40,NE,-5.785088487178856,0.0,330,114,,,,0.0,1.0,211.0,118,314,16,8,1
59:42.0,,,75,,98.5,,,,,,,57,-1.9808213,43.26745,86.47339000000001,16.048577826079672,59:42.3,6,-0.305,0101000020E6100000D2B79AAF71B1FFBF293759BC3BA24540,20230421_DACIA_ULIA_HERNANI_057,,d3,22:09.1,03:42.1,DACIA_SPRING,Dacia Spring 33 kW,33000,139,58:02.3,5.6,9,40,NE,1.5707831084161612,-50.05139293207444,330,114,,,,0.0,1.0,211.0,118,314,16,8,1
59:47.6,,,75,,98.5,,,,,,,57,-1.9806764,43.267277,90.329834,16.071437613091092,59:47.3,6,0.215,0101000020E61000006D510BCAD9B0FFBFF08BC71C36A24540,20230421_DACIA_ULIA_HERNANI_057,,d3,22:09.1,03:42.1,DACIA_SPRING,Dacia Spring 33 kW,33000,139,58:02.3,5.6,9,40,NE,2.546447244032925,-56.4356670780247,330,114,,,,0.0,1.0,211.0,118,314,16,8,1
59:53.2,,,74,,98.5,,,,,,,57,-1.9804528,43.266940000000005,93.43286,16.113170159997363,59:53.4,6,-0.165,0101000020E61000006E2D5936EFAFFFBF25A13E132BA24540,20230421_DACIA_ULIA_HERNANI_057,,d3,22:09.1,03:42.1,DACIA_SPRING,Dacia Spring 33 kW,33000,139,58:02.3,5.6,9,40,NE,5.2138117322327,-75.40219607180339,330,114,,,,0.0,1.0,211.0,118,314,16,25,1
59:59.4,,,74,,98.5,,,,,,,57,-1.9804054,43.266758,96.55786,16.134004043596082,59:59.4,6,-0.035,0101000020E6100000F2574C95BDAFFFBF7046491F25A24540,20230421_DACIA_ULIA_HERNANI_057,,d3,22:09.1,03:42.1,DACIA_SPRING,Dacia Spring 33 kW,33000,139,01:45.7,5.6,9,40,NE,4.540413044396262,-70.29752572546145,330,114,,,,0.0,1.0,211.0,118,314,16,8,1
00:05.1,,,74,,98.5,,,,,,,57,-1.9802772,43.2664,100.020386,16.17528840026774,00:05.5,6,-0.37,0101000020E61000009CA5221D37AFFFBFA69F2E5A19A24540,20230421_DACIA_ULIA_HERNANI_057,,d3,22:09.1,03:42.1,DACIA_SPRING,Dacia Spring 33 kW,33000,139,01:45.7,5.6,9,40,NE,5.478115980536284,-77.49408719763208,154,86,,,,0.0,65.0,87.0,2,124,30,25,1
00:10.8,,,74,,98.5,,,,,,,57,-1.9801714,43.265923,102.65466,16.229080270920907,00:10.5,6,0.366,0101000020E61000008EC96637C8AEFFBFC5EF1AB209A24540,20230421_DACIA_ULIA_HERNANI_057,,d3,22:09.1,03:42.1,DACIA_SPRING,Dacia Spring 33 kW,33000,139,01:45.7,5.6,9,40,NE,5.62469409260348,-78.67969274264647,154,86,,,,0.0,65.0,87.0,2,124,30,55,1
00:16.5,,,74,,98.5,,,,,,,57,-1.9800651,43.265392,105.179565,16.28880222508306,00:16.5,6,0.046,0101000020E6100000E49A65C358AEFFBF9F27F96CF8A14540,20230421_DACIA_ULIA_HERNANI_057,,d3,22:09.1,03:42.1,DACIA_SPRING,Dacia Spring 33 kW,33000,139,01:45.7,5.6,9,40,NE,0.4263505831429067,-42.71524832169325,154,86,,,,0.0,65.0,87.0,2,124,30,55,1
00:22.1,,,74,,98.5,,,,,,,57,-1.9798214,43.265167,110.68762,16.321138847735096,00:22.5,6,-0.381,0101000020E61000002C19194759ADFFBF3D1269FAF0A14540,20230421_DACIA_ULIA_HERNANI_057,,d3,22:09.1,03:42.1,DACIA_SPRING,Dacia Spring 33 kW,33000,139,01:45.7,5.6,9,40,NE,4.21942551978782,-67.95805548881084,154,86,,,,0.0,65.0,87.0,2,124,30,55,1
00:27.8,,,74,,98.5,,,,,,,57,-1.9797052,43.26488,111.6828,16.354424773377943,00:27.5,6,0.221,0101000020E61000001126BD56DFACFFBFD71F59A7E7A14540,20230421_DACIA_ULIA_HERNANI_057,,d3,22:09.1,03:42.1,DACIA_SPRING,Dacia Spring 33 kW,33000,139,01:45.7,5.6,9,40,NE,-6.817832693197132,9.24754074867869,154,86,,,,0.0,65.0,87.0,2,124,30,55,1
00:33.3,,,74,,98.5,,,,,,,57,-1.9792507,43.264954,109.49103,16.39219855504155,00:33.5,6,-0.254,0101000020E610000052C08FCD02ABFFBF8283C5FAE9A14540,20230421_DACIA_ULIA_HERNANI_057,,d3,22:09.1,03:42.1,DACIA_SPRING,Dacia Spring 33 kW,33000,139,01:45.7,5.6,9,40,NE,-8.09348798640533,24.06312127902537,154,86,,,,0.0,65.0,87.0,2,124,30,25,1
00:38.9,,,74,,98.5,,,,,,,57,-1.979029,43.265053,113.33655,16.413604637779404,00:38.6,6,0.352,0101000020E610000093BBD7621AAAFFBFFEB7D439EDA14540,20230421_DACIA_ULIA_HERNANI_057,,d3,22:09.1,03:42.1,DACIA_SPRING,Dacia Spring 33 kW,33000,139,01:45.7,5.6,9,40,NE,-7.481450634197382,16.229655896675634,154,86,,,,0.0,65.0,87.0,2,124,30,25,1
00:44.5,,,74,,98.5,,,,,,,57,-1.9788057,43.265118,111.8999,16.433129497459444,00:44.6,6,-0.0579999999999999,0101000020E61000001776411230A9FFBF2079085FEFA14540,20230421_DACIA_ULIA_HERNANI_057,,d3,22:09.1,03:42.1,DACIA_SPRING,Dacia Spring 33 kW,33000,139,01:45.7,5.6,9,40,NE,-7.558700758550826,17.12487868376378,154,86,,,,0.0,65.0,87.0,2,124,30,25,1
00:50.1,,,74,,98.5,,,,,,,57,-1.9784422,43.26523,108.72888,16.465245721236165,00:49.6,6,0.431,0101000020E6100000B06B2002B3A7FFBFD1427E0DF3A14540,20230421_DACIA_ULIA_HERNANI_057,,d3,22:09.1,03:42.1,DACIA_SPRING,Dacia Spring 33 kW,33000,139,01:45.7,5.6,9,40,NE,-7.440427124436752,15.762664007658758,154,86,,,,0.0,65.0,87.0,2,124,30,25,1
00:55.8,,,74,,98.5,,,,,,,57,-1.9780277,43.265347,105.28662,16.501405634760086,00:55.6,6,0.216,0101000020E6100000DCE5AE6700A6FFBF82F933D5F6A14540,20230421_DACIA_ULIA_HERNANI_057,,d3,22:09.1,03:42.1,DACIA_SPRING,Dacia Spring 33 kW,33000,139,01:45.7,5.6,9,40,NE,-7.134953436590035,12.445375839500812,154,86,,,,0.0,65.0,87.0,2,124,30,25,1
01:01.4,,,74,,98.5,,,,,,,57,-1.9777513,43.265408,104.045166,16.524824148246704,01:01.6,6,-0.2289999999999999,0101000020E6100000292A5581DEA4FFBFECFE2DD8F8A14540,20230421_DACIA_ULIA_HERNANI_057,,d3,22:09.1,03:42.1,DACIA_SPRING,Dacia Spring 33 kW,33000,139,01:45.7,5.6,9,40,NE,-7.72537090156488,19.13456382223503,154,86,,,,0.0,65.0,87.0,2,124,30,25,1
01:07.0,,,74,,98.5,,,,,,,57,-1.9774112,43.265526,101.27838,16.555453587300068,01:06.6,6,0.356,0101000020E6100000BCBC10DD79A3FFBF97F1C6B4FCA14540,20230421_DACIA_ULIA_HERNANI_057,,d3,22:09.1,03:42.1,DACIA_SPRING,Dacia Spring 33 kW,33000,139,01:45.7,5.6,9,40,NE,-8.104813968369912,24.22846484304974,154,86,,,,0.0,65.0,87.0,2,124,30,25,1
01:12.6,,,74,,98.5,,,,,,,57,-1.9770801,43.265675,98.72363,16.587072656316515,01:12.6,6,-0.079,0101000020E61000002CBE3EC61EA2FFBFFF64639001A24540,20230421_DACIA_ULIA_HERNANI_057,,d3,22:09.1,03:42.1,DACIA_SPRING,Dacia Spring 33 kW,33000,139,01:45.7,5.6,9,40,NE,-8.522664054063952,31.25580160538108,154,86,,,,0.0,65.0,87.0,2,124,30,25,1
01:18.2,,,74,,98.5,,,,,,,57,-1.9769104,43.265778000000005,93.526306,16.605700340566383,01:18.7,6,-0.461,0101000020E6100000692DF5C16CA1FFBF928BF70405A24540,20230421_DACIA_ULIA_HERNANI_057,,d3,22:09.1,03:42.1,DACIA_SPRING,Dacia Spring 33 kW,33000,139,01:45.7,5.6,9,40,NE,-6.3375294841371,95.23747606856476,154,86,,,,0.0,65.0,87.0,2,124,30,25,1
01:23.9,,,74,,98.5,,,,,,,57,-1.9769115,43.26579,94.95538,16.60765754427222,01:23.7,6,0.25,0101000020E61000008061F9F36DA1FFBF0FD0BF5505A24540,20230421_DACIA_ULIA_HERNANI_057,,d3,22:09.1,03:42.1,DACIA_SPRING,Dacia Spring 33 kW,33000,139,01:45.7,5.6,9,40,NE,-6.849492540491674,90.44273130254942,154,86,,,,0.0,65.0,87.0,2,124,30,25,1
01:29.6,,,74,,98.5,,,,,,,57,-1.9769132,43.26601,96.95563,16.632202454827038,01:29.7,6,-0.124,0101000020E6100000F0A86BCC6FA1FFBF6BC50E950CA24540,20230421_DACIA_ULIA_HERNANI_057,,d3,22:09.1,03:42.1,DACIA_SPRING,Dacia Spring 33 kW,33000,139,01:45.7,5.6,9,40,NE,-6.481211998718618,93.934400125994,154,86,,,,0.0,65.0,87.0,2,124,30,25,1
01:35.3,,,74,,98.5,,,,,,,57,-1.9769295,43.266247,95.1936,16.65864744797667,01:35.8,6,-0.472,0101000020E610000053539AE680A1FFBF55ECBB6414A24540,20230421_DACIA_ULIA_HERNANI_057,,d3,22:09.1,03:42.1,DACIA_SPRING,Dacia Spring 33 kW,33000,139,01:45.7,5.6,9,40,NE,-7.059480238959553,88.3360095865254,154,86,,,,0.0,65.0,87.0,2,124,30,25,1
01:40.9,,,74,,98.5,,,,,,,57,-1.9769243000000003,43.266426,94.41864,16.67857087012537,01:40.7,6,0.147,0101000020E61000002CA85E6D7BA1FFBFC9C2BE3A1AA24540,20230421_DACIA_ULIA_HERNANI_057,,d3,22:09.1,03:42.1,DACIA_SPRING,Dacia Spring 33 kW,33000,139,01:45.7,5.6,9,40,NE,-8.617655656305715,66.7607453483289,154,86,,,,0.0,65.0,87.0,2,124,30,25,1
01:46.6,,,74,,98.5,,,,,,,57,-1.9767783,43.266766,91.79077,16.718269329471006,01:46.7,6,-0.133,0101000020E610000063145F48E2A0FFBF223E665625A24540,20230421_DACIA_ULIA_HERNANI_057,,d3,22:09.1,03:42.1,DACIA_SPRING,Dacia Spring 33 kW,33000,139,01:45.7,5.6,9,40,NE,-8.9846368602136,53.34825221558222,154,86,,,,0.0,65.0,87.0,2,124,30,25,1
01:52.2,,,74,,98.5,,,,,,,57,-1.9766027,43.267002000000005,89.72705,16.748186818115364,01:51.8,6,0.462,0101000020E6100000AFFDAE192AA0FFBF489FFB172DA24540,20230421_DACIA_ULIA_HERNANI_057,,d3,22:09.1,03:42.1,DACIA_SPRING,Dacia Spring 33 kW,33000,139,01:45.7,5.6,9,40,NE,-8.88706129342136,59.0864236782169,154,86,,,,0.0,65.0,87.0,2,124,30,25,1
01:58.0,,,75,,98.5,,,,,,,57,-1.9765021,43.26717,89.54724,16.768566970303706,01:57.8,6,0.237,0101000020E61000007AD3C29FC09FFFBFB614EBAF32A24540,20230421_DACIA_ULIA_HERNANI_057,,d3,22:09.1,03:42.1,DACIA_SPRING,Dacia Spring 33 kW,33000,139,01:45.7,5.6,9,40,NE,-8.384884238987578,28.694097993085837,303,108,,,,0.0,1.0,242.0,60,291,12,25,2
02:03.7,,,74,,98.5,,,,,,,57,-1.9762719,43.267296,85.10491999999999,16.792303822974425,02:03.8,6,-0.11,0101000020E61000000D48EB3DCF9EFFBF25FBADBE36A24540,20230421_DACIA_ULIA_HERNANI_057,,d3,22:09.1,03:42.1,DACIA_SPRING,Dacia Spring 33 kW,33000,139,01:45.7,5.6,9,40,NE,-7.0765108684010105,11.839123985241711,303,108,,,,0.0,1.0,242.0,60,291,12,25,2
02:09.4,,,74,,98.5,,,,,,,57,-1.9758521,43.267384,83.27771,16.82772183600235,02:09.8,6,-0.38,0101000020E6100000E8EB221A179DFFBF4EFF06AB39A24540,20230421_DACIA_ULIA_HERNANI_057,,d3,22:09.1,03:42.1,DACIA_SPRING,Dacia Spring 33 kW,33000,139,01:45.7,5.6,9,40,NE,-7.751414548875263,19.459285285105786,303,108,,,,0.0,1.0,242.0,60,291,12,25,2
02:15.0,,,75,,98.5,,,,,,,57,-1.9755719,43.267483,82.71472,16.85294503509469,02:14.9,6,0.19,0101000020E6100000438A854AF19BFFBFE14B1BED3CA24540,20230421_DACIA_ULIA_HERNANI_057,,d3,22:09.1,03:42.1,DACIA_SPRING,Dacia Spring 33 kW,33000,139,01:45.7,5.6,9,40,NE,-7.59570673177871,17.56147110474701,303,108,,,,0.0,1.0,242.0,60,291,12,25,2
02:20.9,,,75,,98.5,,,,,,,57,-1.975297,43.26757,79.92053,16.877374817297664,02:20.9,6,0.0,0101000020E6100000EEFE3E04D19AFFBF9E220BC13FA24540,20230421_DACIA_ULIA_HERNANI_057,,d3,22:09.1,03:42.1,DACIA_SPRING,Dacia Spring 33 kW,33000,139,01:45.7,5.6,9,40,NE,-6.89292262450467,9.985370349763729,303,108,,,,0.0,1.0,242.0,60,291,12,25,2
02:26.5,,,75,,98.5,,,,,,,57,-1.9748199,43.267654,73.97827,16.9175594808728,02:26.9,6,-0.396,0101000020E6100000719E1CCBDC98FFBFF0F55A7542A24540,20230421_DACIA_ULIA_HERNANI_057,,d3,22:09.1,03:42.1,DACIA_SPRING,Dacia Spring 33 kW,33000,139,03:02.3,5.6,9,40,NE,-6.975079447343781,10.805832910817466,303,108,,,,0.0,1.0,242.0,60,291,12,25,2
02:32.3,,,75,,98.5,,,,,,,57,-1.9745265,43.26771,72.991455,16.94213775048042,02:31.9,6,0.411,0101000020E6100000FDC75B11A997FFBF961E345844A24540,20230421_DACIA_ULIA_HERNANI_057,,d3,22:09.1,03:42.1,DACIA_SPRING,Dacia Spring 33 kW,33000,139,03:02.3,5.6,9,40,NE,-7.642814677678743,18.12494025155218,303,108,,,,0.0,1.0,242.0,60,291,12,25,2
02:38.5,,,75,,98.5,,,,,,,57,-1.9743432,43.26777,73.00824,16.958409738717016,02:38.2,6,0.285,0101000020E6100000A14731E5E896FFBF23DB754646A24540,20230421_DACIA_ULIA_HERNANI_057,,d3,22:09.1,03:42.1,DACIA_SPRING,Dacia Spring 33 kW,33000,139,03:02.3,5.6,9,40,NE,-6.964652004566621,10.700905787314174,303,108,,,,0.0,1.0,242.0,60,291,12,25,2
02:44.3,,,75,,98.5,,,,,,,57,-1.9741474,43.267807,68.42846999999999,16.97541657485166,02:44.0,6,0.382,0101000020E6100000458AD8921B96FFBF6410CC8F47A24540,20230421_DACIA_ULIA_HERNANI_057,,d3,22:09.1,03:42.1,DACIA_SPRING,Dacia Spring 33 kW,33000,139,03:02.3,5.6,9,40,NE,-5.746276150486921,-0.3217926258724291,303,108,,,,0.0,1.0,242.0,60,291,12,25,2
02:50.2,,,74,,98.5,,,,,,,57,-1.9734352,43.267803,74.43469,17.033395268989317,02:49.9,6,0.2269999999999999,0101000020E61000004C67CCC93093FFBFD5D33F6F47A24540,20230421_DACIA_ULIA_HERNANI_057,,d3,22:09.1,03:42.1,DACIA_SPRING,Dacia Spring 33 kW,33000,139,03:02.3,5.6,9,40,NE,-5.532040360216385,-2.0719705689548014,303,108,,,,0.0,1.0,242.0,60,291,12,55,2
02:55.8,,,74,,98.5,,,,,,,57,-1.9726889,43.267776,71.58783000000001,17.093962792309604,02:56.0,6,-0.139,0101000020E6100000E922AE312290FFBF8356DC8F46A24540,20230421_DACIA_ULIA_HERNANI_057,,d3,22:09.1,03:42.1,DACIA_SPRING,Dacia Spring 33 kW,33000,139,03:02.3,5.6,9,40,NE,-5.545759692376353,-1.9611595501768408,303,108,,,,0.0,1.0,242.0,60,291,12,25,2
03:01.6,,,74,,98.5,,,,,,,57,-1.9719296,43.26775,68.41138000000001,17.15559129373512,03:02.0,6,-0.359,0101000020E6100000157A37F5058DFFBF89DCC2A945A24540,20230421_DACIA_ULIA_HERNANI_057,,d3,22:09.1,03:42.1,DACIA_SPRING,Dacia Spring 33 kW,33000,139,03:02.3,5.6,9,40,NE,-3.8003276189457065,-15.022733778422708,303,108,,,,0.0,1.0,242.0,60,291,12,25,2
03:07.1,,,74,,98.5,,,,,,,57,-1.9712738,43.267574,67.04053,17.212198157539632,03:07.0,6,0.142,0101000020E61000000931B862568AFFBF03347CD13FA24540,20230421_DACIA_ULIA_HERNANI_057,,d3,22:09.1,03:42.1,DACIA_SPRING,Dacia Spring 33 kW,33000,139,03:02.3,5.6,9,40,NE,-4.79716749037004,-7.790362049578127,303,108,,,,0.0,1.0,242.0,60,291,12,25,1
03:12.6,,,74,,98.5,,,,,,,57,-1.9704113,43.267456,64.555176,17.283298328615224,03:13.0,6,-0.382,0101000020E610000073E58102CE86FFBF7059E8F73BA24540,20230421_DACIA_ULIA_HERNANI_057,,d3,22:09.1,03:42.1,DACIA_SPRING,Dacia Spring 33 kW,33000,139,03:02.3,5.6,9,40,NE,-4.540397260167816,-9.702590655638692,303,108,,,,0.0,1.0,242.0,60,291,12,8,1
03:18.3,,,75,,98.5,,,,,,,57,-1.9697621,43.267345,64.50873,17.337292427137026,03:18.1,6,0.185,0101000020E6100000643C6B332584FFBFFBF76C5F38A24540,20230421_DACIA_ULIA_HERNANI_057,,d3,22:09.1,03:42.1,DACIA_SPRING,Dacia Spring 33 kW,33000,139,03:02.3,5.6,9,40,NE,-4.427402558103688,-10.532247933071371,303,108,,,,0.0,1.0,242.0,60,291,12,55,1
03:24.0,,,75,,98.5,,,,,,,57,-1.9689822,43.2672,56.59906,17.402943605150174,03:24.1,6,-0.1009999999999999,0101000020E6100000ADAAD18AF380FFBF691C2C9433A24540,20230421_DACIA_ULIA_HERNANI_057,,d3,22:09.1,03:42.1,DACIA_SPRING,Dacia Spring 33 kW,33000,139,03:02.3,5.6,9,40,NE,-5.707641870972952,-0.6406268206525183,303,108,,,,0.0,1.0,242.0,60,291,12,55,1
03:29.6,,,75,,98.5,,,,,,,57,-1.9687139,43.267197,45.564026,17.42731174672029,03:29.2,6,0.44,0101000020E610000013801C20DA7FFFBFFD05CC8D33A24540,20230421_DACIA_ULIA_HERNANI_057,,d3,22:09.1,03:42.1,DACIA_SPRING,Dacia Spring 33 kW,33000,139,03:02.3,5.6,9,40,NE,1.6572116030101625,-50.61068319719484,303,108,,,,0.0,1.0,242.0,60,291,12,55,1
03:35.8,,,75,,98.5,,,,,,,57,-1.9685193,43.26696,41.88025,17.458236287621666,03:36.1,6,-0.265,0101000020E6100000DBB05C250E7FFFBF194FA9B72BA24540,20230421_DACIA_ULIA_HERNANI_057,,d3,22:09.1,03:42.1,DACIA_SPRING,Dacia Spring 33 kW,33000,139,03:02.3,5.6,9,40,NE,5.785088487178856,180.0,303,108,,,,0.0,1.0,242.0,60,291,12,55,1
03:41.5,,,75,,98.5,,,,,,,57,-1.9685681,43.26696,46.80652,17.464551400652343,03:41.1,6,0.384,0101000020E6100000F098893B417FFFBF5B7BC0B82BA24540,20230421_DACIA_ULIA_HERNANI_057,,d3,22:09.1,03:42.1,DACIA_SPRING,Dacia Spring 33 kW,33000,139,03:02.3,5.6,9,40,NE,,,303,108,,,,0.0,1.0,242.0,60,291,12,55,1
