timestamp_data_utc,elv_spy,speed,soc,amb_temp,soh,regenwh,Motor Pwr(w),Aux Pwr(100w),Motor Temp,Torque Nm,rpm,route_id,longitude,latitude,altitude,cumul_dist,timestamp_gps_utc,car_id,time_diff,point_geom,route_code,route_description,driver,start_timestamp,end_timestamp,car_code,car_description,capacity,ref_consumption,timestamp_weather_utc,wind_mph,wind_kph,wind_degree,wind_dir,Frontal_Wind,Veh_deg,totalVehicles,speedAvg,cars_by_speed_interval_0_80,cars_by_speed_interval_80_100,cars_by_speed_interval_100_120,cars_by_speed_interval_0_50,cars_by_speed_interval_50_80,cars_by_speed_interval_80_120,cars_by_speed_interval_120_inf,cars_by_length_interval_0_7,cars_by_length_interval_7_inf,max_speed,radius
01:41.3,,,92,,98.5,,,,,,,55,-1.9858317,43.293423,174.3695,0.0,01:41.4,6,-0.11,0101000020E61000002E5F8F70F7C5FFBF8169A4E78EA54540,20230421_DACIA_DONOSTIA_ULIA_055,,d4,01:37.4,06:35.4,DACIA_SPRING,Dacia Spring 33 kW,33000,139,00:55.9,2.2,3.6,113,ESE,-2.726582512090725,-63.7658805597852,400,100,20.0,147.0,215.0,,,,18,350,50,25,2
01:46.9,,,92,,98.5,,,,,,,55,-1.9853936,43.292534,175.4342,0.1050243793538565,01:46.5,6,0.415,0101000020E610000072F3322F2CC4FFBF96E84DC171A54540,20230421_DACIA_DONOSTIA_ULIA_055,,d4,01:37.4,06:35.4,DACIA_SPRING,Dacia Spring 33 kW,33000,139,00:55.9,2.2,3.6,113,ESE,-1.9187817258800792,-80.79196599811453,400,100,20.0,147.0,215.0,,,,18,350,50,8,2
01:52.4,,,92,,98.5,,,,,,,55,-1.9852383,43.291576,178.65057,0.2123363123585386,01:52.5,6,-0.081,0101000020E6100000B47C973189C3FFBFF43A7F6652A54540,20230421_DACIA_DONOSTIA_ULIA_055,,d4,01:37.4,06:35.4,DACIA_SPRING,Dacia Spring 33 kW,33000,139,00:55.9,2.2,3.6,113,ESE,-3.593959783928121,-19.680494757956065,400,100,20.0,147.0,215.0,,,,18,350,50,8,2
01:57.9,,,92,,98.5,,,,,,,55,-1.9848301,43.29143,175.95782,0.2492459527015881,01:57.5,6,0.357,0101000020E61000008940583ADDC1FFBF73C6E6994DA54540,20230421_DACIA_DONOSTIA_ULIA_055,,d4,01:37.4,06:35.4,DACIA_SPRING,Dacia Spring 33 kW,33000,139,00:55.9,2.2,3.6,113,ESE,-3.5913777852380555,-19.03372779888856,400,100,20.0,147.0,215.0,,,,18,350,50,25,2
02:03.3,,,92,,98.5,,,,,,,55,-1.9843953,43.29128,176.0708,0.2881897422600405,02:03.5,6,-0.188,0101000020E6100000AE03733615C0FFBF4CFDBCA948A54540,20230421_DACIA_DONOSTIA_ULIA_055,,d4,01:37.4,06:35.4,DACIA_SPRING,Dacia Spring 33 kW,33000,139,00:55.9,2.2,3.6,113,ESE,-3.1542198967989736,-51.81599064690587,400,100,20.0,147.0,215.0,,,,18,350,50,25,2
02:08.9,,,92,,98.5,,,,,,,55,-1.9839942,43.29077,166.7232,0.3541990184615568,02:08.6,6,0.317,0101000020E6100000973B33C170BEFFBFDDD2E60F38A54540,20230421_DACIA_DONOSTIA_ULIA_055,,d4,01:37.4,06:35.4,DACIA_SPRING,Dacia Spring 33 kW,33000,139,00:55.9,2.2,3.6,113,ESE,-3.092274114734824,-53.79942541358964,400,100,20.0,147.0,215.0,,,,18,350,50,25,2
02:15.5,,,92,,98.5,,,,,,,55,-1.9838405,43.29056,165.64996000000002,0.3806786757146442,02:15.6,6,-0.124,0101000020E61000001FE1EE8BCFBDFFBFCF085F2D31A54540,20230421_DACIA_DONOSTIA_ULIA_055,,d4,01:37.4,06:35.4,DACIA_SPRING,Dacia Spring 33 kW,33000,139,00:55.9,2.2,3.6,113,ESE,-2.662525880394908,19.30345396909011,400,100,20.0,147.0,215.0,,,,18,350,50,25,2
02:20.9,,,92,,98.5,,,,,,,55,-1.9836692,43.29062,166.17236,0.39607379758684924,02:20.6,6,0.272,0101000020E6100000FE1F92E71BBDFFBF27799E0D33A54540,20230421_DACIA_DONOSTIA_ULIA_055,,d4,01:37.4,06:35.4,DACIA_SPRING,Dacia Spring 33 kW,33000,139,03:40.7,2.2,3.6,113,ESE,-2.584102896442225,-67.12633480954203,400,100,20.0,147.0,215.0,,,,18,350,50,25,2
02:26.4,,,92,,98.5,,,,,,,55,-1.9835342,43.2903,166.16016000000002,0.43329603487630014,02:26.6,6,-0.253,0101000020E61000009359D6608EBCFFBFC2FFF38728A54540,20230421_DACIA_DONOSTIA_ULIA_055,,d4,01:37.4,06:35.4,DACIA_SPRING,Dacia Spring 33 kW,33000,139,03:40.7,2.2,3.6,113,ESE,-2.171148567685476,-75.90798518766803,400,100,20.0,147.0,215.0,,,,18,350,50,25,2
02:31.8,,,92,,98.5,,,,,,,55,-1.9834614,43.29001,165.06146,0.4660948850571816,02:31.6,6,0.1889999999999999,0101000020E61000001AAAFFFF41BCFFBFAF1AB6F31EA54540,20230421_DACIA_DONOSTIA_ULIA_055,,d4,01:37.4,06:35.4,DACIA_SPRING,Dacia Spring 33 kW,33000,139,03:40.7,2.2,3.6,113,ESE,-2.3036889677445176,-73.21462266852969,400,100,20.0,147.0,215.0,,,,18,350,50,25,2
02:37.4,,,92,,98.5,,,,,,,55,-1.9832774,43.2894,160.7912,0.5356706471127114,02:37.6,6,-0.266,0101000020E6100000D080592581BBFFBF1E7E48090BA54540,20230421_DACIA_DONOSTIA_ULIA_055,,d4,01:37.4,06:35.4,DACIA_SPRING,Dacia Spring 33 kW,33000,139,03:40.7,2.2,3.6,113,ESE,-3.3734772074334405,-43.43366777045558,400,100,20.0,147.0,215.0,,,,18,350,50,25,2
02:42.9,,,92,,98.5,,,,,,,55,-1.9829975,43.289135,157.12921,0.573019463875389,02:42.7,6,0.191,0101000020E6100000D1CB28965BBAFFBF9AFCC35402A54540,20230421_DACIA_DONOSTIA_ULIA_055,,d4,01:37.4,06:35.4,DACIA_SPRING,Dacia Spring 33 kW,33000,139,03:40.7,2.2,3.6,113,ESE,-2.056826564799279,32.156229278631194,400,100,20.0,147.0,215.0,,,,18,350,50,25,2
02:48.5,,,92,,98.5,,,,,,,55,-1.9828782,43.28921,155.02307,0.5859509743966357,02:48.7,6,-0.2019999999999999,0101000020E610000029008C88DEB9FFBF1BBB02D904A54540,20230421_DACIA_DONOSTIA_ULIA_055,,d4,01:37.4,06:35.4,DACIA_SPRING,Dacia Spring 33 kW,33000,139,03:40.7,2.2,3.6,113,ESE,-3.4129147796472754,-41.55261314713994,400,100,20.0,147.0,215.0,,,,18,350,50,25,2
02:54.0,,,91,,98.5,,,,,,,55,-1.9827462,43.289093,156.7721,0.6028761369782967,02:53.7,6,0.32,0101000020E6100000DB4A541454B9FFBFD093190C01A54540,20230421_DACIA_DONOSTIA_ULIA_055,,d4,01:37.4,06:35.4,DACIA_SPRING,Dacia Spring 33 kW,33000,139,03:40.7,2.2,3.6,113,ESE,-2.319278537032046,-72.89098032176659,400,100,20.0,147.0,215.0,,,,18,350,50,25,2
03:00.7,,,91,,98.5,,,,,,,55,-1.9826674,43.288837,156.44128,0.6320496883115992,03:00.7,6,-0.073,0101000020E6100000231CAB7B01B9FFBFEC0DA593F8A44540,20230421_DACIA_DONOSTIA_ULIA_055,,d4,01:37.4,06:35.4,DACIA_SPRING,Dacia Spring 33 kW,33000,139,03:40.7,2.2,3.6,113,ESE,0.8412274639524068,-126.5134899177769,400,100,20.0,147.0,215.0,,,,18,350,50,25,2
03:06.2,,,91,,98.5,,,,,,,55,-1.9830768,43.288284,156.1695,0.701901229703283,03:05.8,6,0.418,0101000020E6100000B8E224C5AEBAFFBF90A88A88E6A44540,20230421_DACIA_DONOSTIA_ULIA_055,,d4,01:37.4,06:35.4,DACIA_SPRING,Dacia Spring 33 kW,33000,139,03:40.7,2.2,3.6,113,ESE,1.2699477475691938,-133.65642207559264,400,100,20.0,147.0,215.0,,,,18,350,50,25,2
03:11.7,,,91,,98.5,,,,,,,55,-1.9832371,43.288116,152.65729,0.7249153503566472,03:11.8,6,-0.09,0101000020E61000000F6C4BD356BBFFBF2EBF1DF2E0A44540,20230421_DACIA_DONOSTIA_ULIA_055,,d4,01:37.4,06:35.4,DACIA_SPRING,Dacia Spring 33 kW,33000,139,03:40.7,2.2,3.6,113,ESE,0.8188816116438492,-126.1479959014574,400,100,20.0,147.0,215.0,,,,18,350,50,25,2
03:17.2,,,91,,98.5,,,,,,,55,-1.9834431,43.287834,152.69269,0.7604297904684152,03:16.8,6,0.391,0101000020E6100000596F50D22EBCFFBFC7D056CAD7A44540,20230421_DACIA_DONOSTIA_ULIA_055,,d4,01:37.4,06:35.4,DACIA_SPRING,Dacia Spring 33 kW,33000,139,03:40.7,2.2,3.6,113,ESE,-2.9294529143181443,-58.5373377609577,400,100,20.0,147.0,215.0,,,,18,350,50,25,2
03:22.8,,,91,,98.5,,,,,,,55,-1.9832889,43.287582,151.01703,0.7911506138247826,03:22.8,6,-0.093,0101000020E61000009A18FD2E8DBBFFBF90E53476CFA44540,20230421_DACIA_DONOSTIA_ULIA_055,,d4,01:37.4,06:35.4,DACIA_SPRING,Dacia Spring 33 kW,33000,139,03:40.7,2.2,3.6,113,ESE,-2.575245743616073,21.328434433890504,400,100,20.0,147.0,215.0,,,,18,350,50,25,2
03:28.4,,,91,,98.5,,,,,,,55,-1.9830123,43.287690000000005,151.08704,0.8165564889361642,03:28.9,6,-0.481,0101000020E61000004C6ACB2D6BBAFFBFD681410CD3A44540,20230421_DACIA_DONOSTIA_ULIA_055,,d4,01:37.4,06:35.4,DACIA_SPRING,Dacia Spring 33 kW,33000,139,03:40.7,2.2,3.6,113,ESE,-2.6467751882565755,19.67458565382209,400,100,20.0,147.0,215.0,,,,18,350,50,25,2
03:34.0,,,91,,98.5,,,,,,,55,-1.9826627,43.287815,158.02087,0.8488363255494684,03:33.9,6,0.0559999999999999,0101000020E610000025FCF785FCB8FFBF0F330B1FD7A44540,20230421_DACIA_DONOSTIA_ULIA_055,,d4,01:37.4,06:35.4,DACIA_SPRING,Dacia Spring 33 kW,33000,139,03:40.7,2.2,3.6,113,ESE,-3.2433011591050964,2.7211356917791827,400,100,20.0,147.0,215.0,,,,18,350,50,25,2
03:39.5,,,91,,98.5,,,,,,,55,-1.9825575,43.28782,159.1206,0.8574400082805754,03:40.0,6,-0.497,0101000020E6100000FF6BED3B8EB8FFBF15127A47D7A44540,20230421_DACIA_DONOSTIA_ULIA_055,,d4,01:37.4,06:35.4,DACIA_SPRING,Dacia Spring 33 kW,33000,139,03:40.7,2.2,3.6,113,ESE,-3.5675804155716944,-15.304859409854378,400,100,20.0,147.0,215.0,,,,18,350,50,25,2
03:44.9,,,91,,98.5,,,,,,,55,-1.9824698,43.287796,161.21063,0.8653063267698502,03:44.9,6,-0.026,0101000020E61000007BE5304E32B8FFBFE009E67DD6A44540,20230421_DACIA_DONOSTIA_ULIA_055,,d4,01:37.4,06:35.4,DACIA_SPRING,Dacia Spring 33 kW,33000,139,03:40.7,2.2,3.6,113,ESE,-1.8679892143771504,35.742450973684186,400,100,20.0,147.0,215.0,,,,18,350,50,25,2
03:50.4,,,91,,98.5,,,,,,,55,-1.982417,43.287834,160.84589,0.8713272417757252,03:50.0,6,0.441,0101000020E6100000502902DEFAB7FFBFC765BBC6D7A44540,20230421_DACIA_DONOSTIA_ULIA_055,,d4,01:37.4,06:35.4,DACIA_SPRING,Dacia Spring 33 kW,33000,139,03:40.7,2.2,3.6,113,ESE,-2.89556597381706,13.454990718751228,400,100,20.0,147.0,215.0,,,,18,350,50,25,2
03:55.8,,,91,,98.5,,,,,,,55,-1.9820659,43.287918,163.23956,0.9013367790776264,03:56.0,6,-0.181,0101000020E61000000070CBCB8AB6FFBFC0CA257EDAA44540,20230421_DACIA_DONOSTIA_ULIA_055,,d4,01:37.4,06:35.4,DACIA_SPRING,Dacia Spring 33 kW,33000,139,03:40.7,2.2,3.6,113,ESE,-2.8738098648841413,14.033783788425527,400,100,20.0,147.0,215.0,,,,18,350,50,25,2
04:01.3,,,91,,98.5,,,,,,,55,-1.9815178,43.288055,165.37438999999998,0.9482915283800362,04:01.0,6,0.272,0101000020E6100000E51137024CB4FFBFD537D5FFDEA44540,20230421_DACIA_DONOSTIA_ULIA_055,,d4,01:37.4,06:35.4,DACIA_SPRING,Dacia Spring 33 kW,33000,139,03:40.7,2.2,3.6,113,ESE,-1.9203299990357656,34.76283830300082,20,97,,,,0.0,4.0,14.0,2,20,0,25,2
04:07.1,,,91,,98.5,,,,,,,55,-1.9810164,43.288403,169.60626000000002,1.0045258081803703,04:07.1,6,0.0,0101000020E6100000396FAD403EB2FFBF0525585EEAA44540,20230421_DACIA_DONOSTIA_ULIA_055,,d4,01:37.4,06:35.4,DACIA_SPRING,Dacia Spring 33 kW,33000,139,03:40.7,2.2,3.6,113,ESE,-2.5190076319631243,22.59510788011265,20,97,,,,0.0,4.0,14.0,2,20,0,25,2
04:12.8,,,91,,98.5,,,,,,,55,-1.9806055,43.288574,168.66467,1.0428473584994102,04:13.1,6,-0.3,0101000020E61000008D14C2518FB0FFBFBBE256FFEFA44540,20230421_DACIA_DONOSTIA_ULIA_055,,d4,01:37.4,06:35.4,DACIA_SPRING,Dacia Spring 33 kW,33000,139,03:40.7,2.2,3.6,113,ESE,-0.4058383830060039,60.52712151639891,111,109,,,,0.0,0.0,87.0,24,107,4,25,2
04:18.3,,,91,,98.5,,,,,,,55,-1.9803574,43.289013,167.60107,1.0956417186033722,04:18.1,6,0.183,0101000020E61000003CE057388BAFFFBF195BC655FEA44540,20230421_DACIA_DONOSTIA_ULIA_055,,d4,01:37.4,06:35.4,DACIA_SPRING,Dacia Spring 33 kW,33000,139,03:40.7,2.2,3.6,113,ESE,0.5143867093800982,75.21483474921396,301,72,,,,0.0,246.0,54.0,1,229,72,25,2
04:23.9,,,91,,98.5,,,,,,,55,-1.9802125,43.289562,166.3606,1.1578164863200426,04:24.1,6,-0.238,0101000020E610000084239232F3AEFFBFDAFB1A6A10A54540,20230421_DACIA_DONOSTIA_ULIA_055,,d4,01:37.4,06:35.4,DACIA_SPRING,Dacia Spring 33 kW,33000,139,03:40.7,2.2,3.6,113,ESE,1.3057847385593797,88.26721078175159,301,72,,,,0.0,246.0,54.0,1,229,72,25,2
04:29.6,,,91,,98.5,,,,,,,55,-1.9802053,43.2898,166.67859,1.1842892042598252,04:29.1,6,0.487,0101000020E6100000523E0CC6EBAEFFBF23EA2E1E18A54540,20230421_DACIA_DONOSTIA_ULIA_055,,d4,01:37.4,06:35.4,DACIA_SPRING,Dacia Spring 33 kW,33000,139,03:40.7,2.2,3.6,113,ESE,1.5124722033192008,91.84286892332548,301,72,,,,0.0,246.0,54.0,1,229,72,25,2
04:35.3,,,91,,98.5,,,,,,,55,-1.9802266,43.290462,167.72644,1.2579278863471606,04:35.2,6,0.108,0101000020E6100000ED4A681E02AFFFBF18961ED12DA54540,20230421_DACIA_DONOSTIA_ULIA_055,,d4,01:37.4,06:35.4,DACIA_SPRING,Dacia Spring 33 kW,33000,139,03:40.7,2.2,3.6,113,ESE,-3.378613920866292,-2.801799460349364,301,72,,,,0.0,246.0,54.0,1,229,72,25,2
04:40.8,,,91,,98.5,,,,,,,55,-1.9799201,43.290447,162.95093,1.2832456542059074,04:41.2,6,-0.382,0101000020E61000002CDE9FBDC0ADFFBF951E55662DA54540,20230421_DACIA_DONOSTIA_ULIA_055,,d4,01:37.4,06:35.4,DACIA_SPRING,Dacia Spring 33 kW,33000,139,03:40.7,2.2,3.6,113,ESE,-3.3733707437031395,-2.56147940820243,301,72,,,,0.0,246.0,54.0,1,229,72,25,2
04:46.6,,,91,,98.5,,,,,,,55,-1.9795848000000005,43.290432,164.39197,1.3104733195188114,04:46.2,6,0.415,0101000020E610000051261C1761ACFFBFB3C4D2D92CA54540,20230421_DACIA_DONOSTIA_ULIA_055,,d4,01:37.4,06:35.4,DACIA_SPRING,Dacia Spring 33 kW,33000,139,03:40.7,2.2,3.6,113,ESE,-3.461380942575216,-38.95149333921492,301,72,,,,0.0,246.0,54.0,1,229,72,25,2
04:52.3,,,91,,98.5,,,,,,,55,-1.9790504,43.29,160.9516,1.3752046321762272,04:52.3,6,-0.003,0101000020E61000009A3226B330AAFFBF6D7FBAC31EA54540,20230421_DACIA_DONOSTIA_ULIA_055,,d4,01:37.4,06:35.4,DACIA_SPRING,Dacia Spring 33 kW,33000,139,05:56.0,2.2,3.6,113,ESE,-3.4928249494669847,-37.01575833523516,301,72,,,,0.0,246.0,54.0,1,229,72,25,2
04:57.7,,,91,,98.5,,,,,,,55,-1.9788183,43.289825,159.9107,1.4022720288846935,04:57.3,6,0.3979999999999999,0101000020E6100000D57398503DA9FFBF17F4BD0A19A54540,20230421_DACIA_DONOSTIA_ULIA_055,,d4,01:37.4,06:35.4,DACIA_SPRING,Dacia Spring 33 kW,33000,139,05:56.0,2.2,3.6,113,ESE,-1.6602996175400553,-85.5357971483422,301,72,,,,0.0,246.0,54.0,1,229,72,25,2
05:03.2,,,91,,98.5,,,,,,,55,-1.9787948,43.289524,150.95135,1.4369722703730827,05:03.3,6,-0.088,0101000020E61000001D1693CC24A9FFBFF25E73160FA54540,20230421_DACIA_DONOSTIA_ULIA_055,,d4,01:37.4,06:35.4,DACIA_SPRING,Dacia Spring 33 kW,33000,139,05:56.0,2.2,3.6,113,ESE,-3.517099166907382,-10.680224900294093,301,72,,,,0.0,246.0,54.0,1,229,72,55,2
05:08.8,,,91,,98.5,,,,,,,55,-1.9785721,43.289482,146.32245,1.456159219016332,05:08.3,6,0.449,0101000020E6100000059EFF473BA8FFBF3A5D71CC0DA54540,20230421_DACIA_DONOSTIA_ULIA_055,,d4,01:37.4,06:35.4,DACIA_SPRING,Dacia Spring 33 kW,33000,139,05:56.0,2.2,3.6,113,ESE,-2.9205099608956817,12.781488670488711,301,72,,,,0.0,246.0,54.0,1,229,72,55,2
05:14.3,,,91,,98.5,,,,,,,55,-1.9780828,43.289593,148.0033,1.4976752695102187,05:14.3,6,-0.027,0101000020E61000007749BD233AA6FFBFD321A25E11A54540,20230421_DACIA_DONOSTIA_ULIA_055,,d4,01:37.4,06:35.4,DACIA_SPRING,Dacia Spring 33 kW,33000,139,05:56.0,2.2,3.6,113,ESE,-2.102484196717952,31.265973225514177,301,72,,,,0.0,246.0,54.0,1,229,72,55,2
05:19.7,,,91,,98.5,,,,,,,55,-1.9775492,43.289917,145.80927,1.553960527969287,05:19.4,6,0.331,0101000020E61000002A80949E0AA4FFBF2D13130E1CA54540,20230421_DACIA_DONOSTIA_ULIA_055,,d4,01:37.4,06:35.4,DACIA_SPRING,Dacia Spring 33 kW,33000,139,05:56.0,2.2,3.6,113,ESE,-2.299803441503855,27.295049789594625,25,100,,,,0.0,2.0,21.0,2,24,1,25,1
05:25.2,,,91,,98.5,,,,,,,55,-1.9767101,43.29035,141.52753,1.637320812062681,05:25.4,6,-0.173,0101000020E6100000B7FC55BA9AA0FFBF7920913A2AA54540,20230421_DACIA_DONOSTIA_ULIA_055,,d4,01:37.4,06:35.4,DACIA_SPRING,Dacia Spring 33 kW,33000,139,05:56.0,2.2,3.6,113,ESE,-2.431925280383543,24.50430571641101,25,100,,,,0.0,2.0,21.0,2,24,1,25,1
05:30.6,,,91,,98.5,,,,,,,55,-1.9761024,43.290627,136.71399,1.6955539145752676,05:30.4,6,0.1889999999999999,0101000020E61000003E5D7A871D9EFFBFA424B93633A54540,20230421_DACIA_DONOSTIA_ULIA_055,,d4,01:37.4,06:35.4,DACIA_SPRING,Dacia Spring 33 kW,33000,139,05:56.0,2.2,3.6,113,ESE,-2.118677377338661,30.947841038467768,25,100,,,,0.0,2.0,21.0,2,24,1,40,1
05:36.1,,,91,,98.5,,,,,,,55,-1.975467,43.291008000000005,133.3858,1.7622671655539464,05:36.4,6,-0.377,0101000020E6100000583CF548839BFFBF0F3E5ABD3FA54540,20230421_DACIA_DONOSTIA_ULIA_055,,d4,01:37.4,06:35.4,DACIA_SPRING,Dacia Spring 33 kW,33000,139,05:56.0,2.2,3.6,113,ESE,-3.425201284825509,-5.072132874120139,25,100,,,,0.0,2.0,21.0,2,24,1,40,1
05:41.6,,,91,,98.5,,,,,,,55,-1.975298,43.290993,138.33295,1.7769079246415111,05:41.6,6,0.0069999999999999,0101000020E6100000946B862BD29AFFBF86BD58313FA54540,20230421_DACIA_DONOSTIA_ULIA_055,,d4,01:37.4,06:35.4,DACIA_SPRING,Dacia Spring 33 kW,33000,139,05:56.0,2.2,3.6,113,ESE,-1.4066320625613855,-90.0,25,100,,,,0.0,2.0,21.0,2,24,1,40,1
05:47.1,,,91,,98.5,,,,,,,55,-1.975298,43.290962,137.57837,1.7804365921706298,05:47.5,6,-0.356,0101000020E61000006B406B1BD29AFFBF6F50144B3EA54540,20230421_DACIA_DONOSTIA_ULIA_055,,d4,01:37.4,06:35.4,DACIA_SPRING,Dacia Spring 33 kW,33000,139,05:56.0,2.2,3.6,113,ESE,-3.313817472428785,0.0,25,100,,,,0.0,2.0,21.0,2,24,1,40,1
05:52.7,,,91,,98.5,,,,,,,55,-1.975115,43.290962,136.72118999999998,1.7952727852270323,05:52.5,6,0.16,0101000020E6100000FD084F2A129AFFBF4B9583343EA54540,20230421_DACIA_DONOSTIA_ULIA_055,,d4,01:37.4,06:35.4,DACIA_SPRING,Dacia Spring 33 kW,33000,139,05:56.0,2.2,3.6,113,ESE,-2.48673730111554,23.309671762080363,25,100,,,,0.0,2.0,21.0,2,24,1,40,1
05:58.2,,,91,,98.5,,,,,,,55,-1.974804,43.291096,136.86578,1.8245238981091172,05:58.6,6,-0.315,0101000020E6100000C15AEF16CC98FFBFA85D02A642A54540,20230421_DACIA_DONOSTIA_ULIA_055,,d4,01:37.4,06:35.4,DACIA_SPRING,Dacia Spring 33 kW,33000,139,05:56.0,2.2,3.6,113,ESE,-2.3288564026014424,26.691376796631367,25,100,,,,0.0,2.0,21.0,2,24,1,40,1
06:03.8,,,91,,98.5,,,,,,,55,-1.9744778000000005,43.29126,136.95587,1.8566112015895533,06:03.6,6,0.14,0101000020E610000035D99A087697FFBF466605F147A54540,20230421_DACIA_DONOSTIA_ULIA_055,,d4,01:37.4,06:35.4,DACIA_SPRING,Dacia Spring 33 kW,33000,139,05:56.0,2.2,3.6,113,ESE,-2.5722225783104515,21.39724905711069,25,100,,,,0.0,2.0,21.0,2,24,1,40,1
06:13.1,,,91,,98.5,,,,,,,55,-1.9737964,43.291527,137.57501000000002,1.9192476852883187,06:12.2,6,0.904,0101000020E6100000A8D73573AB94FFBF7D3339CE50A54540,20230421_DACIA_DONOSTIA_ULIA_055,,d4,01:37.4,06:35.4,DACIA_SPRING,Dacia Spring 33 kW,33000,139,05:56.0,2.2,3.6,113,ESE,-2.677914964506851,18.93827359219189,25,100,,,,0.0,2.0,21.0,2,24,1,40,1
06:18.6,,,91,,98.5,,,,,,,55,-1.9731086,43.291763,141.44531,1.9809121418690918,06:18.6,6,-0.071,0101000020E610000037AA9165DA91FFBF8B65C07A58A54540,20230421_DACIA_DONOSTIA_ULIA_055,,d4,01:37.4,06:35.4,DACIA_SPRING,Dacia Spring 33 kW,33000,139,05:56.0,2.2,3.6,113,ESE,-2.2381440486259483,28.55912730541729,25,100,,,,0.0,2.0,21.0,2,24,1,55,1
06:24.0,,,91,,98.5,,,,,,,55,-1.9726548,43.29201,143.65088,2.0268270808742965,06:23.7,6,0.3939999999999999,0101000020E6100000A72CB772FE8FFFBF3A023C9260A54540,20230421_DACIA_DONOSTIA_ULIA_055,,d4,01:37.4,06:35.4,DACIA_SPRING,Dacia Spring 33 kW,33000,139,05:56.0,2.2,3.6,113,ESE,-1.902960133276292,35.08908631616273,25,100,,,,0.0,2.0,21.0,2,24,1,8,1
06:29.5,,,91,,98.5,,,,,,,55,-1.9722235,43.292313,144.53467,2.07534981252735,06:29.7,6,-0.135,0101000020E6100000B9384B453A8EFFBF7C1F16836AA54540,20230421_DACIA_DONOSTIA_ULIA_055,,d4,01:37.4,06:35.4,DACIA_SPRING,Dacia Spring 33 kW,33000,139,05:56.0,2.2,3.6,113,ESE,-2.310220621209844,27.079210590652448,25,100,,,,0.0,2.0,21.0,2,24,1,30,1
06:35.1,,,91,,98.5,,,,,,,55,-1.9719262,43.292465,144.42566000000002,2.1047547829136097,06:34.7,6,0.379,0101000020E61000006AD0027A028DFFBF3EC40E7C6FA54540,20230421_DACIA_DONOSTIA_ULIA_055,,d4,01:37.4,06:35.4,DACIA_SPRING,Dacia Spring 33 kW,33000,139,05:56.0,2.2,3.6,113,ESE,-1.3088423591561205,45.68056018184832,25,100,,,,0.0,2.0,21.0,2,24,1,30,1
06:40.6,,,91,,98.5,,,,,,,55,-1.9718139,43.29258,142.59912,2.120549192181185,06:40.7,6,-0.142,0101000020E6100000A6F07FCB8C8CFFBF2A8BE33C73A54540,20230421_DACIA_DONOSTIA_ULIA_055,,d4,01:37.4,06:35.4,DACIA_SPRING,Dacia Spring 33 kW,33000,139,05:56.0,2.2,3.6,113,ESE,-3.313817472428785,0.0,25,100,,,,0.0,2.0,21.0,2,24,1,25,1
06:46.1,,,91,,98.5,,,,,,,55,-1.9718022,43.29258,142.39307,2.1215182846644827,06:45.7,6,0.392,0101000020E610000083A5DB8E808CFFBF7ECA104B73A54540,20230421_DACIA_DONOSTIA_ULIA_055,,d4,01:37.4,06:35.4,DACIA_SPRING,Dacia Spring 33 kW,33000,139,05:56.0,2.2,3.6,113,ESE,-2.4681525426911537,23.71735100167439,25,100,,,,0.0,2.0,21.0,2,24,1,25,1
06:51.8,,,91,,98.5,,,,,,,55,-1.9715154,43.292706,143.14532,2.1486413077128637,06:51.8,6,0.018,0101000020E610000082930AB6538BFFBFE165236377A54540,20230421_DACIA_DONOSTIA_ULIA_055,,d4,01:37.4,06:35.4,DACIA_SPRING,Dacia Spring 33 kW,33000,139,05:56.0,2.2,3.6,113,ESE,-2.4005689408239217,25.17753542891004,25,100,,,,0.0,2.0,21.0,2,24,1,30,1
06:57.3,,,91,,98.5,,,,,,,55,-1.9711878,43.29286,143.83905,2.180211999144598,06:56.8,6,0.488,0101000020E6100000CCC6523DFC89FFBFC0BC74517CA54540,20230421_DACIA_DONOSTIA_ULIA_055,,d4,01:37.4,06:35.4,DACIA_SPRING,Dacia Spring 33 kW,33000,139,05:56.0,2.2,3.6,113,ESE,-3.0418699161142024,9.33193541849477,25,100,,,,0.0,2.0,21.0,2,24,1,30,1
07:02.8,,,91,,98.5,,,,,,,55,-1.9706888,43.292942,140.93958,2.221716003382516,07:02.8,6,0.006,0101000020E6100000A2E20700F187FFBFE92720167FA54540,20230421_DACIA_DONOSTIA_ULIA_055,,d4,01:37.4,06:35.4,DACIA_SPRING,Dacia Spring 33 kW,33000,139,05:56.0,2.2,3.6,113,ESE,-3.104535308321282,7.416159041096757,25,100,,,,0.0,2.0,21.0,2,24,1,8,1
07:08.4,,,91,,98.5,,,,,,,55,-1.9703354,43.292988,135.24866,2.2513239112384738,07:08.9,6,-0.446,0101000020E61000008ACEF06E7E86FFBFBEA23AA180A54540,20230421_DACIA_DONOSTIA_ULIA_055,,d4,01:37.4,06:35.4,DACIA_SPRING,Dacia Spring 33 kW,33000,139,05:56.0,2.2,3.6,113,ESE,-3.342003654094097,-1.1766413286459472,25,100,,,,0.0,2.0,21.0,2,24,1,8,1
07:13.9,,,91,,98.5,,,,,,,55,-1.9699459,43.29298,130.75983,2.2831781079038276,07:13.9,6,-0.032,0101000020E6100000843AF6FDE584FFBF95490D6D80A54540,20230421_DACIA_DONOSTIA_ULIA_055,,d4,01:37.4,06:35.4,DACIA_SPRING,Dacia Spring 33 kW,33000,139,05:56.0,2.2,3.6,113,ESE,-3.1718145844533283,5.229551511259851,25,100,,,,0.0,2.0,21.0,2,24,1,8,1
07:19.4,,,91,,98.5,,,,,,,55,-1.9695635,43.293015,131.21251999999998,2.314374274643941,07:18.9,6,0.492,0101000020E6100000FE84ED065583FFBF5ED8378381A54540,20230421_DACIA_DONOSTIA_ULIA_055,,d4,01:37.4,06:35.4,DACIA_SPRING,Dacia Spring 33 kW,33000,139,08:40.8,2.2,3.6,113,ESE,-2.6503198156306045,19.59129230949233,25,100,,,,0.0,2.0,21.0,2,24,1,8,1
07:24.8,,,91,,98.5,,,,,,,55,-1.969128,43.29317,129.75623000000002,2.3536362419565546,07:24.9,6,-0.079,0101000020E61000003BFC56678C81FFBFEBE0E4A786A54540,20230421_DACIA_DONOSTIA_ULIA_055,,d4,01:37.4,06:35.4,DACIA_SPRING,Dacia Spring 33 kW,33000,139,08:40.8,2.2,3.6,113,ESE,-2.1951555299884893,29.427456402650392,111,109,,,,0.0,0.0,87.0,24,107,4,8,1
07:30.6,,,91,,98.5,,,,,,,55,-1.968816,43.293346,130.92358000000002,2.385604775031797,07:31.0,6,-0.4029999999999999,0101000020E6100000EE76BD344580FFBF7DBDD2648CA54540,20230421_DACIA_DONOSTIA_ULIA_055,,d4,01:37.4,06:35.4,DACIA_SPRING,Dacia Spring 33 kW,33000,139,08:40.8,2.2,3.6,113,ESE,-2.4341657884706693,24.45592481708233,111,109,,,,0.0,0.0,87.0,24,107,4,8,1
07:36.0,,,91,,98.5,,,,,,,55,-1.9684554,43.29351,129.44324,2.4200501167429325,07:36.0,6,0.04,0101000020E610000074F53A14CB7EFFBFC7B4BAC591A54540,20230421_DACIA_DONOSTIA_ULIA_055,,d4,01:37.4,06:35.4,DACIA_SPRING,Dacia Spring 33 kW,33000,139,08:40.8,2.2,3.6,113,ESE,-2.6504081671676727,19.589214501079837,111,109,,,,0.0,0.0,87.0,24,107,4,8,1
07:41.5,,,91,,98.5,,,,,,,55,-1.9680058,43.29367,121.36511000000002,2.461351891246593,07:42.0,6,-0.467,0101000020E61000007270E998F37CFFBF898B0E0E97A54540,20230421_DACIA_DONOSTIA_ULIA_055,,d4,01:37.4,06:35.4,DACIA_SPRING,Dacia Spring 33 kW,33000,139,08:40.8,2.2,3.6,113,ESE,-2.8685582083920025,14.172337699900474,111,109,,,,0.0,0.0,87.0,24,107,4,25,1
07:47.1,,,91,,98.5,,,,,,,55,-1.9676692,43.293755,119.686035,2.4902358094638664,07:47.0,6,0.0819999999999999,0101000020E61000005CB610C3927BFFBFB1DFB0C099A54540,20230421_DACIA_DONOSTIA_ULIA_055,,d4,01:37.4,06:35.4,DACIA_SPRING,Dacia Spring 33 kW,33000,139,08:40.8,2.2,3.6,113,ESE,-2.685891989426047,18.747957843885235,111,109,,,,0.0,0.0,87.0,24,107,4,25,1
07:52.6,,,91,,98.5,,,,,,,55,-1.9674335,43.293835,121.18469,2.511337157816613,07:53.1,6,-0.431,0101000020E610000039E74C7F9B7AFFBF4533AA679CA54540,20230421_DACIA_DONOSTIA_ULIA_055,,d4,01:37.4,06:35.4,DACIA_SPRING,Dacia Spring 33 kW,33000,139,08:40.8,2.2,3.6,113,ESE,-3.1681249631463144,5.353449007669512,111,109,,,,0.0,0.0,87.0,24,107,4,55,1
07:58.1,,,91,,98.5,,,,,,,55,-1.9673588,43.293842,120.5166,2.5174692438509285,07:58.1,6,0.067,0101000020E6100000DE28473B4D7AFFBFDA8B2E909CA54540,20230421_DACIA_DONOSTIA_ULIA_055,,d4,01:37.4,06:35.4,DACIA_SPRING,Dacia Spring 33 kW,33000,139,08:40.8,2.2,3.6,113,ESE,-3.571388763521943,-15.771590544690278,111,109,,,,0.0,0.0,87.0,24,107,4,55,1
08:03.7,,,91,,98.5,,,,,,,55,-1.9672455,43.29381,120.96326,2.5273152491932183,08:04.1,6,-0.3929999999999999,0101000020E6100000510E2C68D679FFBF0434F8989BA54540,20230421_DACIA_DONOSTIA_ULIA_055,,d4,01:37.4,06:35.4,DACIA_SPRING,Dacia Spring 33 kW,33000,139,08:40.8,2.2,3.6,113,ESE,-0.2016712017752338,63.7886219738308,111,109,,,,0.0,0.0,87.0,24,107,4,30,1
08:09.4,,,91,,98.5,,,,,,,55,-1.9672391,43.293823,120.961426,2.528850783410622,08:09.1,6,0.237,0101000020E6100000A2672FB2CF79FFBF92203BF39BA54540,20230421_DACIA_DONOSTIA_ULIA_055,,d4,01:37.4,06:35.4,DACIA_SPRING,Dacia Spring 33 kW,33000,139,08:40.8,2.2,3.6,113,ESE,-1.7130323586947938,38.58579230315515,111,109,,,,0.0,0.0,87.0,24,107,4,30,1
08:15.0,,,91,,98.5,,,,,,,55,-1.9667666,43.2942,117.88043,2.585676549432113,08:15.1,6,-0.127,0101000020E6100000CFD0894EE077FFBF8C9CE867A8A54540,20230421_DACIA_DONOSTIA_ULIA_055,,d4,01:37.4,06:35.4,DACIA_SPRING,Dacia Spring 33 kW,33000,139,08:40.8,2.2,3.6,113,ESE,-0.8027501329557623,54.11551537110843,111,109,,,,0.0,0.0,87.0,24,107,4,55,1
08:20.5,,,91,,98.5,,,,,,,55,-1.9664953,43.294575,118.46777,2.632805955573648,08:20.2,6,0.363,0101000020E61000006031F2CBC376FFBFC1E3999FB4A54540,20230421_DACIA_DONOSTIA_ULIA_055,,d4,01:37.4,06:35.4,DACIA_SPRING,Dacia Spring 33 kW,33000,139,08:40.8,2.2,3.6,113,ESE,1.0146974092478451,83.37127011133917,111,109,,,,0.0,0.0,87.0,24,107,4,55,1
08:26.0,,,91,,98.5,,,,,,,55,-1.9664186,43.295235,118.79065,2.706457369291882,08:26.2,6,-0.14,0101000020E6100000A185A1617376FFBF210D3C31CAA54540,20230421_DACIA_DONOSTIA_ULIA_055,,d4,01:37.4,06:35.4,DACIA_SPRING,Dacia Spring 33 kW,33000,139,08:40.8,2.2,3.6,113,ESE,1.4022769314540564,89.92472091694295,111,109,,,,0.0,0.0,87.0,24,107,4,8,1
08:31.6,,,91,,98.5,,,,,,,55,-1.9664177,43.29592,120.97284,2.7826571817679575,08:31.2,6,0.382,0101000020E6100000BAD982527276FFBFFE1F2FBDE0A54540,20230421_DACIA_DONOSTIA_ULIA_055,,d4,01:37.4,06:35.4,DACIA_SPRING,Dacia Spring 33 kW,33000,139,08:40.8,2.2,3.6,113,ESE,1.933130690023661,99.47834078444694,111,109,,,,0.0,0.0,87.0,24,107,4,8,1
08:37.1,,,91,,98.5,,,,,,,55,-1.9665339,43.296616,122.43988,2.8606319098751314,08:37.2,6,-0.148,0101000020E6100000B1FE8D45EC76FFBF6AB08074F7A54540,20230421_DACIA_DONOSTIA_ULIA_055,,d4,01:37.4,06:35.4,DACIA_SPRING,Dacia Spring 33 kW,33000,139,08:40.8,2.2,3.6,113,ESE,2.1105959818236246,102.89323159241764,301,72,,,,0.0,246.0,54.0,1,229,72,8,1
08:42.6,,,91,,98.5,,,,,,,55,-1.9666804,43.297256,124.32611,2.9328021670942777,08:42.2,6,0.3289999999999999,0101000020E61000007AF2FADD8577FFBFAC04E67C0CA64540,20230421_DACIA_DONOSTIA_ULIA_055,,d4,01:37.4,06:35.4,DACIA_SPRING,Dacia Spring 33 kW,33000,139,08:40.8,2.2,3.6,113,ESE,3.024409055528375,124.15212024752384,301,72,,,,0.0,246.0,54.0,1,229,72,8,1
08:48.1,,,91,,98.5,,,,,,,55,-1.967082,43.297848,125.19104,3.006220734609361,08:48.3,6,-0.144,0101000020E61000005B9565042B79FFBF194583D21FA64540,20230421_DACIA_DONOSTIA_ULIA_055,,d4,01:37.4,06:35.4,DACIA_SPRING,Dacia Spring 33 kW,33000,139,08:40.8,2.2,3.6,113,ESE,2.811237948714372,118.34300030635818,301,72,,,,0.0,246.0,54.0,1,229,72,8,1
08:53.7,,,91,,98.5,,,,,,,55,-1.9673393,43.298325,122.3772,3.0632710315200655,08:53.3,6,0.401,0101000020E6100000B3635DBB387AFFBFD04B20802FA64540,20230421_DACIA_DONOSTIA_ULIA_055,,d4,01:37.4,06:35.4,DACIA_SPRING,Dacia Spring 33 kW,33000,139,08:40.8,2.2,3.6,113,ESE,3.571445251353668,149.778739148915,301,72,,,,0.0,246.0,54.0,1,229,72,25,1
08:59.1,,,91,,98.5,,,,,,,55,-1.9680586,43.298744,117.252686,3.1380066545417726,08:59.3,6,-0.181,0101000020E6100000BA9D9EF32A7DFFBF46244C493DA64540,20230421_DACIA_DONOSTIA_ULIA_055,,d4,01:37.4,06:35.4,DACIA_SPRING,Dacia Spring 33 kW,33000,139,08:40.8,2.2,3.6,113,ESE,2.718173958068383,116.02959219154629,301,72,,,,0.0,246.0,54.0,1,229,72,25,1
09:04.7,,,91,,98.5,,,,,,,55,-1.9682896,43.299217,114.47034,3.193894565804323,09:04.3,6,0.389,0101000020E61000004AB7A1391D7EFFBFC1ABE5CE4CA64540,20230421_DACIA_DONOSTIA_ULIA_055,,d4,01:37.4,06:35.4,DACIA_SPRING,Dacia Spring 33 kW,33000,139,08:40.8,2.2,3.6,113,ESE,0.8797242790071467,81.14447902858085,301,72,,,,0.0,246.0,54.0,1,229,72,55,1
09:10.1,,,91,,98.5,,,,,,,55,-1.9681271,43.30026,112.031494,3.3106395132831885,09:10.4,6,-0.223,0101000020E6100000191CA9E7727DFFBFA4062EEA6EA64540,20230421_DACIA_DONOSTIA_ULIA_055,,d4,01:37.4,06:35.4,DACIA_SPRING,Dacia Spring 33 kW,33000,139,08:40.8,2.2,3.6,113,ESE,1.4699598896425954,91.0994809931578,301,72,,,,0.0,246.0,54.0,1,229,72,55,1
09:15.6,,,91,,98.5,,,,,,,55,-1.9681404,43.300953,104.88037,3.388036188296866,09:15.4,6,0.249,0101000020E6100000060253BC807DFFBFA43F4D9085A64540,20230421_DACIA_DONOSTIA_ULIA_055,,d4,01:37.4,06:35.4,DACIA_SPRING,Dacia Spring 33 kW,33000,139,08:40.8,2.2,3.6,113,ESE,3.0890840605498164,126.10156201337246,301,72,,,,0.0,246.0,54.0,1,229,72,55,1
09:21.1,,,91,,98.5,,,,,,,55,-1.9685218,43.301476,100.93671,3.453991773896219,09:21.4,6,-0.3429999999999999,0101000020E6100000692930CF107FFFBF183E64C296A64540,20230421_DACIA_DONOSTIA_ULIA_055,,d4,01:37.4,06:35.4,DACIA_SPRING,Dacia Spring 33 kW,33000,139,08:40.8,2.2,3.6,113,ESE,-3.047115056038371,-55.17551084282326,301,72,,,,0.0,246.0,54.0,1,229,72,55,1
09:26.7,,,91,,98.5,,,,,,,55,-1.9684098,43.301315,100.56641,3.4740610734817268,09:26.4,6,0.262,0101000020E610000087D826369B7EFFBF4417718D91A64540,20230421_DACIA_DONOSTIA_ULIA_055,,d4,01:37.4,06:35.4,DACIA_SPRING,Dacia Spring 33 kW,33000,139,08:40.8,2.2,3.6,113,ESE,-3.1614120433978177,5.577605108401633,301,72,,,,0.0,246.0,54.0,1,229,72,55,1
09:32.2,,,91,,98.5,,,,,,,55,-1.9683586,43.30132,97.13745,3.479467866352186,09:32.5,6,-0.2689999999999999,0101000020E6100000A89519A1657EFFBF6EEEF9AB91A64540,20230421_DACIA_DONOSTIA_ULIA_055,,d4,01:37.4,06:35.4,DACIA_SPRING,Dacia Spring 33 kW,33000,139,08:40.8,2.2,3.6,113,ESE,-3.5018305698995027,-36.41116156372395,301,72,,,,0.0,246.0,54.0,1,229,72,55,1
09:37.7,,,91,,98.5,,,,,,,55,-1.9683003,43.301277,101.64856,3.4875591836751605,09:37.5,6,0.24,0101000020E610000068E5A07C287EFFBF57E0754790A64540,20230421_DACIA_DONOSTIA_ULIA_055,,d4,01:37.4,06:35.4,DACIA_SPRING,Dacia Spring 33 kW,33000,139,08:40.8,2.2,3.6,113,ESE,3.5744074101789787,150.1640147160184,301,72,,,,0.0,246.0,54.0,1,229,72,55,1
09:43.2,,,91,,98.5,,,,,,,55,-1.9685845,43.30144,101.37091,3.51684236715503,09:43.5,6,-0.3279999999999999,0101000020E61000005FFD4C7B527FFFBF5A6585A695A64540,20230421_DACIA_DONOSTIA_ULIA_055,,d4,01:37.4,06:35.4,DACIA_SPRING,Dacia Spring 33 kW,33000,139,08:40.8,2.2,3.6,113,ESE,3.5921388009236064,153.21287327046326,301,72,,,,0.0,246.0,54.0,1,229,72,55,1
09:48.7,,,91,,98.5,,,,,,,55,-1.9690995,43.3017,89.01294,3.569047365998046,09:48.5,6,0.131,0101000020E6100000861E317A6E81FFBF3E2CCC299EA64540,20230421_DACIA_DONOSTIA_ULIA_055,,d4,01:37.4,06:35.4,DACIA_SPRING,Dacia Spring 33 kW,33000,139,10:56.0,2.2,3.6,113,ESE,3.596821081173172,154.59199124121898,301,72,,,,0.0,246.0,54.0,1,229,72,55,1
09:54.2,,,91,,98.5,,,,,,,55,-1.9699037,43.302082,92.77136,3.646851386921381,09:54.6,6,-0.313,0101000020E6100000DDB9EEB5B984FFBF20D146A6AAA64540,20230421_DACIA_DONOSTIA_ULIA_055,,d4,01:37.4,06:35.4,DACIA_SPRING,Dacia Spring 33 kW,33000,139,10:56.0,2.2,3.6,113,ESE,3.598065796438913,158.87826521610415,301,72,,,,0.0,246.0,54.0,1,229,72,55,1
09:59.8,,,91,,98.5,,,,,,,55,-1.970701,43.30239,89.71338,3.719960621591566,09:59.6,6,0.1939999999999999,0101000020E6100000C68D19B0FD87FFBFB5C6FBCCB4A64540,20230421_DACIA_DONOSTIA_ULIA_055,,d4,01:37.4,06:35.4,DACIA_SPRING,Dacia Spring 33 kW,33000,139,10:56.0,2.2,3.6,113,ESE,3.5221933569109787,168.93383519511897,301,72,,,,0.0,246.0,54.0,1,229,72,8,1
10:05.3,,,91,,98.5,,,,,,,55,-1.9718003,43.302605,89.14392,3.8120756419993973,10:05.6,6,-0.302,0101000020E61000004E40768B7E8CFFBF764385B0BBA64540,20230421_DACIA_DONOSTIA_ULIA_055,,d4,01:37.4,06:35.4,DACIA_SPRING,Dacia Spring 33 kW,33000,139,10:56.0,2.2,3.6,113,ESE,3.5414149354692146,167.3507200716357,301,72,,,,0.0,246.0,54.0,1,229,72,55,1
10:10.9,,,91,,98.5,,,,,,,55,-1.9726157,43.302788,90.57477,3.8811399249000313,10:10.6,6,0.257,0101000020E6100000E637F17AD58FFFBFEA886CB5C1A64540,20230421_DACIA_DONOSTIA_ULIA_055,,d4,01:37.4,06:35.4,DACIA_SPRING,Dacia Spring 33 kW,33000,139,10:56.0,2.2,3.6,113,ESE,3.324261889600512,179.5707802288729,301,72,,,,0.0,246.0,54.0,1,229,72,25,1
10:16.4,,,91,,98.5,,,,,,,55,-1.9735501,43.302795,90.357544,3.956756753433819,10:16.6,6,-0.231,0101000020E61000005C804B3AA993FFBFE49ECFFCC1A64540,20230421_DACIA_DONOSTIA_ULIA_055,,d4,01:37.4,06:35.4,DACIA_SPRING,Dacia Spring 33 kW,33000,139,10:56.0,2.2,3.6,113,ESE,3.313817472428785,180.0,301,72,,,,0.0,246.0,54.0,1,229,72,55,1
10:21.9,,,91,,98.5,,,,,,,55,-1.9737695,43.302795,86.76531999999999,3.9748705698561095,10:21.7,6,0.262,0101000020E6100000ABDD23598F94FFBFF0E97FF3C1A64540,20230421_DACIA_DONOSTIA_ULIA_055,,d4,01:37.4,06:35.4,DACIA_SPRING,Dacia Spring 33 kW,33000,139,10:56.0,2.2,3.6,113,ESE,-3.371364687900752,-2.4702448014632403,301,72,,,,0.0,246.0,54.0,1,229,72,55,1
10:27.5,,,91,,98.5,,,,,,,55,-1.9736536,43.30279,85.685425,3.9843276279390576,10:27.7,6,-0.223,0101000020E6100000661F1ACC1594FFBFD29E79D6C1A64540,20230421_DACIA_DONOSTIA_ULIA_055,,d4,01:37.4,06:35.4,DACIA_SPRING,Dacia Spring 33 kW,33000,139,10:56.0,2.2,3.6,113,ESE,2.575356491615033,112.67408806694976,301,72,,,,0.0,246.0,54.0,1,229,72,55,1
10:32.9,,,91,,98.5,,,,,,,55,-1.97371,43.302925,85.16681,4.000025973266405,10:32.7,6,0.208,0101000020E610000095387EEA5094FFBFF4FEFD31C6A64540,20230421_DACIA_DONOSTIA_ULIA_055,,d4,01:37.4,06:35.4,DACIA_SPRING,Dacia Spring 33 kW,33000,139,10:56.0,2.2,3.6,113,ESE,2.7048132363993784,115.70632693018769,301,72,,,,0.0,246.0,54.0,1,229,72,55,1
10:38.6,,,91,,98.5,,,,,,,55,-1.9738472,43.30321,86.44445999999999,4.0336293165278265,10:38.7,6,-0.155,0101000020E6100000E06DD6C7E094FFBFBA92F49BCFA64540,20230421_DACIA_DONOSTIA_ULIA_055,,d4,01:37.4,06:35.4,DACIA_SPRING,Dacia Spring 33 kW,33000,139,10:56.0,2.2,3.6,113,ESE,-2.419573883241471,24.77035015241151,301,72,,,,0.0,246.0,54.0,1,229,72,55,1
10:44.0,,,91,,98.5,,,,,,,55,-1.9735438000000003,43.30335,87.02026,4.062705664358781,10:43.8,6,0.2689999999999999,0101000020E6100000DC6134A7A293FFBF821D4122D4A64540,20230421_DACIA_DONOSTIA_ULIA_055,,d4,01:37.4,06:35.4,DACIA_SPRING,Dacia Spring 33 kW,33000,139,10:56.0,2.2,3.6,113,ESE,-1.787730167043258,37.22523542921984,301,72,,,,0.0,246.0,54.0,1,229,72,55,1
10:49.5,,,91,,98.5,,,,,,,55,-1.9729686,43.303787,84.9823,4.1300243223599225,10:49.8,6,-0.233,0101000020E610000064F9C27D4791FFBF15CBA974E2A64540,20230421_DACIA_DONOSTIA_ULIA_055,,d4,01:37.4,06:35.4,DACIA_SPRING,Dacia Spring 33 kW,33000,139,10:56.0,2.2,3.6,113,ESE,-2.801820337866793,15.896324801462836,301,72,,,,0.0,246.0,54.0,1,229,72,25,1
10:55.0,,,91,,98.5,,,,,,,55,-1.9725367,43.30391,87.303955,4.16762607851828,10:54.8,6,0.204,0101000020E6100000D55547AF828FFFBFA8D34F72E6A64540,20230421_DACIA_DONOSTIA_ULIA_055,,d4,01:37.4,06:35.4,DACIA_SPRING,Dacia Spring 33 kW,33000,139,10:56.0,2.2,3.6,113,ESE,-2.3032524066278226,27.223663800527767,301,72,,,,0.0,246.0,54.0,1,229,72,55,1
11:00.5,,,91,,98.5,,,,,,,55,-1.9721596,43.304104,87.38159,4.204995776698467,11:00.8,6,-0.324,0101000020E61000007CA84444F78DFFBF3FC550D2ECA64540,20230421_DACIA_DONOSTIA_ULIA_055,,d4,01:37.4,06:35.4,DACIA_SPRING,Dacia Spring 33 kW,33000,139,10:56.0,2.2,3.6,113,ESE,-2.1447771730671827,30.43235435130752,301,72,,,,0.0,246.0,54.0,1,229,72,55,1
11:06.3,,,91,,98.5,,,,,,,55,-1.9719332,43.304237,84.37305,4.228731593606664,11:05.8,6,0.456,0101000020E61000002BEECBDB098DFFBF55DA2437F1A64540,20230421_DACIA_DONOSTIA_ULIA_055,,d4,01:37.4,06:35.4,DACIA_SPRING,Dacia Spring 33 kW,33000,139,10:56.0,2.2,3.6,113,ESE,-1.9308685516086628,34.56432725482509,301,72,,,,0.0,246.0,54.0,1,229,72,55,1
11:12.8,,,91,,98.5,,,,,,,55,-1.9718853,43.30427,85.69409,4.234230084795965,11:12.9,6,-0.047,0101000020E610000032370097D78CFFBF60000252F2A64540,20230421_DACIA_DONOSTIA_ULIA_055,,d4,01:37.4,06:35.4,DACIA_SPRING,Dacia Spring 33 kW,33000,139,10:56.0,2.2,3.6,113,ESE,0.2937086064849126,71.67971902759791,301,72,,,,0.0,246.0,54.0,1,229,72,55,1
11:18.4,,,91,,98.5,,,,,,,55,-1.9718406,43.304405,86.94341999999999,4.249721489684294,11:17.9,6,0.475,0101000020E6100000BCFE4DBDA88CFFBFFF482AB6F6A64540,20230421_DACIA_DONOSTIA_ULIA_055,,d4,01:37.4,06:35.4,DACIA_SPRING,Dacia Spring 33 kW,33000,139,10:56.0,2.2,3.6,113,ESE,3.446869838804265,173.7713619683223,301,72,,,,0.0,246.0,54.0,1,229,72,55,1
11:23.9,,,91,,98.5,,,,,,,55,-1.9719139,43.304413,86.63306,4.255727195525631,11:23.9,6,-0.042,0101000020E61000008207FE9EF58CFFBF05EB0FFFF6A64540,20230421_DACIA_DONOSTIA_ULIA_055,,d4,01:37.4,06:35.4,DACIA_SPRING,Dacia Spring 33 kW,33000,139,10:56.0,2.2,3.6,113,ESE,-1.8491299977583744,36.09292380814977,301,72,,,,0.0,246.0,54.0,1,229,72,55,1
11:29.5,,,91,,98.5,,,,,,,55,-1.9718412,43.304466,85.86328,4.2640896802084916,11:29.9,6,-0.4429999999999999,0101000020E6100000A9A7C96BA98CFFBFC2A949CFF8A64540,20230421_DACIA_DONOSTIA_ULIA_055,,d4,01:37.4,06:35.4,DACIA_SPRING,Dacia Spring 33 kW,33000,139,10:56.0,2.2,3.6,113,ESE,-1.784661447723632,37.28148815416117,301,72,,,,0.0,246.0,54.0,1,229,72,55,1
11:35.0,,,91,,98.5,,,,,,,55,-1.9715798,43.304665,87.43945,4.294741519658036,11:35.0,6,-0.013,0101000020E61000000C7DEA37978BFFBF4205EA41FFA64540,20230421_DACIA_DONOSTIA_ULIA_055,,d4,01:37.4,06:35.4,DACIA_SPRING,Dacia Spring 33 kW,33000,139,10:56.0,2.2,3.6,113,ESE,-3.0734575566826767,8.379383999053593,301,72,,,,0.0,246.0,54.0,1,229,72,50,1
11:41.5,,,91,,98.5,,,,,,,55,-1.971091,43.304737,84.18909000000001,4.335227241887179,11:41.0,6,0.455,0101000020E6100000DD98E0CC9689FFBFA6E3BDAC01A74540,20230421_DACIA_DONOSTIA_ULIA_055,,d4,01:37.4,06:35.4,DACIA_SPRING,Dacia Spring 33 kW,33000,139,10:56.0,2.2,3.6,113,ESE,-1.8162233641534613,36.701402447930974,301,72,,,,0.0,246.0,54.0,1,229,72,50,1
11:47.0,,,91,,98.5,,,,,,,55,-1.9705839,43.305115,85.94214000000001,4.393993630935455,11:47.0,6,-0.07,0101000020E610000046CDBAF38287FFBF648CD5070EA74540,20230421_DACIA_DONOSTIA_ULIA_055,,d4,01:37.4,06:35.4,DACIA_SPRING,Dacia Spring 33 kW,33000,139,10:56.0,2.2,3.6,113,ESE,-1.0714168090686491,49.68554250217742,301,72,,,,0.0,246.0,54.0,1,229,72,25,1
11:53.7,,,91,,98.5,,,,,,,55,-1.9701045,43.30568,85.13684,4.467834350012695,11:54.1,6,-0.423,0101000020E6100000293DD34B8C85FFBF250BF37920A74540,20230421_DACIA_DONOSTIA_ULIA_055,,d4,01:37.4,06:35.4,DACIA_SPRING,Dacia Spring 33 kW,33000,139,10:56.0,2.2,3.6,113,ESE,0.0753041703530109,68.1985905138437,301,72,,,,0.0,246.0,54.0,1,229,72,25,1
11:59.2,,,91,,98.5,,,,,,,55,-1.9699205,43.30614,81.3822,4.5212390188275355,11:59.1,6,0.155,0101000020E610000003E27D6ECB84FFBF71AE82942FA74540,20230421_DACIA_DONOSTIA_ULIA_055,,d4,01:37.4,06:35.4,DACIA_SPRING,Dacia Spring 33 kW,33000,139,10:56.0,2.2,3.6,113,ESE,-0.5155912444155615,58.7657952618356,301,72,,,,0.0,246.0,54.0,1,229,72,25,1
12:04.9,,,91,,98.5,,,,,,,55,-1.9696379,43.306606,75.092285,4.578225358197515,12:05.1,6,-0.281,0101000020E6100000FA322805A383FFBF1546E5EC3EA74540,20230421_DACIA_DONOSTIA_ULIA_055,,d4,01:37.4,06:35.4,DACIA_SPRING,Dacia Spring 33 kW,33000,139,10:56.0,2.2,3.6,113,ESE,-0.1241354478069842,65.02393125959489,301,72,,,,0.0,246.0,54.0,1,229,72,55,1
12:11.5,,,91,,98.5,,,,,,,55,-1.9693873,43.307144,76.21802,4.6414014369440935,12:11.2,6,0.317,0101000020E6100000CE8C7E349C82FFBFAD857A7650A74540,20230421_DACIA_DONOSTIA_ULIA_055,,d4,01:37.4,06:35.4,DACIA_SPRING,Dacia Spring 33 kW,33000,139,10:56.0,2.2,3.6,113,ESE,1.1491798550195391,85.61555639250514,301,72,,,,0.0,246.0,54.0,1,229,72,55,1
12:17.1,,,91,,98.5,,,,,,,55,-1.9693449,43.307697,75.650024,4.702990483951673,12:17.2,6,-0.108,0101000020E61000003E2033C46F82FFBFC23B33A062A74540,20230421_DACIA_DONOSTIA_ULIA_055,,d4,01:37.4,06:35.4,DACIA_SPRING,Dacia Spring 33 kW,33000,139,10:56.0,2.2,3.6,113,ESE,2.344175145219033,107.62910017553304,301,72,,,,0.0,246.0,54.0,1,229,72,25,1
12:24.4,,,91,,98.5,,,,,,,55,-1.9695451,43.308327,72.3324,4.774968319575744,12:24.5,6,-0.1,0101000020E61000005BBBC4C34183FFBF22A5FA4A77A74540,20230421_DACIA_DONOSTIA_ULIA_055,,d4,01:37.4,06:35.4,DACIA_SPRING,Dacia Spring 33 kW,33000,139,13:40.7,2.2,3.6,113,ESE,2.9262226502900983,121.374305592696,301,72,,,,0.0,246.0,54.0,1,229,72,55,1
12:30.4,,,91,,98.5,,,,,,,55,-1.969975,43.309032,70.82324,4.860744851863382,12:30.5,6,-0.001,0101000020E6100000D46A61790485FFBF763CE2678EA74540,20230421_DACIA_DONOSTIA_ULIA_055,,d4,01:37.4,06:35.4,DACIA_SPRING,Dacia Spring 33 kW,33000,139,13:40.7,2.2,3.6,113,ESE,2.6335971174245545,-160.0168934755463,301,72,,,,0.0,246.0,54.0,1,229,72,25,1
12:35.9,,,91,,98.5,,,,,,,55,-1.970063,43.309,70.85724,4.86870481765035,12:36.3,6,-0.315,0101000020E6100000BD5EB3BF6085FFBFE7523B478DA74540,20230421_DACIA_DONOSTIA_ULIA_055,,d4,01:37.4,06:35.4,DACIA_SPRING,Dacia Spring 33 kW,33000,139,13:40.7,2.2,3.6,113,ESE,2.9224802606197056,121.27217803795736,301,72,,,,0.0,246.0,54.0,1,229,72,25,1
12:41.4,,,91,,98.5,,,,,,,55,-1.9701705000000005,43.309177000000005,72.16205,4.890262205291613,12:41.3,6,0.166,0101000020E610000018B49080D185FFBFAFD3062F93A74540,20230421_DACIA_DONOSTIA_ULIA_055,,d4,01:37.4,06:35.4,DACIA_SPRING,Dacia Spring 33 kW,33000,139,13:40.7,2.2,3.6,113,ESE,2.8731610740908966,119.9490752145407,301,72,,,,0.0,246.0,54.0,1,229,72,25,1
12:47.0,,,91,,98.5,,,,,,,55,-1.9702817,43.30937,71.54053,4.913540920660408,12:47.3,6,-0.241,0101000020E6100000F4E7F41F4686FFBF2F3E1E5D99A74540,20230421_DACIA_DONOSTIA_ULIA_055,,d4,01:37.4,06:35.4,DACIA_SPRING,Dacia Spring 33 kW,33000,139,13:40.7,2.2,3.6,113,ESE,-3.313817472428785,0.0,301,72,,,,0.0,246.0,54.0,1,229,72,25,1
12:52.6,,,91,,98.5,,,,,,,55,-1.9702817,43.30937,71.54053,4.913540920660408,12:52.3,6,0.25,0101000020E6100000F4E7F41F4686FFBF2F3E1E5D99A74540,20230421_DACIA_DONOSTIA_ULIA_055,,d4,01:37.4,06:35.4,DACIA_SPRING,Dacia Spring 33 kW,33000,139,13:40.7,2.2,3.6,113,ESE,-2.050948419212592,-78.27014115819946,301,72,,,,0.0,246.0,54.0,1,229,72,25,1
12:58.1,,,91,,98.5,,,,,,,55,-1.9701729,43.308846,67.971924,4.9725762996157155,12:58.3,6,-0.259,0101000020E610000028AB12FAD385FFBF1A22C04C88A74540,20230421_DACIA_DONOSTIA_ULIA_055,,d4,01:37.4,06:35.4,DACIA_SPRING,Dacia Spring 33 kW,33000,139,13:40.7,2.2,3.6,113,ESE,-2.398487800621301,-71.2219667782022,301,72,,,,0.0,246.0,54.0,1,229,72,25,1
13:03.6,,,91,,98.5,,,,,,,55,-1.9701389,43.308746,67.81598000000001,4.984032112754602,13:03.4,6,0.211,0101000020E61000003B0B525BB085FFBFBC8800F184A74540,20230421_DACIA_DONOSTIA_ULIA_055,,d4,01:37.4,06:35.4,DACIA_SPRING,Dacia Spring 33 kW,33000,139,13:40.7,2.2,3.6,113,ESE,3.182482919990336,129.1315341934934,301,72,,,,0.0,246.0,54.0,1,229,72,55,1
13:09.2,,,91,,98.5,,,,,,,55,-1.9703065,43.308952000000005,66.823425,5.010670012257289,13:09.4,6,-0.216,0101000020E610000046581A196086FFBF0C6896C28BA74540,20230421_DACIA_DONOSTIA_ULIA_055,,d4,01:37.4,06:35.4,DACIA_SPRING,Dacia Spring 33 kW,33000,139,13:40.7,2.2,3.6,113,ESE,-3.5220395909474407,-34.94566440017771,301,72,,,,0.0,246.0,54.0,1,229,72,25,1
13:15.7,,,91,,98.5,,,,,,,55,-1.970182,43.308865,68.02783000000001,5.024688368543144,13:15.4,6,0.297,0101000020E6100000B820197ADD85FFBFA86A27EF88A74540,20230421_DACIA_DONOSTIA_ULIA_055,,d4,01:37.4,06:35.4,DACIA_SPRING,Dacia Spring 33 kW,33000,139,13:40.7,2.2,3.6,113,ESE,1.43854052780654,90.55283685593577,301,72,,,,0.0,246.0,54.0,1,229,72,25,1
13:21.1,,,91,,98.5,,,,,,,55,-1.9701842,43.309093,66.75989,5.050073122602799,13:21.4,6,-0.347,0101000020E61000005850DEE8DF85FFBFC87D695990A74540,20230421_DACIA_DONOSTIA_ULIA_055,,d4,01:37.4,06:35.4,DACIA_SPRING,Dacia Spring 33 kW,33000,139,13:40.7,2.2,3.6,113,ESE,3.131211465369625,127.43319591393605,301,72,,,,0.0,246.0,54.0,1,229,72,25,1
13:27.0,,,91,,98.5,,,,,,,55,-1.9703771,43.309345,67.25958,5.082151814406327,13:27.5,6,-0.46,0101000020E6100000919FE815AA86FFBFA6246FA998A74540,20230421_DACIA_DONOSTIA_ULIA_055,,d4,01:37.4,06:35.4,DACIA_SPRING,Dacia Spring 33 kW,33000,139,13:40.7,2.2,3.6,113,ESE,1.7539767206318952,96.15774496890404,301,72,,,,0.0,246.0,54.0,1,229,72,25,1
13:32.7,,,91,,98.5,,,,,,,55,-1.9704236,43.309776,66.651855,5.130228127917495,13:32.5,6,0.215,0101000020E6100000EF4394E5DA86FFBFC8EFC8B3A6A74540,20230421_DACIA_DONOSTIA_ULIA_055,,d4,01:37.4,06:35.4,DACIA_SPRING,Dacia Spring 33 kW,33000,139,13:40.7,2.2,3.6,113,ESE,1.7162430426581945,95.47232239481345,301,72,,,,0.0,246.0,54.0,1,229,72,8,1
13:38.3,,,91,,98.5,,,,,,,55,-1.9704989,43.310562,65.95709000000001,5.217842195649057,13:38.5,6,-0.1889999999999999,0101000020E6100000A972D2E22987FFBF687FDA87C0A74540,20230421_DACIA_DONOSTIA_ULIA_055,,d4,01:37.4,06:35.4,DACIA_SPRING,Dacia Spring 33 kW,33000,139,13:40.7,2.2,3.6,113,ESE,1.631475949019575,93.94839224501634,301,72,,,,0.0,246.0,54.0,1,229,72,25,1
13:43.8,,,91,,98.5,,,,,,,55,-1.9705243,43.31093,71.02515,5.25912576756146,13:43.6,6,0.275,0101000020E61000002ACB4A724487FFBFEB63D384CCA74540,20230421_DACIA_DONOSTIA_ULIA_055,,d4,01:37.4,06:35.4,DACIA_SPRING,Dacia Spring 33 kW,33000,139,13:40.7,2.2,3.6,113,ESE,-0.8069556722596031,54.04684390497887,301,72,,,,0.0,246.0,54.0,1,229,72,25,1
13:49.5,,,91,,98.5,,,,,,,55,-1.970401,43.3111,70.08887,5.280520388296033,13:49.5,6,-0.054,0101000020E6100000A2105C40C386FFBFE8E73C19D2A74540,20230421_DACIA_DONOSTIA_ULIA_055,,d4,01:37.4,06:35.4,DACIA_SPRING,Dacia Spring 33 kW,33000,139,13:40.7,2.2,3.6,113,ESE,-3.0118707066760058,10.213972981182124,301,72,,,,0.0,246.0,54.0,1,229,72,55,1
13:55.0,,,91,,98.5,,,,,,,55,-1.9703455,43.31111,67.63409399999999,5.285757459990647,13:54.6,6,0.478,0101000020E61000006D5A08F68886FFBF6584E086D2A74540,20230421_DACIA_DONOSTIA_ULIA_055,,d4,01:37.4,06:35.4,DACIA_SPRING,Dacia Spring 33 kW,33000,139,13:40.7,2.2,3.6,113,ESE,1.8067983470255644,97.1250163489018,301,72,,,,0.0,246.0,54.0,1,229,72,55,1
14:00.5,,,91,,98.5,,,,,,,55,-1.970348,43.31113,73.84235,5.292355117321541,14:00.6,6,-0.068,0101000020E6100000FAD2DB9F8B86FFBFEDB04F21D3A74540,20230421_DACIA_DONOSTIA_ULIA_055,,d4,01:37.4,06:35.4,DACIA_SPRING,Dacia Spring 33 kW,33000,139,13:40.7,2.2,3.6,113,ESE,-1.3911846956315603,44.266821639372935,301,72,,,,0.0,246.0,54.0,1,229,72,55,1
14:06.0,,,91,,98.5,,,,,,,55,-1.9703203,43.311157,73.48657,5.296118513030915,14:05.6,6,0.387,0101000020E610000027440AAF6E86FFBF82EF2EFED3A74540,20230421_DACIA_DONOSTIA_ULIA_055,,d4,01:37.4,06:35.4,DACIA_SPRING,Dacia Spring 33 kW,33000,139,13:40.7,2.2,3.6,113,ESE,-0.2429627053009158,63.1301869089015,301,72,,,,0.0,246.0,54.0,1,229,72,55,1
14:11.5,,,91,,98.5,,,,,,,55,-1.9703127,43.311172,74.67944,5.298259313950007,14:11.7,6,-0.209,0101000020E6100000C67631AC6686FFBFD54DF774D4A74540,20230421_DACIA_DONOSTIA_ULIA_055,,d4,01:37.4,06:35.4,DACIA_SPRING,Dacia Spring 33 kW,33000,139,13:40.7,2.2,3.6,113,ESE,-1.424177035008381,43.696305020180354,301,72,,,,0.0,246.0,54.0,1,229,72,55,1
14:18.1,,,91,,98.5,,,,,,,55,-1.9702363,43.311245,73.793335,5.308500679694934,14:17.7,6,0.461,0101000020E610000066DBAB871686FFBFA4C086D0D6A74540,20230421_DACIA_DONOSTIA_ULIA_055,,d4,01:37.4,06:35.4,DACIA_SPRING,Dacia Spring 33 kW,33000,139,13:40.7,2.2,3.6,113,ESE,-0.7525982552867906,54.93301725707804,301,72,,,,0.0,246.0,54.0,1,229,72,55,1
14:24.8,,,91,,98.5,,,,,,,55,-1.9700924,43.31145,74.98059,5.334124427907157,14:24.2,6,0.619,0101000020E6100000BFF51FA17F85FFBFA62855AADDA74540,20230421_DACIA_DONOSTIA_ULIA_055,,d4,01:37.4,06:35.4,DACIA_SPRING,Dacia Spring 33 kW,33000,139,13:40.7,2.2,3.6,113,ESE,1.2650808755538103,87.5736641684137,301,72,,,,0.0,246.0,54.0,1,229,72,55,1
14:30.4,,,91,,98.5,,,,,,,55,-1.9700799,43.311745,70.45618,5.367252925786335,14:30.7,6,-0.242,0101000020E6100000BFB8F17A7285FFBFADABD935E7A74540,20230421_DACIA_DONOSTIA_ULIA_055,,d4,01:37.4,06:35.4,DACIA_SPRING,Dacia Spring 33 kW,33000,139,13:40.7,2.2,3.6,113,ESE,-2.271535965656116,27.87737436132529,301,72,,,,0.0,246.0,54.0,1,229,72,55,1
14:36.0,,,91,,98.5,,,,,,,55,-1.9700005,43.311787,58.92285,5.381256437558443,14:35.7,6,0.261,0101000020E6100000D2442B391F85FFBF8FC536A9E8A74540,20230421_DACIA_DONOSTIA_ULIA_055,,d4,01:37.4,06:35.4,DACIA_SPRING,Dacia Spring 33 kW,33000,139,13:40.7,2.2,3.6,113,ESE,0.7453816608356817,78.94955750660783,301,72,,,,0.0,246.0,54.0,1,229,72,55,1
14:41.6,,,91,,98.5,,,,,,,55,-1.9699507,43.312042,59.663757,5.409905577608522,14:41.7,6,-0.129,0101000020E610000064E92209EB84FFBF3D29720CF1A74540,20230421_DACIA_DONOSTIA_ULIA_055,,d4,01:37.4,06:35.4,DACIA_SPRING,Dacia Spring 33 kW,33000,139,13:40.7,2.2,3.6,113,ESE,-0.4674672743154618,59.53895875772998,301,72,,,,0.0,246.0,54.0,1,229,72,55,1
14:47.2,,,91,,98.5,,,,,,,55,-1.9697872,43.31232,58.943115,5.443537061756257,14:46.7,6,0.4589999999999999,0101000020E61000004BA20BA83F84FFBF623FB424FAA74540,20230421_DACIA_DONOSTIA_ULIA_055,,d4,01:37.4,06:35.4,DACIA_SPRING,Dacia Spring 33 kW,33000,139,13:40.7,2.2,3.6,113,ESE,-2.540994938557392,22.103206554839183,301,72,,,,0.0,246.0,54.0,1,229,72,45,1
14:52.8,,,91,,98.5,,,,,,,55,-1.969147,43.31258,59.682922,5.502861083894013,14:52.8,6,0.004,0101000020E6100000E482B730A081FFBF5E72929C02A84540,20230421_DACIA_DONOSTIA_ULIA_055,,d4,01:37.4,06:35.4,DACIA_SPRING,Dacia Spring 33 kW,33000,139,15:56.2,2.2,3.6,113,ESE,-1.3279744619621552,45.353328793481104,301,72,,,,0.0,246.0,54.0,1,229,72,45,1
14:58.3,,,91,,98.5,,,,,,,55,-1.9688408,43.31289,58.118652,5.5453393734145795,14:58.8,6,-0.482,0101000020E6100000D57CF0355F80FFBF82B793CA0CA84540,20230421_DACIA_DONOSTIA_ULIA_055,,d4,01:37.4,06:35.4,DACIA_SPRING,Dacia Spring 33 kW,33000,139,15:56.2,2.2,3.6,113,ESE,-2.1902929892024128,29.52503509780493,301,72,,,,0.0,246.0,54.0,1,229,72,45,1
15:03.9,,,91,,98.5,,,,,,,55,-1.968357,43.313164,51.54016,5.595376461703549,15:03.8,6,0.038,0101000020E6100000F70ED0E0637EFFBF602DEBBC15A84540,20230421_DACIA_DONOSTIA_ULIA_055,,d4,01:37.4,06:35.4,DACIA_SPRING,Dacia Spring 33 kW,33000,139,15:56.2,2.2,3.6,113,ESE,-2.3401610174894065,26.455025811602408,301,72,,,,0.0,246.0,54.0,1,229,72,80,1
15:09.4,,,91,,98.5,,,,,,,55,-1.9680234,43.31333,54.851196,5.628242328010137,15:08.9,6,0.497,0101000020E610000044021D18067DFFBF284E49311BA84540,20230421_DACIA_DONOSTIA_ULIA_055,,d4,01:37.4,06:35.4,DACIA_SPRING,Dacia Spring 33 kW,33000,139,15:56.2,2.2,3.6,113,ESE,-3.381347348816852,-2.928178413533382,301,72,,,,0.0,246.0,54.0,1,229,72,20,1
15:14.8,,,91,,98.5,,,,,,,55,-1.9677497,43.313316,54.466614,5.650444529837901,15:14.9,6,-0.039,0101000020E610000030D6F513E77BFFBF52C11BB11AA84540,20230421_DACIA_DONOSTIA_ULIA_055,,d4,01:37.4,06:35.4,DACIA_SPRING,Dacia Spring 33 kW,33000,139,15:56.2,2.2,3.6,113,ESE,-3.375909630092928,-2.6775089150326807,301,72,,,,0.0,246.0,54.0,1,229,72,8,1
15:20.3,,,91,,98.5,,,,,,,55,-1.9676214,43.31331,55.13257,5.660867601991486,15:19.9,6,0.4679999999999999,0101000020E61000004CEB88A6607BFFBFDBD91D731AA84540,20230421_DACIA_DONOSTIA_ULIA_055,,d4,01:37.4,06:35.4,DACIA_SPRING,Dacia Spring 33 kW,33000,139,15:56.2,2.2,3.6,113,ESE,1.3272329566823753,88.63397491286099,301,72,,,,0.0,246.0,54.0,1,229,72,8,1
15:26.2,,,91,,98.5,,,,,,,55,-1.9676183,43.31344,57.69574,5.675550572216203,15:25.9,6,0.304,0101000020E6100000D62604615D7BFFBF3820F8CE1EA84540,20230421_DACIA_DONOSTIA_ULIA_055,,d4,01:37.4,06:35.4,DACIA_SPRING,Dacia Spring 33 kW,33000,139,15:56.2,2.2,3.6,113,ESE,-3.313817472428785,0.0,301,72,,,,0.0,246.0,54.0,1,229,72,20,1
15:31.8,,,90,,98.5,,,,,,,55,-1.9676183,43.31344,57.69574,5.675550572216203,15:31.9,6,-0.1369999999999999,0101000020E6100000D62604615D7BFFBF3820F8CE1EA84540,20230421_DACIA_DONOSTIA_ULIA_055,,d4,01:37.4,06:35.4,DACIA_SPRING,Dacia Spring 33 kW,33000,139,15:56.2,2.2,3.6,113,ESE,3.5812937966153373,162.84342454976408,301,72,,,,0.0,246.0,54.0,1,229,72,20,1
15:37.3,,,90,,98.5,,,,,,,55,-1.9683957,43.31368,54.08776999999999,5.7439699183941695,15:36.9,6,0.374,0101000020E6100000C45DBD8A8C7EFFBF8DF269A126A84540,20230421_DACIA_DONOSTIA_ULIA_055,,d4,01:37.4,06:35.4,DACIA_SPRING,Dacia Spring 33 kW,33000,139,15:56.2,2.2,3.6,113,ESE,1.6489417766656422,94.26066462212518,301,72,,,,0.0,246.0,54.0,1,229,72,45,1
15:42.9,,,90,,98.5,,,,,,,55,-1.9684255,43.31408,57.14081,5.788617693989005,15:43.0,6,-0.079,0101000020E61000002505F5B1AB7EFFBFB602D8BA33A84540,20230421_DACIA_DONOSTIA_ULIA_055,,d4,01:37.4,06:35.4,DACIA_SPRING,Dacia Spring 33 kW,33000,139,15:56.2,2.2,3.6,113,ESE,2.5267014486871373,111.57654494402352,301,72,,,,0.0,246.0,54.0,1,229,72,30,2
15:48.3,,,90,,98.5,,,,,,,55,-1.968643,43.31463,57.327087,5.8522564536890656,15:48.0,6,0.347,0101000020E610000039A09DBA8F7FFFBF5F0983B645A84540,20230421_DACIA_DONOSTIA_ULIA_055,,d4,01:37.4,06:35.4,DACIA_SPRING,Dacia Spring 33 kW,33000,139,15:56.2,2.2,3.6,113,ESE,3.554476439530613,147.87856413510278,301,72,,,,0.0,246.0,54.0,1,229,72,8,2
15:53.9,,,90,,98.5,,,,,,,55,-1.9691527,43.31495,58.046387,5.906727858752926,15:54.0,6,-0.113,0101000020E61000005EE4963DA681FFBFFB22C23B50A84540,20230421_DACIA_DONOSTIA_ULIA_055,,d4,01:37.4,06:35.4,DACIA_SPRING,Dacia Spring 33 kW,33000,139,15:56.2,2.2,3.6,113,ESE,3.5580095871014,165.7596043866301,301,72,,,,0.0,246.0,54.0,1,229,72,8,2
15:59.3,,,90,,98.5,,,,,,,55,-1.9697201,43.315094,60.108337,5.955389280764573,15:59.0,6,0.258,0101000020E61000008C93EB3BF983FFBF8D5295F854A84540,20230421_DACIA_DONOSTIA_ULIA_055,,d4,01:37.4,06:35.4,DACIA_SPRING,Dacia Spring 33 kW,33000,139,15:56.2,2.2,3.6,113,ESE,3.593319845072672,160.49097570558868,301,72,,,,0.0,246.0,54.0,1,229,72,8,2
16:04.8,,,90,,98.5,,,,,,,55,-1.9703975,43.315334,54.72424300000001,6.016583401494283,16:05.1,6,-0.296,0101000020E6100000BC24AD7CBF86FFBFAD9B7BDD5CA84540,20230421_DACIA_DONOSTIA_ULIA_055,,d4,01:37.4,06:35.4,DACIA_SPRING,Dacia Spring 33 kW,33000,139,15:56.2,2.2,3.6,113,ESE,3.4749047958899144,172.14859641401307,301,72,,,,0.0,246.0,54.0,1,229,72,30,2
16:10.2,,,90,,98.5,,,,,,,55,-1.9708036,43.31539,56.000427,6.050047811131276,16:10.1,6,0.165,0101000020E6100000F43A5E586988FFBF5359B9BC5EA84540,20230421_DACIA_DONOSTIA_ULIA_055,,d4,01:37.4,06:35.4,DACIA_SPRING,Dacia Spring 33 kW,33000,139,15:56.2,2.2,3.6,113,ESE,3.443309436833688,173.966636334487,301,72,,,,0.0,246.0,54.0,1,229,72,30,2
16:15.7,,,90,,98.5,,,,,,,55,-1.9712199,43.315434,55.587646,6.084084205000069,16:16.1,6,-0.347,0101000020E61000003E650CDE1D8AFFBF04430C2A60A84540,20230421_DACIA_DONOSTIA_ULIA_055,,d4,01:37.4,06:35.4,DACIA_SPRING,Dacia Spring 33 kW,33000,139,15:56.2,2.2,3.6,113,ESE,3.238747430138551,-177.11237021552432,301,72,,,,0.0,246.0,54.0,1,229,72,30,2
16:21.2,,,90,,98.5,,,,,,,55,-1.9712992,43.31543,58.38556,6.091097570201872,16:21.1,6,0.106,0101000020E6100000B4B44B02718AFFBF8D1E850C60A84540,20230421_DACIA_DONOSTIA_ULIA_055,,d4,01:37.4,06:35.4,DACIA_SPRING,Dacia Spring 33 kW,33000,139,15:56.2,2.2,3.6,113,ESE,-1.0869256672092504,-95.4268125000354,301,72,,,,0.0,246.0,54.0,1,229,72,30,2
16:27.0,,,90,,98.5,,,,,,,55,-1.9713011000000005,43.31541,59.249207,6.093488227013435,16:27.1,6,-0.133,0101000020E61000000DE80103738AFFBF408090555FA84540,20230421_DACIA_DONOSTIA_ULIA_055,,d4,01:37.4,06:35.4,DACIA_SPRING,Dacia Spring 33 kW,33000,139,15:56.2,2.2,3.6,113,ESE,-0.6083798164570836,-103.2706438760862,301,72,,,,0.0,246.0,54.0,1,229,72,30,2
16:32.5,,,90,,98.5,,,,,,,55,-1.9713136,43.315357,58.98651,6.09947346661241,16:32.2,6,0.365,0101000020E610000006C86516808AFFBF83AE969E5DA84540,20230421_DACIA_DONOSTIA_ULIA_055,,d4,01:37.4,06:35.4,DACIA_SPRING,Dacia Spring 33 kW,33000,139,15:56.2,2.2,3.6,113,ESE,3.599870697908169,157.48561316860696,301,72,,,,0.0,246.0,54.0,1,229,72,30,2
16:38.0,,,90,,98.5,,,,,,,55,-1.9713329,43.315365,58.912598,6.101272051545754,16:38.2,6,-0.136,0101000020E6100000D8D94E63948AFFBFDC78A0E35DA84540,20230421_DACIA_DONOSTIA_ULIA_055,,d4,01:37.4,06:35.4,DACIA_SPRING,Dacia Spring 33 kW,33000,139,15:56.2,2.2,3.6,113,ESE,3.4854725362544148,171.49103260745756,301,72,,,,0.0,246.0,54.0,1,229,72,30,2
16:43.5,,,90,,98.5,,,,,,,55,-1.9715,43.31539,57.05896,6.115197904097012,16:43.2,6,0.346,0101000020E610000025068195438BFFBF7C6DCBBA5EA84540,20230421_DACIA_DONOSTIA_ULIA_055,,d4,01:37.4,06:35.4,DACIA_SPRING,Dacia Spring 33 kW,33000,139,15:56.2,2.2,3.6,113,ESE,3.5018653526863184,143.5912254321122,301,72,,,,0.0,246.0,54.0,1,229,72,30,2
16:49.1,,,90,,98.5,,,,,,,55,-1.97174,43.315567,55.676390000000005,6.142879877885292,16:49.2,6,-0.098,0101000020E61000001B6A6F4B3F8CFFBFC13D8D8364A84540,20230421_DACIA_DONOSTIA_ULIA_055,,d4,01:37.4,06:35.4,DACIA_SPRING,Dacia Spring 33 kW,33000,139,15:56.2,2.2,3.6,113,ESE,2.531346135371077,111.680415803167,301,72,,,,0.0,246.0,54.0,1,229,72,30,2
16:54.8,,,90,,98.5,,,,,,,55,-1.9718537,43.315853,54.67462,6.176000443276048,16:55.3,6,-0.484,0101000020E6100000A3872D7FB68CFFBFF7FF92D06DA84540,20230421_DACIA_DONOSTIA_ULIA_055,,d4,01:37.4,06:35.4,DACIA_SPRING,Dacia Spring 33 kW,33000,139,15:56.2,2.2,3.6,113,ESE,-1.8099788435905588,36.81644243391936,301,72,,,,0.0,246.0,54.0,1,229,72,30,2
17:02.7,,,90,,98.5,,,,,,,55,-1.9716306,43.31602,55.08484,6.201899921388273,17:02.7,6,0.021,0101000020E61000008BAF2C87CC8BFFBF062C776E73A84540,20230421_DACIA_DONOSTIA_ULIA_055,,d4,01:37.4,06:35.4,DACIA_SPRING,Dacia Spring 33 kW,33000,139,15:56.2,2.2,3.6,113,ESE,-2.523697065734234,22.490544459219933,301,72,,,,0.0,246.0,54.0,1,229,72,30,2
17:08.5,,,90,,98.5,,,,,,,55,-1.9712055,43.316196000000005,56.541748,6.241496961984628,17:08.3,6,0.158,0101000020E6100000ED51F2C90E8AFFBF7BFE301979A84540,20230421_DACIA_DONOSTIA_ULIA_055,,d4,01:37.4,06:35.4,DACIA_SPRING,Dacia Spring 33 kW,33000,139,15:56.2,2.2,3.6,113,ESE,-2.892882453925102,13.526808274319029,301,72,,,,0.0,246.0,54.0,1,229,72,20,2
17:14.5,,,90,,98.5,,,,,,,55,-1.9707732,43.3163,54.802980000000005,6.278374629123199,17:14.3,6,0.144,0101000020E6100000C9B8FB7F4988FFBFF660527C7CA84540,20230421_DACIA_DONOSTIA_ULIA_055,,d4,01:37.4,06:35.4,DACIA_SPRING,Dacia Spring 33 kW,33000,139,15:56.2,2.2,3.6,113,ESE,-2.50356019362225,22.938237371909437,301,72,,,,0.0,246.0,54.0,1,229,72,20,2
17:20.1,,,90,,98.5,,,,,,,55,-1.970225,43.316532,55.08008,6.32968326836881,17:20.3,6,-0.21,0101000020E6100000EF993E9E0A86FFBF3F792F2984A84540,20230421_DACIA_DONOSTIA_ULIA_055,,d4,01:37.4,06:35.4,DACIA_SPRING,Dacia Spring 33 kW,33000,139,18:40.8,2.2,3.6,10,N,-2.0818447846972106,25.33037532034857,301,72,,,,0.0,246.0,54.0,1,229,72,30,2
17:27.9,,,90,,98.5,,,,,,,55,-1.9697729,43.316746,54.05725,6.373330571697245,17:27.9,6,0.038,0101000020E6100000F98EF1933084FFBF9BE890278BA84540,20230421_DACIA_DONOSTIA_ULIA_055,,d4,01:37.4,06:35.4,DACIA_SPRING,Dacia Spring 33 kW,33000,139,18:40.8,2.2,3.6,10,N,-1.989977541755065,23.557360708231837,301,72,,,,0.0,246.0,54.0,1,229,72,30,2
17:33.4,,,90,,98.5,,,,,,,55,-1.9691674,43.31701,54.632385,6.430442111162379,17:33.4,6,-0.055,0101000020E6100000C76BDA9CB581FFBF5BB7BDB493A84540,20230421_DACIA_DONOSTIA_ULIA_055,,d4,01:37.4,06:35.4,DACIA_SPRING,Dacia Spring 33 kW,33000,139,18:40.8,2.2,3.6,10,N,-2.3897477143939483,31.59177137246128,301,72,,,,0.0,246.0,54.0,1,229,72,30,2
17:38.9,,,90,,98.5,,,,,,,55,-1.9690048,43.31711,51.518433,6.447945959995251,17:38.4,6,0.5,0101000020E61000006548FC270B81FFBF422CF6F296A84540,20230421_DACIA_DONOSTIA_ULIA_055,,d4,01:37.4,06:35.4,DACIA_SPRING,Dacia Spring 33 kW,33000,139,18:40.8,2.2,3.6,10,N,-2.021584679405841,24.163148493011175,301,72,,,,0.0,246.0,54.0,1,229,72,30,2
17:44.3,,,90,,98.5,,,,,,,55,-1.9685657,43.317307,50.973206,6.489684369910361,17:44.5,6,-0.109,0101000020E61000006FDA4AB73E7FFFBFF18DD7729DA84540,20230421_DACIA_DONOSTIA_ULIA_055,,d4,01:37.4,06:35.4,DACIA_SPRING,Dacia Spring 33 kW,33000,139,18:40.8,2.2,3.6,10,N,-2.107456385613694,25.83157486686792,301,72,,,,0.0,246.0,54.0,1,229,72,30,2
17:49.9,,,90,,98.5,,,,,,,55,-1.9682827,43.317444,51.66107,6.517193018660935,17:49.5,6,0.47,0101000020E61000004EB7CB02167EFFBF0CC3EC0AA2A84540,20230421_DACIA_DONOSTIA_ULIA_055,,d4,01:37.4,06:35.4,DACIA_SPRING,Dacia Spring 33 kW,33000,139,18:40.8,2.2,3.6,10,N,-1.860966627117252,21.126892663285066,301,72,,,,0.0,246.0,54.0,1,229,72,30,2
17:55.6,,,90,,98.5,,,,,,,55,-1.9679178,43.317585,49.270140000000005,6.550704427773417,17:55.5,6,0.099,0101000020E6100000473DC06A977CFFBF6373BC9FA6A84540,20230421_DACIA_DONOSTIA_ULIA_055,,d4,01:37.4,06:35.4,DACIA_SPRING,Dacia Spring 33 kW,33000,139,18:40.8,2.2,3.6,10,N,-1.974461910266558,23.261539048634344,301,72,,,,0.0,246.0,54.0,1,229,72,30,2
18:01.3,,,90,,98.5,,,,,,,55,-1.9676433,43.317703,46.579407,6.576638340317005,18:01.5,6,-0.22,0101000020E61000007BED5F7A777BFFBF262AC88DAAA84540,20230421_DACIA_DONOSTIA_ULIA_055,,d4,01:37.4,06:35.4,DACIA_SPRING,Dacia Spring 33 kW,33000,139,18:40.8,2.2,3.6,10,N,-1.8209200404000525,20.385211284666152,301,72,,,,0.0,246.0,54.0,1,229,72,30,2
18:07.0,,,90,,98.5,,,,,,,55,-1.9672827,43.317837,47.181458,6.6094016401848075,18:06.6,6,0.434,0101000020E61000002B97F869FD79FFBFE2B9ADE3AEA84540,20230421_DACIA_DONOSTIA_ULIA_055,,d4,01:37.4,06:35.4,DACIA_SPRING,Dacia Spring 33 kW,33000,139,18:40.8,2.2,3.6,10,N,-1.9426679079591405,22.658453155508298,301,72,,,,0.0,246.0,54.0,1,229,72,30,2
18:12.5,,,90,,98.5,,,,,,,55,-1.9668084,43.318035,53.405334,6.654076224779073,18:12.5,6,-0.064,0101000020E61000005323D3250C78FFBFE502E154B5A84540,20230421_DACIA_DONOSTIA_ULIA_055,,d4,01:37.4,06:35.4,DACIA_SPRING,Dacia Spring 33 kW,33000,139,18:40.8,2.2,3.6,10,N,-0.9824142759897871,5.8364813207575965,301,72,,,,0.0,246.0,54.0,1,229,72,30,2
18:18.0,,,90,,98.5,,,,,,,55,-1.966466,43.31807,54.9964,6.682093864735953,18:17.6,6,0.422,0101000020E6100000B2F0BB0AA576FFBFEACF3C88B6A84540,20230421_DACIA_DONOSTIA_ULIA_055,,d4,01:37.4,06:35.4,DACIA_SPRING,Dacia Spring 33 kW,33000,139,18:40.8,2.2,3.6,10,N,-2.322184510724489,30.16951835011063,301,72,,,,0.0,246.0,54.0,1,229,72,30,2
18:23.5,,,90,,98.5,,,,,,,55,-1.9660927,43.318287,60.85077,6.721190473426837,18:23.6,6,-0.067,0101000020E610000098E268961D75FFBF2839B39FBDA84540,20230421_DACIA_DONOSTIA_ULIA_055,,d4,01:37.4,06:35.4,DACIA_SPRING,Dacia Spring 33 kW,33000,139,18:40.8,2.2,3.6,10,N,-1.521247360351024,14.99686750989668,301,72,,,,0.0,246.0,54.0,1,229,72,30,2
18:29.2,,,90,,98.5,,,,,,,55,-1.9655589,43.31843,67.34534000000001,6.767665419108265,18:29.6,6,-0.402,0101000020E6100000A46CD3D0ED72FFBF253E1458C2A84540,20230421_DACIA_DONOSTIA_ULIA_055,,d4,01:37.4,06:35.4,DACIA_SPRING,Dacia Spring 33 kW,33000,139,18:40.8,2.2,3.6,10,N,-1.812605630701725,20.231933275272507,301,72,,,,0.0,246.0,54.0,1,229,72,30,2
18:34.7,,,90,,98.5,,,,,,,55,-1.9651085,43.318596,69.21564000000001,6.808554170547119,18:34.6,6,0.109,0101000020E6100000B33E06A71571FFBF359078C3C7A84540,20230421_DACIA_DONOSTIA_ULIA_055,,d4,01:37.4,06:35.4,DACIA_SPRING,Dacia Spring 33 kW,33000,139,18:40.8,2.2,3.6,10,N,-2.326194301397525,30.2530857491081,276,74,,,,3.0,197.0,76.0,0,262,14,30,2
18:40.3,,,90,,98.5,,,,,,,55,-1.9646833,43.318844,68.322754,6.852650800957691,18:40.8,6,-0.466,0101000020E61000009DBC44CC576FFFBF36D7BCECCFA84540,20230421_DACIA_DONOSTIA_ULIA_055,,d4,01:37.4,06:35.4,DACIA_SPRING,Dacia Spring 33 kW,33000,139,18:40.8,2.2,3.6,10,N,-2.6807739540449944,38.12985502594952,276,74,,,,3.0,197.0,76.0,0,262,14,30,2
18:46.2,,,90,,98.5,,,,,,,55,-1.9644336,43.31904,68.206055,6.882367205258825,18:45.8,6,0.318,0101000020E610000024DD09D5516EFFBFDA7E0947D6A84540,20230421_DACIA_DONOSTIA_ULIA_055,,d4,01:37.4,06:35.4,DACIA_SPRING,Dacia Spring 33 kW,33000,139,18:40.8,2.2,3.6,10,N,0.6322660562347856,-20.115290865586733,276,74,,,,3.0,197.0,76.0,0,262,14,30,2
18:51.7,,,90,,98.5,,,,,,,55,-1.964065,43.318905,70.788574,6.915851713504203,18:51.8,6,-0.085,0101000020E6100000E3201959CF6CFFBF0C9B3BD9D1A84540,20230421_DACIA_DONOSTIA_ULIA_055,,d4,01:37.4,06:35.4,DACIA_SPRING,Dacia Spring 33 kW,33000,139,18:40.8,2.2,3.6,10,N,2.129954117784513,-46.2744635434352,276,74,,,,3.0,197.0,76.0,0,262,14,30,2
18:57.1,,,90,,98.5,,,,,,,55,-1.9637178,43.318542,63.671265000000005,6.965539198825891,18:56.8,6,0.317,0101000020E6100000BBF2D565636BFFBF1ECEF4F9C5A84540,20230421_DACIA_DONOSTIA_ULIA_055,,d4,01:37.4,06:35.4,DACIA_SPRING,Dacia Spring 33 kW,33000,139,18:40.8,2.2,3.6,10,N,2.254662364586145,-48.777307701193386,276,74,,,,3.0,197.0,76.0,0,262,14,8,2
19:02.7,,,90,,98.5,,,,,,,55,-1.9633507,43.318123,66.8927,7.020884189966057,19:02.8,6,-0.142,0101000020E61000008610C269E269FFBF2BB99236B8A84540,20230421_DACIA_DONOSTIA_ULIA_055,,d4,01:37.4,06:35.4,DACIA_SPRING,Dacia Spring 33 kW,33000,139,18:40.8,2.2,3.6,10,N,2.495635901664857,-53.88651285755175,326,115,0.0,18.0,207.0,,,,101,165,161,8,2
19:08.2,,,90,,98.5,,,,,,,55,-1.9631114,43.317795,65.781006,7.062190726469636,19:07.8,6,0.3389999999999999,0101000020E61000003C16787AE768FFBFB3FEBF7FADA84540,20230421_DACIA_DONOSTIA_ULIA_055,,d4,01:37.4,06:35.4,DACIA_SPRING,Dacia Spring 33 kW,33000,139,18:40.8,2.2,3.6,10,N,2.0032001412185987,-43.810264968624665,326,115,0.0,18.0,207.0,,,,101,165,161,8,2
19:13.7,,,90,,98.5,,,,,,,55,-1.9627059,43.317406,67.54547,7.116507300799993,19:13.9,6,-0.206,0101000020E6100000F2A8424D3E67FFBFBA50B7BBA0A84540,20230421_DACIA_DONOSTIA_ULIA_055,,d4,01:37.4,06:35.4,DACIA_SPRING,Dacia Spring 33 kW,33000,139,18:40.8,2.2,3.6,10,N,1.864935835954516,-41.20071826195488,326,115,0.0,18.0,207.0,,,,101,165,161,8,2
19:19.1,,,90,,98.5,,,,,,,55,-1.962514,43.317238,67.00946,7.140803055001581,19:18.9,6,0.16,0101000020E6100000E8A1F8297566FFBF283B894A9BA84540,20230421_DACIA_DONOSTIA_ULIA_055,,d4,01:37.4,06:35.4,DACIA_SPRING,Dacia Spring 33 kW,33000,139,18:40.8,2.2,3.6,10,N,1.1167918657511853,-28.072486960505007,326,115,0.0,18.0,207.0,,,,101,165,161,40,2
19:24.6,,,90,,98.5,,,,,,,55,-1.9625065,43.317234,67.36487,7.141635104420693,19:24.9,6,-0.292,0101000020E6100000D4CD8B346D66FFBF16D097209BA84540,20230421_DACIA_DONOSTIA_ULIA_055,,d4,01:37.4,06:35.4,DACIA_SPRING,Dacia Spring 33 kW,33000,139,18:40.8,2.2,3.6,10,N,0.3695814626793973,175.89245321708202,326,115,0.0,18.0,207.0,,,,101,165,161,40,2
19:30.2,,,90,,98.5,,,,,,,55,-1.9625622,43.317238,69.349365,7.1465790003868745,19:30.0,6,0.19,0101000020E61000005DDA159FA766FFBFC82E07309BA84540,20230421_DACIA_DONOSTIA_ULIA_055,,d4,01:37.4,06:35.4,DACIA_SPRING,Dacia Spring 33 kW,33000,139,18:40.8,2.2,3.6,10,N,-1.156953737709017,8.746162271232793,326,115,0.0,18.0,207.0,,,,101,165,161,30,2
19:35.6,,,90,,98.5,,,,,,,55,-1.9625492,43.317240000000005,69.21918000000001,7.147661832083305,19:36.0,6,-0.377,0101000020E6100000F3D2870D9A66FFBFC89DEB5E9BA84540,20230421_DACIA_DONOSTIA_ULIA_055,,d4,01:37.4,06:35.4,DACIA_SPRING,Dacia Spring 33 kW,33000,139,18:40.8,2.2,3.6,10,N,1.940639719818863,-42.62012008612728,326,115,0.0,18.0,207.0,,,,101,165,161,30,2
19:41.1,,,90,,98.5,,,,,,,55,-1.9624264,43.317127,67.95648,7.163729604142053,19:41.0,6,0.079,0101000020E6100000F3537F311966FFBF8943579E97A84540,20230421_DACIA_DONOSTIA_ULIA_055,,d4,01:37.4,06:35.4,DACIA_SPRING,Dacia Spring 33 kW,33000,139,18:40.8,2.2,3.6,10,N,-0.538653261554305,-1.394752107217281,326,115,0.0,18.0,207.0,,,,101,165,161,40,2
19:46.6,,,90,,98.5,,,,,,,55,-1.9621389,43.31712,70.691956,7.1871621197999565,19:47.0,6,-0.401,0101000020E61000007BBDB9C7EB64FFBF535EA76897A84540,20230421_DACIA_DONOSTIA_ULIA_055,,d4,01:37.4,06:35.4,DACIA_SPRING,Dacia Spring 33 kW,33000,139,18:40.8,2.2,3.6,10,N,-3.5942177796388,76.75218079439588,326,115,0.0,18.0,207.0,,,,101,165,161,40,2
19:52.2,,,90,,98.5,,,,,,,55,-1.9620565,43.31747,72.61658,7.226694028759846,19:52.0,6,0.131,0101000020E6100000FB13E8559564FFBF7DB1D6D4A2A84540,20230421_DACIA_DONOSTIA_ULIA_055,,d4,01:37.4,06:35.4,DACIA_SPRING,Dacia Spring 33 kW,33000,139,20:56.1,2.2,3.6,10,N,-3.5952001653609886,77.04098080286369,326,115,0.0,18.0,207.0,,,,101,165,161,50,2
19:57.7,,,90,,98.5,,,,,,,55,-1.9619564,43.317905,77.14276,7.2759454655150035,19:58.1,6,-0.344,0101000020E61000001343D55C2C64FFBF1C691D13B1A84540,20230421_DACIA_DONOSTIA_ULIA_055,,d4,01:37.4,06:35.4,DACIA_SPRING,Dacia Spring 33 kW,33000,139,20:56.1,2.2,3.6,10,N,-3.5996278998783136,80.82379665980213,326,115,0.0,18.0,207.0,,,,101,165,161,50,2
20:03.2,,,90,,98.5,,,,,,,55,-1.9619144,43.318165,81.29297,7.305349494820949,20:03.1,6,0.088,0101000020E6100000CAD2985A0064FFBFDD781CABB9A84540,20230421_DACIA_DONOSTIA_ULIA_055,,d4,01:37.4,06:35.4,DACIA_SPRING,Dacia Spring 33 kW,33000,139,20:56.1,2.2,3.6,10,N,-3.2526468225100635,105.37625124927844,326,115,0.0,18.0,207.0,,,,101,165,161,50,2
20:08.9,,,90,,98.5,,,,,,,55,-1.9619331,43.318233,81.586975,7.313066210067844,20:09.1,6,-0.221,0101000020E6100000B498D00B1464FFBF5E5992D1BBA84540,20230421_DACIA_DONOSTIA_ULIA_055,,d4,01:37.4,06:35.4,DACIA_SPRING,Dacia Spring 33 kW,33000,139,20:56.1,2.2,3.6,10,N,-2.275647435921678,130.79297689450004,326,115,0.0,18.0,207.0,,,,101,165,161,50,2
20:14.3,,,90,,98.5,,,,,,,55,-1.9619564,43.31826,79.11188,7.317389729585372,20:14.1,6,0.2289999999999999,0101000020E6100000603C416A2C64FFBF4C4729B6BCA84540,20230421_DACIA_DONOSTIA_ULIA_055,,d4,01:37.4,06:35.4,DACIA_SPRING,Dacia Spring 33 kW,33000,139,20:56.1,2.2,3.6,10,N,-3.466427856476378,95.6565609207958,326,115,0.0,18.0,207.0,,,,101,165,161,50,2
20:20.0,,,90,,98.5,,,,,,,55,-1.961998,43.31868,83.038635,7.364377070342145,20:20.1,6,-0.122,0101000020E6100000AFA9DA0B5864FFBFC2B4B97BCAA84540,20230421_DACIA_DONOSTIA_ULIA_055,,d4,01:37.4,06:35.4,DACIA_SPRING,Dacia Spring 33 kW,33000,139,20:56.1,2.2,3.6,10,N,-3.599581267349427,80.87389449309742,326,115,0.0,18.0,207.0,,,,101,165,161,50,2
20:25.5,,,90,,98.5,,,,,,,55,-1.9619429,43.319023,83.69433599999999,7.402782131681764,20:25.2,6,0.351,0101000020E61000000EE9013D1E64FFBFAA96B6B0D5A84540,20230421_DACIA_DONOSTIA_ULIA_055,,d4,01:37.4,06:35.4,DACIA_SPRING,Dacia Spring 33 kW,33000,139,20:56.1,2.2,3.6,10,N,-3.465307009257789,64.27747308290652,326,115,0.0,18.0,207.0,,,,101,165,161,50,2
20:30.9,,,90,,98.5,,,,,,,55,-1.9618769,43.31916,83.39551,7.418927214789837,20:31.2,6,-0.237,0101000020E610000020724408D963FFBF7EC48E4ADAA84540,20230421_DACIA_DONOSTIA_ULIA_055,,d4,01:37.4,06:35.4,DACIA_SPRING,Dacia Spring 33 kW,33000,139,20:56.1,2.2,3.6,10,N,-0.7279803403857723,1.666619212909911,326,115,0.0,18.0,207.0,,,,101,165,161,50,2
20:36.5,,,90,,98.5,,,,,,,55,-1.961327,43.319176,76.65259,7.463956920772924,20:36.2,6,0.317,0101000020E610000047D3D1589861FFBFA84F17CEDAA84540,20230421_DACIA_DONOSTIA_ULIA_055,,d4,01:37.4,06:35.4,DACIA_SPRING,Dacia Spring 33 kW,33000,139,20:56.1,2.2,3.6,10,N,-0.6251334396009492,0.0,326,115,0.0,18.0,207.0,,,,101,165,161,30,2
20:42.0,,,90,,98.5,,,,,,,55,-1.960802,43.319176,79.56885,7.506528955995588,20:42.2,6,-0.2689999999999999,0101000020E61000001FB54FE8715FFFBF9CED5DC5DAA84540,20230421_DACIA_DONOSTIA_ULIA_055,,d4,01:37.4,06:35.4,DACIA_SPRING,Dacia Spring 33 kW,33000,139,20:56.1,2.2,3.6,10,N,-3.5757443707165133,86.65482745086007,326,115,0.0,18.0,207.0,,,,101,165,161,30,2
20:47.6,,,90,,98.5,,,,,,,55,-1.9607854,43.31946,80.34924000000001,7.538146488690851,20:47.2,6,0.3289999999999999,0101000020E6100000589D8B75605FFFBF20EAA12AE4A84540,20230421_DACIA_DONOSTIA_ULIA_055,,d4,01:37.4,06:35.4,DACIA_SPRING,Dacia Spring 33 kW,33000,139,20:56.1,2.2,3.6,10,N,-3.2872863010988085,104.05774282129612,326,115,0.0,18.0,207.0,,,,101,165,161,30,2
20:53.1,,,90,,98.5,,,,,,,55,-1.9609424,43.320087,80.95837399999999,7.609015782792861,20:53.3,6,-0.237,0101000020E610000074443A130560FFBFECA20990F8A84540,20230421_DACIA_DONOSTIA_ULIA_055,,d4,01:37.4,06:35.4,DACIA_SPRING,Dacia Spring 33 kW,33000,139,20:56.1,2.2,3.6,10,N,-3.488138333201178,94.32049541642266,326,115,0.0,18.0,207.0,,,,101,165,161,30,2
20:58.6,,,90,,98.5,,,,,,,55,-1.9609733,43.320496,81.045105,7.654563237528556,20:58.3,6,0.278,0101000020E6100000ABE09E842560FFBFE5B4C8F205A94540,20230421_DACIA_DONOSTIA_ULIA_055,,d4,01:37.4,06:35.4,DACIA_SPRING,Dacia Spring 33 kW,33000,139,20:56.1,2.2,3.6,10,N,-3.5415871790245594,90.33545155066965,326,115,0.0,18.0,207.0,,,,101,165,161,30,2
21:04.1,,,90,,98.5,,,,,,,55,-1.9609758,43.320923,81.37164,7.702045024745022,21:04.3,6,-0.241,0101000020E6100000C234EB102860FFBF7F7697F613A94540,20230421_DACIA_DONOSTIA_ULIA_055,,d4,01:37.4,06:35.4,DACIA_SPRING,Dacia Spring 33 kW,33000,139,20:56.1,2.2,3.6,10,N,-3.5998220312661244,79.4302818906434,326,115,0.0,18.0,207.0,,,,101,165,161,30,2
21:09.6,,,90,,98.5,,,,,,,55,-1.9609396,43.321117,84.23724,7.72400250116402,21:09.4,6,0.183,0101000020E610000070A7DF4B0260FFBFFED137691AA94540,20230421_DACIA_DONOSTIA_ULIA_055,,d4,01:37.4,06:35.4,DACIA_SPRING,Dacia Spring 33 kW,33000,139,20:56.1,2.2,3.6,10,N,1.5065259804775688,-34.7386252832444,326,115,0.0,18.0,207.0,,,,101,165,161,30,2
21:15.1,,,90,,98.5,,,,,,,55,-1.9608026,43.321022,82.97229,7.73936535229244,21:15.4,6,-0.283,0101000020E610000078C8BD8E725FFFBF77934A3E17A94540,20230421_DACIA_DONOSTIA_ULIA_055,,d4,01:37.4,06:35.4,DACIA_SPRING,Dacia Spring 33 kW,33000,139,20:56.1,2.2,3.6,10,N,2.6768275234909846,-58.03583677091312,326,115,0.0,18.0,207.0,,,,101,165,161,30,2
21:20.6,,,90,,98.5,,,,,,,55,-1.9607714,43.320972,80.98395,7.745786779952297,21:20.4,6,0.246,0101000020E610000029B82FD2515FFFBF847997A415A94540,20230421_DACIA_DONOSTIA_ULIA_055,,d4,01:37.4,06:35.4,DACIA_SPRING,Dacia Spring 33 kW,33000,139,20:56.1,2.2,3.6,10,N,-0.0384243099889798,169.38844650110673,326,115,0.0,18.0,207.0,,,,101,165,161,30,2
21:26.2,,,90,,98.5,,,,,,,55,-1.9608568,43.320988,83.25372,7.75327313973306,21:26.4,6,-0.178,0101000020E6100000136CF163AB5FFFBFC51C252B16A94540,20230421_DACIA_DONOSTIA_ULIA_055,,d4,01:37.4,06:35.4,DACIA_SPRING,Dacia Spring 33 kW,33000,139,20:56.1,2.2,3.6,10,N,-0.1447223309002578,-7.696051716335377,326,115,0.0,18.0,207.0,,,,101,165,161,30,2
21:31.9,,,90,,98.5,,,,,,,55,-1.9608272,43.320984,84.66320999999999,7.75608709142346,21:31.4,6,0.416,0101000020E610000053145C6A8C5FFFBFB921BEFA15A94540,20230421_DACIA_DONOSTIA_ULIA_055,,d4,01:37.4,06:35.4,DACIA_SPRING,Dacia Spring 33 kW,33000,139,20:56.1,2.2,3.6,10,N,-0.6251334396009492,0.0,326,115,0.0,18.0,207.0,,,,101,165,161,30,2
21:37.3,,,90,,98.5,,,,,,,55,-1.960794,43.320984,84.44568000000001,7.758781656846022,21:37.5,6,-0.11,0101000020E6100000BE870972695FFFBFF50714FB15A94540,20230421_DACIA_DONOSTIA_ULIA_055,,d4,01:37.4,06:35.4,DACIA_SPRING,Dacia Spring 33 kW,33000,139,20:56.1,2.2,3.6,10,N,-3.551052169282775,89.4590258832418,326,115,0.0,18.0,207.0,,,,101,165,161,30,2
21:42.9,,,90,,98.5,,,,,,,55,-1.9607918,43.321217,82.62518,7.784754566057357,21:42.5,6,0.365,0101000020E6100000BFA7E630675FFFBF56A391AE1DA94540,20230421_DACIA_DONOSTIA_ULIA_055,,d4,01:37.4,06:35.4,DACIA_SPRING,Dacia Spring 33 kW,33000,139,20:56.1,2.2,3.6,10,N,-3.569131348726653,87.5085490497122,326,115,0.0,18.0,207.0,,,,101,165,161,30,2
21:48.4,,,90,,98.5,,,,,,,55,-1.9607747,43.32161,80.39031999999999,7.8285331425949405,21:48.5,6,-0.09,0101000020E6100000F2D2EA37555FFFBF327578842AA94540,20230421_DACIA_DONOSTIA_ULIA_055,,d4,01:37.4,06:35.4,DACIA_SPRING,Dacia Spring 33 kW,33000,139,20:56.1,2.2,3.6,10,N,-0.9231387738053712,4.858183980454916,326,115,0.0,18.0,207.0,,,,101,165,161,25,2
21:54.0,,,90,,98.5,,,,,,,55,-1.9604688,43.321636,79.6449,7.853458641390977,21:53.6,6,0.41,0101000020E61000003D802470145EFFBF8B62665D2BA94540,20230421_DACIA_DONOSTIA_ULIA_055,,d4,01:37.4,06:35.4,DACIA_SPRING,Dacia Spring 33 kW,33000,139,20:56.1,2.2,3.6,10,N,-0.9871769596067874,5.915287740880498,326,115,0.0,18.0,207.0,,,,101,165,161,50,2
21:59.5,,,90,,98.5,,,,,,,55,-1.9601696,43.321667,80.50067,7.877921867030781,21:59.6,6,-0.0559999999999999,0101000020E61000005A0219CFDA5CFFBF5486F56F2CA94540,20230421_DACIA_DONOSTIA_ULIA_055,,d4,01:37.4,06:35.4,DACIA_SPRING,Dacia Spring 33 kW,33000,139,20:56.1,2.2,3.6,10,N,0.1489851898610137,172.37185031473564,326,115,0.0,18.0,207.0,,,,101,165,161,50,2
22:05.0,,,90,,98.5,,,,,,,55,-1.960192,43.321670000000005,80.578186,7.879766011766945,22:04.6,6,0.465,0101000020E6100000BAEC4239F25CFFBF4EABCF722CA94540,20230421_DACIA_DONOSTIA_ULIA_055,,d4,01:37.4,06:35.4,DACIA_SPRING,Dacia Spring 33 kW,33000,139,20:56.1,2.2,3.6,10,N,-0.542857107659241,-1.3270779938098964,326,115,0.0,18.0,207.0,,,,101,165,161,50,2
22:10.6,,,90,,98.5,,,,,,,55,-1.9600625,43.321667,78.08001999999999,7.890540926849302,22:10.6,6,0.0,0101000020E61000008E45EC766A5CFFBF314D096F2CA94540,20230421_DACIA_DONOSTIA_ULIA_055,,d4,01:37.4,06:35.4,DACIA_SPRING,Dacia Spring 33 kW,33000,139,20:56.1,2.2,3.6,10,N,-0.6807349395344663,0.8998597168944942,326,115,0.0,18.0,207.0,,,,101,165,161,50,2
22:16.1,,,90,,98.5,,,,,,,55,-1.9598715,43.321670000000005,78.50787,7.906001544951183,22:15.6,6,0.445,0101000020E6100000CB9A1E35A25BFFBF37EBA58C2CA94540,20230421_DACIA_DONOSTIA_ULIA_055,,d4,01:37.4,06:35.4,DACIA_SPRING,Dacia Spring 33 kW,33000,139,20:56.1,2.2,3.6,10,N,-0.541761004542705,-1.3447243891288905,326,115,0.0,18.0,207.0,,,,101,165,161,50,2
22:21.7,,,90,,98.5,,,,,,,55,-1.9590195,43.32165,75.79248,7.975014079797138,22:21.6,6,0.002,0101000020E6100000D5FB95E72458FFBF8AAF13EA2BA94540,20230421_DACIA_DONOSTIA_ULIA_055,,d4,01:37.4,06:35.4,DACIA_SPRING,Dacia Spring 33 kW,33000,139,23:40.8,2.2,3.6,10,N,-0.6732935203840434,0.7792742995438535,326,115,0.0,18.0,207.0,,,,101,165,161,50,2
22:27.1,,,90,,98.5,,,,,,,55,-1.9582843,43.32166,77.44519,8.034522027930219,22:26.7,6,0.4639999999999999,0101000020E610000060BDFEE22155FFBFA2E26A2A2CA94540,20230421_DACIA_DONOSTIA_ULIA_055,,d4,01:37.4,06:35.4,DACIA_SPRING,Dacia Spring 33 kW,33000,139,23:40.8,2.2,3.6,10,N,-0.4370793931148229,-3.0264609273866703,326,115,0.0,18.0,207.0,,,,101,165,161,8,2
22:32.7,,,90,,98.5,,,,,,,55,-1.9573386,43.32161,79.03363,8.111243422934528,22:32.7,6,-0.01,0101000020E61000002C97953F4251FFBF7377C68C2AA94540,20230421_DACIA_DONOSTIA_ULIA_055,,d4,01:37.4,06:35.4,DACIA_SPRING,Dacia Spring 33 kW,33000,139,23:40.8,2.2,3.6,10,N,0.1491152067615549,-12.37392137383688,326,115,0.0,18.0,207.0,,,,101,165,161,50,2
22:38.2,,,90,,98.5,,,,,,,55,-1.9564999,43.321426,77.68939,8.18212143204595,22:37.7,6,0.456,0101000020E61000004D09D2D6D24DFFBFA6EDC28324A94540,20230421_DACIA_DONOSTIA_ULIA_055,,d4,01:37.4,06:35.4,DACIA_SPRING,Dacia Spring 33 kW,33000,139,23:40.8,2.2,3.6,10,N,-0.5351019588886785,-1.451912055591774,326,115,0.0,18.0,207.0,,,,101,165,161,50,2
22:43.7,,,90,,98.5,,,,,,,55,-1.9554741,43.3214,77.95056,8.265155441421847,22:43.7,6,-0.039,0101000020E6100000149B0B339F49FFBF0CFE86A223A94540,20230421_DACIA_DONOSTIA_ULIA_055,,d4,01:37.4,06:35.4,DACIA_SPRING,Dacia Spring 33 kW,33000,139,23:40.8,2.2,3.6,10,N,-0.6091411896507158,-0.2583491879925073,326,115,0.0,18.0,207.0,,,,101,165,161,25,2
22:49.4,,,90,,98.5,,,,,,,55,-1.954587,43.321396,79.697266,8.336941050397806,22:49.8,6,-0.373,0101000020E6100000C6D187F4FC45FFBF292E3B8223A94540,20230421_DACIA_DONOSTIA_ULIA_055,,d4,01:37.4,06:35.4,DACIA_SPRING,Dacia Spring 33 kW,33000,139,23:40.8,2.2,3.6,10,N,-0.4791085972547677,-2.352059028561372,326,115,0.0,18.0,207.0,,,,101,165,161,25,2
22:54.9,,,90,,98.5,,,,,,,55,-1.953954,43.32137,71.638306,8.388859162302223,22:54.8,6,0.1369999999999999,0101000020E6100000CCD933326543FFBFD6046A9422A94540,20230421_DACIA_DONOSTIA_ULIA_055,,d4,01:37.4,06:35.4,DACIA_SPRING,Dacia Spring 33 kW,33000,139,23:40.8,2.2,3.6,10,N,-0.9615934226240224,5.492324557307852,326,115,0.0,18.0,207.0,,,,101,165,161,25,2
23:00.4,,,90,,98.5,,,,,,,55,-1.953434,43.32142,69.08471999999999,8.431367750265126,23:00.8,6,-0.344,0101000020E6100000B94F8E024441FFBF8E90A24A24A94540,20230421_DACIA_DONOSTIA_ULIA_055,,d4,01:37.4,06:35.4,DACIA_SPRING,Dacia Spring 33 kW,33000,139,23:40.8,2.2,3.6,10,N,-1.0734101154280191,7.347690765264412,326,115,0.0,18.0,207.0,,,,101,165,161,25,2
23:06.0,,,90,,98.5,,,,,,,55,-1.9531238,43.32146,67.21008,8.456921702234668,23:05.8,6,0.208,0101000020E610000030689DC8FE3FFFBF9F6B259525A94540,20230421_DACIA_DONOSTIA_ULIA_055,,d4,01:37.4,06:35.4,DACIA_SPRING,Dacia Spring 33 kW,33000,139,23:40.8,2.2,3.6,10,N,-0.5098085833655973,-1.8587769627367972,326,115,0.0,18.0,207.0,,,,101,165,161,25,2
23:11.6,,,90,,98.5,,,,,,,55,-1.9524459,43.321438,66.76495,8.511817497799125,23:11.8,6,-0.285,0101000020E6100000CC91BEDE373DFFBF76C54AD424A94540,20230421_DACIA_DONOSTIA_ULIA_055,,d4,01:37.4,06:35.4,DACIA_SPRING,Dacia Spring 33 kW,33000,139,23:40.8,2.2,3.6,10,N,-0.3966010507105766,-3.6750599169922777,326,115,0.0,18.0,207.0,,,,101,165,161,50,2
23:17.1,,,90,,98.5,,,,,,,55,-1.951792,43.321396,62.14026,8.565122229596753,23:16.9,6,0.193,0101000020E61000005ABBCC348A3AFFBFA6AB438723A94540,20230421_DACIA_DONOSTIA_ULIA_055,,d4,01:37.4,06:35.4,DACIA_SPRING,Dacia Spring 33 kW,33000,139,23:40.8,2.2,3.6,10,N,-0.5199431906569246,-1.6958042020418007,326,115,0.0,18.0,207.0,,,,101,165,161,50,2
23:22.5,,,90,,98.5,,,,,,,55,-1.9509138,43.32137,63.26001,8.636232866003226,23:22.9,6,-0.332,0101000020E61000004F6EE368F136FFBF6B9A779C22A94540,20230421_DACIA_DONOSTIA_ULIA_055,,d4,01:37.4,06:35.4,DACIA_SPRING,Dacia Spring 33 kW,33000,139,23:40.8,2.2,3.6,10,N,-0.7514972539060731,2.049064421591742,326,115,0.0,18.0,207.0,,,,101,165,161,50,2
23:28.1,,,90,,98.5,,,,,,,55,-1.9501871,43.321396,67.09985,8.695216280896169,23:27.9,6,0.1939999999999999,0101000020E6100000F3205E53F733FFBFC49E6E8723A94540,20230421_DACIA_DONOSTIA_ULIA_055,,d4,01:37.4,06:35.4,DACIA_SPRING,Dacia Spring 33 kW,33000,139,23:40.8,2.2,3.6,10,N,-0.7408908779235338,1.8765112042700984,326,115,0.0,18.0,207.0,,,,101,165,161,50,2
23:33.8,,,90,,98.5,,,,,,,55,-1.949363,43.321423,69.52136,8.761994274266955,23:33.9,6,-0.129,0101000020E6100000A1E82E479730FFBFE7C1FE6724A94540,20230421_DACIA_DONOSTIA_ULIA_055,,d4,01:37.4,06:35.4,DACIA_SPRING,Dacia Spring 33 kW,33000,139,23:40.8,2.2,3.6,10,N,-0.8856345528287775,4.241505674039649,326,115,0.0,18.0,207.0,,,,101,165,161,8,2
23:39.4,,,90,,98.5,,,,,,,55,-1.9487023,43.321472,72.94702,8.815828420558047,23:39.0,6,0.3879999999999999,0101000020E6100000629A4C89E22DFFBF52678BF725A94540,20230421_DACIA_DONOSTIA_ULIA_055,,d4,01:37.4,06:35.4,DACIA_SPRING,Dacia Spring 33 kW,33000,139,23:40.8,2.2,3.6,10,N,-0.5942438087598694,-0.4988312472583822,326,115,0.0,18.0,207.0,,,,101,165,161,50,2
23:45.0,,,90,,98.5,,,,,,,55,-1.9478983,43.321465,75.52221999999999,8.880924466398431,23:45.1,6,-0.015,0101000020E6100000125C5960972AFFBF108BBDBC25A94540,20230421_DACIA_DONOSTIA_ULIA_055,,d4,01:37.4,06:35.4,DACIA_SPRING,Dacia Spring 33 kW,33000,139,23:40.8,2.2,3.6,10,N,-0.5730017631813984,-0.8414416793774828,326,115,0.0,18.0,207.0,,,,101,165,161,50,2
23:50.5,,,90,,98.5,,,,,,,55,-1.9473536,43.321457,78.37305,8.925089638733091,23:50.0,6,0.461,0101000020E61000008FF0074D5C28FFBF99E4918925A94540,20230421_DACIA_DONOSTIA_ULIA_055,,d4,01:37.4,06:35.4,DACIA_SPRING,Dacia Spring 33 kW,33000,139,23:40.8,2.2,3.6,10,N,-0.503655204556273,-1.9576958867816243,326,115,0.0,18.0,207.0,,,,101,165,161,8,2
23:56.2,,,90,,98.5,,,,,,,55,-1.9465637,43.32143,79.08776999999999,8.98906394438246,23:56.0,6,0.146,0101000020E61000000DE712F51F25FFBF4D6C1DA024A94540,20230421_DACIA_DONOSTIA_ULIA_055,,d4,01:37.4,06:35.4,DACIA_SPRING,Dacia Spring 33 kW,33000,139,23:40.8,2.2,3.6,10,N,-0.6455980290101064,0.3308988885929767,326,115,0.0,18.0,207.0,,,,101,165,161,8,2
24:01.7,,,90,,98.5,,,,,,,55,-1.9458711,43.321434,77.15594499999999,9.04512764660405,24:02.1,6,-0.325,0101000020E610000045E6BABE4922FFBF35ACF3B924A94540,20230421_DACIA_DONOSTIA_ULIA_055,,d4,01:37.4,06:35.4,DACIA_SPRING,Dacia Spring 33 kW,33000,139,23:40.8,2.2,3.6,10,N,0.1165826856257614,-11.855795537036617,326,115,0.0,18.0,207.0,,,,101,165,161,8,2
24:07.3,,,90,,98.5,,,,,,,55,-1.9453614,43.321327,78.49200400000001,9.088063485591093,24:07.1,6,0.262,0101000020E6100000DA0520413320FFBF78C5DF3821A94540,20230421_DACIA_DONOSTIA_ULIA_055,,d4,01:37.4,06:35.4,DACIA_SPRING,Dacia Spring 33 kW,33000,139,23:40.8,2.2,3.6,10,N,-0.012891316071328,-9.79482789394038,326,115,0.0,18.0,207.0,,,,101,165,161,55,2
24:12.8,,,90,,98.5,,,,,,,55,-1.944898,43.321247,81.44324,9.126704687231904,24:13.1,6,-0.259,0101000020E61000004AEB14504D1EFFBF8B0301951EA94540,20230421_DACIA_DONOSTIA_ULIA_055,,d4,01:37.4,06:35.4,DACIA_SPRING,Dacia Spring 33 kW,33000,139,23:40.8,2.2,3.6,10,N,1.1769278911152363,-29.08220587887876,326,115,0.0,18.0,207.0,,,,101,165,161,55,1
24:18.3,,,90,,98.5,,,,,,,55,-1.9446337,43.3211,83.36896,9.153686775118222,24:18.1,6,0.2019999999999999,0101000020E6100000EFBF7C4F381DFFBF8ED08DB819A94540,20230421_DACIA_DONOSTIA_ULIA_055,,d4,01:37.4,06:35.4,DACIA_SPRING,Dacia Spring 33 kW,33000,139,23:40.8,2.2,3.6,10,N,0.9707760646002666,-25.644036946188702,326,115,0.0,18.0,207.0,,,,101,165,161,55,1
24:23.9,,,90,,98.5,,,,,,,55,-1.944265,43.320923,85.77002,9.189502312906129,24:24.1,6,-0.271,0101000020E61000009DEC2C9BB51BFFBF0E5B48FA13A94540,20230421_DACIA_DONOSTIA_ULIA_055,,d4,01:37.4,06:35.4,DACIA_SPRING,Dacia Spring 33 kW,33000,139,23:40.8,2.2,3.6,10,N,0.7472256768067443,-21.979557655111748,326,115,0.0,18.0,207.0,,,,101,165,161,50,1
24:29.4,,,90,,98.5,,,,,,,55,-1.9440767,43.320847,84.782776,9.206950274659285,24:29.2,6,0.21,0101000020E610000002AD0A1EF01AFFBFAA3BA28411A94540,20230421_DACIA_DONOSTIA_ULIA_055,,d4,01:37.4,06:35.4,DACIA_SPRING,Dacia Spring 33 kW,33000,139,23:40.8,2.2,3.6,10,N,0.4150692677849645,-16.620756930494178,326,115,0.0,18.0,207.0,,,,101,165,161,50,1
24:34.9,,,90,,98.5,,,,,,,55,-1.9440633000000005,43.320843,84.27776999999999,9.208226188348585,24:35.2,6,-0.272,0101000020E6100000C2702A29E21AFFBF7A72EA5611A94540,20230421_DACIA_DONOSTIA_ULIA_055,,d4,01:37.4,06:35.4,DACIA_SPRING,Dacia Spring 33 kW,33000,139,23:40.8,2.2,3.6,10,N,3.5729223559336147,-92.96823402971508,326,115,0.0,18.0,207.0,,,,101,165,161,50,1
24:40.4,,,90,,98.5,,,,,,,55,-1.9440647,43.320816,85.23578,9.211379629841176,24:40.2,6,0.17,0101000020E610000080519B9BE31AFFBFA489988E10A94540,20230421_DACIA_DONOSTIA_ULIA_055,,d4,01:37.4,06:35.4,DACIA_SPRING,Dacia Spring 33 kW,33000,139,23:40.8,2.2,3.6,10,N,2.8144011427660427,-138.57633434566694,326,115,0.0,18.0,207.0,,,,101,165,161,50,1
24:45.8,,,90,,98.5,,,,,,,55,-1.9440715,43.32081,86.59454000000001,9.21299020520906,24:46.2,6,-0.3829999999999999,0101000020E610000029FB3AB2EA1AFFBF5DBB9B4410A94540,20230421_DACIA_DONOSTIA_ULIA_055,,d4,01:37.4,06:35.4,DACIA_SPRING,Dacia Spring 33 kW,33000,139,23:40.8,2.2,3.6,10,N,-0.7362724767706288,158.19859049346812,326,115,0.0,18.0,207.0,,,,101,165,161,50,1
24:51.5,,,90,,98.5,,,,,,,55,-1.9440765,43.320812,86.1698,9.213617476412484,24:51.2,6,0.2689999999999999,0101000020E61000008B888300F01AFFBF6988F05010A94540,20230421_DACIA_DONOSTIA_ULIA_055,,d4,01:37.4,06:35.4,DACIA_SPRING,Dacia Spring 33 kW,33000,139,25:56.2,2.2,3.6,10,N,0.9071317687219342,-24.59477135368105,326,115,0.0,18.0,207.0,,,,101,165,161,50,1
24:57.0,,,90,,98.5,,,,,,,55,-1.9435762,43.320583,84.21509,9.26147420268306,24:57.3,6,-0.278,0101000020E61000003859D558E318FFBF7864E6E108A94540,20230421_DACIA_DONOSTIA_ULIA_055,,d4,01:37.4,06:35.4,DACIA_SPRING,Dacia Spring 33 kW,33000,139,25:56.2,2.2,3.6,10,N,0.5111407851778967,-18.162642115995563,326,115,0.0,18.0,207.0,,,,101,165,161,8,1
25:02.4,,,90,,98.5,,,,,,,55,-1.9430641,43.320415,84.4397,9.30691934814393,25:02.3,6,0.111,0101000020E61000004BBAFB56CA16FFBFECE80B6303A94540,20230421_DACIA_DONOSTIA_ULIA_055,,d4,01:37.4,06:35.4,DACIA_SPRING,Dacia Spring 33 kW,33000,139,25:56.2,2.2,3.6,10,N,0.4636818997588641,-17.40028490615073,326,115,0.0,18.0,207.0,,,,101,165,161,8,1
25:07.9,,,90,,98.5,,,,,,,55,-1.9423238,43.320183,87.47211,9.372198175103545,25:08.3,6,-0.37,0101000020E610000032AF441CC213FFBFFCC0B8C8FBA84540,20230421_DACIA_DONOSTIA_ULIA_055,,d4,01:37.4,06:35.4,DACIA_SPRING,Dacia Spring 33 kW,33000,139,25:56.2,2.2,3.6,10,N,0.4392252320910927,-17.00794695524244,326,115,0.0,18.0,207.0,,,,101,165,161,25,1
25:13.3,,,90,,98.5,,,,,,,55,-1.9418988,43.320053,84.94263000000001,9.409580641684887,25:13.3,6,0.018,0101000020E61000007B3D4E870412FFBF70A2AF83F7A84540,20230421_DACIA_DONOSTIA_ULIA_055,,d4,01:37.4,06:35.4,DACIA_SPRING,Dacia Spring 33 kW,33000,139,25:56.2,2.2,3.6,10,N,0.0626350614844897,-10.996918265490686,326,115,0.0,18.0,207.0,,,,101,165,161,50,1
25:18.8,,,90,,98.5,,,,,,,55,-1.9412504,43.319927,81.6712,9.46397227380315,25:18.4,6,0.432,0101000020E6100000FA8C55945C0FFFBF6CE50C62F3A84540,20230421_DACIA_DONOSTIA_ULIA_055,,d4,01:37.4,06:35.4,DACIA_SPRING,Dacia Spring 33 kW,33000,139,25:56.2,2.2,3.6,10,N,-0.2358540110260875,-6.2435763244034925,326,115,0.0,18.0,207.0,,,,101,165,161,50,1
25:24.3,,,90,,98.5,,,,,,,55,-1.9403455000000005,43.319828,74.15686,9.538380504952404,25:24.4,6,-0.123,0101000020E6100000AAA9B8B3A70BFFBF0EE5FA2DF0A84540,20230421_DACIA_DONOSTIA_ULIA_055,,d4,01:37.4,06:35.4,DACIA_SPRING,Dacia Spring 33 kW,33000,139,25:56.2,2.2,3.6,10,N,-0.3116427360403735,-5.0338359148871055,326,115,0.0,18.0,207.0,,,,101,165,161,45,1
25:29.8,,,90,,98.5,,,,,,,55,-1.9397438,43.319775,67.82885999999999,9.587819113362407,25:29.4,6,0.384,0101000020E6100000521829CE3009FFBF9E73BF5CEEA84540,20230421_DACIA_DONOSTIA_ULIA_055,,d4,01:37.4,06:35.4,DACIA_SPRING,Dacia Spring 33 kW,33000,139,25:56.2,2.2,3.6,10,N,-0.375521878851519,-4.0124917472437,326,115,0.0,18.0,207.0,,,,101,165,161,45,1
25:35.2,,,90,,98.5,,,,,,,55,-1.9393874,43.31975,65.99603,9.616842908607966,25:35.4,6,-0.22,0101000020E61000003B641415BB07FFBFC877ADADEDA84540,20230421_DACIA_DONOSTIA_ULIA_055,,d4,01:37.4,06:35.4,DACIA_SPRING,Dacia Spring 33 kW,33000,139,25:56.2,2.2,3.6,10,N,-1.6143345214471625,16.642758915034513,326,115,0.0,18.0,207.0,,,,101,165,161,50,1
25:40.7,,,90,,98.5,,,,,,,55,-1.9389592,43.319878,67.26221,9.65431494790106,25:40.4,6,0.236,0101000020E61000009809121DFA05FFBF3DBB3ACFF1A84540,20230421_DACIA_DONOSTIA_ULIA_055,,d4,01:37.4,06:35.4,DACIA_SPRING,Dacia Spring 33 kW,33000,139,25:56.2,2.2,3.6,10,N,-1.2378069708466728,10.110712509494412,326,115,0.0,18.0,207.0,,,,101,165,161,8,1
25:46.2,,,90,,98.5,,,,,,,55,-1.9383199,43.319992,63.81756600000001,9.707675230752315,25:46.5,6,-0.288,0101000020E6100000668F48C25B03FFBFF93AFC77F5A84540,20230421_DACIA_DONOSTIA_ULIA_055,,d4,01:37.4,06:35.4,DACIA_SPRING,Dacia Spring 33 kW,33000,139,25:56.2,2.2,3.6,10,N,-0.1028069347801386,-8.36355433478422,326,115,0.0,18.0,207.0,,,,101,165,161,55,1
25:51.7,,,90,,98.5,,,,,,,55,-1.9379662,43.31994,64.285706,9.73687099841535,25:51.5,6,0.1989999999999999,0101000020E6100000CA9C15EEE801FFBF4E8FD8B4F3A84540,20230421_DACIA_DONOSTIA_ULIA_055,,d4,01:37.4,06:35.4,DACIA_SPRING,Dacia Spring 33 kW,33000,139,25:56.2,2.2,3.6,10,N,-1.0844943028108336,7.532601401044965,326,115,0.0,18.0,207.0,,,,101,165,161,55,1
25:57.2,,,90,,98.5,,,,,,,55,-1.9375427,43.319996,57.730896,9.772304175190836,25:57.5,6,-0.326,0101000020E610000019A831C62C00FFBFE2E56D95F5A84540,20230421_DACIA_DONOSTIA_ULIA_055,,d4,01:37.4,06:35.4,DACIA_SPRING,Dacia Spring 33 kW,33000,139,25:56.2,2.2,3.6,10,N,-1.00699913040031,6.243612352123841,326,115,0.0,18.0,207.0,,,,101,165,161,55,1
26:02.7,,,90,,98.5,,,,,,,55,-1.9370217,43.320053,57.819153,9.814926007024228,26:02.5,6,0.1969999999999999,0101000020E6100000660E0F820AFEFEBFB1632B81F7A84540,20230421_DACIA_DONOSTIA_ULIA_055,,d4,01:37.4,06:35.4,DACIA_SPRING,Dacia Spring 33 kW,33000,139,25:56.2,2.2,3.6,10,N,-1.576237072981531,15.96637707662928,326,115,0.0,18.0,207.0,,,,101,165,161,55,1
26:08.3,,,90,,98.5,,,,,,,55,-1.9362283,43.32028,56.15643299999999,9.883915214082563,26:08.5,6,-0.258,0101000020E610000009D3FF8BCAFAFEBFDD804BD7FEA84540,20230421_DACIA_DONOSTIA_ULIA_055,,d4,01:37.4,06:35.4,DACIA_SPRING,Dacia Spring 33 kW,33000,139,25:56.2,2.2,3.6,10,N,-1.5258586509402634,15.077870143995396,326,115,0.0,18.0,207.0,,,,101,165,161,8,1
26:13.9,,,90,,98.5,,,,,,,55,-1.9355713,43.320457,57.585815,9.940609943723524,26:13.5,6,0.312,0101000020E6100000B170CC9119F8FEBF7553B1CE04A94540,20230421_DACIA_DONOSTIA_ULIA_055,,d4,01:37.4,06:35.4,DACIA_SPRING,Dacia Spring 33 kW,33000,139,25:56.2,2.2,3.6,10,N,-1.780888923717325,19.64940083480061,326,115,0.0,18.0,207.0,,,,101,165,161,8,1
26:19.4,,,90,,98.5,,,,,,,55,-1.9347507,43.32075,54.6687,10.014615633435259,26:19.6,6,-0.218,0101000020E6100000103F9C13BDF4FEBF9FA486570EA94540,20230421_DACIA_DONOSTIA_ULIA_055,,d4,01:37.4,06:35.4,DACIA_SPRING,Dacia Spring 33 kW,33000,139,25:56.2,2.2,3.6,10,N,-1.6377259739965506,17.06003674876319,326,115,0.0,18.0,207.0,,,,101,165,161,8,1
26:24.9,,,90,,98.5,,,,,,,55,-1.9340338,43.32097,51.801147,10.077624137152444,26:24.6,6,0.253,0101000020E6100000D8BC056DCDF1FEBF5AF6A07715A94540,20230421_DACIA_DONOSTIA_ULIA_055,,d4,01:37.4,06:35.4,DACIA_SPRING,Dacia Spring 33 kW,33000,139,25:56.2,2.2,3.6,10,N,-1.388035695671827,12.67884987885073,326,115,0.0,18.0,207.0,,,,101,165,161,25,1
26:30.3,,,90,,98.5,,,,,,,55,-1.9331448,43.32117,53.107727,10.152912544353324,26:30.6,6,-0.299,0101000020E6100000F180F44529EEFEBF92FABA251CA94540,20230421_DACIA_DONOSTIA_ULIA_055,,d4,01:37.4,06:35.4,DACIA_SPRING,Dacia Spring 33 kW,33000,139,25:56.2,2.2,3.6,10,N,-0.8829645632828323,4.197668357003012,373,104,94.0,47.0,116.0,,,,116,257,116,8,1
26:35.8,,,90,,98.5,,,,,,,55,-1.9323273,43.32123,53.588196,10.219382780356302,26:35.6,6,0.144,0101000020E6100000BFB67EFACFEAFEBF149615161EA94540,20230421_DACIA_DONOSTIA_ULIA_055,,d4,01:37.4,06:35.4,DACIA_SPRING,Dacia Spring 33 kW,33000,139,25:56.2,2.2,3.6,10,N,-0.7599683632171027,2.1869590110384736,373,104,94.0,47.0,116.0,,,,116,257,116,50,1
26:41.3,,,90,,98.5,,,,,,,55,-1.9313846,43.321266,53.79724,10.295749046640262,26:41.7,6,-0.3989999999999999,0101000020E61000001EC62087F3E6FEBF9775DE4A1FA94540,20230421_DACIA_DONOSTIA_ULIA_055,,d4,01:37.4,06:35.4,DACIA_SPRING,Dacia Spring 33 kW,33000,139,25:56.2,2.2,3.6,10,N,-0.3914798252637892,-3.757059438233085,373,104,94.0,47.0,116.0,,,,116,257,116,50,1
26:46.7,,,90,,98.5,,,,,,,55,-1.9305775,43.321213,43.874390000000005,10.362052654362484,26:46.7,6,0.072,0101000020E6100000D544FA48A5E3FEBF2C616D8C1DA94540,20230421_DACIA_DONOSTIA_ULIA_055,,d4,01:37.4,06:35.4,DACIA_SPRING,Dacia Spring 33 kW,33000,139,25:56.2,2.2,3.6,10,N,-0.5416665242931868,-1.346245407845686,326,115,0.0,18.0,207.0,,,,101,165,161,8,2
26:52.3,,,90,,98.5,,,,,,,55,-1.9294286,43.321186,48.29419,10.455148001878966,26:52.7,6,-0.419,0101000020E610000038EA9570F0DEFEBF743D34A01CA94540,20230421_DACIA_DONOSTIA_ULIA_055,,d4,01:37.4,06:35.4,DACIA_SPRING,Dacia Spring 33 kW,33000,139,25:56.2,2.2,3.6,10,N,-0.4260086542728606,-3.203937027795376,326,115,0.0,18.0,207.0,,,,101,165,161,25,2
26:57.8,,,90,,98.5,,,,,,,55,-1.9284282,43.32113,45.47345,10.536365036290185,26:57.7,6,0.095,0101000020E61000002124EA89D7DAFEBF28AD09B31AA94540,20230421_DACIA_DONOSTIA_ULIA_055,,d4,01:37.4,06:35.4,DACIA_SPRING,Dacia Spring 33 kW,33000,139,25:56.2,2.2,3.6,10,N,-0.8134191509879026,3.058733987899366,326,115,0.0,18.0,207.0,,,,101,165,161,25,2
27:03.4,,,90,,98.5,,,,,,,55,-1.9272305,43.321194,39.72119,10.633685878477525,27:03.7,6,-0.373,0101000020E6100000FD199C90EFD5FEBF68379FDF1CA94540,20230421_DACIA_DONOSTIA_ULIA_055,,d4,01:37.4,06:35.4,DACIA_SPRING,Dacia Spring 33 kW,33000,139,25:56.2,2.2,3.6,10,N,-1.037174659844184,6.744483583355343,326,115,0.0,18.0,207.0,,,,101,165,161,25,2
27:09.0,,,89,,98.5,,,,,,,55,-1.9262327,43.321312,36.4599,10.71552873106236,27:08.8,6,0.231,0101000020E610000073CCC353D9D1FEBFE31037C820A94540,20230421_DACIA_DONOSTIA_ULIA_055,,d4,01:37.4,06:35.4,DACIA_SPRING,Dacia Spring 33 kW,33000,139,25:56.2,2.2,3.6,10,N,-1.183861106711326,9.19900868846898,326,115,0.0,18.0,207.0,,,,101,165,161,30,2
27:14.5,,,89,,98.5,,,,,,,55,-1.9251027,43.321495,39.982605,10.809245054976547,27:14.8,6,-0.268,0101000020E6100000B93A3A8D38CDFEBF10E445CB26A94540,20230421_DACIA_DONOSTIA_ULIA_055,,d4,01:37.4,06:35.4,DACIA_SPRING,Dacia Spring 33 kW,33000,139,25:56.2,2.2,3.6,10,N,-0.8618580014319903,3.85142567607275,326,115,0.0,18.0,207.0,,,,101,165,161,30,2
27:20.0,,,89,,98.5,,,,,,,55,-1.9241966,43.321556,40.851135,10.882863190958187,27:19.8,6,0.198,0101000020E61000004669045582C9FEBF74CD47C628A94540,20230421_DACIA_DONOSTIA_ULIA_055,,d4,01:37.4,06:35.4,DACIA_SPRING,Dacia Spring 33 kW,33000,139,28:40.9,2.2,3.6,10,N,-0.2403510279470828,-6.17184701253082,326,115,0.0,18.0,207.0,,,,101,165,161,30,2
27:25.5,,,89,,98.5,,,,,,,55,-1.9232811,43.321457,42.99109,10.9577677259875,27:25.8,6,-0.297,0101000020E610000008E04D54C2C5FEBFE1C1058F25A94540,20230421_DACIA_DONOSTIA_ULIA_055,,d4,01:37.4,06:35.4,DACIA_SPRING,Dacia Spring 33 kW,33000,139,28:40.9,2.2,3.6,10,N,-0.1859548309389994,-7.039119271640926,326,115,0.0,18.0,207.0,,,,101,165,161,10,2
27:31.0,,,89,,98.5,,,,,,,55,-1.9226899,43.321384,43.13324,11.006277679452023,27:30.9,6,0.1169999999999999,0101000020E61000002D2D1B8456C3FEBF4DF4F92823A94540,20230421_DACIA_DONOSTIA_ULIA_055,,d4,01:37.4,06:35.4,DACIA_SPRING,Dacia Spring 33 kW,33000,139,28:40.9,2.2,3.6,10,N,0.795147879356231,-22.76039653542939,326,115,0.0,18.0,207.0,,,,101,165,161,30,2
27:36.5,,,89,,98.5,,,,,,,55,-1.922473,43.321293,40.869263,11.026658806805981,27:36.9,6,-0.373,0101000020E61000006C48160F73C2FEBF8AD3FF2820A94540,20230421_DACIA_DONOSTIA_ULIA_055,,d4,01:37.4,06:35.4,DACIA_SPRING,Dacia Spring 33 kW,33000,139,28:40.9,2.2,3.6,10,N,3.1669911738884173,-71.6085779699373,326,115,0.0,18.0,207.0,,,,101,165,161,55,2
27:42.0,,,89,,98.5,,,,,,,55,-1.9223942,43.321056,41.676147,11.053784037215937,27:41.9,6,0.16,0101000020E61000004352B06B20C2FEBF7C499D5F18A94540,20230421_DACIA_DONOSTIA_ULIA_055,,d4,01:37.4,06:35.4,DACIA_SPRING,Dacia Spring 33 kW,33000,139,28:40.9,2.2,3.6,10,N,0.8594414143084486,-23.81181591210904,326,115,0.0,18.0,207.0,,,,101,165,161,55,2
27:47.7,,,89,,98.5,,,,,,,55,-1.922154,43.32095,40.322876,11.076551016837325,27:47.9,6,-0.226,0101000020E6100000D06C708524C1FEBF5B274FD514A94540,20230421_DACIA_DONOSTIA_ULIA_055,,d4,01:37.4,06:35.4,DACIA_SPRING,Dacia Spring 33 kW,33000,139,28:40.9,2.2,3.6,10,N,0.7775715303239045,-22.473737646957236,326,115,0.0,18.0,207.0,,,,101,165,161,55,2
27:53.3,,,89,,98.5,,,,,,,55,-1.9214433,43.320656,41.28546,11.142695903233458,27:52.9,6,0.336,0101000020E6100000A0E469543BBEFEBF0C32F2470BA94540,20230421_DACIA_DONOSTIA_ULIA_055,,d4,01:37.4,06:35.4,DACIA_SPRING,Dacia Spring 33 kW,33000,139,28:40.9,2.2,3.6,10,N,0.9684865989643204,-25.606200714314628,326,115,0.0,18.0,207.0,,,,101,165,161,50,2
27:58.9,,,89,,98.5,,,,,,,55,-1.9207902,43.320343,39.569458,11.205986515924739,27:58.9,6,-0.046,0101000020E6100000E1D4E6838EBBFEBF11EAF90501A94540,20230421_DACIA_DONOSTIA_ULIA_055,,d4,01:37.4,06:35.4,DACIA_SPRING,Dacia Spring 33 kW,33000,139,28:40.9,2.2,3.6,10,N,1.1777328046602586,-29.0957618967678,326,115,0.0,18.0,207.0,,,,101,165,161,50,2
28:04.4,,,89,,98.5,,,,,,,55,-1.9203176,43.32008,41.373413,11.254154842318373,28:04.0,6,0.395,0101000020E61000002CAFC70A9FB9FEBF22FE8259F8A84540,20230421_DACIA_DONOSTIA_ULIA_055,,d4,01:37.4,06:35.4,DACIA_SPRING,Dacia Spring 33 kW,33000,139,28:40.9,2.2,3.6,10,N,1.1624927719183462,-28.839282997064007,326,115,0.0,18.0,207.0,,,,101,165,161,8,2
28:10.0,,,89,,98.5,,,,,,,55,-1.9196384,43.319706,40.51477,11.323069816761745,28:10.0,6,-0.026,0101000020E6100000E62927B1D6B6FEBF1677512EECA84540,20230421_DACIA_DONOSTIA_ULIA_055,,d4,01:37.4,06:35.4,DACIA_SPRING,Dacia Spring 33 kW,33000,139,28:40.9,2.2,3.6,10,N,0.9015528307953758,-24.50303823633666,326,115,0.0,18.0,207.0,,,,101,165,161,8,2
28:15.5,,,89,,98.5,,,,,,,55,-1.9191272,43.319473,43.497864,11.37196163053302,28:15.0,6,0.488,0101000020E61000004BA15EB6BEB4FEBF910D837DE4A84540,20230421_DACIA_DONOSTIA_ULIA_055,,d4,01:37.4,06:35.4,DACIA_SPRING,Dacia Spring 33 kW,33000,139,28:40.9,2.2,3.6,10,N,0.6649656614696045,-20.644381699629932,326,115,0.0,18.0,207.0,,,,101,165,161,8,2
28:21.0,,,89,,98.5,,,,,,,55,-1.9184026,43.3192,43.90399,11.437975961276496,28:21.0,6,-0.039,0101000020E610000035D09DDCC6B1FEBF361A2386DBA84540,20230421_DACIA_DONOSTIA_ULIA_055,,d4,01:37.4,06:35.4,DACIA_SPRING,Dacia Spring 33 kW,33000,139,28:40.9,2.2,3.6,10,N,0.5488972534651937,-18.770178508235333,326,115,0.0,18.0,207.0,,,,101,165,161,25,2
28:26.7,,,89,,98.5,,,,,,,55,-1.9176964,43.31896,45.1615,11.501045143117297,28:27.1,6,-0.411,0101000020E61000003390C250E2AEFEBF239E91ADD3A84540,20230421_DACIA_DONOSTIA_ULIA_055,,d4,01:37.4,06:35.4,DACIA_SPRING,Dacia Spring 33 kW,33000,139,28:40.9,2.2,3.6,10,N,0.2653808349980343,-14.227501916098774,326,115,0.0,18.0,207.0,,,,101,165,161,25,2
28:32.2,,,89,,98.5,,,,,,,55,-1.917302,43.31886,47.580444,11.53492042972708,28:32.1,6,0.084,0101000020E6100000BF1458DF44ADFEBFE913F559D0A84540,20230421_DACIA_DONOSTIA_ULIA_055,,d4,01:37.4,06:35.4,DACIA_SPRING,Dacia Spring 33 kW,33000,139,28:40.9,2.2,3.6,10,N,0.077895737617317,-11.239845928896182,326,115,0.0,18.0,207.0,,,,101,165,161,25,2
28:37.7,,,89,,98.5,,,,,,,55,-1.9167988,43.31876,46.221436,11.577142301711204,28:38.1,6,-0.445,0101000020E61000007AFF403535ABFEBFD36EB215CDA84540,20230421_DACIA_DONOSTIA_ULIA_055,,d4,01:37.4,06:35.4,DACIA_SPRING,Dacia Spring 33 kW,33000,139,28:40.9,2.2,3.6,10,N,0.6827804270962756,-20.933014620065823,326,115,0.0,18.0,207.0,,,,101,165,161,25,2
28:43.0,,,89,,98.5,,,,,,,55,-1.9162289,43.318542,47.343994,11.629243303893075,28:43.1,6,-0.074,0101000020E610000034FC9FAADFA8FEBFB8EA950DC6A84540,20230421_DACIA_DONOSTIA_ULIA_055,,d4,01:37.4,06:35.4,DACIA_SPRING,Dacia Spring 33 kW,33000,139,28:40.9,2.2,3.6,10,N,0.6552892933396829,-20.48772116034443,326,115,0.0,18.0,207.0,,,,101,165,161,25,2
28:48.7,,,89,,98.5,,,,,,,55,-1.9154474,43.31825,48.382935,11.700324362083004,28:49.2,6,-0.412,0101000020E61000009C5BD71EACA5FEBFFF452B52BCA84540,20230421_DACIA_DONOSTIA_ULIA_055,,d4,01:37.4,06:35.4,DACIA_SPRING,Dacia Spring 33 kW,33000,139,28:40.9,2.2,3.6,10,N,1.289547009163023,-30.990153357435247,373,104,94.0,47.0,116.0,,,,116,257,116,25,2
28:54.3,,,89,,98.5,,,,,,,55,-1.914873,43.317905,51.129272,11.760645166388418,28:54.2,6,0.119,0101000020E610000000E5EFDE51A3FEBFB744EC1BB1A84540,20230421_DACIA_DONOSTIA_ULIA_055,,d4,01:37.4,06:35.4,DACIA_SPRING,Dacia Spring 33 kW,33000,139,28:40.9,2.2,3.6,10,N,0.6804823113960794,-20.895765173927053,373,104,94.0,47.0,116.0,,,,116,257,116,50,2
28:59.9,,,89,,98.5,,,,,,,55,-1.9141003,43.31761,53.627136,11.831285232944843,29:00.2,6,-0.272,0101000020E6100000E6A2CE9A27A0FEBF0A19447BA7A84540,20230421_DACIA_DONOSTIA_ULIA_055,,d4,01:37.4,06:35.4,DACIA_SPRING,Dacia Spring 33 kW,33000,139,28:40.9,2.2,3.6,10,N,1.0966810341662363,-27.73612300887846,373,104,94.0,47.0,116.0,,,,116,257,116,20,2
29:05.4,,,89,,98.5,,,,,,,55,-1.9135735,43.317333000000005,53.18036,11.883871039199857,29:05.2,6,0.217,0101000020E61000008F7CB139FF9DFEBF6DA1F1659EA84540,20230421_DACIA_DONOSTIA_ULIA_055,,d4,01:37.4,06:35.4,DACIA_SPRING,Dacia Spring 33 kW,33000,139,28:40.9,2.2,3.6,10,N,2.109684333024844,-45.87532330278459,373,104,94.0,47.0,116.0,,,,116,257,116,40,2
29:11.1,,,89,,98.5,,,,,,,55,-1.9133737,43.317127,51.03424,11.91198825515482,29:11.3,6,-0.166,0101000020E6100000E96514CB2D9DFEBFF483809D97A84540,20230421_DACIA_DONOSTIA_ULIA_055,,d4,01:37.4,06:35.4,DACIA_SPRING,Dacia Spring 33 kW,33000,139,28:40.9,2.2,3.6,10,N,1.662512230496522,-37.50389766407384,373,104,94.0,47.0,116.0,,,,116,257,116,40,2
29:16.6,,,89,,98.5,,,,,,,55,-1.913031,43.316864,52.74695,11.95232239386646,29:16.3,6,0.331,0101000020E610000029620952C69BFEBFDBC4C9FD8EA84540,20230421_DACIA_DONOSTIA_ULIA_055,,d4,01:37.4,06:35.4,DACIA_SPRING,Dacia Spring 33 kW,33000,139,28:40.9,2.2,3.6,10,N,-1.0480356698435929,6.925081737899776,373,104,94.0,47.0,116.0,,,,116,257,116,80,2
29:22.1,,,89,,98.5,,,,,,,55,-1.9123394,43.316948,55.725647,12.009126725196273,29:22.3,6,-0.172,0101000020E6100000C0315748F198FEBF156D54C891A84540,20230421_DACIA_DONOSTIA_ULIA_055,,d4,01:37.4,06:35.4,DACIA_SPRING,Dacia Spring 33 kW,33000,139,28:40.9,2.2,3.6,10,N,-2.6577309913335467,37.58328626887575,373,104,94.0,47.0,116.0,,,,116,257,116,40,2
29:27.8,,,89,,98.5,,,,,,,55,-1.9119626,43.317238,59.847595,12.053692328114801,29:27.3,6,0.441,0101000020E6100000C6941F236697FEBF221F91429BA84540,20230421_DACIA_DONOSTIA_ULIA_055,,d4,01:37.4,06:35.4,DACIA_SPRING,Dacia Spring 33 kW,33000,139,28:40.9,2.2,3.6,10,N,-2.1141856730005126,25.963786367271503,373,104,94.0,47.0,116.0,,,,116,257,116,55,2
29:33.5,,,89,,98.5,,,,,,,55,-1.9113917,43.317516,60.60846,12.1092742573695,29:33.3,6,0.196,0101000020E6100000E08101840F95FEBF5E64E16FA4A84540,20230421_DACIA_DONOSTIA_ULIA_055,,d4,01:37.4,06:35.4,DACIA_SPRING,Dacia Spring 33 kW,33000,139,28:40.9,2.2,3.6,10,N,-2.005833735608628,23.86072602776706,373,104,94.0,47.0,116.0,,,,116,257,116,40,2
29:39.1,,,89,,98.5,,,,,,,55,-1.9105552,43.317886,60.5047,12.188472877056148,29:39.3,6,-0.2789999999999999,0101000020E610000048700257A291FEBFA033CC7DB0A84540,20230421_DACIA_DONOSTIA_ULIA_055,,d4,01:37.4,06:35.4,DACIA_SPRING,Dacia Spring 33 kW,33000,139,28:40.9,2.2,3.6,10,N,-1.8237837565267845,20.438060176206783,373,104,94.0,47.0,116.0,,,,116,257,116,80,2
29:44.6,,,89,,98.5,,,,,,,55,-1.9098575,43.318146,59.475586,12.251898860748918,29:44.4,6,0.241,0101000020E6100000657E03CDC68EFEBF4E06EC0FB9A84540,20230421_DACIA_DONOSTIA_ULIA_055,,d4,01:37.4,06:35.4,DACIA_SPRING,Dacia Spring 33 kW,33000,139,28:40.9,2.2,3.6,10,N,-1.8699364985641889,21.293810571346157,326,115,0.0,18.0,207.0,,,,101,165,161,80,3
29:50.1,,,88,,98.5,,,,,,,55,-1.9088107,43.318554,61.71411,12.347997768468293,29:50.4,6,-0.251,0101000020E6100000A8770A1C7D8AFEBF120D7B6FC6A84540,20230421_DACIA_DONOSTIA_ULIA_055,,d4,01:37.4,06:35.4,DACIA_SPRING,Dacia Spring 33 kW,33000,139,30:56.7,2.2,3.6,10,N,-1.5590569375638184,15.66263560707295,326,115,0.0,18.0,207.0,,,,101,165,161,80,3
29:55.7,,,88,,98.5,,,,,,,55,-1.9078727,43.318817,66.29047,12.42945050550948,29:55.4,6,0.266,0101000020E610000040896C73A586FEBF438C5BF5CEA84540,20230421_DACIA_DONOSTIA_ULIA_055,,d4,01:37.4,06:35.4,DACIA_SPRING,Dacia Spring 33 kW,33000,139,30:56.7,2.2,3.6,10,N,-1.4648822403734318,14.010981792721775,326,115,0.0,18.0,207.0,,,,101,165,161,40,3
30:01.5,,,88,,98.5,,,,,,,55,-1.9066985,43.31911,66.44641,12.529874512421625,30:01.6,6,-0.064,0101000020E6100000EC504D49D681FEBF44F730A4D8A84540,20230421_DACIA_DONOSTIA_ULIA_055,,d4,01:37.4,06:35.4,DACIA_SPRING,Dacia Spring 33 kW,33000,139,30:56.7,2.2,3.6,10,N,-0.8696618091734267,3.979382452880397,488,114,0.0,28.0,335.0,,,,125,273,215,80,3
30:07.1,,,88,,98.5,,,,,,,55,-1.9055485,43.31919,63.857117,12.623368707099006,30:07.5,6,-0.35,0101000020E6100000674ACA61207DFEBFCB530C46DBA84540,20230421_DACIA_DONOSTIA_ULIA_055,,d4,01:37.4,06:35.4,DACIA_SPRING,Dacia Spring 33 kW,33000,139,30:56.7,2.2,3.6,10,N,-0.407438237101184,-3.501495040415849,488,114,0.0,28.0,335.0,,,,125,273,215,80,3
30:12.7,,,88,,98.5,,,,,,,55,-1.9046333,43.319134000000005,64.699646,12.69767375806427,30:12.5,6,0.179,0101000020E6100000696058BC6079FEBF0862D15BD9A84540,20230421_DACIA_DONOSTIA_ULIA_055,,d4,01:37.4,06:35.4,DACIA_SPRING,Dacia Spring 33 kW,33000,139,30:56.7,2.2,3.6,10,N,0.3504861151402941,-15.587009607763791,488,114,0.0,28.0,335.0,,,,125,273,215,80,3
30:18.1,,,88,,98.5,,,,,,,55,-1.9034826,43.318813,60.454712,12.79746338371588,30:18.5,6,-0.422,0101000020E6100000621B4C1EAA74FEBF5506C4DACEA84540,20230421_DACIA_DONOSTIA_ULIA_055,,d4,01:37.4,06:35.4,DACIA_SPRING,Dacia Spring 33 kW,33000,139,30:56.7,2.2,3.6,10,N,0.616407432069103,-19.859009294037676,488,114,0.0,28.0,335.0,,,,125,273,215,40,3
30:23.6,,,88,,98.5,,,,,,,55,-1.9025551,43.318478000000006,59.86194,12.881237631207261,30:23.5,6,0.134,0101000020E6100000C4047798DD70FEBF2BD22FD7C3A84540,20230421_DACIA_DONOSTIA_ULIA_055,,d4,01:37.4,06:35.4,DACIA_SPRING,Dacia Spring 33 kW,33000,139,30:56.7,2.2,3.6,10,N,0.7807946649280081,-22.526280916329554,184,33,,,,148.0,36.0,0.0,0,154,30,80,2
30:29.3,,,88,,98.5,,,,,,,55,-1.9015328,43.318054,63.689148,12.976513398172612,30:29.5,6,-0.2319999999999999,0101000020E61000008FF3E5A2AD6CFEBF5B097AFBB5A84540,20230421_DACIA_DONOSTIA_ULIA_055,,d4,01:37.4,06:35.4,DACIA_SPRING,Dacia Spring 33 kW,33000,139,30:56.7,2.2,3.6,10,N,0.7978527855687036,-22.804540470722145,184,33,,,,148.0,36.0,0.0,0,154,30,30,2
30:54.5,,,88,,98.5,,,,,,,55,-1.9013568,43.31798,63.662354,12.992958549491782,30:54.6,6,-0.076,0101000020E6100000BE0B4216F56BFEBF1B51D2AAB3A84540,20230421_DACIA_DONOSTIA_ULIA_055,,d4,01:37.4,06:35.4,DACIA_SPRING,Dacia Spring 33 kW,33000,139,30:56.7,2.2,3.6,10,N,-0.6251334396009492,0.0,184,33,,,,148.0,36.0,0.0,0,154,30,30,2
31:00.1,,,88,,98.5,,,,,,,55,-1.9013568,43.31798,63.662354,12.992958549491782,30:59.6,6,0.431,0101000020E6100000BE0B4216F56BFEBF1B51D2AAB3A84540,20230421_DACIA_DONOSTIA_ULIA_055,,d4,01:37.4,06:35.4,DACIA_SPRING,Dacia Spring 33 kW,33000,139,30:56.7,2.2,3.6,10,N,1.2268873727352203,-29.92574669207276,184,33,,,,148.0,36.0,0.0,0,154,30,30,2
31:05.7,,,88,,98.5,,,,,,,55,-1.8957924,43.314777,66.53119000000001,13.566992070826672,31:05.7,6,-0.003,0101000020E61000002C5537512A55FEBF331524AE4AA84540,20230421_DACIA_DONOSTIA_ULIA_055,,d4,01:37.4,06:35.4,DACIA_SPRING,Dacia Spring 33 kW,33000,139,30:56.7,2.2,3.6,10,N,0.6935257507418259,-21.107244609250408,184,33,,,,148.0,36.0,0.0,0,154,30,10,2
31:11.4,,,88,,98.5,,,,,,,55,-1.8947743,43.314384,70.68475,13.66032834975627,31:11.7,6,-0.2269999999999999,0101000020E61000008999F9E5FE50FEBF87B0D0BD3DA84540,20230421_DACIA_DONOSTIA_ULIA_055,,d4,01:37.4,06:35.4,DACIA_SPRING,Dacia Spring 33 kW,33000,139,30:56.7,2.2,3.6,10,N,0.652085223054454,-20.435864746106592,184,33,,,,148.0,36.0,0.0,0,154,30,20,2
31:17.0,,,88,,98.5,,,,,,,55,-1.8938645,43.314045,69.386475,13.743037148245069,31:16.7,6,0.25,0101000020E61000009B4607E2444DFEBFE6817E9532A84540,20230421_DACIA_DONOSTIA_ULIA_055,,d4,01:37.4,06:35.4,DACIA_SPRING,Dacia Spring 33 kW,33000,139,30:56.7,2.2,3.6,10,N,1.3535172359433263,-32.08471089344631,184,33,,,,148.0,36.0,0.0,0,154,30,80,2
31:22.6,,,88,,98.5,,,,,,,55,-1.8929888,43.313496,68.74805,13.836560925631298,31:22.7,6,-0.131,0101000020E6100000181527ADAE49FEBF436D02A920A84540,20230421_DACIA_DONOSTIA_ULIA_055,,d4,01:37.4,06:35.4,DACIA_SPRING,Dacia Spring 33 kW,33000,139,30:56.7,2.2,3.6,10,N,2.138402919612518,-46.44143491468717,184,33,,,,148.0,36.0,0.0,0,154,30,20,1
31:28.2,,,88,,98.5,,,,,,,55,-1.8923612,43.312836,71.705444,13.925852442293975,31:27.7,6,0.421,0101000020E61000005182A3891C47FEBF6B36E20B0BA84540,20230421_DACIA_DONOSTIA_ULIA_055,,d4,01:37.4,06:35.4,DACIA_SPRING,Dacia Spring 33 kW,33000,139,30:56.7,2.2,3.6,10,N,1.9285414325550505,-42.39180011360164,184,33,,,,148.0,36.0,0.0,0,154,30,80,1
31:33.6,,,88,,98.5,,,,,,,55,-1.8915418,43.312088,70.069214,14.032227844300289,31:33.8,6,-0.14,0101000020E61000008545A055C143FEBF1FEF3C8EF2A74540,20230421_DACIA_DONOSTIA_ULIA_055,,d4,01:37.4,06:35.4,DACIA_SPRING,Dacia Spring 33 kW,33000,139,30:56.7,2.2,3.6,10,N,1.2862370254280469,-30.933739777638905,184,33,,,,148.0,36.0,0.0,0,154,30,80,1
31:39.2,,,88,,98.5,,,,,,,55,-1.8907275,43.3116,68.97449,14.117588250998784,31:38.8,6,0.39,0101000020E6100000B788BD8A6B40FEBF03640176E2A74540,20230421_DACIA_DONOSTIA_ULIA_055,,d4,01:37.4,06:35.4,DACIA_SPRING,Dacia Spring 33 kW,33000,139,30:56.7,2.2,3.6,10,N,0.7543128474923746,-22.094889375871656,184,33,,,,148.0,36.0,0.0,0,154,30,8,1
31:44.7,,,88,,98.5,,,,,,,55,-1.889619,43.31115,71.35162,14.220317959558006,31:44.8,6,-0.115,0101000020E6100000C22EAB2CE13BFEBF4067F3B4D3A74540,20230421_DACIA_DONOSTIA_ULIA_055,,d4,01:37.4,06:35.4,DACIA_SPRING,Dacia Spring 33 kW,33000,139,30:56.7,2.2,3.6,10,N,-0.1784637771056045,-7.158496122675724,184,33,,,,148.0,36.0,0.0,0,154,30,8,1
31:51.2,,,88,,98.5,,,,,,,55,-1.8883132,43.310986,68.78699,14.327563032435108,31:51.2,6,0.01,0101000020E61000003D1248EC8736FEBF02672959CEA74540,20230421_DACIA_DONOSTIA_ULIA_055,,d4,01:37.4,06:35.4,DACIA_SPRING,Dacia Spring 33 kW,33000,139,30:56.7,2.2,3.6,10,N,-0.7834012785727514,2.568781541834611,184,33,,,,148.0,36.0,0.0,0,154,30,8,1
31:56.9,,,88,,98.5,,,,,,,55,-1.8867975,43.311054,67.135254,14.450442253993485,31:56.8,6,0.031,0101000020E61000007192079E5230FEBFC5CB919DD0A74540,20230421_DACIA_DONOSTIA_ULIA_055,,d4,01:37.4,06:35.4,DACIA_SPRING,Dacia Spring 33 kW,33000,139,30:56.7,2.2,3.6,10,N,-0.8272801409666273,3.285299506569539,184,33,,,,148.0,36.0,0.0,0,154,30,80,1
32:02.4,,,88,,98.5,,,,,,,55,-1.8852993,43.31114,65.685486,14.572046668765953,32:02.9,6,-0.495,0101000020E610000041BF4A992F2AFEBFF352356AD3A74540,20230421_DACIA_DONOSTIA_ULIA_055,,d4,01:37.4,06:35.4,DACIA_SPRING,Dacia Spring 33 kW,33000,139,30:56.7,2.2,3.6,10,N,-0.8053041344922998,2.9261861914654577,184,33,,,,148.0,36.0,0.0,0,154,30,60,1
32:08.1,,,88,,98.5,,,,,,,55,-1.8841255,43.3112,65.15527,14.66725408510603,32:07.9,6,0.18,0101000020E6100000E02C04BD6025FEBF876C416BD5A74540,20230421_DACIA_DONOSTIA_ULIA_055,,d4,01:37.4,06:35.4,DACIA_SPRING,Dacia Spring 33 kW,33000,139,30:56.7,2.2,3.6,10,N,-0.5717277578744631,-0.8619793394740212,184,33,,,,148.0,36.0,0.0,0,154,30,60,1
32:13.9,,,88,,98.5,,,,,,,55,-1.8827962,43.31118,64.556274,14.774832063866235,32:13.9,6,0.001,0101000020E6100000505C65D8EE1FFEBFCF635ABCD4A74540,20230421_DACIA_DONOSTIA_ULIA_055,,d4,01:37.4,06:35.4,DACIA_SPRING,Dacia Spring 33 kW,33000,139,30:56.7,2.2,3.6,10,N,-0.5338802570297365,-1.47157395854378,184,33,,,,148.0,36.0,0.0,0,154,30,40,1
32:19.5,,,88,,98.5,,,,,,,55,-1.8814727,43.311146,64.825745,14.88198321255843,32:20.0,6,-0.502,0101000020E6100000B1112D1E831AFEBF5E97A794D3A74540,20230421_DACIA_DONOSTIA_ULIA_055,,d4,01:37.4,06:35.4,DACIA_SPRING,Dacia Spring 33 kW,33000,139,30:56.7,2.2,3.6,10,N,-1.5263719102183293,15.08688944646699,184,33,,,,148.0,36.0,0.0,0,154,30,65,1
32:24.9,,,88,,98.5,,,,,,,55,-1.880345,43.31145,61.7041,14.979335473971885,32:25.0,6,-0.0409999999999999,0101000020E61000008BF5D3A0E415FEBF06C6F295DDA74540,20230421_DACIA_DONOSTIA_ULIA_055,,d4,01:37.4,06:35.4,DACIA_SPRING,Dacia Spring 33 kW,33000,139,33:50.1,2.2,3.6,10,N,-2.1210622059604,26.09911990427083,184,33,,,,148.0,36.0,0.0,0,154,30,65,1
32:30.4,,,88,,98.5,,,,,,,55,-1.8794264,43.3119,60.966614,15.06893591902553,32:30.0,6,0.44,0101000020E610000042128B522112FEBF99149B66ECA74540,20230421_DACIA_DONOSTIA_ULIA_055,,d4,01:37.4,06:35.4,DACIA_SPRING,Dacia Spring 33 kW,33000,139,33:50.1,2.2,3.6,10,N,-2.489089446255616,33.74212269239288,184,33,,,,148.0,36.0,0.0,0,154,30,8,1
32:36.9,,,88,,98.5,,,,,,,55,-1.8782587,43.31268,63.01349,15.1972030791083,32:37.0,6,-0.059,0101000020E61000001A02BA0E590DFEBF44FED3EC05A84540,20230421_DACIA_DONOSTIA_ULIA_055,,d4,01:37.4,06:35.4,DACIA_SPRING,Dacia Spring 33 kW,33000,139,33:50.1,2.2,3.6,10,N,-2.366967935400745,31.10880882851029,184,33,,,,148.0,36.0,0.0,0,154,30,65,1
32:42.5,,,88,,98.5,,,,,,,55,-1.8774467,43.31317,64.9223,15.282575141579402,32:42.1,6,0.46,0101000020E610000045C82F72050AFEBF2ABFB10C16A84540,20230421_DACIA_DONOSTIA_ULIA_055,,d4,01:37.4,06:35.4,DACIA_SPRING,Dacia Spring 33 kW,33000,139,33:50.1,2.2,3.6,10,N,-2.395270062127258,31.70939655892929,184,33,,,,148.0,36.0,0.0,0,154,30,25,1
32:48.2,,,88,,98.5,,,,,,,55,-1.8765128,43.313747,64.301575,15.381701090727098,32:48.0,6,0.118,0101000020E6100000DA99D74B3206FEBFC7B8E2E228A84540,20230421_DACIA_DONOSTIA_ULIA_055,,d4,01:37.4,06:35.4,DACIA_SPRING,Dacia Spring 33 kW,33000,139,33:50.1,2.2,3.6,10,N,-2.362190823748258,31.00797857163553,184,33,,,,148.0,36.0,0.0,0,154,30,8,1
32:53.9,,,88,,98.5,,,,,,,55,-1.8756177,43.314285,62.27661,15.47565522692726,32:54.1,6,-0.211,0101000020E6100000A3C794B48702FEBFC420F28E3AA84540,20230421_DACIA_DONOSTIA_ULIA_055,,d4,01:37.4,06:35.4,DACIA_SPRING,Dacia Spring 33 kW,33000,139,33:50.1,2.2,3.6,10,N,-3.2008745206148608,52.764352627153656,184,33,,,,148.0,36.0,0.0,0,154,30,25,1
33:00.5,,,88,,98.5,,,,,,,55,-1.874939,43.315178,61.367676,15.589127113015598,33:00.1,6,0.351,0101000020E6100000FDF103FCBFFFFDBFA931BEBB57A84540,20230421_DACIA_DONOSTIA_ULIA_055,,d4,01:37.4,06:35.4,DACIA_SPRING,Dacia Spring 33 kW,33000,139,33:50.1,2.2,3.6,10,N,-3.431101118142771,62.37973145198442,184,33,,,,148.0,36.0,0.0,0,154,30,25,1
33:06.1,,,88,,98.5,,,,,,,55,-1.8744639,43.316086,61.21338000000001,15.697161311950516,33:06.2,6,-0.1,0101000020E6100000DE2162D6CDFDFDBF76B8047D75A84540,20230421_DACIA_DONOSTIA_ULIA_055,,d4,01:37.4,06:35.4,DACIA_SPRING,Dacia Spring 33 kW,33000,139,33:50.1,2.2,3.6,10,N,-3.335133007584649,57.884350386678186,184,33,,,,148.0,36.0,0.0,0,154,30,8,2
33:12.8,,,88,,98.5,,,,,,,55,-1.8738607,43.317047,58.519287,15.814666386506596,33:13.2,6,-0.48,0101000020E610000099277C5B55FBFDBF78488CF994A84540,20230421_DACIA_DONOSTIA_ULIA_055,,d4,01:37.4,06:35.4,DACIA_SPRING,Dacia Spring 33 kW,33000,139,33:50.1,2.2,3.6,10,N,-2.243814995859549,28.55619746773035,184,33,,,,148.0,36.0,0.0,0,154,30,65,2
33:18.5,,,88,,98.5,,,,,,,55,-1.8730761,43.317474,56.773865,15.893954159934639,33:18.3,6,0.161,0101000020E61000004A8357A21EF8FDBF6B0DA5F6A2A84540,20230421_DACIA_DONOSTIA_ULIA_055,,d4,01:37.4,06:35.4,DACIA_SPRING,Dacia Spring 33 kW,33000,139,33:50.1,2.2,3.6,10,N,-1.4902269459307866,14.45333181327901,184,33,,,,148.0,36.0,0.0,0,154,30,8,2
33:49.5,,,88,,98.5,,,,,,,55,-1.8700111,43.318264,57.967957,16.157018228764507,33:49.5,6,0.006,0101000020E610000092BB9DB790EBFDBF2EEDABDDBCA84540,20230421_DACIA_DONOSTIA_ULIA_055,,d4,01:37.4,06:35.4,DACIA_SPRING,Dacia Spring 33 kW,33000,139,33:50.1,2.2,3.6,10,N,-2.616672610392398,36.62325660352239,184,33,,,,148.0,36.0,0.0,0,154,30,65,2
33:55.0,,,88,,98.5,,,,,,,55,-1.8669087,43.32057,65.563416,16.515902283111533,33:55.3,6,-0.276,0101000020E6100000EF53B892DBDEFDBF43275B8F08A94540,20230421_DACIA_DONOSTIA_ULIA_055,,d4,01:37.4,06:35.4,DACIA_SPRING,Dacia Spring 33 kW,33000,139,33:50.1,2.2,3.6,10,N,-2.4410522440570817,32.69301479112442,184,33,,,,148.0,36.0,0.0,0,154,30,65,2
34:32.3,,,87,,98.5,,,,,,,55,-1.8650281,43.321777,66.85186999999999,16.718779853547925,34:32.2,6,0.0559999999999999,0101000020E6100000458587BC27D7FDBF11EFAD0630A94540,20230421_DACIA_DONOSTIA_ULIA_055,,d4,01:37.4,06:35.4,DACIA_SPRING,Dacia Spring 33 kW,33000,139,33:50.1,2.2,3.6,10,N,-2.446708962230601,32.81562543917413,184,33,,,,148.0,36.0,0.0,0,154,30,65,2
34:38.1,,,87,,98.5,,,,,,,55,-1.8600765,43.32497,79.49090600000001,17.2541854732729,34:38.4,6,-0.367,0101000020E610000028EE7893DFC2FDBF4195A2AE98A94540,20230421_DACIA_DONOSTIA_ULIA_055,,d4,01:37.4,06:35.4,DACIA_SPRING,Dacia Spring 33 kW,33000,139,33:50.1,2.2,3.6,10,N,-2.3777006100221145,31.335910021184453,184,33,,,,148.0,36.0,0.0,0,154,30,8,3
34:43.6,,,87,,98.5,,,,,,,55,-1.859321,43.32543,79.5094,17.333879351107697,34:43.4,6,0.177,0101000020E6100000E1DD1D5BC7BFFDBF51E740C5A7A94540,20230421_DACIA_DONOSTIA_ULIA_055,,d4,01:37.4,06:35.4,DACIA_SPRING,Dacia Spring 33 kW,33000,139,33:50.1,2.2,3.6,10,N,-2.5924713991895283,36.06529249259564,184,33,,,,148.0,36.0,0.0,0,154,30,8,3
34:49.3,,,87,,98.5,,,,,,,55,-1.858423,43.326084,81.42914,17.436683052672574,34:49.5,6,-0.253,0101000020E6100000465EB5B619BCFDBF99B3C21DBDA94540,20230421_DACIA_DONOSTIA_ULIA_055,,d4,01:37.4,06:35.4,DACIA_SPRING,Dacia Spring 33 kW,33000,139,33:50.1,2.2,3.6,10,N,-2.039073995364175,24.500222907369203,184,33,,,,148.0,36.0,0.0,0,154,30,8,3
34:54.9,,,87,,98.5,,,,,,,55,-1.8576945,43.326416,83.698425,17.506256893152592,34:54.5,6,0.401,0101000020E6100000388AE6E01DB9FDBF40374D02C8A94540,20230421_DACIA_DONOSTIA_ULIA_055,,d4,01:37.4,06:35.4,DACIA_SPRING,Dacia Spring 33 kW,33000,139,35:56.3,2.2,3.6,10,N,-1.892682844312974,21.71842563464408,184,33,,,,148.0,36.0,0.0,0,154,30,8,3
35:00.5,,,87,,98.5,,,,,,,55,-1.8566225,43.326843,86.333984,17.605153299356132,35:00.5,6,-0.07,0101000020E6100000DDB9EEB5B9B4FDBF4B553D0DD6A94540,20230421_DACIA_DONOSTIA_ULIA_055,,d4,01:37.4,06:35.4,DACIA_SPRING,Dacia Spring 33 kW,33000,139,35:56.3,2.2,3.6,10,N,-1.8452258107665969,20.83468285369328,184,33,,,,148.0,36.0,0.0,0,154,30,8,3
35:06.0,,,87,,98.5,,,,,,,55,-1.855779,43.327164,92.75348,17.682422442353268,35:05.6,6,0.415,0101000020E61000004E05E46445B1FDBFE698458BE0A94540,20230421_DACIA_DONOSTIA_ULIA_055,,d4,01:37.4,06:35.4,DACIA_SPRING,Dacia Spring 33 kW,33000,139,35:56.3,2.2,3.6,10,N,-1.9325675856096824,22.467717722832244,184,33,,,,148.0,36.0,0.0,0,154,30,8,3
35:11.5,,,86,,98.5,,,,,,,55,-1.8548287,43.327557,92.60437,17.77084403362168,35:11.6,6,-0.047,0101000020E610000093E34EE960ADFDBF335CB264EDA94540,20230421_DACIA_DONOSTIA_ULIA_055,,d4,01:37.4,06:35.4,DACIA_SPRING,Dacia Spring 33 kW,33000,139,35:56.3,2.2,3.6,10,N,-1.9582261704981108,22.953056511319215,174,49,,,,70.0,103.0,1.0,0,168,6,8,3
35:17.2,,,86,,98.5,,,,,,,55,-1.8538299,43.32798,91.04321,17.864342124016108,35:17.6,6,-0.431,0101000020E61000001630C37749A9FDBF7A1BDD39FBA94540,20230421_DACIA_DONOSTIA_ULIA_055,,d4,01:37.4,06:35.4,DACIA_SPRING,Dacia Spring 33 kW,33000,139,35:56.3,2.2,3.6,10,N,-2.281056802870553,29.318217680642164,174,49,,,,70.0,103.0,1.0,0,168,6,8,3
35:22.9,,,86,,98.5,,,,,,,55,-1.8530108,43.32844,92.06903,17.9480500317873,35:22.6,6,0.305,0101000020E6100000FD59C1A9EEA5FDBFAD7C9E580AAA4540,20230421_DACIA_DONOSTIA_ULIA_055,,d4,01:37.4,06:35.4,DACIA_SPRING,Dacia Spring 33 kW,33000,139,35:56.3,2.2,3.6,10,N,-2.422952596633239,32.302314276696755,174,49,,,,70.0,103.0,1.0,0,168,6,8,3
35:28.6,,,86,,98.5,,,,,,,55,-1.8522674,43.32891,95.13562,18.027777173534414,35:28.6,6,-0.01,0101000020E6100000D9F47721E3A2FDBF34A37AC619AA4540,20230421_DACIA_DONOSTIA_ULIA_055,,d4,01:37.4,06:35.4,DACIA_SPRING,Dacia Spring 33 kW,33000,139,35:56.3,2.2,3.6,10,N,-2.745272239827617,39.69178821143595,174,49,,,,70.0,103.0,1.0,0,168,6,25,3
35:34.1,,,86,,98.5,,,,,,,55,-1.8518457,43.32926,97.70105,18.079591011561455,35:33.7,6,0.4479999999999999,0101000020E610000080334AFA28A1FDBFC98EAE4E25AA4540,20230421_DACIA_DONOSTIA_ULIA_055,,d4,01:37.4,06:35.4,DACIA_SPRING,Dacia Spring 33 kW,33000,139,35:56.3,2.2,3.6,10,N,-2.2860453814791737,29.420919434270733,174,49,,,,70.0,103.0,1.0,0,168,6,65,3
35:39.7,,,86,,98.5,,,,,,,55,-1.8514024,43.32951,101.539185,18.125123339803288,35:39.7,6,0.043,0101000020E6100000DF5B8927589FFDBF30A248522DAA4540,20230421_DACIA_DONOSTIA_ULIA_055,,d4,01:37.4,06:35.4,DACIA_SPRING,Dacia Spring 33 kW,33000,139,35:56.3,2.2,3.6,10,N,-2.216456597150408,28.001520570591214,174,49,,,,70.0,103.0,1.0,0,168,6,65,3
35:45.3,,,86,,98.5,,,,,,,55,-1.8507818,43.32984,102.72131,18.187313701675233,35:45.7,6,-0.392,0101000020E6100000D2890453CD9CFDBFBAC70C3338AA4540,20230421_DACIA_DONOSTIA_ULIA_055,,d4,01:37.4,06:35.4,DACIA_SPRING,Dacia Spring 33 kW,33000,139,35:56.3,2.2,3.6,10,N,-0.9605482232811082,5.475063218100892,174,49,,,,70.0,103.0,1.0,0,168,6,65,3
35:50.9,,,86,,98.5,,,,,,,55,-1.8497698,43.329937,103.84277,18.269884341493338,35:50.7,6,0.152,0101000020E6100000C2A3CF3FA898FDBFA66BFD5F3BAA4540,20230421_DACIA_DONOSTIA_ULIA_055,,d4,01:37.4,06:35.4,DACIA_SPRING,Dacia Spring 33 kW,33000,139,35:56.3,2.2,3.6,10,N,-1.5962569926677137,16.321318317557996,174,49,,,,70.0,103.0,1.0,0,168,6,25,3
35:56.5,,,86,,98.5,,,,,,,55,-1.8487009,43.33025,100.22095,18.363154592306376,35:56.7,6,-0.187,0101000020E6100000702D6A624794FDBF658CCD9645AA4540,20230421_DACIA_DONOSTIA_ULIA_055,,d4,01:37.4,06:35.4,DACIA_SPRING,Dacia Spring 33 kW,33000,139,35:56.3,2.2,3.6,10,N,-2.891490919981544,43.43599869033327,174,49,,,,70.0,103.0,1.0,0,168,6,8,3
36:02.1,,,86,,98.5,,,,,,,55,-1.8480989,43.33082,90.136475,18.44371381202895,36:01.8,6,0.324,0101000020E6100000D7FC9521D091FDBFC17F673958AA4540,20230421_DACIA_DONOSTIA_ULIA_055,,d4,01:37.4,06:35.4,DACIA_SPRING,Dacia Spring 33 kW,33000,139,35:56.3,2.2,3.6,10,N,-2.967220087876816,45.51028023383688,174,49,,,,70.0,103.0,1.0,0,168,6,25,3
36:08.5,,,86,,98.5,,,,,,,55,-1.8474034,43.331528000000006,98.47015,18.54083112127198,36:08.3,6,0.19,0101000020E61000003A875BD3F68EFDBF0EAB0D886FAA4540,20230421_DACIA_DONOSTIA_ULIA_055,,d4,01:37.4,06:35.4,DACIA_SPRING,Dacia Spring 33 kW,33000,139,35:56.3,2.2,3.6,10,N,-1.4228709027801745,13.28106268464467,174,49,,,,70.0,103.0,1.0,0,168,6,8,3
36:14.0,,,86,,98.5,,,,,,,55,-1.8461748,43.331818,99.69806,18.64531165063256,36:13.8,6,0.241,0101000020E6100000A4FE9B93EE89FDBF046F0EF878AA4540,20230421_DACIA_DONOSTIA_ULIA_055,,d4,01:37.4,06:35.4,DACIA_SPRING,Dacia Spring 33 kW,33000,139,35:56.3,2.2,3.6,10,N,-0.1924757099669019,-6.9351925945570025,174,49,,,,70.0,103.0,1.0,0,168,6,25,3
36:20.6,,,86,,98.5,,,,,,,55,-1.844547,43.33162,91.725464,18.77903804926594,36:20.8,6,-0.251,0101000020E610000025B637CF4383FDBF2B7BBF8F72AA4540,20230421_DACIA_DONOSTIA_ULIA_055,,d4,01:37.4,06:35.4,DACIA_SPRING,Dacia Spring 33 kW,33000,139,35:56.3,2.2,3.6,10,N,-0.0255639133730429,-9.593134262744734,174,49,,,,70.0,103.0,1.0,0,168,6,65,3
36:26.2,,,86,,98.5,,,,,,,55,-1.843482,43.33144,91.651,18.86747285337701,36:25.8,6,0.361,0101000020E61000006635B808E77EFDBFC243FFA16CAA4540,20230421_DACIA_DONOSTIA_ULIA_055,,d4,01:37.4,06:35.4,DACIA_SPRING,Dacia Spring 33 kW,33000,139,35:56.3,2.2,3.6,10,N,-0.9166375891674078,4.751161525994172,174,49,,,,70.0,103.0,1.0,0,168,6,65,2
36:32.9,,,86,,98.5,,,,,,,55,-1.8420382,43.33156,88.04169,18.985066551715278,36:32.9,6,0.01,0101000020E6100000BAF17201FD78FDBFBB9A9F8F70AA4540,20230421_DACIA_DONOSTIA_ULIA_055,,d4,01:37.4,06:35.4,DACIA_SPRING,Dacia Spring 33 kW,33000,139,35:56.3,2.2,3.6,10,N,-0.5513380099481172,-1.1905139988215971,174,49,,,,70.0,103.0,1.0,0,168,6,8,2
36:38.4,,,86,,98.5,,,,,,,55,-1.8408352,43.331535,81.84509,19.082605099160748,36:38.9,6,-0.496,0101000020E6100000E66070AC0F74FDBFF69651B06FAA4540,20230421_DACIA_DONOSTIA_ULIA_055,,d4,01:37.4,06:35.4,DACIA_SPRING,Dacia Spring 33 kW,33000,139,35:56.3,2.2,3.6,10,N,1.0296961086539451,-26.62022896080305,174,49,,,,70.0,103.0,1.0,0,168,6,25,2
36:44.9,,,86,,98.5,,,,,,,55,-1.8397558,43.330994,77.11847,19.188733912151193,36:44.9,6,-0.06,0101000020E61000001D6978CCA36FFDBF83F7FAFF5DAA4540,20230421_DACIA_DONOSTIA_ULIA_055,,d4,01:37.4,06:35.4,DACIA_SPRING,Dacia Spring 33 kW,33000,139,35:56.3,2.2,3.6,10,N,1.1832984154038273,-29.189526030262023,174,49,,,,70.0,103.0,1.0,0,168,6,8,2
36:51.5,,,86,,98.5,,,,,,,55,-1.8385135,43.3303,75.95538,19.315434664683146,36:51.9,6,-0.431,0101000020E61000001D1950148D6AFDBFFF24DB4C47AA4540,20230421_DACIA_DONOSTIA_ULIA_055,,d4,01:37.4,06:35.4,DACIA_SPRING,Dacia Spring 33 kW,33000,139,35:56.3,2.2,3.6,10,N,0.8449668296977839,-23.574706202183947,174,49,,,,70.0,103.0,1.0,0,168,6,65,2
36:57.0,,,86,,98.5,,,,,,,55,-1.837551,43.32988,73.145935,19.40626306906877,36:56.9,6,0.062,0101000020E610000039EFDED59B66FDBF426F3B7E39AA4540,20230421_DACIA_DONOSTIA_ULIA_055,,d4,01:37.4,06:35.4,DACIA_SPRING,Dacia Spring 33 kW,33000,139,35:56.3,2.2,3.6,10,N,0.7831043639221226,-22.563940018096776,174,49,,,,70.0,103.0,1.0,0,168,6,65,2
37:02.6,,,86,,98.5,,,,,,,55,-1.8366413,43.329502000000005,73.06897,19.491003017631854,37:02.0,6,0.564,0101000020E61000007B24D2F4E162FDBF542B7E192DAA4540,20230421_DACIA_DONOSTIA_ULIA_055,,d4,01:37.4,06:35.4,DACIA_SPRING,Dacia Spring 33 kW,33000,139,35:56.3,2.2,3.6,10,N,0.2514502013442303,-14.005215430376756,174,49,,,,70.0,103.0,1.0,0,168,6,8,2
37:08.2,,,86,,98.5,,,,,,,55,-1.8352942,43.329166,68.80426,19.606270369298723,37:08.0,6,0.179,0101000020E6100000C46BC9705D5DFDBFE9A0091C22AA4540,20230421_DACIA_DONOSTIA_ULIA_055,,d4,01:37.4,06:35.4,DACIA_SPRING,Dacia Spring 33 kW,33000,139,35:56.3,2.2,3.6,10,N,-0.0498541326297722,-9.206521472593987,174,49,,,,70.0,103.0,1.0,0,168,6,25,2
37:13.7,,,86,,98.5,,,,,,,55,-1.8338875,43.328938,65.722595,19.7228836206299,37:14.0,6,-0.33,0101000020E61000003A4DF2659A57FDBF6FC706981AAA4540,20230421_DACIA_DONOSTIA_ULIA_055,,d4,01:37.4,06:35.4,DACIA_SPRING,Dacia Spring 33 kW,33000,139,35:56.3,2.2,3.6,10,N,-0.1711371618876102,-7.275240548528363,174,49,,,,70.0,103.0,1.0,0,168,6,65,2
37:19.2,,,86,,98.5,,,,,,,55,-1.8328692,43.328808,65.351074,19.806509701556934,37:19.0,6,0.122,0101000020E61000009E8E119A6E53FDBF0623BC5E16AA4540,20230421_DACIA_DONOSTIA_ULIA_055,,d4,01:37.4,06:35.4,DACIA_SPRING,Dacia Spring 33 kW,33000,139,38:41.0,2.2,3.6,10,N,-0.0872367415951502,-8.611448217591235,174,49,,,,70.0,103.0,1.0,0,168,6,25,2
37:24.7,,,86,,98.5,,,,,,,55,-1.8318589,43.328655,65.20947,19.889981467314232,37:25.0,6,-0.346,0101000020E6100000AA99183F4B4FFDBF3F21F95211AA4540,20230421_DACIA_DONOSTIA_ULIA_055,,d4,01:37.4,06:35.4,DACIA_SPRING,Dacia Spring 33 kW,33000,139,38:41.0,2.2,3.6,10,N,-0.3893210541154551,-3.791621176629628,174,49,,,,70.0,103.0,1.0,0,168,6,55,1
37:30.2,,,86,,98.5,,,,,,,55,-1.831029,43.3286,66.58612,19.95740126432599,37:30.0,6,0.139,0101000020E610000091069E18E54BFDBF34190AAF0FAA4540,20230421_DACIA_DONOSTIA_ULIA_055,,d4,01:37.4,06:35.4,DACIA_SPRING,Dacia Spring 33 kW,33000,139,38:41.0,2.2,3.6,10,N,-0.8482015363547754,3.6276735700725258,174,49,,,,70.0,103.0,1.0,0,168,6,25,1
37:35.7,,,86,,98.5,,,,,,,55,-1.8298618,43.328674,64.802246,20.05218668845995,37:36.1,6,-0.391,0101000020E61000000FA339151D47FDBF039F59F111AA4540,20230421_DACIA_DONOSTIA_ULIA_055,,d4,01:37.4,06:35.4,DACIA_SPRING,Dacia Spring 33 kW,33000,139,38:41.0,2.2,3.6,10,N,-1.2167909214162012,9.754916495937858,174,49,,,,70.0,103.0,1.0,0,168,6,55,1
37:41.2,,,86,,98.5,,,,,,,55,-1.8286403,43.328884,65.28558000000001,20.153712361832053,37:41.1,6,0.09,0101000020E6100000B05CCA541C42FDBF353732D118AA4540,20230421_DACIA_DONOSTIA_ULIA_055,,d4,01:37.4,06:35.4,DACIA_SPRING,Dacia Spring 33 kW,33000,139,38:41.0,2.2,3.6,10,N,-1.4103476214214516,13.064257181229165,174,49,,,,70.0,103.0,1.0,0,168,6,85,1
37:46.9,,,86,,98.5,,,,,,,55,-1.8274509,43.32916,66.537415,20.254702403640678,37:47.1,6,-0.213,0101000020E61000009989F9243D3DFDBFBFB277EB21AA4540,20230421_DACIA_DONOSTIA_ULIA_055,,d4,01:37.4,06:35.4,DACIA_SPRING,Dacia Spring 33 kW,33000,139,38:41.0,2.2,3.6,10,N,-1.354171863094079,12.095955015607956,174,49,,,,70.0,103.0,1.0,0,168,6,8,1
37:52.5,,,86,,98.5,,,,,,,55,-1.826471,43.32937,64.55762,20.337354163814723,37:52.2,6,0.294,0101000020E61000003C81559A3939FDBF39654DB028AA4540,20230421_DACIA_DONOSTIA_ULIA_055,,d4,01:37.4,06:35.4,DACIA_SPRING,Dacia Spring 33 kW,33000,139,38:41.0,2.2,3.6,10,N,-1.4751229427604362,14.189531453902935,174,49,,,,70.0,103.0,1.0,0,168,6,55,1
37:57.9,,,86,,98.5,,,,,,,55,-1.8254427,43.32963,63.89453,20.42541239018055,37:58.2,6,-0.214,0101000020E6100000582935620335FDBF05D7055131AA4540,20230421_DACIA_DONOSTIA_ULIA_055,,d4,01:37.4,06:35.4,DACIA_SPRING,Dacia Spring 33 kW,33000,139,38:41.0,2.2,3.6,10,N,-1.33518993935259,11.770275388692628,174,49,,,,70.0,103.0,1.0,0,168,6,55,1
38:03.5,,,86,,98.5,,,,,,,55,-1.8248668,43.32975,63.70526,20.473867936545677,38:03.2,6,0.303,0101000020E61000005D823A82A732FDBFAFB6DE4635AA4540,20230421_DACIA_DONOSTIA_ULIA_055,,d4,01:37.4,06:35.4,DACIA_SPRING,Dacia Spring 33 kW,33000,139,38:41.0,2.2,3.6,10,N,-0.2757508332756163,-5.606986259839006,174,49,,,,70.0,103.0,1.0,0,168,6,55,1
38:09.0,,,86,,98.5,,,,,,,55,-1.8243575,43.3297,66.52118,20.515531454124787,38:09.2,6,-0.201,0101000020E610000086971A809130FDBF6FA3BF9F33AA4540,20230421_DACIA_DONOSTIA_ULIA_055,,d4,01:37.4,06:35.4,DACIA_SPRING,Dacia Spring 33 kW,33000,139,38:41.0,2.2,3.6,10,N,-3.325122514527153,57.46493284144783,174,49,,,,70.0,103.0,1.0,0,168,6,55,1
38:14.5,,,86,,98.5,,,,,,,55,-1.824265,43.329845,62.71582,20.53370887655324,38:14.2,6,0.283,0101000020E6100000DBC58F8C3030FDBFBFA67B5B38AA4540,20230421_DACIA_DONOSTIA_ULIA_055,,d4,01:37.4,06:35.4,DACIA_SPRING,Dacia Spring 33 kW,33000,139,38:41.0,2.2,3.6,10,N,-1.8318746671748871,139.41246969277938,174,49,,,,70.0,103.0,1.0,0,168,6,55,1
38:19.9,,,86,,98.5,,,,,,,55,-1.8245393,43.33008,63.266052,20.56799255955512,38:20.2,6,-0.319,0101000020E6100000B36F172F5031FDBF2D0B05F03FAA4540,20230421_DACIA_DONOSTIA_ULIA_055,,d4,01:37.4,06:35.4,DACIA_SPRING,Dacia Spring 33 kW,33000,139,38:41.0,2.2,3.6,10,N,2.3070828444562075,-150.14429528318513,174,49,,,,70.0,103.0,1.0,0,168,6,55,1
38:25.4,,,86,,98.5,,,,,,,55,-1.8248285,43.329914,63.564330000000005,20.597791533711025,38:25.3,6,0.18,0101000020E610000095F0845E7F32FDBF295C2C983AAA4540,20230421_DACIA_DONOSTIA_ULIA_055,,d4,01:37.4,06:35.4,DACIA_SPRING,Dacia Spring 33 kW,33000,139,38:41.0,2.2,3.6,10,N,1.824832391296857,-159.54258046777056,174,49,,,,70.0,103.0,1.0,0,168,6,55,1
38:30.8,,,86,,98.5,,,,,,,55,-1.82537,43.329712,63.4068,20.647014577135188,38:31.3,6,-0.446,0101000020E6100000C008D816B734FDBF9266E20C34AA4540,20230421_DACIA_DONOSTIA_ULIA_055,,d4,01:37.4,06:35.4,DACIA_SPRING,Dacia Spring 33 kW,33000,139,38:41.0,2.2,3.6,10,N,1.3802650132165504,-167.45512279748755,174,49,,,,70.0,103.0,1.0,0,168,6,55,1
38:36.4,,,86,,98.5,,,,,,,55,-1.826125,43.329544,63.0813,20.710877055227385,38:36.3,6,0.142,0101000020E6100000E4EA74DECE37FDBF2A4EBD872EAA4540,20230421_DACIA_DONOSTIA_ULIA_055,,d4,01:37.4,06:35.4,DACIA_SPRING,Dacia Spring 33 kW,33000,139,38:41.0,2.2,3.6,10,N,1.5013391371168323,-165.3522343019908,174,49,,,,70.0,103.0,1.0,0,168,6,8,1
38:42.2,,,86,,98.5,,,,,,,55,-1.8269055,43.32934,64.00310999999999,20.777966078466267,38:42.3,6,-0.128,0101000020E6100000D61EF642013BFDBF86DFB0E127AA4540,20230421_DACIA_DONOSTIA_ULIA_055,,d4,01:37.4,06:35.4,DACIA_SPRING,Dacia Spring 33 kW,33000,139,38:41.0,2.2,3.6,10,N,1.3025289803236244,-168.78838239896007,174,49,,,,70.0,103.0,1.0,0,168,6,55,1
38:47.8,,,86,,98.5,,,,,,,55,-1.8276118,43.3292,62.73291,20.8371922488643,38:47.3,6,0.437,0101000020E6100000DEBB9BE1E53DFDBF5997853C23AA4540,20230421_DACIA_DONOSTIA_ULIA_055,,d4,01:37.4,06:35.4,DACIA_SPRING,Dacia Spring 33 kW,33000,139,38:41.0,2.2,3.6,10,N,1.460112716737087,-166.0720916044232,174,49,,,,70.0,103.0,1.0,0,168,6,8,1
38:53.4,,,86,,98.5,,,,,,,55,-1.8286078,43.328953000000006,67.26074,20.92242799992974,38:53.4,6,0.079,0101000020E6100000622CF43DFA41FDBFFE76C0121BAA4540,20230421_DACIA_DONOSTIA_ULIA_055,,d4,01:37.4,06:35.4,DACIA_SPRING,Dacia Spring 33 kW,33000,139,38:41.0,2.2,3.6,10,N,1.2617091047723503,-169.4836442308259,174,49,,,,70.0,103.0,1.0,0,168,6,85,1
38:59.0,,,86,,98.5,,,,,,,55,-1.8296798,43.328754,64.88324,21.011948508302755,38:59.4,6,-0.432,0101000020E6100000BEFCEB685E46FDBFBA96DA9C14AA4540,20230421_DACIA_DONOSTIA_ULIA_055,,d4,01:37.4,06:35.4,DACIA_SPRING,Dacia Spring 33 kW,33000,139,38:41.0,2.2,3.6,10,N,0.1310890707211961,172.08680870063696,174,49,,,,70.0,103.0,1.0,0,168,6,55,1
39:04.7,,,86,,98.5,,,,,,,55,-1.8305863,43.32888,61.902832,21.086657949638543,39:04.5,6,0.149,0101000020E6100000FB48DFDE144AFDBFF9639CB718AA4540,20230421_DACIA_DONOSTIA_ULIA_055,,d4,01:37.4,06:35.4,DACIA_SPRING,Dacia Spring 33 kW,33000,139,38:41.0,2.2,3.6,10,N,-0.5906811193399167,160.55631703626912,174,49,,,,70.0,103.0,1.0,0,168,6,55,1
39:10.1,,,86,,98.5,,,,,,,55,-1.8307506,43.328938,61.92675799999999,21.101429795870526,39:10.5,6,-0.305,0101000020E6100000CDB32F2CC14AFDBF99B14F9D1AAA4540,20230421_DACIA_DONOSTIA_ULIA_055,,d4,01:37.4,06:35.4,DACIA_SPRING,Dacia Spring 33 kW,33000,139,38:41.0,2.2,3.6,10,N,0.1515327402836315,172.41243120345283,174,49,,,,70.0,103.0,1.0,0,168,6,55,1
39:15.7,,,86,,98.5,,,,,,,55,-1.8323421,43.32915,63.50598000000001,21.23230994853583,39:15.4,6,0.206,0101000020E6100000CAE6A2084651FDBF2A977CA221AA4540,20230421_DACIA_DONOSTIA_ULIA_055,,d4,01:37.4,06:35.4,DACIA_SPRING,Dacia Spring 33 kW,33000,139,38:41.0,2.2,3.6,10,N,0.633733906437797,-179.8609778379249,174,49,,,,70.0,103.0,1.0,0,168,6,55,2
39:21.3,,,86,,98.5,,,,,,,55,-1.8335785,43.329147,55.658997,21.332625126737653,39:21.5,6,-0.172,0101000020E61000007BA099505656FDBFA727458E21AA4540,20230421_DACIA_DONOSTIA_ULIA_055,,d4,01:37.4,06:35.4,DACIA_SPRING,Dacia Spring 33 kW,33000,139,38:41.0,2.2,3.6,10,N,0.2621704503678636,174.1762693463381,174,49,,,,70.0,103.0,1.0,0,168,6,65,2
39:26.9,,,86,,98.5,,,,,,,55,-1.8346864,43.32926,56.47406,21.423118736967584,39:26.5,6,0.412,0101000020E61000008D0BC525E05AFDBF0B39213A25AA4540,20230421_DACIA_DONOSTIA_ULIA_055,,d4,01:37.4,06:35.4,DACIA_SPRING,Dacia Spring 33 kW,33000,139,38:41.0,2.2,3.6,10,N,-0.0796499053093221,168.7322289389282,174,49,,,,70.0,103.0,1.0,0,168,6,25,2
39:32.5,,,86,,98.5,,,,,,,55,-1.8360717,43.329536,56.27185,21.539296446406087,39:32.5,6,-0.047,0101000020E6100000E22A68BD8C60FDBF1E2544332EAA4540,20230421_DACIA_DONOSTIA_ULIA_055,,d4,01:37.4,06:35.4,DACIA_SPRING,Dacia Spring 33 kW,33000,139,38:41.0,2.2,3.6,10,N,-0.4511087056014167,162.8014587797233,174,49,,,,70.0,103.0,1.0,0,168,6,8,2
39:38.0,,,86,,98.5,,,,,,,55,-1.8372477,43.3299,53.18921,21.6427164634817,39:37.6,6,0.456,0101000020E6100000893973D55D65FDBF1E46732A3AAA4540,20230421_DACIA_DONOSTIA_ULIA_055,,d4,01:37.4,06:35.4,DACIA_SPRING,Dacia Spring 33 kW,33000,139,38:41.0,2.2,3.6,10,N,-1.013909948239884,153.64179189369068,174,49,,,,70.0,103.0,1.0,0,168,6,65,2
39:43.5,,,86,,98.5,,,,,,,55,-1.8384687,43.330505,55.909607,21.76224287483684,39:43.6,6,-0.02,0101000020E6100000C45124255E6AFDBFEAB12D034EAA4540,20230421_DACIA_DONOSTIA_ULIA_055,,d4,01:37.4,06:35.4,DACIA_SPRING,Dacia Spring 33 kW,33000,139,38:41.0,2.2,3.6,10,N,-1.181245715986243,150.84506210482397,174,49,,,,70.0,103.0,1.0,0,168,6,65,2
39:49.2,,,86,,98.5,,,,,,,55,-1.839607,43.331140000000005,59.80761700000001,21.878336126271023,39:49.6,6,-0.424,0101000020E6100000674CDAB7076FFDBF390C28CC62AA4540,20230421_DACIA_DONOSTIA_ULIA_055,,d4,01:37.4,06:35.4,DACIA_SPRING,Dacia Spring 33 kW,33000,139,40:56.2,2.2,3.6,10,N,-1.2699996325374128,149.3426954127161,174,49,,,,70.0,103.0,1.0,0,168,6,25,2
39:54.7,,,86,,98.5,,,,,,,55,-1.8405062,43.331673,57.390440000000005,21.972187267721928,39:54.6,6,0.12,0101000020E6100000AE955496B672FDBF7D8AEB3174AA4540,20230421_DACIA_DONOSTIA_ULIA_055,,d4,01:37.4,06:35.4,DACIA_SPRING,Dacia Spring 33 kW,33000,139,40:56.2,2.2,3.6,10,N,-0.0861951573820006,168.62803035661148,174,49,,,,70.0,103.0,1.0,0,168,6,25,2
40:00.3,,,86,,98.5,,,,,,,55,-1.8416249,43.331898,65.37305,22.06640429351651,40:00.6,6,-0.348,0101000020E6100000216E56964B77FDBF3EE9869E7BAA4540,20230421_DACIA_DONOSTIA_ULIA_055,,d4,01:37.4,06:35.4,DACIA_SPRING,Dacia Spring 33 kW,33000,139,40:56.2,2.2,3.6,10,N,1.16030561203159,-171.19749309017942,174,49,,,,70.0,103.0,1.0,0,168,6,8,2
40:05.7,,,86,,98.5,,,,,,,55,-1.8427098,43.33173,66.97125,22.15613413555782,40:05.6,6,0.0819999999999999,0101000020E6100000BD1AC142BD7BFDBF23A0042E76AA4540,20230421_DACIA_DONOSTIA_ULIA_055,,d4,01:37.4,06:35.4,DACIA_SPRING,Dacia Spring 33 kW,33000,139,40:56.2,2.2,3.6,10,N,0.2551966202938087,174.0649897154522,174,49,,,,70.0,103.0,1.0,0,168,6,8,2
40:11.3,,,86,,98.5,,,,,,,55,-1.8441046000000003,43.331875,70.31079,22.27014401487589,40:11.7,6,-0.357,0101000020E6100000EE0844DB7381FDBF68ACA2E47AAA4540,20230421_DACIA_DONOSTIA_ULIA_055,,d4,01:37.4,06:35.4,DACIA_SPRING,Dacia Spring 33 kW,33000,139,40:56.2,2.2,3.6,10,N,-0.0250953065046517,169.60059255731213,174,49,,,,70.0,103.0,1.0,0,168,6,65,2
40:16.8,,,86,,98.5,,,,,,,55,-1.8453306,43.3321,73.38696,22.372459156889946,40:16.7,6,0.139,0101000020E610000080F4A8537986FDBF1763C34782AA4540,20230421_DACIA_DONOSTIA_ULIA_055,,d4,01:37.4,06:35.4,DACIA_SPRING,Dacia Spring 33 kW,33000,139,40:56.2,2.2,3.6,10,N,0.5204263063392659,178.31196637177334,174,49,,,,70.0,103.0,1.0,0,168,6,25,3
40:22.4,,,85,,98.5,,,,,,,55,-1.8466879,43.33214,78.03113,22.482428299110165,40:22.7,6,-0.34,0101000020E6100000794994A4088CFDBFCEBCA0AE83AA4540,20230421_DACIA_DONOSTIA_ULIA_055,,d4,01:37.4,06:35.4,DACIA_SPRING,Dacia Spring 33 kW,33000,139,40:56.2,2.2,3.6,10,N,2.097757981514269,-154.35858497868412,174,49,,,,70.0,103.0,1.0,0,168,6,25,3
40:28.3,,,85,,98.5,,,,,,,55,-1.8475983,43.331703000000005,81.92029000000001,22.57073715291774,40:28.2,6,0.107,0101000020E610000025BD1C34C38FFDBF230AF33F75AA4540,20230421_DACIA_DONOSTIA_ULIA_055,,d4,01:37.4,06:35.4,DACIA_SPRING,Dacia Spring 33 kW,33000,139,40:56.2,2.2,3.6,10,N,3.140008427916686,-129.28181375520336,174,49,,,,70.0,103.0,1.0,0,168,6,25,3
40:34.0,,,85,,98.5,,,,,,,55,-1.8483042,43.33084,90.98694,22.682766769417306,40:33.7,6,0.289,0101000020E6100000BC329854A792FDBFEA90DDFD58AA4540,20230421_DACIA_DONOSTIA_ULIA_055,,d4,01:37.4,06:35.4,DACIA_SPRING,Dacia Spring 33 kW,33000,139,40:56.2,2.2,3.6,10,N,2.430789937297697,-147.52880770910352,174,49,,,,70.0,103.0,1.0,0,168,6,8,3
40:39.8,,,85,,98.5,,,,,,,55,-1.8493162,43.330196,94.76837,22.791589573023625,40:39.8,6,-0.006,0101000020E61000002C2998ADCC96FDBF25CD40E143AA4540,20230421_DACIA_DONOSTIA_ULIA_055,,d4,01:37.4,06:35.4,DACIA_SPRING,Dacia Spring 33 kW,33000,139,40:56.2,2.2,3.6,10,N,1.0740187090029487,-172.64216129946513,174,49,,,,70.0,103.0,1.0,0,168,6,25,3
40:45.5,,,85,,98.5,,,,,,,55,-1.8503152,43.330067,97.43329,22.873699768907457,40:45.8,6,-0.322,0101000020E61000001AA4E029E49AFDBFF187B89C3FAA4540,20230421_DACIA_DONOSTIA_ULIA_055,,d4,01:37.4,06:35.4,DACIA_SPRING,Dacia Spring 33 kW,33000,139,40:56.2,2.2,3.6,10,N,0.5220413134329718,178.3379437363384,174,49,,,,70.0,103.0,1.0,0,168,6,65,3
40:51.1,,,85,,98.5,,,,,,,55,-1.85097,43.330086,94.39148,22.92679233172103,40:50.8,6,0.275,0101000020E6100000F6A49FB2929DFDBF2D7E324A40AA4540,20230421_DACIA_DONOSTIA_ULIA_055,,d4,01:37.4,06:35.4,DACIA_SPRING,Dacia Spring 33 kW,33000,139,40:56.2,2.2,3.6,10,N,-0.94601574552989,154.76479056774932,174,49,,,,70.0,103.0,1.0,0,168,6,65,3
40:56.6,,,85,,98.5,,,,,,,55,-1.8515365,43.330353,98.10901,22.981517325403832,40:56.8,6,-0.1669999999999999,0101000020E61000006D30BBC4E49FFDBF28F62BF848AA4540,20230421_DACIA_DONOSTIA_ULIA_055,,d4,01:37.4,06:35.4,DACIA_SPRING,Dacia Spring 33 kW,33000,139,40:56.2,2.2,3.6,10,N,1.605688649508587,-163.51108737958512,174,49,,,,70.0,103.0,1.0,0,168,6,25,3
41:02.1,,,85,,98.5,,,,,,,55,-1.8520669,43.330196,104.76288,23.02830986740043,41:01.8,6,0.286,0101000020E6100000AA4287E910A2FDBF547BA6D143AA4540,20230421_DACIA_DONOSTIA_ULIA_055,,d4,01:37.4,06:35.4,DACIA_SPRING,Dacia Spring 33 kW,33000,139,40:56.2,2.2,3.6,10,N,3.5325958567703046,-88.89522826488647,174,49,,,,70.0,103.0,1.0,0,168,6,65,3
41:07.7,,,85,,98.5,,,,,,,55,-1.8520572,43.329693,102.71796,23.08428378462093,41:07.9,6,-0.183,0101000020E6100000BB5C48B006A2FDBFB68FAA6033AA4540,20230421_DACIA_DONOSTIA_ULIA_055,,d4,01:37.4,06:35.4,DACIA_SPRING,Dacia Spring 33 kW,33000,139,40:56.2,2.2,3.6,10,N,3.387518120801932,-119.783673287787,174,49,,,,70.0,103.0,1.0,0,168,6,65,3
41:13.4,,,85,,98.5,,,,,,,55,-1.8523302,43.329216,104.57129,23.141766622992396,41:13.9,6,-0.479,0101000020E61000007675010E25A3FDBFE8F2ACC523AA4540,20230421_DACIA_DONOSTIA_ULIA_055,,d4,01:37.4,06:35.4,DACIA_SPRING,Dacia Spring 33 kW,33000,139,40:56.2,2.2,3.6,10,N,2.3475950410927338,-149.2991437477039,174,49,,,,70.0,103.0,1.0,0,168,6,65,3
41:19.0,,,85,,98.5,,,,,,,55,-1.8530308,43.3288,106.00055,23.21493155830442,41:18.9,6,0.096,0101000020E6100000757884AA03A6FDBF6C6D6D2316AA4540,20230421_DACIA_DONOSTIA_ULIA_055,,d4,01:37.4,06:35.4,DACIA_SPRING,Dacia Spring 33 kW,33000,139,40:56.2,2.2,3.6,10,N,2.3144715528615425,-149.99093769196838,174,49,,,,70.0,103.0,1.0,0,168,6,25,3
41:24.6,,,85,,98.5,,,,,,,55,-1.8539952,43.328243,106.05682,23.3145364095642,41:24.9,6,-0.3389999999999999,0101000020E6100000F31483D1F6A9FDBF51C585EA03AA4540,20230421_DACIA_DONOSTIA_ULIA_055,,d4,01:37.4,06:35.4,DACIA_SPRING,Dacia Spring 33 kW,33000,139,40:56.2,2.2,3.6,10,N,2.2338440491162816,-151.64644969404466,174,49,,,,70.0,103.0,1.0,0,168,6,8,3
41:30.1,,,85,,98.5,,,,,,,55,-1.8546938,43.327866,108.977234,23.384956536718715,41:30.0,6,0.1169999999999999,0101000020E6100000FFF17752D3ACFDBF5836188FF7A94540,20230421_DACIA_DONOSTIA_ULIA_055,,d4,01:37.4,06:35.4,DACIA_SPRING,Dacia Spring 33 kW,33000,139,40:56.2,2.2,3.6,10,N,2.388178659402558,-148.4416101641024,174,49,,,,70.0,103.0,1.0,0,168,6,8,3
41:35.7,,,85,,98.5,,,,,,,55,-1.8556316,43.327290000000005,111.439575,23.484266571946826,41:36.0,6,-0.253,0101000020E610000008D04AB5AAB0FDBF3E7E0CA9E4A94540,20230421_DACIA_DONOSTIA_ULIA_055,,d4,01:37.4,06:35.4,DACIA_SPRING,Dacia Spring 33 kW,33000,139,40:56.2,2.2,3.6,10,N,1.9059174928019933,-158.03362201613857,184,33,,,,148.0,36.0,0.0,0,154,30,8,3
41:41.3,,,85,,98.5,,,,,,,55,-1.8565886000000005,43.326904,110.041565,23.572790865597266,41:41.0,6,0.348,0101000020E6100000B337214296B4FDBF9D016002D8A94540,20230421_DACIA_DONOSTIA_ULIA_055,,d4,01:37.4,06:35.4,DACIA_SPRING,Dacia Spring 33 kW,33000,139,40:56.2,2.2,3.6,10,N,1.8556699652417885,-158.9715336390877,184,33,,,,148.0,36.0,0.0,0,154,30,8,3
41:47.0,,,85,,98.5,,,,,,,55,-1.8576499,43.326496,110.03424,23.66988886868535,41:47.0,6,0.044,0101000020E61000000F4BA014EFB8FDBFC8FEC3A7CAA94540,20230421_DACIA_DONOSTIA_ULIA_055,,d4,01:37.4,06:35.4,DACIA_SPRING,Dacia Spring 33 kW,33000,139,40:56.2,2.2,3.6,10,N,2.332416606368963,-149.61703142636992,184,33,,,,148.0,36.0,0.0,0,154,30,8,3
41:52.6,,,85,,98.5,,,,,,,55,-1.85853,43.32598,109.144165,23.76132752249172,41:53.0,6,-0.407,0101000020E6100000545AB9F689BCFDBF005E76BAB9A94540,20230421_DACIA_DONOSTIA_ULIA_055,,d4,01:37.4,06:35.4,DACIA_SPRING,Dacia Spring 33 kW,33000,139,40:56.2,2.2,3.6,10,N,2.445709139241934,-147.20606361514172,184,33,,,,148.0,36.0,0.0,0,154,30,8,3
41:58.1,,,85,,98.5,,,,,,,55,-1.8595109,43.325348,109.651245,23.867320742223487,41:58.0,6,0.0969999999999999,0101000020E61000002847BF858EC0FDBF29D027F2A4A94540,20230421_DACIA_DONOSTIA_ULIA_055,,d4,01:37.4,06:35.4,DACIA_SPRING,Dacia Spring 33 kW,33000,139,40:56.2,2.2,3.6,10,N,2.482982340228679,-146.39226379755166,184,33,,,,148.0,36.0,0.0,0,154,30,8,3
42:03.6,,,85,,98.5,,,,,,,55,-1.8604754,43.324707,103.9964,23.973147525917067,42:04.1,6,-0.426,0101000020E6100000463360DA81C4FDBF4BCE050590A94540,20230421_DACIA_DONOSTIA_ULIA_055,,d4,01:37.4,06:35.4,DACIA_SPRING,Dacia Spring 33 kW,33000,139,40:56.2,2.2,3.6,10,N,2.4758779885790045,-146.54821785510265,184,33,,,,148.0,36.0,0.0,0,154,30,8,3
42:09.4,,,85,,98.5,,,,,,,55,-1.8614547,43.32406,101.6557,24.080183671524807,42:09.1,6,0.24,0101000020E61000004B2896BE84C8FDBFCD0D5DBB7AA94540,20230421_DACIA_DONOSTIA_ULIA_055,,d4,01:37.4,06:35.4,DACIA_SPRING,Dacia Spring 33 kW,33000,139,40:56.2,2.2,3.6,10,N,2.438846737860889,-147.35472448795022,184,33,,,,148.0,36.0,0.0,0,154,30,8,3
42:15.1,,,85,,98.5,,,,,,,55,-1.8624537,43.32342,99.88446,24.187878432283824,42:15.1,6,-0.067,0101000020E61000003F00A94D9CCCFDBFE4EA53D065A94540,20230421_DACIA_DONOSTIA_ULIA_055,,d4,01:37.4,06:35.4,DACIA_SPRING,Dacia Spring 33 kW,33000,139,40:56.2,2.2,3.6,10,N,2.485161491460799,-146.34434622848246,184,33,,,,148.0,36.0,0.0,0,154,30,8,3
42:20.5,,,85,,98.5,,,,,,,55,-1.8632993,43.322857,97.04346,24.28064835371716,42:20.1,6,0.41,0101000020E6100000F6BFF1EF12D0FDBFFFDEB76B53A94540,20230421_DACIA_DONOSTIA_ULIA_055,,d4,01:37.4,06:35.4,DACIA_SPRING,Dacia Spring 33 kW,33000,139,43:40.9,2.2,3.6,10,N,2.493590603947878,-146.15863623291332,184,33,,,,148.0,36.0,0.0,0,154,30,8,3
42:26.2,,,85,,98.5,,,,,,,55,-1.8643985,43.32212,93.06079,24.401637782654056,42:26.2,6,0.094,0101000020E61000002062838593D4FDBFCA8DE04E3BA94540,20230421_DACIA_DONOSTIA_ULIA_055,,d4,01:37.4,06:35.4,DACIA_SPRING,Dacia Spring 33 kW,33000,139,43:40.9,2.2,3.6,10,N,2.391190261998,-148.37752328917142,184,33,,,,148.0,36.0,0.0,0,154,30,65,3
42:32.0,,,85,,98.5,,,,,,,55,-1.8655938000000003,43.321384,91.31128,24.528328769404514,42:32.2,6,-0.114,0101000020E61000006F575CDA78D9FDBF4D488C1A23A94540,20230421_DACIA_DONOSTIA_ULIA_055,,d4,01:37.4,06:35.4,DACIA_SPRING,Dacia Spring 33 kW,33000,139,43:40.9,2.2,3.6,10,N,2.514607832011413,-145.69304347756304,184,33,,,,148.0,36.0,0.0,0,154,30,8,2
42:37.5,,,85,,98.5,,,,,,,55,-1.866479,43.32078,89.88037,24.62651577328723,42:37.2,6,0.356,0101000020E6100000467CA32D19DDFDBF5D90255A0FA94540,20230421_DACIA_DONOSTIA_ULIA_055,,d4,01:37.4,06:35.4,DACIA_SPRING,Dacia Spring 33 kW,33000,139,43:40.9,2.2,3.6,10,N,2.460388215591514,-146.8868629355369,184,33,,,,148.0,36.0,0.0,0,154,30,8,2
42:43.1,,,85,,98.5,,,,,,,55,-1.8674526,43.320145,88.47955,24.73230314653159,42:43.2,6,-0.108,0101000020E6100000AD41A90716E1FDBF68A4108EFAA84540,20230421_DACIA_DONOSTIA_ULIA_055,,d4,01:37.4,06:35.4,DACIA_SPRING,Dacia Spring 33 kW,33000,139,43:40.9,2.2,3.6,10,N,2.6248561569723625,-143.18676702595144,184,33,,,,148.0,36.0,0.0,0,154,30,30,2
42:48.7,,,85,,98.5,,,,,,,55,-1.8682783,43.319527,89.92584000000001,24.828148062442803,42:48.2,6,0.4589999999999999,0101000020E6100000CF71A8BE77E4FDBF07191241E6A84540,20230421_DACIA_DONOSTIA_ULIA_055,,d4,01:37.4,06:35.4,DACIA_SPRING,Dacia Spring 33 kW,33000,139,43:40.9,2.2,3.6,10,N,2.825000013857829,-138.3050051347452,184,33,,,,148.0,36.0,0.0,0,154,30,65,2
42:54.2,,,85,,98.5,,,,,,,55,-1.8692033,43.318703,85.32403599999999,24.94653741473455,42:54.2,6,0.0,0101000020E61000000E988FBD41E8FDBFF14CC34BCBA84540,20230421_DACIA_DONOSTIA_ULIA_055,,d4,01:37.4,06:35.4,DACIA_SPRING,Dacia Spring 33 kW,33000,139,43:40.9,2.2,3.6,10,N,2.2871862439952646,-150.55557194145345,184,33,,,,148.0,36.0,0.0,0,154,30,65,2
42:59.8,,,85,,98.5,,,,,,,55,-1.8702538,43.31811,83.50775,25.054118768406653,43:00.3,6,-0.447,0101000020E61000009319B1478FECFDBF8A65A7DDB7A84540,20230421_DACIA_DONOSTIA_ULIA_055,,d4,01:37.4,06:35.4,DACIA_SPRING,Dacia Spring 33 kW,33000,139,43:40.9,2.2,3.6,10,N,1.6317236348431785,-163.04718543844774,184,33,,,,148.0,36.0,0.0,0,154,30,65,2
43:05.3,,,85,,98.5,,,,,,,55,-1.8715332,43.31772,86.55072,25.16638206126245,43:05.3,6,0.061,0101000020E61000007A4CCDB3CCF1FDBF6D9172FFAAA84540,20230421_DACIA_DONOSTIA_ULIA_055,,d4,01:37.4,06:35.4,DACIA_SPRING,Dacia Spring 33 kW,33000,139,43:40.9,2.2,3.6,10,N,1.5038279948828008,-165.3086444563229,184,33,,,,148.0,36.0,0.0,0,154,30,8,2
43:10.9,,,85,,98.5,,,,,,,55,-1.87283,43.31738,86.373535,25.277899038009007,43:11.3,6,-0.395,0101000020E61000000F43CCA11CF7FDBFA2B9A9DC9FA84540,20230421_DACIA_DONOSTIA_ULIA_055,,d4,01:37.4,06:35.4,DACIA_SPRING,Dacia Spring 33 kW,33000,139,43:40.9,2.2,3.6,10,N,1.7652872150644972,-160.63591435291607,184,33,,,,148.0,36.0,0.0,0,154,30,8,2
43:16.5,,,85,,98.5,,,,,,,55,-1.8737775,43.317047,82.14966,25.36313284456097,43:16.3,6,0.1669999999999999,0101000020E610000001AA132BFEFAFDBF8A5BA20695A84540,20230421_DACIA_DONOSTIA_ULIA_055,,d4,01:37.4,06:35.4,DACIA_SPRING,Dacia Spring 33 kW,33000,139,43:40.9,2.2,3.6,10,N,2.9819578292867237,-134.0732882248521,184,33,,,,148.0,36.0,0.0,0,154,30,65,2
43:22.0,,,85,,98.5,,,,,,,55,-1.8745104,43.31629,81.84302,25.466094771496333,43:22.3,6,-0.342,0101000020E6100000EFCCA198FEFDFDBF73C308447CA84540,20230421_DACIA_DONOSTIA_ULIA_055,,d4,01:37.4,06:35.4,DACIA_SPRING,Dacia Spring 33 kW,33000,139,43:40.9,2.2,3.6,10,N,3.4529276094813017,-116.43393978226908,184,33,,,,148.0,36.0,0.0,0,154,30,8,2
43:27.6,,,85,,98.5,,,,,,,55,-1.8748584,43.31559,77.234375,25.548994844004913,43:27.4,6,0.27,0101000020E61000003A8910706BFFFDBF4F9DFD3765A84540,20230421_DACIA_DONOSTIA_ULIA_055,,d4,01:37.4,06:35.4,DACIA_SPRING,Dacia Spring 33 kW,33000,139,43:40.9,2.2,3.6,10,N,3.28781130133108,-124.03723787089876,184,33,,,,148.0,36.0,0.0,0,154,30,65,1
43:33.2,,,85,,98.5,,,,,,,55,-1.8754528,43.31471,73.75683599999999,25.658080258232406,43:33.4,6,-0.204,0101000020E6100000E3B3C8B8DA01FEBFDBAF125E48A84540,20230421_DACIA_DONOSTIA_ULIA_055,,d4,01:37.4,06:35.4,DACIA_SPRING,Dacia Spring 33 kW,33000,139,43:40.9,2.2,3.6,10,N,2.763703309232057,-139.8526167999635,184,33,,,,148.0,36.0,0.0,0,154,30,25,1
43:38.7,,,85,,98.5,,,,,,,55,-1.8760598,43.314198,73.10486,25.73326939112536,43:38.4,6,0.241,0101000020E6100000D9141B355704FEBF5BAFAF9637A84540,20230421_DACIA_DONOSTIA_ULIA_055,,d4,01:37.4,06:35.4,DACIA_SPRING,Dacia Spring 33 kW,33000,139,43:40.9,2.2,3.6,10,N,2.715266947784388,-141.0409216573835,184,33,,,,148.0,36.0,0.0,0,154,30,25,1
43:44.1,,,85,,98.5,,,,,,,55,-1.8769898,43.313446,70.08038,25.845798029865588,43:44.5,6,-0.344,0101000020E6100000EC8F078D2608FEBF558207FE1EA84540,20230421_DACIA_DONOSTIA_ULIA_055,,d4,01:37.4,06:35.4,DACIA_SPRING,Dacia Spring 33 kW,33000,139,43:40.9,2.2,3.6,10,N,2.5132555617509924,-145.7231109753591,184,33,,,,148.0,36.0,0.0,0,154,30,65,1
43:49.7,,,85,,98.5,,,,,,,55,-1.8777909,43.3129,74.20636,25.93470227981945,43:49.4,6,0.265,0101000020E610000062FC4D8B6E0BFEBF6478682F0DA84540,20230421_DACIA_DONOSTIA_ULIA_055,,d4,01:37.4,06:35.4,DACIA_SPRING,Dacia Spring 33 kW,33000,139,43:40.9,2.2,3.6,10,N,2.3798225258905674,-148.61909697571127,184,33,,,,148.0,36.0,0.0,0,154,30,8,1
43:55.2,,,85,,98.5,,,,,,,55,-1.8787582,43.31231,63.09259,26.03742764389855,43:55.5,6,-0.247,0101000020E6100000D27EB5B4640FFEBF4544F7CDF9A74540,20230421_DACIA_DONOSTIA_ULIA_055,,d4,01:37.4,06:35.4,DACIA_SPRING,Dacia Spring 33 kW,33000,139,43:40.9,2.2,3.6,10,N,2.354950901179282,-149.14454077980142,184,33,,,,148.0,36.0,0.0,0,154,30,65,1
44:00.8,,,84,,98.5,,,,,,,55,-1.8795449,43.31184,62.53784,26.119786641493363,44:00.5,6,0.245,0101000020E6100000F7D7E19E9D12FEBF9A0EF857EAA74540,20230421_DACIA_DONOSTIA_ULIA_055,,d4,01:37.4,06:35.4,DACIA_SPRING,Dacia Spring 33 kW,33000,139,43:40.9,2.2,3.6,10,N,1.813354409105179,-159.75427263558575,184,33,,,,148.0,36.0,0.0,0,154,30,8,1
44:06.5,,,84,,98.5,,,,,,,55,-1.8807026,43.311413,60.55591,26.224820423930176,44:06.5,6,-0.013,0101000020E610000007D758995B17FEBF89C14F5EDCA74540,20230421_DACIA_DONOSTIA_ULIA_055,,d4,01:37.4,06:35.4,DACIA_SPRING,Dacia Spring 33 kW,33000,139,43:40.9,2.2,3.6,10,N,0.902144958084208,-175.4872273652182,184,33,,,,148.0,36.0,0.0,0,154,30,30,1
44:12.1,,,84,,98.5,,,,,,,55,-1.8820583,43.311306,60.66333,26.33515289644176,44:12.5,6,-0.432,0101000020E610000047483017E91CFEBFFC9FAADFD8A74540,20230421_DACIA_DONOSTIA_ULIA_055,,d4,01:37.4,06:35.4,DACIA_SPRING,Dacia Spring 33 kW,33000,139,43:40.9,2.2,3.6,10,N,0.237680022342394,173.78554860699336,184,33,,,,148.0,36.0,0.0,0,154,30,40,1
44:17.7,,,84,,98.5,,,,,,,55,-1.8832889,43.311440000000005,60.32605,26.43582941139834,44:17.6,6,0.103,0101000020E6100000D1F67D72F321FEBF5F027D43DDA74540,20230421_DACIA_DONOSTIA_ULIA_055,,d4,01:37.4,06:35.4,DACIA_SPRING,Dacia Spring 33 kW,33000,139,43:40.9,2.2,3.6,10,N,0.5320077296873307,178.49829180495863,184,33,,,,148.0,36.0,0.0,0,154,30,30,1
44:23.3,,,84,,98.5,,,,,,,55,-1.8848147,43.31148,60.91741999999999,26.55936246278785,44:23.6,6,-0.327,0101000020E61000004B7D93853328FEBF2312A6A4DEA74540,20230421_DACIA_DONOSTIA_ULIA_055,,d4,01:37.4,06:35.4,DACIA_SPRING,Dacia Spring 33 kW,33000,139,43:40.9,2.2,3.6,10,N,0.6542668089522842,-179.52882822430462,184,33,,,,148.0,36.0,0.0,0,154,30,80,1
44:28.9,,,84,,98.5,,,,,,,55,-1.8860307,43.31147,61.88861,26.657759325540184,44:28.6,6,0.28,0101000020E6100000D60E90792E2DFEBFACE58C30DEA74540,20230421_DACIA_DONOSTIA_ULIA_055,,d4,01:37.4,06:35.4,DACIA_SPRING,Dacia Spring 33 kW,33000,139,43:40.9,2.2,3.6,10,N,0.8729937311330127,-175.96596334812006,184,33,,,,148.0,36.0,0.0,0,154,30,60,1
44:34.4,,,84,,98.5,,,,,,,55,-1.8874912,43.311367,60.791748,26.77648635703931,44:34.6,6,-0.171,0101000020E6100000269C48F62933FEBF3170ABE6DAA74540,20230421_DACIA_DONOSTIA_ULIA_055,,d4,01:37.4,06:35.4,DACIA_SPRING,Dacia Spring 33 kW,33000,139,43:40.9,2.2,3.6,10,N,0.7174076764506487,-178.50514669578712,184,33,,,,148.0,36.0,0.0,0,154,30,80,1
44:40.0,,,84,,98.5,,,,,,,55,-1.8886408,43.311337,62.041687,26.869568141953344,44:39.7,6,0.316,0101000020E61000003A7BA15FDF37FEBFD8676BD0D9A74540,20230421_DACIA_DONOSTIA_ULIA_055,,d4,01:37.4,06:35.4,DACIA_SPRING,Dacia Spring 33 kW,33000,139,43:40.9,2.2,3.6,10,N,0.2548301471333795,174.0591424249765,184,33,,,,148.0,36.0,0.0,0,154,30,8,1
44:45.5,,,84,,98.5,,,,,,,55,-1.8899189,43.31147,64.39111,26.97405708246271,44:45.7,6,-0.145,0101000020E610000075E4AB911B3DFEBF0BF20E4BDEA74540,20230421_DACIA_DONOSTIA_ULIA_055,,d4,01:37.4,06:35.4,DACIA_SPRING,Dacia Spring 33 kW,33000,139,43:40.9,2.2,3.6,10,N,-0.5902703516680367,160.56294436173968,184,33,,,,148.0,36.0,0.0,0,154,30,8,1
44:51.1,,,84,,98.5,,,,,,,55,-1.8909249,43.311825,65.37109,27.064523937465417,44:50.7,6,0.37,0101000020E6100000060C37853A41FEBF769F67DCE9A74540,20230421_DACIA_DONOSTIA_ULIA_055,,d4,01:37.4,06:35.4,DACIA_SPRING,Dacia Spring 33 kW,33000,139,45:56.3,2.2,3.6,10,N,-1.6593981034371674,142.55196643073356,184,33,,,,148.0,36.0,0.0,0,154,30,80,1
44:56.6,,,84,,98.5,,,,,,,55,-1.8918911,43.312565,69.089355,27.178082953586923,44:56.7,6,-0.095,0101000020E610000041E913922F45FEBF4C94731802A84540,20230421_DACIA_DONOSTIA_ULIA_055,,d4,01:37.4,06:35.4,DACIA_SPRING,Dacia Spring 33 kW,33000,139,45:56.3,2.2,3.6,10,N,-2.112232116400617,134.07461826604265,184,33,,,,148.0,36.0,0.0,0,154,30,80,1
45:02.3,,,84,,98.5,,,,,,,55,-1.8927073,43.313408,73.7843,27.292841649138158,45:02.7,6,-0.4479999999999999,0101000020E6100000739341838748FEBF6875D5B01DA84540,20230421_DACIA_DONOSTIA_ULIA_055,,d4,01:37.4,06:35.4,DACIA_SPRING,Dacia Spring 33 kW,33000,139,45:56.3,2.2,3.6,10,N,-1.238301027687505,149.88091356270618,184,33,,,,148.0,36.0,0.0,0,154,30,8,1
45:07.8,,,84,,98.5,,,,,,,55,-1.8934761,43.313854,75.35022,27.372408382231463,45:07.7,6,0.088,0101000020E6100000664A6FA8AD4BFEBFFB0007612CA84540,20230421_DACIA_DONOSTIA_ULIA_055,,d4,01:37.4,06:35.4,DACIA_SPRING,Dacia Spring 33 kW,33000,139,45:56.3,2.2,3.6,10,N,-0.6225125384404464,160.04235367041088,184,33,,,,148.0,36.0,0.0,0,154,30,80,2
45:13.5,,,84,,98.5,,,,,,,55,-1.8946327,43.314274,75.51538000000001,27.476990977122945,45:13.7,6,-0.293,0101000020E6100000111C76636A50FEBF592CC92A3AA84540,20230421_DACIA_DONOSTIA_ULIA_055,,d4,01:37.4,06:35.4,DACIA_SPRING,Dacia Spring 33 kW,33000,139,45:56.3,2.2,3.6,10,N,-0.8322959131904625,156.63266297622087,184,33,,,,148.0,36.0,0.0,0,154,30,20,2
45:19.0,,,84,,98.5,,,,,,,55,-1.8959751,43.314854,71.20764,27.60337704056943,45:18.8,6,0.1989999999999999,0101000020E6100000A6E67AF4E955FEBF56F1A9104DA84540,20230421_DACIA_DONOSTIA_ULIA_055,,d4,01:37.4,06:35.4,DACIA_SPRING,Dacia Spring 33 kW,33000,139,45:56.3,2.2,3.6,10,N,-1.649165887223052,142.73532281554276,184,33,,,,148.0,36.0,0.0,0,154,30,8,2
45:24.5,,,83,,98.5,,,,,,,55,-1.8968899,43.31555,68.7608,27.71048977055528,45:24.8,6,-0.284,0101000020E61000001B950644A959FEBFAF35A50664A84540,20230421_DACIA_DONOSTIA_ULIA_055,,d4,01:37.4,06:35.4,DACIA_SPRING,Dacia Spring 33 kW,33000,139,45:56.3,2.2,3.6,10,N,-1.6816250025437036,142.15261463900777,184,33,,,,148.0,36.0,0.0,0,154,30,8,2
45:30.1,,,83,,98.5,,,,,,,55,-1.8978101000000005,43.316265,67.71880999999999,27.819413787012024,45:29.8,6,0.22,0101000020E61000002D13552A6E5DFEBF56CF30527BA84540,20230421_DACIA_DONOSTIA_ULIA_055,,d4,01:37.4,06:35.4,DACIA_SPRING,Dacia Spring 33 kW,33000,139,45:56.3,2.2,3.6,10,N,-1.3964999002142442,147.175071443529,184,33,,,,148.0,36.0,0.0,0,154,30,80,2
45:35.7,,,83,,98.5,,,,,,,55,-1.8981713,43.316498,68.35303,27.858472456281397,45:35.9,6,-0.15,0101000020E61000001E19CCDBE85EFEBF4C00BC0D83A84540,20230421_DACIA_DONOSTIA_ULIA_055,,d4,01:37.4,06:35.4,DACIA_SPRING,Dacia Spring 33 kW,33000,139,45:56.3,2.2,3.6,10,N,-0.6251334396009492,0.0,184,33,,,,148.0,36.0,0.0,0,154,30,25,2
45:41.4,,,83,,98.5,,,,,,,55,-1.8981713,43.316498,68.35303,27.858472456281397,45:40.9,6,0.446,0101000020E61000001E19CCDBE85EFEBF4C00BC0D83A84540,20230421_DACIA_DONOSTIA_ULIA_055,,d4,01:37.4,06:35.4,DACIA_SPRING,Dacia Spring 33 kW,33000,139,45:56.3,2.2,3.6,10,N,-0.6251334396009492,0.0,184,33,,,,148.0,36.0,0.0,0,154,30,25,2
45:47.0,,,83,,98.5,,,,,,,55,-1.8981713,43.316498,68.35303,27.858472456281397,45:46.9,6,0.099,0101000020E61000001E19CCDBE85EFEBF4C00BC0D83A84540,20230421_DACIA_DONOSTIA_ULIA_055,,d4,01:37.4,06:35.4,DACIA_SPRING,Dacia Spring 33 kW,33000,139,45:56.3,2.2,3.6,10,N,-0.6251334396009492,0.0,184,33,,,,148.0,36.0,0.0,0,154,30,25,2
45:52.6,,,83,,98.5,,,,,,,55,-1.8981713,43.316498,68.35303,27.858472456281397,45:52.9,6,-0.287,0101000020E61000001E19CCDBE85EFEBF4C00BC0D83A84540,20230421_DACIA_DONOSTIA_ULIA_055,,d4,01:37.4,06:35.4,DACIA_SPRING,Dacia Spring 33 kW,33000,139,45:56.3,2.2,3.6,10,N,-0.8359153484296662,156.57344648737822,184,33,,,,148.0,36.0,0.0,0,154,30,25,2
45:58.3,,,83,,98.5,,,,,,,55,-1.9032072,43.31868,68.936646,28.332657711152827,45:58.0,6,0.376,0101000020E610000055CC395F8973FEBFA4C18E7BCAA84540,20230421_DACIA_DONOSTIA_ULIA_055,,d4,01:37.4,06:35.4,DACIA_SPRING,Dacia Spring 33 kW,33000,139,45:56.3,2.2,3.6,10,N,-0.6194642071742471,160.09160768452918,184,33,,,,148.0,36.0,0.0,0,154,30,40,2
46:03.9,,,83,,98.5,,,,,,,55,-1.905314,43.319443,65.755615,28.52307184793067,46:03.9,6,-0.011,0101000020E6100000AF0541702A7CFEBF3887E77CE3A84540,20230421_DACIA_DONOSTIA_ULIA_055,,d4,01:37.4,06:35.4,DACIA_SPRING,Dacia Spring 33 kW,33000,139,45:56.3,2.2,3.6,10,N,0.8477793146768646,-176.3792408580743,488,114,0.0,28.0,335.0,,,,125,273,215,8,3
46:09.5,,,83,,98.5,,,,,,,55,-1.9063096,43.31938,50.65149,28.605317565515787,46:09.3,6,0.175,0101000020E61000001C0270813E80FEBFBC440E74E1A84540,20230421_DACIA_DONOSTIA_ULIA_055,,d4,01:37.4,06:35.4,DACIA_SPRING,Dacia Spring 33 kW,33000,139,45:56.3,2.2,3.6,10,N,1.5087265485532508,-165.2228066146402,488,114,0.0,28.0,335.0,,,,125,273,215,30,3
46:15.1,,,83,,98.5,,,,,,,55,-1.907735,43.319004,55.420166,28.72806924529816,46:15.0,6,0.086,0101000020E6100000CCC88B121586FEBF10D9D51ED5A84540,20230421_DACIA_DONOSTIA_ULIA_055,,d4,01:37.4,06:35.4,DACIA_SPRING,Dacia Spring 33 kW,33000,139,45:56.3,2.2,3.6,10,N,1.7162740981393036,-161.52711533222282,488,114,0.0,28.0,335.0,,,,125,273,215,40,3
46:20.6,,,83,,98.5,,,,,,,55,-1.909094,43.31855,62.842834,28.849275502584998,46:21.0,6,-0.367,0101000020E610000099721121A68BFEBF89AB144CC6A84540,20230421_DACIA_DONOSTIA_ULIA_055,,d4,01:37.4,06:35.4,DACIA_SPRING,Dacia Spring 33 kW,33000,139,45:56.3,2.2,3.6,10,N,1.4589676121156034,-166.0920285552592,488,114,0.0,28.0,335.0,,,,125,273,215,80,3
46:26.2,,,83,,98.5,,,,,,,55,-1.9101561,43.318287,57.707214,28.94018500905227,46:26.0,6,0.218,0101000020E6100000423FD7E7FF8FFEBFC9840CA2BDA84540,20230421_DACIA_DONOSTIA_ULIA_055,,d4,01:37.4,06:35.4,DACIA_SPRING,Dacia Spring 33 kW,33000,139,45:56.3,2.2,3.6,10,N,1.7244602702415426,-161.37879645820877,488,114,0.0,28.0,335.0,,,,125,273,215,80,3
46:31.7,,,83,,98.5,,,,,,,55,-1.9111978,43.317936,56.27264399999999,29.03306920672298,46:32.0,6,-0.298,0101000020E610000001C6AF2F4494FEBF04D46917B2A84540,20230421_DACIA_DONOSTIA_ULIA_055,,d4,01:37.4,06:35.4,DACIA_SPRING,Dacia Spring 33 kW,33000,139,45:56.3,2.2,3.6,10,N,1.6675239753363291,-162.406137399416,473,97,162.0,64.0,145.0,,,,102,337,136,80,2
46:37.3,,,83,,98.5,,,,,,,55,-1.9118159,43.31774,59.173523,29.08769417065236,46:37.1,6,0.196,0101000020E61000002CC92A3ACC96FEBFCCAD18C7ABA84540,20230421_DACIA_DONOSTIA_ULIA_055,,d4,01:37.4,06:35.4,DACIA_SPRING,Dacia Spring 33 kW,33000,139,45:56.3,2.2,3.6,10,N,0.8719359465343773,-175.98331581512804,473,97,162.0,64.0,145.0,,,,102,337,136,40,2
46:42.7,,,83,,98.5,,,,,,,55,-1.9126134,43.317684,55.696716,29.15260574001572,46:43.1,6,-0.382,0101000020E61000009ED83B8A109AFEBF850F1DE9A9A84540,20230421_DACIA_DONOSTIA_ULIA_055,,d4,01:37.4,06:35.4,DACIA_SPRING,Dacia Spring 33 kW,33000,139,45:56.3,2.2,3.6,10,N,1.1110991634215135,-172.0227912458991,473,97,162.0,64.0,145.0,,,,102,337,136,40,2
46:48.6,,,83,,98.5,,,,,,,55,-1.9134269,43.31757,61.125,29.219847970743725,46:49.1,6,-0.495,0101000020E6100000026B5176659DFEBFF87A4A10A6A84540,20230421_DACIA_DONOSTIA_ULIA_055,,d4,01:37.4,06:35.4,DACIA_SPRING,Dacia Spring 33 kW,33000,139,45:56.3,2.2,3.6,10,N,-0.2626141799577674,165.81664964399002,473,97,162.0,64.0,145.0,,,,102,337,136,20,2
46:55.2,,,83,,98.5,,,,,,,55,-1.914242,43.317776,54.48260500000001,29.289970907000114,46:55.1,6,0.1,0101000020E6100000233E4548BCA0FEBFC56C4DE3ACA84540,20230421_DACIA_DONOSTIA_ULIA_055,,d4,01:37.4,06:35.4,DACIA_SPRING,Dacia Spring 33 kW,33000,139,45:56.3,2.2,3.6,10,N,-0.4912079338415078,162.15771912862084,473,97,162.0,64.0,145.0,,,,102,337,136,50,2
47:00.9,,,83,,98.5,,,,,,,55,-1.9147018,43.317924,50.39203,29.33085205769977,47:01.1,6,-0.245,0101000020E6100000C1B20C509EA2FEBF1CCDD3B1B1A84540,20230421_DACIA_DONOSTIA_ULIA_055,,d4,01:37.4,06:35.4,DACIA_SPRING,Dacia Spring 33 kW,33000,139,45:56.3,2.2,3.6,10,N,-1.4778107000234313,145.763565354654,473,97,162.0,64.0,145.0,,,,102,337,136,50,2
47:06.6,,,83,,98.5,,,,,,,55,-1.9147547,43.31796,46.11615,29.338106208298136,47:06.2,6,0.467,0101000020E61000006393C2DDD5A2FEBFAAB67AD2B2A84540,20230421_DACIA_DONOSTIA_ULIA_055,,d4,01:37.4,06:35.4,DACIA_SPRING,Dacia Spring 33 kW,33000,139,45:56.3,2.2,3.6,10,N,1.013523151629626,-26.35179243985817,473,97,162.0,64.0,145.0,,,,102,337,136,50,2
47:12.1,,,83,,98.5,,,,,,,55,-1.9147224,43.317944,46.253296,29.341270435325402,47:12.2,6,-0.081,0101000020E61000006E16EDF9B3A2FEBF63E4345DB2A84540,20230421_DACIA_DONOSTIA_ULIA_055,,d4,01:37.4,06:35.4,DACIA_SPRING,Dacia Spring 33 kW,33000,139,45:56.3,2.2,3.6,10,N,2.657108143423901,-142.43140799387385,473,97,162.0,64.0,145.0,,,,102,337,136,50,2
47:17.7,,,83,,98.5,,,,,,,55,-1.9147276,43.31794,47.32556,29.34250516364936,47:17.2,6,0.4679999999999999,0101000020E6100000DD5DCA6DB9A2FEBF759F6F4DB2A84540,20230421_DACIA_DONOSTIA_ULIA_055,,d4,01:37.4,06:35.4,DACIA_SPRING,Dacia Spring 33 kW,33000,139,45:56.3,2.2,3.6,10,N,0.6251334396009488,180.0,473,97,162.0,64.0,145.0,,,,102,337,136,50,2
47:23.1,,,83,,98.5,,,,,,,55,-1.9147409,43.31794,47.28119,29.343582058163264,47:23.2,6,-0.12,0101000020E6100000B22FB86AC7A2FEBF7BA45E43B2A84540,20230421_DACIA_DONOSTIA_ULIA_055,,d4,01:37.4,06:35.4,DACIA_SPRING,Dacia Spring 33 kW,33000,139,48:41.0,2.2,3.6,10,N,-1.821716365114734,139.60009568924278,473,97,162.0,64.0,145.0,,,,102,337,136,50,2
47:28.7,,,83,,98.5,,,,,,,55,-1.9147456000000005,43.317944,47.28528,29.344167227594316,47:28.2,6,0.445,0101000020E610000080C7853DCCA2FEBF63A36252B2A84540,20230421_DACIA_DONOSTIA_ULIA_055,,d4,01:37.4,06:35.4,DACIA_SPRING,Dacia Spring 33 kW,33000,139,48:41.0,2.2,3.6,10,N,-0.6690636923109545,159.2892469171637,473,97,162.0,64.0,145.0,,,,102,337,136,50,2
47:34.1,,,83,,98.5,,,,,,,55,-1.9154227,43.3182,44.942017,29.405944278032425,47:34.2,6,-0.125,0101000020E61000007416CD3592A5FEBF5F2AD3BBBAA84540,20230421_DACIA_DONOSTIA_ULIA_055,,d4,01:37.4,06:35.4,DACIA_SPRING,Dacia Spring 33 kW,33000,139,48:41.0,2.2,3.6,10,N,-0.7741312475979533,157.58233379591712,473,97,162.0,64.0,145.0,,,,102,337,136,50,2
47:39.7,,,83,,98.5,,,,,,,55,-1.9160675,43.318466,49.812134,29.46610821458697,47:39.3,6,0.385,0101000020E61000007FA2D36F36A8FEBFCC56C98DC3A84540,20230421_DACIA_DONOSTIA_ULIA_055,,d4,01:37.4,06:35.4,DACIA_SPRING,Dacia Spring 33 kW,33000,139,48:41.0,2.2,3.6,10,N,-0.5586835512588932,161.0721914371348,488,114,0.0,28.0,335.0,,,,125,273,215,25,2
47:45.1,,,83,,98.5,,,,,,,55,-1.9168082,43.31872,50.235413,29.532354623361087,47:45.3,6,-0.176,0101000020E6100000753FA7203FABFEBFD3E717E3CBA84540,20230421_DACIA_DONOSTIA_ULIA_055,,d4,01:37.4,06:35.4,DACIA_SPRING,Dacia Spring 33 kW,33000,139,48:41.0,2.2,3.6,10,N,-0.5844129100268914,160.65743450674356,488,114,0.0,28.0,335.0,,,,125,273,215,25,2
47:50.6,,,83,,98.5,,,,,,,55,-1.9172697,43.318882,49.146667,29.573822554279307,47:50.3,6,0.283,0101000020E6100000360275F322ADFEBF3C50862ED1A84540,20230421_DACIA_DONOSTIA_ULIA_055,,d4,01:37.4,06:35.4,DACIA_SPRING,Dacia Spring 33 kW,33000,139,48:41.0,2.2,3.6,10,N,-0.4694616659677632,162.50694481597276,488,114,0.0,28.0,335.0,,,,125,273,215,25,2
47:56.1,,,83,,98.5,,,,,,,55,-1.9179614,43.3191,48.270508,29.634811705220436,47:56.3,6,-0.186,0101000020E610000069ADE43AF8AFFEBF3E92D43AD8A84540,20230421_DACIA_DONOSTIA_ULIA_055,,d4,01:37.4,06:35.4,DACIA_SPRING,Dacia Spring 33 kW,33000,139,48:41.0,2.2,3.6,10,N,-0.5739452734766046,160.82623101418778,488,114,0.0,28.0,335.0,,,,125,273,215,25,2
48:01.7,,,83,,98.5,,,,,,,55,-1.9186401,43.319336,49.44757,29.695678097718904,48:01.4,6,0.348,0101000020E61000005C7CE100C0B2FEBFC9993F09E0A84540,20230421_DACIA_DONOSTIA_ULIA_055,,d4,01:37.4,06:35.4,DACIA_SPRING,Dacia Spring 33 kW,33000,139,48:41.0,2.2,3.6,10,N,-1.0082210951930293,153.73612979989767,488,114,0.0,28.0,335.0,,,,125,273,215,25,2
48:07.7,,,83,,98.5,,,,,,,55,-1.9194183,43.31972,47.50128,29.771772465082364,48:07.4,6,0.357,0101000020E6100000B5DD6709F0B5FEBF3F973EAEECA84540,20230421_DACIA_DONOSTIA_ULIA_055,,d4,01:37.4,06:35.4,DACIA_SPRING,Dacia Spring 33 kW,33000,139,48:41.0,2.2,3.6,10,N,-0.8297324323794236,156.6745945129173,488,114,0.0,28.0,335.0,,,,125,273,215,8,2
48:13.3,,,83,,98.5,,,,,,,55,-1.92023,43.32007,53.081177,29.84830781493119,48:13.4,6,-0.099,0101000020E61000001393FD1443B9FEBF108F4804F8A84540,20230421_DACIA_DONOSTIA_ULIA_055,,d4,01:37.4,06:35.4,DACIA_SPRING,Dacia Spring 33 kW,33000,139,48:41.0,2.2,3.6,10,N,-0.9645152885355522,154.45941353107906,488,114,0.0,28.0,335.0,,,,125,273,215,8,2
48:18.8,,,83,,98.5,,,,,,,55,-1.9206904,43.32029,54.492126,29.892890754062293,48:18.4,6,0.4,0101000020E610000058149FD025BBFEBFADB0AE44FFA84540,20230421_DACIA_DONOSTIA_ULIA_055,,d4,01:37.4,06:35.4,DACIA_SPRING,Dacia Spring 33 kW,33000,139,48:41.0,2.2,3.6,10,N,-0.3121708842497604,165.02539844695025,488,114,0.0,28.0,335.0,,,,125,273,215,50,2
48:24.3,,,83,,98.5,,,,,,,55,-1.9210867,43.320396,51.271484,29.927199971889113,48:24.4,6,-0.105,0101000020E6100000307D5468C5BCFEBF5E4C12CF02A94540,20230421_DACIA_DONOSTIA_ULIA_055,,d4,01:37.4,06:35.4,DACIA_SPRING,Dacia Spring 33 kW,33000,139,48:41.0,2.2,3.6,10,N,-0.7387908605316552,158.1576405903575,488,114,0.0,28.0,335.0,,,,125,273,215,50,2
48:29.9,,,83,,98.5,,,,,,,55,-1.9212314,43.320454,59.813293,29.94306134701574,48:29.4,6,0.415,0101000020E61000005FFE33185DBDFEBF8DE5C89004A94540,20230421_DACIA_DONOSTIA_ULIA_055,,d4,01:37.4,06:35.4,DACIA_SPRING,Dacia Spring 33 kW,33000,139,48:41.0,2.2,3.6,10,N,-1.7838528088022267,140.29630607280404,488,114,0.0,28.0,335.0,,,,125,273,215,50,2
48:35.4,,,83,,98.5,,,,,,,55,-1.9212868000000003,43.3205,61.542603,29.950078409368537,48:35.5,6,-0.085,0101000020E6100000D096943797BDFEBF62A1B52606A94540,20230421_DACIA_DONOSTIA_ULIA_055,,d4,01:37.4,06:35.4,DACIA_SPRING,Dacia Spring 33 kW,33000,139,48:41.0,2.2,3.6,10,N,-1.7483065984787456,140.94554071239503,488,114,0.0,28.0,335.0,,,,125,273,215,50,2
48:40.9,,,83,,98.5,,,,,,,55,-1.9213854,43.32058,58.71051,29.962357516486506,48:40.5,6,0.368,0101000020E610000018F8BCA8FEBDFEBF31DB04CE08A94540,20230421_DACIA_DONOSTIA_ULIA_055,,d4,01:37.4,06:35.4,DACIA_SPRING,Dacia Spring 33 kW,33000,139,48:41.0,2.2,3.6,10,N,-0.7945144972941389,157.24993911453998,488,114,0.0,28.0,335.0,,,,125,273,215,50,2
48:46.4,,,83,,98.5,,,,,,,55,-1.9215571,43.320652,58.124146,29.978400391927902,48:46.5,6,-0.115,0101000020E6100000512D4398B2BEFEBF6572C5200BA94540,20230421_DACIA_DONOSTIA_ULIA_055,,d4,01:37.4,06:35.4,DACIA_SPRING,Dacia Spring 33 kW,33000,139,48:41.0,2.2,3.6,10,N,-1.6967827568190033,141.87943022036964,488,114,0.0,28.0,335.0,,,,125,273,215,50,2
48:52.0,,,83,,98.5,,,,,,,55,-1.9217712,43.32082,61.769043,30.00413441438187,48:51.5,6,0.422,0101000020E6100000D88F3D1093BFFEBF9868B19010A94540,20230421_DACIA_DONOSTIA_ULIA_055,,d4,01:37.4,06:35.4,DACIA_SPRING,Dacia Spring 33 kW,33000,139,48:41.0,2.2,3.6,10,N,-1.5355865096392551,144.75107258923552,488,114,0.0,28.0,335.0,,,,125,273,215,50,2
48:57.4,,,82,,98.5,,,,,,,55,-1.9220726,43.321033,61.47278000000001,30.038127653039936,48:57.5,6,-0.151,0101000020E610000043295248CFC0FEBFEE7E91A717A94540,20230421_DACIA_DONOSTIA_ULIA_055,,d4,01:37.4,06:35.4,DACIA_SPRING,Dacia Spring 33 kW,33000,139,48:41.0,2.2,3.6,10,N,-1.071292576732953,152.68761355846897,488,114,0.0,28.0,335.0,,,,125,273,215,55,2
49:03.1,,,82,,98.5,,,,,,,55,-1.9225509,43.32128,59.716614,30.085609753970367,49:02.6,6,0.501,0101000020E610000024B7E4C0C4C2FEBF0E375CBB1FA94540,20230421_DACIA_DONOSTIA_ULIA_055,,d4,01:37.4,06:35.4,DACIA_SPRING,Dacia Spring 33 kW,33000,139,48:41.0,2.2,3.6,10,N,-0.0303285398481508,169.51730058669136,488,114,0.0,28.0,335.0,,,,125,273,215,55,2
49:08.6,,,82,,98.5,,,,,,,55,-1.9234859,43.321453000000005,55.935974,30.163747087926705,49:08.6,6,0.039,0101000020E61000005E7D9F1E99C6FEBF58F5036825A94540,20230421_DACIA_DONOSTIA_ULIA_055,,d4,01:37.4,06:35.4,DACIA_SPRING,Dacia Spring 33 kW,33000,139,48:41.0,2.2,3.6,10,N,0.467145301666436,177.45587316252207,488,114,0.0,28.0,335.0,,,,125,273,215,10,2
49:14.2,,,82,,98.5,,,,,,,55,-1.9246112,43.321503,51.36493,30.255063508115196,49:14.6,6,-0.429,0101000020E610000003DBB91735CBFEBF8185820827A94540,20230421_DACIA_DONOSTIA_ULIA_055,,d4,01:37.4,06:35.4,DACIA_SPRING,Dacia Spring 33 kW,33000,139,48:41.0,2.2,3.6,10,N,1.0612963458530753,-172.8541828608748,488,114,0.0,28.0,335.0,,,,125,273,215,30,2
49:19.7,,,82,,98.5,,,,,,,55,-1.9255604,43.321384,47.665894,30.333069605824047,49:19.6,6,0.093,0101000020E61000007C9D2F5118CFFEBFA74BD61323A94540,20230421_DACIA_DONOSTIA_ULIA_055,,d4,01:37.4,06:35.4,DACIA_SPRING,Dacia Spring 33 kW,33000,139,48:41.0,2.2,3.6,10,N,0.8872414881508813,-175.732106699655,488,114,0.0,28.0,335.0,,,,125,273,215,30,2
49:25.2,,,82,,98.5,,,,,,,55,-1.926686,43.3213,41.73651,30.42479604559719,49:25.6,6,-0.406,0101000020E61000008CC5A9B5B4D3FEBFEFBEF06B20A94540,20230421_DACIA_DONOSTIA_ULIA_055,,d4,01:37.4,06:35.4,DACIA_SPRING,Dacia Spring 33 kW,33000,139,48:41.0,2.2,3.6,10,N,0.9369201270584768,-174.91477146286556,488,114,0.0,28.0,335.0,,,,125,273,215,30,2
49:30.7,,,82,,98.5,,,,,,,55,-1.927585,43.32122,47.24347,30.498270538432706,49:30.6,6,0.089,0101000020E6100000568DD26363D7FEBFE509E7C71DA94540,20230421_DACIA_DONOSTIA_ULIA_055,,d4,01:37.4,06:35.4,DACIA_SPRING,Dacia Spring 33 kW,33000,139,48:41.0,2.2,3.6,10,N,0.7098240597638626,-178.62828730605042,488,114,0.0,28.0,335.0,,,,125,273,215,25,2
49:36.2,,,82,,98.5,,,,,,,55,-1.9286708,43.321194,54.590576,30.58646199356112,49:36.7,6,-0.442,0101000020E6100000A400ACE9D5DBFEBF6EA729D91CA94540,20230421_DACIA_DONOSTIA_ULIA_055,,d4,01:37.4,06:35.4,DACIA_SPRING,Dacia Spring 33 kW,33000,139,48:41.0,2.2,3.6,10,N,0.6725972477555808,-179.23200605817388,488,114,0.0,28.0,335.0,,,,125,273,215,25,2
49:41.8,,,82,,98.5,,,,,,,55,-1.929566,43.321182,56.73822,30.658924604255,49:41.7,6,0.151,0101000020E610000077C5C69B80DFFEBFEB4669801CA94540,20230421_DACIA_DONOSTIA_ULIA_055,,d4,01:37.4,06:35.4,DACIA_SPRING,Dacia Spring 33 kW,33000,139,48:41.0,2.2,3.6,10,N,0.398746844707281,176.35930174851134,488,114,0.0,28.0,335.0,,,,125,273,215,25,2
49:47.6,,,82,,98.5,,,,,,,55,-1.9305247,43.321243,57.23236,30.736777596865064,49:47.7,6,-0.166,0101000020E6100000F1246DD36DE3FEBF614381881EA94540,20230421_DACIA_DONOSTIA_ULIA_055,,d4,01:37.4,06:35.4,DACIA_SPRING,Dacia Spring 33 kW,33000,139,48:41.0,2.2,3.6,10,N,0.6251334396009488,180.0,488,114,0.0,28.0,335.0,,,,125,273,215,8,2
49:53.2,,,82,,98.5,,,,,,,55,-1.9313576,43.321243,60.62445,30.804241505366203,49:52.7,6,0.4539999999999999,0101000020E6100000C7180E3AD7E6FEBFB5956E7D1EA94540,20230421_DACIA_DONOSTIA_ULIA_055,,d4,01:37.4,06:35.4,DACIA_SPRING,Dacia Spring 33 kW,33000,139,50:56.2,2.2,3.6,10,N,0.7962980833244284,-177.22083313568987,473,97,162.0,64.0,145.0,,,,102,337,136,50,1
49:58.7,,,82,,98.5,,,,,,,55,-1.932367,43.321194,63.725037,30.886138612779817,49:58.8,6,-0.042,0101000020E610000027B81EA6F9EAFEBFC880AAD91CA94540,20230421_DACIA_DONOSTIA_ULIA_055,,d4,01:37.4,06:35.4,DACIA_SPRING,Dacia Spring 33 kW,33000,139,50:56.2,2.2,3.6,10,N,1.0640332431870905,-172.8085922791478,473,97,162.0,64.0,145.0,,,,102,337,136,50,1
50:04.3,,,82,,98.5,,,,,,,55,-1.933429,43.32106,65.173096,30.973345257519185,50:04.8,6,-0.5,0101000020E610000076D1E33953EFFEBFF95F538C18A94540,20230421_DACIA_DONOSTIA_ULIA_055,,d4,01:37.4,06:35.4,DACIA_SPRING,Dacia Spring 33 kW,33000,139,50:56.2,2.2,3.6,10,N,1.500916766322704,-165.35963019164004,473,97,162.0,64.0,145.0,,,,102,337,136,25,1
50:09.9,,,82,,98.5,,,,,,,55,-1.9341946,43.32086,63.870422,31.039164379162994,50:09.8,6,0.049,0101000020E6100000E709F8F375F2FEBF86A3F50112A94540,20230421_DACIA_DONOSTIA_ULIA_055,,d4,01:37.4,06:35.4,DACIA_SPRING,Dacia Spring 33 kW,33000,139,50:56.2,2.2,3.6,10,N,1.7039757094311478,-161.74954998158154,488,114,0.0,28.0,335.0,,,,125,273,215,30,1
50:15.3,,,82,,98.5,,,,,,,55,-1.9351832,43.320534,67.39935,31.127041913295557,50:15.8,6,-0.481,0101000020E6100000701A0DA682F6FEBF2C47E94E07A94540,20230421_DACIA_DONOSTIA_ULIA_055,,d4,01:37.4,06:35.4,DACIA_SPRING,Dacia Spring 33 kW,33000,139,50:56.2,2.2,3.6,10,N,1.6307925320980234,-163.06380895020837,488,114,0.0,28.0,335.0,,,,125,273,215,8,1
50:20.8,,,82,,98.5,,,,,,,55,-1.9359188000000005,43.32031,65.203,31.19158986013438,50:20.8,6,-0.023,0101000020E61000006E948A0086F9FEBF36B354E6FFA84540,20230421_DACIA_DONOSTIA_ULIA_055,,d4,01:37.4,06:35.4,DACIA_SPRING,Dacia Spring 33 kW,33000,139,50:56.2,2.2,3.6,10,N,1.338122839652086,-168.1794523689219,488,114,0.0,28.0,335.0,,,,125,273,215,8,1
50:26.3,,,82,,98.5,,,,,,,55,-1.9365973,43.320168,63.101685,31.248743524260348,50:25.9,6,0.436,0101000020E610000097E8C9884DFCFEBF9779A33DFBA84540,20230421_DACIA_DONOSTIA_ULIA_055,,d4,01:37.4,06:35.4,DACIA_SPRING,Dacia Spring 33 kW,33000,139,50:56.2,2.2,3.6,10,N,1.0738841019829557,-172.6444058397023,488,114,0.0,28.0,335.0,,,,125,273,215,8,1
50:31.7,,,82,,98.5,,,,,,,55,-1.9371628,43.320095,65.110596,31.295249220068033,50:31.9,6,-0.1369999999999999,0101000020E61000003EDC82639EFEFEBFB6C934DCF8A84540,20230421_DACIA_DONOSTIA_ULIA_055,,d4,01:37.4,06:35.4,DACIA_SPRING,Dacia Spring 33 kW,33000,139,50:56.2,2.2,3.6,10,N,0.2050657241519724,173.26548994136095,488,114,0.0,28.0,335.0,,,,125,273,215,55,1
50:37.2,,,82,,98.5,,,,,,,55,-1.9374592,43.32013,62.73755,31.319656763974017,50:36.9,6,0.281,0101000020E61000006359D537D5FFFEBF5C367C03FAA84540,20230421_DACIA_DONOSTIA_ULIA_055,,d4,01:37.4,06:35.4,DACIA_SPRING,Dacia Spring 33 kW,33000,139,50:56.2,2.2,3.6,10,N,0.6570249578958094,-179.48418427590886,488,114,0.0,28.0,335.0,,,,125,273,215,55,1
50:42.6,,,82,,98.5,,,,,,,55,-1.9379035,43.320126,64.89331,31.355667013098405,50:42.9,6,-0.292,0101000020E61000005DA47124A701FFBFBC7B3ED2F9A84540,20230421_DACIA_DONOSTIA_ULIA_055,,d4,01:37.4,06:35.4,DACIA_SPRING,Dacia Spring 33 kW,33000,139,50:56.2,2.2,3.6,10,N,1.1543817720045204,-171.2970594390677,488,114,0.0,28.0,335.0,,,,125,273,215,55,1
50:48.2,,,82,,98.5,,,,,,,55,-1.938302,43.320065,64.71332,31.38861115151181,50:47.9,6,0.26,0101000020E6100000101FF9FF4803FFBFDA6C0FEFF7A84540,20230421_DACIA_DONOSTIA_ULIA_055,,d4,01:37.4,06:35.4,DACIA_SPRING,Dacia Spring 33 kW,33000,139,50:56.2,2.2,3.6,10,N,1.4898905311031834,-165.55254986387484,488,114,0.0,28.0,335.0,,,,125,273,215,55,1
50:54.8,,,82,,98.5,,,,,,,55,-1.9389696,43.319893,63.15912,31.445926201254373,50:55.0,6,-0.103,0101000020E610000098661D020506FFBF31FAC044F2A84540,20230421_DACIA_DONOSTIA_ULIA_055,,d4,01:37.4,06:35.4,DACIA_SPRING,Dacia Spring 33 kW,33000,139,50:56.2,2.2,3.6,10,N,1.2194697808196509,-170.19977556569827,488,114,0.0,28.0,335.0,,,,125,273,215,8,1
51:00.4,,,82,,98.5,,,,,,,55,-1.939508,43.3198,65.47301999999999,31.490752347847756,51:00.0,6,0.386,0101000020E610000077E506853908FFBFB59F3138EFA84540,20230421_DACIA_DONOSTIA_ULIA_055,,d4,01:37.4,06:35.4,DACIA_SPRING,Dacia Spring 33 kW,33000,139,50:56.2,2.2,3.6,10,N,0.1198558325593156,171.90791740137823,488,114,0.0,28.0,335.0,,,,125,273,215,45,1
51:05.9,,,82,,98.5,,,,,,,55,-1.9403731,43.319923,70.89703,31.562267270539348,51:06.0,6,-0.155,0101000020E610000012CE97ACC40BFFBF18243B3EF3A84540,20230421_DACIA_DONOSTIA_ULIA_055,,d4,01:37.4,06:35.4,DACIA_SPRING,Dacia Spring 33 kW,33000,139,50:56.2,2.2,3.6,10,N,-0.1382482351914694,167.79916983289007,488,114,0.0,28.0,335.0,,,,125,273,215,45,1
51:11.4,,,82,,98.5,,,,,,,55,-1.9411917,43.3201,73.55768,31.631404379018548,51:11.0,6,0.359,0101000020E61000000876DB091F0FFFBFB01C2103F9A84540,20230421_DACIA_DONOSTIA_ULIA_055,,d4,01:37.4,06:35.4,DACIA_SPRING,Dacia Spring 33 kW,33000,139,50:56.2,2.2,3.6,10,N,-0.344032556062568,164.51618320088238,488,114,0.0,28.0,335.0,,,,125,273,215,50,1
51:17.0,,,82,,98.5,,,,,,,55,-1.9421086,43.320354,79.4505,31.71099312490497,51:17.0,6,-0.06,0101000020E61000002E0B1E8DE012FFBFE7B3B06501A94540,20230421_DACIA_DONOSTIA_ULIA_055,,d4,01:37.4,06:35.4,DACIA_SPRING,Dacia Spring 33 kW,33000,139,50:56.2,2.2,3.6,10,N,-0.2525555737207989,165.9771487599982,488,114,0.0,28.0,335.0,,,,125,273,215,25,1
51:22.5,,,82,,98.5,,,,,,,55,-1.9428133,43.32053,82.32855,31.771335809189846,51:22.1,6,0.4,0101000020E610000084217A6BC315FFBFEB40521B07A94540,20230421_DACIA_DONOSTIA_ULIA_055,,d4,01:37.4,06:35.4,DACIA_SPRING,Dacia Spring 33 kW,33000,139,50:56.2,2.2,3.6,10,N,-0.2507144070222203,166.00652368653908,488,114,0.0,28.0,335.0,,,,125,273,215,8,1
51:28.0,,,82,,98.5,,,,,,,55,-1.9432547,43.32064,85.25714,31.809194083013168,51:28.1,6,-0.1,0101000020E61000003E8D41489217FFBF5A3243BA0AA94540,20230421_DACIA_DONOSTIA_ULIA_055,,d4,01:37.4,06:35.4,DACIA_SPRING,Dacia Spring 33 kW,33000,139,50:56.2,2.2,3.6,10,N,1.1108331944620813,-172.02724148345666,488,114,0.0,28.0,335.0,,,,125,273,215,8,1
51:33.7,,,82,,98.5,,,,,,,55,-1.9433618,43.320625,86.58679000000001,31.81811688214645,51:34.1,6,-0.354,0101000020E61000006AFACB720218FFBF3012563A0AA94540,20230421_DACIA_DONOSTIA_ULIA_055,,d4,01:37.4,06:35.4,DACIA_SPRING,Dacia Spring 33 kW,33000,139,50:56.2,2.2,3.6,10,N,-0.6251334396009492,0.0,488,114,0.0,28.0,335.0,,,,125,273,215,8,1
51:39.2,,,82,,98.5,,,,,,,55,-1.9433618,43.320625,86.58679000000001,31.81811688214645,51:39.1,6,0.107,0101000020E61000006AFACB720218FFBF3012563A0AA94540,20230421_DACIA_DONOSTIA_ULIA_055,,d4,01:37.4,06:35.4,DACIA_SPRING,Dacia Spring 33 kW,33000,139,50:56.2,2.2,3.6,10,N,-0.6251334396009492,0.0,488,114,0.0,28.0,335.0,,,,125,273,215,8,1
51:44.7,,,82,,98.5,,,,,,,55,-1.9433618,43.320625,86.58679000000001,31.81811688214645,51:45.1,6,-0.483,0101000020E61000006AFACB720218FFBF3012563A0AA94540,20230421_DACIA_DONOSTIA_ULIA_055,,d4,01:37.4,06:35.4,DACIA_SPRING,Dacia Spring 33 kW,33000,139,50:56.2,2.2,3.6,10,N,-1.0543922660331948,152.96913974216608,488,114,0.0,28.0,335.0,,,,125,273,215,8,1
51:50.1,,,82,,98.5,,,,,,,55,-1.9434304,43.32066,87.81787,31.82500595249399,51:50.2,6,-0.021,0101000020E6100000157242744A18FFBF5FDCBA590BA94540,20230421_DACIA_DONOSTIA_ULIA_055,,d4,01:37.4,06:35.4,DACIA_SPRING,Dacia Spring 33 kW,33000,139,50:56.2,2.2,3.6,10,N,-0.8184982705854563,156.8582693210999,488,114,0.0,28.0,335.0,,,,125,273,215,8,1
51:55.5,,,82,,98.5,,,,,,,55,-1.9437954,43.320816,87.22705,31.859256722961046,51:55.2,6,0.318,0101000020E6100000E6660B4AC919FFBFD4A2998210A94540,20230421_DACIA_DONOSTIA_ULIA_055,,d4,01:37.4,06:35.4,DACIA_SPRING,Dacia Spring 33 kW,33000,139,50:56.2,2.2,3.6,10,N,-1.0208134867844036,153.5272496366821,488,114,0.0,28.0,335.0,,,,125,273,215,50,1
52:01.0,,,82,,98.5,,,,,,,55,-1.944193,43.321014,87.1358,31.898234897669482,52:01.2,6,-0.255,0101000020E6100000B23574166A1BFFBF657CEB0517A94540,20230421_DACIA_DONOSTIA_ULIA_055,,d4,01:37.4,06:35.4,DACIA_SPRING,Dacia Spring 33 kW,33000,139,50:56.2,2.2,3.6,10,N,-3.0310308772190395,112.6530678586147,488,114,0.0,28.0,335.0,,,,125,273,215,55,1
52:06.5,,,82,,98.5,,,,,,,55,-1.9442748,43.32121,87.457886,31.921013841442647,52:06.2,6,0.292,0101000020E6100000D9CBD7E1BF1BFFBFE53EDE501DA94540,20230421_DACIA_DONOSTIA_ULIA_055,,d4,01:37.4,06:35.4,DACIA_SPRING,Dacia Spring 33 kW,33000,139,50:56.2,2.2,3.6,10,N,-2.2699401418115426,29.089894888262364,488,114,0.0,28.0,335.0,,,,125,273,215,55,1
52:12.3,,,82,,98.5,,,,,,,55,-1.9438614,43.32144,84.85596,31.963194922003378,52:12.2,6,0.018,0101000020E610000010C0D5530E1AFFBF29BD670B25A94540,20230421_DACIA_DONOSTIA_ULIA_055,,d4,01:37.4,06:35.4,DACIA_SPRING,Dacia Spring 33 kW,33000,139,50:56.2,2.2,3.6,10,N,-1.3703615442516253,12.374321763896456,488,114,0.0,28.0,335.0,,,,125,273,215,8,1
52:17.8,,,82,,98.5,,,,,,,55,-1.9434056,43.32154,83.413635,32.00173448701361,52:17.3,6,0.44,0101000020E61000007C657B803018FFBFA404373128A94540,20230421_DACIA_DONOSTIA_ULIA_055,,d4,01:37.4,06:35.4,DACIA_SPRING,Dacia Spring 33 kW,33000,139,50:56.2,2.2,3.6,10,N,-0.7945937022712289,2.751353344380373,488,114,0.0,28.0,335.0,,,,125,273,215,8,1
52:23.3,,,82,,98.5,,,,,,,55,-1.9426773,43.321575,79.61694,32.06090134173479,52:23.3,6,-0.03,0101000020E61000002C52D5C23415FFBF9853E15329A94540,20230421_DACIA_DONOSTIA_ULIA_055,,d4,01:37.4,06:35.4,DACIA_SPRING,Dacia Spring 33 kW,33000,139,53:41.0,2.2,3.6,10,N,-0.6796520447384056,0.882308785698023,488,114,0.0,28.0,335.0,,,,125,273,215,40,1
52:28.7,,,82,,98.5,,,,,,,55,-1.9418981,43.321587,78.02185,32.12396972956363,52:28.3,6,0.408,0101000020E610000016704BBB0312FFBF740FC7C229A94540,20230421_DACIA_DONOSTIA_ULIA_055,,d4,01:37.4,06:35.4,DACIA_SPRING,Dacia Spring 33 kW,33000,139,53:41.0,2.2,3.6,10,N,-0.8662285300392616,3.9230792443875626,488,114,0.0,28.0,335.0,,,,125,273,215,50,1
52:34.5,,,82,,98.5,,,,,,,55,-1.9410086,43.321648,75.62659000000001,32.196285258148116,52:34.3,6,0.14,0101000020E610000094E1F4055F0EFFBFE4D8DDB02BA94540,20230421_DACIA_DONOSTIA_ULIA_055,,d4,01:37.4,06:35.4,DACIA_SPRING,Dacia Spring 33 kW,33000,139,53:41.0,2.2,3.6,10,N,-1.4356035119546224,13.50185462500806,488,114,0.0,28.0,335.0,,,,125,273,215,8,1
52:40.0,,,82,,98.5,,,,,,,55,-1.9402298,43.321835,71.23608399999999,32.262774668169264,52:40.3,6,-0.363,0101000020E61000009BD05E5C2E0BFFBF404BDBE831A94540,20230421_DACIA_DONOSTIA_ULIA_055,,d4,01:37.4,06:35.4,DACIA_SPRING,Dacia Spring 33 kW,33000,139,53:41.0,2.2,3.6,10,N,-1.507783962129499,14.760671744530708,488,114,0.0,28.0,335.0,,,,125,273,215,25,1
52:45.5,,,82,,98.5,,,,,,,55,-1.9396529,43.321987,68.31299,32.31249556333389,52:45.4,6,0.06,0101000020E6100000BEDA0F80D108FFBFD26B37EA36A94540,20230421_DACIA_DONOSTIA_ULIA_055,,d4,01:37.4,06:35.4,DACIA_SPRING,Dacia Spring 33 kW,33000,139,53:41.0,2.2,3.6,10,N,-0.9397665163737297,5.132152237866863,488,114,0.0,28.0,335.0,,,,125,273,215,50,1
52:51.0,,,82,,98.5,,,,,,,55,-1.9392298,43.322025,64.291016,32.34721595387609,52:51.4,6,-0.37,0101000020E6100000C5A9F7D01507FFBFB429701538A94540,20230421_DACIA_DONOSTIA_ULIA_055,,d4,01:37.4,06:35.4,DACIA_SPRING,Dacia Spring 33 kW,33000,139,53:41.0,2.2,3.6,10,N,1.0250279528587365,-26.54270928652289,488,114,0.0,28.0,335.0,,,,125,273,215,40,1
52:57.6,,,82,,98.5,,,,,,,55,-1.9388194,43.32182,63.324768000000006,32.38749932836361,52:57.4,6,0.208,0101000020E61000009530CB856705FFBF1C9B786231A94540,20230421_DACIA_DONOSTIA_ULIA_055,,d4,01:37.4,06:35.4,DACIA_SPRING,Dacia Spring 33 kW,33000,139,53:41.0,2.2,3.6,10,N,-2.729008655218849,39.29328974232041,488,114,0.0,28.0,335.0,,,,125,273,215,45,1
53:03.2,,,82,,98.5,,,,,,,55,-1.938498,43.322083,59.487732,32.42681775688739,53:03.4,6,-0.267,0101000020E610000030FA447D1604FFBF5FC2D3F139A94540,20230421_DACIA_DONOSTIA_ULIA_055,,d4,01:37.4,06:35.4,DACIA_SPRING,Dacia Spring 33 kW,33000,139,53:41.0,2.2,3.6,10,N,-3.436419866309023,62.661559902414815,488,114,0.0,28.0,335.0,,,,125,273,215,25,1
53:08.7,,,82,,98.5,,,,,,,55,-1.9383641,43.322342,63.655945,32.457867931753356,53:08.5,6,0.241,0101000020E610000024042F238A03FFBF4FEBD37D42A94540,20230421_DACIA_DONOSTIA_ULIA_055,,d4,01:37.4,06:35.4,DACIA_SPRING,Dacia Spring 33 kW,33000,139,53:41.0,2.2,3.6,10,N,-0.9947442820355072,6.040565183183895,488,114,0.0,28.0,335.0,,,,125,273,215,25,2
53:14.3,,,82,,98.5,,,,,,,55,-1.937816,43.3224,62.103455,32.50269988225381,53:14.5,6,-0.15,0101000020E61000000F03656C4B01FFBFC524756544A94540,20230421_DACIA_DONOSTIA_ULIA_055,,d4,01:37.4,06:35.4,DACIA_SPRING,Dacia Spring 33 kW,33000,139,53:41.0,2.2,3.6,10,N,-0.7231413709285366,1.5879911132808942,488,114,0.0,28.0,335.0,,,,125,273,215,10,2
53:19.7,,,82,,98.5,,,,,,,55,-1.937311,43.322414,57.675293,32.54382053402912,53:19.5,6,0.205,0101000020E6100000544911D739FFFEBF247A5BE144A94540,20230421_DACIA_DONOSTIA_ULIA_055,,d4,01:37.4,06:35.4,DACIA_SPRING,Dacia Spring 33 kW,33000,139,53:41.0,2.2,3.6,10,N,-0.7532465036271058,2.077533264532125,488,114,0.0,28.0,335.0,,,,125,273,215,10,2
53:25.3,,,82,,98.5,,,,,,,55,-1.9369802,43.322426,55.565430000000006,32.570696721002214,53:25.5,6,-0.218,0101000020E6100000B2934DFBDEFDFEBF8F2DB23A45A94540,20230421_DACIA_DONOSTIA_ULIA_055,,d4,01:37.4,06:35.4,DACIA_SPRING,Dacia Spring 33 kW,33000,139,53:41.0,2.2,3.6,10,N,-0.9189316495396284,4.788920301269015,488,114,0.0,28.0,335.0,,,,125,273,215,25,2
53:30.8,,,82,,98.5,,,,,,,55,-1.9368489,43.322437,56.01385500000001,32.58139780000683,53:30.5,6,0.239,0101000020E61000005187913555FDFEBF89068CA245A94540,20230421_DACIA_DONOSTIA_ULIA_055,,d4,01:37.4,06:35.4,DACIA_SPRING,Dacia Spring 33 kW,33000,139,53:41.0,2.2,3.6,10,N,-3.590242924906934,75.78066176314293,488,114,0.0,28.0,335.0,,,,125,273,215,25,2
53:36.3,,,82,,98.5,,,,,,,55,-1.9367967,43.322643,55.07245,32.60470894259171,53:36.5,6,-0.23,0101000020E6100000D334078C1EFDFEBF3E9FB7674CA94540,20230421_DACIA_DONOSTIA_ULIA_055,,d4,01:37.4,06:35.4,DACIA_SPRING,Dacia Spring 33 kW,33000,139,53:41.0,2.2,3.6,10,N,-3.579359282274676,73.86158142886867,488,114,0.0,28.0,335.0,,,,125,273,215,20,2
53:41.8,,,82,,98.5,,,,,,,55,-1.9367559,43.322784000000006,54.93676800000001,32.62073163073265,53:41.6,6,0.2769999999999999,0101000020E6100000CB23EACBF3FCFEBFCBC5520351A94540,20230421_DACIA_DONOSTIA_ULIA_055,,d4,01:37.4,06:35.4,DACIA_SPRING,Dacia Spring 33 kW,33000,139,53:41.0,2.2,3.6,10,N,-3.597903766765206,78.0446376131012,488,114,0.0,28.0,335.0,,,,125,273,215,20,2
53:47.5,,,82,,98.5,,,,,,,55,-1.9367,43.323048,57.793335,32.650570386816696,53:47.6,6,-0.103,0101000020E6100000E9635F2EB9FCFEBF08942CAB59A94540,20230421_DACIA_DONOSTIA_ULIA_055,,d4,01:37.4,06:35.4,DACIA_SPRING,Dacia Spring 33 kW,33000,139,53:41.0,2.2,3.6,10,N,-3.546573089788752,70.11663161143595,488,114,0.0,28.0,335.0,,,,125,273,215,8,2
53:53.1,,,82,,98.5,,,,,,,55,-1.9366132,43.323288,61.679993,32.678437806345784,53:52.6,6,0.467,0101000020E610000017A4111A5EFCFEBF27C6097E61A94540,20230421_DACIA_DONOSTIA_ULIA_055,,d4,01:37.4,06:35.4,DACIA_SPRING,Dacia Spring 33 kW,33000,139,53:41.0,2.2,3.6,10,N,-3.1122750406086834,110.17196306954784,488,114,0.0,28.0,335.0,,,,125,273,215,8,2
53:58.6,,,82,,98.5,,,,,,,55,-1.9366999,43.323524,68.07885999999999,32.70634438065652,53:58.6,6,-0.038,0101000020E610000024466C03B9FCFEBFDC0B504369A94540,20230421_DACIA_DONOSTIA_ULIA_055,,d4,01:37.4,06:35.4,DACIA_SPRING,Dacia Spring 33 kW,33000,139,53:41.0,2.2,3.6,10,N,-3.386223261304977,99.84447038285178,488,114,0.0,28.0,335.0,,,,125,273,215,25,2
54:04.0,,,82,,98.5,,,,,,,55,-1.9367235,43.32366,68.52526999999999,32.721593452061335,54:03.6,6,0.408,0101000020E6100000128921BDD1FCFEBF9E39D2B66DA94540,20230421_DACIA_DONOSTIA_ULIA_055,,d4,01:37.4,06:35.4,DACIA_SPRING,Dacia Spring 33 kW,33000,139,53:41.0,2.2,3.6,10,N,-3.240689986439696,54.18327191626212,488,114,0.0,28.0,335.0,,,,125,273,215,25,2
54:09.6,,,82,,98.5,,,,,,,55,-1.9366802,43.32372,68.20038000000001,32.72913571840512,54:09.7,6,-0.075,0101000020E61000003BC0596BA4FCFEBFEBF3C59C6FA94540,20230421_DACIA_DONOSTIA_ULIA_055,,d4,01:37.4,06:35.4,DACIA_SPRING,Dacia Spring 33 kW,33000,139,53:41.0,2.2,3.6,10,N,3.102654543896359,-130.47523152496385,488,114,0.0,28.0,335.0,,,,125,273,215,25,2
54:16.0,,,82,,98.5,,,,,,,55,-1.9367058,43.32369,70.04132,32.733472239317635,54:15.7,6,0.33,0101000020E61000006922094EBFFCFEBFC7A223986EA94540,20230421_DACIA_DONOSTIA_ULIA_055,,d4,01:37.4,06:35.4,DACIA_SPRING,Dacia Spring 33 kW,33000,139,53:41.0,2.2,3.6,10,N,-2.9586062776845106,114.73108384424984,488,114,0.0,28.0,335.0,,,,125,273,215,25,2
54:21.5,,,82,,98.5,,,,,,,55,-1.936721,43.323723,71.80682,32.73772589420272,54:21.7,6,-0.2289999999999999,0101000020E61000006042FD15CFFCFEBF737FF5B86FA94540,20230421_DACIA_DONOSTIA_ULIA_055,,d4,01:37.4,06:35.4,DACIA_SPRING,Dacia Spring 33 kW,33000,139,53:41.0,2.2,3.6,10,N,-2.843181569950006,117.83572886403014,488,114,0.0,28.0,335.0,,,,125,273,215,25,2
54:27.0,,,82,,98.5,,,,,,,55,-1.9367775,43.32383,77.36835,32.751631960056116,54:26.7,6,0.298,0101000020E6100000BFE346570AFDFEBF0711253173A94540,20230421_DACIA_DONOSTIA_ULIA_055,,d4,01:37.4,06:35.4,DACIA_SPRING,Dacia Spring 33 kW,33000,139,53:41.0,2.2,3.6,10,N,-2.532745076091408,125.28826267004396,488,114,0.0,28.0,335.0,,,,125,273,215,25,2
54:32.5,,,82,,98.5,,,,,,,55,-1.9369148,43.324024,77.60828000000001,32.775896273512245,54:32.8,6,-0.267,0101000020E61000005E6FD5549AFDFEBF80BB689F79A94540,20230421_DACIA_DONOSTIA_ULIA_055,,d4,01:37.4,06:35.4,DACIA_SPRING,Dacia Spring 33 kW,33000,139,53:41.0,2.2,3.6,10,N,-2.7052462248115106,121.28322945043364,488,114,0.0,28.0,335.0,,,,125,273,215,25,2
54:38.0,,,82,,98.5,,,,,,,55,-1.9369707,43.324116,80.111694,32.7873577812551,54:37.8,6,0.2319999999999999,0101000020E6100000F892BEF7D4FDFEBFA84166A17CA94540,20230421_DACIA_DONOSTIA_ULIA_055,,d4,01:37.4,06:35.4,DACIA_SPRING,Dacia Spring 33 kW,33000,139,53:41.0,2.2,3.6,10,N,-2.5353543247921837,125.22979765585391,488,114,0.0,28.0,335.0,,,,125,273,215,25,2
54:43.5,,,82,,98.5,,,,,,,55,-1.9370618,43.324245,75.79382,32.80405224616054,54:43.8,6,-0.3279999999999999,0101000020E6100000E583D87834FEFEBF5F9E4ADD80A94540,20230421_DACIA_DONOSTIA_ULIA_055,,d4,01:37.4,06:35.4,DACIA_SPRING,Dacia Spring 33 kW,33000,139,53:41.0,2.2,3.6,10,N,-0.4819979646805343,162.30565805372916,488,114,0.0,28.0,335.0,,,,125,273,215,25,2
54:49.1,,,82,,98.5,,,,,,,55,-1.9372436,43.324303,71.23517,32.820744995121785,54:48.8,6,0.292,0101000020E61000000DFF0A15F3FEFEBF229085C782A94540,20230421_DACIA_DONOSTIA_ULIA_055,,d4,01:37.4,06:35.4,DACIA_SPRING,Dacia Spring 33 kW,33000,139,55:56.3,2.2,3.6,10,N,0.8658084971764679,-176.08380803750595,488,114,0.0,28.0,335.0,,,,125,273,215,25,2
54:55.8,,,82,,98.5,,,,,,,55,-1.9374335,43.324290000000005,67.10992399999999,32.83671625868662,54:55.8,6,-0.021,0101000020E6100000A161184DBAFFFEBFCF1EFD6982A94540,20230421_DACIA_DONOSTIA_ULIA_055,,d4,01:37.4,06:35.4,DACIA_SPRING,Dacia Spring 33 kW,33000,139,55:56.3,2.2,3.6,10,N,1.330467686538258,-168.3106307996096,488,114,0.0,28.0,335.0,,,,125,273,215,25,2
55:01.3,,,82,,98.5,,,,,,,55,-1.937448,43.324287,68.84906,32.83884032491176,55:00.9,6,0.43,0101000020E610000022FD1784C9FFFEBF88BFE44E82A94540,20230421_DACIA_DONOSTIA_ULIA_055,,d4,01:37.4,06:35.4,DACIA_SPRING,Dacia Spring 33 kW,33000,139,55:56.3,2.2,3.6,10,N,3.296137851285585,-123.70979747902608,488,114,0.0,28.0,335.0,,,,125,273,215,25,2
55:06.8,,,82,,98.5,,,,,,,55,-1.9374927,43.32422,67.5863,32.84721723391942,55:06.9,6,-0.011,0101000020E61000000AFD8668F8FFFEBF360B300380A94540,20230421_DACIA_DONOSTIA_ULIA_055,,d4,01:37.4,06:35.4,DACIA_SPRING,Dacia Spring 33 kW,33000,139,55:56.3,2.2,3.6,10,N,2.8654045493625144,-62.74467162545946,488,114,0.0,28.0,335.0,,,,125,273,215,25,2
55:12.4,,,82,,98.5,,,,,,,55,-1.9374077,43.324055,64.70935,32.86702058510652,55:12.9,6,-0.451,0101000020E6100000F67D173A9FFFFEBF031544937AA94540,20230421_DACIA_DONOSTIA_ULIA_055,,d4,01:37.4,06:35.4,DACIA_SPRING,Dacia Spring 33 kW,33000,139,55:56.3,2.2,3.6,10,N,2.387609759298846,-51.546290784389335,488,114,0.0,28.0,335.0,,,,125,273,215,25,2
55:18.0,,,82,,98.5,,,,,,,55,-1.9373132,43.323936,57.68359399999999,32.883839874587075,55:17.9,6,0.068,0101000020E6100000E7BE41203CFFFEBF4C8368CE76A94540,20230421_DACIA_DONOSTIA_ULIA_055,,d4,01:37.4,06:35.4,DACIA_SPRING,Dacia Spring 33 kW,33000,139,55:56.3,2.2,3.6,10,N,2.8586375328257643,-62.56712404197478,488,114,0.0,28.0,335.0,,,,125,273,215,10,2
55:23.5,,,82,,98.5,,,,,,,55,-1.9372343,43.323784,56.294373,32.901959770623485,55:23.9,6,-0.363,0101000020E6100000B20E4757E9FEFEBFC6014FB571A94540,20230421_DACIA_DONOSTIA_ULIA_055,,d4,01:37.4,06:35.4,DACIA_SPRING,Dacia Spring 33 kW,33000,139,55:56.3,2.2,3.6,10,N,2.635962411624029,-57.07213734706146,488,114,0.0,28.0,335.0,,,,125,273,215,25,2
55:29.2,,,82,,98.5,,,,,,,55,-1.9371527,43.323658,55.895813,32.91745254944471,55:28.9,6,0.313,0101000020E6100000857B86EC93FEFEBF5D207B9C6DA94540,20230421_DACIA_DONOSTIA_ULIA_055,,d4,01:37.4,06:35.4,DACIA_SPRING,Dacia Spring 33 kW,33000,139,55:56.3,2.2,3.6,10,N,2.8896916626929645,-63.38795619065589,488,114,0.0,28.0,335.0,,,,125,273,215,25,2
55:34.8,,,82,,98.5,,,,,,,55,-1.937055,43.323463,54.66382,32.94056385577159,55:34.9,6,-0.182,0101000020E6100000CB127C572DFEFEBF7E51063767A94540,20230421_DACIA_DONOSTIA_ULIA_055,,d4,01:37.4,06:35.4,DACIA_SPRING,Dacia Spring 33 kW,33000,139,55:56.3,2.2,3.6,10,N,3.55500275455675,-90.93155659808842,488,114,0.0,28.0,335.0,,,,125,273,215,25,2
55:40.3,,,82,,98.5,,,,,,,55,-1.937057,43.32334,51.51294,32.95460001948059,55:40.0,6,0.299,0101000020E6100000779C68782FFEFEBF9E90C63663A94540,20230421_DACIA_DONOSTIA_ULIA_055,,d4,01:37.4,06:35.4,DACIA_SPRING,Dacia Spring 33 kW,33000,139,55:56.3,2.2,3.6,10,N,3.3590413359767264,-78.91807210163567,488,114,0.0,28.0,335.0,,,,125,273,215,25,2
55:45.7,,,82,,98.5,,,,,,,55,-1.9370049,43.323074,53.33252,32.98453198668906,55:46.0,6,-0.257,0101000020E61000008DDFEBD6F8FDFEBFCC2CDF865AA94540,20230421_DACIA_DONOSTIA_ULIA_055,,d4,01:37.4,06:35.4,DACIA_SPRING,Dacia Spring 33 kW,33000,139,55:56.3,2.2,3.6,10,N,2.302753675729179,-49.76600899139612,488,114,0.0,28.0,335.0,,,,125,273,215,20,2
55:51.3,,,82,,98.5,,,,,,,55,-1.9368213,43.322857,47.859436,33.01338963894553,55:51.0,6,0.249,0101000020E610000066E4036D38FDFEBF9A8C745053A94540,20230421_DACIA_DONOSTIA_ULIA_055,,d4,01:37.4,06:35.4,DACIA_SPRING,Dacia Spring 33 kW,33000,139,55:56.3,2.2,3.6,10,N,3.3567576915550297,-78.81725936857448,488,114,0.0,28.0,335.0,,,,125,273,215,20,2
55:58.0,,,82,,98.5,,,,,,,55,-1.9367956,43.322727,39.10663,33.03041581446542,55:58.0,6,-0.048,0101000020E61000007464615F1DFDFEBFD8E4DF1D4FA94540,20230421_DACIA_DONOSTIA_ULIA_055,,d4,01:37.4,06:35.4,DACIA_SPRING,Dacia Spring 33 kW,33000,139,55:56.3,2.2,3.6,10,N,3.447478490789581,-116.73775835363752,488,114,0.0,28.0,335.0,,,,125,273,215,20,2
56:03.6,,,82,,98.5,,,,,,,55,-1.9368223,43.322674,43.082703,33.03784586115984,56:03.0,6,0.529,0101000020E61000001E083D5939FDFEBFF09338654DA94540,20230421_DACIA_DONOSTIA_ULIA_055,,d4,01:37.4,06:35.4,DACIA_SPRING,Dacia Spring 33 kW,33000,139,55:56.3,2.2,3.6,10,N,2.46417374565878,-146.80427550981878,488,114,0.0,28.0,335.0,,,,125,273,215,20,2
56:09.1,,,82,,98.5,,,,,,,55,-1.9369568,43.322586,44.62616,33.052560230861374,56:09.1,6,0.012,0101000020E6100000F4D87D64C6FDFEBF7B42E1794AA94540,20230421_DACIA_DONOSTIA_ULIA_055,,d4,01:37.4,06:35.4,DACIA_SPRING,Dacia Spring 33 kW,33000,139,55:56.3,2.2,3.6,10,N,0.8348165231977543,-176.59142557720037,488,114,0.0,28.0,335.0,,,,125,273,215,20,2
56:14.7,,,82,,98.5,,,,,,,55,-1.9372758,43.322567,39.58618,33.078937913511986,56:15.1,6,-0.423,0101000020E6100000D2F3FAD514FFFEBF6F28DFE049A94540,20230421_DACIA_DONOSTIA_ULIA_055,,d4,01:37.4,06:35.4,DACIA_SPRING,Dacia Spring 33 kW,33000,139,55:56.3,2.2,3.6,10,N,0.9151535802240792,-175.2732608270766,488,114,0.0,28.0,335.0,,,,125,273,215,10,2
56:20.1,,,82,,98.5,,,,,,,55,-1.9374814,43.32255,41.865112,33.09583134282903,56:20.1,6,0.033,0101000020E61000000483D689ECFFFEBF40ECF95849A94540,20230421_DACIA_DONOSTIA_ULIA_055,,d4,01:37.4,06:35.4,DACIA_SPRING,Dacia Spring 33 kW,33000,139,55:56.3,2.2,3.6,10,N,1.339069351700796,-168.16322463201382,488,114,0.0,28.0,335.0,,,,125,273,215,10,2
56:25.8,,,82,,98.5,,,,,,,55,-1.9375482,43.322536,42.033936,33.10145740193908,56:26.1,6,-0.344,0101000020E6100000102BF58F3200FFBFCF2F6BDE48A94540,20230421_DACIA_DONOSTIA_ULIA_055,,d4,01:37.4,06:35.4,DACIA_SPRING,Dacia Spring 33 kW,33000,139,55:56.3,2.2,3.6,10,N,1.126756760068489,-171.76060683049835,488,114,0.0,28.0,335.0,,,,125,273,215,10,2
56:31.3,,,82,,98.5,,,,,,,55,-1.9377830000000005,43.322502,41.11566,33.12084582433841,56:31.2,6,0.147,0101000020E6100000B6B88CBC2801FFBF2945C8CC47A94540,20230421_DACIA_DONOSTIA_ULIA_055,,d4,01:37.4,06:35.4,DACIA_SPRING,Dacia Spring 33 kW,33000,139,55:56.3,2.2,3.6,10,N,0.720398509236815,-178.45656763466778,488,114,0.0,28.0,335.0,,,,125,273,215,10,2
56:38.0,,,82,,98.5,,,,,,,55,-1.9383397,43.322487,33.65332,33.16652444543126,56:38.2,6,-0.172,0101000020E6100000A9C85B8D7003FFBF41F9163147A94540,20230421_DACIA_DONOSTIA_ULIA_055,,d4,01:37.4,06:35.4,DACIA_SPRING,Dacia Spring 33 kW,33000,139,55:56.3,2.2,3.6,10,N,1.459850166619144,-166.07666302962852,488,114,0.0,28.0,335.0,,,,125,273,215,25,2
56:43.5,,,82,,98.5,,,,,,,55,-1.9386503,43.32241,35.952698,33.1931685164721,56:43.2,6,0.325,0101000020E6100000BBEB321DB604FFBF24B7E4C044A94540,20230421_DACIA_DONOSTIA_ULIA_055,,d4,01:37.4,06:35.4,DACIA_SPRING,Dacia Spring 33 kW,33000,139,55:56.3,2.2,3.6,10,N,1.6472835150877037,-162.769021039313,488,114,0.0,28.0,335.0,,,,125,273,215,25,2
56:49.0,,,82,,98.5,,,,,,,55,-1.9391146,43.322266,40.18878,33.234217840253756,56:49.2,6,-0.201,0101000020E61000000987410D9D06FFBFF18F4AF33FA94540,20230421_DACIA_DONOSTIA_ULIA_055,,d4,01:37.4,06:35.4,DACIA_SPRING,Dacia Spring 33 kW,33000,139,55:56.3,2.2,3.6,10,N,1.5140839593745063,-165.12886015579318,488,114,0.0,28.0,335.0,,,,125,273,215,8,2
56:54.6,,,82,,98.5,,,,,,,55,-1.939446,43.322178,46.5459,33.26345590417262,56:54.2,6,0.415,0101000020E61000006FBA6587F807FFBFC9249F2E3DA94540,20230421_DACIA_DONOSTIA_ULIA_055,,d4,01:37.4,06:35.4,DACIA_SPRING,Dacia Spring 33 kW,33000,139,55:56.3,2.2,3.6,10,N,1.3450343775097118,-168.06091314079129,488,114,0.0,28.0,335.0,,,,125,273,215,8,1
57:00.3,,,82,,98.5,,,,,,,55,-1.9398811,43.322086,52.50055,33.300590426415404,57:00.2,6,0.034,0101000020E61000000F153EB6C009FFBF7144CE2D3AA94540,20230421_DACIA_DONOSTIA_ULIA_055,,d4,01:37.4,06:35.4,DACIA_SPRING,Dacia Spring 33 kW,33000,139,55:56.3,2.2,3.6,10,N,1.5581099415562627,-164.3540845262659,488,114,0.0,28.0,335.0,,,,125,273,215,25,1
57:05.8,,,82,,98.5,,,,,,,55,-1.9404024,43.321940000000005,56.461243,33.34595137712847,57:06.3,6,-0.45,0101000020E610000098E3B25DE30BFFBF083CCD5535A94540,20230421_DACIA_DONOSTIA_ULIA_055,,d4,01:37.4,06:35.4,DACIA_SPRING,Dacia Spring 33 kW,33000,139,55:56.3,2.2,3.6,10,N,1.3570076590443023,-167.8553259316249,488,114,0.0,28.0,335.0,,,,125,273,215,25,1
57:11.3,,,82,,98.5,,,,,,,55,-1.9409275,43.321827,59.802063,33.39037480580874,57:11.3,6,0.047,0101000020E6100000CBBBC9F3090EFFBF044A33AB31A94540,20230421_DACIA_DONOSTIA_ULIA_055,,d4,01:37.4,06:35.4,DACIA_SPRING,Dacia Spring 33 kW,33000,139,55:56.3,2.2,3.6,10,N,1.0578613042285865,-172.91138713328428,488,114,0.0,28.0,335.0,,,,125,273,215,8,1
57:16.8,,,82,,98.5,,,,,,,55,-1.9413537,43.321774,60.61786,33.425362081847695,57:17.3,6,-0.471,0101000020E61000007BF03DD0C80FFFBFACAF2AD22FA94540,20230421_DACIA_DONOSTIA_ULIA_055,,d4,01:37.4,06:35.4,DACIA_SPRING,Dacia Spring 33 kW,33000,139,55:56.3,2.2,3.6,10,N,0.8447176870479273,-176.42937294429643,488,114,0.0,28.0,335.0,,,,125,273,215,40,1
57:23.6,,,82,,98.5,,,,,,,55,-1.9419787,43.321735,64.36871,33.47624595187503,57:23.3,6,0.228,0101000020E6100000FDA68F445812FFBF9B8015962EA94540,20230421_DACIA_DONOSTIA_ULIA_055,,d4,01:37.4,06:35.4,DACIA_SPRING,Dacia Spring 33 kW,33000,139,58:42.1,2.2,3.6,10,N,0.7208463715802982,-178.4492924383895,488,114,0.0,28.0,335.0,,,,125,273,215,25,1
57:29.1,,,82,,98.5,,,,,,,55,-1.9428283,43.321712,70.1651,33.545266345222856,57:29.4,6,-0.253,0101000020E6100000E14E9618D315FFBF6665C1E52DA94540,20230421_DACIA_DONOSTIA_ULIA_055,,d4,01:37.4,06:35.4,DACIA_SPRING,Dacia Spring 33 kW,33000,139,58:42.1,2.2,3.6,10,N,0.3341123325680193,175.32522648038608,488,114,0.0,28.0,335.0,,,,125,273,215,40,1
57:34.8,,,82,,98.5,,,,,,,55,-1.9434153000000003,43.32176,74.88635,33.59328380686502,57:34.4,6,0.385,0101000020E6100000AC8A91A13A18FFBF298CF3582FA94540,20230421_DACIA_DONOSTIA_ULIA_055,,d4,01:37.4,06:35.4,DACIA_SPRING,Dacia Spring 33 kW,33000,139,58:42.1,2.2,3.6,10,N,1.1874659671045114,-170.74022804217816,488,114,0.0,28.0,335.0,,,,125,273,215,8,1
57:40.3,,,82,,98.5,,,,,,,55,-1.94409,43.32165,80.8739,33.64953746838685,57:40.4,6,-0.119,0101000020E61000006C140623FE1AFFBF259EA2D92BA94540,20230421_DACIA_DONOSTIA_ULIA_055,,d4,01:37.4,06:35.4,DACIA_SPRING,Dacia Spring 33 kW,33000,139,58:42.1,2.2,3.6,10,N,2.1105594927463893,-154.10748527124804,488,114,0.0,28.0,335.0,,,,125,273,215,8,2
57:45.8,,,82,,98.5,,,,,,,55,-1.9444876,43.321457,79.55615,33.68822638498999,57:45.4,6,0.341,0101000020E61000003E4039029F1CFFBF1C3DC08B25A94540,20230421_DACIA_DONOSTIA_ULIA_055,,d4,01:37.4,06:35.4,DACIA_SPRING,Dacia Spring 33 kW,33000,139,58:42.1,2.2,3.6,10,N,0.998263209684722,-173.90115197684423,488,114,0.0,28.0,335.0,,,,125,273,215,8,1
57:51.1,,,82,,98.5,,,,,,,55,-1.9450585,43.321396,89.277466,33.73590694431536,57:51.4,6,-0.291,0101000020E61000008EBD4999F51EFFBFB8667E7723A94540,20230421_DACIA_DONOSTIA_ULIA_055,,d4,01:37.4,06:35.4,DACIA_SPRING,Dacia Spring 33 kW,33000,139,58:42.1,2.2,3.6,10,N,0.2208362603092442,173.51692630728294,488,114,0.0,28.0,335.0,,,,125,273,215,55,2
57:56.6,,,82,,98.5,,,,,,,55,-1.9457097,43.32147,86.28130999999999,33.78930936272026,57:56.5,6,0.159,0101000020E61000001FC53179A021FFBFA5CC38D325A94540,20230421_DACIA_DONOSTIA_ULIA_055,,d4,01:37.4,06:35.4,DACIA_SPRING,Dacia Spring 33 kW,33000,139,58:42.1,2.2,3.6,10,N,0.5622726910861572,178.98563664272947,488,114,0.0,28.0,335.0,,,,125,273,215,8,2
58:02.0,,,82,,98.5,,,,,,,55,-1.9465004,43.321484000000005,85.95026,33.8532936642667,58:02.5,6,-0.4529999999999999,0101000020E6100000BEFF87A2DD24FFBFD573B95E26A94540,20230421_DACIA_DONOSTIA_ULIA_055,,d4,01:37.4,06:35.4,DACIA_SPRING,Dacia Spring 33 kW,33000,139,58:42.1,2.2,3.6,10,N,0.693900686320392,-178.88667413125137,488,114,0.0,28.0,335.0,,,,125,273,215,8,2
58:07.6,,,82,,98.5,,,,,,,55,-1.9472208,43.32147,90.580444,33.9117755457882,58:07.5,6,0.087,0101000020E61000001EADA4F4D027FFBFA50D0BDE25A94540,20230421_DACIA_DONOSTIA_ULIA_055,,d4,01:37.4,06:35.4,DACIA_SPRING,Dacia Spring 33 kW,33000,139,58:42.1,2.2,3.6,10,N,0.8507872550623998,-176.32997751156466,488,114,0.0,28.0,335.0,,,,125,273,215,8,2
58:13.1,,,81,,98.5,,,,,,,55,-1.948203,43.321407,93.848145,33.99160681330833,58:13.5,6,-0.3939999999999999,0101000020E610000080F235D3D62BFFBF59FB3BDB23A94540,20230421_DACIA_DONOSTIA_ULIA_055,,d4,01:37.4,06:35.4,DACIA_SPRING,Dacia Spring 33 kW,33000,139,58:42.1,2.2,3.6,10,N,0.7701019183308269,-177.64799045807928,488,114,0.0,28.0,335.0,,,,125,273,215,50,2
58:18.8,,,81,,98.5,,,,,,,55,-1.9489334,43.321377000000005,95.62018,34.050813983818266,58:18.5,6,0.26,0101000020E610000034F326B7D42EFFBF83386AE022A94540,20230421_DACIA_DONOSTIA_ULIA_055,,d4,01:37.4,06:35.4,DACIA_SPRING,Dacia Spring 33 kW,33000,139,58:42.1,2.2,3.6,10,N,0.5683842525254345,179.08412715572226,488,114,0.0,28.0,335.0,,,,125,273,215,50,2
58:24.4,,,81,,98.5,,,,,,,55,-1.9498717,43.321392,100.14319,34.126871790114066,58:24.6,6,-0.182,0101000020E6100000D7233FA8AC32FFBF836E0E5B23A94540,20230421_DACIA_DONOSTIA_ULIA_055,,d4,01:37.4,06:35.4,DACIA_SPRING,Dacia Spring 33 kW,33000,139,58:42.1,2.2,3.6,10,N,0.866097215773344,-176.07907393862868,488,114,0.0,28.0,335.0,,,,125,273,215,50,2
58:30.0,,,81,,98.5,,,,,,,55,-1.9506012,43.321342,103.18933,34.18622509828154,58:29.6,6,0.395,0101000020E610000062393A95A935FFBFA1FCD5CA21A94540,20230421_DACIA_DONOSTIA_ULIA_055,,d4,01:37.4,06:35.4,DACIA_SPRING,Dacia Spring 33 kW,33000,139,58:42.1,2.2,3.6,10,N,0.6530541127644904,-179.5484551301897,488,114,0.0,28.0,335.0,,,,125,273,215,50,2
58:35.5,,,81,,98.5,,,,,,,55,-1.9514894,43.321335,99.311035,34.258185932533934,58:35.6,6,-0.132,0101000020E6100000C1D9F7F24C39FFBF2AFECE7A21A94540,20230421_DACIA_DONOSTIA_ULIA_055,,d4,01:37.4,06:35.4,DACIA_SPRING,Dacia Spring 33 kW,33000,139,58:42.1,2.2,3.6,10,N,0.4741237445271944,177.56789998883883,488,114,0.0,28.0,335.0,,,,125,273,215,50,2
58:41.0,,,82,,98.5,,,,,,,55,-1.952078,43.32136,94.703064,34.306104596454695,58:40.6,6,0.359,0101000020E61000007FDB1324B63BFFBFDDDB466622A94540,20230421_DACIA_DONOSTIA_ULIA_055,,d4,01:37.4,06:35.4,DACIA_SPRING,Dacia Spring 33 kW,33000,139,58:42.1,2.2,3.6,10,N,0.2356740397921416,173.7535531821434,488,114,0.0,28.0,335.0,,,,125,273,215,50,2
58:46.6,,,82,,98.5,,,,,,,55,-1.9525074,43.321407,87.68994,34.34192558289204,58:46.6,6,-0.037,0101000020E61000006395355E783DFFBF7DC98CD823A94540,20230421_DACIA_DONOSTIA_ULIA_055,,d4,01:37.4,06:35.4,DACIA_SPRING,Dacia Spring 33 kW,33000,139,58:42.1,2.2,3.6,10,N,3.310518113487805,-76.8659776882413,488,114,0.0,28.0,335.0,,,,125,273,215,50,2
58:52.1,,,82,,98.5,,,,,,,55,-1.9525067,43.321404,90.56195,34.34481745545087,58:51.7,6,0.488,0101000020E61000000425FDA4773DFFBF6B75A4C023A94540,20230421_DACIA_DONOSTIA_ULIA_055,,d4,01:37.4,06:35.4,DACIA_SPRING,Dacia Spring 33 kW,33000,139,58:42.1,2.2,3.6,10,N,-2.433228006806399,127.47617956848369,488,114,0.0,28.0,335.0,,,,125,273,215,50,2
58:57.7,,,82,,98.5,,,,,,,55,-1.952509,43.321407,90.48053,34.345208002202234,58:57.7,6,0.027,0101000020E6100000C82213117A3DFFBFF42A9DD523A94540,20230421_DACIA_DONOSTIA_ULIA_055,,d4,01:37.4,06:35.4,DACIA_SPRING,Dacia Spring 33 kW,33000,139,58:42.1,2.2,3.6,10,N,-0.0593841820004565,169.05482852169322,488,114,0.0,28.0,335.0,,,,125,273,215,50,2
59:03.2,,,82,,98.5,,,,,,,55,-1.9526693,43.321438,84.63818,34.35984272297052,59:03.7,6,-0.482,0101000020E610000048D7542F223EFFBF948EACDB24A94540,20230421_DACIA_DONOSTIA_ULIA_055,,d4,01:37.4,06:35.4,DACIA_SPRING,Dacia Spring 33 kW,33000,139,58:42.1,2.2,3.6,10,N,-0.2865940964478858,165.43388150947973,488,114,0.0,28.0,335.0,,,,125,273,215,50,2
59:08.8,,,82,,98.5,,,,,,,55,-1.9529079,43.3215,83.85632,34.38035367565663,59:08.7,6,0.068,0101000020E6100000E667FA571C3FFFBFAB2AB0D726A94540,20230421_DACIA_DONOSTIA_ULIA_055,,d4,01:37.4,06:35.4,DACIA_SPRING,Dacia Spring 33 kW,33000,139,58:42.1,2.2,3.6,10,N,-3.5546378687006506,70.89478524913841,488,114,0.0,28.0,335.0,,,,125,273,215,25,2
59:14.3,,,82,,98.5,,,,,,,55,-1.9528265,43.321735,85.884155,34.40737759913572,59:14.8,6,-0.482,0101000020E610000076956205C73EFFBFFAB660A92EA94540,20230421_DACIA_DONOSTIA_ULIA_055,,d4,01:37.4,06:35.4,DACIA_SPRING,Dacia Spring 33 kW,33000,139,58:42.1,2.2,3.6,10,N,-3.516079479676328,67.60439423759755,488,114,0.0,28.0,335.0,,,,125,273,215,25,2
59:19.7,,,81,,98.5,,,,,,,55,-1.9527037,43.322033000000005,88.74634,34.44208892526407,59:19.8,6,-0.012,0101000020E6100000CA6C9049463EFFBFBF65A95038A94540,20230421_DACIA_DONOSTIA_ULIA_055,,d4,01:37.4,06:35.4,DACIA_SPRING,Dacia Spring 33 kW,33000,139,58:42.1,2.2,3.6,10,N,-3.544942614052649,69.96657449813007,488,114,0.0,28.0,335.0,,,,125,273,215,25,2
59:25.2,,,81,,98.5,,,,,,,55,-1.9525604,43.322426,93.47693,34.487546757954725,59:24.8,6,0.417,0101000020E61000000BD3B5FEAF3DFFBF1E7DFE4145A94540,20230421_DACIA_DONOSTIA_ULIA_055,,d4,01:37.4,06:35.4,DACIA_SPRING,Dacia Spring 33 kW,33000,139,58:42.1,2.2,3.6,10,N,-3.5167756110602686,92.34388651633158,488,114,0.0,28.0,335.0,,,,125,273,215,25,2
59:30.8,,,81,,98.5,,,,,,,55,-1.9525771,43.322834,95.927124,34.533000484642514,59:30.8,6,-0.026,0101000020E61000004A0F018FC13DFFBF3B5D0EA252A94540,20230421_DACIA_DONOSTIA_ULIA_055,,d4,01:37.4,06:35.4,DACIA_SPRING,Dacia Spring 33 kW,33000,139,58:42.1,2.2,3.6,10,N,-2.306892025063305,130.1482513238424,488,114,0.0,28.0,335.0,,,,125,273,215,25,2
59:36.2,,,81,,98.5,,,,,,,55,-1.9527593,43.32305,97.878784,34.56124784924144,59:35.8,6,0.3779999999999999,0101000020E610000089FE5C76803EFFBFFC35BCCD59A94540,20230421_DACIA_DONOSTIA_ULIA_055,,d4,01:37.4,06:35.4,DACIA_SPRING,Dacia Spring 33 kW,33000,139,58:42.1,2.2,3.6,10,N,0.149918989643546,172.38672502334688,488,114,0.0,28.0,335.0,,,,125,273,215,8,2
59:41.7,,,81,,98.5,,,,,,,55,-1.953283,43.32312,98.07764,34.60432156414338,59:41.9,6,-0.12,0101000020E61000000553CDACA540FFBF01DAFBF95BA94540,20230421_DACIA_DONOSTIA_ULIA_055,,d4,01:37.4,06:35.4,DACIA_SPRING,Dacia Spring 33 kW,33000,139,58:42.1,2.2,3.6,10,N,2.579999562775753,-144.22005440543086,488,114,0.0,28.0,335.0,,,,125,273,215,25,2
59:47.2,,,81,,98.5,,,,,,,55,-1.9535841,43.322903,98.65283,34.63861188872807,59:46.9,6,0.2769999999999999,0101000020E6100000F867ED53E141FFBF995C73E454A94540,20230421_DACIA_DONOSTIA_ULIA_055,,d4,01:37.4,06:35.4,DACIA_SPRING,Dacia Spring 33 kW,33000,139,58:42.1,2.2,3.6,10,N,3.1257717562854914,-129.74178733174276,488,114,0.0,28.0,335.0,,,,125,273,215,25,2
59:52.6,,,81,,98.5,,,,,,,55,-1.9538194,43.32262,100.89209,34.675457098132654,59:52.9,6,-0.291,0101000020E6100000147A7911D842FFBF156478AA4BA94540,20230421_DACIA_DONOSTIA_ULIA_055,,d4,01:37.4,06:35.4,DACIA_SPRING,Dacia Spring 33 kW,33000,139,00:56.4,2.2,3.6,10,N,2.368624191617392,-148.85619650223566,488,114,0.0,28.0,335.0,,,,125,273,215,25,2
59:58.1,,,81,,98.5,,,,,,,55,-1.954109,43.322445,93.03992,34.70690772745939,59:57.9,6,0.153,0101000020E6100000672211BF0744FFBFB91016DB45A94540,20230421_DACIA_DONOSTIA_ULIA_055,,d4,01:37.4,06:35.4,DACIA_SPRING,Dacia Spring 33 kW,33000,139,00:56.4,2.2,3.6,10,N,0.2935539454744645,174.6772492922209,488,114,0.0,28.0,335.0,,,,125,273,215,25,2
00:03.6,,,81,,98.5,,,,,,,55,-1.954592,43.32249,88.08440999999999,34.746609465635906,00:03.9,6,-0.352,0101000020E6100000DB6564350246FFBF9A950E5247A94540,20230421_DACIA_DONOSTIA_ULIA_055,,d4,01:37.4,06:35.4,DACIA_SPRING,Dacia Spring 33 kW,33000,139,00:56.4,2.2,3.6,10,N,-1.1651567483681329,151.11591258110246,446,112,1.0,43.0,308.0,,,,94,208,238,25,2
00:09.2,,,81,,98.5,,,,,,,55,-1.9548349,43.322624,87.63757,34.77127337165942,00:09.0,6,0.193,0101000020E61000001706F20D0147FFBF92B7B7B64BA94540,20230421_DACIA_DONOSTIA_ULIA_055,,d4,01:37.4,06:35.4,DACIA_SPRING,Dacia Spring 33 kW,33000,139,00:56.4,2.2,3.6,10,N,-2.697419141683557,121.47168453229392,446,112,1.0,43.0,308.0,,,,94,208,238,25,2
00:14.7,,,81,,98.5,,,,,,,55,-1.9548753,43.32269,89.90149,34.77961992747292,00:15.0,6,-0.294,0101000020E610000049E2BC6A2B47FFBFA9C29FE14DA94540,20230421_DACIA_DONOSTIA_ULIA_055,,d4,01:37.4,06:35.4,DACIA_SPRING,Dacia Spring 33 kW,33000,139,00:56.4,2.2,3.6,10,N,-1.2232780020545235,150.13534434819496,446,112,1.0,43.0,308.0,,,,94,208,238,25,2
00:20.2,,,81,,98.5,,,,,,,55,-1.9551017,43.32282,95.00372,34.803503180824315,00:20.0,6,0.1669999999999999,0101000020E610000029D578C81848FFBFD0100A2152A94540,20230421_DACIA_DONOSTIA_ULIA_055,,d4,01:37.4,06:35.4,DACIA_SPRING,Dacia Spring 33 kW,33000,139,00:56.4,2.2,3.6,10,N,-1.144106695407883,151.46962163227255,446,112,1.0,43.0,308.0,,,,94,208,238,25,2
00:25.7,,,81,,98.5,,,,,,,55,-1.9554328,43.323,96.85504,34.83699073660263,00:26.0,6,-0.3329999999999999,0101000020E6100000243E3DD77349FFBF44D44C1058A94540,20230421_DACIA_DONOSTIA_ULIA_055,,d4,01:37.4,06:35.4,DACIA_SPRING,Dacia Spring 33 kW,33000,139,00:56.4,2.2,3.6,10,N,-0.9604496392200796,154.52656481127335,446,112,1.0,43.0,308.0,,,,94,208,238,25,2
00:31.3,,,81,,98.5,,,,,,,55,-1.9556532,43.323105,98.91211,34.85840153429919,00:31.0,6,0.228,0101000020E6100000C6B126FD5A4AFFBF30FE2A7E5BA94540,20230421_DACIA_DONOSTIA_ULIA_055,,d4,01:37.4,06:35.4,DACIA_SPRING,Dacia Spring 33 kW,33000,139,00:56.4,2.2,3.6,10,N,-1.2516790406655536,149.65399405841802,446,112,1.0,43.0,308.0,,,,94,208,238,25,2
00:36.9,,,81,,98.5,,,,,,,55,-1.9560307,43.323326,94.20813,34.89787994101152,00:37.1,6,-0.1689999999999999,0101000020E61000006CB802E9E64BFFBFC2BDD7B562A94540,20230421_DACIA_DONOSTIA_ULIA_055,,d4,01:37.4,06:35.4,DACIA_SPRING,Dacia Spring 33 kW,33000,139,00:56.4,2.2,3.6,10,N,-1.6366342938941216,142.95947198367705,446,112,1.0,43.0,308.0,,,,94,208,238,25,2
00:42.4,,,81,,98.5,,,,,,,55,-1.9563845,43.323593,98.04773,34.9392960170989,00:42.1,6,0.296,0101000020E6100000CCC828E8594DFFBF3AE1EB8C6BA94540,20230421_DACIA_DONOSTIA_ULIA_055,,d4,01:37.4,06:35.4,DACIA_SPRING,Dacia Spring 33 kW,33000,139,00:56.4,2.2,3.6,10,N,-3.2338134678410237,106.06690803948582,446,112,1.0,43.0,308.0,,,,94,208,238,25,2
00:48.0,,,81,,98.5,,,,,,,55,-1.9565046,43.32401,99.50122,34.986693447298855,00:48.1,6,-0.088,0101000020E610000044CCBAB9D74DFFBF92C2A32A79A94540,20230421_DACIA_DONOSTIA_ULIA_055,,d4,01:37.4,06:35.4,DACIA_SPRING,Dacia Spring 33 kW,33000,139,00:56.4,2.2,3.6,10,N,-3.498879272499647,66.38779983751438,446,112,1.0,43.0,308.0,,,,94,208,238,25,2
00:53.7,,,81,,98.5,,,,,,,55,-1.956321,43.32443,101.47107,35.03573957004057,00:54.1,6,-0.428,0101000020E61000005F10AA37174DFFBF4A4542DF86A94540,20230421_DACIA_DONOSTIA_ULIA_055,,d4,01:37.4,06:35.4,DACIA_SPRING,Dacia Spring 33 kW,33000,139,00:56.4,2.2,3.6,10,N,-3.598851055514667,78.55240373637245,446,112,1.0,43.0,308.0,,,,94,208,238,25,2
00:59.2,,,81,,98.5,,,,,,,55,-1.9562562,43.32475,100.00629,35.07173578535922,00:59.1,6,0.024,0101000020E610000023C0C84FD34CFFBF3946D35591A94540,20230421_DACIA_DONOSTIA_ULIA_055,,d4,01:37.4,06:35.4,DACIA_SPRING,Dacia Spring 33 kW,33000,139,00:56.4,2.2,3.6,10,N,-1.861124112437761,138.87017927185104,446,112,1.0,43.0,308.0,,,,94,208,238,25,2
01:04.8,,,80,,98.5,,,,,,,55,-1.9565963,43.325047,102.93799,35.11481831492347,01:05.2,6,-0.414,0101000020E61000003DD7D6D3374EFFBF400E73179BA94540,20230421_DACIA_DONOSTIA_ULIA_055,,d4,01:37.4,06:35.4,DACIA_SPRING,Dacia Spring 33 kW,33000,139,00:56.4,2.2,3.6,10,N,-2.8467081701560137,117.74413208475058,446,112,1.0,43.0,308.0,,,,94,208,238,25,2
01:10.2,,,80,,98.5,,,,,,,55,-1.9567946,43.325424,104.61505,35.15973427695792,01:10.2,6,0.003,0101000020E610000073066FDD074FFFBFE0450488A7A94540,20230421_DACIA_DONOSTIA_ULIA_055,,d4,01:37.4,06:35.4,DACIA_SPRING,Dacia Spring 33 kW,33000,139,00:56.4,2.2,3.6,10,N,-3.186571964795018,107.72892064133262,446,112,1.0,43.0,308.0,,,,94,208,238,25,2
01:15.7,,,80,,98.5,,,,,,,55,-1.9569212,43.32582,107.184204,35.20501556702965,01:16.2,6,-0.478,0101000020E6100000F463FE978C4FFFBF33663B74B4A94540,20230421_DACIA_DONOSTIA_ULIA_055,,d4,01:37.4,06:35.4,DACIA_SPRING,Dacia Spring 33 kW,33000,139,00:56.4,2.2,3.6,10,N,-1.0499648140484077,153.04282215657398,446,112,1.0,43.0,308.0,,,,94,208,238,25,2
01:21.3,,,80,,98.5,,,,,,,55,-1.9572299,43.325977,108.46301,35.23551054584753,01:21.2,6,0.017,0101000020E61000001E1BDC31D050FFBF2AAF1198B9A94540,20230421_DACIA_DONOSTIA_ULIA_055,,d4,01:37.4,06:35.4,DACIA_SPRING,Dacia Spring 33 kW,33000,139,00:56.4,2.2,3.6,10,N,1.9744409693402163,-156.73885953317972,543,72,,,,1.0,436.0,106.0,0,520,23,25,2
01:26.9,,,80,,98.5,,,,,,,55,-1.9576719,43.325787,107.005005,35.27706517683517,01:27.2,6,-0.3389999999999999,0101000020E61000005BC52CC59F52FFBF0F692B61B3A94540,20230421_DACIA_DONOSTIA_ULIA_055,,d4,01:37.4,06:35.4,DACIA_SPRING,Dacia Spring 33 kW,33000,139,00:56.4,2.2,3.6,10,N,3.4777252740638462,-114.97585744688251,543,72,,,,1.0,436.0,106.0,0,520,23,8,2
01:33.6,,,80,,98.5,,,,,,,55,-1.9579034,43.32529,109.05554,35.33545156988643,01:33.3,6,0.357,0101000020E61000000E0DEE7B9253FFBFBEF83F13A3A94540,20230421_DACIA_DONOSTIA_ULIA_055,,d4,01:37.4,06:35.4,DACIA_SPRING,Dacia Spring 33 kW,33000,139,00:56.4,2.2,3.6,10,N,3.521353129494298,-111.99833364867877,446,112,1.0,43.0,308.0,,,,94,208,238,8,2
01:39.2,,,80,,98.5,,,,,,,55,-1.9581159,43.324764,109.32062,35.396414298153665,01:39.3,6,-0.091,0101000020E6100000373FD5537154FFBF0922A4D191A94540,20230421_DACIA_DONOSTIA_ULIA_055,,d4,01:37.4,06:35.4,DACIA_SPRING,Dacia Spring 33 kW,33000,139,00:56.4,2.2,3.6,10,N,2.8600967021642862,-137.39465233071806,446,112,1.0,43.0,308.0,,,,94,208,238,8,2
01:44.7,,,80,,98.5,,,,,,,55,-1.9583725,43.324528,111.87598,35.42997050621503,01:44.3,6,0.43,0101000020E6100000C532A2597E55FFBFB9C305248AA94540,20230421_DACIA_DONOSTIA_ULIA_055,,d4,01:37.4,06:35.4,DACIA_SPRING,Dacia Spring 33 kW,33000,139,00:56.4,2.2,3.6,10,N,-0.5528622616558905,161.1659643621217,446,112,1.0,43.0,308.0,,,,94,208,238,8,2
01:50.3,,,80,,98.5,,,,,,,55,-1.9589354,43.32472,113.80292,35.480298019866176,01:50.3,6,-0.042,0101000020E61000000E366DADCC57FFBFEC4BBA5690A94540,20230421_DACIA_DONOSTIA_ULIA_055,,d4,01:37.4,06:35.4,DACIA_SPRING,Dacia Spring 33 kW,33000,139,00:56.4,2.2,3.6,10,N,-2.5831764229901206,124.147509139678,543,72,,,,1.0,436.0,106.0,0,520,23,8,2
01:56.0,,,80,,98.5,,,,,,,55,-1.9592786,43.325226,115.19995,35.543054574342115,01:56.4,6,-0.385,0101000020E6100000C1DF50743459FFBF314FBE0BA1A94540,20230421_DACIA_DONOSTIA_ULIA_055,,d4,01:37.4,06:35.4,DACIA_SPRING,Dacia Spring 33 kW,33000,139,00:56.4,2.2,3.6,10,N,-2.4228069897660127,127.70081895120532,446,112,1.0,43.0,308.0,,,,94,208,238,8,3
02:01.6,,,80,,98.5,,,,,,,55,-1.9595468,43.325573,113.19672,35.58736548555197,02:01.4,6,0.236,0101000020E6100000731EC2B64D5AFFBFD116BE5BACA94540,20230421_DACIA_DONOSTIA_ULIA_055,,d4,01:37.4,06:35.4,DACIA_SPRING,Dacia Spring 33 kW,33000,139,00:56.4,2.2,3.6,10,N,0.6804997994373628,-179.10395138544578,446,112,1.0,43.0,308.0,,,,94,208,238,8,3
02:07.2,,,80,,98.5,,,,,,,55,-1.9600583,43.325565000000005,111.41919,35.628788743920644,02:07.4,6,-0.2,0101000020E61000007ECEB42F665CFFBF55549A20ACA94540,20230421_DACIA_DONOSTIA_ULIA_055,,d4,01:37.4,06:35.4,DACIA_SPRING,Dacia Spring 33 kW,33000,139,00:56.4,2.2,3.6,10,N,2.4776045250786862,-146.51035414648788,446,112,1.0,43.0,308.0,,,,94,208,238,25,3
02:12.6,,,80,,98.5,,,,,,,55,-1.9604286,43.32532,118.55548,35.669902338214975,02:12.4,6,0.238,0101000020E61000006AB42459EA5DFFBF59405711A4A94540,20230421_DACIA_DONOSTIA_ULIA_055,,d4,01:37.4,06:35.4,DACIA_SPRING,Dacia Spring 33 kW,33000,139,00:56.4,2.2,3.6,10,N,1.9572601886691297,-157.06526333471103,446,112,1.0,43.0,308.0,,,,94,208,238,25,3
02:18.2,,,80,,98.5,,,,,,,55,-1.9607831,43.32517,119.18854,35.70308220117025,02:18.4,6,-0.29,0101000020E6100000A0590A2F5E5FFFBFAF5FD1299FA94540,20230421_DACIA_DONOSTIA_ULIA_055,,d4,01:37.4,06:35.4,DACIA_SPRING,Dacia Spring 33 kW,33000,139,00:56.4,2.2,3.6,10,N,-0.7748440798380002,157.57071669491913,446,112,1.0,43.0,308.0,,,,94,208,238,25,3
02:23.9,,,80,,98.5,,,,,,,55,-1.9611465,43.32532,118.60388,35.736885335868685,02:23.4,6,0.449,0101000020E6100000FBA99619DB60FFBF5FF1B315A4A94540,20230421_DACIA_DONOSTIA_ULIA_055,,d4,01:37.4,06:35.4,DACIA_SPRING,Dacia Spring 33 kW,33000,139,03:41.0,2.2,3.6,10,N,-2.082129627562585,134.66406768297463,446,112,1.0,43.0,308.0,,,,94,208,238,25,3
02:29.5,,,80,,98.5,,,,,,,55,-1.961528,43.325706,125.13135,35.79015040511086,02:29.5,6,0.039,0101000020E61000003A03232F6B62FFBF1D8B54B5B0A94540,20230421_DACIA_DONOSTIA_ULIA_055,,d4,01:37.4,06:35.4,DACIA_SPRING,Dacia Spring 33 kW,33000,139,03:41.0,2.2,3.6,10,N,-3.128811583082004,109.6441186665062,446,112,1.0,43.0,308.0,,,,94,208,238,25,3
02:34.9,,,80,,98.5,,,,,,,55,-1.9616615,43.32608,128.57861,35.83325456910479,02:34.5,6,0.447,0101000020E6100000B7608820F762FFBF5EC923F2BCA94540,20230421_DACIA_DONOSTIA_ULIA_055,,d4,01:37.4,06:35.4,DACIA_SPRING,Dacia Spring 33 kW,33000,139,03:41.0,2.2,3.6,10,N,-0.3939039502946762,163.71824668804976,446,112,1.0,43.0,308.0,,,,94,208,238,25,3
02:40.4,,,80,,98.5,,,,,,,55,-1.962223,43.326244,132.95398,35.88239352482544,02:40.5,6,-0.106,0101000020E61000008A1F84FC4365FFBF49236E67C2A94540,20230421_DACIA_DONOSTIA_ULIA_055,,d4,01:37.4,06:35.4,DACIA_SPRING,Dacia Spring 33 kW,33000,139,03:41.0,2.2,3.6,10,N,0.8134264320227929,-176.9411470544338,446,112,1.0,43.0,308.0,,,,94,208,238,25,3
02:45.9,,,80,,98.5,,,,,,,55,-1.9627844,43.326214,134.41003,35.927950645677726,02:45.5,6,0.381,0101000020E61000006F95719D9067FFBF68527555C1A94540,20230421_DACIA_DONOSTIA_ULIA_055,,d4,01:37.4,06:35.4,DACIA_SPRING,Dacia Spring 33 kW,33000,139,03:41.0,2.2,3.6,10,N,-0.3948325450582841,163.70337815926254,446,112,1.0,43.0,308.0,,,,94,208,238,25,3
02:51.4,,,80,,98.5,,,,,,,55,-1.9633522,43.32638,141.80505,35.977999445923224,02:51.6,6,-0.142,0101000020E6100000BB15BAF9E369FFBFACB352EFC6A94540,20230421_DACIA_DONOSTIA_ULIA_055,,d4,01:37.4,06:35.4,DACIA_SPRING,Dacia Spring 33 kW,33000,139,03:41.0,2.2,3.6,10,N,-2.4013223126902257,128.1614436984029,446,112,1.0,43.0,308.0,,,,94,208,238,25,3
02:56.9,,,80,,98.5,,,,,,,55,-1.9636351000000003,43.32674,138.88353999999998,36.024201265310154,02:56.6,6,0.337,0101000020E6100000414661930C6BFFBF651D8EAED2A94540,20230421_DACIA_DONOSTIA_ULIA_055,,d4,01:37.4,06:35.4,DACIA_SPRING,Dacia Spring 33 kW,33000,139,03:41.0,2.2,3.6,10,N,-3.2390732027300624,105.87575197947494,446,112,1.0,43.0,308.0,,,,94,208,238,20,3
03:02.5,,,80,,98.5,,,,,,,55,-1.9637773,43.32724,143.56702,36.08116895370637,03:02.6,6,-0.143,0101000020E6100000CB3AB1C1A16BFFBF8099520BE3A94540,20230421_DACIA_DONOSTIA_ULIA_055,,d4,01:37.4,06:35.4,DACIA_SPRING,Dacia Spring 33 kW,33000,139,03:41.0,2.2,3.6,10,N,-2.432314985695919,127.4958932201757,446,112,1.0,43.0,308.0,,,,94,208,238,8,3
03:08.1,,,80,,98.5,,,,,,,55,-1.9640113,43.327545,153.23425,36.121192799739575,03:07.6,6,0.4629999999999999,0101000020E610000030C9961F976CFFBFFEDD5407EDA94540,20230421_DACIA_DONOSTIA_ULIA_055,,d4,01:37.4,06:35.4,DACIA_SPRING,Dacia Spring 33 kW,33000,139,03:41.0,2.2,3.6,10,N,0.5386713337346062,178.6055387953592,446,112,1.0,43.0,308.0,,,,94,208,238,8,3
03:13.7,,,80,,98.5,,,,,,,55,-1.9646275,43.32756,155.2594,36.171104959841095,03:13.6,6,0.086,0101000020E6100000746018341D6FFFBFF2F21184EDA94540,20230421_DACIA_DONOSTIA_ULIA_055,,d4,01:37.4,06:35.4,DACIA_SPRING,Dacia Spring 33 kW,33000,139,03:41.0,2.2,3.6,10,N,0.0636268747871253,171.0127058922432,446,112,1.0,43.0,308.0,,,,94,208,238,20,3
03:19.3,,,80,,98.5,,,,,,,55,-1.9652092,43.327652,148.98676,36.21966351963619,03:19.7,6,-0.389,0101000020E6100000608D793E7F71FFBF4992107AF0A94540,20230421_DACIA_DONOSTIA_ULIA_055,,d4,01:37.4,06:35.4,DACIA_SPRING,Dacia Spring 33 kW,33000,139,03:41.0,2.2,3.6,10,N,-1.513996957358886,145.13038637504172,446,112,1.0,43.0,308.0,,,,94,208,238,30,3
03:24.9,,,80,,98.5,,,,,,,55,-1.9655364,43.32788,151.2406,36.256382710384976,03:24.7,6,0.218,0101000020E61000000F9DF930D672FFBF93D06DF4F7A94540,20230421_DACIA_DONOSTIA_ULIA_055,,d4,01:37.4,06:35.4,DACIA_SPRING,Dacia Spring 33 kW,33000,139,03:41.0,2.2,3.6,10,N,-2.938806086666433,115.28041928498632,446,112,1.0,43.0,308.0,,,,94,208,238,8,3
03:30.4,,,80,,98.5,,,,,,,55,-1.9657187,43.328266,151.61633,36.30176785390217,03:30.7,6,-0.297,0101000020E6100000B4F9EA709573FFBF3952099104AA4540,20230421_DACIA_DONOSTIA_ULIA_055,,d4,01:37.4,06:35.4,DACIA_SPRING,Dacia Spring 33 kW,33000,139,03:41.0,2.2,3.6,10,N,-2.70695013484445,121.24211030659936,446,112,1.0,43.0,308.0,,,,94,208,238,8,3
03:35.9,,,80,,98.5,,,,,,,55,-1.9659201,43.328598,154.40936000000002,36.34221570324969,03:35.7,6,0.183,0101000020E6100000C5FA2FA56874FFBF168D31870FAA4540,20230421_DACIA_DONOSTIA_ULIA_055,,d4,01:37.4,06:35.4,DACIA_SPRING,Dacia Spring 33 kW,33000,139,03:41.0,2.2,3.6,10,N,-0.537302555062549,161.41649340070447,446,112,1.0,43.0,308.0,,,,94,208,238,8,3
03:41.6,,,80,,98.5,,,,,,,55,-1.9665328,43.328804,159.19458,36.397021688997114,03:41.8,6,-0.192,0101000020E610000034BD612EEB76FFBF18DEF64E16AA4540,20230421_DACIA_DONOSTIA_ULIA_055,,d4,01:37.4,06:35.4,DACIA_SPRING,Dacia Spring 33 kW,33000,139,03:41.0,2.2,3.6,10,N,0.5974066524926339,179.55221091818746,446,112,1.0,43.0,308.0,,,,94,208,238,8,3
03:47.0,,,80,,98.5,,,,,,,55,-1.9670446,43.328808,159.73242,36.43842517396514,03:46.8,6,0.276,0101000020E610000093C38AC70379FFBF0C697D5F16AA4540,20230421_DACIA_DONOSTIA_ULIA_055,,d4,01:37.4,06:35.4,DACIA_SPRING,Dacia Spring 33 kW,33000,139,03:41.0,2.2,3.6,10,N,-0.7927952799380777,157.27799150756832,446,112,1.0,43.0,308.0,,,,94,208,238,8,3
03:52.6,,,80,,98.5,,,,,,,55,-1.9675819,43.329033,164.88428000000002,36.48883615515502,03:52.8,6,-0.179,0101000020E6100000CCD52C23377BFFBF3E78CCC41DAA4540,20230421_DACIA_DONOSTIA_ULIA_055,,d4,01:37.4,06:35.4,DACIA_SPRING,Dacia Spring 33 kW,33000,139,03:41.0,2.2,3.6,10,N,-1.3529806805130622,147.92450451679363,446,112,1.0,43.0,308.0,,,,94,208,238,8,3
03:58.0,,,80,,98.5,,,,,,,55,-1.9679122,43.329240000000006,163.98535,36.52411196762144,03:57.8,6,0.187,0101000020E61000008C9C0976917CFFBFA0FB937424AA4540,20230421_DACIA_DONOSTIA_ULIA_055,,d4,01:37.4,06:35.4,DACIA_SPRING,Dacia Spring 33 kW,33000,139,03:41.0,2.2,3.6,10,N,-2.1639541957901374,133.05139555905774,446,112,1.0,43.0,308.0,,,,94,208,238,25,3
04:03.5,,,80,,98.5,,,,,,,55,-1.9682018,43.32955,166.41925,36.565859287299524,04:03.8,6,-0.324,0101000020E61000006E7DE418C17DFFBF2A283DBA2EAA4540,20230421_DACIA_DONOSTIA_ULIA_055,,d4,01:37.4,06:35.4,DACIA_SPRING,Dacia Spring 33 kW,33000,139,03:41.0,2.2,3.6,10,N,-0.6443275215779427,159.6896544048955,446,112,1.0,43.0,308.0,,,,94,208,238,25,3
04:09.0,,,80,,98.5,,,,,,,55,-1.9686395,43.329712,166.74219,36.60558330235582,04:08.9,6,0.178,0101000020E6100000CAD875148C7FFFBF620C0F0E34AA4540,20230421_DACIA_DONOSTIA_ULIA_055,,d4,01:37.4,06:35.4,DACIA_SPRING,Dacia Spring 33 kW,33000,139,03:41.0,2.2,3.6,10,N,-1.351633898819676,147.94763302280396,446,112,1.0,43.0,308.0,,,,94,208,238,25,3
04:14.5,,,80,,98.5,,,,,,,55,-1.9691873,43.330055,172.73334,36.664352390124414,04:14.9,6,-0.4039999999999999,0101000020E6100000579E5975CA81FFBFECA400493FAA4540,20230421_DACIA_DONOSTIA_ULIA_055,,d4,01:37.4,06:35.4,DACIA_SPRING,Dacia Spring 33 kW,33000,139,03:41.0,2.2,3.6,10,N,-1.443576303680932,146.35970348485282,543,72,,,,1.0,436.0,106.0,0,520,23,25,3
04:20.0,,,80,,98.5,,,,,,,55,-1.9696126,43.330338,166.58831999999998,36.71137767057785,04:19.9,6,0.128,0101000020E6100000A205CB858883FFBF1CF3327148AA4540,20230421_DACIA_DONOSTIA_ULIA_055,,d4,01:37.4,06:35.4,DACIA_SPRING,Dacia Spring 33 kW,33000,139,03:41.0,2.2,3.6,10,N,-3.426043472789343,97.88427137137424,345,94,,,,0.0,56.0,289.0,0,307,38,8,3
04:25.7,,,80,,98.5,,,,,,,55,-1.9696655,43.33072,159.93011,36.75458518609983,04:25.9,6,-0.24,0101000020E61000001BBB6503C083FFBF99B44E0155AA4540,20230421_DACIA_DONOSTIA_ULIA_055,,d4,01:37.4,06:35.4,DACIA_SPRING,Dacia Spring 33 kW,33000,139,03:41.0,2.2,3.6,10,N,-1.3603886386074275,12.202781435110362,345,94,,,,0.0,56.0,289.0,0,307,38,8,3
04:31.3,,,80,,98.5,,,,,,,55,-1.9692817,43.330803,166.90479,36.78771374709317,04:30.9,6,0.4029999999999999,0101000020E6100000ADF9D0892D82FFBF92AE1DB557AA4540,20230421_DACIA_DONOSTIA_ULIA_055,,d4,01:37.4,06:35.4,DACIA_SPRING,Dacia Spring 33 kW,33000,139,03:41.0,2.2,3.6,10,N,0.8246145378397142,-23.24171243796264,345,94,,,,0.0,56.0,289.0,0,307,38,25,3
04:38.1,,,80,,98.5,,,,,,,55,-1.9688649,43.330624,173.17877,36.827362832997714,04:38.0,6,0.165,0101000020E6100000167649837880FFBF2923CBD551AA4540,20230421_DACIA_DONOSTIA_ULIA_055,,d4,01:37.4,06:35.4,DACIA_SPRING,Dacia Spring 33 kW,33000,139,03:41.0,2.2,3.6,10,N,3.2940566887307585,-76.20796341214056,543,72,,,,1.0,436.0,106.0,0,520,23,25,3
04:43.7,,,80,,98.5,,,,,,,55,-1.9687618,43.330204,177.18988000000002,36.87497265450534,04:44.0,6,-0.285,0101000020E6100000C49A466A0C80FFBF1F78082544AA4540,20230421_DACIA_DONOSTIA_ULIA_055,,d4,01:37.4,06:35.4,DACIA_SPRING,Dacia Spring 33 kW,33000,139,03:41.0,2.2,3.6,10,N,1.9928357216717203,-43.61196522376796,543,72,,,,1.0,436.0,106.0,0,520,23,8,3
04:49.2,,,80,,98.5,,,,,,,55,-1.968449,43.329906,182.39478,36.91698714341095,04:49.0,6,0.2319999999999999,0101000020E61000003616FB68C47EFFBF6B4328633AAA4540,20230421_DACIA_DONOSTIA_ULIA_055,,d4,01:37.4,06:35.4,DACIA_SPRING,Dacia Spring 33 kW,33000,139,05:56.5,2.2,3.6,10,N,1.0673536987572545,-27.24673415176533,446,112,1.0,43.0,308.0,,,,94,208,238,25,3
04:54.8,,,80,,98.5,,,,,,,55,-1.9678742,43.32961,179.88062,36.97400647857031,04:55.0,6,-0.212,0101000020E6100000231B1F98697CFFBF29BFFB9930AA4540,20230421_DACIA_DONOSTIA_ULIA_055,,d4,01:37.4,06:35.4,DACIA_SPRING,Dacia Spring 33 kW,33000,139,05:56.5,2.2,3.6,10,N,0.8365848615888205,-23.43750881501693,446,112,1.0,43.0,308.0,,,,94,208,238,25,3
05:00.3,,,80,,98.5,,,,,,,55,-1.9672906000000003,43.329357,187.92273,37.02954374095994,05:00.0,6,0.31,0101000020E6100000800AAABA057AFFBFF771766328AA4540,20230421_DACIA_DONOSTIA_ULIA_055,,d4,01:37.4,06:35.4,DACIA_SPRING,Dacia Spring 33 kW,33000,139,05:56.5,2.2,3.6,10,N,0.2078153179644136,-13.30932321717412,446,112,1.0,43.0,308.0,,,,94,208,238,8,3
05:05.9,,,80,,98.5,,,,,,,55,-1.9664832,43.329166,190.08405,37.0982514622087,05:06.1,6,-0.128,0101000020E610000061543119B776FFBF1261892822AA4540,20230421_DACIA_DONOSTIA_ULIA_055,,d4,01:37.4,06:35.4,DACIA_SPRING,Dacia Spring 33 kW,33000,139,05:56.5,2.2,3.6,10,N,0.0276572546659486,-10.440183209390495,446,112,1.0,43.0,308.0,,,,94,208,238,8,3
05:11.4,,,80,,98.5,,,,,,,55,-1.9657831,43.329037,186.17273,37.15679894410644,05:11.1,6,0.293,0101000020E61000003EE3CAF2D873FFBF32F092EE1DAA4540,20230421_DACIA_DONOSTIA_ULIA_055,,d4,01:37.4,06:35.4,DACIA_SPRING,Dacia Spring 33 kW,33000,139,05:56.5,2.2,3.6,10,N,1.170271344249347,-28.97014152474752,446,112,1.0,43.0,308.0,,,,94,208,238,8,3
05:16.9,,,80,,98.5,,,,,,,55,-1.9651202,43.32867,189.40277,37.22425869802413,05:17.1,6,-0.248,0101000020E6100000D789AAE32171FFBFB5E6BFEE11AA4540,20230421_DACIA_DONOSTIA_ULIA_055,,d4,01:37.4,06:35.4,DACIA_SPRING,Dacia Spring 33 kW,33000,139,05:56.5,2.2,3.6,10,N,1.3238803309901628,-31.576584082775195,446,112,1.0,43.0,308.0,,,,94,208,238,8,3
05:22.4,,,80,,98.5,,,,,,,55,-1.9646858,43.328403,189.3576,37.270259365719625,05:22.1,6,0.288,0101000020E6100000969F0A6E5A6FFFBFBA57BD2E09AA4540,20230421_DACIA_DONOSTIA_ULIA_055,,d4,01:37.4,06:35.4,DACIA_SPRING,Dacia Spring 33 kW,33000,139,05:56.5,2.2,3.6,10,N,-0.070834187598131,-8.872566134471281,446,112,1.0,43.0,308.0,,,,94,208,238,8,3
05:28.1,,,80,,98.5,,,,,,,55,-1.9639299,43.328285,189.40613,37.33279381501622,05:28.2,6,-0.048,0101000020E61000004F2F42C2416CFFBF4B0AA84705AA4540,20230421_DACIA_DONOSTIA_ULIA_055,,d4,01:37.4,06:35.4,DACIA_SPRING,Dacia Spring 33 kW,33000,139,05:56.5,2.2,3.6,10,N,-0.3555793984216063,-4.331535656032079,446,112,1.0,43.0,308.0,,,,94,208,238,8,3
05:33.7,,,80,,98.5,,,,,,,55,-1.9633754,43.328243,194.63751,37.37819057870316,05:33.3,6,0.435,0101000020E6100000FC4E3860FC69FFBFF26471DE03AA4540,20230421_DACIA_DONOSTIA_ULIA_055,,d4,01:37.4,06:35.4,DACIA_SPRING,Dacia Spring 33 kW,33000,139,05:56.5,2.2,3.6,10,N,0.9338345625184884,-25.034373647815165,446,112,1.0,43.0,308.0,,,,94,208,238,8,3
05:39.3,,,80,,98.5,,,,,,,55,-1.9628551,43.328,195.05463,37.42820530445831,05:39.2,6,0.086,0101000020E6100000C696D4BFDA67FFBF20D0DBD0FBA94540,20230421_DACIA_DONOSTIA_ULIA_055,,d4,01:37.4,06:35.4,DACIA_SPRING,Dacia Spring 33 kW,33000,139,05:56.5,2.2,3.6,10,N,2.298423836589085,-49.6764161012921,446,112,1.0,43.0,308.0,,,,94,208,238,8,3
05:44.8,,,80,,98.5,,,,,,,55,-1.9624757,43.327553,199.28827,37.48677343187635,05:45.2,6,-0.414,0101000020E6100000A9EBBBE84C66FFBF0AF0C449EDA94540,20230421_DACIA_DONOSTIA_ULIA_055,,d4,01:37.4,06:35.4,DACIA_SPRING,Dacia Spring 33 kW,33000,139,05:56.5,2.2,3.6,10,N,1.0136719002640695,-26.35425965893069,446,112,1.0,43.0,308.0,,,,94,208,238,8,3
05:50.3,,,79,,98.5,,,,,,,55,-1.9618984,43.327267,206.69244,37.54375375576612,05:50.2,6,0.0969999999999999,0101000020E6100000D3F2C9ABEF63FFBF748CD8E5E3A94540,20230421_DACIA_DONOSTIA_ULIA_055,,d4,01:37.4,06:35.4,DACIA_SPRING,Dacia Spring 33 kW,33000,139,05:56.5,2.2,3.6,10,N,0.0326640549243384,-10.519871713559636,446,112,1.0,43.0,308.0,,,,94,208,238,8,3
05:55.8,,,79,,98.5,,,,,,,55,-1.9610314,43.327106,209.46655,37.61618612001329,05:56.3,6,-0.452,0101000020E6100000B6AB67736260FFBF58F30CAFDEA94540,20230421_DACIA_DONOSTIA_ULIA_055,,d4,01:37.4,06:35.4,DACIA_SPRING,Dacia Spring 33 kW,33000,139,05:56.5,2.2,3.6,10,N,0.5770013684106098,-19.22304186284556,446,112,1.0,43.0,308.0,,,,94,208,238,8,3
06:01.4,,,79,,98.5,,,,,,,55,-1.9604865,43.326916,212.3836,37.66515116711681,06:01.3,6,0.062,0101000020E6100000D42F4B1A275EFFBF14ACD460D8A94540,20230421_DACIA_DONOSTIA_ULIA_055,,d4,01:37.4,06:35.4,DACIA_SPRING,Dacia Spring 33 kW,33000,139,05:56.5,2.2,3.6,10,N,-0.702516447745192,1.2531041118733572,446,112,1.0,43.0,308.0,,,,94,208,238,8,3
06:07.4,,,79,,98.5,,,,,,,55,-1.9596179,43.326935,215.09369,37.735495153285825,06:07.3,6,0.07,0101000020E6100000A6B1414F985AFFBF0E0B9C09D9A94540,20230421_DACIA_DONOSTIA_ULIA_055,,d4,01:37.4,06:35.4,DACIA_SPRING,Dacia Spring 33 kW,33000,139,05:56.5,2.2,3.6,10,N,-0.4364924977067612,-3.0358711780740983,446,112,1.0,43.0,308.0,,,,94,208,238,8,3
06:12.9,,,79,,98.5,,,,,,,55,-1.9589014,43.326897,214.8197,37.79360645274145,06:12.6,6,0.288,0101000020E6100000AFCEEF03A957FFBF09FD6DCBD7A94540,20230421_DACIA_DONOSTIA_ULIA_055,,d4,01:37.4,06:35.4,DACIA_SPRING,Dacia Spring 33 kW,33000,139,05:56.5,2.2,3.6,10,N,-1.221833556602274,9.84021403196332,446,112,1.0,43.0,308.0,,,,94,208,238,8,3
06:18.9,,,79,,98.5,,,,,,,55,-1.9582211,43.327015,228.06561,37.851707774346266,06:18.8,6,0.11,0101000020E6100000CF969CA8DF54FFBF5A8121ABDBA94540,20230421_DACIA_DONOSTIA_ULIA_055,,d4,01:37.4,06:35.4,DACIA_SPRING,Dacia Spring 33 kW,33000,139,05:56.5,2.2,3.6,10,N,-3.265559328929603,104.89240558444732,446,112,1.0,43.0,308.0,,,,94,208,238,25,3
06:24.5,,,79,,98.5,,,,,,,55,-1.9583062,43.327335,222.84009,37.888324650738916,06:24.5,6,-0.05,0101000020E6100000300F78E43855FFBFEFA83121E6A94540,20230421_DACIA_DONOSTIA_ULIA_055,,d4,01:37.4,06:35.4,DACIA_SPRING,Dacia Spring 33 kW,33000,139,05:56.5,2.2,3.6,10,N,-0.8979583245936321,155.5560452198181,446,112,1.0,43.0,308.0,,,,94,208,238,8,3
06:32.9,,,79,,98.5,,,,,,,55,-1.9590212,43.32766,227.30762,37.95666804647,06:32.8,6,0.168,0101000020E6100000A5F365922658FFBFBAB5F1CCF0A94540,20230421_DACIA_DONOSTIA_ULIA_055,,d4,01:37.4,06:35.4,DACIA_SPRING,Dacia Spring 33 kW,33000,139,05:56.5,2.2,3.6,10,N,,,446,112,1.0,43.0,308.0,,,,94,208,238,25,3
