timestamp_data_utc,elv_spy,speed,soc,amb_temp,soh,regenwh,Motor Pwr(w),Aux Pwr(100w),Motor Temp,Torque Nm,rpm,route_id,longitude,latitude,altitude,cumul_dist,timestamp_gps_utc,car_id,time_diff,point_geom,route_code,route_description,driver,start_timestamp,end_timestamp,car_code,car_description,capacity,ref_consumption,timestamp_weather_utc,wind_mph,wind_kph,wind_degree,wind_dir,Frontal_Wind,Veh_deg,totalVehicles,speedAvg,cars_by_speed_interval_0_80,cars_by_speed_interval_80_100,cars_by_speed_interval_100_120,cars_by_speed_interval_0_50,cars_by_speed_interval_50_80,cars_by_speed_interval_80_120,cars_by_speed_interval_120_inf,cars_by_length_interval_0_7,cars_by_length_interval_7_inf,max_speed,radius
20/04/2023 10:48,210,30.2,89,25.5,99.25,-2,11200,3,80,4.67,1379,50,-2.4893684,43.17989,209.70863,0.0,48:12.1,7,7199.880999999999,0101000020E610000001D789FE39EA03C073765A9506974540,20230420_NISSAN_EIBAR_BILBAO_050,,d3,48:07.7,32:43.5,NISSAN_LEAF,Nissan Leaf e+ 62 kW,62000,174,49:19.5,2.5,4.0,70,ENE,3.9263444205486175,-148.98767190241787,209.0,57.0,,,,45.0,163.0,1.0,0.0,190.0,19.0,8,5.0
20/04/2023 10:48,208,41.4,89,25.5,99.25,-2,8680,3,80,3.86,2552,50,-2.49027,43.179348,208.58722,0.09475192534156515,48:21.2,7,7199.819,0101000020E6100000EA2DB69912EC03C0D09349E6F4964540,20230420_NISSAN_EIBAR_BILBAO_050,,d3,48:07.7,32:43.5,NISSAN_LEAF,Nissan Leaf e+ 62 kW,62000,174,49:19.5,2.5,4.0,70,ENE,3.3289636858681044,-126.3296277018425,209.0,57.0,,,,45.0,163.0,1.0,0.0,190.0,19.0,25,5.0
20/04/2023 10:48,203,55.4,89,25.5,99.25,-2,12480,3,81,0.83,3711,50,-2.4910164,43.178333,203.72105,0.22291065945829644,48:30.2,7,7199.77,0101000020E6100000BE87260E9AED03C09A6DCAA9D3964540,20230420_NISSAN_EIBAR_BILBAO_050,,d3,48:07.7,32:43.5,NISSAN_LEAF,Nissan Leaf e+ 62 kW,62000,174,49:19.5,2.5,4.0,70,ENE,3.800106760026437,-141.81002573687798,209.0,57.0,,,,45.0,163.0,1.0,0.0,190.0,19.0,40,5.0
20/04/2023 10:48,203,47.2,89,25.5,99.25,-2,5000,3,81,0.77,3218,50,-2.4919355,43.17761,202.6532,0.33253998955584607,48:38.3,7,7199.710999999999,0101000020E61000000863F0E97BEF03C0B06D53D4BB964540,20230420_NISSAN_EIBAR_BILBAO_050,,d3,48:07.7,32:43.5,NISSAN_LEAF,Nissan Leaf e+ 62 kW,62000,174,49:19.5,2.5,4.0,70,ENE,3.781532832522288,-179.0238085561661,209.0,57.0,,,,45.0,163.0,1.0,0.0,190.0,19.0,85,5.0
20/04/2023 10:48,208,0.0,89,25.5,99.25,-14,0,3,82,0.0,0,50,-2.493344,43.177586,208.47177,0.4469308003947437,48:52.4,7,7199.632,0101000020E6100000EB5FBA5E5EF203C0A2FAC81ABB964540,20230420_NISSAN_EIBAR_BILBAO_050,,d3,48:07.7,32:43.5,NISSAN_LEAF,Nissan Leaf e+ 62 kW,62000,174,49:19.5,2.5,4.0,70,ENE,-2.2255765156573317,-36.19320730162135,209.0,57.0,,,,45.0,163.0,1.0,0.0,190.0,19.0,40,5.0
20/04/2023 10:49,210,0.0,89,25.5,99.25,-14,0,3,82,0.0,0,50,-2.4933276,43.177574,210.5522,0.4497374186964496,49:00.4,7,7199.599,0101000020E61000006AD35FC355F203C089AD26C0BA964540,20230420_NISSAN_EIBAR_BILBAO_050,,d3,48:07.7,32:43.5,NISSAN_LEAF,Nissan Leaf e+ 62 kW,62000,174,49:19.5,2.5,4.0,70,ENE,-3.7587704831436337,0.0,209.0,57.0,,,,45.0,163.0,1.0,0.0,190.0,19.0,40,5.0
20/04/2023 10:49,210,0.0,89,25.0,99.25,-14,0,3,82,0.78,-25,50,-2.4933276,43.177574,210.5522,0.4497374186964496,49:09.4,7,7199.56,0101000020E61000006AD35FC355F203C089AD26C0BA964540,20230420_NISSAN_EIBAR_BILBAO_050,,d3,48:07.7,32:43.5,NISSAN_LEAF,Nissan Leaf e+ 62 kW,62000,174,49:19.5,2.5,4.0,70,ENE,3.4207577466696626,168.78066923343053,209.0,57.0,,,,45.0,163.0,1.0,0.0,190.0,19.0,40,5.0
20/04/2023 10:49,209,24.1,89,25.0,99.25,-14,960,3,83,-0.81,2013,50,-2.4938872,43.177685,209.27332,0.4967799531911036,49:17.5,7,7199.521,0101000020E6100000C7EB86287BF303C0A1268D57BE964540,20230420_NISSAN_EIBAR_BILBAO_050,,d3,48:07.7,32:43.5,NISSAN_LEAF,Nissan Leaf e+ 62 kW,62000,174,49:19.5,2.5,4.0,70,ENE,1.2635881097619748,128.41497500867345,209.0,57.0,,,,45.0,163.0,1.0,0.0,190.0,19.0,40,5.0
20/04/2023 10:49,209,27.5,89,25.0,99.25,-14,4280,3,84,3.81,1589,50,-2.494137,43.178,209.81268,0.537245083612011,49:25.5,7,7200.4890000000005,0101000020E6100000CC67C810FEF303C0212D28BCC8964540,20230420_NISSAN_EIBAR_BILBAO_050,,d3,48:07.7,32:43.5,NISSAN_LEAF,Nissan Leaf e+ 62 kW,62000,174,49:19.5,2.5,4.0,70,ENE,3.871459456837704,-174.56456849928628,209.0,57.0,,,,45.0,163.0,1.0,0.0,190.0,19.0,85,5.0
20/04/2023 10:49,209,42.5,89,25.0,99.25,-14,14000,3,85,9.75,2324,50,-2.4947991000000003,43.177937,209.07584,0.5913928213774792,49:33.6,7,7200.433000000001,0101000020E6100000389CAE3459F503C06E374F96C6964540,20230420_NISSAN_EIBAR_BILBAO_050,,d3,48:07.7,32:43.5,NISSAN_LEAF,Nissan Leaf e+ 62 kW,62000,174,49:19.5,2.5,4.0,70,ENE,3.842001913260557,-176.15747714118683,209.0,57.0,,,,45.0,163.0,1.0,0.0,190.0,19.0,85,6.0
20/04/2023 10:49,213,83.6,89,25.0,99.25,-14,35800,3,86,6.8,5449,50,-2.4966304,43.177814,211.49571,0.7405355998159644,49:42.6,7,7200.371999999999,0101000020E6100000503E986B19F903C084C47E93C2964540,20230420_NISSAN_EIBAR_BILBAO_050,,d3,48:07.7,32:43.5,NISSAN_LEAF,Nissan Leaf e+ 62 kW,62000,174,49:19.5,2.5,4.0,70,ENE,3.996630556528507,-162.35189112181675,209.0,57.0,,,,45.0,163.0,1.0,0.0,190.0,19.0,80,6.0
20/04/2023 10:49,219,88.7,88,25.0,99.25,-14,17360,3,88,1.72,5923,50,-2.4990947,43.17703,218.87897,0.958673200371698,49:51.7,7,7200.331999999999,0101000020E6100000C6C1CB5A25FE03C061F92CD0A8964540,20230420_NISSAN_EIBAR_BILBAO_050,,d3,48:07.7,32:43.5,NISSAN_LEAF,Nissan Leaf e+ 62 kW,62000,174,49:19.5,2.5,4.0,70,ENE,3.733659843681588,178.97356129436042,209.0,57.0,,,,45.0,163.0,1.0,0.0,190.0,19.0,80,6.0
20/04/2023 10:50,224,90.3,88,25.0,99.25,-14,34760,3,89,2.44,6332,50,-2.5018854,43.17708,223.42111,1.1850795856106202,50:00.7,7,7200.285,0101000020E6100000B4B94E7EDC0304C00A6B9F71AA964540,20230420_NISSAN_EIBAR_BILBAO_050,,d3,48:07.7,32:43.5,NISSAN_LEAF,Nissan Leaf e+ 62 kW,62000,174,49:19.5,2.5,4.0,70,ENE,3.832858354935462,-176.6216431961049,209.0,57.0,,,,45.0,163.0,1.0,0.0,190.0,19.0,85,6.0
20/04/2023 10:50,235,76.0,88,24.5,99.25,-14,19800,3,90,3.59,5445,50,-2.5041723,43.176945,232.13759,1.3713307289178451,50:08.8,7,7200.188,0101000020E610000032CD91858B0804C08714011BA6964540,20230420_NISSAN_EIBAR_BILBAO_050,,d3,48:07.7,32:43.5,NISSAN_LEAF,Nissan Leaf e+ 62 kW,62000,174,49:19.5,2.5,4.0,70,ENE,3.930779787187891,-170.67461909441957,209.0,57.0,,,,45.0,163.0,1.0,0.0,190.0,19.0,8,6.0
20/04/2023 10:50,244,74.9,88,24.5,99.25,-14,0,3,90,2.39,5276,50,-2.5067787,43.176517,241.75192,1.5881851242956704,50:18.8,7,7200.198,0101000020E6100000F9A15FF5E10D04C0CB168D1598964540,20230420_NISSAN_EIBAR_BILBAO_050,,d3,48:07.7,32:43.5,NISSAN_LEAF,Nissan Leaf e+ 62 kW,62000,174,49:19.5,2.5,4.0,70,ENE,3.9910649896344834,-156.16967133834495,209.0,57.0,,,,45.0,163.0,1.0,0.0,190.0,19.0,85,6.0
20/04/2023 10:50,252,75.8,88,24.5,99.25,-14,19080,3,90,4.12,5025,50,-2.5086873,43.175674,250.83318,1.769353633010129,50:27.9,7,7200.145,0101000020E61000004F4E8797CA1104C0AC2348747C964540,20230420_NISSAN_EIBAR_BILBAO_050,,d3,48:07.7,32:43.5,NISSAN_LEAF,Nissan Leaf e+ 62 kW,62000,174,49:19.5,2.5,4.0,70,ENE,3.610532938255721,174.50638233430817,209.0,57.0,,,,45.0,163.0,1.0,0.0,190.0,19.0,8,7.0
20/04/2023 10:50,259,67.3,88,24.5,99.25,-14,0,3,91,-5.11,5169,50,-2.510798,43.175877,257.59174,1.9421241438856587,50:35.9,7,7200.104,0101000020E6100000E2918D311D1604C0F5AF342483964540,20230420_NISSAN_EIBAR_BILBAO_050,,d3,48:07.7,32:43.5,NISSAN_LEAF,Nissan Leaf e+ 62 kW,62000,174,51:36.6,10.5,16.9,290,WNW,-16.527040383346797,147.94056047696137,209.0,57.0,,,,45.0,163.0,1.0,0.0,190.0,19.0,85,7.0
20/04/2023 10:50,263,31.8,88,23.999998,99.25,-68,2520,3,91,3.56,1857,50,-2.5118454,43.176533,263.44705,2.0542342754125094,50:45.0,7,7200.026,0101000020E610000006645F5F421804C0BB88969498964540,20230420_NISSAN_EIBAR_BILBAO_050,,d3,48:07.7,32:43.5,NISSAN_LEAF,Nissan Leaf e+ 62 kW,62000,174,51:36.6,10.5,16.9,290,WNW,-16.04995560112145,141.75043702869448,209.0,57.0,,,,45.0,163.0,1.0,0.0,190.0,19.0,85,7.0
20/04/2023 10:50,269,41.8,88,23.999998,99.25,-68,5400,3,91,2.52,2217,50,-2.512349,43.17693,268.3559,2.114570144135672,50:53.0,7,7200.01,0101000020E6100000FB42036F4A1904C02082E191A5964540,20230420_NISSAN_EIBAR_BILBAO_050,,d3,48:07.7,32:43.5,NISSAN_LEAF,Nissan Leaf e+ 62 kW,62000,174,51:36.6,10.5,16.9,290,WNW,-10.506041947393562,-148.43740589221383,209.0,57.0,,,,45.0,163.0,1.0,0.0,190.0,19.0,85,7.0
20/04/2023 10:51,275,42.2,88,23.999998,99.25,-68,0,3,91,-1.06,2801,50,-2.5132606,43.17637,274.99863,2.2114504746215076,51:02.1,7,7199.945,0101000020E6100000796DCE60281B04C0F78B713A93964540,20230420_NISSAN_EIBAR_BILBAO_050,,d3,48:07.7,32:43.5,NISSAN_LEAF,Nissan Leaf e+ 62 kW,62000,174,51:36.6,10.5,16.9,290,WNW,-15.88080529128185,180.0,209.0,57.0,,,,45.0,163.0,1.0,0.0,190.0,19.0,45,7.0
20/04/2023 10:51,282,0.5,88,23.999998,99.25,-88,0,3,91,-3.09,882,50,-2.5141296000000004,43.17637,280.96848,2.282169242918865,51:11.1,7,7199.905,0101000020E6100000E5F56506F01C04C09BCB9C3A93964540,20230420_NISSAN_EIBAR_BILBAO_050,,d3,48:07.7,32:43.5,NISSAN_LEAF,Nissan Leaf e+ 62 kW,62000,174,51:36.6,10.5,16.9,290,WNW,-10.731679705498914,-149.42077313545994,209.0,57.0,,,,45.0,163.0,1.0,0.0,190.0,19.0,8,7.0
20/04/2023 10:51,282,3.6,88,23.999998,99.25,-88,3280,3,91,0.05,383,50,-2.5141516,43.176357,282.87186,2.2851516799827225,51:20.2,7,7199.843000000001,0101000020E61000002D038888FB1C04C097945DE492964540,20230420_NISSAN_EIBAR_BILBAO_050,,d3,48:07.7,32:43.5,NISSAN_LEAF,Nissan Leaf e+ 62 kW,62000,174,51:36.6,10.5,16.9,290,WNW,-15.88080529128185,180.0,209.0,57.0,,,,45.0,163.0,1.0,0.0,190.0,19.0,8,7.0
20/04/2023 10:51,281,10.6,88,23.999998,99.25,-88,280,3,91,11.7,27,50,-2.514267,43.176357,281.60074,2.294595290523375,51:28.2,7,7199.795,0101000020E61000002EDFC8F1371D04C0AD127EDF92964540,20230420_NISSAN_EIBAR_BILBAO_050,,d3,48:07.7,32:43.5,NISSAN_LEAF,Nissan Leaf e+ 62 kW,62000,174,51:36.6,10.5,16.9,290,WNW,-15.690545615897031,-178.19210591403032,209.0,57.0,,,,45.0,163.0,1.0,0.0,190.0,19.0,8,7.0
20/04/2023 10:51,279,49.2,88,23.999998,99.25,-88,15360,3,91,8.53,2746,50,-2.5151224,43.17633,279.19217000000003,2.364065559103413,51:37.2,7,7199.762,0101000020E610000044E33A82F81E04C090CD480F92964540,20230420_NISSAN_EIBAR_BILBAO_050,,d3,48:07.7,32:43.5,NISSAN_LEAF,Nissan Leaf e+ 62 kW,62000,174,51:36.6,10.5,16.9,290,WNW,-14.998524863050449,-172.55910350404096,209.0,57.0,,,,45.0,163.0,1.0,0.0,190.0,19.0,8,7.0
20/04/2023 10:51,283,56.9,88,23.500002,99.25,-88,1600,3,92,3.5,3998,50,-2.5169294,43.176094,283.96875,2.5130016926088734,51:46.3,7,7199.732,0101000020E61000006153D6D8AB2204C0BA6E634C8A964540,20230420_NISSAN_EIBAR_BILBAO_050,,d3,48:07.7,32:43.5,NISSAN_LEAF,Nissan Leaf e+ 62 kW,62000,174,51:36.6,10.5,16.9,290,WNW,-14.33052145911516,-167.99045990760789,209.0,57.0,,,,45.0,163.0,1.0,0.0,190.0,19.0,45,7.0
20/04/2023 10:51,284,70.1,88,23.500002,99.25,-88,22240,3,93,5.75,4503,50,-2.5187345000000003,43.17571,284.95078,2.665480412414489,51:55.3,7,7199.672,0101000020E61000004BB109495E2604C07F9334917D964540,20230420_NISSAN_EIBAR_BILBAO_050,,d3,48:07.7,32:43.5,NISSAN_LEAF,Nissan Leaf e+ 62 kW,62000,174,51:36.6,10.5,16.9,290,WNW,-16.573626068362714,171.27855403012086,209.0,57.0,,,,45.0,163.0,1.0,0.0,190.0,19.0,45,7.0
20/04/2023 10:52,285,83.6,87,23.500002,99.25,-88,32240,3,93,5.73,5377,50,-2.5207553,43.17602,285.96808,2.832935817131723,52:03.4,7,7199.611,0101000020E61000001C8CCAB5812A04C062481DD787964540,20230420_NISSAN_EIBAR_BILBAO_050,,d3,48:07.7,32:43.5,NISSAN_LEAF,Nissan Leaf e+ 62 kW,62000,174,51:36.6,10.5,16.9,290,WNW,-16.778760327174716,166.86715154697058,209.0,57.0,,,,45.0,163.0,1.0,0.0,190.0,19.0,100,8.0
20/04/2023 10:52,288,90.7,87,23.500002,99.25,-88,7840,3,93,3.78,6208,50,-2.5233784,43.176632,288.26468,3.056273107383861,52:12.4,7,7199.581,0101000020E6100000102099FEE02F04C0D04078DD9B964540,20230420_NISSAN_EIBAR_BILBAO_050,,d3,48:07.7,32:43.5,NISSAN_LEAF,Nissan Leaf e+ 62 kW,62000,174,51:36.6,10.5,16.9,290,WNW,-16.8082067503275,165.9744292286606,209.0,57.0,,,,45.0,163.0,1.0,0.0,190.0,19.0,100,8.0
20/04/2023 10:52,295,83.3,87,23.500002,99.25,-88,7480,3,94,2.48,5688,50,-2.5256522,43.1772,294.49185,3.251268591720999,52:20.5,7,7199.526,0101000020E6100000451A3711893404C0E06D0984AE964540,20230420_NISSAN_EIBAR_BILBAO_050,,d3,48:07.7,32:43.5,NISSAN_LEAF,Nissan Leaf e+ 62 kW,62000,174,51:36.6,10.5,16.9,290,WNW,-14.497654723352584,-169.07596355541426,209.0,57.0,,,,45.0,163.0,1.0,0.0,190.0,19.0,100,8.0
20/04/2023 10:52,303,83.1,87,23.500002,99.25,-88,10680,3,93,1.03,5500,50,-2.5277765,43.17679,301.85056000000003,3.42960698414116,52:28.5,7,7200.483,0101000020E61000001CC226E7E23804C0E6AD9DF6A0964540,20230420_NISSAN_EIBAR_BILBAO_050,,d3,48:07.7,32:43.5,NISSAN_LEAF,Nissan Leaf e+ 62 kW,62000,174,51:36.6,10.5,16.9,290,WNW,-9.491581691040992,-144.16874036943145,209.0,57.0,,,,45.0,163.0,1.0,0.0,190.0,19.0,80,8.0
20/04/2023 10:52,305,81.6,87,23.500002,99.25,-88,8720,4,93,2.06,5931,50,-2.5291836,43.175774,305.01056,3.590205998651092,52:37.6,7,7200.435,0101000020E6100000272B2AA6C43B04C09A41EEBD7F964540,20230420_NISSAN_EIBAR_BILBAO_050,,d3,48:07.7,32:43.5,NISSAN_LEAF,Nissan Leaf e+ 62 kW,62000,174,51:36.6,10.5,16.9,290,WNW,15.88080529128185,0.0,209.0,57.0,,,,45.0,163.0,1.0,0.0,190.0,19.0,80,8.0
20/04/2023 10:52,305,81.6,87,23.500002,99.25,-88,8040,4,93,-0.66,6376,50,-2.5291836,43.175774,305.01056,3.590205998651092,52:45.6,7,7200.411,0101000020E6100000272B2AA6C43B04C09A41EEBD7F964540,20230420_NISSAN_EIBAR_BILBAO_050,,d3,48:07.7,32:43.5,NISSAN_LEAF,Nissan Leaf e+ 62 kW,62000,174,51:36.6,10.5,16.9,290,WNW,15.88080529128185,0.0,209.0,57.0,,,,45.0,163.0,1.0,0.0,190.0,19.0,80,8.0
20/04/2023 10:52,305,81.6,87,23.500002,99.25,-97,4520,4,92,3.17,5782,50,-2.5291836,43.175774,305.01056,3.590205998651092,52:54.6,7,7200.361,0101000020E6100000272B2AA6C43B04C09A41EEBD7F964540,20230420_NISSAN_EIBAR_BILBAO_050,,d3,48:07.7,32:43.5,NISSAN_LEAF,Nissan Leaf e+ 62 kW,62000,174,51:36.6,10.5,16.9,290,WNW,-9.428881303373515,-143.9122096395895,209.0,57.0,,,,45.0,163.0,1.0,0.0,190.0,19.0,80,8.0
20/04/2023 10:53,303,88.9,87,23.500002,99.25,-97,6840,3,92,2.52,5971,50,-2.5350885,43.17147,305.79565,4.2672095613171175,53:03.7,7,7200.314,0101000020E6100000FEBD748EDC4704C0E4CA19B5F2954540,20230420_NISSAN_EIBAR_BILBAO_050,,d3,48:07.7,32:43.5,NISSAN_LEAF,Nissan Leaf e+ 62 kW,62000,174,54:18.6,10.5,16.9,290,WNW,-15.83926132944664,-179.5921787180042,209.0,57.0,,,,45.0,163.0,1.0,0.0,190.0,19.0,25,9.0
20/04/2023 10:53,305,94.2,87,23.0,99.25,-97,14560,3,92,-0.64,6294,50,-2.5378983,43.17145,305.79837000000003,4.495082602079405,53:12.7,7,7200.263000000001,0101000020E6100000228E9F919D4D04C0032A9429F2954540,20230420_NISSAN_EIBAR_BILBAO_050,,d3,48:07.7,32:43.5,NISSAN_LEAF,Nissan Leaf e+ 62 kW,62000,174,54:18.6,10.5,16.9,290,WNW,-14.009589016387626,-165.9930528828108,209.0,57.0,,,,45.0,163.0,1.0,0.0,190.0,19.0,8,9.0
20/04/2023 10:53,295,94.8,87,23.0,99.25,-97,0,3,92,0.92,6304,50,-2.5402915,43.170853,298.1297,4.700343732536877,53:20.8,7,7200.2080000000005,0101000020E61000004AA0F55A845204C00BEFB87ADE954540,20230420_NISSAN_EIBAR_BILBAO_050,,d3,48:07.7,32:43.5,NISSAN_LEAF,Nissan Leaf e+ 62 kW,62000,174,54:18.6,10.5,16.9,290,WNW,-10.36924393044872,-147.84770485875725,209.0,57.0,,,,45.0,163.0,1.0,0.0,190.0,19.0,8,9.0
20/04/2023 10:53,283,93.6,87,23.0,99.25,-107,0,3,91,-0.3,6377,50,-2.5425315,43.169445,286.10165,4.940460486178461,53:29.8,7,7200.165,0101000020E6100000CF09FEC51A5704C0FF821656B0954540,20230420_NISSAN_EIBAR_BILBAO_050,,d3,48:07.7,32:43.5,NISSAN_LEAF,Nissan Leaf e+ 62 kW,62000,174,54:18.6,10.5,16.9,290,WNW,-10.842691553293331,-149.9096910936557,209.0,57.0,,,,45.0,163.0,1.0,0.0,190.0,19.0,25,9.0
20/04/2023 10:53,269,97.7,87,23.0,99.25,-107,0,3,91,0.38,6615,50,-2.5448492000000003,43.168102000000005,272.55115,5.180907394838913,53:38.9,7,7200.104,0101000020E610000032F588EDD95B04C05D20945884954540,20230420_NISSAN_EIBAR_BILBAO_050,,d3,48:07.7,32:43.5,NISSAN_LEAF,Nissan Leaf e+ 62 kW,62000,174,54:18.6,10.5,16.9,290,WNW,-15.276302488058478,-174.67864767787052,209.0,57.0,,,,45.0,163.0,1.0,0.0,190.0,19.0,100,10.0
20/04/2023 10:53,257,97.5,87,23.0,99.25,-107,0,3,91,-2.06,6843,50,-2.5478768,43.16782,259.85782,5.428765642813953,53:47.9,7,7200.056,0101000020E61000009D04013F0D6204C00969C42A7B954540,20230420_NISSAN_EIBAR_BILBAO_050,,d3,48:07.7,32:43.5,NISSAN_LEAF,Nissan Leaf e+ 62 kW,62000,174,54:18.6,10.5,16.9,290,WNW,-15.463072482314749,-176.20213480994727,209.0,57.0,,,,45.0,163.0,1.0,0.0,190.0,19.0,25,10.0
20/04/2023 10:53,250,90.0,87,23.0,99.25,-138,0,3,91,0.14,6156,50,-2.550739,43.16763,251.40723,5.662004030620828,53:57.0,7,7200.034000000001,0101000020E6100000BF5791ECE96704C0FEEB0DE574954540,20230420_NISSAN_EIBAR_BILBAO_050,,d3,48:07.7,32:43.5,NISSAN_LEAF,Nissan Leaf e+ 62 kW,62000,174,54:18.6,10.5,16.9,290,WNW,-15.281841949232394,-174.72259391721016,209.0,57.0,,,,45.0,163.0,1.0,0.0,190.0,19.0,90,10.0
20/04/2023 10:54,244,98.5,87,23.0,99.25,-138,14600,3,90,0.77,6514,50,-2.553229,43.1674,246.43126,5.865618747973072,54:05.0,7,7199.986,0101000020E610000000093A50036D04C0340C48686D954540,20230420_NISSAN_EIBAR_BILBAO_050,,d3,48:07.7,32:43.5,NISSAN_LEAF,Nissan Leaf e+ 62 kW,62000,174,54:18.6,10.5,16.9,290,WNW,-16.128712837248948,177.3767291042663,209.0,57.0,,,,45.0,163.0,1.0,0.0,190.0,19.0,85,10.0
20/04/2023 10:54,235,101.0,87,23.0,99.25,-138,0,3,90,-1.23,6821,50,-2.556241,43.167538,237.42767,6.110541450593295,54:14.0,7,7199.954000000001,0101000020E6100000CF0AF27D2E7304C0BC6908EB71954540,20230420_NISSAN_EIBAR_BILBAO_050,,d3,48:07.7,32:43.5,NISSAN_LEAF,Nissan Leaf e+ 62 kW,62000,174,54:18.6,10.5,16.9,290,WNW,-15.50404453410322,-176.54875973404825,209.0,57.0,,,,45.0,163.0,1.0,0.0,190.0,19.0,8,11.0
20/04/2023 10:54,228,101.2,87,23.0,99.25,-146,13120,3,90,3.14,6613,50,-2.5592754,43.167355,229.79356,6.357591695358825,54:23.1,7,7199.914000000001,0101000020E610000029717D63657904C0FEE0E9D96B954540,20230420_NISSAN_EIBAR_BILBAO_050,,d3,48:07.7,32:43.5,NISSAN_LEAF,Nissan Leaf e+ 62 kW,62000,174,54:18.6,10.5,16.9,290,WNW,-16.35638802483616,174.57168762385862,209.0,57.0,,,,45.0,163.0,1.0,0.0,190.0,19.0,8,11.0
20/04/2023 10:54,228,100.7,87,23.0,99.25,-146,0,3,90,0.0,6916,50,-2.5623798,43.16765,228.2744,6.611493374504594,54:32.1,7,7199.859,0101000020E6100000DD9CD3FCC07F04C01862777475954540,20230420_NISSAN_EIBAR_BILBAO_050,,d3,48:07.7,32:43.5,NISSAN_LEAF,Nissan Leaf e+ 62 kW,62000,174,54:18.6,10.5,16.9,290,WNW,-16.819379704642433,165.5987267152004,209.0,57.0,,,,45.0,163.0,1.0,0.0,190.0,19.0,25,11.0
20/04/2023 10:54,223,97.6,87,23.0,99.25,-146,9960,3,90,2.22,6489,50,-2.5652227,43.16838,223.65106,6.855968278835348,54:40.2,7,7199.801,0101000020E610000029356270938504C077F10D778D954540,20230420_NISSAN_EIBAR_BILBAO_050,,d3,48:07.7,32:43.5,NISSAN_LEAF,Nissan Leaf e+ 62 kW,62000,174,54:18.6,10.5,16.9,290,WNW,-16.377218335949483,174.28829432305642,209.0,57.0,,,,45.0,163.0,1.0,0.0,190.0,19.0,25,11.0
20/04/2023 10:54,221,101.8,87,23.0,99.25,-146,10000,3,90,-0.8,7001,50,-2.5682821,43.168686,221.81267000000005,7.106412755030549,54:49.2,7,7199.769,0101000020E6100000F4DBFB86D78B04C02C660A7D97954540,20230420_NISSAN_EIBAR_BILBAO_050,,d3,48:07.7,32:43.5,NISSAN_LEAF,Nissan Leaf e+ 62 kW,62000,174,54:18.6,10.5,16.9,290,WNW,-15.200305519670124,-174.0827672421971,209.0,57.0,,,,45.0,163.0,1.0,0.0,190.0,19.0,8,12.0
20/04/2023 10:54,219,100.6,87,23.0,99.25,-146,8520,3,90,2.23,6775,50,-2.5713310000000003,43.16837,219.51123,7.356171501258819,54:58.3,7,7199.721,0101000020E6100000A947C30A169204C0DADF17138D954540,20230420_NISSAN_EIBAR_BILBAO_050,,d3,48:07.7,32:43.5,NISSAN_LEAF,Nissan Leaf e+ 62 kW,62000,174,54:18.6,10.5,16.9,290,WNW,-14.490690982999626,-169.03005341958027,209.0,57.0,,,,45.0,163.0,1.0,0.0,190.0,19.0,120,12.0
20/04/2023 10:55,220,107.2,87,23.0,99.25,-146,23560,3,90,2.73,7189,50,-2.5744264,43.16777,220.29019,7.615923950932871,55:07.3,7,7199.694,0101000020E610000087304DED6C9804C016CEA98779954540,20230420_NISSAN_EIBAR_BILBAO_050,,d3,48:07.7,32:43.5,NISSAN_LEAF,Nissan Leaf e+ 62 kW,62000,174,54:18.6,10.5,16.9,290,WNW,-15.713213864660856,-178.3999194450782,209.0,57.0,,,,45.0,163.0,1.0,0.0,190.0,19.0,85,12.0
20/04/2023 10:55,222,102.0,86,23.0,99.25,-146,5600,3,90,-0.86,7039,50,-2.5772903,43.16769,221.62256,7.848361695600472,55:15.4,7,7199.638000000001,0101000020E61000001A410F6C4A9E04C0E1D120DD76954540,20230420_NISSAN_EIBAR_BILBAO_050,,d3,48:07.7,32:43.5,NISSAN_LEAF,Nissan Leaf e+ 62 kW,62000,174,54:18.6,10.5,16.9,290,WNW,-16.68751741585612,169.0951953163585,209.0,57.0,,,,45.0,163.0,1.0,0.0,190.0,19.0,25,12.0
20/04/2023 10:55,220,106.1,86,23.0,99.25,-146,5880,3,90,0.62,7055,50,-2.5803216,43.168274,220.52779,8.102634892435564,55:24.4,7,7199.605,0101000020E6100000C1CB8DA17FA404C0B42016F989954540,20230420_NISSAN_EIBAR_BILBAO_050,,d3,48:07.7,32:43.5,NISSAN_LEAF,Nissan Leaf e+ 62 kW,62000,174,54:18.6,10.5,16.9,290,WNW,-16.852179036280972,164.31127674288786,209.0,57.0,,,,45.0,163.0,1.0,0.0,190.0,19.0,25,12.0
20/04/2023 10:55,213,107.4,86,23.0,99.25,-150,1520,3,90,2.05,7134,50,-2.5826714,43.168934,214.70038,8.306928053380648,55:31.5,7,7200.549,0101000020E610000045773CA74FA904C0C0DC4AA19F954540,20230420_NISSAN_EIBAR_BILBAO_050,,d3,48:07.7,32:43.5,NISSAN_LEAF,Nissan Leaf e+ 62 kW,62000,174,56:36.6,10.5,16.9,290,WNW,-16.381045895124963,174.23562042179057,209.0,57.0,,,,45.0,163.0,1.0,0.0,190.0,19.0,25,13.0
20/04/2023 10:55,212,110.7,86,23.0,99.25,-150,2200,3,90,0.0,7582,50,-2.5867527000000003,43.169346,212.44823,8.641078776800729,55:42.5,7,7199.512,0101000020E6100000F9D99959ABB104C06738A92AAD954540,20230420_NISSAN_EIBAR_BILBAO_050,,d3,48:07.7,32:43.5,NISSAN_LEAF,Nissan Leaf e+ 62 kW,62000,174,56:36.6,10.5,16.9,290,WNW,-14.931248517853149,-172.0682053087293,209.0,57.0,,,,45.0,163.0,1.0,0.0,190.0,19.0,8,13.0
20/04/2023 10:55,211,100.3,86,23.0,99.25,-152,0,3,90,-0.8,6918,50,-2.5895734,43.168953,211.44936,8.873972323586038,55:50.5,7,7200.473000000001,0101000020E610000073A4DC3672B704C05AEB2B48A0954540,20230420_NISSAN_EIBAR_BILBAO_050,,d3,48:07.7,32:43.5,NISSAN_LEAF,Nissan Leaf e+ 62 kW,62000,174,56:36.6,10.5,16.9,290,WNW,-14.287649446319648,-167.7172899242478,209.0,57.0,,,,45.0,163.0,1.0,0.0,190.0,19.0,120,13.0
20/04/2023 10:55,208,99.2,86,23.500002,99.25,-155,5760,3,90,-0.22,6658,50,-2.5921593,43.16839,208.92969,9.092845834502807,55:58.6,7,7200.41,0101000020E6100000F23AF0F1BDBC04C0C03606B48D954540,20230420_NISSAN_EIBAR_BILBAO_050,,d3,48:07.7,32:43.5,NISSAN_LEAF,Nissan Leaf e+ 62 kW,62000,174,56:36.6,10.5,16.9,290,WNW,-14.843031235947086,-171.43627547761423,209.0,57.0,,,,45.0,163.0,1.0,0.0,190.0,19.0,45,13.0
20/04/2023 10:56,201,103.2,86,23.500002,99.25,-155,16080,3,90,1.52,6861,50,-2.5951343,43.167942,202.52089,9.339290360370146,56:07.6,7,7200.382,0101000020E6100000DCC78BC7D5C204C0E4297B2A7F954540,20230420_NISSAN_EIBAR_BILBAO_050,,d3,48:07.7,32:43.5,NISSAN_LEAF,Nissan Leaf e+ 62 kW,62000,174,56:36.6,10.5,16.9,290,WNW,-15.736327039503111,-178.61379063411624,209.0,57.0,,,,45.0,163.0,1.0,0.0,190.0,19.0,120,14.0
20/04/2023 10:56,199,104.0,86,23.500002,99.25,-155,9160,3,90,0.55,7113,50,-2.5979857,43.167873,199.93265,9.570681292466212,56:15.6,7,7200.359,0101000020E610000081B479C9ACC804C058A266E87C954540,20230420_NISSAN_EIBAR_BILBAO_050,,d3,48:07.7,32:43.5,NISSAN_LEAF,Nissan Leaf e+ 62 kW,62000,174,56:36.6,10.5,16.9,290,WNW,-16.342258831861365,174.7608823916883,209.0,57.0,,,,45.0,163.0,1.0,0.0,190.0,19.0,45,14.0
20/04/2023 10:56,198,96.8,86,23.500002,99.25,-155,7600,3,89,1.84,6681,50,-2.6010720000000003,43.168156,198.21553,9.822956722824035,56:24.7,7,7200.291,0101000020E6100000410119D4FECE04C0D27E1E2686954540,20230420_NISSAN_EIBAR_BILBAO_050,,d3,48:07.7,32:43.5,NISSAN_LEAF,Nissan Leaf e+ 62 kW,62000,174,56:36.6,10.5,16.9,290,WNW,-16.724789094821507,168.25754164178727,209.0,57.0,,,,45.0,163.0,1.0,0.0,190.0,19.0,90,14.0
20/04/2023 10:56,199,102.9,86,23.0,99.25,-155,23680,3,90,3.8,6839,50,-2.603641,43.168690000000005,199.11293,10.039599508510937,56:32.7,7,7200.252,0101000020E61000004B2AB6BC41D404C03148AC9997954540,20230420_NISSAN_EIBAR_BILBAO_050,,d3,48:07.7,32:43.5,NISSAN_LEAF,Nissan Leaf e+ 62 kW,62000,174,56:36.6,10.5,16.9,290,WNW,-16.899999682788692,160.0111011662792,209.0,57.0,,,,45.0,163.0,1.0,0.0,190.0,19.0,45,14.0
20/04/2023 10:56,199,104.6,86,23.0,99.25,-155,6320,3,90,1.2,7049,50,-2.6065001,43.16973,199.92348,10.298707610958584,56:41.8,7,7200.179,0101000020E610000029947CBD1CDA04C0D60C40B9B9954540,20230420_NISSAN_EIBAR_BILBAO_050,,d3,48:07.7,32:43.5,NISSAN_LEAF,Nissan Leaf e+ 62 kW,62000,174,56:36.6,10.5,16.9,290,WNW,-16.478850015257873,147.18204594104162,209.0,57.0,,,,45.0,163.0,1.0,0.0,190.0,19.0,45,15.0
20/04/2023 10:56,193,111.3,86,23.0,99.25,-155,11760,3,90,0.78,7359,50,-2.6089656000000003,43.17132,195.25027,10.565648959177576,56:50.8,7,7200.166,0101000020E610000024A0816F29DF04C0A49E62D3ED954540,20230420_NISSAN_EIBAR_BILBAO_050,,d3,48:07.7,32:43.5,NISSAN_LEAF,Nissan Leaf e+ 62 kW,62000,174,56:36.6,10.5,16.9,290,WNW,-16.790907173998928,153.4863221999963,209.0,57.0,,,,45.0,163.0,1.0,0.0,190.0,19.0,8,15.0
20/04/2023 10:57,192,112.4,86,23.0,99.25,-155,10200,3,90,0.5,7728,50,-2.611822,43.172745,191.91295,10.846317938865035,56:59.9,7,7200.126,0101000020E61000005148D0D402E504C049ACF58F1C964540,20230420_NISSAN_EIBAR_BILBAO_050,,d3,48:07.7,32:43.5,NISSAN_LEAF,Nissan Leaf e+ 62 kW,62000,174,56:36.6,10.5,16.9,290,WNW,-16.888985689069163,162.06869532963077,209.0,57.0,,,,45.0,163.0,1.0,0.0,190.0,19.0,25,15.0
20/04/2023 10:57,197,99.0,86,23.0,99.25,-155,8640,3,90,0.0,7050,50,-2.614526,43.17362,195.89204,11.086243482559844,57:07.9,7,7200.078,0101000020E61000009FCDC6968CEA04C009D7981639964540,20230420_NISSAN_EIBAR_BILBAO_050,,d3,48:07.7,32:43.5,NISSAN_LEAF,Nissan Leaf e+ 62 kW,62000,174,56:36.6,10.5,16.9,290,WNW,-16.703975564510873,151.26485609487432,209.0,57.0,,,,45.0,163.0,1.0,0.0,190.0,19.0,85,15.0
20/04/2023 10:57,202,95.5,86,23.0,99.25,-155,7480,3,90,0.22,6675,50,-2.61697,43.17496,201.28584,11.334253641768624,57:16.9,7,7200.05,0101000020E6100000CA25B9078EEF04C0A4F25B2665964540,20230420_NISSAN_EIBAR_BILBAO_050,,d3,48:07.7,32:43.5,NISSAN_LEAF,Nissan Leaf e+ 62 kW,62000,174,56:36.6,10.5,16.9,290,WNW,-16.65183744440956,150.16905471767825,209.0,57.0,,,,45.0,163.0,1.0,0.0,190.0,19.0,25,15.0
20/04/2023 10:57,205,90.9,86,23.0,99.25,-155,7160,3,90,1.3,6175,50,-2.6192336,43.176258,205.3551,11.567792858017636,57:26.0,7,7199.994000000001,0101000020E6100000B47A77B830F404C08C33889C8F964540,20230420_NISSAN_EIBAR_BILBAO_050,,d3,48:07.7,32:43.5,NISSAN_LEAF,Nissan Leaf e+ 62 kW,62000,174,56:36.6,10.5,16.9,290,WNW,-16.799989131855867,153.7636241413543,209.0,57.0,,,,45.0,163.0,1.0,0.0,190.0,19.0,8,15.0
20/04/2023 10:57,208,98.3,86,23.500002,99.25,-155,5400,3,90,0.0,6578,50,-2.6208,43.17703,207.11417,11.721107583384805,57:35.8,7,7199.241,0101000020E610000030F2620266F704C0E5CA7DE1A8964540,20230420_NISSAN_EIBAR_BILBAO_050,,d3,48:07.7,32:43.5,NISSAN_LEAF,Nissan Leaf e+ 62 kW,62000,174,56:36.6,10.5,16.9,290,WNW,-16.895586174729107,158.69048252291964,209.0,57.0,,,,45.0,163.0,1.0,0.0,190.0,19.0,8,16.0
20/04/2023 10:57,207,95.5,86,23.500002,99.25,-167,8560,3,90,0.56,6235,50,-2.6242096,43.17836,207.8158,12.034652121360985,57:44.1,7,7199.894,0101000020E610000057F2169661FE04C0507B9684D4964540,20230420_NISSAN_EIBAR_BILBAO_050,,d3,48:07.7,32:43.5,NISSAN_LEAF,Nissan Leaf e+ 62 kW,62000,174,56:36.6,10.5,16.9,290,WNW,-16.564382121851303,171.4376861573781,209.0,57.0,,,,45.0,163.0,1.0,0.0,190.0,19.0,8,16.0
20/04/2023 10:57,202,96.8,86,23.500002,99.25,-167,0,3,90,-3.91,6648,50,-2.6274242,43.178844,203.04703,12.30085196571452,57:54.1,7,7199.8640000000005,0101000020E6100000E63309F0F60405C07ABD006BE4964540,20230420_NISSAN_EIBAR_BILBAO_050,,d3,48:07.7,32:43.5,NISSAN_LEAF,Nissan Leaf e+ 62 kW,62000,174,56:36.6,10.5,16.9,290,WNW,-16.210984606439627,176.41706113186996,209.0,57.0,,,,45.0,163.0,1.0,0.0,190.0,19.0,8,16.0
20/04/2023 10:58,194,82.4,86,23.500002,99.25,-207,0,3,90,-0.84,5762,50,-2.6303947,43.17903,194.95891,12.542738300357952,58:03.2,7,7199.804,0101000020E61000005C47675F0C0B05C0FD72A373EA964540,20230420_NISSAN_EIBAR_BILBAO_050,,d3,48:07.7,32:43.5,NISSAN_LEAF,Nissan Leaf e+ 62 kW,62000,174,59:18.6,10.5,16.9,290,WNW,-16.04969803878699,178.25235117641043,209.0,57.0,,,,45.0,163.0,1.0,0.0,190.0,19.0,8,16.0
20/04/2023 10:58,192,99.9,86,23.500002,99.25,-207,22120,3,90,4.0,6410,50,-2.63282,43.179104,193.0809,12.7395757923536,58:11.2,7,7199.778,0101000020E6100000B54E8EDA031005C0F43A62D9EC964540,20230420_NISSAN_EIBAR_BILBAO_050,,d3,48:07.7,32:43.5,NISSAN_LEAF,Nissan Leaf e+ 62 kW,62000,174,59:18.6,10.5,16.9,290,WNW,-15.97522966595338,179.04196589117407,209.0,57.0,,,,45.0,163.0,1.0,0.0,190.0,19.0,90,16.0
20/04/2023 10:58,191,96.1,85,23.500002,99.25,-207,0,3,90,-3.0,6917,50,-2.6359894,43.179157,191.57388,12.996639628389836,58:20.3,7,7199.691,0101000020E61000001605D7AB811605C0C1D96690EE964540,20230420_NISSAN_EIBAR_BILBAO_050,,d3,48:07.7,32:43.5,NISSAN_LEAF,Nissan Leaf e+ 62 kW,62000,174,59:18.6,10.5,16.9,290,WNW,-16.251344006224176,175.92577098868728,209.0,57.0,,,,45.0,163.0,1.0,0.0,190.0,19.0,8,17.0
20/04/2023 10:58,188,73.0,86,23.500002,99.25,-252,0,3,90,-1.48,5225,50,-2.6382778,43.17932,189.34889,13.183091351742341,58:28.3,7,7199.669,0101000020E61000004F27E16C311B05C04446F1F6F3964540,20230420_NISSAN_EIBAR_BILBAO_050,,d3,48:07.7,32:43.5,NISSAN_LEAF,Nissan Leaf e+ 62 kW,62000,174,59:18.6,10.5,16.9,290,WNW,-16.385263009826012,174.17736366404438,209.0,57.0,,,,45.0,163.0,1.0,0.0,190.0,19.0,120,17.0
20/04/2023 10:58,186,59.8,86,23.500002,99.25,-270,0,3,91,-1.34,4287,50,-2.6403077,43.179527,186.49838,13.349311737155242,58:37.4,7,7199.601,0101000020E6100000FC47AFA6591F05C04BFC38BDFA964540,20230420_NISSAN_EIBAR_BILBAO_050,,d3,48:07.7,32:43.5,NISSAN_LEAF,Nissan Leaf e+ 62 kW,62000,174,59:18.6,10.5,16.9,290,WNW,-16.51824453761177,172.20134875465047,209.0,57.0,,,,45.0,163.0,1.0,0.0,190.0,19.0,8,17.0
20/04/2023 10:58,182,30.7,86,23.500002,99.25,-304,0,3,91,-1.77,2716,50,-2.6418118,43.179733,183.09201,13.473450382053267,58:46.4,7,7199.616999999999,0101000020E610000069E0FC446E2205C08761EE7801974540,20230420_NISSAN_EIBAR_BILBAO_050,,d3,48:07.7,32:43.5,NISSAN_LEAF,Nissan Leaf e+ 62 kW,62000,174,59:18.6,10.5,16.9,290,WNW,-16.58581777981675,171.06522383717206,209.0,57.0,,,,45.0,163.0,1.0,0.0,190.0,19.0,45,17.0
20/04/2023 10:58,180,5.5,86,23.500002,99.25,-312,0,3,91,1.34,730,50,-2.6424415,43.179832,181.08145,13.525721168508486,58:55.4,7,7199.558000000001,0101000020E610000033678A63B82305C0D483A3B104974540,20230420_NISSAN_EIBAR_BILBAO_050,,d3,48:07.7,32:43.5,NISSAN_LEAF,Nissan Leaf e+ 62 kW,62000,174,59:18.6,10.5,16.9,290,WNW,-16.89988021650695,160.21572129623098,209.0,57.0,,,,45.0,163.0,1.0,0.0,190.0,19.0,90,17.0
20/04/2023 10:59,179,6.1,86,23.500002,99.25,-312,40,3,91,-1.98,667,50,-2.6426222000000004,43.179897,179.67279,13.542119430296843,59:03.6,7,7200.355,0101000020E61000008FD24317172405C051032FE506974540,20230420_NISSAN_EIBAR_BILBAO_050,,d3,48:07.7,32:43.5,NISSAN_LEAF,Nissan Leaf e+ 62 kW,62000,174,59:18.6,10.5,16.9,290,WNW,-15.88080529128185,180.0,209.0,57.0,,,,45.0,163.0,1.0,0.0,190.0,19.0,90,17.0
20/04/2023 10:59,177,0.0,86,23.500002,99.25,-312,120,3,90,0.0,-9,50,-2.6426983,43.179897,177.91203000000002,13.548536247904542,59:12.5,7,7200.476,0101000020E610000055E339F43E2405C0B123A8E806974540,20230420_NISSAN_EIBAR_BILBAO_050,,d3,48:07.7,32:43.5,NISSAN_LEAF,Nissan Leaf e+ 62 kW,62000,174,59:18.6,10.5,16.9,290,WNW,15.88080529128185,0.0,209.0,57.0,,,,45.0,163.0,1.0,0.0,190.0,19.0,120,17.0
20/04/2023 10:59,177,0.0,86,23.500002,99.25,-312,0,3,90,0.0,0,50,-2.6426983,43.179897,177.91203000000002,13.548536247904542,59:21.6,7,7200.422,0101000020E610000055E339F43E2405C0B123A8E806974540,20230420_NISSAN_EIBAR_BILBAO_050,,d3,48:07.7,32:43.5,NISSAN_LEAF,Nissan Leaf e+ 62 kW,62000,174,59:18.6,10.5,16.9,290,WNW,15.88080529128185,0.0,209.0,57.0,,,,45.0,163.0,1.0,0.0,190.0,19.0,120,17.0
20/04/2023 10:59,177,0.0,86,23.500002,99.25,-312,0,4,90,0.0,0,50,-2.6426983,43.179897,177.91203000000002,13.548536247904542,59:30.6,7,7200.378000000001,0101000020E610000055E339F43E2405C0B123A8E806974540,20230420_NISSAN_EIBAR_BILBAO_050,,d3,48:07.7,32:43.5,NISSAN_LEAF,Nissan Leaf e+ 62 kW,62000,174,59:18.6,10.5,16.9,290,WNW,15.88080529128185,0.0,209.0,57.0,,,,45.0,163.0,1.0,0.0,190.0,19.0,120,17.0
20/04/2023 10:59,177,0.0,86,23.500002,99.25,-312,0,4,89,0.0,0,50,-2.6426983,43.179897,177.91203000000002,13.548536247904542,59:38.7,7,7200.339,0101000020E610000055E339F43E2405C0B123A8E806974540,20230420_NISSAN_EIBAR_BILBAO_050,,d3,48:07.7,32:43.5,NISSAN_LEAF,Nissan Leaf e+ 62 kW,62000,174,59:18.6,10.5,16.9,290,WNW,15.88080529128185,0.0,209.0,57.0,,,,45.0,163.0,1.0,0.0,190.0,19.0,120,17.0
20/04/2023 10:59,177,0.0,86,23.500002,99.25,-312,0,4,89,0.0,0,50,-2.6426983,43.179897,177.91203000000002,13.548536247904542,59:47.7,7,7200.321,0101000020E610000055E339F43E2405C0B123A8E806974540,20230420_NISSAN_EIBAR_BILBAO_050,,d3,48:07.7,32:43.5,NISSAN_LEAF,Nissan Leaf e+ 62 kW,62000,174,59:18.6,10.5,16.9,290,WNW,15.88080529128185,0.0,209.0,57.0,,,,45.0,163.0,1.0,0.0,190.0,19.0,120,17.0
20/04/2023 10:59,177,0.0,86,23.500002,99.25,-312,0,4,88,0.0,0,50,-2.6426983,43.179897,177.91203000000002,13.548536247904542,59:56.7,7,7200.26,0101000020E610000055E339F43E2405C0B123A8E806974540,20230420_NISSAN_EIBAR_BILBAO_050,,d3,48:07.7,32:43.5,NISSAN_LEAF,Nissan Leaf e+ 62 kW,62000,174,59:18.6,10.5,16.9,290,WNW,15.88080529128185,0.0,209.0,57.0,,,,45.0,163.0,1.0,0.0,190.0,19.0,120,17.0
20/04/2023 11:00,177,0.0,86,23.500002,99.25,-312,0,4,88,0.0,0,50,-2.6426983,43.179897,177.91203000000002,13.548536247904542,00:05.8,7,7200.214,0101000020E610000055E339F43E2405C0B123A8E806974540,20230420_NISSAN_EIBAR_BILBAO_050,,d3,48:07.7,32:43.5,NISSAN_LEAF,Nissan Leaf e+ 62 kW,62000,174,59:18.6,10.5,16.9,290,WNW,15.88080529128185,0.0,193.0,58.0,,,,37.0,153.0,3.0,0.0,174.0,19.0,120,17.0
20/04/2023 11:00,177,0.0,86,23.500002,99.25,-312,0,4,87,0.0,0,50,-2.6426983,43.179897,177.91203000000002,13.548536247904542,00:14.8,7,7200.169,0101000020E610000055E339F43E2405C0B123A8E806974540,20230420_NISSAN_EIBAR_BILBAO_050,,d3,48:07.7,32:43.5,NISSAN_LEAF,Nissan Leaf e+ 62 kW,62000,174,59:18.6,10.5,16.9,290,WNW,-16.24915476705596,175.95279807602813,193.0,58.0,,,,37.0,153.0,3.0,0.0,174.0,19.0,120,17.0
20/04/2023 11:00,175,3.2,86,23.500002,99.25,-312,600,4,87,1.44,321,50,-2.6427407000000005,43.1799,176.10764,13.552433268989887,00:23.9,7,7200.129,0101000020E61000003C477248552405C0A14A0FF506974540,20230420_NISSAN_EIBAR_BILBAO_050,,d3,48:07.7,32:43.5,NISSAN_LEAF,Nissan Leaf e+ 62 kW,62000,174,59:18.6,10.5,16.9,290,WNW,-16.297511109446283,144.65497709586057,193.0,58.0,,,,37.0,153.0,3.0,0.0,174.0,19.0,120,17.0
20/04/2023 11:00,174,0.0,86,23.0,99.25,-312,0,4,86,0.0,0,50,-2.6427689,43.17992,174.96553,13.555821273598744,00:31.9,7,7200.089,0101000020E6100000BD00A30E642405C048D3C7A407974540,20230420_NISSAN_EIBAR_BILBAO_050,,d3,48:07.7,32:43.5,NISSAN_LEAF,Nissan Leaf e+ 62 kW,62000,174,01:36.5,10.5,16.9,290,WNW,-12.823572281140564,119.3577535403752,193.0,58.0,,,,37.0,153.0,3.0,0.0,174.0,19.0,120,17.0
20/04/2023 11:00,175,7.8,86,23.0,99.25,-312,2200,4,86,0.17,391,50,-2.6427734,43.179928,175.02896,13.556784848289828,00:41.0,7,7200.034000000001,0101000020E61000008653146B662405C0C7C724EF07974540,20230420_NISSAN_EIBAR_BILBAO_050,,d3,48:07.7,32:43.5,NISSAN_LEAF,Nissan Leaf e+ 62 kW,62000,174,01:36.5,10.5,16.9,290,WNW,-16.308531177606373,175.20320103392558,193.0,58.0,,,,37.0,153.0,3.0,0.0,174.0,19.0,120,17.0
20/04/2023 11:00,175,0.0,86,23.0,99.25,-312,0,4,85,0.0,0,50,-2.6429164000000003,43.17994,175.05693,13.56845645609005,00:50.0,7,7200.012,0101000020E6100000EA32C965B12405C01BA30A3808974540,20230420_NISSAN_EIBAR_BILBAO_050,,d3,48:07.7,32:43.5,NISSAN_LEAF,Nissan Leaf e+ 62 kW,62000,174,01:36.5,10.5,16.9,290,WNW,15.88080529128185,0.0,193.0,58.0,,,,37.0,153.0,3.0,0.0,174.0,19.0,120,17.0
20/04/2023 11:00,175,0.0,86,23.0,99.25,-312,0,4,85,3.78,0,50,-2.6429164000000003,43.17994,175.05693,13.56845645609005,00:59.1,7,7199.938,0101000020E6100000EA32C965B12405C01BA30A3808974540,20230420_NISSAN_EIBAR_BILBAO_050,,d3,48:07.7,32:43.5,NISSAN_LEAF,Nissan Leaf e+ 62 kW,62000,174,01:36.5,10.5,16.9,290,WNW,-16.68749615259053,169.09565134401112,193.0,58.0,,,,37.0,153.0,3.0,0.0,174.0,19.0,120,17.0
20/04/2023 11:01,174,39.5,86,23.0,99.25,-312,15760,3,85,8.16,1829,50,-2.643368,43.180027,174.49373,13.606334591193358,01:08.1,7,7199.927,0101000020E6100000B5C630259E2505C0C78762290B974540,20230420_NISSAN_EIBAR_BILBAO_050,,d3,48:07.7,32:43.5,NISSAN_LEAF,Nissan Leaf e+ 62 kW,62000,174,01:36.5,10.5,16.9,290,WNW,-16.682727810486625,169.1973504633997,193.0,58.0,,,,37.0,153.0,3.0,0.0,174.0,19.0,45,17.0
20/04/2023 11:01,171,78.3,85,23.0,99.25,-312,22720,3,85,3.12,4816,50,-2.6450607999999995,43.18035,172.16066,13.748233843522357,01:17.2,7,7199.846,0101000020E6100000E7FFFAAB152905C0FE61E0CA15974540,20230420_NISSAN_EIBAR_BILBAO_050,,d3,48:07.7,32:43.5,NISSAN_LEAF,Nissan Leaf e+ 62 kW,62000,174,01:36.5,10.5,16.9,290,WNW,-16.782040419305968,166.77351070183656,193.0,58.0,,,,37.0,153.0,3.0,0.0,174.0,19.0,8,17.0
20/04/2023 11:01,177,93.4,85,23.0,99.25,-312,19520,3,86,2.69,6089,50,-2.6477923,43.180992,177.65216,13.980998161669486,01:26.2,7,7199.775,0101000020E61000006F9220CBAD2E05C0E39046B12A974540,20230420_NISSAN_EIBAR_BILBAO_050,,d3,48:07.7,32:43.5,NISSAN_LEAF,Nissan Leaf e+ 62 kW,62000,174,01:36.5,10.5,16.9,290,WNW,-16.859096558571327,163.98714321772582,193.0,58.0,,,,37.0,153.0,3.0,0.0,174.0,19.0,90,18.0
20/04/2023 11:01,177,99.8,85,23.0,99.25,-312,15200,3,86,2.72,6687,50,-2.6502593,43.1817,177.57631999999998,14.195963029215886,01:34.2,7,7199.768,0101000020E6100000000C9F2EBB3305C0AD7BFF0442974540,20230420_NISSAN_EIBAR_BILBAO_050,,d3,48:07.7,32:43.5,NISSAN_LEAF,Nissan Leaf e+ 62 kW,62000,174,01:36.5,10.5,16.9,290,WNW,-16.89925596377231,160.53764165883226,193.0,58.0,,,,37.0,153.0,3.0,0.0,174.0,19.0,25,18.0
20/04/2023 11:01,178,106.7,85,23.0,99.25,-312,22480,3,86,2.91,7142,50,-2.6534004,43.18281,178.06075,14.478979454358296,01:44.3,7,7199.738,0101000020E610000049C37FFB293A05C0BF15585D66974540,20230420_NISSAN_EIBAR_BILBAO_050,,d3,48:07.7,32:43.5,NISSAN_LEAF,Nissan Leaf e+ 62 kW,62000,174,01:36.5,10.5,16.9,290,WNW,-16.89935274852293,159.4985447423849,193.0,58.0,,,,37.0,153.0,3.0,0.0,174.0,19.0,45,18.0
20/04/2023 11:01,178,113.0,85,23.0,99.25,-312,20120,3,87,2.47,7518,50,-2.656369,43.18392,178.71066000000002,14.749474777069093,01:53.3,7,7199.686,0101000020E6100000890A4F563E4005C032D718BB8A974540,20230420_NISSAN_EIBAR_BILBAO_050,,d3,48:07.7,32:43.5,NISSAN_LEAF,Nissan Leaf e+ 62 kW,62000,174,01:36.5,10.5,16.9,290,WNW,-16.88461617518495,162.44489037378622,193.0,58.0,,,,37.0,153.0,3.0,0.0,174.0,19.0,45,18.0
20/04/2023 11:02,178,112.9,85,23.0,99.25,-312,7040,3,87,0.0,7613,50,-2.6595616,43.18493,178.0359,15.031639472667969,02:02.4,7,7199.642,0101000020E61000006E58EB37C84605C0C6FDC1B6AB974540,20230420_NISSAN_EIBAR_BILBAO_050,,d3,48:07.7,32:43.5,NISSAN_LEAF,Nissan Leaf e+ 62 kW,62000,174,01:36.5,10.5,16.9,290,WNW,-16.79092438951792,166.51316327630542,193.0,58.0,,,,37.0,153.0,3.0,0.0,174.0,19.0,40,19.0
20/04/2023 11:02,175,107.8,85,23.0,99.25,-318,8120,3,87,0.81,7263,50,-2.6623385,43.185596,175.93047,15.26865883544286,02:10.4,7,7199.6,0101000020E61000004377F110784C05C0AAE7A4A8C1974540,20230420_NISSAN_EIBAR_BILBAO_050,,d3,48:07.7,32:43.5,NISSAN_LEAF,Nissan Leaf e+ 62 kW,62000,174,01:36.5,10.5,16.9,290,WNW,-16.66152578831411,169.63667041046514,191.0,151.0,,,104.0,,,,30.0,72.0,119.0,8,19.0
20/04/2023 11:02,172,112.4,85,23.0,99.25,-318,2040,3,87,0.95,7464,50,-2.665614,43.186195,172.82388,15.542467263902529,02:19.4,7,7199.554,0101000020E61000008451A4592D5305C0275D3B46D5974540,20230420_NISSAN_EIBAR_BILBAO_050,,d3,48:07.7,32:43.5,NISSAN_LEAF,Nissan Leaf e+ 62 kW,62000,174,01:36.5,10.5,16.9,290,WNW,-16.57249209237655,171.2981941579639,191.0,151.0,,,104.0,,,,30.0,72.0,119.0,8,19.0
20/04/2023 11:02,169,117.9,85,23.0,99.25,-318,14400,3,87,1.66,7871,50,-2.6690311,43.186718,169.33354,15.825570161339863,02:28.5,7,7199.508000000001,0101000020E61000006F312A072D5A05C00174155CE6974540,20230420_NISSAN_EIBAR_BILBAO_050,,d3,48:07.7,32:43.5,NISSAN_LEAF,Nissan Leaf e+ 62 kW,62000,174,01:36.5,10.5,16.9,290,WNW,-16.481288240873514,172.78064069038217,191.0,151.0,,,104.0,,,,30.0,72.0,119.0,8,19.0
20/04/2023 11:02,165,121.7,85,23.0,99.25,-318,18200,3,87,2.05,8216,50,-2.672252,43.187126,165.87703,16.090638728893236,02:36.5,7,7200.474,0101000020E6100000E1E49998C56005C05CA589BCF3974540,20230420_NISSAN_EIBAR_BILBAO_050,,d3,48:07.7,32:43.5,NISSAN_LEAF,Nissan Leaf e+ 62 kW,62000,174,01:36.5,10.5,16.9,290,WNW,-16.410487822087227,173.82387906843786,191.0,151.0,,,104.0,,,,30.0,72.0,119.0,8,19.0
20/04/2023 11:02,165,117.7,84,23.0,99.25,-318,18520,3,88,1.62,8017,50,-2.6754956,43.187477,165.16486,16.35649338825493,02:44.6,7,7200.434,0101000020E610000090F59E486A6705C0E1A8FE32FF974540,20230420_NISSAN_EIBAR_BILBAO_050,,d3,48:07.7,32:43.5,NISSAN_LEAF,Nissan Leaf e+ 62 kW,62000,174,01:36.5,10.5,16.9,290,WNW,-16.36956106681076,174.39310515954358,191.0,151.0,,,104.0,,,,30.0,72.0,119.0,85,18.0
20/04/2023 11:02,166,108.4,84,23.0,99.25,-322,1200,3,88,1.06,7450,50,-2.6790302,43.187824,166.31552,16.645645860431852,02:53.6,7,7200.39,0101000020E61000007CE40354A76E05C034B05AA40A984540,20230420_NISSAN_EIBAR_BILBAO_050,,d3,48:07.7,32:43.5,NISSAN_LEAF,Nissan Leaf e+ 62 kW,62000,174,01:36.5,10.5,16.9,290,WNW,-16.56582264365046,171.41303197474525,191.0,151.0,,,104.0,,,,30.0,72.0,119.0,8,18.0
20/04/2023 11:03,166,110.3,84,23.0,99.25,-322,8480,3,89,0.72,7469,50,-2.6823149,43.18832,166.17621,16.91759913967058,03:02.7,7,7200.295999999999,0101000020E61000005F51208F617505C09CECB7E01A984540,20230420_NISSAN_EIBAR_BILBAO_050,,d3,48:07.7,32:43.5,NISSAN_LEAF,Nissan Leaf e+ 62 kW,62000,174,04:18.7,10.5,16.9,290,WNW,-16.765668537067445,167.22888373666387,191.0,151.0,,,104.0,,,,30.0,72.0,119.0,8,18.0
20/04/2023 11:03,165,109.7,84,23.0,99.25,-322,10560,3,89,1.62,7392,50,-2.6851914,43.188972,165.85603,17.161814365680133,03:10.7,7,7200.308000000001,0101000020E61000000F748594457B05C033E1753F30984540,20230420_NISSAN_EIBAR_BILBAO_050,,d3,48:07.7,32:43.5,NISSAN_LEAF,Nissan Leaf e+ 62 kW,62000,174,04:18.7,10.5,16.9,290,WNW,-16.899834601728415,159.74651041782275,191.0,151.0,,,104.0,,,,30.0,72.0,119.0,8,18.0
20/04/2023 11:03,165,104.0,84,23.0,99.25,-322,12880,3,89,1.86,7132,50,-2.68814,43.19006,165.40753,17.429732465909936,03:19.8,7,7200.246,0101000020E6100000C088A5724F8105C0258328E853984540,20230420_NISSAN_EIBAR_BILBAO_050,,d3,48:07.7,32:43.5,NISSAN_LEAF,Nissan Leaf e+ 62 kW,62000,174,04:18.7,10.5,16.9,290,WNW,-16.287864592549123,144.53187389370072,191.0,151.0,,,104.0,,,,30.0,72.0,119.0,85,17.0
20/04/2023 11:03,164,117.5,84,23.0,99.25,-322,27320,3,89,3.59,7619,50,-2.6904798,43.191727,164.31423999999998,17.6949519373934,03:28.8,7,7200.234,0101000020E610000016B7EF4B1A8605C03A80AA748A984540,20230420_NISSAN_EIBAR_BILBAO_050,,d3,48:07.7,32:43.5,NISSAN_LEAF,Nissan Leaf e+ 62 kW,62000,174,04:18.7,10.5,16.9,290,WNW,-13.297212883498116,121.88907290324056,191.0,151.0,,,104.0,,,,30.0,72.0,119.0,8,17.0
20/04/2023 11:03,163,117.9,84,23.0,99.25,-322,0,3,90,-0.23,7959,50,-2.6919749,43.19413,163.99155,17.988357684709815,03:37.8,7,7200.194,0101000020E61000006BBC82152A8905C060DA503BD9984540,20230420_NISSAN_EIBAR_BILBAO_050,,d3,48:07.7,32:43.5,NISSAN_LEAF,Nissan Leaf e+ 62 kW,62000,174,04:18.7,10.5,16.9,290,WNW,-8.24687314371323,99.20794237258586,191.0,151.0,,,104.0,,,,30.0,72.0,119.0,25,17.0
20/04/2023 11:03,162,114.5,84,23.0,99.25,-325,2760,3,90,1.69,7554,50,-2.6923873,43.196674,163.16412,18.273207345050654,03:46.9,7,7200.116,0101000020E6100000FC3EDB5A028A05C093429E962C994540,20230420_NISSAN_EIBAR_BILBAO_050,,d3,48:07.7,32:43.5,NISSAN_LEAF,Nissan Leaf e+ 62 kW,62000,174,04:18.7,10.5,16.9,290,WNW,-11.843075383744798,114.48911037096848,191.0,151.0,,,104.0,,,,30.0,72.0,119.0,8,17.0
20/04/2023 11:03,158,122.0,84,23.0,99.25,-325,19040,3,90,2.75,8045,50,-2.693506,43.19913,160.01509,18.560981435883793,03:55.9,7,7200.092,0101000020E6100000F89855D54C8C05C0E22300137D994540,20230420_NISSAN_EIBAR_BILBAO_050,,d3,48:07.7,32:43.5,NISSAN_LEAF,Nissan Leaf e+ 62 kW,62000,174,04:18.7,10.5,16.9,290,WNW,-15.860066078724458,139.7954250545636,191.0,151.0,,,104.0,,,,30.0,72.0,119.0,8,17.0
20/04/2023 11:04,155,122.1,84,23.0,99.25,-325,17440,3,91,2.5,8243,50,-2.696174,43.201385,156.25893,18.892124420140544,04:06.0,7,7200.028,0101000020E6100000802A8BA3C39105C0E8E11D0AC7994540,20230420_NISSAN_EIBAR_BILBAO_050,,d3,48:07.7,32:43.5,NISSAN_LEAF,Nissan Leaf e+ 62 kW,62000,174,04:18.7,10.5,16.9,290,WNW,-16.863166199446127,156.21647633401804,191.0,151.0,,,104.0,,,,30.0,72.0,119.0,8,17.0
20/04/2023 11:04,155,116.4,84,23.0,99.25,-325,22440,3,91,1.59,8073,50,-2.6990058,43.202633,155.14423,19.16034702676775,04:14.0,7,7199.999,0101000020E61000005FBEFA5D909705C03FAFFBE2EF994540,20230420_NISSAN_EIBAR_BILBAO_050,,d3,48:07.7,32:43.5,NISSAN_LEAF,Nissan Leaf e+ 62 kW,62000,174,04:18.7,10.5,16.9,290,WNW,-16.80204835546144,153.82822436294015,191.0,151.0,,,104.0,,,,30.0,72.0,119.0,8,16.0
20/04/2023 11:04,157,110.0,84,23.0,99.25,-325,19800,3,92,2.88,7455,50,-2.7018769,43.204044,157.08653,19.44101571431279,04:23.0,7,7199.963000000001,0101000020E6100000F8E6939A719D05C0F0926B231E9A4540,20230420_NISSAN_EIBAR_BILBAO_050,,d3,48:07.7,32:43.5,NISSAN_LEAF,Nissan Leaf e+ 62 kW,62000,174,04:18.7,10.5,16.9,290,WNW,-16.223782755307937,143.73716506672793,191.0,151.0,,,104.0,,,,30.0,72.0,119.0,40,16.0
20/04/2023 11:04,161,114.4,83,23.0,99.25,-325,12200,3,92,0.86,7624,50,-2.7043061,43.205826,160.68701,19.72037480143455,04:32.1,7,7199.899,0101000020E6100000B386414D6BA205C02F456D73589A4540,20230420_NISSAN_EIBAR_BILBAO_050,,d3,48:07.7,32:43.5,NISSAN_LEAF,Nissan Leaf e+ 62 kW,62000,174,04:18.7,10.5,16.9,290,WNW,-15.46816488177766,136.2449572091495,191.0,151.0,,,104.0,,,,30.0,72.0,119.0,8,16.0
20/04/2023 11:04,161,113.0,83,23.0,99.25,-337,880,3,92,1.41,7473,50,-2.7066498,43.20807,161.2973,20.033972452300947,04:41.2,7,7199.816,0101000020E610000034EEF1F837A705C0A7E16A05A29A4540,20230420_NISSAN_EIBAR_BILBAO_050,,d3,48:07.7,32:43.5,NISSAN_LEAF,Nissan Leaf e+ 62 kW,62000,174,04:18.7,10.5,16.9,290,WNW,-16.18069086250117,143.22337396248756,191.0,151.0,,,104.0,,,,30.0,72.0,119.0,25,16.0
20/04/2023 11:04,157,123.5,83,23.0,99.25,-337,13440,3,93,1.31,8187,50,-2.709169,43.209953000000006,157.9847,20.326438584320897,04:50.2,7,7199.75,0101000020E610000083159ACD60AC05C0059453B6DF9A4540,20230420_NISSAN_EIBAR_BILBAO_050,,d3,48:07.7,32:43.5,NISSAN_LEAF,Nissan Leaf e+ 62 kW,62000,174,04:18.7,10.5,16.9,290,WNW,-16.897474993047584,160.9904463924726,191.0,151.0,,,104.0,,,,30.0,72.0,119.0,25,16.0
20/04/2023 11:04,156,118.3,83,23.0,99.25,-337,19640,3,93,2.41,8057,50,-2.7124693,43.211090000000006,156.06932,20.62228848110306,04:59.2,7,7199.755,0101000020E610000099317A2223B305C0F1514601059B4540,20230420_NISSAN_EIBAR_BILBAO_050,,d3,48:07.7,32:43.5,NISSAN_LEAF,Nissan Leaf e+ 62 kW,62000,174,04:18.7,10.5,16.9,290,WNW,-16.29231004061687,175.41151510244643,191.0,151.0,,,104.0,,,,30.0,72.0,119.0,8,15.0
20/04/2023 11:05,154,104.9,83,23.0,99.25,-353,0,3,93,-2.95,7527,50,-2.7156591,43.211346,154.59816,20.8823652156219,05:07.3,7,7199.691,0101000020E61000006ECFAB7DABB905C07677C3670D9B4540,20230420_NISSAN_EIBAR_BILBAO_050,,d3,48:07.7,32:43.5,NISSAN_LEAF,Nissan Leaf e+ 62 kW,62000,174,04:18.7,10.5,16.9,290,WNW,-16.483947744933957,172.73981845535903,191.0,151.0,,,104.0,,,,30.0,72.0,119.0,8,15.0
20/04/2023 11:05,152,107.0,83,23.0,99.25,-377,17080,3,93,3.56,7108,50,-2.7187989,43.211746000000005,152.09271,21.140691929722024,05:16.3,7,7199.651,0101000020E6100000037EA2A919C005C01204C0781A9B4540,20230420_NISSAN_EIBAR_BILBAO_050,,d3,48:07.7,32:43.5,NISSAN_LEAF,Nissan Leaf e+ 62 kW,62000,174,04:18.7,10.5,16.9,290,WNW,-16.898199360380435,159.16360479393646,191.0,151.0,,,104.0,,,,30.0,72.0,119.0,8,15.0
20/04/2023 11:05,150,101.0,83,23.0,99.25,-377,5880,3,94,0.75,6961,50,-2.7213318,43.21271,150.49283,21.372269789300372,05:24.4,7,7199.624,0101000020E6100000250514A949C505C0877FA2113A9B4540,20230420_NISSAN_EIBAR_BILBAO_050,,d3,48:07.7,32:43.5,NISSAN_LEAF,Nissan Leaf e+ 62 kW,62000,174,04:18.7,10.5,16.9,290,WNW,-16.208709230593122,143.55566638891193,191.0,151.0,,,104.0,,,,30.0,72.0,119.0,90,15.0
20/04/2023 11:05,149,96.6,83,23.0,99.25,-377,14280,3,94,0.66,6578,50,-2.7234416,43.214268,149.45483000000002,21.615677022999275,05:33.4,7,7199.59,0101000020E6100000EA7452BC9BC905C08F4D672A6D9B4540,20230420_NISSAN_EIBAR_BILBAO_050,,d3,48:07.7,32:43.5,NISSAN_LEAF,Nissan Leaf e+ 62 kW,62000,174,06:36.6,10.5,16.9,290,WNW,-13.837976424997048,124.96636331160305,191.0,151.0,,,104.0,,,,30.0,72.0,119.0,8,15.0
20/04/2023 11:05,146,95.1,83,23.0,99.25,-377,0,3,93,0.0,6535,50,-2.7248046,43.216217,146.66652,21.858936001073946,05:42.5,7,7199.534000000001,0101000020E6100000B4547F5066CC05C06E8FA9F7AC9B4540,20230420_NISSAN_EIBAR_BILBAO_050,,d3,48:07.7,32:43.5,NISSAN_LEAF,Nissan Leaf e+ 62 kW,62000,174,06:36.6,10.5,16.9,290,WNW,-10.355853723343635,107.79023733018056,191.0,151.0,,,104.0,,,,30.0,72.0,119.0,8,15.0
20/04/2023 11:05,144,90.5,83,23.0,99.25,-377,13360,3,93,4.08,6132,50,-2.7254486,43.218224,144.8432,22.088131975832834,05:51.5,7,7199.496999999999,0101000020E6100000E4556FF3B7CD05C0C6709DBBEE9B4540,20230420_NISSAN_EIBAR_BILBAO_050,,d3,48:07.7,32:43.5,NISSAN_LEAF,Nissan Leaf e+ 62 kW,62000,174,06:36.6,10.5,16.9,290,WNW,-10.80545738353091,109.7453182694808,191.0,151.0,,,104.0,,,,30.0,72.0,119.0,25,15.0
20/04/2023 11:06,145,94.1,83,23.0,99.25,-377,6400,3,93,0.66,6448,50,-2.7260947,43.220024,144.92519,22.295016999029883,05:59.5,7,7200.456,0101000020E61000003B13C4BB0ACF05C0E1A79FB4299C4540,20230420_NISSAN_EIBAR_BILBAO_050,,d3,48:07.7,32:43.5,NISSAN_LEAF,Nissan Leaf e+ 62 kW,62000,174,06:36.6,10.5,16.9,290,WNW,-13.889831989667236,125.27379121075292,191.0,151.0,,,104.0,,,,30.0,72.0,119.0,85,14.0
20/04/2023 11:06,147,92.9,83,23.0,99.25,-377,12560,3,93,0.0,6301,50,-2.7273934,43.22186,147.58405,22.524712326187355,06:08.6,7,7200.416,0101000020E61000001252BAADB3D105C07255A4DD659C4540,20230420_NISSAN_EIBAR_BILBAO_050,,d3,48:07.7,32:43.5,NISSAN_LEAF,Nissan Leaf e+ 62 kW,62000,174,06:36.6,10.5,16.9,290,WNW,-16.283988136817985,144.4826732486132,191.0,151.0,,,104.0,,,,30.0,72.0,119.0,100,14.0
20/04/2023 11:06,149,90.6,83,23.0,99.25,-377,4560,3,93,-0.62,6144,50,-2.7293913,43.223286,149.51755,22.75132443570005,06:17.6,7,7200.366,0101000020E6100000665E8525CBD505C0FA64F99A949C4540,20230420_NISSAN_EIBAR_BILBAO_050,,d3,48:07.7,32:43.5,NISSAN_LEAF,Nissan Leaf e+ 62 kW,62000,174,06:36.6,10.5,16.9,290,WNW,-16.895665388440047,158.7022870057163,191.0,151.0,,,104.0,,,,30.0,72.0,119.0,85,14.0
20/04/2023 11:06,151,88.4,83,23.0,99.25,-377,4720,3,93,0.58,5952,50,-2.731505,43.22411,150.82728999999998,22.945562582984266,06:25.7,7,7200.331,0101000020E6100000493E283B1FDA05C0EBF0F6AFAF9C4540,20230420_NISSAN_EIBAR_BILBAO_050,,d3,48:07.7,32:43.5,NISSAN_LEAF,Nissan Leaf e+ 62 kW,62000,174,06:36.6,10.5,16.9,290,WNW,-16.781253438684253,166.7960947007622,191.0,151.0,,,104.0,,,,30.0,72.0,119.0,40,14.0
20/04/2023 11:06,148,93.7,83,23.0,99.25,-377,6320,3,93,0.92,6266,50,-2.734122,43.224724,149.25652,23.168331385013268,06:34.7,7,7200.265,0101000020E61000000A1754517BDF05C0D4903EBFC39C4540,20230420_NISSAN_EIBAR_BILBAO_050,,d3,48:07.7,32:43.5,NISSAN_LEAF,Nissan Leaf e+ 62 kW,62000,174,06:36.6,10.5,16.9,290,WNW,-16.87251357154045,163.26822775192443,191.0,151.0,,,104.0,,,,30.0,72.0,119.0,8,14.0
20/04/2023 11:06,147,97.0,83,23.0,99.25,-377,22240,3,93,3.39,6547,50,-2.7368364,43.22554,147.25932,23.40625360732954,06:43.8,7,7200.223000000001,0101000020E61000000646A0800AE505C00D107379DE9C4540,20230420_NISSAN_EIBAR_BILBAO_050,,d3,48:07.7,32:43.5,NISSAN_LEAF,Nissan Leaf e+ 62 kW,62000,174,06:36.6,10.5,16.9,290,WNW,-16.887749338048827,162.18172643639252,191.0,151.0,,,104.0,,,,30.0,72.0,119.0,100,14.0
20/04/2023 11:06,149,92.1,83,23.0,99.25,-377,0,3,93,1.77,6377,50,-2.7392476,43.226315,149.11427,23.61978691629631,06:51.8,7,7200.183000000001,0101000020E6100000A21070A7FAE905C0719A40DCF79C4540,20230420_NISSAN_EIBAR_BILBAO_050,,d3,48:07.7,32:43.5,NISSAN_LEAF,Nissan Leaf e+ 62 kW,62000,174,06:36.6,10.5,16.9,290,WNW,-16.573839369800897,171.2748559391696,191.0,151.0,,,104.0,,,,30.0,72.0,119.0,80,14.0
20/04/2023 11:07,150,92.4,82,23.0,99.25,-377,17320,3,93,2.61,6254,50,-2.7419517000000004,43.22673,150.64677,23.843691704391254,07:00.8,7,7200.170999999999,0101000020E6100000630C005984EF05C0BAE7C880059D4540,20230420_NISSAN_EIBAR_BILBAO_050,,d3,48:07.7,32:43.5,NISSAN_LEAF,Nissan Leaf e+ 62 kW,62000,174,06:36.6,10.5,16.9,290,WNW,-16.846875449768902,164.54418226533028,191.0,151.0,,,104.0,,,,30.0,72.0,119.0,100,13.0
20/04/2023 11:07,152,96.5,82,22.5,99.25,-377,10960,3,93,1.67,6488,50,-2.744657,43.227478000000005,152.06747,24.07813393270962,07:09.9,7,7200.111,0101000020E6100000BDDEEFB40EF505C0C5C7A1051E9D4540,20230420_NISSAN_EIBAR_BILBAO_050,,d3,48:07.7,32:43.5,NISSAN_LEAF,Nissan Leaf e+ 62 kW,62000,174,06:36.6,10.5,16.9,290,WNW,-16.807133451560563,153.99071220305797,191.0,151.0,,,104.0,,,,30.0,72.0,119.0,8,13.0
20/04/2023 11:07,152,101.2,82,22.5,99.25,-377,21400,3,93,3.52,6716,50,-2.7471266,43.228683,151.94804,24.318941745832298,07:18.9,7,7200.076,0101000020E61000001E9C0B881DFA05C09FFAB88E459D4540,20230420_NISSAN_EIBAR_BILBAO_050,,d3,48:07.7,32:43.5,NISSAN_LEAF,Nissan Leaf e+ 62 kW,62000,174,06:36.6,10.5,16.9,290,WNW,-16.821002387919265,154.45794823833563,191.0,151.0,,,104.0,,,,30.0,72.0,119.0,120,13.0
20/04/2023 11:07,154,106.8,82,22.5,99.25,-377,19000,3,93,1.77,7208,50,-2.7498093,43.229965,153.79596,24.578874282504106,07:28.0,7,7200.005,0101000020E610000035A54F0C9CFF05C0C7AF8E7A6F9D4540,20230420_NISSAN_EIBAR_BILBAO_050,,d3,48:07.7,32:43.5,NISSAN_LEAF,Nissan Leaf e+ 62 kW,62000,174,06:36.6,10.5,16.9,290,WNW,-16.804764953446373,166.0855079374654,191.0,151.0,,,104.0,,,,30.0,72.0,119.0,120,13.0
20/04/2023 11:07,157,96.0,82,22.5,99.25,-379,13120,3,93,2.73,6490,50,-2.7524128,43.23061,157.13846,24.801688005227753,07:36.0,7,7199.985,0101000020E6100000980C9508F10406C0CA626F96849D4540,20230420_NISSAN_EIBAR_BILBAO_050,,d3,48:07.7,32:43.5,NISSAN_LEAF,Nissan Leaf e+ 62 kW,62000,174,06:36.6,10.5,16.9,290,WNW,-16.352597515471306,174.62267884765896,191.0,151.0,,,104.0,,,,30.0,72.0,119.0,120,13.0
20/04/2023 11:07,158,109.0,82,22.5,99.25,-379,22640,3,93,0.81,7279,50,-2.7554512000000004,43.230896,158.57818999999998,25.049899205195317,07:45.1,7,7199.866999999999,0101000020E6100000869FB10D2A0B06C0CC68920F8E9D4540,20230420_NISSAN_EIBAR_BILBAO_050,,d3,48:07.7,32:43.5,NISSAN_LEAF,Nissan Leaf e+ 62 kW,62000,174,06:36.6,10.5,16.9,290,WNW,-15.826242389493649,-179.4659738021365,243.0,135.0,,0.0,52.0,,,,191.0,202.0,41.0,45,13.0
20/04/2023 11:07,157,106.8,82,22.5,99.25,-379,6600,3,94,0.8,7309,50,-2.7587771,43.230865,158.14189,25.319374636648003,07:54.1,7,7199.904,0101000020E6100000B7B124BCF91106C0C5CCB5038D9D4540,20230420_NISSAN_EIBAR_BILBAO_050,,d3,48:07.7,32:43.5,NISSAN_LEAF,Nissan Leaf e+ 62 kW,62000,174,06:36.6,10.5,16.9,290,WNW,-16.040188028559424,178.35501403719454,191.0,151.0,,,104.0,,,,30.0,72.0,119.0,8,12.0
20/04/2023 11:08,158,101.0,82,22.5,99.25,-379,18000,3,94,2.33,6843,50,-2.7615976000000004,43.230946,158.5811,25.548059653643904,08:02.1,7,7199.865,0101000020E61000001A719586C01706C08B9810AC8F9D4540,20230420_NISSAN_EIBAR_BILBAO_050,,d3,48:07.7,32:43.5,NISSAN_LEAF,Nissan Leaf e+ 62 kW,62000,174,09:18.7,10.5,16.9,290,WNW,-16.325969414253144,174.97610249272353,191.0,151.0,,,104.0,,,,30.0,72.0,119.0,8,12.0
20/04/2023 11:08,159,106.0,82,22.5,99.25,-379,10040,3,94,1.75,7081,50,-2.7651126,43.231255,159.03525,25.834897569865927,08:11.2,7,7199.795,0101000020E610000048F70E61F31E06C053172FC4999D4540,20230420_NISSAN_EIBAR_BILBAO_050,,d3,48:07.7,32:43.5,NISSAN_LEAF,Nissan Leaf e+ 62 kW,62000,174,09:18.7,10.5,16.9,290,WNW,-16.231480668503483,176.16938078324284,243.0,135.0,,0.0,52.0,,,,191.0,202.0,41.0,8,12.0
20/04/2023 11:08,159,106.9,82,22.5,99.25,-379,16320,3,93,1.89,7246,50,-2.7683535,43.231472,159.75249,26.09856947888498,08:20.2,7,7199.753000000001,0101000020E6100000B39FB483962506C05EB5A9D6A09D4540,20230420_NISSAN_EIBAR_BILBAO_050,,d3,48:07.7,32:43.5,NISSAN_LEAF,Nissan Leaf e+ 62 kW,62000,174,09:18.7,10.5,16.9,290,WNW,-15.415346927057607,-175.80427592179973,243.0,135.0,,0.0,52.0,,,,191.0,202.0,41.0,8,12.0
20/04/2023 11:08,160,110.6,82,22.5,99.25,-379,16800,3,93,1.16,7466,50,-2.7713115000000004,43.231255,160.39873,26.33942717650854,08:28.3,7,7199.733,0101000020E61000002AD2076CA52B06C07F93C3CD999D4540,20230420_NISSAN_EIBAR_BILBAO_050,,d3,48:07.7,32:43.5,NISSAN_LEAF,Nissan Leaf e+ 62 kW,62000,174,09:18.7,10.5,16.9,290,WNW,-16.515188891380728,172.250268561298,191.0,151.0,,,104.0,,,,30.0,72.0,119.0,8,11.0
20/04/2023 11:08,159,111.4,82,22.5,99.25,-385,0,3,93,0.61,7479,50,-2.7750223,43.23176,159.09714,26.645262482609613,08:38.3,7,7199.655,0101000020E61000003CFCF4E13E3306C0334D724DAA9D4540,20230420_NISSAN_EIBAR_BILBAO_050,,d3,48:07.7,32:43.5,NISSAN_LEAF,Nissan Leaf e+ 62 kW,62000,174,09:18.7,10.5,16.9,290,WNW,-16.410008475703954,173.83067885252947,191.0,151.0,,,104.0,,,,30.0,72.0,119.0,8,11.0
20/04/2023 11:08,157,101.7,82,22.5,99.25,-385,8080,3,93,1.08,6963,50,-2.7778902000000003,43.23207,157.46331999999998,26.88015475443176,08:46.4,7,7199.629,0101000020E6100000BD64FA7A1E3906C0DF1ADE73B49D4540,20230420_NISSAN_EIBAR_BILBAO_050,,d3,48:07.7,32:43.5,NISSAN_LEAF,Nissan Leaf e+ 62 kW,62000,174,09:18.7,10.5,16.9,290,WNW,-15.32796235505093,-175.091293032983,243.0,135.0,,0.0,52.0,,,,191.0,202.0,41.0,8,11.0
20/04/2023 11:08,157,104.7,82,22.5,99.25,-385,18720,3,93,1.58,7056,50,-2.781034,43.2318,157.02556,27.13661401119718,08:55.4,7,7199.578,0101000020E6100000BFEE83B48E3F06C0E2DAE9A2AB9D4540,20230420_NISSAN_EIBAR_BILBAO_050,,d3,48:07.7,32:43.5,NISSAN_LEAF,Nissan Leaf e+ 62 kW,62000,174,09:18.7,10.5,16.9,290,WNW,-15.532309586671598,-176.7907274714582,243.0,135.0,,0.0,52.0,,,,191.0,202.0,41.0,8,11.0
20/04/2023 11:09,156,89.9,82,22.5,99.25,-400,0,3,93,-1.11,6281,50,-2.7840302,43.231632,156.13817,27.380071924463202,09:04.5,7,7199.528,0101000020E6100000E42F5CA6B14506C0C19ECC1BA69D4540,20230420_NISSAN_EIBAR_BILBAO_050,,d3,48:07.7,32:43.5,NISSAN_LEAF,Nissan Leaf e+ 62 kW,62000,174,09:18.7,10.5,16.9,290,WNW,-15.9030209636334,179.7786109179873,191.0,151.0,,,104.0,,,,30.0,72.0,119.0,85,10.0
20/04/2023 11:09,153,85.4,82,22.5,99.25,-413,3600,3,93,0.09,5826,50,-2.7861006,43.231640000000006,153.9094,27.54782372978446,09:11.5,7,7200.507,0101000020E6100000EC218F2FEF4906C089318664A69D4540,20230420_NISSAN_EIBAR_BILBAO_050,,d3,48:07.7,32:43.5,NISSAN_LEAF,Nissan Leaf e+ 62 kW,62000,174,09:18.7,10.5,16.9,290,WNW,-16.192704898807985,176.63493189447462,191.0,151.0,,,104.0,,,,30.0,72.0,119.0,85,10.0
20/04/2023 11:09,152,87.2,82,22.5,99.25,-413,4360,3,93,-1.38,5981,50,-2.7887537,43.231796,152.6694,27.763468234442957,09:20.5,7,7200.463000000001,0101000020E61000007CE9A41A5E4F06C0B1496D8FAB9D4540,20230420_NISSAN_EIBAR_BILBAO_050,,d3,48:07.7,32:43.5,NISSAN_LEAF,Nissan Leaf e+ 62 kW,62000,174,09:18.7,10.5,16.9,290,WNW,-16.693179877600127,168.9729360789102,191.0,151.0,,,104.0,,,,30.0,72.0,119.0,8,10.0
20/04/2023 11:09,150,79.0,82,22.0,99.25,-438,0,3,93,0.53,5342,50,-2.7912374,43.23228,150.88531,27.971765852854826,09:29.6,7,7200.419,0101000020E61000009789AF37745406C0FB0DEF61BB9D4540,20230420_NISSAN_EIBAR_BILBAO_050,,d3,48:07.7,32:43.5,NISSAN_LEAF,Nissan Leaf e+ 62 kW,62000,174,09:18.7,10.5,16.9,290,WNW,-16.899968616257624,159.88958026254736,243.0,135.0,,0.0,52.0,,,,191.0,202.0,41.0,8,10.0
20/04/2023 11:09,148,82.2,82,22.0,99.25,-438,0,3,93,-1.03,5624,50,-2.7934687,43.233097,148.87508,28.174086795399234,09:38.6,7,7200.368,0101000020E6100000B6470A2F065906C05E608518D69D4540,20230420_NISSAN_EIBAR_BILBAO_050,,d3,48:07.7,32:43.5,NISSAN_LEAF,Nissan Leaf e+ 62 kW,62000,174,09:18.7,10.5,16.9,290,WNW,-16.86259036104374,156.18700547839828,243.0,135.0,,0.0,52.0,,,,191.0,202.0,41.0,120,10.0
20/04/2023 11:09,144,80.0,82,22.0,99.25,-446,3200,3,93,-1.45,5515,50,-2.7955692,43.234024,145.25105,28.373072315730152,09:47.7,7,7200.319,0101000020E6100000486D0653535D06C02C8B8B8DF49D4540,20230420_NISSAN_EIBAR_BILBAO_050,,d3,48:07.7,32:43.5,NISSAN_LEAF,Nissan Leaf e+ 62 kW,62000,174,09:18.7,10.5,16.9,290,WNW,-16.782425023782423,153.23755360869063,243.0,135.0,,0.0,52.0,,,,191.0,202.0,41.0,90,10.0
20/04/2023 11:09,143,81.9,82,22.0,99.25,-449,3560,3,92,0.0,5554,50,-2.7973657000000003,43.23493,143.57998999999998,28.550083851700865,09:55.7,7,7200.284000000001,0101000020E6100000EEC5A339016106C08892A128129E4540,20230420_NISSAN_EIBAR_BILBAO_050,,d3,48:07.7,32:43.5,NISSAN_LEAF,Nissan Leaf e+ 62 kW,62000,174,09:18.7,10.5,16.9,290,WNW,-16.85252702537199,155.70444567436334,,,,,,,,,,,,100,
20/04/2023 11:10,140,75.6,82,22.0,99.25,-456,0,3,92,1.33,5188,50,-2.799448,43.23587,140.77063,28.748549826091395,10:04.8,7,7200.215,0101000020E6100000B370FE07456506C03188B400319E4540,20230420_NISSAN_EIBAR_BILBAO_050,,d3,48:07.7,32:43.5,NISSAN_LEAF,Nissan Leaf e+ 62 kW,62000,174,09:18.7,10.5,16.9,290,WNW,-16.622186092967162,149.59677464406292,191.0,151.0,,,104.0,,,,30.0,72.0,119.0,85,9.0
20/04/2023 11:10,135,73.0,82,22.0,99.25,-456,11680,3,92,3.11,4934,50,-2.801217,43.236908,135.79016,28.93262341854324,10:13.8,7,7200.182,0101000020E6100000D338BA89E46806C0308F45F6529E4540,20230420_NISSAN_EIBAR_BILBAO_050,,d3,48:07.7,32:43.5,NISSAN_LEAF,Nissan Leaf e+ 62 kW,62000,174,09:18.7,10.5,16.9,290,WNW,-12.58360383514014,118.12406188067948,191.0,151.0,,,104.0,,,,30.0,72.0,119.0,80,9.0
20/04/2023 11:10,131,80.2,81,22.0,99.25,-456,8760,3,92,1.0,5319,50,-2.8019717,43.23832,131.9242,29.101157937282732,10:21.8,7,7200.167,0101000020E61000009A66CF23706A06C03885373D819E4540,20230420_NISSAN_EIBAR_BILBAO_050,,d3,48:07.7,32:43.5,NISSAN_LEAF,Nissan Leaf e+ 62 kW,62000,174,09:18.7,10.5,16.9,290,WNW,-4.31206567671395,84.78258109720446,191.0,151.0,,,104.0,,,,30.0,72.0,119.0,60,9.0
20/04/2023 11:10,131,90.7,81,22.0,99.25,-456,13000,3,92,2.44,5983,50,-2.8018014,43.240185,131.09402,29.308996469813472,10:30.9,7,7200.089,0101000020E610000030FCD1E7166A06C084F7DA60BE9E4540,20230420_NISSAN_EIBAR_BILBAO_050,,d3,48:07.7,32:43.5,NISSAN_LEAF,Nissan Leaf e+ 62 kW,62000,174,11:36.6,10.5,16.9,290,WNW,-6.8459130074326895,93.89636667315467,,,,,,,,,,,,100,
20/04/2023 11:10,131,91.7,81,22.0,99.25,-456,9240,3,92,0.33,6064,50,-2.8019383,43.242195,131.5826,29.53277374049881,10:40.0,7,7200.031999999999,0101000020E6100000802622985E6A06C05EB0BA47009F4540,20230420_NISSAN_EIBAR_BILBAO_050,,d3,48:07.7,32:43.5,NISSAN_LEAF,Nissan Leaf e+ 62 kW,62000,174,11:36.6,10.5,16.9,290,WNW,-11.490399505920903,112.83624299858609,,,,,,,,,,,,120,
20/04/2023 11:10,128,81.4,81,22.0,99.25,-456,0,3,92,-1.42,5673,50,-2.8026466,43.243877000000005,128.22743,29.7284342700261,10:48.0,7,7200.015,0101000020E610000088F3FFFBD16B06C00A350561379F4540,20230420_NISSAN_EIBAR_BILBAO_050,,d3,48:07.7,32:43.5,NISSAN_LEAF,Nissan Leaf e+ 62 kW,62000,174,11:36.6,10.5,16.9,290,WNW,-11.556551693518916,113.14284805329449,,,,,,,,,,,,8,
20/04/2023 11:10,130,78.7,81,22.0,99.25,-458,3760,3,92,1.31,5419,50,-2.8033574,43.245540000000005,130.40283,29.92211906344553,10:57.0,7,7199.972,0101000020E610000069CEB8A5466D06C0D7AE8ED36D9F4540,20230420_NISSAN_EIBAR_BILBAO_050,,d3,48:07.7,32:43.5,NISSAN_LEAF,Nissan Leaf e+ 62 kW,62000,174,11:36.6,10.5,16.9,290,WNW,-5.634207855802884,89.47436539354038,243.0,135.0,,0.0,52.0,,,,191.0,202.0,41.0,100,9.0
20/04/2023 11:11,131,82.7,81,22.0,99.25,-458,14440,3,92,2.69,5446,50,-2.8033414,43.247284,131.77742,30.116052217213216,11:06.1,7,7199.91,0101000020E61000008B210F4E3E6D06C09C267AF7A69F4540,20230420_NISSAN_EIBAR_BILBAO_050,,d3,48:07.7,32:43.5,NISSAN_LEAF,Nissan Leaf e+ 62 kW,62000,174,11:36.6,10.5,16.9,290,WNW,-1.495425978402127,75.07655657180196,,,,,,,,,,,,120,
20/04/2023 11:11,133,72.9,81,22.0,99.25,-473,0,3,91,-4.31,5251,50,-2.8028646,43.249073,133.63672,30.318702225826744,11:15.1,7,7199.892,0101000020E61000007AE75635446C06C0E0FC0CACE19F4540,20230420_NISSAN_EIBAR_BILBAO_050,,d3,48:07.7,32:43.5,NISSAN_LEAF,Nissan Leaf e+ 62 kW,62000,174,11:36.6,10.5,16.9,290,WNW,-3.255166600772217,81.10533915876715,,,,,,,,,,,,45,
20/04/2023 11:11,133,37.5,81,22.0,99.25,-533,0,3,92,-1.75,2823,50,-2.8026419,43.250496000000005,133.62503,30.477957302474167,11:24.2,7,7199.81,0101000020E61000008DD1EB76CF6B06C02CD3264D10A04540,20230420_NISSAN_EIBAR_BILBAO_050,,d3,48:07.7,32:43.5,NISSAN_LEAF,Nissan Leaf e+ 62 kW,62000,174,11:36.6,10.5,16.9,290,WNW,16.896686383325957,-21.134625416117647,,,,,,,,,,,,8,
20/04/2023 11:11,132,31.5,81,22.0,99.25,-540,8240,3,92,4.91,2019,50,-2.80199,43.250244,132.80723999999998,30.537735736866377,11:33.2,7,7199.781,0101000020E6100000B348FDBA796A06C0686326F107A04540,20230420_NISSAN_EIBAR_BILBAO_050,,d3,48:07.7,32:43.5,NISSAN_LEAF,Nissan Leaf e+ 62 kW,62000,174,11:36.6,10.5,16.9,290,WNW,-3.742499020809813,-122.79419196269902,,,,,,,,,,,,55,
20/04/2023 11:11,128,50.8,81,22.0,99.25,-540,0,3,92,-3.09,3408,50,-2.8026414,43.249233,128.95885,30.661977538086127,11:42.3,7,7199.726,0101000020E610000030CD2A34CF6B06C04A26AFDFE69F4540,20230420_NISSAN_EIBAR_BILBAO_050,,d3,48:07.7,32:43.5,NISSAN_LEAF,Nissan Leaf e+ 62 kW,62000,174,11:36.6,10.5,16.9,290,WNW,-10.519251986996991,-148.49460521110638,,,,,,,,,,,,45,
20/04/2023 11:11,130,14.4,81,22.0,99.25,-574,0,3,92,4.62,979,50,-2.803356,43.248795,130.17953,30.73762990996113,11:51.3,7,7199.689,0101000020E6100000B1FF41DD456D06C09B612686D89F4540,20230420_NISSAN_EIBAR_BILBAO_050,,d3,48:07.7,32:43.5,NISSAN_LEAF,Nissan Leaf e+ 62 kW,62000,174,11:36.6,10.5,16.9,290,WNW,-11.900236783864862,-154.76140067465673,,,,,,,,,,,,55,
20/04/2023 11:12,134,24.5,81,22.0,99.25,-574,0,3,93,7.38,1479,50,-2.8038418,43.248566,134.1743,30.78466703154348,12:00.4,7,7199.630999999999,0101000020E610000078FB5DA2446E06C061385AF5D09F4540,20230420_NISSAN_EIBAR_BILBAO_050,,d3,48:07.7,32:43.5,NISSAN_LEAF,Nissan Leaf e+ 62 kW,62000,174,11:36.6,10.5,16.9,290,WNW,-6.253125846482685,-131.71607653112792,243.0,135.0,,0.0,52.0,,,,191.0,202.0,41.0,45,9.0
20/04/2023 11:12,132,68.6,81,21.499998,99.25,-574,24800,3,93,1.34,4245,50,-2.804563,43.247757,133.02626,30.891930982627738,12:08.4,7,7199.605,0101000020E61000007FE461CDBE6F06C0F0FA538AB69F4540,20230420_NISSAN_EIBAR_BILBAO_050,,d3,48:07.7,32:43.5,NISSAN_LEAF,Nissan Leaf e+ 62 kW,62000,174,11:36.6,10.5,16.9,290,WNW,-2.811144238992851,-119.57508058476108,243.0,135.0,,0.0,52.0,,,,191.0,202.0,41.0,8,9.0
20/04/2023 11:12,131,67.8,81,21.499998,99.25,-574,10560,3,94,0.0,4603,50,-2.805286,43.246483000000005,131.62312,31.045226079725044,12:16.6,7,7200.428000000001,0101000020E6100000B4103DCA397106C05018BDCF8C9F4540,20230420_NISSAN_EIBAR_BILBAO_050,,d3,48:07.7,32:43.5,NISSAN_LEAF,Nissan Leaf e+ 62 kW,62000,174,11:36.6,10.5,16.9,290,WNW,6.2266726737348,-88.38042608560437,243.0,135.0,,0.0,52.0,,,,191.0,202.0,41.0,8,9.0
20/04/2023 11:12,127,62.8,81,21.499998,99.25,-574,0,3,94,1.66,4255,50,-2.8052452000000003,43.24504,127.82724,31.205759270187496,12:25.5,7,7200.4890000000005,0101000020E6100000D3C80662247106C0385139755D9F4540,20230420_NISSAN_EIBAR_BILBAO_050,,d3,48:07.7,32:43.5,NISSAN_LEAF,Nissan Leaf e+ 62 kW,62000,174,11:36.6,10.5,16.9,290,WNW,10.281763271309856,-72.52693814640077,243.0,135.0,,0.0,52.0,,,,191.0,202.0,41.0,25,9.0
20/04/2023 11:12,123,60.9,81,21.499998,99.25,-574,5920,3,93,-0.64,4541,50,-2.8048193,43.243687,123.57704,31.360168952430115,12:34.5,7,7200.491,0101000020E610000028E56624457006C00A227310319F4540,20230420_NISSAN_EIBAR_BILBAO_050,,d3,48:07.7,32:43.5,NISSAN_LEAF,Nissan Leaf e+ 62 kW,62000,174,11:36.6,10.5,16.9,290,WNW,15.337020201913353,-44.835694650800704,243.0,135.0,,0.0,52.0,,,,191.0,202.0,41.0,100,9.0
20/04/2023 11:12,123,71.4,81,21.499998,99.25,-574,9440,3,93,-1.16,4847,50,-2.8035953,43.24247,123.815544,31.527925690049056,12:43.6,7,7200.448,0101000020E610000004473F68C36D06C02AD36B33099F4540,20230420_NISSAN_EIBAR_BILBAO_050,,d3,48:07.7,32:43.5,NISSAN_LEAF,Nissan Leaf e+ 62 kW,62000,174,11:36.6,10.5,16.9,290,WNW,13.086962671230308,-59.25146289172749,243.0,135.0,,0.0,52.0,,,,191.0,202.0,41.0,120,9.0
20/04/2023 11:12,121,67.5,81,21.499998,99.25,-579,2840,3,93,-0.89,4505,50,-2.80286,43.241234000000006,121.50361,31.677731361326245,12:51.6,7,7200.386,0101000020E6100000D42684E2416C06C003D260CDE09E4540,20230420_NISSAN_EIBAR_BILBAO_050,,d3,48:07.7,32:43.5,NISSAN_LEAF,Nissan Leaf e+ 62 kW,62000,174,11:36.6,10.5,16.9,290,WNW,-0.8132316126928617,-112.75815029884488,243.0,135.0,,0.0,52.0,,,,191.0,202.0,41.0,120,9.0
20/04/2023 11:13,122,65.1,81,21.499998,99.25,-580,3760,3,92,-0.86,4386,50,-2.8034666,43.239788,122.27325,31.845861559055617,13:00.6,7,7200.356,0101000020E6100000889289D87F6D06C045479053B19E4540,20230420_NISSAN_EIBAR_BILBAO_050,,d3,48:07.7,32:43.5,NISSAN_LEAF,Nissan Leaf e+ 62 kW,62000,174,14:18.8,10.5,16.9,290,WNW,6.471705777237013,-87.48401507333854,243.0,135.0,,0.0,52.0,,,,191.0,202.0,41.0,55,9.0
20/04/2023 11:13,122,60.6,81,21.499998,99.25,-581,5920,3,92,-1.25,4433,50,-2.8034046000000004,43.238377,122.07316000000002,32.002838091981644,13:09.7,7,7200.309,0101000020E610000082D115585F6D06C0EE837813839E4540,20230420_NISSAN_EIBAR_BILBAO_050,,d3,48:07.7,32:43.5,NISSAN_LEAF,Nissan Leaf e+ 62 kW,62000,174,14:18.8,10.5,16.9,290,WNW,1.9574811999652333,-103.34865584582796,243.0,135.0,,0.0,52.0,,,,191.0,202.0,41.0,55,9.0
20/04/2023 11:13,119,40.7,81,21.499998,99.25,-604,0,3,92,-7.5,3438,50,-2.8037107000000003,43.237087,119.83589,32.14842420825999,13:18.7,7,7200.261,0101000020E61000005AF375E9FF6D06C0C669ADE8589E4540,20230420_NISSAN_EIBAR_BILBAO_050,,d3,48:07.7,32:43.5,NISSAN_LEAF,Nissan Leaf e+ 62 kW,62000,174,14:18.8,10.5,16.9,290,WNW,-8.68516094474612,-140.9249495193218,243.0,135.0,,0.0,52.0,,,,191.0,202.0,41.0,55,9.0
20/04/2023 11:13,117,45.5,81,21.499998,99.25,-622,9080,3,91,-4.72,3163,50,-2.8045137,43.236435,117.47294,32.24585730707837,13:27.8,7,7200.198,0101000020E610000089BAB4DAA46F06C071267179439E4540,20230420_NISSAN_EIBAR_BILBAO_050,,d3,48:07.7,32:43.5,NISSAN_LEAF,Nissan Leaf e+ 62 kW,62000,174,14:18.8,10.5,16.9,290,WNW,-15.571688642194951,-177.1318680595661,243.0,135.0,,0.0,52.0,,,,191.0,202.0,41.0,8,9.0
20/04/2023 11:13,118,-0.6,81,21.499998,99.25,-658,0,3,92,0.19,259,50,-2.8052123,43.2364,118.02401,32.30258668139248,13:36.8,7,7200.169,0101000020E610000056FEE627137106C0CCF30761429E4540,20230420_NISSAN_EIBAR_BILBAO_050,,d3,48:07.7,32:43.5,NISSAN_LEAF,Nissan Leaf e+ 62 kW,62000,174,14:18.8,10.5,16.9,290,WNW,-15.88080529128185,180.0,243.0,135.0,,0.0,52.0,,,,191.0,202.0,41.0,85,9.0
20/04/2023 11:13,115,-0.3,81,21.499998,99.25,-658,560,3,92,0.0,72,50,-2.8052273,43.2364,116.68493,32.30439491174872,13:44.9,7,7200.125,0101000020E6100000FDFECC021B7106C03D23ED68429E4540,20230420_NISSAN_EIBAR_BILBAO_050,,d3,48:07.7,32:43.5,NISSAN_LEAF,Nissan Leaf e+ 62 kW,62000,174,14:18.8,10.5,16.9,290,WNW,4.641855670714589,54.05788810693621,243.0,135.0,,0.0,52.0,,,,191.0,202.0,41.0,85,9.0
20/04/2023 11:13,114,6.3,81,21.499998,99.25,-658,0,3,92,7.19,18,50,-2.8052244,43.236404,114.68537,32.3064567700792,13:53.9,7,7200.073,0101000020E61000008195987F197106C00ADBA378429E4540,20230420_NISSAN_EIBAR_BILBAO_050,,d3,48:07.7,32:43.5,NISSAN_LEAF,Nissan Leaf e+ 62 kW,62000,174,14:18.8,10.5,16.9,290,WNW,-16.11733321313573,177.50544759187727,243.0,135.0,,0.0,52.0,,,,191.0,202.0,41.0,85,9.0
20/04/2023 11:14,114,43.6,81,21.499998,99.25,-658,15240,3,92,6.7,2424,50,-2.8058212000000005,43.23643,114.64941,32.354889448260764,14:03.0,7,7200.03,0101000020E6100000F27E6054527206C07F299A6E439E4540,20230420_NISSAN_EIBAR_BILBAO_050,,d3,48:07.7,32:43.5,NISSAN_LEAF,Nissan Leaf e+ 62 kW,62000,174,14:18.8,10.5,16.9,290,WNW,-15.767898134139612,-178.90926310369397,243.0,135.0,,0.0,52.0,,,,191.0,202.0,41.0,85,9.0
20/04/2023 11:14,114,57.1,81,21.499998,99.25,-658,9080,3,93,2.88,3817,50,-2.8071868,43.236404,114.81957,32.46555353543697,14:11.0,7,7199.999,0101000020E61000002E5EC46E1E7506C023E1DB85429E4540,20230420_NISSAN_EIBAR_BILBAO_050,,d3,48:07.7,32:43.5,NISSAN_LEAF,Nissan Leaf e+ 62 kW,62000,174,14:18.8,10.5,16.9,290,WNW,-11.490310720266883,-152.83583251514756,243.0,135.0,,0.0,52.0,,,,191.0,202.0,41.0,8,9.0
20/04/2023 11:14,113,69.8,81,21.499998,99.25,-658,11600,3,93,1.56,4894,50,-2.8087926,43.23558,113.76833,32.624671149385286,14:20.1,7,7199.887,0101000020E6100000474E3833687806C0D4C5417A279E4540,20230420_NISSAN_EIBAR_BILBAO_050,,d3,48:07.7,32:43.5,NISSAN_LEAF,Nissan Leaf e+ 62 kW,62000,174,14:18.8,10.5,16.9,290,WNW,-12.198127535484302,-156.20185979797395,,,,,,,,,,,,120,
20/04/2023 11:14,113,74.6,81,21.499998,99.25,-658,5200,3,93,-1.31,5118,50,-2.8107812,43.234703,114.02406,32.812985987243025,14:29.1,7,7199.903,0101000020E610000077EB16DD7A7C06C01B1A4ABF0A9E4540,20230420_NISSAN_EIBAR_BILBAO_050,,d3,48:07.7,32:43.5,NISSAN_LEAF,Nissan Leaf e+ 62 kW,62000,174,14:18.8,10.5,16.9,290,WNW,-12.88946603984682,-159.70194611716357,,,,,,,,,,,,8,
20/04/2023 11:14,115,66.7,81,21.499998,99.25,-665,6920,3,93,2.03,4519,50,-2.8124926,43.23407,114.885544,32.9684758164547,14:37.1,7,7199.88,0101000020E6100000DEA11925FC7F06C04B6AC3F7F59D4540,20230420_NISSAN_EIBAR_BILBAO_050,,d3,48:07.7,32:43.5,NISSAN_LEAF,Nissan Leaf e+ 62 kW,62000,174,14:18.8,10.5,16.9,290,WNW,-12.68421729061903,-158.6376443857463,191.0,151.0,,,104.0,,,,30.0,72.0,119.0,8,8.0
20/04/2023 11:14,114,68.8,81,22.0,99.25,-666,0,3,92,0.47,4712,50,-2.8146095,43.233242,114.74767,33.16312353145585,14:46.2,7,7199.803000000001,0101000020E6100000612011F8518406C022CC8FEFDA9D4540,20230420_NISSAN_EIBAR_BILBAO_050,,d3,48:07.7,32:43.5,NISSAN_LEAF,Nissan Leaf e+ 62 kW,62000,174,14:18.8,10.5,16.9,290,WNW,-12.754248108302264,-158.9982234070577,243.0,135.0,,0.0,52.0,,,,191.0,202.0,41.0,8,8.0
20/04/2023 11:14,114,68.6,81,22.0,99.25,-666,0,3,92,0.0,4736,50,-2.8164902,43.23252,114.7721,33.33534363387453,14:55.2,7,7199.751,0101000020E610000095033E082C8806C0606E2B37C39D4540,20230420_NISSAN_EIBAR_BILBAO_050,,d3,48:07.7,32:43.5,NISSAN_LEAF,Nissan Leaf e+ 62 kW,62000,174,14:18.8,10.5,16.9,290,WNW,-9.396005302128833,-143.77801004521754,243.0,135.0,,0.0,52.0,,,,191.0,202.0,41.0,20,8.0
20/04/2023 11:15,114,62.5,81,22.0,99.25,-666,5400,3,92,0.64,4258,50,-2.817723,43.231617,114.49502,33.47696679943099,15:03.3,7,7199.71,0101000020E6100000F30FAE55B28A06C02739A7ADA59D4540,20230420_NISSAN_EIBAR_BILBAO_050,,d3,48:07.7,32:43.5,NISSAN_LEAF,Nissan Leaf e+ 62 kW,62000,174,14:18.8,10.5,16.9,290,WNW,-6.548306929449737,-132.7974018382636,243.0,135.0,,0.0,52.0,,,,191.0,202.0,41.0,8,8.0
20/04/2023 11:15,116,52.5,81,22.0,99.25,-669,0,3,91,-0.91,3554,50,-2.818698,43.230564,115.977806,33.61821629285969,15:12.3,7,7199.694,0101000020E6100000D5DF3B8CB18C06C076D52F2E839D4540,20230420_NISSAN_EIBAR_BILBAO_050,,d3,48:07.7,32:43.5,NISSAN_LEAF,Nissan Leaf e+ 62 kW,62000,174,14:18.8,10.5,16.9,290,WNW,-16.867629128646378,163.54683364216152,243.0,135.0,,0.0,52.0,,,,191.0,202.0,41.0,85,8.0
20/04/2023 11:15,116,62.1,81,22.0,99.25,-669,8520,3,91,0.94,3988,50,-2.8201845000000003,43.231003,116.825226,33.748167385166525,15:21.4,7,7199.618,0101000020E6100000FB0DAFE5BC8F06C0D0038584919D4540,20230420_NISSAN_EIBAR_BILBAO_050,,d3,48:07.7,32:43.5,NISSAN_LEAF,Nissan Leaf e+ 62 kW,62000,174,14:18.8,10.5,16.9,290,WNW,-16.610294519086114,149.37583040844524,243.0,135.0,,0.0,52.0,,,,191.0,202.0,41.0,40,8.0
20/04/2023 11:15,115,53.7,81,22.0,99.25,-683,0,3,91,-3.61,3972,50,-2.8214295,43.23174,116.105,33.87812946586264,15:29.4,7,7199.592,0101000020E6100000B2C3FF9A499206C086F63296A99D4540,20230420_NISSAN_EIBAR_BILBAO_050,,d3,48:07.7,32:43.5,NISSAN_LEAF,Nissan Leaf e+ 62 kW,62000,174,16:36.6,8.1,13.0,290,WNW,-12.390252160667544,177.61786907900589,243.0,135.0,,0.0,52.0,,,,191.0,202.0,41.0,85,8.0
20/04/2023 11:15,114,16.1,81,22.0,99.25,-733,0,3,91,-4.48,1792,50,-2.8226795,43.231792,114.917786,33.97957059822353,15:38.5,7,7199.536,0101000020E6100000CE73DFF7D89406C0DC74D367AB9D4540,20230420_NISSAN_EIBAR_BILBAO_050,,d3,48:07.7,32:43.5,NISSAN_LEAF,Nissan Leaf e+ 62 kW,62000,174,16:36.6,8.1,13.0,290,WNW,-12.702204105629953,172.2873394581821,,,,,,,,,,,,85,
20/04/2023 11:15,113,0.0,81,22.0,99.25,-742,0,3,91,0.0,0,50,-2.8229084,43.231823,113.818436,33.99846466868254,15:46.5,7,7200.496,0101000020E6100000A54FB104519506C0C589E865AC9D4540,20230420_NISSAN_EIBAR_BILBAO_050,,d3,48:07.7,32:43.5,NISSAN_LEAF,Nissan Leaf e+ 62 kW,62000,174,16:36.6,8.1,13.0,290,WNW,-12.569063112917444,174.79380362367485,,,,,,,,,,,,85,
20/04/2023 11:15,114,19.0,81,22.0,99.25,-742,6760,3,91,3.23,748,50,-2.8229523,43.231827,114.67156,34.00214907610232,15:54.5,7,7200.459,0101000020E610000045C696F1679506C07462F873AC9D4540,20230420_NISSAN_EIBAR_BILBAO_050,,d3,48:07.7,32:43.5,NISSAN_LEAF,Nissan Leaf e+ 62 kW,62000,174,16:36.6,8.1,13.0,290,WNW,-12.51155446805459,175.75590277532285,,,,,,,,,,,,85,
20/04/2023 11:16,115,40.2,81,22.0,99.25,-742,7400,3,91,3.06,2476,50,-2.8237743,43.231888,115.00939,34.06908902601994,16:03.6,7,7200.415,0101000020E6100000047DBA05179706C0B87C2D78AE9D4540,20230420_NISSAN_EIBAR_BILBAO_050,,d3,48:07.7,32:43.5,NISSAN_LEAF,Nissan Leaf e+ 62 kW,62000,174,16:36.6,8.1,13.0,290,WNW,-12.615916471642596,173.96220145120327,,,,,,,,,,,,50,
20/04/2023 11:16,112,57.7,81,22.0,99.25,-742,10680,3,91,3.16,3571,50,-2.825183,43.232037,112.409004,34.184440712636366,16:12.6,7,7200.371999999999,0101000020E6100000F5D7927BF99906C07F3D7D55B39D4540,20230420_NISSAN_EIBAR_BILBAO_050,,d3,48:07.7,32:43.5,NISSAN_LEAF,Nissan Leaf e+ 62 kW,62000,174,16:36.6,8.1,13.0,290,WNW,-12.55700513334346,175.0005212145255,191.0,151.0,,,104.0,,,,30.0,72.0,119.0,50,7.0
20/04/2023 11:16,110,62.2,81,22.0,99.25,-742,4680,3,91,0.3,4162,50,-2.827012,43.232197,110.42827,34.33369441938386,16:21.7,7,7200.325,0101000020E61000009E553081B89D06C0DA4A71ABB89D4540,20230420_NISSAN_EIBAR_BILBAO_050,,d3,48:07.7,32:43.5,NISSAN_LEAF,Nissan Leaf e+ 62 kW,62000,174,16:36.6,8.1,13.0,290,WNW,-10.736390377277722,-165.67742360833546,243.0,135.0,,0.0,52.0,,,,191.0,202.0,41.0,8,7.0
20/04/2023 11:16,109,51.0,81,22.5,99.25,-749,0,3,91,-2.34,3848,50,-2.8286061,43.23179,110.441895,34.47054056707099,16:29.7,7,7200.286999999999,0101000020E61000009DBAA548FCA006C0BDC8D541AB9D4540,20230420_NISSAN_EIBAR_BILBAO_050,,d3,48:07.7,32:43.5,NISSAN_LEAF,Nissan Leaf e+ 62 kW,62000,174,16:36.6,8.1,13.0,290,WNW,-10.169469910380826,-161.4686032781821,243.0,135.0,,0.0,52.0,,,,191.0,202.0,41.0,8,7.0
20/04/2023 11:16,107,25.2,81,22.5,99.25,-781,0,3,91,-2.27,2160,50,-2.8298173,43.231384000000006,107.64906,34.57858973585198,16:38.7,7,7200.259,0101000020E6100000ADE4513277A306C0744C66F39D9D4540,20230420_NISSAN_EIBAR_BILBAO_050,,d3,48:07.7,32:43.5,NISSAN_LEAF,Nissan Leaf e+ 62 kW,62000,174,16:36.6,8.1,13.0,290,WNW,-10.051792559247405,-160.64346047415856,243.0,135.0,,0.0,52.0,,,,191.0,202.0,41.0,8,7.0
20/04/2023 11:16,108,28.7,81,22.5,99.25,-782,3640,3,91,0.88,1871,50,-2.830435,43.231167,107.81677,34.63414704480804,16:46.8,7,7200.209,0101000020E61000009E7CF72ABBA406C0A98DBDDD969D4540,20230420_NISSAN_EIBAR_BILBAO_050,,d3,48:07.7,32:43.5,NISSAN_LEAF,Nissan Leaf e+ 62 kW,62000,174,16:36.6,8.1,13.0,290,WNW,-9.996285508024595,-160.2592485752786,243.0,135.0,,0.0,52.0,,,,191.0,202.0,41.0,8,7.0
20/04/2023 11:16,110,35.8,81,22.5,99.25,-782,5560,3,91,2.19,2292,50,-2.8312905,43.23086,110.06992,34.71144006906815,16:55.8,7,7200.156999999999,0101000020E6100000080D5DAD7BA606C05146A0EB8C9D4540,20230420_NISSAN_EIBAR_BILBAO_050,,d3,48:07.7,32:43.5,NISSAN_LEAF,Nissan Leaf e+ 62 kW,62000,174,16:36.6,8.1,13.0,290,WNW,-9.501819042955104,-156.96266614488815,243.0,135.0,,0.0,52.0,,,,191.0,202.0,41.0,50,7.0
20/04/2023 11:17,110,53.7,81,22.5,99.25,-782,15120,3,91,4.55,3207,50,-2.8323252,43.23042,110.570045,34.808502651921756,17:04.9,7,7200.109,0101000020E61000001459672B9AA806C03CE02E517E9D4540,20230420_NISSAN_EIBAR_BILBAO_050,,d3,48:07.7,32:43.5,NISSAN_LEAF,Nissan Leaf e+ 62 kW,62000,174,16:36.6,8.1,13.0,290,WNW,-7.790535843852379,-146.8177753999934,243.0,135.0,,0.0,52.0,,,,191.0,202.0,41.0,25,7.0
20/04/2023 11:17,110,65.9,81,22.5,99.25,-782,6600,3,91,2.17,4289,50,-2.8336556,43.22955,110.19273,34.95333538156701,17:13.9,7,7200.065,0101000020E6100000923AF2AB53AB06C0A4CE8CEB619D4540,20230420_NISSAN_EIBAR_BILBAO_050,,d3,48:07.7,32:43.5,NISSAN_LEAF,Nissan Leaf e+ 62 kW,62000,174,16:36.6,8.1,13.0,290,WNW,-10.837574128635872,-166.47651812290914,243.0,135.0,,0.0,52.0,,,,191.0,202.0,41.0,25,7.0
20/04/2023 11:17,109,65.8,80,22.5,99.25,-782,3640,3,91,-1.09,4660,50,-2.8355765,43.229088,109.85424,35.11722407478806,17:23.0,7,7200.023,0101000020E61000007FBAD2CF42AF06C030CD26BE529D4540,20230420_NISSAN_EIBAR_BILBAO_050,,d3,48:07.7,32:43.5,NISSAN_LEAF,Nissan Leaf e+ 62 kW,62000,174,16:36.6,8.1,13.0,290,WNW,-10.589924995156244,-164.5487797782027,243.0,135.0,,0.0,52.0,,,,191.0,202.0,41.0,8,7.0
20/04/2023 11:17,110,66.5,80,22.5,99.25,-785,3680,3,91,-1.28,4624,50,-2.837219,43.228634,110.56197,35.25955365319027,17:31.0,7,7199.981,0101000020E6100000B03044E29FB206C01BAAE9DF439D4540,20230420_NISSAN_EIBAR_BILBAO_050,,d3,48:07.7,32:43.5,NISSAN_LEAF,Nissan Leaf e+ 62 kW,62000,174,16:36.6,8.1,13.0,290,WNW,-7.12287448385315,-143.22398242323774,191.0,151.0,,,104.0,,,,30.0,72.0,119.0,8,6.0
20/04/2023 11:17,110,17.0,81,22.5,99.25,-829,0,3,91,-12.61,2808,50,-2.83849,43.227684,110.14539,35.40707707042209,17:40.1,7,7199.909000000001,0101000020E6100000DC3C1E4B3AB506C04F9314BB249D4540,20230420_NISSAN_EIBAR_BILBAO_050,,d3,48:07.7,32:43.5,NISSAN_LEAF,Nissan Leaf e+ 62 kW,62000,174,16:36.6,8.1,13.0,290,WNW,-9.98454756143981,-160.17839702768015,191.0,151.0,,,104.0,,,,30.0,72.0,119.0,25,6.0
20/04/2023 11:17,109,22.4,81,22.5,99.25,-850,6400,3,91,10.2,575,50,-2.8386953,43.22761,109.46652,35.42564704622479,17:49.1,7,7199.884,0101000020E6100000AF0CE6EEA5B506C0E8F3A356229D4540,20230420_NISSAN_EIBAR_BILBAO_050,,d3,48:07.7,32:43.5,NISSAN_LEAF,Nissan Leaf e+ 62 kW,62000,174,16:36.6,8.1,13.0,290,WNW,-8.38699573481964,-150.17718670152348,191.0,151.0,,,104.0,,,,30.0,72.0,119.0,85,6.0
20/04/2023 11:17,107,54.4,80,22.5,99.25,-850,18120,3,92,8.64,3091,50,-2.8395972,43.227093,107.86162,35.51863680556186,17:58.2,7,7199.806,0101000020E6100000576F39C97EB706C0710F0160119D4540,20230420_NISSAN_EIBAR_BILBAO_050,,d3,48:07.7,32:43.5,NISSAN_LEAF,Nissan Leaf e+ 62 kW,62000,174,19:18.8,8.1,13.0,290,WNW,-10.939243901249805,-167.29676735611247,243.0,135.0,,0.0,52.0,,,,191.0,202.0,41.0,25,6.0
20/04/2023 11:18,106,90.4,80,22.5,99.25,-850,20400,3,94,3.72,5715,50,-2.8418286,43.22659,106.723656,35.707886527791885,18:07.2,7,7199.773,0101000020E6100000157E9B9A10BC06C00ADFB5DD009D4540,20230420_NISSAN_EIBAR_BILBAO_050,,d3,48:07.7,32:43.5,NISSAN_LEAF,Nissan Leaf e+ 62 kW,62000,174,19:18.8,8.1,13.0,290,WNW,-11.280252169219324,-170.1938040106137,243.0,135.0,,0.0,52.0,,,,191.0,202.0,41.0,8,6.0
20/04/2023 11:18,107,78.5,80,22.5,99.25,-866,0,3,94,-1.48,5515,50,-2.84449,43.22613,107.94798,35.929506916834406,18:16.3,7,7199.721,0101000020E610000078CBC5F783C106C064706EDFF19C4540,20230420_NISSAN_EIBAR_BILBAO_050,,d3,48:07.7,32:43.5,NISSAN_LEAF,Nissan Leaf e+ 62 kW,62000,174,19:18.8,8.1,13.0,290,WNW,-12.945972559780056,165.22544972482623,243.0,135.0,,0.0,52.0,,,,191.0,202.0,41.0,8,6.0
20/04/2023 11:18,108,71.1,80,22.5,99.25,-866,0,3,95,-1.45,5116,50,-2.8464465,43.226646,108.436226,36.098092490908314,18:24.3,7,7199.713000000001,0101000020E61000003C5456C585C506C00CB54ECF029D4540,20230420_NISSAN_EIBAR_BILBAO_050,,d3,48:07.7,32:43.5,NISSAN_LEAF,Nissan Leaf e+ 62 kW,62000,174,19:18.8,8.1,13.0,290,WNW,-10.550227742444957,124.24823465235596,243.0,135.0,,0.0,52.0,,,,191.0,202.0,41.0,8,6.0
20/04/2023 11:18,107,56.5,80,22.5,99.25,-894,0,3,95,-1.22,3914,50,-2.8472989,43.227898,108.22057,36.2534977668365,18:33.3,7,7199.651,0101000020E6100000CD3F809744C706C0342140CE2B9D4540,20230420_NISSAN_EIBAR_BILBAO_050,,d3,48:07.7,32:43.5,NISSAN_LEAF,Nissan Leaf e+ 62 kW,62000,174,19:18.8,8.1,13.0,290,WNW,-9.49110063165986,116.89349220264508,243.0,135.0,,0.0,52.0,,,,191.0,202.0,41.0,8,6.0
20/04/2023 11:18,105,47.2,80,22.5,99.25,-908,0,3,94,-2.2,3161,50,-2.8478847000000003,43.229053,105.93341,36.390436128550604,18:42.4,7,7199.601,0101000020E61000000DF6A3C677C806C0ABA01D98519D4540,20230420_NISSAN_EIBAR_BILBAO_050,,d3,48:07.7,32:43.5,NISSAN_LEAF,Nissan Leaf e+ 62 kW,62000,174,19:18.8,8.1,13.0,290,WNW,-8.21194972646215,109.17480275977312,243.0,135.0,,0.0,52.0,,,,191.0,202.0,41.0,85,6.0
20/04/2023 11:18,105,25.4,80,22.5,99.25,-925,2480,3,94,1.06,1934,50,-2.8481236,43.22974,105.67146,36.46924139044128,18:51.4,7,7199.571999999999,0101000020E6100000324044FDF4C806C051BDC919689D4540,20230420_NISSAN_EIBAR_BILBAO_050,,d3,48:07.7,32:43.5,NISSAN_LEAF,Nissan Leaf e+ 62 kW,62000,174,19:18.8,8.1,13.0,290,WNW,-11.366333869733577,-170.96617864845177,243.0,135.0,,0.0,52.0,,,,191.0,202.0,41.0,85,6.0
20/04/2023 11:19,103,21.5,80,22.5,99.25,-929,0,3,94,-5.81,1436,50,-2.8487966,43.229633,103.073074,36.52511008162761,19:00.5,7,7199.512,0101000020E6100000984874E455CA06C084F1539E649D4540,20230420_NISSAN_EIBAR_BILBAO_050,,d3,48:07.7,32:43.5,NISSAN_LEAF,Nissan Leaf e+ 62 kW,62000,174,19:18.8,8.1,13.0,290,WNW,-8.080941359613494,-148.43386467362942,243.0,135.0,,0.0,52.0,,,,191.0,202.0,41.0,85,6.0
20/04/2023 11:19,109,14.5,80,22.5,99.25,-934,2800,3,94,4.58,655,50,-2.8489203,43.229557,109.56959,36.53974089513112,19:07.5,7,7200.47,0101000020E6100000BEF501C896CA06C09B54971A629D4540,20230420_NISSAN_EIBAR_BILBAO_050,,d3,48:07.7,32:43.5,NISSAN_LEAF,Nissan Leaf e+ 62 kW,62000,174,19:18.8,8.1,13.0,290,WNW,-11.238366385868426,-169.8244891572883,243.0,135.0,,0.0,52.0,,,,191.0,202.0,41.0,40,6.0
20/04/2023 11:19,111,26.5,80,22.5,99.25,-934,4760,3,94,4.45,1284,50,-2.8493493,43.22948,111.525566,36.575590234027075,19:16.6,7,7200.446999999999,0101000020E6100000A6A4899977CB06C05D0BF8935F9D4540,20230420_NISSAN_EIBAR_BILBAO_050,,d3,48:07.7,32:43.5,NISSAN_LEAF,Nissan Leaf e+ 62 kW,62000,174,19:18.8,8.1,13.0,290,WNW,-11.512564652348868,-172.32321492669388,,,,,,,,,,,,40,
20/04/2023 11:19,111,39.0,80,22.0,99.25,-934,2560,3,94,0.86,2647,50,-2.850336,43.229347,111.28971,36.65688800880819,19:25.6,7,7200.395,0101000020E6100000561964F37CCD06C09E55B8305B9D4540,20230420_NISSAN_EIBAR_BILBAO_050,,d3,48:07.7,32:43.5,NISSAN_LEAF,Nissan Leaf e+ 62 kW,62000,174,19:18.8,8.1,13.0,290,WNW,-11.72438455602461,-174.40573018912008,,,,,,,,,,,,40,
20/04/2023 11:19,111,44.3,80,22.0,99.25,-934,0,3,93,0.58,3045,50,-2.851653,43.229218,111.67208,36.76455015720721,19:34.7,7,7200.337,0101000020E61000004FDDFE8B2FD006C0F2B2210C579D4540,20230420_NISSAN_EIBAR_BILBAO_050,,d3,48:07.7,32:43.5,NISSAN_LEAF,Nissan Leaf e+ 62 kW,62000,174,19:18.8,8.1,13.0,290,WNW,-11.752755346678798,-174.69672271876954,243.0,135.0,,0.0,52.0,,,,191.0,202.0,41.0,40,5.0
20/04/2023 11:19,110,17.2,80,22.0,99.25,-946,0,3,93,7.72,1531,50,-2.8528488,43.229107,110.29208,36.86222530922218,19:43.7,7,7200.285,0101000020E61000006980106EA2D206C023F22C6F539D4540,20230420_NISSAN_EIBAR_BILBAO_050,,d3,48:07.7,32:43.5,NISSAN_LEAF,Nissan Leaf e+ 62 kW,62000,174,19:18.8,8.1,13.0,290,WNW,-11.884943283328411,-176.09610429949188,243.0,135.0,,0.0,52.0,,,,191.0,202.0,41.0,40,5.0
20/04/2023 11:19,109,42.3,80,22.0,99.25,-946,5120,3,93,-1.08,2865,50,-2.8538013,43.229042,110.06133,36.939733954979474,19:52.8,7,7200.241,0101000020E610000046AA8BB495D406C0198B5235519D4540,20230420_NISSAN_EIBAR_BILBAO_050,,d3,48:07.7,32:43.5,NISSAN_LEAF,Nissan Leaf e+ 62 kW,62000,174,19:18.8,8.1,13.0,290,WNW,-12.184847096735153,-179.60229164938656,243.0,135.0,,0.0,52.0,,,,191.0,202.0,41.0,40,5.0
20/04/2023 11:20,109,26.6,80,22.0,99.25,-967,0,3,93,1.58,1746,50,-2.8549538,43.229034000000006,108.98138,37.03311886361293,20:01.8,7,7200.193,0101000020E6100000C0B9F10BF2D606C0E56968FE509D4540,20230420_NISSAN_EIBAR_BILBAO_050,,d3,48:07.7,32:43.5,NISSAN_LEAF,Nissan Leaf e+ 62 kW,62000,174,19:18.8,8.1,13.0,290,WNW,-12.593013590847573,174.37459086610056,243.0,135.0,,0.0,52.0,,,,191.0,202.0,41.0,40,5.0
20/04/2023 11:20,108,44.1,80,22.0,99.25,-967,2240,3,93,3.3,2881,50,-2.8559995,43.229137,108.772545,37.11861128447432,20:10.8,7,7200.161,0101000020E61000001299014016D906C0194A495D549D4540,20230420_NISSAN_EIBAR_BILBAO_050,,d3,48:07.7,32:43.5,NISSAN_LEAF,Nissan Leaf e+ 62 kW,62000,174,19:18.8,8.1,13.0,290,WNW,-12.619507855713374,173.89644774151432,243.0,135.0,,0.0,52.0,,,,191.0,202.0,41.0,8,5.0
20/04/2023 11:20,107,26.2,80,22.0,99.25,-978,0,3,93,-7.03,2403,50,-2.8573368,43.22928,108.02348,37.22812087240909,20:19.9,7,7200.081,0101000020E610000087020850D3DB06C07A5F0102599D4540,20230420_NISSAN_EIBAR_BILBAO_050,,d3,48:07.7,32:43.5,NISSAN_LEAF,Nissan Leaf e+ 62 kW,62000,174,19:18.8,8.1,13.0,290,WNW,-12.549778191122764,175.1230937131968,243.0,135.0,,0.0,52.0,,,,191.0,202.0,41.0,8,5.0
20/04/2023 11:20,107,37.9,80,22.0,99.25,-992,10760,3,93,1.45,2105,50,-2.8579228,43.22933,108.38302,37.275923591584856,20:27.9,7,7200.058000000001,0101000020E6100000DD78289C06DD06C0B1FCB5915A9D4540,20230420_NISSAN_EIBAR_BILBAO_050,,d3,48:07.7,32:43.5,NISSAN_LEAF,Nissan Leaf e+ 62 kW,62000,174,21:36.7,8.1,13.0,290,WNW,-12.547238165109198,175.16594397744117,243.0,135.0,,0.0,52.0,,,,191.0,202.0,41.0,8,5.0
20/04/2023 11:20,105,18.9,80,22.0,99.25,-1004,0,3,93,-0.66,1456,50,-2.8588924,43.229412,105.27577,37.35506762303454,20:37.0,7,7200.012,0101000020E61000004EB8B6F702DF06C08C42625C5D9D4540,20230420_NISSAN_EIBAR_BILBAO_050,,d3,48:07.7,32:43.5,NISSAN_LEAF,Nissan Leaf e+ 62 kW,62000,174,21:36.7,8.1,13.0,290,WNW,-12.596628388526504,174.31027647261791,243.0,135.0,,0.0,52.0,,,,191.0,202.0,41.0,40,5.0
20/04/2023 11:20,106,41.8,80,22.0,99.25,-1004,8360,3,93,2.89,2462,50,-2.8595448,43.229477,106.2204,37.408424317675895,20:45.1,7,7199.939,0101000020E6100000E226A20C59E006C0D734D88E5F9D4540,20230420_NISSAN_EIBAR_BILBAO_050,,d3,48:07.7,32:43.5,NISSAN_LEAF,Nissan Leaf e+ 62 kW,62000,174,21:36.7,8.1,13.0,290,WNW,-12.62091440744295,173.8706122898791,243.0,135.0,,0.0,52.0,,,,191.0,202.0,41.0,8,5.0
20/04/2023 11:20,108,40.9,80,22.0,99.25,-1004,5440,3,93,2.53,2753,50,-2.8607833,43.22961,107.84066,37.50986247676464,20:54.1,7,7199.929,0101000020E61000000C132D68E2E206C0F8F702DC639D4540,20230420_NISSAN_EIBAR_BILBAO_050,,d3,48:07.7,32:43.5,NISSAN_LEAF,Nissan Leaf e+ 62 kW,62000,174,21:36.7,8.1,13.0,290,WNW,-12.876697366103556,167.89761568927614,243.0,135.0,,0.0,52.0,,,,191.0,202.0,41.0,25,5.0
20/04/2023 11:21,107,44.3,80,22.0,99.25,-1004,10440,3,93,3.14,2936,50,-2.8620145,43.229874,106.970985,37.6138454394511,21:03.1,7,7199.866999999999,0101000020E61000007718FCE767E506C02095928C6C9D4540,20230420_NISSAN_EIBAR_BILBAO_050,,d3,48:07.7,32:43.5,NISSAN_LEAF,Nissan Leaf e+ 62 kW,62000,174,21:36.7,8.1,13.0,290,WNW,-12.672217213471631,172.8936477306112,243.0,135.0,,0.0,52.0,,,,191.0,202.0,41.0,25,5.0
20/04/2023 11:21,107,52.6,80,22.0,99.25,-1004,2720,3,93,1.36,3399,50,-2.8634503,43.230053000000005,107.46576,37.731862373862526,21:11.2,7,7199.801,0101000020E610000094E32A9058E806C018380F59729D4540,20230420_NISSAN_EIBAR_BILBAO_050,,d3,48:07.7,32:43.5,NISSAN_LEAF,Nissan Leaf e+ 62 kW,62000,174,21:36.7,8.1,13.0,290,WNW,-12.694231657435514,172.45137028834148,,,,,,,,,,,,25,
20/04/2023 11:21,106,47.7,80,22.0,99.25,-1004,1600,3,93,0.0,3343,50,-2.8651633,43.23028,106.54306,37.872925121741396,21:21.2,7,7199.793000000001,0101000020E6100000B10427C6DAEB06C02A3358E7799D4540,20230420_NISSAN_EIBAR_BILBAO_050,,d3,48:07.7,32:43.5,NISSAN_LEAF,Nissan Leaf e+ 62 kW,62000,174,21:36.7,8.1,13.0,290,WNW,-12.759436701911834,171.0395821594229,243.0,135.0,,0.0,52.0,,,,191.0,202.0,41.0,25,4.0
20/04/2023 11:21,104,35.7,80,22.0,99.25,-1015,0,3,92,-2.55,2631,50,-2.8663682999999995,43.23047,105.14164,37.972820613746144,21:29.2,7,7199.766,0101000020E61000004457AD7A52EE06C0F0FB1505809D4540,20230420_NISSAN_EIBAR_BILBAO_050,,d3,48:07.7,32:43.5,NISSAN_LEAF,Nissan Leaf e+ 62 kW,62000,174,21:36.7,8.1,13.0,290,WNW,-12.957728593478713,155.37824356447476,243.0,135.0,,0.0,52.0,,,,191.0,202.0,41.0,40,4.0
20/04/2023 11:21,106,32.1,80,22.0,99.25,-1025,280,3,92,1.47,2317,50,-2.8672411,43.23087,106.87972,38.056375557995146,21:38.3,7,7199.713000000001,0101000020E610000068252D141CF006C0C2145E268D9D4540,20230420_NISSAN_EIBAR_BILBAO_050,,d3,48:07.7,32:43.5,NISSAN_LEAF,Nissan Leaf e+ 62 kW,62000,174,21:36.7,8.1,13.0,290,WNW,-12.88630676106465,152.4168386395045,243.0,135.0,,0.0,52.0,,,,191.0,202.0,41.0,40,4.0
20/04/2023 11:21,107,41.0,80,22.0,99.25,-1025,6360,3,91,2.09,2558,50,-2.8681312,43.231335,107.76492,38.145113840428216,21:47.3,7,7199.689,0101000020E610000046305EB1EEF106C06DE58B529C9D4540,20230420_NISSAN_EIBAR_BILBAO_050,,d3,48:07.7,32:43.5,NISSAN_LEAF,Nissan Leaf e+ 62 kW,62000,174,21:36.7,8.1,13.0,290,WNW,-12.81454369043952,150.31043198608572,243.0,135.0,,0.0,52.0,,,,191.0,202.0,41.0,40,4.0
20/04/2023 11:21,109,49.2,80,22.0,99.25,-1025,2840,3,91,-1.22,3277,50,-2.8691134,43.231895,109.52395,38.246170694527265,21:55.4,7,7199.647,0101000020E61000004A2069C1F1F306C048CB1DCAAE9D4540,20230420_NISSAN_EIBAR_BILBAO_050,,d3,48:07.7,32:43.5,NISSAN_LEAF,Nissan Leaf e+ 62 kW,62000,174,21:36.7,8.1,13.0,290,WNW,-12.86143749091068,151.62711108926715,243.0,135.0,,0.0,52.0,,,,191.0,202.0,41.0,25,4.0
20/04/2023 11:22,111,38.6,80,22.0,99.25,-1037,0,3,91,-1.55,2817,50,-2.8702447,43.232506,112.10231,38.36028733063895,22:04.4,7,7199.592,0101000020E6100000BDE509EF42F606C0C1BC8FB1C29D4540,20230420_NISSAN_EIBAR_BILBAO_050,,d3,48:07.7,32:43.5,NISSAN_LEAF,Nissan Leaf e+ 62 kW,62000,174,21:36.7,8.1,13.0,290,WNW,-12.455769969033163,143.36265305642738,243.0,135.0,,0.0,52.0,,,,191.0,202.0,41.0,40,4.0
20/04/2023 11:22,112,30.6,80,22.0,99.25,-1045,0,3,90,-1.73,2282,50,-2.8709762000000003,43.23305,112.52605,38.44497016902591,22:13.5,7,7199.531,0101000020E6100000A6005E6DC2F706C085C70299D49D4540,20230420_NISSAN_EIBAR_BILBAO_050,,d3,48:07.7,32:43.5,NISSAN_LEAF,Nissan Leaf e+ 62 kW,62000,174,21:36.7,8.1,13.0,290,WNW,-11.08628973054305,128.51660092712365,243.0,135.0,,0.0,52.0,,,,191.0,202.0,41.0,40,4.0
20/04/2023 11:22,115,25.6,80,22.0,99.25,-1053,5120,3,90,4.83,1373,50,-2.8713264,43.23349,115.07452,38.501584063024715,22:22.5,7,7199.503000000001,0101000020E610000033D380FD79F806C01DB1C50BE39D4540,20230420_NISSAN_EIBAR_BILBAO_050,,d3,48:07.7,32:43.5,NISSAN_LEAF,Nissan Leaf e+ 62 kW,62000,174,21:36.7,8.1,13.0,290,WNW,-10.700406010922904,125.397153308067,243.0,135.0,,0.0,52.0,,,,191.0,202.0,41.0,40,4.0
20/04/2023 11:22,115,30.5,80,22.0,99.25,-1053,0,3,90,-2.97,2248,50,-2.8717492,43.234085,114.918106,38.576085817241996,22:30.5,7,7200.460999999999,0101000020E61000001C03F4A657F906C091F1E983F69D4540,20230420_NISSAN_EIBAR_BILBAO_050,,d3,48:07.7,32:43.5,NISSAN_LEAF,Nissan Leaf e+ 62 kW,62000,174,21:36.7,8.1,13.0,290,WNW,-10.574219580771976,124.4296117009939,243.0,135.0,,0.0,52.0,,,,191.0,202.0,41.0,40,4.0
20/04/2023 11:22,115,6.2,80,22.0,99.25,-1066,0,3,90,-0.17,805,50,-2.8720748,43.23456,115.364235,38.63512537819927,22:39.6,7,7200.419,0101000020E6100000DB95DE5502FA06C02509F1F9059E4540,20230420_NISSAN_EIBAR_BILBAO_050,,d3,48:07.7,32:43.5,NISSAN_LEAF,Nissan Leaf e+ 62 kW,62000,174,21:36.7,8.1,13.0,290,WNW,-11.737074507095858,134.5355043836528,243.0,135.0,,0.0,52.0,,,,191.0,202.0,41.0,40,4.0
20/04/2023 11:22,117,18.0,80,21.499998,99.25,-1066,1240,3,89,-0.55,1267,50,-2.8722155,43.234703,117.41632,38.654796951741986,22:47.6,7,7200.399,0101000020E6100000C3FBD62E4CFA06C0B93A45C30A9E4540,20230420_NISSAN_EIBAR_BILBAO_050,,d3,48:07.7,32:43.5,NISSAN_LEAF,Nissan Leaf e+ 62 kW,62000,174,21:36.7,8.1,13.0,290,WNW,-12.151987231225256,139.19073610735336,243.0,135.0,,0.0,52.0,,,,191.0,202.0,41.0,40,4.0
20/04/2023 11:22,118,24.9,80,21.499998,99.25,-1066,3680,3,89,0.0,1576,50,-2.8726,43.235035,118.811874,38.70311921763529,22:56.7,7,7200.335,0101000020E6100000090C21C115FB06C04D8E189F159E4540,20230420_NISSAN_EIBAR_BILBAO_050,,d3,48:07.7,32:43.5,NISSAN_LEAF,Nissan Leaf e+ 62 kW,62000,174,21:36.7,8.1,13.0,290,WNW,-12.532940838024563,144.59503143365058,243.0,135.0,,0.0,52.0,,,,191.0,202.0,41.0,40,4.0
20/04/2023 11:23,123,19.9,80,21.499998,99.25,-1066,0,3,89,-2.58,1580,50,-2.8731318,43.235413,122.3399,38.76341124669724,23:05.7,7,7200.297,0101000020E61000001F2CDF702CFC06C035DCCAF1219E4540,20230420_NISSAN_EIBAR_BILBAO_050,,d3,48:07.7,32:43.5,NISSAN_LEAF,Nissan Leaf e+ 62 kW,62000,174,24:18.8,8.1,13.0,290,WNW,-12.337407099113676,141.62821119179625,,,,,,,,,,,,40,
20/04/2023 11:23,128,22.9,80,21.499998,99.25,-1066,4120,3,89,2.16,1500,50,-2.873541,43.235737,127.950714,38.81268925279072,23:14.8,7,7200.236999999999,0101000020E610000014E42E1A03FD06C0088A3C942C9E4540,20230420_NISSAN_EIBAR_BILBAO_050,,d3,48:07.7,32:43.5,NISSAN_LEAF,Nissan Leaf e+ 62 kW,62000,174,24:18.8,8.1,13.0,290,WNW,-12.4932011212575,143.94889751868303,,,,,,,,,,,,25,
20/04/2023 11:23,129,19.8,80,21.499998,99.25,-1066,0,3,88,0.12,1714,50,-2.8740864,43.236134,129.30757,38.875160730498784,23:23.8,7,7200.191,0101000020E610000068F410FD20FE06C035E5EC9E399E4540,20230420_NISSAN_EIBAR_BILBAO_050,,d3,48:07.7,32:43.5,NISSAN_LEAF,Nissan Leaf e+ 62 kW,62000,174,24:18.8,8.1,13.0,290,WNW,-12.561338186112726,145.07344097617775,,,,,,,,,,,,8,
20/04/2023 11:23,129,16.0,80,21.499998,99.25,-1070,0,3,88,6.14,883,50,-2.8745332,43.236446,129.60832,38.92529813715539,23:32.8,7,7200.1630000000005,0101000020E610000040A9C43D0BFF06C0B7D46DDE439E4540,20230420_NISSAN_EIBAR_BILBAO_050,,d3,48:07.7,32:43.5,NISSAN_LEAF,Nissan Leaf e+ 62 kW,62000,174,24:18.8,8.1,13.0,290,WNW,-12.202499985765984,139.82670236594294,,,,,,,,,,,,8,
20/04/2023 11:23,133,34.5,80,21.499998,99.25,-1070,7360,3,88,-2.53,2402,50,-2.8750591,43.23689,133.58772,38.99063010224411,23:40.9,7,7200.113,0101000020E61000003385A2081F0007C0C3BE5F69529E4540,20230420_NISSAN_EIBAR_BILBAO_050,,d3,48:07.7,32:43.5,NISSAN_LEAF,Nissan Leaf e+ 62 kW,62000,174,24:18.8,8.1,13.0,290,WNW,-12.468339135804587,143.55724308825538,,,,,,,,,,,,8,
20/04/2023 11:23,134,8.7,80,22.0,99.25,-1082,0,3,88,-0.33,955,50,-2.8756008,43.23729,134.01021,39.05311303216152,23:49.9,7,7200.085,0101000020E61000009DCBB0FD3A0107C0782CEB8E5F9E4540,20230420_NISSAN_EIBAR_BILBAO_050,,d3,48:07.7,32:43.5,NISSAN_LEAF,Nissan Leaf e+ 62 kW,62000,174,24:18.8,8.1,13.0,290,WNW,-12.565821218404118,145.15034208658676,,,,,,,,,,,,8,
20/04/2023 11:23,126,1.7,80,22.0,99.25,-1082,80,3,88,0.0,59,50,-2.8757875,43.23742,129.1235,39.07459739533295,23:59.0,7,7200.025,0101000020E6100000D8CF42DA9C0107C0400803B8639E4540,20230420_NISSAN_EIBAR_BILBAO_050,,d3,48:07.7,32:43.5,NISSAN_LEAF,Nissan Leaf e+ 62 kW,62000,174,24:18.8,8.1,13.0,290,WNW,7.464446524703713,-74.95719925720908,,,,,,,,,,,,8,
20/04/2023 11:24,126,0.0,80,22.0,99.25,-1082,0,3,87,0.0,0,50,-2.8757832000000003,43.237404,126.11032,39.07811390696332,24:08.0,7,7199.98,0101000020E610000013D37BA29A0107C0B5056C30639E4540,20230420_NISSAN_EIBAR_BILBAO_050,,d3,48:07.7,32:43.5,NISSAN_LEAF,Nissan Leaf e+ 62 kW,62000,174,24:18.8,8.1,13.0,290,WNW,12.21600407021681,0.0,,,,,,,,,,,,8,
20/04/2023 11:24,126,0.0,80,22.0,99.25,-1082,0,3,87,0.0,0,50,-2.8757832000000003,43.237404,126.11032,39.07811390696332,24:17.0,7,7199.951,0101000020E610000013D37BA29A0107C0B5056C30639E4540,20230420_NISSAN_EIBAR_BILBAO_050,,d3,48:07.7,32:43.5,NISSAN_LEAF,Nissan Leaf e+ 62 kW,62000,174,24:18.8,8.1,13.0,290,WNW,12.21600407021681,0.0,,,,,,,,,,,,8,
20/04/2023 11:24,126,0.0,80,22.0,99.25,-1082,0,3,87,0.0,0,50,-2.8757832000000003,43.237404,126.11032,39.07811390696332,24:26.1,7,7199.911999999999,0101000020E610000013D37BA29A0107C0B5056C30639E4540,20230420_NISSAN_EIBAR_BILBAO_050,,d3,48:07.7,32:43.5,NISSAN_LEAF,Nissan Leaf e+ 62 kW,62000,174,24:18.8,8.1,13.0,290,WNW,12.21600407021681,0.0,,,,,,,,,,,,8,
20/04/2023 11:24,126,0.0,80,22.0,99.25,-1082,0,3,86,0.0,0,50,-2.8757832000000003,43.237404,126.11032,39.07811390696332,24:35.1,7,7199.851,0101000020E610000013D37BA29A0107C0B5056C30639E4540,20230420_NISSAN_EIBAR_BILBAO_050,,d3,48:07.7,32:43.5,NISSAN_LEAF,Nissan Leaf e+ 62 kW,62000,174,24:18.8,8.1,13.0,290,WNW,12.21600407021681,0.0,,,,,,,,,,,,8,
20/04/2023 11:24,126,0.0,80,22.0,99.25,-1082,0,3,86,0.0,0,50,-2.8757832000000003,43.237404,126.11032,39.07811390696332,24:44.2,7,7199.78,0101000020E610000013D37BA29A0107C0B5056C30639E4540,20230420_NISSAN_EIBAR_BILBAO_050,,d3,48:07.7,32:43.5,NISSAN_LEAF,Nissan Leaf e+ 62 kW,62000,174,24:18.8,8.1,13.0,290,WNW,12.21600407021681,0.0,,,,,,,,,,,,8,
20/04/2023 11:24,126,0.0,80,22.0,99.25,-1082,0,3,85,2.25,0,50,-2.8757832000000003,43.237404,126.11032,39.07811390696332,24:53.2,7,7199.755,0101000020E610000013D37BA29A0107C0B5056C30639E4540,20230420_NISSAN_EIBAR_BILBAO_050,,d3,48:07.7,32:43.5,NISSAN_LEAF,Nissan Leaf e+ 62 kW,62000,174,24:18.8,8.1,13.0,290,WNW,-12.141633530102142,139.06266358071272,,,,,,,,,,,,8,
20/04/2023 11:25,120,17.8,80,22.0,99.25,-1082,1680,3,85,3.22,1122,50,-2.8760207,43.23761,120.8981,39.10847855011397,25:03.3,7,7199.7080000000005,0101000020E61000005D026F2B170207C0516204FE699E4540,20230420_NISSAN_EIBAR_BILBAO_050,,d3,48:07.7,32:43.5,NISSAN_LEAF,Nissan Leaf e+ 62 kW,62000,174,24:18.8,8.1,13.0,290,WNW,-11.88534384550799,136.10046155500186,,,,,,,,,,,,8,
20/04/2023 11:25,117,2.6,80,22.0,99.25,-1082,0,3,85,0.0,34,50,-2.8762462,43.237827,117.90313,39.13889044055588,25:12.3,7,7199.666,0101000020E610000054A9146E8D0207C000F33F27719E4540,20230420_NISSAN_EIBAR_BILBAO_050,,d3,48:07.7,32:43.5,NISSAN_LEAF,Nissan Leaf e+ 62 kW,62000,174,24:18.8,8.1,13.0,290,WNW,12.21600407021681,0.0,,,,,,,,,,,,25,
20/04/2023 11:25,117,0.0,80,22.0,99.25,-1082,0,3,84,0.0,0,50,-2.8762264,43.237827,117.29588,39.14060548962264,25:20.4,7,7199.628000000001,0101000020E61000007BF37609830207C06CE76013719E4540,20230420_NISSAN_EIBAR_BILBAO_050,,d3,48:07.7,32:43.5,NISSAN_LEAF,Nissan Leaf e+ 62 kW,62000,174,24:18.8,8.1,13.0,290,WNW,12.21600407021681,0.0,,,,,,,,,,,,25,
20/04/2023 11:25,117,0.0,80,22.0,99.25,-1082,0,3,84,0.0,0,50,-2.8762264,43.237827,117.29588,39.14060548962264,25:29.4,7,7199.585999999999,0101000020E61000007BF37609830207C06CE76013719E4540,20230420_NISSAN_EIBAR_BILBAO_050,,d3,48:07.7,32:43.5,NISSAN_LEAF,Nissan Leaf e+ 62 kW,62000,174,26:36.7,8.1,13.0,290,WNW,12.21600407021681,0.0,,,,,,,,,,,,25,
20/04/2023 11:25,117,0.0,80,22.0,99.25,-1082,0,3,84,0.0,0,50,-2.8762264,43.237827,117.29588,39.14060548962264,25:38.5,7,7199.541,0101000020E61000007BF37609830207C06CE76013719E4540,20230420_NISSAN_EIBAR_BILBAO_050,,d3,48:07.7,32:43.5,NISSAN_LEAF,Nissan Leaf e+ 62 kW,62000,174,26:36.7,8.1,13.0,290,WNW,12.21600407021681,0.0,,,,,,,,,,,,25,
20/04/2023 11:25,117,0.0,80,22.5,99.25,-1082,0,3,83,0.0,0,50,-2.8762264,43.237827,117.29588,39.14060548962264,25:47.5,7,7199.513000000001,0101000020E61000007BF37609830207C06CE76013719E4540,20230420_NISSAN_EIBAR_BILBAO_050,,d3,48:07.7,32:43.5,NISSAN_LEAF,Nissan Leaf e+ 62 kW,62000,174,26:36.7,8.1,13.0,290,WNW,12.21600407021681,0.0,,,,,,,,,,,,25,
20/04/2023 11:25,117,0.0,80,22.5,99.25,-1082,0,3,83,0.0,0,50,-2.8762264,43.237827,117.29588,39.14060548962264,25:54.5,7,7200.477,0101000020E61000007BF37609830207C06CE76013719E4540,20230420_NISSAN_EIBAR_BILBAO_050,,d3,48:07.7,32:43.5,NISSAN_LEAF,Nissan Leaf e+ 62 kW,62000,174,26:36.7,8.1,13.0,290,WNW,12.21600407021681,0.0,,,,,,,,,,,,25,
20/04/2023 11:26,117,0.0,80,22.5,99.25,-1082,0,3,82,0.0,0,50,-2.8762264,43.237827,117.29588,39.14060548962264,26:03.6,7,7200.436,0101000020E61000007BF37609830207C06CE76013719E4540,20230420_NISSAN_EIBAR_BILBAO_050,,d3,48:07.7,32:43.5,NISSAN_LEAF,Nissan Leaf e+ 62 kW,62000,174,26:36.7,8.1,13.0,290,WNW,12.21600407021681,0.0,,,,,,,,,,,,25,
20/04/2023 11:26,117,0.0,80,22.5,99.25,-1082,0,3,82,0.0,0,50,-2.8762264,43.237827,117.29588,39.14060548962264,26:12.6,7,7200.354,0101000020E61000007BF37609830207C06CE76013719E4540,20230420_NISSAN_EIBAR_BILBAO_050,,d3,48:07.7,32:43.5,NISSAN_LEAF,Nissan Leaf e+ 62 kW,62000,174,26:36.7,8.1,13.0,290,WNW,12.21600407021681,0.0,,,,,,,,,,,,25,
20/04/2023 11:26,117,0.0,80,22.5,99.25,-1082,0,3,82,0.0,0,50,-2.8762264,43.237827,117.29588,39.14060548962264,26:21.7,7,7200.31,0101000020E61000007BF37609830207C06CE76013719E4540,20230420_NISSAN_EIBAR_BILBAO_050,,d3,48:07.7,32:43.5,NISSAN_LEAF,Nissan Leaf e+ 62 kW,62000,174,26:36.7,8.1,13.0,290,WNW,12.21600407021681,0.0,,,,,,,,,,,,25,
20/04/2023 11:26,117,0.0,80,22.5,99.25,-1082,0,3,81,0.0,0,50,-2.8762264,43.237827,117.29588,39.14060548962264,26:30.7,7,7200.3,0101000020E61000007BF37609830207C06CE76013719E4540,20230420_NISSAN_EIBAR_BILBAO_050,,d3,48:07.7,32:43.5,NISSAN_LEAF,Nissan Leaf e+ 62 kW,62000,174,26:36.7,8.1,13.0,290,WNW,12.21600407021681,0.0,,,,,,,,,,,,25,
20/04/2023 11:26,117,0.0,80,23.0,99.25,-1082,0,3,81,0.0,0,50,-2.8762264,43.237827,117.29588,39.14060548962264,26:39.7,7,7200.266,0101000020E61000007BF37609830207C06CE76013719E4540,20230420_NISSAN_EIBAR_BILBAO_050,,d3,48:07.7,32:43.5,NISSAN_LEAF,Nissan Leaf e+ 62 kW,62000,174,26:36.7,8.1,13.0,290,WNW,-12.366075561931284,142.0334164642127,,,,,,,,,,,,25,
20/04/2023 11:26,118,14.3,80,23.0,99.25,-1082,4920,3,81,2.17,679,50,-2.876261,43.237854,118.11123,39.14479289527029,26:48.8,7,7200.19,0101000020E6100000DDE7011B950207C004CD91F3719E4540,20230420_NISSAN_EIBAR_BILBAO_050,,d3,48:07.7,32:43.5,NISSAN_LEAF,Nissan Leaf e+ 62 kW,62000,174,26:36.7,8.1,13.0,290,WNW,-11.55103864130922,-172.6905325297477,,,,,,,,,,,,25,
20/04/2023 11:26,112,0.0,80,23.0,99.25,-1082,40,3,81,1.12,455,50,-2.8766508,43.237804,113.45012,39.177192312416956,26:57.8,7,7200.165,0101000020E6100000604A4371610307C05352705D709E4540,20230420_NISSAN_EIBAR_BILBAO_050,,d3,48:07.7,32:43.5,NISSAN_LEAF,Nissan Leaf e+ 62 kW,62000,174,26:36.7,8.1,13.0,290,WNW,-12.21600407021681,180.0,243.0,135.0,,0.0,52.0,,,,191.0,202.0,41.0,25,3.0
20/04/2023 11:27,109,0.0,80,23.0,99.25,-1082,0,3,81,0.0,0,50,-2.8766596,43.237804,109.56016,39.18114705199544,27:06.9,7,7200.125,0101000020E6100000CE2D0728660307C0536C2F50709E4540,20230420_NISSAN_EIBAR_BILBAO_050,,d3,48:07.7,32:43.5,NISSAN_LEAF,Nissan Leaf e+ 62 kW,62000,174,26:36.7,8.1,13.0,290,WNW,12.21600407021681,0.0,243.0,135.0,,0.0,52.0,,,,191.0,202.0,41.0,25,3.0
20/04/2023 11:27,109,0.0,80,23.0,99.25,-1082,0,3,80,0.0,0,50,-2.8766596,43.237804,109.56016,39.18114705199544,27:14.9,7,7200.085,0101000020E6100000CE2D0728660307C0536C2F50709E4540,20230420_NISSAN_EIBAR_BILBAO_050,,d3,48:07.7,32:43.5,NISSAN_LEAF,Nissan Leaf e+ 62 kW,62000,174,26:36.7,8.1,13.0,290,WNW,12.21600407021681,0.0,243.0,135.0,,0.0,52.0,,,,191.0,202.0,41.0,25,3.0
20/04/2023 11:27,109,0.0,80,23.0,99.25,-1082,0,3,80,0.0,0,50,-2.8766596,43.237804,109.56016,39.18114705199544,27:24.0,7,7200.042,0101000020E6100000CE2D0728660307C0536C2F50709E4540,20230420_NISSAN_EIBAR_BILBAO_050,,d3,48:07.7,32:43.5,NISSAN_LEAF,Nissan Leaf e+ 62 kW,62000,174,26:36.7,8.1,13.0,290,WNW,12.21600407021681,0.0,243.0,135.0,,0.0,52.0,,,,191.0,202.0,41.0,25,3.0
20/04/2023 11:27,109,0.0,80,23.500002,99.25,-1082,0,3,80,0.0,0,50,-2.8766596,43.237804,109.56016,39.18114705199544,20/04/2023 11:27,7,7200.0,0101000020E6100000CE2D0728660307C0536C2F50709E4540,20230420_NISSAN_EIBAR_BILBAO_050,,d3,48:07.7,32:43.5,NISSAN_LEAF,Nissan Leaf e+ 62 kW,62000,174,26:36.7,8.1,13.0,290,WNW,12.21600407021681,0.0,243.0,135.0,,0.0,52.0,,,,191.0,202.0,41.0,25,3.0
20/04/2023 11:27,109,0.0,80,23.500002,99.25,-1082,0,3,80,0.0,0,50,-2.8766596,43.237804,109.56016,39.18114705199544,27:42.0,7,7199.962,0101000020E6100000CE2D0728660307C0536C2F50709E4540,20230420_NISSAN_EIBAR_BILBAO_050,,d3,48:07.7,32:43.5,NISSAN_LEAF,Nissan Leaf e+ 62 kW,62000,174,26:36.7,8.1,13.0,290,WNW,12.21600407021681,0.0,243.0,135.0,,0.0,52.0,,,,191.0,202.0,41.0,25,3.0
20/04/2023 11:27,109,0.0,80,23.500002,99.25,-1082,0,3,79,0.0,0,50,-2.8766596,43.237804,109.56016,39.18114705199544,27:52.1,7,7199.904,0101000020E6100000CE2D0728660307C0536C2F50709E4540,20230420_NISSAN_EIBAR_BILBAO_050,,d3,48:07.7,32:43.5,NISSAN_LEAF,Nissan Leaf e+ 62 kW,62000,174,26:36.7,8.1,13.0,290,WNW,12.21600407021681,0.0,243.0,135.0,,0.0,52.0,,,,191.0,202.0,41.0,25,3.0
20/04/2023 11:28,109,0.0,80,23.500002,99.25,-1082,0,3,79,0.0,0,50,-2.8766596,43.237804,109.56016,39.18114705199544,28:01.2,7,7199.84,0101000020E6100000CE2D0728660307C0536C2F50709E4540,20230420_NISSAN_EIBAR_BILBAO_050,,d3,48:07.7,32:43.5,NISSAN_LEAF,Nissan Leaf e+ 62 kW,62000,174,29:18.9,8.1,13.0,290,WNW,-10.158952837754269,-161.39425481568404,243.0,135.0,,0.0,52.0,,,,191.0,202.0,41.0,25,3.0
20/04/2023 11:28,105,19.7,80,23.500002,99.25,-1082,8080,3,79,3.02,872,50,-2.8767903,43.23776,105.79773,39.19340233198537,28:09.2,7,7199.812,0101000020E6100000D466709DAA0307C07151D9ED6E9E4540,20230420_NISSAN_EIBAR_BILBAO_050,,d3,48:07.7,32:43.5,NISSAN_LEAF,Nissan Leaf e+ 62 kW,62000,174,29:18.9,8.1,13.0,290,WNW,-7.557304889042506,-145.5442228726412,243.0,135.0,,0.0,52.0,,,,191.0,202.0,41.0,8,3.0
20/04/2023 11:28,103,15.5,80,23.999998,99.25,-1082,0,3,79,-0.55,1455,50,-2.8773208,43.237396,102.83483,39.25251082818227,28:18.2,7,7199.783,0101000020E6100000CAA675B9C00407C08ECFB505639E4540,20230420_NISSAN_EIBAR_BILBAO_050,,d3,48:07.7,32:43.5,NISSAN_LEAF,Nissan Leaf e+ 62 kW,62000,174,29:18.9,8.1,13.0,290,WNW,-7.501271411526639,-145.24127869152125,243.0,135.0,,0.0,52.0,,,,191.0,202.0,41.0,25,3.0
20/04/2023 11:28,103,21.3,80,23.999998,99.25,-1082,800,3,80,4.27,1444,50,-2.8775456000000004,43.23724,103.7046,39.27767589195385,28:23.2,7,7199.755999999999,0101000020E610000076FB129D360507C04BCA4DE15D9E4540,20230420_NISSAN_EIBAR_BILBAO_050,,d3,48:07.7,32:43.5,NISSAN_LEAF,Nissan Leaf e+ 62 kW,62000,174,29:18.9,8.1,13.0,290,WNW,-10.192030531686468,-161.62850162675312,243.0,135.0,,0.0,52.0,,,,191.0,202.0,41.0,25,3.0
20/04/2023 11:28,89,26.9,80,23.999998,99.25,-1082,0,3,80,1.08,1988,50,-2.8783586,43.23697,89.77376600000001,39.35138432447165,28:32.3,7,7199.728,0101000020E6100000D8EDA5D5E00607C03F17AEFB549E4540,20230420_NISSAN_EIBAR_BILBAO_050,,d3,48:07.7,32:43.5,NISSAN_LEAF,Nissan Leaf e+ 62 kW,62000,174,29:18.9,8.1,13.0,290,WNW,-6.871933616123548,-141.91160492716693,243.0,135.0,,0.0,52.0,,,,191.0,202.0,41.0,25,3.0
20/04/2023 11:28,91,20.4,80,23.999998,99.25,-1082,4800,3,80,1.72,1366,50,-2.8788664,43.236572,91.003555,39.41181824821698,28:41.3,7,7199.666,0101000020E6100000B0CC3829EB0707C0AB3A69FC479E4540,20230420_NISSAN_EIBAR_BILBAO_050,,d3,48:07.7,32:43.5,NISSAN_LEAF,Nissan Leaf e+ 62 kW,62000,174,29:18.9,8.1,13.0,290,WNW,-3.507218684744768,-125.6515361397202,243.0,135.0,,0.0,52.0,,,,191.0,202.0,41.0,25,3.0
20/04/2023 11:28,91,4.5,80,23.999998,99.25,-1082,40,3,80,0.5,672,50,-2.8791153,43.236225,91.13655,39.45535382829312,28:50.4,7,7199.638000000001,0101000020E6100000D44C2FAA6D0807C01D6E1E953C9E4540,20230420_NISSAN_EIBAR_BILBAO_050,,d3,48:07.7,32:43.5,NISSAN_LEAF,Nissan Leaf e+ 62 kW,62000,174,29:18.9,8.1,13.0,290,WNW,11.563575200257732,-47.18879043710911,243.0,135.0,,0.0,52.0,,,,191.0,202.0,41.0,25,3.0
20/04/2023 11:28,97,0.0,80,23.999998,99.25,-1082,0,3,80,0.0,0,50,-2.8790310000000003,43.236134,96.75428,39.46879199821553,28:59.4,7,7199.596,0101000020E610000055CD935C410807C07757E593399E4540,20230420_NISSAN_EIBAR_BILBAO_050,,d3,48:07.7,32:43.5,NISSAN_LEAF,Nissan Leaf e+ 62 kW,62000,174,29:18.9,8.1,13.0,290,WNW,12.5491209317061,-35.13419304911889,243.0,135.0,,0.0,52.0,,,,191.0,202.0,41.0,25,3.0
20/04/2023 11:29,99,0.0,80,23.999998,99.25,-1082,0,3,80,0.0,0,50,-2.879004,43.236115000000005,99.258446,39.472731346802576,29:08.4,7,7199.556,0101000020E6100000AA562247330807C0240E14F0389E4540,20230420_NISSAN_EIBAR_BILBAO_050,,d3,48:07.7,32:43.5,NISSAN_LEAF,Nissan Leaf e+ 62 kW,62000,174,29:18.9,8.1,13.0,290,WNW,7.575390459218132,-74.357753569406,243.0,135.0,,0.0,52.0,,,,191.0,202.0,41.0,25,3.0
20/04/2023 11:29,99,0.0,80,23.999998,99.25,-1082,0,3,80,0.0,0,50,-2.8790026,43.23611,99.57175,39.473379521011665,29:16.5,7,7200.501,0101000020E6100000F67DE876320807C0A22CA4E2389E4540,20230420_NISSAN_EIBAR_BILBAO_050,,d3,48:07.7,32:43.5,NISSAN_LEAF,Nissan Leaf e+ 62 kW,62000,174,29:18.9,8.1,13.0,290,WNW,12.21600407021681,0.0,243.0,135.0,,0.0,52.0,,,,191.0,202.0,41.0,25,3.0
20/04/2023 11:29,99,0.0,80,23.999998,99.25,-1082,0,3,80,0.0,0,50,-2.879002,43.23611,99.570335,39.47342814737853,29:25.5,7,7200.476,0101000020E6100000FE5C4B4F320807C0088B16E2389E4540,20230420_NISSAN_EIBAR_BILBAO_050,,d3,48:07.7,32:43.5,NISSAN_LEAF,Nissan Leaf e+ 62 kW,62000,174,29:18.9,8.1,13.0,290,WNW,2.345587491161309,-99.60520415799884,243.0,135.0,,0.0,52.0,,,,191.0,202.0,41.0,25,3.0
20/04/2023 11:29,101,0.0,80,23.999998,99.25,-1082,0,3,79,0.0,0,50,-2.8790064,43.236084000000005,101.72798,39.477053165703786,29:33.6,7,7200.441999999999,0101000020E61000003B880A83340807C0179DBC0B389E4540,20230420_NISSAN_EIBAR_BILBAO_050,,d3,48:07.7,32:43.5,NISSAN_LEAF,Nissan Leaf e+ 62 kW,62000,174,29:18.9,8.1,13.0,290,WNW,3.9687856597722826,52.22431567496946,243.0,135.0,,0.0,52.0,,,,191.0,202.0,41.0,25,3.0
20/04/2023 11:29,99,0.0,80,23.999998,99.25,-1082,0,3,79,0.0,0,50,-2.8790033,43.236088,99.719246,39.479125822818176,29:42.6,7,7200.388000000001,0101000020E61000009EB735DB320807C012D95221389E4540,20230420_NISSAN_EIBAR_BILBAO_050,,d3,48:07.7,32:43.5,NISSAN_LEAF,Nissan Leaf e+ 62 kW,62000,174,29:18.9,8.1,13.0,290,WNW,-7.342056629272728,-144.38657025565394,243.0,135.0,,0.0,52.0,,,,191.0,202.0,41.0,25,3.0
20/04/2023 11:29,99,26.0,80,23.500002,99.25,-1082,11640,3,79,2.28,1704,50,-2.879182,43.23596,99.26794,39.499432173649915,29:51.7,7,7200.340999999999,0101000020E61000009D384CA9900807C0596135ED339E4540,20230420_NISSAN_EIBAR_BILBAO_050,,d3,48:07.7,32:43.5,NISSAN_LEAF,Nissan Leaf e+ 62 kW,62000,174,29:18.9,8.1,13.0,290,WNW,-3.3523564972542963,-124.94392503688644,243.0,135.0,,0.0,52.0,,,,191.0,202.0,41.0,25,3.0
20/04/2023 11:30,93,33.1,79,23.500002,99.25,-1082,10720,3,80,1.25,2407,50,-2.8795733,43.2354,95.13487,39.569427711991224,30:00.7,7,7200.298000000001,0101000020E6100000857B6BBA5D0907C06DF69EA3219E4540,20230420_NISSAN_EIBAR_BILBAO_050,,d3,48:07.7,32:43.5,NISSAN_LEAF,Nissan Leaf e+ 62 kW,62000,174,29:18.9,8.1,13.0,290,WNW,4.99758563671766,-87.39166230440503,215.0,137.0,,1.0,42.0,,,,172.0,190.0,25.0,25,3.0
20/04/2023 11:30,97,39.1,79,23.500002,99.25,-1082,9680,3,81,3.28,2727,50,-2.8795323,43.2345,96.248604,39.669564443373076,30:10.7,7,7200.26,0101000020E61000005417EE3C480907C027DE9225049E4540,20230420_NISSAN_EIBAR_BILBAO_050,,d3,48:07.7,32:43.5,NISSAN_LEAF,Nissan Leaf e+ 62 kW,62000,174,29:18.9,8.1,13.0,290,WNW,4.409877151972291,-90.17056025107988,215.0,137.0,,1.0,42.0,,,,172.0,190.0,25.0,25,3.0
20/04/2023 11:30,96,55.6,79,23.500002,99.25,-1082,27640,3,82,8.47,3345,50,-2.879535,43.233593,96.72555,39.77041960678519,30:19.8,7,7200.198,0101000020E61000005670949A490907C00BE47F56E69D4540,20230420_NISSAN_EIBAR_BILBAO_050,,d3,48:07.7,32:43.5,NISSAN_LEAF,Nissan Leaf e+ 62 kW,62000,174,29:18.9,8.1,13.0,290,WNW,3.1495540742392114,-95.97924336487206,215.0,137.0,,1.0,42.0,,,,172.0,190.0,25.0,25,3.0
20/04/2023 11:30,100,65.5,79,23.500002,99.25,-1082,21160,3,83,1.69,4397,50,-2.8796809,43.2322,99.47806,39.9257888550065,30:28.8,7,7200.166,0101000020E610000036EC8024960907C0BA0B16C9B89D4540,20230420_NISSAN_EIBAR_BILBAO_050,,d3,48:07.7,32:43.5,NISSAN_LEAF,Nissan Leaf e+ 62 kW,62000,174,31:36.7,8.1,13.0,290,WNW,9.56349758030526,-62.63752158507288,215.0,137.0,,1.0,42.0,,,,172.0,190.0,25.0,30,3.0
20/04/2023 11:30,109,46.2,79,23.500002,99.25,-1082,520,3,84,-8.05,3659,50,-2.8791049,43.231087,107.91953999999998,40.05832339190855,30:36.9,7,7200.113,0101000020E61000000AB4F625680807C03149EB35949D4540,20230420_NISSAN_EIBAR_BILBAO_050,,d3,48:07.7,32:43.5,NISSAN_LEAF,Nissan Leaf e+ 62 kW,62000,174,31:36.7,8.1,13.0,290,WNW,11.847674075751469,-44.30608820579411,215.0,137.0,,1.0,42.0,,,,172.0,190.0,25.0,30,3.0
20/04/2023 11:30,115,-0.2,79,23.500002,99.25,-1119,0,3,85,0.0,185,50,-2.8786244,43.230618,114.36862,40.12371975089232,30:45.9,7,7200.092,0101000020E61000003B8E91336C0707C0A6D976ED849D4540,20230420_NISSAN_EIBAR_BILBAO_050,,d3,48:07.7,32:43.5,NISSAN_LEAF,Nissan Leaf e+ 62 kW,62000,174,31:36.7,8.1,13.0,290,WNW,-12.621342266214194,173.86274404439797,215.0,137.0,,1.0,42.0,,,,172.0,190.0,25.0,60,3.0
20/04/2023 11:30,117,0.0,79,23.500002,99.25,-1119,0,3,85,11.31,0,50,-2.878643,43.23062,117.73774,40.127417212045714,30:55.0,7,7200.049,0101000020E6100000A52BF603760707C0B3B3A00B859D4540,20230420_NISSAN_EIBAR_BILBAO_050,,d3,48:07.7,32:43.5,NISSAN_LEAF,Nissan Leaf e+ 62 kW,62000,174,31:36.7,8.1,13.0,290,WNW,10.884604943049029,-53.14628341228259,215.0,137.0,,1.0,42.0,,,,172.0,190.0,25.0,60,3.0
20/04/2023 11:31,119,56.6,79,23.0,99.25,-1119,6640,3,86,1.47,3429,50,-2.8781333,43.22994,119.51751000000002,40.21358951414186,31:04.0,7,7199.976,0101000020E6100000A96C1DBE6A0607C0F8E83D976E9D4540,20230420_NISSAN_EIBAR_BILBAO_050,,d3,48:07.7,32:43.5,NISSAN_LEAF,Nissan Leaf e+ 62 kW,62000,174,31:36.7,8.1,13.0,290,WNW,7.106980616171509,-76.85971597956072,215.0,137.0,,1.0,42.0,,,,172.0,190.0,25.0,60,3.0
20/04/2023 11:31,119,44.8,79,23.0,99.25,-1130,0,3,87,-6.5,3707,50,-2.8778632,43.228783,119.663475,40.34408995808034,31:12.0,7,7199.964,0101000020E6100000AA612025DD0507C04247C8C8489D4540,20230420_NISSAN_EIBAR_BILBAO_050,,d3,48:07.7,32:43.5,NISSAN_LEAF,Nissan Leaf e+ 62 kW,62000,174,31:36.7,8.1,13.0,290,WNW,-4.992842560195166,-132.5856949337467,215.0,137.0,,1.0,42.0,,,,172.0,190.0,25.0,30,3.0
20/04/2023 11:31,118,39.3,79,23.0,99.25,-1150,5520,3,87,2.28,2586,50,-2.8784266,43.22817,120.76029,40.42613223136176,31:21.1,7,7199.925,0101000020E6100000464F317B040707C077F4F7AA349D4540,20230420_NISSAN_EIBAR_BILBAO_050,,d3,48:07.7,32:43.5,NISSAN_LEAF,Nissan Leaf e+ 62 kW,62000,174,31:36.7,8.1,13.0,290,WNW,-11.882083291614292,136.06501543460573,215.0,137.0,,1.0,42.0,,,,172.0,190.0,25.0,50,3.0
20/04/2023 11:31,124,3.1,79,23.0,99.25,-1151,40,3,87,-6.92,1086,50,-2.8789663,43.22869,124.113655,40.49870325423445,31:30.2,7,7199.838000000001,0101000020E61000005945A3881F0807C0BA617CCC459D4540,20230420_NISSAN_EIBAR_BILBAO_050,,d3,48:07.7,32:43.5,NISSAN_LEAF,Nissan Leaf e+ 62 kW,62000,174,31:36.7,8.1,13.0,290,WNW,12.78011115250401,-9.44686193634906,215.0,137.0,,1.0,42.0,,,,172.0,190.0,25.0,50,3.0
20/04/2023 11:31,126,11.3,79,23.0,99.25,-1151,1640,3,87,13.88,112,50,-2.8789062000000003,43.22868,126.01075,40.50404602568019,31:39.2,7,7199.775,0101000020E61000009F0679FDFF0707C04D196658459D4540,20230420_NISSAN_EIBAR_BILBAO_050,,d3,48:07.7,32:43.5,NISSAN_LEAF,Nissan Leaf e+ 62 kW,62000,174,31:36.7,8.1,13.0,290,WNW,7.982735352653655,32.116599391431414,215.0,137.0,,1.0,42.0,,,,172.0,190.0,25.0,50,3.0
20/04/2023 11:31,128,40.8,79,23.0,99.25,-1151,15000,3,88,5.73,2622,50,-2.8781893,43.22913,128.04568,40.580737030029546,31:48.3,7,7199.741999999999,0101000020E61000005E2B5A24880607C0147DA020549D4540,20230420_NISSAN_EIBAR_BILBAO_050,,d3,48:07.7,32:43.5,NISSAN_LEAF,Nissan Leaf e+ 62 kW,62000,174,31:36.7,8.1,13.0,290,WNW,11.155489051378932,10.894461588949945,215.0,137.0,,1.0,42.0,,,,172.0,190.0,25.0,25,3.0
20/04/2023 11:31,132,16.8,79,23.0,99.25,-1159,0,3,89,-3.08,1847,50,-2.877119,43.229336,132.17783,40.67052094407956,31:57.3,7,7199.691999999999,0101000020E6100000E735E5FD560407C0865138EA5A9D4540,20230420_NISSAN_EIBAR_BILBAO_050,,d3,48:07.7,32:43.5,NISSAN_LEAF,Nissan Leaf e+ 62 kW,62000,174,31:36.7,8.1,13.0,290,WNW,11.539776760147143,7.417456239073001,215.0,137.0,,1.0,42.0,,,,172.0,190.0,25.0,30,3.0
20/04/2023 11:32,134,17.3,79,23.0,99.25,-1159,40,3,89,-0.7,1498,50,-2.8766274,43.2294,133.71993999999998,40.711009839231764,32:05.3,7,7199.651999999999,0101000020E6100000FC9E184B550307C0138D4DFF5C9D4540,20230420_NISSAN_EIBAR_BILBAO_050,,d3,48:07.7,32:43.5,NISSAN_LEAF,Nissan Leaf e+ 62 kW,62000,174,31:36.7,8.1,13.0,290,WNW,12.462336841661196,-3.464040664225942,215.0,137.0,,1.0,42.0,,,,172.0,190.0,25.0,25,3.0
20/04/2023 11:32,136,13.3,79,23.0,99.25,-1159,480,3,89,-0.42,1090,50,-2.8761318,43.22937,136.10036000000002,40.75137122740586,32:14.4,7,7199.625,0101000020E61000001DC83459510207C04DB680F85B9D4540,20230420_NISSAN_EIBAR_BILBAO_050,,d3,48:07.7,32:43.5,NISSAN_LEAF,Nissan Leaf e+ 62 kW,62000,174,31:36.7,8.1,13.0,290,WNW,6.545930945040874,39.76597210780543,215.0,137.0,,1.0,42.0,,,,172.0,190.0,25.0,30,4.0
20/04/2023 11:32,139,10.2,79,23.0,99.25,-1159,0,3,89,-3.61,845,50,-2.8758470000000003,43.229607,139.20224,40.78653547585066,32:23.4,7,7199.5740000000005,0101000020E610000067D1DF26BC0107C0D95FE7CF639D4540,20230420_NISSAN_EIBAR_BILBAO_050,,d3,48:07.7,32:43.5,NISSAN_LEAF,Nissan Leaf e+ 62 kW,62000,174,31:36.7,8.1,13.0,290,WNW,-2.452864020818858,80.87586833253975,215.0,137.0,,1.0,42.0,,,,172.0,190.0,25.0,8,4.0
20/04/2023 11:32,140,2.3,79,23.0,99.25,-1160,640,3,89,1.81,19,50,-2.8758311,43.229706,140.35332,40.79767850220153,32:32.4,7,7199.551,0101000020E6100000D8AA59BBB30107C0855E7009679D4540,20230420_NISSAN_EIBAR_BILBAO_050,,d3,48:07.7,32:43.5,NISSAN_LEAF,Nissan Leaf e+ 62 kW,62000,174,31:36.7,8.1,13.0,290,WNW,-7.23148311720715,103.7980912703165,215.0,137.0,,1.0,42.0,,,,172.0,190.0,25.0,8,4.0
20/04/2023 11:32,141,13.4,79,23.0,99.25,-1160,3200,3,88,0.0,494,50,-2.8758478,43.229774,142.26468,40.80559408740985,32:39.5,7,7200.502,0101000020E6100000C055F689BC0107C0598F7B45699D4540,20230420_NISSAN_EIBAR_BILBAO_050,,d3,48:07.7,32:43.5,NISSAN_LEAF,Nissan Leaf e+ 62 kW,62000,174,31:36.7,8.1,13.0,290,WNW,,,215.0,137.0,,1.0,42.0,,,,172.0,190.0,25.0,8,4.0
