timestamp_data_utc,elv_spy,speed,soc,amb_temp,soh,regenwh,Motor Pwr(w),Aux Pwr(100w),Motor Temp,Torque Nm,rpm,route_id,longitude,latitude,altitude,cumul_dist,timestamp_gps_utc,car_id,time_diff,point_geom,route_code,route_description,driver,start_timestamp,end_timestamp,car_code,car_description,capacity,ref_consumption,timestamp_weather_utc,wind_mph,wind_kph,wind_degree,wind_dir,Frontal_Wind,Veh_deg,totalVehicles,speedAvg,cars_by_speed_interval_0_80,cars_by_speed_interval_80_100,cars_by_speed_interval_100_120,cars_by_speed_interval_0_50,cars_by_speed_interval_50_80,cars_by_speed_interval_80_120,cars_by_speed_interval_120_inf,cars_by_length_interval_0_7,cars_by_length_interval_7_inf,max_speed,radius
21/04/2023 08:22,180,16.5,88,13.5,99.23,-127,0,3,73,-1.69,1351,58,-1.9678853,43.329403000000006,181.26404,0.0,22:14.8,7,7200.154,0101000020E61000006E43F74E757CFFBF3E3627D429AA4540,20230421_NISSAN_ULIA_HERNANI_058,,d1,22:09.1,03:42.1,NISSAN_LEAF,Nissan Leaf e+ 62 kW,62000,174,21:50.8,5.6,9,60,ENE,-2.4869820713764974,-43.95863087296826,446,112,1.0,43.0,308.0,,,,94,208,238,25,3
21/04/2023 08:22,178,26.9,88,13.5,99.23,-127,1080,3,73,-3.39,1847,58,-1.9674736,43.329006,179.02315,0.05534151034356025,22:23.9,7,7200.084,0101000020E6100000868376A1C57AFFBFADE0D0E11CAA4540,20230421_NISSAN_ULIA_HERNANI_058,,d1,22:09.1,03:42.1,NISSAN_LEAF,Nissan Leaf e+ 62 kW,62000,174,21:50.8,5.6,9,60,ENE,-5.186984578729798,-24.80706022017642,446,112,1.0,43.0,308.0,,,,94,208,238,8,3
21/04/2023 08:22,174,29.0,88,13.5,99.23,-133,0,3,73,-0.84,1900,58,-1.9669046,43.328743,174.89703,0.11002682060560677,22:32.0,7,7200.024,0101000020E6100000395F19FB7078FFBF86AB944E14AA4540,20230421_NISSAN_ULIA_HERNANI_058,,d1,22:09.1,03:42.1,NISSAN_LEAF,Nissan Leaf e+ 62 kW,62000,174,23:02.1,5.6,9,60,ENE,-7.4006112611279375,-4.68529296577025,446,112,1.0,43.0,308.0,,,,94,208,238,8,3
21/04/2023 08:22,173,32.8,88,13.5,99.23,-133,5760,3,73,-0.56,2214,58,-1.9661359,43.32868,173.7925,0.1726073391957711,22:40.0,7,7199.973000000001,0101000020E610000003CD18D94A75FFBFBE9F872C12AA4540,20230421_NISSAN_ULIA_HERNANI_058,,d1,22:09.1,03:42.1,NISSAN_LEAF,Nissan Leaf e+ 62 kW,62000,174,23:02.1,5.6,9,60,ENE,-0.9644082882736495,-53.8485753233654,446,112,1.0,43.0,308.0,,,,94,208,238,8,3
21/04/2023 08:22,171,32.3,88,13.5,99.23,-136,0,3,73,-5.11,2524,58,-1.9656391,43.328,172.09998000000002,0.25825152017300435,22:49.1,7,7199.904,0101000020E6100000043CFA094273FFBF07D85BD8FBA94540,20230421_NISSAN_ULIA_HERNANI_058,,d1,22:09.1,03:42.1,NISSAN_LEAF,Nissan Leaf e+ 62 kW,62000,174,23:02.1,5.6,9,60,ENE,-3.4595141972703587,-37.39409511560544,446,112,1.0,43.0,308.0,,,,94,208,238,8,3
21/04/2023 08:22,169,31.1,88,13.5,99.23,-151,0,3,73,0.56,2043,58,-1.9650347,43.327538,169.50488,0.3292156577292997,22:57.2,7,7199.825,0101000020E61000004A342932C870FFBFA5A5ABC3ECA94540,20230421_NISSAN_ULIA_HERNANI_058,,d1,22:09.1,03:42.1,NISSAN_LEAF,Nissan Leaf e+ 62 kW,62000,174,23:02.1,5.6,9,60,ENE,-7.48329584575086,-3.749205491851135,446,112,1.0,43.0,308.0,,,,94,208,238,20,3
21/04/2023 08:23,167,26.7,88,13.5,99.23,-161,0,3,73,-0.84,2053,58,-1.963997,43.32747,167.13759,0.4135262773739795,23:06.3,7,7199.693,0101000020E610000083F3C21E886CFFBFB1E50A86EAA94540,20230421_NISSAN_ULIA_HERNANI_058,,d1,22:09.1,03:42.1,NISSAN_LEAF,Nissan Leaf e+ 62 kW,62000,174,23:02.1,5.6,9,60,ENE,-1.6740739472946586,-49.28008072172394,446,112,1.0,43.0,308.0,,,,94,208,238,8,3
21/04/2023 08:23,165,32.8,88,13.5,99.23,-169,9400,3,73,0.77,2147,58,-1.9636484,43.327065000000005,165.14356999999998,0.46669714509231064,23:14.3,7,7199.744000000001,0101000020E610000066AE6E981A6BFFBFCC972D33DDA94540,20230421_NISSAN_ULIA_HERNANI_058,,d1,22:09.1,03:42.1,NISSAN_LEAF,Nissan Leaf e+ 62 kW,62000,174,23:02.1,5.6,9,60,ENE,2.5612825620183624,-76.53416027069127,446,112,1.0,43.0,308.0,,,,94,208,238,20,3
21/04/2023 08:23,161,29.5,88,13.5,99.23,-180,0,3,73,-0.45,2132,58,-1.9634748,43.32634,161.54436,0.5486064433045535,23:22.3,7,7199.654,0101000020E610000084BAFE89646AFFBF47590D88C5A94540,20230421_NISSAN_ULIA_HERNANI_058,,d1,22:09.1,03:42.1,NISSAN_LEAF,Nissan Leaf e+ 62 kW,62000,174,23:02.1,5.6,9,60,ENE,-6.034747796999548,-17.892206883740556,446,112,1.0,43.0,308.0,,,,94,208,238,25,3
21/04/2023 08:23,158,30.2,88,13.5,99.23,-180,8000,3,73,-0.86,1993,58,-1.9627314,43.3261,158.9313,0.6144474747359454,23:30.4,7,7199.644,0101000020E61000005A3792F15867FFBFF47A0294BDA94540,20230421_NISSAN_ULIA_HERNANI_058,,d1,22:09.1,03:42.1,NISSAN_LEAF,Nissan Leaf e+ 62 kW,62000,174,23:02.1,5.6,9,60,ENE,-7.600114725203849,-2.386174981560264,446,112,1.0,43.0,308.0,,,,94,208,238,25,3
21/04/2023 08:23,157,32.0,88,13.000001,99.23,-187,0,3,73,-0.95,2261,58,-1.9616995,43.326057,157.88506,0.6980611616182962,23:39.4,7,7199.573,0101000020E610000060AD0AFC1E63FFBF23923F3DBCA94540,20230421_NISSAN_ULIA_HERNANI_058,,d1,22:09.1,03:42.1,NISSAN_LEAF,Nissan Leaf e+ 62 kW,62000,174,23:02.1,5.6,9,60,ENE,0.9184082006109728,-65.85696335723341,446,112,1.0,43.0,308.0,,,,94,208,238,25,3
21/04/2023 08:23,157,31.5,88,13.000001,99.23,-193,0,3,73,-0.8,2143,58,-1.9614346,43.325466,157.31738,0.7671849219733141,23:47.5,7,7199.535,0101000020E6100000C7E3083F0962FFBF17AE7AD8A8A94540,20230421_NISSAN_ULIA_HERNANI_058,,d1,22:09.1,03:42.1,NISSAN_LEAF,Nissan Leaf e+ 62 kW,62000,174,23:02.1,5.6,9,60,ENE,-4.621233502680297,-29.10473162706456,446,112,1.0,43.0,308.0,,,,94,208,238,25,3
21/04/2023 08:23,156,16.4,88,13.000001,99.23,-206,0,3,73,-3.34,1542,58,-1.9608041,43.325115,156.51619,0.8314119926459964,23:54.5,7,7200.474,0101000020E610000076778312745FFFBF7902F2669DA94540,20230421_NISSAN_ULIA_HERNANI_058,,d1,22:09.1,03:42.1,NISSAN_LEAF,Nissan Leaf e+ 62 kW,62000,174,23:02.1,5.6,9,60,ENE,-8.814542278663447,18.34834975317369,446,112,1.0,43.0,308.0,,,,94,208,238,25,3
21/04/2023 08:24,153,29.2,88,13.000001,99.23,-207,1960,3,74,-0.83,1881,58,-1.9602282,43.325306,154.3195,0.8826571487445318,24:03.6,7,7200.414000000001,0101000020E6100000F4066533185DFFBF45FB4596A3A94540,20230421_NISSAN_ULIA_HERNANI_058,,d1,22:09.1,03:42.1,NISSAN_LEAF,Nissan Leaf e+ 62 kW,62000,174,23:02.1,5.6,9,60,ENE,-8.999036581762088,29.16164553545452,446,112,1.0,43.0,308.0,,,,94,208,238,25,3
21/04/2023 08:24,152,25.1,88,13.000001,99.23,-209,0,3,74,1.67,1738,58,-1.9596834,43.32561,152.57393000000002,0.9382252021764808,24:11.7,7,7200.334,0101000020E610000064A28004DD5AFFBFF96C8FAFADA94540,20230421_NISSAN_ULIA_HERNANI_058,,d1,22:09.1,03:42.1,NISSAN_LEAF,Nissan Leaf e+ 62 kW,62000,174,23:02.1,5.6,9,60,ENE,-1.3439244776676245,-51.41219200522284,446,112,1.0,43.0,308.0,,,,94,208,238,8,3
21/04/2023 08:24,150,36.0,88,13.000001,99.23,-209,0,3,74,-1.52,2590,58,-1.9591408,43.32493,150.99281000000002,1.0256678546964868,24:20.7,7,7200.334,0101000020E6100000958E7D01A458FFBF9CD0304E97A94540,20230421_NISSAN_ULIA_HERNANI_058,,d1,22:09.1,03:42.1,NISSAN_LEAF,Nissan Leaf e+ 62 kW,62000,174,23:02.1,5.6,9,60,ENE,-3.118054164320749,-39.72963742872391,543,72,,,,1.0,436.0,106.0,0,520,23,8,2
21/04/2023 08:24,148,35.6,88,13.000001,99.23,-215,1120,3,73,-7.28,2360,58,-1.9585464,43.324436,148.73207,1.0987043788838287,24:28.7,7,7200.294,0101000020E610000038D378BD3456FFBF3A8A932087A94540,20230421_NISSAN_ULIA_HERNANI_058,,d1,22:09.1,03:42.1,NISSAN_LEAF,Nissan Leaf e+ 62 kW,62000,174,23:02.1,5.6,9,60,ENE,-8.860108889807222,40.11522576334721,446,112,1.0,43.0,308.0,,,,94,208,238,8,2
21/04/2023 08:24,146,40.6,88,13.000001,99.23,-219,0,3,74,-2.19,2732,58,-1.9579304,43.324955,147.16406,1.1749663200561231,24:37.8,7,7200.243,0101000020E6100000CD7DBED8AE53FFBF79ADDB2698A94540,20230421_NISSAN_ULIA_HERNANI_058,,d1,22:09.1,03:42.1,NISSAN_LEAF,Nissan Leaf e+ 62 kW,62000,174,23:02.1,5.6,9,60,ENE,-7.134336959640418,67.56106257661786,446,112,1.0,43.0,308.0,,,,94,208,238,8,2
21/04/2023 08:24,146,27.2,88,13.000001,99.23,-226,0,3,74,-2.7,2248,58,-1.957631,43.32568,146.46486000000002,1.2591448675362882,24:45.8,7,7200.184,0101000020E610000088FCE1D57452FFBFB33A02DBAFA94540,20230421_NISSAN_ULIA_HERNANI_058,,d1,22:09.1,03:42.1,NISSAN_LEAF,Nissan Leaf e+ 62 kW,62000,174,23:02.1,5.6,9,60,ENE,-8.743114161217228,16.277763284989792,543,72,,,,1.0,436.0,106.0,0,520,23,8,2
21/04/2023 08:24,144,9.1,88,13.000001,99.23,-237,0,3,74,0.02,639,58,-1.9571173,43.32583,144.43999,1.3039665134085976,24:54.9,7,7200.125,0101000020E61000009CA22F495A50FFBF23AE08BDB4A94540,20230421_NISSAN_ULIA_HERNANI_058,,d1,22:09.1,03:42.1,NISSAN_LEAF,Nissan Leaf e+ 62 kW,62000,174,26:45.2,5.6,9,60,ENE,2.003696466427788,-72.86372549631106,446,112,1.0,43.0,308.0,,,,94,208,238,25,2
21/04/2023 08:25,143,36.0,88,13.000001,99.23,-237,5680,3,74,-0.59,2287,58,-1.9570285,43.325542,143.28473,1.3368066810360704,25:02.9,7,7200.094,0101000020E610000022182318FD4FFFBF65A88B62ABA94540,20230421_NISSAN_ULIA_HERNANI_058,,d1,22:09.1,03:42.1,NISSAN_LEAF,Nissan Leaf e+ 62 kW,62000,174,26:45.2,5.6,9,60,ENE,0.9655672497878026,-66.1588456349336,446,112,1.0,43.0,308.0,,,,94,208,238,8,2
21/04/2023 08:25,141,26.9,88,13.000001,99.23,-248,0,3,74,-4.36,2261,58,-1.9566816,43.324757,141.78954,1.4285065244972999,25:11.9,7,7200.055,0101000020E6100000669E0055914EFFBF6468679491A94540,20230421_NISSAN_ULIA_HERNANI_058,,d1,22:09.1,03:42.1,NISSAN_LEAF,Nissan Leaf e+ 62 kW,62000,174,26:45.2,5.6,9,60,ENE,1.722459772861474,-71.03358834994023,446,112,1.0,43.0,308.0,,,,94,208,238,25,2
21/04/2023 08:25,141,35.2,88,13.5,99.23,-255,0,3,74,-3.42,2416,58,-1.9564888,43.324196,141.13895,1.492810230854336,25:20.0,7,7199.964,0101000020E610000056740431C74DFFBFDEDFF3437FA94540,20230421_NISSAN_ULIA_HERNANI_058,,d1,22:09.1,03:42.1,NISSAN_LEAF,Nissan Leaf e+ 62 kW,62000,174,26:45.2,5.6,9,60,ENE,5.286901436167609,-95.97509181318794,446,112,1.0,43.0,308.0,,,,94,208,238,25,2
21/04/2023 08:25,138,34.3,88,13.000001,99.23,-270,0,3,74,-2.39,2240,58,-1.9565606,43.32351,138.98758,1.5693409969401118,25:28.1,7,7199.909000000001,0101000020E6100000F7F44E78124EFFBF3F0280C168A94540,20230421_NISSAN_ULIA_HERNANI_058,,d1,22:09.1,03:42.1,NISSAN_LEAF,Nissan Leaf e+ 62 kW,62000,174,26:45.2,5.6,9,60,ENE,-3.969978251473456,-33.825358371297234,446,112,1.0,43.0,308.0,,,,94,208,238,25,2
21/04/2023 08:25,131,29.9,88,13.000001,99.23,-277,0,3,74,-6.11,2259,58,-1.9557995,43.323,131.5998,1.6533718098642682,25:37.1,7,7199.904,0101000020E6100000AB4A7458F44AFFBF9FB4E72658A94540,20230421_NISSAN_ULIA_HERNANI_058,,d1,22:09.1,03:42.1,NISSAN_LEAF,Nissan Leaf e+ 62 kW,62000,174,26:45.2,5.6,9,60,ENE,-5.514773248366199,-22.21120012750397,446,112,1.0,43.0,308.0,,,,94,208,238,25,2
21/04/2023 08:25,128,31.4,88,13.5,99.23,-292,3720,3,74,0.08,1826,58,-1.9551505,43.322735,128.15633,1.713674597917093,25:45.2,7,7199.825,0101000020E6100000CC5370EC4B48FFBF9A10326C4FA94540,20230421_NISSAN_ULIA_HERNANI_058,,d1,22:09.1,03:42.1,NISSAN_LEAF,Nissan Leaf e+ 62 kW,62000,174,26:45.2,5.6,9,60,ENE,-5.184991366646993,-24.822586067965005,446,112,1.0,43.0,308.0,,,,94,208,238,25,2
21/04/2023 08:25,126,31.6,88,13.5,99.23,-295,0,3,75,-1.23,2144,58,-1.9544003,43.322388,126.71729,1.7856035431029282,25:53.2,7,7199.754,0101000020E610000049F4C14A3945FFBF71CDA4FE43A94540,20230421_NISSAN_ULIA_HERNANI_058,,d1,22:09.1,03:42.1,NISSAN_LEAF,Nissan Leaf e+ 62 kW,62000,174,26:45.2,5.6,9,60,ENE,-8.662118855434993,14.250509588018437,446,112,1.0,43.0,308.0,,,,94,208,238,25,2
21/04/2023 08:26,124,31.2,88,13.5,99.23,-298,0,3,75,2.36,1967,58,-1.9536837,43.32257,124.88828999999998,1.847030924745099,26:02.2,7,7199.754,0101000020E6100000623155D04942FFBF516A03F849A94540,20230421_NISSAN_ULIA_HERNANI_058,,d1,22:09.1,03:42.1,NISSAN_LEAF,Nissan Leaf e+ 62 kW,62000,174,26:45.2,5.6,9,60,ENE,-7.953736952622943,57.90209126783343,446,112,1.0,43.0,308.0,,,,94,208,238,25,2
21/04/2023 08:26,122,8.3,88,13.5,99.23,-310,0,3,75,9.22,846,58,-1.9534535,43.322937,122.98186499999998,1.8919279804046085,26:10.3,7,7199.713000000001,0101000020E61000003ECB317F5841FFBF1B923DFB55A94540,20230421_NISSAN_ULIA_HERNANI_058,,d1,22:09.1,03:42.1,NISSAN_LEAF,Nissan Leaf e+ 62 kW,62000,174,26:45.2,5.6,9,60,ENE,-8.367147369730423,8.385460687458682,446,112,1.0,43.0,308.0,,,,94,208,238,25,2
21/04/2023 08:26,120,27.3,88,13.5,99.23,-310,0,3,75,-0.78,1854,58,-1.952653,43.323055,120.298294,1.9580540615376485,26:19.3,7,7199.674,0101000020E6100000ECDD921D113EFFBFE17939D459A94540,20230421_NISSAN_ULIA_HERNANI_058,,d1,22:09.1,03:42.1,NISSAN_LEAF,Nissan Leaf e+ 62 kW,62000,174,26:45.2,5.6,9,60,ENE,3.057211978785225,-79.85800172018826,446,112,1.0,43.0,308.0,,,,94,208,238,8,2
21/04/2023 08:26,117,34.2,88,13.5,99.23,-317,6160,3,75,-0.89,2065,58,-1.9525793,43.322643,117.325264,2.004348239728221,26:27.4,7,7199.5740000000005,0101000020E6100000F76D6FB3C33DFFBFBBF79E564CA94540,20230421_NISSAN_ULIA_HERNANI_058,,d1,22:09.1,03:42.1,NISSAN_LEAF,Nissan Leaf e+ 62 kW,62000,174,26:45.2,5.6,9,60,ENE,6.424944594285914,-105.55170972677132,446,112,1.0,43.0,308.0,,,,94,208,238,25,2
21/04/2023 08:26,115,28.6,88,13.5,99.23,-331,0,3,75,-8.89,2177,58,-1.9527819,43.321915,115.24031,2.086966907799876,26:36.4,7,7199.5740000000005,0101000020E6100000C268FB34983EFFBF9A06258734A94540,20230421_NISSAN_ULIA_HERNANI_058,,d1,22:09.1,03:42.1,NISSAN_LEAF,Nissan Leaf e+ 62 kW,62000,174,26:45.2,5.6,9,60,ENE,7.245748292745898,-113.6182857200698,446,112,1.0,43.0,308.0,,,,94,208,238,25,2
21/04/2023 08:26,114,0.0,88,13.5,99.23,-353,0,3,76,0.0,379,58,-1.9529004,43.321644,114.138374,2.118607951428894,26:44.5,7,7199.533,0101000020E61000009C034288143FFFBFE93F3CAA2BA94540,20230421_NISSAN_ULIA_HERNANI_058,,d1,22:09.1,03:42.1,NISSAN_LEAF,Nissan Leaf e+ 62 kW,62000,174,26:45.2,5.6,9,60,ENE,-4.224497433315998,-32.005383203616425,446,112,1.0,43.0,308.0,,,,94,208,238,25,2
21/04/2023 08:26,113,0.0,88,13.5,99.23,-353,0,3,76,0.0,0,58,-1.9528812,43.321632,113.70224,2.1207015378172605,26:51.5,7,7200.494000000001,0101000020E6100000FA4AD66E003FFFBF7282004B2BA94540,20230421_NISSAN_ULIA_HERNANI_058,,d1,22:09.1,03:42.1,NISSAN_LEAF,Nissan Leaf e+ 62 kW,62000,174,26:45.2,5.6,9,60,ENE,-7.794228634059947,0.0,446,112,1.0,43.0,308.0,,,,94,208,238,25,2
21/04/2023 08:27,113,1.7,88,13.5,99.23,-353,0,3,76,0.0,37,58,-1.9528812,43.321632,113.70224,2.1207015378172605,27:00.7,7,7200.284000000001,0101000020E6100000FA4AD66E003FFFBF7282004B2BA94540,20230421_NISSAN_ULIA_HERNANI_058,,d1,22:09.1,03:42.1,NISSAN_LEAF,Nissan Leaf e+ 62 kW,62000,174,26:45.2,5.6,9,60,ENE,8.988759576651624,-147.13613250276592,446,112,1.0,43.0,308.0,,,,94,208,238,25,2
21/04/2023 08:27,112,30.1,88,13.5,99.23,-353,4760,3,76,4.5,1653,58,-1.9531397,43.321465,112.235794,2.148706428794425,27:08.6,7,7200.354,0101000020E6100000AEDAB65B0F40FFBF2941ECC925A94540,20230421_NISSAN_ULIA_HERNANI_058,,d1,22:09.1,03:42.1,NISSAN_LEAF,Nissan Leaf e+ 62 kW,62000,174,26:45.2,5.6,9,60,ENE,7.524091535095441,176.7211710335897,446,112,1.0,43.0,308.0,,,,94,208,238,25,2
21/04/2023 08:27,110,52.4,88,13.5,99.23,-353,2760,3,76,2.59,3430,58,-1.9542743,43.32153,111.07349,2.2407825245927326,27:16.6,7,7200.353,0101000020E61000004C26F129B544FFBFE23146D227A94540,20230421_NISSAN_ULIA_HERNANI_058,,d1,22:09.1,03:42.1,NISSAN_LEAF,Nissan Leaf e+ 62 kW,62000,174,26:45.2,5.6,9,60,ENE,7.630740958746951,177.97968000494566,446,112,1.0,43.0,308.0,,,,94,208,238,25,2
21/04/2023 08:27,109,49.0,88,13.5,99.23,-355,8400,3,76,-1.2,3426,58,-1.9556917,43.32158,109.27333,2.35559326016397,27:24.7,7,7200.274,0101000020E61000002A687F68834AFFBFE506F48929A94540,20230421_NISSAN_ULIA_HERNANI_058,,d1,22:09.1,03:42.1,NISSAN_LEAF,Nissan Leaf e+ 62 kW,62000,174,28:02.2,5.6,9,60,ENE,7.589207184093044,177.48441272912146,446,112,1.0,43.0,308.0,,,,94,208,238,50,2
21/04/2023 08:27,105,49.2,88,13.5,99.23,-363,0,3,76,-1.16,3313,58,-1.9570574,43.32164,104.93732,2.4663589145543,27:32.7,7,7200.264,0101000020E61000005E92AE521B50FFBFF5CE45872BA94540,20230421_NISSAN_ULIA_HERNANI_058,,d1,22:09.1,03:42.1,NISSAN_LEAF,Nissan Leaf e+ 62 kW,62000,174,28:02.2,5.6,9,60,ENE,7.613239413120956,177.77015616050213,446,112,1.0,43.0,308.0,,,,94,208,238,50,2
21/04/2023 08:27,102,35.8,88,13.5,99.23,-384,0,3,76,-3.88,2713,58,-1.9583415,43.32169,102.895454,2.570405921823455,27:40.8,7,7200.184,0101000020E6100000B7E565D45D55FFBFCB3B962C2DA94540,20230421_NISSAN_ULIA_HERNANI_058,,d1,22:09.1,03:42.1,NISSAN_LEAF,Nissan Leaf e+ 62 kW,62000,174,28:02.2,5.6,9,60,ENE,7.581979634508996,177.39891365611902,446,112,1.0,43.0,308.0,,,,94,208,238,8,2
21/04/2023 08:27,99,16.2,88,13.5,99.23,-408,0,3,76,-7.34,1503,58,-1.959222,43.32173,100.21649,2.641823615321558,27:49.9,7,7200.133000000001,0101000020E6100000755F3B29F958FFBF5361DC852EA94540,20230421_NISSAN_ULIA_HERNANI_058,,d1,22:09.1,03:42.1,NISSAN_LEAF,Nissan Leaf e+ 62 kW,62000,174,28:02.2,5.6,9,60,ENE,7.939740499062997,-178.09190683255298,446,112,1.0,43.0,308.0,,,,94,208,238,50,2
21/04/2023 08:27,95,0.0,88,14.0,99.23,-415,0,3,76,0.0,0,58,-1.9594021,43.321724,96.30583,2.6569233970596158,27:57.9,7,7200.094,0101000020E61000005E43C207B659FFBFF487A3412EA94540,20230421_NISSAN_ULIA_HERNANI_058,,d1,22:09.1,03:42.1,NISSAN_LEAF,Nissan Leaf e+ 62 kW,62000,174,28:02.2,5.6,9,60,ENE,-8.910045144055692,38.10757690561821,446,112,1.0,43.0,308.0,,,,94,208,238,50,2
21/04/2023 08:28,93,0.0,88,14.0,99.23,-415,0,3,76,0.0,0,58,-1.959397,43.321728,93.9992,2.6593084721994193,28:06.9,7,7200.054,0101000020E6100000BA4546A0B059FFBF32164C5B2EA94540,20230421_NISSAN_ULIA_HERNANI_058,,d1,22:09.1,03:42.1,NISSAN_LEAF,Nissan Leaf e+ 62 kW,62000,174,28:02.2,5.6,9,60,ENE,7.794228634059946,180.0,446,112,1.0,43.0,308.0,,,,94,208,238,50,2
21/04/2023 08:28,92,33.9,88,14.0,99.23,-415,14960,3,76,0.27,1636,58,-1.9595245,43.321728,92.86704,2.6696846265131793,28:15.0,7,7200.044,0101000020E61000003521BF5C365AFFBF0A6440612EA94540,20230421_NISSAN_ULIA_HERNANI_058,,d1,22:09.1,03:42.1,NISSAN_LEAF,Nissan Leaf e+ 62 kW,62000,174,28:02.2,5.6,9,60,ENE,7.249028153566399,173.65350199780653,446,112,1.0,43.0,308.0,,,,94,208,238,50,2
21/04/2023 08:28,81,35.8,88,14.0,99.23,-419,0,3,76,0.23,2142,58,-1.9606214,43.32185,81.89335,2.760118300133088,28:24.0,7,7199.984,0101000020E6100000C901707BB45EFFBF829D7A6F32A94540,20230421_NISSAN_ULIA_HERNANI_058,,d1,22:09.1,03:42.1,NISSAN_LEAF,Nissan Leaf e+ 62 kW,62000,174,28:02.2,5.6,9,60,ENE,6.206808705283633,163.60204668306642,446,112,1.0,43.0,308.0,,,,94,208,238,8,2
21/04/2023 08:28,80,34.2,88,14.0,99.23,-420,7920,3,76,-0.75,2100,58,-1.9613588,43.322067,81.1129,2.824470656650511,28:32.1,7,7199.904,0101000020E610000080584DB5B961FFBFC38FCC8E39A94540,20230421_NISSAN_ULIA_HERNANI_058,,d1,22:09.1,03:42.1,NISSAN_LEAF,Nissan Leaf e+ 62 kW,62000,174,28:02.2,5.6,9,60,ENE,8.266562405866887,-173.29122723513382,543,72,,,,1.0,436.0,106.0,0,520,23,50,2
21/04/2023 08:28,77,54.8,88,14.0,99.23,-420,5120,3,76,0.42,3448,58,-1.9626085,43.32192,78.03647,2.926924694488888,28:41.2,7,7199.834,0101000020E6100000A88BB72CD866FFBFF0E35B9D34A94540,20230421_NISSAN_ULIA_HERNANI_058,,d1,22:09.1,03:42.1,NISSAN_LEAF,Nissan Leaf e+ 62 kW,62000,174,28:02.2,5.6,9,60,ENE,7.620665324751402,177.8589082375076,543,72,,,,1.0,436.0,106.0,0,520,23,30,2
21/04/2023 08:28,71,43.2,88,14.0,99.23,-428,0,3,76,-1.09,3197,58,-1.9642936,43.321983,71.779205,3.063564787033362,28:50.2,7,7199.774,0101000020E61000005C175A22BF6DFFBF1EE1A8C436A94540,20230421_NISSAN_ULIA_HERNANI_058,,d1,22:09.1,03:42.1,NISSAN_LEAF,Nissan Leaf e+ 62 kW,62000,174,28:02.2,5.6,9,60,ENE,7.598469000954006,177.594269870204,345,94,,,,0.0,56.0,289.0,0,307,38,8,2
21/04/2023 08:28,69,19.9,88,14.0,99.23,-450,0,3,76,-5.86,1828,58,-1.9652933,43.322025,69.06779,3.1446159653380974,28:59.2,7,7199.784000000001,0101000020E6100000500FBF50D771FFBF9BA2C92538A94540,20230421_NISSAN_ULIA_HERNANI_058,,d1,22:09.1,03:42.1,NISSAN_LEAF,Nissan Leaf e+ 62 kW,62000,174,28:02.2,5.6,9,60,ENE,7.641423817208193,178.10817650526806,345,94,,,,0.0,56.0,289.0,0,307,38,50,2
21/04/2023 08:29,67,-0.3,88,14.0,99.23,-459,0,3,76,0.0,150,58,-1.9655355,43.322033000000005,67.77707,3.1642714183936937,29:07.3,7,7199.704000000001,0101000020E6100000623DEB5AD572FFBF6397036D38A94540,20230421_NISSAN_ULIA_HERNANI_058,,d1,22:09.1,03:42.1,NISSAN_LEAF,Nissan Leaf e+ 62 kW,62000,174,28:02.2,5.6,9,60,ENE,-8.95771771524411,24.443954764731608,345,94,,,,0.0,56.0,289.0,0,307,38,30,2
21/04/2023 08:29,67,0.0,88,14.499999,99.23,-459,0,3,76,0.0,0,58,-1.9655267,43.322037,67.80865,3.1651114169265466,29:16.3,7,7199.694,0101000020E61000004EB03E28CC72FFBF3151298938A94540,20230421_NISSAN_ULIA_HERNANI_058,,d1,22:09.1,03:42.1,NISSAN_LEAF,Nissan Leaf e+ 62 kW,62000,174,28:02.2,5.6,9,60,ENE,-7.794228634059947,0.0,345,94,,,,0.0,56.0,289.0,0,307,38,30,2
21/04/2023 08:29,67,0.0,88,14.499999,99.23,-459,0,3,76,0.0,0,58,-1.9655266,43.322037,67.7535,3.1651671570646727,29:24.4,7,7199.6140000000005,0101000020E61000007E84B305CC72FFBFFF67558838A94540,20230421_NISSAN_ULIA_HERNANI_058,,d1,22:09.1,03:42.1,NISSAN_LEAF,Nissan Leaf e+ 62 kW,62000,174,28:02.2,5.6,9,60,ENE,7.403465321187133,175.34664841502487,345,94,,,,0.0,56.0,289.0,0,307,38,30,2
21/04/2023 08:29,64,13.4,88,14.499999,99.23,-459,3000,3,76,2.17,477,58,-1.9656126,43.322044,64.55926,3.172861883009732,29:33.4,7,7199.5740000000005,0101000020E61000000D404B482673FFBF76B048C838A94540,20230421_NISSAN_ULIA_HERNANI_058,,d1,22:09.1,03:42.1,NISSAN_LEAF,Nissan Leaf e+ 62 kW,62000,174,28:02.2,5.6,9,60,ENE,7.475558847434667,176.16223793108364,345,94,,,,0.0,56.0,289.0,0,307,38,30,2
21/04/2023 08:29,63,26.6,88,14.499999,99.23,-459,4880,3,76,-0.38,1677,58,-1.9662387,43.322086,63.4603,3.223737136753863,29:41.5,7,7199.535,0101000020E6100000C72E31C2B675FFBFC0F0A4163AA94540,20230421_NISSAN_ULIA_HERNANI_058,,d1,22:09.1,03:42.1,NISSAN_LEAF,Nissan Leaf e+ 62 kW,62000,174,28:02.2,5.6,9,60,ENE,7.552449460397018,177.0516344451286,345,94,,,,0.0,56.0,289.0,0,307,38,55,2
21/04/2023 08:29,62,29.9,88,14.499999,99.23,-459,1680,3,75,-0.45,2019,58,-1.967093,43.32213,62.85907,3.2930214901330723,29:50.5,7,7199.482,0101000020E61000005D77568B3679FFBFBB4896843BA94540,20230421_NISSAN_ULIA_HERNANI_058,,d1,22:09.1,03:42.1,NISSAN_LEAF,Nissan Leaf e+ 62 kW,62000,174,28:02.2,5.6,9,60,ENE,7.443495634634048,175.79740036964023,345,94,,,,0.0,56.0,289.0,0,307,38,50,2
21/04/2023 08:29,61,37.4,88,14.499999,99.23,-459,8000,3,75,1.5,2541,58,-1.9680048,43.322197,61.39808299999999,3.3671713545338178,29:58.5,7,7200.491999999999,0101000020E61000002B627A92F27CFFBF7636F6B63DA94540,20230421_NISSAN_ULIA_HERNANI_058,,d1,22:09.1,03:42.1,NISSAN_LEAF,Nissan Leaf e+ 62 kW,62000,174,31:45.3,5.6,9,60,ENE,7.557557975002344,177.1114782814807,345,94,,,,0.0,56.0,289.0,0,307,38,40,2
21/04/2023 08:30,61,37.3,88,14.499999,99.23,-459,2040,3,75,-1.0,2605,58,-1.9690552,43.32225,61.131496,3.452348059508143,30:06.6,7,7200.415,0101000020E610000048CA66F43F81FFBFAB900F793FA94540,20230421_NISSAN_ULIA_HERNANI_058,,d1,22:09.1,03:42.1,NISSAN_LEAF,Nissan Leaf e+ 62 kW,62000,174,31:45.3,5.6,9,60,ENE,7.560891524150385,177.1505814044598,347,94,,,,1.0,56.0,289.0,1,308,39,40,2
21/04/2023 08:30,60,29.4,88,14.499999,99.23,-465,0,3,75,-0.52,2133,58,-1.9699794,43.322296,61.059116,3.5272860093168945,30:14.6,7,7200.401999999999,0101000020E61000006565A41D0985FFBF0A3253F140A94540,20230421_NISSAN_ULIA_HERNANI_058,,d1,22:09.1,03:42.1,NISSAN_LEAF,Nissan Leaf e+ 62 kW,62000,174,31:45.3,5.6,9,60,ENE,7.589392591800131,177.48660866187384,347,94,,,,1.0,56.0,289.0,1,308,39,40,2
21/04/2023 08:30,60,23.5,88,14.499999,99.23,-468,0,3,75,-2.44,1778,58,-1.9708451,43.322334000000005,60.360302,3.5974475889333166,30:23.7,7,7200.321,0101000020E610000091F116D99488FFBF7095453D42A94540,20230421_NISSAN_ULIA_HERNANI_058,,d1,22:09.1,03:42.1,NISSAN_LEAF,Nissan Leaf e+ 62 kW,62000,174,31:45.3,5.6,9,60,ENE,6.780454052668479,168.8843480447133,347,94,,,,1.0,56.0,289.0,1,308,39,30,2
21/04/2023 08:30,59,23.6,88,14.499999,99.23,-470,4720,3,75,-0.67,1573,58,-1.9714864,43.32246,59.538074,3.6511903386056757,30:32.7,7,7200.272,0101000020E610000070B27D5F358BFFBFCEF89A6446A94540,20230421_NISSAN_ULIA_HERNANI_058,,d1,22:09.1,03:42.1,NISSAN_LEAF,Nissan Leaf e+ 62 kW,62000,174,31:45.3,5.6,9,60,ENE,3.624971304155468,143.75174643702303,347,94,,,,1.0,56.0,289.0,1,308,39,30,2
21/04/2023 08:30,57,27.7,88,14.499999,99.23,-470,2360,3,74,-0.78,1965,58,-1.9720647,43.322884,57.477093,3.717639874364307,30:41.7,7,7200.272,0101000020E61000008F1B5CB9938DFFBFAE7E233254A94540,20230421_NISSAN_ULIA_HERNANI_058,,d1,22:09.1,03:42.1,NISSAN_LEAF,Nissan Leaf e+ 62 kW,62000,174,31:45.3,5.6,9,60,ENE,3.364232044712635,141.9503848629988,465,112,4.0,40.0,315.0,,,,106,258,207,30,3
21/04/2023 08:30,55,11.8,88,14.499999,99.23,-476,3440,3,74,-0.36,965,58,-1.972425,43.323166,55.315994,3.760505072413961,30:49.8,7,7200.191,0101000020E6100000F18518800D8FFFBFFBCED1855DA94540,20230421_NISSAN_ULIA_HERNANI_058,,d1,22:09.1,03:42.1,NISSAN_LEAF,Nissan Leaf e+ 62 kW,62000,174,31:45.3,5.6,9,60,ENE,3.4090049683584587,142.25803010767095,465,112,4.0,40.0,315.0,,,,106,258,207,8,3
21/04/2023 08:30,54,17.7,88,14.499999,99.23,-476,320,3,74,1.16,1224,58,-1.9727596,43.323425,54.705063,3.800032360587184,30:58.8,7,7200.191999999999,0101000020E61000004E46916A6C90FFBFD677C8F565A94540,20230421_NISSAN_ULIA_HERNANI_058,,d1,22:09.1,03:42.1,NISSAN_LEAF,Nissan Leaf e+ 62 kW,62000,174,31:45.3,5.6,9,60,ENE,3.4811764720645013,142.75536958471682,465,112,4.0,40.0,315.0,,,,106,258,207,8,3
21/04/2023 08:31,53,13.4,88,14.499999,99.23,-476,40,3,74,4.0,800,58,-1.9730858,43.323673,53.82392,3.8382099119215636,31:07.9,7,7200.102,0101000020E6100000A9CA8C5FC291FFBF65B8AF236EA94540,20230421_NISSAN_ULIA_HERNANI_058,,d1,22:09.1,03:42.1,NISSAN_LEAF,Nissan Leaf e+ 62 kW,62000,174,31:45.3,5.6,9,60,ENE,3.4460218525877573,142.51289287659557,465,112,4.0,40.0,315.0,,,,106,258,207,30,3
21/04/2023 08:31,53,25.3,88,14.499999,99.23,-476,5320,3,74,0.36,1511,58,-1.97346,43.32396,53.322662,3.882198186907079,31:15.9,7,7200.092,0101000020E6100000D8C574C84A93FFBF87D0F47777A94540,20230421_NISSAN_ULIA_HERNANI_058,,d1,22:09.1,03:42.1,NISSAN_LEAF,Nissan Leaf e+ 62 kW,62000,174,31:45.3,5.6,9,60,ENE,3.805780866725529,145.01557047413974,465,112,4.0,40.0,315.0,,,,106,258,207,8,3
21/04/2023 08:31,51,15.1,88,14.499999,99.23,-478,0,3,74,-1.75,1290,58,-1.9740173,43.32435,52.19855,3.9447618045385826,31:25.0,7,7200.012,0101000020E6100000C8EBBD229395FFBFC30E814984A94540,20230421_NISSAN_ULIA_HERNANI_058,,d1,22:09.1,03:42.1,NISSAN_LEAF,Nissan Leaf e+ 62 kW,62000,174,31:45.3,5.6,9,60,ENE,3.5657988632977795,143.3408281443737,260,64,,,,28.0,205.0,27.0,0,218,42,8,3
21/04/2023 08:31,49,11.0,88,14.499999,99.23,-478,0,3,74,-3.95,1137,58,-1.9743532,43.3246,49.72667,3.983712770733383,31:34.0,7,7199.960999999999,0101000020E61000005CCE0851F396FFBF6A8239778CA94540,20230421_NISSAN_ULIA_HERNANI_058,,d1,22:09.1,03:42.1,NISSAN_LEAF,Nissan Leaf e+ 62 kW,62000,174,31:45.3,5.6,9,60,ENE,2.423465687831411,135.62106813472298,260,64,,,,28.0,205.0,27.0,0,218,42,8,3
21/04/2023 08:31,48,0.0,88,14.499999,99.23,-481,0,3,74,0.0,0,58,-1.9744278,43.324673,48.983227,3.99385464888278,31:43.0,7,7199.960999999999,0101000020E610000029C532AE4197FFBFEC04CAEA8EA94540,20230421_NISSAN_ULIA_HERNANI_058,,d1,22:09.1,03:42.1,NISSAN_LEAF,Nissan Leaf e+ 62 kW,62000,174,31:45.3,5.6,9,60,ENE,-7.794228634059947,0.0,347,94,,,,1.0,56.0,289.0,1,308,39,30,3
21/04/2023 08:31,48,0.0,88,14.499999,99.23,-481,0,3,74,0.0,0,58,-1.9744275,43.324673,48.676414,3.9941624201133146,31:52.1,7,7199.871999999999,0101000020E61000008FB728474197FFBF518975D58EA94540,20230421_NISSAN_ULIA_HERNANI_058,,d1,22:09.1,03:42.1,NISSAN_LEAF,Nissan Leaf e+ 62 kW,62000,174,31:45.3,5.6,9,60,ENE,-7.794228634059947,0.0,347,94,,,,1.0,56.0,289.0,1,308,39,30,3
21/04/2023 08:32,48,0.0,88,15.0,99.23,-481,0,3,74,0.0,0,58,-1.9744271,43.324673,48.701233,3.9942031992731115,32:01.2,7,7199.842,0101000020E61000006B4DB3E54097FFBFD2D031DA8EA94540,20230421_NISSAN_ULIA_HERNANI_058,,d1,22:09.1,03:42.1,NISSAN_LEAF,Nissan Leaf e+ 62 kW,62000,174,31:45.3,5.6,9,60,ENE,7.794228634059946,180.0,347,94,,,,1.0,56.0,289.0,1,308,39,30,3
21/04/2023 08:32,48,0.0,88,15.0,99.23,-481,0,3,74,0.0,0,58,-1.9744273,43.324673,48.70024,3.9942194080771225,32:09.2,7,7199.802,0101000020E61000009746DD174197FFBFE9597ED68EA94540,20230421_NISSAN_ULIA_HERNANI_058,,d1,22:09.1,03:42.1,NISSAN_LEAF,Nissan Leaf e+ 62 kW,62000,174,31:45.3,5.6,9,60,ENE,7.794228634059946,180.0,347,94,,,,1.0,56.0,289.0,1,308,39,30,3
21/04/2023 08:32,48,0.0,88,15.0,99.23,-481,0,3,73,0.0,0,58,-1.9744275,43.324673,48.703392,3.99423589062492,32:18.3,7,7199.732,0101000020E610000034AB25474197FFBF9D9745D78EA94540,20230421_NISSAN_ULIA_HERNANI_058,,d1,22:09.1,03:42.1,NISSAN_LEAF,Nissan Leaf e+ 62 kW,62000,174,31:45.3,5.6,9,60,ENE,7.794228634059946,180.0,347,94,,,,1.0,56.0,289.0,1,308,39,30,3
21/04/2023 08:32,48,0.0,88,15.0,99.23,-481,0,3,72,0.0,0,58,-1.9744278,43.324673,48.702133,3.9942601907989252,32:26.3,7,7199.722,0101000020E6100000AC55A19D4197FFBF26A2B5D78EA94540,20230421_NISSAN_ULIA_HERNANI_058,,d1,22:09.1,03:42.1,NISSAN_LEAF,Nissan Leaf e+ 62 kW,62000,174,33:02.2,5.6,9,60,ENE,3.835710286491693,145.22601182025434,347,94,,,,1.0,56.0,289.0,1,308,39,30,3
21/04/2023 08:32,52,16.4,88,15.0,99.23,-481,1920,3,72,1.11,914,58,-1.9745675,43.32477,52.57938000000001,4.010355899295966,32:35.3,7,7199.682,0101000020E6100000C83FFB22D497FFBF973BAC2F92A94540,20230421_NISSAN_ULIA_HERNANI_058,,d1,22:09.1,03:42.1,NISSAN_LEAF,Nissan Leaf e+ 62 kW,62000,174,33:02.2,5.6,9,60,ENE,8.781989495505844,-162.63675829147354,347,94,,,,1.0,56.0,289.0,1,308,39,30,3
21/04/2023 08:32,52,24.6,88,15.0,99.23,-481,2200,3,72,-0.77,1680,58,-1.9750984,43.324604,52.53592,4.057100138247194,32:44.4,7,7199.592,0101000020E6100000ECA92ECB009AFFBFFC6B0A948CA94540,20230421_NISSAN_ULIA_HERNANI_058,,d1,22:09.1,03:42.1,NISSAN_LEAF,Nissan Leaf e+ 62 kW,62000,174,33:02.2,5.6,9,60,ENE,8.988251723991947,-147.07213734635567,347,94,,,,1.0,56.0,289.0,1,308,39,30,3
21/04/2023 08:32,51,1.4,88,15.0,99.23,-486,0,3,72,0.0,604,58,-1.9754134,43.3244,52.02651,4.091218950461788,32:52.4,7,7199.581,0101000020E610000076330B274B9BFFBFDE53150C86A94540,20230421_NISSAN_ULIA_HERNANI_058,,d1,22:09.1,03:42.1,NISSAN_LEAF,Nissan Leaf e+ 62 kW,62000,174,33:02.2,5.6,9,60,ENE,-7.97200408982235,57.652556528706256,347,94,,,,1.0,56.0,289.0,1,308,39,40,3
21/04/2023 08:33,52,0.0,88,15.0,99.23,-486,0,3,72,0.0,0,58,-1.9754096,43.324406,52.33016,4.092013813509339,33:00.5,7,7200.501,0101000020E6100000E8A6B715479BFFBFE8C3201A86A94540,20230421_NISSAN_ULIA_HERNANI_058,,d1,22:09.1,03:42.1,NISSAN_LEAF,Nissan Leaf e+ 62 kW,62000,174,33:02.2,5.6,9,60,ENE,-7.794228634059947,0.0,347,94,,,,1.0,56.0,289.0,1,308,39,40,3
21/04/2023 08:33,52,0.0,88,15.0,99.23,-486,0,3,72,0.0,0,58,-1.9754086,43.324406,52.56816,4.092265184827264,33:08.5,7,7200.472,0101000020E61000005542BC07469BFFBFADA8581286A94540,20230421_NISSAN_ULIA_HERNANI_058,,d1,22:09.1,03:42.1,NISSAN_LEAF,Nissan Leaf e+ 62 kW,62000,174,33:02.2,5.6,9,60,ENE,8.919570745312438,-142.3343787999118,347,94,,,,1.0,56.0,289.0,1,308,39,40,3
21/04/2023 08:33,52,18.2,88,15.0,99.23,-486,7680,3,72,2.12,926,58,-1.9754941000000004,43.32434,52.58394200000001,4.102349536680543,33:17.6,7,7200.420999999999,0101000020E6100000FA06FDBF9F9BFFBF54113CF083A94540,20230421_NISSAN_ULIA_HERNANI_058,,d1,22:09.1,03:42.1,NISSAN_LEAF,Nissan Leaf e+ 62 kW,62000,174,33:02.2,5.6,9,60,ENE,8.957258990047894,-144.41387322642893,347,94,,,,1.0,56.0,289.0,1,308,39,40,3
21/04/2023 08:33,52,9.0,88,15.0,99.23,-489,0,3,72,1.8,552,58,-1.9758295,43.3241,52.824406,4.140406732032446,33:26.6,7,7200.382,0101000020E61000001289416CFF9CFFBFA36EDD2E7CA94540,20230421_NISSAN_ULIA_HERNANI_058,,d1,22:09.1,03:42.1,NISSAN_LEAF,Nissan Leaf e+ 62 kW,62000,174,33:02.2,5.6,9,60,ENE,8.966575854713742,-145.0605223007959,347,94,,,,1.0,56.0,289.0,1,308,39,40,3
21/04/2023 08:33,52,23.3,88,15.0,99.23,-489,2560,4,72,3.61,1385,58,-1.9761444,43.32388,52.286747,4.17572813032712,33:34.7,7,7200.340999999999,0101000020E6100000EA34919F499EFFBFC2D02FEB74A94540,20230421_NISSAN_ULIA_HERNANI_058,,d1,22:09.1,03:42.1,NISSAN_LEAF,Nissan Leaf e+ 62 kW,62000,174,33:02.2,5.6,9,60,ENE,8.92012920090443,-142.3610776718635,347,94,,,,1.0,56.0,289.0,1,308,39,40,3
21/04/2023 08:33,51,31.5,88,15.0,99.23,-489,2280,3,72,0.83,2125,58,-1.9767344,43.323425,51.782887,4.24528269957505,33:43.7,7,7200.302,0101000020E61000005F68213BB4A0FFBF82BBD9F465A94540,20230421_NISSAN_ULIA_HERNANI_058,,d1,22:09.1,03:42.1,NISSAN_LEAF,Nissan Leaf e+ 62 kW,62000,174,33:02.2,5.6,9,60,ENE,8.718087570808521,-135.62149630602673,347,94,,,,1.0,56.0,289.0,1,308,39,40,3
21/04/2023 08:33,51,29.3,88,15.0,99.23,-489,0,4,72,1.06,1909,58,-1.9772842,43.322887,51.21383,4.3198290773434405,33:52.7,7,7200.262,0101000020E610000053F1F1CEF4A2FFBF84E84C5B54A94540,20230421_NISSAN_ULIA_HERNANI_058,,d1,22:09.1,03:42.1,NISSAN_LEAF,Nissan Leaf e+ 62 kW,62000,174,33:02.2,5.6,9,60,ENE,5.6117566831885135,-98.57426607572732,347,94,,,,1.0,56.0,289.0,1,308,39,30,3
21/04/2023 08:34,51,30.2,88,15.0,99.23,-489,0,3,72,-0.72,2040,58,-1.9773813,43.322243,51.097874,4.391868216289851,34:00.8,7,7200.181,0101000020E61000004B6283995AA3FFBF242E6D3C3FA94540,20230421_NISSAN_ULIA_HERNANI_058,,d1,22:09.1,03:42.1,NISSAN_LEAF,Nissan Leaf e+ 62 kW,62000,174,33:02.2,5.6,9,60,ENE,4.946254980588873,-93.3384705437658,347,94,,,,1.0,56.0,289.0,1,308,39,40,3
21/04/2023 08:34,49,18.3,88,15.0,99.23,-489,160,3,72,-4.34,1774,58,-1.9774156000000005,43.321655,49.455643,4.4573302857844945,34:09.8,7,7200.172,0101000020E610000019BF188D7EA3FFBF09E285FE2BA94540,20230421_NISSAN_ULIA_HERNANI_058,,d1,22:09.1,03:42.1,NISSAN_LEAF,Nissan Leaf e+ 62 kW,62000,174,33:02.2,5.6,9,60,ENE,4.864063662365564,-92.7143809258249,347,94,,,,1.0,56.0,289.0,1,308,39,55,2
21/04/2023 08:34,52,2.2,88,15.0,99.23,-496,1360,3,72,0.8,418,58,-1.9774275,43.321404,52.160725,4.48538751638788,34:18.9,7,7200.081,0101000020E61000005F241D0E8BA3FFBFA99A61B323A94540,20230421_NISSAN_ULIA_HERNANI_058,,d1,22:09.1,03:42.1,NISSAN_LEAF,Nissan Leaf e+ 62 kW,62000,174,33:02.2,5.6,9,60,ENE,8.998906070518407,-150.8933372388618,347,94,,,,1.0,56.0,289.0,1,308,39,30,2
21/04/2023 08:34,55,22.2,88,15.0,99.23,-496,320,3,72,5.22,1333,58,-1.977661,43.321274,55.60329399999999,4.509421090158023,34:28.0,7,7200.031,0101000020E61000001842C2EE7FA4FFBF6185DA711FA94540,20230421_NISSAN_ULIA_HERNANI_058,,d1,22:09.1,03:42.1,NISSAN_LEAF,Nissan Leaf e+ 62 kW,62000,174,33:02.2,5.6,9,60,ENE,8.917286997130118,-157.77385508675317,347,94,,,,1.0,56.0,289.0,1,308,39,30,2
21/04/2023 08:34,56,18.6,88,15.0,99.23,-498,0,3,72,-0.67,1484,58,-1.9783242,43.321003000000005,56.56333000000001,4.5709625509893606,34:37.0,7,7199.981,0101000020E61000008C74273337A7FFBFED577CAF16A94540,20230421_NISSAN_ULIA_HERNANI_058,,d1,22:09.1,03:42.1,NISSAN_LEAF,Nissan Leaf e+ 62 kW,62000,174,33:02.2,5.6,9,60,ENE,8.8474343817111,-160.56477206530764,347,94,,,,1.0,56.0,289.0,1,308,39,40,2
21/04/2023 08:34,57,13.8,88,15.0,99.23,-501,360,3,73,8.69,395,58,-1.9785736,43.320915,57.029613,4.593390733026202,34:45.1,7,7199.941999999999,0101000020E61000001BA6B6BC3CA8FFBFDE14E9CB13A94540,20230421_NISSAN_ULIA_HERNANI_058,,d1,22:09.1,03:42.1,NISSAN_LEAF,Nissan Leaf e+ 62 kW,62000,174,33:02.2,5.6,9,60,ENE,8.833402903750182,-161.04135318796776,347,94,,,,1.0,56.0,289.0,1,308,39,40,2
21/04/2023 08:34,58,24.2,88,15.0,99.23,-501,7360,3,73,-0.67,1567,58,-1.9789957,43.32077,58.61676800000001,4.63118580564834,34:53.1,7,7199.945,0101000020E6100000F5F23861F7A9FFBF3D361BFA0EA94540,20230421_NISSAN_ULIA_HERNANI_058,,d1,22:09.1,03:42.1,NISSAN_LEAF,Nissan Leaf e+ 62 kW,62000,174,33:02.2,5.6,9,60,ENE,8.91015319363226,-158.102698084753,347,94,,,,1.0,56.0,289.0,1,308,39,30,2
21/04/2023 08:35,57,19.5,88,15.0,99.23,-504,0,3,74,1.86,1271,58,-1.9795928,43.32053,57.96101,4.686375121477626,35:02.1,7,7199.893,0101000020E61000000F531D7469ACFFBF1CA2412C07A94540,20230421_NISSAN_ULIA_HERNANI_058,,d1,22:09.1,03:42.1,NISSAN_LEAF,Nissan Leaf e+ 62 kW,62000,174,36:45.3,5.6,9,60,ENE,8.879839030491441,-159.37308318203804,347,94,,,,1.0,56.0,289.0,1,308,39,30,2
21/04/2023 08:35,58,20.1,88,15.0,99.23,-504,600,3,74,0.0,1422,58,-1.9801507,43.32032,58.377476,4.737192431102286,35:10.2,7,7199.776999999999,0101000020E61000003166CA73B2AEFFBF8A53643A00A94540,20230421_NISSAN_ULIA_HERNANI_058,,d1,22:09.1,03:42.1,NISSAN_LEAF,Nissan Leaf e+ 62 kW,62000,174,36:45.3,5.6,9,60,ENE,8.887354147086135,-159.07461061782644,347,94,,,,1.0,56.0,289.0,1,308,39,30,2
21/04/2023 08:35,59,14.5,88,15.0,99.23,-504,240,3,73,-0.42,1071,58,-1.9806476,43.32013,59.4536,4.782617037514674,35:19.2,7,7199.803000000001,0101000020E610000068740589BBB0FFBFD1F7650AFAA84540,20230421_NISSAN_ULIA_HERNANI_058,,d1,22:09.1,03:42.1,NISSAN_LEAF,Nissan Leaf e+ 62 kW,62000,174,36:45.3,5.6,9,60,ENE,8.868721013189363,-159.79813245373626,347,94,,,,1.0,56.0,289.0,1,308,39,30,2
21/04/2023 08:35,59,21.5,88,15.0,99.23,-504,6720,3,73,2.06,1367,58,-1.9810634,43.319977,59.545307,4.82031208860841,35:27.3,7,7199.724,0101000020E61000009D78347E6FB2FFBFE85E840CF5A84540,20230421_NISSAN_ULIA_HERNANI_058,,d1,22:09.1,03:42.1,NISSAN_LEAF,Nissan Leaf e+ 62 kW,62000,174,36:45.3,5.6,9,60,ENE,8.854520004548851,-160.31584402698306,347,94,,,,1.0,56.0,289.0,1,308,39,30,2
21/04/2023 08:35,58,18.9,88,15.0,99.23,-505,0,3,73,0.12,1144,58,-1.9816616,43.319763,58.65106,4.874246741113057,35:36.3,7,7199.684,0101000020E6100000BE9DBFBDE2B4FFBF88FC54F3EDA84540,20230421_NISSAN_ULIA_HERNANI_058,,d1,22:09.1,03:42.1,NISSAN_LEAF,Nissan Leaf e+ 62 kW,62000,174,36:45.3,5.6,9,60,ENE,8.857246631071302,-160.21845605496864,347,94,,,,1.0,56.0,289.0,1,308,39,30,2
21/04/2023 08:35,59,24.5,88,15.0,99.23,-505,0,3,73,-0.78,1788,58,-1.9823289,43.319523,59.31202,4.934470043686045,35:45.3,7,7199.677,0101000020E61000004152288E9EB7FFBF50B6D210E6A84540,20230421_NISSAN_ULIA_HERNANI_058,,d1,22:09.1,03:42.1,NISSAN_LEAF,Nissan Leaf e+ 62 kW,62000,174,36:45.3,5.6,9,60,ENE,8.87822843322253,-159.4358323284949,347,94,,,,1.0,56.0,289.0,1,308,39,30,2
21/04/2023 08:35,58,-0.2,88,15.0,99.23,-510,0,3,73,0.0,352,58,-1.9827154,43.319378,58.567776,4.969657565278366,35:54.4,7,7199.634,0101000020E61000003325CEC133B9FFBFA19BBA6BE1A84540,20230421_NISSAN_ULIA_HERNANI_058,,d1,22:09.1,03:42.1,NISSAN_LEAF,Nissan Leaf e+ 62 kW,62000,174,36:45.3,5.6,9,60,ENE,3.702112621669318,-84.2894068744668,347,94,,,,1.0,56.0,289.0,1,308,39,30,2
21/04/2023 08:36,58,0.0,88,15.0,99.23,-510,0,3,72,0.0,0,58,-1.982715,43.319374,58.9463,4.970242506767197,36:03.4,7,7199.593000000001,0101000020E61000005388E36D33B9FFBF7252E04CE1A84540,20230421_NISSAN_ULIA_HERNANI_058,,d1,22:09.1,03:42.1,NISSAN_LEAF,Nissan Leaf e+ 62 kW,62000,174,36:45.3,5.6,9,60,ENE,7.794228634059946,180.0,347,94,,,,1.0,56.0,289.0,1,308,39,30,2
21/04/2023 08:36,58,0.0,88,15.0,99.23,-510,0,3,72,0.0,0,58,-1.9827155,43.319374,58.796055,4.970398101484015,36:12.5,7,7199.514,0101000020E6100000F15F58E533B9FFBFD7723A4EE1A84540,20230421_NISSAN_ULIA_HERNANI_058,,d1,22:09.1,03:42.1,NISSAN_LEAF,Nissan Leaf e+ 62 kW,62000,174,36:45.3,5.6,9,60,ENE,-7.794228634059947,0.0,347,94,,,,1.0,56.0,289.0,1,308,39,30,2
21/04/2023 08:36,58,0.0,88,15.0,99.23,-510,0,3,72,0.0,0,58,-1.9827148,43.319374,58.804222,4.970455316564256,36:19.5,7,7200.515,0101000020E6100000202EC92933B9FFBFB02B064CE1A84540,20230421_NISSAN_ULIA_HERNANI_058,,d1,22:09.1,03:42.1,NISSAN_LEAF,Nissan Leaf e+ 62 kW,62000,174,36:45.3,5.6,9,60,ENE,7.794228634059946,180.0,347,94,,,,1.0,56.0,289.0,1,308,39,30,2
21/04/2023 08:36,58,0.0,88,15.0,99.23,-510,0,3,72,0.0,0,58,-1.9827149,43.319374,58.79464,4.97046785693741,36:28.6,7,7200.424,0101000020E6100000C928A34433B9FFBF203E584FE1A84540,20230421_NISSAN_ULIA_HERNANI_058,,d1,22:09.1,03:42.1,NISSAN_LEAF,Nissan Leaf e+ 62 kW,62000,174,36:45.3,5.6,9,60,ENE,-7.794228634059947,0.0,347,94,,,,1.0,56.0,289.0,1,308,39,30,2
21/04/2023 08:36,58,0.0,88,15.0,99.23,-510,0,3,72,0.0,0,58,-1.9827148,43.319374,58.796696,4.970476203995027,36:36.6,7,7200.425,0101000020E610000040648F1C33B9FFBF1F07C04EE1A84540,20230421_NISSAN_ULIA_HERNANI_058,,d1,22:09.1,03:42.1,NISSAN_LEAF,Nissan Leaf e+ 62 kW,62000,174,36:45.3,5.6,9,60,ENE,-7.794228634059947,0.0,347,94,,,,1.0,56.0,289.0,1,308,39,30,2
21/04/2023 08:36,58,0.0,88,15.0,99.23,-510,0,3,71,0.0,0,58,-1.9827147,43.319374,58.804546,4.970487476471913,36:46.7,7,7200.334,0101000020E610000092F77A0333B9FFBF5B8B534FE1A84540,20230421_NISSAN_ULIA_HERNANI_058,,d1,22:09.1,03:42.1,NISSAN_LEAF,Nissan Leaf e+ 62 kW,62000,174,36:45.3,5.6,9,60,ENE,8.927269824480351,-157.2889772290906,347,94,,,,1.0,56.0,289.0,1,308,39,30,2
21/04/2023 08:36,59,10.1,88,15.0,99.23,-510,440,3,71,-4.02,1169,58,-1.9829154,43.31929,59.216084,4.989223349900315,36:54.7,7,7200.294,0101000020E6100000E149FD8805BAFFBF7C82E981DEA84540,20230421_NISSAN_ULIA_HERNANI_058,,d1,22:09.1,03:42.1,NISSAN_LEAF,Nissan Leaf e+ 62 kW,62000,174,36:45.3,5.6,9,60,ENE,8.853799024415583,-160.34144388190552,347,94,,,,1.0,56.0,289.0,1,308,39,30,2
21/04/2023 08:37,57,19.5,88,15.0,99.23,-511,1200,3,72,0.0,1147,58,-1.9832989,43.319153,57.915447,5.023810844162359,37:03.8,7,7200.244000000001,0101000020E6100000B27D3A9697BBFFBFE7BE23F2D9A84540,20230421_NISSAN_ULIA_HERNANI_058,,d1,22:09.1,03:42.1,NISSAN_LEAF,Nissan Leaf e+ 62 kW,62000,174,36:45.3,5.6,9,60,ENE,8.891448750271959,-158.90781664367145,347,94,,,,1.0,56.0,289.0,1,308,39,30,2
21/04/2023 08:37,58,12.0,88,15.0,99.23,-511,0,3,72,-0.78,928,58,-1.9837552,43.318977,57.845577,5.065592056360084,37:12.8,7,7200.234,0101000020E6100000083D901A76BDFFBFC1215132D4A84540,20230421_NISSAN_ULIA_HERNANI_058,,d1,22:09.1,03:42.1,NISSAN_LEAF,Nissan Leaf e+ 62 kW,62000,174,36:45.3,5.6,9,60,ENE,8.981187715812396,-153.70520992518436,347,94,,,,1.0,56.0,289.0,1,308,39,30,2
21/04/2023 08:37,57,0.0,88,15.0,99.23,-511,0,3,72,0.0,0,58,-1.9838402,43.318935,57.633575,5.073907171881451,37:20.8,7,7200.153,0101000020E6100000C165A44DCFBDFFBFDCB365E0D2A84540,20230421_NISSAN_ULIA_HERNANI_058,,d1,22:09.1,03:42.1,NISSAN_LEAF,Nissan Leaf e+ 62 kW,62000,174,36:45.3,5.6,9,60,ENE,-7.794228634059947,0.0,347,94,,,,1.0,56.0,289.0,1,308,39,30,2
21/04/2023 08:37,58,0.0,88,15.0,99.23,-511,0,3,72,0.0,0,58,-1.9838337,43.318935,58.357677,5.074802067431352,37:29.9,7,7200.144,0101000020E6100000A23C7A5CC8BDFFBF5D5319E5D2A84540,20230421_NISSAN_ULIA_HERNANI_058,,d1,22:09.1,03:42.1,NISSAN_LEAF,Nissan Leaf e+ 62 kW,62000,174,38:02.2,5.6,9,60,ENE,-7.794228634059947,0.0,347,94,,,,1.0,56.0,289.0,1,308,39,30,2
21/04/2023 08:37,58,0.0,88,15.500001,99.23,-511,0,3,71,0.0,0,58,-1.9838337,43.318935,58.359,5.074803390431352,37:38.9,7,7200.095,0101000020E6100000D946B360C8BDFFBFA400FCE2D2A84540,20230421_NISSAN_ULIA_HERNANI_058,,d1,22:09.1,03:42.1,NISSAN_LEAF,Nissan Leaf e+ 62 kW,62000,174,38:02.2,5.6,9,60,ENE,-7.794228634059947,0.0,347,94,,,,1.0,56.0,289.0,1,308,39,30,2
21/04/2023 08:37,58,0.0,88,15.500001,99.23,-511,0,3,71,0.0,0,58,-1.9838333,43.318935,58.358204,5.074835759992806,37:48.0,7,7200.045,0101000020E6100000968889F3C7BDFFBF308E6BE4D2A84540,20230421_NISSAN_ULIA_HERNANI_058,,d1,22:09.1,03:42.1,NISSAN_LEAF,Nissan Leaf e+ 62 kW,62000,174,38:02.2,5.6,9,60,ENE,-7.794228634059947,0.0,347,94,,,,1.0,56.0,289.0,1,308,39,30,2
21/04/2023 08:37,58,0.0,88,15.500001,99.23,-511,0,3,71,0.0,0,58,-1.9838331,43.318935,58.358673,5.074851946675106,37:57.0,7,7199.996,0101000020E610000058115BBFC7BDFFBFE024FBE6D2A84540,20230421_NISSAN_ULIA_HERNANI_058,,d1,22:09.1,03:42.1,NISSAN_LEAF,Nissan Leaf e+ 62 kW,62000,174,38:02.2,5.6,9,60,ENE,7.794228634059946,180.0,347,94,,,,1.0,56.0,289.0,1,308,39,30,2
21/04/2023 08:38,58,0.0,88,15.500001,99.23,-511,0,3,71,0.0,0,58,-1.9838332,43.318935,58.358276,5.074860046353486,38:06.1,7,7199.948,0101000020E6100000DB1558D8C7BDFFBF3BE6A3E7D2A84540,20230421_NISSAN_ULIA_HERNANI_058,,d1,22:09.1,03:42.1,NISSAN_LEAF,Nissan Leaf e+ 62 kW,62000,174,38:02.2,5.6,9,60,ENE,-7.794228634059947,0.0,347,94,,,,1.0,56.0,289.0,1,308,39,30,2
21/04/2023 08:38,58,0.0,88,15.500001,99.23,-511,0,3,70,2.48,0,58,-1.9838282,43.318935,58.504074,5.07529001729294,38:15.1,7,7199.859,0101000020E6100000D464F3A7C2BDFFBF0DB337E1D2A84540,20230421_NISSAN_ULIA_HERNANI_058,,d1,22:09.1,03:42.1,NISSAN_LEAF,Nissan Leaf e+ 62 kW,62000,174,38:02.2,5.6,9,60,ENE,8.672511118198061,-134.49611839728195,347,94,,,,1.0,56.0,289.0,1,308,39,30,2
21/04/2023 08:38,58,16.5,88,15.500001,99.23,-511,2720,3,70,1.84,1142,58,-1.9840198,43.318740000000005,58.661526,5.101944074783992,38:24.2,7,7199.806,0101000020E6100000F0EC44868BBEFFBFB4606177CCA84540,20230421_NISSAN_ULIA_HERNANI_058,,d1,22:09.1,03:42.1,NISSAN_LEAF,Nissan Leaf e+ 62 kW,62000,174,38:02.2,5.6,9,60,ENE,-0.7035486676278472,-55.51649578819759,347,94,,,,1.0,56.0,289.0,1,308,39,30,2
21/04/2023 08:38,59,20.7,88,15.500001,99.23,-511,1280,3,70,0.22,1403,58,-1.9837794,43.31839,59.57914,5.145460832487125,38:32.2,7,7199.761,0101000020E61000003CECDF778FBDFFBF10E3BE03C1A84540,20230421_NISSAN_ULIA_HERNANI_058,,d1,22:09.1,03:42.1,NISSAN_LEAF,Nissan Leaf e+ 62 kW,62000,174,38:02.2,5.6,9,60,ENE,-0.5679186980285367,-56.38211356946361,347,94,,,,1.0,56.0,289.0,1,308,39,40,2
21/04/2023 08:38,60,10.0,88,15.500001,99.23,-511,280,3,70,-0.67,937,58,-1.98356,43.31806,60.33109,5.18622951216026,38:41.3,7,7199.735,0101000020E61000008B5D8168A9BCFFBF4FDC1F4DB6A84540,20230421_NISSAN_ULIA_HERNANI_058,,d1,22:09.1,03:42.1,NISSAN_LEAF,Nissan Leaf e+ 62 kW,62000,174,38:02.2,5.6,9,60,ENE,-0.8507082619951651,-54.57612574565011,347,94,,,,1.0,56.0,289.0,1,308,39,40,2
21/04/2023 08:38,63,16.7,88,15.500001,99.23,-511,920,3,70,-0.56,1276,58,-1.9833395,43.31775,63.90682,5.225206592836243,38:51.3,7,7199.688,0101000020E6100000A2A00835C2BBFFBF1F64EF03ACA84540,20230421_NISSAN_ULIA_HERNANI_058,,d1,22:09.1,03:42.1,NISSAN_LEAF,Nissan Leaf e+ 62 kW,62000,174,38:02.2,5.6,9,60,ENE,-0.8071743653802175,-54.8544545000964,347,94,,,,1.0,56.0,289.0,1,308,39,40,2
21/04/2023 08:39,67,14.6,88,15.500001,99.23,-511,1200,3,70,-5.25,1242,58,-1.9830931,43.3174,67.62047,5.26909037543919,39:00.3,7,7199.656999999999,0101000020E61000004EF920D0BFBAFFBFB173CDABA0A84540,20230421_NISSAN_ULIA_HERNANI_058,,d1,22:09.1,03:42.1,NISSAN_LEAF,Nissan Leaf e+ 62 kW,62000,174,38:02.2,5.6,9,60,ENE,-0.7962200008909339,-54.924470489298265,347,94,,,,1.0,56.0,289.0,1,308,39,8,2
21/04/2023 08:39,69,37.6,88,15.500001,99.23,-511,7200,3,70,2.09,2344,58,-1.9827701,43.31694,69.59902,5.326562512856887,39:08.4,7,7199.604,0101000020E61000002B09922D6DB9FFBF5E5C9F8191A84540,20230421_NISSAN_ULIA_HERNANI_058,,d1,22:09.1,03:42.1,NISSAN_LEAF,Nissan Leaf e+ 62 kW,62000,174,38:02.2,5.6,9,60,ENE,-0.6600879666426481,-55.79397287468385,347,94,,,,1.0,56.0,289.0,1,308,39,40,2
21/04/2023 08:39,70,42.0,88,15.500001,99.23,-511,240,3,70,0.34,2875,58,-1.9822195,43.31613,70.39225,5.42704688953897,39:17.4,7,7199.562,0101000020E61000003D1582B92BB7FFBF86E407F676A84540,20230421_NISSAN_ULIA_HERNANI_058,,d1,22:09.1,03:42.1,NISSAN_LEAF,Nissan Leaf e+ 62 kW,62000,174,38:02.2,5.6,9,60,ENE,-0.5844593709566509,-56.27659589596328,347,94,,,,1.0,56.0,289.0,1,308,39,40,2
21/04/2023 08:39,69,36.1,88,15.500001,99.23,-512,2240,3,71,2.47,2519,58,-1.9817696,43.315456,69.24509,5.510371432740441,39:25.5,7,7199.514,0101000020E6100000A7E312FE53B5FFBF31283CE460A84540,20230421_NISSAN_ULIA_HERNANI_058,,d1,22:09.1,03:42.1,NISSAN_LEAF,Nissan Leaf e+ 62 kW,62000,174,38:02.2,5.6,9,60,ENE,-0.8889254303333508,-54.331683218519736,347,94,,,,1.0,56.0,289.0,1,308,39,40,2
21/04/2023 08:39,69,29.8,88,15.500001,99.23,-515,0,3,71,-3.97,2313,58,-1.981288,43.314785,68.97341,5.594544807149899,39:33.5,7,7200.49,0101000020E6100000B17C7A055BB3FFBF1A9047DA4AA84540,20230421_NISSAN_ULIA_HERNANI_058,,d1,22:09.1,03:42.1,NISSAN_LEAF,Nissan Leaf e+ 62 kW,62000,174,38:02.2,5.6,9,60,ENE,-0.7906699861434165,-54.95994109380983,347,94,,,,1.0,56.0,289.0,1,308,39,40,2
21/04/2023 08:39,68,8.5,88,15.500001,99.23,-528,0,3,71,-1.09,829,58,-1.9810636,43.314465000000006,68.32343,5.63449648273835,39:41.7,7,7200.312,0101000020E6100000B7EB89BD6FB2FFBF7CCE316340A84540,20230421_NISSAN_ULIA_HERNANI_058,,d1,22:09.1,03:42.1,NISSAN_LEAF,Nissan Leaf e+ 62 kW,62000,174,38:02.2,5.6,9,60,ENE,-0.7029851126467637,-55.52009449427095,347,94,,,,1.0,56.0,289.0,1,308,39,40,2
21/04/2023 08:39,67,25.2,88,15.500001,99.23,-528,3600,3,71,0.42,1717,58,-1.9808301,43.314125,67.949196,5.676761618953812,39:50.6,7,7200.4,0101000020E6100000046348D77AB1FFBF4CBAD54235A84540,20230421_NISSAN_ULIA_HERNANI_058,,d1,22:09.1,03:42.1,NISSAN_LEAF,Nissan Leaf e+ 62 kW,62000,174,38:02.2,5.6,9,60,ENE,-0.706109893903,-55.50014028281982,347,94,,,,1.0,56.0,289.0,1,308,39,40,2
21/04/2023 08:39,68,20.3,88,15.500001,99.23,-531,0,3,71,3.59,1127,58,-1.98056,43.313732,68.55543,5.725624336952279,39:58.7,7,7200.344,0101000020E6100000828CDF905FB0FFBF98F95F6128A84540,20230421_NISSAN_ULIA_HERNANI_058,,d1,22:09.1,03:42.1,NISSAN_LEAF,Nissan Leaf e+ 62 kW,62000,174,41:45.4,5.6,9,60,ENE,-0.568457964829206,-56.37867362833223,347,94,,,,1.0,56.0,289.0,1,308,39,40,2
21/04/2023 08:40,68,11.8,88,15.500001,99.23,-535,0,3,71,5.41,649,58,-1.980304,43.313347,68.8924,5.773182769122814,40:07.7,7,7200.302,0101000020E6100000064FA73C53AFFFBF61E6A6B21BA84540,20230421_NISSAN_ULIA_HERNANI_058,,d1,22:09.1,03:42.1,NISSAN_LEAF,Nissan Leaf e+ 62 kW,62000,174,41:45.4,5.6,9,60,ENE,4.143028074387715,-87.40882031100942,347,94,,,,1.0,56.0,289.0,1,308,39,40,2
21/04/2023 08:40,68,7.1,88,15.500001,99.23,-535,280,3,71,2.42,33,58,-1.9802978,43.31321,68.24961,5.788438278662284,40:15.7,7,7200.262,0101000020E6100000824466BC4CAFFFBF61DAF83F17A84540,20230421_NISSAN_ULIA_HERNANI_058,,d1,22:09.1,03:42.1,NISSAN_LEAF,Nissan Leaf e+ 62 kW,62000,174,41:45.4,5.6,9,60,ENE,5.672800877256417,-99.0730866746212,347,94,,,,1.0,56.0,289.0,1,308,39,40,2
21/04/2023 08:40,65,20.2,88,15.500001,99.23,-535,5080,3,71,-0.53,1385,58,-1.9803497,43.312885,65.71055600000001,5.824908260210484,40:24.8,7,7200.22,0101000020E610000027217D2683AFFFBF8B23BD9E0CA84540,20230421_NISSAN_ULIA_HERNANI_058,,d1,22:09.1,03:42.1,NISSAN_LEAF,Nissan Leaf e+ 62 kW,62000,174,41:45.4,5.6,9,60,ENE,6.29835697518525,-104.41235915639888,347,94,,,,1.0,56.0,289.0,1,308,39,40,2
21/04/2023 08:40,57,24.2,88,15.500001,99.23,-535,2280,3,72,2.58,1560,58,-1.9804435,43.31252,59.99564399999999,5.866591479488694,40:32.9,7,7200.087,0101000020E61000003AE71D85E5AFFFBFD932FC9900A84540,20230421_NISSAN_ULIA_HERNANI_058,,d1,22:09.1,03:42.1,NISSAN_LEAF,Nissan Leaf e+ 62 kW,62000,174,41:45.4,5.6,9,60,ENE,4.891462818469055,-92.92193637984474,347,94,,,,1.0,56.0,289.0,1,308,39,55,2
21/04/2023 08:40,57,27.3,88,15.500001,99.23,-535,0,3,72,-3.02,2110,58,-1.9804778000000005,43.311848,57.969826,5.94139342321276,40:41.9,7,7200.1230000000005,0101000020E61000000E5FD38609B0FFBF50BEC5AFEAA74540,20230421_NISSAN_ULIA_HERNANI_058,,d1,22:09.1,03:42.1,NISSAN_LEAF,Nissan Leaf e+ 62 kW,62000,174,41:45.4,5.6,9,60,ENE,2.719188939366832,-77.58570735387529,347,94,,,,1.0,56.0,289.0,1,308,39,25,2
21/04/2023 08:40,57,-0.2,88,15.500001,99.23,-546,200,3,72,0.23,320,58,-1.9804078,43.31153,57.969303,5.977204111912091,40:50.9,7,7200.079000000001,0101000020E61000000E93AF17C0AFFFBF3069B63AE0A74540,20230421_NISSAN_ULIA_HERNANI_058,,d1,22:09.1,03:42.1,NISSAN_LEAF,Nissan Leaf e+ 62 kW,62000,174,41:45.4,5.6,9,60,ENE,-8.89372298091312,21.186176446387705,347,94,,,,1.0,56.0,289.0,1,308,39,50,2
21/04/2023 08:41,58,0.0,88,15.500001,99.23,-546,0,3,72,0.0,0,58,-1.980382,43.31154,58.53633000000001,5.979636279270375,41:00.0,7,7200.036,0101000020E6100000A026DB05A5AFFFBFDDF07C79E0A74540,20230421_NISSAN_ULIA_HERNANI_058,,d1,22:09.1,03:42.1,NISSAN_LEAF,Nissan Leaf e+ 62 kW,62000,174,41:45.4,5.6,9,60,ENE,-4.133300973987831,-32.6609127295585,347,94,,,,1.0,56.0,289.0,1,308,39,50,2
21/04/2023 08:41,60,0.0,88,15.500001,99.23,-546,560,3,72,2.0,162,58,-1.9803742,43.311535,60.084846,5.9813984617802545,41:08.0,7,7200.01,0101000020E610000014FDF1D19CAFFFBF78F2106FE0A74540,20230421_NISSAN_ULIA_HERNANI_058,,d1,22:09.1,03:42.1,NISSAN_LEAF,Nissan Leaf e+ 62 kW,62000,174,41:45.4,5.6,9,60,ENE,-7.794228634059947,0.0,347,94,,,,1.0,56.0,289.0,1,308,39,50,2
21/04/2023 08:41,59,0.0,88,15.500001,99.23,-546,0,3,72,0.0,0,58,-1.9803739,43.311535,59.92326,5.981561860689356,41:17.1,7,7199.946,0101000020E610000092B4CC8E9CAFFFBF1D06546EE0A74540,20230421_NISSAN_ULIA_HERNANI_058,,d1,22:09.1,03:42.1,NISSAN_LEAF,Nissan Leaf e+ 62 kW,62000,174,41:45.4,5.6,9,60,ENE,1.8705657935920812,-71.99583839216882,347,94,,,,1.0,56.0,289.0,1,308,39,50,2
21/04/2023 08:41,59,11.1,88,15.500001,99.23,-546,680,3,71,6.95,184,58,-1.98037,43.311523,59.891180000000006,5.9829333778933576,41:26.1,7,7199.892,0101000020E6100000C01E737498AFFFBF76CBC8FADFA74540,20230421_NISSAN_ULIA_HERNANI_058,,d1,22:09.1,03:42.1,NISSAN_LEAF,Nissan Leaf e+ 62 kW,62000,174,41:45.4,5.6,9,60,ENE,3.512584107068132,-82.97236621047549,347,94,,,,1.0,56.0,289.0,1,308,39,50,2
21/04/2023 08:41,61,27.7,88,15.500001,99.23,-546,80,3,71,-0.5,1756,58,-1.9803075,43.311016,61.531986,6.039559325664499,41:34.2,7,7199.844,0101000020E6100000F5E62FD656AFFFBF361B705ACFA74540,20230421_NISSAN_ULIA_HERNANI_058,,d1,22:09.1,03:42.1,NISSAN_LEAF,Nissan Leaf e+ 62 kW,62000,174,41:45.4,5.6,9,60,ENE,2.749449220887907,-77.78790812457623,347,94,,,,1.0,56.0,289.0,1,308,39,50,2
21/04/2023 08:41,61,13.3,88,15.500001,99.23,-549,0,3,71,-1.81,1141,58,-1.9802166,43.310596,61.390335,6.086836982995275,41:43.2,7,7199.806,0101000020E6100000069596ACF7AEFFBFE8FE5EA7C1A74540,20230421_NISSAN_ULIA_HERNANI_058,,d1,22:09.1,03:42.1,NISSAN_LEAF,Nissan Leaf e+ 62 kW,62000,174,41:45.4,5.6,9,60,ENE,2.778476056088419,-77.98208227778824,347,94,,,,1.0,56.0,289.0,1,308,39,25,2
21/04/2023 08:41,60,25.3,88,15.500001,99.23,-549,0,3,72,4.2,1467,58,-1.9801472,43.31027,60.40355699999999,6.123532130657419,41:51.2,7,7199.794,0101000020E61000001ABF5BD9AEAEFFBF3878D6D8B6A74540,20230421_NISSAN_ULIA_HERNANI_058,,d1,22:09.1,03:42.1,NISSAN_LEAF,Nissan Leaf e+ 62 kW,62000,174,41:45.4,5.6,9,60,ENE,2.787638100056606,-78.0434157569029,347,94,,,,1.0,56.0,289.0,1,308,39,25,2
21/04/2023 08:42,61,36.6,88,15.500001,99.23,-549,5880,3,72,1.2,2359,58,-1.9800032,43.30959,61.177505,6.20004100746751,42:00.3,7,7199.744000000001,0101000020E6100000A646FCD317AEFFBF43C00194A0A74540,20230421_NISSAN_ULIA_HERNANI_058,,d1,22:09.1,03:42.1,NISSAN_LEAF,Nissan Leaf e+ 62 kW,62000,174,41:45.4,5.6,9,60,ENE,2.8269341870935083,-78.30671941596083,347,94,,,,1.0,56.0,289.0,1,308,39,25,2
21/04/2023 08:42,61,39.8,88,15.500001,99.23,-549,5080,3,72,-1.0,2789,58,-1.9798428,43.308815,61.16424,6.287188884054448,42:08.4,7,7199.618,0101000020E61000007122BDA46FADFFBF6BB37A4187A74540,20230421_NISSAN_ULIA_HERNANI_058,,d1,22:09.1,03:42.1,NISSAN_LEAF,Nissan Leaf e+ 62 kW,62000,174,41:45.4,5.6,9,60,ENE,2.6115206337644383,-76.86807163867668,347,94,,,,1.0,56.0,289.0,1,308,39,50,1
21/04/2023 08:42,61,37.3,88,15.500001,99.23,-549,0,3,72,-0.84,2635,58,-1.979641,43.30795,61.11666,6.384748630333235,42:17.3,7,7199.664000000001,0101000020E6100000122848019CACFFBF607EE9D16AA74540,20230421_NISSAN_ULIA_HERNANI_058,,d1,22:09.1,03:42.1,NISSAN_LEAF,Nissan Leaf e+ 62 kW,62000,174,41:45.4,5.6,9,60,ENE,7.676429361790614,-118.5325209284234,347,94,,,,1.0,56.0,289.0,1,308,39,50,1
21/04/2023 08:42,53,26.8,88,15.500001,99.23,-550,0,3,72,-6.61,2131,58,-1.9799857,43.307316,53.216354,6.460973588869736,42:25.4,7,7199.596,0101000020E61000004D06AF8605AEFFBFA803A42456A74540,20230421_NISSAN_ULIA_HERNANI_058,,d1,22:09.1,03:42.1,NISSAN_LEAF,Nissan Leaf e+ 62 kW,62000,174,43:02.4,5.6,9,60,ENE,8.923501126732921,-157.4757022588541,347,94,,,,1.0,56.0,289.0,1,308,39,55,1
21/04/2023 08:42,48,0.0,88,15.500001,99.23,-562,0,3,72,0.0,0,58,-1.9802413,43.30721,48.462914000000005,6.485248271198133,42:34.4,7,7199.568,0101000020E6100000B3DA3D8111AFFFBF2492A79252A74540,20230421_NISSAN_ULIA_HERNANI_058,,d1,22:09.1,03:42.1,NISSAN_LEAF,Nissan Leaf e+ 62 kW,62000,174,43:02.4,5.6,9,60,ENE,8.49240299702891,-169.33474781851035,347,94,,,,1.0,56.0,289.0,1,308,39,55,1
21/04/2023 08:42,50,22.0,88,15.500001,99.23,-562,8640,3,72,2.36,1193,58,-1.9804006,43.30718,50.81003,6.4987679970099155,42:43.5,7,7199.531999999999,0101000020E61000004E93477FB8AFFFBF14CF8BAA51A74540,20230421_NISSAN_ULIA_HERNANI_058,,d1,22:09.1,03:42.1,NISSAN_LEAF,Nissan Leaf e+ 62 kW,62000,174,43:02.4,5.6,9,60,ENE,8.156854163286267,-174.9987334141384,347,94,,,,1.0,56.0,289.0,1,308,39,55,1
21/04/2023 08:42,50,26.8,87,15.500001,99.23,-562,160,3,72,-0.8,1877,58,-1.9812005,43.30711,50.18602,6.563961340942419,42:51.5,7,7200.464,0101000020E610000039DCCB3AFFB2FFBFFD66FE534FA74540,20230421_NISSAN_ULIA_HERNANI_058,,d1,22:09.1,03:42.1,NISSAN_LEAF,Nissan Leaf e+ 62 kW,62000,174,43:02.4,5.6,9,60,ENE,8.17907644860543,-174.66184148085682,347,94,,,,1.0,56.0,289.0,1,308,39,55,2
21/04/2023 08:43,50,19.8,88,15.500001,99.23,-565,6000,3,72,6.81,974,58,-1.9816928,43.307064,50.323597,6.604123183799899,42:59.6,7,7200.4,0101000020E61000000594308F03B5FFBF42D02DD44DA74540,20230421_NISSAN_ULIA_HERNANI_058,,d1,22:09.1,03:42.1,NISSAN_LEAF,Nissan Leaf e+ 62 kW,62000,174,43:02.4,5.6,9,60,ENE,7.523599781589844,176.7154661255338,347,94,,,,1.0,56.0,289.0,1,308,39,55,2
21/04/2023 08:43,51,29.9,87,15.500001,99.23,-565,3200,3,73,5.34,1979,58,-1.9823201,43.3071,51.035217,6.6550438723321665,43:07.6,7,7200.36,0101000020E61000001618214995B7FFBFE3A231064FA74540,20230421_NISSAN_ULIA_HERNANI_058,,d1,22:09.1,03:42.1,NISSAN_LEAF,Nissan Leaf e+ 62 kW,62000,174,43:02.4,5.6,9,60,ENE,6.832343358771414,169.38925600816162,347,94,,,,1.0,56.0,289.0,1,308,39,55,2
21/04/2023 08:43,53,59.3,87,15.500001,99.23,-565,29960,3,74,4.25,3846,58,-1.9836012,43.30734,52.986565,6.762101977977776,43:16.7,7,7200.335999999999,0101000020E6100000669FCEADD4BCFFBF15F982E656A74540,20230421_NISSAN_ULIA_HERNANI_058,,d1,22:09.1,03:42.1,NISSAN_LEAF,Nissan Leaf e+ 62 kW,62000,174,43:02.4,5.6,9,60,ENE,6.586603663798692,167.04127824341515,347,94,,,,1.0,56.0,289.0,1,308,39,25,2
21/04/2023 08:43,57,41.9,87,15.500001,99.23,-565,2040,3,75,1.11,3190,58,-1.9850353,43.30767,56.747063,6.883863327896628,43:24.7,7,7200.312,0101000020E61000008ABAAB6DB4C2FFBF98ED64CF61A74540,20230421_NISSAN_ULIA_HERNANI_058,,d1,22:09.1,03:42.1,NISSAN_LEAF,Nissan Leaf e+ 62 kW,62000,174,43:02.4,5.6,9,60,ENE,7.337007616098986,174.60942436460087,347,94,,,,1.0,56.0,289.0,1,308,39,55,2
21/04/2023 08:43,62,5.7,87,15.500001,99.23,-568,0,3,76,0.5,956,58,-1.9858831,43.30775,62.268192000000006,6.953256885042351,43:33.7,7,7200.255999999999,0101000020E6100000B0B929562DC6FFBFCAB90C5964A74540,20230421_NISSAN_ULIA_HERNANI_058,,d1,22:09.1,03:42.1,NISSAN_LEAF,Nissan Leaf e+ 62 kW,62000,174,43:02.4,5.6,9,60,ENE,8.520979544709432,-168.77754193483227,347,94,,,,1.0,56.0,289.0,1,308,39,25,2
21/04/2023 08:43,68,3.2,87,15.500001,99.23,-568,1360,3,76,3.7,205,58,-1.9859335,43.30774,67.63725,6.960090183612565,43:41.8,7,7200.218000000001,0101000020E61000008AA17C4762C6FFBFB120EC0664A74540,20230421_NISSAN_ULIA_HERNANI_058,,d1,22:09.1,03:42.1,NISSAN_LEAF,Nissan Leaf e+ 62 kW,62000,174,43:02.4,5.6,9,60,ENE,8.483326429483343,-169.5085229865779,347,94,,,,1.0,56.0,289.0,1,308,39,25,2
21/04/2023 08:43,73,14.1,87,15.500001,99.23,-568,6880,3,76,7.83,523,58,-1.9860793,43.307713,72.77573000000001,6.97330359153973,43:50.8,7,7200.172,0101000020E6100000C71AA023FBC6FFBFD2E8842C63A74540,20230421_NISSAN_ULIA_HERNANI_058,,d1,22:09.1,03:42.1,NISSAN_LEAF,Nissan Leaf e+ 62 kW,62000,174,43:02.4,5.6,9,60,ENE,7.724840729371852,179.12798545561955,347,94,,,,1.0,56.0,289.0,1,308,39,55,2
21/04/2023 08:43,77,40.6,87,15.500001,99.23,-568,18280,3,77,4.66,2521,58,-1.986802,43.307724,75.98806,7.031881339846484,43:58.9,7,7200.128000000001,0101000020E6100000572B21E3F0C9FFBFCA221E8A63A74540,20230421_NISSAN_ULIA_HERNANI_058,,d1,22:09.1,03:42.1,NISSAN_LEAF,Nissan Leaf e+ 62 kW,62000,174,43:02.4,5.6,9,60,ENE,7.64480808107583,178.14898008274113,347,94,,,,1.0,56.0,289.0,1,308,39,8,2
21/04/2023 08:44,83,37.3,87,15.500001,99.23,-568,2880,3,78,3.11,2843,58,-1.9881016,43.307766,82.4446,7.137339089902434,44:07.9,7,7200.085999999999,0101000020E6100000262F7C9A43CFFFBF806B8CDA64A74540,20230421_NISSAN_ULIA_HERNANI_058,,d1,22:09.1,03:42.1,NISSAN_LEAF,Nissan Leaf e+ 62 kW,62000,174,43:02.4,5.6,9,60,ENE,7.668345732947982,178.43407564361266,347,94,,,,1.0,56.0,289.0,1,308,39,55,2
21/04/2023 08:44,87,30.7,87,15.500001,99.23,-568,8040,3,79,-0.7,2512,58,-1.989199,43.307796,87.43799999999999,7.22633725259366,44:17.0,7,7200.044,0101000020E6100000DCE89B5BC2D3FFBF2591FDD465A74540,20230421_NISSAN_ULIA_HERNANI_058,,d1,22:09.1,03:42.1,NISSAN_LEAF,Nissan Leaf e+ 62 kW,62000,174,43:02.4,5.6,9,60,ENE,7.666167594474758,178.40759656727656,347,94,,,,1.0,56.0,289.0,1,308,39,55,2
21/04/2023 08:44,91,2.2,87,15.500001,99.23,-569,1840,3,80,-4.23,789,58,-1.9897026,43.30781,91.0167,7.267272127852922,44:25.0,7,7199.996,0101000020E6100000BBA2AD6BD2D5FFBF78A1546766A74540,20230421_NISSAN_ULIA_HERNANI_058,,d1,22:09.1,03:42.1,NISSAN_LEAF,Nissan Leaf e+ 62 kW,62000,174,43:02.4,5.6,9,60,ENE,6.958523834131382,170.63934990758278,347,94,,,,1.0,56.0,289.0,1,308,39,55,2
21/04/2023 08:44,95,36.2,87,15.500001,99.23,-569,240,3,81,7.16,2215,58,-1.9903699,43.30792,94.26471,7.322729431324654,44:34.0,7,7199.97,0101000020E6100000A1A306218ED8FFBF4149C6EC69A74540,20230421_NISSAN_ULIA_HERNANI_058,,d1,22:09.1,03:42.1,NISSAN_LEAF,Nissan Leaf e+ 62 kW,62000,174,43:02.4,5.6,9,60,ENE,6.551637166605363,166.71561886970343,347,94,,,,1.0,56.0,289.0,1,308,39,55,2
21/04/2023 08:44,113,31.7,87,15.500001,99.23,-569,2080,3,82,4.45,2346,58,-1.9913017,43.30814,113.03065,7.4041855082856545,44:42.1,7,7199.908,0101000020E61000007F28032B5FDCFFBF409A9E1071A74540,20230421_NISSAN_ULIA_HERNANI_058,,d1,22:09.1,03:42.1,NISSAN_LEAF,Nissan Leaf e+ 62 kW,62000,174,43:02.4,5.6,9,60,ENE,6.18736108289478,163.43131873365493,347,94,,,,1.0,56.0,289.0,1,308,39,25,2
21/04/2023 08:44,117,44.7,87,15.500001,99.23,-569,15600,3,82,-0.5,2891,58,-1.9924781000000005,43.30849,117.75006,7.507129247747848,44:51.1,7,7199.853,0101000020E610000063C19EC930E1FFBFC9CB7FA67CA74540,20230421_NISSAN_ULIA_HERNANI_058,,d1,22:09.1,03:42.1,NISSAN_LEAF,Nissan Leaf e+ 62 kW,62000,174,43:02.4,5.6,9,60,ENE,6.190904263747532,163.46238787929948,347,94,,,,1.0,56.0,289.0,1,308,39,40,2
21/04/2023 08:44,120,33.7,87,15.500001,99.23,-589,0,3,83,-8.62,2594,58,-1.9935457,43.308807,120.26467,7.600460903806551,44:59.2,7,7199.799,0101000020E6100000510AB21090E5FFBF68D8C3F986A74540,20230421_NISSAN_ULIA_HERNANI_058,,d1,22:09.1,03:42.1,NISSAN_LEAF,Nissan Leaf e+ 62 kW,62000,174,46:45.3,5.6,9,40,NE,-1.416998937183481,130.9414132124353,114,75,,,,4.0,76.0,32.0,2,113,1,55,2
21/04/2023 08:45,122,23.0,87,15.500001,99.23,-614,3120,3,83,-1.55,1624,58,-1.9938606,43.30917,122.48337,7.648245372992573,45:08.2,7,7199.763000000001,0101000020E610000055C40063DAE6FFBFD9A6C9EE92A74540,20230421_NISSAN_ULIA_HERNANI_058,,d1,22:09.1,03:42.1,NISSAN_LEAF,Nissan Leaf e+ 62 kW,62000,174,46:45.3,5.6,9,40,NE,-0.7661180013936844,135.116831822612,114,75,,,,4.0,76.0,32.0,2,113,1,55,2
21/04/2023 08:45,123,30.5,87,15.500001,99.23,-622,0,3,83,-1.09,1865,58,-1.9942783,43.309586,123.06228,7.70553665651096,45:16.3,7,7199.710999999999,0101000020E61000000F668D6C90E8FFBFE9ACA484A0A74540,20230421_NISSAN_ULIA_HERNANI_058,,d1,22:09.1,03:42.1,NISSAN_LEAF,Nissan Leaf e+ 62 kW,62000,174,46:45.3,5.6,9,40,NE,-1.0111556953768108,133.54916293475188,114,75,,,,4.0,76.0,32.0,2,113,1,55,2
21/04/2023 08:45,121,20.3,87,15.500001,99.23,-642,0,3,83,-0.67,1381,58,-1.9946766,43.310005,121.065834,7.762222298985527,45:25.3,7,7199.686,0101000020E6100000D5C3130632EAFFBFC0C73344AEA74540,20230421_NISSAN_ULIA_HERNANI_058,,d1,22:09.1,03:42.1,NISSAN_LEAF,Nissan Leaf e+ 62 kW,62000,174,46:45.3,5.6,9,40,NE,-1.1864383888428536,132.42484917975733,114,75,,,,4.0,76.0,32.0,2,113,1,8,2
21/04/2023 08:45,119,29.7,87,15.500001,99.23,-646,0,3,83,-4.06,1914,58,-1.9950705,43.310436,119.732475,7.8197925710954115,45:33.3,7,7199.664000000001,0101000020E6100000D80BD20DCFEBFFBF4CA2B155BCA74540,20230421_NISSAN_ULIA_HERNANI_058,,d1,22:09.1,03:42.1,NISSAN_LEAF,Nissan Leaf e+ 62 kW,62000,174,46:45.3,5.6,9,40,NE,-0.8040399578214549,134.8744891826471,114,75,,,,4.0,76.0,32.0,2,113,1,55,2
21/04/2023 08:45,119,9.5,87,15.500001,99.23,-670,0,3,83,-5.12,1036,58,-1.9954349,43.310802,119.604095,7.870047759299687,45:42.4,7,7199.604,0101000020E61000003E80122B4DEDFFBFAE02F45AC8A74540,20230421_NISSAN_ULIA_HERNANI_058,,d1,22:09.1,03:42.1,NISSAN_LEAF,Nissan Leaf e+ 62 kW,62000,174,46:45.3,5.6,9,40,NE,-1.1352296470598118,132.75360068883586,114,75,,,,4.0,76.0,32.0,2,113,1,55,2
21/04/2023 08:45,114,32.6,87,15.500001,99.23,-673,200,3,83,0.98,1830,58,-1.9957631,43.311157,114.50713,7.917894827317037,45:50.5,7,7199.548000000001,0101000020E61000005FDEA146A5EEFFBFB9661209D4A74540,20230421_NISSAN_ULIA_HERNANI_058,,d1,22:09.1,03:42.1,NISSAN_LEAF,Nissan Leaf e+ 62 kW,62000,174,46:45.3,5.6,9,40,NE,-1.4179248533522884,130.935444151126,114,75,,,,4.0,76.0,32.0,2,113,1,55,2
21/04/2023 08:45,111,42.8,87,15.500001,99.23,-680,0,3,83,-3.61,2849,58,-1.9963468,43.31183,111.42403,8.006438769591224,45:58.5,7,7199.486999999999,0101000020E61000004322285B09F1FFBFD566C7FAE9A74540,20230421_NISSAN_ULIA_HERNANI_058,,d1,22:09.1,03:42.1,NISSAN_LEAF,Nissan Leaf e+ 62 kW,62000,174,46:45.3,5.6,9,40,NE,-1.1468798899531922,132.678829557906,114,75,,,,4.0,76.0,32.0,2,113,1,55,2
21/04/2023 08:46,109,39.3,87,15.500001,99.23,-702,0,3,82,-3.05,3021,58,-1.9969646,43.3125,109.54823,8.096173835846077,46:06.5,7,7200.465999999999,0101000020E61000003A4ABF1F91F3FFBF86FF830900A84540,20230421_NISSAN_ULIA_HERNANI_058,,d1,22:09.1,03:42.1,NISSAN_LEAF,Nissan Leaf e+ 62 kW,62000,174,46:45.3,5.6,9,40,NE,0.338076051923417,142.15276547298575,114,75,,,,4.0,76.0,32.0,2,113,1,25,2
21/04/2023 08:46,107,22.6,87,15.500001,99.23,-743,0,3,82,-0.72,1605,58,-1.9976081,43.313,108.07026,8.172357371445345,46:14.6,7,7200.439,0101000020E6100000D31540D133F6FFBFBF904A5E10A84540,20230421_NISSAN_ULIA_HERNANI_058,,d1,22:09.1,03:42.1,NISSAN_LEAF,Nissan Leaf e+ 62 kW,62000,174,46:45.3,5.6,9,40,NE,2.151710762346977,153.83218702519451,114,75,,,,4.0,76.0,32.0,2,113,1,55,2
21/04/2023 08:46,106,32.3,87,15.500001,99.23,-744,0,3,82,2.52,2245,58,-1.9982044,43.313293,106.926315,8.23058404368417,46:22.6,7,7200.401999999999,0101000020E610000010221910A5F8FFBF24187BF619A84540,20230421_NISSAN_ULIA_HERNANI_058,,d1,22:09.1,03:42.1,NISSAN_LEAF,Nissan Leaf e+ 62 kW,62000,174,46:45.3,5.6,9,40,NE,2.039013311222312,153.0944543026054,114,75,,,,4.0,76.0,32.0,2,113,1,55,2
21/04/2023 08:46,104,39.9,87,15.500001,99.23,-748,0,3,82,-4.58,2611,58,-1.9991976,43.313797,105.13405,8.328569262787024,46:31.6,7,7200.36,0101000020E610000073CD23A7B6FCFFBF54ADC28C2AA84540,20230421_NISSAN_ULIA_HERNANI_058,,d1,22:09.1,03:42.1,NISSAN_LEAF,Nissan Leaf e+ 62 kW,62000,174,46:45.3,5.6,9,40,NE,2.668322678532785,157.24632374255285,114,75,,,,4.0,76.0,32.0,2,113,1,55,2
21/04/2023 08:46,104,19.4,87,15.0,99.23,-765,0,3,82,-4.59,1456,58,-1.9998962,43.31409,104.10549,8.393816052440656,46:39.7,7,7200.323,0101000020E6100000EB61B61993FFFFBFC14FB72334A84540,20230421_NISSAN_ULIA_HERNANI_058,,d1,22:09.1,03:42.1,NISSAN_LEAF,Nissan Leaf e+ 62 kW,62000,174,46:45.3,5.6,9,40,NE,5.1565342404855405,174.95607307249242,114,75,,,,4.0,76.0,32.0,2,113,1,25,2
21/04/2023 08:46,102,0.0,87,15.0,99.23,-771,0,3,81,0.0,0,58,-2.0001228,43.31411,103.24924,8.412303552966065,46:47.7,7,7200.268,0101000020E610000052358F6F400000C0FB1D9EB934A84540,20230421_NISSAN_ULIA_HERNANI_058,,d1,22:09.1,03:42.1,NISSAN_LEAF,Nissan Leaf e+ 62 kW,62000,174,46:45.3,5.6,9,40,NE,-7.201695515409693,86.8519039010207,114,75,,,,4.0,76.0,32.0,2,113,1,25,2
21/04/2023 08:46,97,5.8,87,15.0,99.23,-771,2600,3,81,0.47,612,58,-2.0001206,43.31415,97.08728,8.419905153535943,46:56.8,7,7200.224,0101000020E6100000D88FA5463F0000C0A633F82836A84540,20230421_NISSAN_ULIA_HERNANI_058,,d1,22:09.1,03:42.1,NISSAN_LEAF,Nissan Leaf e+ 62 kW,62000,174,46:45.3,5.6,9,40,NE,-0.1558443755414059,-39.00781430326439,114,75,,,,4.0,76.0,32.0,2,113,1,25,2
21/04/2023 08:47,95,28.9,87,15.0,99.23,-771,6000,3,81,8.77,1410,58,-1.9998169,43.313904,95.62677,8.456703425163923,47:05.8,7,7200.167,0101000020E61000004D6AE70540FFFFBF8D46A3072EA84540,20230421_NISSAN_ULIA_HERNANI_058,,d1,22:09.1,03:42.1,NISSAN_LEAF,Nissan Leaf e+ 62 kW,62000,174,46:45.3,5.6,9,40,NE,-3.256046872387933,-18.790264270427564,114,75,,,,4.0,76.0,32.0,2,113,1,55,2
21/04/2023 08:47,93,43.8,87,15.0,99.23,-771,12960,3,81,-0.84,2784,58,-1.9988176,43.313564,93.66934,8.5459772931522,47:13.9,7,7200.119000000001,0101000020E61000009D8E082228FBFFBF55BDF1E422A84540,20230421_NISSAN_ULIA_HERNANI_058,,d1,22:09.1,03:42.1,NISSAN_LEAF,Nissan Leaf e+ 62 kW,62000,174,46:45.3,5.6,9,40,NE,-1.6187068938941755,-29.63860894373005,114,75,,,,4.0,76.0,32.0,2,113,1,55,2
21/04/2023 08:47,93,17.0,87,15.0,99.23,-771,5000,3,81,3.02,1532,58,-1.998155,43.313187,93.27621,8.614031628341403,47:21.9,7,7200.095,0101000020E6100000A62A055471F8FFBF3D6F587E16A84540,20230421_NISSAN_ULIA_HERNANI_058,,d1,22:09.1,03:42.1,NISSAN_LEAF,Nissan Leaf e+ 62 kW,62000,174,46:45.3,5.6,9,40,NE,-3.1474213143910994,-19.530208760408755,114,75,,,,4.0,76.0,32.0,2,113,1,55,2
21/04/2023 08:47,90,34.2,87,15.0,99.23,-771,6600,3,81,6.72,2241,58,-1.997391,43.312916,90.52796,8.682853615134116,47:30.9,7,7200.052,0101000020E610000041B6AD3350F5FFBF483862AA0DA84540,20230421_NISSAN_ULIA_HERNANI_058,,d1,22:09.1,03:42.1,NISSAN_LEAF,Nissan Leaf e+ 62 kW,62000,174,48:02.2,5.6,9,40,NE,0.6465780599240846,-44.11979286609687,114,75,,,,4.0,76.0,32.0,2,113,1,55,2
21/04/2023 08:47,88,35.0,87,15.0,99.23,-771,2360,3,81,3.22,2585,58,-1.9967929,43.312336,88.73788499999999,8.763502515895423,47:39.0,7,7200.023,0101000020E61000006BE0EB27DDF2FFBF033AFAA9FAA74540,20230421_NISSAN_ULIA_HERNANI_058,,d1,22:09.1,03:42.1,NISSAN_LEAF,Nissan Leaf e+ 62 kW,62000,174,48:02.2,5.6,9,40,NE,1.2836687312585082,-48.20005356475193,114,75,,,,4.0,76.0,32.0,2,113,1,25,2
21/04/2023 08:47,86,38.3,87,15.0,99.23,-771,12600,3,82,2.45,2836,58,-1.9961411,43.311607,86.210686,8.860241367763447,47:48.0,7,7199.965,0101000020E610000014A5A89531F0FFBFEA7153BBE2A74540,20230421_NISSAN_ULIA_HERNANI_058,,d1,22:09.1,03:42.1,NISSAN_LEAF,Nissan Leaf e+ 62 kW,62000,174,48:02.2,5.6,9,40,NE,1.5968184895539037,-50.2197670065702,114,75,,,,4.0,76.0,32.0,2,113,1,55,2
21/04/2023 08:47,85,23.2,87,15.0,99.23,-771,12320,3,82,8.52,1790,58,-1.9956965,43.311073,85.74937,8.929667463899058,47:56.1,7,7199.932,0101000020E6100000A74E3B8F5FEEFFBF2E813747D1A74540,20230421_NISSAN_ULIA_HERNANI_058,,d1,22:09.1,03:42.1,NISSAN_LEAF,Nissan Leaf e+ 62 kW,62000,174,48:02.2,5.6,9,40,NE,0.7332403915343428,-44.67313275843022,114,75,,,,4.0,76.0,32.0,2,113,1,55,2
21/04/2023 08:48,86,38.1,87,15.0,99.23,-771,14960,3,82,5.88,2521,58,-1.9950795,43.310463,86.212585,9.013888286210342,48:04.2,7,7199.835,0101000020E61000002B94187AD8EBFFBF3018923DBDA74540,20230421_NISSAN_ULIA_HERNANI_058,,d1,22:09.1,03:42.1,NISSAN_LEAF,Nissan Leaf e+ 62 kW,62000,174,48:02.2,5.6,9,40,NE,1.7598058246216064,-51.27591892897813,114,75,,,,4.0,76.0,32.0,2,113,1,55,2
21/04/2023 08:48,91,34.8,87,15.0,99.23,-771,7560,3,83,3.55,2470,58,-1.9945134,43.309757,91.55688,9.104934260556083,48:13.2,7,7199.78,0101000020E6100000E92739DE86E9FFBFCA14FC18A6A74540,20230421_NISSAN_ULIA_HERNANI_058,,d1,22:09.1,03:42.1,NISSAN_LEAF,Nissan Leaf e+ 62 kW,62000,174,48:02.2,5.6,9,40,NE,1.1394225656768953,-47.273307980941546,114,75,,,,4.0,76.0,32.0,2,113,1,8,2
21/04/2023 08:48,96,5.2,86,15.0,99.23,-771,0,3,83,1.58,1076,58,-1.9941578,43.309372,96.26881,9.156729493432122,48:21.3,7,7199.749,0101000020E610000013D88DFC11E8FFBF5F76BD7399A74540,20230421_NISSAN_ULIA_HERNANI_058,,d1,22:09.1,03:42.1,NISSAN_LEAF,Nissan Leaf e+ 62 kW,62000,174,48:02.2,5.6,9,40,NE,3.2686017606748763,-61.295495013615714,114,75,,,,4.0,76.0,32.0,2,113,1,55,2
21/04/2023 08:48,100,25.8,86,15.0,99.23,-771,7920,3,84,4.5,1582,58,-1.993999,43.309082,100.30601,9.191675614426126,48:30.3,7,7199.691999999999,0101000020E61000005C81DE816BE7FFBFAFEA77F98FA74540,20230421_NISSAN_ULIA_HERNANI_058,,d1,22:09.1,03:42.1,NISSAN_LEAF,Nissan Leaf e+ 62 kW,62000,174,48:02.2,5.6,9,40,NE,-1.322143728710423,-31.55239905801456,114,75,,,,4.0,76.0,32.0,2,113,1,55,2
21/04/2023 08:48,103,35.8,86,15.0,99.23,-771,5280,3,84,3.95,2479,58,-1.9932792,43.30864,103.50882,9.267950256468193,48:38.3,7,7199.672,0101000020E610000046635CCD78E4FFBFFFF2977781A74540,20230421_NISSAN_ULIA_HERNANI_058,,d1,22:09.1,03:42.1,NISSAN_LEAF,Nissan Leaf e+ 62 kW,62000,174,48:02.2,5.6,9,40,NE,-4.004203241766515,-13.582325134431189,347,94,,,,1.0,56.0,289.0,1,308,39,8,2
21/04/2023 08:48,107,36.7,86,15.0,99.23,-771,7760,3,85,3.95,2379,58,-1.9923686,43.30842,107.08675,9.34566719879507,48:46.3,7,7199.654,0101000020E6100000C13593DDBDE0FFBF70F8AC377AA74540,20230421_NISSAN_ULIA_HERNANI_058,,d1,22:09.1,03:42.1,NISSAN_LEAF,Nissan Leaf e+ 62 kW,62000,174,48:02.2,5.6,9,40,NE,-3.705661486907277,-15.685803771224627,347,94,,,,1.0,56.0,289.0,1,308,39,40,2
21/04/2023 08:48,110,35.8,86,15.0,99.23,-776,7720,3,85,-0.06,2450,58,-1.9913003,43.30812,110.02621,9.438367293140933,48:55.4,7,7199.611999999999,0101000020E610000005BA2EBF5DDCFFBFD49CEE7D70A74540,20230421_NISSAN_ULIA_HERNANI_058,,d1,22:09.1,03:42.1,NISSAN_LEAF,Nissan Leaf e+ 62 kW,62000,174,48:02.2,5.6,9,40,NE,-3.5297936038385305,-16.90858500222656,347,94,,,,1.0,56.0,289.0,1,308,39,25,2
21/04/2023 08:49,112,19.8,86,15.0,99.23,-812,0,3,85,-0.69,1582,58,-1.990445,43.30786,112.026436,9.513395712898998,49:03.5,7,7199.525,0101000020E6100000C5BF98EEDCD8FFBFE97BE00A68A74540,20230421_NISSAN_ULIA_HERNANI_058,,d1,22:09.1,03:42.1,NISSAN_LEAF,Nissan Leaf e+ 62 kW,62000,174,48:02.2,5.6,9,40,NE,1.103864231532196,-47.04515770090699,347,94,,,,1.0,56.0,289.0,1,308,39,55,2
21/04/2023 08:49,113,38.3,86,15.0,99.23,-812,10840,3,85,7.14,2291,58,-1.9900521,43.307438,113.47388,9.57009374911806,49:11.5,7,7199.535,0101000020E61000000BB999DB40D7FFBF0BBB55235AA74540,20230421_NISSAN_ULIA_HERNANI_058,,d1,22:09.1,03:42.1,NISSAN_LEAF,Nissan Leaf e+ 62 kW,62000,174,48:02.2,5.6,9,40,NE,8.726501583882069,-115.83880944847228,347,94,,,,1.0,56.0,289.0,1,308,39,55,2
21/04/2023 08:49,115,46.0,86,15.0,99.23,-812,13120,3,86,6.22,3007,58,-1.990455,43.306606,115.381805,9.668202483479979,49:19.5,7,7200.482,0101000020E6100000904D3069E7D8FFBFDF021BD13EA74540,20230421_NISSAN_ULIA_HERNANI_058,,d1,22:09.1,03:42.1,NISSAN_LEAF,Nissan Leaf e+ 62 kW,62000,174,48:02.2,5.6,9,40,NE,7.64071277105185,-161.90039053901685,347,94,,,,1.0,56.0,289.0,1,308,39,55,2
21/04/2023 08:49,116,57.1,86,15.0,99.23,-812,11000,4,86,1.23,3819,58,-1.9916054,43.30623,116.65576,9.77025453044072,49:26.8,7,7201.210999999999,0101000020E610000011BCC4A09DDDFFBFF2C7248432A74540,20230421_NISSAN_ULIA_HERNANI_058,,d1,22:09.1,03:42.1,NISSAN_LEAF,Nissan Leaf e+ 62 kW,62000,174,48:02.2,5.6,9,40,NE,6.771679657510999,-171.20052695471043,347,94,,,,1.0,56.0,289.0,1,308,39,25,2
21/04/2023 08:49,116,57.1,86,15.0,99.23,-812,0,4,86,-1.27,3879,58,-1.9917992,43.3062,116.76195,9.786287355375189,49:36.6,7,7200.406999999999,0101000020E6100000A004F0D768DEFFBF8820037631A74540,20230421_NISSAN_ULIA_HERNANI_058,,d1,22:09.1,03:42.1,NISSAN_LEAF,Nissan Leaf e+ 62 kW,62000,174,48:02.2,5.6,9,40,NE,3.81974818649806,165.11373315092055,347,94,,,,1.0,56.0,289.0,1,308,39,25,2
21/04/2023 08:49,114,61.4,86,15.0,99.23,-819,0,4,86,-1.33,4063,58,-1.9949592,43.30704,113.605484,10.05852557769952,49:44.7,7,7200.34,0101000020E610000042C32B575AEBFFBFEDFEB9104DA74540,20230421_NISSAN_ULIA_HERNANI_058,,d1,22:09.1,03:42.1,NISSAN_LEAF,Nissan Leaf e+ 62 kW,62000,174,48:02.2,5.6,9,40,NE,6.975603252596401,-169.18889003561867,114,75,,,,4.0,76.0,32.0,2,113,1,25,2
21/04/2023 08:49,107,42.9,86,15.0,99.23,-853,0,3,86,0.45,2937,58,-1.996216,43.3068,107.65023,10.16383190516921,49:52.7,7,7200.303000000001,0101000020E610000007BE2D3E80F0FFBFBE6D153B45A74540,20230421_NISSAN_ULIA_HERNANI_058,,d1,22:09.1,03:42.1,NISSAN_LEAF,Nissan Leaf e+ 62 kW,62000,174,48:02.2,5.6,9,40,NE,8.943066928034527,-136.44804251452706,114,75,,,,4.0,76.0,32.0,2,113,1,8,1
21/04/2023 08:50,101,59.0,86,15.0,99.23,-853,0,3,85,-1.25,3852,58,-1.9971732,43.305890000000005,101.700745,10.291398542567533,50:01.8,7,7200.238,0101000020E6100000CD69E8DA6BF4FFBFB8B91C6627A74540,20230421_NISSAN_ULIA_HERNANI_058,,d1,22:09.1,03:42.1,NISSAN_LEAF,Nissan Leaf e+ 62 kW,62000,174,51:45.3,5.6,9,40,NE,8.7851437175248,-117.45536006560891,114,75,,,,4.0,76.0,32.0,2,113,1,25,1
21/04/2023 08:50,98,60.4,86,15.0,99.23,-863,0,3,85,-4.84,4062,58,-1.9977385,43.304802,99.31007,10.420759616679089,50:09.8,7,7200.213000000001,0101000020E6100000A71FF69BBCF6FFBF11C4D8C503A74540,20230421_NISSAN_ULIA_HERNANI_058,,d1,22:09.1,03:42.1,NISSAN_LEAF,Nissan Leaf e+ 62 kW,62000,174,51:45.3,5.6,9,40,NE,8.693118477899997,-114.99473813831152,114,75,,,,4.0,76.0,32.0,2,113,1,25,1
21/04/2023 08:50,95,39.9,86,15.0,99.23,-917,0,3,85,-6.75,3002,58,-1.9982336,43.303740000000005,96.52203,10.54549064659203,50:18.8,7,7200.175,0101000020E6100000F4C66BC4C3F8FFBF2A760AF5E0A64540,20230421_NISSAN_ULIA_HERNANI_058,,d1,22:09.1,03:42.1,NISSAN_LEAF,Nissan Leaf e+ 62 kW,62000,174,51:45.3,5.6,9,40,NE,8.44804216431012,-109.8296111329104,114,75,,,,4.0,76.0,32.0,2,113,1,40,1
21/04/2023 08:50,92,25.0,86,15.0,99.23,-957,0,3,85,-1.22,1974,58,-1.9984716,43.30308,93.201225,10.621436880079374,50:26.8,7,7200.156999999999,0101000020E61000003ED8746BBDF9FFBFE70E6B69CBA64540,20230421_NISSAN_ULIA_HERNANI_058,,d1,22:09.1,03:42.1,NISSAN_LEAF,Nissan Leaf e+ 62 kW,62000,174,51:45.3,5.6,9,40,NE,8.999998614105083,-130.03179666212344,114,75,,,,4.0,76.0,32.0,2,113,1,25,1
21/04/2023 08:50,91,18.3,86,15.0,99.23,-968,0,3,85,-0.5,1279,58,-1.9988387,43.302643,91.6172,10.678411944694552,50:35.9,7,7200.092,0101000020E610000047A34F383EFBFFBF8E8105FBBCA64540,20230421_NISSAN_ULIA_HERNANI_058,,d1,22:09.1,03:42.1,NISSAN_LEAF,Nissan Leaf e+ 62 kW,62000,174,51:45.3,5.6,9,40,NE,8.569909340725056,-112.21551735738193,114,75,,,,4.0,76.0,32.0,2,113,1,55,1
21/04/2023 08:50,90,26.2,86,15.0,99.23,-968,5840,3,85,-0.31,1583,58,-1.9989747,43.30231,90.987305,10.717045862603149,50:43.9,7,7200.056,0101000020E6100000E58C65D1CCFBFFBF9F91672BB2A64540,20230421_NISSAN_ULIA_HERNANI_058,,d1,22:09.1,03:42.1,NISSAN_LEAF,Nissan Leaf e+ 62 kW,62000,174,51:45.3,5.6,9,40,NE,6.800586752270039,-170.9203608468807,114,75,,,,4.0,76.0,32.0,2,113,1,25,1
21/04/2023 08:50,87,20.3,86,15.0,99.23,-970,1680,3,85,-0.69,1395,58,-1.9995629,43.302216,87.965034,10.765871720114923,50:52.0,7,7199.9980000000005,0101000020E6100000B6B1249A35FEFFBF763E3505AFA64540,20230421_NISSAN_ULIA_HERNANI_058,,d1,22:09.1,03:42.1,NISSAN_LEAF,Nissan Leaf e+ 62 kW,62000,174,51:45.3,5.6,9,40,NE,3.2578854181476933,-61.222291255110136,114,75,,,,4.0,76.0,32.0,2,113,1,20,1
21/04/2023 08:51,84,15.3,86,15.0,99.23,-970,2800,3,84,3.92,1300,58,-1.9994168,43.30195,85.79626999999999,10.797798646809595,51:01.0,7,7199.95,0101000020E610000002EC1A7E9CFDFFBFEAA39037A6A64540,20230421_NISSAN_ULIA_HERNANI_058,,d1,22:09.1,03:42.1,NISSAN_LEAF,Nissan Leaf e+ 62 kW,62000,174,51:45.3,5.6,9,40,NE,6.840887673744748,-89.47289369953691,114,75,,,,4.0,76.0,32.0,2,113,1,25,1
21/04/2023 08:51,84,39.6,86,15.0,99.23,-970,16800,3,84,6.2,2394,58,-1.9994122,43.30145,84.12154,10.853422573434603,51:09.1,7,7199.888000000001,0101000020E61000006C53FA9597FDFFBF5B525CED95A64540,20230421_NISSAN_ULIA_HERNANI_058,,d1,22:09.1,03:42.1,NISSAN_LEAF,Nissan Leaf e+ 62 kW,62000,174,51:45.3,5.6,9,40,NE,7.223413991983373,-93.37925561175268,114,75,,,,4.0,76.0,32.0,2,113,1,25,1
21/04/2023 08:51,86,44.1,86,15.0,99.23,-970,16080,3,85,4.47,2908,58,-1.9994618,43.30061,85.8192,10.946927925880281,51:18.1,7,7199.8640000000005,0101000020E6100000C2C9FEADCBFDFFBFAEAE2A537AA64540,20230421_NISSAN_ULIA_HERNANI_058,,d1,22:09.1,03:42.1,NISSAN_LEAF,Nissan Leaf e+ 62 kW,62000,174,51:45.3,5.6,9,40,NE,-2.63974384404732,-22.94408214811456,114,75,,,,4.0,76.0,32.0,2,113,1,20,1
21/04/2023 08:51,93,21.3,86,15.0,99.23,-970,6320,3,86,1.98,1755,58,-1.9984791,43.300194,93.552475,11.0392513083579,51:27.2,7,7199.7880000000005,0101000020E6100000F7335436C5F9FFBFF2289EB46CA64540,20230421_NISSAN_ULIA_HERNANI_058,,d1,22:09.1,03:42.1,NISSAN_LEAF,Nissan Leaf e+ 62 kW,62000,174,51:45.3,5.6,9,40,NE,-4.981557910810733,-6.3920967990130455,114,75,,,,4.0,76.0,32.0,2,113,1,25,1
21/04/2023 08:51,101,22.6,86,15.0,99.23,-970,6280,3,86,5.89,1610,58,-1.9979703,43.300137,101.82186,11.081723428343105,51:35.2,7,7199.751,0101000020E6100000D63743C3AFF7FFBF4ECE50DF6AA64540,20230421_NISSAN_ULIA_HERNANI_058,,d1,22:09.1,03:42.1,NISSAN_LEAF,Nissan Leaf e+ 62 kW,62000,174,51:45.3,5.6,9,40,NE,-3.9812350506526943,-13.745479492624778,114,75,,,,4.0,76.0,32.0,2,113,1,25,1
21/04/2023 08:51,105,26.5,86,15.0,99.23,-970,16640,3,86,12.19,1700,58,-1.9974225,43.300003,105.29268,11.128619594258634,51:43.3,7,7199.693,0101000020E61000003DF5524071F5FFBF5CA70E7566A64540,20230421_NISSAN_ULIA_HERNANI_058,,d1,22:09.1,03:42.1,NISSAN_LEAF,Nissan Leaf e+ 62 kW,62000,174,51:45.3,5.6,9,40,NE,-3.540079407564359,-16.837381356080776,114,75,,,,4.0,76.0,32.0,2,113,1,25,1
21/04/2023 08:51,111,10.8,86,15.0,99.23,-973,0,3,87,5.89,953,58,-1.9966658,43.299774,111.37539,11.195217024688985,51:52.3,7,7199.651,0101000020E61000007FA50AD057F2FFBF8B3327FA5EA64540,20230421_NISSAN_ULIA_HERNANI_058,,d1,22:09.1,03:42.1,NISSAN_LEAF,Nissan Leaf e+ 62 kW,62000,174,51:45.3,5.6,9,40,NE,-3.700149562413916,-15.724303308676255,114,75,,,,4.0,76.0,32.0,2,113,1,25,1
21/04/2023 08:52,118,21.5,86,15.0,99.23,-973,80,3,88,2.86,1576,58,-1.9960833,43.29961,118.16955,11.246214881865342,52:00.4,7,7199.626,0101000020E6100000D8ADEBFEF4EFFFBF64363F9059A64540,20230421_NISSAN_ULIA_HERNANI_058,,d1,22:09.1,03:42.1,NISSAN_LEAF,Nissan Leaf e+ 62 kW,62000,174,51:45.3,5.6,9,40,NE,-3.509920881805497,-17.046047593530076,114,75,,,,4.0,76.0,32.0,2,113,1,25,1
21/04/2023 08:52,125,40.9,86,15.0,99.23,-973,16200,3,88,2.81,2491,58,-1.9952875,43.299366,125.35552,11.316465628653775,52:09.4,7,7199.58,0101000020E610000036FF7E9BB2ECFFBF0880089C51A64540,20230421_NISSAN_ULIA_HERNANI_058,,d1,22:09.1,03:42.1,NISSAN_LEAF,Nissan Leaf e+ 62 kW,62000,174,51:45.3,5.6,9,40,NE,-3.430937029436892,-17.591023148383382,114,75,,,,4.0,76.0,32.0,2,113,1,25,1
21/04/2023 08:52,130,31.0,86,15.0,99.23,-973,0,3,89,-0.88,2298,58,-1.9942908,43.29905,130.60329,11.404601918812133,52:17.4,7,7199.553000000001,0101000020E6100000D54EE18A9DE8FFBF2F81663147A64540,20230421_NISSAN_ULIA_HERNANI_058,,d1,22:09.1,03:42.1,NISSAN_LEAF,Nissan Leaf e+ 62 kW,62000,174,51:45.3,5.6,9,40,NE,-3.3287751210929306,-18.292775964697043,114,75,,,,4.0,76.0,32.0,2,113,1,25,1
21/04/2023 08:52,136,35.0,86,15.0,99.23,-974,13400,3,89,12.17,1901,58,-1.9937221,43.298862,135.68941999999998,11.455405025168647,52:25.5,7,7200.486,0101000020E6100000C950191A49E6FFBFA7A4451041A64540,20230421_NISSAN_ULIA_HERNANI_058,,d1,22:09.1,03:42.1,NISSAN_LEAF,Nissan Leaf e+ 62 kW,62000,174,53:02.4,5.6,9,40,NE,-3.537253511167964,-16.85694743702323,114,75,,,,4.0,76.0,32.0,2,113,1,8,1
21/04/2023 08:52,140,37.2,86,15.0,99.23,-974,1200,3,89,-0.17,2651,58,-1.9926264,43.29853,139.61383,11.551534084711712,52:33.5,7,7200.481,0101000020E610000086518634CCE1FFBF112B3B4936A64540,20230421_NISSAN_ULIA_HERNANI_058,,d1,22:09.1,03:42.1,NISSAN_LEAF,Nissan Leaf e+ 62 kW,62000,174,53:02.4,5.6,9,40,NE,-2.745311926060958,-22.23975094654252,114,75,,,,4.0,76.0,32.0,2,113,1,8,1
21/04/2023 08:52,143,17.9,86,15.0,99.23,-976,0,3,89,2.27,1504,58,-1.9918805,43.298225,143.3728,11.620874172418306,52:42.6,7,7200.422,0101000020E610000051CCD717BEDEFFBF7EE225342CA64540,20230421_NISSAN_ULIA_HERNANI_058,,d1,22:09.1,03:42.1,NISSAN_LEAF,Nissan Leaf e+ 62 kW,62000,174,53:02.4,5.6,9,40,NE,5.215918488525362,-75.41865209474143,114,75,,,,4.0,76.0,32.0,2,113,1,8,1
21/04/2023 08:52,146,29.4,86,15.0,99.23,-977,0,3,89,-0.89,1954,58,-1.9917239,43.297623,146.38028,11.689068979721895,52:51.6,7,7200.392,0101000020E61000006EB8D1E819DEFFBF6DA1777218A64540,20230421_NISSAN_ULIA_HERNANI_058,,d1,22:09.1,03:42.1,NISSAN_LEAF,Nissan Leaf e+ 62 kW,62000,174,53:02.4,5.6,9,40,NE,7.505391913833358,-96.5048391163768,114,75,,,,4.0,76.0,32.0,2,113,1,40,1
21/04/2023 08:53,149,10.4,86,15.0,99.23,-990,0,3,88,-1.5,773,58,-1.991767,43.297245,148.86157,11.731318065540297,52:59.6,7,7200.356,0101000020E610000024E6FD2047DEFFBFA83F42230CA64540,20230421_NISSAN_ULIA_HERNANI_058,,d1,22:09.1,03:42.1,NISSAN_LEAF,Nissan Leaf e+ 62 kW,62000,174,53:02.4,5.6,9,40,NE,3.362619224299469,-61.9393152710019,114,75,,,,4.0,76.0,32.0,2,113,1,40,1
21/04/2023 08:53,151,31.0,86,15.0,99.23,-990,5400,3,88,6.47,1846,58,-1.9915655,43.296867,151.28714,11.77646745480477,53:07.7,7,7200.318,0101000020E6100000206373C073DDFFBFDC7278BDFFA54540,20230421_NISSAN_ULIA_HERNANI_058,,d1,22:09.1,03:42.1,NISSAN_LEAF,Nissan Leaf e+ 62 kW,62000,174,53:02.4,5.6,9,40,NE,8.456129070667975,-109.97945118883086,114,75,,,,4.0,76.0,32.0,2,113,1,40,1
21/04/2023 08:53,155,39.9,86,15.0,99.23,-990,7080,3,88,5.31,2820,58,-1.9918858,43.295986,155.1919,11.877876909241575,53:16.7,7,7200.252,0101000020E6100000B66341AFC3DEFFBF7B4CD6E5E2A54540,20230421_NISSAN_ULIA_HERNANI_058,,d1,22:09.1,03:42.1,NISSAN_LEAF,Nissan Leaf e+ 62 kW,62000,174,53:02.4,5.6,9,40,NE,8.298530381139763,-107.22896424678004,114,75,,,,4.0,76.0,32.0,2,113,1,8,1
21/04/2023 08:53,157,35.7,85,15.0,99.23,-990,3720,3,88,5.83,2543,58,-1.9921497,43.295135,157.11092,11.974903067560051,53:25.8,7,7200.218000000001,0101000020E61000008239CE57D8DFFFBF600F8908C7A54540,20230421_NISSAN_ULIA_HERNANI_058,,d1,22:09.1,03:42.1,NISSAN_LEAF,Nissan Leaf e+ 62 kW,62000,174,53:02.4,5.6,9,40,NE,4.376420875075764,-69.09564642493383,114,75,,,,4.0,76.0,32.0,2,113,1,25,1
21/04/2023 08:53,158,45.8,85,15.0,99.23,-990,20800,3,88,0.77,2953,58,-1.9918598,43.294376,157.94925,12.062504533703457,53:33.8,7,7200.182,0101000020E6100000E40AA653A8DEFFBFD6D31E22AEA54540,20230421_NISSAN_ULIA_HERNANI_058,,d1,22:09.1,03:42.1,NISSAN_LEAF,Nissan Leaf e+ 62 kW,62000,174,53:02.4,5.6,9,40,NE,4.210554000243606,-67.89413415385853,114,75,,,,4.0,76.0,32.0,2,113,1,25,1
21/04/2023 08:53,160,38.2,85,15.0,99.23,-990,7320,3,88,1.45,2575,58,-1.9915113,43.293518,160.41081,12.162022094720308,53:42.9,7,7200.107,0101000020E6100000FA6946F53ADDFFBF599E37FE91A54540,20230421_NISSAN_ULIA_HERNANI_058,,d1,22:09.1,03:42.1,NISSAN_LEAF,Nissan Leaf e+ 62 kW,62000,174,53:02.4,5.6,9,40,NE,4.593593819752106,-70.6904314610477,114,75,,,,4.0,76.0,32.0,2,113,1,25,1
21/04/2023 08:53,160,41.3,85,15.0,99.23,-992,2920,3,87,-0.03,2700,58,-1.9911907,43.292603,160.31015,12.267022040312497,53:51.9,7,7200.071999999999,0101000020E6100000158969C6EADBFFBF462618FA73A54540,20230421_NISSAN_ULIA_HERNANI_058,,d1,22:09.1,03:42.1,NISSAN_LEAF,Nissan Leaf e+ 62 kW,62000,174,53:02.4,5.6,9,40,NE,5.220102397494535,-75.45134287580031,548,8,36.0,282.0,5583.0,,,,15,483,65,25,2
21/04/2023 08:54,161,28.3,85,15.0,99.23,-999,0,3,87,-1.17,2151,58,-1.9909945,43.291847,161.27245,12.352577472808646,53:59.9,7,7200.06,0101000020E6100000838EF3071DDBFFBFD31D093C5BA54540,20230421_NISSAN_ULIA_HERNANI_058,,d1,22:09.1,03:42.1,NISSAN_LEAF,Nissan Leaf e+ 62 kW,62000,174,53:02.4,5.6,9,40,NE,5.106680924365208,-74.56974377031551,548,8,36.0,282.0,5583.0,,,,15,483,65,25,2
21/04/2023 08:54,162,28.4,85,15.0,99.23,-999,640,3,86,-0.03,2015,58,-1.990838,43.29128,162.37201000000002,12.416894177691194,54:08.0,7,7200.005999999999,0101000020E6100000FF24640C79DAFFBF76F1209448A54540,20230421_NISSAN_ULIA_HERNANI_058,,d1,22:09.1,03:42.1,NISSAN_LEAF,Nissan Leaf e+ 62 kW,62000,174,53:02.4,5.6,9,40,NE,4.622912640991715,-70.90772651410525,548,8,36.0,282.0,5583.0,,,,15,483,65,40,2
21/04/2023 08:54,164,36.2,85,15.0,99.23,-999,7560,3,86,2.88,2201,58,-1.9906144,43.290634,164.29549,12.490995744629286,54:17.0,7,7199.97,0101000020E61000001476C5848ED9FFBF6E2A738933A54540,20230421_NISSAN_ULIA_HERNANI_058,,d1,22:09.1,03:42.1,NISSAN_LEAF,Nissan Leaf e+ 62 kW,62000,174,53:02.4,5.6,9,40,NE,4.794762879332071,-72.19154712944882,548,8,36.0,282.0,5583.0,,,,15,483,65,40,2
21/04/2023 08:54,166,37.9,85,15.0,99.23,-999,9120,3,86,1.94,2471,58,-1.9903632,43.289852,166.56757,12.5803243898512,54:26.1,7,7199.925,0101000020E6100000A7BA162087D8FFBFC491FFD419A54540,20230421_NISSAN_ULIA_HERNANI_058,,d1,22:09.1,03:42.1,NISSAN_LEAF,Nissan Leaf e+ 62 kW,62000,174,53:02.4,5.6,9,40,NE,3.9541497322145327,-66.06241403869802,548,8,36.0,282.0,5583.0,,,,15,483,65,8,2
21/04/2023 08:54,166,45.1,85,15.0,99.23,-999,0,3,85,3.8,2984,58,-1.9900125,43.289062,166.62329,12.672640635091769,54:34.1,7,7199.868,0101000020E61000004169875317D7FFBF2707CFFAFFA44540,20230421_NISSAN_ULIA_HERNANI_058,,d1,22:09.1,03:42.1,NISSAN_LEAF,Nissan Leaf e+ 62 kW,62000,174,53:02.4,5.6,9,40,NE,2.905128348736532,-58.83185986574616,548,8,36.0,282.0,5583.0,,,,15,483,65,25,2
21/04/2023 08:54,170,41.4,85,15.0,99.23,-999,7200,3,85,3.52,2906,58,-1.989378,43.288013,170.1405,12.800137880848485,54:43.2,7,7199.804,0101000020E610000057BD5AFE7DD4FFBFCA173EA9DDA44540,20230421_NISSAN_ULIA_HERNANI_058,,d1,22:09.1,03:42.1,NISSAN_LEAF,Nissan Leaf e+ 62 kW,62000,174,53:02.4,5.6,9,40,NE,0.4989116180763999,-43.17779898807026,548,8,36.0,282.0,5583.0,,,,15,483,65,25,2
21/04/2023 08:54,172,39.4,85,15.0,99.23,-999,5360,3,85,2.05,2630,58,-1.9887407,43.287415,172.4322,12.884326101648622,54:51.3,7,7199.698,0101000020E61000009E8A50C3E1D1FFBFE1681305CAA44540,20230421_NISSAN_ULIA_HERNANI_058,,d1,22:09.1,03:42.1,NISSAN_LEAF,Nissan Leaf e+ 62 kW,62000,174,53:02.4,5.6,9,40,NE,-3.669010929428585,-15.941581310861505,548,8,36.0,282.0,5583.0,,,,15,483,65,40,2
21/04/2023 08:55,175,43.0,85,15.0,99.23,-999,5240,3,84,0.94,2975,58,-1.9875504,43.287075,175.25642,12.987861658466318,55:00.3,7,7199.729,0101000020E6100000B78FA9A601CDFFBF8D1779EEBEA44540,20230421_NISSAN_ULIA_HERNANI_058,,d1,22:09.1,03:42.1,NISSAN_LEAF,Nissan Leaf e+ 62 kW,62000,174,56:54.3,5.6,9,40,NE,-3.1021982283337426,-19.83720646474143,548,8,36.0,282.0,5583.0,,,,15,483,65,25,2
21/04/2023 08:55,176,42.2,85,15.0,99.23,-999,2640,3,84,-0.91,2942,58,-1.9865026,43.286697,176.70154,13.082527794004992,55:08.3,7,7199.691999999999,0101000020E6100000D13A9D0BB7C8FFBF4F0FBA79B2A44540,20230421_NISSAN_ULIA_HERNANI_058,,d1,22:09.1,03:42.1,NISSAN_LEAF,Nissan Leaf e+ 62 kW,62000,174,56:54.3,5.6,9,40,NE,-0.3806786579596786,-37.57580117608882,548,8,36.0,282.0,5583.0,,,,15,483,65,40,2
21/04/2023 08:55,178,24.2,85,15.0,99.23,-1009,0,3,84,-9.8,2141,58,-1.9857345,43.286106,178.2158,13.173005879959598,55:17.4,7,7199.632,0101000020E610000032FD6B8291C5FFBF989E30289FA44540,20230421_NISSAN_ULIA_HERNANI_058,,d1,22:09.1,03:42.1,NISSAN_LEAF,Nissan Leaf e+ 62 kW,62000,174,56:54.3,5.6,9,40,NE,8.25925931462554,-106.59146854499096,548,8,36.0,282.0,5583.0,,,,15,483,65,40,2
21/04/2023 08:55,180,29.6,85,15.0,99.23,-1021,15440,3,84,1.86,1459,58,-1.9858072,43.285862,180.0136,13.200826411880046,55:25.4,7,7199.578,0101000020E61000007FD0F1B5DDC5FFBFF995AA2B97A44540,20230421_NISSAN_ULIA_HERNANI_058,,d1,22:09.1,03:42.1,NISSAN_LEAF,Nissan Leaf e+ 62 kW,62000,174,56:54.3,5.6,9,40,NE,8.289716512887153,-152.91557227301644,548,8,36.0,282.0,5583.0,,,,15,483,65,55,2
21/04/2023 08:55,181,58.9,85,15.0,99.23,-1021,17400,3,85,2.12,3722,58,-1.9869844,43.28526,181.34036,13.317283565566628,55:34.4,7,7199.566,0101000020E6100000C53AC81CB0CAFFBF3A5C795083A44540,20230421_NISSAN_ULIA_HERNANI_058,,d1,22:09.1,03:42.1,NISSAN_LEAF,Nissan Leaf e+ 62 kW,62000,174,56:54.3,5.6,9,40,NE,8.212881783757762,-154.14090585402224,548,8,36.0,282.0,5583.0,,,,15,483,65,25,2
21/04/2023 08:55,184,62.4,85,15.0,99.23,-1021,13840,3,85,1.86,4125,58,-1.9883007,43.284622,184.19348,13.445319985550546,55:42.5,7,7199.525,0101000020E61000004C3A516514D0FFBFA41FAC7A6EA44540,20230421_NISSAN_ULIA_HERNANI_058,,d1,22:09.1,03:42.1,NISSAN_LEAF,Nissan Leaf e+ 62 kW,62000,174,56:54.3,5.6,9,40,NE,8.723717344264335,-144.2334602533016,548,8,36.0,282.0,5583.0,,,,15,483,65,55,2
21/04/2023 08:55,184,50.5,85,15.500001,99.23,-1031,0,3,85,-3.84,3768,58,-1.9894696,43.28378,184.40927,13.57843027137682,55:50.5,7,7200.453,0101000020E61000009AEB6A23DED4FFBF6D1117DF52A44540,20230421_NISSAN_ULIA_HERNANI_058,,d1,22:09.1,03:42.1,NISSAN_LEAF,Nissan Leaf e+ 62 kW,62000,174,56:54.3,5.6,9,40,NE,8.659522026144193,-114.1897175720011,548,8,36.0,282.0,5583.0,,,,15,483,65,8,2
21/04/2023 08:55,180,54.1,85,15.500001,99.23,-1049,8280,3,85,2.97,3073,58,-1.9898074,43.283028,180.66223,13.666485888008454,55:58.6,7,7200.441999999999,0101000020E6100000A280664D40D6FFBFB02340433AA44540,20230421_NISSAN_ULIA_HERNANI_058,,d1,22:09.1,03:42.1,NISSAN_LEAF,Nissan Leaf e+ 62 kW,62000,174,56:54.3,5.6,9,40,NE,-1.1197903071177906,-32.85267111230692,548,8,36.0,282.0,5583.0,,,,15,483,65,55,2
21/04/2023 08:56,176,59.1,85,15.0,99.23,-1069,0,3,85,-2.3,4087,58,-1.9885097,43.28219,176.63216,13.806962412467003,56:06.6,7,7200.401999999999,0101000020E6100000A67FB272EFD0FFBF1C9DFAC91EA44540,20230421_NISSAN_ULIA_HERNANI_058,,d1,22:09.1,03:42.1,NISSAN_LEAF,Nissan Leaf e+ 62 kW,62000,174,56:54.3,5.6,9,40,NE,2.321516265523832,-54.948234812564415,548,8,36.0,282.0,5583.0,,,,15,483,65,55,2
21/04/2023 08:56,171,59.7,85,15.0,99.23,-1115,0,3,85,-1.31,4031,58,-1.9876524,43.280968,172.51766999999998,13.959593994314737,56:15.7,7,7200.331999999999,0101000020E6100000A073C9936CCDFFBF67FE2AC2F6A34540,20230421_NISSAN_ULIA_HERNANI_058,,d1,22:09.1,03:42.1,NISSAN_LEAF,Nissan Leaf e+ 62 kW,62000,174,56:54.3,5.6,9,40,NE,2.834604745617407,-58.35816257665508,548,8,36.0,282.0,5583.0,,,,15,483,65,55,2
21/04/2023 08:56,164,49.4,85,15.0,99.23,-1169,0,3,85,-7.22,3534,58,-1.9869986,43.279907,166.03189,14.089061922349192,56:23.7,7,7200.302,0101000020E6100000D478C00EBFCAFFBFC1CF65F2D3A34540,20230421_NISSAN_ULIA_HERNANI_058,,d1,22:09.1,03:42.1,NISSAN_LEAF,Nissan Leaf e+ 62 kW,62000,174,56:54.3,5.6,9,40,NE,6.214438081297321,-83.66915628466543,548,8,36.0,282.0,5583.0,,,,15,483,65,55,2
21/04/2023 08:56,154,26.7,85,15.0,99.23,-1225,0,3,86,1.61,1698,58,-1.9869165,43.279167,155.62158,14.17226794939501,56:32.8,7,7200.249,0101000020E610000028401A0E69CAFFBFDB7A6DBFBBA34540,20230421_NISSAN_ULIA_HERNANI_058,,d1,22:09.1,03:42.1,NISSAN_LEAF,Nissan Leaf e+ 62 kW,62000,174,56:54.3,5.6,9,40,NE,7.693096486586153,-98.73637686189436,548,8,36.0,282.0,5583.0,,,,15,483,65,55,2
21/04/2023 08:56,145,37.1,85,15.0,99.23,-1225,5120,3,86,2.59,2245,58,-1.9870044,43.278595,146.3429,14.236937360300054,56:40.8,7,7200.201999999999,0101000020E610000088E31418C5CAFFBF144B1FF7A8A34540,20230421_NISSAN_ULIA_HERNANI_058,,d1,22:09.1,03:42.1,NISSAN_LEAF,Nissan Leaf e+ 62 kW,62000,174,56:54.3,5.6,9,40,NE,7.383843593003679,-95.12756756106404,548,8,36.0,282.0,5583.0,,,,15,483,65,55,2
21/04/2023 08:56,138,29.7,85,15.0,99.23,-1230,0,3,87,-7.16,2643,58,-1.9870883,43.27766,139.33127,14.341361901886371,56:49.8,7,7200.174,0101000020E61000000217C71C1DCBFFBF18564E508AA34540,20230421_NISSAN_ULIA_HERNANI_058,,d1,22:09.1,03:42.1,NISSAN_LEAF,Nissan Leaf e+ 62 kW,62000,174,56:54.3,5.6,9,40,NE,8.932792893505308,-137.006394734581,548,8,36.0,282.0,5583.0,,,,15,483,65,55,2
21/04/2023 08:56,131,29.9,85,15.500001,99.23,-1251,21920,3,87,0.55,1580,58,-1.987335,43.27743,132.5262,14.374516706627364,56:57.9,7,7200.116999999999,0101000020E6100000268C78BD1FCCFFBFD086D8E282A34540,20230421_NISSAN_ULIA_HERNANI_058,,d1,22:09.1,03:42.1,NISSAN_LEAF,Nissan Leaf e+ 62 kW,62000,174,56:54.3,5.6,9,40,NE,8.645115170008928,-113.85650356220091,548,8,36.0,282.0,5583.0,,,,15,483,65,55,2
21/04/2023 08:57,126,29.4,85,15.500001,99.23,-1251,0,3,88,0.44,1752,58,-1.987557,43.276928000000005,127.48481,14.433374712158534,57:06.9,7,7200.064,0101000020E61000002283849608CDFFBF7A4AA95672A34540,20230421_NISSAN_ULIA_HERNANI_058,,d1,22:09.1,03:42.1,NISSAN_LEAF,Nissan Leaf e+ 62 kW,62000,174,56:54.3,5.6,9,40,NE,-5.604630346256113,-1.483740235495136,548,8,36.0,282.0,5583.0,,,,15,483,65,25,2
21/04/2023 08:57,122,48.3,85,15.500001,99.23,-1251,7320,3,88,2.73,3207,58,-1.986476,43.2769,123.049995,14.521055048456873,57:15.0,7,7200.04,0101000020E6100000435C80F39AC8FFBF95B1AB7F71A34540,20230421_NISSAN_ULIA_HERNANI_058,,d1,22:09.1,03:42.1,NISSAN_LEAF,Nissan Leaf e+ 62 kW,62000,174,56:54.3,5.6,9,40,NE,-3.924652529604261,-14.146441419617926,548,8,36.0,282.0,5583.0,,,,15,483,65,55,3
21/04/2023 08:57,116,48.7,85,15.500001,99.23,-1257,0,3,88,-1.44,3412,58,-1.9849842,43.276524,117.269135,14.64898758074399,57:24.0,7,7199.97,0101000020E6100000EED14FCC7EC2FFBFF2ECA62665A34540,20230421_NISSAN_ULIA_HERNANI_058,,d1,22:09.1,03:42.1,NISSAN_LEAF,Nissan Leaf e+ 62 kW,62000,174,56:54.3,5.6,9,40,NE,-3.551997659868165,-16.75482967445292,330,114,,,,0.0,1.0,211.0,118,314,16,25,2
21/04/2023 08:57,110,52.0,85,15.500001,99.23,-1268,0,3,88,-1.16,3351,58,-1.9837552,43.276154,110.96278,14.756838007574173,57:32.1,7,7199.932,0101000020E61000001924451F76BDFFBF6F182B0859A34540,20230421_NISSAN_ULIA_HERNANI_058,,d1,22:09.1,03:42.1,NISSAN_LEAF,Nissan Leaf e+ 62 kW,62000,174,58:02.3,5.6,9,40,NE,3.71166837655669,-64.35616629990383,330,114,,,,0.0,1.0,211.0,118,314,16,25,2
21/04/2023 08:57,109,52.9,85,15.500001,99.23,-1274,0,3,88,-3.02,3536,58,-1.9832809,43.275166,109.89658,14.87322050444723,57:40.1,7,7199.91,0101000020E6100000AAE8B9C884BBFFBFA765C1AB38A34540,20230421_NISSAN_ULIA_HERNANI_058,,d1,22:09.1,03:42.1,NISSAN_LEAF,Nissan Leaf e+ 62 kW,62000,174,58:02.3,5.6,9,40,NE,6.849767039619824,-89.55996269640768,466,97,,,,1.0,61.0,383.0,21,386,80,25,2
21/04/2023 08:57,104,51.7,85,15.500001,99.23,-1291,0,3,87,-1.19,3587,58,-1.9832711,43.27389,104.38699,15.015214379809823,57:49.2,7,7199.835999999999,0101000020E6100000E1832E7B7ABBFFBFB14C30ED0EA34540,20230421_NISSAN_ULIA_HERNANI_058,,d1,22:09.1,03:42.1,NISSAN_LEAF,Nissan Leaf e+ 62 kW,62000,174,58:02.3,5.6,9,40,NE,6.320336962745929,-84.60857935930692,466,97,,,,1.0,61.0,383.0,21,386,80,8,2
21/04/2023 08:57,100,56.7,85,15.500001,99.23,-1304,0,3,87,-1.28,3846,58,-1.9831704,43.272823,100.903366,15.134190153492533,57:57.2,7,7199.818,0101000020E6100000BEE968E110BBFFBF743776E5EBA24540,20230421_NISSAN_ULIA_HERNANI_058,,d1,22:09.1,03:42.1,NISSAN_LEAF,Nissan Leaf e+ 62 kW,62000,174,58:02.3,5.6,9,40,NE,6.68143072049875,-87.93465350491694,466,97,,,,1.0,61.0,383.0,21,386,80,25,2
21/04/2023 08:58,96,51.5,85,15.500001,99.23,-1316,0,3,86,-4.17,3715,58,-1.983129,43.271675,96.18183,15.261973185958443,58:05.2,7,7199.772,0101000020E6100000FC7F7083E5BAFFBF8F45843CC6A24540,20230421_NISSAN_ULIA_HERNANI_058,,d1,22:09.1,03:42.1,NISSAN_LEAF,Nissan Leaf e+ 62 kW,62000,174,58:02.3,5.6,9,40,NE,6.838230040362683,-89.44686365201117,466,97,,,,1.0,61.0,383.0,21,386,80,10,2
21/04/2023 08:58,93,38.3,85,15.500001,99.23,-1331,0,3,86,-1.84,2722,58,-1.9831209,43.270836,93.25085,15.355314063288978,58:13.3,7,7199.7080000000005,0101000020E6100000A52CDEF4DCBAFFBF6EE5FCB9AAA24540,20230421_NISSAN_ULIA_HERNANI_058,,d1,22:09.1,03:42.1,NISSAN_LEAF,Nissan Leaf e+ 62 kW,62000,174,58:02.3,5.6,9,40,NE,6.964280172011731,-90.69716852421178,330,114,,,,0.0,1.0,211.0,118,314,16,10,2
21/04/2023 08:58,90,23.7,85,15.500001,99.23,-1336,920,3,85,-2.91,1814,58,-1.9831287,43.270195,90.01135,15.426666385856876,58:22.3,7,7199.674,0101000020E6100000373C9F21E5BAFFBF5F2FC3B895A24540,20230421_NISSAN_ULIA_HERNANI_058,,d1,22:09.1,03:42.1,NISSAN_LEAF,Nissan Leaf e+ 62 kW,62000,174,58:02.3,5.6,9,40,NE,5.617923099914126,-78.62449673817022,330,114,,,,0.0,1.0,211.0,118,314,16,25,2
21/04/2023 08:58,90,4.4,85,15.500001,99.23,-1340,40,3,85,-0.19,533,58,-1.983078,43.269943,90.141754,15.45498688102886,58:30.4,7,7199.63,0101000020E61000000AF0DD0DB0BAFFBF93E7AA7F8DA24540,20230421_NISSAN_ULIA_HERNANI_058,,d1,22:09.1,03:42.1,NISSAN_LEAF,Nissan Leaf e+ 62 kW,62000,174,58:02.3,5.6,9,40,NE,1.925311540170487,-52.352379348237925,330,114,,,,0.0,1.0,211.0,118,314,16,25,2
21/04/2023 08:58,90,0.0,85,15.500001,99.23,-1340,0,3,85,0.0,0,58,-1.9830726000000003,43.269936,90.19588,15.455881270565046,58:39.4,7,7199.588000000001,0101000020E61000006F7A9867AABAFFBF6A49723B8DA24540,20230421_NISSAN_ULIA_HERNANI_058,,d1,22:09.1,03:42.1,NISSAN_LEAF,Nissan Leaf e+ 62 kW,62000,174,58:02.3,5.6,9,40,NE,6.168021470826975,-83.26201526550777,330,114,,,,0.0,1.0,211.0,118,314,16,25,2
21/04/2023 08:58,90,21.9,85,15.500001,99.23,-1340,600,3,84,6.47,1175,58,-1.9830433,43.269688,90.37048,15.48356001280709,58:48.5,7,7199.548000000001,0101000020E610000018C9259D8BBAFFBFD9D9BD1B85A24540,20230421_NISSAN_ULIA_HERNANI_058,,d1,22:09.1,03:42.1,NISSAN_LEAF,Nissan Leaf e+ 62 kW,62000,174,58:02.3,5.6,9,40,NE,3.130849064821657,-60.35721947592091,330,114,,,,0.0,1.0,211.0,118,314,16,25,2
21/04/2023 08:58,90,35.2,85,15.500001,99.23,-1340,1720,3,84,-0.94,2412,58,-1.9826956,43.269077,90.17072,15.557101927306341,58:56.7,7,7200.26,0101000020E610000062B30FF01EB9FFBF3B01042671A24540,20230421_NISSAN_ULIA_HERNANI_058,,d1,22:09.1,03:42.1,NISSAN_LEAF,Nissan Leaf e+ 62 kW,62000,174,58:02.3,5.6,9,40,NE,0.7697393858536927,-44.90630701120239,330,114,,,,0.0,1.0,211.0,118,314,16,25,2
21/04/2023 08:59,90,17.6,85,15.500001,99.23,-1340,0,3,84,-0.94,2189,58,-1.9821137,43.268497,90.02622,15.636971349149368,59:04.5,7,7200.474,0101000020E6100000C7010FDFBCB6FFBF20D47F215EA24540,20230421_NISSAN_ULIA_HERNANI_058,,d1,22:09.1,03:42.1,NISSAN_LEAF,Nissan Leaf e+ 62 kW,62000,174,58:02.3,5.6,9,40,NE,-0.6147867685612245,-36.08309565531067,330,114,,,,0.0,1.0,211.0,118,314,16,10,2
21/04/2023 08:59,93,29.3,85,15.500001,99.23,-1346,10600,3,84,-0.42,1729,58,-1.9818571,43.26831,93.25597,15.666542334300273,59:12.6,7,7200.431,0101000020E61000005BC268CFAFB5FFBF8F569D0F58A24540,20230421_NISSAN_ULIA_HERNANI_058,,d1,22:09.1,03:42.1,NISSAN_LEAF,Nissan Leaf e+ 62 kW,62000,174,58:02.3,5.6,9,40,NE,0.5938040614464499,-43.78302211955119,330,114,,,,0.0,1.0,211.0,118,314,16,10,2
21/04/2023 08:59,94,27.4,85,15.500001,99.23,-1346,10400,3,85,-0.53,1845,58,-1.981398,43.26787,93.76728,15.72798946079545,59:20.6,7,7200.394,0101000020E6100000E0952959CEB3FFBF3742049E49A24540,20230421_NISSAN_ULIA_HERNANI_058,,d1,22:09.1,03:42.1,NISSAN_LEAF,Nissan Leaf e+ 62 kW,62000,174,58:02.3,5.6,9,40,NE,0.3294586512543356,-42.09786763040905,330,114,,,,0.0,1.0,211.0,118,314,16,25,1
21/04/2023 08:59,97,18.3,85,15.500001,99.23,-1346,5280,3,85,-2.31,1320,58,-1.9810239,43.267532,96.8047,15.776355332250317,59:29.6,7,7200.3640000000005,0101000020E61000001AE8472646B2FFBF5D1C9E7C3EA24540,20230421_NISSAN_ULIA_HERNANI_058,,d1,22:09.1,03:42.1,NISSAN_LEAF,Nissan Leaf e+ 62 kW,62000,174,58:02.3,5.6,9,40,NE,1.4973807600675109,-49.577157518195406,330,114,,,,0.0,1.0,211.0,118,314,16,8,1
21/04/2023 08:59,98,0.0,85,15.500001,99.23,-1346,0,3,85,0.0,0,58,-1.9809268,43.267418,98.12579,15.791330066823493,59:37.7,7,7200.29,0101000020E61000000D425841E0B1FFBF034F3FCE3AA24540,20230421_NISSAN_ULIA_HERNANI_058,,d1,22:09.1,03:42.1,NISSAN_LEAF,Nissan Leaf e+ 62 kW,62000,174,58:02.3,5.6,9,40,NE,2.296339899533633,-54.78240703157224,330,114,,,,0.0,1.0,211.0,118,314,16,8,1
21/04/2023 08:59,98,6.0,85,15.500001,99.23,-1346,1200,3,84,11.77,254,58,-1.9809028,43.267384,98.6444,15.795612385421324,59:46.7,7,7200.252,0101000020E610000030CA5924C7B1FFBFD3891A9D39A24540,20230421_NISSAN_ULIA_HERNANI_058,,d1,22:09.1,03:42.1,NISSAN_LEAF,Nissan Leaf e+ 62 kW,62000,174,58:02.3,5.6,9,40,NE,1.3928959094173758,-48.90323758111678,330,114,,,,0.0,1.0,211.0,118,314,16,8,1
21/04/2023 08:59,103,23.9,85,15.500001,99.23,-1346,2640,3,85,2.02,1528,58,-1.9806167,43.267056,103.608604,15.839103343973559,59:54.8,7,7200.215,0101000020E6100000313080219BB0FFBF37DE5DEE2EA24540,20230421_NISSAN_ULIA_HERNANI_058,,d1,22:09.1,03:42.1,NISSAN_LEAF,Nissan Leaf e+ 62 kW,62000,174,01:45.7,5.6,9,40,NE,2.62964710118886,-56.988695011791656,330,114,,,,0.0,1.0,211.0,118,314,16,8,1
21/04/2023 09:00,104,27.4,85,15.500001,99.23,-1346,5920,3,85,0.11,1744,58,-1.9803042,43.266575,104.28498,15.89827517890174,00:03.8,7,7200.178000000001,0101000020E61000000C54BB8F53AFFFBF4D34A5211FA24540,20230421_NISSAN_ULIA_HERNANI_058,,d1,22:09.1,03:42.1,NISSAN_LEAF,Nissan Leaf e+ 62 kW,62000,174,01:45.7,5.6,9,40,NE,4.972669176704657,-73.53998518788372,154,86,,,,0.0,65.0,87.0,2,124,30,25,1
21/04/2023 09:00,103,38.9,85,15.500001,99.23,-1346,13760,3,84,-0.91,2585,58,-1.9801352,43.266003000000005,103.78131,15.96333596772244,00:11.9,7,7200.134,0101000020E61000003535B544A2AEFFBF1B0A1D5F0CA24540,20230421_NISSAN_ULIA_HERNANI_058,,d1,22:09.1,03:42.1,NISSAN_LEAF,Nissan Leaf e+ 62 kW,62000,174,01:45.7,5.6,9,40,NE,4.952375393170375,-73.3851217298257,154,86,,,,0.0,65.0,87.0,2,124,30,55,1
21/04/2023 09:00,104,16.2,85,15.500001,99.23,-1357,0,3,84,-9.69,1690,58,-1.979912,43.265255,104.44876,16.04845321475721,00:20.9,7,7200.085999999999,0101000020E6100000E63E5145B8ADFFBFCE5573E1F3A14540,20230421_NISSAN_ULIA_HERNANI_058,,d1,22:09.1,03:42.1,NISSAN_LEAF,Nissan Leaf e+ 62 kW,62000,174,01:45.7,5.6,9,40,NE,2.480224390969977,-55.996610428938176,154,86,,,,0.0,65.0,87.0,2,124,30,55,1
21/04/2023 09:00,104,14.1,85,16.0,99.23,-1363,560,3,84,7.77,385,58,-1.9797872,43.26507,104.525955,16.071372402893527,00:29.0,7,7200.043000000001,0101000020E6100000E733C15535ADFFBF0211D0D1EDA14540,20230421_NISSAN_ULIA_HERNANI_058,,d1,22:09.1,03:42.1,NISSAN_LEAF,Nissan Leaf e+ 62 kW,62000,174,01:45.7,5.6,9,40,NE,-1.5237338518607906,-30.25265925363218,154,86,,,,0.0,65.0,87.0,2,124,30,55,1
21/04/2023 09:00,104,30.4,85,16.0,99.23,-1363,3040,3,84,-2.17,1907,58,-1.97941,43.26485,104.62684,16.110503957843882,00:37.0,7,7200.009,0101000020E61000001E9F07EBA9ABFFBF75457196E6A14540,20230421_NISSAN_ULIA_HERNANI_058,,d1,22:09.1,03:42.1,NISSAN_LEAF,Nissan Leaf e+ 62 kW,62000,174,01:45.7,5.6,9,40,NE,-7.976406468624091,22.407891943239644,154,86,,,,0.0,65.0,87.0,2,124,30,25,1
21/04/2023 09:00,104,21.8,85,16.0,99.23,-1367,3280,3,84,5.77,1134,58,-1.978891,43.265064,104.31078,16.158798468430486,00:46.0,7,7199.981,0101000020E6100000A5BBEAAC89A9FFBFDB4125A5EDA14540,20230421_NISSAN_ULIA_HERNANI_058,,d1,22:09.1,03:42.1,NISSAN_LEAF,Nissan Leaf e+ 62 kW,62000,174,01:45.7,5.6,9,40,NE,-7.832404981496177,20.489707064854823,154,86,,,,0.0,65.0,87.0,2,124,30,25,1
21/04/2023 09:00,103,28.8,85,16.0,99.23,-1367,0,3,84,-4.67,2157,58,-1.9781524,43.26534,103.38489,16.226024767678073,00:54.1,7,7199.916,0101000020E6100000F8368D2F83A6FFBFE03F54A6F6A14540,20230421_NISSAN_ULIA_HERNANI_058,,d1,22:09.1,03:42.1,NISSAN_LEAF,Nissan Leaf e+ 62 kW,62000,174,01:45.7,5.6,9,40,NE,-7.723488989818669,19.111218810627133,154,86,,,,0.0,65.0,87.0,2,124,30,25,1
21/04/2023 09:01,102,19.2,85,16.0,99.23,-1384,0,3,84,0.67,1199,58,-1.9775752,43.26554,102.819595,16.27778545214544,01:03.1,7,7199.865,0101000020E61000002EA9D6EE25A4FFBF6917F14AFDA14540,20230421_NISSAN_ULIA_HERNANI_058,,d1,22:09.1,03:42.1,NISSAN_LEAF,Nissan Leaf e+ 62 kW,62000,174,01:45.7,5.6,9,40,NE,-7.760369751455653,19.57166448249231,154,86,,,,0.0,65.0,87.0,2,124,30,25,1
21/04/2023 09:01,101,18.2,85,16.0,99.23,-1390,0,3,84,-0.34,953,58,-1.9771111,43.265705,101.49347,16.319624544159637,01:11.2,7,7199.814,0101000020E6100000AE1ECE433FA2FFBF79D7019102A24540,20230421_NISSAN_ULIA_HERNANI_058,,d1,22:09.1,03:42.1,NISSAN_LEAF,Nissan Leaf e+ 62 kW,62000,174,01:45.7,5.6,9,40,NE,-8.446603057723543,29.80305802018773,154,86,,,,0.0,65.0,87.0,2,124,30,25,1
21/04/2023 09:01,100,0.0,85,16.0,99.23,-1393,0,3,84,0.0,4,58,-1.9769627,43.26579,100.66291,16.334934859282324,01:20.2,7,7199.781999999999,0101000020E6100000D27753A5A3A1FFBF2B40BA5D05A24540,20230421_NISSAN_ULIA_HERNANI_058,,d1,22:09.1,03:42.1,NISSAN_LEAF,Nissan Leaf e+ 62 kW,62000,174,01:45.7,5.6,9,40,NE,-7.761765571355668,19.589214493792813,154,86,,,,0.0,65.0,87.0,2,124,30,25,1
21/04/2023 09:01,101,13.4,85,16.0,99.23,-1393,640,3,84,0.0,380,58,-1.9769065,43.26581,101.04371,16.340014030905753,01:28.3,7,7199.745,0101000020E6100000B7FC7DC368A1FFBF7DD89CFE05A24540,20230421_NISSAN_ULIA_HERNANI_058,,d1,22:09.1,03:42.1,NISSAN_LEAF,Nissan Leaf e+ 62 kW,62000,174,01:45.7,5.6,9,40,NE,-7.024989334765841,88.68863889609246,154,86,,,,0.0,65.0,87.0,2,124,30,25,1
21/04/2023 09:01,99,21.2,85,16.0,99.23,-1399,0,3,83,-5.53,1793,58,-1.9768951,43.266308,99.43371,16.395420193862062,01:37.3,7,7199.726,0101000020E61000002C9F60BA5CA1FFBF423BB96316A24540,20230421_NISSAN_ULIA_HERNANI_058,,d1,22:09.1,03:42.1,NISSAN_LEAF,Nissan Leaf e+ 62 kW,62000,174,01:45.7,5.6,9,40,NE,-6.592662247490937,92.902093357068,154,86,,,,0.0,65.0,87.0,2,124,30,25,1
21/04/2023 09:01,99,18.5,85,16.0,99.23,-1413,0,3,83,-2.84,1615,58,-1.976917,43.266740000000006,99.0921,16.44349033358893,01:45.3,7,7199.678000000001,0101000020E6100000191B0BBB73A1FFBF0A9BDA7924A24540,20230421_NISSAN_ULIA_HERNANI_058,,d1,22:09.1,03:42.1,NISSAN_LEAF,Nissan Leaf e+ 62 kW,62000,174,01:45.7,5.6,9,40,NE,-8.8088755718198,61.82894583327613,154,86,,,,0.0,65.0,87.0,2,124,30,25,1
21/04/2023 09:01,96,17.9,85,16.0,99.23,-1423,0,3,83,-1.81,1112,58,-1.976691,43.267162,96.5155,16.49392221765594,01:54.4,7,7199.595,0101000020E61000009D6633CE86A0FFBF9406B45B32A24540,20230421_NISSAN_ULIA_HERNANI_058,,d1,22:09.1,03:42.1,NISSAN_LEAF,Nissan Leaf e+ 62 kW,62000,174,01:45.7,5.6,9,40,NE,-8.996136510892724,51.67888813099424,154,86,,,,0.0,65.0,87.0,2,124,30,25,1
21/04/2023 09:02,93,14.2,85,16.0,99.23,-1425,0,3,83,0.72,759,58,-1.9765108,43.26739,93.3896,16.523339888041583,02:02.4,7,7199.5740000000005,0101000020E610000009BB01C8C99FFFBFB0A6B9DD39A24540,20230421_NISSAN_ULIA_HERNANI_058,,d1,22:09.1,03:42.1,NISSAN_LEAF,Nissan Leaf e+ 62 kW,62000,174,01:45.7,5.6,9,40,NE,-7.442330360839981,15.784205509230572,303,108,,,,0.0,1.0,242.0,60,291,12,25,2
21/04/2023 09:02,90,25.2,85,16.0,99.23,-1425,120,3,82,-1.77,1673,58,-1.9759094,43.26756,90.7855,16.57563927374946,02:11.5,7,7199.516,0101000020E6100000073E111C539DFFBFACF6B9583FA24540,20230421_NISSAN_ULIA_HERNANI_058,,d1,22:09.1,03:42.1,NISSAN_LEAF,Nissan Leaf e+ 62 kW,62000,174,01:45.7,5.6,9,40,NE,-6.989906833119434,10.955442051739135,303,108,,,,0.0,1.0,242.0,60,291,12,25,2
21/04/2023 09:02,89,24.6,85,16.0,99.23,-1430,4200,3,82,-1.7,1652,58,-1.9753928,43.26766,89.73944,16.618932613707475,02:18.5,7,7200.501,0101000020E61000000FE98A86359BFFBF388DD59042A24540,20230421_NISSAN_ULIA_HERNANI_058,,d1,22:09.1,03:42.1,NISSAN_LEAF,Nissan Leaf e+ 62 kW,62000,174,01:45.7,5.6,9,40,NE,-6.817779670723585,9.247023662617275,303,108,,,,0.0,1.0,242.0,60,291,12,25,2
21/04/2023 09:02,89,21.4,85,16.0,99.23,-1435,0,3,82,-0.67,1442,58,-1.9746803,43.267776,89.27847,16.678048217713613,02:27.5,7,7200.47,0101000020E61000005480C9574A98FFBF0DD31B8746A24540,20230421_NISSAN_ULIA_HERNANI_058,,d1,22:09.1,03:42.1,NISSAN_LEAF,Nissan Leaf e+ 62 kW,62000,174,03:02.3,5.6,9,40,NE,-6.908681351407356,10.141652095802344,303,108,,,,0.0,1.0,242.0,60,291,12,25,2
21/04/2023 09:02,88,9.5,85,16.0,99.23,-1441,0,3,81,-4.95,861,58,-1.9741548,43.26787,88.87966999999999,16.721863467681306,02:35.6,7,7200.432,0101000020E6100000535507672396FFBF9FC968A649A24540,20230421_NISSAN_ULIA_HERNANI_058,,d1,22:09.1,03:42.1,NISSAN_LEAF,Nissan Leaf e+ 62 kW,62000,174,03:02.3,5.6,9,40,NE,-7.782431327757685,19.85013135188166,303,108,,,,0.0,1.0,242.0,60,291,12,25,2
21/04/2023 09:02,87,15.1,85,16.0,99.23,-1441,4200,3,81,2.28,902,58,-1.9740163,43.26792,87.96898,16.734413107464697,02:44.6,7,7200.387,0101000020E6100000A8B617239295FFBFA2211F334BA24540,20230421_NISSAN_ULIA_HERNANI_058,,d1,22:09.1,03:42.1,NISSAN_LEAF,Nissan Leaf e+ 62 kW,62000,174,03:02.3,5.6,9,40,NE,-5.464333588379574,-2.616418018670781,303,108,,,,0.0,1.0,242.0,60,291,12,25,2
21/04/2023 09:02,84,34.4,85,16.0,99.23,-1441,4160,3,81,-0.36,2230,58,-1.9733598,43.26789,85.48201999999999,16.787730772090327,02:52.7,7,7200.31,0101000020E61000008BAF12C2E192FFBFA5F7D73E4AA24540,20230421_NISSAN_ULIA_HERNANI_058,,d1,22:09.1,03:42.1,NISSAN_LEAF,Nissan Leaf e+ 62 kW,62000,174,03:02.3,5.6,9,40,NE,-4.691404650425526,-8.582709903456566,303,108,,,,0.0,1.0,242.0,60,291,12,55,2
21/04/2023 09:03,81,40.5,85,16.0,99.23,-1441,0,3,81,-1.05,2798,58,-1.9722003,43.267715,81.40396,16.883694716637578,03:01.7,7,7200.292,0101000020E61000006A5904E7218EFFBF78388C8C44A24540,20230421_NISSAN_ULIA_HERNANI_058,,d1,22:09.1,03:42.1,NISSAN_LEAF,Nissan Leaf e+ 62 kW,62000,174,03:02.3,5.6,9,40,NE,-4.5968162927923295,-9.28570932110406,303,108,,,,0.0,1.0,242.0,60,291,12,25,2
21/04/2023 09:03,78,41.0,85,16.0,99.23,-1449,0,3,80,1.42,2690,58,-1.9711055,43.267536,78.99713,16.974577167099806,03:09.7,7,7200.258000000001,0101000020E610000085E224DBA589FFBFFC9C5E923EA24540,20230421_NISSAN_ULIA_HERNANI_058,,d1,22:09.1,03:42.1,NISSAN_LEAF,Nissan Leaf e+ 62 kW,62000,174,03:02.3,5.6,9,40,NE,-4.906598446610756,-6.963198617334741,303,108,,,,0.0,1.0,242.0,60,291,12,8,1
21/04/2023 09:03,75,36.7,85,16.0,99.23,-1459,0,3,80,-2.81,2647,58,-1.9698282,43.26738,75.84161999999999,17.07948962285707,03:18.8,7,7200.181,0101000020E61000005E8758956A84FFBF414CE47539A24540,20230421_NISSAN_ULIA_HERNANI_058,,d1,22:09.1,03:42.1,NISSAN_LEAF,Nissan Leaf e+ 62 kW,62000,174,03:02.3,5.6,9,40,NE,-4.7838763638871935,-7.890311420796478,303,108,,,,0.0,1.0,242.0,60,291,12,55,1
21/04/2023 09:03,71,10.0,85,16.0,99.23,-1485,0,3,80,-2.94,1269,58,-1.9689479,43.267258,71.6074,17.152168789282978,03:27.9,7,7200.144,0101000020E6100000603B3887CF80FFBF87618F8A35A24540,20230421_NISSAN_ULIA_HERNANI_058,,d1,22:09.1,03:42.1,NISSAN_LEAF,Nissan Leaf e+ 62 kW,62000,174,03:02.3,5.6,9,40,NE,-1.7568916378485353,-28.7429979029354,303,108,,,,0.0,1.0,242.0,60,291,12,55,1
21/04/2023 09:03,70,14.2,85,16.0,99.23,-1489,5440,3,80,-2.91,1077,58,-1.9688148,43.267185,70.705345,17.165690776667915,03:35.9,7,7200.094,0101000020E6100000CF7EA2FE4380FFBFD13C191333A24540,20230421_NISSAN_ULIA_HERNANI_058,,d1,22:09.1,03:42.1,NISSAN_LEAF,Nissan Leaf e+ 62 kW,62000,174,03:02.3,5.6,9,40,NE,,,303,108,,,,0.0,1.0,242.0,60,291,12,55,1
