timestamp_data_utc,elv_spy,speed,soc,amb_temp,soh,regenwh,Motor Pwr(w),Aux Pwr(100w),Motor Temp,Torque Nm,rpm,route_id,longitude,latitude,altitude,cumul_dist,timestamp_gps_utc,car_id,time_diff,point_geom,route_code,route_description,driver,start_timestamp,end_timestamp,car_code,car_description,capacity,ref_consumption,timestamp_weather_utc,wind_mph,wind_kph,wind_degree,wind_dir,Frontal_Wind,Veh_deg,totalVehicles,speedAvg,cars_by_speed_interval_0_80,cars_by_speed_interval_80_100,cars_by_speed_interval_100_120,cars_by_speed_interval_0_50,cars_by_speed_interval_50_80,cars_by_speed_interval_80_120,cars_by_speed_interval_120_inf,cars_by_length_interval_0_7,cars_by_length_interval_7_inf,max_speed,radius
19/04/2023 11:06,98,28.8,86,23.500002,99.26,-642,4160,3,94,5.98,1678,31,-2.0230694,43.2249,98.84312,0.0,06:16.8,7,7200.2,0101000020E61000002D29B2023F2F00C0D3B4F771C99C4540,20230419_NISSAN_ANDOAIN_AZPEITIA_031,,d3,06:14.2,50:07.4,NISSAN_LEAF,Nissan Leaf e+ 62 kW,62000,174,06:46.1,8.1,13.0,350,N,-4.9156171442643775,167.78244829357538,385,114,0.0,47.0,232.0,,,,106,275,110,30,3
19/04/2023 11:06,98,20.2,86,23.500002,99.26,-647,0,3,94,7.98,1216,31,-2.0239007,43.22508,98.18694,0.07026954945693552,06:25.8,7,7200.156999999999,0101000020E6100000F10944E7F23000C0D0A87158CF9C4540,20230419_NISSAN_ANDOAIN_AZPEITIA_031,,d3,06:14.2,50:07.4,NISSAN_LEAF,Nissan Leaf e+ 62 kW,62000,174,06:46.1,8.1,13.0,350,N,-8.088791506192075,48.47804687394537,385,114,0.0,47.0,232.0,,,,106,275,110,30,3
19/04/2023 11:06,101,37.1,86,23.500002,99.26,-647,2000,3,94,-0.95,2436,31,-2.0234456,43.225594,100.57807,0.1383284274106365,06:34.9,7,7200.113,0101000020E610000050130042043000C0BAFB0E42E09C4540,20230419_NISSAN_ANDOAIN_AZPEITIA_031,,d3,06:14.2,50:07.4,NISSAN_LEAF,Nissan Leaf e+ 62 kW,62000,174,06:46.1,8.1,13.0,350,N,-12.077360096033964,121.71624510276384,385,114,0.0,47.0,232.0,,,,106,275,110,55,3
19/04/2023 11:06,102,40.6,86,23.500002,99.26,-647,5280,3,94,2.22,2370,31,-2.0237305,43.226055,102.24314,0.19457163177953155,06:42.9,7,7200.093000000001,0101000020E6100000D40149AF993000C020FD535CEF9C4540,20230419_NISSAN_ANDOAIN_AZPEITIA_031,,d3,06:14.2,50:07.4,NISSAN_LEAF,Nissan Leaf e+ 62 kW,62000,174,06:46.1,8.1,13.0,350,N,1.2756199381060884,-164.3688125788489,385,114,0.0,47.0,232.0,,,,106,275,110,25,3
19/04/2023 11:06,99,16.9,86,23.500002,99.26,-664,0,3,94,-9.38,1772,31,-2.0249028,43.225727,100.339134,0.2963345619629968,06:52.0,7,7200.021,0101000020E6100000513A1830003300C022D46791E49C4540,20230419_NISSAN_ANDOAIN_AZPEITIA_031,,d3,06:14.2,50:07.4,NISSAN_LEAF,Nissan Leaf e+ 62 kW,62000,174,06:46.1,8.1,13.0,350,N,1.5429320275199945,-163.1836637566932,385,114,0.0,47.0,232.0,,,,106,275,110,45,3
19/04/2023 11:07,101,37.1,86,23.500002,99.26,-673,14840,3,94,3.28,2060,31,-2.0251675,43.225647,101.375534,0.3195762461285185,07:00.0,7,7199.962,0101000020E6100000BED947F88A3300C0814A11FAE19C4540,20230419_NISSAN_ANDOAIN_AZPEITIA_031,,d3,06:14.2,50:07.4,NISSAN_LEAF,Nissan Leaf e+ 62 kW,62000,174,06:46.1,8.1,13.0,350,N,-2.257426309670091,180.0,385,114,0.0,47.0,232.0,,,,106,275,110,45,3
19/04/2023 11:07,99,28.4,86,23.500002,99.26,-679,0,3,95,-1.25,2240,31,-2.0263312,43.225647,99.124466,0.41389019884411826,07:09.1,7,7199.918000000001,0101000020E6100000C4FC5C1EED3500C006A20108E29C4540,20230419_NISSAN_ANDOAIN_AZPEITIA_031,,d3,06:14.2,50:07.4,NISSAN_LEAF,Nissan Leaf e+ 62 kW,62000,174,06:46.1,8.1,13.0,350,N,4.959658559716416,-147.5726168882159,385,114,0.0,47.0,232.0,,,,106,275,110,45,3
19/04/2023 11:07,96,29.1,86,23.500002,99.26,-690,0,3,95,-1.05,1958,31,-2.0268900000000003,43.225292,97.46295,0.4739809352770318,07:17.1,7,7199.908,0101000020E610000076B95A29123700C028874454D69C4540,20230419_NISSAN_ANDOAIN_AZPEITIA_031,,d3,06:14.2,50:07.4,NISSAN_LEAF,Nissan Leaf e+ 62 kW,62000,174,06:46.1,8.1,13.0,350,N,8.450089761973997,-30.542122465358567,385,114,0.0,47.0,232.0,,,,106,275,110,8,3
19/04/2023 11:07,94,27.9,86,23.500002,99.26,-702,0,3,95,0.94,1783,31,-2.0263019,43.224945,95.13534,0.5353384798950807,07:25.2,7,7199.828,0101000020E6100000494823B9DD3500C08520EC07CB9C4540,20230419_NISSAN_ANDOAIN_AZPEITIA_031,,d3,06:14.2,50:07.4,NISSAN_LEAF,Nissan Leaf e+ 62 kW,62000,174,06:46.1,8.1,13.0,350,N,12.595150203932656,-65.66338956594663,385,114,0.0,47.0,232.0,,,,106,275,110,45,3
19/04/2023 11:07,91,53.1,86,23.500002,99.26,-702,16200,3,94,2.77,3295,31,-2.025936,43.224136,91.98201,0.6301071354690335,07:34.2,7,7199.752,0101000020E61000004CD740D11D3500C044980A84B09C4540,20230419_NISSAN_ANDOAIN_AZPEITIA_031,,d3,06:14.2,50:07.4,NISSAN_LEAF,Nissan Leaf e+ 62 kW,62000,174,06:46.1,8.1,13.0,350,N,12.960373636896064,-84.47474653621657,385,114,0.0,47.0,232.0,,,,106,275,110,8,3
19/04/2023 11:07,90,60.9,86,23.500002,99.26,-702,14520,3,94,6.36,3804,31,-2.0258353,43.223095,90.64827,0.7461559329555453,07:42.3,7,7199.736999999999,0101000020E61000002D55B310E93400C0622755508E9C4540,20230419_NISSAN_ANDOAIN_AZPEITIA_031,,d3,06:14.2,50:07.4,NISSAN_LEAF,Nissan Leaf e+ 62 kW,62000,174,08:32.0,8.1,13.0,350,N,12.932720532596257,-74.1683062852369,385,114,0.0,47.0,232.0,,,,106,275,110,80,3
19/04/2023 11:07,84,64.8,86,23.500002,99.26,-705,1920,3,94,0.98,4437,31,-2.0254142,43.22161,84.99506,0.9148636112554964,07:51.3,7,7199.691999999999,0101000020E61000009B9C36670C3400C0C36C9EB55D9C4540,20230419_NISSAN_ANDOAIN_AZPEITIA_031,,d3,06:14.2,50:07.4,NISSAN_LEAF,Nissan Leaf e+ 62 kW,62000,174,08:32.0,8.1,13.0,350,N,12.949068325051744,-74.92656820755508,385,114,0.0,47.0,232.0,,,,106,275,110,80,3
19/04/2023 11:07,84,68.0,86,23.500002,99.26,-705,0,3,94,2.16,4675,31,-2.025056,43.22028,84.42886999999999,1.065575238256819,07:59.4,7,7199.645,0101000020E61000000792B685503300C08A6EC117329C4540,20230419_NISSAN_ANDOAIN_AZPEITIA_031,,d3,06:14.2,50:07.4,NISSAN_LEAF,Nissan Leaf e+ 62 kW,62000,174,08:32.0,8.1,13.0,350,N,12.927541160623704,-86.05220413875459,385,114,0.0,47.0,232.0,,,,106,275,110,80,4
19/04/2023 11:08,85,71.3,86,23.500002,99.26,-705,11400,3,94,2.83,4611,31,-2.024952,43.218773,85.43486999999999,1.2333607830988926,08:08.4,7,7199.597,0101000020E6100000EB63B4091A3300C0F089A5CC009C4540,20230419_NISSAN_ANDOAIN_AZPEITIA_031,,d3,06:14.2,50:07.4,NISSAN_LEAF,Nissan Leaf e+ 62 kW,62000,174,08:32.0,8.1,13.0,350,N,12.64235705251512,-93.47074152862928,385,114,0.0,47.0,232.0,,,,106,275,110,45,4
19/04/2023 11:08,86,69.0,86,23.500002,99.26,-707,9280,3,93,-1.92,4801,31,-2.0250397,43.217327,86.24221999999999,1.3943076484452697,08:16.4,7,7199.589,0101000020E61000008655DAFB473300C09FF2256AD19B4540,20230419_NISSAN_ANDOAIN_AZPEITIA_031,,d3,06:14.2,50:07.4,NISSAN_LEAF,Nissan Leaf e+ 62 kW,62000,174,08:32.0,8.1,13.0,350,N,12.869723295232838,-71.88174502897826,385,114,0.0,47.0,232.0,,,,106,275,110,8,4
19/04/2023 11:08,88,60.3,86,23.500002,99.26,-719,4200,3,93,0.0,3908,31,-2.0246127,43.216022,88.72584,1.5435062021666668,08:25.5,7,7199.507,0101000020E6100000ECCAA31A683200C0E51D8EAEA69B4540,20230419_NISSAN_ANDOAIN_AZPEITIA_031,,d3,06:14.2,50:07.4,NISSAN_LEAF,Nissan Leaf e+ 62 kW,62000,174,08:32.0,8.1,13.0,350,N,12.97041221964627,-83.86638014648206,385,114,0.0,47.0,232.0,,,,106,275,110,8,4
19/04/2023 11:08,88,63.9,86,23.500002,99.26,-719,3440,3,93,1.73,4363,31,-2.0244975,43.21495,88.82849,1.6630722118188395,08:32.5,7,7200.503000000001,0101000020E610000026AFADB22B3200C0ECC2F573839B4540,20230419_NISSAN_ANDOAIN_AZPEITIA_031,,d3,06:14.2,50:07.4,NISSAN_LEAF,Nissan Leaf e+ 62 kW,62000,174,08:32.0,8.1,13.0,350,N,5.742247998656551,-143.78687472374253,385,114,0.0,47.0,232.0,,,,106,275,110,30,4
19/04/2023 11:08,90,66.1,86,23.500002,99.26,-719,3880,3,92,2.45,4415,31,-2.0259137,43.213913,90.522934,1.8257696284897518,08:41.6,7,7200.427,0101000020E6100000E9117E46123500C0B393FB72619B4540,20230419_NISSAN_ANDOAIN_AZPEITIA_031,,d3,06:14.2,50:07.4,NISSAN_LEAF,Nissan Leaf e+ 62 kW,62000,174,08:32.0,8.1,13.0,350,N,0.7924736118387823,-166.50511061506202,385,114,0.0,47.0,232.0,,,,106,275,110,8,4
19/04/2023 11:08,91,71.0,85,23.500002,99.26,-719,0,3,92,1.0,4584,31,-2.027968,43.21342,91.20918,2.0010436398340414,08:50.6,7,7200.405,0101000020E61000009D82D938473900C04F834C61519B4540,20230419_NISSAN_ANDOAIN_AZPEITIA_031,,d3,06:14.2,50:07.4,NISSAN_LEAF,Nissan Leaf e+ 62 kW,62000,174,08:32.0,8.1,13.0,350,N,1.8957294443983923,-161.6149241773538,385,114,0.0,47.0,232.0,,,,106,275,110,8,4
19/04/2023 11:08,94,65.5,85,23.500002,99.26,-719,480,3,92,0.06,4622,31,-2.0296228,43.21287,94.257,2.1484672061216057,08:58.7,7,7200.343000000001,0101000020E61000003B8905D2AA3C00C0019308503F9B4540,20230419_NISSAN_ANDOAIN_AZPEITIA_031,,d3,06:14.2,50:07.4,NISSAN_LEAF,Nissan Leaf e+ 62 kW,62000,174,08:32.0,8.1,13.0,350,N,2.570543453846351,-158.59551275685743,385,114,0.0,47.0,232.0,,,,106,275,110,10,4
19/04/2023 11:09,95,66.5,85,23.500002,99.26,-719,0,3,92,2.81,4604,31,-2.03123,43.21224,95.19998,2.2963627189152565,09:06.7,7,7200.304,0101000020E610000076385676F53F00C046D7CCAD2A9B4540,20230419_NISSAN_ANDOAIN_AZPEITIA_031,,d3,06:14.2,50:07.4,NISSAN_LEAF,Nissan Leaf e+ 62 kW,62000,174,08:32.0,8.1,13.0,350,N,3.876277333144236,-152.65196690714006,385,114,0.0,47.0,232.0,,,,106,275,110,10,5
19/04/2023 11:09,95,70.7,85,23.500002,99.26,-719,9120,3,91,2.94,4620,31,-2.0329218,43.211365,95.25012,2.4644837668825215,09:15.7,7,7200.269,0101000020E6100000BB7C50756C4300C0F2EC22FE0D9B4540,20230419_NISSAN_ANDOAIN_AZPEITIA_031,,d3,06:14.2,50:07.4,NISSAN_LEAF,Nissan Leaf e+ 62 kW,62000,174,08:32.0,8.1,13.0,350,N,7.7628583750417,-133.33445047679788,385,114,0.0,47.0,232.0,,,,106,275,110,8,5
19/04/2023 11:09,94,70.5,85,23.500002,99.26,-719,5680,3,91,0.0,4800,31,-2.0341606,43.210052000000005,94.64079,2.641671598740172,09:24.8,7,7200.184,0101000020E6100000CF8BC40FF64500C000F741F7E29A4540,20230419_NISSAN_ANDOAIN_AZPEITIA_031,,d3,06:14.2,50:07.4,NISSAN_LEAF,Nissan Leaf e+ 62 kW,62000,174,08:32.0,8.1,13.0,350,N,8.606890176218922,-128.54218210112208,385,114,0.0,47.0,232.0,,,,106,275,110,30,5
19/04/2023 11:09,92,68.3,85,23.500002,99.26,-719,6760,3,91,-1.31,4686,31,-2.0351086,43.208862,92.23223,2.79470055127252,09:32.9,7,7200.142,0101000020E61000000151BF0EE74700C0BC1C72F4BB9A4540,20230419_NISSAN_ANDOAIN_AZPEITIA_031,,d3,06:14.2,50:07.4,NISSAN_LEAF,Nissan Leaf e+ 62 kW,62000,174,08:32.0,8.1,13.0,350,N,8.900324170549707,-126.79267301789282,385,114,0.0,47.0,232.0,,,,106,275,110,80,5
19/04/2023 11:09,91,57.1,85,23.500002,99.26,-746,0,3,91,2.28,3768,31,-2.035944,43.207745,91.51061,2.936162494430955,09:40.9,7,7200.121999999999,0101000020E6100000CE1021089D4900C08EE0AD65979A4540,20230419_NISSAN_ANDOAIN_AZPEITIA_031,,d3,06:14.2,50:07.4,NISSAN_LEAF,Nissan Leaf e+ 62 kW,62000,174,08:32.0,8.1,13.0,350,N,10.576855795710802,-115.55040970404126,385,114,0.0,47.0,232.0,,,,106,275,110,80,5
19/04/2023 11:09,91,81.3,85,23.500002,99.26,-746,18040,3,91,2.67,5231,31,-2.0365932,43.206387,91.11815,3.0960701848598364,09:49.9,7,7200.065,0101000020E61000004B141958F14A00C00A08B8E46A9A4540,20230419_NISSAN_ANDOAIN_AZPEITIA_031,,d3,06:14.2,50:07.4,NISSAN_LEAF,Nissan Leaf e+ 62 kW,62000,174,08:32.0,8.1,13.0,350,N,12.978441025910533,-83.3001983019056,385,114,0.0,47.0,232.0,,,,106,275,110,8,5
19/04/2023 11:09,96,69.5,85,23.500002,99.26,-749,5240,3,91,1.09,4857,31,-2.0364103,43.20483,95.767746,3.26989636882566,09:58.0,7,7200.04,0101000020E610000082C13E84914A00C00B1439E0379A4540,20230419_NISSAN_ANDOAIN_AZPEITIA_031,,d3,06:14.2,50:07.4,NISSAN_LEAF,Nissan Leaf e+ 62 kW,62000,174,08:32.0,8.1,13.0,350,N,12.422917702387776,-97.13580964806955,385,114,0.0,47.0,232.0,,,,106,275,110,80,5
19/04/2023 11:10,97,76.8,85,23.500002,99.26,-749,11240,3,91,0.41,5136,31,-2.0366066000000003,43.203262,97.56184,3.4449836557066087,10:07.0,7,7199.974,0101000020E6100000FEE46155F84A00C076481985049A4540,20230419_NISSAN_ANDOAIN_AZPEITIA_031,,d3,06:14.2,50:07.4,NISSAN_LEAF,Nissan Leaf e+ 62 kW,62000,174,08:32.0,8.1,13.0,350,N,7.723565535606773,-133.5500453797136,385,114,0.0,47.0,232.0,,,,106,275,110,40,6
19/04/2023 11:10,97,75.8,85,23.500002,99.26,-749,10160,3,91,2.05,5085,31,-2.0378215,43.201984,96.9575,3.617875710381945,10:15.1,7,7199.946,0101000020E61000009ACEE554754D00C0A478D6A8DA994540,20230419_NISSAN_ANDOAIN_AZPEITIA_031,,d3,06:14.2,50:07.4,NISSAN_LEAF,Nissan Leaf e+ 62 kW,62000,174,11:46.2,8.1,13.0,350,N,8.863571983606223,-127.01450180382646,385,114,0.0,47.0,232.0,,,,106,275,110,100,6
19/04/2023 11:10,99,73.4,85,23.500002,99.26,-749,2360,3,91,1.42,5009,31,-2.0389283,43.200516,98.7584,3.8041470321291633,10:24.1,7,7199.85,0101000020E6100000CFDD7DABB94F00C028B7D870AA994540,20230419_NISSAN_ANDOAIN_AZPEITIA_031,,d3,06:14.2,50:07.4,NISSAN_LEAF,Nissan Leaf e+ 62 kW,62000,174,11:46.2,8.1,13.0,350,N,9.04765304617131,-125.89517163522308,385,114,0.0,47.0,232.0,,,,106,275,110,8,6
19/04/2023 11:10,99,76.2,85,23.500002,99.26,-749,6760,3,91,3.05,5050,31,-2.0399857,43.199055,100.107376,3.987831580602825,10:32.2,7,7199.802,0101000020E6100000148BF104E45100C0238238957A994540,20230419_NISSAN_ANDOAIN_AZPEITIA_031,,d3,06:14.2,50:07.4,NISSAN_LEAF,Nissan Leaf e+ 62 kW,62000,174,11:46.2,8.1,13.0,350,N,8.630637552421293,-128.40237640492174,385,114,0.0,47.0,232.0,,,,106,275,110,25,6
19/04/2023 11:10,98,88.4,85,23.999998,99.26,-749,0,3,91,3.41,5845,31,-2.041292,43.197407,98.40064,4.199481287699817,10:41.2,7,7199.781999999999,0101000020E6100000652A98D0905400C0A1B957AA44994540,20230419_NISSAN_ANDOAIN_AZPEITIA_031,,d3,06:14.2,50:07.4,NISSAN_LEAF,Nissan Leaf e+ 62 kW,62000,174,11:46.2,8.1,13.0,350,N,3.1714681653847294,-155.87967248492487,254,104,,,,1.0,3.0,218.0,32,234,20,100,5
19/04/2023 11:10,98,102.4,85,23.999998,99.26,-749,31200,3,91,4.39,6755,31,-2.0434651,43.196434,98.650955,4.4062090453484934,10:49.3,7,7199.744000000001,0101000020E610000091651640045900C01D7A72B424994540,20230419_NISSAN_ANDOAIN_AZPEITIA_031,,d3,06:14.2,50:07.4,NISSAN_LEAF,Nissan Leaf e+ 62 kW,62000,174,11:46.2,8.1,13.0,350,N,-0.8241136260109603,-173.63460892797784,254,104,,,,1.0,3.0,218.0,32,234,20,25,5
19/04/2023 11:10,103,102.4,85,23.999998,99.26,-749,12080,3,92,2.56,7081,31,-2.046235,43.196125,103.489105,4.633409415852773,10:57.3,7,7199.688,0101000020E61000005822B474B05E00C0EB0E3A941A994540,20230419_NISSAN_ANDOAIN_AZPEITIA_031,,d3,06:14.2,50:07.4,NISSAN_LEAF,Nissan Leaf e+ 62 kW,62000,174,11:46.2,8.1,13.0,350,N,0.1217652217813972,-169.46332805259007,254,104,,,,1.0,3.0,218.0,32,234,20,8,5
19/04/2023 11:11,109,86.2,85,23.999998,99.26,-749,22360,3,92,3.03,5901,31,-2.0490038,43.19561,108.47366,4.865100717599762,11:06.4,7,7199.632,0101000020E6100000ACD2D32A5C6400C058949CB609994540,20230419_NISSAN_ANDOAIN_AZPEITIA_031,,d3,06:14.2,50:07.4,NISSAN_LEAF,Nissan Leaf e+ 62 kW,62000,174,11:46.2,8.1,13.0,350,N,6.22177470366582,-141.40612131008143,254,104,,,,1.0,3.0,218.0,32,234,20,100,5
19/04/2023 11:11,116,103.7,84,23.999998,99.26,-749,31680,3,93,1.72,6746,31,-2.050892,43.194103000000005,116.06547,5.0921838720270864,11:15.4,7,7199.593000000001,0101000020E61000000BEE13113A6800C0AD88E45CD8984540,20230419_NISSAN_ANDOAIN_AZPEITIA_031,,d3,06:14.2,50:07.4,NISSAN_LEAF,Nissan Leaf e+ 62 kW,62000,174,11:46.2,8.1,13.0,350,N,11.8653951560652,-104.11563679619036,254,104,,,,1.0,3.0,218.0,32,234,20,45,5
19/04/2023 11:11,120,98.8,84,23.999998,99.26,-760,0,3,93,-2.12,6810,31,-2.0513957,43.1921,120.14976,5.318656326405855,11:23.4,7,7199.569,0101000020E610000076DCC620426900C060E300B196984540,20230419_NISSAN_ANDOAIN_AZPEITIA_031,,d3,06:14.2,50:07.4,NISSAN_LEAF,Nissan Leaf e+ 62 kW,62000,174,11:46.2,8.1,13.0,350,N,12.983599426402336,-82.87833369375194,254,104,,,,1.0,3.0,218.0,32,234,20,45,4
19/04/2023 11:11,115,97.9,84,23.999998,99.26,-790,16640,3,93,4.36,6435,31,-2.0511327,43.189995,116.38251499999998,5.5537209205400595,11:32.5,7,7199.507,0101000020E61000002350514FB86800C0B661B4CB51984540,20230419_NISSAN_ANDOAIN_AZPEITIA_031,,d3,06:14.2,50:07.4,NISSAN_LEAF,Nissan Leaf e+ 62 kW,62000,174,11:46.2,8.1,13.0,350,N,12.28694415135046,-99.06483717994672,254,104,,,,1.0,3.0,218.0,32,234,20,25,4
19/04/2023 11:11,115,104.9,84,23.999998,99.26,-790,9400,3,94,1.53,6896,31,-2.051406,43.188282,116.50238,5.745482229244085,11:39.5,7,7200.456999999999,0101000020E61000001884A074476900C01BE2979219984540,20230419_NISSAN_ANDOAIN_AZPEITIA_031,,d3,06:14.2,50:07.4,NISSAN_LEAF,Nissan Leaf e+ 62 kW,62000,174,11:46.2,8.1,13.0,350,N,12.139082321403691,-100.96877943381716,254,104,,,,1.0,3.0,218.0,32,234,20,25,4
19/04/2023 11:11,117,98.8,84,23.999998,99.26,-790,20040,3,94,-1.62,6914,31,-2.0518541,43.185970000000005,117.00043,6.005119641452662,11:48.7,7,7200.331,0101000020E610000001777B7D326A00C0B48371E9CD974540,20230419_NISSAN_ANDOAIN_AZPEITIA_031,,d3,06:14.2,50:07.4,NISSAN_LEAF,Nissan Leaf e+ 62 kW,62000,174,11:46.2,8.1,13.0,350,N,12.988757785085442,-82.382995368989,254,104,,,,1.0,3.0,218.0,32,234,20,100,4
19/04/2023 11:11,113,101.5,84,23.999998,99.26,-796,20120,3,94,2.88,6885,31,-2.051596,43.18404,113.98548,6.220764759023642,11:56.6,7,7200.405,0101000020E6100000CD096D2AAB6900C0B7F6F1AD8E974540,20230419_NISSAN_ANDOAIN_AZPEITIA_031,,d3,06:14.2,50:07.4,NISSAN_LEAF,Nissan Leaf e+ 62 kW,62000,174,11:46.2,8.1,13.0,350,N,11.919719017243848,-103.52278028620633,254,104,,,,1.0,3.0,218.0,32,234,20,45,4
19/04/2023 11:12,114,100.1,84,23.999998,99.26,-796,6840,3,94,0.89,6679,31,-2.0521162,43.181877,114.33467,6.464949907047945,12:05.7,7,7200.329000000001,0101000020E61000001F99A9EFBB6A00C04EF410C647974540,20230419_NISSAN_ANDOAIN_AZPEITIA_031,,d3,06:14.2,50:07.4,NISSAN_LEAF,Nissan Leaf e+ 62 kW,62000,174,11:46.2,8.1,13.0,350,N,8.33320362576154,-130.13240327260314,254,104,,,,1.0,3.0,218.0,32,234,20,8,3
19/04/2023 11:12,110,100.0,84,23.999998,99.26,-799,0,3,94,0.0,6978,31,-2.053589,43.18013,110.75676,6.693006140166493,12:13.7,7,7200.319,0101000020E61000007953911DC06D00C0B9D55D840E974540,20230419_NISSAN_ANDOAIN_AZPEITIA_031,,d3,06:14.2,50:07.4,NISSAN_LEAF,Nissan Leaf e+ 62 kW,62000,174,11:46.2,8.1,13.0,350,N,8.288835977518364,-130.38670471383057,254,104,,,,1.0,3.0,218.0,32,234,20,8,3
19/04/2023 11:12,109,73.5,84,23.999998,99.26,-840,0,3,94,-1.45,5522,31,-2.0551202,43.17833,109.53051,6.928541696045621,12:22.7,7,7200.261,0101000020E61000009F88EBEFE27000C021406A7FD3964540,20230419_NISSAN_ANDOAIN_AZPEITIA_031,,d3,06:14.2,50:07.4,NISSAN_LEAF,Nissan Leaf e+ 62 kW,62000,174,11:46.2,8.1,13.0,350,N,9.709754657169212,-121.67708257498956,254,104,,,,1.0,3.0,218.0,32,234,20,25,3
19/04/2023 11:12,107,77.8,84,23.999998,99.26,-857,21040,3,94,1.59,5311,31,-2.0559304,43.177017,108.26322,7.088645972623596,12:30.8,7,7200.218000000001,0101000020E6100000D7D49E9C8B7200C0DC17B977A8964540,20230419_NISSAN_ANDOAIN_AZPEITIA_031,,d3,06:14.2,50:07.4,NISSAN_LEAF,Nissan Leaf e+ 62 kW,62000,174,11:46.2,8.1,13.0,350,N,7.326193737027085,-135.69810545837922,254,104,,,,1.0,3.0,218.0,32,234,20,45,3
19/04/2023 11:12,105,86.9,84,23.999998,99.26,-857,9040,3,94,1.95,5653,31,-2.0572512,43.175728,106.58914,7.267579699143079,12:38.8,7,7200.166,0101000020E610000037E60614407500C092E0A63D7E964540,20230419_NISSAN_ANDOAIN_AZPEITIA_031,,d3,06:14.2,50:07.4,NISSAN_LEAF,Nissan Leaf e+ 62 kW,62000,174,11:46.2,8.1,13.0,350,N,5.814383453822221,-143.4319591562641,254,104,,,,1.0,3.0,218.0,32,234,20,8,3
19/04/2023 11:12,106,90.8,84,23.999998,99.26,-857,14040,3,94,2.31,6091,31,-2.0591385,43.174328,105.93279,7.485883452258676,12:47.9,7,7200.137,0101000020E6100000E08DE4AA1D7900C0681AA85050964540,20230419_NISSAN_ANDOAIN_AZPEITIA_031,,d3,06:14.2,50:07.4,NISSAN_LEAF,Nissan Leaf e+ 62 kW,62000,174,13:32.0,8.1,13.0,350,N,6.225850669694833,-141.38565965648104,254,104,,,,1.0,3.0,218.0,32,234,20,8,2
19/04/2023 11:12,105,99.6,84,23.999998,99.26,-857,21440,3,94,3.83,6464,31,-2.06083,43.172977,106.285,7.689310535746213,12:55.9,7,7200.095,0101000020E610000052E6418F947C00C0A2EA841B24964540,20230419_NISSAN_ANDOAIN_AZPEITIA_031,,d3,06:14.2,50:07.4,NISSAN_LEAF,Nissan Leaf e+ 62 kW,62000,174,13:32.0,8.1,13.0,350,N,6.352345265047795,-140.74864051722858,254,104,,,,1.0,3.0,218.0,32,234,20,25,2
19/04/2023 11:13,107,104.1,84,23.999998,99.26,-857,22720,3,94,0.3,7059,31,-2.0626597,43.171482,106.69305,7.912135403207362,13:04.0,7,7200.03,0101000020E6100000FAFE00C4538000C0266FF614F3954540,20230419_NISSAN_ANDOAIN_AZPEITIA_031,,d3,06:14.2,50:07.4,NISSAN_LEAF,Nissan Leaf e+ 62 kW,62000,174,13:32.0,8.1,13.0,350,N,5.85338477716675,-143.23960991681446,254,104,,,,1.0,3.0,218.0,32,234,20,25,2
19/04/2023 11:13,107,91.6,84,23.999998,99.26,-857,0,3,94,3.03,6521,31,-2.0648310000000003,43.16986,107.15339,8.164197300421536,19/04/2023 11:13,7,7200.0,0101000020E610000038C1C915C68400C0D8EE8604BE954540,20230419_NISSAN_ANDOAIN_AZPEITIA_031,,d3,06:14.2,50:07.4,NISSAN_LEAF,Nissan Leaf e+ 62 kW,62000,174,13:32.0,8.1,13.0,350,N,8.5683675117397,-128.7683346034682,254,104,,,,1.0,3.0,218.0,32,234,20,25,2
19/04/2023 11:13,113,90.6,84,23.999998,99.26,-857,24160,3,95,1.84,6419,31,-2.0662766,43.16806,112.05384,8.396207594820353,13:22.1,7,7199.931,0101000020E61000005120D2F0BB8700C0CEAF2A0183954540,20230419_NISSAN_ANDOAIN_AZPEITIA_031,,d3,06:14.2,50:07.4,NISSAN_LEAF,Nissan Leaf e+ 62 kW,62000,174,13:32.0,8.1,13.0,350,N,12.970637864830868,-83.85160327362941,254,104,,,,1.0,3.0,218.0,32,234,20,100,2
19/04/2023 11:13,117,79.2,84,23.999998,99.26,-857,0,3,95,1.75,5550,31,-2.0660646000000003,43.166092,116.70838,8.615762956031357,13:31.1,7,7199.868,0101000020E6100000031748D24C8700C0A9D6037942954540,20230419_NISSAN_ANDOAIN_AZPEITIA_031,,d3,06:14.2,50:07.4,NISSAN_LEAF,Nissan Leaf e+ 62 kW,62000,174,13:32.0,8.1,13.0,350,N,12.378036680202277,-97.79488720435182,254,104,,,,1.0,3.0,218.0,32,234,20,25,1
19/04/2023 11:13,121,75.5,84,23.999998,99.26,-857,0,3,95,0.47,5202,31,-2.0662954,43.164406,120.93918,8.80421728537269,13:39.2,7,7199.811,0101000020E6100000950B8EE4C58700C01B25A4450B954540,20230419_NISSAN_ANDOAIN_AZPEITIA_031,,d3,06:14.2,50:07.4,NISSAN_LEAF,Nissan Leaf e+ 62 kW,62000,174,13:32.0,8.1,13.0,350,N,10.295055399379248,-117.63400919902284,254,104,,,,1.0,3.0,218.0,32,234,20,25,1
19/04/2023 11:13,121,86.2,84,23.999998,99.26,-857,11640,3,95,1.84,5690,31,-2.067176,43.162724,121.30888,9.004420686539465,13:48.2,7,7199.776,0101000020E6100000AE2854AC938900C0ECEF4C16D4944540,20230419_NISSAN_ANDOAIN_AZPEITIA_031,,d3,06:14.2,50:07.4,NISSAN_LEAF,Nissan Leaf e+ 62 kW,62000,174,13:32.0,8.1,13.0,350,N,12.74235048466204,-68.5738342394276,254,104,,,,1.0,3.0,218.0,32,234,20,25,1
19/04/2023 11:13,119,95.5,83,23.999998,99.26,-857,0,3,95,-1.62,6650,31,-2.0664406000000004,43.16085,119.63003,9.221175209724946,13:56.3,7,7199.6990000000005,0101000020E6100000A5C2ADFD118800C0E81128C096944540,20230419_NISSAN_ANDOAIN_AZPEITIA_031,,d3,06:14.2,50:07.4,NISSAN_LEAF,Nissan Leaf e+ 62 kW,62000,174,13:32.0,8.1,13.0,350,N,12.840836397885834,-71.02505215549381,254,104,,,,1.0,3.0,218.0,32,234,20,45,1
19/04/2023 11:14,120,96.5,83,23.999998,99.26,-865,12840,3,94,1.78,6514,31,-2.06581,43.159016,120.93258,9.43142724652458,14:04.3,7,7199.691999999999,0101000020E610000083FAD168C78600C0F08349AF5A944540,20230419_NISSAN_ANDOAIN_AZPEITIA_031,,d3,06:14.2,50:07.4,NISSAN_LEAF,Nissan Leaf e+ 62 kW,62000,174,13:32.0,8.1,13.0,350,N,11.165239476449962,-110.81066450842876,254,104,,,,1.0,3.0,218.0,32,234,20,45,1
19/04/2023 11:14,122,100.8,83,23.999998,99.26,-865,18320,3,94,1.98,6747,31,-2.066596,43.156948,122.05805,9.670055612544814,14:13.4,7,7199.611,0101000020E6100000D98C6576638800C0983632D616944540,20230419_NISSAN_ANDOAIN_AZPEITIA_031,,d3,06:14.2,50:07.4,NISSAN_LEAF,Nissan Leaf e+ 62 kW,62000,174,13:32.0,8.1,13.0,350,N,9.314480112181728,-124.23386079784449,254,104,,,,1.0,3.0,218.0,32,234,20,25,1
19/04/2023 11:14,120,99.7,83,23.500002,99.26,-865,10000,3,94,1.62,6789,31,-2.067829,43.155136,120.35079,9.895005398697046,14:21.4,7,7199.575,0101000020E6100000B928EED6E98A00C0C3183C8BDB934540,20230419_NISSAN_ANDOAIN_AZPEITIA_031,,d3,06:14.2,50:07.4,NISSAN_LEAF,Nissan Leaf e+ 62 kW,62000,174,13:32.0,8.1,13.0,350,N,9.17396710934243,-125.11470288935878,254,104,,,,1.0,3.0,218.0,32,234,20,25,1
19/04/2023 11:14,119,106.7,83,23.500002,99.26,-865,22360,3,94,2.97,6952,31,-2.0692375,43.153133,119.57278,10.145326471867097,14:30.5,7,7199.524,0101000020E6100000C5C12E5CCC8D00C0BF89F6D799934540,20230419_NISSAN_ANDOAIN_AZPEITIA_031,,d3,06:14.2,50:07.4,NISSAN_LEAF,Nissan Leaf e+ 62 kW,62000,174,13:32.0,8.1,13.0,350,N,10.912503004672288,-112.92072761188513,254,104,,,,1.0,3.0,218.0,32,234,20,8,1
19/04/2023 11:14,119,109.5,83,23.500002,99.26,-865,26000,3,95,3.56,7352,31,-2.070002,43.151325,119.42874,10.355715130548077,14:37.5,7,7200.493,0101000020E6100000CC38B0395D8F00C01BEC94A25E934540,20230419_NISSAN_ANDOAIN_AZPEITIA_031,,d3,06:14.2,50:07.4,NISSAN_LEAF,Nissan Leaf e+ 62 kW,62000,174,13:32.0,8.1,13.0,350,N,10.74327148773399,-114.26875288287528,254,104,,,,1.0,3.0,218.0,32,234,20,25,1
19/04/2023 11:14,123,96.8,83,23.500002,99.26,-883,0,3,95,0.0,6699,31,-2.0710232,43.14906,123.370636,10.620876020672705,14:46.6,7,7200.446999999999,0101000020E6100000963D54A1749100C03BA7746014934540,20230419_NISSAN_ANDOAIN_AZPEITIA_031,,d3,06:14.2,50:07.4,NISSAN_LEAF,Nissan Leaf e+ 62 kW,62000,174,13:32.0,8.1,13.0,350,N,12.792708621454535,-90.24555183741306,254,104,,,,1.0,3.0,218.0,32,234,20,45,2
19/04/2023 11:14,125,103.1,83,23.500002,99.26,-883,19440,3,95,2.69,6921,31,-2.0710316000000004,43.1471,124.73523,10.838823414278147,14:54.6,7,7200.428000000001,0101000020E6100000662A96FD789100C022958A15D4924540,20230419_NISSAN_ANDOAIN_AZPEITIA_031,,d3,06:14.2,50:07.4,NISSAN_LEAF,Nissan Leaf e+ 62 kW,62000,174,13:32.0,8.1,13.0,350,N,12.327994330829052,-61.49703905927311,254,104,,,,1.0,3.0,218.0,32,234,20,45,2
19/04/2023 11:15,126,96.5,83,23.500002,99.26,-883,25360,3,95,4.39,6477,31,-2.0700471,43.145287,126.39648400000002,11.05567205983343,15:02.6,7,7200.379,0101000020E610000027E78BE0748F00C091D56FCC98924540,20230419_NISSAN_ANDOAIN_AZPEITIA_031,,d3,06:14.2,50:07.4,NISSAN_LEAF,Nissan Leaf e+ 62 kW,62000,174,13:32.0,8.1,13.0,350,N,12.963630591482085,-84.28682125453372,254,104,,,,1.0,3.0,218.0,32,234,20,100,2
19/04/2023 11:15,132,97.9,83,23.500002,99.26,-883,20680,3,95,3.86,6646,31,-2.0698276,43.143093,130.6167,11.300319246085689,15:11.6,7,7200.353,0101000020E6100000411483C6018F00C0BECD50DD50924540,20230419_NISSAN_ANDOAIN_AZPEITIA_031,,d3,06:14.2,50:07.4,NISSAN_LEAF,Nissan Leaf e+ 62 kW,62000,174,16:46.3,8.1,13.0,350,N,12.753335670022029,-91.17913573474225,254,104,,,,1.0,3.0,218.0,32,234,20,25,2
19/04/2023 11:15,140,84.8,83,23.500002,99.26,-883,6800,3,96,3.59,5956,31,-2.0698714,43.140965,138.15143999999998,11.5370886536948,15:20.7,7,7200.278,0101000020E6100000D91494CF188F00C0A4234A190B924540,20230419_NISSAN_ANDOAIN_AZPEITIA_031,,d3,06:14.2,50:07.4,NISSAN_LEAF,Nissan Leaf e+ 62 kW,62000,174,16:46.3,8.1,13.0,350,N,12.933838126095113,-74.21698637610027,254,104,,,,1.0,3.0,218.0,32,234,20,25,2
19/04/2023 11:15,144,94.3,83,23.500002,99.26,-883,8160,3,96,-1.44,6182,31,-2.069381,43.13923,144.14932,11.73416364372881,15:28.7,7,7200.255999999999,0101000020E61000007522B8A9178E00C0EDBC2C3CD2914540,20230419_NISSAN_ANDOAIN_AZPEITIA_031,,d3,06:14.2,50:07.4,NISSAN_LEAF,Nissan Leaf e+ 62 kW,62000,174,16:46.3,8.1,13.0,350,N,12.605856444572073,-94.14479283752652,254,104,,,,1.0,3.0,218.0,32,234,20,40,3
19/04/2023 11:15,152,77.2,83,23.500002,99.26,-889,1920,3,96,4.8,5358,31,-2.0695226000000004,43.137276,151.00366,11.951850032614148,15:37.8,7,7200.214,0101000020E6100000EC12BCD3618E00C02316F14192914540,20230419_NISSAN_ANDOAIN_AZPEITIA_031,,d3,06:14.2,50:07.4,NISSAN_LEAF,Nissan Leaf e+ 62 kW,62000,174,16:46.3,8.1,13.0,350,N,9.781856643116248,-121.19690307204166,254,104,,,,1.0,3.0,218.0,32,234,20,25,3
19/04/2023 11:15,158,77.3,82,23.500002,99.26,-889,10200,3,96,1.53,5332,31,-2.070374,43.13587,157.08456,12.122881649085045,15:45.8,7,7200.189,0101000020E610000097D6A63C209000C09557BA4564914540,20230419_NISSAN_ANDOAIN_AZPEITIA_031,,d3,06:14.2,50:07.4,NISSAN_LEAF,Nissan Leaf e+ 62 kW,62000,174,16:46.3,8.1,13.0,350,N,10.799383957390702,-113.8270397290156,254,104,,,,1.0,3.0,218.0,32,234,20,100,3
19/04/2023 11:15,160,75.7,82,23.500002,99.26,-889,0,3,96,-0.52,5169,31,-2.0711062,43.134212,160.38522,12.31660802873903,15:54.9,7,7200.135,0101000020E6100000E7E72A1AA09100C0B82BBEE52D914540,20230419_NISSAN_ANDOAIN_AZPEITIA_031,,d3,06:14.2,50:07.4,NISSAN_LEAF,Nissan Leaf e+ 62 kW,62000,174,16:46.3,8.1,13.0,350,N,11.610004758658269,-106.73747825838603,254,104,,,,1.0,3.0,218.0,32,234,20,40,3
19/04/2023 11:16,161,78.2,82,23.500002,99.26,-890,0,3,95,-1.84,5402,31,-2.0715609,43.1327,161.15022,12.488737561310893,16:02.9,7,7200.066999999999,0101000020E610000010A8DE738E9200C0DFE32450FC904540,20230419_NISSAN_ANDOAIN_AZPEITIA_031,,d3,06:14.2,50:07.4,NISSAN_LEAF,Nissan Leaf e+ 62 kW,62000,174,16:46.3,8.1,13.0,350,N,10.423076463627837,-116.70005097122184,254,104,,,,1.0,3.0,218.0,32,234,20,100,3
19/04/2023 11:16,159,65.2,82,23.500002,99.26,-929,0,3,95,-1.36,4530,31,-2.0723455000000004,43.13114,160.37535,12.673518771141808,16:12.0,7,7200.026,0101000020E6100000A0BAB7D7299400C09B42C747C9904540,20230419_NISSAN_ANDOAIN_AZPEITIA_031,,d3,06:14.2,50:07.4,NISSAN_LEAF,Nissan Leaf e+ 62 kW,62000,174,16:46.3,8.1,13.0,350,N,7.799148763621232,-133.1347918498311,254,104,,,,1.0,3.0,218.0,32,234,20,25,4
19/04/2023 11:16,156,62.9,83,23.500002,99.26,-941,8360,3,95,-0.77,4174,31,-2.0734417,43.12997,158.0453,12.831139140380436,16:21.0,7,7199.967,0101000020E61000006D9E66A6689600C0E68132E5A2904540,20230419_NISSAN_ANDOAIN_AZPEITIA_031,,d3,06:14.2,50:07.4,NISSAN_LEAF,Nissan Leaf e+ 62 kW,62000,174,16:46.3,8.1,13.0,350,N,1.3546494652912315,-164.01870368922687,254,104,,,,1.0,3.0,218.0,32,234,20,100,4
19/04/2023 11:16,154,69.8,82,23.500002,99.26,-941,11360,3,95,-0.34,4647,31,-2.075212,43.129463,154.82404,12.98549986016891,16:30.1,7,7199.939,0101000020E6100000CC6487BA089A00C05133704592904540,20230419_NISSAN_ANDOAIN_AZPEITIA_031,,d3,06:14.2,50:07.4,NISSAN_LEAF,Nissan Leaf e+ 62 kW,62000,174,16:46.3,8.1,13.0,350,N,-1.5260719171253356,-176.74150438349974,254,104,,,,1.0,3.0,218.0,32,234,20,55,4
19/04/2023 11:16,151,80.4,82,23.500002,99.26,-941,9120,3,95,0.0,5238,31,-2.0771441000000004,43.129353,152.15405,13.142791381291984,16:38.1,7,7199.904,0101000020E6100000B518C0C8FD9D00C09F3668968E904540,20230419_NISSAN_ANDOAIN_AZPEITIA_031,,d3,06:14.2,50:07.4,NISSAN_LEAF,Nissan Leaf e+ 62 kW,62000,174,16:46.3,8.1,13.0,350,N,2.104781572689701,-160.68243942203233,254,104,,,,1.0,3.0,218.0,32,234,20,45,4
19/04/2023 11:16,145,75.7,82,23.500002,99.26,-954,0,3,95,-1.48,5244,31,-2.0795832,43.128498,145.78215,13.362469752482733,16:47.2,7,7199.834,0101000020E6100000A9142C86FCA200C0A2D300A472904540,20230419_NISSAN_ANDOAIN_AZPEITIA_031,,d3,06:14.2,50:07.4,NISSAN_LEAF,Nissan Leaf e+ 62 kW,62000,174,16:46.3,8.1,13.0,350,N,0.0417557358743429,-169.8159668038626,254,104,,,,1.0,3.0,218.0,32,234,20,100,4
19/04/2023 11:16,140,86.8,82,23.500002,99.26,-957,9920,3,94,0.28,5722,31,-2.0817041,43.128117,140.91272,13.539790860545228,16:55.2,7,7199.807,0101000020E61000002CF7858854A700C0121A602566904540,20230419_NISSAN_ANDOAIN_AZPEITIA_031,,d3,06:14.2,50:07.4,NISSAN_LEAF,Nissan Leaf e+ 62 kW,62000,174,16:46.3,8.1,13.0,350,N,-0.1958457970216033,-170.863197084535,254,104,,,,1.0,3.0,218.0,32,234,20,100,4
19/04/2023 11:17,137,85.0,82,23.500002,99.26,-959,20640,3,94,2.03,5738,31,-2.0841725,43.12772,137.42051999999998,13.744945816952583,17:04.2,7,7199.781999999999,0101000020E6100000C70F34AD62AC00C096B2AA1059904540,20230419_NISSAN_ANDOAIN_AZPEITIA_031,,d3,06:14.2,50:07.4,NISSAN_LEAF,Nissan Leaf e+ 62 kW,62000,174,16:46.3,8.1,13.0,350,N,5.3165652648596895,-145.8600678385253,254,104,,,,1.0,3.0,218.0,32,234,20,100,4
19/04/2023 11:17,134,87.1,82,23.500002,99.26,-959,13200,3,94,-1.39,5792,31,-2.085839,43.12659,134.77727,13.929569296456274,17:12.3,7,7199.7390000000005,0101000020E6100000CA11B763CCAF00C040E3361534904540,20230419_NISSAN_ANDOAIN_AZPEITIA_031,,d3,06:14.2,50:07.4,NISSAN_LEAF,Nissan Leaf e+ 62 kW,62000,174,16:46.3,8.1,13.0,350,N,9.52246630134342,-122.90382880595897,254,104,,,,1.0,3.0,218.0,32,234,20,8,4
19/04/2023 11:17,131,73.9,82,23.500002,99.26,-981,0,3,94,-1.45,5285,31,-2.086926,43.12491,132.33359,14.136173276058562,17:21.3,7,7199.689,0101000020E6100000C4FE3A3E06B200C0F4F60C09FD8F4540,20230419_NISSAN_ANDOAIN_AZPEITIA_031,,d3,06:14.2,50:07.4,NISSAN_LEAF,Nissan Leaf e+ 62 kW,62000,174,16:46.3,8.1,13.0,350,N,9.289928687490953,-124.38876190903846,254,104,,,,1.0,3.0,218.0,32,234,20,45,5
19/04/2023 11:17,129,41.0,82,23.500002,99.26,-1018,0,3,94,-3.75,3350,31,-2.087761,43.12369,130.55858,14.287826042398168,17:30.4,7,7199.642,0101000020E6100000704405FFBBB300C0F1C5DF1FD58F4540,20230419_NISSAN_ANDOAIN_AZPEITIA_031,,d3,06:14.2,50:07.4,NISSAN_LEAF,Nissan Leaf e+ 62 kW,62000,174,16:46.3,8.1,13.0,350,N,4.52346073647194,-149.63750029880623,254,104,,,,1.0,3.0,218.0,32,234,20,45,5
19/04/2023 11:17,123,15.2,82,23.500002,99.26,-1033,0,3,94,-1.14,1027,31,-2.0882475,43.123405,123.93914,14.338885684762193,17:39.4,7,7199.596,0101000020E610000055232B21BBB400C0108DBDC7CB8F4540,20230419_NISSAN_ANDOAIN_AZPEITIA_031,,d3,06:14.2,50:07.4,NISSAN_LEAF,Nissan Leaf e+ 62 kW,62000,174,16:46.3,8.1,13.0,350,N,-12.807776926471606,90.13481335008306,254,104,,,,1.0,3.0,218.0,32,234,20,45,5
19/04/2023 11:17,123,43.0,82,23.500002,99.26,-1033,11640,3,94,3.88,2351,31,-2.0882485,43.12383,123.05258,14.386151913491657,17:47.4,7,7199.552,0101000020E61000008AF06499BBB400C069BC8AA0D98F4540,20230419_NISSAN_ANDOAIN_AZPEITIA_031,,d3,06:14.2,50:07.4,NISSAN_LEAF,Nissan Leaf e+ 62 kW,62000,174,18:32.1,8.1,13.0,120,ESE,1.3363447105293016,65.90018490909553,254,104,,,,1.0,3.0,218.0,32,234,20,45,5
19/04/2023 11:17,121,1.6,82,23.500002,99.26,-1053,0,3,94,-5.7,1257,31,-2.0879233,43.124557,122.039345,14.471195999932153,17:55.5,7,7200.494000000001,0101000020E61000008A03C12311B400C0C3BE798CF18F4540,20230419_NISSAN_ANDOAIN_AZPEITIA_031,,d3,06:14.2,50:07.4,NISSAN_LEAF,Nissan Leaf e+ 62 kW,62000,174,18:32.1,8.1,13.0,120,ESE,11.568023444484638,122.85414747973056,254,104,,,,1.0,3.0,218.0,32,234,20,55,5
19/04/2023 11:18,124,20.1,82,23.500002,99.26,-1055,3280,3,95,9.03,1080,31,-2.0879924,43.124664,123.84365,14.484472450944782,18:03.5,7,7200.46,0101000020E61000006767015935B400C0810CAFFDF48F4540,20230419_NISSAN_ANDOAIN_AZPEITIA_031,,d3,06:14.2,50:07.4,NISSAN_LEAF,Nissan Leaf e+ 62 kW,62000,174,18:32.1,8.1,13.0,120,ESE,3.1782179648561217,-134.1510052805764,254,104,,,,1.0,3.0,218.0,32,234,20,55,5
19/04/2023 11:18,123,48.1,82,23.500002,99.26,-1055,0,3,96,-1.17,3151,31,-2.0886273,43.12401,123.28352,14.573600367597349,18:12.6,7,7200.401,0101000020E6100000210E364D82B500C0D7C79F7FDF8F4540,20230419_NISSAN_ANDOAIN_AZPEITIA_031,,d3,06:14.2,50:07.4,NISSAN_LEAF,Nissan Leaf e+ 62 kW,62000,174,18:32.1,8.1,13.0,120,ESE,6.681600738793631,-150.92858559165356,254,104,,,,1.0,3.0,218.0,32,234,20,45,5
19/04/2023 11:18,121,45.7,82,23.500002,99.26,-1065,18640,3,96,4.92,2816,31,-2.08964,43.123447,120.91312,14.676943729462225,18:21.7,7,7200.342,0101000020E6100000F666CB2795B700C0F2114C26CD8F4540,20230419_NISSAN_ANDOAIN_AZPEITIA_031,,d3,06:14.2,50:07.4,NISSAN_LEAF,Nissan Leaf e+ 62 kW,62000,174,18:32.1,8.1,13.0,120,ESE,11.776043300744366,175.0620615246306,254,104,,,,1.0,3.0,218.0,32,234,20,40,5
19/04/2023 11:18,120,47.3,82,23.500002,99.26,-1065,0,3,97,-1.12,3359,31,-2.0911794,43.12358,120.57531000000002,14.802752834522204,18:30.7,7,7200.316999999999,0101000020E61000006DBB984CBCBA00C004615F87D18F4540,20230419_NISSAN_ANDOAIN_AZPEITIA_031,,d3,06:14.2,50:07.4,NISSAN_LEAF,Nissan Leaf e+ 62 kW,62000,174,18:32.1,8.1,13.0,120,ESE,12.984454334405662,152.80229532582072,254,104,,,,1.0,3.0,218.0,32,234,20,25,5
19/04/2023 11:18,121,46.3,82,23.500002,99.26,-1065,0,3,97,-0.58,3184,31,-2.0922205000000003,43.124115,120.96787,14.906089283569049,18:38.8,7,7200.227,0101000020E610000079A53C12DEBC00C009ABF407E38F4540,20230419_NISSAN_ANDOAIN_AZPEITIA_031,,d3,06:14.2,50:07.4,NISSAN_LEAF,Nissan Leaf e+ 62 kW,62000,174,18:32.1,8.1,13.0,120,ESE,11.140780991418747,-178.9795204686056,254,104,,,,1.0,3.0,218.0,32,234,20,55,5
19/04/2023 11:18,121,60.8,82,23.500002,99.26,-1065,22120,3,97,0.14,3831,31,-2.093624,43.12409,121.83345,15.02003226380841,18:47.8,7,7200.221,0101000020E6100000E691D9F7BDBF00C04CE30D20E28F4540,20230419_NISSAN_ANDOAIN_AZPEITIA_031,,d3,06:14.2,50:07.4,NISSAN_LEAF,Nissan Leaf e+ 62 kW,62000,174,18:32.1,8.1,13.0,120,ESE,8.316558702557847,-159.7720831863747,254,104,,,,1.0,3.0,218.0,32,234,20,25,5
19/04/2023 11:18,121,46.9,82,23.0,99.26,-1066,13560,3,97,0.69,2842,31,-2.0948398,43.123642,120.910286,15.130570614108636,18:55.8,7,7200.17,0101000020E6100000EAE9AB5B3BC200C0A9927872D38F4540,20230419_NISSAN_ANDOAIN_AZPEITIA_031,,d3,06:14.2,50:07.4,NISSAN_LEAF,Nissan Leaf e+ 62 kW,62000,174,18:32.1,8.1,13.0,120,ESE,12.920394071516862,156.34396133523688,254,104,,,,1.0,3.0,218.0,32,234,20,55,5
19/04/2023 11:19,125,38.6,82,23.0,99.26,-1066,0,3,97,-3.55,2983,31,-2.0961022,43.124195,125.00157,15.250131515824329,19:04.9,7,7200.090999999999,0101000020E6100000CCC43339D1C400C019922199E58F4540,20230419_NISSAN_ANDOAIN_AZPEITIA_031,,d3,06:14.2,50:07.4,NISSAN_LEAF,Nissan Leaf e+ 62 kW,62000,174,18:32.1,8.1,13.0,120,ESE,8.792057184107234,-162.55612467898962,254,104,,,,1.0,3.0,218.0,32,234,20,55,5
19/04/2023 11:19,125,55.5,82,23.0,99.26,-1066,14040,3,97,-1.17,3814,31,-2.0971365,43.12387,125.49553,15.341523624438228,19:13.2,7,7199.786,0101000020E61000005B658787EFC600C048FDE20ADB8F4540,20230419_NISSAN_ANDOAIN_AZPEITIA_031,,d3,06:14.2,50:07.4,NISSAN_LEAF,Nissan Leaf e+ 62 kW,62000,174,18:32.1,8.1,13.0,120,ESE,6.303190084093738,-149.00335121545774,254,104,,,,1.0,3.0,218.0,32,234,20,25,5
19/04/2023 11:19,126,45.9,82,23.0,99.26,-1066,0,3,97,-3.41,3476,31,-2.0981352,43.12327,126.397385,15.446507657243087,19:24.0,7,7197.9890000000005,0101000020E61000008BB69E2DFBC800C023298B35C78F4540,20230419_NISSAN_ANDOAIN_AZPEITIA_031,,d3,06:14.2,50:07.4,NISSAN_LEAF,Nissan Leaf e+ 62 kW,62000,174,18:32.1,8.1,13.0,120,ESE,10.362745585170504,-172.85731067835286,254,104,,,,1.0,3.0,218.0,32,234,20,25,5
19/04/2023 11:19,127,59.6,82,23.0,99.26,-1069,13480,3,97,1.27,3969,31,-2.0997312000000004,43.12307,126.86325,15.577934448179144,19:31.5,7,7199.529,0101000020E6100000C557C8E73FCC00C0B95EBACDC08F4540,20230419_NISSAN_ANDOAIN_AZPEITIA_031,,d3,06:14.2,50:07.4,NISSAN_LEAF,Nissan Leaf e+ 62 kW,62000,174,18:32.1,8.1,13.0,120,ESE,11.465400365753016,178.12103617774764,254,104,,,,1.0,3.0,218.0,32,234,20,25,5
19/04/2023 11:19,128,51.0,82,23.0,99.26,-1069,0,3,97,3.78,3544,31,-2.1007676,43.123104,127.663536,15.662137105152878,19:39.0,7,7199.969,0101000020E61000007C1FFB4B5FCE00C0F6CAC5D0C18F4540,20230419_NISSAN_ANDOAIN_AZPEITIA_031,,d3,06:14.2,50:07.4,NISSAN_LEAF,Nissan Leaf e+ 62 kW,62000,174,18:32.1,8.1,13.0,120,ESE,11.628318286613167,176.55751291281726,254,104,,,,1.0,3.0,218.0,32,234,20,25,5
19/04/2023 11:19,129,57.7,82,23.0,99.26,-1069,5520,3,97,1.42,3825,31,-2.102031,43.12318,129.04135,15.765031084976572,19:48.3,7,7199.659000000001,0101000020E6100000CA556EAAF5D000C0B078F358C48F4540,20230419_NISSAN_ANDOAIN_AZPEITIA_031,,d3,06:14.2,50:07.4,NISSAN_LEAF,Nissan Leaf e+ 62 kW,62000,174,18:32.1,8.1,13.0,120,ESE,11.308571482229262,179.55412744792594,254,104,,,,1.0,3.0,218.0,32,234,20,25,5
19/04/2023 11:19,130,66.4,82,23.0,99.26,-1069,26520,3,96,5.95,4244,31,-2.103316,43.12319,129.55771,15.869328363855507,19:55.5,7,7200.4890000000005,0101000020E6100000E157976597D300C065697EBAC48F4540,20230419_NISSAN_ANDOAIN_AZPEITIA_031,,d3,06:14.2,50:07.4,NISSAN_LEAF,Nissan Leaf e+ 62 kW,62000,174,18:32.1,8.1,13.0,120,ESE,10.342939941022912,-172.7129820217155,254,104,,,,1.0,3.0,218.0,32,234,20,25,5
19/04/2023 11:20,132,49.7,82,22.5,99.26,-1069,12080,3,97,-0.5,3832,31,-2.1044343,43.123047,129.86212,15.961472086578,20:04.9,7,7200.062,0101000020E610000002F5E295E1D500C08BD4320DC08F4540,20230419_NISSAN_ANDOAIN_AZPEITIA_031,,d3,06:14.2,50:07.4,NISSAN_LEAF,Nissan Leaf e+ 62 kW,62000,174,18:32.1,8.1,13.0,120,ESE,11.518828547097524,177.61728960918336,254,104,,,,1.0,3.0,218.0,32,234,20,25,6
19/04/2023 11:20,136,55.8,82,22.5,99.26,-1069,17280,3,97,6.7,3752,31,-2.1055398,43.123093,130.81807,16.051344947338503,20:13.0,7,7200.01,0101000020E6100000DAE68D4925D800C092CE9C85C18F4540,20230419_NISSAN_ANDOAIN_AZPEITIA_031,,d3,06:14.2,50:07.4,NISSAN_LEAF,Nissan Leaf e+ 62 kW,62000,174,21:46.3,8.1,13.0,350,N,-3.544662976368492,174.17700603581332,254,104,,,,1.0,3.0,218.0,32,234,20,25,6
19/04/2023 11:20,152,62.8,81,22.5,99.26,-1069,18440,3,97,6.12,4152,31,-2.108305,43.123375,136.25095,16.278012440802733,20:22.1,7,7199.941,0101000020E6100000DEE538FBCEDD00C059D045CBCA8F4540,20230419_NISSAN_ANDOAIN_AZPEITIA_031,,d3,06:14.2,50:07.4,NISSAN_LEAF,Nissan Leaf e+ 62 kW,62000,174,21:46.3,8.1,13.0,350,N,-6.382737881660137,160.59499621451857,254,104,,,,1.0,3.0,218.0,32,234,20,25,6
19/04/2023 11:20,169,51.0,81,22.5,99.26,-1069,18480,3,98,5.92,3523,31,-2.1113,43.12443,167.50572,16.54971399091782,20:31.4,7,7199.619000000001,0101000020E610000009927D40F1E300C0C2F73A5AED8F4540,20230419_NISSAN_ANDOAIN_AZPEITIA_031,,d3,06:14.2,50:07.4,NISSAN_LEAF,Nissan Leaf e+ 62 kW,62000,174,21:46.3,8.1,13.0,350,N,-2.921617847779477,177.0124200306365,254,104,,,,1.0,3.0,218.0,32,234,20,25,6
19/04/2023 11:20,180,37.0,81,22.5,99.26,-1069,440,3,98,-0.97,2855,31,-2.1125646,43.124496,178.94154,16.65324186370765,20:39.4,7,7199.55,0101000020E6100000B2D8884488E600C0D404FE7FEF8F4540,20230419_NISSAN_ANDOAIN_AZPEITIA_031,,d3,06:14.2,50:07.4,NISSAN_LEAF,Nissan Leaf e+ 62 kW,62000,174,21:46.3,8.1,13.0,350,N,-5.442886631305343,165.24849529985326,254,104,,,,1.0,3.0,218.0,32,234,20,25,6
19/04/2023 11:20,190,43.6,81,22.5,99.26,-1069,21080,3,98,9.16,2586,31,-2.1132748,43.124683000000005,189.0873,16.715350383027967,20:46.4,7,7200.551,0101000020E6100000D2F07BABFCE700C09D2E6B97F58F4540,20230419_NISSAN_ANDOAIN_AZPEITIA_031,,d3,06:14.2,50:07.4,NISSAN_LEAF,Nissan Leaf e+ 62 kW,62000,174,21:46.3,8.1,13.0,350,N,-0.8894094807318995,-173.92301910076657,254,104,,,,1.0,3.0,218.0,32,234,20,8,6
19/04/2023 11:20,200,52.7,81,22.5,99.26,-1069,16000,3,99,4.45,3491,31,-2.1147401,43.124527,198.20091,16.835874298267107,20:55.7,7,7200.311,0101000020E61000005122D4DBFCEA00C0C5A9F576F08F4540,20230419_NISSAN_ANDOAIN_AZPEITIA_031,,d3,06:14.2,50:07.4,NISSAN_LEAF,Nissan Leaf e+ 62 kW,62000,174,21:46.3,8.1,13.0,350,N,-1.6780932549278236,-177.41666897555075,254,104,,,,1.0,3.0,218.0,32,234,20,8,6
19/04/2023 11:21,211,60.2,81,22.5,99.26,-1069,20880,3,99,3.98,3811,31,-2.1158483,43.124477,204.51024,16.92620571008141,21:04.9,7,7200.107,0101000020E6100000942F52E341ED00C0B2E611EDEE8F4540,20230419_NISSAN_ANDOAIN_AZPEITIA_031,,d3,06:14.2,50:07.4,NISSAN_LEAF,Nissan Leaf e+ 62 kW,62000,174,21:46.3,8.1,13.0,350,N,-0.59629555501118,-172.6290161806478,254,104,,,,1.0,3.0,218.0,32,234,20,8,6
19/04/2023 11:21,220,23.3,81,22.5,99.26,-1083,0,3,100,6.64,1863,31,-2.1175876,43.124252,218.42079,17.070237202681962,21:13.5,7,7199.45,0101000020E610000002EC4CC5D1F000C0268C4A77E78F4540,20230419_NISSAN_ANDOAIN_AZPEITIA_031,,d3,06:14.2,50:07.4,NISSAN_LEAF,Nissan Leaf e+ 62 kW,62000,174,21:46.3,8.1,13.0,350,N,-5.132979768068605,166.74371763773092,254,104,,,,1.0,3.0,218.0,32,234,20,55,6
19/04/2023 11:21,229,51.3,81,22.5,99.26,-1083,21760,3,100,9.14,3016,31,-2.118479,43.124462,226.19057,17.146652707551688,19/04/2023 11:21,7,7198.0,0101000020E610000063B6C615A5F200C028426766EE8F4540,20230419_NISSAN_ANDOAIN_AZPEITIA_031,,d3,06:14.2,50:07.4,NISSAN_LEAF,Nissan Leaf e+ 62 kW,62000,174,21:46.3,8.1,13.0,350,N,-4.835908850328333,168.16141734121985,254,104,,,,1.0,3.0,218.0,32,234,20,55,6
19/04/2023 11:21,239,39.8,81,22.5,99.26,-1083,0,3,101,-1.05,3229,31,-2.1200247,43.124786,235.85872,17.27752663290194,21:30.0,7,7199.99,0101000020E6100000666D5F75CFF500C05FA15EF8F88F4540,20230419_NISSAN_ANDOAIN_AZPEITIA_031,,d3,06:14.2,50:07.4,NISSAN_LEAF,Nissan Leaf e+ 62 kW,62000,174,21:46.3,8.1,13.0,350,N,-9.022953987164996,146.0465762210151,254,104,,,,1.0,3.0,218.0,32,234,20,55,6
19/04/2023 11:21,254,46.6,81,22.5,99.26,-1083,9200,3,102,6.67,3438,31,-2.1207955000000003,43.125305,250.5152,17.3638893422773,21:37.7,7,7200.27,0101000020E6100000E3D818A163F700C069F83A070A904540,20230419_NISSAN_ANDOAIN_AZPEITIA_031,,d3,06:14.2,50:07.4,NISSAN_LEAF,Nissan Leaf e+ 62 kW,62000,174,21:46.3,8.1,13.0,350,N,-9.16800702515381,145.15176576615443,254,104,,,,1.0,3.0,218.0,32,234,20,40,6
19/04/2023 11:21,266,45.8,81,22.5,99.26,-1083,7920,3,103,5.42,3127,31,-2.1218698,43.126053000000006,264.01398,17.48513921302064,21:46.7,7,7200.281,0101000020E6100000A54749EF96F900C0659BF67A22904540,20230419_NISSAN_ANDOAIN_AZPEITIA_031,,d3,06:14.2,50:07.4,NISSAN_LEAF,Nissan Leaf e+ 62 kW,62000,174,21:46.3,8.1,13.0,350,N,-7.075261150930801,157.02651527105328,254,104,,,,1.0,3.0,218.0,32,234,20,25,6
19/04/2023 11:21,280,53.8,80,22.0,99.26,-1083,21880,3,103,3.47,3753,31,-2.1231837,43.12661,277.46335,17.6091830731229,21:55.8,7,7200.232,0101000020E610000020E40CC647FC00C00CD574CB34904540,20230419_NISSAN_ANDOAIN_AZPEITIA_031,,d3,06:14.2,50:07.4,NISSAN_LEAF,Nissan Leaf e+ 62 kW,62000,174,21:46.3,8.1,13.0,350,N,-6.624961516539032,159.36198302806943,254,104,,,,1.0,3.0,218.0,32,234,20,55,6
19/04/2023 11:22,295,52.5,80,22.0,99.26,-1083,24000,3,104,6.58,3554,31,-2.1244316000000003,43.12708,291.06564,17.723954663014666,22:03.8,7,7200.151,0101000020E610000082AE4F03D6FE00C08DFF071B44904540,20230419_NISSAN_ANDOAIN_AZPEITIA_031,,d3,06:14.2,50:07.4,NISSAN_LEAF,Nissan Leaf e+ 62 kW,62000,174,21:46.3,8.1,13.0,350,N,-5.082756905708744,166.98442743252394,254,104,,,,1.0,3.0,218.0,32,234,20,55,6
19/04/2023 11:22,311,46.4,80,22.0,99.26,-1083,8320,3,104,4.02,3408,31,-2.125989,43.12744,307.9617,17.857604219130618,22:12.9,7,7200.098000000001,0101000020E610000041AC0E8C060201C0E24C82F24F904540,20230419_NISSAN_ANDOAIN_AZPEITIA_031,,d3,06:14.2,50:07.4,NISSAN_LEAF,Nissan Leaf e+ 62 kW,62000,174,21:46.3,8.1,13.0,350,N,-4.318916141396881,170.59616169833794,254,104,,,,1.0,3.0,218.0,32,234,20,8,6
19/04/2023 11:22,324,50.2,80,22.0,99.26,-1083,18560,3,104,1.42,3251,31,-2.1271966,43.12764,321.86905,17.959054947117362,22:20.9,7,7200.061,0101000020E6100000649C26A37F0401C01E33E38A56904540,20230419_NISSAN_ANDOAIN_AZPEITIA_031,,d3,06:14.2,50:07.4,NISSAN_LEAF,Nissan Leaf e+ 62 kW,62000,174,21:46.3,8.1,13.0,350,N,-1.083194523800528,-174.77957792744866,254,104,,,,1.0,3.0,218.0,32,234,20,55,7
19/04/2023 11:22,333,53.8,80,22.0,99.26,-1083,19200,3,104,3.12,3567,31,-2.128707,43.127502,332.23068,18.08302016639192,22:30.0,7,7200.021,0101000020E61000007C091480970701C00AD33D0E52904540,20230419_NISSAN_ANDOAIN_AZPEITIA_031,,d3,06:14.2,50:07.4,NISSAN_LEAF,Nissan Leaf e+ 62 kW,62000,174,21:46.3,8.1,13.0,350,N,-0.3676421935766845,-171.62055037220378,254,104,,,,1.0,3.0,218.0,32,234,20,8,7
19/04/2023 11:22,344,46.7,80,22.0,99.26,-1083,9200,3,104,2.77,3391,31,-2.1301055,43.127296,341.85327,18.199201680614483,22:38.1,7,7199.941,0101000020E6100000EEEBACB5740A01C0652271404B904540,20230419_NISSAN_ANDOAIN_AZPEITIA_031,,d3,06:14.2,50:07.4,NISSAN_LEAF,Nissan Leaf e+ 62 kW,62000,174,21:46.3,8.1,13.0,350,N,-1.1719764393048369,-175.1723535407734,254,104,,,,1.0,3.0,218.0,32,234,20,55,7
19/04/2023 11:22,354,41.7,80,22.0,99.26,-1083,2040,3,104,3.42,3067,31,-2.13155,43.127174,352.8257,18.317720272383365,22:47.1,7,7199.94,0101000020E61000000EEE84276A0D01C06431433A47904540,20230419_NISSAN_ANDOAIN_AZPEITIA_031,,d3,06:14.2,50:07.4,NISSAN_LEAF,Nissan Leaf e+ 62 kW,62000,174,21:46.3,8.1,13.0,350,N,-1.0330160088026688,-174.55768641063167,254,104,,,,1.0,3.0,218.0,32,234,20,25,7
19/04/2023 11:22,365,40.4,80,21.499998,99.26,-1083,13440,3,104,6.66,2665,31,-2.1326416,43.12707,363.73193,18.40772322185582,22:56.2,7,7199.821,0101000020E6100000CD2E1954A60F01C08E4F12ED43904540,20230419_NISSAN_ANDOAIN_AZPEITIA_031,,d3,06:14.2,50:07.4,NISSAN_LEAF,Nissan Leaf e+ 62 kW,62000,174,21:46.3,8.1,13.0,350,N,-2.367043785201542,179.50904561103815,254,104,,,,1.0,3.0,218.0,32,234,20,25,7
19/04/2023 11:23,376,51.0,80,21.499998,99.26,-1083,19920,3,104,7.08,3163,31,-2.1338086,43.12708,374.41492,18.503037543985883,23:04.2,7,7199.83,0101000020E6100000CE32AB4C0A1201C0557C9C1044904540,20230419_NISSAN_ANDOAIN_AZPEITIA_031,,d3,06:14.2,50:07.4,NISSAN_LEAF,Nissan Leaf e+ 62 kW,62000,174,21:46.3,8.1,13.0,350,N,2.454916835100064,-159.1149185366091,254,104,,,,1.0,3.0,218.0,32,234,20,10,7
19/04/2023 11:23,383,41.1,80,21.499998,99.26,-1083,4480,3,104,5.48,2791,31,-2.135271,43.126522,382.88885,18.6372267161412,23:13.5,7,7199.549,0101000020E6100000F0914403091501C038D510E531904540,20230419_NISSAN_ANDOAIN_AZPEITIA_031,,d3,06:14.2,50:07.4,NISSAN_LEAF,Nissan Leaf e+ 62 kW,62000,174,21:46.3,8.1,13.0,350,N,7.317480188158614,-135.74458184133798,254,104,,,,1.0,3.0,218.0,32,234,20,10,7
19/04/2023 11:23,392,36.5,79,21.499998,99.26,-1083,5440,3,104,4.34,2550,31,-2.1358478,43.12596,389.81982,18.715613297490073,23:21.0,7,7199.95,0101000020E6100000A590EA59371601C00BCE0C7B1F904540,20230419_NISSAN_ANDOAIN_AZPEITIA_031,,d3,06:14.2,50:07.4,NISSAN_LEAF,Nissan Leaf e+ 62 kW,62000,174,21:46.3,8.1,13.0,350,N,6.262505819868021,-141.20146831366588,254,104,,,,1.0,3.0,218.0,32,234,20,10,7
19/04/2023 11:23,402,39.2,79,21.499998,99.26,-1083,8920,3,104,7.7,2481,31,-2.1363304,43.125572,396.41104,18.774254494491508,23:31.1,7,7198.92,0101000020E6100000A5E44C6F341701C0CE5A2CB912904540,20230419_NISSAN_ANDOAIN_AZPEITIA_031,,d3,06:14.2,50:07.4,NISSAN_LEAF,Nissan Leaf e+ 62 kW,62000,174,21:46.3,8.1,13.0,350,N,1.5676313005153786,-163.07401744926617,254,104,,,,1.0,3.0,218.0,32,234,20,55,7
19/04/2023 11:23,409,60.2,79,21.499998,99.26,-1083,11680,3,104,4.17,3384,31,-2.1372242000000004,43.1253,405.56104,18.85337599692434,23:38.3,7,7199.691,0101000020E6100000889A2700091901C07657CEDD09904540,20230419_NISSAN_ANDOAIN_AZPEITIA_031,,d3,06:14.2,50:07.4,NISSAN_LEAF,Nissan Leaf e+ 62 kW,62000,174,21:46.3,8.1,13.0,350,N,-2.399717716353816,179.36255656970445,254,104,,,,1.0,3.0,218.0,32,234,20,55,7
19/04/2023 11:23,416,41.1,79,21.000002,99.26,-1083,6600,3,104,-0.47,2957,31,-2.138123,43.12531,409.3185,18.92642488457533,23:44.0,7,7203.048000000001,0101000020E6100000249CA134E01A01C0A11CE01A0A904540,20230419_NISSAN_ANDOAIN_AZPEITIA_031,,d3,06:14.2,50:07.4,NISSAN_LEAF,Nissan Leaf e+ 62 kW,62000,174,21:46.3,8.1,13.0,350,N,6.105653998445879,-141.9874019184878,254,104,,,,1.0,3.0,218.0,32,234,20,55,7
19/04/2023 11:23,422,35.4,79,21.000002,99.26,-1083,14600,3,104,9.75,2475,31,-2.1387243,43.12484,412.89124,18.998017180888862,23:53.8,7,7201.228,0101000020E6100000798359841B1C01C0CA4EBDB5FA8F4540,20230419_NISSAN_ANDOAIN_AZPEITIA_031,,d3,06:14.2,50:07.4,NISSAN_LEAF,Nissan Leaf e+ 62 kW,62000,174,21:46.3,8.1,13.0,350,N,8.886968767829691,-126.87337654812583,254,104,,,,1.0,3.0,218.0,32,234,20,55,7
19/04/2023 11:24,433,51.3,79,21.000002,99.26,-1083,15000,3,104,4.95,3353,31,-2.1391196,43.124313,418.76407,19.065081707434004,24:06.9,7,7197.07,0101000020E610000092E7B8CCEA1C01C0E8CC857CE98F4540,20230419_NISSAN_ANDOAIN_AZPEITIA_031,,d3,06:14.2,50:07.4,NISSAN_LEAF,Nissan Leaf e+ 62 kW,62000,174,21:46.3,8.1,13.0,350,N,2.2574263096700897,0.0,254,104,,,,1.0,3.0,218.0,32,234,20,55,8
19/04/2023 11:24,441,39.3,79,21.000002,99.26,-1083,12520,3,104,6.23,2537,31,-2.1391196,43.124313,418.76407,19.065081707434004,24:06.9,7,7205.07,0101000020E610000092E7B8CCEA1C01C0E8CC857CE98F4540,20230419_NISSAN_ANDOAIN_AZPEITIA_031,,d3,06:14.2,50:07.4,NISSAN_LEAF,Nissan Leaf e+ 62 kW,62000,174,21:46.3,8.1,13.0,350,N,2.2574263096700897,0.0,254,104,,,,1.0,3.0,218.0,32,234,20,55,8
19/04/2023 11:24,447,27.5,79,21.000002,99.26,-1083,1480,3,104,-0.89,2313,31,-2.1391196,43.124313,418.76407,19.065081707434004,24:06.9,7,7214.07,0101000020E610000092E7B8CCEA1C01C0E8CC857CE98F4540,20230419_NISSAN_ANDOAIN_AZPEITIA_031,,d3,06:14.2,50:07.4,NISSAN_LEAF,Nissan Leaf e+ 62 kW,62000,174,26:46.3,8.1,13.0,350,N,2.2574263096700897,0.0,254,104,,,,1.0,3.0,218.0,32,234,20,55,8
19/04/2023 11:24,455,46.6,79,21.000002,99.26,-1083,26720,3,104,6.7,2879,31,-2.1391196,43.124313,418.76407,19.065081707434004,24:06.9,7,7223.07,0101000020E610000092E7B8CCEA1C01C0E8CC857CE98F4540,20230419_NISSAN_ANDOAIN_AZPEITIA_031,,d3,06:14.2,50:07.4,NISSAN_LEAF,Nissan Leaf e+ 62 kW,62000,174,26:46.3,8.1,13.0,350,N,2.2574263096700897,0.0,254,104,,,,1.0,3.0,218.0,32,234,20,55,8
19/04/2023 11:24,464,47.9,79,21.000002,99.26,-1083,12680,3,105,5.06,3224,31,-2.1391196,43.124313,418.76407,19.065081707434004,24:06.9,7,7232.07,0101000020E610000092E7B8CCEA1C01C0E8CC857CE98F4540,20230419_NISSAN_ANDOAIN_AZPEITIA_031,,d3,06:14.2,50:07.4,NISSAN_LEAF,Nissan Leaf e+ 62 kW,62000,174,26:46.3,8.1,13.0,350,N,2.2574263096700897,0.0,254,104,,,,1.0,3.0,218.0,32,234,20,55,8
19/04/2023 11:24,470,39.1,79,20.5,99.26,-1083,10640,3,105,-0.41,2955,31,-2.1391196,43.124313,418.76407,19.065081707434004,24:06.9,7,7240.07,0101000020E610000092E7B8CCEA1C01C0E8CC857CE98F4540,20230419_NISSAN_ANDOAIN_AZPEITIA_031,,d3,06:14.2,50:07.4,NISSAN_LEAF,Nissan Leaf e+ 62 kW,62000,174,26:46.3,8.1,13.0,350,N,2.2574263096700897,0.0,254,104,,,,1.0,3.0,218.0,32,234,20,55,8
19/04/2023 11:24,477,44.3,79,20.5,99.26,-1083,7680,3,105,6.7,2869,31,-2.1391196,43.124313,418.76407,19.065081707434004,24:06.9,7,7249.07,0101000020E610000092E7B8CCEA1C01C0E8CC857CE98F4540,20230419_NISSAN_ANDOAIN_AZPEITIA_031,,d3,06:14.2,50:07.4,NISSAN_LEAF,Nissan Leaf e+ 62 kW,62000,174,26:46.3,8.1,13.0,350,N,2.2574263096700897,0.0,254,104,,,,1.0,3.0,218.0,32,234,20,55,8
19/04/2023 11:25,484,27.6,78,20.5,99.26,-1083,200,3,105,4.22,2184,31,-2.1391196,43.124313,418.76407,19.065081707434004,24:06.9,7,7258.07,0101000020E610000092E7B8CCEA1C01C0E8CC857CE98F4540,20230419_NISSAN_ANDOAIN_AZPEITIA_031,,d3,06:14.2,50:07.4,NISSAN_LEAF,Nissan Leaf e+ 62 kW,62000,174,26:46.3,8.1,13.0,350,N,2.2574263096700897,0.0,254,104,,,,1.0,3.0,218.0,32,234,20,55,8
19/04/2023 11:25,490,35.3,78,20.5,99.26,-1083,8480,3,105,7.64,2390,31,-2.1391196,43.124313,418.76407,19.065081707434004,24:06.9,7,7266.07,0101000020E610000092E7B8CCEA1C01C0E8CC857CE98F4540,20230419_NISSAN_ANDOAIN_AZPEITIA_031,,d3,06:14.2,50:07.4,NISSAN_LEAF,Nissan Leaf e+ 62 kW,62000,174,26:46.3,8.1,13.0,350,N,-3.347175400262897,175.07970800720963,254,104,,,,1.0,3.0,218.0,32,234,20,55,8
19/04/2023 11:25,497,52.1,78,20.0,99.26,-1083,17400,3,105,3.89,3465,31,-2.1576009,43.125904,549.2084,20.5809893488245,26:25.3,7,7136.685,0101000020E61000009905E04FC44201C09C2000A41D904540,20230419_NISSAN_ANDOAIN_AZPEITIA_031,,d3,06:14.2,50:07.4,NISSAN_LEAF,Nissan Leaf e+ 62 kW,62000,174,26:46.3,8.1,13.0,350,N,2.2574263096700897,0.0,254,104,,,,1.0,3.0,218.0,32,234,20,55,9
19/04/2023 11:25,504,45.7,78,20.0,99.26,-1083,20920,3,105,3.17,3182,31,-2.1576009,43.125904,549.2084,20.5809893488245,26:25.3,7,7144.685,0101000020E61000009905E04FC44201C09C2000A41D904540,20230419_NISSAN_ANDOAIN_AZPEITIA_031,,d3,06:14.2,50:07.4,NISSAN_LEAF,Nissan Leaf e+ 62 kW,62000,174,26:46.3,8.1,13.0,350,N,2.2574263096700897,0.0,254,104,,,,1.0,3.0,218.0,32,234,20,55,9
19/04/2023 11:25,513,61.5,78,20.0,99.26,-1083,29680,3,106,9.17,3284,31,-2.1576009,43.125904,549.2084,20.5809893488245,26:25.3,7,7153.685,0101000020E61000009905E04FC44201C09C2000A41D904540,20230419_NISSAN_ANDOAIN_AZPEITIA_031,,d3,06:14.2,50:07.4,NISSAN_LEAF,Nissan Leaf e+ 62 kW,62000,174,26:46.3,8.1,13.0,350,N,2.2574263096700897,0.0,254,104,,,,1.0,3.0,218.0,32,234,20,55,9
19/04/2023 11:25,521,50.4,78,20.0,99.26,-1083,0,3,106,-1.2,3855,31,-2.1576009,43.125904,549.2084,20.5809893488245,26:25.3,7,7161.685,0101000020E61000009905E04FC44201C09C2000A41D904540,20230419_NISSAN_ANDOAIN_AZPEITIA_031,,d3,06:14.2,50:07.4,NISSAN_LEAF,Nissan Leaf e+ 62 kW,62000,174,26:46.3,8.1,13.0,350,N,2.2574263096700897,0.0,254,104,,,,1.0,3.0,218.0,32,234,20,55,9
19/04/2023 11:25,528,54.9,78,20.0,99.26,-1089,20200,3,106,1.81,3707,31,-2.1576009,43.125904,549.2084,20.5809893488245,26:25.3,7,7169.685,0101000020E61000009905E04FC44201C09C2000A41D904540,20230419_NISSAN_ANDOAIN_AZPEITIA_031,,d3,06:14.2,50:07.4,NISSAN_LEAF,Nissan Leaf e+ 62 kW,62000,174,26:46.3,8.1,13.0,350,N,2.2574263096700897,0.0,254,104,,,,1.0,3.0,218.0,32,234,20,55,9
19/04/2023 11:26,535,41.4,78,19.5,99.26,-1089,0,3,106,4.33,3026,31,-2.1576009,43.125904,549.2084,20.5809893488245,26:25.3,7,7178.685,0101000020E61000009905E04FC44201C09C2000A41D904540,20230419_NISSAN_ANDOAIN_AZPEITIA_031,,d3,06:14.2,50:07.4,NISSAN_LEAF,Nissan Leaf e+ 62 kW,62000,174,26:46.3,8.1,13.0,350,N,2.2574263096700897,0.0,254,104,,,,1.0,3.0,218.0,32,234,20,55,9
19/04/2023 11:26,541,47.0,78,19.5,99.26,-1089,11400,3,106,1.98,3221,31,-2.1576009,43.125904,549.2084,20.5809893488245,26:25.3,7,7186.685,0101000020E61000009905E04FC44201C09C2000A41D904540,20230419_NISSAN_ANDOAIN_AZPEITIA_031,,d3,06:14.2,50:07.4,NISSAN_LEAF,Nissan Leaf e+ 62 kW,62000,174,26:46.3,8.1,13.0,350,N,2.2574263096700897,0.0,254,104,,,,1.0,3.0,218.0,32,234,20,55,9
19/04/2023 11:26,546,56.0,78,19.5,99.26,-1089,21240,3,106,4.73,3294,31,-2.1576009,43.125904,549.2084,20.5809893488245,26:25.3,7,7195.685,0101000020E61000009905E04FC44201C09C2000A41D904540,20230419_NISSAN_ANDOAIN_AZPEITIA_031,,d3,06:14.2,50:07.4,NISSAN_LEAF,Nissan Leaf e+ 62 kW,62000,174,26:46.3,8.1,13.0,350,N,-10.29250220259494,137.65243410639013,254,104,,,,1.0,3.0,218.0,32,234,20,55,9
19/04/2023 11:26,552,45.2,78,19.5,99.26,-1104,0,3,105,-1.14,3277,31,-2.1581407,43.126396,552.5822,20.65115673910366,26:30.2,7,7199.75,0101000020E6100000BE118249DF4301C05B6C95CE2D904540,20230419_NISSAN_ANDOAIN_AZPEITIA_031,,d3,06:14.2,50:07.4,NISSAN_LEAF,Nissan Leaf e+ 62 kW,62000,174,26:46.3,8.1,13.0,350,N,-12.789129489496794,89.66613739431811,254,104,,,,1.0,3.0,218.0,32,234,20,55,9
19/04/2023 11:26,557,59.3,78,19.5,99.26,-1108,0,3,105,-2.3,3957,31,-2.1581345,43.12746,556.98425,20.769551076147987,26:38.3,7,7199.706999999999,0101000020E610000073ED98F9DB4301C00080A8AF50904540,20230419_NISSAN_ANDOAIN_AZPEITIA_031,,d3,06:14.2,50:07.4,NISSAN_LEAF,Nissan Leaf e+ 62 kW,62000,174,26:46.3,8.1,13.0,350,N,-12.969029461853946,103.95572951496456,254,104,,,,1.0,3.0,218.0,32,234,20,55,9
19/04/2023 11:26,554,68.7,78,19.5,99.26,-1122,9080,3,104,0.27,4511,31,-2.1584342,43.128666,555.47687,20.905848222053834,26:46.4,7,7199.621,0101000020E61000002AECAF22794401C0B082511378904540,20230419_NISSAN_ANDOAIN_AZPEITIA_031,,d3,06:14.2,50:07.4,NISSAN_LEAF,Nissan Leaf e+ 62 kW,62000,174,26:46.3,8.1,13.0,350,N,-12.593857344101965,114.35960405913848,254,104,,,,1.0,3.0,218.0,32,234,20,55,9
19/04/2023 11:26,554,61.6,78,19.5,99.26,-1122,0,3,103,-3.45,4529,31,-2.1591043,43.130146,554.36115,21.079172093395453,26:55.4,7,7199.630999999999,0101000020E6100000D09CC78AD84501C07FCEA694A8904540,20230419_NISSAN_ANDOAIN_AZPEITIA_031,,d3,06:14.2,50:07.4,NISSAN_LEAF,Nissan Leaf e+ 62 kW,62000,174,26:46.3,8.1,13.0,350,N,-12.96869532798033,103.9770195136112,254,104,,,,1.0,3.0,218.0,32,234,20,55,9
19/04/2023 11:27,550,78.1,78,19.5,99.26,-1135,25840,3,103,3.53,4880,31,-2.159399,43.13133,550.2839,21.213043394036944,27:03.4,7,7199.566999999999,0101000020E6100000C01C4603734601C0F8494260CF904540,20230419_NISSAN_ANDOAIN_AZPEITIA_031,,d3,06:14.2,50:07.4,NISSAN_LEAF,Nissan Leaf e+ 62 kW,62000,174,26:46.3,8.1,13.0,350,N,-12.947511375920293,94.84955466920375,254,104,,,,1.0,3.0,218.0,32,234,20,55,9
19/04/2023 11:27,550,75.2,78,19.5,99.26,-1135,0,3,103,1.16,5195,31,-2.1595507,43.133118,550.58325,21.41224088418233,27:12.5,7,7199.519,0101000020E61000003E872A79C24601C0900AEE000A914540,20230419_NISSAN_ANDOAIN_AZPEITIA_031,,d3,06:14.2,50:07.4,NISSAN_LEAF,Nissan Leaf e+ 62 kW,62000,174,26:46.3,8.1,13.0,350,N,-12.96268701357156,95.65789930241353,254,104,,,,1.0,3.0,218.0,32,234,20,25,9
19/04/2023 11:27,551,74.2,78,18.999998,99.26,-1135,7720,3,102,1.62,5088,31,-2.1596787,43.13441,551.3844,21.55628193516561,27:19.5,7,7200.472,0101000020E61000005DB56B95054701C0A383AE5A34914540,20230419_NISSAN_ANDOAIN_AZPEITIA_031,,d3,06:14.2,50:07.4,NISSAN_LEAF,Nissan Leaf e+ 62 kW,62000,174,26:46.3,8.1,13.0,350,N,-12.949831473347032,94.9647458907062,254,104,,,,1.0,3.0,218.0,32,234,20,25,9
19/04/2023 11:27,553,58.0,78,18.999998,99.26,-1142,680,3,101,-1.31,4294,31,-2.1598163,43.135994,552.6338,21.732772662619325,27:28.6,7,7200.445,0101000020E6100000909D52BF4D4701C087A9C93468914540,20230419_NISSAN_ANDOAIN_AZPEITIA_031,,d3,06:14.2,50:07.4,NISSAN_LEAF,Nissan Leaf e+ 62 kW,62000,174,26:46.3,8.1,13.0,350,N,-12.885894931964287,107.59690324432908,254,104,,,,1.0,3.0,218.0,32,234,20,8,9
19/04/2023 11:27,552,46.1,78,18.999998,99.26,-1143,0,3,101,-1.12,3274,31,-2.160149,43.137043,553.3814,21.85250168595011,27:36.6,7,7200.406999999999,0101000020E610000089E9DC4FFC4701C04C2C699D8A914540,20230419_NISSAN_ANDOAIN_AZPEITIA_031,,d3,06:14.2,50:07.4,NISSAN_LEAF,Nissan Leaf e+ 62 kW,62000,174,26:46.3,8.1,13.0,350,N,-11.356909360861012,129.11929290344688,254,104,,,,1.0,3.0,218.0,32,234,20,55,9
19/04/2023 11:27,549,18.3,78,18.999998,99.26,-1170,0,3,100,-0.72,1727,31,-2.1607695,43.137806,549.92804,21.951218178480136,27:45.6,7,7200.383000000001,0101000020E61000007206988A414901C04372D79BA3914540,20230419_NISSAN_ANDOAIN_AZPEITIA_031,,d3,06:14.2,50:07.4,NISSAN_LEAF,Nissan Leaf e+ 62 kW,62000,174,28:32.1,8.1,13.0,350,N,-12.349464143099144,118.20243437258536,254,104,,,,1.0,3.0,218.0,32,234,20,55,9
19/04/2023 11:27,545,21.6,78,18.999998,99.26,-1171,7240,3,100,11.94,720,31,-2.1608553,43.137966,546.6271,21.970606048712213,27:53.7,7,7200.325,0101000020E610000014D78F896E4901C0037938EAA8914540,20230419_NISSAN_ANDOAIN_AZPEITIA_031,,d3,06:14.2,50:07.4,NISSAN_LEAF,Nissan Leaf e+ 62 kW,62000,174,28:32.1,8.1,13.0,350,N,-11.462536288778397,128.14780589754045,254,104,,,,1.0,3.0,218.0,32,234,20,55,9
19/04/2023 11:28,546,35.7,77,18.999998,99.26,-1171,440,3,100,-8.27,2745,31,-2.1613195,43.138557,546.8799,22.04635124650906,28:01.7,7,7200.285,0101000020E61000007C2C0FD2614A01C0B30B8049BC914540,20230419_NISSAN_ANDOAIN_AZPEITIA_031,,d3,06:14.2,50:07.4,NISSAN_LEAF,Nissan Leaf e+ 62 kW,62000,174,28:32.1,8.1,13.0,350,N,-11.48710943022026,127.91736116743718,254,104,,,,1.0,3.0,218.0,32,234,20,55,9
19/04/2023 11:28,546,38.6,77,18.999998,99.26,-1186,1160,3,101,0.59,2374,31,-2.1617713,43.139137,546.97437,22.12053487030361,28:10.7,7,7200.259,0101000020E61000001DDD68C04E4B01C0A9344843CF914540,20230419_NISSAN_ANDOAIN_AZPEITIA_031,,d3,06:14.2,50:07.4,NISSAN_LEAF,Nissan Leaf e+ 62 kW,62000,174,28:32.1,8.1,13.0,350,N,-10.014769553304063,139.61315342194652,254,104,,,,1.0,3.0,218.0,32,234,20,40,9
19/04/2023 11:28,542,36.5,77,18.999998,99.26,-1186,0,3,101,-3.05,2923,31,-2.1625836,43.139828,543.13885,22.221838119758473,28:18.8,7,7200.196999999999,0101000020E6100000FF974897F84C01C0A5E00FE1E5914540,20230419_NISSAN_ANDOAIN_AZPEITIA_031,,d3,06:14.2,50:07.4,NISSAN_LEAF,Nissan Leaf e+ 62 kW,62000,174,28:32.1,8.1,13.0,350,N,-10.255737350969238,137.91689882540183,254,104,,,,1.0,3.0,218.0,32,234,20,8,9
19/04/2023 11:28,540,51.0,77,18.999998,99.26,-1195,7360,3,101,1.5,3080,31,-2.163289,43.140465,540.6489,22.31293694752246,28:27.8,7,7200.156,0101000020E610000009FAD9796A4E01C09DAA12B4FA914540,20230419_NISSAN_ANDOAIN_AZPEITIA_031,,d3,06:14.2,50:07.4,NISSAN_LEAF,Nissan Leaf e+ 62 kW,62000,174,28:32.1,8.1,13.0,350,N,-11.01596495282991,132.07195587817307,254,104,,,,1.0,3.0,218.0,32,234,20,8,9
19/04/2023 11:28,540,46.6,77,18.999998,99.26,-1195,12640,3,101,-1.12,3401,31,-2.1640635,43.141323,539.6858,22.4271820448523,28:35.9,7,7200.133000000001,0101000020E610000084CFD788005001C0527A78D616924540,20230419_NISSAN_ANDOAIN_AZPEITIA_031,,d3,06:14.2,50:07.4,NISSAN_LEAF,Nissan Leaf e+ 62 kW,62000,174,28:32.1,8.1,13.0,350,N,-6.415505246747645,160.4290862195806,254,104,,,,1.0,3.0,218.0,32,234,20,8,9
19/04/2023 11:28,543,46.7,77,18.999998,99.26,-1201,30280,3,100,10.61,2674,31,-2.1649833,43.14165,542.3551,22.51023988679285,28:43.9,7,7200.061,0101000020E6100000289BD7C3E25101C08363AFA021924540,20230419_NISSAN_ANDOAIN_AZPEITIA_031,,d3,06:14.2,50:07.4,NISSAN_LEAF,Nissan Leaf e+ 62 kW,62000,174,28:32.1,8.1,13.0,350,N,-6.475633373590237,160.12392910251785,254,104,,,,1.0,3.0,218.0,32,234,20,8,9
19/04/2023 11:28,549,41.8,77,18.999998,99.26,-1201,1240,3,101,-1.09,3344,31,-2.166394,43.14216,547.9834,22.63809915651851,28:53.0,7,7200.03,0101000020E610000021E88C6EC65401C00BED8D3032924540,20230419_NISSAN_ANDOAIN_AZPEITIA_031,,d3,06:14.2,50:07.4,NISSAN_LEAF,Nissan Leaf e+ 62 kW,62000,174,28:32.1,8.1,13.0,350,N,-4.363028926224779,170.38990115998322,254,104,,,,1.0,3.0,218.0,32,234,20,8,9
19/04/2023 11:29,554,31.9,77,18.999998,99.26,-1205,13560,3,101,10.02,1957,31,-2.1673744,43.142326,553.37897,22.71993485953769,29:02.0,7,7199.986999999999,0101000020E6100000F4AEE55FC85601C0AC9D0BC837924540,20230419_NISSAN_ANDOAIN_AZPEITIA_031,,d3,06:14.2,50:07.4,NISSAN_LEAF,Nissan Leaf e+ 62 kW,62000,174,28:32.1,8.1,13.0,350,N,-3.135506096157879,176.04305030928086,254,104,,,,1.0,3.0,218.0,32,234,20,40,9
19/04/2023 11:29,559,26.8,77,18.999998,99.26,-1205,0,3,102,1.42,2185,31,-2.1684442,43.1424,558.5994,22.807277474078333,29:10.0,7,7199.95,0101000020E610000022FB8841F95801C09BE7501E3A924540,20230419_NISSAN_ANDOAIN_AZPEITIA_031,,d3,06:14.2,50:07.4,NISSAN_LEAF,Nissan Leaf e+ 62 kW,62000,174,28:32.1,8.1,13.0,350,N,-3.705698182839637,173.43794109972387,254,104,,,,1.0,3.0,218.0,32,234,20,40,9
19/04/2023 11:29,565,36.4,77,18.999998,99.26,-1205,6440,3,102,1.77,2537,31,-2.1694613,43.142517,564.96594,22.89106035268858,29:19.1,7,7199.899,0101000020E6100000164930740E5B01C00E44B2063E924540,20230419_NISSAN_ANDOAIN_AZPEITIA_031,,d3,06:14.2,50:07.4,NISSAN_LEAF,Nissan Leaf e+ 62 kW,62000,174,28:32.1,8.1,13.0,350,N,-0.8888768438335997,-173.92066606396918,254,104,,,,1.0,3.0,218.0,32,234,20,40,9
19/04/2023 11:29,570,7.8,77,18.999998,99.26,-1205,40,3,102,3.38,1088,31,-2.17025,43.142433,569.711,22.955902677871713,29:27.2,7,7199.848000000001,0101000020E6100000AEB48BF3AB5C01C0B7426C313B924540,20230419_NISSAN_ANDOAIN_AZPEITIA_031,,d3,06:14.2,50:07.4,NISSAN_LEAF,Nissan Leaf e+ 62 kW,62000,174,28:32.1,8.1,13.0,350,N,-6.827240958077902,158.3201513917047,254,104,,,,1.0,3.0,218.0,32,234,20,40,9
19/04/2023 11:29,574,21.8,77,18.999998,99.26,-1205,7800,3,102,9.81,1113,31,-2.170494,43.14253,573.3385599999999,22.978736951236762,29:35.2,7,7199.769,0101000020E6100000DCF998F32B5D01C083C38C6F3E924540,20230419_NISSAN_ANDOAIN_AZPEITIA_031,,d3,06:14.2,50:07.4,NISSAN_LEAF,Nissan Leaf e+ 62 kW,62000,174,28:32.1,8.1,13.0,350,N,-2.825767298518888,22.554414433448223,254,104,,,,1.0,3.0,218.0,32,234,20,40,9
19/04/2023 11:29,581,45.0,77,18.999998,99.26,-1205,12960,3,102,0.0,3192,31,-2.1694057,43.142982,581.5481,23.080668116154012,29:44.3,7,7199.746999999999,0101000020E6100000827C1E62F15A01C0A68C35484D924540,20230419_NISSAN_ANDOAIN_AZPEITIA_031,,d3,06:14.2,50:07.4,NISSAN_LEAF,Nissan Leaf e+ 62 kW,62000,174,28:32.1,8.1,13.0,350,N,-6.282160599479505,38.89743060182383,254,104,,,,1.0,3.0,218.0,32,234,20,40,9
19/04/2023 11:29,589,20.5,77,18.999998,99.26,-1209,6440,3,103,5.55,1214,31,-2.168843,43.143436,587.7084,23.149010478337477,29:52.3,7,7199.706999999999,0101000020E610000013050A6ACA5901C075BCB71C5C924540,20230419_NISSAN_ANDOAIN_AZPEITIA_031,,d3,06:14.2,50:07.4,NISSAN_LEAF,Nissan Leaf e+ 62 kW,62000,174,28:32.1,8.1,13.0,350,N,-1.5371729677796435,-176.7907739438375,254,104,,,,1.0,3.0,218.0,32,234,20,40,9
19/04/2023 11:30,593,49.1,77,18.999998,99.26,-1209,28880,3,103,4.75,3029,31,-2.1696634,43.14339,592.9024,23.215969781358446,30:00.3,7,7199.653,0101000020E610000008D2A77B785B01C091C036985A924540,20230419_NISSAN_ANDOAIN_AZPEITIA_031,,d3,06:14.2,50:07.4,NISSAN_LEAF,Nissan Leaf e+ 62 kW,62000,174,28:32.1,8.1,13.0,350,N,0.3811892457320137,-168.31971800647983,259,104,,,,2.0,5.0,219.0,33,238,21,40,9
19/04/2023 11:30,599,42.3,77,18.999998,99.26,-1209,9520,3,104,6.45,2913,31,-2.1708727000000003,43.14314,598.92035,23.31812337336253,30:08.4,7,7199.629,0101000020E6100000F2897077F25D01C00CD4E95252924540,20230419_NISSAN_ANDOAIN_AZPEITIA_031,,d3,06:14.2,50:07.4,NISSAN_LEAF,Nissan Leaf e+ 62 kW,62000,174,28:32.1,8.1,13.0,350,N,-2.594416098337835,178.48815763423602,259,104,,,,2.0,5.0,219.0,33,238,21,40,9
19/04/2023 11:30,605,37.2,77,18.999998,99.26,-1209,0,3,104,5.78,2827,31,-2.1722746,43.143177,604.3228,23.432066381225116,30:17.4,7,7199.581,0101000020E6100000F4D81381D16001C0CE2D329F53924540,20230419_NISSAN_ANDOAIN_AZPEITIA_031,,d3,06:14.2,50:07.4,NISSAN_LEAF,Nissan Leaf e+ 62 kW,62000,174,31:46.3,8.1,13.0,350,N,-9.0674823141295,145.7733375816781,259,104,,,,2.0,5.0,219.0,33,238,21,8,9
19/04/2023 11:30,612,47.3,76,18.999998,99.26,-1209,7600,3,105,6.22,3137,31,-2.173161,43.14378,611.0258,23.53061898249246,30:25.5,7,7199.536999999999,0101000020E610000059B70C49A26201C0A09C0F6067924540,20230419_NISSAN_ANDOAIN_AZPEITIA_031,,d3,06:14.2,50:07.4,NISSAN_LEAF,Nissan Leaf e+ 62 kW,62000,174,31:46.3,8.1,13.0,350,N,-4.45632312079572,169.95280338098144,259,104,,,,2.0,5.0,219.0,33,238,21,25,9
19/04/2023 11:30,621,48.9,76,18.999998,99.26,-1209,12400,3,105,8.47,3117,31,-2.1744027000000004,43.144,619.773,23.634656698376215,30:33.5,7,7200.476,0101000020E6100000A000F7422D6501C008C5C6A06E924540,20230419_NISSAN_ANDOAIN_AZPEITIA_031,,d3,06:14.2,50:07.4,NISSAN_LEAF,Nissan Leaf e+ 62 kW,62000,174,31:46.3,8.1,13.0,350,N,-3.303579987708797,175.27846163263328,259,104,,,,2.0,5.0,219.0,33,238,21,8,9
19/04/2023 11:30,630,55.4,76,18.999998,99.26,-1209,26600,3,105,7.77,3476,31,-2.1758556,43.14412,629.69556,23.753700297261577,30:42.6,7,7200.431,0101000020E61000005F7DEDF4266801C0E3243A8772924540,20230419_NISSAN_ANDOAIN_AZPEITIA_031,,d3,06:14.2,50:07.4,NISSAN_LEAF,Nissan Leaf e+ 62 kW,62000,174,31:46.3,8.1,13.0,350,N,-7.566890734909859,154.4038369168406,128,75,,,,2.0,89.0,36.0,1,112,16,25,9
19/04/2023 11:30,640,56.0,76,18.999998,99.26,-1209,23080,3,105,8.58,3568,31,-2.177177,43.144753,638.2335,23.882232337914154,30:50.6,7,7200.389,0101000020E6100000A93210CDDB6A01C05D0D1C4487924540,20230419_NISSAN_ANDOAIN_AZPEITIA_031,,d3,06:14.2,50:07.4,NISSAN_LEAF,Nissan Leaf e+ 62 kW,62000,174,31:46.3,8.1,13.0,350,N,-11.408523038728276,128.64835184796763,128,75,,,,2.0,89.0,36.0,1,112,16,25,9
19/04/2023 11:31,651,72.3,76,18.999998,99.26,-1209,13920,3,106,2.8,4768,31,-2.1781526,43.145973,650.05743,24.03973682090639,30:59.6,7,7200.363,0101000020E6100000AEB2D734DB6C01C04F7B1233AF924540,20230419_NISSAN_ANDOAIN_AZPEITIA_031,,d3,06:14.2,50:07.4,NISSAN_LEAF,Nissan Leaf e+ 62 kW,62000,174,31:46.3,8.1,13.0,350,N,-11.344041908591716,129.23562053848948,128,75,,,,2.0,89.0,36.0,1,112,16,40,9
19/04/2023 11:31,661,34.7,76,18.999998,99.26,-1231,0,3,106,-3.72,3407,31,-2.179224,43.147285,658.3435,24.20975788615423,31:08.7,7,7200.334,0101000020E61000006DFCA50C0D6F01C0EEFE1A35DA924540,20230419_NISSAN_ANDOAIN_AZPEITIA_031,,d3,06:14.2,50:07.4,NISSAN_LEAF,Nissan Leaf e+ 62 kW,62000,174,31:46.3,8.1,13.0,350,N,-7.978940755305013,152.13778599391654,128,75,,,,2.0,89.0,36.0,1,112,16,40,9
19/04/2023 11:31,671,45.7,76,18.999998,99.26,-1233,17640,3,106,7.23,2790,31,-2.1799977000000004,43.147694,669.12756,24.288016816490344,31:16.7,7,7200.281999999999,0101000020E61000002F616598A27001C0256FA894E7924540,20230419_NISSAN_ANDOAIN_AZPEITIA_031,,d3,06:14.2,50:07.4,NISSAN_LEAF,Nissan Leaf e+ 62 kW,62000,174,31:46.3,8.1,13.0,350,N,-1.05916770245562,-174.67332154742104,128,75,,,,2.0,89.0,36.0,1,112,16,8,9
19/04/2023 11:31,679,47.3,76,18.500002,99.26,-1233,14520,3,106,2.66,3215,31,-2.1814349,43.14756,677.5847,24.405864822359817,31:25.8,7,7200.19,0101000020E61000007E46842D947301C05A62DE47E3924540,20230419_NISSAN_ANDOAIN_AZPEITIA_031,,d3,06:14.2,50:07.4,NISSAN_LEAF,Nissan Leaf e+ 62 kW,62000,174,31:46.3,8.1,13.0,350,N,-0.7987181101803887,-173.52246287053987,128,75,,,,2.0,89.0,36.0,1,112,16,8,9
19/04/2023 11:31,687,51.2,76,18.500002,99.26,-1233,15480,3,106,3.55,3548,31,-2.182712,43.147415,685.19305,24.510995256479564,31:33.8,7,7200.21,0101000020E610000070B52ABC317601C0D2E69C7CDE924540,20230419_NISSAN_ANDOAIN_AZPEITIA_031,,d3,06:14.2,50:07.4,NISSAN_LEAF,Nissan Leaf e+ 62 kW,62000,174,31:46.3,8.1,13.0,350,N,-7.342202308992212,155.61265171313494,128,75,,,,2.0,89.0,36.0,1,112,16,8,8
19/04/2023 11:31,695,48.3,76,18.500002,99.26,-1233,16200,3,105,6.44,3229,31,-2.184009,43.148003,694.22705,24.63520525262006,31:42.9,7,7200.116999999999,0101000020E61000003EE185CCD97801C0B76976BDF1924540,20230419_NISSAN_ANDOAIN_AZPEITIA_031,,d3,06:14.2,50:07.4,NISSAN_LEAF,Nissan Leaf e+ 62 kW,62000,174,31:46.3,8.1,13.0,350,N,-9.049656425474122,145.8828739809307,128,75,,,,2.0,89.0,36.0,1,112,16,8,8
19/04/2023 11:31,702,37.8,76,18.500002,99.26,-1233,6120,3,105,0.34,2713,31,-2.184964,43.14865,701.4621599999999,24.74117987042732,31:50.9,7,7200.103,0101000020E6100000EF2CDE5DCE7A01C0B57627FE06934540,20230419_NISSAN_ANDOAIN_AZPEITIA_031,,d3,06:14.2,50:07.4,NISSAN_LEAF,Nissan Leaf e+ 62 kW,62000,174,31:46.3,8.1,13.0,350,N,-3.695169285582876,173.48634833894718,128,75,,,,2.0,89.0,36.0,1,112,16,8,8
19/04/2023 11:31,704,39.5,76,18.500002,99.26,-1233,5560,3,105,0.0,2864,31,-2.1860150000000003,43.14877,702.7981,24.827491123753905,31:58.9,7,7200.055,0101000020E61000001A5B4B68F57C01C0CEA1E1E70A934540,20230419_NISSAN_ANDOAIN_AZPEITIA_031,,d3,06:14.2,50:07.4,NISSAN_LEAF,Nissan Leaf e+ 62 kW,62000,174,31:46.3,8.1,13.0,350,N,-11.475577084168968,128.02572731102742,128,75,,,,2.0,89.0,36.0,1,112,16,8,8
19/04/2023 11:32,714,52.4,75,18.500002,99.26,-1233,22800,3,104,4.64,3349,31,-2.1865366,43.149437,711.4061,24.913313003034133,32:06.9,7,7200.054,0101000020E61000004D3D22DB067E01C0CEB733C320934540,20230419_NISSAN_ANDOAIN_AZPEITIA_031,,d3,06:14.2,50:07.4,NISSAN_LEAF,Nissan Leaf e+ 62 kW,62000,174,31:46.3,8.1,13.0,350,N,-11.39957961659806,128.73046001309268,128,75,,,,2.0,89.0,36.0,1,112,16,8,8
19/04/2023 11:32,722,43.4,75,18.500002,99.26,-1233,0,3,105,5.64,2842,31,-2.187329,43.150425,720.8565,25.040948926444102,32:16.0,7,7199.979,0101000020E6100000C12C6F6AA67F01C0D9E9F22441934540,20230419_NISSAN_ANDOAIN_AZPEITIA_031,,d3,06:14.2,50:07.4,NISSAN_LEAF,Nissan Leaf e+ 62 kW,62000,174,31:46.3,8.1,13.0,350,N,-6.267596306273887,161.17586302446315,128,75,,,,2.0,89.0,36.0,1,112,16,8,8
19/04/2023 11:32,729,36.1,75,18.500002,99.26,-1233,5400,3,104,0.12,2370,31,-2.1883468999999995,43.150772,727.46735,25.13233361359769,32:24.0,7,7199.951999999999,0101000020E6100000F85251FBBB8101C0F372257E4C934540,20230419_NISSAN_ANDOAIN_AZPEITIA_031,,d3,06:14.2,50:07.4,NISSAN_LEAF,Nissan Leaf e+ 62 kW,62000,174,31:46.3,8.1,13.0,350,N,-3.5287979395004534,174.24966987252043,128,75,,,,2.0,89.0,36.0,1,112,16,8,8
19/04/2023 11:32,731,27.4,75,18.500002,99.26,-1249,0,3,104,-4.91,2438,31,-2.1885753,43.150795,729.1965,25.151117528765305,32:26.1,7,7206.914000000001,0101000020E6100000604E9DC1338201C0D3D112344D934540,20230419_NISSAN_ANDOAIN_AZPEITIA_031,,d3,06:14.2,50:07.4,NISSAN_LEAF,Nissan Leaf e+ 62 kW,62000,174,31:46.3,8.1,13.0,350,N,-1.3899585705675397,-176.13779094560093,128,75,,,,2.0,89.0,36.0,1,112,16,8,8
19/04/2023 11:32,732,52.8,75,18.0,99.26,-1258,10960,3,104,3.17,3145,31,-2.1886938,43.150787,729.6922599999999,25.16078439064686,32:41.7,7,7199.281,0101000020E610000021FFD2D2718201C0621C500D4D934540,20230419_NISSAN_ANDOAIN_AZPEITIA_031,,d3,06:14.2,50:07.4,NISSAN_LEAF,Nissan Leaf e+ 62 kW,62000,174,31:46.3,8.1,13.0,350,N,-8.70679658748727,147.95195087975034,128,75,,,,2.0,89.0,36.0,1,112,16,8,8
19/04/2023 11:32,733,42.1,75,18.0,99.26,-1262,5080,3,103,-1.09,3085,31,-2.1905036,43.15192,733.28827,25.354277284568777,32:50.3,7,7199.7480000000005,0101000020E61000004B5DBEBB268601C03939572672934540,20230419_NISSAN_ANDOAIN_AZPEITIA_031,,d3,06:14.2,50:07.4,NISSAN_LEAF,Nissan Leaf e+ 62 kW,62000,174,31:46.3,8.1,13.0,350,N,-8.681370633943883,148.10267989426262,128,75,,,,2.0,89.0,36.0,1,112,16,8,8
19/04/2023 11:32,733,48.1,75,18.0,99.26,-1274,0,3,103,0.11,2753,31,-2.1912909,43.15241,733.7874,25.438228888339736,32:58.3,7,7199.7480000000005,0101000020E610000091741D7BC38701C05976012F82934540,20230419_NISSAN_ANDOAIN_AZPEITIA_031,,d3,06:14.2,50:07.4,NISSAN_LEAF,Nissan Leaf e+ 62 kW,62000,174,31:46.3,8.1,13.0,350,N,3.9138252696366944,-152.47851047343056,128,75,,,,2.0,89.0,36.0,1,112,16,8,8
19/04/2023 11:33,732,42.7,75,18.0,99.26,-1300,0,3,102,-1.11,2708,31,-2.192429,43.151817,732.7506,25.55168681569792,33:07.3,7,7199.66,0101000020E61000007CC85741188A01C0FDEAD4CD6E934540,20230419_NISSAN_ANDOAIN_AZPEITIA_031,,d3,06:14.2,50:07.4,NISSAN_LEAF,Nissan Leaf e+ 62 kW,62000,174,31:46.3,8.1,13.0,350,N,9.960137154094086,-119.98930659981646,128,75,,,,2.0,89.0,36.0,1,112,16,8,8
19/04/2023 11:33,730,31.4,75,18.0,99.26,-1332,0,3,102,-1.23,2296,31,-2.1928272,43.151127,731.3716,25.634945577749264,33:14.8,7,7200.198,0101000020E6100000E25B52F3E88A01C0FDC0F51F58934540,20230419_NISSAN_ANDOAIN_AZPEITIA_031,,d3,06:14.2,50:07.4,NISSAN_LEAF,Nissan Leaf e+ 62 kW,62000,174,31:46.3,8.1,13.0,350,N,4.071864633991455,-151.7465882807051,128,75,,,,2.0,89.0,36.0,1,112,16,8,8
19/04/2023 11:33,721,52.6,75,18.0,99.26,-1332,0,3,101,-1.2,3427,31,-2.1930077,43.15103,730.96826,25.653136371017748,33:18.1,7,7204.898,0101000020E6100000DCA7A0A0478B01C0FAD03CF754934540,20230419_NISSAN_ANDOAIN_AZPEITIA_031,,d3,06:14.2,50:07.4,NISSAN_LEAF,Nissan Leaf e+ 62 kW,62000,174,31:46.3,8.1,13.0,350,N,-2.257426309670091,180.0,128,75,,,,2.0,89.0,36.0,1,112,16,8,8
19/04/2023 11:33,713,36.1,75,18.0,99.26,-1361,3120,3,101,-0.73,2383,31,-2.1931267000000005,43.15103,730.2175,25.66281911455429,33:39.8,7,7192.167,0101000020E610000032D73EF0858B01C0C9F3A2FC54934540,20230419_NISSAN_ANDOAIN_AZPEITIA_031,,d3,06:14.2,50:07.4,NISSAN_LEAF,Nissan Leaf e+ 62 kW,62000,174,31:46.3,8.1,13.0,350,N,-8.104319208316053,151.43448022447922,128,75,,,,2.0,89.0,36.0,1,112,16,8,8
19/04/2023 11:33,708,46.3,75,18.0,99.26,-1361,200,3,101,0.56,2725,31,-2.1935914,43.151283,724.207,25.710239188074524,33:40.4,7,7200.576,0101000020E610000085DFAA9E798C01C03DFFC5365D934540,20230419_NISSAN_ANDOAIN_AZPEITIA_031,,d3,06:14.2,50:07.4,NISSAN_LEAF,Nissan Leaf e+ 62 kW,62000,174,31:46.3,8.1,13.0,350,N,-8.840935640314594,147.1507325285964,128,75,,,,2.0,89.0,36.0,1,112,16,8,7
19/04/2023 11:33,701,48.9,75,17.5,99.26,-1369,0,3,100,-2.84,3532,31,-2.1946616000000003,43.151974,715.9357,25.826468531807574,33:49.3,7,7199.696,0101000020E6100000153487C0AA8E01C08D49CBD473934540,20230419_NISSAN_ANDOAIN_AZPEITIA_031,,d3,06:14.2,50:07.4,NISSAN_LEAF,Nissan Leaf e+ 62 kW,62000,174,31:46.3,8.1,13.0,350,N,-7.323123511376885,155.71448438008164,128,75,,,,2.0,89.0,36.0,1,112,16,8,7
19/04/2023 11:33,693,45.6,76,17.5,99.26,-1394,0,3,100,-1.12,3177,31,-2.1976624,43.153328,695.1754,26.113444271346708,33:58.0,7,7200.018,0101000020E610000094D19CF7CF9401C0E0998848A0934540,20230419_NISSAN_ANDOAIN_AZPEITIA_031,,d3,06:14.2,50:07.4,NISSAN_LEAF,Nissan Leaf e+ 62 kW,62000,174,31:46.3,8.1,13.0,350,N,-10.902962618519462,132.99801543669918,128,75,,,,2.0,89.0,36.0,1,112,16,8,7
19/04/2023 11:34,684,50.8,76,17.5,99.26,-1403,0,3,99,0.0,3299,31,-2.1983664000000003,43.154083,686.77563,26.21532571317174,34:05.6,7,7200.358,0101000020E610000028388F20419601C0140D930DB9934540,20230419_NISSAN_ANDOAIN_AZPEITIA_031,,d3,06:14.2,50:07.4,NISSAN_LEAF,Nissan Leaf e+ 62 kW,62000,174,31:46.3,8.1,13.0,350,N,-5.338401588525885,165.7545606820429,128,75,,,,2.0,89.0,36.0,1,112,16,8,7
19/04/2023 11:34,676,39.9,76,17.5,99.26,-1425,0,3,98,-1.05,2941,31,-2.1997056,43.154423,677.66943,26.330709943209726,34:13.6,7,7200.368,0101000020E6100000511D7A4CFF9801C0A5D53720C4934540,20230419_NISSAN_ANDOAIN_AZPEITIA_031,,d3,06:14.2,50:07.4,NISSAN_LEAF,Nissan Leaf e+ 62 kW,62000,174,31:46.3,8.1,13.0,350,N,-1.3188276827538834,-175.82257516837328,128,75,,,,2.0,89.0,36.0,1,112,16,8,7
19/04/2023 11:34,669,59.2,76,17.5,99.26,-1425,0,3,98,-1.3,3807,31,-2.2011158,43.15432,670.05066,26.44592692398819,34:22.7,7,7200.319,0101000020E6100000027C39A8E29B01C0F477DBBCC0934540,20230419_NISSAN_ANDOAIN_AZPEITIA_031,,d3,06:14.2,50:07.4,NISSAN_LEAF,Nissan Leaf e+ 62 kW,62000,174,36:46.3,8.1,13.0,350,N,-0.2075683176986823,-170.91486876495068,128,75,,,,2.0,89.0,36.0,1,112,16,40,7
19/04/2023 11:34,663,42.9,76,17.5,99.26,-1449,0,3,98,0.0,3458,31,-2.2026792,43.15407,664.0898,26.575895219912788,34:30.7,7,7200.278,0101000020E6100000825EAE46169F01C09AF29F9CB8934540,20230419_NISSAN_ANDOAIN_AZPEITIA_031,,d3,06:14.2,50:07.4,NISSAN_LEAF,Nissan Leaf e+ 62 kW,62000,174,36:46.3,8.1,13.0,350,N,-4.066527458961887,171.77135578637865,128,75,,,,2.0,89.0,36.0,1,112,16,40,7
19/04/2023 11:34,654,55.5,76,17.5,99.26,-1453,5840,3,97,1.53,3375,31,-2.2038755,43.154243,657.1939,26.675065601015312,34:38.8,7,7200.2480000000005,0101000020E61000005810A07A89A101C0842A534EBE934540,20230419_NISSAN_ANDOAIN_AZPEITIA_031,,d3,06:14.2,50:07.4,NISSAN_LEAF,Nissan Leaf e+ 62 kW,62000,174,36:46.3,8.1,13.0,350,N,-10.599051986049808,135.38180712333812,128,75,,,,2.0,89.0,36.0,1,112,16,25,7
19/04/2023 11:34,645,60.7,76,17.5,99.26,-1466,0,3,97,-1.33,4125,31,-2.2048423,43.155197,649.0052,26.80724137753835,34:46.8,7,7201.168000000001,0101000020E61000008DE2296584A301C0C5E25584DD934540,20230419_NISSAN_ANDOAIN_AZPEITIA_031,,d3,06:14.2,50:07.4,NISSAN_LEAF,Nissan Leaf e+ 62 kW,62000,174,36:46.3,8.1,13.0,350,N,-10.376386466937593,137.0430051067083,128,75,,,,2.0,89.0,36.0,1,112,16,8,7
19/04/2023 11:34,638,40.7,76,17.5,99.26,-1504,0,3,96,-2.81,3147,31,-2.2049744,43.15532,647.7425,26.824661977308416,35:00.7,7,7196.255999999999,0101000020E6100000D32461A6C9A301C08B1F9A79E1934540,20230419_NISSAN_ANDOAIN_AZPEITIA_031,,d3,06:14.2,50:07.4,NISSAN_LEAF,Nissan Leaf e+ 62 kW,62000,174,36:46.3,8.1,13.0,350,N,-11.849448903882774,124.28707707427868,128,75,,,,2.0,89.0,36.0,1,112,16,40,7
19/04/2023 11:35,633,31.7,76,17.5,99.26,-1534,0,3,96,-0.94,2567,31,-2.206186,43.157097,634.9499,27.045717915435663,35:04.9,7,7200.095,0101000020E610000084F012DA44A601C01AA2CFB81B944540,20230419_NISSAN_ANDOAIN_AZPEITIA_031,,d3,06:14.2,50:07.4,NISSAN_LEAF,Nissan Leaf e+ 62 kW,62000,174,36:46.3,8.1,13.0,350,N,-11.73899454732698,74.55519351968124,128,75,,,,2.0,89.0,36.0,1,112,16,40,6
19/04/2023 11:35,626,39.2,76,17.5,99.26,-1541,0,3,96,-2.88,3034,31,-2.2059553,43.157932,628.5315,27.14064988971477,35:14.0,7,7200.026999999999,0101000020E61000009B13FFE4CBA501C0E078881337944540,20230419_NISSAN_ANDOAIN_AZPEITIA_031,,d3,06:14.2,50:07.4,NISSAN_LEAF,Nissan Leaf e+ 62 kW,62000,174,36:46.3,8.1,13.0,350,N,-6.932125265034442,157.77534147046714,128,75,,,,2.0,89.0,36.0,1,112,16,40,6
19/04/2023 11:35,617,32.6,76,18.0,99.26,-1569,0,3,96,-4.45,2468,31,-2.206807,43.15828,619.6682,27.220327652877224,35:22.0,7,7199.976,0101000020E6100000B45627688AA701C0B3EF1D8042944540,20230419_NISSAN_ANDOAIN_AZPEITIA_031,,d3,06:14.2,50:07.4,NISSAN_LEAF,Nissan Leaf e+ 62 kW,62000,174,36:46.3,8.1,13.0,350,N,-8.22936168489894,150.72613529353646,128,75,,,,2.0,89.0,36.0,1,112,16,40,6
19/04/2023 11:35,611,47.0,76,18.0,99.26,-1575,2400,3,96,-1.77,3040,31,-2.2076151000000004,43.158733000000005,612.7289,27.30328460278618,35:31.1,7,7199.945,0101000020E6100000E721EB2A32A901C03A766E5C51944540,20230419_NISSAN_ANDOAIN_AZPEITIA_031,,d3,06:14.2,50:07.4,NISSAN_LEAF,Nissan Leaf e+ 62 kW,62000,174,36:46.3,8.1,13.0,350,N,-10.884677941413983,66.85430500362642,128,75,,,,2.0,89.0,36.0,1,112,16,40,6
19/04/2023 11:35,605,26.1,76,18.0,99.26,-1607,0,3,96,-0.94,2268,31,-2.2072573,43.15957,606.65295,27.40096385802221,35:39.1,7,7199.946,0101000020E6100000D8C40F7776A801C05A9C0FCE6C944540,20230419_NISSAN_ANDOAIN_AZPEITIA_031,,d3,06:14.2,50:07.4,NISSAN_LEAF,Nissan Leaf e+ 62 kW,62000,174,36:46.3,8.1,13.0,350,N,-12.588189490356818,114.45998489298982,128,75,,,,2.0,89.0,36.0,1,112,16,40,6
19/04/2023 11:35,597,40.5,76,18.0,99.26,-1616,0,3,95,0.0,2314,31,-2.207588,43.160297,598.3322,27.48654203414905,35:48.1,7,7199.885,0101000020E6100000C14200DA23A901C0053A7FA184944540,20230419_NISSAN_ANDOAIN_AZPEITIA_031,,d3,06:14.2,50:07.4,NISSAN_LEAF,Nissan Leaf e+ 62 kW,62000,174,36:46.3,8.1,13.0,350,N,-7.99594804395341,47.957219446278906,128,75,,,,2.0,89.0,36.0,1,112,16,40,6
19/04/2023 11:35,591,46.5,76,18.0,99.26,-1619,5800,3,95,-0.64,2672,31,-2.2069721,43.16098,592.43304,27.577636355360692,35:56.2,7,7199.774,0101000020E610000011D4B40FE1A701C0EB16EF0C9B944540,20230419_NISSAN_ANDOAIN_AZPEITIA_031,,d3,06:14.2,50:07.4,NISSAN_LEAF,Nissan Leaf e+ 62 kW,62000,174,36:46.3,8.1,13.0,350,N,-12.340522151085624,118.3281792745517,128,75,,,,2.0,89.0,36.0,1,112,16,8,6
19/04/2023 11:36,585,49.6,76,18.0,99.26,-1634,5560,3,95,1.23,2839,31,-2.2074287,43.161827,585.81995,27.679054014573737,36:05.3,7,7199.736,0101000020E610000001205D6AD0A801C0364E15CCB6944540,20230419_NISSAN_ANDOAIN_AZPEITIA_031,,d3,06:14.2,50:07.4,NISSAN_LEAF,Nissan Leaf e+ 62 kW,62000,174,36:46.3,8.1,13.0,350,N,-9.06784142993661,54.22887120394432,128,75,,,,2.0,89.0,36.0,1,112,16,8,6
19/04/2023 11:36,582,36.7,76,18.0,99.26,-1661,0,3,95,-4.03,2850,31,-2.2067666,43.162746000000006,582.61755,27.794537831409755,36:13.3,7,7199.745,0101000020E6100000E539F53675A701C01D3D35E0D4944540,20230419_NISSAN_ANDOAIN_AZPEITIA_031,,d3,06:14.2,50:07.4,NISSAN_LEAF,Nissan Leaf e+ 62 kW,62000,174,36:46.3,8.1,13.0,350,N,-11.71098583705798,125.73062953647155,128,75,,,,2.0,89.0,36.0,1,112,16,8,6
19/04/2023 11:36,576,57.8,76,18.0,99.26,-1668,2200,3,95,-5.2,3709,31,-2.2073270000000003,43.163525,576.92114,27.892525156156328,36:21.3,7,7199.666,0101000020E610000010D60F0D9BA801C0CD135256EE944540,20230419_NISSAN_ANDOAIN_AZPEITIA_031,,d3,06:14.2,50:07.4,NISSAN_LEAF,Nissan Leaf e+ 62 kW,62000,174,36:46.3,8.1,13.0,350,N,-7.433277479220699,155.1248173647889,128,75,,,,2.0,89.0,36.0,1,112,16,8,6
19/04/2023 11:36,570,34.6,76,18.0,99.26,-1715,0,3,94,-6.69,2904,31,-2.2086189,43.164124,571.40063,28.016806028234686,36:30.3,7,7199.656999999999,0101000020E6100000F8DC735F40AB01C0575CA2F001954540,20230419_NISSAN_ANDOAIN_AZPEITIA_031,,d3,06:14.2,50:07.4,NISSAN_LEAF,Nissan Leaf e+ 62 kW,62000,174,36:46.3,8.1,13.0,350,N,2.4440725263774423,-159.1635851078822,128,75,,,,2.0,89.0,36.0,1,112,16,25,6
19/04/2023 11:36,562,59.5,76,18.0,99.26,-1732,4520,3,95,-1.16,3636,31,-2.2096226000000003,43.163742,563.2767299999999,28.108985851127517,36:38.4,7,7199.608,0101000020E6100000E02F37994EAD01C085A7BF86F5944540,20230419_NISSAN_ANDOAIN_AZPEITIA_031,,d3,06:14.2,50:07.4,NISSAN_LEAF,Nissan Leaf e+ 62 kW,62000,174,36:46.3,8.1,13.0,350,N,3.73029841647959,-153.32479254955678,128,75,,,,2.0,89.0,36.0,1,112,16,25,6
19/04/2023 11:36,556,28.4,76,18.0,99.26,-1772,0,3,95,-2.62,2711,31,-2.2108905,43.163105,556.1841400000001,28.234055036800775,36:47.4,7,7199.566999999999,0101000020E6100000C86D2051E7AF01C07149B7A6E0944540,20230419_NISSAN_ANDOAIN_AZPEITIA_031,,d3,06:14.2,50:07.4,NISSAN_LEAF,Nissan Leaf e+ 62 kW,62000,174,36:46.3,8.1,13.0,350,N,-6.524566631960093,159.87489679375767,128,75,,,,2.0,89.0,36.0,1,112,16,25,6
19/04/2023 11:36,547,41.0,76,18.0,99.26,-1792,0,3,95,-1.05,2808,31,-2.2117774,43.16343,549.094,28.314867441647863,36:54.5,7,7200.496999999999,0101000020E610000060EBBD5FB8B101C08A6FA43CEB944540,20230419_NISSAN_ANDOAIN_AZPEITIA_031,,d3,06:14.2,50:07.4,NISSAN_LEAF,Nissan Leaf e+ 62 kW,62000,174,36:46.3,8.1,13.0,350,N,-6.424255718892471,160.3847341415109,128,75,,,,2.0,89.0,36.0,1,112,16,25,6
19/04/2023 11:37,540,47.8,76,18.0,99.26,-1799,0,3,95,-4.56,3390,31,-2.2130485,43.163883,541.8994,28.42983412327741,37:03.9,7,7200.076999999999,0101000020E6100000E11DBFB152B401C072EC4E27FA944540,20230419_NISSAN_ANDOAIN_AZPEITIA_031,,d3,06:14.2,50:07.4,NISSAN_LEAF,Nissan Leaf e+ 62 kW,62000,174,36:46.3,8.1,13.0,350,N,-6.4908906850404255,160.0463482147408,128,75,,,,2.0,89.0,36.0,1,112,16,25,5
19/04/2023 11:37,534,54.2,76,18.0,99.26,-1824,0,3,94,-3.47,3494,31,-2.214142,43.16428,536.02423,28.529075864718244,37:11.6,7,7200.426,0101000020E6100000C972442490B601C0E628EC2107954540,20230419_NISSAN_ANDOAIN_AZPEITIA_031,,d3,06:14.2,50:07.4,NISSAN_LEAF,Nissan Leaf e+ 62 kW,62000,174,36:46.3,8.1,13.0,350,N,-8.914748457102883,146.7053903645583,128,75,,,,2.0,89.0,36.0,1,112,16,8,5
19/04/2023 11:37,525,43.4,76,18.500002,99.26,-1866,0,3,94,2.62,2866,31,-2.215284,43.16503,527.9183,28.653973243713104,37:20.6,7,7200.397,0101000020E6100000B2FBF5E7E6B801C086BD43BB1F954540,20230419_NISSAN_ANDOAIN_AZPEITIA_031,,d3,06:14.2,50:07.4,NISSAN_LEAF,Nissan Leaf e+ 62 kW,62000,174,36:46.3,8.1,13.0,350,N,0.1622208944532674,-169.28501432051348,128,75,,,,2.0,89.0,36.0,1,112,16,8,5
19/04/2023 11:37,516,49.2,76,18.500002,99.26,-1883,0,3,94,-3.14,3306,31,-2.2165682,43.164787,519.14716,28.76193201517993,37:28.6,7,7200.357,0101000020E6100000EB2C9E1E88BB01C0F8876EC717954540,20230419_NISSAN_ANDOAIN_AZPEITIA_031,,d3,06:14.2,50:07.4,NISSAN_LEAF,Nissan Leaf e+ 62 kW,62000,174,36:46.3,8.1,13.0,350,N,-2.715273050490267,177.94402693969622,128,75,,,,2.0,89.0,36.0,1,112,16,8,5
19/04/2023 11:37,507,41.1,76,18.500002,99.26,-1909,0,3,94,-1.97,2855,31,-2.217961,43.164837,509.77957,28.875418163538814,37:37.7,7,7200.278,0101000020E6100000D2F0B35B62BE01C03060046519954540,20230419_NISSAN_ANDOAIN_AZPEITIA_031,,d3,06:14.2,50:07.4,NISSAN_LEAF,Nissan Leaf e+ 62 kW,62000,174,36:46.3,8.1,13.0,350,N,-9.697356668461866,141.75919412184567,128,75,,,,2.0,89.0,36.0,1,112,16,8,5
19/04/2023 11:37,501,34.2,76,18.500002,99.26,-1935,0,3,94,-3.11,2841,31,-2.2187896,43.165490000000005,503.03745,28.974584233156214,37:45.8,7,7200.236999999999,0101000020E6100000B8187CCF14C001C06D2B21BC2E954540,20230419_NISSAN_ANDOAIN_AZPEITIA_031,,d3,06:14.2,50:07.4,NISSAN_LEAF,Nissan Leaf e+ 62 kW,62000,174,36:46.3,8.1,13.0,350,N,-1.5478808668295794,-176.8383033679904,128,75,,,,2.0,89.0,36.0,1,112,16,8,5
19/04/2023 11:37,496,50.5,76,18.500002,99.26,-1943,0,3,94,-1.2,3299,31,-2.2198396,43.165432,497.74286,29.06015071760979,37:53.8,7,7200.236999999999,0101000020E610000086D9D3473BC201C03E3809ED2C954540,20230419_NISSAN_ANDOAIN_AZPEITIA_031,,d3,06:14.2,50:07.4,NISSAN_LEAF,Nissan Leaf e+ 62 kW,62000,174,38:55.2,8.1,13.0,350,N,-0.8371071173357706,-173.6919932744646,128,75,,,,2.0,89.0,36.0,1,112,16,8,5
19/04/2023 11:38,486,44.9,76,18.500002,99.26,-1973,0,3,93,-6.45,2999,31,-2.2213051,43.16527,488.70303,29.180704779431103,38:02.8,7,7200.187,0101000020E6100000027461A83BC501C0010089AF27954540,20230419_NISSAN_ANDOAIN_AZPEITIA_031,,d3,06:14.2,50:07.4,NISSAN_LEAF,Nissan Leaf e+ 62 kW,62000,174,38:55.2,8.1,13.0,350,N,-8.377157882086106,149.87953832530314,128,75,,,,2.0,89.0,36.0,1,112,16,40,5
19/04/2023 11:38,477,33.9,76,18.500002,99.26,-2017,0,3,94,-9.78,2340,31,-2.2220187,43.165684000000006,480.2542,29.255136908244246,38:09.9,7,7201.146,0101000020E6100000BB7338B5B1C601C092D9B92A35954540,20230419_NISSAN_ANDOAIN_AZPEITIA_031,,d3,06:14.2,50:07.4,NISSAN_LEAF,Nissan Leaf e+ 62 kW,62000,174,38:55.2,8.1,13.0,350,N,-9.972216298743737,60.09360580731556,128,75,,,,2.0,89.0,36.0,1,112,16,40,5
19/04/2023 11:38,470,21.2,76,18.500002,99.26,-2041,0,3,94,2.67,871,31,-2.2217708,43.166115000000005,474.1428,29.307466475427066,38:18.1,7,7201.937,0101000020E6100000BB2AEFBA2FC601C090BBAA4543954540,20230419_NISSAN_ANDOAIN_AZPEITIA_031,,d3,06:14.2,50:07.4,NISSAN_LEAF,Nissan Leaf e+ 62 kW,62000,174,38:55.2,8.1,13.0,350,N,-12.08712812527702,78.400404778302,128,75,,,,2.0,89.0,36.0,1,112,16,40,5
19/04/2023 11:38,464,40.0,76,18.500002,99.26,-2043,0,3,95,-1.05,2473,31,-2.221763,43.166153,472.534,29.312031832649293,38:34.0,7,7194.016,0101000020E610000052986BA92BC601C05521067944954540,20230419_NISSAN_ANDOAIN_AZPEITIA_031,,d3,06:14.2,50:07.4,NISSAN_LEAF,Nissan Leaf e+ 62 kW,62000,174,38:55.2,8.1,13.0,350,N,-12.938034040154816,94.40351679071948,128,75,,,,2.0,89.0,36.0,1,112,16,40,5
19/04/2023 11:38,458,41.8,76,18.500002,99.26,-2058,0,3,94,-1.78,2800,31,-2.2218752,43.16761,459.35284,29.474832669374617,38:37.0,7,7199.967,0101000020E6100000478E847366C601C0C9CDD84D74954540,20230419_NISSAN_ANDOAIN_AZPEITIA_031,,d3,06:14.2,50:07.4,NISSAN_LEAF,Nissan Leaf e+ 62 kW,62000,174,38:55.2,8.1,13.0,350,N,-11.728862611929465,125.54854504439996,128,75,,,,2.0,89.0,36.0,1,112,16,25,5
19/04/2023 11:38,453,40.7,77,18.500002,99.26,-2081,0,3,94,-1.05,2717,31,-2.2224097,43.168358000000005,455.08972,29.568721470799794,38:45.5,7,7199.545,0101000020E6100000447847CA7EC701C0EF1D6ECD8C954540,20230419_NISSAN_ANDOAIN_AZPEITIA_031,,d3,06:14.2,50:07.4,NISSAN_LEAF,Nissan Leaf e+ 62 kW,62000,174,38:55.2,8.1,13.0,350,N,-2.890639847144122,177.15249644477066,128,75,,,,2.0,89.0,36.0,1,112,16,40,4
19/04/2023 11:38,445,53.4,77,18.500002,99.26,-2086,0,3,94,-2.94,3550,31,-2.2236562,43.168420000000005,447.33508,29.670343228952238,38:53.1,7,7199.927,0101000020E6100000DFA949330CCA01C0FD5BB0B28E954540,20230419_NISSAN_ANDOAIN_AZPEITIA_031,,d3,06:14.2,50:07.4,NISSAN_LEAF,Nissan Leaf e+ 62 kW,62000,174,38:55.2,8.1,13.0,350,N,-1.3083831093128928,-175.77630526856137,128,75,,,,2.0,89.0,36.0,1,112,16,40,4
19/04/2023 11:39,437,33.1,77,18.500002,99.26,-2137,0,3,94,-1.02,2563,31,-2.2251186,43.168312,439.56564,29.78980269447607,39:02.2,7,7199.826999999999,0101000020E61000005FBBD8080BCD01C0239A67388B954540,20230419_NISSAN_ANDOAIN_AZPEITIA_031,,d3,06:14.2,50:07.4,NISSAN_LEAF,Nissan Leaf e+ 62 kW,62000,174,38:55.2,8.1,13.0,350,N,5.16644049414281,-146.5831047016192,128,75,,,,2.0,89.0,36.0,1,112,16,40,4
19/04/2023 11:39,429,55.0,77,18.999998,99.26,-2142,0,3,93,-5.25,3638,31,-2.2261674,43.16762,430.58057,29.904852215790065,39:10.2,7,7199.826,0101000020E610000047BD0DD630CF01C018499A9174954540,20230419_NISSAN_ANDOAIN_AZPEITIA_031,,d3,06:14.2,50:07.4,NISSAN_LEAF,Nissan Leaf e+ 62 kW,62000,174,38:55.2,8.1,13.0,350,N,4.278347502915951,-150.78562001988814,128,75,,,,2.0,89.0,36.0,1,112,16,25,4
19/04/2023 11:39,420,48.1,77,18.999998,99.26,-2181,0,3,93,0.55,3112,31,-2.2273834,43.16694,420.85678,30.0295017131365,39:19.2,7,7199.786,0101000020E6100000B168B45BAED101C0A62A2F325E954540,20230419_NISSAN_ANDOAIN_AZPEITIA_031,,d3,06:14.2,50:07.4,NISSAN_LEAF,Nissan Leaf e+ 62 kW,62000,174,38:55.2,8.1,13.0,350,N,7.90832529531229,-132.53095520164027,128,75,,,,2.0,89.0,36.0,1,112,16,25,4
19/04/2023 11:39,410,50.5,77,18.999998,99.26,-2206,0,3,93,-3.44,3457,31,-2.2281723,43.16608,411.6832,30.14492451908286,39:27.2,7,7199.758000000001,0101000020E6100000672526F14BD301C082111A1A42954540,20230419_NISSAN_ANDOAIN_AZPEITIA_031,,d3,06:14.2,50:07.4,NISSAN_LEAF,Nissan Leaf e+ 62 kW,62000,174,38:55.2,8.1,13.0,350,N,6.125439840277326,-141.88858093340275,128,75,,,,2.0,89.0,36.0,1,112,16,40,4
19/04/2023 11:39,402,37.1,77,18.999998,99.26,-2237,920,3,93,2.33,1809,31,-2.2288964,43.165512,403.55298,30.23154986591587,39:36.3,7,7199.666,0101000020E610000022AAA0ABC7D401C08B2E257E2F954540,20230419_NISSAN_ANDOAIN_AZPEITIA_031,,d3,06:14.2,50:07.4,NISSAN_LEAF,Nissan Leaf e+ 62 kW,62000,174,38:55.2,8.1,13.0,350,N,-9.884511868792982,140.50519590718903,128,75,,,,2.0,89.0,36.0,1,112,16,40,4
19/04/2023 11:39,393,41.0,77,18.999998,99.26,-2255,0,3,93,0.7,2399,31,-2.2295613,43.16606,394.84937,30.31338357509885,39:44.4,7,7199.626,0101000020E61000003DEDF84824D601C0DA17D47E41954540,20230419_NISSAN_ANDOAIN_AZPEITIA_031,,d3,06:14.2,50:07.4,NISSAN_LEAF,Nissan Leaf e+ 62 kW,62000,174,38:55.2,8.1,13.0,350,N,-12.951474532475531,104.9520611940023,128,75,,,,2.0,89.0,36.0,1,112,16,40,4
19/04/2023 11:39,384,59.8,77,18.999998,99.26,-2255,0,3,93,-0.77,3909,31,-2.2298150000000003,43.16701,385.3722,30.421420434829688,39:52.7,7,7200.266,0101000020E61000006D906644A9D601C05F5A68A160954540,20230419_NISSAN_ANDOAIN_AZPEITIA_031,,d3,06:14.2,50:07.4,NISSAN_LEAF,Nissan Leaf e+ 62 kW,62000,174,38:55.2,8.1,13.0,350,N,-12.54693501788224,115.1710501790627,128,75,,,,2.0,89.0,36.0,1,112,16,40,4
19/04/2023 11:40,376,59.2,77,18.999998,99.26,-2267,0,3,93,-1.31,4057,31,-2.2303498,43.168148,378.0559,30.5553870044609,40:00.7,7,7200.335999999999,0101000020E610000066674496C1D701C0C75C45EF85954540,20230419_NISSAN_ANDOAIN_AZPEITIA_031,,d3,06:14.2,50:07.4,NISSAN_LEAF,Nissan Leaf e+ 62 kW,62000,174,38:55.2,8.1,13.0,350,N,-12.207855576137463,120.10474080749694,128,75,,,,2.0,89.0,36.0,1,112,16,40,4
19/04/2023 11:40,370,44.9,77,18.999998,99.26,-2302,0,3,93,-0.14,2903,31,-2.230958,43.169197,371.55917,30.682197174659226,40:09.5,7,7199.533,0101000020E6100000ABAC1A8A00D901C0A7B54F47A8954540,20230419_NISSAN_ANDOAIN_AZPEITIA_031,,d3,06:14.2,50:07.4,NISSAN_LEAF,Nissan Leaf e+ 62 kW,62000,174,38:55.2,8.1,13.0,350,N,-4.285943302766084,170.75016379311597,128,75,,,,2.0,89.0,36.0,1,112,16,40,4
19/04/2023 11:40,363,48.1,77,19.5,99.26,-2311,0,3,92,-0.94,3172,31,-2.2320387000000004,43.169373,365.2031,30.772223284333585,40:16.5,7,7200.455,0101000020E610000019D9702837DB01C01642B608AE954540,20230419_NISSAN_ANDOAIN_AZPEITIA_031,,d3,06:14.2,50:07.4,NISSAN_LEAF,Nissan Leaf e+ 62 kW,62000,174,38:55.2,8.1,13.0,350,N,-1.109707776298472,-174.89684945793084,128,75,,,,2.0,89.0,36.0,1,112,16,40,4
19/04/2023 11:40,355,48.5,77,19.5,99.26,-2333,0,3,92,-3.84,3398,31,-2.233584,43.169235,356.97314,30.898748513657935,40:25.6,7,7200.436,0101000020E61000003C494F4761DE01C02AB3D682A9954540,20230419_NISSAN_ANDOAIN_AZPEITIA_031,,d3,06:14.2,50:07.4,NISSAN_LEAF,Nissan Leaf e+ 62 kW,62000,174,41:46.4,8.1,13.0,350,N,-2.9158349489538726,177.03857512980582,128,75,,,,2.0,89.0,36.0,1,112,16,40,4
19/04/2023 11:40,347,42.3,77,19.5,99.26,-2374,0,3,92,-3.22,2950,31,-2.2349951,43.169308,348.719,31.01377056849692,40:34.6,7,7200.406999999999,0101000020E6100000FD14462245E101C01A67E1D0AB954540,20230419_NISSAN_ANDOAIN_AZPEITIA_031,,d3,06:14.2,50:07.4,NISSAN_LEAF,Nissan Leaf e+ 62 kW,62000,174,41:46.4,8.1,13.0,350,N,-4.216193147357494,171.07546306673834,128,75,,,,2.0,89.0,36.0,1,112,16,40,4
19/04/2023 11:40,339,46.2,77,19.5,99.26,-2402,0,3,92,-2.03,2888,31,-2.2360904,43.16948,341.455,31.104923046962632,40:42.7,7,7200.326999999999,0101000020E61000007C1D6E6183E301C0D0C9FE71B1954540,20230419_NISSAN_ANDOAIN_AZPEITIA_031,,d3,06:14.2,50:07.4,NISSAN_LEAF,Nissan Leaf e+ 62 kW,62000,174,41:46.4,8.1,13.0,350,N,-5.442811452092086,165.24886016077792,128,75,,,,2.0,89.0,36.0,1,112,16,40,4
19/04/2023 11:40,330,43.3,77,19.5,99.26,-2424,0,3,92,-2.58,2977,31,-2.2373931,43.169823,332.87997,31.217569895089984,40:51.7,7,7200.316,0101000020E6100000BC77AD5C2EE601C0F52AF7C0BC954540,20230419_NISSAN_ANDOAIN_AZPEITIA_031,,d3,06:14.2,50:07.4,NISSAN_LEAF,Nissan Leaf e+ 62 kW,62000,174,41:46.4,8.1,13.0,350,N,-9.07912524953413,145.70168399947283,128,75,,,,2.0,89.0,36.0,1,112,16,40,4
19/04/2023 11:41,321,40.5,77,19.5,99.26,-2454,0,3,92,-2.59,2844,31,-2.2381701,43.170353000000006,323.48386,31.30435707173179,40:59.8,7,7200.246999999999,0101000020E6100000C5C329C0C5E701C0F2EFC72BCE954540,20230419_NISSAN_ANDOAIN_AZPEITIA_031,,d3,06:14.2,50:07.4,NISSAN_LEAF,Nissan Leaf e+ 62 kW,62000,174,41:46.4,8.1,13.0,350,N,-12.81265476264484,90.2610928841786,128,75,,,,2.0,89.0,36.0,1,112,16,40,3
19/04/2023 11:41,313,27.9,77,20.0,99.26,-2491,0,3,92,0.0,1996,31,-2.2381737,43.171143,314.90927,31.39261904409769,41:08.8,7,7200.215999999999,0101000020E610000095405DA8C7E701C096206E0EE8954540,20230419_NISSAN_ANDOAIN_AZPEITIA_031,,d3,06:14.2,50:07.4,NISSAN_LEAF,Nissan Leaf e+ 62 kW,62000,174,41:46.4,8.1,13.0,350,N,-0.6554863316738365,-172.89019480230672,128,75,,,,2.0,89.0,36.0,1,112,16,25,3
19/04/2023 11:41,305,42.6,77,20.0,99.26,-2502,0,3,92,-3.14,2758,31,-2.23924,43.17101,306.25543,31.480773046670915,41:16.9,7,7200.136,0101000020E61000003DFDCD93F6E901C036BCEFAEE3954540,20230419_NISSAN_ANDOAIN_AZPEITIA_031,,d3,06:14.2,50:07.4,NISSAN_LEAF,Nissan Leaf e+ 62 kW,62000,174,41:46.4,8.1,13.0,350,N,1.8669187911435403,-161.74325427110236,128,75,,,,2.0,89.0,36.0,1,112,16,40,3
19/04/2023 11:41,298,45.2,77,20.0,99.26,-2523,0,3,92,-2.41,2977,31,-2.2402828,43.170666,299.90692,31.573805673304328,41:24.9,7,7200.136,0101000020E61000003366806A19EC01C0974F9454D8954540,20230419_NISSAN_ANDOAIN_AZPEITIA_031,,d3,06:14.2,50:07.4,NISSAN_LEAF,Nissan Leaf e+ 62 kW,62000,174,41:46.4,8.1,13.0,350,N,1.5464359108335146,-163.16811067022456,128,75,,,,2.0,89.0,36.0,1,112,16,40,3
19/04/2023 11:41,293,32.5,77,20.0,99.26,-2561,0,3,92,-1.47,2441,31,-2.2414827,43.170303,294.7034,31.679281592539546,41:33.9,7,7200.087,0101000020E610000078C9E0878EEE01C06418FD7CCC954540,20230419_NISSAN_ANDOAIN_AZPEITIA_031,,d3,06:14.2,50:07.4,NISSAN_LEAF,Nissan Leaf e+ 62 kW,62000,174,41:46.4,8.1,13.0,350,N,-8.673110764811153,148.15156913774086,128,75,,,,2.0,89.0,36.0,1,112,16,25,3
19/04/2023 11:41,284,33.7,77,20.5,99.26,-2586,0,3,92,-2.77,2280,31,-2.2421894,43.170742,286.90247,31.75496697579288,41:42.0,7,7200.005999999999,0101000020E6100000F915B70A01F001C06C5210D8DA954540,20230419_NISSAN_ANDOAIN_AZPEITIA_031,,d3,06:14.2,50:07.4,NISSAN_LEAF,Nissan Leaf e+ 62 kW,62000,174,41:46.4,8.1,13.0,350,N,-0.7922937275136169,-173.4940950917224,128,75,,,,2.0,89.0,36.0,1,112,16,25,3
19/04/2023 11:41,278,37.8,77,20.5,99.26,-2599,0,3,92,-5.38,2737,31,-2.2432592,43.17062,278.7334,31.84315743570811,41:51.0,7,7199.965999999999,0101000020E61000003552E3D731F201C06EE583D6D6954540,20230419_NISSAN_ANDOAIN_AZPEITIA_031,,d3,06:14.2,50:07.4,NISSAN_LEAF,Nissan Leaf e+ 62 kW,62000,174,41:46.4,8.1,13.0,350,N,-1.963626747510374,-178.68767681573715,128,75,,,,2.0,89.0,36.0,1,112,16,40,3
19/04/2023 11:41,268,46.7,77,20.5,99.26,-2628,0,3,92,-4.47,2787,31,-2.2442632,43.170597,271.7556,31.92491693369246,41:59.1,7,7199.915,0101000020E61000006D95BB3340F401C095F0B82CD6954540,20230419_NISSAN_ANDOAIN_AZPEITIA_031,,d3,06:14.2,50:07.4,NISSAN_LEAF,Nissan Leaf e+ 62 kW,62000,174,41:46.4,8.1,13.0,350,N,7.871339285524701,-132.73605994152334,128,75,,,,2.0,89.0,36.0,1,112,16,40,3
19/04/2023 11:42,262,26.3,77,20.5,99.26,-2671,0,3,92,-2.12,1811,31,-2.244873,43.169937,263.30145,32.01381556898566,42:07.1,7,7199.923000000001,0101000020E61000003F4AB5F17FF501C05705197CC0954540,20230419_NISSAN_ANDOAIN_AZPEITIA_031,,d3,06:14.2,50:07.4,NISSAN_LEAF,Nissan Leaf e+ 62 kW,62000,174,41:46.4,8.1,13.0,350,N,-7.82677346639277,152.9824588821329,128,75,,,,2.0,89.0,36.0,1,112,16,40,3
19/04/2023 11:42,254,44.7,77,20.5,99.26,-2684,7240,3,93,0.64,2449,31,-2.2456045,43.17031,255.74428,32.08659279294659,42:16.1,7,7199.8640000000005,0101000020E6100000B0CEDD70FFF601C0EC6833CACC954540,20230419_NISSAN_ANDOAIN_AZPEITIA_031,,d3,06:14.2,50:07.4,NISSAN_LEAF,Nissan Leaf e+ 62 kW,62000,174,41:46.4,8.1,13.0,350,N,-12.988653845203366,102.39398760966952,128,75,,,,2.0,89.0,36.0,1,112,16,40,3
19/04/2023 11:42,247,43.1,77,21.000002,99.26,-2696,0,3,93,-2.62,3092,31,-2.245837,43.171368,248.58504,32.20595328632343,42:24.2,7,7199.805,0101000020E6100000A8A18A6879F701C054502E5CEF954540,20230419_NISSAN_ANDOAIN_AZPEITIA_031,,d3,06:14.2,50:07.4,NISSAN_LEAF,Nissan Leaf e+ 62 kW,62000,174,41:46.4,8.1,13.0,350,N,-9.684567640300427,141.84375763954117,128,75,,,,2.0,89.0,36.0,1,112,16,40,3
19/04/2023 11:42,238,44.9,78,21.000002,99.26,-2728,0,3,93,-2.77,2929,31,-2.2466083,43.171974,240.11827,32.2982823372027,42:32.2,7,7199.755,0101000020E6100000332363C50DF901C023D9E73D03964540,20230419_NISSAN_ANDOAIN_AZPEITIA_031,,d3,06:14.2,50:07.4,NISSAN_LEAF,Nissan Leaf e+ 62 kW,62000,174,41:46.4,8.1,13.0,350,N,-12.054606699976716,121.98568199015187,128,75,,,,2.0,89.0,36.0,1,112,16,40,3
19/04/2023 11:42,229,45.4,78,21.000002,99.26,-2758,0,3,93,-2.88,3048,31,-2.2471635,43.172863,230.1676,32.40735987324237,42:41.3,7,7199.724,0101000020E61000004697A2EC30FA01C0DB23195F20964540,20230419_NISSAN_ANDOAIN_AZPEITIA_031,,d3,06:14.2,50:07.4,NISSAN_LEAF,Nissan Leaf e+ 62 kW,62000,174,43:32.2,8.1,13.0,350,N,-11.70551765888148,125.78608643466087,128,75,,,,2.0,89.0,36.0,1,112,16,25,3
19/04/2023 11:42,220,47.9,78,21.000002,99.26,-2785,0,3,92,-2.78,3271,31,-2.2477546000000004,43.173683,222.25294,32.510675344672855,42:49.3,7,7199.683000000001,0101000020E6100000438CE8C566FB01C03AE54C4E3B964540,20230419_NISSAN_ANDOAIN_AZPEITIA_031,,d3,06:14.2,50:07.4,NISSAN_LEAF,Nissan Leaf e+ 62 kW,62000,174,43:32.2,8.1,13.0,350,N,-11.765348157027017,125.17310970726156,128,75,,,,2.0,89.0,36.0,1,112,16,25,3
19/04/2023 11:42,211,50.1,78,21.000002,99.26,-2816,0,3,92,-9.42,3489,31,-2.2484713,43.1747,211.54132,32.63827149381993,42:58.4,7,7199.644,0101000020E6100000DA4EC287DEFC01C015E503A65C964540,20230419_NISSAN_ANDOAIN_AZPEITIA_031,,d3,06:14.2,50:07.4,NISSAN_LEAF,Nissan Leaf e+ 62 kW,62000,174,43:32.2,8.1,13.0,350,N,-11.730667958261154,74.4699106844438,128,75,,,,2.0,89.0,36.0,1,112,16,40,3
19/04/2023 11:43,201,26.5,78,21.000002,99.26,-2869,0,3,93,-3.81,2069,31,-2.248279,43.175392,202.76045,32.717272079647,43:06.4,7,7199.594,0101000020E6100000EDE53CB879FC01C09FD6593673964540,20230419_NISSAN_ANDOAIN_AZPEITIA_031,,d3,06:14.2,50:07.4,NISSAN_LEAF,Nissan Leaf e+ 62 kW,62000,174,43:32.2,8.1,13.0,350,N,4.19514317226756,-151.1735106953943,128,75,,,,2.0,89.0,36.0,1,112,16,40,3
19/04/2023 11:43,194,47.5,78,21.000002,99.26,-2877,1200,3,93,-1.09,2746,31,-2.2489095,43.175045,194.67203,32.78183388081137,43:15.4,7,7199.554,0101000020E610000061BC233FC4FD01C0E2D1BCDD67964540,20230419_NISSAN_ANDOAIN_AZPEITIA_031,,d3,06:14.2,50:07.4,NISSAN_LEAF,Nissan Leaf e+ 62 kW,62000,174,43:32.2,8.1,13.0,350,N,11.40249984242125,-108.70367350450104,128,75,,,,2.0,89.0,36.0,1,112,16,40,3
19/04/2023 11:43,186,47.0,78,21.499998,99.26,-2900,0,3,93,-4.16,3223,31,-2.2491949,43.174202,188.77597,32.87856582547714,43:22.5,7,7200.473000000001,0101000020E6100000535AC6E359FE01C020FF3E374C964540,20230419_NISSAN_ANDOAIN_AZPEITIA_031,,d3,06:14.2,50:07.4,NISSAN_LEAF,Nissan Leaf e+ 62 kW,62000,174,43:32.2,8.1,13.0,350,N,11.734270698879826,-105.49322189471523,128,75,,,,2.0,89.0,36.0,1,112,16,40,3
19/04/2023 11:43,177,37.6,78,21.499998,99.26,-2943,0,3,93,-2.39,2659,31,-2.2494283,43.17336,180.89452,32.974410488947505,43:30.5,7,7200.475,0101000020E610000029E1164DD4FE01C0A3B8429130964540,20230419_NISSAN_ANDOAIN_AZPEITIA_031,,d3,06:14.2,50:07.4,NISSAN_LEAF,Nissan Leaf e+ 62 kW,62000,174,43:32.2,8.1,13.0,350,N,12.62350200424423,-93.82295982934752,128,75,,,,2.0,89.0,36.0,1,112,16,40,3
19/04/2023 11:43,166,19.1,78,21.499998,99.26,-2980,0,3,93,-7.0,2051,31,-2.2494855,43.172504,168.93373,33.070453984131156,43:39.6,7,7200.426,0101000020E61000000704954AF2FE01C0982054AF14964540,20230419_NISSAN_ANDOAIN_AZPEITIA_031,,d3,06:14.2,50:07.4,NISSAN_LEAF,Nissan Leaf e+ 62 kW,62000,174,43:32.2,8.1,13.0,350,N,-4.208049874854438,171.11340001461832,128,75,,,,2.0,89.0,36.0,1,112,16,40,3
19/04/2023 11:43,159,52.7,78,21.499998,99.26,-2997,10440,3,94,-0.44,2767,31,-2.2497797000000004,43.17255,161.06091,33.09609268232928,43:47.6,7,7200.386,0101000020E610000053D273888CFF01C0B8CB361316964540,20230419_NISSAN_ANDOAIN_AZPEITIA_031,,d3,06:14.2,50:07.4,NISSAN_LEAF,Nissan Leaf e+ 62 kW,62000,174,43:32.2,8.1,13.0,350,N,-10.627743045172924,135.16282847091696,128,75,,,,2.0,89.0,36.0,1,112,16,40,3
19/04/2023 11:43,151,50.8,78,21.499998,99.26,-3010,0,3,94,-4.61,3706,31,-2.2507854,43.17355,153.79877,33.23418096130739,43:56.7,7,7200.347,0101000020E6100000F530C0B69B0102C0C4F962DD36964540,20230419_NISSAN_ANDOAIN_AZPEITIA_031,,d3,06:14.2,50:07.4,NISSAN_LEAF,Nissan Leaf e+ 62 kW,62000,174,43:32.2,8.1,13.0,350,N,-10.058622206792192,139.309048766047,128,75,,,,2.0,89.0,36.0,1,112,16,40,3
19/04/2023 11:44,141,32.7,78,21.499998,99.26,-3066,0,3,94,-0.98,2466,31,-2.2516053,43.174255,143.43364,33.337493124878684,44:04.7,7,7200.307,0101000020E610000066F7BF97490302C0BF1C2A084E964540,20230419_NISSAN_ANDOAIN_AZPEITIA_031,,d3,06:14.2,50:07.4,NISSAN_LEAF,Nissan Leaf e+ 62 kW,62000,174,43:32.2,8.1,13.0,350,N,-12.985607921579588,102.69629736485352,128,75,,,,2.0,89.0,36.0,1,112,16,40,3
19/04/2023 11:44,132,27.7,78,21.499998,99.26,-3093,0,3,94,-3.92,2312,31,-2.251779,43.175026,134.83746000000002,33.424798056433424,44:12.8,7,7200.226,0101000020E61000006F248CCCA40302C057B8D44267964540,20230419_NISSAN_ANDOAIN_AZPEITIA_031,,d3,06:14.2,50:07.4,NISSAN_LEAF,Nissan Leaf e+ 62 kW,62000,174,43:32.2,8.1,13.0,350,N,-11.6988181045858,74.14611943402907,128,75,,,,2.0,89.0,36.0,1,112,16,40,2
19/04/2023 11:44,128,34.1,78,21.499998,99.26,-3098,0,3,95,1.0,2058,31,-2.2515981,43.175663,129.28885,33.497344787974185,44:21.8,7,7200.217,0101000020E610000076EE51E3450302C0E789D72A7C964540,20230419_NISSAN_ANDOAIN_AZPEITIA_031,,d3,06:14.2,50:07.4,NISSAN_LEAF,Nissan Leaf e+ 62 kW,62000,174,43:32.2,8.1,13.0,350,N,-1.1728113161435445,-175.17604820530897,128,75,,,,2.0,89.0,36.0,1,112,16,55,2
19/04/2023 11:44,124,36.3,78,21.499998,99.26,-3099,2480,3,95,2.5,2277,31,-2.2524157,43.175594,125.78231,33.56417847953701,44:29.8,7,7200.176,0101000020E61000002778F477F20402C078032FD079964540,20230419_NISSAN_ANDOAIN_AZPEITIA_031,,d3,06:14.2,50:07.4,NISSAN_LEAF,Nissan Leaf e+ 62 kW,62000,174,43:32.2,8.1,13.0,350,N,-5.402406643240947,165.4447990396729,128,75,,,,2.0,89.0,36.0,1,112,16,55,2
19/04/2023 11:44,120,52.5,78,21.499998,99.26,-3099,5400,3,95,0.66,3489,31,-2.253652,43.175915,121.69459,33.67067294716049,44:38.9,7,7200.085999999999,0101000020E61000005E577ACC7A0702C0BF02695E84964540,20230419_NISSAN_ANDOAIN_AZPEITIA_031,,d3,06:14.2,50:07.4,NISSAN_LEAF,Nissan Leaf e+ 62 kW,62000,174,43:32.2,8.1,13.0,350,N,-6.35551057907141,160.73264963761014,128,75,,,,2.0,89.0,36.0,1,112,16,8,2
19/04/2023 11:44,118,52.2,78,22.0,99.26,-3099,0,3,94,-0.55,3569,31,-2.2551253,43.17643,118.831474,33.803188298001075,44:48.0,7,7200.036999999999,0101000020E6100000172AB5277F0A02C093EBA24F95964540,20230419_NISSAN_ANDOAIN_AZPEITIA_031,,d3,06:14.2,50:07.4,NISSAN_LEAF,Nissan Leaf e+ 62 kW,62000,174,43:32.2,8.1,13.0,350,N,-6.249843349468781,161.26513363733483,128,75,,,,2.0,89.0,36.0,1,112,16,8,2
19/04/2023 11:44,118,47.6,78,22.0,99.26,-3101,0,3,94,0.5,3299,31,-2.2563725,43.176853,118.517784,33.91472514248124,44:56.0,7,7200.036,0101000020E6100000E9234E080D0D02C0F77CDD26A3964540,20230419_NISSAN_ANDOAIN_AZPEITIA_031,,d3,06:14.2,50:07.4,NISSAN_LEAF,Nissan Leaf e+ 62 kW,62000,174,43:32.2,8.1,13.0,350,N,-6.286052963353459,161.082972631827,128,75,,,,2.0,89.0,36.0,1,112,16,8,2
19/04/2023 11:45,116,43.1,78,22.0,99.26,-3102,0,3,93,-0.34,2984,31,-2.2576418,43.177288,116.4834,34.028467609681734,45:05.0,7,7199.996999999999,0101000020E6100000EF97FE81A60F02C06606456DB1964540,20230419_NISSAN_ANDOAIN_AZPEITIA_031,,d3,06:14.2,50:07.4,NISSAN_LEAF,Nissan Leaf e+ 62 kW,62000,174,43:32.2,8.1,13.0,350,N,-6.437014148686626,160.3200325875208,128,75,,,,2.0,89.0,36.0,1,112,16,55,2
19/04/2023 11:45,117,39.5,78,22.0,99.26,-3105,0,3,93,-3.22,2917,31,-2.2588217,43.17771,117.392426,34.135034231998134,45:14.1,7,7199.906999999999,0101000020E61000003417D015111202C01A0A5148BF964540,20230419_NISSAN_ANDOAIN_AZPEITIA_031,,d3,06:14.2,50:07.4,NISSAN_LEAF,Nissan Leaf e+ 62 kW,62000,174,46:46.4,8.1,13.0,350,N,-8.688717206448532,148.05916488359296,128,75,,,,2.0,89.0,36.0,1,112,16,25,2
19/04/2023 11:45,117,18.0,78,22.0,99.26,-3125,0,3,92,-5.17,1738,31,-2.2595403,43.178158,117.74801,34.21169567511919,45:22.1,7,7199.865,0101000020E6100000AAF01FEC891302C01AA678E4CD964540,20230419_NISSAN_ANDOAIN_AZPEITIA_031,,d3,06:14.2,50:07.4,NISSAN_LEAF,Nissan Leaf e+ 62 kW,62000,174,46:46.4,8.1,13.0,350,N,-12.913372430575912,106.61813283416268,128,75,,,,2.0,89.0,36.0,1,112,16,8,2
19/04/2023 11:45,118,1.6,78,22.0,99.26,-3132,0,3,92,0.0,407,31,-2.2596564,43.178547,117.87899,34.25596330389784,45:31.1,7,7199.855,0101000020E61000006440BEC9C61302C0461965A2DA964540,20230419_NISSAN_ANDOAIN_AZPEITIA_031,,d3,06:14.2,50:07.4,NISSAN_LEAF,Nissan Leaf e+ 62 kW,62000,174,46:46.4,8.1,13.0,350,N,-8.74003434564333,52.2456289083185,128,75,,,,2.0,89.0,36.0,1,112,16,65,2
19/04/2023 11:45,120,32.1,78,22.0,99.26,-3132,10280,3,92,6.08,1674,31,-2.2595263,43.178715,119.603676,34.277486137252374,45:39.2,7,7199.805,0101000020E6100000D42B0979821302C04521B01AE0964540,20230419_NISSAN_ANDOAIN_AZPEITIA_031,,d3,06:14.2,50:07.4,NISSAN_LEAF,Nissan Leaf e+ 62 kW,62000,174,46:46.4,8.1,13.0,350,N,-9.392004237756938,56.25811236777697,128,75,,,,2.0,89.0,36.0,1,112,16,65,2
19/04/2023 11:45,122,42.6,78,22.0,99.26,-3132,5640,3,93,0.0,2765,31,-2.2590153,43.17948,122.43278,34.372147304128816,45:48.3,7,7199.725,0101000020E610000065B8B892761202C08384C63FF9964540,20230419_NISSAN_ANDOAIN_AZPEITIA_031,,d3,06:14.2,50:07.4,NISSAN_LEAF,Nissan Leaf e+ 62 kW,62000,174,46:46.4,8.1,13.0,350,N,-12.603261064357069,85.80847406467406,128,75,,,,2.0,89.0,36.0,1,112,16,65,2
19/04/2023 11:45,123,27.5,78,22.5,99.26,-3140,3200,3,93,0.06,1914,31,-2.2589629,43.180195,123.31337,34.451769996773535,45:57.3,7,7199.655,0101000020E6100000744BFC255B1202C0B4EDE39F10974540,20230419_NISSAN_ANDOAIN_AZPEITIA_031,,d3,06:14.2,50:07.4,NISSAN_LEAF,Nissan Leaf e+ 62 kW,62000,174,46:46.4,8.1,13.0,350,N,-8.158257427532734,151.12979547390498,128,75,,,,2.0,89.0,36.0,1,112,16,65,2
19/04/2023 11:46,124,30.5,78,22.5,99.26,-3140,0,3,93,2.08,1821,31,-2.2594254,43.18045,124.4528,34.49879796985479,46:05.3,7,7199.695,0101000020E6100000C04C2BA94D1302C0C66BBC0819974540,20230419_NISSAN_ANDOAIN_AZPEITIA_031,,d3,06:14.2,50:07.4,NISSAN_LEAF,Nissan Leaf e+ 62 kW,62000,174,46:46.4,8.1,13.0,350,N,12.726692519334774,-68.23056717047338,128,75,,,,2.0,89.0,36.0,1,112,16,65,2
19/04/2023 11:46,123,35.4,78,22.5,99.26,-3140,6160,3,92,1.7,2504,31,-2.2591786,43.179832,123.73876,34.5703744920702,46:13.4,7,7199.643,0101000020E61000009B3DE24FCC1202C0E251C0C304974540,20230419_NISSAN_ANDOAIN_AZPEITIA_031,,d3,06:14.2,50:07.4,NISSAN_LEAF,Nissan Leaf e+ 62 kW,62000,174,46:46.4,8.1,13.0,350,N,12.160995236195443,-100.69722135645245,128,75,,,,2.0,89.0,36.0,1,112,16,65,2
19/04/2023 11:46,123,36.3,78,22.5,99.26,-3142,0,3,92,-2.05,2651,31,-2.259342,43.178967,123.06391,34.66746870460197,46:22.4,7,7199.595,0101000020E61000006B503CDA211302C0F66E9C57E8964540,20230419_NISSAN_ANDOAIN_AZPEITIA_031,,d3,06:14.2,50:07.4,NISSAN_LEAF,Nissan Leaf e+ 62 kW,62000,174,46:46.4,8.1,13.0,350,N,4.136331346213289,-151.44714558105713,128,75,,,,2.0,89.0,36.0,1,112,16,8,2
19/04/2023 11:46,124,23.3,78,22.5,99.26,-3155,3040,3,92,-0.45,1716,31,-2.2600532,43.17858,124.65165,34.73944047556222,46:31.5,7,7199.535,0101000020E610000003BEFCC7961402C075DA5DC1DB964540,20230419_NISSAN_ANDOAIN_AZPEITIA_031,,d3,06:14.2,50:07.4,NISSAN_LEAF,Nissan Leaf e+ 62 kW,62000,174,46:46.4,8.1,13.0,350,N,-7.522156565807452,154.64593895529708,128,75,,,,2.0,89.0,36.0,1,112,16,65,2
19/04/2023 11:46,125,37.2,78,22.5,99.26,-3156,13240,3,91,2.52,2254,31,-2.2605217,43.178802000000005,125.52824,34.784753568876724,46:38.5,7,7200.505,0101000020E610000085E5DC5A8C1502C01304EAF9E2964540,20230419_NISSAN_ANDOAIN_AZPEITIA_031,,d3,06:14.2,50:07.4,NISSAN_LEAF,Nissan Leaf e+ 62 kW,62000,174,46:46.4,8.1,13.0,350,N,-9.061280708446212,145.8114682517344,128,75,,,,2.0,89.0,36.0,1,112,16,25,2
19/04/2023 11:46,125,37.9,78,22.5,99.26,-3156,0,3,91,-1.02,2546,31,-2.2613814,43.179386,125.61601,34.880023130496255,46:47.6,7,7200.414000000001,0101000020E610000013300D1A4F1702C08FD3C41DF6964540,20230419_NISSAN_ANDOAIN_AZPEITIA_031,,d3,06:14.2,50:07.4,NISSAN_LEAF,Nissan Leaf e+ 62 kW,62000,174,46:46.4,8.1,13.0,350,N,-8.195155214124378,150.92061429703622,128,75,,,,2.0,89.0,36.0,1,112,16,8,2
19/04/2023 11:46,126,25.3,78,22.5,99.26,-3167,0,3,91,0.0,1760,31,-2.2620683,43.179768,126.03742,34.95007022355832,46:55.6,7,7200.388000000001,0101000020E610000012DB5740B71802C06832849F02974540,20230419_NISSAN_ANDOAIN_AZPEITIA_031,,d3,06:14.2,50:07.4,NISSAN_LEAF,Nissan Leaf e+ 62 kW,62000,174,46:46.4,8.1,13.0,350,N,-6.881759638986885,158.03736348028534,128,75,,,,2.0,89.0,36.0,1,112,16,25,2
19/04/2023 11:47,125,17.5,78,22.5,99.26,-3169,3320,3,91,1.62,1250,31,-2.2626436,43.18,125.795,35.00337664211625,47:04.7,7,7200.342,0101000020E6100000E8F2FCD8E41902C01B718D3C0A974540,20230419_NISSAN_ANDOAIN_AZPEITIA_031,,d3,06:14.2,50:07.4,NISSAN_LEAF,Nissan Leaf e+ 62 kW,62000,174,46:46.4,8.1,13.0,350,N,-12.848724559033354,108.7492778946437,128,75,,,,2.0,89.0,36.0,1,112,16,25,2
19/04/2023 11:47,123,28.9,78,22.5,99.26,-3169,2920,3,90,1.53,1759,31,-2.2627770000000003,43.180393,123.898056,35.04843496758947,47:12.7,7,7200.347,0101000020E610000088EA1CD82A1A02C0BD1E3A1B17974540,20230419_NISSAN_ANDOAIN_AZPEITIA_031,,d3,06:14.2,50:07.4,NISSAN_LEAF,Nissan Leaf e+ 62 kW,62000,174,46:46.4,8.1,13.0,350,N,-9.941550928807786,59.88339435451378,128,75,,,,2.0,89.0,36.0,1,112,16,25,2
19/04/2023 11:47,125,25.2,78,22.5,99.26,-3170,2320,3,90,-0.72,1773,31,-2.2624307,43.18099,124.98328,35.12052080108744,47:21.7,7,7200.257,0101000020E6100000B989E936751902C063876B9B2A974540,20230419_NISSAN_ANDOAIN_AZPEITIA_031,,d3,06:14.2,50:07.4,NISSAN_LEAF,Nissan Leaf e+ 62 kW,62000,174,46:46.4,8.1,13.0,350,N,-11.181979764907393,130.66631373962107,128,75,,,,2.0,89.0,36.0,1,112,16,25,2
19/04/2023 11:47,126,21.6,78,22.5,99.26,-3173,2440,3,90,-0.08,1197,31,-2.2627795,43.181396,125.81123,35.17379948896979,47:30.8,7,7200.206999999999,0101000020E6100000502F25292C1A02C01AD8340238974540,20230419_NISSAN_ANDOAIN_AZPEITIA_031,,d3,06:14.2,50:07.4,NISSAN_LEAF,Nissan Leaf e+ 62 kW,62000,174,46:46.4,8.1,13.0,350,N,1.3429637284014606,-164.070486504114,128,75,,,,2.0,89.0,36.0,1,112,16,25,2
19/04/2023 11:47,127,15.8,78,22.5,99.26,-3173,6440,3,90,3.19,1132,31,-2.263256,43.18126,127.66847,35.215330951998595,47:38.8,7,7200.177,0101000020E610000012C0AF0F261B02C04AA9187F33974540,20230419_NISSAN_ANDOAIN_AZPEITIA_031,,d3,06:14.2,50:07.4,NISSAN_LEAF,Nissan Leaf e+ 62 kW,62000,174,46:46.4,8.1,13.0,350,N,-0.5002357041095136,-172.20526710822588,128,75,,,,2.0,89.0,36.0,1,112,16,25,2
19/04/2023 11:47,128,30.1,78,22.5,99.26,-3173,7640,3,90,6.48,1351,31,-2.2636797000000004,43.181202,128.30565,35.25029154621982,47:47.8,7,7200.156999999999,0101000020E6100000A0D0FC12041C02C04214649731974540,20230419_NISSAN_ANDOAIN_AZPEITIA_031,,d3,06:14.2,50:07.4,NISSAN_LEAF,Nissan Leaf e+ 62 kW,62000,174,48:32.4,6.9,11.2,10,N,-4.059187833651218,148.75064875936965,128,75,,,,2.0,89.0,36.0,1,112,16,25,2
19/04/2023 11:47,127,36.4,78,22.5,99.26,-3173,0,3,90,-3.84,2596,31,-2.264418,43.18165,128.25996,35.32817064319378,47:55.9,7,7200.076999999999,0101000020E61000000832D725871D02C0E497854D40974540,20230419_NISSAN_ANDOAIN_AZPEITIA_031,,d3,06:14.2,50:07.4,NISSAN_LEAF,Nissan Leaf e+ 62 kW,62000,174,48:32.4,6.9,11.2,10,N,-2.582509994998406,156.66870525677572,128,75,,,,2.0,89.0,36.0,1,112,16,25,2
19/04/2023 11:48,128,18.2,78,22.5,99.26,-3187,0,3,90,-0.69,1640,31,-2.2652457000000004,43.182007,128.41386,35.406143575002325,48:05.0,7,7200.026999999999,0101000020E61000008DC9C621391F02C0F31105F54B974540,20230419_NISSAN_ANDOAIN_AZPEITIA_031,,d3,06:14.2,50:07.4,NISSAN_LEAF,Nissan Leaf e+ 62 kW,62000,174,48:32.4,6.9,11.2,10,N,-2.706713705623943,156.01482273872782,128,75,,,,2.0,89.0,36.0,1,112,16,25,2
19/04/2023 11:48,129,30.0,78,22.5,99.26,-3187,0,3,90,-3.52,2214,31,-2.2658548,43.182278,129.0761,35.46400138505002,48:13.0,7,7199.986999999999,0101000020E610000029E72E73782002C0089C67E854974540,20230419_NISSAN_ANDOAIN_AZPEITIA_031,,d3,06:14.2,50:07.4,NISSAN_LEAF,Nissan Leaf e+ 62 kW,62000,174,48:32.4,6.9,11.2,10,N,-1.5089420996649163,162.25716762746632,128,75,,,,2.0,89.0,36.0,1,112,16,8,2
19/04/2023 11:48,130,13.8,78,22.5,99.26,-3195,0,3,90,-2.58,1199,31,-2.2665330000000004,43.182495,129.40569,35.524052507050456,48:22.0,7,7199.977,0101000020E61000007F4A3708DC2102C09D6B5D085C974540,20230419_NISSAN_ANDOAIN_AZPEITIA_031,,d3,06:14.2,50:07.4,NISSAN_LEAF,Nissan Leaf e+ 62 kW,62000,174,48:32.4,6.9,11.2,10,N,9.18507372013145,-134.90560835502637,128,75,,,,2.0,89.0,36.0,1,112,16,25,2
19/04/2023 11:48,132,0.0,78,22.5,99.26,-3197,0,3,89,0.0,0,31,-2.2666845,43.182343,131.7788,35.545080764797724,48:31.1,7,7199.927,0101000020E6100000AEF7C6732B2202C0E52789F956974540,20230419_NISSAN_ANDOAIN_AZPEITIA_031,,d3,06:14.2,50:07.4,NISSAN_LEAF,Nissan Leaf e+ 62 kW,62000,174,48:32.4,6.9,11.2,10,N,-0.5977400486381961,166.94069097278037,128,75,,,,2.0,89.0,36.0,1,112,16,25,2
19/04/2023 11:48,131,3.9,78,22.5,99.26,-3197,440,3,89,5.88,92,31,-2.2668009,43.18237,131.06177,35.55501053959017,48:40.2,7,7199.815,0101000020E61000007FF8C885682202C02059B9DF57974540,20230419_NISSAN_ANDOAIN_AZPEITIA_031,,d3,06:14.2,50:07.4,NISSAN_LEAF,Nissan Leaf e+ 62 kW,62000,174,48:32.4,6.9,11.2,10,N,9.004524136450145,-136.4885832160568,128,75,,,,2.0,89.0,36.0,1,112,16,25,2
19/04/2023 11:48,133,19.4,78,22.5,99.26,-3197,1120,3,89,0.34,1386,31,-2.2670674,43.182117,132.8157,35.59052694694875,48:48.2,7,7199.755,0101000020E6100000FCBA343CF42202C0D38A8EA24F974540,20230419_NISSAN_ANDOAIN_AZPEITIA_031,,d3,06:14.2,50:07.4,NISSAN_LEAF,Nissan Leaf e+ 62 kW,62000,174,48:32.4,6.9,11.2,10,N,8.681099158366846,-139.18606894649344,128,75,,,,2.0,89.0,36.0,1,112,16,25,2
19/04/2023 11:48,134,31.7,78,22.5,99.26,-3197,4240,3,89,2.27,1944,31,-2.267585,43.18167,134.32323,35.655596720619926,48:58.3,7,7199.714,0101000020E61000008F5CEF97032402C0A4E0F4FE40974540,20230419_NISSAN_ANDOAIN_AZPEITIA_031,,d3,06:14.2,50:07.4,NISSAN_LEAF,Nissan Leaf e+ 62 kW,62000,174,48:32.4,6.9,11.2,10,N,8.557746592288703,-140.1743847664641,128,75,,,,2.0,89.0,36.0,1,112,16,25,2
19/04/2023 11:49,132,35.8,78,22.5,99.26,-3197,2360,3,89,0.0,2520,31,-2.2682877,43.181084000000006,132.3343,35.74217697371497,49:07.3,7,7199.685,0101000020E6100000C0D4B1F5732502C02EA976BA2D974540,20230419_NISSAN_ANDOAIN_AZPEITIA_031,,d3,06:14.2,50:07.4,NISSAN_LEAF,Nissan Leaf e+ 62 kW,62000,174,48:32.4,6.9,11.2,10,N,9.04515140896165,-136.13762420320504,128,75,,,,2.0,89.0,36.0,1,112,16,25,2
19/04/2023 11:49,132,26.0,78,22.5,99.26,-3197,0,3,89,-3.52,2201,31,-2.2688475,43.180546,132.38308999999998,35.81727064262763,49:15.3,7,7199.694,0101000020E6100000EAE9C887992602C04E7CCC271C974540,20230419_NISSAN_ANDOAIN_AZPEITIA_031,,d3,06:14.2,50:07.4,NISSAN_LEAF,Nissan Leaf e+ 62 kW,62000,174,48:32.4,6.9,11.2,10,N,8.024919954980495,-144.2328554599856,128,75,,,,2.0,89.0,36.0,1,112,16,25,2
19/04/2023 11:49,131,28.9,78,22.5,99.26,-3205,2520,3,89,1.75,1615,31,-2.2695305,43.180054,131.08213999999998,35.89512702436875,49:32.4,7,7199.604,0101000020E6100000E2537595FF2702C0A72EE5F10B974540,20230419_NISSAN_ANDOAIN_AZPEITIA_031,,d3,06:14.2,50:07.4,NISSAN_LEAF,Nissan Leaf e+ 62 kW,62000,174,48:32.4,6.9,11.2,10,N,11.149400787304511,-105.44833920674952,128,75,,,,2.0,89.0,36.0,1,112,16,65,2
19/04/2023 11:49,130,31.9,78,22.5,99.26,-3205,3560,3,89,-2.72,1937,31,-2.2696836,43.1795,130.83937,35.957967872923184,49:41.5,7,7199.524,0101000020E61000009243AFDF4F2802C002B794D5F9964540,20230419_NISSAN_ANDOAIN_AZPEITIA_031,,d3,06:14.2,50:07.4,NISSAN_LEAF,Nissan Leaf e+ 62 kW,62000,174,48:32.4,6.9,11.2,10,N,5.367771888500981,-161.3625683301956,128,75,,,,2.0,89.0,36.0,1,112,16,25,2
19/04/2023 11:49,129,32.6,78,22.5,99.26,-3213,9840,3,89,4.16,1787,31,-2.2701669,43.179337,129.33186,36.001170966323805,49:48.5,7,7200.485,0101000020E61000005C17B14C4D2902C0BDF7CD74F4964540,20230419_NISSAN_ANDOAIN_AZPEITIA_031,,d3,06:14.2,50:07.4,NISSAN_LEAF,Nissan Leaf e+ 62 kW,62000,174,48:32.4,6.9,11.2,10,N,4.419566919304216,-166.75870935364708,128,75,,,,2.0,89.0,36.0,1,112,16,25,2
19/04/2023 11:49,130,26.1,78,22.5,99.26,-3214,0,3,89,-1.0,1902,31,-2.2709956,43.179142,129.42743000000002,36.071778117742866,49:56.5,7,7200.475,0101000020E61000008869A9C0FF2A02C05132041EEE964540,20230419_NISSAN_ANDOAIN_AZPEITIA_031,,d3,06:14.2,50:07.4,NISSAN_LEAF,Nissan Leaf e+ 62 kW,62000,174,48:32.4,6.9,11.2,10,N,6.355567060925451,-155.42661334954826,128,75,,,,2.0,89.0,36.0,1,112,16,25,2
19/04/2023 11:50,127,9.8,78,23.0,99.26,-3219,0,3,89,-1.47,1045,31,-2.271562,43.178883,128.59274,36.12599416726537,50:05.6,7,7200.395,0101000020E61000003B0067B0282C02C0BAEA4C90E5964540,20230419_NISSAN_ANDOAIN_AZPEITIA_031,,d3,06:14.2,50:07.4,NISSAN_LEAF,Nissan Leaf e+ 62 kW,62000,174,48:32.4,6.9,11.2,10,N,,,128,75,,,,2.0,89.0,36.0,1,112,16,25,2
