timestamp_data_utc,elv_spy,speed,soc,amb_temp,soh,regenwh,Motor Pwr(w),Aux Pwr(100w),Motor Temp,Torque Nm,rpm,route_id,longitude,latitude,altitude,cumul_dist,timestamp_gps_utc,car_id,time_diff,point_geom,route_code,route_description,driver,start_timestamp,end_timestamp,car_code,car_description,capacity,ref_consumption,timestamp_weather_utc,wind_mph,wind_kph,wind_degree,wind_dir,Frontal_Wind,Veh_deg,totalVehicles,speedAvg,cars_by_speed_interval_0_80,cars_by_speed_interval_80_100,cars_by_speed_interval_100_120,cars_by_speed_interval_0_50,cars_by_speed_interval_50_80,cars_by_speed_interval_80_120,cars_by_speed_interval_120_inf,cars_by_length_interval_0_7,cars_by_length_interval_7_inf,max_speed,radius
19/04/2023 12:48,130,0.0,85,27.0,99.26,0,0,3,88,6.25,21,32,-2.2714534,43.178787,130.25597,0.0,48:13.8,7,7200.206999999999,0101000020E6100000E8D3CBBFEF2B02C00FAF2885E2964540,20230419_NISSAN_AZPEITIA_DONOSTIA_032,,d3,48:13.9,26:13.9,NISSAN_LEAF,Nissan Leaf e+ 62 kW,62000,174,46:56.4,8.1,13,360,N,-6.681393740222234,30.927522051664443,152,71,,,,2.0,121.0,29.0,0,130,22,25,2
19/04/2023 12:48,131,30.9,85,27.0,99.26,0,7920,3,89,1.42,2087,32,-2.2710812,43.17901,131.79109,0.039090387772346503,48:22.9,7,7200.127,0101000020E6100000F1FEB4942C2B02C09611ADCFE9964540,20230419_NISSAN_AZPEITIA_DONOSTIA_032,,d3,48:13.9,26:13.9,NISSAN_LEAF,Nissan Leaf e+ 62 kW,62000,174,46:56.4,8.1,13,360,N,-3.8037082729039047,17.01325574215787,152,71,,,,2.0,121.0,29.0,0,130,22,25,2
19/04/2023 12:48,132,25.6,85,27.0,99.26,-4,0,3,89,-3.09,1896,32,-2.2701988,43.17928,132.15988000000002,0.11668453167383297,48:31.9,7,7200.056,0101000020E6100000058C520C5E2902C0819659A8F2964540,20230419_NISSAN_AZPEITIA_DONOSTIA_032,,d3,48:13.9,26:13.9,NISSAN_LEAF,Nissan Leaf e+ 62 kW,62000,174,46:56.4,8.1,13,360,N,-3.0206975280764947,13.436134162876929,152,71,,,,2.0,121.0,29.0,0,130,22,25,2
19/04/2023 12:48,131,17.2,85,26.499998,99.26,-11,3800,3,89,2.97,1110,32,-2.2697551,43.179386,131.2512,0.15455440766875198,48:40.0,7,7199.9890000000005,0101000020E610000036DFEB62752802C043472812F6964540,20230419_NISSAN_AZPEITIA_DONOSTIA_032,,d3,48:13.9,26:13.9,NISSAN_LEAF,Nissan Leaf e+ 62 kW,62000,174,46:56.4,8.1,13,360,N,-6.657166002292857,30.803123624545535,152,71,,,,2.0,121.0,29.0,0,130,22,25,2
19/04/2023 12:48,131,11.5,85,26.499998,99.26,-13,0,3,90,2.98,904,32,-2.269319,43.179646000000005,131.39967,0.20022996169758522,48:49.1,7,7199.936,0101000020E610000069C2B6C3902702C0B50F5FABFE964540,20230419_NISSAN_AZPEITIA_DONOSTIA_032,,d3,48:13.9,26:13.9,NISSAN_LEAF,Nissan Leaf e+ 62 kW,62000,174,46:56.4,8.1,13,360,N,-4.557312950041832,20.521726097824864,152,71,,,,2.0,121.0,29.0,0,130,22,25,2
19/04/2023 12:48,131,37.5,85,26.499998,99.26,-13,13880,3,90,1.0,1950,32,-2.268953,43.179783,131.0176,0.23359061201414238,48:57.1,7,7199.871,0101000020E61000004A8F9FD1D02602C0E0DBBA1A03974540,20230419_NISSAN_AZPEITIA_DONOSTIA_032,,d3,48:13.9,26:13.9,NISSAN_LEAF,Nissan Leaf e+ 62 kW,62000,174,46:56.4,8.1,13,360,N,3.434235677450905,-15.317757242563752,152,71,,,,2.0,121.0,29.0,0,130,22,65,2
19/04/2023 12:49,133,55.4,85,26.499998,99.26,-13,15960,3,91,4.66,3528,32,-2.2675912,43.17941,133.05125,0.3515618096692457,49:06.2,7,7199.767,0101000020E6100000C0408DE2062402C0534EEADEF6964540,20230419_NISSAN_AZPEITIA_DONOSTIA_032,,d3,48:13.9,26:13.9,NISSAN_LEAF,Nissan Leaf e+ 62 kW,62000,174,46:56.4,8.1,13,360,N,3.8440822959779135,-17.199435493483232,152,71,,,,2.0,121.0,29.0,0,130,22,25,2
19/04/2023 12:49,134,52.4,85,26.499998,99.26,-13,5960,3,92,2.22,3601,32,-2.2660599,43.178936,134.50894,0.4864590139845848,49:15.3,7,7199.715999999999,0101000020E6100000DFC7F605E42002C0F6504F55E7964540,20230419_NISSAN_AZPEITIA_DONOSTIA_032,,d3,48:13.9,26:13.9,NISSAN_LEAF,Nissan Leaf e+ 62 kW,62000,174,51:30.1,8.1,13,360,N,3.9743987161870855,-17.801665283384747,152,71,,,,2.0,121.0,29.0,0,130,22,25,2
19/04/2023 12:49,136,25.8,85,26.499998,99.26,-32,0,3,92,-3.83,2120,32,-2.2649076,43.178566,136.32945,0.5885674220703243,49:24.3,7,7199.679,0101000020E6100000C54151EA871E02C06479DB39DB964540,20230419_NISSAN_AZPEITIA_DONOSTIA_032,,d3,48:13.9,26:13.9,NISSAN_LEAF,Nissan Leaf e+ 62 kW,62000,174,51:30.1,8.1,13,360,N,3.737771072807324,-16.709591100891412,152,71,,,,2.0,121.0,29.0,0,130,22,65,2
19/04/2023 12:49,137,31.0,85,26.499998,99.26,-37,2400,3,93,0.03,1957,32,-2.264298,43.178383,137.85297,0.6420438588140394,49:32.4,7,7199.6,0101000020E6100000CDD7C432481D02C0CBBFD53CD5964540,20230419_NISSAN_AZPEITIA_DONOSTIA_032,,d3,48:13.9,26:13.9,NISSAN_LEAF,Nissan Leaf e+ 62 kW,62000,174,51:30.1,8.1,13,360,N,3.523312863972344,-15.725213852669365,152,71,,,,2.0,121.0,29.0,0,130,22,65,2
19/04/2023 12:49,138,28.3,85,26.000002,99.26,-44,0,3,93,-0.86,2005,32,-2.2634172,43.178135,138.428,0.718605871447531,49:40.4,7,7199.551,0101000020E61000006599AA8B7A1B02C046004A15CD964540,20230419_NISSAN_AZPEITIA_DONOSTIA_032,,d3,48:13.9,26:13.9,NISSAN_LEAF,Nissan Leaf e+ 62 kW,62000,174,51:30.1,8.1,13,360,N,4.016136106055987,-17.99497281606498,152,71,,,,2.0,121.0,29.0,0,130,22,25,2
19/04/2023 12:49,138,27.2,85,26.000002,99.26,-47,40,3,93,-0.25,1967,32,-2.2627122,43.177906,138.9897,0.7811893092603234,49:48.5,7,7200.51,0101000020E61000008E2154E0081A02C0EF4FD396C5964540,20230419_NISSAN_AZPEITIA_DONOSTIA_032,,d3,48:13.9,26:13.9,NISSAN_LEAF,Nissan Leaf e+ 62 kW,62000,174,51:30.1,8.1,13,360,N,10.016764286526485,-50.40063702568749,152,71,,,,2.0,121.0,29.0,0,130,22,65,2
19/04/2023 12:49,138,27.8,85,26.000002,99.26,-47,1960,3,93,0.0,1907,32,-2.2623267000000005,43.17744,138.53,0.8417064949143601,49:57.5,7,7200.47,0101000020E6100000B130EAB83E1902C0B6B3356AB6964540,20230419_NISSAN_AZPEITIA_DONOSTIA_032,,d3,48:13.9,26:13.9,NISSAN_LEAF,Nissan Leaf e+ 62 kW,62000,174,51:30.1,8.1,13,360,N,9.2307692307889,-45.23972989620396,152,71,,,,2.0,121.0,29.0,0,130,22,65,2
19/04/2023 12:50,139,33.0,85,26.000002,99.26,-47,0,3,93,0.47,1970,32,-2.261934,43.177044,139.40134,0.896054173939327,50:05.6,7,7200.41,0101000020E6100000FE6392EF701802C03949E46AA9964540,20230419_NISSAN_AZPEITIA_DONOSTIA_032,,d3,48:13.9,26:13.9,NISSAN_LEAF,Nissan Leaf e+ 62 kW,62000,174,51:30.1,8.1,13,360,N,-8.053414419503046,38.27915052136894,152,71,,,,2.0,121.0,29.0,0,130,22,65,2
19/04/2023 12:50,138,29.0,85,26.000002,99.26,-48,120,3,92,-0.88,1978,32,-2.2613435,43.17751,138.27397,0.9666160203801598,50:13.6,7,7200.363,0101000020E61000001933AA4C3B1702C01B1ED590B8964540,20230419_NISSAN_AZPEITIA_DONOSTIA_032,,d3,48:13.9,26:13.9,NISSAN_LEAF,Nissan Leaf e+ 62 kW,62000,174,51:30.1,8.1,13,360,N,-6.02118087899194,27.591706928784127,152,71,,,,2.0,121.0,29.0,0,130,22,8,2
19/04/2023 12:50,133,21.4,85,25.5,99.26,-54,0,3,92,-5.64,2049,32,-2.260337,43.178036,134.54005,1.06709352265629,50:25.7,7,7200.31,0101000020E6100000BC85A8922B1502C06D1BACD5C9964540,20230419_NISSAN_AZPEITIA_DONOSTIA_032,,d3,48:13.9,26:13.9,NISSAN_LEAF,Nissan Leaf e+ 62 kW,62000,174,51:30.1,8.1,13,360,N,-7.148174272295721,33.3573786920565,152,71,,,,2.0,121.0,29.0,0,130,22,65,2
19/04/2023 12:50,132,27.8,85,25.5,99.26,-65,1120,3,92,4.25,1793,32,-2.2596428,43.178493,132.99802,1.142943655987612,50:38.8,7,7200.210999999999,0101000020E61000002D151892BF1302C05BA379EBD8964540,20230419_NISSAN_AZPEITIA_DONOSTIA_032,,d3,48:13.9,26:13.9,NISSAN_LEAF,Nissan Leaf e+ 62 kW,62000,174,51:30.1,8.1,13,360,N,-10.025585246107164,50.46166828373601,152,71,,,,2.0,121.0,29.0,0,130,22,65,2
19/04/2023 12:50,133,41.5,84,25.5,99.26,-65,4040,3,93,-0.78,2838,32,-2.25915,43.17909,132.98535,1.2204257811994492,50:46.8,7,7200.181,0101000020E6100000AD4FAA31BD1202C0387DC76DEC964540,20230419_NISSAN_AZPEITIA_DONOSTIA_032,,d3,48:13.9,26:13.9,NISSAN_LEAF,Nissan Leaf e+ 62 kW,62000,174,51:30.1,8.1,13,360,N,-12.95699891717188,85.33850272074612,152,71,,,,2.0,121.0,29.0,0,130,22,8,2
19/04/2023 12:50,133,26.2,84,25.5,99.26,-77,0,3,93,3.3,1768,32,-2.2590811,43.179935,134.09798,1.3145580144106777,50:55.9,7,7200.12,0101000020E61000002AD4CB26991202C04CFBF42708974540,20230419_NISSAN_AZPEITIA_DONOSTIA_032,,d3,48:13.9,26:13.9,NISSAN_LEAF,Nissan Leaf e+ 62 kW,62000,174,51:30.1,8.1,13,360,N,-12.91768806941372,83.5490040991113,152,71,,,,2.0,121.0,29.0,0,130,22,65,2
19/04/2023 12:51,133,36.4,84,25.5,99.26,-77,5680,3,93,3.36,2158,32,-2.259024,43.18044,133.5874,1.370904311444688,51:03.9,7,7200.071999999999,0101000020E61000005CD3A5167B1202C0C8A0FA9518974540,20230419_NISSAN_AZPEITIA_DONOSTIA_032,,d3,48:13.9,26:13.9,NISSAN_LEAF,Nissan Leaf e+ 62 kW,62000,174,51:30.1,8.1,13,360,N,-8.510416748885783,139.1070774384758,152,71,,,,2.0,121.0,29.0,0,130,22,65,2
19/04/2023 12:51,133,57.7,84,25.5,99.26,-77,19560,3,93,1.88,3652,32,-2.2598069,43.181118,133.3205,1.4694611836063498,51:13.0,7,7200.02,0101000020E6100000E62E9B90151402C02B79F4E32E974540,20230419_NISSAN_AZPEITIA_DONOSTIA_032,,d3,48:13.9,26:13.9,NISSAN_LEAF,Nissan Leaf e+ 62 kW,62000,174,51:30.1,8.1,13,360,N,-11.682080889067109,116.02252901887104,152,71,,,,2.0,121.0,29.0,0,130,22,65,2
19/04/2023 12:51,138,55.1,84,25.5,99.26,-77,0,3,93,2.47,3910,32,-2.2603498,43.18223,137.85545,1.6007901150560528,51:21.0,7,7199.974,0101000020E61000000FB3B341321502C0AC3B235D53974540,20230419_NISSAN_AZPEITIA_DONOSTIA_032,,d3,48:13.9,26:13.9,NISSAN_LEAF,Nissan Leaf e+ 62 kW,62000,174,51:30.1,8.1,13,360,N,-12.886478391655483,82.42257291083426,152,71,,,,2.0,121.0,29.0,0,130,22,65,2
19/04/2023 12:51,138,57.0,84,25.5,99.26,-77,7160,3,94,-0.52,3966,32,-2.2602048,43.18332,138.74548,1.7225647028090327,51:29.1,7,7199.918000000001,0101000020E61000000FD90340E61402C0BCF1FF0077974540,20230419_NISSAN_AZPEITIA_DONOSTIA_032,,d3,48:13.9,26:13.9,NISSAN_LEAF,Nissan Leaf e+ 62 kW,62000,174,51:30.1,8.1,13,360,N,-12.959943072409082,85.5009962943978,152,71,,,,2.0,121.0,29.0,0,130,22,65,1
19/04/2023 12:51,139,13.4,84,25.5,99.26,-96,0,3,94,-3.17,1568,32,-2.2601151,43.18446,139.46251,1.849537404870205,51:38.2,7,7199.8240000000005,0101000020E6100000442DCB47B71402C0B762E9619C974540,20230419_NISSAN_AZPEITIA_DONOSTIA_032,,d3,48:13.9,26:13.9,NISSAN_LEAF,Nissan Leaf e+ 62 kW,62000,174,51:30.1,8.1,13,360,N,-12.25671972554164,109.46854714751451,152,71,,,,2.0,121.0,29.0,0,130,22,65,1
19/04/2023 12:51,141,55.2,84,25.5,99.26,-96,29840,3,94,2.38,3261,32,-2.260312,43.185017,140.95042,1.9135146354992112,51:46.2,7,7199.771,0101000020E610000048E6077E1E1502C07CEEECAEAE974540,20230419_NISSAN_AZPEITIA_DONOSTIA_032,,d3,48:13.9,26:13.9,NISSAN_LEAF,Nissan Leaf e+ 62 kW,62000,174,51:56.5,8.1,13,360,N,-12.448439574852394,106.74981825180596,152,71,,,,2.0,121.0,29.0,0,130,22,65,1
19/04/2023 12:51,142,62.4,84,25.5,99.26,-96,9280,3,95,2.2,4194,32,-2.260656,43.18616,142.00742,2.043638939783842,51:54.3,7,7199.736999999999,0101000020E61000003BFF80E7D21502C0D8BDC414D4974540,20230419_NISSAN_AZPEITIA_DONOSTIA_032,,d3,48:13.9,26:13.9,NISSAN_LEAF,Nissan Leaf e+ 62 kW,62000,174,51:56.5,8.1,13,360,N,-12.664002784382037,103.05490311738014,152,71,,,,2.0,121.0,29.0,0,130,22,65,1
19/04/2023 12:52,140,49.5,84,25.5,99.26,-115,0,3,96,1.81,3476,32,-2.2609215,43.187305,140.7293,2.1727702738726467,52:02.3,7,7199.686,0101000020E6100000A0ACF6FD5D1602C0B08C71A7F9974540,20230419_NISSAN_AZPEITIA_DONOSTIA_032,,d3,48:13.9,26:13.9,NISSAN_LEAF,Nissan Leaf e+ 62 kW,62000,174,51:56.5,8.1,13,360,N,-10.030303405179168,50.49434505871752,152,71,,,,2.0,121.0,29.0,0,130,22,65,1
19/04/2023 12:52,136,70.3,84,25.5,99.26,-115,2240,3,96,-0.91,4683,32,-2.2599692000000005,43.18846,137.19727,2.322662297716325,52:11.4,7,7199.627,0101000020E6100000FD5084BA6A1402C09FFEA4791F984540,20230419_NISSAN_AZPEITIA_DONOSTIA_032,,d3,48:13.9,26:13.9,NISSAN_LEAF,Nissan Leaf e+ 62 kW,62000,174,51:56.5,8.1,13,360,N,-10.114044431990283,51.07813197983141,152,71,,,,2.0,121.0,29.0,0,130,22,25,1
19/04/2023 12:52,132,75.4,84,25.5,99.26,-122,12720,3,96,-0.5,5018,32,-2.2589824,43.189682,133.03722,2.480399583958209,52:19.4,7,7199.578,0101000020E6100000E92F7E65651202C0B55E407347984540,20230419_NISSAN_AZPEITIA_DONOSTIA_032,,d3,48:13.9,26:13.9,NISSAN_LEAF,Nissan Leaf e+ 62 kW,62000,174,51:56.5,8.1,13,360,N,-12.910019128736334,83.25484598058142,152,71,,,,2.0,121.0,29.0,0,130,22,65,1
19/04/2023 12:52,128,78.4,84,25.5,99.26,-122,10080,3,96,2.92,5253,32,-2.2587798,43.191395,128.9294,2.6716274633338903,52:28.5,7,7199.505999999999,0101000020E6100000E827CD1CFB1102C0161366AB7F984540,20230419_NISSAN_AZPEITIA_DONOSTIA_032,,d3,48:13.9,26:13.9,NISSAN_LEAF,Nissan Leaf e+ 62 kW,62000,174,51:56.5,8.1,13,360,N,-11.54444798583191,117.37271215506658,152,71,,,,2.0,121.0,29.0,0,130,22,25,1
19/04/2023 12:52,125,88.3,84,25.5,99.26,-122,15320,3,96,3.45,5800,32,-2.2594829,43.192753,126.503586,2.8330480021001363,52:35.5,7,7200.462,0101000020E6100000EABCCEC56B1302C0D1D5D32DAC984540,20230419_NISSAN_AZPEITIA_DONOSTIA_032,,d3,48:13.9,26:13.9,NISSAN_LEAF,Nissan Leaf e+ 62 kW,62000,174,51:56.5,8.1,13,360,N,-11.997755318300296,67.35442673577224,152,71,,,,2.0,121.0,29.0,0,130,22,25,1
19/04/2023 12:52,125,87.6,84,25.5,99.26,-122,12840,3,96,3.14,5803,32,-2.2587040000000003,43.19462,125.91498,3.05003980557881,52:44.6,7,7200.437,0101000020E610000093984E5CD31102C04458FA3BE9984540,20230419_NISSAN_AZPEITIA_DONOSTIA_032,,d3,48:13.9,26:13.9,NISSAN_LEAF,Nissan Leaf e+ 62 kW,62000,174,51:56.5,8.1,13,360,N,-7.625969908986685,35.91702793147342,152,71,,,,2.0,121.0,29.0,0,130,22,8,1
19/04/2023 12:52,124,86.7,84,25.5,99.26,-122,0,3,96,1.11,5787,32,-2.2568057,43.195995,124.47745,3.266969460124749,52:53.6,7,7200.368,0101000020E61000000133DD10F00D02C03109635C16994540,20230419_NISSAN_AZPEITIA_DONOSTIA_032,,d3,48:13.9,26:13.9,NISSAN_LEAF,Nissan Leaf e+ 62 kW,62000,174,51:56.5,8.1,13,360,N,-11.118695210753067,58.791151362822966,152,71,,,,2.0,121.0,29.0,0,130,22,65,1
19/04/2023 12:53,121,91.4,84,25.0,99.26,-122,7680,3,96,1.16,6028,32,-2.256089,43.197178,123.037605,3.410778642149761,53:02.4,7,7200.592,0101000020E6100000533BE562780C02C0630003173D994540,20230419_NISSAN_AZPEITIA_DONOSTIA_032,,d3,48:13.9,26:13.9,NISSAN_LEAF,Nissan Leaf e+ 62 kW,62000,174,51:56.5,8.1,13,360,N,-12.452179883745494,106.69252213873114,152,71,,,,2.0,121.0,29.0,0,130,22,8,1
19/04/2023 12:53,122,90.4,84,25.0,99.26,-122,20280,3,96,3.45,5928,32,-2.2567925,43.199524,122.37982,3.6778030019532113,53:10.7,7,7200.309,0101000020E6100000C9BC6946E90D02C0DE7E3E078A994540,20230419_NISSAN_AZPEITIA_DONOSTIA_032,,d3,48:13.9,26:13.9,NISSAN_LEAF,Nissan Leaf e+ 62 kW,62000,174,51:56.5,8.1,13,360,N,-12.709333140425828,102.13881379993988,152,71,,,,2.0,121.0,29.0,0,130,22,8,1
19/04/2023 12:53,120,84.6,84,25.0,99.26,-124,3680,3,95,-1.48,6021,32,-2.2571745,43.2013,121.36383,3.8777004865477007,53:18.8,7,7200.218000000001,0101000020E610000074ADC182B10E02C0AB065434C4994540,20230419_NISSAN_AZPEITIA_DONOSTIA_032,,d3,48:13.9,26:13.9,NISSAN_LEAF,Nissan Leaf e+ 62 kW,62000,174,51:56.5,8.1,13,360,N,-10.210726415916492,51.76143689886485,152,71,,,,2.0,121.0,29.0,0,130,22,25,2
19/04/2023 12:53,121,75.7,84,25.0,99.26,-132,0,3,95,2.92,5158,32,-2.2559452,43.20286,121.805725,4.0777461280210785,53:27.8,7,7200.178000000001,0101000020E6100000F8FD36022D0C02C019C11353F7994540,20230419_NISSAN_AZPEITIA_DONOSTIA_032,,d3,48:13.9,26:13.9,NISSAN_LEAF,Nissan Leaf e+ 62 kW,62000,174,51:56.5,8.1,13,360,N,-3.848097626458594,17.21796189416716,152,71,,,,2.0,121.0,29.0,0,130,22,65,2
19/04/2023 12:53,122,77.4,84,25.0,99.26,-132,20920,3,95,4.09,5039,32,-2.2540736,43.20344,122.0293,4.24258596510146,53:35.8,7,7200.17,0101000020E6100000233826B8570802C01F694E5E0A9A4540,20230419_NISSAN_AZPEITIA_DONOSTIA_032,,d3,48:13.9,26:13.9,NISSAN_LEAF,Nissan Leaf e+ 62 kW,62000,174,51:56.5,8.1,13,360,N,-8.60037191246478,41.41949625355103,152,71,,,,2.0,121.0,29.0,0,130,22,65,2
19/04/2023 12:53,126,84.5,84,25.0,99.26,-132,19240,3,96,3.56,5695,32,-2.25271,43.204643,125.879906,4.416148254771427,53:44.0,7,7200.036,0101000020E6100000C000F5D28C0502C089772BC3319A4540,20230419_NISSAN_AZPEITIA_DONOSTIA_032,,d3,48:13.9,26:13.9,NISSAN_LEAF,Nissan Leaf e+ 62 kW,62000,174,51:56.5,8.1,13,360,N,-8.506004736875214,40.86720395094167,152,71,,,,2.0,121.0,29.0,0,130,22,65,2
19/04/2023 12:53,132,56.6,84,25.0,99.26,-153,0,3,96,-1.31,4582,32,-2.2512572,43.2059,131.03183,4.598981238146078,53:52.0,7,7200.962,0101000020E610000035CE621C930202C027C779D25A9A4540,20230419_NISSAN_AZPEITIA_DONOSTIA_032,,d3,48:13.9,26:13.9,NISSAN_LEAF,Nissan Leaf e+ 62 kW,62000,174,51:56.5,8.1,13,360,N,-12.866573426879546,81.7840219104932,152,71,,,,2.0,121.0,29.0,0,130,22,8,2
19/04/2023 12:54,135,65.1,84,25.0,99.26,-162,16120,3,96,-0.67,4086,32,-2.25109,43.207058,134.68378,4.728507582565688,54:01.0,7,7200.035,0101000020E610000088038E823B0202C0B27C55D7809A4540,20230419_NISSAN_AZPEITIA_DONOSTIA_032,,d3,48:13.9,26:13.9,NISSAN_LEAF,Nissan Leaf e+ 62 kW,62000,174,51:56.5,8.1,13,360,N,-3.348942064115342,165.07164984276304,152,71,,,,2.0,121.0,29.0,0,130,22,8,2
19/04/2023 12:54,137,37.0,84,25.0,99.26,-190,0,3,96,-9.03,3403,32,-2.2529504,43.207554,136.66451999999998,4.8890716198645405,54:10.1,7,7199.946999999999,0101000020E610000086854BEB0A0602C0A5136A1F919A4540,20230419_NISSAN_AZPEITIA_DONOSTIA_032,,d3,48:13.9,26:13.9,NISSAN_LEAF,Nissan Leaf e+ 62 kW,62000,174,51:56.5,8.1,13,360,N,-6.91715837957508,147.8532837199265,152,71,,,,2.0,121.0,29.0,0,130,22,65,2
19/04/2023 12:54,137,42.2,84,25.0,99.26,-218,9320,3,96,5.12,2356,32,-2.2536235,43.207977,137.15366,4.961103528623947,54:18.1,7,7199.901999999999,0101000020E6100000B40344C66B0702C07FA605F49E9A4540,20230419_NISSAN_AZPEITIA_DONOSTIA_032,,d3,48:13.9,26:13.9,NISSAN_LEAF,Nissan Leaf e+ 62 kW,62000,174,56:30.1,8.1,13,360,N,-1.4533113107830615,173.5813052511904,152,71,,,,2.0,121.0,29.0,0,130,22,65,2
19/04/2023 12:54,134,63.3,84,25.0,99.26,-218,1640,3,97,-1.33,4212,32,-2.2551613,43.20815,135.33608999999998,5.087226364311186,54:27.1,7,7199.871,0101000020E61000000FE2A409920A02C039118E96A49A4540,20230419_NISSAN_AZPEITIA_DONOSTIA_032,,d3,48:13.9,26:13.9,NISSAN_LEAF,Nissan Leaf e+ 62 kW,62000,174,56:30.1,8.1,13,360,N,-7.931675882489165,142.40117512737837,152,71,,,,2.0,121.0,29.0,0,130,22,8,2
19/04/2023 12:54,133,81.6,84,25.0,99.26,-227,23800,3,97,6.19,4917,32,-2.256443,43.209137,133.32477,5.238353360860712,54:35.2,7,7199.764,0101000020E61000006F9A40F4310D02C015D5790EC59A4540,20230419_NISSAN_AZPEITIA_DONOSTIA_032,,d3,48:13.9,26:13.9,NISSAN_LEAF,Nissan Leaf e+ 62 kW,62000,174,56:30.1,8.1,13,360,N,-12.322796499774377,108.5750124068283,152,71,,,,2.0,121.0,29.0,0,130,22,8,2
19/04/2023 12:54,129,97.3,83,25.0,99.26,-227,18560,3,97,-1.44,6440,32,-2.2570405,43.210915,130.30428,5.441924244061336,54:43.2,7,7199.76,0101000020E6100000B43B7B4C6B0E02C0BDC13C48FF9A4540,20230419_NISSAN_AZPEITIA_DONOSTIA_032,,d3,48:13.9,26:13.9,NISSAN_LEAF,Nissan Leaf e+ 62 kW,62000,174,56:30.1,8.1,13,360,N,-12.03500625801641,112.215291330155,152,71,,,,2.0,121.0,29.0,0,130,22,8,3
19/04/2023 12:54,123,77.6,83,25.0,99.26,-267,0,3,98,-1.47,5348,32,-2.2578132,43.212807,124.45289,5.661505015052947,54:52.3,7,7199.696999999999,0101000020E61000005923695C001002C084591E453D9B4540,20230419_NISSAN_AZPEITIA_DONOSTIA_032,,d3,48:13.9,26:13.9,NISSAN_LEAF,Nissan Leaf e+ 62 kW,62000,174,56:30.1,8.1,13,360,N,-8.36546989164228,139.9468697930169,152,71,,,,2.0,121.0,29.0,0,130,22,8,3
19/04/2023 12:55,121,71.9,84,25.0,99.26,-282,0,3,98,1.7,4762,32,-2.2591288,43.213913,122.29741,5.8242812349931485,55:00.4,7,7199.645,0101000020E6100000EAD8FE12B21202C0DD019372619B4540,20230419_NISSAN_AZPEITIA_DONOSTIA_032,,d3,48:13.9,26:13.9,NISSAN_LEAF,Nissan Leaf e+ 62 kW,62000,174,56:30.1,8.1,13,360,N,-12.857138217697218,81.49797244305775,152,71,,,,2.0,121.0,29.0,0,130,22,8,3
19/04/2023 12:55,120,77.5,83,25.0,99.26,-282,16560,3,98,4.34,5204,32,-2.2588956,43.215473,120.57491,5.998780213551197,55:09.4,7,7199.621,0101000020E6100000A60EAFDD371202C0501543A4949B4540,20230419_NISSAN_AZPEITIA_DONOSTIA_032,,d3,48:13.9,26:13.9,NISSAN_LEAF,Nissan Leaf e+ 62 kW,62000,174,56:30.1,8.1,13,360,N,-9.11548825896696,44.5226688793238,152,71,,,,2.0,121.0,29.0,0,130,22,25,3
19/04/2023 12:55,116,73.3,83,25.0,99.26,-282,0,3,98,0.55,5422,32,-2.2575218999999995,43.216824,116.9499,6.1857895621984005,55:17.4,7,7199.57,0101000020E6100000259ABCA3670F02C088D4C0D0C09B4540,20230419_NISSAN_AZPEITIA_DONOSTIA_032,,d3,48:13.9,26:13.9,NISSAN_LEAF,Nissan Leaf e+ 62 kW,62000,174,56:30.1,8.1,13,360,N,-11.54692474908572,62.65103931736381,152,71,,,,2.0,121.0,29.0,0,130,22,40,3
19/04/2023 12:55,113,82.1,83,25.0,99.26,-282,3520,3,97,1.56,5236,32,-2.256729,43.218357,114.11327,6.3679806849374785,55:26.5,7,7199.528,0101000020E610000023CD6EE2C70D02C04FED6421F39B4540,20230419_NISSAN_AZPEITIA_DONOSTIA_032,,d3,48:13.9,26:13.9,NISSAN_LEAF,Nissan Leaf e+ 62 kW,62000,174,56:30.1,8.1,13,360,N,-12.872254367721142,98.03887475914595,152,71,,,,2.0,121.0,29.0,0,130,22,65,3
19/04/2023 12:55,112,88.8,83,25.0,99.26,-282,9320,3,97,1.62,5927,32,-2.256965,43.220028000000006,112.53028,6.554775639897385,55:34.5,7,7199.515,0101000020E610000075DDA49D430E02C0F746D7ED299C4540,20230419_NISSAN_AZPEITIA_DONOSTIA_032,,d3,48:13.9,26:13.9,NISSAN_LEAF,Nissan Leaf e+ 62 kW,62000,174,56:30.1,8.1,13,360,N,-12.88246148681991,97.71052259675092,152,71,,,,2.0,121.0,29.0,0,130,22,65,4
19/04/2023 12:55,109,84.8,83,25.0,99.26,-283,0,3,97,-0.52,5931,32,-2.2572083,43.221825,109.86603,6.755580790336938,55:42.5,7,7200.456999999999,0101000020E61000009EFC283AC30E02C05E91B3CC649C4540,20230419_NISSAN_AZPEITIA_DONOSTIA_032,,d3,48:13.9,26:13.9,NISSAN_LEAF,Nissan Leaf e+ 62 kW,62000,174,56:30.1,8.1,13,360,N,-12.200474210095235,110.19917142208804,152,71,,,,2.0,121.0,29.0,0,130,22,8,4
19/04/2023 12:55,108,50.9,83,25.0,99.26,-323,0,3,97,-7.78,4265,32,-2.2577598,43.223324,108.19262,6.928156353355255,55:50.6,7,7200.414000000001,0101000020E61000000BC6D761E40F02C0A3332FDA959C4540,20230419_NISSAN_AZPEITIA_DONOSTIA_032,,d3,48:13.9,26:13.9,NISSAN_LEAF,Nissan Leaf e+ 62 kW,62000,174,56:30.1,8.1,13,360,N,-12.05081786274962,112.0302435580872,156,67,,,,6.0,134.0,16.0,0,127,29,65,3
19/04/2023 12:56,105,17.4,83,25.0,99.26,-365,0,3,97,-3.56,1690,32,-2.2581086,43.224186,105.67632,7.028117813714249,55:59.6,7,7200.363,0101000020E61000006E56C83F9B1002C06BB6EF20B29C4540,20230419_NISSAN_AZPEITIA_DONOSTIA_032,,d3,48:13.9,26:13.9,NISSAN_LEAF,Nissan Leaf e+ 62 kW,62000,174,56:30.1,8.1,13,360,N,-11.357710070743616,119.11204010980865,156,67,,,,6.0,134.0,16.0,0,127,29,65,3
19/04/2023 12:56,104,36.3,83,25.0,99.26,-367,4160,3,97,2.72,2306,32,-2.2583113,43.22455,104.73419,7.071808214725744,56:07.7,7,7200.338000000001,0101000020E610000026DAC382051102C0D38CB3F1BD9C4540,20230419_NISSAN_AZPEITIA_DONOSTIA_032,,d3,48:13.9,26:13.9,NISSAN_LEAF,Nissan Leaf e+ 62 kW,62000,174,56:30.1,8.1,13,360,N,-12.05160683526891,112.02097129742069,156,67,,,,6.0,134.0,16.0,0,127,29,65,3
19/04/2023 12:56,103,54.0,83,25.0,99.26,-367,9760,3,97,5.0,3272,32,-2.2586656,43.225426,104.00822,7.1733596399014905,56:16.7,7,7200.285,0101000020E6100000F0BD4F38BF1102C02B35FBC5DA9C4540,20230419_NISSAN_AZPEITIA_DONOSTIA_032,,d3,48:13.9,26:13.9,NISSAN_LEAF,Nissan Leaf e+ 62 kW,62000,174,56:30.1,8.1,13,360,N,-12.251749083295016,109.5341718662384,156,67,,,,6.0,134.0,16.0,0,127,29,8,3
19/04/2023 12:56,103,63.7,83,25.0,99.26,-367,0,3,97,-1.36,4468,32,-2.2590878,43.226616,103.232414,7.310034018852256,56:24.8,7,7200.238,0101000020E6100000E8ADA4A59C1202C093F950B2019D4540,20230419_NISSAN_AZPEITIA_DONOSTIA_032,,d3,48:13.9,26:13.9,NISSAN_LEAF,Nissan Leaf e+ 62 kW,62000,174,56:30.1,8.1,13,360,N,-12.99577556751963,91.4607029350462,156,67,,,,6.0,134.0,16.0,0,127,29,65,3
19/04/2023 12:56,101,52.3,83,25.0,99.26,-389,0,3,97,2.62,3303,32,-2.2591197,43.227867,102.05788,7.449167838582471,56:33.9,7,7200.065,0101000020E6100000A5C38D67AD1202C0671654CA2A9D4540,20230419_NISSAN_AZPEITIA_DONOSTIA_032,,d3,48:13.9,26:13.9,NISSAN_LEAF,Nissan Leaf e+ 62 kW,62000,174,56:30.1,8.1,13,360,N,-3.775085134674201,16.881375899985308,156,67,,,,6.0,134.0,16.0,0,127,29,8,3
19/04/2023 12:56,99,51.9,83,25.0,99.26,-392,7880,3,97,2.41,3544,32,-2.2577357000000005,43.228287,99.42441,7.570665193916758,56:41.9,7,7200.135,0101000020E61000008DCD1DB6D70F02C089045580389D4540,20230419_NISSAN_AZPEITIA_DONOSTIA_032,,d3,48:13.9,26:13.9,NISSAN_LEAF,Nissan Leaf e+ 62 kW,62000,174,56:30.1,8.1,13,360,N,-1.0969209351015234,4.8402890756774255,156,67,,,,6.0,134.0,16.0,0,127,29,8,3
19/04/2023 12:56,100,49.1,83,25.0,99.26,-395,1040,3,97,-1.16,3533,32,-2.256047,43.22843,100.083046,7.70840601357245,56:50.9,7,7200.062,0101000020E61000001B7C0F6D620C02C0F3ECE6483D9D4540,20230419_NISSAN_AZPEITIA_DONOSTIA_032,,d3,48:13.9,26:13.9,NISSAN_LEAF,Nissan Leaf e+ 62 kW,62000,174,56:56.5,8.1,13,360,N,-5.977734287882954,27.3758617475272,156,67,,,,6.0,134.0,16.0,0,127,29,8,3
19/04/2023 12:56,104,59.4,83,25.0,99.26,-395,16600,3,97,5.14,3811,32,-2.2549076,43.22902,103.478676,7.821707994992027,56:59.0,7,7199.982,0101000020E61000006B32EAFB0C0A02C06935938B509D4540,20230419_NISSAN_AZPEITIA_DONOSTIA_032,,d3,48:13.9,26:13.9,NISSAN_LEAF,Nissan Leaf e+ 62 kW,62000,174,56:56.5,8.1,13,360,N,-7.949515944555243,37.69813074775913,156,67,,,,6.0,134.0,16.0,0,127,29,8,3
19/04/2023 12:57,107,48.5,83,25.0,99.26,-398,3320,3,97,0.34,3411,32,-2.253734,43.229927,106.81582,7.9603566494385944,57:08.0,7,7200.012,0101000020E610000069CF82CBA50702C097894A436E9D4540,20230419_NISSAN_AZPEITIA_DONOSTIA_032,,d3,48:13.9,26:13.9,NISSAN_LEAF,Nissan Leaf e+ 62 kW,62000,174,56:56.5,8.1,13,360,N,-11.48921532430064,117.89753090284292,156,67,,,,6.0,134.0,16.0,0,127,29,8,3
19/04/2023 12:57,108,57.0,83,25.0,99.26,-398,0,3,97,2.86,3335,32,-2.2542703,43.23094,108.22969,8.081094929189122,57:17.1,7,7199.922,0101000020E610000041CB1DEDBE0802C0D73DE6868F9D4540,20230419_NISSAN_AZPEITIA_DONOSTIA_032,,d3,48:13.9,26:13.9,NISSAN_LEAF,Nissan Leaf e+ 62 kW,62000,174,56:56.5,8.1,13,360,N,-4.091574738466763,161.65509161555678,156,67,,,,6.0,134.0,16.0,0,127,29,8,3
19/04/2023 12:57,108,42.6,83,25.0,99.26,-418,0,3,97,5.45,2880,32,-2.2556455,43.231396,108.415474,8.20350400288922,57:25.1,7,7199.922,0101000020E6100000DA41FEDC8F0B02C0D523EA639E9D4540,20230419_NISSAN_AZPEITIA_DONOSTIA_032,,d3,48:13.9,26:13.9,NISSAN_LEAF,Nissan Leaf e+ 62 kW,62000,174,56:56.5,8.1,13,360,N,-7.780138504191643,143.23944531223592,156,67,,,,6.0,134.0,16.0,0,127,29,65,3
19/04/2023 12:57,107,44.7,83,25.0,99.26,-421,0,3,96,-1.12,3374,32,-2.256695,43.23218,107.52211,8.325282302851143,57:34.2,7,7199.823,0101000020E610000092B90D14B60D02C0BDD0562FB89D4540,20230419_NISSAN_AZPEITIA_DONOSTIA_032,,d3,48:13.9,26:13.9,NISSAN_LEAF,Nissan Leaf e+ 62 kW,62000,174,56:56.5,8.1,13,360,N,-12.926000581591897,96.11626554411497,156,67,,,,6.0,134.0,16.0,0,127,29,8,3
19/04/2023 12:57,108,53.8,83,25.0,99.26,-421,9760,3,96,5.78,3272,32,-2.2568088,43.233242,108.87413,8.443738371698204,57:43.2,7,7199.802,0101000020E6100000D0590CC1F10D02C0281967EFDA9D4540,20230419_NISSAN_AZPEITIA_DONOSTIA_032,,d3,48:13.9,26:13.9,NISSAN_LEAF,Nissan Leaf e+ 62 kW,62000,174,56:56.5,8.1,13,360,N,-7.427641033147186,34.84490797735252,156,67,,,,6.0,134.0,16.0,0,127,29,8,2
19/04/2023 12:57,105,48.4,83,25.0,99.26,-421,0,3,96,-0.62,3781,32,-2.2556252,43.234066,106.18122,8.576390592881017,57:51.2,7,7199.773,0101000020E6100000F86FDF3B850B02C0FF38C6E8F59D4540,20230419_NISSAN_AZPEITIA_DONOSTIA_032,,d3,48:13.9,26:13.9,NISSAN_LEAF,Nissan Leaf e+ 62 kW,62000,174,56:56.5,8.1,13,360,N,-10.382940686662534,53.00497332557405,156,67,,,,6.0,134.0,16.0,0,127,29,8,2
19/04/2023 12:58,107,53.0,83,25.0,99.26,-421,5280,3,96,3.95,3693,32,-2.2548537,43.23509,107.15605,8.706283559845511,58:00.3,7,7199.741999999999,0101000020E6100000EED770BEF00902C0C0EAD456179E4540,20230419_NISSAN_AZPEITIA_DONOSTIA_032,,d3,48:13.9,26:13.9,NISSAN_LEAF,Nissan Leaf e+ 62 kW,62000,174,56:56.5,8.1,13,360,N,-12.209974547019568,69.92244605440965,156,67,,,,6.0,134.0,16.0,0,127,29,8,2
19/04/2023 12:58,110,50.5,83,25.0,99.26,-421,0,3,96,4.28,3484,32,-2.2544765,43.236122,109.817116,8.825065314809994,58:08.3,7,7199.653,0101000020E61000009197BCF02A0902C0FA298B3C399E4540,20230419_NISSAN_AZPEITIA_DONOSTIA_032,,d3,48:13.9,26:13.9,NISSAN_LEAF,Nissan Leaf e+ 62 kW,62000,174,56:56.5,8.1,13,360,N,-12.996025933914495,88.58324563077693,156,67,,,,6.0,134.0,16.0,0,127,29,8,2
19/04/2023 12:58,114,49.2,83,25.0,99.26,-423,5280,3,96,-0.81,3360,32,-2.2544465,43.237335,114.18538,8.960037359591167,58:17.4,7,7199.6140000000005,0101000020E6100000DC2170471B0902C0E630F0FA609E4540,20230419_NISSAN_AZPEITIA_DONOSTIA_032,,d3,48:13.9,26:13.9,NISSAN_LEAF,Nissan Leaf e+ 62 kW,62000,174,56:56.5,8.1,13,360,N,-9.473550086726211,133.21958240790747,156,67,,,,6.0,134.0,16.0,0,127,29,25,2
19/04/2023 12:58,116,50.1,83,25.0,99.26,-423,12120,3,95,8.27,3154,32,-2.2551494,43.238083,116.76839,9.06086759736085,58:25.4,7,7199.565,0101000020E61000006DD719C68B0A02C02267E484799E4540,20230419_NISSAN_AZPEITIA_DONOSTIA_032,,d3,48:13.9,26:13.9,NISSAN_LEAF,Nissan Leaf e+ 62 kW,62000,174,56:56.5,8.1,13,360,N,-11.624305161270836,116.59704608704732,156,67,,,,6.0,134.0,16.0,0,127,29,25,2
19/04/2023 12:58,120,55.5,83,25.0,99.26,-423,0,3,96,-1.27,4126,32,-2.2557948,43.239372,120.732155,9.213486784200542,58:34.4,7,7199.554,0101000020E61000005DB8AB1CDE0B02C07F3C1CC1A39E4540,20230419_NISSAN_AZPEITIA_DONOSTIA_032,,d3,48:13.9,26:13.9,NISSAN_LEAF,Nissan Leaf e+ 62 kW,62000,174,56:56.5,8.1,13,360,N,-10.774167868477344,124.02616278213476,156,67,,,,6.0,134.0,16.0,0,127,29,25,2
19/04/2023 12:58,124,51.3,83,25.0,99.26,-423,0,3,96,-1.17,3387,32,-2.2564774,43.240383,124.862015,9.338835407069851,58:43.5,7,7199.513000000001,0101000020E6100000F6EF7FF5430D02C0B028E7D5C49E4540,20230419_NISSAN_AZPEITIA_DONOSTIA_032,,d3,48:13.9,26:13.9,NISSAN_LEAF,Nissan Leaf e+ 62 kW,62000,174,56:56.5,8.1,13,360,N,-4.587387046336482,159.33667913369123,156,67,,,,6.0,134.0,16.0,0,127,29,25,2
19/04/2023 12:58,123,55.7,83,25.0,99.26,-429,0,3,95,-1.25,3835,32,-2.2576706000000004,43.240833,124.29855,9.447674733900149,58:50.6,7,7200.444,0101000020E610000055755D91B50F02C0828E6BABD39E4540,20230419_NISSAN_AZPEITIA_DONOSTIA_032,,d3,48:13.9,26:13.9,NISSAN_LEAF,Nissan Leaf e+ 62 kW,62000,174,56:56.5,8.1,13,360,N,-4.627286974637619,159.14861832638402,156,67,,,,6.0,134.0,16.0,0,127,29,25,2
19/04/2023 12:59,120,48.2,83,25.0,99.26,-462,0,3,95,-1.17,3291,32,-2.2590647,43.241364,120.67039,9.575157125066386,58:59.6,7,7200.443,0101000020E6100000B514C07D901202C0BA3E04F5E49E4540,20230419_NISSAN_AZPEITIA_DONOSTIA_032,,d3,48:13.9,26:13.9,NISSAN_LEAF,Nissan Leaf e+ 62 kW,62000,174,56:56.5,8.1,13,360,N,-12.807317732267634,80.12300786682383,156,67,,,,6.0,134.0,16.0,0,127,29,10,1
19/04/2023 12:59,118,66.3,83,25.0,99.26,-468,4320,3,95,-1.38,4427,32,-2.2588878,43.24238,118.52788,9.689056434242275,59:07.6,7,7200.403,0101000020E6100000E5FA83BD331202C05F136546069F4540,20230419_NISSAN_AZPEITIA_DONOSTIA_032,,d3,48:13.9,26:13.9,NISSAN_LEAF,Nissan Leaf e+ 62 kW,62000,174,56:56.5,8.1,13,360,N,-11.8585509025744,65.81063984341725,156,67,,,,6.0,134.0,16.0,0,127,29,65,1
19/04/2023 12:59,112,74.5,83,25.0,99.26,-471,0,3,94,-1.44,5012,32,-2.2582185000000004,43.24387,113.702705,9.863447931357603,59:16.6,7,7200.353,0101000020E61000001E3FCFE5D41002C0B2A0FE14379F4540,20230419_NISSAN_AZPEITIA_DONOSTIA_032,,d3,48:13.9,26:13.9,NISSAN_LEAF,Nissan Leaf e+ 62 kW,62000,174,01:30.2,8.1,13,360,N,-11.40179817180956,118.71011184211234,156,67,,,,6.0,134.0,16.0,0,127,29,25,1
19/04/2023 12:59,103,69.8,83,25.0,99.26,-480,0,3,94,-1.14,4898,32,-2.2589371,43.245182,105.320274,10.0207418483165,59:24.7,7,7200.3240000000005,0101000020E6100000031E7D934D1202C0D3B0B01A629F4540,20230419_NISSAN_AZPEITIA_DONOSTIA_032,,d3,48:13.9,26:13.9,NISSAN_LEAF,Nissan Leaf e+ 62 kW,62000,174,01:30.2,8.1,13,360,N,-10.56348212710783,125.65166183946648,156,67,,,,6.0,134.0,16.0,0,127,29,8,1
19/04/2023 12:59,97,71.3,83,25.0,99.26,-488,10000,3,94,1.05,4703,32,-2.2598703,43.246483000000005,98.11138,10.184122005771895,59:33.8,7,7200.243,0101000020E6100000EF5E49E8361402C01E4AB8B68C9F4540,20230419_NISSAN_AZPEITIA_DONOSTIA_032,,d3,48:13.9,26:13.9,NISSAN_LEAF,Nissan Leaf e+ 62 kW,62000,174,01:30.2,8.1,13,360,N,-12.596968871964268,104.30420401058832,156,67,,,,6.0,134.0,16.0,0,127,29,65,1
19/04/2023 12:59,94,81.7,83,25.0,99.26,-488,10320,3,94,2.17,5343,32,-2.2602265,43.24788,94.47579,10.342159546375736,59:41.8,7,7200.213000000001,0101000020E61000008E848290F11402C0D0A5087DBA9F4540,20230419_NISSAN_AZPEITIA_DONOSTIA_032,,d3,48:13.9,26:13.9,NISSAN_LEAF,Nissan Leaf e+ 62 kW,62000,174,01:30.2,8.1,13,360,N,-11.88259246388015,113.92945251003842,156,67,,,,6.0,134.0,16.0,0,127,29,65,1
19/04/2023 12:59,90,80.0,83,25.0,99.26,-488,15040,3,93,3.05,5326,32,-2.2608979,43.249393,92.8417,10.518975015566339,59:49.8,7,7200.213000000001,0101000020E6100000C84F3DA7511602C0CFF2481AEC9F4540,20230419_NISSAN_AZPEITIA_DONOSTIA_032,,d3,48:13.9,26:13.9,NISSAN_LEAF,Nissan Leaf e+ 62 kW,62000,174,01:30.2,8.1,13,360,N,-12.948206247224658,84.88378319470593,156,67,,,,6.0,134.0,16.0,0,127,29,25,1
19/04/2023 12:59,89,66.1,83,25.0,99.26,-500,0,3,93,-6.36,4991,32,-2.2607388,43.25117,89.02667,10.717024856919387,59:58.9,7,7200.143,0101000020E61000009CE65D4AFE1502C0F791525326A04540,20230419_NISSAN_AZPEITIA_DONOSTIA_032,,d3,48:13.9,26:13.9,NISSAN_LEAF,Nissan Leaf e+ 62 kW,62000,174,01:30.2,8.1,13,360,N,-12.638580836959108,103.54200216661935,156,67,,,,6.0,134.0,16.0,0,127,29,65,1
19/04/2023 13:00,88,66.8,83,25.0,99.26,-529,25080,3,93,-1.23,4380,32,-2.2609982000000004,43.252247,88.976364,10.838610563409985,00:06.9,7,7200.0830000000005,0101000020E61000006D95A43A861602C0A8052A9C49A04540,20230419_NISSAN_AZPEITIA_DONOSTIA_032,,d3,48:13.9,26:13.9,NISSAN_LEAF,Nissan Leaf e+ 62 kW,62000,174,01:30.2,8.1,13,360,N,-11.95042247672325,113.18138678848209,176,78,,,,0.0,112.0,64.0,0,153,23,65,1
19/04/2023 13:00,88,66.1,83,25.0,99.26,-529,5720,3,93,-1.3,4747,32,-2.2616007,43.253654,87.75215,11.002499029427348,00:15.9,7,7200.053000000001,0101000020E6100000ABA1BB1EC21702C0624A2AB377A04540,20230419_NISSAN_AZPEITIA_DONOSTIA_032,,d3,48:13.9,26:13.9,NISSAN_LEAF,Nissan Leaf e+ 62 kW,62000,174,01:30.2,8.1,13,360,N,-11.17923060306315,120.69006167782838,176,78,,,,0.0,112.0,64.0,0,153,23,8,1
19/04/2023 13:00,89,70.7,82,25.0,99.26,-529,12000,3,93,3.92,4671,32,-2.2623978,43.254997,89.170975,11.165195192512995,00:25.1,7,7199.933000000001,0101000020E61000000F430200641902C0C40B1FB2A3A04540,20230419_NISSAN_AZPEITIA_DONOSTIA_032,,d3,48:13.9,26:13.9,NISSAN_LEAF,Nissan Leaf e+ 62 kW,62000,174,01:30.2,8.1,13,360,N,-1.5399827848356986,173.1967545053576,176,78,,,,0.0,112.0,64.0,0,153,23,25,1
19/04/2023 13:00,93,62.0,82,25.0,99.26,-530,4560,3,93,4.83,4230,32,-2.2645185000000003,43.25525,92.04682,11.339251293830356,00:34.0,7,7199.9890000000005,0101000020E6100000EF710BE0BB1D02C028D71804ACA04540,20230419_NISSAN_AZPEITIA_DONOSTIA_032,,d3,48:13.9,26:13.9,NISSAN_LEAF,Nissan Leaf e+ 62 kW,62000,174,01:30.2,8.1,13,360,N,3.5817704386415667,-164.00694698440935,176,78,,,,0.0,112.0,64.0,0,153,23,65,1
19/04/2023 13:00,102,52.5,82,25.0,99.26,-530,7280,3,93,-2.28,4033,32,-2.266106,43.254795,99.63957,11.477619570507725,00:42.1,7,7199.904,0101000020E61000001B0B0329FC2002C00ADD7E249DA04540,20230419_NISSAN_AZPEITIA_DONOSTIA_032,,d3,48:13.9,26:13.9,NISSAN_LEAF,Nissan Leaf e+ 62 kW,62000,174,01:30.2,8.1,13,360,N,-2.7964038535146263,167.57813715864933,176,78,,,,0.0,112.0,64.0,0,153,23,30,1
19/04/2023 13:00,104,47.4,82,25.0,99.26,-534,27280,3,94,9.09,3507,32,-2.2673545,43.25507,103.970184,11.583340380726414,00:51.1,7,7199.893,0101000020E61000000B7947CB8A2302C0222B3C28A6A04540,20230419_NISSAN_AZPEITIA_DONOSTIA_032,,d3,48:13.9,26:13.9,NISSAN_LEAF,Nissan Leaf e+ 62 kW,62000,174,01:30.2,8.1,13,360,N,-11.72044822897724,115.63440024036566,176,78,,,,0.0,112.0,64.0,0,153,23,65,1
19/04/2023 13:00,116,68.6,82,25.0,99.26,-534,21080,3,94,1.45,5041,32,-2.2680311,43.25648,115.80341,11.749845132235391,00:59.2,7,7199.791,0101000020E6100000ED7C7270ED2402C0AFC8C964D4A04540,20230419_NISSAN_AZPEITIA_DONOSTIA_032,,d3,48:13.9,26:13.9,NISSAN_LEAF,Nissan Leaf e+ 62 kW,62000,174,01:30.2,8.1,13,360,N,-8.41170540259555,139.68012773824552,176,78,,,,0.0,112.0,64.0,0,153,23,40,1
19/04/2023 13:01,119,77.5,82,25.0,99.26,-545,0,3,95,-1.47,5240,32,-2.26957,43.257786,119.38412,11.941241716143654,01:08.2,7,7199.762,0101000020E6100000AEF1D059142802C0A6E77329FFA04540,20230419_NISSAN_AZPEITIA_DONOSTIA_032,,d3,48:13.9,26:13.9,NISSAN_LEAF,Nissan Leaf e+ 62 kW,62000,174,01:30.2,8.1,13,360,N,-8.092300771367618,141.50219351822378,176,78,,,,0.0,112.0,64.0,0,153,23,25,2
19/04/2023 13:01,117,74.9,82,25.0,99.26,-572,0,3,95,0.0,5033,32,-2.2709706,43.2589,117.58586,12.109204642044231,01:16.3,7,7199.722,0101000020E6100000AE614A95F22A02C07E1D5AAC23A14540,20230419_NISSAN_AZPEITIA_DONOSTIA_032,,d3,48:13.9,26:13.9,NISSAN_LEAF,Nissan Leaf e+ 62 kW,62000,174,01:30.2,8.1,13,360,N,-12.34519408715083,108.2625854689294,176,78,,,,0.0,112.0,64.0,0,153,23,25,2
19/04/2023 13:01,113,86.3,82,25.0,99.26,-574,0,3,95,1.33,5632,32,-2.2715306,43.260597,114.204605,12.30330438671571,01:25.3,7,7199.672,0101000020E610000074B3A93D182C02C0122D5A3B5BA14540,20230419_NISSAN_AZPEITIA_DONOSTIA_032,,d3,48:13.9,26:13.9,NISSAN_LEAF,Nissan Leaf e+ 62 kW,62000,174,01:30.2,8.1,13,360,N,-12.998858229636504,89.24062111742612,176,78,,,,0.0,112.0,64.0,0,153,23,65,2
19/04/2023 13:01,105,75.7,82,25.0,99.26,-587,0,3,95,-2.38,5315,32,-2.2715082000000004,43.262287,106.37539,12.491395581030531,01:33.4,7,7199.633000000001,0101000020E610000060D2AC840C2C02C0934D66AC92A14540,20230419_NISSAN_AZPEITIA_DONOSTIA_032,,d3,48:13.9,26:13.9,NISSAN_LEAF,Nissan Leaf e+ 62 kW,62000,174,01:30.2,8.1,13,360,N,-12.792416142123608,79.74720335532102,176,78,,,,0.0,112.0,64.0,0,153,23,65,2
19/04/2023 13:01,98,69.4,82,25.0,99.26,-638,0,3,95,-0.38,4662,32,-2.2711875,43.26406,98.73224,12.69039392258237,01:43.4,7,7199.581999999999,0101000020E610000054053659642B02C024109AB1CCA14540,20230419_NISSAN_AZPEITIA_DONOSTIA_032,,d3,48:13.9,26:13.9,NISSAN_LEAF,Nissan Leaf e+ 62 kW,62000,174,01:30.2,8.1,13,360,N,-12.969479764160647,86.0731446869396,176,78,,,,0.0,112.0,64.0,0,153,23,65,2
19/04/2023 13:01,90,74.2,82,25.0,99.26,-646,0,3,95,-1.47,5255,32,-2.2710822,43.265594,90.71314,12.861368066582134,01:51.5,7,7199.512,0101000020E6100000304872272D2B02C07AE28AF1FEA14540,20230419_NISSAN_AZPEITIA_DONOSTIA_032,,d3,48:13.9,26:13.9,NISSAN_LEAF,Nissan Leaf e+ 62 kW,62000,174,01:56.7,8.1,13,360,N,-12.942983970699018,84.63186665140158,176,78,,,,0.0,112.0,64.0,0,153,23,65,2
19/04/2023 13:02,86,67.1,82,25.0,99.26,-685,0,4,94,-3.11,4140,32,-2.2709467,43.267036,87.18569000000001,13.022124772000208,01:59.5,7,7200.502,0101000020E610000075D85621E62A02C0F31201332EA24540,20230419_NISSAN_AZPEITIA_DONOSTIA_032,,d3,48:13.9,26:13.9,NISSAN_LEAF,Nissan Leaf e+ 62 kW,62000,174,01:56.7,8.1,13,360,N,-12.952369827733897,85.09386246348795,176,78,,,,0.0,112.0,64.0,0,153,23,65,3
19/04/2023 13:02,84,26.1,82,25.0,99.26,-720,0,3,94,-3.16,2122,32,-2.2708576000000003,43.268074,84.45739,13.137802523659166,02:08.6,7,7200.393,0101000020E610000052A40068B72A02C091E62F4E50A24540,20230419_NISSAN_AZPEITIA_DONOSTIA_032,,d3,48:13.9,26:13.9,NISSAN_LEAF,Nissan Leaf e+ 62 kW,62000,174,01:56.7,8.1,13,360,N,-12.90364721072829,83.01981866210066,176,78,,,,0.0,112.0,64.0,0,153,23,8,3
19/04/2023 13:02,81,33.6,82,25.0,99.26,-729,13600,3,95,2.5,1787,32,-2.2708254,43.268337,81.48836999999999,13.167312510316906,02:16.6,7,7200.392,0101000020E6100000B3F49780A62A02C0CC3E83D758A24540,20230419_NISSAN_AZPEITIA_DONOSTIA_032,,d3,48:13.9,26:13.9,NISSAN_LEAF,Nissan Leaf e+ 62 kW,62000,174,01:56.7,8.1,13,360,N,-12.319619709496854,108.61891608781912,176,78,,,,0.0,112.0,64.0,0,153,23,65,3
19/04/2023 13:02,76,37.8,82,25.0,99.26,-729,4120,3,95,2.77,2341,32,-2.2710235,43.268925,76.90332,13.234789713054825,02:25.6,7,7200.352,0101000020E6100000683BEC540E2B02C07CF498246CA24540,20230419_NISSAN_AZPEITIA_DONOSTIA_032,,d3,48:13.9,26:13.9,NISSAN_LEAF,Nissan Leaf e+ 62 kW,62000,174,01:56.7,8.1,13,360,N,5.05252080377301,-157.12913680854845,176,78,,,,0.0,112.0,64.0,0,153,23,65,3
19/04/2023 13:02,75,41.3,82,25.0,99.26,-729,8320,3,95,-1.03,2957,32,-2.2719457000000003,43.268536,75.416885,13.321093600983245,02:33.7,7,7200.312,0101000020E6100000D19FE0E2F12C02C068D484515FA24540,20230419_NISSAN_AZPEITIA_DONOSTIA_032,,d3,48:13.9,26:13.9,NISSAN_LEAF,Nissan Leaf e+ 62 kW,62000,174,01:56.7,8.1,13,360,N,8.241196761009553,-140.65872192207542,176,78,,,,0.0,112.0,64.0,0,153,23,45,3
19/04/2023 13:02,76,22.5,82,24.5,99.26,-734,0,3,95,-2.94,1988,32,-2.272685,43.26793,75.76616999999999,13.41122585071593,02:42.7,7,7200.262,0101000020E6100000DB80E070752E02C04667F98D4BA24540,20230419_NISSAN_AZPEITIA_DONOSTIA_032,,d3,48:13.9,26:13.9,NISSAN_LEAF,Nissan Leaf e+ 62 kW,62000,174,01:56.7,8.1,13,360,N,11.66606219599341,-116.18299063889503,176,78,,,,0.0,112.0,64.0,0,153,23,45,3
19/04/2023 13:02,76,1.4,82,24.5,99.26,-739,560,3,95,1.48,326,32,-2.2728448,43.267605,76.52465,13.449618081228504,02:50.8,7,7200.182,0101000020E61000009CBE9E4FC92E02C08492D1E640A24540,20230419_NISSAN_AZPEITIA_DONOSTIA_032,,d3,48:13.9,26:13.9,NISSAN_LEAF,Nissan Leaf e+ 62 kW,62000,174,01:56.7,8.1,13,360,N,-10.54994644057562,54.246112758432936,176,78,,,,0.0,112.0,64.0,0,153,23,45,3
19/04/2023 13:03,75,8.6,82,24.5,99.26,-739,880,3,94,5.62,109,32,-2.2728412,43.26761,76.323975,13.450277126818047,02:59.9,7,7200.124,0101000020E61000002D68965CC72E02C05E143A0841A24540,20230419_NISSAN_AZPEITIA_DONOSTIA_032,,d3,48:13.9,26:13.9,NISSAN_LEAF,Nissan Leaf e+ 62 kW,62000,174,01:56.7,8.1,13,360,N,12.798111241980395,-100.11080362229654,176,78,,,,0.0,112.0,64.0,0,153,23,45,3
19/04/2023 13:03,77,7.3,82,24.5,99.26,-739,480,3,94,11.72,168,32,-2.2728667,43.267467,76.83335,13.4663195759853,03:07.9,7,7200.111999999999,0101000020E610000048B44BCBD42E02C06DDA03533CA24540,20230419_NISSAN_AZPEITIA_DONOSTIA_032,,d3,48:13.9,26:13.9,NISSAN_LEAF,Nissan Leaf e+ 62 kW,62000,174,01:56.7,8.1,13,360,N,12.239394328867538,-109.69637480988791,176,78,,,,0.0,112.0,64.0,0,153,23,45,3
19/04/2023 13:03,79,52.4,82,24.5,99.26,-739,10320,3,95,4.33,3142,32,-2.2730865,43.266853000000005,79.5618,13.536927422634646,03:16.9,7,7200.063,0101000020E61000002728D203482F02C0EC033E4E28A24540,20230419_NISSAN_AZPEITIA_DONOSTIA_032,,d3,48:13.9,26:13.9,NISSAN_LEAF,Nissan Leaf e+ 62 kW,62000,174,01:56.7,8.1,13,360,N,12.62137000733144,-76.13776626088276,176,78,,,,0.0,112.0,64.0,0,153,23,45,3
19/04/2023 13:03,79,65.2,82,24.5,99.26,-739,7680,3,95,-0.45,4488,32,-2.2727995,43.26569,79.94003000000001,13.668318990490029,03:25.0,7,7199.982,0101000020E6100000AB261E76B12E02C05AFEFA1102A24540,20230419_NISSAN_AZPEITIA_DONOSTIA_032,,d3,48:13.9,26:13.9,NISSAN_LEAF,Nissan Leaf e+ 62 kW,62000,174,01:56.7,8.1,13,360,N,12.124168829829792,-68.84830861655861,176,78,,,,0.0,112.0,64.0,0,153,23,120,2
19/04/2023 13:03,79,47.5,82,24.5,99.26,-764,0,3,95,-1.16,3591,32,-2.272312,43.26443,79.69096,13.813879268635763,03:33.0,7,7199.982,0101000020E610000021089FDFB12D02C01337A3DAD8A14540,20230419_NISSAN_AZPEITIA_DONOSTIA_032,,d3,48:13.9,26:13.9,NISSAN_LEAF,Nissan Leaf e+ 62 kW,62000,174,01:56.7,8.1,13,360,N,4.766835514245635,-158.48901184758586,176,78,,,,0.0,112.0,64.0,0,153,23,25,2
19/04/2023 13:03,82,47.0,82,24.5,99.26,-766,5400,3,95,-0.62,2826,32,-2.2733345000000003,43.264027,81.84146,13.90804701598361,03:42.1,7,7199.943,0101000020E61000003C5E3DFBC92F02C08FDEBB91CBA14540,20230419_NISSAN_AZPEITIA_DONOSTIA_032,,d3,48:13.9,26:13.9,NISSAN_LEAF,Nissan Leaf e+ 62 kW,62000,174,01:56.7,8.1,13,360,N,-12.723567104173172,78.16322463216437,176,78,,,,0.0,112.0,64.0,0,153,23,25,2
19/04/2023 13:03,84,70.1,82,24.5,99.26,-766,31840,3,95,8.27,3914,32,-2.2731595,43.264862,83.94838,14.001993478468743,03:50.1,7,7199.889,0101000020E6100000A79F983C6E2F02C0DE19DFF7E6A14540,20230419_NISSAN_AZPEITIA_DONOSTIA_032,,d3,48:13.9,26:13.9,NISSAN_LEAF,Nissan Leaf e+ 62 kW,62000,174,01:56.7,8.1,13,360,N,-7.629617374666538,35.93688024474793,176,78,,,,0.0,112.0,64.0,0,153,23,45,2
19/04/2023 13:03,87,94.8,82,24.5,99.26,-766,39240,3,96,6.66,6020,32,-2.271275,43.266228000000005,86.84225,14.217314171282329,03:59.2,7,7199.803000000001,0101000020E61000006DABB34E922B02C0460C40B613A24540,20230419_NISSAN_AZPEITIA_DONOSTIA_032,,d3,48:13.9,26:13.9,NISSAN_LEAF,Nissan Leaf e+ 62 kW,62000,174,01:56.7,8.1,13,360,N,-9.921396709528372,49.74573419925831,176,78,,,,0.0,112.0,64.0,0,153,23,120,2
19/04/2023 13:04,89,103.3,81,24.5,99.26,-766,20360,3,97,3.0,6980,32,-2.2698424,43.26792,89.445885,14.438355014981036,04:07.2,7,7199.783,0101000020E610000021252614A32802C093A3DB494BA24540,20230419_NISSAN_AZPEITIA_DONOSTIA_032,,d3,48:13.9,26:13.9,NISSAN_LEAF,Nissan Leaf e+ 62 kW,62000,174,01:56.7,8.1,13,360,N,-9.4974857915433,46.934689666324815,176,78,,,,0.0,112.0,64.0,0,153,23,120,3
19/04/2023 13:04,94,107.4,81,24.5,99.26,-766,25520,3,98,1.64,7426,32,-2.2679946,43.269897,94.11172,14.704307813453122,04:16.3,7,7199.743,0101000020E610000095AAE352DA2402C0022F8A0B8CA24540,20230419_NISSAN_AZPEITIA_DONOSTIA_032,,d3,48:13.9,26:13.9,NISSAN_LEAF,Nissan Leaf e+ 62 kW,62000,174,06:30.2,8.1,13,360,N,-5.098079281266258,23.08896439720356,176,78,,,,0.0,112.0,64.0,0,153,23,8,3
19/04/2023 13:04,103,102.7,81,24.5,99.26,-766,7880,3,98,2.44,7105,32,-2.2651727000000004,43.2711,102.63118,14.96919606216816,04:25.3,7,7199.703,0101000020E6100000D786F8EC121F02C0C0D2FB5EB3A24540,20230419_NISSAN_AZPEITIA_DONOSTIA_032,,d3,48:13.9,26:13.9,NISSAN_LEAF,Nissan Leaf e+ 62 kW,62000,174,06:30.2,8.1,13,360,N,-1.4077042659037935,6.216459504847022,176,78,,,,0.0,112.0,64.0,0,153,23,100,3
19/04/2023 13:04,108,96.1,81,24.5,99.26,-766,0,3,98,0.0,6872,32,-2.2623818,43.271404,107.37295,15.197719069379959,04:33.3,7,7199.673000000001,0101000020E61000005E1488A55B1902C02DE3745ABDA24540,20230419_NISSAN_AZPEITIA_DONOSTIA_032,,d3,48:13.9,26:13.9,NISSAN_LEAF,Nissan Leaf e+ 62 kW,62000,174,06:30.2,8.1,13,360,N,-1.0947990324813195,4.830903665012791,176,78,,,,0.0,112.0,64.0,0,153,23,8,3
19/04/2023 13:04,111,102.1,81,23.999998,99.26,-766,9560,3,98,3.73,6671,32,-2.2594001,43.271656,111.6262,15.44078306528956,04:42.4,7,7199.633000000001,0101000020E610000095C2D96D401302C04F5E9DAAC5A24540,20230419_NISSAN_AZPEITIA_DONOSTIA_032,,d3,48:13.9,26:13.9,NISSAN_LEAF,Nissan Leaf e+ 62 kW,62000,174,06:30.2,8.1,13,360,N,-5.055007366378806,22.882757999087257,176,78,,,,0.0,112.0,64.0,0,153,23,8,3
19/04/2023 13:04,109,105.3,81,23.999998,99.26,-766,0,3,98,0.0,7076,32,-2.2569597000000003,43.272686,109.9512,15.669163249101874,04:50.4,7,7199.573,0101000020E61000001032ACE6400E02C09A501E56E7A24540,20230419_NISSAN_AZPEITIA_DONOSTIA_032,,d3,48:13.9,26:13.9,NISSAN_LEAF,Nissan Leaf e+ 62 kW,62000,174,06:30.2,8.1,13,360,N,-9.785729705056642,48.829020335875526,176,78,,,,0.0,112.0,64.0,0,153,23,100,3
19/04/2023 13:04,109,79.9,81,23.999998,99.26,-811,0,3,97,-1.52,5826,32,-2.2553453,43.274532,109.610435,15.912508770252307,04:59.5,7,7199.533,0101000020E61000005CB70681F20A02C08C8CB6D523A34540,20230419_NISSAN_AZPEITIA_DONOSTIA_032,,d3,48:13.9,26:13.9,NISSAN_LEAF,Nissan Leaf e+ 62 kW,62000,174,06:30.2,8.1,13,360,N,-12.668087674902733,77.02504012596131,176,78,,,,0.0,112.0,64.0,0,153,23,100,3
19/04/2023 13:05,103,85.5,81,23.999998,99.26,-823,7160,3,97,0.0,5704,32,-2.2549725,43.27615,103.87777,16.09502611418231,05:07.5,7,7199.503000000001,0101000020E6100000746452052F0A02C081B957D058A34540,20230419_NISSAN_AZPEITIA_DONOSTIA_032,,d3,48:13.9,26:13.9,NISSAN_LEAF,Nissan Leaf e+ 62 kW,62000,174,06:30.2,8.1,13,360,N,-8.279443055200067,39.559577897930296,176,78,,,,0.0,112.0,64.0,0,153,23,8,3
19/04/2023 13:05,97,96.0,81,23.999998,99.26,-823,2080,3,97,-0.52,6392,32,-2.2533286,43.277508000000005,98.42503,16.2963779356965,05:15.6,7,7200.423000000001,0101000020E6100000E635FE27D10602C0555E595785A34540,20230419_NISSAN_AZPEITIA_DONOSTIA_032,,d3,48:13.9,26:13.9,NISSAN_LEAF,Nissan Leaf e+ 62 kW,62000,174,06:30.2,8.1,13,360,N,-1.6296141051304096,7.201253063377553,176,78,,,,0.0,112.0,64.0,0,153,23,40,4
19/04/2023 13:05,91,96.3,81,23.999998,99.26,-835,9200,3,97,3.94,6267,32,-2.2508593,43.27782,93.18746,16.49933427345625,05:23.6,7,7200.414000000001,0101000020E61000000F201371C20102C0FAED5D9E8FA34540,20230419_NISSAN_AZPEITIA_DONOSTIA_032,,d3,48:13.9,26:13.9,NISSAN_LEAF,Nissan Leaf e+ 62 kW,62000,174,06:30.2,8.1,13,360,N,1.109319330205525,-4.895131163595399,176,78,,,,0.0,112.0,64.0,0,153,23,40,4
19/04/2023 13:05,82,98.4,81,23.999998,99.26,-835,0,3,96,-4.28,6952,32,-2.2478235,43.27756,85.10509499999999,16.746922019652068,05:32.7,7,7200.313,0101000020E610000092353DED8AFB01C03F84101A87A34540,20230419_NISSAN_AZPEITIA_DONOSTIA_032,,d3,48:13.9,26:13.9,NISSAN_LEAF,Nissan Leaf e+ 62 kW,62000,174,06:30.2,8.1,13,360,N,-1.7128349406102488,7.571107497198357,176,78,,,,0.0,112.0,64.0,0,153,23,80,4
19/04/2023 13:05,72,108.3,81,23.999998,99.26,-863,23160,3,96,4.94,6825,32,-2.2448893,43.27795,75.67985,16.988567970357682,05:41.7,7,7200.3330000000005,0101000020E6100000478B6E7A88F501C03FB860DA93A34540,20230419_NISSAN_AZPEITIA_DONOSTIA_032,,d3,48:13.9,26:13.9,NISSAN_LEAF,Nissan Leaf e+ 62 kW,62000,174,06:30.2,8.1,13,360,N,-3.378723083961254,15.064233943596218,105,62,,,,10.0,94.0,1.0,0,92,13,25,4
19/04/2023 13:05,62,110.7,81,23.999998,99.26,-863,0,3,96,1.14,7601,32,-2.2419913,43.27873,63.97153,17.23896397962875,05:49.7,7,7200.252,0101000020E61000008C46B52299EF01C004537B52ADA34540,20230419_NISSAN_AZPEITIA_DONOSTIA_032,,d3,48:13.9,26:13.9,NISSAN_LEAF,Nissan Leaf e+ 62 kW,62000,174,06:30.2,8.1,13,360,N,-6.084133845874892,27.905217860546696,105,62,,,,10.0,94.0,1.0,0,92,13,20,4
19/04/2023 13:05,55,109.9,81,23.999998,99.26,-863,14440,3,96,1.48,7495,32,-2.239242,43.280186,56.52287,17.51428297217517,05:58.8,7,7200.241999999999,0101000020E610000089F9BAB5F7E901C039C80D13DDA34540,20230419_NISSAN_AZPEITIA_DONOSTIA_032,,d3,48:13.9,26:13.9,NISSAN_LEAF,Nissan Leaf e+ 62 kW,62000,174,06:30.2,8.1,13,360,N,-8.710701944643828,42.07123235610265,105,62,,,,10.0,94.0,1.0,0,92,13,40,4
19/04/2023 13:06,51,110.4,81,23.999998,99.26,-863,23360,3,96,3.19,7444,32,-2.2373908,43.281857,52.135426,17.75302915968896,06:06.8,7,7200.1630000000005,0101000020E6100000020B2A202DE601C040A0C0DD13A44540,20230419_NISSAN_AZPEITIA_DONOSTIA_032,,d3,48:13.9,26:13.9,NISSAN_LEAF,Nissan Leaf e+ 62 kW,62000,174,06:30.2,8.1,13,360,N,-7.5076782673723645,35.2758597813301,105,62,,,,10.0,94.0,1.0,0,92,13,25,4
19/04/2023 13:06,51,115.3,80,23.500002,99.26,-863,19440,3,96,2.25,7796,32,-2.2348986,43.28362,51.556446,18.03432753833823,06:15.8,7,7200.1630000000005,0101000020E61000009FCEDC7A12E101C0783B04954DA44540,20230419_NISSAN_AZPEITIA_DONOSTIA_032,,d3,48:13.9,26:13.9,NISSAN_LEAF,Nissan Leaf e+ 62 kW,62000,174,06:30.2,8.1,13,360,N,-4.178138205345898,18.747324483707725,105,62,,,,10.0,94.0,1.0,0,92,13,25,4
19/04/2023 13:06,49,115.6,80,23.500002,99.26,-863,20680,3,96,2.27,7879,32,-2.2316635,43.284718,49.699276,18.323264341120634,06:24.9,7,7200.115,0101000020E6100000C2F9815772DA01C07FE6839F71A44540,20230419_NISSAN_AZPEITIA_DONOSTIA_032,,d3,48:13.9,26:13.9,NISSAN_LEAF,Nissan Leaf e+ 62 kW,62000,174,06:30.2,8.1,13,360,N,-1.3694213236054344,6.046761628178351,105,62,,,,10.0,94.0,1.0,0,92,13,25,3
19/04/2023 13:06,50,109.4,80,23.500002,99.26,-863,17960,3,97,2.47,7565,32,-2.2285671,43.285046,50.103218,18.5765417479116,06:32.9,7,7200.084,0101000020E6100000471AAC081BD401C0EE71EB5A7CA44540,20230419_NISSAN_AZPEITIA_DONOSTIA_032,,d3,48:13.9,26:13.9,NISSAN_LEAF,Nissan Leaf e+ 62 kW,62000,174,06:30.2,8.1,13,360,N,-0.6988737910788057,3.0816793454512585,105,62,,,,10.0,94.0,1.0,0,92,13,8,3
19/04/2023 13:06,59,108.5,80,23.500002,99.26,-863,23320,3,97,3.05,7472,32,-2.2251494,43.28523,56.57798,18.854016582180364,06:42.0,7,7200.034000000001,0101000020E6100000C549F5181BCD01C061424F6282A44540,20230419_NISSAN_AZPEITIA_DONOSTIA_032,,d3,48:13.9,26:13.9,NISSAN_LEAF,Nissan Leaf e+ 62 kW,62000,174,06:30.2,8.1,13,360,N,-1.7340819364017488,7.665584767374791,105,62,,,,10.0,94.0,1.0,0,92,13,120,3
19/04/2023 13:06,71,105.6,80,23.500002,99.26,-863,23520,3,97,3.22,7186,32,-2.2219546,43.28566,69.246185,19.11730456504799,06:51.0,7,7199.993,0101000020E6100000B6F3D52490C601C09A87408E90A44540,20230419_NISSAN_AZPEITIA_DONOSTIA_032,,d3,48:13.9,26:13.9,NISSAN_LEAF,Nissan Leaf e+ 62 kW,62000,174,06:56.8,8.1,13,360,N,2.651572580363045,-11.76904201331216,105,62,,,,10.0,94.0,1.0,0,92,13,8,3
19/04/2023 13:07,81,98.2,80,23.0,99.26,-863,20840,3,97,3.33,6781,32,-2.2189164,43.285027,80.1829,19.373337205891797,07:00.1,7,7199.934,0101000020E61000009E8CAE4657C001C07DC886B47BA44540,20230419_NISSAN_AZPEITIA_DONOSTIA_032,,d3,48:13.9,26:13.9,NISSAN_LEAF,Nissan Leaf e+ 62 kW,62000,174,06:56.8,8.1,13,360,N,7.287374521599784,-34.09503738679439,105,62,,,,10.0,94.0,1.0,0,92,13,8,3
19/04/2023 13:07,93,89.3,80,23.0,99.26,-863,0,3,97,0.73,6485,32,-2.2168822,43.28365,90.522964,19.598423702225784,07:08.1,7,7199.9130000000005,0101000020E6100000A59AD0C82CBC01C04E6EEE9C4EA44540,20230419_NISSAN_AZPEITIA_DONOSTIA_032,,d3,48:13.9,26:13.9,NISSAN_LEAF,Nissan Leaf e+ 62 kW,62000,174,06:56.8,8.1,13,360,N,4.569735612529168,-20.58019850619789,105,62,,,,10.0,94.0,1.0,0,92,13,8,3
19/04/2023 13:07,103,86.2,80,23.0,99.26,-863,13400,3,98,3.5,6066,32,-2.214179,43.282635,102.75864,19.84493583424794,07:17.2,7,7199.8330000000005,0101000020E61000001C5C7E89A3B601C0C6BC155D2DA44540,20230419_NISSAN_AZPEITIA_DONOSTIA_032,,d3,48:13.9,26:13.9,NISSAN_LEAF,Nissan Leaf e+ 62 kW,62000,174,06:56.8,8.1,13,360,N,5.7506991519399895,-26.254649759535777,105,62,,,,10.0,94.0,1.0,0,92,13,100,4
19/04/2023 13:07,113,88.1,80,23.0,99.26,-863,0,3,98,2.34,5817,32,-2.2122023,43.28166,112.37444,20.038455108758114,07:25.2,7,7199.803000000001,0101000020E6100000ED154B1D97B201C07E081C6F0DA44540,20230419_NISSAN_AZPEITIA_DONOSTIA_032,,d3,48:13.9,26:13.9,NISSAN_LEAF,Nissan Leaf e+ 62 kW,62000,174,06:56.8,8.1,13,360,N,6.459803940564699,-29.79564459709224,105,62,,,,10.0,94.0,1.0,0,92,13,100,4
19/04/2023 13:07,116,78.5,79,23.0,99.26,-863,0,4,97,1.16,5362,32,-2.2110846,43.28102,116.879166,20.15365425148295,07:39.3,7,7199.743,0101000020E610000031B0F6164DB001C0D9BA5789F8A34540,20230419_NISSAN_AZPEITIA_DONOSTIA_032,,d3,48:13.9,26:13.9,NISSAN_LEAF,Nissan Leaf e+ 62 kW,62000,174,06:56.8,8.1,13,360,N,-2.3880612583373385e-15,0.0,105,62,,,,10.0,94.0,1.0,0,92,13,100,4
19/04/2023 13:07,116,78.5,79,22.5,99.26,-863,16960,4,97,3.61,5631,32,-2.2110846,43.28102,116.879166,20.15365425148295,07:47.3,7,7199.673000000001,0101000020E610000031B0F6164DB001C0D9BA5789F8A34540,20230419_NISSAN_AZPEITIA_DONOSTIA_032,,d3,48:13.9,26:13.9,NISSAN_LEAF,Nissan Leaf e+ 62 kW,62000,174,06:56.8,8.1,13,360,N,-0.3565447744905982,1.5716209811724,105,62,,,,10.0,94.0,1.0,0,92,13,100,4
19/04/2023 13:07,120,107.3,79,22.5,99.26,-863,18760,3,97,2.7,6979,32,-2.2035400000000003,43.281227,120.579544,20.764832584903143,07:56.4,7,7199.644,0101000020E6100000553163A9D9A001C02321594EFFA34540,20230419_NISSAN_AZPEITIA_DONOSTIA_032,,d3,48:13.9,26:13.9,NISSAN_LEAF,Nissan Leaf e+ 62 kW,62000,174,06:56.8,8.1,13,360,N,-0.7140947573269786,3.1488630262382307,105,62,,,,10.0,94.0,1.0,0,92,13,100,4
19/04/2023 13:08,109,114.0,79,22.5,99.26,-863,3920,3,97,0.0,7647,32,-2.2004862000000003,43.281395,111.00541,21.01292583172154,08:04.4,7,7199.6230000000005,0101000020E6100000D4F19875989A01C00B7621B104A44540,20230419_NISSAN_AZPEITIA_DONOSTIA_032,,d3,48:13.9,26:13.9,NISSAN_LEAF,Nissan Leaf e+ 62 kW,62000,174,06:56.8,8.1,13,360,N,0.6440901875074051,-2.8399049428306653,105,62,,,,10.0,94.0,1.0,0,92,13,100,4
19/04/2023 13:08,97,111.5,79,22.5,99.26,-865,0,3,97,-0.89,7625,32,-2.1970189,43.281223,98.38352,21.294535934805875,08:13.4,7,7199.56,0101000020E6100000907C9B967E9301C067EBA621FFA34540,20230419_NISSAN_AZPEITIA_DONOSTIA_032,,d3,48:13.9,26:13.9,NISSAN_LEAF,Nissan Leaf e+ 62 kW,62000,174,06:56.8,8.1,13,360,N,1.0139927659175898,-4.473582910954695,105,62,,,,10.0,94.0,1.0,0,92,13,55,4
19/04/2023 13:08,89,110.7,79,22.5,99.26,-874,4920,3,96,0.91,7473,32,-2.1940408,43.28099,90.76114,21.537120448088267,08:21.5,7,7199.521,0101000020E6100000A3B44D4A658D01C02D2BB787F7A34540,20230419_NISSAN_AZPEITIA_DONOSTIA_032,,d3,48:13.9,26:13.9,NISSAN_LEAF,Nissan Leaf e+ 62 kW,62000,174,06:56.8,8.1,13,360,N,-1.0039541932248013,4.429205365923127,105,62,,,,10.0,94.0,1.0,0,92,13,8,5
19/04/2023 13:08,78,107.7,79,22.0,99.26,-874,0,3,96,-1.59,7438,32,-2.1909811,43.281227,80.44502,21.786414059103365,08:29.6,7,7200.431,0101000020E61000007BA39422218701C0910D3834FFA34540,20230419_NISSAN_AZPEITIA_DONOSTIA_032,,d3,48:13.9,26:13.9,NISSAN_LEAF,Nissan Leaf e+ 62 kW,62000,174,06:56.8,8.1,13,360,N,0.3466994519804406,-1.5282131429512182,105,62,,,,10.0,94.0,1.0,0,92,13,8,5
19/04/2023 13:08,73,108.1,79,22.0,99.26,-884,21600,3,96,2.12,7291,32,-2.1880949,43.28115,73.68233000000001,22.02030562146594,08:37.6,7,7200.401,0101000020E610000059084DE9378101C085B12DB7FCA34540,20230419_NISSAN_AZPEITIA_DONOSTIA_032,,d3,48:13.9,26:13.9,NISSAN_LEAF,Nissan Leaf e+ 62 kW,62000,174,06:56.8,8.1,13,360,N,-1.7963284024965465,7.94249274215634,105,62,,,,10.0,94.0,1.0,0,92,13,55,5
19/04/2023 13:08,64,104.3,79,22.0,99.26,-884,0,3,95,-0.27,7138,32,-2.184891,43.281597,66.42889,22.284478936350133,08:46.6,7,7200.379,0101000020E6100000B7310327A87A01C085AC55610BA44540,20230419_NISSAN_AZPEITIA_DONOSTIA_032,,d3,48:13.9,26:13.9,NISSAN_LEAF,Nissan Leaf e+ 62 kW,62000,174,06:56.8,8.1,13,360,N,-2.97118681070064,13.211885859580338,105,62,,,,10.0,94.0,1.0,0,92,13,55,5
19/04/2023 13:08,59,95.7,79,22.0,99.26,-898,0,3,95,1.97,6573,32,-2.1822586,43.282215,61.069477,22.50843885314123,08:54.6,7,7200.361,0101000020E6100000E159B2F3437501C0292B00A91FA44540,20230419_NISSAN_AZPEITIA_DONOSTIA_032,,d3,48:13.9,26:13.9,NISSAN_LEAF,Nissan Leaf e+ 62 kW,62000,174,06:56.8,8.1,13,360,N,2.028726946572056,-8.978041216319037,105,62,,,,10.0,94.0,1.0,0,92,13,55,5
19/04/2023 13:09,57,93.7,79,22.0,99.26,-898,4360,3,95,1.72,6410,32,-2.1793787,43.28176,57.571445,22.747015276388,09:03.7,7,7200.311,0101000020E6100000A84B19255E6F01C00D136DB010A44540,20230419_NISSAN_AZPEITIA_DONOSTIA_032,,d3,48:13.9,26:13.9,NISSAN_LEAF,Nissan Leaf e+ 62 kW,62000,174,06:56.8,8.1,13,360,N,6.702287361087787,-31.03493137685876,105,62,,,,10.0,94.0,1.0,0,92,13,25,5
19/04/2023 13:09,58,105.2,79,22.0,99.26,-898,33600,3,95,3.14,6946,32,-2.1773677000000005,43.28055,57.92706999999999,22.958210115638842,09:11.7,7,7200.281,0101000020E6100000CFACF7BA3F6B01C0159B42FDE8A34540,20230419_NISSAN_AZPEITIA_DONOSTIA_032,,d3,48:13.9,26:13.9,NISSAN_LEAF,Nissan Leaf e+ 62 kW,62000,174,06:56.8,8.1,13,360,N,6.439149811789343,-29.690802022234063,105,62,,,,10.0,94.0,1.0,0,92,13,8,6
19/04/2023 13:09,55,104.2,79,21.499998,99.26,-902,13800,3,95,1.14,6934,32,-2.1748562,43.279118,56.39938000000001,23.216457463157173,09:20.8,7,7200.201,0101000020E610000087223C081B6601C0E1D00B16BAA34540,20230419_NISSAN_AZPEITIA_DONOSTIA_032,,d3,48:13.9,26:13.9,NISSAN_LEAF,Nissan Leaf e+ 62 kW,62000,174,11:30.3,8.1,13,360,N,3.289870342177488,-14.659072964189374,105,62,,,,10.0,94.0,1.0,0,92,13,25,6
19/04/2023 13:09,51,112.6,79,21.499998,99.26,-902,13480,3,95,1.53,7602,32,-2.1720846000000003,43.278393,52.192505,23.454906984336354,09:28.8,7,7200.15,0101000020E6100000D2E0F5D26D6001C08CA7386FA2A34540,20230419_NISSAN_AZPEITIA_DONOSTIA_032,,d3,48:13.9,26:13.9,NISSAN_LEAF,Nissan Leaf e+ 62 kW,62000,174,11:30.3,8.1,13,360,N,0.0709657577188045,-0.3127737386090776,105,62,,,,10.0,94.0,1.0,0,92,13,25,6
19/04/2023 13:09,49,108.8,79,21.499998,99.26,-902,1000,3,95,0.0,7455,32,-2.1686041,43.278374,48.989697,23.736691429240537,09:37.9,7,7200.11,0101000020E61000002F83B7174D5901C07E34CAB1A1A34540,20230419_NISSAN_AZPEITIA_DONOSTIA_032,,d3,48:13.9,26:13.9,NISSAN_LEAF,Nissan Leaf e+ 62 kW,62000,174,11:30.3,8.1,13,360,N,-2.8452373620599234,12.64234323779769,105,62,,,,10.0,94.0,1.0,0,92,13,25,6
19/04/2023 13:09,50,80.4,79,21.499998,99.26,-941,0,3,94,-1.52,5949,32,-2.1659336,43.278973,50.10087,23.962907103326465,09:45.9,7,7200.111,0101000020E6100000295BEC04D55301C099360650B5A34540,20230419_NISSAN_AZPEITIA_DONOSTIA_032,,d3,48:13.9,26:13.9,NISSAN_LEAF,Nissan Leaf e+ 62 kW,62000,174,11:30.3,8.1,13,360,N,-3.775343975089751,16.882568081935066,105,62,,,,10.0,94.0,1.0,0,92,13,25,6
19/04/2023 13:09,51,60.9,79,21.499998,99.26,-979,0,3,94,-1.33,4407,32,-2.1640258,43.279552,51.473988,24.13023561560652,09:53.9,7,7200.081,0101000020E610000090E56AC2EC4F01C09D3D406DC8A34540,20230419_NISSAN_AZPEITIA_DONOSTIA_032,,d3,48:13.9,26:13.9,NISSAN_LEAF,Nissan Leaf e+ 62 kW,62000,174,11:30.3,8.1,13,360,N,-1.6517533181610982,7.299615231318946,105,62,,,,10.0,94.0,1.0,0,92,13,100,6
19/04/2023 13:10,51,53.1,79,21.000002,99.26,-987,1280,3,94,-2.98,3769,32,-2.1622615,43.279778,51.707176,24.275252879255792,10:03.0,7,7200.041,0101000020E6100000077668BA4F4C01C0F0A1AFC0CFA34540,20230419_NISSAN_AZPEITIA_DONOSTIA_032,,d3,48:13.9,26:13.9,NISSAN_LEAF,Nissan Leaf e+ 62 kW,62000,174,11:30.3,8.1,13,360,N,0.5104116358580033,-2.2501501028166646,105,62,,,,10.0,94.0,1.0,0,92,13,25,7
19/04/2023 13:10,51,36.1,79,21.000002,99.26,-1006,0,3,94,3.12,2524,32,-2.160989,43.279728000000006,51.64885,24.378413710810953,10:11.0,7,7199.960999999999,0101000020E6100000334228A2B44901C0E3F60119CEA34540,20230419_NISSAN_AZPEITIA_DONOSTIA_032,,d3,48:13.9,26:13.9,NISSAN_LEAF,Nissan Leaf e+ 62 kW,62000,174,11:30.3,8.1,13,360,N,2.483669166314605,-11.01415339213564,105,62,,,,10.0,94.0,1.0,0,92,13,100,7
19/04/2023 13:10,51,29.5,79,21.000002,99.26,-1010,0,3,94,-2.38,2408,32,-2.1598330000000003,43.279503000000005,51.480827000000005,24.47528079921171,10:20.1,7,7199.911,0101000020E610000043DE8472564701C0D8B0A7C1C6A34540,20230419_NISSAN_AZPEITIA_DONOSTIA_032,,d3,48:13.9,26:13.9,NISSAN_LEAF,Nissan Leaf e+ 62 kW,62000,174,11:30.3,8.1,13,360,N,0.9597171088429436,-4.233677717861871,105,62,,,,10.0,94.0,1.0,0,92,13,100,7
19/04/2023 13:10,51,3.4,79,21.000002,99.26,-1023,0,3,94,-1.98,792,32,-2.1592116000000003,43.279457,51.78085,24.525844609294353,10:29.1,7,7199.86,0101000020E61000007170D4CB104601C05EBBAD4DC5A34540,20230419_NISSAN_AZPEITIA_DONOSTIA_032,,d3,48:13.9,26:13.9,NISSAN_LEAF,Nissan Leaf e+ 62 kW,62000,174,11:30.3,8.1,13,360,N,8.76118927301347,-42.371705811981606,105,62,,,,10.0,94.0,1.0,0,92,13,45,7
19/04/2023 13:10,50,0.0,79,21.000002,99.26,-1023,0,3,94,0.0,0,32,-2.1591535,43.279404,51.032665,24.533421698083973,10:37.2,7,7199.809,0101000020E610000029C63138F24501C00EEDB07DC3A34540,20230419_NISSAN_AZPEITIA_DONOSTIA_032,,d3,48:13.9,26:13.9,NISSAN_LEAF,Nissan Leaf e+ 62 kW,62000,174,11:30.3,8.1,13,360,N,-0.5484205611968953,2.417808556952931,105,62,,,,10.0,94.0,1.0,0,92,13,45,7
19/04/2023 13:10,51,0.0,79,21.000002,99.26,-1023,0,3,93,0.0,0,32,-2.1590114,43.27941,51.621704,24.544959360410296,10:46.2,7,7199.781,0101000020E61000000CD580CCA74501C017D1D6B6C3A34540,20230419_NISSAN_AZPEITIA_DONOSTIA_032,,d3,48:13.9,26:13.9,NISSAN_LEAF,Nissan Leaf e+ 62 kW,62000,174,11:30.3,8.1,13,360,N,5.486695537971108,-24.96430175325918,105,62,,,,10.0,94.0,1.0,0,92,13,45,7
19/04/2023 13:10,53,12.9,79,21.000002,99.26,-1023,3720,4,93,-0.12,766,32,-2.1589577,43.279385,53.02353299999999,24.550306351905935,10:54.2,7,7199.751,0101000020E610000020D9A1958B4501C07B4AA6E7C2A34540,20230419_NISSAN_AZPEITIA_DONOSTIA_032,,d3,48:13.9,26:13.9,NISSAN_LEAF,Nissan Leaf e+ 62 kW,62000,174,11:30.3,8.1,13,360,N,0.4986730155391898,-2.1983746764517704,105,62,,,,10.0,94.0,1.0,0,92,13,45,7
19/04/2023 13:11,53,0.6,79,21.000002,99.26,-1023,0,4,92,2.25,52,32,-2.1587493,43.279377,53.286003,24.567202239970335,11:03.3,7,7199.67,0101000020E61000003695C66D1E4501C08CE25AA8C2A34540,20230419_NISSAN_AZPEITIA_DONOSTIA_032,,d3,48:13.9,26:13.9,NISSAN_LEAF,Nissan Leaf e+ 62 kW,62000,174,11:30.3,8.1,13,360,N,-1.861275367564919,8.231613367288906,105,62,,,,10.0,94.0,1.0,0,92,13,45,7
19/04/2023 13:11,54,2.9,79,21.000002,99.26,-1023,560,3,92,2.23,140,32,-2.158694,43.279385,54.646980000000006,24.57196500892486,11:11.4,7,7199.630999999999,0101000020E6100000BFF43B59014501C019DD3FDAC2A34540,20230419_NISSAN_AZPEITIA_DONOSTIA_032,,d3,48:13.9,26:13.9,NISSAN_LEAF,Nissan Leaf e+ 62 kW,62000,174,11:30.3,8.1,13,360,N,-2.3880612583373385e-15,0.0,105,62,,,,10.0,94.0,1.0,0,92,13,45,7
19/04/2023 13:11,56,1.5,79,21.499998,99.26,-1023,560,3,92,2.02,174,32,-2.1586037,43.279385,55.82301999999999,24.57936897821823,11:19.4,7,7199.630999999999,0101000020E6100000219BBEFDD14401C0877AB2D8C2A34540,20230419_NISSAN_AZPEITIA_DONOSTIA_032,,d3,48:13.9,26:13.9,NISSAN_LEAF,Nissan Leaf e+ 62 kW,62000,174,11:30.3,8.1,13,360,N,4.814241593258141,-21.73574099680323,105,62,,,,10.0,94.0,1.0,0,92,13,45,7
19/04/2023 13:11,57,0.0,79,21.499998,99.26,-1023,560,3,91,2.31,90,32,-2.1585736,43.279373,57.38511999999999,24.582556127020972,11:28.4,7,7199.561,0101000020E6100000A8C42D33C24401C0ED668A8DC2A34540,20230419_NISSAN_AZPEITIA_DONOSTIA_032,,d3,48:13.9,26:13.9,NISSAN_LEAF,Nissan Leaf e+ 62 kW,62000,174,11:30.3,8.1,13,360,N,1.3119744912469713,-5.792214813701673,105,62,,,,10.0,94.0,1.0,0,92,13,45,7
19/04/2023 13:11,58,45.7,79,21.499998,99.26,-1023,20520,3,91,1.97,2441,32,-2.1581497000000005,43.27933,58.67448,24.61722721867989,11:36.4,7,7199.553000000001,0101000020E61000005EC85D05E44301C0A4A1101CC1A34540,20230419_NISSAN_AZPEITIA_DONOSTIA_032,,d3,48:13.9,26:13.9,NISSAN_LEAF,Nissan Leaf e+ 62 kW,62000,174,11:30.3,8.1,13,360,N,0.9050459505524456,-3.9920995021221017,105,62,,,,10.0,94.0,1.0,0,92,13,90,7
19/04/2023 13:11,60,70.1,79,21.499998,99.26,-1023,23760,3,92,5.7,4317,32,-2.1564732,43.279213,60.10955,24.753573307409553,11:45.5,7,7199.513000000001,0101000020E6100000659BB504754001C0FDA16948BDA34540,20230419_NISSAN_AZPEITIA_DONOSTIA_032,,d3,48:13.9,26:13.9,NISSAN_LEAF,Nissan Leaf e+ 62 kW,62000,174,11:56.7,8.1,13,360,N,1.4564653643790055,-6.4326837034836535,105,62,,,,10.0,94.0,1.0,0,92,13,80,7
19/04/2023 13:11,61,92.2,79,21.499998,99.26,-1023,21640,3,93,3.8,6030,32,-2.1546106,43.279003,61.286797,24.906157277543485,11:52.5,7,7200.473000000001,0101000020E61000008825B184A43C01C0D242EA51B6A34540,20230419_NISSAN_AZPEITIA_DONOSTIA_032,,d3,48:13.9,26:13.9,NISSAN_LEAF,Nissan Leaf e+ 62 kW,62000,174,11:56.7,8.1,13,360,N,0.2342280627179773,-1.0323850501348,105,62,,,,10.0,94.0,1.0,0,92,13,45,7
19/04/2023 13:12,62,99.4,78,21.499998,99.26,-1023,17760,3,93,1.64,6735,32,-2.1516695,43.27895,62.989586,25.144326026419897,12:01.6,7,7200.433000000001,0101000020E61000000CB2D68A9E3601C0BB7F4B95B4A34540,20230419_NISSAN_AZPEITIA_DONOSTIA_032,,d3,48:13.9,26:13.9,NISSAN_LEAF,Nissan Leaf e+ 62 kW,62000,174,11:56.7,8.1,13,360,N,-1.8177150200686685,8.037675460036809,105,62,,,,10.0,94.0,1.0,0,92,13,25,7
19/04/2023 13:12,65,93.9,78,21.499998,99.26,-1023,3880,3,93,0.0,6592,32,-2.1489785,43.27933,65.02193,25.36623832119818,12:09.6,7,7200.353,0101000020E6100000D24EEBAB1B3101C0C622521AC1A34540,20230419_NISSAN_AZPEITIA_DONOSTIA_032,,d3,48:13.9,26:13.9,NISSAN_LEAF,Nissan Leaf e+ 62 kW,62000,174,11:56.7,8.1,13,360,N,-5.4892836756450665,24.976884836632976,105,62,,,,10.0,94.0,1.0,0,92,13,25,7
19/04/2023 13:12,70,94.8,78,21.499998,99.26,-1023,22480,3,93,3.33,6401,32,-2.1468532,43.28032,69.02175,25.5705277065918,12:17.7,7,7200.343000000001,0101000020E6100000C65E4060C12C01C0D4897075E1A34540,20230419_NISSAN_AZPEITIA_DONOSTIA_032,,d3,48:13.9,26:13.9,NISSAN_LEAF,Nissan Leaf e+ 62 kW,62000,174,11:56.7,8.1,13,360,N,-8.80699482524114,42.64556474981546,105,62,,,,10.0,94.0,1.0,0,92,13,8,8
19/04/2023 13:12,76,89.6,78,21.499998,99.26,-1023,7360,3,93,0.0,6330,32,-2.1450617000000003,43.28197,75.13388,25.804473031423914,12:26.7,7,7200.303000000001,0101000020E6100000E29AFE2F162901C0D06B9DAE17A44540,20230419_NISSAN_AZPEITIA_DONOSTIA_032,,d3,48:13.9,26:13.9,NISSAN_LEAF,Nissan Leaf e+ 62 kW,62000,174,11:56.7,8.1,13,360,N,-6.450316026483534,29.74746931364296,105,62,,,,10.0,94.0,1.0,0,92,13,85,8
19/04/2023 13:12,83,93.3,78,21.499998,99.26,-1023,12640,3,93,3.59,6150,32,-2.1431544,43.28306,82.53921,26.000895406965036,12:34.8,7,7200.191999999999,0101000020E610000090735D1D2E2501C0C8E878483BA44540,20230419_NISSAN_AZPEITIA_DONOSTIA_032,,d3,48:13.9,26:13.9,NISSAN_LEAF,Nissan Leaf e+ 62 kW,62000,174,11:56.7,8.1,13,360,N,-2.032470885048721,8.994747187826649,105,62,,,,10.0,94.0,1.0,0,92,13,8,8
19/04/2023 13:12,85,98.5,78,21.499998,99.26,-1023,12160,3,93,2.89,6466,32,-2.1406274,43.28346,85.065865,26.210243310192038,12:42.8,7,7200.223000000001,0101000020E610000065CEC937012001C0A627FE6548A44540,20230419_NISSAN_AZPEITIA_DONOSTIA_032,,d3,48:13.9,26:13.9,NISSAN_LEAF,Nissan Leaf e+ 62 kW,62000,174,11:56.7,8.1,13,360,N,1.403844131811688,-6.199346122765528,105,62,,,,10.0,94.0,1.0,0,92,13,8,8
19/04/2023 13:12,87,99.0,78,21.499998,99.26,-1023,0,3,93,-1.62,6794,32,-2.1376262,43.283134,87.09084,26.455878961692303,12:51.9,7,7200.142,0101000020E610000012F760BEDB1901C05AF760CB3DA44540,20230419_NISSAN_AZPEITIA_DONOSTIA_032,,d3,48:13.9,26:13.9,NISSAN_LEAF,Nissan Leaf e+ 62 kW,62000,174,11:56.7,8.1,13,360,N,-0.2749252797802544,1.2117871240833336,105,62,,,,10.0,94.0,1.0,0,92,13,8,8
19/04/2023 13:13,86,100.4,78,21.499998,99.26,-1040,13400,3,93,0.0,6661,32,-2.1349788,43.283190000000005,86.59615,26.670269190850775,12:59.9,7,7200.143,0101000020E61000006AC4C1C86F1401C0B3DE31A03FA44540,20230419_NISSAN_AZPEITIA_DONOSTIA_032,,d3,48:13.9,26:13.9,NISSAN_LEAF,Nissan Leaf e+ 62 kW,62000,174,11:56.7,8.1,13,360,N,1.0288983290297486,-4.539480942813272,105,62,,,,10.0,94.0,1.0,0,92,13,8,8
19/04/2023 13:13,82,98.5,78,21.499998,99.26,-1040,5440,3,93,1.25,6714,32,-2.1323338,43.28298,83.260864,26.885669817957663,13:07.9,7,7200.103,0101000020E610000018B81CF7040F01C0A64E35CA38A44540,20230419_NISSAN_AZPEITIA_DONOSTIA_032,,d3,48:13.9,26:13.9,NISSAN_LEAF,Nissan Leaf e+ 62 kW,62000,174,11:56.7,8.1,13,360,N,1.2420741982732155,-5.482640876550445,349,105,7.0,87.0,229.0,,,,26,311,38,120,9
19/04/2023 13:13,74,117.5,78,21.499998,99.26,-1040,30240,3,92,2.84,7643,32,-2.129177,43.282677,76.48796999999999,27.143505388652674,13:17.0,7,7200.043000000001,0101000020E61000009011A8FF8D0801C0692453C42EA44540,20230419_NISSAN_AZPEITIA_DONOSTIA_032,,d3,48:13.9,26:13.9,NISSAN_LEAF,Nissan Leaf e+ 62 kW,62000,174,11:56.7,8.1,13,360,N,1.4670841337676712,-6.479783228923553,216,59,,,,35.0,179.0,2.0,0,188,28,8,8
19/04/2023 13:13,71,114.3,78,21.499998,99.26,-1040,17680,3,92,2.75,7816,32,-2.1260514,43.282322,71.995285,27.399616463700376,13:25.0,7,7199.993,0101000020E6100000BBACDE40270201C01148421323A44540,20230419_NISSAN_AZPEITIA_DONOSTIA_032,,d3,48:13.9,26:13.9,NISSAN_LEAF,Nissan Leaf e+ 62 kW,62000,174,11:56.7,8.1,13,360,N,0.7234114627012682,-3.1899880775130205,349,105,7.0,87.0,229.0,,,,26,311,38,120,8
19/04/2023 13:13,70,110.7,78,21.499998,99.26,-1040,17040,3,93,2.17,7448,32,-2.1225526,43.282127,71.09358,27.683668579107305,13:34.1,7,7199.9130000000005,0101000020E6100000F1D7B9DEFCFA00C0928C0FCB1CA44540,20230419_NISSAN_AZPEITIA_DONOSTIA_032,,d3,48:13.9,26:13.9,NISSAN_LEAF,Nissan Leaf e+ 62 kW,62000,174,11:56.7,8.1,13,360,N,-0.5095712807383004,2.246443495507059,349,105,7.0,87.0,229.0,,,,26,311,38,8,8
19/04/2023 13:13,70,100.1,78,21.499998,99.26,-1040,26960,3,93,1.8,6925,32,-2.119672,43.28224,70.35979499999999,27.91718783432283,13:42.1,7,7199.903,0101000020E6100000D865DBA116F500C069D6508720A44540,20230419_NISSAN_AZPEITIA_DONOSTIA_032,,d3,48:13.9,26:13.9,NISSAN_LEAF,Nissan Leaf e+ 62 kW,62000,174,11:56.7,8.1,13,360,N,2.805959369602831,-12.464990619091472,349,105,7.0,87.0,229.0,,,,26,311,38,120,8
19/04/2023 13:13,73,84.1,77,21.499998,99.26,-1040,23080,3,93,2.42,5901,32,-2.1166863,43.28158,73.084076,28.16978767629824,13:51.2,7,7199.823,0101000020E6100000151FB540F9EE00C059A750DE0AA44540,20230419_NISSAN_AZPEITIA_DONOSTIA_032,,d3,48:13.9,26:13.9,NISSAN_LEAF,Nissan Leaf e+ 62 kW,62000,174,11:56.7,8.1,13,360,N,2.514939232179396,-11.1545919657728,216,59,,,,35.0,179.0,2.0,0,188,28,25,7
19/04/2023 13:13,78,89.1,77,21.499998,99.26,-1040,20680,3,93,4.47,5903,32,-2.114394,43.281128,78.178635,28.362101755973374,13:59.2,7,7199.763000000001,0101000020E610000034C08F6447EA00C088DEBE0CFCA34540,20230419_NISSAN_AZPEITIA_DONOSTIA_032,,d3,48:13.9,26:13.9,NISSAN_LEAF,Nissan Leaf e+ 62 kW,62000,174,11:56.7,8.1,13,360,N,-0.7719099377373464,3.40409320132724,349,105,7.0,87.0,229.0,,,,26,311,38,85,7
19/04/2023 13:14,87,104.1,77,21.499998,99.26,-1040,36560,3,93,5.12,6831,32,-2.1115024,43.2813,86.48357,28.597102569727195,14:08.2,7,7199.763000000001,0101000020E6100000354BA1605BE400C0BFD3499601A44540,20230419_NISSAN_AZPEITIA_DONOSTIA_032,,d3,48:13.9,26:13.9,NISSAN_LEAF,Nissan Leaf e+ 62 kW,62000,174,11:56.7,8.1,13,360,N,-2.4536096760372548,10.879214836682491,349,105,7.0,87.0,229.0,,,,26,311,38,45,7
19/04/2023 13:14,98,110.1,77,21.499998,99.26,-1040,25760,3,94,3.34,7500,32,-2.1086407000000005,43.28185,97.70422,28.83695429668194,14:16.3,7,7199.682,0101000020E61000008987EC067FDE00C03D7DCC9113A44540,20230419_NISSAN_AZPEITIA_DONOSTIA_032,,d3,48:13.9,26:13.9,NISSAN_LEAF,Nissan Leaf e+ 62 kW,62000,174,16:30.5,8.1,13,360,N,-3.789564696409518,16.948078278475318,349,105,7.0,87.0,229.0,,,,26,311,38,45,7
19/04/2023 13:14,115,111.5,77,21.499998,99.26,-1040,25120,3,95,3.88,7588,32,-2.1055036,43.282806,113.75678,29.11271623522302,14:25.4,7,7199.643,0101000020E61000003D4B724612D800C0E98D7FFC32A44540,20230419_NISSAN_AZPEITIA_DONOSTIA_032,,d3,48:13.9,26:13.9,NISSAN_LEAF,Nissan Leaf e+ 62 kW,62000,174,16:30.5,8.1,13,360,N,-2.996337952053348,13.325776647396076,349,105,7.0,87.0,229.0,,,,26,311,38,45,7
19/04/2023 13:14,128,114.7,77,22.0,99.26,-1040,26480,3,96,2.92,7759,32,-2.102523,43.283512,127.461845,29.366807232155335,14:33.4,7,7199.593000000001,0101000020E6100000EC7C2BA2F7D100C0B254931C4AA44540,20230419_NISSAN_AZPEITIA_DONOSTIA_032,,d3,48:13.9,26:13.9,NISSAN_LEAF,Nissan Leaf e+ 62 kW,62000,174,16:30.5,8.1,13,360,N,-4.369166115433747,19.63881573395709,349,105,7.0,87.0,229.0,,,,26,311,38,45,6
19/04/2023 13:14,140,104.7,76,22.0,99.26,-1040,0,3,96,0.52,7442,32,-2.0993788,43.284634,139.42113,29.65050344834407,14:42.4,7,7199.613,0101000020E6100000A4878F2887CB00C08C393EDB6EA44540,20230419_NISSAN_AZPEITIA_DONOSTIA_032,,d3,48:13.9,26:13.9,NISSAN_LEAF,Nissan Leaf e+ 62 kW,62000,174,16:30.5,8.1,13,360,N,-3.374767304599524,15.046179674704916,349,105,7.0,87.0,229.0,,,,26,311,38,8,6
19/04/2023 13:14,151,98.7,76,22.0,99.26,-1040,1800,3,97,0.0,6827,32,-2.0966706000000004,43.285362,150.31184,29.884440082783566,14:50.4,7,7200.563,0101000020E61000004A60A935FBC500C053F493B886A44540,20230419_NISSAN_AZPEITIA_DONOSTIA_032,,d3,48:13.9,26:13.9,NISSAN_LEAF,Nissan Leaf e+ 62 kW,62000,174,16:30.5,8.1,13,360,N,-5.610122264396858,25.565831809073977,349,105,7.0,87.0,229.0,,,,26,311,38,25,6
19/04/2023 13:14,160,99.7,76,22.5,99.26,-1040,19600,3,96,2.25,6735,32,-2.094459,43.28642,157.8491,30.098783618187394,14:58.5,7,7200.473000000001,0101000020E61000006D699BC173C100C0773D2D5FA9A44540,20230419_NISSAN_AZPEITIA_DONOSTIA_032,,d3,48:13.9,26:13.9,NISSAN_LEAF,Nissan Leaf e+ 62 kW,62000,174,16:30.5,8.1,13,360,N,-1.7669845749334816,7.811931710279466,349,105,7.0,87.0,229.0,,,,26,311,38,25,6
19/04/2023 13:15,167,90.1,76,22.5,99.26,-1040,8800,3,96,1.23,6337,32,-2.091835,43.28678,166.1353,30.31507481393016,15:06.5,7,7200.473000000001,0101000020E610000081A4FAF213BC00C0303CF245B5A44540,20230419_NISSAN_AZPEITIA_DONOSTIA_032,,d3,48:13.9,26:13.9,NISSAN_LEAF,Nissan Leaf e+ 62 kW,62000,174,16:30.5,8.1,13,360,N,1.474161861088435,-6.511178911541256,349,105,7.0,87.0,229.0,,,,26,311,38,8,6
19/04/2023 13:15,174,87.1,76,22.5,99.26,-1040,17040,3,96,5.27,5698,32,-2.0891364,43.286472,173.35721999999998,30.53629257862879,15:15.6,7,7200.391,0101000020E6100000871020288DB600C039150A2BABA44540,20230419_NISSAN_AZPEITIA_DONOSTIA_032,,d3,48:13.9,26:13.9,NISSAN_LEAF,Nissan Leaf e+ 62 kW,62000,174,16:30.5,8.1,13,360,N,-2.042155544582587,9.03796505945465,349,105,7.0,87.0,229.0,,,,26,311,38,25,5
19/04/2023 13:15,181,102.6,76,22.5,99.26,-1040,34560,3,96,5.59,6753,32,-2.0867097,43.286858,179.45956,30.73744282443848,15:23.6,7,7200.354,0101000020E610000028E30BED94B100C04F72B1CFB7A44540,20230419_NISSAN_AZPEITIA_DONOSTIA_032,,d3,48:13.9,26:13.9,NISSAN_LEAF,Nissan Leaf e+ 62 kW,62000,174,16:30.5,8.1,13,360,N,-3.338019761447189,14.87853582942397,349,105,7.0,87.0,229.0,,,,26,311,38,25,5
19/04/2023 13:15,189,109.0,76,22.5,99.26,-1040,29080,3,97,3.8,7398,32,-2.0839846,43.287582,186.75255,30.972362359764386,15:31.7,7,7200.312,0101000020E61000005F71BB2C00AC00C07F35F075CFA44540,20230419_NISSAN_AZPEITIA_DONOSTIA_032,,d3,48:13.9,26:13.9,NISSAN_LEAF,Nissan Leaf e+ 62 kW,62000,174,16:30.5,8.1,13,360,N,-2.222885768197901,9.84545526144448,349,105,7.0,87.0,229.0,,,,26,311,38,25,5
19/04/2023 13:15,200,109.9,76,23.0,99.26,-1040,29320,3,98,3.84,7449,32,-2.0807290000000003,43.288147,198.30807,31.243505284881266,15:40.7,7,7200.262,0101000020E6100000B474554955A500C09C8403F4E1A44540,20230419_NISSAN_AZPEITIA_DONOSTIA_032,,d3,48:13.9,26:13.9,NISSAN_LEAF,Nissan Leaf e+ 62 kW,62000,174,16:30.5,8.1,13,360,N,-3.783512469079896,16.92019486858623,349,105,7.0,87.0,229.0,,,,26,311,38,25,5
19/04/2023 13:15,208,110.7,75,23.0,99.26,-1040,21680,3,98,3.03,7532,32,-2.077925,43.289,206.29565,31.4896127937465,15:48.7,7,7200.263000000001,0101000020E610000094E90B25979F00C07CBE030EFEA44540,20230419_NISSAN_AZPEITIA_DONOSTIA_032,,d3,48:13.9,26:13.9,NISSAN_LEAF,Nissan Leaf e+ 62 kW,62000,174,16:30.5,8.1,13,360,N,-5.177148446225702,23.46833507292755,349,105,7.0,87.0,229.0,,,,26,311,38,25,4
19/04/2023 13:15,218,106.3,75,23.0,99.26,-1040,17440,3,99,3.23,7324,32,-2.0750136,43.290264,215.90837,31.764157850185452,15:57.8,7,7200.213000000001,0101000020E6100000071EF7C2A09900C0C5C7DA6E27A54540,20230419_NISSAN_AZPEITIA_DONOSTIA_032,,d3,48:13.9,26:13.9,NISSAN_LEAF,Nissan Leaf e+ 62 kW,62000,174,16:30.5,8.1,13,360,N,-3.7145101638395897,16.602581863482527,349,105,7.0,87.0,229.0,,,,26,311,38,25,4
19/04/2023 13:16,229,82.2,75,23.0,99.26,-1053,0,3,99,-1.55,6203,32,-2.0720756,43.291140000000006,227.29872000000003,32.02138012786783,16:06.8,7,7200.173000000001,0101000020E61000000937F46F9C9300C01841E22F44A54540,20230419_NISSAN_AZPEITIA_DONOSTIA_032,,d3,48:13.9,26:13.9,NISSAN_LEAF,Nissan Leaf e+ 62 kW,62000,174,16:30.5,8.1,13,360,N,-2.3898031326480496,10.592985379376575,349,105,7.0,87.0,229.0,,,,26,311,38,8,4
19/04/2023 13:16,239,81.6,75,23.500002,99.26,-1053,11360,3,99,0.86,5651,32,-2.0698833,43.29155,237.15802,32.2048448393564,16:14.9,7,7200.133000000001,0101000020E6100000A07530041F8F00C001D2B48A51A54540,20230419_NISSAN_AZPEITIA_DONOSTIA_032,,d3,48:13.9,26:13.9,NISSAN_LEAF,Nissan Leaf e+ 62 kW,62000,174,16:30.5,8.1,13,360,N,-3.412302416237025,15.217552687516095,349,105,7.0,87.0,229.0,,,,26,311,38,8,4
19/04/2023 13:16,249,97.0,75,23.500002,99.26,-1053,43160,3,99,7.09,6107,32,-2.0675857,43.292175,247.09752000000003,32.40361287588309,16:23.9,7,7200.0830000000005,0101000020E6100000566CD3526A8A00C04A41DD0366A54540,20230419_NISSAN_AZPEITIA_DONOSTIA_032,,d3,48:13.9,26:13.9,NISSAN_LEAF,Nissan Leaf e+ 62 kW,62000,174,16:30.5,8.1,13,360,N,-5.268446657176463,23.907742457504757,349,105,7.0,87.0,229.0,,,,26,311,38,8,4
19/04/2023 13:16,256,111.7,75,23.500002,99.26,-1053,34800,3,100,2.97,7563,32,-2.0651765,43.293243,254.85658,32.63204923531622,16:32.0,7,7200.043000000001,0101000020E61000005AD010417B8500C0DAA89C0689A54540,20230419_NISSAN_AZPEITIA_DONOSTIA_032,,d3,48:13.9,26:13.9,NISSAN_LEAF,Nissan Leaf e+ 62 kW,62000,174,16:30.5,8.1,13,360,N,-5.649973404683686,25.760692581517144,349,105,7.0,87.0,229.0,,,,26,311,38,8,3
19/04/2023 13:16,260,114.6,75,23.500002,99.26,-1053,15200,3,101,0.0,7657,32,-2.0622816000000004,43.29464,259.84323,32.91320390191207,16:41.0,7,7200.003000000001,0101000020E610000082E5C8768D7F00C07C2F5FC3B6A54540,20230419_NISSAN_AZPEITIA_DONOSTIA_032,,d3,48:13.9,26:13.9,NISSAN_LEAF,Nissan Leaf e+ 62 kW,62000,174,16:30.5,8.1,13,360,N,-1.8571066779457095,8.213049594319777,349,105,7.0,87.0,229.0,,,,26,311,38,8,3
19/04/2023 13:16,265,107.2,75,23.500002,99.26,-1074,0,3,101,-1.66,7166,32,-2.0592747,43.295074,265.57776,33.161361915967156,16:49.0,7,7199.963000000001,0101000020E61000009257B30A657900C004B41904C5A54540,20230419_NISSAN_AZPEITIA_DONOSTIA_032,,d3,48:13.9,26:13.9,NISSAN_LEAF,Nissan Leaf e+ 62 kW,62000,174,16:56.6,5.6,9,30,NNE,-3.811994929762246,-4.94076664487483,349,105,7.0,87.0,229.0,,,,26,311,38,8,3
19/04/2023 13:16,263,102.7,75,23.500002,99.26,-1093,0,3,101,-1.67,6909,32,-2.0561514,43.294804,263.64255,33.41591892951316,16:58.1,7,7199.9130000000005,0101000020E6100000F5CC6773FF7200C09442D619BCA54540,20230419_NISSAN_AZPEITIA_DONOSTIA_032,,d3,48:13.9,26:13.9,NISSAN_LEAF,Nissan Leaf e+ 62 kW,62000,174,16:56.6,5.6,9,30,NNE,-4.806385247260235,2.279020085939818,349,105,7.0,87.0,229.0,,,,26,311,38,8,3
19/04/2023 13:17,259,105.0,75,23.500002,99.26,-1114,10640,3,100,1.77,6768,32,-2.0533874,43.294914,260.20615,33.63997404923129,17:06.2,7,7199.803000000001,0101000020E61000001C4E5659566D00C0B75079B7BFA54540,20230419_NISSAN_AZPEITIA_DONOSTIA_032,,d3,48:13.9,26:13.9,NISSAN_LEAF,Nissan Leaf e+ 62 kW,62000,174,16:56.6,5.6,9,30,NNE,-1.3652190285804455,-21.27506460276227,349,105,7.0,87.0,229.0,,,,26,311,38,8,3
19/04/2023 13:17,253,101.8,75,23.500002,99.26,-1119,640,3,100,-1.22,6937,32,-2.0505958,43.293827,253.29657000000003,33.89629700210229,17:14.3,7,7199.743,0101000020E6100000C76C7DBF9E6700C0EC1D92209CA54540,20230419_NISSAN_AZPEITIA_DONOSTIA_032,,d3,48:13.9,26:13.9,NISSAN_LEAF,Nissan Leaf e+ 62 kW,62000,174,16:56.6,5.6,9,30,NNE,-4.457614943984874,-0.3110886874260966,349,105,7.0,87.0,229.0,,,,26,311,38,25,2
19/04/2023 13:17,240,101.0,75,23.500002,99.26,-1141,760,3,100,2.05,6727,32,-2.0474648,43.29381,241.90654,34.14996070125563,17:23.3,7,7199.713000000001,0101000020E6100000A939FC33356100C04FEF95AC9BA54540,20230419_NISSAN_AZPEITIA_DONOSTIA_032,,d3,48:13.9,26:13.9,NISSAN_LEAF,Nissan Leaf e+ 62 kW,62000,174,16:56.6,5.6,9,30,NNE,-3.1970922422983774,-9.19230731761872,349,105,7.0,87.0,229.0,,,,26,311,38,25,2
19/04/2023 13:17,228,112.5,75,23.500002,99.26,-1141,2160,3,99,-0.58,7494,32,-2.044579,43.293343,230.50136,34.389492467754145,17:31.3,7,7199.712,0101000020E6100000595223324C5B00C08CC3DB478CA54540,20230419_NISSAN_AZPEITIA_DONOSTIA_032,,d3,48:13.9,26:13.9,NISSAN_LEAF,Nissan Leaf e+ 62 kW,62000,174,16:56.6,5.6,9,30,NNE,-3.0762539759584806,-10.013056560037269,349,105,7.0,87.0,229.0,,,,26,311,38,120,2
19/04/2023 13:17,216,107.2,75,23.500002,99.26,-1151,0,3,99,-1.48,7315,32,-2.0414243,43.292786,216.29568,34.65260305125942,17:40.4,7,7199.621,0101000020E610000057158939D65400C050AD37FD79A54540,20230419_NISSAN_AZPEITIA_DONOSTIA_032,,d3,48:13.9,26:13.9,NISSAN_LEAF,Nissan Leaf e+ 62 kW,62000,174,16:56.6,5.6,9,30,NNE,-2.304885207349356,-15.16132233231364,349,105,7.0,87.0,229.0,,,,26,311,38,120,2
19/04/2023 13:17,202,99.6,75,23.500002,99.26,-1188,0,3,98,-1.64,6799,32,-2.0388336,43.292084,204.05797,34.876673612432064,17:48.4,7,7199.5830000000005,0101000020E61000007E6998FC874F00C0EFC828F462A54540,20230419_NISSAN_AZPEITIA_DONOSTIA_032,,d3,48:13.9,26:13.9,NISSAN_LEAF,Nissan Leaf e+ 62 kW,62000,174,16:56.6,5.6,9,30,NNE,2.737092154839818,-47.705310067716674,349,105,7.0,87.0,229.0,,,,26,311,38,25,1
19/04/2023 13:17,189,100.0,75,23.500002,99.26,-1204,8040,3,98,2.78,6615,32,-2.0373516,43.290455,191.20973,35.09430387827439,17:56.4,7,7199.592,0101000020E6100000C4A32AF27E4C00C069A2C9A42DA54540,20230419_NISSAN_AZPEITIA_DONOSTIA_032,,d3,48:13.9,26:13.9,NISSAN_LEAF,Nissan Leaf e+ 62 kW,62000,174,16:56.6,5.6,9,30,NNE,4.771971921178601,-62.02025988549447,349,105,7.0,87.0,229.0,,,,26,311,38,120,1
19/04/2023 13:18,179,104.7,75,23.500002,99.26,-1204,18200,3,98,3.08,6974,32,-2.0362349,43.288353,179.80827,35.34516208060769,18:05.5,7,7199.533,0101000020E6100000516BC487354A00C062930DC5E8A44540,20230419_NISSAN_AZPEITIA_DONOSTIA_032,,d3,48:13.9,26:13.9,NISSAN_LEAF,Nissan Leaf e+ 62 kW,62000,174,16:56.6,5.6,9,30,NNE,0.1311557041094662,-30.834992701034043,349,105,7.0,87.0,229.0,,,,26,311,38,90,1
19/04/2023 13:18,173,108.8,75,23.500002,99.26,-1204,12200,3,98,2.47,7264,32,-2.0342364,43.28716,174.80491999999998,35.554420227576834,18:12.5,7,7200.493,0101000020E6100000E0E0EBC51D4600C0CDA83D9FC1A44540,20230419_NISSAN_AZPEITIA_DONOSTIA_032,,d3,48:13.9,26:13.9,NISSAN_LEAF,Nissan Leaf e+ 62 kW,62000,174,16:56.6,5.6,9,30,NNE,-1.5079321411038396,-20.354714004691864,349,105,7.0,87.0,229.0,,,,26,311,38,120,1
19/04/2023 13:18,172,109.8,74,23.500002,99.26,-1204,21440,3,98,1.98,7536,32,-2.0312822,43.286064,172.76641999999998,35.82281328884324,18:21.6,7,7200.4130000000005,0101000020E6100000E4EDC2EE104000C0B41F1FB19DA44540,20230419_NISSAN_AZPEITIA_DONOSTIA_032,,d3,48:13.9,26:13.9,NISSAN_LEAF,Nissan Leaf e+ 62 kW,62000,174,16:56.6,5.6,9,30,NNE,-3.2669871124271226,-8.715537041826922,349,105,7.0,87.0,229.0,,,,26,311,38,8,1
19/04/2023 13:18,171,106.2,74,23.500002,99.26,-1204,8360,3,98,0.66,7201,32,-2.0283859,43.28562,171.61942,36.062394770647856,18:29.6,7,7200.363,0101000020E6100000233E625C223A00C0AFD9DE368FA44540,20230419_NISSAN_AZPEITIA_DONOSTIA_032,,d3,48:13.9,26:13.9,NISSAN_LEAF,Nissan Leaf e+ 62 kW,62000,174,16:56.6,5.6,9,30,NNE,-5.963287659801182,11.497511438653804,349,105,7.0,87.0,229.0,,,,26,311,38,8,1
19/04/2023 13:18,167,110.9,74,23.500002,99.26,-1204,8120,3,97,0.84,7390,32,-2.0252395,43.28626,168.55989,36.32684847952267,18:38.6,7,7200.363,0101000020E610000004A123C3B03300C0227D7D2FA4A44540,20230419_NISSAN_AZPEITIA_DONOSTIA_032,,d3,48:13.9,26:13.9,NISSAN_LEAF,Nissan Leaf e+ 62 kW,62000,174,16:56.6,5.6,9,30,NNE,-8.248120456044038,36.41361373838358,349,105,7.0,87.0,229.0,,,,26,311,38,90,1
19/04/2023 13:18,162,103.5,74,23.500002,99.26,-1219,0,3,97,0.0,7018,32,-2.0229294,43.287964,163.15155,36.59310651415489,18:47.7,7,7200.3240000000005,0101000020E610000044DDFC9AF52E00C0D7600DFDDBA44540,20230419_NISSAN_AZPEITIA_DONOSTIA_032,,d3,48:13.9,26:13.9,NISSAN_LEAF,Nissan Leaf e+ 62 kW,62000,174,16:56.6,5.6,9,30,NNE,-7.273244601960206,23.914434001695103,349,105,7.0,87.0,229.0,,,,26,311,38,100,1
19/04/2023 13:18,157,98.3,74,23.500002,99.26,-1235,0,3,97,-1.64,6720,32,-2.020539,43.289024,158.58655,36.81970626858577,18:55.7,7,7200.283,0101000020E61000006BCBCF66102A00C06716F1B2FEA44540,20230419_NISSAN_AZPEITIA_DONOSTIA_032,,d3,48:13.9,26:13.9,NISSAN_LEAF,Nissan Leaf e+ 62 kW,62000,174,16:56.6,5.6,9,30,NNE,-6.165980274313729,13.244173641602211,349,105,7.0,87.0,229.0,,,,26,311,38,80,1
19/04/2023 13:19,150,86.8,74,23.500002,99.26,-1279,0,3,97,0.14,5859,32,-2.0180917000000003,43.2896,152.47017,37.02797518903367,19:03.8,7,7200.214,0101000020E6100000811D3E3D0D2500C08C6405A811A54540,20230419_NISSAN_AZPEITIA_DONOSTIA_032,,d3,48:13.9,26:13.9,NISSAN_LEAF,Nissan Leaf e+ 62 kW,62000,174,16:56.6,5.6,9,30,NNE,-8.940569150023649,53.41187816296895,349,105,7.0,87.0,229.0,,,,26,311,38,90,1
19/04/2023 13:19,147,84.4,74,23.500002,99.26,-1283,0,3,97,-2.78,5912,32,-2.0168312,43.291298,147.74272,37.24263672295105,19:12.8,7,7200.153,0101000020E6100000B09E735D782200C03445D34749A54540,20230419_NISSAN_AZPEITIA_DONOSTIA_032,,d3,48:13.9,26:13.9,NISSAN_LEAF,Nissan Leaf e+ 62 kW,62000,174,16:56.6,5.6,9,30,NNE,-7.419079167757408,94.47815004790424,137,109,3.0,19.0,99.0,,,,16,134,3,45,1
19/04/2023 13:19,138,73.4,75,23.500002,99.26,-1323,1480,3,96,-1.34,4994,32,-2.0169504000000003,43.29282,140.78575,37.41229285602122,19:20.9,7,7200.1230000000005,0101000020E610000005ED98E7B62200C03EDE9B107BA54540,20230419_NISSAN_AZPEITIA_DONOSTIA_032,,d3,48:13.9,26:13.9,NISSAN_LEAF,Nissan Leaf e+ 62 kW,62000,174,21:30.5,5.6,9,30,NNE,-8.960404639143167,54.62352192128311,148,49,,,,59.0,89.0,0.0,0,118,30,80,1
19/04/2023 13:19,133,82.4,74,23.0,99.26,-1328,6560,3,96,0.33,5393,32,-2.0160103,43.294144,134.16522,37.57814568950553,19:28.9,7,7200.081999999999,0101000020E6100000E4C6D604CA2000C00F75FE7EA6A54540,20230419_NISSAN_AZPEITIA_DONOSTIA_032,,d3,48:13.9,26:13.9,NISSAN_LEAF,Nissan Leaf e+ 62 kW,62000,174,21:30.5,5.6,9,30,NNE,-7.057423569576459,21.64288658661104,148,49,,,,59.0,89.0,0.0,0,118,30,25,1
19/04/2023 13:19,125,88.0,74,23.0,99.26,-1328,4640,3,96,-1.03,5861,32,-2.013727,43.29505,126.85474,37.78874119675813,19:37.9,7,7200.0830000000005,0101000020E61000004254AEE31C1C00C0F9ED4E3DC4A54540,20230419_NISSAN_AZPEITIA_DONOSTIA_032,,d3,48:13.9,26:13.9,NISSAN_LEAF,Nissan Leaf e+ 62 kW,62000,174,21:30.5,5.6,9,30,NNE,-7.659758502264711,28.32979799466658,137,109,3.0,19.0,99.0,,,,16,134,3,80,1
19/04/2023 13:19,118,83.7,75,23.0,99.26,-1350,0,3,96,-0.2,5706,32,-2.0116217,43.296185,119.157715,38.00091470925655,19:47.0,7,7200.004,0101000020E61000006298D610CD1700C0FBD8D05EE9A54540,20230419_NISSAN_AZPEITIA_DONOSTIA_032,,d3,48:13.9,26:13.9,NISSAN_LEAF,Nissan Leaf e+ 62 kW,62000,174,21:30.5,5.6,9,30,NNE,-8.518547056902918,41.17440934142048,347,68,,,,11.0,289.0,47.0,0,323,24,8,1
19/04/2023 13:19,109,87.0,75,23.0,99.26,-1355,0,3,95,-0.52,5908,32,-2.0101068,43.29751,111.53021,38.192737050687995,19:55.0,7,7199.962,0101000020E610000008055AEEB21400C072DC7EBB14A64540,20230419_NISSAN_AZPEITIA_DONOSTIA_032,,d3,48:13.9,26:13.9,NISSAN_LEAF,Nissan Leaf e+ 62 kW,62000,174,21:30.5,5.6,9,30,NNE,-7.809377781488548,30.19345095532306,347,68,,,,11.0,289.0,47.0,0,323,24,25,1
19/04/2023 13:20,100,91.7,75,23.0,99.26,-1360,0,3,95,-1.41,6091,32,-2.0082335,43.2986,102.54374,38.38704003797148,20:03.1,7,7199.946999999999,0101000020E610000008D7E6B3DC1000C06352B38D38A64540,20230419_NISSAN_AZPEITIA_DONOSTIA_032,,d3,48:13.9,26:13.9,NISSAN_LEAF,Nissan Leaf e+ 62 kW,62000,174,21:30.5,5.6,9,30,NNE,-5.654679106392549,8.92463971500869,347,68,,,,11.0,289.0,47.0,0,323,24,80,1
19/04/2023 13:20,91,99.8,74,23.0,99.26,-1364,1880,3,95,-1.61,6626,32,-2.00575,43.29899,93.74627,38.59283386036211,20:11.1,7,7199.920999999999,0101000020E6100000EA943C9CC60B00C034FE7F4E45A64540,20230419_NISSAN_AZPEITIA_DONOSTIA_032,,d3,48:13.9,26:13.9,NISSAN_LEAF,Nissan Leaf e+ 62 kW,62000,174,21:30.5,5.6,9,30,NNE,-3.006071798202816,-10.487775132061463,347,68,,,,11.0,289.0,47.0,0,323,24,25,1
19/04/2023 13:20,82,83.5,75,23.0,99.26,-1399,0,3,95,-0.53,6012,32,-2.0029788,43.298477,84.36399999999999,38.82442798123867,20:20.3,7,7199.683000000001,0101000020E6100000109E47B3190600C0F3AD097634A64540,20230419_NISSAN_AZPEITIA_DONOSTIA_032,,d3,48:13.9,26:13.9,NISSAN_LEAF,Nissan Leaf e+ 62 kW,62000,174,21:30.5,5.6,9,30,NNE,0.1770358593007029,-31.127117979267048,347,68,,,,11.0,289.0,47.0,0,323,24,25,1
19/04/2023 13:20,79,85.6,75,23.0,99.26,-1399,18520,3,94,3.31,5859,32,-2.0010016,43.297283,79.97995,39.03239277523747,20:28.2,7,7199.83,0101000020E610000009D70C250D0200C09C8E96580DA64540,20230419_NISSAN_AZPEITIA_DONOSTIA_032,,d3,48:13.9,26:13.9,NISSAN_LEAF,Nissan Leaf e+ 62 kW,62000,174,21:30.5,5.6,9,30,NNE,1.230123820757994,-37.85580193790267,347,68,,,,11.0,289.0,47.0,0,323,24,80,1
19/04/2023 13:20,77,91.1,74,23.0,99.26,-1399,4920,3,94,0.0,6150,32,-1.9991193,43.29582,78.03818000000001,39.255267917609274,20:37.4,7,7199.581999999999,0101000020E6100000FE7F6C7D64FCFFBF74CB3462DDA54540,20230419_NISSAN_AZPEITIA_DONOSTIA_032,,d3,48:13.9,26:13.9,NISSAN_LEAF,Nissan Leaf e+ 62 kW,62000,174,21:30.5,5.6,9,30,NNE,-4.365611885195185,-0.9830731564696652,347,68,,,,11.0,289.0,47.0,0,323,24,25,1
19/04/2023 13:20,75,92.3,74,23.500002,99.26,-1399,17360,3,94,2.69,6017,32,-1.9963803,43.295773,75.72815,39.47700945739536,20:46.3,7,7199.71,0101000020E6100000325E22812CF1FFBFC640E2EADBA54540,20230419_NISSAN_AZPEITIA_DONOSTIA_032,,d3,48:13.9,26:13.9,NISSAN_LEAF,Nissan Leaf e+ 62 kW,62000,174,21:30.5,5.6,9,30,NNE,-7.445642617255374,25.821723226221064,347,68,,,,11.0,289.0,47.0,0,323,24,80,1
19/04/2023 13:20,75,74.9,74,23.500002,99.26,-1407,0,3,94,-1.48,5693,32,-1.9943323,43.296764,75.58375500000001,39.67604160011397,20:54.3,7,7199.681,0101000020E6100000664F4AFBC8E8FFBFEC26A36DFCA54540,20230419_NISSAN_AZPEITIA_DONOSTIA_032,,d3,48:13.9,26:13.9,NISSAN_LEAF,Nissan Leaf e+ 62 kW,62000,174,21:30.5,5.6,9,30,NNE,-6.296536492124988,14.396136847227252,347,68,,,,11.0,289.0,47.0,0,323,24,80,1
19/04/2023 13:21,76,78.0,74,23.500002,99.26,-1407,15080,3,94,5.0,5442,32,-1.9920883000000005,43.297340000000005,76.81728000000001,39.868612638537705,21:03.4,7,7199.641,0101000020E610000060D9AB0698DFFFBF22AB17440FA64540,20230419_NISSAN_AZPEITIA_DONOSTIA_032,,d3,48:13.9,26:13.9,NISSAN_LEAF,Nissan Leaf e+ 62 kW,62000,174,21:30.5,5.6,9,30,NNE,-5.14255434074542,4.847555628389109,347,68,,,,11.0,289.0,47.0,0,323,24,40,1
19/04/2023 13:21,76,79.3,74,23.500002,99.26,-1407,9960,4,95,2.38,5939,32,-1.9918171,43.297363,76.57908,39.89071014477588,21:11.4,7,7199.551,0101000020E610000032116FA47BDEFFBF7E3F740E10A64540,20230419_NISSAN_AZPEITIA_DONOSTIA_032,,d3,48:13.9,26:13.9,NISSAN_LEAF,Nissan Leaf e+ 62 kW,62000,174,21:30.5,5.6,9,30,NNE,-4.278830401422294,-1.6129355726550836,347,68,,,,11.0,289.0,47.0,0,323,24,40,1
19/04/2023 13:21,88,101.6,74,23.500002,99.26,-1407,11840,3,95,-1.81,6954,32,-1.9867387,43.29722,89.58436999999999,40.30220918464452,21:20.4,7,7199.552,0101000020E6100000F83E3E7CAEC9FFBFFB30B8400BA64540,20230419_NISSAN_AZPEITIA_DONOSTIA_032,,d3,48:13.9,26:13.9,NISSAN_LEAF,Nissan Leaf e+ 62 kW,62000,174,21:30.5,5.6,9,30,NNE,-5.986593017791503,11.695905934066138,137,109,3.0,19.0,99.0,,,,16,134,3,25,2
19/04/2023 13:21,81,95.5,74,23.500002,99.26,-1441,0,3,95,-1.62,6480,32,-1.984478,43.297688,83.17714000000001,40.49252811772608,21:27.5,7,7200.512,0101000020E6100000F7535C056CC0FFBFD2367E931AA64540,20230419_NISSAN_AZPEITIA_DONOSTIA_032,,d3,48:13.9,26:13.9,NISSAN_LEAF,Nissan Leaf e+ 62 kW,62000,174,21:30.5,5.6,9,30,NNE,-6.115194078754731,12.801929163702717,348,70,,,,0.0,299.0,48.0,1,267,81,80,2
19/04/2023 13:21,76,81.5,74,23.500002,99.26,-1494,0,3,95,-1.52,5649,32,-1.9818287,43.29829,76.73846,40.7172279352609,21:36.5,7,7200.463000000001,0101000020E6100000BCAAF50992B5FFBF50198C682EA64540,20230419_NISSAN_AZPEITIA_DONOSTIA_032,,d3,48:13.9,26:13.9,NISSAN_LEAF,Nissan Leaf e+ 62 kW,62000,174,21:30.5,5.6,9,30,NNE,-4.0334991832368186,-3.3738859231621188,301,96,,,,0.0,36.0,260.0,5,270,31,80,1
19/04/2023 13:21,68,91.0,74,23.500002,99.26,-1503,9680,3,95,3.16,6040,32,-1.9792504,43.298138,69.055885,40.92670640788549,21:45.6,7,7200.4130000000005,0101000020E6100000FDB0B47B02ABFFBF29DFB25429A64540,20230419_NISSAN_AZPEITIA_DONOSTIA_032,,d3,48:13.9,26:13.9,NISSAN_LEAF,Nissan Leaf e+ 62 kW,62000,174,21:56.6,5.6,9,30,NNE,-2.681685584001809,-12.664578875979972,301,96,,,,0.0,36.0,260.0,5,270,31,80,1
19/04/2023 13:21,67,89.2,74,23.500002,99.26,-1503,12840,3,95,3.47,6304,32,-1.9767227,43.29757,66.9644,41.14080537280496,21:53.7,7,7200.3240000000005,0101000020E6100000D617E1FBA7A0FFBF8CEE68C316A64540,20230419_NISSAN_AZPEITIA_DONOSTIA_032,,d3,48:13.9,26:13.9,NISSAN_LEAF,Nissan Leaf e+ 62 kW,62000,174,21:56.6,5.6,9,30,NNE,-4.066015761302905,-3.1420858700399377,301,96,,,,0.0,36.0,260.0,5,270,31,90,1
19/04/2023 13:22,74,94.3,74,23.500002,99.26,-1503,25840,3,95,1.0,6532,32,-1.9742088,43.297432,72.95629,41.34491602743805,22:01.7,7,7200.334,0101000020E6100000A9FD39095C96FFBF2ECE044012A64540,20230419_NISSAN_AZPEITIA_DONOSTIA_032,,d3,48:13.9,26:13.9,NISSAN_LEAF,Nissan Leaf e+ 62 kW,62000,174,21:56.6,5.6,9,30,NNE,-4.596682747411783,0.7133017905509593,348,70,,,,0.0,299.0,48.0,1,267,81,90,1
19/04/2023 13:22,84,71.9,74,23.500002,99.26,-1503,0,3,95,3.42,5176,32,-1.9714779,43.297466,83.05396999999999,41.566185253899036,22:10.8,7,7200.234,0101000020E61000002E7E825A2C8BFFBF5740E96713A64540,20230419_NISSAN_AZPEITIA_DONOSTIA_032,,d3,48:13.9,26:13.9,NISSAN_LEAF,Nissan Leaf e+ 62 kW,62000,174,21:56.6,5.6,9,30,NNE,1.1870774490248834,-37.57925504143239,348,70,,,,0.0,299.0,48.0,1,267,81,90,1
19/04/2023 13:22,91,70.6,74,23.500002,99.26,-1503,22640,3,95,4.58,4516,32,-1.9701797,43.296467,88.83629,41.719191697976484,22:18.8,7,7200.233,0101000020E6100000EAFA1319DB85FFBFEA90E5A6F2A54540,20230419_NISSAN_AZPEITIA_DONOSTIA_032,,d3,48:13.9,26:13.9,NISSAN_LEAF,Nissan Leaf e+ 62 kW,62000,174,21:56.6,5.6,9,30,NNE,6.250095304444761,-73.98380634396042,348,70,,,,0.0,299.0,48.0,1,267,81,90,1
19/04/2023 13:22,103,54.6,74,23.500002,99.26,-1503,0,3,96,-2.22,4348,32,-1.9697319,43.294907,101.54431,41.89685617261963,22:27.8,7,7200.193,0101000020E61000000F6886AE0584FFBFB5054C7CBFA54540,20230419_NISSAN_AZPEITIA_DONOSTIA_032,,d3,48:13.9,26:13.9,NISSAN_LEAF,Nissan Leaf e+ 62 kW,62000,174,21:56.6,5.6,9,30,NNE,8.985072262788174,-116.69954806491792,301,96,,,,0.0,36.0,260.0,5,270,31,8,1
19/04/2023 13:22,115,63.6,74,23.0,99.26,-1513,19080,3,96,5.3,3647,32,-1.9701599,43.294056,113.30867,41.998308130142135,22:35.8,7,7200.153,0101000020E610000039EF0857C685FFBF191EFDA9A3A54540,20230419_NISSAN_AZPEITIA_DONOSTIA_032,,d3,48:13.9,26:13.9,NISSAN_LEAF,Nissan Leaf e+ 62 kW,62000,174,21:56.6,5.6,9,30,NNE,5.690954533202167,-170.77789142304854,301,96,,,,0.0,36.0,260.0,5,270,31,45,1
19/04/2023 13:22,128,49.5,74,23.0,99.26,-1513,5200,3,96,-1.39,3361,32,-1.971712,43.293804,125.673904,42.12760383317825,22:44.9,7,7200.113,0101000020E6100000CAF95BDA218CFFBF4D612E6A9BA54540,20230419_NISSAN_AZPEITIA_DONOSTIA_032,,d3,48:13.9,26:13.9,NISSAN_LEAF,Nissan Leaf e+ 62 kW,62000,174,21:56.6,5.6,9,30,NNE,8.520609867046335,-101.21514822053514,301,96,,,,0.0,36.0,260.0,5,270,31,8,1
19/04/2023 13:22,133,36.8,74,23.0,99.26,-1522,6800,3,96,0.0,2425,32,-1.9718734,43.29299,131.99324,42.21927231438141,22:53.0,7,7199.973000000001,0101000020E6100000EB3DE41CCB8CFFBF0BAAC2B880A54540,20230419_NISSAN_AZPEITIA_DONOSTIA_032,,d3,48:13.9,26:13.9,NISSAN_LEAF,Nissan Leaf e+ 62 kW,62000,174,21:56.6,5.6,9,30,NNE,8.997903197848233,-121.23681155621294,301,96,,,,0.0,36.0,260.0,5,270,31,25,1
19/04/2023 13:23,139,29.8,74,23.0,99.26,-1522,5120,3,96,7.25,1651,32,-1.9722373,43.292390000000005,138.63634,42.29250280156715,23:02.0,7,7199.973000000001,0101000020E6100000F95C52BA488EFFBF5C5B820B6DA54540,20230419_NISSAN_AZPEITIA_DONOSTIA_032,,d3,48:13.9,26:13.9,NISSAN_LEAF,Nissan Leaf e+ 62 kW,62000,174,21:56.6,5.6,9,30,NNE,7.183888864394653,-157.04050368763748,301,96,,,,0.0,36.0,260.0,5,270,31,30,1
19/04/2023 13:23,142,36.3,73,23.0,99.26,-1522,3120,3,96,-0.59,2590,32,-1.9731036,43.292023,142.09492,42.37370176407567,23:10.1,7,7199.933000000001,0101000020E6100000E3812C2FD591FFBF74A70B0161A54540,20230419_NISSAN_AZPEITIA_DONOSTIA_032,,d3,48:13.9,26:13.9,NISSAN_LEAF,Nissan Leaf e+ 62 kW,62000,174,21:56.6,5.6,9,30,NNE,7.24979706815351,-156.33823781282567,301,96,,,,0.0,36.0,260.0,5,270,31,55,1
19/04/2023 13:23,143,4.6,73,23.0,99.26,-1531,0,3,96,-4.12,931,32,-1.9738088,43.291714,143.98088,42.440348202126145,23:18.1,7,7199.892,0101000020E61000000BA31087B894FFBFC7F82AE656A54540,20230419_NISSAN_AZPEITIA_DONOSTIA_032,,d3,48:13.9,26:13.9,NISSAN_LEAF,Nissan Leaf e+ 62 kW,62000,174,21:56.6,5.6,9,30,NNE,7.192566332167986,-156.94869908333197,301,96,,,,0.0,36.0,260.0,5,270,31,55,1
19/04/2023 13:23,144,0.0,73,23.0,99.26,-1531,0,3,96,0.0,0,32,-1.9738417,43.2917,144.38109,42.44345850601437,23:27.2,7,7199.840999999999,0101000020E6100000A6238FFCDA94FFBFD4CCF96E56A54540,20230419_NISSAN_AZPEITIA_DONOSTIA_032,,d3,48:13.9,26:13.9,NISSAN_LEAF,Nissan Leaf e+ 62 kW,62000,174,21:56.6,5.6,9,30,NNE,-4.500000000000004,0.0,301,96,,,,0.0,36.0,260.0,5,270,31,40,1
19/04/2023 13:23,144,0.0,73,23.0,99.26,-1531,0,3,95,0.0,0,32,-1.9738417,43.2917,144.38109,42.44345850601437,23:36.2,7,7199.79,0101000020E6100000A6238FFCDA94FFBFD4CCF96E56A54540,20230419_NISSAN_AZPEITIA_DONOSTIA_032,,d3,48:13.9,26:13.9,NISSAN_LEAF,Nissan Leaf e+ 62 kW,62000,174,21:56.6,5.6,9,30,NNE,7.547889032715128,-153.00170745225205,301,96,,,,0.0,36.0,260.0,5,270,31,40,1
19/04/2023 13:23,145,47.0,73,23.0,99.26,-1531,23120,3,95,0.45,2675,32,-1.9742264,43.291504,144.93106,42.48146825297691,23:44.2,7,7199.761,0101000020E6100000BC2755556E96FFBF1D00ABFA4FA54540,20230419_NISSAN_AZPEITIA_DONOSTIA_032,,d3,48:13.9,26:13.9,NISSAN_LEAF,Nissan Leaf e+ 62 kW,62000,174,21:56.6,5.6,9,30,NNE,6.910322142119341,-159.84204658935954,301,96,,,,0.0,36.0,260.0,5,270,31,40,1
19/04/2023 13:23,149,15.5,73,23.500002,99.26,-1542,0,3,96,11.78,340,32,-1.9749728,43.29123,149.30118000000002,42.54926808194504,23:53.4,7,7199.641,0101000020E6100000A686A3107D99FFBF9155540D47A54540,20230419_NISSAN_AZPEITIA_DONOSTIA_032,,d3,48:13.9,26:13.9,NISSAN_LEAF,Nissan Leaf e+ 62 kW,62000,174,21:56.6,5.6,9,30,NNE,7.81571456765791,-149.72529089206446,301,96,,,,0.0,36.0,260.0,5,270,31,55,1
19/04/2023 13:24,148,44.4,73,23.500002,99.26,-1542,16120,3,98,7.53,2533,32,-1.9755381,43.2909,148.38043000000002,42.607925534929436,24:01.3,7,7199.67,0101000020E6100000B49AA2D8CD9BFFBFE77405423CA54540,20230419_NISSAN_AZPEITIA_DONOSTIA_032,,d3,48:13.9,26:13.9,NISSAN_LEAF,Nissan Leaf e+ 62 kW,62000,174,21:56.6,5.6,9,30,NNE,7.291313414368913,-155.88980789588334,301,96,,,,0.0,36.0,260.0,5,270,31,40,1
19/04/2023 13:24,148,63.3,73,23.500002,99.26,-1542,11640,3,98,1.05,4201,32,-1.9769905,43.29025,148.20113,42.74592082447837,24:10.4,7,7199.63,0101000020E610000005045DC3C0A1FFBFBF7AC7D826A54540,20230419_NISSAN_AZPEITIA_DONOSTIA_032,,d3,48:13.9,26:13.9,NISSAN_LEAF,Nissan Leaf e+ 62 kW,62000,174,21:56.6,5.6,9,30,NNE,7.117084331011005,-157.74086735628313,301,96,,,,0.0,36.0,260.0,5,270,31,25,1
19/04/2023 13:24,151,30.8,73,23.500002,99.26,-1554,0,3,99,-2.98,2566,32,-1.9783587,43.28969,151.3033,42.873004560888525,24:19.4,7,7199.581999999999,0101000020E6100000B485AB785BA7FFBF0311328414A54540,20230419_NISSAN_AZPEITIA_DONOSTIA_032,,d3,48:13.9,26:13.9,NISSAN_LEAF,Nissan Leaf e+ 62 kW,62000,174,26:30.3,5.6,9,30,NNE,3.6661053621034094,174.03816313814008,348,70,,,,0.0,299.0,48.0,1,267,81,55,2
19/04/2023 13:24,155,31.0,73,23.500002,99.26,-1557,5520,3,99,4.75,1920,32,-1.979029,43.28976,155.15833,42.92794843308524,24:27.4,7,7199.552,0101000020E6100000734FFB6F1AAAFFBF343DF1D116A54540,20230419_NISSAN_AZPEITIA_DONOSTIA_032,,d3,48:13.9,26:13.9,NISSAN_LEAF,Nissan Leaf e+ 62 kW,62000,174,26:30.3,5.6,9,30,NNE,8.847667646850516,-130.5566695302577,348,70,,,,0.0,299.0,48.0,1,267,81,25,2
19/04/2023 13:24,158,51.4,73,23.500002,99.26,-1557,20800,3,99,8.02,3163,32,-1.9795904,43.289104,157.88023,43.01393051722527,24:35.5,7,7200.460999999999,0101000020E6100000F8B593F466ACFFBF49FAAA6601A54540,20230419_NISSAN_AZPEITIA_DONOSTIA_032,,d3,48:13.9,26:13.9,NISSAN_LEAF,Nissan Leaf e+ 62 kW,62000,174,26:30.3,5.6,9,30,NNE,8.99820169501113,-118.8546050031352,348,70,,,,0.0,299.0,48.0,1,267,81,8,2
19/04/2023 13:24,162,64.2,73,23.500002,99.26,-1557,17360,3,99,1.27,4373,32,-1.9801987,43.288,161.72955,43.14625132000763,24:43.5,7,7200.456,0101000020E6100000C1397CD1E4AEFFBF921E821ADDA44540,20230419_NISSAN_AZPEITIA_DONOSTIA_032,,d3,48:13.9,26:13.9,NISSAN_LEAF,Nissan Leaf e+ 62 kW,62000,174,26:30.3,5.6,9,30,NNE,8.999907270803401,-120.2600908038722,460,95,,,,0.0,78.0,371.0,11,382,78,25,2
19/04/2023 13:24,165,46.1,73,23.500002,99.26,-1557,4000,3,99,1.45,3221,32,-1.9808813000000003,43.28683,164.4672,43.287621857235024,24:52.6,7,7200.361,0101000020E6100000FA7E44A5B0B1FFBF98E303DCB6A44540,20230419_NISSAN_AZPEITIA_DONOSTIA_032,,d3,48:13.9,26:13.9,NISSAN_LEAF,Nissan Leaf e+ 62 kW,62000,174,26:30.3,5.6,9,30,NNE,5.031600925952829,-176.00871681908498,301,96,,,,0.0,36.0,260.0,5,270,31,8,2
19/04/2023 13:25,168,29.6,73,23.500002,99.26,-1563,0,3,99,1.75,2197,32,-1.9819562,43.286755,167.82083,43.37508973169569,25:00.6,7,7200.363,0101000020E6100000364FDCC517B6FFBF1A35ED6EB4A44540,20230419_NISSAN_AZPEITIA_DONOSTIA_032,,d3,48:13.9,26:13.9,NISSAN_LEAF,Nissan Leaf e+ 62 kW,62000,174,26:30.3,5.6,9,30,NNE,-1.3874628050814035,141.131770793864,137,109,3.0,19.0,99.0,,,,16,134,3,25,2
19/04/2023 13:25,173,31.4,73,23.500002,99.26,-1563,3600,3,98,-3.11,2446,32,-1.9826448,43.28731,171.95735,43.45834953782359,25:09.7,7,7200.273,0101000020E61000002C04EEBDE9B8FFBFCDA72696C6A44540,20230419_NISSAN_AZPEITIA_DONOSTIA_032,,d3,48:13.9,26:13.9,NISSAN_LEAF,Nissan Leaf e+ 62 kW,62000,174,26:30.3,5.6,9,30,NNE,-5.138726221204707,115.18213476611614,137,109,3.0,19.0,99.0,,,,16,134,3,25,2
19/04/2023 13:25,174,23.2,73,23.500002,99.26,-1573,6680,3,98,-0.8,1587,32,-1.9828498,43.287746000000006,174.97194,43.50968003613674,25:17.7,7,7200.275,0101000020E61000009E0302BFC0B9FFBFBE7CAEE9D4A44540,20230419_NISSAN_AZPEITIA_DONOSTIA_032,,d3,48:13.9,26:13.9,NISSAN_LEAF,Nissan Leaf e+ 62 kW,62000,174,26:30.3,5.6,9,30,NNE,-6.933146674976312,99.61470424124856,137,109,3.0,19.0,99.0,,,,16,134,3,25,2
19/04/2023 13:25,174,36.0,73,23.500002,99.26,-1579,7920,3,98,-0.66,2047,32,-1.9829262,43.288197,175.05202,43.56020883950816,25:26.8,7,7200.234,0101000020E6100000EBD051DF10BAFFBFCB0283A3E3A44540,20230419_NISSAN_AZPEITIA_DONOSTIA_032,,d3,48:13.9,26:13.9,NISSAN_LEAF,Nissan Leaf e+ 62 kW,62000,174,26:30.3,5.6,9,30,NNE,-8.783469220446001,72.59362580276115,137,109,3.0,19.0,99.0,,,,16,134,3,25,2
19/04/2023 13:25,174,36.2,73,23.500002,99.26,-1585,0,3,97,-1.0,2398,32,-1.9826801,43.288982,174.61137,43.649741907687975,25:35.8,7,7200.194,0101000020E6100000ACB097C80EB9FFBF6F4BF65CFDA44540,20230419_NISSAN_AZPEITIA_DONOSTIA_032,,d3,48:13.9,26:13.9,NISSAN_LEAF,Nissan Leaf e+ 62 kW,62000,174,26:30.3,5.6,9,30,NNE,-5.22877852116145,114.48082425730506,137,109,3.0,19.0,99.0,,,,16,134,3,25,2
19/04/2023 13:25,171,37.1,73,23.500002,99.26,-1592,0,3,97,-5.08,2594,32,-1.9830052,43.289696,171.10262,43.733455545363945,25:43.9,7,7200.113,0101000020E61000006B7CF79C63BAFFBFE97AD0B914A54540,20230419_NISSAN_AZPEITIA_DONOSTIA_032,,d3,48:13.9,26:13.9,NISSAN_LEAF,Nissan Leaf e+ 62 kW,62000,174,26:30.3,5.6,9,30,NNE,-2.934158850908326,130.97275959123877,137,109,3.0,19.0,99.0,,,,16,134,3,25,2
19/04/2023 13:25,170,16.9,73,23.500002,99.26,-1615,0,3,96,-1.45,1390,32,-1.9834429,43.2902,170.90984,43.799756465468754,25:51.9,7,7200.1140000000005,0101000020E6100000F9DDFCA82EBCFFBF1259B64825A54540,20230419_NISSAN_AZPEITIA_DONOSTIA_032,,d3,48:13.9,26:13.9,NISSAN_LEAF,Nissan Leaf e+ 62 kW,62000,174,26:30.3,5.6,9,30,NNE,3.145460752351367,170.45646926191722,137,109,3.0,19.0,99.0,,,,16,134,3,25,2
19/04/2023 13:26,169,11.1,73,23.500002,99.26,-1618,880,3,96,0.0,814,32,-1.9837403,43.29025,169.53688,43.824499180060826,26:00.9,7,7200.061,0101000020E61000009C30F17066BDFFBFB46E73D626A54540,20230419_NISSAN_AZPEITIA_DONOSTIA_032,,d3,48:13.9,26:13.9,NISSAN_LEAF,Nissan Leaf e+ 62 kW,62000,174,26:30.3,5.6,9,30,NNE,7.624473949109232,-152.0954873394993,137,109,3.0,19.0,99.0,,,,16,134,3,25,2
19/04/2023 13:26,167,19.0,73,23.500002,99.26,-1618,3240,3,95,1.27,1174,32,-1.9840311,43.290096000000005,168.01656,43.853645690536055,26:09.0,7,7199.982,0101000020E610000094E66F6097BEFFBF93F36AD421A54540,20230419_NISSAN_AZPEITIA_DONOSTIA_032,,d3,48:13.9,26:13.9,NISSAN_LEAF,Nissan Leaf e+ 62 kW,62000,174,26:30.3,5.6,9,30,NNE,,,137,109,3.0,19.0,99.0,,,,16,134,3,8,2
