timestamp_data_utc,elv_spy,speed,soc,amb_temp,soh,regenwh,Motor Pwr(w),Aux Pwr(100w),Motor Temp,Torque Nm,rpm,route_id,longitude,latitude,altitude,cumul_dist,timestamp_gps_utc,car_id,time_diff,point_geom,route_code,route_description,driver,start_timestamp,end_timestamp,car_code,car_description,capacity,ref_consumption,timestamp_weather_utc,wind_mph,wind_kph,wind_degree,wind_dir,Frontal_Wind,Veh_deg,totalVehicles,speedAvg,cars_by_speed_interval_0_80,cars_by_speed_interval_80_100,cars_by_speed_interval_100_120,cars_by_speed_interval_0_50,cars_by_speed_interval_50_80,cars_by_speed_interval_80_120,cars_by_speed_interval_120_inf,cars_by_length_interval_0_7,cars_by_length_interval_7_inf,max_speed,radius
20/04/2023 14:19,187,38.2,86,25.5,99.24,0,10840,3,77,3.36,2206,54,-2.4883146000000003,43.18005,186.88295,0.0,19:39.8,7,7200.161,0101000020E61000001244E77811E803C0117061E10B974540,20230420_NISSAN_EIBAR_DONOSTIA_054,,d4,19:34.5,05:18.0,NISSAN_LEAF,Nissan Leaf e+ 62 kW,62000,174,18:40.0,13.6,22.0,50,NE,19.096455037249225,-169.770561489258,261,59,,,,41.0,215.0,5.0,0,246,15,40,5
20/04/2023 14:19,187,35.1,86,25.5,99.24,0,0,3,78,0.0,2540,54,-2.4894783,43.179840000000006,187.84148,0.09720889186878702,19:48.9,7,7200.11,0101000020E61000008C67DE9E73EA03C04F5B06F604974540,20230420_NISSAN_EIBAR_DONOSTIA_054,,d4,19:34.5,05:18.0,NISSAN_LEAF,Nissan Leaf e+ 62 kW,62000,174,18:40.0,13.6,22.0,50,NE,21.940845445788455,-144.2025969718675,261,59,,,,41.0,215.0,5.0,0,246,15,8,5
20/04/2023 14:19,188,45.6,86,25.5,99.24,0,8360,3,79,2.97,2935,54,-2.4902687,43.17927,188.53455,0.187348209752953,19:57.9,7,7200.071,0101000020E610000001FE35FE11EC03C0989A6560F2964540,20230420_NISSAN_EIBAR_DONOSTIA_054,,d4,19:34.5,05:18.0,NISSAN_LEAF,Nissan Leaf e+ 62 kW,62000,174,18:40.0,13.6,22.0,50,NE,21.49045208640382,-127.64449160388888,261,59,,,,41.0,215.0,5.0,0,246,15,40,5
20/04/2023 14:20,188,44.9,86,25.5,99.24,0,7720,3,79,1.73,3112,54,-2.4909012,43.17845,188.68672,0.291962319631468,20:06.0,7,7200.044,0101000020E610000085D3B79F5DED03C044B6D289D7964540,20230420_NISSAN_EIBAR_DONOSTIA_054,,d4,19:34.5,05:18.0,NISSAN_LEAF,Nissan Leaf e+ 62 kW,62000,174,18:40.0,13.6,22.0,50,NE,21.99957136547426,-139.64233983724873,261,59,,,,41.0,215.0,5.0,0,246,15,40,5
20/04/2023 14:20,189,40.3,86,25.5,99.24,0,4520,3,80,0.91,2856,54,-2.491772,43.17771,189.2086,0.40039103881459404,20:15.0,7,7200.004,0101000020E61000005C19431F26EF03C0CF55B344BF964540,20230420_NISSAN_EIBAR_DONOSTIA_054,,d4,19:34.5,05:18.0,NISSAN_LEAF,Nissan Leaf e+ 62 kW,62000,174,18:40.0,13.6,22.0,50,NE,19.37451535745649,-168.27794393501145,261,59,,,,41.0,215.0,5.0,0,246,15,85,5
20/04/2023 14:20,190,28.9,86,25.5,99.24,0,3640,3,80,1.59,2143,54,-2.4926877,43.17752,190.2302,0.47759665814454794,20:23.0,7,7199.9580000000005,0101000020E6100000DE2DEB3006F103C0D311EF0CB9964540,20230420_NISSAN_EIBAR_DONOSTIA_054,,d4,19:34.5,05:18.0,NISSAN_LEAF,Nissan Leaf e+ 62 kW,62000,174,18:40.0,13.6,22.0,50,NE,15.389853873229562,174.3900145580757,261,59,,,,41.0,215.0,5.0,0,246,15,40,5
20/04/2023 14:20,191,22.7,85,25.5,99.24,0,7440,3,80,3.56,1583,54,-2.4934716,43.177597,191.28787,0.5417438584733599,20:32.1,7,7199.898,0101000020E6100000AA545440A1F203C073B77A8FBB964540,20230420_NISSAN_EIBAR_DONOSTIA_054,,d4,19:34.5,05:18.0,NISSAN_LEAF,Nissan Leaf e+ 62 kW,62000,174,18:40.0,13.6,22.0,50,NE,12.911941085947166,165.93778383199918,261,59,,,,41.0,215.0,5.0,0,246,15,40,5
20/04/2023 14:20,193,16.9,85,25.0,99.24,0,480,3,80,1.98,1293,54,-2.4940944,43.177753,192.75461,0.5951612272729144,20:40.1,7,7199.856,0101000020E6100000B1A050BDE7F303C007F3BBA4C0964540,20230420_NISSAN_EIBAR_DONOSTIA_054,,d4,19:34.5,05:18.0,NISSAN_LEAF,Nissan Leaf e+ 62 kW,62000,174,18:40.0,13.6,22.0,50,NE,-21.360915774123978,26.15597700818657,261,59,,,,41.0,215.0,5.0,0,246,15,85,5
20/04/2023 14:20,197,53.9,85,25.0,99.24,0,21040,3,80,7.14,2898,54,-2.493341,43.178123,196.69582,0.668919639668665,20:49.2,7,7199.807,0101000020E6100000A1969FC25CF203C0BEA5F4B4CC964540,20230420_NISSAN_EIBAR_DONOSTIA_054,,d4,19:34.5,05:18.0,NISSAN_LEAF,Nissan Leaf e+ 62 kW,62000,174,18:40.0,13.6,22.0,50,NE,-21.269866025427326,25.19746642931641,261,59,,,,41.0,215.0,5.0,0,246,15,85,5
20/04/2023 14:20,205,66.3,85,25.0,99.24,0,24360,3,81,5.7,4405,54,-2.491832,43.178833,205.30937,0.8147921389694768,20:58.2,7,7199.761,0101000020E61000001366219B45EF03C0F68430FFE3964540,20230420_NISSAN_EIBAR_DONOSTIA_054,,d4,19:34.5,05:18.0,NISSAN_LEAF,Nissan Leaf e+ 62 kW,62000,174,18:40.0,13.6,22.0,50,NE,-21.57849271966941,51.2337480962157,261,59,,,,41.0,215.0,5.0,0,246,15,85,5
20/04/2023 14:21,209,73.0,85,25.0,99.24,0,9800,3,82,1.7,5030,54,-2.4906740000000003,43.180275,209.52548,1.0006527586094685,21:07.3,7,7199.725,0101000020E6100000D390D775E6EC03C0E2A5613F13974540,20230420_NISSAN_EIBAR_DONOSTIA_054,,d4,19:34.5,05:18.0,NISSAN_LEAF,Nissan Leaf e+ 62 kW,62000,174,23:21.2,8.1,13.0,300,WNW,6.5567906537689655,29.71055825980959,261,59,,,,41.0,215.0,5.0,0,246,15,25,5
20/04/2023 14:21,212,72.1,85,25.0,99.24,0,10600,3,83,2.75,4809,54,-2.4891634,43.181137,212.49,1.156211205555037,21:15.3,7,7199.675,0101000020E61000005343678ACEE903C03FB00A8F2F974540,20230420_NISSAN_EIBAR_DONOSTIA_054,,d4,19:34.5,05:18.0,NISSAN_LEAF,Nissan Leaf e+ 62 kW,62000,174,23:21.2,8.1,13.0,300,WNW,8.766503371066868,17.596584020480716,261,59,,,,41.0,215.0,5.0,0,246,15,85,5
20/04/2023 14:21,213,71.6,85,24.5,99.24,0,4440,4,83,1.64,4775,54,-2.4884918,43.18135,213.47551,1.2156020924566668,21:24.4,7,7199.630999999999,0101000020E61000008F7DD16C6EE803C0869A238C36974540,20230420_NISSAN_EIBAR_DONOSTIA_054,,d4,19:34.5,05:18.0,NISSAN_LEAF,Nissan Leaf e+ 62 kW,62000,174,23:21.2,8.1,13.0,300,WNW,11.258330249197698,0.0,261,59,,,,41.0,215.0,5.0,0,246,15,85,5
20/04/2023 14:21,213,71.6,85,24.5,99.24,0,8000,4,83,3.09,4469,54,-2.4884918,43.18135,213.47551,1.2156020924566668,21:33.4,7,7199.565,0101000020E61000008F7DD16C6EE803C0869A238C36974540,20230420_NISSAN_EIBAR_DONOSTIA_054,,d4,19:34.5,05:18.0,NISSAN_LEAF,Nissan Leaf e+ 62 kW,62000,174,23:21.2,8.1,13.0,300,WNW,11.258330249197698,0.0,261,59,,,,41.0,215.0,5.0,0,246,15,85,5
20/04/2023 14:21,213,71.6,85,24.5,99.24,0,5200,4,84,-1.36,4542,54,-2.4884918,43.18135,213.47551,1.2156020924566668,21:42.5,7,7199.54,0101000020E61000008F7DD16C6EE803C0869A238C36974540,20230420_NISSAN_EIBAR_DONOSTIA_054,,d4,19:34.5,05:18.0,NISSAN_LEAF,Nissan Leaf e+ 62 kW,62000,174,23:21.2,8.1,13.0,300,WNW,11.258330249197698,0.0,261,59,,,,41.0,215.0,5.0,0,246,15,85,5
20/04/2023 14:21,213,71.6,85,23.999998,99.24,-14,0,3,84,3.36,3540,54,-2.4884918,43.18135,213.47551,1.2156020924566668,21:51.5,7,7199.5,0101000020E61000008F7DD16C6EE803C0869A238C36974540,20230420_NISSAN_EIBAR_DONOSTIA_054,,d4,19:34.5,05:18.0,NISSAN_LEAF,Nissan Leaf e+ 62 kW,62000,174,23:21.2,8.1,13.0,300,WNW,3.852183696063512,42.76318341475269,261,59,,,,41.0,215.0,5.0,0,246,15,85,5
20/04/2023 14:22,221,55.4,85,23.999998,99.24,-14,0,3,84,0.14,3759,54,-2.483347,43.186108,216.8652,1.8893413071665994,21:59.5,7,7200.454000000001,0101000020E6100000E5EFAE0CE5DD03C08DC26C66D2974540,20230420_NISSAN_EIBAR_DONOSTIA_054,,d4,19:34.5,05:18.0,NISSAN_LEAF,Nissan Leaf e+ 62 kW,62000,174,23:21.2,8.1,13.0,300,WNW,8.601740994749303,18.572456626141427,261,59,,,,41.0,215.0,5.0,0,246,15,85,4
20/04/2023 14:22,216,59.5,85,23.500002,99.24,-14,6200,3,84,1.17,3710,54,-2.4818232000000005,43.18662,216.61343,2.0253715014671045,22:08.6,7,7200.432,0101000020E610000021C4E21FC6DA03C0FBBF9320E3974540,20230420_NISSAN_EIBAR_DONOSTIA_054,,d4,19:34.5,05:18.0,NISSAN_LEAF,Nissan Leaf e+ 62 kW,62000,174,23:21.2,8.1,13.0,300,WNW,12.79999014531643,-19.9364769943083,261,59,,,,41.0,215.0,5.0,0,246,15,25,4
20/04/2023 14:22,216,64.0,85,23.500002,99.24,-16,0,3,84,-1.34,4292,54,-2.4800863,43.18599,216.53842000000003,2.1826541531810024,22:17.6,7,7200.355,0101000020E610000033FEAB8D37D703C03925FE71CE974540,20230420_NISSAN_EIBAR_DONOSTIA_054,,d4,19:34.5,05:18.0,NISSAN_LEAF,Nissan Leaf e+ 62 kW,62000,174,23:21.2,8.1,13.0,300,WNW,9.54335722120035,12.768406706037778,261,59,,,,41.0,215.0,5.0,0,246,15,8,4
20/04/2023 14:22,216,62.3,85,23.500002,99.24,-44,0,3,84,-1.38,4167,54,-2.4784977,43.18635,215.17374,2.317535670639342,22:25.7,7,7200.331,0101000020E61000001BB376A8F6D303C006192A51DA974540,20230420_NISSAN_EIBAR_DONOSTIA_054,,d4,19:34.5,05:18.0,NISSAN_LEAF,Nissan Leaf e+ 62 kW,62000,174,23:21.2,8.1,13.0,300,WNW,2.8535631151817475,47.320047578953385,261,59,,,,41.0,215.0,5.0,0,246,15,20,4
20/04/2023 14:22,219,65.3,85,23.0,99.24,-60,12840,4,84,1.98,4362,54,-2.4767973,43.188194,219.43593,2.564651262850729,22:39.7,7,7200.278,0101000020E610000018A7E9197BD003C04175DBB716984540,20230420_NISSAN_EIBAR_DONOSTIA_054,,d4,19:34.5,05:18.0,NISSAN_LEAF,Nissan Leaf e+ 62 kW,62000,174,23:21.2,8.1,13.0,300,WNW,7.623750835279089,24.09504753672672,261,59,,,,41.0,215.0,5.0,0,246,15,85,4
20/04/2023 14:22,219,65.3,85,23.0,99.24,-60,8960,4,84,2.02,4380,54,-2.476605,43.18828,219.4034,2.582940811077244,22:48.6,7,7199.415,0101000020E61000005C1CB24B16D003C071B6E68819984540,20230420_NISSAN_EIBAR_DONOSTIA_054,,d4,19:34.5,05:18.0,NISSAN_LEAF,Nissan Leaf e+ 62 kW,62000,174,23:21.2,8.1,13.0,300,WNW,11.258330249197698,0.0,261,59,,,,41.0,215.0,5.0,0,246,15,85,4
20/04/2023 14:22,219,65.3,85,23.0,99.24,-60,0,4,84,0.61,4018,54,-2.476605,43.18828,219.4034,2.582940811077244,22:56.8,7,7200.234,0101000020E61000005C1CB24B16D003C071B6E68819984540,20230420_NISSAN_EIBAR_DONOSTIA_054,,d4,19:34.5,05:18.0,NISSAN_LEAF,Nissan Leaf e+ 62 kW,62000,174,23:21.2,8.1,13.0,300,WNW,11.825318596807891,-5.455634624223467,261,59,,,,41.0,215.0,5.0,0,246,15,85,4
20/04/2023 14:23,220,60.3,85,23.0,99.24,-60,0,3,84,1.0,3934,54,-2.4715164,43.187794,219.02957,2.9990160040204845,23:04.8,7,7200.174,0101000020E6100000BF7D1458AAC503C01841C0A709984540,20230420_NISSAN_EIBAR_DONOSTIA_054,,d4,19:34.5,05:18.0,NISSAN_LEAF,Nissan Leaf e+ 62 kW,62000,174,23:21.2,8.1,13.0,300,WNW,11.897465308850888,-6.232672685882194,261,59,,,,41.0,215.0,5.0,0,246,15,85,3
20/04/2023 14:23,219,60.4,85,22.5,99.24,-60,0,4,84,0.0,4234,54,-2.4708846,43.187725,219.9116,3.050817415123265,23:10.9,7,7203.134,0101000020E610000032A679255FC403C00B23595207984540,20230420_NISSAN_EIBAR_DONOSTIA_054,,d4,19:34.5,05:18.0,NISSAN_LEAF,Nissan Leaf e+ 62 kW,62000,174,23:21.2,8.1,13.0,300,WNW,11.258330249197698,0.0,261,59,,,,41.0,215.0,5.0,0,246,15,85,3
20/04/2023 14:23,219,60.4,85,22.5,99.24,-69,0,4,84,-4.48,4082,54,-2.4708846,43.187725,219.9116,3.050817415123265,23:22.9,7,7200.054,0101000020E610000032A679255FC403C00B23595207984540,20230420_NISSAN_EIBAR_DONOSTIA_054,,d4,19:34.5,05:18.0,NISSAN_LEAF,Nissan Leaf e+ 62 kW,62000,174,23:21.2,8.1,13.0,300,WNW,6.615572534644875,29.410065573704514,261,59,,,,41.0,215.0,5.0,0,246,15,85,3
20/04/2023 14:23,214,49.4,85,22.5,99.24,-112,0,3,84,-2.27,3331,54,-2.4672568,43.18977,216.2316,3.422603720687732,23:32.0,7,7199.993,0101000020E6100000B015B625F1BC03C0007DF0614A984540,20230420_NISSAN_EIBAR_DONOSTIA_054,,d4,19:34.5,05:18.0,NISSAN_LEAF,Nissan Leaf e+ 62 kW,62000,174,23:40.0,8.1,13.0,300,WNW,-6.770325075871298,91.38554240976008,261,59,,,,41.0,215.0,5.0,0,246,15,85,3
20/04/2023 14:23,208,47.0,85,22.5,99.24,-137,0,3,84,-1.61,3350,54,-2.4672806,43.190754,210.04843,3.5322110812120964,23:40.0,7,7199.993,0101000020E6100000F63F6CA7FDBC03C00CE6E5AC6A984540,20230420_NISSAN_EIBAR_DONOSTIA_054,,d4,19:34.5,05:18.0,NISSAN_LEAF,Nissan Leaf e+ 62 kW,62000,174,23:40.0,8.1,13.0,300,WNW,10.503079279584908,6.1059031215737045,261,59,,,,41.0,215.0,5.0,0,246,15,85,3
20/04/2023 14:23,208,49.9,85,22.5,99.24,-141,11680,3,84,4.17,3108,54,-2.4660373,43.190887,208.06061,3.6341037333054858,23:49.1,7,7199.924,0101000020E610000008A190BD71BA03C00F9C85F96E984540,20230420_NISSAN_EIBAR_DONOSTIA_054,,d4,19:34.5,05:18.0,NISSAN_LEAF,Nissan Leaf e+ 62 kW,62000,174,23:40.0,8.1,13.0,300,WNW,5.591082541521407,-94.52715506506908,261,59,,,,41.0,215.0,5.0,0,246,15,85,3
20/04/2023 14:23,211,50.7,85,22.0,99.24,-141,3040,3,84,1.14,3476,54,-2.4661202,43.18984,212.82288,3.7508158462276078,23:58.1,7,7199.895,0101000020E6100000A641D3419DBA03C0076F33A44C984540,20230420_NISSAN_EIBAR_DONOSTIA_054,,d4,19:34.5,05:18.0,NISSAN_LEAF,Nissan Leaf e+ 62 kW,62000,174,23:40.0,8.1,13.0,300,WNW,9.782003661380095,-71.19591928537739,261,59,,,,41.0,215.0,5.0,0,246,15,85,3
20/04/2023 14:24,208,57.5,85,22.0,99.24,-151,0,3,84,-2.28,3871,54,-2.4656503,43.18846,208.66391,3.9089777191347532,24:07.2,7,7199.8240000000005,0101000020E6100000B360D7D0A6B903C064F9B8711F984540,20230420_NISSAN_EIBAR_DONOSTIA_054,,d4,19:34.5,05:18.0,NISSAN_LEAF,Nissan Leaf e+ 62 kW,62000,174,23:40.0,8.1,13.0,300,WNW,12.999285254461013,-29.399180982696237,261,59,,,,41.0,215.0,5.0,0,246,15,25,3
20/04/2023 14:24,199,43.7,85,22.0,99.24,-186,0,3,84,3.2,2990,54,-2.4644754,43.187798,199.38522,4.0297164276487205,24:16.2,7,7199.751,0101000020E6100000B33D12D03EB703C0CC67F7C709984540,20230420_NISSAN_EIBAR_DONOSTIA_054,,d4,19:34.5,05:18.0,NISSAN_LEAF,Nissan Leaf e+ 62 kW,62000,174,23:40.0,8.1,13.0,300,WNW,5.705609302481255,33.9667270197776,261,59,,,,41.0,215.0,5.0,0,246,15,85,3
20/04/2023 14:24,192,50.6,85,22.0,99.24,-186,12000,3,84,5.7,3134,54,-2.4635417,43.188427,192.43948,4.133013548065508,24:25.3,7,7199.714,0101000020E61000002A34ED5255B503C0698AC5501E984540,20230420_NISSAN_EIBAR_DONOSTIA_054,,d4,19:34.5,05:18.0,NISSAN_LEAF,Nissan Leaf e+ 62 kW,62000,174,23:40.0,8.1,13.0,300,WNW,-3.007324648294856,73.3755440175239,261,59,,,,41.0,215.0,5.0,0,246,15,85,3
20/04/2023 14:24,191,50.6,85,22.0,99.24,-186,13160,3,85,-0.02,3522,54,-2.4632058,43.189552,191.23029,4.261043368684956,24:34.3,7,7199.714,0101000020E6100000CD444E39A5B403C09020683243984540,20230420_NISSAN_EIBAR_DONOSTIA_054,,d4,19:34.5,05:18.0,NISSAN_LEAF,Nissan Leaf e+ 62 kW,62000,174,23:40.0,8.1,13.0,300,WNW,12.024515930993593,-7.662740779352315,261,59,,,,41.0,215.0,5.0,0,246,15,8,3
20/04/2023 14:24,192,50.9,85,22.0,99.24,-186,13680,3,85,3.69,3090,54,-2.4619273999999995,43.18938,192.98149,4.366449746661002,24:43.3,7,7199.674,0101000020E6100000550BE6F406B203C075DA86AC3D984540,20230420_NISSAN_EIBAR_DONOSTIA_054,,d4,19:34.5,05:18.0,NISSAN_LEAF,Nissan Leaf e+ 62 kW,62000,174,23:40.0,8.1,13.0,300,WNW,10.68787738845333,4.699962412108439,261,59,,,,41.0,215.0,5.0,0,246,15,85,3
20/04/2023 14:24,193,68.0,85,22.0,99.24,-186,8960,3,85,2.38,4151,54,-2.4604678,43.1895,193.27673,4.485532217957566,24:51.4,7,7199.634,0101000020E6100000E775F4CD09AF03C075DD3F7941984540,20230420_NISSAN_EIBAR_DONOSTIA_054,,d4,19:34.5,05:18.0,NISSAN_LEAF,Nissan Leaf e+ 62 kW,62000,174,23:40.0,8.1,13.0,300,WNW,9.428060847691386,13.511561994349533,261,59,,,,41.0,215.0,5.0,0,246,15,40,2
20/04/2023 14:25,191,70.2,85,22.0,99.24,-196,0,3,86,-1.42,4760,54,-2.458387,43.19,191.26105,4.663162377658629,25:00.4,7,7199.581,0101000020E61000004104C0C5C6AA03C0B20AB6E951984540,20230420_NISSAN_EIBAR_DONOSTIA_054,,d4,19:34.5,05:18.0,NISSAN_LEAF,Nissan Leaf e+ 62 kW,62000,174,23:40.0,8.1,13.0,300,WNW,9.39042567623251,13.751949180406235,261,59,,,,41.0,215.0,5.0,0,246,15,85,2
20/04/2023 14:25,187,66.1,85,22.0,99.24,-224,0,3,85,-1.59,4600,54,-2.4563644,43.190495,187.99767,4.836157951245759,25:09.5,7,7199.541,0101000020E6100000031F6F65A2A603C0CF6A551062984540,20230420_NISSAN_EIBAR_DONOSTIA_054,,d4,19:34.5,05:18.0,NISSAN_LEAF,Nissan Leaf e+ 62 kW,62000,174,23:40.0,8.1,13.0,300,WNW,10.167739203096914,8.543639953157205,261,59,,,,41.0,215.0,5.0,0,246,15,85,2
20/04/2023 14:25,180,57.1,85,22.0,99.24,-261,0,3,86,-5.45,4155,54,-2.454667,43.19075,181.44417,4.976809976243814,25:17.5,7,7200.460999999999,0101000020E61000007BC5888228A303C0B580CE846A984540,20230420_NISSAN_EIBAR_DONOSTIA_054,,d4,19:34.5,05:18.0,NISSAN_LEAF,Nissan Leaf e+ 62 kW,62000,174,23:40.0,8.1,13.0,300,WNW,12.100207403677713,-8.557543564185847,261,59,,,,41.0,215.0,5.0,0,246,15,85,2
20/04/2023 14:25,174,55.0,85,22.0,99.24,-296,0,3,86,-1.25,3620,54,-2.4531186000000003,43.190517,175.09403999999998,5.105141844670429,25:26.6,7,7200.401999999999,0101000020E610000091E192AFFC9F03C05F0B9EE962984540,20230420_NISSAN_EIBAR_DONOSTIA_054,,d4,19:34.5,05:18.0,NISSAN_LEAF,Nissan Leaf e+ 62 kW,62000,174,23:40.0,8.1,13.0,300,WNW,12.874587416387955,-22.034990986182297,261,59,,,,41.0,215.0,5.0,0,246,15,85,2
20/04/2023 14:25,170,48.8,85,22.0,99.24,-321,0,3,86,-2.62,3265,54,-2.4518857000000005,43.190018,171.37993,5.219522337172875,25:34.6,7,7200.352,0101000020E61000000A69EF3C769D03C0CA12068752984540,20230420_NISSAN_EIBAR_DONOSTIA_054,,d4,19:34.5,05:18.0,NISSAN_LEAF,Nissan Leaf e+ 62 kW,62000,174,23:40.0,8.1,13.0,300,WNW,9.08098131899212,15.690253197023624,261,59,,,,41.0,215.0,5.0,0,246,15,85,2
20/04/2023 14:25,165,23.4,85,22.0,99.24,-359,0,3,86,1.39,1619,54,-2.4507394,43.19034,166.52415,5.319230841256429,25:43.7,7,7200.340999999999,0101000020E6100000DBBB5B4D1D9B03C0AB011AF45C984540,20230420_NISSAN_EIBAR_DONOSTIA_054,,d4,19:34.5,05:18.0,NISSAN_LEAF,Nissan Leaf e+ 62 kW,62000,174,23:40.0,8.1,13.0,300,WNW,12.134534569177504,-8.975282024911266,261,59,,,,41.0,215.0,5.0,0,246,15,85,2
20/04/2023 14:25,161,28.8,85,22.0,99.24,-359,1720,3,86,2.06,1944,54,-2.449853,43.1902,161.66405,5.39291906043832,25:53.7,7,7200.261,0101000020E6100000D34ED58D4C9903C0B5AFA48958984540,20230420_NISSAN_EIBAR_DONOSTIA_054,,d4,19:34.5,05:18.0,NISSAN_LEAF,Nissan Leaf e+ 62 kW,62000,174,23:40.0,8.1,13.0,300,WNW,4.533583918065977,39.58990243750013,261,59,,,,41.0,215.0,5.0,0,246,15,8,2
20/04/2023 14:26,158,2.7,85,22.0,99.24,-363,0,3,86,2.47,268,54,-2.4494467,43.190536,158.53069,5.442825681871503,26:03.4,7,7199.596,0101000020E610000069A2D38A779803C094DFFC8563984540,20230420_NISSAN_EIBAR_DONOSTIA_054,,d4,19:34.5,05:18.0,NISSAN_LEAF,Nissan Leaf e+ 62 kW,62000,174,28:19.8,8.1,13.0,300,WNW,4.75828591464805,38.52950853693359,261,59,,,,41.0,215.0,5.0,0,246,15,45,2
20/04/2023 14:26,154,6.0,85,22.0,99.24,-363,760,3,86,-0.31,728,54,-2.44935,43.190613,154.86975,5.454998108209635,26:11.8,7,7200.2080000000005,0101000020E610000035B8D9E7449803C0E0D386F465984540,20230420_NISSAN_EIBAR_DONOSTIA_054,,d4,19:34.5,05:18.0,NISSAN_LEAF,Nissan Leaf e+ 62 kW,62000,174,28:19.8,8.1,13.0,300,WNW,5.24749896383901,36.19320730577546,261,59,,,,41.0,215.0,5.0,0,246,15,45,2
20/04/2023 14:26,153,15.2,85,22.0,99.24,-363,3560,3,86,10.56,417,54,-2.4492311,43.1907,153.60551,5.468713007236458,26:20.8,7,7200.177,0101000020E61000004003247C069803C01896A0D568984540,20230420_NISSAN_EIBAR_DONOSTIA_054,,d4,19:34.5,05:18.0,NISSAN_LEAF,Nissan Leaf e+ 62 kW,62000,174,28:19.8,8.1,13.0,300,WNW,7.661916264948855,23.88710603359964,261,59,,,,41.0,215.0,5.0,0,246,15,8,2
20/04/2023 14:26,154,33.2,85,22.0,99.24,-363,5200,3,87,-0.53,2486,54,-2.4484408,43.19105,153.89728,5.5436770171550815,26:29.9,7,7200.109,0101000020E61000009B07B41D689603C02976105B74984540,20230420_NISSAN_EIBAR_DONOSTIA_054,,d4,19:34.5,05:18.0,NISSAN_LEAF,Nissan Leaf e+ 62 kW,62000,174,28:19.8,8.1,13.0,300,WNW,12.471358074057887,-13.604315251914826,261,59,,,,41.0,215.0,5.0,0,246,15,45,1
20/04/2023 14:26,159,46.4,85,22.0,99.24,-363,16400,3,88,5.95,2897,54,-2.4475152,43.190826,159.0206,5.6229067584708945,26:37.9,7,7200.06,0101000020E610000011AA85D2829403C069CAC60B6D984540,20230420_NISSAN_EIBAR_DONOSTIA_054,,d4,19:34.5,05:18.0,NISSAN_LEAF,Nissan Leaf e+ 62 kW,62000,174,28:19.8,8.1,13.0,300,WNW,10.322647435747523,-67.43440096741094,261,59,,,,41.0,215.0,5.0,0,246,15,45,1
20/04/2023 14:26,161,30.7,85,22.0,99.24,-370,0,3,88,-2.16,2465,54,-2.4471412,43.189926,161.39197,5.727501396061054,26:47.0,7,7200.02,0101000020E61000003CAB22C8BE9303C006D390754F984540,20230420_NISSAN_EIBAR_DONOSTIA_054,,d4,19:34.5,05:18.0,NISSAN_LEAF,Nissan Leaf e+ 62 kW,62000,174,28:19.8,8.1,13.0,300,WNW,-9.7211315034102,-168.3983824411279,261,59,,,,41.0,215.0,5.0,0,246,15,45,1
20/04/2023 14:26,160,35.8,85,22.0,99.24,-387,0,3,89,-1.73,2097,54,-2.447828,43.189785,160.50037,5.785353192427101,26:55.0,7,7199.986,0101000020E61000002A7F99E3269503C0A57334E14A984540,20230420_NISSAN_EIBAR_DONOSTIA_054,,d4,19:34.5,05:18.0,NISSAN_LEAF,Nissan Leaf e+ 62 kW,62000,174,28:19.8,8.1,13.0,300,WNW,6.258057965806469,31.22383599573566,261,59,,,,41.0,215.0,5.0,0,246,15,45,2
20/04/2023 14:27,160,49.6,85,22.0,99.24,-390,18960,3,88,6.62,3087,54,-2.4471269,43.19021,160.37152,5.859271867468846,27:04.1,7,7199.917,0101000020E61000007E5B1333B79303C0ECC740C358984540,20230420_NISSAN_EIBAR_DONOSTIA_054,,d4,19:34.5,05:18.0,NISSAN_LEAF,Nissan Leaf e+ 62 kW,62000,174,28:19.8,8.1,13.0,300,WNW,10.437546852297016,6.593201107419449,261,59,,,,41.0,215.0,5.0,0,246,15,45,1
20/04/2023 14:27,160,74.9,84,22.0,99.24,-390,8680,3,89,0.66,5006,54,-2.445137,43.19044,160.31198,6.022608641195829,27:13.1,7,7199.888000000001,0101000020E61000004DB24E08A48F03C06442C95D60984540,20230420_NISSAN_EIBAR_DONOSTIA_054,,d4,19:34.5,05:18.0,NISSAN_LEAF,Nissan Leaf e+ 62 kW,62000,174,28:19.8,8.1,13.0,300,WNW,8.867222431597984,16.99250430895909,261,59,,,,41.0,215.0,5.0,0,246,15,80,1
20/04/2023 14:27,160,80.2,84,21.499998,99.24,-390,3080,3,89,0.34,5395,54,-2.4428856,43.191128000000006,160.33539,6.220513591418414,27:21.2,7,7199.821,0101000020E6100000D520219D078B03C05A99C5DA76984540,20230420_NISSAN_EIBAR_DONOSTIA_054,,d4,19:34.5,05:18.0,NISSAN_LEAF,Nissan Leaf e+ 62 kW,62000,174,28:19.8,8.1,13.0,300,WNW,8.22585796380576,20.74608027545759,261,59,,,,41.0,215.0,5.0,0,246,15,80,1
20/04/2023 14:27,160,83.5,84,21.499998,99.24,-390,12920,3,89,2.11,5616,54,-2.4407208,43.191948,161.20766,6.4182862417930915,27:30.2,7,7199.789000000001,0101000020E6100000E9A855AA988603C045DFB3B691984540,20230420_NISSAN_EIBAR_DONOSTIA_054,,d4,19:34.5,05:18.0,NISSAN_LEAF,Nissan Leaf e+ 62 kW,62000,174,28:19.8,8.1,13.0,300,WNW,7.1177962437790265,26.802768697676903,261,59,,,,41.0,215.0,5.0,0,246,15,80,1
20/04/2023 14:27,160,80.3,84,21.499998,99.24,-390,4560,3,88,2.33,5423,54,-2.4386523,43.192993,160.19505,6.622302294509732,27:39.3,7,7199.731,0101000020E6100000DD9105285C8203C0D40EC5F3B3984540,20230420_NISSAN_EIBAR_DONOSTIA_054,,d4,19:34.5,05:18.0,NISSAN_LEAF,Nissan Leaf e+ 62 kW,62000,174,28:19.8,8.1,13.0,300,WNW,0.2623224311948376,58.84377012735499,261,59,,,,41.0,215.0,5.0,0,246,15,45,1
20/04/2023 14:27,158,78.4,84,21.499998,99.24,-404,0,3,88,-1.5,5467,54,-2.4376354,43.194675,158.56302,6.826700186701594,27:48.3,7,7199.685,0101000020E6100000B2998006478003C0A7384215EB984540,20230420_NISSAN_EIBAR_DONOSTIA_054,,d4,19:34.5,05:18.0,NISSAN_LEAF,Nissan Leaf e+ 62 kW,62000,174,28:19.8,8.1,13.0,300,WNW,4.232904926132332,40.99758113703331,261,59,,,,41.0,215.0,5.0,0,246,15,8,1
20/04/2023 14:27,155,79.2,84,21.499998,99.24,-420,0,3,88,0.0,5281,54,-2.4362790000000003,43.195854,155.75627,6.99782849390514,27:56.3,7,7199.653,0101000020E610000036FC89E67F7D03C0FFB2B7B011994540,20230420_NISSAN_EIBAR_DONOSTIA_054,,d4,19:34.5,05:18.0,NISSAN_LEAF,Nissan Leaf e+ 62 kW,62000,174,28:19.8,8.1,13.0,300,WNW,5.7963410629650935,33.52083249127409,261,59,,,,41.0,215.0,5.0,0,246,15,45,1
20/04/2023 14:28,151,93.4,84,21.499998,99.24,-420,19640,3,88,3.05,6048,54,-2.4343376,43.197140000000005,151.7805,7.210503178402527,28:05.4,7,7199.593000000001,0101000020E6100000B8E116FA857903C062313AED3B994540,20230420_NISSAN_EIBAR_DONOSTIA_054,,d4,19:34.5,05:18.0,NISSAN_LEAF,Nissan Leaf e+ 62 kW,62000,174,28:19.8,8.1,13.0,300,WNW,2.0348665513999538,50.99456261298473,261,59,,,,41.0,215.0,5.0,0,246,15,45,1
20/04/2023 14:28,149,104.6,84,21.499998,99.24,-420,18640,3,88,0.17,6900,54,-2.4329607,43.19884,150.04962,7.430032388129135,28:13.4,7,7199.564,0101000020E61000008D853F15B47603C0BAC53D9973994540,20230420_NISSAN_EIBAR_DONOSTIA_054,,d4,19:34.5,05:18.0,NISSAN_LEAF,Nissan Leaf e+ 62 kW,62000,174,28:19.8,8.1,13.0,300,WNW,3.852853930799588,42.76009051109745,261,59,,,,41.0,215.0,5.0,0,246,15,45,1
20/04/2023 14:28,147,95.9,84,21.499998,99.24,-422,7280,3,88,1.42,6448,54,-2.4311223,43.20054,147.96373,7.67074653355762,28:22.5,7,7199.502,0101000020E61000003883BF43F07203C0AE71B44EAB994540,20230420_NISSAN_EIBAR_DONOSTIA_054,,d4,19:34.5,05:18.0,NISSAN_LEAF,Nissan Leaf e+ 62 kW,62000,174,28:19.8,8.1,13.0,300,WNW,7.92891084726622,22.41655469874557,261,59,,,,41.0,215.0,5.0,0,246,15,90,1
20/04/2023 14:28,144,92.4,84,21.499998,99.24,-422,6000,3,87,-1.45,6323,54,-2.4288678,43.20147,144.98148,7.8807398630291114,28:30.5,7,7200.454000000001,0101000020E610000034243332526E03C0E89315B1C9994540,20230420_NISSAN_EIBAR_DONOSTIA_054,,d4,19:34.5,05:18.0,NISSAN_LEAF,Nissan Leaf e+ 62 kW,62000,174,28:40.0,8.1,13.0,300,WNW,5.008110030201188,37.34140705351931,261,59,,,,41.0,215.0,5.0,0,246,15,8,2
20/04/2023 14:28,139,97.3,84,21.499998,99.24,-422,8520,3,87,1.3,6412,54,-2.426924,43.202953,139.6834,8.108871517210666,28:39.6,7,7200.404,0101000020E6100000F6D31F1F576A03C041FB146EFA994540,20230420_NISSAN_EIBAR_DONOSTIA_054,,d4,19:34.5,05:18.0,NISSAN_LEAF,Nissan Leaf e+ 62 kW,62000,174,28:40.0,8.1,13.0,300,WNW,8.887438975747248,16.870537002589465,261,59,,,,41.0,215.0,5.0,0,246,15,8,2
20/04/2023 14:28,134,100.7,84,21.499998,99.24,-422,7560,3,87,0.56,6821,54,-2.424042,43.203827,135.17683,8.361916498583318,28:48.6,7,7200.36,0101000020E61000001DBD7B21706403C019596807179A4540,20230420_NISSAN_EIBAR_DONOSTIA_054,,d4,19:34.5,05:18.0,NISSAN_LEAF,Nissan Leaf e+ 62 kW,62000,174,28:40.0,8.1,13.0,300,WNW,6.316122515073591,30.931457226533908,261,59,,,,41.0,215.0,5.0,0,246,15,8,2
20/04/2023 14:28,131,102.0,84,21.499998,99.24,-422,17120,3,87,2.61,6851,54,-2.4216673,43.20525,132.27745,8.611097538241395,28:57.7,7,7200.302,0101000020E6100000A86DF515935F03C066990495459A4540,20230420_NISSAN_EIBAR_DONOSTIA_054,,d4,19:34.5,05:18.0,NISSAN_LEAF,Nissan Leaf e+ 62 kW,62000,174,28:40.0,8.1,13.0,300,WNW,4.08790843410362,41.67211469996221,261,59,,,,41.0,215.0,5.0,0,246,15,8,2
20/04/2023 14:29,129,96.6,84,21.499998,99.24,-422,0,3,87,0.98,6715,54,-2.4196956000000003,43.207005,129.83223,8.863339652773675,29:06.7,7,7200.269,0101000020E610000077A8806D895B03C0CDB5591B7F9A4540,20230420_NISSAN_EIBAR_DONOSTIA_054,,d4,19:34.5,05:18.0,NISSAN_LEAF,Nissan Leaf e+ 62 kW,62000,174,28:40.0,8.1,13.0,300,WNW,8.159904154899793,21.12047298186505,261,59,,,,41.0,215.0,5.0,0,246,15,8,2
20/04/2023 14:29,129,81.6,84,21.499998,99.24,-422,7440,3,87,2.17,5620,54,-2.4172673,43.207943,129.20349,9.086078254251257,29:15.8,7,7200.233,0101000020E61000003A4BBF3A905603C0BB4884E09D9A4540,20230420_NISSAN_EIBAR_DONOSTIA_054,,d4,19:34.5,05:18.0,NISSAN_LEAF,Nissan Leaf e+ 62 kW,62000,174,28:40.0,8.1,13.0,300,WNW,0.1526812895356105,59.32706195173749,261,59,,,,41.0,215.0,5.0,0,246,15,8,3
20/04/2023 14:29,128,84.6,84,21.499998,99.24,-422,13960,3,87,3.41,5633,54,-2.4162762000000004,43.209614,128.83495,9.288504344065153,29:24.8,7,7200.191,0101000020E6100000621EEB96885403C03A0E00A6D49A4540,20230420_NISSAN_EIBAR_DONOSTIA_054,,d4,19:34.5,05:18.0,NISSAN_LEAF,Nissan Leaf e+ 62 kW,62000,174,28:40.0,8.1,13.0,300,WNW,-4.694826663367581,81.17025533207593,261,59,,,,41.0,215.0,5.0,0,246,15,25,3
20/04/2023 14:29,127,88.2,84,21.499998,99.24,-422,0,3,87,0.0,5998,54,-2.4160042,43.211365,128.34444,9.48445118714905,29:32.9,7,7200.124,0101000020E6100000636FB209FA5303C03BB9480D0E9B4540,20230420_NISSAN_EIBAR_DONOSTIA_054,,d4,19:34.5,05:18.0,NISSAN_LEAF,Nissan Leaf e+ 62 kW,62000,174,28:40.0,8.1,13.0,300,WNW,5.548424628122101,34.73522913469775,261,59,,,,41.0,215.0,5.0,0,246,15,8,3
20/04/2023 14:29,126,95.3,84,21.499998,99.24,-422,7760,3,87,2.12,6229,54,-2.4140499,43.21272,126.361305,9.70305865134149,29:41.9,7,7200.1,0101000020E610000097B0375FF94F03C0539B3B513A9B4540,20230420_NISSAN_EIBAR_DONOSTIA_054,,d4,19:34.5,05:18.0,NISSAN_LEAF,Nissan Leaf e+ 62 kW,62000,174,28:40.0,8.1,13.0,300,WNW,9.801433299834349,11.065733657536803,261,59,,,,41.0,215.0,5.0,0,246,15,25,3
20/04/2023 14:29,125,100.4,84,21.499998,99.24,-422,8880,3,87,1.14,6758,54,-2.4111507000000003,43.213287,126.049706,9.946323108078511,29:50.9,7,7200.055,0101000020E6100000B1E2A963094A03C03B20CB094D9B4540,20230420_NISSAN_EIBAR_DONOSTIA_054,,d4,19:34.5,05:18.0,NISSAN_LEAF,Nissan Leaf e+ 62 kW,62000,174,28:40.0,8.1,13.0,300,WNW,5.910846338186989,32.95562187821884,261,59,,,,41.0,215.0,5.0,0,246,15,25,3
20/04/2023 14:29,124,101.0,83,21.499998,99.24,-422,16240,3,87,2.48,6763,54,-2.40911,43.21461,124.98368,10.167664744661382,29:59.0,7,7200.013000000001,0101000020E61000006353B987DB4503C064782353789B4540,20230420_NISSAN_EIBAR_DONOSTIA_054,,d4,19:34.5,05:18.0,NISSAN_LEAF,Nissan Leaf e+ 62 kW,62000,174,28:40.0,8.1,13.0,300,WNW,1.07020929568077,55.277850057335634,261,59,,,,41.0,215.0,5.0,0,246,15,25,4
20/04/2023 14:30,123,100.0,83,21.499998,99.24,-422,9440,3,87,1.11,6854,54,-2.4077032000000003,43.216640000000005,123.950386,10.420547647470917,30:08.0,7,7199.964,0101000020E6100000F39CA9DFF94203C078229AEEBA9B4540,20230420_NISSAN_EIBAR_DONOSTIA_054,,d4,19:34.5,05:18.0,NISSAN_LEAF,Nissan Leaf e+ 62 kW,62000,174,28:40.0,8.1,13.0,300,WNW,4.828771092246028,38.19530421245582,262,59,,,,41.0,216.0,5.0,0,246,16,8,4
20/04/2023 14:30,122,98.2,83,21.499998,99.24,-432,0,3,87,0.0,6602,54,-2.4056442,43.21826,122.29173,10.666088957239909,30:17.1,7,7199.915,0101000020E6100000F381F75AC23E03C0739ADDFCEF9B4540,20230420_NISSAN_EIBAR_DONOSTIA_054,,d4,19:34.5,05:18.0,NISSAN_LEAF,Nissan Leaf e+ 62 kW,62000,174,28:40.0,8.1,13.0,300,WNW,5.3725034399046985,35.589614452515605,262,59,,,,41.0,216.0,5.0,0,246,16,90,4
20/04/2023 14:30,120,103.0,83,21.499998,99.24,-432,9080,3,87,2.33,6793,54,-2.4035063,43.21979,120.79821,10.90890083510758,30:26.2,7,7199.845,0101000020E6100000F4935374613A03C00858492D229C4540,20230420_NISSAN_EIBAR_DONOSTIA_054,,d4,19:34.5,05:18.0,NISSAN_LEAF,Nissan Leaf e+ 62 kW,62000,174,28:40.0,8.1,13.0,300,WNW,-2.5728895713216104,71.4150359136901,262,59,,,,41.0,216.0,5.0,0,246,16,8,4
20/04/2023 14:30,119,106.0,83,21.499998,99.24,-432,14680,3,87,0.0,7149,54,-2.4026556,43.22232,119.71167,11.19854805462198,30:35.2,7,7199.764,0101000020E6100000AD2F217EA33803C0FC9B9CFE749C4540,20230420_NISSAN_EIBAR_DONOSTIA_054,,d4,19:34.5,05:18.0,NISSAN_LEAF,Nissan Leaf e+ 62 kW,62000,174,28:40.0,8.1,13.0,300,WNW,-7.823118136707032,96.99736675626598,387,99,38.0,129.0,212.0,,,,8,287,100,90,4
20/04/2023 14:30,118,103.4,83,21.499998,99.24,-432,13560,3,87,2.44,6967,54,-2.4029703,43.224884,118.27436000000002,11.484793465136352,30:45.3,7,7199.745,0101000020E6100000E2DCD98F483903C00E067D08C99C4540,20230420_NISSAN_EIBAR_DONOSTIA_054,,d4,19:34.5,05:18.0,NISSAN_LEAF,Nissan Leaf e+ 62 kW,62000,174,28:40.0,8.1,13.0,300,WNW,-5.9556723000454985,87.26641773742877,387,99,38.0,129.0,212.0,,,,8,287,100,8,4
20/04/2023 14:30,117,104.5,83,21.499998,99.24,-432,0,3,87,-2.47,7247,54,-2.4028559,43.22728,117.290184,11.751379514934833,30:54.3,7,7199.727,0101000020E6100000B5656F8B0C3903C0C4DCE18F179D4540,20230420_NISSAN_EIBAR_DONOSTIA_054,,d4,19:34.5,05:18.0,NISSAN_LEAF,Nissan Leaf e+ 62 kW,62000,174,28:40.0,8.1,13.0,300,WNW,-7.566776641160132,95.59554467634244,387,99,38.0,129.0,212.0,,,,8,287,100,25,4
20/04/2023 14:31,112,96.3,83,21.499998,99.24,-470,0,3,88,-0.22,6549,54,-2.4030685000000003,43.22945,112.57983,11.993332381816721,31:03.3,7,7199.681,0101000020E610000099D28CF67B3903C04A3E51935E9D4540,20230420_NISSAN_EIBAR_DONOSTIA_054,,d4,19:34.5,05:18.0,NISSAN_LEAF,Nissan Leaf e+ 62 kW,62000,174,33:19.9,9.4,15.1,280,W,-8.5992308843746,114.71435512867195,387,99,38.0,129.0,212.0,,,,8,287,100,120,4
20/04/2023 14:31,105,93.0,83,21.499998,99.24,-483,0,3,88,-3.25,6419,54,-2.4039080000000004,43.231274,106.56672,12.207336655673766,31:11.4,7,7199.646,0101000020E6100000E0B4032C343B03C043A091629A9D4540,20230420_NISSAN_EIBAR_DONOSTIA_054,,d4,19:34.5,05:18.0,NISSAN_LEAF,Nissan Leaf e+ 62 kW,62000,174,33:19.9,9.4,15.1,280,W,-7.979320249010321,111.89955929123876,387,99,38.0,129.0,212.0,,,,8,287,100,45,4
20/04/2023 14:31,98,89.7,83,21.499998,99.24,-511,0,3,88,0.0,6018,54,-2.4046762000000004,43.233185,99.04823,12.428884126302417,31:20.4,7,7199.604,0101000020E6100000E259E7EEC63C03C000924608D99D4540,20230420_NISSAN_EIBAR_DONOSTIA_054,,d4,19:34.5,05:18.0,NISSAN_LEAF,Nissan Leaf e+ 62 kW,62000,174,33:19.9,9.4,15.1,280,W,4.660460972608277,62.022722395218025,387,99,38.0,129.0,212.0,,,,8,287,100,120,3
20/04/2023 14:31,93,94.0,83,21.499998,99.24,-511,11760,3,88,2.36,6378,54,-2.4036632,43.235092,93.635925,12.65632353684574,31:29.4,7,7199.565,0101000020E6100000CA11CDC7B33A03C07063208E179E4540,20230420_NISSAN_EIBAR_DONOSTIA_054,,d4,19:34.5,05:18.0,NISSAN_LEAF,Nissan Leaf e+ 62 kW,62000,174,33:19.9,9.4,15.1,280,W,10.70318352293356,34.86100359610649,387,99,38.0,129.0,212.0,,,,8,287,100,45,3
20/04/2023 14:31,92,93.7,83,21.499998,99.24,-511,23280,3,88,3.31,6315,54,-2.402064,43.236206,92.17425,12.835571430865397,31:36.5,7,7200.463000000001,0101000020E6100000B5B92F6A6D3703C07F84AD0D3C9E4540,20230420_NISSAN_EIBAR_DONOSTIA_054,,d4,19:34.5,05:18.0,NISSAN_LEAF,Nissan Leaf e+ 62 kW,62000,174,33:19.9,9.4,15.1,280,W,11.523172870395593,30.259614966083205,387,99,38.0,129.0,212.0,,,,8,287,100,25,3
20/04/2023 14:31,92,93.1,83,21.000002,99.24,-511,15600,3,88,2.23,6288,54,-2.399822,43.237514,93.056015,13.068253070273633,31:45.5,7,7200.484,0101000020E61000002F5D0ADDD53203C04326D9EA669E4540,20230420_NISSAN_EIBAR_DONOSTIA_054,,d4,19:34.5,05:18.0,NISSAN_LEAF,Nissan Leaf e+ 62 kW,62000,174,33:19.9,9.4,15.1,280,W,5.558816067047752,58.399447751191424,387,99,38.0,129.0,212.0,,,,8,287,100,25,3
20/04/2023 14:31,90,89.9,83,21.000002,99.24,-511,0,3,88,0.0,6034,54,-2.3988032,43.23917,91.31821,13.27004813718345,31:53.6,7,7200.444,0101000020E610000014C801B2BF3003C010CFF8269D9E4540,20230420_NISSAN_EIBAR_DONOSTIA_054,,d4,19:34.5,05:18.0,NISSAN_LEAF,Nissan Leaf e+ 62 kW,62000,174,33:19.9,9.4,15.1,280,W,-5.862806457093988,102.84660604219906,387,99,38.0,129.0,212.0,,,,8,287,100,40,3
20/04/2023 14:32,88,89.7,83,21.000002,99.24,-517,1920,3,88,1.94,6096,54,-2.3992593,43.24117,88.35826999999999,13.49550548805693,32:02.6,7,7200.385,0101000020E6100000EE227AD5AE3103C07904DC96DE9E4540,20230420_NISSAN_EIBAR_DONOSTIA_054,,d4,19:34.5,05:18.0,NISSAN_LEAF,Nissan Leaf e+ 62 kW,62000,174,33:19.9,9.4,15.1,280,W,5.259738001139863,59.61497772559161,387,99,38.0,129.0,212.0,,,,8,287,100,85,2
20/04/2023 14:32,86,101.9,83,21.000002,99.24,-517,14120,3,88,1.34,6788,54,-2.3981042,43.24314,86.72386,13.733710705197085,32:11.6,7,7200.355,0101000020E61000007DAC9F4D512F03C0057538331F9F4540,20230420_NISSAN_EIBAR_DONOSTIA_054,,d4,19:34.5,05:18.0,NISSAN_LEAF,Nissan Leaf e+ 62 kW,62000,174,33:19.9,9.4,15.1,280,W,10.578701439657593,35.526744734894315,387,99,38.0,129.0,212.0,,,,8,287,100,85,2
20/04/2023 14:32,83,103.9,83,21.000002,99.24,-517,10120,3,88,0.8,7043,54,-2.396121,43.244556,83.99577,13.958662055055955,32:19.7,7,7200.323,0101000020E610000042020673412B03C044729BAF4D9F4540,20230420_NISSAN_EIBAR_DONOSTIA_054,,d4,19:34.5,05:18.0,NISSAN_LEAF,Nissan Leaf e+ 62 kW,62000,174,33:19.9,9.4,15.1,280,W,7.254335918613771,51.28718984351786,387,99,38.0,129.0,212.0,,,,8,287,100,25,2
20/04/2023 14:32,80,97.3,83,21.000002,99.24,-527,680,3,88,-1.2,6712,54,-2.3945372000000003,43.246532,81.06874,14.213107601310847,32:28.7,7,7200.273,0101000020E6100000835CC414032803C01C1208638E9F4540,20230420_NISSAN_EIBAR_DONOSTIA_054,,d4,19:34.5,05:18.0,NISSAN_LEAF,Nissan Leaf e+ 62 kW,62000,174,33:19.9,9.4,15.1,280,W,2.77520225412324,69.4095083051068,387,99,38.0,129.0,212.0,,,,8,287,100,85,2
20/04/2023 14:32,79,92.8,83,21.000002,99.24,-527,8560,3,88,0.41,6425,54,-2.393743,43.248646,79.460526,14.456821459213527,32:37.8,7,7200.223000000001,0101000020E6100000C5518BBC622603C05BAD8692D39F4540,20230420_NISSAN_EIBAR_DONOSTIA_054,,d4,19:34.5,05:18.0,NISSAN_LEAF,Nissan Leaf e+ 62 kW,62000,174,33:19.9,9.4,15.1,280,W,5.69444868423309,57.84485687279539,387,99,38.0,129.0,212.0,,,,8,287,100,40,1
20/04/2023 14:32,81,90.1,83,21.000002,99.24,-527,14720,3,88,2.64,6164,54,-2.392707,43.250294,80.646935,14.658370885466386,32:45.8,7,7200.193,0101000020E6100000DBF38892432403C08DC85EAF09A04540,20230420_NISSAN_EIBAR_DONOSTIA_054,,d4,19:34.5,05:18.0,NISSAN_LEAF,Nissan Leaf e+ 62 kW,62000,174,33:19.9,9.4,15.1,280,W,10.87376737812908,33.935855272904554,387,99,38.0,129.0,212.0,,,,8,287,100,25,1
20/04/2023 14:32,85,92.6,82,21.000002,99.24,-527,13200,3,88,2.77,6168,54,-2.3906472,43.25168,84.898605,14.885526654955493,32:54.9,7,7200.149,0101000020E61000004E1F3D980B2003C093ECD70437A04540,20230420_NISSAN_EIBAR_DONOSTIA_054,,d4,19:34.5,05:18.0,NISSAN_LEAF,Nissan Leaf e+ 62 kW,62000,174,33:19.9,9.4,15.1,280,W,3.676866518580676,65.90672966648286,387,99,38.0,129.0,212.0,,,,8,287,100,25,1
20/04/2023 14:33,86,87.6,82,21.000002,99.24,-527,0,3,89,0.81,6215,54,-2.38987,43.253418,86.97058,15.088786059382889,33:02.9,7,7200.094,0101000020E6100000C639A31A741E03C0E7B6FAFA6FA04540,20230420_NISSAN_EIBAR_DONOSTIA_054,,d4,19:34.5,05:18.0,NISSAN_LEAF,Nissan Leaf e+ 62 kW,62000,174,33:19.9,9.4,15.1,280,W,-0.5726606713973353,82.17343773876193,387,99,38.0,129.0,212.0,,,,8,287,100,25,1
20/04/2023 14:33,89,87.7,82,21.000002,99.24,-527,5320,3,89,1.94,5832,54,-2.389601,43.255375,89.57061999999999,15.307497731193338,33:11.9,7,7200.055,0101000020E61000004C47662DE71D03C027B2D01AB0A04540,20230420_NISSAN_EIBAR_DONOSTIA_054,,d4,19:34.5,05:18.0,NISSAN_LEAF,Nissan Leaf e+ 62 kW,62000,174,33:19.9,9.4,15.1,280,W,10.13919535596563,37.81938668571976,387,99,38.0,129.0,212.0,,,,8,287,100,25,1
20/04/2023 14:33,91,89.1,82,21.000002,99.24,-527,10400,3,89,1.34,5909,54,-2.3879945,43.256622,91.01354,15.497641288022649,33:20.0,7,7199.988,0101000020E6100000E16C37E89C1A03C097AA36FED8A04540,20230420_NISSAN_EIBAR_DONOSTIA_054,,d4,19:34.5,05:18.0,NISSAN_LEAF,Nissan Leaf e+ 62 kW,62000,174,33:19.9,9.4,15.1,280,W,13.652287825798105,15.29430520046471,387,99,38.0,129.0,212.0,,,,8,287,100,25,1
20/04/2023 14:33,89,91.7,82,21.000002,99.24,-527,9240,3,89,1.23,6114,54,-2.3851495,43.2574,89.294205,15.743746866661366,33:30.0,7,7199.993,0101000020E61000005B94D135C91403C0F66F208AF2A04540,20230420_NISSAN_EIBAR_DONOSTIA_054,,d4,19:34.5,05:18.0,NISSAN_LEAF,Nissan Leaf e+ 62 kW,62000,174,33:40.1,9.4,15.1,280,W,11.809658834447104,28.54705795587014,387,99,38.0,129.0,212.0,,,,8,287,100,8,1
20/04/2023 14:33,85,100.8,82,20.5,99.24,-527,8600,3,88,1.3,6654,54,-2.3825392999999995,43.25882,86.19811,16.007603570305193,33:40.1,7,7199.933000000001,0101000020E6100000BDA2FCC1700F03C0BB1CF30B21A14540,20230420_NISSAN_EIBAR_DONOSTIA_054,,d4,19:34.5,05:18.0,NISSAN_LEAF,Nissan Leaf e+ 62 kW,62000,174,33:40.1,9.4,15.1,280,W,12.637192747936655,23.18578032781617,387,99,38.0,129.0,212.0,,,,8,287,100,120,1
20/04/2023 14:33,83,97.0,82,20.5,99.24,-529,7840,3,88,1.23,6587,54,-2.379894,43.259953,83.11813000000001,16.256136420572577,33:49.1,7,7199.883000000001,0101000020E610000067C70EE6050A03C0BF23C42746A14540,20230420_NISSAN_EIBAR_DONOSTIA_054,,d4,19:34.5,05:18.0,NISSAN_LEAF,Nissan Leaf e+ 62 kW,62000,174,33:40.1,9.4,15.1,280,W,11.185076852027484,32.20605828949114,387,99,38.0,129.0,212.0,,,,8,287,100,120,1
20/04/2023 14:33,82,100.0,82,20.5,99.24,-529,12360,3,88,2.78,6740,54,-2.3773332000000003,43.261566,82.38906999999999,16.530308027161553,33:58.2,7,7199.803000000001,0101000020E61000001A60044AC70403C006DE37F57AA14540,20230420_NISSAN_EIBAR_DONOSTIA_054,,d4,19:34.5,05:18.0,NISSAN_LEAF,Nissan Leaf e+ 62 kW,62000,174,33:40.1,9.4,15.1,280,W,9.142347727258295,42.73851812860941,387,99,38.0,129.0,212.0,,,,8,287,100,120,2
20/04/2023 14:34,83,89.8,82,20.5,99.24,-529,7640,3,88,3.42,6241,54,-2.3755367,43.263226,83.29233,16.76532658834695,34:07.2,7,7199.755999999999,0101000020E6100000943EF761190103C0BE21C067B1A14540,20230420_NISSAN_EIBAR_DONOSTIA_054,,d4,19:34.5,05:18.0,NISSAN_LEAF,Nissan Leaf e+ 62 kW,62000,174,33:40.1,9.4,15.1,280,W,13.060228613029151,20.1269076454652,387,99,38.0,129.0,212.0,,,,8,287,100,120,2
20/04/2023 14:34,85,93.4,82,20.5,99.24,-529,22200,3,89,3.36,6311,54,-2.373261,43.26406,85.257835,16.971626060473234,34:15.3,7,7199.7480000000005,0101000020E6100000EB93C83370FC02C0D42C05C0CCA14540,20230420_NISSAN_EIBAR_DONOSTIA_054,,d4,19:34.5,05:18.0,NISSAN_LEAF,Nissan Leaf e+ 62 kW,62000,174,33:40.1,9.4,15.1,280,W,8.324459872766147,46.54452954671891,387,99,38.0,129.0,212.0,,,,8,287,100,8,2
20/04/2023 14:34,90,99.3,82,20.5,99.24,-529,24880,3,89,3.86,6583,54,-2.371601,43.265812,89.693344,17.208350914942322,34:24.3,7,7199.693,0101000020E6100000A0FC8D0A0AF902C0DAD3D31506A24540,20230420_NISSAN_EIBAR_DONOSTIA_054,,d4,19:34.5,05:18.0,NISSAN_LEAF,Nissan Leaf e+ 62 kW,62000,174,33:40.1,9.4,15.1,280,W,-0.2499992278043034,80.9486460331575,387,99,38.0,129.0,212.0,,,,8,287,100,8,2
20/04/2023 14:34,93,102.0,82,20.5,99.24,-529,28080,3,89,-1.38,7002,54,-2.3712397000000003,43.26808,93.975365,17.462268171793294,34:33.3,7,7199.65,0101000020E61000008F84A6894CF802C043C1FE8050A24540,20230420_NISSAN_EIBAR_DONOSTIA_054,,d4,19:34.5,05:18.0,NISSAN_LEAF,Nissan Leaf e+ 62 kW,62000,174,33:40.1,9.4,15.1,280,W,2.232220020092792,71.49885703975689,387,99,38.0,129.0,212.0,,,,8,287,100,8,2
20/04/2023 14:34,98,87.1,82,20.0,99.24,-529,16400,3,90,-1.44,6263,54,-2.3706317,43.269897,97.54774,17.670250682932256,34:41.4,7,7199.628000000001,0101000020E610000063FE26C40DF702C040C8DCFC8BA24540,20230420_NISSAN_EIBAR_DONOSTIA_054,,d4,19:34.5,05:18.0,NISSAN_LEAF,Nissan Leaf e+ 62 kW,62000,174,33:40.1,9.4,15.1,280,W,11.326692380988666,31.399912616919437,387,99,38.0,129.0,212.0,,,,8,287,100,120,3
20/04/2023 14:34,104,86.7,81,20.0,99.24,-529,17680,3,90,3.06,5861,54,-2.3686068,43.271133,104.07421,17.884281184102072,34:50.4,7,7199.576999999999,0101000020E6100000E163021AE8F202C0E9335584B4A24540,20230420_NISSAN_EIBAR_DONOSTIA_054,,d4,19:34.5,05:18.0,NISSAN_LEAF,Nissan Leaf e+ 62 kW,62000,174,33:40.1,9.4,15.1,280,W,5.601355009094011,58.22574092959006,387,99,38.0,129.0,212.0,,,,8,287,100,85,3
20/04/2023 14:35,107,84.9,81,20.0,99.24,-529,8600,3,90,3.7,5863,54,-2.3673587000000005,43.273148,107.621025,18.130096619398984,35:00.5,7,7199.519,0101000020E610000061F261CA59F002C0A4DE0B7AF6A24540,20230420_NISSAN_EIBAR_DONOSTIA_054,,d4,19:34.5,05:18.0,NISSAN_LEAF,Nissan Leaf e+ 62 kW,62000,174,33:40.1,9.4,15.1,280,W,10.216593871603504,37.42181778202561,387,99,38.0,129.0,212.0,,,,8,287,100,100,3
20/04/2023 14:35,110,83.0,81,20.0,99.24,-529,12280,3,91,2.77,5662,54,-2.3658087,43.274334,109.86538,18.312150741352955,35:08.5,7,7200.477,0101000020E61000002479731C2DED02C09937AE601DA34540,20230420_NISSAN_EIBAR_DONOSTIA_054,,d4,19:34.5,05:18.0,NISSAN_LEAF,Nissan Leaf e+ 62 kW,62000,174,33:40.1,9.4,15.1,280,W,3.822928934593346,65.334581005177,387,99,38.0,129.0,212.0,,,,8,287,100,40,3
20/04/2023 14:35,111,93.2,81,20.0,99.24,-529,20080,3,91,3.2,5927,54,-2.3649518,43.2762,111.45934,18.530936200703366,35:17.6,7,7200.415,0101000020E61000007843A5E66BEB02C03B40F57B5AA34540,20230420_NISSAN_EIBAR_DONOSTIA_054,,d4,19:34.5,05:18.0,NISSAN_LEAF,Nissan Leaf e+ 62 kW,62000,174,33:40.1,9.4,15.1,280,W,4.97803672366646,60.75117366319717,387,99,38.0,129.0,212.0,,,,8,287,100,100,3
20/04/2023 14:35,111,93.3,81,20.0,99.24,-553,0,4,91,-3.23,4685,54,-2.364711,43.27663,111.6471,18.582571660642472,35:30.7,7,7196.307,0101000020E6100000C8F2269CEDEA02C04AFB759068A34540,20230420_NISSAN_EIBAR_DONOSTIA_054,,d4,19:34.5,05:18.0,NISSAN_LEAF,Nissan Leaf e+ 62 kW,62000,174,33:40.1,9.4,15.1,280,W,8.851056366764151,44.11482991776088,387,99,38.0,129.0,212.0,,,,8,287,100,120,3
20/04/2023 14:35,119,26.5,81,20.0,99.24,-589,0,3,91,2.8,1928,54,-2.3628576,43.278427,159.33948,18.836960841819796,35:34.7,7,7200.316999999999,0101000020E6100000E485D5D721E702C08C872384A3A34540,20230420_NISSAN_EIBAR_DONOSTIA_054,,d4,19:34.5,05:18.0,NISSAN_LEAF,Nissan Leaf e+ 62 kW,62000,174,33:40.1,9.4,15.1,280,W,9.127666061696983,42.80848162197145,387,99,38.0,129.0,212.0,,,,8,287,100,8,4
20/04/2023 14:35,152,45.4,81,20.0,99.24,-589,19400,3,91,6.55,2787,54,-2.362239,43.279,148.09743999999998,18.91877588913655,35:43.7,7,7200.307,0101000020E6100000237CBB85DDE502C074D93335B6A34540,20230420_NISSAN_EIBAR_DONOSTIA_054,,d4,19:34.5,05:18.0,NISSAN_LEAF,Nissan Leaf e+ 62 kW,62000,174,33:40.1,9.4,15.1,280,W,9.373459778644326,41.62842354426665,387,99,38.0,129.0,212.0,,,,8,287,100,8,4
20/04/2023 14:35,164,67.7,81,19.5,99.24,-589,25320,3,92,5.75,4373,54,-2.3612657,43.279865,162.40219,19.04393127254248,35:51.7,7,7200.257,0101000020E6100000540AB748DFE302C07DB50D95D2A34540,20230420_NISSAN_EIBAR_DONOSTIA_054,,d4,19:34.5,05:18.0,NISSAN_LEAF,Nissan Leaf e+ 62 kW,62000,174,33:40.1,9.4,15.1,280,W,9.276513293126808,42.09612042218562,387,99,38.0,129.0,212.0,,,,8,287,100,100,4
20/04/2023 14:36,172,81.4,81,19.5,99.24,-589,17520,3,93,-1.42,5387,54,-2.3598323,43.28116,171.81992,19.229101383481925,36:00.8,7,7200.206999999999,0101000020E610000093F875CCEFE002C0BDA3EFF3FCA34540,20230420_NISSAN_EIBAR_DONOSTIA_054,,d4,19:34.5,05:18.0,NISSAN_LEAF,Nissan Leaf e+ 62 kW,62000,174,38:20.0,8.1,13.0,300,WNW,3.31473793781944,45.227609338869904,387,99,38.0,129.0,212.0,,,,8,287,100,100,4
20/04/2023 14:36,185,83.1,81,19.5,99.24,-589,23000,3,93,4.09,5407,54,-2.3584533,43.28255,183.36392,19.420107259252873,36:09.8,7,7200.177,0101000020E6100000EFFC51C11CDE02C0555824962AA44540,20230420_NISSAN_EIBAR_DONOSTIA_054,,d4,19:34.5,05:18.0,NISSAN_LEAF,Nissan Leaf e+ 62 kW,62000,174,38:20.0,8.1,13.0,300,WNW,1.3586085417493046,54.00115878845217,387,99,38.0,129.0,212.0,,,,8,287,100,8,4
20/04/2023 14:36,189,90.6,80,19.5,99.24,-589,16520,3,94,3.61,6097,54,-2.3572037,43.28427,189.52377,19.63655136660648,36:18.9,7,7200.127,0101000020E61000008FA915988DDB02C0F07CDFFA62A44540,20230420_NISSAN_EIBAR_DONOSTIA_054,,d4,19:34.5,05:18.0,NISSAN_LEAF,Nissan Leaf e+ 62 kW,62000,174,38:20.0,8.1,13.0,300,WNW,4.467213421315795,39.90170178807061,387,99,38.0,129.0,212.0,,,,8,287,100,120,5
20/04/2023 14:36,193,89.4,80,19.5,99.24,-589,0,3,94,-1.16,6169,54,-2.3553596000000003,43.285812,192.80426,19.863909368610496,36:28.0,7,7200.039000000001,0101000020E61000003AA5DDCFC6D702C0850CFC8795A44540,20230420_NISSAN_EIBAR_DONOSTIA_054,,d4,19:34.5,05:18.0,NISSAN_LEAF,Nissan Leaf e+ 62 kW,62000,174,38:20.0,8.1,13.0,300,WNW,10.129280976520558,8.814856853460729,387,99,38.0,129.0,212.0,,,,8,287,100,8,5
20/04/2023 14:36,196,89.8,80,19.5,99.24,-594,14160,3,94,2.05,5733,54,-2.3531413,43.286156,196.09547,20.04752449001553,36:36.1,7,7199.926,0101000020E610000065AA5AC63BD302C0747458C3A0A44540,20230420_NISSAN_EIBAR_DONOSTIA_054,,d4,19:34.5,05:18.0,NISSAN_LEAF,Nissan Leaf e+ 62 kW,62000,174,38:20.0,8.1,13.0,300,WNW,12.65879180978734,-16.843808551772717,387,99,38.0,129.0,212.0,,,,8,287,100,8,5
20/04/2023 14:36,198,85.1,80,19.5,99.24,-594,440,3,94,-0.33,5813,54,-2.3506343,43.285397,198.4183,20.26731304376217,36:45.0,7,7200.008000000001,0101000020E6100000C1E0546819CE02C0FE4BC6D887A44540,20230420_NISSAN_EIBAR_DONOSTIA_054,,d4,19:34.5,05:18.0,NISSAN_LEAF,Nissan Leaf e+ 62 kW,62000,174,38:20.0,8.1,13.0,300,WNW,11.316265241392202,-0.5146926069263785,387,99,38.0,129.0,212.0,,,,8,287,100,8,5
20/04/2023 14:36,200,87.9,80,18.999998,99.24,-595,1600,3,93,0.0,5722,54,-2.348074,43.285374,200.63951,20.474581872724528,36:54.0,7,7199.956999999999,0101000020E61000006CA7C1F9DAC802C0D322532487A44540,20230420_NISSAN_EIBAR_DONOSTIA_054,,d4,19:34.5,05:18.0,NISSAN_LEAF,Nissan Leaf e+ 62 kW,62000,174,38:20.0,8.1,13.0,300,WNW,12.53485757263702,-14.626865077497216,387,99,38.0,129.0,212.0,,,,8,287,100,100,5
20/04/2023 14:37,200,85.1,80,18.999998,99.24,-595,0,3,93,-1.22,6040,54,-2.3461275,43.284866,201.2672,20.6419611204214,37:01.9,7,7200.128000000001,0101000020E61000003C993F7CDEC402C003FD0D7676A44540,20230420_NISSAN_EIBAR_DONOSTIA_054,,d4,19:34.5,05:18.0,NISSAN_LEAF,Nissan Leaf e+ 62 kW,62000,174,38:20.0,8.1,13.0,300,WNW,12.698375069546389,-17.633611908527044,387,99,38.0,129.0,212.0,,,,8,287,100,100,5
20/04/2023 14:37,199,90.3,80,18.999998,99.24,-596,9680,3,93,1.53,6036,54,-2.3436925,43.284092,199.67812,20.857039717987828,37:10.1,7,7199.868,0101000020E6100000E3549EECE1BF02C0926948145DA44540,20230420_NISSAN_EIBAR_DONOSTIA_054,,d4,19:34.5,05:18.0,NISSAN_LEAF,Nissan Leaf e+ 62 kW,62000,174,38:20.0,8.1,13.0,300,WNW,11.90011041283896,-6.261615507055453,387,99,38.0,129.0,212.0,,,,8,287,100,100,5
20/04/2023 14:37,200,91.2,80,18.999998,99.24,-596,6080,4,92,0.16,6123,54,-2.3418515,43.28389,200.43268,21.007746335283134,37:19.2,7,7199.808000000001,0101000020E61000007AF6E5AB1CBC02C082E3DD7056A44540,20230420_NISSAN_EIBAR_DONOSTIA_054,,d4,19:34.5,05:18.0,NISSAN_LEAF,Nissan Leaf e+ 62 kW,62000,174,38:20.0,8.1,13.0,300,WNW,11.258330249197698,0.0,387,99,38.0,129.0,212.0,,,,8,287,100,100,5
20/04/2023 14:37,200,91.2,80,18.500002,99.24,-596,9040,4,92,1.47,5807,54,-2.3418515,43.28389,200.43268,21.007746335283134,37:27.3,7,7199.738,0101000020E61000007AF6E5AB1CBC02C082E3DD7056A44540,20230420_NISSAN_EIBAR_DONOSTIA_054,,d4,19:34.5,05:18.0,NISSAN_LEAF,Nissan Leaf e+ 62 kW,62000,174,38:20.0,8.1,13.0,300,WNW,11.258330249197698,0.0,387,99,38.0,129.0,212.0,,,,8,287,100,100,5
20/04/2023 14:37,200,91.2,80,18.500002,99.24,-596,7120,4,92,2.41,5782,54,-2.3418515,43.28389,200.43268,21.007746335283134,37:36.3,7,7199.738,0101000020E61000007AF6E5AB1CBC02C082E3DD7056A44540,20230420_NISSAN_EIBAR_DONOSTIA_054,,d4,19:34.5,05:18.0,NISSAN_LEAF,Nissan Leaf e+ 62 kW,62000,174,38:20.0,8.1,13.0,300,WNW,10.76601408005086,4.0903314831342765,387,99,38.0,129.0,212.0,,,,8,287,100,100,5
20/04/2023 14:37,207,92.7,80,18.500002,99.24,-596,13920,3,91,2.94,6103,54,-2.3325243,43.284557,207.41548,21.76640873448706,37:46.3,7,7199.678000000001,0101000020E6100000DF3FFD8F02A902C09A2AA45C6CA44540,20230420_NISSAN_EIBAR_DONOSTIA_054,,d4,19:34.5,05:18.0,NISSAN_LEAF,Nissan Leaf e+ 62 kW,62000,174,38:20.0,8.1,13.0,300,WNW,10.932448749845316,2.758622023704292,387,99,38.0,129.0,212.0,,,,8,287,100,45,6
20/04/2023 14:37,206,87.8,80,18.0,99.24,-596,25840,3,91,2.38,5850,54,-2.3299716,43.28468,206.6436,21.97349090254309,37:55.4,7,7199.618,0101000020E6100000D44A7C25C8A302C0439C646F70A44540,20230420_NISSAN_EIBAR_DONOSTIA_054,,d4,19:34.5,05:18.0,NISSAN_LEAF,Nissan Leaf e+ 62 kW,62000,174,38:20.0,8.1,13.0,300,WNW,11.588052258345003,-3.048264152280606,387,99,38.0,129.0,212.0,,,,8,287,100,45,6
20/04/2023 14:38,207,92.6,80,18.0,99.24,-596,16560,3,91,3.55,6125,54,-2.3275304,43.28455,207.52309,22.171624086371445,38:03.5,7,7199.548000000001,0101000020E6100000DD7E0846C89E02C04B7AE6256CA44540,20230420_NISSAN_EIBAR_DONOSTIA_054,,d4,19:34.5,05:18.0,NISSAN_LEAF,Nissan Leaf e+ 62 kW,62000,174,38:20.0,8.1,13.0,300,WNW,11.912376379384744,-6.396267135610321,387,99,38.0,129.0,212.0,,,,8,287,100,8,6
20/04/2023 14:38,210,85.1,80,18.0,99.24,-596,0,3,91,-0.97,6021,54,-2.3247383,43.284237,210.0864,22.400310241457394,38:12.5,7,7199.496999999999,0101000020E610000096C86856109902C052D879DE61A44540,20230420_NISSAN_EIBAR_DONOSTIA_054,,d4,19:34.5,05:18.0,NISSAN_LEAF,Nissan Leaf e+ 62 kW,62000,174,38:20.0,8.1,13.0,300,WNW,12.360359851604278,-11.95192797713327,387,99,38.0,129.0,212.0,,,,8,287,100,45,7
20/04/2023 14:38,210,88.8,80,18.0,99.24,-596,800,3,91,-1.58,6077,54,-2.322466,43.283756,210.282,22.59186224899686,38:20.5,7,7200.499,0101000020E6100000387C6006699402C000CFC12552A44540,20230420_NISSAN_EIBAR_DONOSTIA_054,,d4,19:34.5,05:18.0,NISSAN_LEAF,Nissan Leaf e+ 62 kW,62000,174,38:20.0,8.1,13.0,300,WNW,12.676383345587874,-17.188898998983618,387,99,38.0,129.0,212.0,,,,8,287,100,120,7
20/04/2023 14:38,210,97.4,80,18.0,99.24,-614,22640,3,91,2.25,6196,54,-2.320271,43.283077,211.18924,22.78491860713049,38:28.5,7,7200.468000000001,0101000020E610000083557931EA8F02C0B73616D93BA44540,20230420_NISSAN_EIBAR_DONOSTIA_054,,d4,19:34.5,05:18.0,NISSAN_LEAF,Nissan Leaf e+ 62 kW,62000,174,38:20.0,8.1,13.0,300,WNW,12.896853731070411,-22.77762079205821,387,99,38.0,129.0,212.0,,,,8,287,100,8,7
20/04/2023 14:38,208,91.4,80,18.0,99.24,-630,0,3,91,-1.58,6219,54,-2.3177466,43.282017,208.80817,23.020831732462028,38:37.6,7,7200.388000000001,0101000020E61000007FAE80CFBE8A02C0D23CD61119A44540,20230420_NISSAN_EIBAR_DONOSTIA_054,,d4,19:34.5,05:18.0,NISSAN_LEAF,Nissan Leaf e+ 62 kW,62000,174,38:40.1,8.1,13.0,300,WNW,12.94368357001225,-24.664926360089403,191,75,,,,1.0,137.0,52.0,1,169,22,8,6
20/04/2023 14:38,205,92.2,80,18.0,99.24,-638,0,3,90,-2.52,6272,54,-2.3153577000000003,43.28092,205.65698,23.24949085352881,38:46.7,7,7200.338000000001,0101000020E6100000CA882535DA8502C04F93F915F5A34540,20230420_NISSAN_EIBAR_DONOSTIA_054,,d4,19:34.5,05:18.0,NISSAN_LEAF,Nissan Leaf e+ 62 kW,62000,174,38:40.1,8.1,13.0,300,WNW,12.992053205505773,-27.996524337876533,191,75,,,,1.0,137.0,52.0,1,169,22,85,6
20/04/2023 14:38,200,85.6,80,18.0,99.24,-669,0,3,90,-1.55,5881,54,-2.3131795,43.279762,201.37157,23.467870531038688,38:55.7,7,7200.2880000000005,0101000020E6100000FB42FB44648102C0C4A81040CFA34540,20230420_NISSAN_EIBAR_DONOSTIA_054,,d4,19:34.5,05:18.0,NISSAN_LEAF,Nissan Leaf e+ 62 kW,62000,174,38:40.1,8.1,13.0,300,WNW,12.685476438041004,-42.62909037616418,191,75,,,,1.0,137.0,52.0,1,169,22,85,6
20/04/2023 14:39,196,88.6,80,18.0,99.24,-683,7200,3,90,-0.47,5848,54,-2.3117433,43.27844,197.3725,23.655333056605073,39:03.7,7,7200.298000000001,0101000020E61000005DECA634737E02C0E8890CD1A3A34540,20230420_NISSAN_EIBAR_DONOSTIA_054,,d4,19:34.5,05:18.0,NISSAN_LEAF,Nissan Leaf e+ 62 kW,62000,174,38:40.1,8.1,13.0,300,WNW,11.517341720620056,-57.63142240323359,191,75,,,,1.0,137.0,52.0,1,169,22,85,6
20/04/2023 14:39,190,99.3,80,18.0,99.24,-683,8200,3,90,0.25,6607,54,-2.3105580000000003,43.27657,191.16927,23.88442406690067,39:12.8,7,7200.168000000001,0101000020E6100000ADBA92D8057C02C00304E59666A34540,20230420_NISSAN_EIBAR_DONOSTIA_054,,d4,19:34.5,05:18.0,NISSAN_LEAF,Nissan Leaf e+ 62 kW,62000,174,38:40.1,8.1,13.0,300,WNW,10.223305718210431,-68.14889852602502,191,75,,,,1.0,137.0,52.0,1,169,22,8,5
20/04/2023 14:39,183,104.0,80,18.0,99.24,-683,5200,3,90,0.38,6997,54,-2.3096814,43.274384000000005,184.08492,24.13774318174134,39:21.8,7,7200.1990000000005,0101000020E6100000B7321F403A7A02C0AD4DB0F81EA34540,20230420_NISSAN_EIBAR_DONOSTIA_054,,d4,19:34.5,05:18.0,NISSAN_LEAF,Nissan Leaf e+ 62 kW,62000,174,38:40.1,8.1,13.0,300,WNW,11.321245922540928,-59.44067754739907,191,75,,,,1.0,137.0,52.0,1,169,22,8,5
20/04/2023 14:39,174,100.2,80,17.5,99.24,-699,0,3,89,-0.95,6879,54,-2.3084214,43.27225,175.26486,24.39618141519044,39:30.9,7,7200.097,0101000020E61000009237A793A57702C0947D9F2DD9A24540,20230420_NISSAN_EIBAR_DONOSTIA_054,,d4,19:34.5,05:18.0,NISSAN_LEAF,Nissan Leaf e+ 62 kW,62000,174,38:40.1,8.1,13.0,300,WNW,12.800224475847273,-40.05761089828259,191,75,,,,1.0,137.0,52.0,1,169,22,25,5
20/04/2023 14:39,167,106.8,80,17.5,99.24,-708,8440,3,89,0.67,7043,54,-2.3065946,43.270714,168.29828,24.62222287008658,39:38.9,7,7200.076999999999,0101000020E61000005A181AEAE77302C055DE35CFA6A24540,20230420_NISSAN_EIBAR_DONOSTIA_054,,d4,19:34.5,05:18.0,NISSAN_LEAF,Nissan Leaf e+ 62 kW,62000,174,38:40.1,8.1,13.0,300,WNW,12.999912928950575,-30.209702247898623,191,75,,,,1.0,137.0,52.0,1,169,22,25,5
20/04/2023 14:39,158,101.9,80,17.5,99.24,-722,0,3,89,-1.61,7078,54,-2.3037195,43.26904,159.57368,24.92040341482883,39:48.9,7,7200.068,0101000020E6100000DDAF6973046E02C081E954E56FA24540,20230420_NISSAN_EIBAR_DONOSTIA_054,,d4,19:34.5,05:18.0,NISSAN_LEAF,Nissan Leaf e+ 62 kW,62000,174,38:40.1,8.1,13.0,300,WNW,12.98178503891599,-33.033407808069725,191,75,,,,1.0,137.0,52.0,1,169,22,25,5
20/04/2023 14:39,151,101.5,80,17.5,99.24,-737,3800,3,89,2.09,6843,54,-2.3014188,43.267544,152.25133,25.17025442095589,39:58.0,7,7199.977,0101000020E6100000A04E5C384E6902C0F28CDFE83EA24540,20230420_NISSAN_EIBAR_DONOSTIA_054,,d4,19:34.5,05:18.0,NISSAN_LEAF,Nissan Leaf e+ 62 kW,62000,174,38:40.1,8.1,13.0,300,WNW,12.977001348502206,-33.40864040654342,191,75,,,,1.0,137.0,52.0,1,169,22,8,4
20/04/2023 14:40,139,92.5,80,17.5,99.24,-755,0,3,89,-0.88,6529,54,-2.299128,43.266033,141.09703000000002,25.420769344791555,40:07.1,7,7199.866999999999,0101000020E6100000404C3A359D6402C01CEA8A680DA24540,20230420_NISSAN_EIBAR_DONOSTIA_054,,d4,19:34.5,05:18.0,NISSAN_LEAF,Nissan Leaf e+ 62 kW,62000,174,38:40.1,8.1,13.0,300,WNW,12.961926160833372,-25.61383119518437,191,75,,,,1.0,137.0,52.0,1,169,22,25,4
20/04/2023 14:40,127,102.1,80,18.0,99.24,-755,7600,3,89,2.06,6847,54,-2.2966187,43.26483,128.84028999999998,25.664338483190992,40:16.1,7,7199.917,0101000020E61000008BEFAF99795F02C09D76CC06E6A14540,20230420_NISSAN_EIBAR_DONOSTIA_054,,d4,19:34.5,05:18.0,NISSAN_LEAF,Nissan Leaf e+ 62 kW,62000,174,38:40.1,8.1,13.0,300,WNW,12.939889873240029,-35.511975277048215,191,75,,,,1.0,137.0,52.0,1,169,22,8,4
20/04/2023 14:40,117,103.1,80,18.0,99.24,-755,1840,3,89,1.16,7002,54,-2.2946148,43.2634,119.51648,25.891713073572802,40:24.1,7,7199.877,0101000020E6100000059672FE5E5B02C00682E527B7A14540,20230420_NISSAN_EIBAR_DONOSTIA_054,,d4,19:34.5,05:18.0,NISSAN_LEAF,Nissan Leaf e+ 62 kW,62000,174,38:40.1,8.1,13.0,300,WNW,12.453681480762544,-46.66946602776603,191,75,,,,1.0,137.0,52.0,1,169,22,8,4
20/04/2023 14:40,107,101.2,80,18.0,99.24,-755,4080,3,88,0.3,6874,54,-2.2926545,43.261322,107.73677,26.17229392736975,40:33.2,7,7199.797,0101000020E61000007744ED4D5B5702C02526B60B73A14540,20230420_NISSAN_EIBAR_DONOSTIA_054,,d4,19:34.5,05:18.0,NISSAN_LEAF,Nissan Leaf e+ 62 kW,62000,174,38:40.1,8.1,13.0,300,WNW,12.938086109803251,-24.405870502081743,191,75,,,,1.0,137.0,52.0,1,169,22,8,3
20/04/2023 14:40,100,103.2,80,18.0,99.24,-755,11440,3,88,1.56,6924,54,-2.28999,43.260113,100.738495,26.4266073365537,40:42.3,7,7199.717,0101000020E61000008B205143E65102C0B66E6E584BA14540,20230420_NISSAN_EIBAR_DONOSTIA_054,,d4,19:34.5,05:18.0,NISSAN_LEAF,Nissan Leaf e+ 62 kW,62000,174,38:40.1,8.1,13.0,300,WNW,12.591425131010656,-15.597236218001727,191,75,,,,1.0,137.0,52.0,1,169,22,25,3
20/04/2023 14:40,92,102.4,79,18.0,99.24,-755,5880,3,88,0.33,6980,54,-2.2873642000000003,43.25938,93.69845,26.65443483681306,40:50.3,7,7199.717,0101000020E610000044347496854C02C0EDE2B26433A14540,20230420_NISSAN_EIBAR_DONOSTIA_054,,d4,19:34.5,05:18.0,NISSAN_LEAF,Nissan Leaf e+ 62 kW,62000,174,38:40.1,8.1,13.0,300,WNW,11.130552290095286,1.1078474692312872,191,75,,,,1.0,137.0,52.0,1,169,22,25,3
20/04/2023 14:40,86,102.3,79,18.0,99.24,-755,8920,3,88,1.42,6808,54,-2.2842615,43.259440000000005,86.55455,26.90587734027161,40:59.3,7,7199.677,0101000020E6100000198FAAE92A4602C0D64A1A6235A14540,20230420_NISSAN_EIBAR_DONOSTIA_054,,d4,19:34.5,05:18.0,NISSAN_LEAF,Nissan Leaf e+ 62 kW,62000,174,38:40.1,8.1,13.0,300,WNW,7.774470161589956,23.270622488476807,191,75,,,,1.0,137.0,52.0,1,169,22,25,3
20/04/2023 14:41,80,107.4,79,18.0,99.24,-755,9320,3,88,2.97,7050,54,-2.281527,43.260616,80.41821999999999,27.16311293469159,41:08.4,7,7199.587,0101000020E6100000A47DEA3C914002C0EB2383E95BA14540,20230420_NISSAN_EIBAR_DONOSTIA_054,,d4,19:34.5,05:18.0,NISSAN_LEAF,Nissan Leaf e+ 62 kW,62000,174,43:20.0,8.1,13.0,300,WNW,5.8021913964027645,33.49202241332028,191,75,,,,1.0,137.0,52.0,1,169,22,25,3
20/04/2023 14:41,74,105.1,79,18.0,99.24,-755,9800,3,88,1.48,7136,54,-2.279118,43.26221,74.907166,27.426739197976946,41:17.5,7,7199.536999999999,0101000020E61000008D2AEC3DA23B02C00C33852390A14540,20230420_NISSAN_EIBAR_DONOSTIA_054,,d4,19:34.5,05:18.0,NISSAN_LEAF,Nissan Leaf e+ 62 kW,62000,174,43:20.0,8.1,13.0,300,WNW,8.063039969193188,21.666787003135564,191,75,,,,1.0,137.0,52.0,1,169,22,25,2
20/04/2023 14:41,70,104.9,79,18.0,99.24,-755,7080,3,88,0.69,7169,54,-2.2762535,43.263348,70.21273000000001,27.691003068913805,41:26.5,7,7199.526999999999,0101000020E6100000EF723F69C43502C080D17B6AB5A14540,20230420_NISSAN_EIBAR_DONOSTIA_054,,d4,19:34.5,05:18.0,NISSAN_LEAF,Nissan Leaf e+ 62 kW,62000,174,43:20.0,8.1,13.0,300,WNW,7.627822481374583,24.072889567762207,191,75,,,,1.0,137.0,52.0,1,169,22,120,2
20/04/2023 14:41,65,100.7,79,18.0,99.24,-755,8640,3,88,1.19,6915,54,-2.2738383,43.264427000000005,65.9125,27.92047919299698,41:34.6,7,7200.448,0101000020E6100000613B7029D23002C0973985BDD8A14540,20230420_NISSAN_EIBAR_DONOSTIA_054,,d4,19:34.5,05:18.0,NISSAN_LEAF,Nissan Leaf e+ 62 kW,62000,174,43:20.0,8.1,13.0,300,WNW,5.642498542446601,34.27588166644734,191,75,,,,1.0,137.0,52.0,1,169,22,45,2
20/04/2023 14:41,60,103.7,79,18.500002,99.24,-755,28360,3,88,2.81,7030,54,-2.2715743,43.26597,61.30629,28.171605346025068,41:43.6,7,7200.396,0101000020E61000009774A21E2F2C02C0644F9E310BA24540,20230420_NISSAN_EIBAR_DONOSTIA_054,,d4,19:34.5,05:18.0,NISSAN_LEAF,Nissan Leaf e+ 62 kW,62000,174,43:20.0,8.1,13.0,300,WNW,2.601217560056972,48.45756402327053,191,75,,,,1.0,137.0,52.0,1,169,22,120,2
20/04/2023 14:41,57,104.6,79,18.500002,99.24,-755,23680,3,89,1.39,7142,54,-2.2700503,43.26769,58.314186,28.399232687587105,41:51.6,7,7200.406999999999,0101000020E61000000682FC1A102902C08844149C43A24540,20230420_NISSAN_EIBAR_DONOSTIA_054,,d4,19:34.5,05:18.0,NISSAN_LEAF,Nissan Leaf e+ 62 kW,62000,174,43:20.0,8.1,13.0,300,WNW,2.520193852421384,48.82180210476624,191,75,,,,1.0,137.0,52.0,1,169,22,120,3
20/04/2023 14:42,55,97.6,79,18.500002,99.24,-755,18200,3,89,2.44,6703,54,-2.268397,43.26958,56.188526,28.648411402514686,42:00.7,7,7200.2880000000005,0101000020E61000007667BB65AD2502C06B82A7A981A24540,20230420_NISSAN_EIBAR_DONOSTIA_054,,d4,19:34.5,05:18.0,NISSAN_LEAF,Nissan Leaf e+ 62 kW,62000,174,43:20.0,8.1,13.0,300,WNW,6.612211903798173,29.427270128186677,191,75,,,,1.0,137.0,52.0,1,169,22,8,3
20/04/2023 14:42,54,96.1,79,18.500002,99.24,-755,17520,3,89,3.38,6580,54,-2.2660038,43.27093,54.67776,28.893524763498878,42:09.7,7,7200.318,0101000020E6100000617489ABC62002C0A1A59AE2ADA24540,20230420_NISSAN_EIBAR_DONOSTIA_054,,d4,19:34.5,05:18.0,NISSAN_LEAF,Nissan Leaf e+ 62 kW,62000,174,43:20.0,8.1,13.0,300,WNW,10.012120004154031,9.631464694731084,191,75,,,,1.0,137.0,52.0,1,169,22,8,3
20/04/2023 14:42,58,103.3,79,18.500002,99.24,-755,23800,3,89,2.69,6898,54,-2.263028,43.271435,57.99184399999999,29.140933911375665,42:18.8,7,7200.228,0101000020E6100000DD655E64AE1A02C05F191253BEA24540,20230420_NISSAN_EIBAR_DONOSTIA_054,,d4,19:34.5,05:18.0,NISSAN_LEAF,Nissan Leaf e+ 62 kW,62000,174,43:20.0,8.1,13.0,300,WNW,10.914831274171457,2.901841567407325,191,75,,,,1.0,137.0,52.0,1,169,22,8,3
20/04/2023 14:42,61,97.3,78,18.0,99.24,-755,11080,3,90,1.58,6583,54,-2.2599702,43.27159,61.288425,29.38912229299925,42:27.8,7,7200.189,0101000020E61000003C2B6D366B1402C0FBACE57BC3A24540,20230420_NISSAN_EIBAR_DONOSTIA_054,,d4,19:34.5,05:18.0,NISSAN_LEAF,Nissan Leaf e+ 62 kW,62000,174,43:20.0,8.1,13.0,300,WNW,8.628695203921092,18.413822769732725,191,75,,,,1.0,137.0,52.0,1,169,22,8,3
20/04/2023 14:42,69,88.4,79,18.0,99.24,-777,0,3,90,-1.56,6113,54,-2.2572849,43.272484000000006,68.47241,29.628286149082033,42:36.8,7,7200.168000000001,0101000020E61000007C85E464EB0E02C0AC5A9CCBE0A24540,20230420_NISSAN_EIBAR_DONOSTIA_054,,d4,19:34.5,05:18.0,NISSAN_LEAF,Nissan Leaf e+ 62 kW,62000,174,43:20.0,8.1,13.0,300,WNW,3.3333841248085125,45.14260285542149,191,75,,,,1.0,137.0,52.0,1,169,22,8,3
20/04/2023 14:42,78,83.7,79,18.0,99.24,-800,0,3,90,-1.53,5782,54,-2.2557018,43.274075,77.34855,29.846926014429428,42:45.9,7,7200.089,0101000020E61000004FCFB551AD0B02C00A0B70DD14A34540,20230420_NISSAN_EIBAR_DONOSTIA_054,,d4,19:34.5,05:18.0,NISSAN_LEAF,Nissan Leaf e+ 62 kW,62000,174,43:20.0,8.1,13.0,300,WNW,-2.640148280840496,71.71761450340603,191,75,,,,1.0,137.0,52.0,1,169,22,100,3
20/04/2023 14:42,81,83.6,79,18.0,99.24,-815,3760,3,90,0.75,5604,54,-2.2551765,43.275665,81.21416500000001,30.028809847763874,42:53.9,7,7200.088000000001,0101000020E610000004F9E2F9990A02C04246D10449A34540,20230420_NISSAN_EIBAR_DONOSTIA_054,,d4,19:34.5,05:18.0,NISSAN_LEAF,Nissan Leaf e+ 62 kW,62000,174,43:20.0,8.1,13.0,300,WNW,1.8119239954210016,51.98810011536218,191,75,,,,1.0,137.0,52.0,1,169,22,100,3
20/04/2023 14:43,85,90.5,79,18.0,99.24,-815,4000,3,89,1.86,5901,54,-2.2540283,43.277134,84.9184,30.216788089974973,43:01.9,7,7200.059,0101000020E61000002F2430F03F0802C08EFEAF2179A34540,20230420_NISSAN_EIBAR_DONOSTIA_054,,d4,19:34.5,05:18.0,NISSAN_LEAF,Nissan Leaf e+ 62 kW,62000,174,43:20.0,8.1,13.0,300,WNW,9.224365626405993,14.80033743816097,191,75,,,,1.0,137.0,52.0,1,169,22,40,4
20/04/2023 14:43,84,100.1,79,18.0,99.24,-815,12080,3,89,1.41,6563,54,-2.2513714,43.277836,85.018326,30.445602770623953,43:11.0,7,7200.005999999999,0101000020E6100000B9CFFFF1CE0202C0666CF62E90A34540,20230420_NISSAN_EIBAR_DONOSTIA_054,,d4,19:34.5,05:18.0,NISSAN_LEAF,Nissan Leaf e+ 62 kW,62000,174,43:20.0,8.1,13.0,300,WNW,11.773999881061732,-4.9166860253529965,191,75,,,,1.0,137.0,52.0,1,169,22,40,4
20/04/2023 14:43,82,101.0,78,18.0,99.24,-820,0,3,89,-1.62,6857,54,-2.2483141,43.277573,82.733086,30.69483658248813,43:20.0,7,7199.9580000000005,0101000020E6100000504511118CFC01C09D1ABD8F87A34540,20230420_NISSAN_EIBAR_DONOSTIA_054,,d4,19:34.5,05:18.0,NISSAN_LEAF,Nissan Leaf e+ 62 kW,62000,174,43:20.0,8.1,13.0,300,WNW,10.570349907982765,5.599697042194568,191,75,,,,1.0,137.0,52.0,1,169,22,80,4
20/04/2023 14:43,78,100.7,78,18.0,99.24,-825,0,3,89,0.0,6874,54,-2.2452033,43.277878,78.46984,30.948978294004405,43:29.1,7,7199.878000000001,0101000020E6100000C8D14C1F2DF601C0A68F4A7191A34540,20230420_NISSAN_EIBAR_DONOSTIA_054,,d4,19:34.5,05:18.0,NISSAN_LEAF,Nissan Leaf e+ 62 kW,62000,174,43:20.0,8.1,13.0,300,WNW,9.48674912146742,13.134565896722794,191,75,,,,1.0,137.0,52.0,1,169,22,25,4
20/04/2023 14:43,74,106.7,78,18.0,99.24,-825,15920,3,89,1.05,7128,54,-2.2425377,43.2785,75.01742,31.175607580350785,43:37.1,7,7199.857,0101000020E6100000E1A7849BB7F001C01DBEB3D9A5A34540,20230420_NISSAN_EIBAR_DONOSTIA_054,,d4,19:34.5,05:18.0,NISSAN_LEAF,Nissan Leaf e+ 62 kW,62000,174,43:40.2,8.1,13.0,300,WNW,7.26047568782618,26.0480030802735,191,75,,,,1.0,137.0,52.0,1,169,22,20,4
20/04/2023 14:43,69,102.4,78,18.0,99.24,-825,7120,3,89,1.97,6938,54,-2.2395813,43.279945,69.82494,31.463915628805736,43:46.2,7,7199.808000000001,0101000020E61000006CC10F9AA9EA01C027C9D44FD5A34540,20230420_NISSAN_EIBAR_DONOSTIA_054,,d4,19:34.5,05:18.0,NISSAN_LEAF,Nissan Leaf e+ 62 kW,62000,174,43:40.2,8.1,13.0,300,WNW,3.7859451145449423,43.06859810932757,191,75,,,,1.0,137.0,52.0,1,169,22,25,4
20/04/2023 14:43,66,101.1,78,18.0,99.24,-825,4680,3,89,0.83,6958,54,-2.2376225,43.281776,66.09872,31.72200258307787,43:55.2,7,7199.768,0101000020E61000002DD11CADA6E601C0AB77873D11A44540,20230420_NISSAN_EIBAR_DONOSTIA_054,,d4,19:34.5,05:18.0,NISSAN_LEAF,Nissan Leaf e+ 62 kW,62000,174,43:40.2,8.1,13.0,300,WNW,5.10417967556523,36.88180449925314,191,75,,,,1.0,137.0,52.0,1,169,22,25,4
20/04/2023 14:44,63,102.6,78,18.0,99.24,-825,17280,3,89,2.38,6923,54,-2.235698,43.28322,63.308052,31.945738597966233,44:03.3,7,7199.698,0101000020E610000093D9D994B5E201C04BE3577E40A44540,20230420_NISSAN_EIBAR_DONOSTIA_054,,d4,19:34.5,05:18.0,NISSAN_LEAF,Nissan Leaf e+ 62 kW,62000,174,43:40.2,8.1,13.0,300,WNW,7.748867472772867,23.41128581855252,113,63,,,,13.0,94.0,5.0,1,102,11,25,4
20/04/2023 14:44,62,104.0,78,18.0,99.24,-825,9600,3,89,1.05,7093,54,-2.2329357000000005,43.284416,62.27419,32.20589830105555,44:12.3,7,7199.659000000001,0101000020E6100000C2EA01580DDD01C0DC3BC5BF67A44540,20230420_NISSAN_EIBAR_DONOSTIA_054,,d4,19:34.5,05:18.0,NISSAN_LEAF,Nissan Leaf e+ 62 kW,62000,174,43:40.2,8.1,13.0,300,WNW,9.831799413502788,10.861586715193122,113,63,,,,13.0,94.0,5.0,1,102,11,25,3
20/04/2023 14:44,63,98.3,78,17.5,99.24,-825,11400,3,89,1.89,6735,54,-2.2302725,43.284927,63.476448,32.4288370127378,44:20.4,7,7199.608,0101000020E6100000DF4AA71A99D701C0D839FA8B78A44540,20230420_NISSAN_EIBAR_DONOSTIA_054,,d4,19:34.5,05:18.0,NISSAN_LEAF,Nissan Leaf e+ 62 kW,62000,174,43:40.2,8.1,13.0,300,WNW,11.008395821190351,2.134727679827126,113,63,,,,13.0,94.0,5.0,1,102,11,25,3
20/04/2023 14:44,65,98.9,78,17.5,99.24,-825,21880,3,89,3.11,6778,54,-2.227241,43.28504,65.93158000000001,32.67455439047941,44:29.4,7,7199.568,0101000020E610000061E067BA63D101C03F0173457CA44540,20230420_NISSAN_EIBAR_DONOSTIA_054,,d4,19:34.5,05:18.0,NISSAN_LEAF,Nissan Leaf e+ 62 kW,62000,174,43:40.2,8.1,13.0,300,WNW,10.599900055128645,5.375351329420933,113,63,,,,13.0,94.0,5.0,1,102,11,8,3
20/04/2023 14:44,71,101.3,78,17.5,99.24,-825,23960,3,89,1.88,7010,54,-2.2244778,43.2853,70.635605,32.90012967453923,44:37.4,7,7199.558000000001,0101000020E610000072201DF8BACB01C06CF892B584A44540,20230420_NISSAN_EIBAR_DONOSTIA_054,,d4,19:34.5,05:18.0,NISSAN_LEAF,Nissan Leaf e+ 62 kW,62000,174,43:40.2,8.1,13.0,300,WNW,10.391926438910344,6.929162042656472,113,63,,,,13.0,94.0,5.0,1,102,11,8,3
20/04/2023 14:44,76,99.1,78,17.5,99.24,-825,25880,3,89,2.84,6687,54,-2.2218447,43.28562,76.16244499999999,33.11628376195108,44:45.5,7,7200.488,0101000020E6100000DF69A57256C601C09F6834468FA44540,20230420_NISSAN_EIBAR_DONOSTIA_054,,d4,19:34.5,05:18.0,NISSAN_LEAF,Nissan Leaf e+ 62 kW,62000,174,43:40.2,8.1,13.0,300,WNW,12.259536251834929,-10.568732479718388,113,63,,,,13.0,94.0,5.0,1,102,11,8,3
20/04/2023 14:44,87,95.9,78,17.5,99.24,-825,18800,3,89,3.19,6570,54,-2.219256,43.285137,85.47503,33.332797472057834,44:53.6,7,7200.448,0101000020E610000088614F4109C101C0A76800657FA44540,20230420_NISSAN_EIBAR_DONOSTIA_054,,d4,19:34.5,05:18.0,NISSAN_LEAF,Nissan Leaf e+ 62 kW,62000,174,43:40.2,8.1,13.0,300,WNW,12.995082414360184,-31.575997815755752,113,63,,,,13.0,94.0,5.0,1,102,11,8,3
20/04/2023 14:45,94,97.2,77,18.0,99.24,-825,17720,3,90,2.61,6603,54,-2.2170026000000003,43.283752,93.16156,33.571643002342675,45:02.6,7,7200.397,0101000020E6100000DBD5C6DF6BBC01C0C1EC13F151A44540,20230420_NISSAN_EIBAR_DONOSTIA_054,,d4,19:34.5,05:18.0,NISSAN_LEAF,Nissan Leaf e+ 62 kW,62000,174,43:40.2,8.1,13.0,300,WNW,12.905921464845338,-23.102789439575552,113,63,,,,13.0,94.0,5.0,1,102,11,8,3
20/04/2023 14:45,100,92.4,77,18.0,99.24,-825,11440,3,90,1.47,6239,54,-2.2145178,43.282692,100.13601,33.80487525774065,45:11.6,7,7200.377,0101000020E61000004693432755B701C00EDD74442FA44540,20230420_NISSAN_EIBAR_DONOSTIA_054,,d4,19:34.5,05:18.0,NISSAN_LEAF,Nissan Leaf e+ 62 kW,62000,174,43:40.2,8.1,13.0,300,WNW,12.94672855840871,-24.811263758388368,113,63,,,,13.0,94.0,5.0,1,102,11,100,4
20/04/2023 14:45,106,80.5,77,18.0,99.24,-825,8920,3,90,2.28,5733,54,-2.2122855,43.28166,105.51439,34.01900156170003,45:20.7,7,7200.308000000001,0101000020E610000041B556C1C2B201C0F62EAC5C0DA44540,20230420_NISSAN_EIBAR_DONOSTIA_054,,d4,19:34.5,05:18.0,NISSAN_LEAF,Nissan Leaf e+ 62 kW,62000,174,43:40.2,8.1,13.0,300,WNW,12.974535240247812,-26.41320410966265,113,63,,,,13.0,94.0,5.0,1,102,11,100,4
20/04/2023 14:45,107,82.7,77,18.0,99.24,-825,6680,4,90,0.91,5776,54,-2.2111218,43.281082,107.72257,34.133060296571294,45:29.7,7,7200.298000000001,0101000020E6100000A74A679160B001C07A052788FAA34540,20230420_NISSAN_EIBAR_DONOSTIA_054,,d4,19:34.5,05:18.0,NISSAN_LEAF,Nissan Leaf e+ 62 kW,62000,174,43:40.2,8.1,13.0,300,WNW,11.258330249197698,0.0,113,63,,,,13.0,94.0,5.0,1,102,11,100,4
20/04/2023 14:45,107,82.7,77,18.0,99.24,-825,3400,4,90,0.31,5792,54,-2.2111218,43.281082,107.72257,34.133060296571294,45:37.8,7,7200.219,0101000020E6100000A74A679160B001C07A052788FAA34540,20230420_NISSAN_EIBAR_DONOSTIA_054,,d4,19:34.5,05:18.0,NISSAN_LEAF,Nissan Leaf e+ 62 kW,62000,174,43:40.2,8.1,13.0,300,WNW,11.3994197833998,-1.2680745359746597,113,63,,,,13.0,94.0,5.0,1,102,11,100,4
20/04/2023 14:45,117,93.8,77,17.5,99.24,-825,4920,3,90,0.14,6259,54,-2.2049327,43.280945,125.27044,34.634605969606845,45:46.8,7,7200.206999999999,0101000020E610000028E7D9C4B3A301C04F4A9B00F6A34540,20230420_NISSAN_EIBAR_DONOSTIA_054,,d4,19:34.5,05:18.0,NISSAN_LEAF,Nissan Leaf e+ 62 kW,62000,174,43:40.2,8.1,13.0,300,WNW,10.27364634674721,7.788268719072787,113,63,,,,13.0,94.0,5.0,1,102,11,100,4
20/04/2023 14:45,111,95.2,77,17.5,99.24,-831,1160,3,90,0.0,6435,54,-2.2020886,43.281334,111.47391,34.869269099057206,45:55.8,7,7200.168000000001,0101000020E610000088568FADE09D01C00849D5BA02A44540,20230420_NISSAN_EIBAR_DONOSTIA_054,,d4,19:34.5,05:18.0,NISSAN_LEAF,Nissan Leaf e+ 62 kW,62000,174,43:40.2,8.1,13.0,300,WNW,11.258330249197698,0.0,113,63,,,,13.0,94.0,5.0,1,102,11,55,4
20/04/2023 14:46,103,104.2,77,17.5,99.24,-831,6120,3,89,0.62,6900,54,-2.1993906,43.281334,105.48851,35.08775279210445,46:03.9,7,7200.128000000001,0101000020E61000003DB51D255A9801C02EAC2FC202A44540,20230420_NISSAN_EIBAR_DONOSTIA_054,,d4,19:34.5,05:18.0,NISSAN_LEAF,Nissan Leaf e+ 62 kW,62000,174,48:20.0,4.3,6.8,290,WNW,6.5359611510784985,-3.9811078069763255,113,63,,,,13.0,94.0,5.0,1,102,11,100,4
20/04/2023 14:46,94,102.1,77,17.5,99.24,-841,0,3,89,-0.48,6998,54,-2.196172,43.28111,96.06036,35.349654878003626,46:13.0,7,7199.9980000000005,0101000020E61000004BD6EF96C29101C09F1AAA5EFBA34540,20230420_NISSAN_EIBAR_DONOSTIA_054,,d4,19:34.5,05:18.0,NISSAN_LEAF,Nissan Leaf e+ 62 kW,62000,174,48:20.0,4.3,6.8,290,WNW,6.444202468248082,-1.3835568130821403,113,63,,,,13.0,94.0,5.0,1,102,11,8,4
20/04/2023 14:46,91,105.4,77,17.5,99.24,-841,3880,3,89,0.0,7156,54,-2.1929839,43.281033,92.83257,35.60789318492684,46:22.0,7,7199.986999999999,0101000020E6100000B0F3402E3B8B01C037CECBD1F8A34540,20230420_NISSAN_EIBAR_DONOSTIA_054,,d4,19:34.5,05:18.0,NISSAN_LEAF,Nissan Leaf e+ 62 kW,62000,174,48:20.0,4.3,6.8,290,WNW,6.215584450308531,3.927903901103583,113,63,,,,13.0,94.0,5.0,1,102,11,8,5
20/04/2023 14:46,86,107.9,77,17.5,99.24,-841,5960,3,89,0.55,7320,54,-2.189707,43.281258,86.8908,35.87440083234946,46:31.5,7,7199.477,0101000020E6100000B7EDDA16858401C0B3E7153100A44540,20230420_NISSAN_EIBAR_DONOSTIA_054,,d4,19:34.5,05:18.0,NISSAN_LEAF,Nissan Leaf e+ 62 kW,62000,174,48:20.0,4.3,6.8,290,WNW,6.490624243041638,-2.650506797444824,113,63,,,,13.0,94.0,5.0,1,102,11,8,5
20/04/2023 14:46,80,102.4,77,17.5,99.24,-841,3280,3,89,0.7,7017,54,-2.1868124,43.281124,81.290184,36.10925779926729,46:39.2,7,7199.786999999999,0101000020E6100000CEA2F979977E01C00D0EB9DEFBA34540,20230420_NISSAN_EIBAR_DONOSTIA_054,,d4,19:34.5,05:18.0,NISSAN_LEAF,Nissan Leaf e+ 62 kW,62000,174,48:20.0,4.3,6.8,290,WNW,5.661811704222162,13.631241755065172,113,63,,,,13.0,94.0,5.0,1,102,11,55,5
20/04/2023 14:46,73,102.5,77,17.5,99.24,-841,0,3,88,0.0,7017,54,-2.1834145,43.281948,73.073875,36.39929074079363,46:48.2,7,7199.797,0101000020E610000048BC73F1A17701C0F92610DA16A44540,20230420_NISSAN_EIBAR_DONOSTIA_054,,d4,19:34.5,05:18.0,NISSAN_LEAF,Nissan Leaf e+ 62 kW,62000,174,48:20.0,4.3,6.8,290,WNW,6.2545603168761685,3.104850203922592,113,63,,,,13.0,94.0,5.0,1,102,11,55,5
20/04/2023 14:46,73,100.2,77,18.0,99.24,-841,8480,3,88,1.59,6945,54,-2.1806676,43.282097,72.82037,36.62226488493703,46:56.2,7,7199.758000000001,0101000020E6100000F17A8CE4017201C0C19D7AC71BA44540,20230420_NISSAN_EIBAR_DONOSTIA_054,,d4,19:34.5,05:18.0,NISSAN_LEAF,Nissan Leaf e+ 62 kW,62000,174,48:20.0,4.3,6.8,290,WNW,6.795702729860614,-22.037053219593485,113,63,,,,13.0,94.0,5.0,1,102,11,55,5
20/04/2023 14:47,69,104.0,77,18.0,99.24,-841,14840,3,88,1.31,6979,54,-2.1779723,43.281006,69.96108000000001,36.87192208601541,47:05.3,7,7199.706,0101000020E610000046DCB1CE7C6C01C061618101F8A34540,20230420_NISSAN_EIBAR_DONOSTIA_054,,d4,19:34.5,05:18.0,NISSAN_LEAF,Nissan Leaf e+ 62 kW,62000,174,48:20.0,4.3,6.8,290,WNW,6.5905107911756975,-34.258876401663514,113,63,,,,13.0,94.0,5.0,1,102,11,25,5
20/04/2023 14:47,70,101.8,77,18.0,99.24,-841,9160,3,88,1.2,6828,54,-2.175654,43.279427,70.627975,37.12891851671112,47:14.3,7,7199.706999999999,0101000020E61000007CC2AF4ABD6701C04F44063AC4A34540,20230420_NISSAN_EIBAR_DONOSTIA_054,,d4,19:34.5,05:18.0,NISSAN_LEAF,Nissan Leaf e+ 62 kW,62000,174,48:20.0,4.3,6.8,290,WNW,6.796204688790464,-18.085624744666312,113,63,,,,13.0,94.0,5.0,1,102,11,25,6
20/04/2023 14:47,67,109.1,77,18.0,99.24,-841,7800,3,88,-1.53,7239,54,-2.1730359,43.278572,67.53964,37.36122769320604,47:22.3,7,7199.668000000001,0101000020E6100000D04C8A9A606201C07523AE34A8A34540,20230420_NISSAN_EIBAR_DONOSTIA_054,,d4,19:34.5,05:18.0,NISSAN_LEAF,Nissan Leaf e+ 62 kW,62000,174,48:20.0,4.3,6.8,290,WNW,6.563520448057485,-4.845323396054919,113,63,,,,13.0,94.0,5.0,1,102,11,40,6
20/04/2023 14:47,63,110.2,77,18.0,99.24,-842,8720,3,88,-1.5,7337,54,-2.1697564,43.278294,63.16294499999999,37.628543584157114,47:31.4,7,7199.616999999999,0101000020E610000012222848A95B01C0F3EE792B9FA34540,20230420_NISSAN_EIBAR_DONOSTIA_054,,d4,19:34.5,05:18.0,NISSAN_LEAF,Nissan Leaf e+ 62 kW,62000,174,48:20.0,4.3,6.8,290,WNW,6.006850435033745,7.949583113721234,113,63,,,,13.0,94.0,5.0,1,102,11,25,6
20/04/2023 14:47,60,102.3,77,18.0,99.24,-842,5800,3,88,0.28,7069,54,-2.1665912,43.278736,60.404957,37.889462307287076,47:40.4,7,7199.569,0101000020E6100000E76479CF2D5501C047FB2192ADA34540,20230420_NISSAN_EIBAR_DONOSTIA_054,,d4,19:34.5,05:18.0,NISSAN_LEAF,Nissan Leaf e+ 62 kW,62000,174,48:20.0,4.3,6.8,290,WNW,5.453361688382329,16.6818465370155,113,63,,,,13.0,94.0,5.0,1,102,11,25,6
20/04/2023 14:47,59,88.6,77,18.0,99.24,-844,0,3,88,-1.53,6364,54,-2.1638415,43.27956,59.41882,38.130178900703896,47:49.5,7,7199.529,0101000020E610000018ACC62D8C4F01C097746B9AC8A34540,20230420_NISSAN_EIBAR_DONOSTIA_054,,d4,19:34.5,05:18.0,NISSAN_LEAF,Nissan Leaf e+ 62 kW,62000,174,48:20.0,4.3,6.8,290,WNW,6.09209045854528,6.376293317065278,113,63,,,,13.0,94.0,5.0,1,102,11,100,6
20/04/2023 14:47,58,69.4,77,18.0,99.24,-869,0,3,88,-3.36,5084,54,-2.1618907000000003,43.279778,58.726074,38.28995056856452,47:56.5,7,7200.488,0101000020E6100000375182638D4B01C03373ABCBCFA34540,20230420_NISSAN_EIBAR_DONOSTIA_054,,d4,19:34.5,05:18.0,NISSAN_LEAF,Nissan Leaf e+ 62 kW,62000,174,48:20.0,4.3,6.8,290,WNW,6.639592971695345,-7.530406073387298,113,63,,,,13.0,94.0,5.0,1,102,11,25,7
20/04/2023 14:48,58,46.8,77,18.0,99.24,-906,0,3,88,-1.45,3426,54,-2.1600676,43.279537,57.798576,38.43994974025467,48:05.6,7,7200.448,0101000020E6100000AAE78C7FD14701C0B4172FEBC7A34540,20230420_NISSAN_EIBAR_DONOSTIA_054,,d4,19:34.5,05:18.0,NISSAN_LEAF,Nissan Leaf e+ 62 kW,62000,174,48:20.0,4.3,6.8,290,WNW,6.586198054562859,-5.594328029291476,113,63,,,,13.0,94.0,5.0,1,102,11,100,7
20/04/2023 14:48,57,12.7,77,18.0,99.24,-933,0,3,88,-5.06,1388,54,-2.1591794,43.27945,57.28349,38.51250094086342,48:13.6,7,7200.408,0101000020E61000006BBDD1E9FF4501C0DF10AA04C5A34540,20230420_NISSAN_EIBAR_DONOSTIA_054,,d4,19:34.5,05:18.0,NISSAN_LEAF,Nissan Leaf e+ 62 kW,62000,174,48:20.0,4.3,6.8,290,WNW,6.792610050683156,-17.328573420431574,113,63,,,,13.0,94.0,5.0,1,102,11,45,7
20/04/2023 14:48,56,0.0,77,18.0,99.24,-937,0,3,88,0.0,0,54,-2.1591153,43.27943,55.97922,38.51829514533396,48:22.6,7,7200.358,0101000020E6100000AFCCF238DE4501C0B1E53551C4A34540,20230420_NISSAN_EIBAR_DONOSTIA_054,,d4,19:34.5,05:18.0,NISSAN_LEAF,Nissan Leaf e+ 62 kW,62000,174,48:20.0,4.3,6.8,290,WNW,6.780782867791026,-15.691463325531409,113,63,,,,13.0,94.0,5.0,1,102,11,45,7
20/04/2023 14:48,57,0.0,77,18.0,99.24,-937,0,3,88,0.0,0,54,-2.1589124,43.279373,57.8942,38.53600460702641,48:31.7,7,7200.318,0101000020E61000000F3345EE734501C00981A373C2A34540,20230420_NISSAN_EIBAR_DONOSTIA_054,,d4,19:34.5,05:18.0,NISSAN_LEAF,Nissan Leaf e+ 62 kW,62000,174,48:40.2,4.3,6.8,290,WNW,6.601437383676945,-6.119841744577058,113,63,,,,13.0,94.0,5.0,1,102,11,45,7
20/04/2023 14:48,59,7.3,77,18.0,99.24,-937,1240,3,88,0.7,544,54,-2.1587725,43.279358,59.10621999999999,38.547515952801234,48:39.7,7,7200.278,0101000020E61000003AC1678A2A4501C0662DF7F2C1A34540,20230420_NISSAN_EIBAR_DONOSTIA_054,,d4,19:34.5,05:18.0,NISSAN_LEAF,Nissan Leaf e+ 62 kW,62000,174,48:40.2,4.3,6.8,290,WNW,-6.323522487931835,138.4238712522373,113,63,,,,13.0,94.0,5.0,1,102,11,45,7
20/04/2023 14:48,60,0.0,77,18.0,99.24,-937,1200,3,88,1.33,21,54,-2.1587973,43.27938,60.396416,38.55093347209366,48:48.8,7,7200.188,0101000020E61000007D07828B374501C0F7E32DC7C2A34540,20230420_NISSAN_EIBAR_DONOSTIA_054,,d4,19:34.5,05:18.0,NISSAN_LEAF,Nissan Leaf e+ 62 kW,62000,174,48:40.2,4.3,6.8,290,WNW,6.389909821344177,0.0,113,63,,,,13.0,94.0,5.0,1,102,11,45,7
20/04/2023 14:48,60,0.0,77,18.0,99.24,-937,0,3,87,0.0,0,54,-2.1587973,43.27938,60.396416,38.55093347209366,48:57.8,7,7200.189,0101000020E61000007D07828B374501C0F7E32DC7C2A34540,20230420_NISSAN_EIBAR_DONOSTIA_054,,d4,19:34.5,05:18.0,NISSAN_LEAF,Nissan Leaf e+ 62 kW,62000,174,48:40.2,4.3,6.8,290,WNW,6.389909821344177,0.0,113,63,,,,13.0,94.0,5.0,1,102,11,45,7
20/04/2023 14:49,60,0.0,77,18.0,99.24,-937,0,3,87,0.0,0,54,-2.1587973,43.27938,60.396416,38.55093347209366,49:02.9,7,7200.118,0101000020E61000007D07828B374501C0F7E32DC7C2A34540,20230420_NISSAN_EIBAR_DONOSTIA_054,,d4,19:34.5,05:18.0,NISSAN_LEAF,Nissan Leaf e+ 62 kW,62000,174,48:40.2,4.3,6.8,290,WNW,6.389909821344177,0.0,113,63,,,,13.0,94.0,5.0,1,102,11,45,7
20/04/2023 14:49,60,0.0,77,18.0,99.24,-937,0,3,86,0.0,0,54,-2.1587973,43.27938,60.396416,38.55093347209366,49:11.9,7,7200.118,0101000020E61000007D07828B374501C0F7E32DC7C2A34540,20230420_NISSAN_EIBAR_DONOSTIA_054,,d4,19:34.5,05:18.0,NISSAN_LEAF,Nissan Leaf e+ 62 kW,62000,174,48:40.2,4.3,6.8,290,WNW,6.389909821344177,0.0,113,63,,,,13.0,94.0,5.0,1,102,11,45,7
20/04/2023 14:49,60,0.0,77,18.0,99.24,-937,0,3,86,0.0,0,54,-2.1587973,43.27938,60.396416,38.55093347209366,49:21.0,7,7200.029,0101000020E61000007D07828B374501C0F7E32DC7C2A34540,20230420_NISSAN_EIBAR_DONOSTIA_054,,d4,19:34.5,05:18.0,NISSAN_LEAF,Nissan Leaf e+ 62 kW,62000,174,48:40.2,4.3,6.8,290,WNW,6.609069463488542,-6.390495311526939,113,63,,,,13.0,94.0,5.0,1,102,11,45,7
20/04/2023 14:49,61,19.7,77,18.0,99.24,-937,6680,3,85,7.61,850,54,-2.1587348,43.279373,60.890606000000005,38.556076298897274,49:30.0,7,7200.016,0101000020E61000008FC108B0164501C0E412C48CC2A34540,20230420_NISSAN_EIBAR_DONOSTIA_054,,d4,19:34.5,05:18.0,NISSAN_LEAF,Nissan Leaf e+ 62 kW,62000,174,48:40.2,4.3,6.8,290,WNW,6.503704072335629,-3.023986071988866,113,63,,,,13.0,94.0,5.0,1,102,11,45,7
20/04/2023 14:49,61,54.5,77,18.0,99.24,-937,15840,3,86,5.5,3306,54,-2.1575801,43.279312,61.6531,38.6498005941752,49:39.0,7,7199.977,0101000020E61000007EC2C064B94201C0CDFA3A7FC0A34540,20230420_NISSAN_EIBAR_DONOSTIA_054,,d4,19:34.5,05:18.0,NISSAN_LEAF,Nissan Leaf e+ 62 kW,62000,174,48:40.2,4.3,6.8,290,WNW,6.626824984773012,-7.041587420971159,113,63,,,,13.0,94.0,5.0,1,102,11,90,7
20/04/2023 14:49,62,57.5,77,18.0,99.24,-939,0,3,86,-1.27,4042,54,-2.1556695,43.279076,62.5884,38.806681303815026,49:48.1,7,7199.898,0101000020E6100000DFE4129DCF3E01C0015D41C7B8A34540,20230420_NISSAN_EIBAR_DONOSTIA_054,,d4,19:34.5,05:18.0,NISSAN_LEAF,Nissan Leaf e+ 62 kW,62000,174,48:40.2,4.3,6.8,290,WNW,6.525582727891597,-3.667211573647892,113,63,,,,13.0,94.0,5.0,1,102,11,90,7
20/04/2023 14:49,64,87.3,77,18.0,99.24,-939,37240,3,86,6.42,5251,54,-2.153766,43.278954,64.41530999999999,38.961381283692276,49:57.2,7,7199.8240000000005,0101000020E61000009E5644A2E93A01C01B014FB9B4A34540,20230420_NISSAN_EIBAR_DONOSTIA_054,,d4,19:34.5,05:18.0,NISSAN_LEAF,Nissan Leaf e+ 62 kW,62000,174,48:40.2,4.3,6.8,290,WNW,6.367855519005959,0.5364281762944034,113,63,,,,13.0,94.0,5.0,1,102,11,90,7
20/04/2023 14:50,67,94.5,76,18.0,99.24,-939,0,3,87,2.06,6402,54,-2.1505618,43.278984,67.23446,39.22080645152791,50:06.3,7,7199.709,0101000020E61000003C50A5CD593401C0A49B25BDB5A34540,20230420_NISSAN_EIBAR_DONOSTIA_054,,d4,19:34.5,05:18.0,NISSAN_LEAF,Nissan Leaf e+ 62 kW,62000,174,48:40.2,4.3,6.8,290,WNW,5.652346857369509,13.774962989296254,113,63,,,,13.0,94.0,5.0,1,102,11,45,7
20/04/2023 14:50,70,102.4,76,18.0,99.24,-939,23760,3,88,3.5,6792,54,-2.148041,43.279602,70.65817,39.43615775426184,50:14.2,7,7199.798000000001,0101000020E61000006629BD1E302F01C00E06A907CAA34540,20230420_NISSAN_EIBAR_DONOSTIA_054,,d4,19:34.5,05:18.0,NISSAN_LEAF,Nissan Leaf e+ 62 kW,62000,174,48:40.2,4.3,6.8,290,WNW,3.937457430259338,34.617100927919445,113,63,,,,13.0,94.0,5.0,1,102,11,120,8
20/04/2023 14:50,74,99.5,76,18.0,99.24,-939,13240,3,88,-1.61,6893,54,-2.1457752999999995,43.281166,74.58108,39.68894016293259,50:23.3,7,7199.717,0101000020E6100000E20099408C2A01C0026E5631FDA34540,20230420_NISSAN_EIBAR_DONOSTIA_054,,d4,19:34.5,05:18.0,NISSAN_LEAF,Nissan Leaf e+ 62 kW,62000,174,48:40.2,4.3,6.8,290,WNW,3.230306461638044,41.637715565993446,113,63,,,,13.0,94.0,5.0,1,102,11,85,8
20/04/2023 14:50,77,87.8,76,18.0,99.24,-939,19400,3,88,4.42,5951,54,-2.1440723,43.28268,77.46327,39.90654969094472,50:32.3,7,7199.706999999999,0101000020E6100000DDCABC620F2701C0CA3E9BE42EA44540,20230420_NISSAN_EIBAR_DONOSTIA_054,,d4,19:34.5,05:18.0,NISSAN_LEAF,Nissan Leaf e+ 62 kW,62000,174,48:40.2,4.3,6.8,290,WNW,5.498667273947665,16.037945681024976,113,63,,,,13.0,94.0,5.0,1,102,11,8,8
20/04/2023 14:50,80,85.7,76,18.0,99.24,-941,0,3,88,1.56,5749,54,-2.1415224,43.283413,80.43301,40.12848658916044,50:41.3,7,7199.667,0101000020E610000007F05178D62101C01B04A2E746A44540,20230420_NISSAN_EIBAR_DONOSTIA_054,,d4,19:34.5,05:18.0,NISSAN_LEAF,Nissan Leaf e+ 62 kW,62000,174,48:40.2,4.3,6.8,290,WNW,6.5373150303905785,-4.022498554938293,113,63,,,,13.0,94.0,5.0,1,102,11,8,8
20/04/2023 14:50,83,98.6,76,18.0,99.24,-941,17560,3,88,2.77,6365,54,-2.1388063,43.283222,83.25017,40.349387677231164,50:50.4,7,7199.557,0101000020E6100000ACAA8E74461C01C0D96EC79740A44540,20230420_NISSAN_EIBAR_DONOSTIA_054,,d4,19:34.5,05:18.0,NISSAN_LEAF,Nissan Leaf e+ 62 kW,62000,174,48:40.2,4.3,6.8,290,WNW,6.475379322848016,-2.224808242332098,113,63,,,,13.0,94.0,5.0,1,102,11,8,8
20/04/2023 14:50,84,97.3,76,18.0,99.24,-943,0,3,88,-0.61,6740,54,-2.1360521,43.283115,84.62785,40.57265350832491,50:58.5,7,7199.536999999999,0101000020E61000002542F38CA21601C0B38AF01E3DA44540,20230420_NISSAN_EIBAR_DONOSTIA_054,,d4,19:34.5,05:18.0,NISSAN_LEAF,Nissan Leaf e+ 62 kW,62000,174,48:40.2,4.3,6.8,290,WNW,6.456546679569724,-1.712171547594776,113,63,,,,13.0,94.0,5.0,1,102,11,8,8
20/04/2023 14:51,85,103.3,76,18.0,99.24,-943,10840,3,88,1.19,6948,54,-2.1330078,43.283024,85.09769399999999,40.81928908145107,51:07.5,7,7199.507,0101000020E610000045C2276F661001C0626C1F173AA44540,20230420_NISSAN_EIBAR_DONOSTIA_054,,d4,19:34.5,05:18.0,NISSAN_LEAF,Nissan Leaf e+ 62 kW,62000,174,53:20.0,4.3,6.8,290,WNW,6.612701078829875,-6.52115331949148,113,63,,,,13.0,94.0,5.0,1,102,11,120,8
20/04/2023 14:51,84,101.2,76,18.0,99.24,-943,0,3,88,0.0,7021,54,-2.1301384,43.282696,85.496635,41.05440606503154,51:15.5,7,7200.476,0101000020E610000050F1BEF8850A01C0F0EE62652FA44540,20230420_NISSAN_EIBAR_DONOSTIA_054,,d4,19:34.5,05:18.0,NISSAN_LEAF,Nissan Leaf e+ 62 kW,62000,174,53:20.0,4.3,6.8,290,WNW,6.599084866945436,-6.037452733950574,395,104,18.0,101.0,238.0,,,,38,360,35,8,9
20/04/2023 14:51,82,100.4,76,18.0,99.24,-943,8480,3,88,1.58,6806,54,-2.1270561000000003,43.28237,82.31203000000001,41.306551351208,51:24.6,7,7200.418000000001,0101000020E6100000E198A704360401C061980EB824A44540,20230420_NISSAN_EIBAR_DONOSTIA_054,,d4,19:34.5,05:18.0,NISSAN_LEAF,Nissan Leaf e+ 62 kW,62000,174,53:20.0,4.3,6.8,290,WNW,6.572039395707881,-5.122366354154428,395,104,18.0,101.0,238.0,,,,38,360,35,8,8
20/04/2023 14:51,84,103.4,76,18.0,99.24,-943,23640,3,87,3.27,6992,54,-2.123966,43.282093,83.33022,41.55858091957552,51:33.6,7,7200.378000000001,0101000020E6100000A64FBBE0E1FD00C036A9DE991BA44540,20230420_NISSAN_EIBAR_DONOSTIA_054,,d4,19:34.5,05:18.0,NISSAN_LEAF,Nissan Leaf e+ 62 kW,62000,174,53:20.0,4.3,6.8,290,WNW,6.24848571815434,3.234936649626762,395,104,18.0,101.0,238.0,,,,38,360,35,10,8
20/04/2023 14:51,89,97.6,75,18.0,99.24,-943,11040,3,88,1.56,6795,54,-2.1207990000000003,43.282272,89.00755,41.81577851114304,51:42.7,7,7200.328,0101000020E610000065D2AE8C65F700C0F00B8B8C21A44540,20230420_NISSAN_EIBAR_DONOSTIA_054,,d4,19:34.5,05:18.0,NISSAN_LEAF,Nissan Leaf e+ 62 kW,62000,174,53:20.0,4.3,6.8,290,WNW,6.625018797623113,-6.973894587785451,395,104,18.0,101.0,238.0,,,,38,360,35,120,8
20/04/2023 14:51,91,103.3,75,18.0,99.24,-943,27280,3,88,3.95,6909,54,-2.1178396,43.28191,91.6318,42.05870982756033,51:51.7,7,7200.278,0101000020E61000005BA1F2E055F100C04520499415A44540,20230420_NISSAN_EIBAR_DONOSTIA_054,,d4,19:34.5,05:18.0,NISSAN_LEAF,Nissan Leaf e+ 62 kW,62000,174,53:20.0,4.3,6.8,290,WNW,6.777049615399206,-15.291306947728,395,104,18.0,101.0,238.0,,,,38,360,35,8,8
20/04/2023 14:52,95,105.1,75,17.5,99.24,-943,22560,3,88,2.92,7097,54,-2.114866,43.281097,94.83577,42.31585634637949,52:00.8,7,7200.198,0101000020E6100000E5A314D53EEB00C0175F350FFBA34540,20230420_NISSAN_EIBAR_DONOSTIA_054,,d4,19:34.5,05:18.0,NISSAN_LEAF,Nissan Leaf e+ 62 kW,62000,174,53:20.0,4.3,6.8,290,WNW,6.22364112303149,3.75997596695305,395,104,18.0,101.0,238.0,,,,38,360,35,85,7
20/04/2023 14:52,101,106.6,75,17.5,99.24,-943,26000,3,89,3.39,7218,54,-2.1112597,43.281334,100.79565,42.60903267652935,52:10.9,7,7200.149,0101000020E6100000867EB51FDCE300C04B0B1AB602A44540,20230420_NISSAN_EIBAR_DONOSTIA_054,,d4,19:34.5,05:18.0,NISSAN_LEAF,Nissan Leaf e+ 62 kW,62000,174,53:20.0,4.3,6.8,290,WNW,5.741843591147853,12.393494041471577,395,104,18.0,101.0,238.0,,,,38,360,35,45,7
20/04/2023 14:52,108,104.9,75,17.5,99.24,-943,19880,3,89,2.84,7153,54,-2.1081197,43.282024,107.05607,42.87461368760083,52:19.9,7,7200.108,0101000020E6100000A90126E96DDD00C0EB36776319A44540,20230420_NISSAN_EIBAR_DONOSTIA_054,,d4,19:34.5,05:18.0,NISSAN_LEAF,Nissan Leaf e+ 62 kW,62000,174,53:20.0,4.3,6.8,290,WNW,5.48711654429046,16.203046894606057,395,104,18.0,101.0,238.0,,,,38,360,35,45,7
20/04/2023 14:52,117,105.1,75,17.5,99.24,-943,22720,3,90,2.7,7155,54,-2.1051395,43.28289,116.36773,43.134530413856375,52:28.9,7,7200.058000000001,0101000020E610000094F9946B53D700C04464F1B535A44540,20230420_NISSAN_EIBAR_DONOSTIA_054,,d4,19:34.5,05:18.0,NISSAN_LEAF,Nissan Leaf e+ 62 kW,62000,174,53:20.0,4.3,6.8,290,WNW,5.649760187241993,13.814147172303304,395,104,18.0,101.0,238.0,,,,38,360,35,45,7
20/04/2023 14:52,132,102.5,75,17.5,99.24,-943,15440,3,90,1.17,6960,54,-2.1021137000000003,43.283634,128.73418999999998,43.39334949894158,52:38.0,7,7200.009,0101000020E6100000A003680A21D100C0159CA72D4EA44540,20230420_NISSAN_EIBAR_DONOSTIA_054,,d4,19:34.5,05:18.0,NISSAN_LEAF,Nissan Leaf e+ 62 kW,62000,174,53:20.0,4.3,6.8,290,WNW,5.174744174161949,20.44828988677179,395,104,18.0,101.0,238.0,,,,38,360,35,45,6
20/04/2023 14:52,142,94.8,74,17.5,99.24,-943,9920,3,90,0.89,6563,54,-2.0994022,43.284645000000005,140.39719,43.64022445708833,52:47.0,7,7200.008000000001,0101000020E610000049FCB76093CB00C0901CB43B6FA44540,20230420_NISSAN_EIBAR_DONOSTIA_054,,d4,19:34.5,05:18.0,NISSAN_LEAF,Nissan Leaf e+ 62 kW,62000,174,53:20.0,4.3,6.8,290,WNW,5.549363414903267,15.305426720361496,395,104,18.0,101.0,238.0,,,,38,360,35,8,6
20/04/2023 14:52,150,89.7,74,17.5,99.24,-943,8720,3,90,1.02,6097,54,-2.0967238,43.285378,149.3484,43.872014081216776,52:56.1,7,7199.928000000001,0101000020E6100000226C2C1417C600C0DEE40B3D87A44540,20230420_NISSAN_EIBAR_DONOSTIA_054,,d4,19:34.5,05:18.0,NISSAN_LEAF,Nissan Leaf e+ 62 kW,62000,174,53:20.0,4.3,6.8,290,WNW,4.870274370682957,24.256989136021488,395,104,18.0,101.0,238.0,,,,38,360,35,25,6
20/04/2023 14:53,157,93.8,74,17.5,99.24,-943,15720,3,90,2.36,6307,54,-2.0943537,43.286446000000005,156.73349,44.09776097548807,53:05.1,7,7199.879,0101000020E61000007B2002703CC100C05F516E3DAAA44540,20230420_NISSAN_EIBAR_DONOSTIA_054,,d4,19:34.5,05:18.0,NISSAN_LEAF,Nissan Leaf e+ 62 kW,62000,174,53:20.0,4.3,6.8,290,WNW,6.1457509342577215,5.339608447614541,395,104,18.0,101.0,238.0,,,,38,360,35,25,6
20/04/2023 14:53,166,95.0,74,17.5,99.24,-943,16840,3,90,3.52,6405,54,-2.091497,43.286713,165.11053,44.33103807188691,53:14.2,7,7199.818,0101000020E6100000FD187FB262BB00C0B1069F0AB3A44540,20230420_NISSAN_EIBAR_DONOSTIA_054,,d4,19:34.5,05:18.0,NISSAN_LEAF,Nissan Leaf e+ 62 kW,62000,174,53:20.0,4.3,6.8,290,WNW,6.527574781203364,-3.727004366117907,395,104,18.0,101.0,238.0,,,,38,360,35,8,5
20/04/2023 14:53,175,92.5,74,17.5,99.24,-943,16160,3,90,3.77,6277,54,-2.0883346,43.286507,175.78937,44.58825512821074,53:23.2,7,7199.798000000001,0101000020E6100000172390B6E8B400C01B35C54FACA44540,20230420_NISSAN_EIBAR_DONOSTIA_054,,d4,19:34.5,05:18.0,NISSAN_LEAF,Nissan Leaf e+ 62 kW,62000,174,53:20.0,4.3,6.8,290,WNW,5.588928545321579,14.724427786633314,395,104,18.0,101.0,238.0,,,,38,360,35,25,5
20/04/2023 14:53,183,99.6,74,17.5,99.24,-943,25680,3,90,3.91,6743,54,-2.085534,43.287243,183.08003,44.8293725336743,53:32.2,7,7199.758000000001,0101000020E6100000232B5E832CAF00C0643D4554C4A44540,20230420_NISSAN_EIBAR_DONOSTIA_054,,d4,19:34.5,05:18.0,NISSAN_LEAF,Nissan Leaf e+ 62 kW,62000,174,53:40.2,4.3,6.8,290,WNW,5.889834859313536,9.985468728912874,395,104,18.0,101.0,238.0,,,,38,360,35,25,5
20/04/2023 14:53,191,106.8,74,17.5,99.24,-943,22520,3,91,3.05,7157,54,-2.0824556,43.287785,191.1682,45.08585465316998,53:41.3,7,7199.679,0101000020E61000006872CB85DEA800C0F450A121D6A44540,20230420_NISSAN_EIBAR_DONOSTIA_054,,d4,19:34.5,05:18.0,NISSAN_LEAF,Nissan Leaf e+ 62 kW,62000,174,53:40.2,4.3,6.8,290,WNW,5.741158607794676,12.404265702769385,395,104,18.0,101.0,238.0,,,,38,360,35,25,5
20/04/2023 14:53,199,100.7,74,17.5,99.24,-943,17800,3,91,-1.11,7016,54,-2.0794048,43.288456,199.2455,45.343940158437064,53:50.3,7,7199.677,0101000020E6100000F6CAA9089FA200C09FC3A216ECA44540,20230420_NISSAN_EIBAR_DONOSTIA_054,,d4,19:34.5,05:18.0,NISSAN_LEAF,Nissan Leaf e+ 62 kW,62000,174,53:40.2,4.3,6.8,290,WNW,5.152513281923199,20.736168540196424,395,104,18.0,101.0,238.0,,,,38,360,35,25,5
20/04/2023 14:53,209,84.8,74,17.5,99.24,-943,4920,3,91,4.7,5930,54,-2.076877,43.289413,209.01076,45.574764246963895,53:59.4,7,7199.628000000001,0101000020E610000070D20ABC719D00C0199443820BA54540,20230420_NISSAN_EIBAR_DONOSTIA_054,,d4,19:34.5,05:18.0,NISSAN_LEAF,Nissan Leaf e+ 62 kW,62000,174,53:40.2,4.3,6.8,290,WNW,4.909159309996648,23.78551448271536,395,104,18.0,101.0,238.0,,,,38,360,35,25,4
20/04/2023 14:54,218,100.8,73,17.5,99.24,-943,29000,3,92,3.86,6779,54,-2.0743563000000003,43.290524,218.96353,45.813479362059994,54:08.4,7,7199.588000000001,0101000020E6100000BE8FA81D489800C0932D56D02FA54540,20230420_NISSAN_EIBAR_DONOSTIA_054,,d4,19:34.5,05:18.0,NISSAN_LEAF,Nissan Leaf e+ 62 kW,62000,174,53:40.2,4.3,6.8,290,WNW,5.621606408726948,14.23807940832036,395,104,18.0,101.0,238.0,,,,38,360,35,25,4
20/04/2023 14:54,227,101.5,73,17.5,99.24,-943,22360,3,92,4.31,6873,54,-2.07144,43.291264,227.5757,46.06359492783951,54:17.5,7,7199.5380000000005,0101000020E61000009A50C51F4F9200C02572502C48A54540,20230420_NISSAN_EIBAR_DONOSTIA_054,,d4,19:34.5,05:18.0,NISSAN_LEAF,Nissan Leaf e+ 62 kW,62000,174,53:40.2,4.3,6.8,290,WNW,5.897612118357255,9.8540899336489,395,104,18.0,101.0,238.0,,,,38,360,35,8,4
20/04/2023 14:54,238,104.2,73,17.5,99.24,-943,19600,3,93,2.91,7050,54,-2.0690048,43.291687,235.87827,46.266394894775964,54:24.5,7,7200.508000000001,0101000020E61000007D3F645F528D00C05CFDCF0A56A54540,20230420_NISSAN_EIBAR_DONOSTIA_054,,d4,19:34.5,05:18.0,NISSAN_LEAF,Nissan Leaf e+ 62 kW,62000,174,53:40.2,4.3,6.8,290,WNW,5.290796796169142,18.916857853885038,395,104,18.0,101.0,238.0,,,,38,360,35,8,4
20/04/2023 14:54,247,99.8,73,17.5,99.24,-943,19840,3,93,2.88,6847,54,-2.0661452,43.292667,245.34338,46.522382417620065,54:33.6,7,7200.418000000001,0101000020E610000095003E18778700C02CADBE1C76A54540,20230420_NISSAN_EIBAR_DONOSTIA_054,,d4,19:34.5,05:18.0,NISSAN_LEAF,Nissan Leaf e+ 62 kW,62000,174,53:40.2,4.3,6.8,290,WNW,4.43940089229318,29.242941698414214,395,104,18.0,101.0,238.0,,,,38,360,35,8,3
20/04/2023 14:54,254,95.2,73,17.5,99.24,-943,9120,3,93,1.53,6462,54,-2.0637732,43.293995,252.77141,46.76469380424975,54:42.6,7,7200.388000000001,0101000020E61000003C2EAC8C9B8200C07A65FA96A1A54540,20230420_NISSAN_EIBAR_DONOSTIA_054,,d4,19:34.5,05:18.0,NISSAN_LEAF,Nissan Leaf e+ 62 kW,62000,174,53:40.2,4.3,6.8,290,WNW,5.2808944501834425,19.049486602052,395,104,18.0,101.0,238.0,,,,38,360,35,25,3
20/04/2023 14:54,261,98.2,73,17.5,99.24,-943,8840,3,93,0.7,6574,54,-2.0611117,43.294914,260.3026,47.00322375873037,54:51.7,7,7200.348000000001,0101000020E6100000E2C2831A287D00C0B3275CBDBFA54540,20230420_NISSAN_EIBAR_DONOSTIA_054,,d4,19:34.5,05:18.0,NISSAN_LEAF,Nissan Leaf e+ 62 kW,62000,174,53:40.2,4.3,6.8,290,WNW,6.337006989186539,1.2650250806525722,395,104,18.0,101.0,238.0,,,,38,360,35,8,3
20/04/2023 14:55,266,98.1,73,17.5,99.24,-953,0,3,93,1.55,6569,54,-2.0581229,43.29498,266.26486,47.24529615948438,55:00.7,7,7200.309,0101000020E6100000F931DF27097700C010A653E7C1A54540,20230420_NISSAN_EIBAR_DONOSTIA_054,,d4,19:34.5,05:18.0,NISSAN_LEAF,Nissan Leaf e+ 62 kW,62000,174,53:40.2,4.3,6.8,290,WNW,6.465775551613963,-1.9616274380657612,395,104,18.0,101.0,238.0,,,,38,360,35,8,3
20/04/2023 14:55,271,106.5,73,17.5,99.24,-953,0,3,93,-1.66,7191,54,-2.05532,43.294884,270.87216,47.472436491526565,55:08.7,7,7200.298000000001,0101000020E61000004E7F9D9F4B7100C0CD50DEB2BEA54540,20230420_NISSAN_EIBAR_DONOSTIA_054,,d4,19:34.5,05:18.0,NISSAN_LEAF,Nissan Leaf e+ 62 kW,62000,174,53:40.2,4.3,6.8,290,WNW,6.566128370062853,-4.929606618251024,395,104,18.0,101.0,238.0,,,,38,360,35,8,3
20/04/2023 14:55,277,105.8,73,17.5,99.24,-973,6280,3,92,-1.66,7128,54,-2.052178,43.294613,276.04117,47.72855508330617,55:17.8,7,7200.217,0101000020E610000079273D3EDC6A00C0F6F20EEAB5A54540,20230420_NISSAN_EIBAR_DONOSTIA_054,,d4,19:34.5,05:18.0,NISSAN_LEAF,Nissan Leaf e+ 62 kW,62000,174,53:40.2,4.3,6.8,290,WNW,6.794887375967188,-17.77806005373497,395,104,18.0,101.0,238.0,,,,38,360,35,25,2
20/04/2023 14:55,281,103.2,73,17.5,99.24,-995,0,3,92,0.0,6880,54,-2.0489657,43.293583,281.0906,48.01268904592813,55:27.8,7,7200.158,0101000020E61000005D62D31D486400C0AEE1651394A54540,20230420_NISSAN_EIBAR_DONOSTIA_054,,d4,19:34.5,05:18.0,NISSAN_LEAF,Nissan Leaf e+ 62 kW,62000,174,53:40.2,4.3,6.8,290,WNW,6.2033137015492334,4.181557636102188,395,104,18.0,101.0,238.0,,,,38,360,35,25,2
20/04/2023 14:55,284,101.7,73,17.5,99.24,-1005,0,3,92,0.41,6996,54,-2.0457788,43.293816,284.20496,48.27193118149717,55:36.9,7,7200.098000000001,0101000020E6100000E42AC938C15D00C0ED794BB39BA54540,20230420_NISSAN_EIBAR_DONOSTIA_054,,d4,19:34.5,05:18.0,NISSAN_LEAF,Nissan Leaf e+ 62 kW,62000,174,53:40.2,4.3,6.8,290,WNW,6.7741940619350025,-15.006783003383244,395,104,18.0,101.0,238.0,,,,38,360,35,8,2
20/04/2023 14:55,284,99.1,73,17.5,99.24,-1014,0,3,91,-0.95,6889,54,-2.042761,43.293007,285.1393,48.53221307850461,55:45.9,7,7200.088000000001,0101000020E6100000152FB011935700C0BD11CC3381A54540,20230420_NISSAN_EIBAR_DONOSTIA_054,,d4,19:34.5,05:18.0,NISSAN_LEAF,Nissan Leaf e+ 62 kW,62000,174,53:40.2,4.3,6.8,290,WNW,6.650704539948143,-7.971699259897064,395,104,18.0,101.0,238.0,,,,38,360,35,120,2
20/04/2023 14:55,287,98.4,73,17.5,99.24,-1036,0,3,91,-0.83,6774,54,-2.0396404,43.29257,286.71112,48.7894132541951,55:55.0,7,7200.048000000001,0101000020E6100000C4606BFE2E5100C03FFF05E372A54540,20230420_NISSAN_EIBAR_DONOSTIA_054,,d4,19:34.5,05:18.0,NISSAN_LEAF,Nissan Leaf e+ 62 kW,62000,174,53:40.2,4.3,6.8,290,WNW,6.582852201777314,-34.518556103196595,395,104,18.0,101.0,238.0,,,,38,360,35,90,1
20/04/2023 14:56,289,104.1,73,17.5,99.24,-1043,0,3,91,0.17,6808,54,-2.0373867,43.29102,288.9347,49.04037459186392,56:04.0,7,7199.996999999999,0101000020E610000007315661914C00C0E14EA41F40A54540,20230420_NISSAN_EIBAR_DONOSTIA_054,,d4,19:34.5,05:18.0,NISSAN_LEAF,Nissan Leaf e+ 62 kW,62000,174,58:20.0,4.3,6.8,290,WNW,4.248920176898423,-71.32946691266,395,104,18.0,101.0,238.0,,,,38,360,35,120,1
20/04/2023 14:56,291,99.8,73,17.5,99.24,-1043,9760,3,90,1.34,6720,54,-2.036621,43.288754,290.94226000000003,49.299859789983046,56:13.1,7,7199.861999999999,0101000020E6100000E2C71401004B00C024FD67E5F5A44540,20230420_NISSAN_EIBAR_DONOSTIA_054,,d4,19:34.5,05:18.0,NISSAN_LEAF,Nissan Leaf e+ 62 kW,62000,174,58:20.0,4.3,6.8,290,WNW,6.421427352076587,-39.20850343424686,395,104,18.0,101.0,238.0,,,,38,360,35,120,1
20/04/2023 14:56,291,104.7,73,17.5,99.24,-1043,22400,3,90,2.72,6884,54,-2.0347407,43.28722,292.26093,49.528463154933284,56:21.1,7,7199.868,0101000020E61000000FC7B116264700C0D209E390C3A44540,20230420_NISSAN_EIBAR_DONOSTIA_054,,d4,19:34.5,05:18.0,NISSAN_LEAF,Nissan Leaf e+ 62 kW,62000,174,58:20.0,4.3,6.8,290,WNW,6.799971795452984,-19.83497760397176,395,104,18.0,101.0,238.0,,,,38,360,35,120,1
20/04/2023 14:56,288,104.0,73,17.5,99.24,-1043,17720,3,90,2.72,6996,54,-2.0315886,43.286083000000005,289.09378,49.81322605332162,56:30.2,7,7199.786999999999,0101000020E61000003FDF2F7DB14000C05BF346669EA44540,20230420_NISSAN_EIBAR_DONOSTIA_054,,d4,19:34.5,05:18.0,NISSAN_LEAF,Nissan Leaf e+ 62 kW,62000,174,58:20.0,4.3,6.8,290,WNW,6.687948002584429,-9.584235493039431,395,104,18.0,101.0,238.0,,,,38,360,35,8,1
20/04/2023 14:56,283,106.1,72,17.5,99.24,-1043,12600,3,90,0.45,7021,54,-2.0284498,43.285553,283.6453,50.07409402160221,56:39.3,7,7199.7480000000005,0101000020E6100000D2F148DA433A00C0810BD5F08CA44540,20230420_NISSAN_EIBAR_DONOSTIA_054,,d4,19:34.5,05:18.0,NISSAN_LEAF,Nissan Leaf e+ 62 kW,62000,174,58:20.0,4.3,6.8,290,WNW,6.155822708016101,5.140591519429624,395,104,18.0,101.0,238.0,,,,38,360,35,8,1
20/04/2023 14:56,276,99.8,72,17.5,99.24,-1046,10520,3,90,1.94,6617,54,-2.025782,43.285793,277.4232,50.29176735546703,56:47.3,7,7199.7480000000005,0101000020E61000000E1A5441CD3400C02E6DA1D994A44540,20230420_NISSAN_EIBAR_DONOSTIA_054,,d4,19:34.5,05:18.0,NISSAN_LEAF,Nissan Leaf e+ 62 kW,62000,174,58:20.0,4.3,6.8,290,WNW,4.254042119181796,31.27416970603614,395,104,18.0,101.0,238.0,,,,38,360,35,25,1
20/04/2023 14:56,269,70.7,73,17.5,99.24,-1097,1200,3,90,2.36,4931,54,-2.0237339,43.287037,269.78598,50.5078116759345,56:56.3,7,7199.678000000001,0101000020E6100000E3B8A26C9B3000C08B83E7A4BDA44540,20230420_NISSAN_EIBAR_DONOSTIA_054,,d4,19:34.5,05:18.0,NISSAN_LEAF,Nissan Leaf e+ 62 kW,62000,174,58:20.0,4.3,6.8,290,WNW,3.4672434546653967,39.34358072351512,395,104,18.0,101.0,238.0,,,,38,360,35,25,1
20/04/2023 14:57,255,86.7,73,17.5,99.24,-1097,9080,3,90,0.92,5794,54,-2.0222664,43.28824,257.82312,50.68710414856582,57:04.4,7,7199.628000000001,0101000020E6100000328C5C0B9A2D00C00FAA0EFFE4A44540,20230420_NISSAN_EIBAR_DONOSTIA_054,,d4,19:34.5,05:18.0,NISSAN_LEAF,Nissan Leaf e+ 62 kW,62000,174,58:20.0,4.3,6.8,290,WNW,5.495754323046331,16.07964370520053,395,104,18.0,101.0,238.0,,,,38,360,35,100,1
20/04/2023 14:57,238,86.2,73,17.5,99.24,-1112,0,3,90,-4.2,5781,54,-2.0200357,43.288883,241.1672,50.88201093322743,57:12.4,7,7200.589,0101000020E610000001771D84082900C058CCD723FAA44540,20230420_NISSAN_EIBAR_DONOSTIA_054,,d4,19:34.5,05:18.0,NISSAN_LEAF,Nissan Leaf e+ 62 kW,62000,174,58:20.0,4.3,6.8,290,WNW,5.498071004103957,16.04648449987059,395,104,18.0,101.0,238.0,,,,38,360,35,80,1
20/04/2023 14:57,211,76.9,73,17.5,99.24,-1157,0,3,90,0.89,4871,54,-2.017821,43.28952,214.09248,51.076645652008985,57:21.4,7,7199.598000000001,0101000020E61000006429566E7F2400C00D764F090FA54540,20230420_NISSAN_EIBAR_DONOSTIA_054,,d4,19:34.5,05:18.0,NISSAN_LEAF,Nissan Leaf e+ 62 kW,62000,174,58:20.0,4.3,6.8,290,WNW,1.446102357134169,57.721595443806606,395,104,18.0,101.0,238.0,,,,38,360,35,90,1
20/04/2023 14:57,190,88.3,73,17.5,99.24,-1157,7080,3,90,0.39,5743,54,-2.0167851000000003,43.29116,191.82607,51.278587524063134,57:30.5,7,7199.5380000000005,0101000020E610000069AF273D602200C0DA6923B144A54540,20230420_NISSAN_EIBAR_DONOSTIA_054,,d4,19:34.5,05:18.0,NISSAN_LEAF,Nissan Leaf e+ 62 kW,62000,174,58:20.0,4.3,6.8,290,WNW,-2.6119382264199067,92.58840989153256,474,96,35.0,224.0,204.0,,,,11,430,44,45,1
20/04/2023 14:57,179,82.6,73,17.5,99.24,-1171,0,3,90,-0.41,5640,54,-2.0168648,43.292923,181.12424,51.47502201434434,57:38.5,7,7200.508000000001,0101000020E6100000AB1ABDF7892200C07A50BC707EA54540,20230420_NISSAN_EIBAR_DONOSTIA_054,,d4,19:34.5,05:18.0,NISSAN_LEAF,Nissan Leaf e+ 62 kW,62000,174,58:20.0,4.3,6.8,290,WNW,2.4718797843766795,48.68397912469619,226,97,,,,1.0,20.0,200.0,5,218,8,80,1
20/04/2023 14:57,159,87.4,73,17.5,99.24,-1177,0,3,90,0.8,5733,54,-2.0154698,43.29451,160.90704,51.68548784129863,57:47.5,7,7200.467,0101000020E610000075A05E90AE1F00C00670C770B2A54540,20230420_NISSAN_EIBAR_DONOSTIA_054,,d4,19:34.5,05:18.0,NISSAN_LEAF,Nissan Leaf e+ 62 kW,62000,174,58:20.0,4.3,6.8,290,WNW,5.440212973554221,16.866906736412286,226,97,,,,1.0,20.0,200.0,5,218,8,25,1
20/04/2023 14:57,145,92.4,73,17.5,99.24,-1177,0,3,89,-1.08,6253,54,-2.013227,43.295190000000005,147.5664,51.88257222583772,57:55.6,7,7200.398,0101000020E6100000C77503B0161B00C04F6DF3BFC8A54540,20230420_NISSAN_EIBAR_DONOSTIA_054,,d4,19:34.5,05:18.0,NISSAN_LEAF,Nissan Leaf e+ 62 kW,62000,174,58:20.0,4.3,6.8,290,WNW,4.263781953785526,31.168898804453423,474,96,35.0,224.0,204.0,,,,11,430,44,80,1
20/04/2023 14:58,137,87.9,73,17.5,99.24,-1197,0,3,89,-1.56,6063,54,-2.0110712,43.296494,138.77976999999998,52.109599103068106,58:04.6,7,7200.369000000001,0101000020E6100000C606E078AC1600C09E2B2E7DF3A54540,20230420_NISSAN_EIBAR_DONOSTIA_054,,d4,19:34.5,05:18.0,NISSAN_LEAF,Nissan Leaf e+ 62 kW,62000,174,58:20.0,4.3,6.8,290,WNW,3.2857702701672964,41.10529268708034,146,73,,,,8.0,97.0,41.0,0,142,4,45,1
20/04/2023 14:58,127,85.3,73,17.5,99.24,-1225,0,3,89,0.0,5795,54,-2.0093486,43.297997,128.99184,52.32745509629861,58:13.7,7,7200.349,0101000020E61000007AD55E6B251300C0CFC088B924A64540,20230420_NISSAN_EIBAR_DONOSTIA_054,,d4,19:34.5,05:18.0,NISSAN_LEAF,Nissan Leaf e+ 62 kW,62000,174,58:20.0,4.3,6.8,290,WNW,5.231110477742432,19.71063713490616,146,73,,,,8.0,97.0,41.0,0,142,4,45,1
20/04/2023 14:58,121,85.1,73,17.5,99.24,-1237,0,3,89,-1.55,5841,54,-2.0069537,43.298855,122.14835,52.54358437782757,58:22.7,7,7200.298000000001,0101000020E6100000D21DD0CF3D0E00C0A1ADDCEF40A64540,20230420_NISSAN_EIBAR_DONOSTIA_054,,d4,19:34.5,05:18.0,NISSAN_LEAF,Nissan Leaf e+ 62 kW,62000,174,58:20.0,4.3,6.8,290,WNW,6.354089212009227,0.8645712400273858,146,73,,,,8.0,97.0,41.0,0,142,4,80,1
20/04/2023 14:58,114,87.1,73,17.5,99.24,-1246,0,3,89,0.0,5877,54,-2.0046344,43.29889,115.27511,52.73144249568531,58:30.8,7,7200.2480000000005,0101000020E61000004FDB5ECB7D0900C0979920FA41A64540,20230420_NISSAN_EIBAR_DONOSTIA_054,,d4,19:34.5,05:18.0,NISSAN_LEAF,Nissan Leaf e+ 62 kW,62000,174,58:40.2,4.3,6.8,290,WNW,6.793353887213087,-17.46660793473024,146,73,,,,8.0,97.0,41.0,0,142,4,25,1
20/04/2023 14:58,108,90.0,73,17.5,99.24,-1246,8920,3,88,1.56,6017,54,-2.0021873,43.29812,108.780495,52.94729211978895,58:39.8,7,7200.218000000001,0101000020E6100000AB4CC1C37A0400C05680D3CF28A64540,20230420_NISSAN_EIBAR_DONOSTIA_054,,d4,19:34.5,05:18.0,NISSAN_LEAF,Nissan Leaf e+ 62 kW,62000,174,58:40.2,4.3,6.8,290,WNW,6.4542498086951685,-38.34940348819523,146,73,,,,8.0,97.0,41.0,0,142,4,25,1
20/04/2023 14:58,104,88.5,73,17.5,99.24,-1246,10120,3,88,0.22,5825,54,-2.0004013,43.296707,104.53068,53.16082283530891,58:48.8,7,7200.167,0101000020E6100000C08DB96ED20000C017AE5579FAA54540,20230420_NISSAN_EIBAR_DONOSTIA_054,,d4,19:34.5,05:18.0,NISSAN_LEAF,Nissan Leaf e+ 62 kW,62000,174,58:40.2,4.3,6.8,290,WNW,6.62456403659844,-33.04309467357649,146,73,,,,8.0,97.0,41.0,0,142,4,80,1
20/04/2023 14:58,101,83.5,73,17.5,99.24,-1246,0,3,88,0.77,5194,54,-1.9984535,43.29544,102.09669,53.372253842765666,58:57.9,7,7200.116999999999,0101000020E6100000501BE462AAF9FFBFD994F201D1A54540,20230420_NISSAN_EIBAR_DONOSTIA_054,,d4,19:34.5,05:18.0,NISSAN_LEAF,Nissan Leaf e+ 62 kW,62000,174,58:40.2,4.3,6.8,290,WNW,6.206516009758631,4.1156033791313895,146,73,,,,8.0,97.0,41.0,0,142,4,80,1
20/04/2023 14:59,101,75.8,73,17.5,99.24,-1246,7480,3,88,0.0,5148,54,-1.9960909,43.29561,101.67291,53.56439306447186,59:06.9,7,7200.078,0101000020E6100000C705DDFEFCEFFFBFECC3CC70D6A54540,20230420_NISSAN_EIBAR_DONOSTIA_054,,d4,19:34.5,05:18.0,NISSAN_LEAF,Nissan Leaf e+ 62 kW,62000,174,58:40.2,4.3,6.8,290,WNW,4.3217850994825495,30.53871892168985,146,73,,,,8.0,97.0,41.0,0,142,4,80,1
20/04/2023 14:59,96,67.5,72,17.5,99.24,-1249,7600,3,87,-0.56,4785,54,-1.9941077,43.29678,97.06583,53.77104957381301,59:17.0,7,7200.018,0101000020E610000069AF7887DDE7FFBFFF2661D8FCA54540,20230420_NISSAN_EIBAR_DONOSTIA_054,,d4,19:34.5,05:18.0,NISSAN_LEAF,Nissan Leaf e+ 62 kW,62000,174,58:40.2,4.3,6.8,290,WNW,5.6506405129635615,13.800816048084853,146,73,,,,8.0,97.0,41.0,0,142,4,80,1
20/04/2023 14:59,91,67.8,72,17.5,99.24,-1249,11400,4,87,1.44,4666,54,-1.9921129,43.297270000000005,91.77253,53.94151479290901,59:26.1,7,7199.927,0101000020E6100000CE8B82B6B1DFFFBF4436DFFA0CA64540,20230420_NISSAN_EIBAR_DONOSTIA_054,,d4,19:34.5,05:18.0,NISSAN_LEAF,Nissan Leaf e+ 62 kW,62000,174,58:40.2,4.3,6.8,290,WNW,5.828272509731221,11.007608612326958,146,73,,,,8.0,97.0,41.0,0,142,4,40,1
20/04/2023 14:59,91,67.8,72,17.5,99.24,-1249,12840,4,87,-1.17,4678,54,-1.9918867,43.297314,91.1612,53.96047315554193,59:35.1,7,7199.919,0101000020E6100000BB55E7A5C4DEFFBFAFE2A25D0EA64540,20230420_NISSAN_EIBAR_DONOSTIA_054,,d4,19:34.5,05:18.0,NISSAN_LEAF,Nissan Leaf e+ 62 kW,62000,174,58:40.2,4.3,6.8,290,WNW,6.389909821344177,0.0,146,73,,,,8.0,97.0,41.0,0,142,4,40,1
20/04/2023 14:59,91,67.8,72,17.5,99.24,-1249,0,3,87,-6.95,5463,54,-1.9918867,43.297314,91.1612,53.96047315554193,59:44.2,7,7199.818,0101000020E6100000BB55E7A5C4DEFFBFAFE2A25D0EA64540,20230420_NISSAN_EIBAR_DONOSTIA_054,,d4,19:34.5,05:18.0,NISSAN_LEAF,Nissan Leaf e+ 62 kW,62000,174,58:40.2,4.3,6.8,290,WNW,6.4059667950952335,-0.3994000956740149,146,73,,,,8.0,97.0,41.0,0,142,4,40,1
20/04/2023 14:59,83,67.7,72,17.5,99.24,-1272,7160,3,88,-1.45,5038,54,-1.9855748,43.297270000000005,83.109604,54.47137100936919,59:53.2,7,7199.7880000000005,0101000020E61000001AAEC418EAC4FFBFE71C0DF90CA64540,20230420_NISSAN_EIBAR_DONOSTIA_054,,d4,19:34.5,05:18.0,NISSAN_LEAF,Nissan Leaf e+ 62 kW,62000,174,58:40.2,4.3,6.8,290,WNW,5.511905298033659,15.847919080465385,474,96,35.0,224.0,204.0,,,,11,430,44,80,2
20/04/2023 15:00,70,73.3,72,17.5,99.24,-1283,0,3,88,-1.47,5174,54,-1.9833379,43.297905,70.07136,54.666118418524384,00:02.2,7,7199.798000000001,0101000020E610000088F52E85C0BBFFBF7CE286B621A64540,20230420_NISSAN_EIBAR_DONOSTIA_054,,d4,19:34.5,05:18.0,NISSAN_LEAF,Nissan Leaf e+ 62 kW,62000,174,58:40.2,4.3,6.8,290,WNW,6.112060791120167,5.994977605985139,4,35,,,,3.0,1.0,0.0,0,4,0,80,2
20/04/2023 15:00,65,77.2,72,17.5,99.24,-1299,0,3,87,0.0,5129,54,-1.9808716,43.298164,65.8934,54.867819653322236,00:11.3,7,7199.7480000000005,0101000020E6100000E1A3805FA6B1FFBF4954543D2AA64540,20230420_NISSAN_EIBAR_DONOSTIA_054,,d4,19:34.5,05:18.0,NISSAN_LEAF,Nissan Leaf e+ 62 kW,62000,174,58:40.2,4.3,6.8,290,WNW,6.537529534192978,-4.029065944086004,73,102,,,,0.0,2.0,66.0,5,71,2,45,1
20/04/2023 15:00,59,76.5,72,17.5,99.24,-1309,3000,3,87,0.97,5200,54,-1.9788698,43.298023,60.35078000000001,55.03067094195332,00:19.3,7,7199.668000000001,0101000020E6100000E8BD796773A9FFBFD9B52F9925A64540,20230420_NISSAN_EIBAR_DONOSTIA_054,,d4,19:34.5,05:18.0,NISSAN_LEAF,Nissan Leaf e+ 62 kW,62000,174,58:40.2,4.3,6.8,290,WNW,6.734585543957944,-12.046307293012047,73,102,,,,0.0,2.0,66.0,5,71,2,80,1
20/04/2023 15:00,58,77.0,72,17.5,99.24,-1309,6680,3,87,2.78,5223,54,-1.9765596,43.29753,58.69591,55.2255080946741,00:28.4,7,7199.618,0101000020E6100000D89396F0FC9FFFBFE12E2C7B15A64540,20230420_NISSAN_EIBAR_DONOSTIA_054,,d4,19:34.5,05:18.0,NISSAN_LEAF,Nissan Leaf e+ 62 kW,62000,174,58:40.2,4.3,6.8,290,WNW,6.553409144294159,-4.522782487550695,73,102,,,,0.0,2.0,66.0,5,71,2,90,1
20/04/2023 15:00,62,79.6,72,17.5,99.24,-1309,23720,3,87,3.91,5337,54,-1.9742082,43.297344,61.005123,55.41693687199793,00:37.4,7,7199.578,0101000020E610000070BF9E535B96FFBF5F76255A0FA64540,20230420_NISSAN_EIBAR_DONOSTIA_054,,d4,19:34.5,05:18.0,NISSAN_LEAF,Nissan Leaf e+ 62 kW,62000,174,58:40.2,4.3,6.8,290,WNW,6.152006228036269,5.216177379549984,436,69,,,,0.0,387.0,47.0,2,351,85,90,1
20/04/2023 15:00,63,69.0,72,17.5,99.24,-1309,16040,3,87,1.98,4931,54,-1.9719517,43.29755,63.71986,55.60100201355497,00:46.5,7,7199.528,0101000020E610000094B06D331D8DFFBFCF5D1F1816A64540,20230420_NISSAN_EIBAR_DONOSTIA_054,,d4,19:34.5,05:18.0,NISSAN_LEAF,Nissan Leaf e+ 62 kW,62000,174,58:40.2,4.3,6.8,290,WNW,6.747984495773552,-27.09131550206808,436,69,,,,0.0,387.0,47.0,2,351,85,90,1
20/04/2023 15:00,60,59.2,72,17.5,99.24,-1309,0,3,87,2.78,4258,54,-1.9703565,43.296734,61.135796,55.75881702271859,00:55.5,7,7199.503000000001,0101000020E610000046644E739486FFBF7AEBC654FBA54540,20230420_NISSAN_EIBAR_DONOSTIA_054,,d4,19:34.5,05:18.0,NISSAN_LEAF,Nissan Leaf e+ 62 kW,62000,174,58:40.2,4.3,6.8,290,WNW,4.594740793817634,-67.49168668422969,436,69,,,,0.0,387.0,47.0,2,351,85,90,1
20/04/2023 15:01,65,60.2,72,17.5,99.24,-1309,11440,3,88,2.14,4248,54,-1.969812,43.29542,62.928757,55.91143820540389,01:04.5,7,7200.494000000001,0101000020E6100000BCCF10A75984FFBF88F84B52D0A54540,20230420_NISSAN_EIBAR_DONOSTIA_054,,d4,19:34.5,05:18.0,NISSAN_LEAF,Nissan Leaf e+ 62 kW,62000,174,03:20.0,4.3,6.8,290,WNW,1.9548189962110385,-93.29324861597163,73,102,,,,0.0,2.0,66.0,5,71,2,8,1
20/04/2023 15:01,86,50.1,72,17.5,99.24,-1309,6040,3,88,2.25,3331,54,-1.969878,43.294273,83.74164,56.040776162946464,01:13.6,7,7200.42,0101000020E61000009B36DBBC9E84FFBFA4EF06CAAAA54540,20230420_NISSAN_EIBAR_DONOSTIA_054,,d4,19:34.5,05:18.0,NISSAN_LEAF,Nissan Leaf e+ 62 kW,62000,174,03:20.0,4.3,6.8,290,WNW,-5.983320119288575,-171.6303049529783,73,102,,,,0.0,2.0,66.0,5,71,2,45,1
20/04/2023 15:01,112,48.5,72,17.5,99.24,-1309,6480,3,88,1.75,3328,54,-1.9713937,43.29405,110.20852,56.16869451981476,01:22.6,7,7200.379,0101000020E6100000DACEF024D48AFFBF58563661A3A54540,20230420_NISSAN_EIBAR_DONOSTIA_054,,d4,19:34.5,05:18.0,NISSAN_LEAF,Nissan Leaf e+ 62 kW,62000,174,03:20.0,4.3,6.8,290,WNW,-0.3022180286301197,-112.547282813043,73,102,,,,0.0,2.0,66.0,5,71,2,45,1
20/04/2023 15:01,125,27.9,72,17.5,99.24,-1321,3160,3,88,6.86,1655,54,-1.9717383,43.29322,124.32291,56.26613587303795,01:31.6,7,7200.35,0101000020E610000009144C803D8CFFBF5EEEBA4F88A54540,20230420_NISSAN_EIBAR_DONOSTIA_054,,d4,19:34.5,05:18.0,NISSAN_LEAF,Nissan Leaf e+ 62 kW,62000,174,03:20.0,4.3,6.8,290,WNW,-0.3535452009993522,-112.98026252503163,73,102,,,,0.0,2.0,66.0,5,71,2,30,1
20/04/2023 15:01,134,19.8,72,17.5,99.24,-1321,0,3,88,-0.7,1702,54,-1.9720114,43.292576,133.06825,56.34158753429983,01:40.7,7,7200.29,0101000020E6100000C2A15FDD5B8DFFBF6390422873A54540,20230420_NISSAN_EIBAR_DONOSTIA_054,,d4,19:34.5,05:18.0,NISSAN_LEAF,Nissan Leaf e+ 62 kW,62000,174,03:20.0,4.3,6.8,290,WNW,-3.846748494805627,-144.45079712850566,73,102,,,,0.0,2.0,66.0,5,71,2,30,1
20/04/2023 15:01,143,40.2,72,17.5,99.24,-1321,18640,3,88,0.0,2373,54,-1.9724816000000005,43.29224,140.63187,56.395451362369016,01:48.8,7,7200.198,0101000020E6100000DEFF41DA488FFFBF405EF72168A54540,20230420_NISSAN_EIBAR_DONOSTIA_054,,d4,19:34.5,05:18.0,NISSAN_LEAF,Nissan Leaf e+ 62 kW,62000,174,03:20.0,4.3,6.8,290,WNW,-4.880912353197253,-155.871597069655,73,102,,,,0.0,2.0,66.0,5,71,2,8,1
20/04/2023 15:01,153,18.6,72,17.5,99.24,-1323,0,3,89,-3.59,1868,54,-1.9734416,43.29181,151.18463,56.48729076918844,01:57.8,7,7200.215999999999,0101000020E6100000A8AD09703793FFBF7BE15AF659A54540,20230420_NISSAN_EIBAR_DONOSTIA_054,,d4,19:34.5,05:18.0,NISSAN_LEAF,Nissan Leaf e+ 62 kW,62000,174,03:20.0,4.3,6.8,290,WNW,-4.458728662958085,-150.97239928180147,73,102,,,,0.0,2.0,66.0,5,71,2,55,1
20/04/2023 15:02,158,0.0,72,17.5,99.24,-1329,0,3,89,0.0,0,54,-1.9736218,43.29171,158.19412,56.50692457950148,02:06.8,7,7200.17,0101000020E61000004299DE8DF493FFBF4365F4C156A54540,20230420_NISSAN_EIBAR_DONOSTIA_054,,d4,19:34.5,05:18.0,NISSAN_LEAF,Nissan Leaf e+ 62 kW,62000,174,03:20.0,4.3,6.8,290,WNW,-5.237865593663209,-160.37853181830212,73,102,,,,0.0,2.0,66.0,5,71,2,55,1
20/04/2023 15:02,156,19.4,72,17.5,99.24,-1329,8440,3,88,5.41,1042,54,-1.9736779,43.29169,157.42308,56.51203890195491,02:14.9,7,7200.132,0101000020E6100000416B94332F94FFBFA2125A1056A54540,20230420_NISSAN_EIBAR_DONOSTIA_054,,d4,19:34.5,05:18.0,NISSAN_LEAF,Nissan Leaf e+ 62 kW,62000,174,03:20.0,4.3,6.8,290,WNW,-4.839177931023778,-155.36881837284614,73,102,,,,0.0,2.0,66.0,5,71,2,55,1
20/04/2023 15:02,153,42.1,72,17.5,99.24,-1329,7480,3,89,0.67,2908,54,-1.9745067,43.29131,154.33636,56.59137756061161,02:23.9,7,7200.081999999999,0101000020E6100000240D7E6A9497FFBFA2D71BA049A54540,20230420_NISSAN_EIBAR_DONOSTIA_054,,d4,19:34.5,05:18.0,NISSAN_LEAF,Nissan Leaf e+ 62 kW,62000,174,03:20.0,4.3,6.8,290,WNW,-5.240914503860659,-160.41883300970085,73,102,,,,0.0,2.0,66.0,5,71,2,55,1
20/04/2023 15:02,151,42.9,72,17.5,99.24,-1331,15080,3,89,6.47,2565,54,-1.9754063,43.29099,152.10379,56.67244817360671,02:32.9,7,7200.052,0101000020E61000006CFA4F9A439BFFBF71046F293FA54540,20230420_NISSAN_EIBAR_DONOSTIA_054,,d4,19:34.5,05:18.0,NISSAN_LEAF,Nissan Leaf e+ 62 kW,62000,174,03:20.0,4.3,6.8,290,WNW,-4.698842093171919,-153.70981040438903,73,102,,,,0.0,2.0,66.0,5,71,2,40,1
20/04/2023 15:02,153,63.6,71,17.5,99.24,-1331,17840,3,90,-1.09,4246,54,-1.9769609,43.290222,153.15723,56.82451979364204,02:43.0,7,7200.008000000001,0101000020E6100000BA6AF2BEA1A1FFBF7DDE38FB25A54540,20230420_NISSAN_EIBAR_DONOSTIA_054,,d4,19:34.5,05:18.0,NISSAN_LEAF,Nissan Leaf e+ 62 kW,62000,174,03:20.0,4.3,6.8,290,WNW,-5.120081152329812,-158.84683708733252,73,102,,,,0.0,2.0,66.0,5,71,2,25,1
20/04/2023 15:02,155,25.9,71,17.5,99.24,-1339,0,3,90,-2.73,2734,54,-1.9782712,43.289715,156.12517,56.944662589395676,02:51.0,7,7199.97,0101000020E6100000E89BD9CCFFA6FFBFEB4E8D5015A54540,20230420_NISSAN_EIBAR_DONOSTIA_054,,d4,19:34.5,05:18.0,NISSAN_LEAF,Nissan Leaf e+ 62 kW,62000,174,03:20.0,4.3,6.8,290,WNW,-6.778734004505503,164.53251531541017,436,69,,,,0.0,387.0,47.0,2,351,85,55,2
20/04/2023 15:03,157,27.3,71,17.5,99.24,-1343,2080,3,90,2.98,1755,54,-1.9789759,43.28991,157.1115,57.00569014009377,03:00.2,7,7199.792,0101000020E610000041F50A99E2A9FFBF628C14C81BA54540,20230420_NISSAN_EIBAR_DONOSTIA_054,,d4,19:34.5,05:18.0,NISSAN_LEAF,Nissan Leaf e+ 62 kW,62000,174,03:20.0,4.3,6.8,290,WNW,-6.060510095429789,133.03093157012842,436,69,,,,0.0,387.0,47.0,2,351,85,25,2
20/04/2023 15:03,159,25.1,71,17.5,99.24,-1343,0,3,90,-0.77,1771,54,-1.9794632,43.290432,159.30534,57.07590038604121,03:09.1,7,7199.866,0101000020E61000001008BDAEE1ABFFBF866796DB2CA54540,20230420_NISSAN_EIBAR_DONOSTIA_054,,d4,19:34.5,05:18.0,NISSAN_LEAF,Nissan Leaf e+ 62 kW,62000,174,03:20.0,4.3,6.8,290,WNW,-6.786414359431564,163.62239300536146,4,35,,,,3.0,1.0,0.0,0,4,0,25,2
20/04/2023 15:03,160,20.2,71,17.5,99.24,-1344,80,3,89,3.77,1351,54,-1.9801131,43.290623,160.65805,57.132643400011595,03:18.2,7,7199.829000000001,0101000020E6100000BDA188298BAEFFBF952DA21C33A54540,20230420_NISSAN_EIBAR_DONOSTIA_054,,d4,19:34.5,05:18.0,NISSAN_LEAF,Nissan Leaf e+ 62 kW,62000,174,03:20.0,4.3,6.8,290,WNW,0.4921016352678141,-105.84999774502222,4,35,,,,3.0,1.0,0.0,0,4,0,25,2
20/04/2023 15:03,161,22.2,71,17.5,99.24,-1344,6280,3,89,4.28,1542,54,-1.980219,43.29025,161.75829,57.17500979555467,03:26.2,7,7199.802,0101000020E61000006A6A992DFAAEFFBFAD4F02EF26A54540,20230420_NISSAN_EIBAR_DONOSTIA_054,,d4,19:34.5,05:18.0,NISSAN_LEAF,Nissan Leaf e+ 62 kW,62000,174,03:20.0,4.3,6.8,290,WNW,3.923434471675556,-74.7618935666892,4,35,,,,3.0,1.0,0.0,0,4,0,25,2
20/04/2023 15:03,162,36.8,71,17.5,99.24,-1344,12280,3,89,5.44,2243,54,-1.9800482,43.289623,162.37169,57.24608900981727,03:35.3,7,7199.746,0101000020E6100000F52A29F546AEFFBFB416FB6D12A54540,20230420_NISSAN_EIBAR_DONOSTIA_054,,d4,19:34.5,05:18.0,NISSAN_LEAF,Nissan Leaf e+ 62 kW,62000,174,03:40.4,4.3,6.8,290,WNW,0.2891616808915045,-107.56283218487955,4,35,,,,3.0,1.0,0.0,0,4,0,25,2
20/04/2023 15:03,163,16.1,71,17.5,99.24,-1346,0,3,89,-0.52,1401,54,-1.9802438,43.289005,163.51451,57.31661683609788,03:44.3,7,7199.736,0101000020E610000033921C2314AFFFBF1C0C7B1DFEA44540,20230420_NISSAN_EIBAR_DONOSTIA_054,,d4,19:34.5,05:18.0,NISSAN_LEAF,Nissan Leaf e+ 62 kW,62000,174,03:40.4,4.3,6.8,290,WNW,-6.780252530026523,164.36761211182247,436,69,,,,0.0,387.0,47.0,2,351,85,25,2
20/04/2023 15:03,164,29.7,71,17.5,99.24,-1346,3160,3,89,-0.86,1896,54,-1.9809121,43.289192,164.77385,57.37458111968137,03:53.3,7,7199.672,0101000020E6100000B5585EE6D0B1FFBFE039613004A54540,20230420_NISSAN_EIBAR_DONOSTIA_054,,d4,19:34.5,05:18.0,NISSAN_LEAF,Nissan Leaf e+ 62 kW,62000,174,03:40.4,4.3,6.8,290,WNW,-6.339461787121902,-178.7920779897065,4,35,,,,3.0,1.0,0.0,0,4,0,25,2
20/04/2023 15:04,165,30.6,71,17.5,99.24,-1347,7600,3,89,-0.3,2101,54,-1.9818132,43.289173,165.86321999999998,57.44755400891975,04:02.4,7,7199.632,0101000020E6100000500E26B481B5FFBFEF7144A103A54540,20230420_NISSAN_EIBAR_DONOSTIA_054,,d4,19:34.5,05:18.0,NISSAN_LEAF,Nissan Leaf e+ 62 kW,62000,174,03:40.4,4.3,6.8,290,WNW,-5.6117708910942,-165.61490332994063,489,8,35.0,241.0,195.0,,,,5140,449,40,25,2
20/04/2023 15:04,167,20.7,71,17.5,99.24,-1347,0,3,88,-3.59,1566,54,-1.9825579,43.288982,167.08194,57.51147327030519,04:11.4,7,7199.554,0101000020E6100000A8058CA28EB8FFBFB71E2464FDA44540,20230420_NISSAN_EIBAR_DONOSTIA_054,,d4,19:34.5,05:18.0,NISSAN_LEAF,Nissan Leaf e+ 62 kW,62000,174,03:40.4,4.3,6.8,290,WNW,-4.835783336841478,115.32812027879952,489,8,35.0,241.0,195.0,,,,5140,449,40,25,2
20/04/2023 15:04,167,36.2,71,17.5,99.24,-1348,6920,3,88,-0.94,2354,54,-1.9827387,43.289364,167.27187,57.55640024890774,04:20.5,7,7199.505999999999,0101000020E6100000F4690F444CB9FFBFBDD743DA09A54540,20230420_NISSAN_EIBAR_DONOSTIA_054,,d4,19:34.5,05:18.0,NISSAN_LEAF,Nissan Leaf e+ 62 kW,62000,174,03:40.4,4.3,6.8,290,WNW,-5.795793443184054,128.46519018638276,489,8,35.0,241.0,195.0,,,,5140,449,40,25,2
20/04/2023 15:04,167,20.6,71,17.5,99.24,-1365,0,3,88,-2.98,1847,54,-1.9832535,43.290012,167.85136,57.63963668551402,04:28.5,7,7200.464,0101000020E610000030CAABF267BBFFBFFF5038231FA54540,20230420_NISSAN_EIBAR_DONOSTIA_054,,d4,19:34.5,05:18.0,NISSAN_LEAF,Nissan Leaf e+ 62 kW,62000,174,03:40.4,4.3,6.8,290,WNW,-5.751506150875921,127.75879560043946,489,8,35.0,241.0,195.0,,,,5140,449,40,25,2
20/04/2023 15:04,168,23.3,71,17.5,99.24,-1372,1200,3,88,3.27,1859,54,-1.9834998,43.29033,168.16179,57.68023012914831,04:36.6,7,7200.438,0101000020E61000005B1ED33D6ABCFFBF6787A88629A54540,20230420_NISSAN_EIBAR_DONOSTIA_054,,d4,19:34.5,05:18.0,NISSAN_LEAF,Nissan Leaf e+ 62 kW,62000,174,03:40.4,4.3,6.8,290,WNW,-6.112612639843514,134.01563329698234,489,8,35.0,241.0,195.0,,,,5140,449,40,25,2
20/04/2023 15:04,168,34.8,71,17.5,99.24,-1372,2680,3,87,-0.55,2384,54,-1.9840003,43.290848,168.45891,57.75064825892267,04:44.6,7,7200.382,0101000020E610000085615D1977BEFFBFEEFFA8833AA54540,20230420_NISSAN_EIBAR_DONOSTIA_054,,d4,19:34.5,05:18.0,NISSAN_LEAF,Nissan Leaf e+ 62 kW,62000,174,03:40.4,4.3,6.8,290,WNW,-4.922992114640227,116.3831838307557,489,8,35.0,241.0,195.0,,,,5140,449,40,25,2
20/04/2023 15:04,169,37.1,71,17.5,99.24,-1373,1840,3,87,0.67,2409,54,-1.9844636,43.291782,169.25018,57.861069217653075,04:54.7,7,7200.34,0101000020E6100000B1FE83DC5CC0FFBF9C1ED21C59A54540,20230420_NISSAN_EIBAR_DONOSTIA_054,,d4,19:34.5,05:18.0,NISSAN_LEAF,Nissan Leaf e+ 62 kW,62000,174,03:40.4,4.3,6.8,290,WNW,-4.485154452406588,111.2679662398265,489,8,35.0,241.0,195.0,,,,5140,449,40,25,2
20/04/2023 15:05,169,42.7,71,17.5,99.24,-1373,0,3,86,-1.08,2940,54,-1.9847964,43.292637,169.48193,57.95988307331796,05:03.7,7,7200.306,0101000020E610000062D468EEB9C1FFBFC489961D75A54540,20230420_NISSAN_EIBAR_DONOSTIA_054,,d4,19:34.5,05:18.0,NISSAN_LEAF,Nissan Leaf e+ 62 kW,62000,174,03:40.4,4.3,6.8,290,WNW,-4.283280411867444,109.04231562840808,489,8,35.0,241.0,195.0,,,,5140,449,40,25,2
20/04/2023 15:05,170,38.4,71,17.5,99.24,-1382,0,3,86,-3.16,1981,54,-1.9850991,43.293514,169.98897,58.0604325288064,05:12.7,7,7200.25,0101000020E610000024A04A47F7C2FFBF70BA51E591A54540,20230420_NISSAN_EIBAR_DONOSTIA_054,,d4,19:34.5,05:18.0,NISSAN_LEAF,Nissan Leaf e+ 62 kW,62000,174,03:40.4,4.3,6.8,290,WNW,,,489,8,35.0,241.0,195.0,,,,5140,449,40,25,2
