timestamp_data_utc,elv_spy,speed,soc,amb_temp,soh,regenwh,Motor Pwr(w),Aux Pwr(100w),Motor Temp,Torque Nm,rpm,route_id,longitude,latitude,altitude,cumul_dist,timestamp_gps_utc,car_id,time_diff,point_geom,route_code,route_description,driver,start_timestamp,end_timestamp,car_code,car_description,capacity,ref_consumption,timestamp_weather_utc,wind_mph,wind_kph,wind_degree,wind_dir,Frontal_Wind,Veh_deg,totalVehicles,speedAvg,cars_by_speed_interval_0_80,cars_by_speed_interval_80_100,cars_by_speed_interval_100_120,cars_by_speed_interval_0_50,cars_by_speed_interval_50_80,cars_by_speed_interval_80_120,cars_by_speed_interval_120_inf,cars_by_length_interval_0_7,cars_by_length_interval_7_inf,max_speed,radius
18/04/2023 11:33,98,12.7,87,17.5,99.27,-617,1520,2,90,-0.22,1346,15,-2.0230696,43.22484,100.05206,0.0,33:08.3,6,7199.71,0101000020E6100000577645193F2F00C0CA9F988AC79C4540,20230418_NISSAN_ANDOAIN_AZPEITIA_015,,d1,33:01.3,13:56.6,NISSAN_LEAF,Nissan Leaf e+ 62 kW,62000,174,31:00.0,2.2,3.6,7,N,-0.4716081767068333,165.47248643187845,389,115,1.0,47.0,239.0,,,,102,271,118,30,3
18/04/2023 11:33,98,32.1,87,17.5,99.27,-617,6200,2,89,-0.81,2146,15,-2.0238144,43.225033,100.17676,0.06404949552091055,33:17.3,6,7199.672,0101000020E610000024CB5199C53000C00EE7D0D8CD9C4540,20230418_NISSAN_ANDOAIN_AZPEITIA_015,,d1,33:01.3,13:56.6,NISSAN_LEAF,Nissan Leaf e+ 62 kW,62000,174,31:00.0,2.2,3.6,7,N,-3.3720180191799454,62.499915374682665,389,115,1.0,47.0,239.0,,,,102,271,118,30,3
18/04/2023 11:33,98,30.7,87,17.5,99.27,-617,9480,2,89,2.66,1936,15,-2.0235765,43.22549,102.89105,0.11846632237196514,33:25.4,6,7199.588000000001,0101000020E6100000750258EC483000C0DC8AB3D8DC9C4540,20230418_NISSAN_ANDOAIN_AZPEITIA_015,,d1,33:01.3,13:56.6,NISSAN_LEAF,Nissan Leaf e+ 62 kW,62000,174,31:00.0,2.2,3.6,7,N,-3.376304811022144,103.30437384508988,389,115,1.0,47.0,239.0,,,,102,271,118,55,3
18/04/2023 11:33,98,34.4,87,17.5,99.27,-617,1960,2,89,-0.61,2144,15,-2.0236971,43.226000000000006,103.12073,0.17601187757187234,33:34.4,6,7199.599,0101000020E6100000DE0D5828883000C0F2DF519DED9C4540,20230418_NISSAN_ANDOAIN_AZPEITIA_015,,d1,33:01.3,13:56.6,NISSAN_LEAF,Nissan Leaf e+ 62 kW,62000,174,35:59.2,6.9,11.2,330,NNW,-2.874722006008646,-164.87265836208894,389,115,1.0,47.0,239.0,,,,102,271,118,25,3
18/04/2023 11:33,98,20.9,87,17.5,99.27,-626,0,2,88,-2.33,665,15,-2.0241299,43.225883,103.60736,0.2134174041679672,33:43.4,6,7199.57,0101000020E6100000EDDBA4FD6A3100C03B8BFFB7E99C4540,20230418_NISSAN_ANDOAIN_AZPEITIA_015,,d1,33:01.3,13:56.6,NISSAN_LEAF,Nissan Leaf e+ 62 kW,62000,174,35:59.2,6.9,11.2,330,NNW,-2.7894353913972965,-164.42170143812822,389,115,1.0,47.0,239.0,,,,102,271,118,90,3
18/04/2023 11:33,98,5.7,87,17.5,99.27,-626,1280,2,88,-0.25,583,15,-2.0242662,43.225845,104.257935,0.22525951138417374,33:51.5,6,7200.5380000000005,0101000020E6100000045EA083B23100C04E6B0D84E89C4540,20230418_NISSAN_ANDOAIN_AZPEITIA_015,,d1,33:01.3,13:56.6,NISSAN_LEAF,Nissan Leaf e+ 62 kW,62000,174,35:59.2,6.9,11.2,330,NNW,-2.9702944413377668,-165.37912601351198,389,115,1.0,47.0,239.0,,,,102,271,118,90,3
18/04/2023 11:34,98,1.4,87,17.5,99.27,-626,640,2,87,1.08,73,15,-2.0243812,43.225815,103.11426,0.23522219181961973,34:00.5,6,7200.491999999999,0101000020E61000009247AACEEE3100C04EFFC48EE79C4540,20230418_NISSAN_ANDOAIN_AZPEITIA_015,,d1,33:01.3,13:56.6,NISSAN_LEAF,Nissan Leaf e+ 62 kW,62000,174,35:59.2,6.9,11.2,330,NNW,5.6000000000000005,0.0,389,115,1.0,47.0,239.0,,,,102,271,118,45,3
18/04/2023 11:34,98,0.0,87,17.5,99.27,-626,0,2,87,0.0,0,15,-2.0243795,43.225815,103.08087,0.2353639207743294,34:08.5,6,7200.451999999999,0101000020E6100000271DDDEFED3100C0D7C77D8AE79C4540,20230418_NISSAN_ANDOAIN_AZPEITIA_015,,d1,33:01.3,13:56.6,NISSAN_LEAF,Nissan Leaf e+ 62 kW,62000,174,35:59.2,6.9,11.2,330,NNW,-3.70688589404609,-169.32777980328933,389,115,1.0,47.0,239.0,,,,102,271,118,90,3
18/04/2023 11:34,98,8.8,87,17.5,99.27,-626,600,2,86,-6.06,721,15,-2.024544,43.225784,101.15112,0.2492653820708939,34:17.6,6,7200.419,0101000020E61000001381EA1F443200C0E940397EE69C4540,20230418_NISSAN_ANDOAIN_AZPEITIA_015,,d1,33:01.3,13:56.6,NISSAN_LEAF,Nissan Leaf e+ 62 kW,62000,174,35:59.2,6.9,11.2,330,NNW,-3.311133527607262,-167.19573393080577,389,115,1.0,47.0,239.0,,,,102,271,118,45,3
18/04/2023 11:34,99,2.5,87,17.5,99.27,-629,40,2,86,1.45,69,15,-2.024676,43.225754,100.57196,0.2604835881550232,34:26.6,6,7200.383000000001,0101000020E61000006058BC60893200C0FC11D08EE59C4540,20230418_NISSAN_ANDOAIN_AZPEITIA_015,,d1,33:01.3,13:56.6,NISSAN_LEAF,Nissan Leaf e+ 62 kW,62000,174,35:59.2,6.9,11.2,330,NNW,-4.109657452231855,-171.5266345205154,389,115,1.0,47.0,239.0,,,,102,271,118,45,3
18/04/2023 11:34,99,2.5,87,17.5,99.27,-629,440,2,85,1.05,134,15,-2.0247297,43.225746,100.20917,0.26493934327290936,34:36.8,6,7200.245,0101000020E6100000BDB2E286A53200C0255F2241E59C4540,20230418_NISSAN_ANDOAIN_AZPEITIA_015,,d1,33:01.3,13:56.6,NISSAN_LEAF,Nissan Leaf e+ 62 kW,62000,174,35:59.2,6.9,11.2,330,NNW,-2.979817566512753,-165.42965880340466,389,115,1.0,47.0,239.0,,,,102,271,118,45,3
18/04/2023 11:34,99,3.4,87,17.5,99.27,-629,640,2,85,1.98,168,15,-2.0248682,43.22571,99.236084,0.2768933631238763,34:44.7,6,7200.295,0101000020E61000004B194011EE3200C0BB02FA12E49C4540,20230418_NISSAN_ANDOAIN_AZPEITIA_015,,d1,33:01.3,13:56.6,NISSAN_LEAF,Nissan Leaf e+ 62 kW,62000,174,35:59.2,6.9,11.2,330,NNW,-2.1896533857713654,-161.27421215322389,389,115,1.0,47.0,239.0,,,,102,271,118,45,3
18/04/2023 11:34,99,2.9,87,17.5,99.27,-629,640,2,84,1.88,129,15,-2.0249567,43.22568,99.3291,0.2848024532633507,34:53.7,6,7200.276,0101000020E61000007A55E37C1C3300C0090E7915E39C4540,20230418_NISSAN_ANDOAIN_AZPEITIA_015,,d1,33:01.3,13:56.6,NISSAN_LEAF,Nissan Leaf e+ 62 kW,62000,174,35:59.2,6.9,11.2,330,NNW,-3.5228371850744,-168.33298797069557,389,115,1.0,47.0,239.0,,,,102,271,118,45,3
18/04/2023 11:35,99,11.8,87,18.0,99.27,-629,1920,2,84,-0.27,854,15,-2.0252957,43.22561,99.40753,0.31335111668904897,35:02.8,6,7200.236,0101000020E61000009639C040CE3300C0759848CCE09C4540,20230418_NISSAN_ANDOAIN_AZPEITIA_015,,d1,33:01.3,13:56.6,NISSAN_LEAF,Nissan Leaf e+ 62 kW,62000,174,35:59.2,6.9,11.2,330,NNW,-5.831357803158351,178.62367149372758,389,115,1.0,47.0,239.0,,,,102,271,118,45,3
18/04/2023 11:35,99,17.3,87,18.0,99.27,-629,5760,2,83,3.34,1291,15,-2.0258784,43.225624,99.867615,0.3605914507750604,35:11.8,6,7200.198,0101000020E610000030FEAEB6FF3400C04BBADA48E19C4540,20230418_NISSAN_ANDOAIN_AZPEITIA_015,,d1,33:01.3,13:56.6,NISSAN_LEAF,Nissan Leaf e+ 62 kW,62000,174,35:59.2,6.9,11.2,330,NNW,-4.198495321756376,-172.01600966253503,389,115,1.0,47.0,239.0,,,,102,271,118,8,3
18/04/2023 11:35,99,28.6,87,18.0,99.27,-629,0,2,83,-0.86,1968,15,-2.0266912,43.22551,99.470764,0.42765752734172074,35:20.8,6,7200.178000000001,0101000020E6100000F14F46E8A93600C0DC700E8DDD9C4540,20230418_NISSAN_ANDOAIN_AZPEITIA_015,,d1,33:01.3,13:56.6,NISSAN_LEAF,Nissan Leaf e+ 62 kW,62000,174,35:59.2,6.9,11.2,330,NNW,10.235526658076225,-83.95194004093644,389,115,1.0,47.0,239.0,,,,102,271,118,8,3
18/04/2023 11:35,99,25.4,87,18.0,99.27,-637,0,2,83,-2.94,1860,15,-2.0266378,43.225006,94.79266,0.48406087704120715,35:29.9,6,7200.116999999999,0101000020E61000009A52EAD48D3600C00863D906CD9C4540,20230418_NISSAN_ANDOAIN_AZPEITIA_015,,d1,33:01.3,13:56.6,NISSAN_LEAF,Nissan Leaf e+ 62 kW,62000,174,35:59.2,6.9,11.2,330,NNW,10.39772632512758,-38.18189354657878,389,115,1.0,47.0,239.0,,,,102,271,118,45,3
18/04/2023 11:35,98,38.7,87,18.0,99.27,-643,3600,2,83,2.72,2399,15,-2.026002,43.224506,92.54736,0.5598894177201892,35:38.9,6,7200.090999999999,0101000020E610000015AB487D403500C0C918C4ACBC9C4540,20230418_NISSAN_ANDOAIN_AZPEITIA_015,,d1,33:01.3,13:56.6,NISSAN_LEAF,Nissan Leaf e+ 62 kW,62000,174,35:59.2,6.9,11.2,330,NNW,10.367739832953088,-82.22720784325375,389,115,1.0,47.0,239.0,,,,102,271,118,8,3
18/04/2023 11:35,97,75.1,87,18.0,99.27,-643,26640,2,83,6.73,4302,15,-2.0258281000000005,43.223232,92.5094,0.7022507836189503,35:47.9,6,7200.056,0101000020E61000001AC0DF58E53400C04A53B1EF929C4540,20230418_NISSAN_ANDOAIN_AZPEITIA_015,,d1,33:01.3,13:56.6,NISSAN_LEAF,Nissan Leaf e+ 62 kW,62000,174,35:59.2,6.9,11.2,330,NNW,10.80991337993201,-75.16623504734923,389,115,1.0,47.0,239.0,,,,102,271,118,80,3
18/04/2023 11:35,99,76.3,87,18.0,99.27,-643,11480,2,83,2.48,5135,15,-2.0254846,43.221935,91.68494,0.8491341082859368,35:55.9,6,7200.053000000001,0101000020E61000008D342349313400C00C52B669689C4540,20230418_NISSAN_ANDOAIN_AZPEITIA_015,,d1,33:01.3,13:56.6,NISSAN_LEAF,Nissan Leaf e+ 62 kW,62000,174,35:59.2,6.9,11.2,330,NNW,10.790054048560464,-75.54982772015546,389,115,1.0,47.0,239.0,,,,102,271,118,8,3
18/04/2023 11:36,99,71.5,87,18.0,99.27,-643,0,2,83,0.0,5139,15,-2.0250607,43.220290000000006,94.313965,1.0352654141649282,36:05.0,6,7199.9980000000005,0101000020E61000002323D2FC523300C0ECDAFF7C329C4540,20230418_NISSAN_ANDOAIN_AZPEITIA_015,,d1,33:01.3,13:56.6,NISSAN_LEAF,Nissan Leaf e+ 62 kW,62000,174,35:59.2,6.9,11.2,330,NNW,10.032307942237704,-86.39613131267136,389,115,1.0,47.0,239.0,,,,102,271,118,80,4
18/04/2023 11:36,100,80.9,87,18.0,99.27,-643,3280,2,83,1.73,5334,15,-2.024953,43.21858,92.34033,1.2256191422554035,36:14.0,6,7199.972,0101000020E6100000DB858B811A3300C0BB09BE69FA9B4540,20230418_NISSAN_ANDOAIN_AZPEITIA_015,,d1,33:01.3,13:56.6,NISSAN_LEAF,Nissan Leaf e+ 62 kW,62000,174,35:59.2,6.9,11.2,330,NNW,9.629702742286147,-90.70643930925824,389,115,1.0,47.0,239.0,,,,102,271,118,45,4
18/04/2023 11:36,99,76.0,87,18.0,99.27,-643,2280,2,83,0.98,5300,15,-2.0249748,43.216812,93.808716,1.422225192834828,36:23.2,6,7199.806,0101000020E6100000B1C79F03263300C00303CE73C09B4540,20230418_NISSAN_ANDOAIN_AZPEITIA_015,,d1,33:01.3,13:56.6,NISSAN_LEAF,Nissan Leaf e+ 62 kW,62000,174,35:59.2,6.9,11.2,330,NNW,10.728980117547536,-76.67562597367282,389,115,1.0,47.0,239.0,,,,102,271,118,8,4
18/04/2023 11:36,97,77.4,87,18.0,99.27,-644,1880,2,83,1.8,5126,15,-2.0245447,43.214996,90.99292,1.6271603898823446,36:32.2,6,7199.82,0101000020E61000007E4B4A8B443200C02D7A86F4849B4540,20230418_NISSAN_ANDOAIN_AZPEITIA_015,,d1,33:01.3,13:56.6,NISSAN_LEAF,Nissan Leaf e+ 62 kW,62000,174,35:59.2,6.9,11.2,330,NNW,0.8783562177521801,-145.50197898800815,389,115,1.0,47.0,239.0,,,,102,271,118,30,4
18/04/2023 11:36,96,78.5,87,18.0,99.27,-644,10760,2,83,-0.3,5283,15,-2.0261657,43.213882,93.1322,1.8077288045034239,36:41.2,6,7199.801,0101000020E6100000429E765B963500C0B792047E609B4540,20230418_NISSAN_ANDOAIN_AZPEITIA_015,,d1,33:01.3,13:56.6,NISSAN_LEAF,Nissan Leaf e+ 62 kW,62000,174,35:59.2,6.9,11.2,330,NNW,-2.84916702845915,-164.7374376627458,389,115,1.0,47.0,239.0,,,,102,271,118,8,4
18/04/2023 11:36,96,75.9,87,18.0,99.27,-644,0,2,83,-0.64,5342,15,-2.0284452,43.21326,93.256836,2.0049815398726,36:50.2,6,7199.818,0101000020E610000050D31D7A413A00C0689877284C9B4540,20230418_NISSAN_ANDOAIN_AZPEITIA_015,,d1,33:01.3,13:56.6,NISSAN_LEAF,Nissan Leaf e+ 62 kW,62000,174,35:59.2,6.9,11.2,330,NNW,-2.0500197289012907,-160.5467344183639,389,115,1.0,47.0,239.0,,,,102,271,118,8,4
18/04/2023 11:36,97,75.5,87,18.0,99.27,-647,7040,2,83,2.36,5024,15,-2.0304837,43.21254,94.58356,2.1885647398180073,36:59.4,6,7199.644,0101000020E61000006276604A6E3E00C09E7C9B7A349B4540,20230418_NISSAN_ANDOAIN_AZPEITIA_015,,d1,33:01.3,13:56.6,NISSAN_LEAF,Nissan Leaf e+ 62 kW,62000,174,35:59.2,6.9,11.2,330,NNW,-0.9934729880570672,-155.08899288387258,389,115,1.0,47.0,239.0,,,,102,271,118,10,4
18/04/2023 11:37,99,85.6,86,18.0,99.27,-647,14760,2,83,3.27,5652,15,-2.0326154,43.21155,95.337036,2.393414936029994,37:08.3,6,7199.735,0101000020E61000008C21ADEFCB4200C0A2075F14149B4540,20230418_NISSAN_ANDOAIN_AZPEITIA_015,,d1,33:01.3,13:56.6,NISSAN_LEAF,Nissan Leaf e+ 62 kW,62000,174,35:59.2,6.9,11.2,330,NNW,2.624670529798291,-136.44694971713918,389,115,1.0,47.0,239.0,,,,102,271,118,80,5
18/04/2023 11:37,101,91.0,86,18.0,99.27,-647,13200,2,83,0.22,6155,15,-2.0340827,43.210155,99.137695,2.588905103176378,37:16.3,6,7199.721,0101000020E61000000EEA6C12CD4500C02BFE6B50E69A4540,20230418_NISSAN_ANDOAIN_AZPEITIA_015,,d1,33:01.3,13:56.6,NISSAN_LEAF,Nissan Leaf e+ 62 kW,62000,174,35:59.2,6.9,11.2,330,NNW,4.245336771778592,-127.72527852833473,389,115,1.0,47.0,239.0,,,,102,271,118,30,5
18/04/2023 11:37,101,83.4,86,18.0,99.27,-647,1880,2,83,0.98,5653,15,-2.0353746,43.208485,98.38031,2.802085733361862,37:25.3,6,7199.68,0101000020E6100000BFE2BA73724800C0E8E5C998AF9A4540,20230418_NISSAN_ANDOAIN_AZPEITIA_015,,d1,33:01.3,13:56.6,NISSAN_LEAF,Nissan Leaf e+ 62 kW,62000,174,35:59.2,6.9,11.2,330,NNW,5.112470810542374,-122.84040427156091,389,115,1.0,47.0,239.0,,,,102,271,118,80,5
18/04/2023 11:37,100,88.7,86,18.0,99.27,-647,0,2,83,-0.77,6185,15,-2.0364041,43.20689,96.60919,2.9980964587910113,37:33.3,6,7199.65,0101000020E610000052BEDA308E4A00C0381DD85C7B9A4540,20230418_NISSAN_ANDOAIN_AZPEITIA_015,,d1,33:01.3,13:56.6,NISSAN_LEAF,Nissan Leaf e+ 62 kW,62000,174,35:59.2,6.9,11.2,330,NNW,9.577110613950396,-91.22930850429692,389,115,1.0,47.0,239.0,,,,102,271,118,80,5
18/04/2023 11:37,101,82.1,86,18.0,99.27,-647,12120,2,83,0.75,5765,15,-2.0364447,43.204998,98.838745,3.2085148054333414,37:42.4,6,7199.62,0101000020E6100000657F2C86A34A00C0ED2002503D9A4540,20230418_NISSAN_ANDOAIN_AZPEITIA_015,,d1,33:01.3,13:56.6,NISSAN_LEAF,Nissan Leaf e+ 62 kW,62000,174,35:59.2,6.9,11.2,330,NNW,8.52720355996637,-100.4159847921564,389,115,1.0,47.0,239.0,,,,102,271,118,100,5
18/04/2023 11:37,100,90.2,86,18.0,99.27,-647,11480,2,83,4.12,5777,15,-2.036789,43.203125,97.117676,3.41865124427636,37:51.4,6,7199.592,0101000020E6100000F16A5609584B00C09BC4C5F6FF994540,20230418_NISSAN_ANDOAIN_AZPEITIA_015,,d1,33:01.3,13:56.6,NISSAN_LEAF,Nissan Leaf e+ 62 kW,62000,174,35:59.2,6.9,11.2,330,NNW,3.755654915232245,-130.40761677634254,389,115,1.0,47.0,239.0,,,,102,271,118,40,6
18/04/2023 11:38,101,99.3,86,18.0,99.27,-647,22120,2,83,0.47,6689,15,-2.0382013,43.201466,98.07849,3.6357575165981806,37:59.5,6,7200.529,0101000020E6100000707CCC8B3C4E00C0BDAE1D94C9994540,20230418_NISSAN_ANDOAIN_AZPEITIA_015,,d1,33:01.3,13:56.6,NISSAN_LEAF,Nissan Leaf e+ 62 kW,62000,174,35:59.2,6.9,11.2,330,NNW,4.413250860538966,-126.79386931491644,389,115,1.0,47.0,239.0,,,,102,271,118,45,6
18/04/2023 11:38,103,93.4,86,18.500002,99.27,-647,0,2,84,-0.61,6557,15,-2.0397540000000003,43.19939,99.04993,3.8986803393136165,38:09.5,6,7199.507,0101000020E61000006A4DD2806A5100C0035F8F9185994540,20230418_NISSAN_ANDOAIN_AZPEITIA_015,,d1,33:01.3,13:56.6,NISSAN_LEAF,Nissan Leaf e+ 62 kW,62000,174,35:59.2,6.9,11.2,330,NNW,4.175365052813236,-128.11156762833505,389,115,1.0,47.0,239.0,,,,102,271,118,25,6
18/04/2023 11:38,104,98.6,86,18.500002,99.27,-647,10160,2,84,2.61,6466,15,-2.0409024,43.197926,98.4162,4.086207059551207,38:16.6,6,7200.429,0101000020E610000042A6C695C45300C09326D69055994540,20230418_NISSAN_ANDOAIN_AZPEITIA_015,,d1,33:01.3,13:56.6,NISSAN_LEAF,Nissan Leaf e+ 62 kW,62000,174,35:59.2,6.9,11.2,330,NNW,0.2462064076987263,-148.74038174630533,297,102,,,,1.0,4.0,271.0,21,271,26,45,5
18/04/2023 11:38,105,105.4,86,18.500002,99.27,-647,20280,2,84,5.66,6577,15,-2.0431197,43.19658,99.83319,4.320104617590649,38:25.5,6,7200.47,0101000020E61000000D85741D4F5800C0FDBC2D8129994540,20230418_NISSAN_ANDOAIN_AZPEITIA_015,,d1,33:01.3,13:56.6,NISSAN_LEAF,Nissan Leaf e+ 62 kW,62000,174,35:59.2,6.9,11.2,330,NNW,-4.322384129865387,-172.70131121048746,297,102,,,,1.0,4.0,271.0,21,271,26,25,5
18/04/2023 11:38,110,102.7,86,18.500002,99.27,-647,28680,2,84,2.94,7033,15,-2.0464926,43.196148,114.231995,4.598080959824102,38:35.7,6,7200.29,0101000020E6100000BA76167B375F00C07BFC5A6E1B994540,20230418_NISSAN_ANDOAIN_AZPEITIA_015,,d1,33:01.3,13:56.6,NISSAN_LEAF,Nissan Leaf e+ 62 kW,62000,174,40:58.9,6.9,11.2,330,NNW,-3.226088224137438,-166.74086488937343,297,102,,,,1.0,4.0,271.0,21,271,26,25,5
18/04/2023 11:38,117,93.7,86,18.500002,99.27,-647,0,2,85,1.22,6549,15,-2.0493402,43.195477,124.898926,4.8409095650288,38:44.6,6,7200.36,0101000020E61000006B6D33780C6500C01B860B5005994540,20230418_NISSAN_ANDOAIN_AZPEITIA_015,,d1,33:01.3,13:56.6,NISSAN_LEAF,Nissan Leaf e+ 62 kW,62000,174,40:58.9,6.9,11.2,330,NNW,2.4997211107131108,-137.1035697075279,297,102,,,,1.0,4.0,271.0,21,271,26,100,5
18/04/2023 11:38,123,85.1,86,18.500002,99.27,-656,0,2,85,3.95,5711,15,-2.051045,43.193893,126.89569,5.0647972971006805,38:53.6,6,7200.351,0101000020E6100000F50137418A6800C0A128B78AD1984540,20230418_NISSAN_ANDOAIN_AZPEITIA_015,,d1,33:01.3,13:56.6,NISSAN_LEAF,Nissan Leaf e+ 62 kW,62000,174,40:58.9,6.9,11.2,330,NNW,8.986821266978787,-96.6406029332623,297,102,,,,1.0,4.0,271.0,21,271,26,45,5
18/04/2023 11:39,123,104.2,86,18.500002,99.27,-656,16640,2,86,0.0,6848,15,-2.051291,43.19178,115.700806,5.300862595100302,39:02.9,6,7200.06,0101000020E61000005A3E1E3C0B6900C000D1E5308C984540,20230418_NISSAN_ANDOAIN_AZPEITIA_015,,d1,33:01.3,13:56.6,NISSAN_LEAF,Nissan Leaf e+ 62 kW,62000,174,40:58.9,6.9,11.2,330,NNW,9.83230200036749,-88.61183153835952,297,102,,,,1.0,4.0,271.0,21,271,26,45,4
18/04/2023 11:39,123,102.7,86,18.500002,99.27,-656,0,2,86,0.0,7228,15,-2.0512373,43.189564,115.13306,5.547309661292885,39:11.7,6,7200.28,0101000020E6100000260F1326EF6800C0905DB3A643984540,20230418_NISSAN_ANDOAIN_AZPEITIA_015,,d1,33:01.3,13:56.6,NISSAN_LEAF,Nissan Leaf e+ 62 kW,62000,174,40:58.9,6.9,11.2,330,NNW,8.465874622445822,-100.8975327464152,297,102,,,,1.0,4.0,271.0,21,271,26,25,4
18/04/2023 11:39,123,100.1,85,18.500002,99.27,-664,8840,2,86,2.05,6695,15,-2.0516803,43.187263,114.03961,5.8056799469166585,39:20.8,6,7200.249,0101000020E610000009326554D76900C02E73FC48F8974540,20230418_NISSAN_ANDOAIN_AZPEITIA_015,,d1,33:01.3,13:56.6,NISSAN_LEAF,Nissan Leaf e+ 62 kW,62000,174,40:58.9,6.9,11.2,330,NNW,9.471715164695516,-92.25418383731188,297,102,,,,1.0,4.0,271.0,21,271,26,25,4
18/04/2023 11:39,123,87.4,85,18.500002,99.27,-671,5720,2,86,1.55,5825,15,-2.0517619,43.185190000000006,118.19055,6.036319306779636,39:29.8,6,7200.189,0101000020E61000003A6E9D24026A00C0DFCE3249B4974540,20230418_NISSAN_ANDOAIN_AZPEITIA_015,,d1,33:01.3,13:56.6,NISSAN_LEAF,Nissan Leaf e+ 62 kW,62000,174,40:58.9,6.9,11.2,330,NNW,9.925227394970811,-87.60279008871609,297,102,,,,1.0,4.0,271.0,21,271,26,100,4
18/04/2023 11:39,124,80.7,85,18.999998,99.27,-671,2160,2,86,1.39,5885,15,-2.0516698,43.18299,122.45111,6.281099171984723,39:39.9,6,7200.149,0101000020E610000065B58EE4D16900C0E05861446C974540,20230418_NISSAN_ANDOAIN_AZPEITIA_015,,d1,33:01.3,13:56.6,NISSAN_LEAF,Nissan Leaf e+ 62 kW,62000,174,40:58.9,6.9,11.2,330,NNW,5.7405778551255935,-119.166059890519,297,102,,,,1.0,4.0,271.0,21,271,26,100,3
18/04/2023 11:39,123,94.8,85,18.999998,99.27,-671,8560,2,86,0.72,6199,15,-2.0525823,43.181355,118.223755,6.477426670124529,39:47.9,6,7200.11,0101000020E6100000B8307F43B06B00C0CC1DE49236974540,20230418_NISSAN_ANDOAIN_AZPEITIA_015,,d1,33:01.3,13:56.6,NISSAN_LEAF,Nissan Leaf e+ 62 kW,62000,174,40:58.9,6.9,11.2,330,NNW,3.4028258801615463,-132.3125887585013,297,102,,,,1.0,4.0,271.0,21,271,26,25,3
18/04/2023 11:39,122,99.9,85,18.999998,99.27,-671,3920,2,86,0.19,6725,15,-2.0542564,43.179516,112.26404,6.722939498831705,39:56.9,6,7200.076,0101000020E610000044980DF81D6F00C0FD489551FA964540,20230418_NISSAN_ANDOAIN_AZPEITIA_015,,d1,33:01.3,13:56.6,NISSAN_LEAF,Nissan Leaf e+ 62 kW,62000,174,40:58.9,6.9,11.2,330,NNW,4.708910609511189,-125.13772840973284,297,102,,,,1.0,4.0,271.0,21,271,26,8,3
18/04/2023 11:40,120,90.5,85,18.999998,99.27,-678,0,2,86,-1.45,6382,15,-2.055443,43.17783,109.76343,6.933677786238427,40:05.0,6,7200.049,0101000020E610000035EFD51A8C7100C0432EA31EC3964540,20230418_NISSAN_ANDOAIN_AZPEITIA_015,,d1,33:01.3,13:56.6,NISSAN_LEAF,Nissan Leaf e+ 62 kW,62000,174,40:58.9,6.9,11.2,330,NNW,3.795541257647261,-130.19088410737064,297,102,,,,1.0,4.0,271.0,21,271,26,45,3
18/04/2023 11:40,118,95.5,85,18.999998,99.27,-682,15520,2,86,2.59,6358,15,-2.0569518,43.176044,109.75195,7.166933359703601,18/04/2023 11:40,6,7200.0,0101000020E6100000F4037016A37400C0C0A4639488964540,20230418_NISSAN_ANDOAIN_AZPEITIA_015,,d1,33:01.3,13:56.6,NISSAN_LEAF,Nissan Leaf e+ 62 kW,62000,174,40:58.9,6.9,11.2,330,NNW,1.5290070302490846,-142.1535643184917,297,102,,,,1.0,4.0,271.0,21,271,26,8,3
18/04/2023 11:40,115,107.9,85,18.999998,99.27,-682,17240,2,86,1.3,7205,15,-2.0591063000000003,43.17437,108.35651,7.422224560052119,40:23.0,6,7199.99,0101000020E61000007CDC6DCD0C7900C0A7B393C151964540,20230418_NISSAN_ANDOAIN_AZPEITIA_015,,d1,33:01.3,13:56.6,NISSAN_LEAF,Nissan Leaf e+ 62 kW,62000,174,40:58.9,6.9,11.2,330,NNW,1.7007796403716036,-141.2655393066202,297,102,,,,1.0,4.0,271.0,21,271,26,8,2
18/04/2023 11:40,113,103.1,85,18.999998,99.27,-682,0,2,86,2.39,7032,15,-2.0612755000000003,43.17263,109.002686,7.683715884262685,40:32.1,6,7199.917,0101000020E610000060C50C017E7D00C04D7900CD18964540,20230418_NISSAN_ANDOAIN_AZPEITIA_015,,d1,33:01.3,13:56.6,NISSAN_LEAF,Nissan Leaf e+ 62 kW,62000,174,40:58.9,6.9,11.2,330,NNW,1.6459703493400113,-141.54911013057054,297,102,,,,1.0,4.0,271.0,21,271,26,25,2
18/04/2023 11:40,113,116.2,85,18.999998,99.27,-682,22640,2,87,1.56,7819,15,-2.0633283,43.17100000000001,110.20758,7.929815639334063,40:40.1,6,7199.919,0101000020E61000003AE3E245B28100C00F869565E3954540,20230418_NISSAN_ANDOAIN_AZPEITIA_015,,d1,33:01.3,13:56.6,NISSAN_LEAF,Nissan Leaf e+ 62 kW,62000,174,40:58.9,6.9,11.2,330,NNW,1.7537341585724575,-140.99135977598996,297,102,,,,1.0,4.0,271.0,21,271,26,25,2
18/04/2023 11:40,118,93.4,85,18.999998,99.27,-697,3920,2,87,0.33,6741,15,-2.0657282,43.169056,117.0694,8.220766945595836,40:49.1,6,7199.87,0101000020E6100000CE94108B9C8600C0FAEA7095A3954540,20230418_NISSAN_ANDOAIN_AZPEITIA_015,,d1,33:01.3,13:56.6,NISSAN_LEAF,Nissan Leaf e+ 62 kW,62000,174,40:58.9,6.9,11.2,330,NNW,7.869581586953167,-105.36070511944958,297,102,,,,1.0,4.0,271.0,21,271,26,45,2
18/04/2023 11:40,122,91.8,85,18.999998,99.27,-697,15600,2,87,2.75,6427,15,-2.066293,43.167,129.0263,8.454233693114196,40:58.2,6,7199.838000000001,0101000020E6100000E39D8DA6C48700C0F287D13960954540,20230418_NISSAN_ANDOAIN_AZPEITIA_015,,d1,33:01.3,13:56.6,NISSAN_LEAF,Nissan Leaf e+ 62 kW,62000,174,40:58.9,6.9,11.2,330,NNW,10.507491710708528,-80.25371323417934,297,102,,,,1.0,4.0,271.0,21,271,26,25,1
18/04/2023 11:41,125,87.1,85,18.999998,99.27,-697,0,2,88,1.33,6010,15,-2.066001,43.1653,135.79724,8.644863022542001,41:06.2,6,7199.82,0101000020E6100000DE77CA722B8700C0DFF21E8828954540,20230418_NISSAN_ANDOAIN_AZPEITIA_015,,d1,33:01.3,13:56.6,NISSAN_LEAF,Nissan Leaf e+ 62 kW,62000,174,40:58.9,6.9,11.2,330,NNW,6.069703546166863,-117.18434790005668,297,102,,,,1.0,4.0,271.0,21,271,26,25,1
18/04/2023 11:41,129,82.3,85,18.999998,99.27,-708,0,2,88,0.89,5464,15,-2.0669537,43.163445,129.71967,8.865211131859855,41:15.2,6,7199.789000000001,0101000020E610000091FDC1FA1E8900C0705B00BFEB944540,20230418_NISSAN_ANDOAIN_AZPEITIA_015,,d1,33:01.3,13:56.6,NISSAN_LEAF,Nissan Leaf e+ 62 kW,62000,174,40:58.9,6.9,11.2,330,NNW,10.31275901517232,-82.95931788011045,297,102,,,,1.0,4.0,271.0,21,271,26,25,1
18/04/2023 11:41,129,100.6,85,18.500002,99.27,-708,28280,2,88,0.73,6278,15,-2.066712,43.161488,119.50518999999998,9.0839394712175,41:24.2,6,7199.755,0101000020E61000009C68BA4BA08800C0D2069AAEAB944540,20230418_NISSAN_ANDOAIN_AZPEITIA_015,,d1,33:01.3,13:56.6,NISSAN_LEAF,Nissan Leaf e+ 62 kW,62000,174,40:58.9,6.9,11.2,330,NNW,11.076246006949123,-68.5252855677839,297,102,,,,1.0,4.0,271.0,21,271,26,45,1
18/04/2023 11:41,126,101.3,85,18.500002,99.27,-708,2440,2,88,0.38,6958,15,-2.0658953,43.159412,116.078125,9.324121167254194,41:33.4,6,7199.619000000001,0101000020E61000009BA7DF2AF48600C0CBBD9F9E67944540,20230418_NISSAN_ANDOAIN_AZPEITIA_015,,d1,33:01.3,13:56.6,NISSAN_LEAF,Nissan Leaf e+ 62 kW,62000,174,40:58.9,6.9,11.2,330,NNW,8.093806328294535,-103.72536004370076,297,102,,,,1.0,4.0,271.0,21,271,26,45,1
18/04/2023 11:41,126,101.1,85,18.500002,99.27,-715,27960,2,88,0.42,6838,15,-2.0664468,43.157154,119.01227,9.579170101848518,41:42.3,6,7199.685,0101000020E6100000C06A1B35158800C08035FF961D944540,20230418_NISSAN_ANDOAIN_AZPEITIA_015,,d1,33:01.3,13:56.6,NISSAN_LEAF,Nissan Leaf e+ 62 kW,62000,174,40:58.9,6.9,11.2,330,NNW,5.015981748613271,-123.39382106670386,297,102,,,,1.0,4.0,271.0,21,271,26,25,1
18/04/2023 11:41,128,114.3,84,18.500002,99.27,-715,30440,2,88,3.73,7466,15,-2.0677547,43.15517,120.38306,9.823968710384644,41:50.3,6,7199.669,0101000020E6100000192D5107C38A00C024F942AFDC934540,20230418_NISSAN_ANDOAIN_AZPEITIA_015,,d1,33:01.3,13:56.6,NISSAN_LEAF,Nissan Leaf e+ 62 kW,62000,174,40:58.9,6.9,11.2,330,NNW,4.784135013438306,-124.71286126589428,297,102,,,,1.0,4.0,271.0,21,271,26,25,1
18/04/2023 11:41,129,105.9,84,18.500002,99.27,-719,16360,2,89,0.78,7175,15,-2.069258,43.153,121.684204,10.094329066930944,41:59.4,6,7199.618,0101000020E6100000F1151726D78D00C09CA45C8E95934540,20230418_NISSAN_ANDOAIN_AZPEITIA_015,,d1,33:01.3,13:56.6,NISSAN_LEAF,Nissan Leaf e+ 62 kW,62000,174,40:58.9,6.9,11.2,330,NNW,6.734777962302572,-113.03554436371316,297,102,,,,1.0,4.0,271.0,21,271,26,8,1
18/04/2023 11:42,129,102.3,84,18.500002,99.27,-719,12160,2,89,2.95,7007,15,-2.070233,43.150707,125.05597,10.361306286804796,42:08.4,6,7199.59,0101000020E61000008697B755D68F00C08776885E4A934540,20230418_NISSAN_ANDOAIN_AZPEITIA_015,,d1,33:01.3,13:56.6,NISSAN_LEAF,Nissan Leaf e+ 62 kW,62000,174,40:58.9,6.9,11.2,330,NNW,6.93148341127707,-111.76542928500524,297,102,,,,1.0,4.0,271.0,21,271,26,8,1
18/04/2023 11:42,131,102.8,84,18.500002,99.27,-719,7160,2,89,-1.22,7011,15,-2.0711102,43.14851,125.5011,10.61575561654977,42:17.5,6,7199.545,0101000020E6100000BFE4D23AA29100C00BEE495802934540,20230418_NISSAN_ANDOAIN_AZPEITIA_015,,d1,33:01.3,13:56.6,NISSAN_LEAF,Nissan Leaf e+ 62 kW,62000,174,40:58.9,6.9,11.2,330,NNW,10.641461889421343,-78.1709064649964,297,102,,,,1.0,4.0,271.0,21,271,26,45,2
18/04/2023 11:42,129,99.3,84,18.500002,99.27,-719,13760,2,89,2.81,6730,15,-2.0706532,43.146328,127.04198999999998,10.861204121900824,42:26.5,6,7199.528,0101000020E6100000870EAAA2B29000C0BE7727E1BA924540,20230418_NISSAN_ANDOAIN_AZPEITIA_015,,d1,33:01.3,13:56.6,NISSAN_LEAF,Nissan Leaf e+ 62 kW,62000,174,40:58.9,6.9,11.2,330,NNW,11.179584543644609,-63.459984528084256,297,102,,,,1.0,4.0,271.0,21,271,26,8,2
18/04/2023 11:42,131,85.9,84,18.500002,99.27,-719,6600,2,89,3.58,5980,15,-2.0699215,43.144863,132.41132,11.034666960580246,42:33.5,6,7200.507,0101000020E6100000F8489407338F00C0E33F17EC8A924540,20230418_NISSAN_ANDOAIN_AZPEITIA_015,,d1,33:01.3,13:56.6,NISSAN_LEAF,Nissan Leaf e+ 62 kW,62000,174,40:58.9,6.9,11.2,330,NNW,10.034771986790998,-86.36776354814857,297,102,,,,1.0,4.0,271.0,21,271,26,100,2
18/04/2023 11:42,139,91.5,84,18.500002,99.27,-719,20720,2,89,3.44,6223,15,-2.0697927,43.142834,144.27283,11.26083459669738,42:42.5,6,7200.475,0101000020E61000006E5FB485EF8E00C028A97E6B48924540,20230418_NISSAN_ANDOAIN_AZPEITIA_015,,d1,33:01.3,13:56.6,NISSAN_LEAF,Nissan Leaf e+ 62 kW,62000,174,40:58.9,6.9,11.2,330,NNW,9.663906989637818,-90.3620289536176,297,102,,,,1.0,4.0,271.0,21,271,26,25,2
18/04/2023 11:42,145,89.6,84,18.500002,99.27,-719,16280,2,90,2.36,6200,15,-2.0698042,43.141014,153.99243,11.46344478232111,42:50.5,6,7200.4580000000005,0101000020E6100000946A5D72F58E00C02908DCC20C924540,20230418_NISSAN_ANDOAIN_AZPEITIA_015,,d1,33:01.3,13:56.6,NISSAN_LEAF,Nissan Leaf e+ 62 kW,62000,174,40:58.9,6.9,11.2,330,NNW,10.708769252865242,-77.03223547473767,297,102,,,,1.0,4.0,271.0,21,271,26,25,2
18/04/2023 11:43,147,105.1,84,18.500002,99.27,-719,16240,2,90,2.92,6747,15,-2.0693197,43.13891,151.38165,11.700692978642802,42:59.6,6,7200.419,0101000020E61000002E5F8F70F78D00C0A0B998B0C7914540,20230418_NISSAN_ANDOAIN_AZPEITIA_015,,d1,33:01.3,13:56.6,NISSAN_LEAF,Nissan Leaf e+ 62 kW,62000,174,40:58.9,6.9,11.2,330,NNW,8.540562603072244,-100.31046050451036,297,102,,,,1.0,4.0,271.0,21,271,26,100,3
18/04/2023 11:43,156,89.1,84,18.500002,99.27,-721,18600,2,90,3.67,6165,15,-2.0696628,43.137024,156.58667,11.912310360913555,43:07.6,6,7201.378000000001,0101000020E61000001FF87365AB8E00C04E2B01088A914540,20230418_NISSAN_ANDOAIN_AZPEITIA_015,,d1,33:01.3,13:56.6,NISSAN_LEAF,Nissan Leaf e+ 62 kW,62000,174,40:58.9,6.9,11.2,330,NNW,5.592932212403932,-120.04174132016446,297,102,,,,1.0,4.0,271.0,21,271,26,25,3
18/04/2023 11:43,163,90.6,84,18.500002,99.27,-721,16920,2,90,0.98,6118,15,-2.0707726,43.135105,166.66266000000002,12.144136181471328,43:16.7,6,7200.348000000001,0101000020E6100000DEA2DD32F19000C074360D1F4B914540,20230418_NISSAN_ANDOAIN_AZPEITIA_015,,d1,33:01.3,13:56.6,NISSAN_LEAF,Nissan Leaf e+ 62 kW,62000,174,40:58.9,6.9,11.2,330,NNW,7.574336552431531,-107.44636755984432,297,102,,,,1.0,4.0,271.0,21,271,26,100,3
18/04/2023 11:43,163,88.7,84,18.500002,99.27,-730,0,2,90,-1.58,6204,15,-2.071343,43.13329,163.25952,12.351222434574117,43:24.7,6,7201.319,0101000020E6100000393843371C9200C0E0854AAF0F914540,20230418_NISSAN_ANDOAIN_AZPEITIA_015,,d1,33:01.3,13:56.6,NISSAN_LEAF,Nissan Leaf e+ 62 kW,62000,174,40:58.9,6.9,11.2,330,NNW,6.383389770230969,-115.2535735495508,297,102,,,,1.0,4.0,271.0,21,271,26,40,3
18/04/2023 11:43,162,92.1,84,18.500002,99.27,-745,6840,2,90,-1.52,6111,15,-2.07236,43.131134,155.77075,12.604876298999402,43:34.7,6,7200.321,0101000020E6100000ED44EE8E319400C0C9EDF208C9904540,20230418_NISSAN_ANDOAIN_AZPEITIA_015,,d1,33:01.3,13:56.6,NISSAN_LEAF,Nissan Leaf e+ 62 kW,62000,174,45:59.1,6.9,11.2,330,NNW,2.326486771146905,-138.01110912171066,297,102,,,,1.0,4.0,271.0,21,271,26,25,4
18/04/2023 11:43,163,75.7,84,18.500002,99.27,-773,0,2,90,-1.47,5303,15,-2.0738688,43.129776,151.92168999999998,12.79931896789728,43:43.7,6,7200.309,0101000020E6100000CF27D987489700C0E07914749C904540,20230418_NISSAN_ANDOAIN_AZPEITIA_015,,d1,33:01.3,13:56.6,NISSAN_LEAF,Nissan Leaf e+ 62 kW,62000,174,45:59.1,6.9,11.2,330,NNW,-4.024845518603961,-171.06097074875035,297,102,,,,1.0,4.0,271.0,21,271,26,100,4
18/04/2023 11:43,160,84.5,84,18.500002,99.27,-774,7920,2,90,2.06,5645,15,-2.0759795,43.129444,150.04272,12.974547720314083,43:51.7,6,7200.284000000001,0101000020E610000045BFCF1B9B9B00C0A44DBCA091904540,20230418_NISSAN_ANDOAIN_AZPEITIA_015,,d1,33:01.3,13:56.6,NISSAN_LEAF,Nissan Leaf e+ 62 kW,62000,174,45:59.1,6.9,11.2,330,NNW,-3.48833121282348,-168.14712700610298,297,102,,,,1.0,4.0,271.0,21,271,26,45,4
18/04/2023 11:44,155,90.8,84,18.500002,99.27,-774,0,2,90,-1.58,6185,15,-2.078562,43.128902,143.44348,13.192715209786083,44:00.8,6,7200.19,0101000020E6100000B4AA251DE5A000C0FA379AE97F904540,20230418_NISSAN_ANDOAIN_AZPEITIA_015,,d1,33:01.3,13:56.6,NISSAN_LEAF,Nissan Leaf e+ 62 kW,62000,174,45:59.1,6.9,11.2,330,NNW,-2.764467146841572,-164.28985455291013,297,102,,,,1.0,4.0,271.0,21,271,26,45,4
18/04/2023 11:44,152,91.0,84,18.500002,99.27,-790,3640,2,90,-1.0,6156,15,-2.0810933,43.12819,135.03552,13.413025454904483,44:09.8,6,7200.161,0101000020E61000008AC9D94314A600C0FAC0447268904540,20230418_NISSAN_ANDOAIN_AZPEITIA_015,,d1,33:01.3,13:56.6,NISSAN_LEAF,Nissan Leaf e+ 62 kW,62000,174,45:59.1,6.9,11.2,330,NNW,-4.10896355916056,-171.52281865435336,297,102,,,,1.0,4.0,271.0,21,271,26,100,4
18/04/2023 11:44,147,90.9,84,18.500002,99.27,-790,12680,2,90,1.77,6204,15,-2.0839381,43.127766,135.48816000000002,13.64865551788081,44:18.8,6,7200.189,0101000020E6100000424DC2BFE7AB00C0CCD84C955A904540,20230418_NISSAN_ANDOAIN_AZPEITIA_015,,d1,33:01.3,13:56.6,NISSAN_LEAF,Nissan Leaf e+ 62 kW,62000,174,45:59.1,6.9,11.2,330,NNW,0.4457039547938,-147.71931244989742,297,102,,,,1.0,4.0,271.0,21,271,26,25,4
18/04/2023 11:44,145,87.8,84,18.500002,99.27,-790,3800,2,90,1.78,5834,15,-2.0859897000000003,43.12647,137.10718,13.868862098571393,44:27.8,6,7200.16,0101000020E61000006954E0641BB000C0E79D122930904540,20230418_NISSAN_ANDOAIN_AZPEITIA_015,,d1,33:01.3,13:56.6,NISSAN_LEAF,Nissan Leaf e+ 62 kW,62000,174,45:59.1,6.9,11.2,330,NNW,5.584960415081276,-120.08880056709916,297,102,,,,1.0,4.0,271.0,21,271,26,8,4
18/04/2023 11:44,143,70.9,84,18.500002,99.27,-808,0,2,90,-5.33,5656,15,-2.0869863,43.12475,134.07947,14.076538270878375,44:37.0,6,7200.041,0101000020E61000001C0480D725B200C04692E6B0F78F4540,20230418_NISSAN_ANDOAIN_AZPEITIA_015,,d1,33:01.3,13:56.6,NISSAN_LEAF,Nissan Leaf e+ 62 kW,62000,174,45:59.1,6.9,11.2,330,NNW,4.5622505512004246,-125.96191471924476,297,102,,,,1.0,4.0,271.0,21,271,26,45,5
18/04/2023 11:44,142,38.3,84,18.500002,99.27,-863,0,2,90,-5.22,2953,15,-2.0876741,43.123802000000005,135.39398,14.195825824340695,44:45.9,6,7199.104,0101000020E6100000BD0696868EB300C07F3562C1D88F4540,20230418_NISSAN_ANDOAIN_AZPEITIA_015,,d1,33:01.3,13:56.6,NISSAN_LEAF,Nissan Leaf e+ 62 kW,62000,174,45:59.1,6.9,11.2,330,NNW,-0.7845941051368139,-154.01703395784702,297,102,,,,1.0,4.0,271.0,21,271,26,45,5
18/04/2023 11:44,140,17.2,84,18.500002,99.27,-880,0,2,90,-0.47,1369,15,-2.0882835,43.123505,131.82983000000002,14.25540323393354,44:55.1,6,7199.874,0101000020E6100000672F3608CEB400C043A36407CF8F4540,20230418_NISSAN_ANDOAIN_AZPEITIA_015,,d1,33:01.3,13:56.6,NISSAN_LEAF,Nissan Leaf e+ 62 kW,62000,174,45:59.1,6.9,11.2,330,NNW,-8.040108650490067,75.87864278491737,297,102,,,,1.0,4.0,271.0,21,271,26,45,5
18/04/2023 11:45,136,39.4,84,18.500002,99.27,-880,9520,2,90,-0.69,2747,15,-2.088164,43.12398,133.82098,14.309140772704389,45:03.4,6,7199.618,0101000020E6100000407331618FB400C0051F7BA4DE8F4540,20230418_NISSAN_ANDOAIN_AZPEITIA_015,,d1,33:01.3,13:56.6,NISSAN_LEAF,Nissan Leaf e+ 62 kW,62000,174,45:59.1,6.9,11.2,330,NNW,-7.067585827895597,69.12648360245494,297,102,,,,1.0,4.0,271.0,21,271,26,45,5
18/04/2023 11:45,134,9.6,84,18.500002,99.27,-900,0,2,91,2.7,786,15,-2.0879352,43.12458,134.07599,14.378394107144533,45:12.4,6,7199.634,0101000020E610000030BA1F6417B400C06C757B41F28F4540,20230418_NISSAN_ANDOAIN_AZPEITIA_015,,d1,33:01.3,13:56.6,NISSAN_LEAF,Nissan Leaf e+ 62 kW,62000,174,45:59.1,6.9,11.2,330,NNW,-0.1763795765748658,-150.90234134748357,297,102,,,,1.0,4.0,271.0,21,271,26,55,5
18/04/2023 11:45,132,35.5,84,18.500002,99.27,-900,13200,2,91,2.14,1879,15,-2.0883305,43.12436,135.41943,14.418760847943132,45:21.1,6,7199.944,0101000020E610000025EA059FE6B400C0237C39FDEA8F4540,20230418_NISSAN_ANDOAIN_AZPEITIA_015,,d1,33:01.3,13:56.6,NISSAN_LEAF,Nissan Leaf e+ 62 kW,62000,174,45:59.1,6.9,11.2,330,NNW,2.3634726865457587,-137.81761165679202,297,102,,,,1.0,4.0,271.0,21,271,26,55,5
18/04/2023 11:45,131,37.3,84,18.500002,99.27,-903,0,2,91,-4.44,2866,15,-2.0891438,43.123623,132.53564,14.524027408233618,45:31.1,6,7199.905,0101000020E610000015C482F390B600C0DC581EDED28F4540,20230418_NISSAN_ANDOAIN_AZPEITIA_015,,d1,33:01.3,13:56.6,NISSAN_LEAF,Nissan Leaf e+ 62 kW,62000,174,45:59.1,6.9,11.2,330,NNW,-4.214914374118498,-172.10664028806806,297,102,,,,1.0,4.0,271.0,21,271,26,55,5
18/04/2023 11:45,132,41.3,84,18.500002,99.27,-908,21760,2,91,5.84,2530,15,-2.0902185,43.123474,135.94489,14.61287416842789,45:39.2,6,7199.835,0101000020E610000096227D83C4B800C085B7C504CE8F4540,20230418_NISSAN_ANDOAIN_AZPEITIA_015,,d1,33:01.3,13:56.6,NISSAN_LEAF,Nissan Leaf e+ 62 kW,62000,174,45:59.1,6.9,11.2,330,NNW,-7.156126686382262,170.2871854292265,297,102,,,,1.0,4.0,271.0,21,271,26,25,5
18/04/2023 11:45,132,43.5,83,18.500002,99.27,-914,0,2,92,-0.59,3034,15,-2.0915973,43.12371,137.0094,14.727817003936556,45:48.2,6,7199.8240000000005,0101000020E610000030FBF16E97BB00C0A4A8D0CCD58F4540,20230418_NISSAN_ANDOAIN_AZPEITIA_015,,d1,33:01.3,13:56.6,NISSAN_LEAF,Nissan Leaf e+ 62 kW,62000,174,45:59.1,6.9,11.2,330,NNW,-9.479077519457103,152.183541016116,297,102,,,,1.0,4.0,271.0,21,271,26,55,5
18/04/2023 11:45,135,41.1,83,18.500002,99.27,-914,3800,2,92,4.61,2745,15,-2.0925753,43.124226,139.88617,14.825798793643953,45:56.3,6,7199.726,0101000020E6100000068C681A98BD00C0A2500592E68F4540,20230418_NISSAN_ANDOAIN_AZPEITIA_015,,d1,33:01.3,13:56.6,NISSAN_LEAF,Nissan Leaf e+ 62 kW,62000,174,45:59.1,6.9,11.2,330,NNW,-3.633927608339564,-168.9327305529282,297,102,,,,1.0,4.0,271.0,21,271,26,55,5
18/04/2023 11:46,137,54.2,83,18.0,99.27,-914,13640,2,92,3.61,3340,15,-2.093925,43.123962,143.91125,14.939274958585584,46:05.3,6,7199.654,0101000020E61000004EA10CB85BC000C05308C304DE8F4540,20230418_NISSAN_ANDOAIN_AZPEITIA_015,,d1,33:01.3,13:56.6,NISSAN_LEAF,Nissan Leaf e+ 62 kW,62000,174,45:59.1,6.9,11.2,330,NNW,-3.0736001722269988,-165.92796457046086,297,102,,,,1.0,4.0,271.0,21,271,26,25,5
18/04/2023 11:46,140,43.2,83,18.0,99.27,-914,9000,2,91,2.06,2935,15,-2.0948665,43.123726,145.82532,15.020089169643276,46:13.4,6,7199.611999999999,0101000020E6100000BDAAD46849C200C0A4DE7447D68F4540,20230418_NISSAN_ANDOAIN_AZPEITIA_015,,d1,33:01.3,13:56.6,NISSAN_LEAF,Nissan Leaf e+ 62 kW,62000,174,45:59.1,6.9,11.2,330,NNW,-7.872179354385349,165.34202529280589,297,102,,,,1.0,4.0,271.0,21,271,26,55,5
18/04/2023 11:46,142,40.5,83,18.0,99.27,-914,0,2,91,-1.08,3089,15,-2.0956082,43.12392,144.81799999999998,15.084041096362505,46:23.3,6,7198.726,0101000020E610000085D21742CEC300C0A1A014ADDC8F4540,20230418_NISSAN_ANDOAIN_AZPEITIA_015,,d1,33:01.3,13:56.6,NISSAN_LEAF,Nissan Leaf e+ 62 kW,62000,174,45:59.1,6.9,11.2,330,NNW,-9.398331955148675,152.95092215050985,297,102,,,,1.0,4.0,271.0,21,271,26,55,5
18/04/2023 11:46,146,51.4,83,18.0,99.27,-914,9280,2,91,1.69,3422,15,-2.0957355,43.123985,145.1753,15.09665483834767,46:26.2,6,7204.831999999999,0101000020E610000098874CF910C400C0A62D4BC7DE8F4540,20230418_NISSAN_ANDOAIN_AZPEITIA_015,,d1,33:01.3,13:56.6,NISSAN_LEAF,Nissan Leaf e+ 62 kW,62000,174,45:59.1,6.9,11.2,330,NNW,5.6000000000000005,0.0,297,102,,,,1.0,4.0,271.0,21,271,26,55,5
18/04/2023 11:46,151,51.7,83,18.0,99.27,-914,3200,2,91,0.0,3690,15,-2.0957355,43.123985,145.1753,15.09665483834767,46:26.2,6,7212.831999999999,0101000020E610000098874CF910C400C0A62D4BC7DE8F4540,20230418_NISSAN_ANDOAIN_AZPEITIA_015,,d1,33:01.3,13:56.6,NISSAN_LEAF,Nissan Leaf e+ 62 kW,62000,174,45:59.1,6.9,11.2,330,NNW,5.6000000000000005,0.0,297,102,,,,1.0,4.0,271.0,21,271,26,55,5
18/04/2023 11:46,152,58.6,83,18.0,99.27,-914,2880,2,90,3.45,3913,15,-2.0957355,43.123985,145.1753,15.09665483834767,46:26.2,6,7221.831999999999,0101000020E610000098874CF910C400C0A62D4BC7DE8F4540,20230418_NISSAN_ANDOAIN_AZPEITIA_015,,d1,33:01.3,13:56.6,NISSAN_LEAF,Nissan Leaf e+ 62 kW,62000,174,45:59.1,6.9,11.2,330,NNW,5.6000000000000005,0.0,297,102,,,,1.0,4.0,271.0,21,271,26,55,5
18/04/2023 11:46,155,56.8,83,18.0,99.27,-914,5000,2,90,3.7,3883,15,-2.0957355,43.123985,145.1753,15.09665483834767,46:26.2,6,7230.831999999999,0101000020E610000098874CF910C400C0A62D4BC7DE8F4540,20230418_NISSAN_ANDOAIN_AZPEITIA_015,,d1,33:01.3,13:56.6,NISSAN_LEAF,Nissan Leaf e+ 62 kW,62000,174,45:59.1,6.9,11.2,330,NNW,5.6000000000000005,0.0,297,102,,,,1.0,4.0,271.0,21,271,26,55,5
18/04/2023 11:47,155,54.1,83,18.0,99.27,-914,10720,2,90,1.8,3884,15,-2.0957355,43.123985,145.1753,15.09665483834767,46:26.2,6,7238.831999999999,0101000020E610000098874CF910C400C0A62D4BC7DE8F4540,20230418_NISSAN_ANDOAIN_AZPEITIA_015,,d1,33:01.3,13:56.6,NISSAN_LEAF,Nissan Leaf e+ 62 kW,62000,174,45:59.1,6.9,11.2,330,NNW,-2.8027387928227125,-164.49198297849136,297,102,,,,1.0,4.0,271.0,21,271,26,55,5
18/04/2023 11:47,160,63.0,83,18.0,99.27,-914,20120,2,90,4.0,4170,15,-2.0976636,43.12345,149.47076,15.264118807949767,47:55.6,6,7157.444,0101000020E6100000DAE1D0D703C800C0612DE34BCD8F4540,20230418_NISSAN_ANDOAIN_AZPEITIA_015,,d1,33:01.3,13:56.6,NISSAN_LEAF,Nissan Leaf e+ 62 kW,62000,174,45:59.1,6.9,11.2,330,NNW,5.6000000000000005,0.0,297,102,,,,1.0,4.0,271.0,21,271,26,25,5
18/04/2023 11:47,166,59.5,83,18.0,99.27,-914,15040,2,90,4.34,4085,15,-2.0976636,43.12345,149.47076,15.264118807949767,47:55.6,6,7166.444,0101000020E6100000DAE1D0D703C800C0612DE34BCD8F4540,20230418_NISSAN_ANDOAIN_AZPEITIA_015,,d1,33:01.3,13:56.6,NISSAN_LEAF,Nissan Leaf e+ 62 kW,62000,174,45:59.1,6.9,11.2,330,NNW,5.6000000000000005,0.0,297,102,,,,1.0,4.0,271.0,21,271,26,25,5
18/04/2023 11:47,174,61.6,83,18.0,99.27,-914,19880,2,90,6.12,4117,15,-2.0976636,43.12345,149.47076,15.264118807949767,47:55.6,6,7174.444,0101000020E6100000DAE1D0D703C800C0612DE34BCD8F4540,20230418_NISSAN_ANDOAIN_AZPEITIA_015,,d1,33:01.3,13:56.6,NISSAN_LEAF,Nissan Leaf e+ 62 kW,62000,174,45:59.1,6.9,11.2,330,NNW,5.6000000000000005,0.0,297,102,,,,1.0,4.0,271.0,21,271,26,25,5
18/04/2023 11:47,187,67.5,83,18.0,99.27,-914,22960,2,91,5.39,4489,15,-2.0976636,43.12345,149.47076,15.264118807949767,47:55.6,6,7183.444,0101000020E6100000DAE1D0D703C800C0612DE34BCD8F4540,20230418_NISSAN_ANDOAIN_AZPEITIA_015,,d1,33:01.3,13:56.6,NISSAN_LEAF,Nissan Leaf e+ 62 kW,62000,174,45:59.1,6.9,11.2,330,NNW,5.6000000000000005,0.0,297,102,,,,1.0,4.0,271.0,21,271,26,25,5
18/04/2023 11:47,197,50.2,83,18.0,99.27,-914,6920,2,91,3.03,3634,15,-2.0976636,43.12345,149.47076,15.264118807949767,47:55.6,6,7192.444,0101000020E6100000DAE1D0D703C800C0612DE34BCD8F4540,20230418_NISSAN_ANDOAIN_AZPEITIA_015,,d1,33:01.3,13:56.6,NISSAN_LEAF,Nissan Leaf e+ 62 kW,62000,174,45:59.1,6.9,11.2,330,NNW,-3.5146491153734525,-168.28886622669205,297,102,,,,1.0,4.0,271.0,21,271,26,25,5
18/04/2023 11:47,212,35.3,83,18.0,99.27,-914,0,2,91,8.16,2327,15,-2.0996656,43.123035,154.27832,15.433094380389615,47:56.0,6,7200.041,0101000020E610000032A72E8D1DCC00C0A4E627ACBF8F4540,20230418_NISSAN_ANDOAIN_AZPEITIA_015,,d1,33:01.3,13:56.6,NISSAN_LEAF,Nissan Leaf e+ 62 kW,62000,174,45:59.1,6.9,11.2,330,NNW,-6.572551729129135,174.06727130789778,297,102,,,,1.0,4.0,271.0,21,271,26,25,5
18/04/2023 11:48,222,48.4,82,18.0,99.27,-914,15280,2,92,-1.12,3494,15,-2.1142445,43.12455,226.36609,16.630404479788048,48:04.7,6,7200.26,0101000020E61000008D37C7F3F8E900C0DEFAB84FF18F4540,20230418_NISSAN_ANDOAIN_AZPEITIA_015,,d1,33:01.3,13:56.6,NISSAN_LEAF,Nissan Leaf e+ 62 kW,62000,174,45:59.1,6.9,11.2,330,NNW,-5.258150705923707,-178.00040095318377,297,102,,,,1.0,4.0,271.0,21,271,26,8,6
18/04/2023 11:48,231,54.1,82,18.0,99.27,-914,30640,2,92,3.11,3443,15,-2.1156766,43.1245,236.07501,16.74716783399426,48:13.8,6,7200.234,0101000020E61000001EAD83E6E7EC00C05CA47995EF8F4540,20230418_NISSAN_ANDOAIN_AZPEITIA_015,,d1,33:01.3,13:56.6,NISSAN_LEAF,Nissan Leaf e+ 62 kW,62000,174,45:59.1,6.9,11.2,330,NNW,-4.433861350386372,-173.32089852028298,297,102,,,,1.0,4.0,271.0,21,271,26,8,6
18/04/2023 11:48,237,43.2,82,17.5,99.27,-914,6360,2,93,3.78,3053,15,-2.1169746,43.124348,240.61096,16.853954492932903,48:21.8,6,7200.21,0101000020E6100000B6815C5E90EF00C076DD9DADEA8F4540,20230418_NISSAN_ANDOAIN_AZPEITIA_015,,d1,33:01.3,13:56.6,NISSAN_LEAF,Nissan Leaf e+ 62 kW,62000,174,45:59.1,6.9,11.2,330,NNW,-5.232790005097668,-177.85356337202956,297,102,,,,1.0,4.0,271.0,21,271,26,55,6
18/04/2023 11:48,247,40.1,82,17.5,99.27,-914,13240,2,93,2.28,2621,15,-2.1180952,43.124306,247.58936,16.945287050643255,48:30.8,6,7200.1630000000005,0101000020E61000001EB61DE8DBF100C09B749D3EE98F4540,20230418_NISSAN_ANDOAIN_AZPEITIA_015,,d1,33:01.3,13:56.6,NISSAN_LEAF,Nissan Leaf e+ 62 kW,62000,174,50:58.9,6.9,11.2,340,NNW,-6.676667609762349,163.40669680213668,297,102,,,,1.0,4.0,271.0,21,271,26,55,6
18/04/2023 11:48,255,46.7,82,17.5,99.27,-914,20160,2,93,5.77,3072,15,-2.1192966,43.124664,254.99677000000003,17.0508634492562,48:39.9,6,7200.124,0101000020E610000012CAF3C751F400C0CA56F20CF58F4540,20230418_NISSAN_ANDOAIN_AZPEITIA_015,,d1,33:01.3,13:56.6,NISSAN_LEAF,Nissan Leaf e+ 62 kW,62000,174,50:58.9,6.9,11.2,340,NNW,-6.498062255340477,164.5365056001107,297,102,,,,1.0,4.0,271.0,21,271,26,55,6
18/04/2023 11:48,267,38.6,82,17.5,99.27,-914,11480,2,94,2.39,3164,15,-2.1205401000000004,43.125008,265.26453,17.159275903994985,48:48.9,6,7200.103,0101000020E61000001D0C0ABDDDF600C05F645D3700904540,20230418_NISSAN_ANDOAIN_AZPEITIA_015,,d1,33:01.3,13:56.6,NISSAN_LEAF,Nissan Leaf e+ 62 kW,62000,174,50:58.9,6.9,11.2,340,NNW,-10.209004029365204,134.28399173531278,297,102,,,,1.0,4.0,271.0,21,271,26,55,6
18/04/2023 11:48,281,48.3,82,17.5,99.27,-914,20480,2,94,8.52,2979,15,-2.1212394,43.125725,276.1645,17.257744452677024,48:56.9,6,7200.084,0101000020E6100000FDDD3B6A4CF800C000A9B0C617904540,20230418_NISSAN_ANDOAIN_AZPEITIA_015,,d1,33:01.3,13:56.6,NISSAN_LEAF,Nissan Leaf e+ 62 kW,62000,174,50:58.9,6.9,11.2,340,NNW,-8.097211140428612,153.70015470930375,297,102,,,,1.0,4.0,271.0,21,271,26,25,6
18/04/2023 11:49,292,50.1,82,17.5,99.27,-914,15800,2,95,7.64,3219,15,-2.122504,43.12635,289.40674,17.38239599698305,49:06.0,6,7200.043000000001,0101000020E6100000A36F355FE3FA00C06C054D4B2C904540,20230418_NISSAN_ANDOAIN_AZPEITIA_015,,d1,33:01.3,13:56.6,NISSAN_LEAF,Nissan Leaf e+ 62 kW,62000,174,50:58.9,6.9,11.2,340,NNW,-7.28480146460067,159.42606801621034,297,102,,,,1.0,4.0,271.0,21,271,26,25,6
18/04/2023 11:49,304,49.3,82,17.5,99.27,-914,11920,2,96,5.41,3409,15,-2.123908,43.126877,301.7807,17.511119533429802,49:15.0,6,7200.001,0101000020E61000009CE5EC7CC3FD00C0B1D359773D904540,20230418_NISSAN_ANDOAIN_AZPEITIA_015,,d1,33:01.3,13:56.6,NISSAN_LEAF,Nissan Leaf e+ 62 kW,62000,174,50:58.9,6.9,11.2,340,NNW,-6.597746710020735,163.90792961041558,297,102,,,,1.0,4.0,271.0,21,271,26,55,6
18/04/2023 11:49,317,48.5,82,17.5,99.27,-914,14360,2,96,5.38,3409,15,-2.1251247,43.127228,313.886,17.61798180891072,49:23.0,6,7199.968000000001,0101000020E610000026FC945B410001C05E015CFB48904540,20230418_NISSAN_ANDOAIN_AZPEITIA_015,,d1,33:01.3,13:56.6,NISSAN_LEAF,Nissan Leaf e+ 62 kW,62000,174,50:58.9,6.9,11.2,340,NNW,-6.396666796789311,165.17087097709123,297,102,,,,1.0,4.0,271.0,21,271,26,8,6
18/04/2023 11:49,329,42.2,81,17.5,99.27,-914,13360,2,97,2.0,3153,15,-2.126492,43.127590000000005,324.38684,17.736485258530475,49:32.1,6,7199.938,0101000020E6100000709E454A0E0301C034CDA6E954904540,20230418_NISSAN_ANDOAIN_AZPEITIA_015,,d1,33:01.3,13:56.6,NISSAN_LEAF,Nissan Leaf e+ 62 kW,62000,174,50:58.9,6.9,11.2,340,NNW,-3.5307290557153355,-178.3755242913637,297,102,,,,1.0,4.0,271.0,21,271,26,55,6
18/04/2023 11:49,338,53.3,81,17.5,99.27,-914,18920,2,97,4.42,3649,15,-2.128114,43.127544,283.53308,17.874405614984376,49:41.1,6,7199.904,0101000020E6100000FE1BE691600601C09AA37D6253904540,20230418_NISSAN_ANDOAIN_AZPEITIA_015,,d1,33:01.3,13:56.6,NISSAN_LEAF,Nissan Leaf e+ 62 kW,62000,174,50:58.9,6.9,11.2,340,NNW,-2.534351158205318,-173.07823779150354,297,102,,,,1.0,4.0,271.0,21,271,26,8,7
18/04/2023 11:49,346,52.4,81,17.5,99.27,-914,13720,2,97,4.75,3598,15,-2.1298356,43.127335,321.35168,18.021002035783184,49:50.1,6,7199.874,0101000020E61000001F739640E70901C062C5E3814C904540,20230418_NISSAN_ANDOAIN_AZPEITIA_015,,d1,33:01.3,13:56.6,NISSAN_LEAF,Nissan Leaf e+ 62 kW,62000,174,50:58.9,6.9,11.2,340,NNW,-2.6978581715605823,-173.9384959292911,297,102,,,,1.0,4.0,271.0,21,271,26,55,7
18/04/2023 11:50,355,53.1,81,17.0,99.27,-914,21120,2,98,0.08,3862,15,-2.1315966,43.127148,346.6328,18.167615482165456,50:00.2,6,7199.834,0101000020E610000022F38E74820D01C0A06F875D46904540,20230418_NISSAN_ANDOAIN_AZPEITIA_015,,d1,33:01.3,13:56.6,NISSAN_LEAF,Nissan Leaf e+ 62 kW,62000,174,50:58.9,6.9,11.2,340,NNW,-3.193367103932076,-176.56614500574742,297,102,,,,1.0,4.0,271.0,21,271,26,25,7
18/04/2023 11:50,364,40.3,81,17.0,99.27,-914,14080,2,98,3.02,2782,15,-2.1326132,43.127087,357.84058,18.251150656027967,50:08.2,6,7199.801,0101000020E61000003B5DAB77970F01C07896A45B44904540,20230418_NISSAN_ANDOAIN_AZPEITIA_015,,d1,33:01.3,13:56.6,NISSAN_LEAF,Nissan Leaf e+ 62 kW,62000,174,50:58.9,6.9,11.2,340,NNW,-3.048531147730191,-175.79464299819116,297,102,,,,1.0,4.0,271.0,21,271,26,25,7
18/04/2023 11:50,373,46.2,81,17.0,99.27,-914,20160,2,98,7.7,2746,15,-2.1338644,43.126995,367.11206,18.353625436279074,50:17.2,6,7199.774,0101000020E6100000B6C65686271201C020B6D35A41904540,20230418_NISSAN_ANDOAIN_AZPEITIA_015,,d1,33:01.3,13:56.6,NISSAN_LEAF,Nissan Leaf e+ 62 kW,62000,174,50:58.9,6.9,11.2,340,NNW,-0.1542427114783344,-160.78908355023236,297,102,,,,1.0,4.0,271.0,21,271,26,10,7
18/04/2023 11:50,383,48.5,81,17.0,99.27,-914,15880,2,98,0.52,3548,15,-2.1351874,43.126534,379.35986,18.47323120842738,50:26.3,6,7199.74,0101000020E610000000DFF116DD1401C05179433332904540,20230418_NISSAN_ANDOAIN_AZPEITIA_015,,d1,33:01.3,13:56.6,NISSAN_LEAF,Nissan Leaf e+ 62 kW,62000,174,50:58.9,6.9,11.2,340,NNW,3.97882623411325,-139.19108935245168,297,102,,,,1.0,4.0,271.0,21,271,26,10,7
18/04/2023 11:50,394,43.4,81,17.0,99.27,-914,21840,2,98,-0.97,3182,15,-2.1359124,43.125908,387.32068,18.5647218436199,50:34.3,6,7199.709,0101000020E61000008BF7883D591601C0C76A4EB91D904540,20230418_NISSAN_ANDOAIN_AZPEITIA_015,,d1,33:01.3,13:56.6,NISSAN_LEAF,Nissan Leaf e+ 62 kW,62000,174,50:58.9,6.9,11.2,340,NNW,3.804397624283408,-140.14272080095503,297,102,,,,1.0,4.0,271.0,21,271,26,10,7
18/04/2023 11:50,406,37.0,81,17.0,99.27,-914,11920,2,98,6.62,2601,15,-2.1366203,43.125317,394.7168,18.65232259985172,50:43.3,6,7199.677,0101000020E6100000E55A9B63CC1701C078DC09590A904540,20230418_NISSAN_ANDOAIN_AZPEITIA_015,,d1,33:01.3,13:56.6,NISSAN_LEAF,Nissan Leaf e+ 62 kW,62000,174,50:58.9,6.9,11.2,340,NNW,-2.9920885943625053,-175.49479100429818,297,102,,,,1.0,4.0,271.0,21,271,26,55,7
18/04/2023 11:50,414,47.8,81,17.0,99.27,-914,12480,2,98,4.94,3052,15,-2.1381052000000005,43.1252,404.05975,18.77389214927985,50:53.4,6,7199.634,0101000020E6100000EBDECCE0D61A01C056B2297806904540,20230418_NISSAN_ANDOAIN_AZPEITIA_015,,d1,33:01.3,13:56.6,NISSAN_LEAF,Nissan Leaf e+ 62 kW,62000,174,50:58.9,6.9,11.2,340,NNW,3.833420180842703,-139.984785571341,297,102,,,,1.0,4.0,271.0,21,271,26,55,7
18/04/2023 11:51,428,36.5,80,16.5,99.27,-914,0,2,98,-0.81,3208,15,-2.1390164,43.124435,415.11267,18.887147476920806,51:02.5,6,7199.502,0101000020E6100000D93C71ADB41C01C06F591177ED8F4540,20230418_NISSAN_ANDOAIN_AZPEITIA_015,,d1,33:01.3,13:56.6,NISSAN_LEAF,Nissan Leaf e+ 62 kW,62000,174,50:58.9,6.9,11.2,340,NNW,0.7437550293972031,-156.19237439886038,297,102,,,,1.0,4.0,271.0,21,271,26,55,8
18/04/2023 11:51,437,33.4,80,16.5,99.27,-914,8080,2,98,6.94,2499,15,-2.139855,43.124065,424.82202,18.967266181888906,51:11.4,6,7199.559,0101000020E61000003A1BD9326C1E01C0EC87D860E18F4540,20230418_NISSAN_ANDOAIN_AZPEITIA_015,,d1,33:01.3,13:56.6,NISSAN_LEAF,Nissan Leaf e+ 62 kW,62000,174,50:58.9,6.9,11.2,340,NNW,-4.115099952680303,178.4434325287982,297,102,,,,1.0,4.0,271.0,21,271,26,55,8
18/04/2023 11:51,444,54.7,80,16.5,99.27,-914,25160,2,99,5.5,3315,15,-2.141143,43.1241,432.91394,19.072183140861064,51:19.5,6,7199.516,0101000020E610000051A199AB0F2101C0685E6974E28F4540,20230418_NISSAN_ANDOAIN_AZPEITIA_015,,d1,33:01.3,13:56.6,NISSAN_LEAF,Nissan Leaf e+ 62 kW,62000,174,50:58.9,6.9,11.2,340,NNW,-3.1764229717218533,-176.47573134261975,297,102,,,,1.0,4.0,271.0,21,271,26,8,8
18/04/2023 11:51,451,35.3,80,16.5,99.27,-914,1560,2,99,3.45,2658,15,-2.1423283,43.124027000000005,440.18115,19.168995227143718,51:27.5,6,7200.494000000001,0101000020E61000004FF21B0D7D2301C06A13AB2FE08F4540,20230418_NISSAN_ANDOAIN_AZPEITIA_015,,d1,33:01.3,13:56.6,NISSAN_LEAF,Nissan Leaf e+ 62 kW,62000,174,50:58.9,6.9,11.2,340,NNW,5.356497472786646,-131.42826321114302,297,102,,,,1.0,4.0,271.0,21,271,26,55,8
18/04/2023 11:51,459,35.7,80,16.5,99.27,-914,3760,2,99,-0.91,2505,15,-2.1428375,43.12345,445.9978,19.245533563975197,51:35.6,6,7200.434,0101000020E6100000F01C250A882401C05BFAE131CD8F4540,20230418_NISSAN_ANDOAIN_AZPEITIA_015,,d1,33:01.3,13:56.6,NISSAN_LEAF,Nissan Leaf e+ 62 kW,62000,174,50:58.9,6.9,11.2,340,NNW,-3.3709783485629687,-177.51648629514284,297,102,,,,1.0,4.0,271.0,21,271,26,55,8
18/04/2023 11:51,468,46.6,80,16.5,99.27,-914,27320,2,99,7.84,2869,15,-2.1439903,43.1234,454.1997,19.339617207180165,51:45.6,6,7200.420999999999,0101000020E61000005CEB4968E42601C07A47D796CB8F4540,20230418_NISSAN_ANDOAIN_AZPEITIA_015,,d1,33:01.3,13:56.6,NISSAN_LEAF,Nissan Leaf e+ 62 kW,62000,174,50:58.9,6.9,11.2,340,NNW,-1.957170514679629,-170.06395679056394,297,102,,,,1.0,4.0,271.0,21,271,26,8,8
18/04/2023 11:51,476,51.8,80,16.0,99.27,-914,10840,2,100,2.14,3736,15,-2.1453946,43.123154,462.22693,19.457100596432443,51:53.6,6,7200.37,0101000020E6100000A7B737A6C42901C0723C7682C38F4540,20230418_NISSAN_ANDOAIN_AZPEITIA_015,,d1,33:01.3,13:56.6,NISSAN_LEAF,Nissan Leaf e+ 62 kW,62000,174,50:58.9,6.9,11.2,340,NNW,-1.1082805226200476,-165.6789183495481,297,102,,,,1.0,4.0,271.0,21,271,26,8,8
18/04/2023 11:52,483,34.5,80,16.0,99.27,-914,9760,2,100,0.36,2672,15,-2.146652,43.122833,472.87524,19.565736222203746,52:02.6,6,7200.356,0101000020E6100000448F31DA572C01C0848F77FDB88F4540,20230418_NISSAN_ANDOAIN_AZPEITIA_015,,d1,33:01.3,13:56.6,NISSAN_LEAF,Nissan Leaf e+ 62 kW,62000,174,50:58.9,6.9,11.2,340,NNW,1.5781427220897188,-151.8997471956269,297,102,,,,1.0,4.0,271.0,21,271,26,8,8
18/04/2023 11:52,492,43.8,80,16.0,99.27,-914,0,2,100,2.52,2999,15,-2.1476371,43.122307,478.4967,19.664956633507224,52:12.0,6,7199.986,0101000020E6100000BFCC7F615C2E01C0CE2377BFA78F4540,20230418_NISSAN_ANDOAIN_AZPEITIA_015,,d1,33:01.3,13:56.6,NISSAN_LEAF,Nissan Leaf e+ 62 kW,62000,174,50:58.9,6.9,11.2,340,NNW,-1.396315430158301,-167.16175803654772,297,102,,,,1.0,4.0,271.0,21,271,26,55,8
18/04/2023 11:52,497,25.1,80,16.0,99.27,-914,1160,2,100,4.28,2021,15,-2.1484752,43.122116,486.3318,19.736645536385137,52:21.3,6,7198.709,0101000020E6100000C6F7E6B3133001C0DD1B6C7FA18F4540,20230418_NISSAN_ANDOAIN_AZPEITIA_015,,d1,33:01.3,13:56.6,NISSAN_LEAF,Nissan Leaf e+ 62 kW,62000,174,50:58.9,6.9,11.2,340,NNW,3.830625605247493,0.0,297,102,,,,1.0,4.0,271.0,21,271,26,55,8
18/04/2023 11:52,508,42.5,80,16.0,99.27,-914,9640,2,100,8.92,2527,15,-2.1484752,43.122116,486.3318,19.736645536385137,52:21.3,6,7207.709,0101000020E6100000C6F7E6B3133001C0DD1B6C7FA18F4540,20230418_NISSAN_ANDOAIN_AZPEITIA_015,,d1,33:01.3,13:56.6,NISSAN_LEAF,Nissan Leaf e+ 62 kW,62000,174,50:58.9,6.9,11.2,340,NNW,-4.276018497175811,177.55555976583938,297,102,,,,1.0,4.0,271.0,21,271,26,55,8
18/04/2023 11:52,513,47.3,80,15.500001,99.27,-914,14640,2,100,-0.48,3669,15,-2.1486626,43.122124,488.19452,19.7519945467545,52:39.2,6,7198.806,0101000020E61000004D1B6904763001C0A1BB03C0A18F4540,20230418_NISSAN_ANDOAIN_AZPEITIA_015,,d1,33:01.3,13:56.6,NISSAN_LEAF,Nissan Leaf e+ 62 kW,62000,174,50:58.9,6.9,11.2,340,NNW,1.528984737319386,-152.15367944011948,297,102,,,,1.0,4.0,271.0,21,271,26,55,8
18/04/2023 11:52,520,44.5,79,15.500001,99.27,-914,19440,2,101,-0.94,3219,15,-2.1492002,43.12184,492.2173,19.806005769914037,52:40.1,6,7206.885999999999,0101000020E610000069D4F0EB8F3101C0D6392772988F4540,20230418_NISSAN_ANDOAIN_AZPEITIA_015,,d1,33:01.3,13:56.6,NISSAN_LEAF,Nissan Leaf e+ 62 kW,62000,174,50:58.9,6.9,11.2,340,NNW,3.830625605247493,0.0,297,102,,,,1.0,4.0,271.0,21,271,26,55,8
18/04/2023 11:52,527,62.1,79,15.500001,99.27,-914,24400,2,101,6.64,3847,15,-2.1492002,43.12184,492.2173,19.806005769914037,52:40.1,6,7214.885999999999,0101000020E610000069D4F0EB8F3101C0D6392772988F4540,20230418_NISSAN_ANDOAIN_AZPEITIA_015,,d1,33:01.3,13:56.6,NISSAN_LEAF,Nissan Leaf e+ 62 kW,62000,174,50:58.9,6.9,11.2,340,NNW,3.830625605247493,0.0,297,102,,,,1.0,4.0,271.0,21,271,26,55,8
18/04/2023 11:53,532,46.5,79,15.500001,99.27,-922,0,2,101,4.56,3581,15,-2.1492002,43.12184,492.2173,19.806005769914037,52:40.1,6,7223.885999999999,0101000020E610000069D4F0EB8F3101C0D6392772988F4540,20230418_NISSAN_ANDOAIN_AZPEITIA_015,,d1,33:01.3,13:56.6,NISSAN_LEAF,Nissan Leaf e+ 62 kW,62000,174,50:58.9,6.9,11.2,340,NNW,3.830625605247493,0.0,297,102,,,,1.0,4.0,271.0,21,271,26,55,8
18/04/2023 11:53,540,39.5,79,15.500001,99.27,-922,0,2,101,2.59,3216,15,-2.1492002,43.12184,492.2173,19.806005769914037,52:40.1,6,7231.885999999999,0101000020E610000069D4F0EB8F3101C0D6392772988F4540,20230418_NISSAN_ANDOAIN_AZPEITIA_015,,d1,33:01.3,13:56.6,NISSAN_LEAF,Nissan Leaf e+ 62 kW,62000,174,50:58.9,6.9,11.2,340,NNW,-3.0347604982898466,-175.72144558666773,297,102,,,,1.0,4.0,271.0,21,271,26,55,8
18/04/2023 11:53,547,43.9,79,15.500001,99.27,-922,9840,2,101,9.39,2565,15,-2.151673,43.121655,513.21747,20.008843439239232,53:59.8,6,7161.244000000001,0101000020E610000007D7F56EA03601C00E20AE62928F4540,20230418_NISSAN_ANDOAIN_AZPEITIA_015,,d1,33:01.3,13:56.6,NISSAN_LEAF,Nissan Leaf e+ 62 kW,62000,174,50:58.9,6.9,11.2,340,NNW,3.830625605247493,0.0,297,102,,,,1.0,4.0,271.0,21,271,26,55,9
18/04/2023 11:53,551,39.5,79,15.500001,99.27,-922,4640,2,101,3.28,2813,15,-2.151673,43.121655,513.21747,20.008843439239232,53:59.8,6,7169.244000000001,0101000020E610000007D7F56EA03601C00E20AE62928F4540,20230418_NISSAN_ANDOAIN_AZPEITIA_015,,d1,33:01.3,13:56.6,NISSAN_LEAF,Nissan Leaf e+ 62 kW,62000,174,55:59.0,6.9,11.2,340,NNW,3.830625605247493,0.0,297,102,,,,1.0,4.0,271.0,21,271,26,55,9
18/04/2023 11:53,559,60.8,79,15.500001,99.27,-922,16240,2,101,4.27,3671,15,-2.151673,43.121655,513.21747,20.008843439239232,53:59.8,6,7178.244000000001,0101000020E610000007D7F56EA03601C00E20AE62928F4540,20230418_NISSAN_ANDOAIN_AZPEITIA_015,,d1,33:01.3,13:56.6,NISSAN_LEAF,Nissan Leaf e+ 62 kW,62000,174,55:59.0,6.9,11.2,340,NNW,3.830625605247493,0.0,297,102,,,,1.0,4.0,271.0,21,271,26,55,9
18/04/2023 11:53,566,49.8,79,15.0,99.27,-939,0,2,101,1.7,3326,15,-2.151673,43.121655,513.21747,20.008843439239232,53:59.8,6,7187.244000000001,0101000020E610000007D7F56EA03601C00E20AE62928F4540,20230418_NISSAN_ANDOAIN_AZPEITIA_015,,d1,33:01.3,13:56.6,NISSAN_LEAF,Nissan Leaf e+ 62 kW,62000,174,55:59.0,6.9,11.2,340,NNW,3.830625605247493,0.0,297,102,,,,1.0,4.0,271.0,21,271,26,55,9
18/04/2023 11:53,564,61.2,79,15.0,99.27,-944,0,2,100,-1.31,4024,15,-2.151673,43.121655,513.21747,20.008843439239232,53:59.8,6,7196.244000000001,0101000020E610000007D7F56EA03601C00E20AE62928F4540,20230418_NISSAN_ANDOAIN_AZPEITIA_015,,d1,33:01.3,13:56.6,NISSAN_LEAF,Nissan Leaf e+ 62 kW,62000,174,55:59.0,6.9,11.2,340,NNW,-9.754431859146855,139.43294291148834,297,102,,,,1.0,4.0,271.0,21,271,26,55,9
18/04/2023 11:54,559,68.8,79,15.0,99.27,-944,6880,2,99,-1.39,4710,15,-2.1547065,43.124252,505.02393,20.38841007900984,54:05.0,6,7200.028,0101000020E6100000A43EE2BAD63C01C03C2D818CE78F4540,20230418_NISSAN_ANDOAIN_AZPEITIA_015,,d1,33:01.3,13:56.6,NISSAN_LEAF,Nissan Leaf e+ 62 kW,62000,174,55:59.0,6.9,11.2,340,NNW,-11.04543695269798,100.47023543056156,297,102,,,,1.0,4.0,271.0,21,271,26,55,9
18/04/2023 11:54,547,59.9,79,15.0,99.27,-948,600,2,99,1.92,4037,15,-2.1547904,43.124706,506.44385,20.43936950511409,54:13.3,6,7199.691,0101000020E610000082442CC5023D01C0B288FE5CF68F4540,20230418_NISSAN_ANDOAIN_AZPEITIA_015,,d1,33:01.3,13:56.6,NISSAN_LEAF,Nissan Leaf e+ 62 kW,62000,174,55:59.0,6.9,11.2,340,NNW,-10.960552448737907,121.86890381407493,297,102,,,,1.0,4.0,271.0,21,271,26,55,9
18/04/2023 11:54,543,69.4,79,15.0,99.27,-948,11600,2,98,2.55,4557,15,-2.1595364,43.13234,533.3002,21.371908216104398,54:22.2,6,7199.847,0101000020E61000009A9616FDBA4601C049A9198CF0904540,20230418_NISSAN_ANDOAIN_AZPEITIA_015,,d1,33:01.3,13:56.6,NISSAN_LEAF,Nissan Leaf e+ 62 kW,62000,174,55:59.0,6.9,11.2,340,NNW,-10.809807388456456,94.83169254636071,297,102,,,,1.0,4.0,271.0,21,271,26,25,9
18/04/2023 11:54,543,79.6,79,15.0,99.27,-948,23040,2,97,-1.39,5435,15,-2.1596801,43.13404,537.38965,21.5613430517833,54:31.2,6,7199.826999999999,0101000020E61000000F294864064701C0DABBD44228914540,20230418_NISSAN_ANDOAIN_AZPEITIA_015,,d1,33:01.3,13:56.6,NISSAN_LEAF,Nissan Leaf e+ 62 kW,62000,174,55:59.0,6.9,11.2,340,NNW,-10.82024221949919,95.03706488495168,297,102,,,,1.0,4.0,271.0,21,271,26,55,9
18/04/2023 11:54,543,64.6,79,15.0,99.27,-951,4400,2,97,-0.44,4658,15,-2.1598005,43.135406,539.91016,21.713570063283584,54:39.2,6,7199.797,0101000020E6100000C57DFD73454701C0DA0A2FFB54914540,20230418_NISSAN_ANDOAIN_AZPEITIA_015,,d1,33:01.3,13:56.6,NISSAN_LEAF,Nissan Leaf e+ 62 kW,62000,174,55:59.0,6.9,11.2,340,NNW,-10.983477417616498,98.7154986462175,297,102,,,,1.0,4.0,271.0,21,271,26,55,9
18/04/2023 11:54,544,55.3,79,15.0,99.27,-951,0,2,96,3.2,4075,15,-2.160005,43.13674,544.72974,21.86290713941743,54:48.2,6,7199.767,0101000020E6100000E7C0F6BCB04701C00068FFC980914540,20230418_NISSAN_ANDOAIN_AZPEITIA_015,,d1,33:01.3,13:56.6,NISSAN_LEAF,Nissan Leaf e+ 62 kW,62000,174,55:59.0,6.9,11.2,340,NNW,-10.7491952755493,126.31136965248756,297,102,,,,1.0,4.0,271.0,21,271,26,55,8
18/04/2023 11:54,547,37.4,79,15.0,99.27,-954,0,2,96,-3.69,3453,15,-2.1606708,43.137646,544.5906,21.977220960080647,54:56.3,6,7199.736999999999,0101000020E6100000B72E0CC30D4901C0AFF7D15F9E914540,20230418_NISSAN_ANDOAIN_AZPEITIA_015,,d1,33:01.3,13:56.6,NISSAN_LEAF,Nissan Leaf e+ 62 kW,62000,174,55:59.0,6.9,11.2,340,NNW,-10.742136809964256,126.43944754835994,297,102,,,,1.0,4.0,271.0,21,271,26,55,9
18/04/2023 11:55,549,30.5,79,15.0,99.27,-985,8760,2,96,6.36,1715,15,-2.1610503,43.13816,544.37915,22.042142712376826,55:05.3,6,7199.709,0101000020E61000005E480BC0D44901C077ABDF33AF914540,20230418_NISSAN_ANDOAIN_AZPEITIA_015,,d1,33:01.3,13:56.6,NISSAN_LEAF,Nissan Leaf e+ 62 kW,62000,174,55:59.0,6.9,11.2,340,NNW,-10.73976852096264,126.4822039562599,297,102,,,,1.0,4.0,271.0,21,271,26,55,9
18/04/2023 11:55,550,33.2,79,15.0,99.27,-985,0,2,96,-0.92,2898,15,-2.1616197,43.13893,544.59485,22.13943273500552,55:14.3,6,7199.672,0101000020E61000000C248337FF4A01C0B1F3DB7CC8914540,20230418_NISSAN_ANDOAIN_AZPEITIA_015,,d1,33:01.3,13:56.6,NISSAN_LEAF,Nissan Leaf e+ 62 kW,62000,174,55:59.0,6.9,11.2,340,NNW,-9.9631154151997,137.181505148635,297,102,,,,1.0,4.0,271.0,21,271,26,40,9
18/04/2023 11:55,553,45.5,79,15.0,99.27,-992,9040,2,96,0.69,2777,15,-2.1622424,43.139507,543.4621599999999,22.221105737458554,55:22.6,6,7199.383000000001,0101000020E6100000952BBCCB454C01C096E1896ADB914540,20230418_NISSAN_ANDOAIN_AZPEITIA_015,,d1,33:01.3,13:56.6,NISSAN_LEAF,Nissan Leaf e+ 62 kW,62000,174,55:59.0,6.9,11.2,340,NNW,-9.982798173968565,136.9602510685769,297,102,,,,1.0,4.0,271.0,21,271,26,8,9
18/04/2023 11:55,553,25.3,79,15.0,99.27,-995,0,2,96,1.31,2046,15,-2.1629374,43.140156,547.0356400000001,22.312760120806313,55:31.4,6,7199.607,0101000020E610000069633612B24D01C073699998F0914540,20230418_NISSAN_ANDOAIN_AZPEITIA_015,,d1,33:01.3,13:56.6,NISSAN_LEAF,Nissan Leaf e+ 62 kW,62000,174,55:59.0,6.9,11.2,340,NNW,-10.133845650517577,135.20261115658704,297,102,,,,1.0,4.0,271.0,21,271,26,8,9
18/04/2023 11:55,551,47.2,79,14.499999,99.27,-995,80,2,96,-1.05,3219,15,-2.163732,43.140945,545.2181400000001,22.421649376244815,55:40.4,6,7199.573,0101000020E61000000B0784CE524F01C0DD4556860A924540,20230418_NISSAN_ANDOAIN_AZPEITIA_015,,d1,33:01.3,13:56.6,NISSAN_LEAF,Nissan Leaf e+ 62 kW,62000,174,55:59.0,6.9,11.2,340,NNW,-8.960529643803584,146.8653815819587,297,102,,,,1.0,4.0,271.0,21,271,26,8,9
18/04/2023 11:55,553,40.5,79,14.499999,99.27,-998,2120,2,95,-0.91,3011,15,-2.1646328,43.141533,550.6033,22.51986135719141,55:49.5,6,7199.539000000001,0101000020E61000000E9CF9F62A5101C0629AAFB31D924540,20230418_NISSAN_ANDOAIN_AZPEITIA_015,,d1,33:01.3,13:56.6,NISSAN_LEAF,Nissan Leaf e+ 62 kW,62000,174,55:59.0,6.9,11.2,340,NNW,-7.100593445020824,160.65551063844686,297,102,,,,1.0,4.0,271.0,21,271,26,8,9
18/04/2023 11:55,556,49.1,79,14.499999,99.27,-1001,24640,2,95,8.5,3005,15,-2.1656497000000003,43.14189,557.6394,22.61169053126638,55:57.5,6,7199.509,0101000020E6100000B5EE0F29405301C050FC5A8F29924540,20230418_NISSAN_ANDOAIN_AZPEITIA_015,,d1,33:01.3,13:56.6,NISSAN_LEAF,Nissan Leaf e+ 62 kW,62000,174,55:59.0,6.9,11.2,340,NNW,-7.002400043332791,161.30208253229722,297,102,,,,1.0,4.0,271.0,21,271,26,8,9
18/04/2023 11:56,562,37.6,78,14.499999,99.27,-1001,0,2,96,1.56,3060,15,-2.1668375,43.142292,566.9081,22.718327811131395,56:05.5,6,7200.486,0101000020E6100000A1F831E6AE5501C049B2F5A936924540,20230418_NISSAN_ANDOAIN_AZPEITIA_015,,d1,33:01.3,13:56.6,NISSAN_LEAF,Nissan Leaf e+ 62 kW,62000,174,55:59.0,6.9,11.2,340,NNW,-4.34369046292879,177.18048785097204,297,102,,,,1.0,4.0,271.0,21,271,26,8,9
18/04/2023 11:56,568,39.9,78,14.499999,99.27,-1001,18120,2,96,9.02,2173,15,-2.1676903,43.142334000000005,572.75464,22.78792251157207,56:13.5,6,7200.459,0101000020E61000000941BB016E5701C060A970FC37924540,20230418_NISSAN_ANDOAIN_AZPEITIA_015,,d1,33:01.3,13:56.6,NISSAN_LEAF,Nissan Leaf e+ 62 kW,62000,174,55:59.0,6.9,11.2,340,NNW,-4.782321617145207,174.72312073320185,297,102,,,,1.0,4.0,271.0,21,271,26,8,9
18/04/2023 11:56,574,24.2,78,14.499999,99.27,-1003,0,2,96,3.69,1825,15,-2.1686864,43.142426,578.8181,22.869610438288603,56:22.6,6,7200.415,0101000020E6100000D404174C785901C023E1730E3B924540,20230418_NISSAN_ANDOAIN_AZPEITIA_015,,d1,33:01.3,13:56.6,NISSAN_LEAF,Nissan Leaf e+ 62 kW,62000,174,55:59.0,6.9,11.2,340,NNW,-4.179855981774349,178.08680641409825,297,102,,,,1.0,4.0,271.0,21,271,26,40,9
18/04/2023 11:56,581,41.8,78,14.499999,99.27,-1003,9280,2,97,1.05,3201,15,-2.1699138,43.142467,585.4275,22.969517515373646,56:31.6,6,7200.39,0101000020E6100000D81C31C4FB5B01C0B72B2E6D3C924540,20230418_NISSAN_ANDOAIN_AZPEITIA_015,,d1,33:01.3,13:56.6,NISSAN_LEAF,Nissan Leaf e+ 62 kW,62000,174,55:59.0,6.9,11.2,340,NNW,-6.422543560158161,165.0094453521834,297,102,,,,1.0,4.0,271.0,21,271,26,40,9
18/04/2023 11:56,586,16.5,78,14.499999,99.27,-1003,9160,2,97,8.84,1151,15,-2.1703358,43.14258,591.51697,23.006493692869068,56:40.6,6,7200.363,0101000020E6100000027F1908D95C01C05677F20A40924540,20230418_NISSAN_ANDOAIN_AZPEITIA_015,,d1,33:01.3,13:56.6,NISSAN_LEAF,Nissan Leaf e+ 62 kW,62000,174,55:59.0,6.9,11.2,340,NNW,-0.9461398613395848,24.845937974057986,297,102,,,,1.0,4.0,271.0,21,271,26,40,9
18/04/2023 11:56,593,44.8,78,14.499999,99.27,-1003,17480,2,98,0.0,3064,15,-2.169351,43.143036,600.5288,23.101552938640328,56:49.7,6,7200.323,0101000020E61000002EEE37C1D45A01C09CD077F94E924540,20230418_NISSAN_ANDOAIN_AZPEITIA_015,,d1,33:01.3,13:56.6,NISSAN_LEAF,Nissan Leaf e+ 62 kW,62000,174,55:59.0,6.9,11.2,340,NNW,-5.196145216150828,47.64174163917932,297,102,,,,1.0,4.0,271.0,21,271,26,40,9
18/04/2023 11:56,599,15.5,78,14.499999,99.27,-1006,1120,2,99,4.22,1239,15,-2.1689334,43.143494,606.94434,23.163056408641687,56:58.7,6,7200.281999999999,0101000020E6100000980180C6F95901C0B8D8610A5E924540,20230418_NISSAN_ANDOAIN_AZPEITIA_015,,d1,33:01.3,13:56.6,NISSAN_LEAF,Nissan Leaf e+ 62 kW,62000,174,55:59.0,6.9,11.2,340,NNW,-2.279864283236678,-171.74517547378414,297,102,,,,1.0,4.0,271.0,21,271,26,40,9
18/04/2023 11:57,605,45.2,78,14.0,99.27,-1006,20680,2,99,8.53,2576,15,-2.1696985,43.143383,610.0758,23.226423654146522,57:06.7,6,7200.252,0101000020E6100000241453D08A5B01C0430C4B6E5A924540,20230418_NISSAN_ANDOAIN_AZPEITIA_015,,d1,33:01.3,13:56.6,NISSAN_LEAF,Nissan Leaf e+ 62 kW,62000,174,55:59.0,6.9,11.2,340,NNW,-1.9759729094992744,-170.161662065974,297,102,,,,1.0,4.0,271.0,21,271,26,40,9
18/04/2023 11:57,612,38.5,78,14.0,99.27,-1006,3160,2,100,5.36,2755,15,-2.171019,43.143154,618.2622,23.336848049794604,57:15.8,6,7200.23,0101000020E6100000398763443F5E01C05941C2E652924540,20230418_NISSAN_ANDOAIN_AZPEITIA_015,,d1,33:01.3,13:56.6,NISSAN_LEAF,Nissan Leaf e+ 62 kW,62000,174,55:59.0,6.9,11.2,340,NNW,-4.340674142710171,177.1972276836469,144,72,,,,0.0,114.0,30.0,0,127,17,40,9
18/04/2023 11:57,618,37.5,78,14.0,99.27,-1006,3960,2,100,1.19,2804,15,-2.1722650000000003,43.143215000000005,626.2323,23.43848012628702,57:24.8,6,7200.178000000001,0101000020E6100000625A487ECC6001C0D5AD64E854924540,20230418_NISSAN_ANDOAIN_AZPEITIA_015,,d1,33:01.3,13:56.6,NISSAN_LEAF,Nissan Leaf e+ 62 kW,62000,174,55:59.0,6.9,11.2,340,NNW,-8.859548780627941,147.7180220943226,144,72,,,,0.0,114.0,30.0,0,127,17,8,9
18/04/2023 11:57,626,51.0,78,14.0,99.27,-1006,22640,2,100,3.19,3417,15,-2.173286,43.14386,631.9772,23.548201276034625,57:33.9,6,7200.113,0101000020E61000002CAB1BB5E36201C029807B016A924540,20230418_NISSAN_ANDOAIN_AZPEITIA_015,,d1,33:01.3,13:56.6,NISSAN_LEAF,Nissan Leaf e+ 62 kW,62000,174,55:59.0,6.9,11.2,340,NNW,-4.842482940941032,174.3822858264045,144,72,,,,0.0,114.0,30.0,0,127,17,25,9
18/04/2023 11:57,637,46.0,78,14.0,99.27,-1006,4240,2,100,9.11,3169,15,-2.1746788,43.143997,641.7466,23.662641979031463,57:42.9,6,7200.093000000001,0101000020E6100000D49AC50FBE6501C05C34E8746E924540,20230418_NISSAN_ANDOAIN_AZPEITIA_015,,d1,33:01.3,13:56.6,NISSAN_LEAF,Nissan Leaf e+ 62 kW,62000,174,55:59.0,6.9,11.2,340,NNW,-5.569519114149858,170.1798907496303,144,72,,,,0.0,114.0,30.0,0,127,17,8,9
18/04/2023 11:57,647,57.7,78,14.0,99.27,-1006,32040,2,101,9.42,3392,15,-2.1760017999999994,43.144226,652.13745,23.77344669229259,57:51.0,6,7201.039000000001,0101000020E6100000A1E1C5A9736801C01DEB5EFE75924540,20230418_NISSAN_ANDOAIN_AZPEITIA_015,,d1,33:01.3,13:56.6,NISSAN_LEAF,Nissan Leaf e+ 62 kW,62000,174,55:59.0,6.9,11.2,340,NNW,-8.197613182383254,152.9515834379815,144,72,,,,0.0,114.0,30.0,0,127,17,25,9
18/04/2023 11:58,657,56.0,77,14.0,99.27,-1006,24280,2,101,4.69,3584,15,-2.1772435000000003,43.14486,661.6692,23.89677327846244,57:59.1,6,7201.865,0101000020E61000009042C493FE6A01C07E95F8B38A924540,20230418_NISSAN_ANDOAIN_AZPEITIA_015,,d1,33:01.3,13:56.6,NISSAN_LEAF,Nissan Leaf e+ 62 kW,62000,174,55:59.0,6.9,11.2,340,NNW,3.830625605247493,0.0,144,72,,,,0.0,114.0,30.0,0,127,17,25,9
18/04/2023 11:58,666,69.4,77,14.0,99.27,-1006,13760,2,101,2.83,4613,15,-2.1772435000000003,43.14486,661.6692,23.89677327846244,57:59.1,6,7210.865,0101000020E61000009042C493FE6A01C07E95F8B38A924540,20230418_NISSAN_ANDOAIN_AZPEITIA_015,,d1,33:01.3,13:56.6,NISSAN_LEAF,Nissan Leaf e+ 62 kW,62000,174,55:59.0,6.9,11.2,340,NNW,3.830625605247493,0.0,144,72,,,,0.0,114.0,30.0,0,127,17,25,9
18/04/2023 11:58,673,41.3,77,14.0,99.27,-1006,0,2,101,-5.33,3603,15,-2.1772435000000003,43.14486,661.6692,23.89677327846244,57:59.1,6,7219.865,0101000020E61000009042C493FE6A01C07E95F8B38A924540,20230418_NISSAN_ANDOAIN_AZPEITIA_015,,d1,33:01.3,13:56.6,NISSAN_LEAF,Nissan Leaf e+ 62 kW,62000,174,55:59.0,6.9,11.2,340,NNW,-8.058258949390884,153.98782405321813,144,72,,,,0.0,114.0,30.0,0,127,17,25,9
18/04/2023 11:58,682,53.2,77,14.0,99.27,-1008,33760,2,101,3.34,3342,15,-2.1826124,43.14748,691.39526,24.42163698400515,58:39.3,6,7188.695,0101000020E610000084F21D80FD7501C06381E993E0924540,20230418_NISSAN_ANDOAIN_AZPEITIA_015,,d1,33:01.3,13:56.6,NISSAN_LEAF,Nissan Leaf e+ 62 kW,62000,174,55:59.0,6.9,11.2,340,NNW,3.830625605247493,0.0,144,72,,,,0.0,114.0,30.0,0,127,17,8,8
18/04/2023 11:58,689,51.6,77,14.0,99.27,-1008,19400,2,101,3.14,3458,15,-2.1826124,43.14748,691.39526,24.42163698400515,58:39.3,6,7197.695,0101000020E610000084F21D80FD7501C06381E993E0924540,20230418_NISSAN_ANDOAIN_AZPEITIA_015,,d1,33:01.3,13:56.6,NISSAN_LEAF,Nissan Leaf e+ 62 kW,62000,174,55:59.0,6.9,11.2,340,NNW,-6.660512095646652,163.5095651449116,144,72,,,,0.0,114.0,30.0,0,127,17,8,8
18/04/2023 11:58,695,48.2,77,14.0,99.27,-1008,7160,2,101,2.8,3450,15,-2.183565,43.147762,698.2549,24.505319605657988,58:45.3,6,7199.661999999999,0101000020E61000003D2529E1F07701C0E2B5C7E2E9924540,20230418_NISSAN_ANDOAIN_AZPEITIA_015,,d1,33:01.3,13:56.6,NISSAN_LEAF,Nissan Leaf e+ 62 kW,62000,174,55:59.0,6.9,11.2,340,NNW,-9.152688461998006,145.1940925267541,144,72,,,,0.0,114.0,30.0,0,127,17,8,8
18/04/2023 11:58,703,44.0,77,14.0,99.27,-1008,18320,2,101,7.5,2958,15,-2.184559,43.148453,707.5744599999999,24.617093256825704,58:54.3,6,7199.7080000000005,0101000020E6100000213D661CFA7901C08364098400934540,20230418_NISSAN_ANDOAIN_AZPEITIA_015,,d1,33:01.3,13:56.6,NISSAN_LEAF,Nissan Leaf e+ 62 kW,62000,174,55:59.0,6.9,11.2,340,NNW,-6.2139999688571175,166.30158408461918,144,72,,,,0.0,114.0,30.0,0,127,17,8,8
18/04/2023 11:59,711,43.7,77,13.5,99.27,-1008,12160,2,101,0.0,2782,15,-2.1857939,43.148754,712.1583,24.722818036645585,59:03.3,6,7199.673000000001,0101000020E6100000CA015870817C01C06046A96B0A934540,20230418_NISSAN_ANDOAIN_AZPEITIA_015,,d1,33:01.3,13:56.6,NISSAN_LEAF,Nissan Leaf e+ 62 kW,62000,174,55:59.0,6.9,11.2,340,NNW,-8.53454220420545,150.35804448621383,144,72,,,,0.0,114.0,30.0,0,127,17,8,8
18/04/2023 11:59,716,46.8,77,13.5,99.27,-1008,19360,2,100,7.86,2869,15,-2.186358,43.149075,715.7822,24.780967873754484,59:08.4,6,7203.639,0101000020E61000000F334D3BA97D01C03DC988D114934540,20230418_NISSAN_ANDOAIN_AZPEITIA_015,,d1,33:01.3,13:56.6,NISSAN_LEAF,Nissan Leaf e+ 62 kW,62000,174,55:59.0,6.9,11.2,340,NNW,3.830625605247493,0.0,144,72,,,,0.0,114.0,30.0,0,127,17,8,8
18/04/2023 11:59,727,45.4,77,13.5,99.27,-1008,0,2,101,-1.12,3438,15,-2.186358,43.149075,715.7822,24.780967873754484,59:08.4,6,7212.639,0101000020E61000000F334D3BA97D01C03DC988D114934540,20230418_NISSAN_ANDOAIN_AZPEITIA_015,,d1,33:01.3,13:56.6,NISSAN_LEAF,Nissan Leaf e+ 62 kW,62000,174,55:59.0,6.9,11.2,340,NNW,3.830625605247493,0.0,144,72,,,,0.0,114.0,30.0,0,127,17,8,8
18/04/2023 11:59,737,36.9,77,13.5,99.27,-1008,0,2,101,0.0,3055,15,-2.186358,43.149075,715.7822,24.780967873754484,59:08.4,6,7220.639,0101000020E61000000F334D3BA97D01C03DC988D114934540,20230418_NISSAN_ANDOAIN_AZPEITIA_015,,d1,33:01.3,13:56.6,NISSAN_LEAF,Nissan Leaf e+ 62 kW,62000,174,55:59.0,6.9,11.2,340,NNW,-8.916620719293137,147.2381806199544,144,72,,,,0.0,114.0,30.0,0,127,17,8,8
18/04/2023 11:59,739,38.7,77,13.5,99.27,-1012,0,2,100,-6.17,2613,15,-2.1904294,43.151695,722.7551,25.221434875583398,59:54.6,6,7183.422,0101000020E6100000B35A26E4FF8501C0F3B281CF6A934540,20230418_NISSAN_ANDOAIN_AZPEITIA_015,,d1,33:01.3,13:56.6,NISSAN_LEAF,Nissan Leaf e+ 62 kW,62000,174,55:59.0,6.9,11.2,340,NNW,3.830625605247493,0.0,144,72,,,,0.0,114.0,30.0,0,127,17,8,8
18/04/2023 11:59,742,49.7,77,13.5,99.27,-1035,8680,2,100,3.36,2882,15,-2.1904294,43.151695,722.7551,25.221434875583398,59:54.6,6,7192.422,0101000020E6100000B35A26E4FF8501C0F3B281CF6A934540,20230418_NISSAN_ANDOAIN_AZPEITIA_015,,d1,33:01.3,13:56.6,NISSAN_LEAF,Nissan Leaf e+ 62 kW,62000,174,55:59.0,6.9,11.2,340,NNW,-11.180598428282824,113.37294911182516,144,72,,,,0.0,114.0,30.0,0,127,17,8,8
18/04/2023 11:59,743,40.6,77,13.5,99.27,-1039,0,2,99,-1.06,2975,15,-2.1905167000000003,43.151897,722.6675,25.244986406493144,59:56.5,6,7200.51,0101000020E6100000544E62AD2D8601C0EAF1D65471934540,20230418_NISSAN_ANDOAIN_AZPEITIA_015,,d1,33:01.3,13:56.6,NISSAN_LEAF,Nissan Leaf e+ 62 kW,62000,174,55:59.0,6.9,11.2,340,NNW,-8.058269103886929,153.9877492556296,144,72,,,,0.0,114.0,30.0,0,127,17,8,8
18/04/2023 12:00,738,41.1,77,13.5,99.27,-1052,0,2,99,-1.02,2424,15,-2.191404,43.15233,718.0847,25.331705080015578,00:06.6,6,7199.446,0101000020E6100000B39602D2FE8701C06505968E7F934540,20230418_NISSAN_ANDOAIN_AZPEITIA_015,,d1,33:01.3,13:56.6,NISSAN_LEAF,Nissan Leaf e+ 62 kW,62000,174,55:59.0,6.9,11.2,340,NNW,0.8474321396190789,-155.66064879573523,167,70,,,,4.0,134.0,29.0,0,152,15,8,8
18/04/2023 12:00,733,33.6,77,13.5,99.27,-1080,0,2,98,2.55,2043,15,-2.1922507,43.151947,711.4341,25.412795206586484,00:13.6,6,7200.444,0101000020E6100000D04522B8BA8901C0D7B2080773934540,20230418_NISSAN_ANDOAIN_AZPEITIA_015,,d1,33:01.3,13:56.6,NISSAN_LEAF,Nissan Leaf e+ 62 kW,62000,174,55:59.0,6.9,11.2,340,NNW,6.43435121177283,-124.93568052198822,167,70,,,,4.0,134.0,29.0,0,152,15,8,8
18/04/2023 12:00,727,34.4,77,13.5,99.27,-1105,0,2,98,-2.97,2393,15,-2.1927278,43.151264000000005,704.4778,25.49831799230887,00:21.8,6,7201.215,0101000020E6100000803D70DFB48A01C0A1CADDA55C934540,20230418_NISSAN_ANDOAIN_AZPEITIA_015,,d1,33:01.3,13:56.6,NISSAN_LEAF,Nissan Leaf e+ 62 kW,62000,174,55:59.0,6.9,11.2,340,NNW,3.830625605247493,0.0,167,70,,,,4.0,134.0,29.0,0,152,15,8,8
18/04/2023 12:00,722,48.1,77,13.5,99.27,-1115,5120,2,97,0.0,2810,15,-2.1927278,43.151264000000005,704.4778,25.49831799230887,00:21.8,6,7209.215,0101000020E6100000803D70DFB48A01C0A1CADDA55C934540,20230418_NISSAN_ANDOAIN_AZPEITIA_015,,d1,33:01.3,13:56.6,NISSAN_LEAF,Nissan Leaf e+ 62 kW,62000,174,55:59.0,6.9,11.2,340,NNW,3.830625605247493,0.0,167,70,,,,4.0,134.0,29.0,0,152,15,8,8
18/04/2023 12:00,718,32.9,77,13.5,99.27,-1133,0,2,97,-1.0,2777,15,-2.1927278,43.151264000000005,704.4778,25.49831799230887,00:21.8,6,7218.215,0101000020E6100000803D70DFB48A01C0A1CADDA55C934540,20230418_NISSAN_ANDOAIN_AZPEITIA_015,,d1,33:01.3,13:56.6,NISSAN_LEAF,Nissan Leaf e+ 62 kW,62000,174,55:59.0,6.9,11.2,340,NNW,3.830625605247493,0.0,167,70,,,,4.0,134.0,29.0,0,152,15,8,8
18/04/2023 12:00,712,36.2,77,13.5,99.27,-1138,6200,2,96,-0.97,2410,15,-2.1927278,43.151264000000005,704.4778,25.49831799230887,00:21.8,6,7227.215,0101000020E6100000803D70DFB48A01C0A1CADDA55C934540,20230418_NISSAN_ANDOAIN_AZPEITIA_015,,d1,33:01.3,13:56.6,NISSAN_LEAF,Nissan Leaf e+ 62 kW,62000,174,55:59.0,6.9,11.2,340,NNW,3.830625605247493,0.0,167,70,,,,4.0,134.0,29.0,0,152,15,8,8
18/04/2023 12:00,701,53.0,77,13.5,99.27,-1138,0,2,96,-3.27,3546,15,-2.1927278,43.151264000000005,704.4778,25.49831799230887,00:21.8,6,7235.215,0101000020E6100000803D70DFB48A01C0A1CADDA55C934540,20230418_NISSAN_ANDOAIN_AZPEITIA_015,,d1,33:01.3,13:56.6,NISSAN_LEAF,Nissan Leaf e+ 62 kW,62000,174,55:59.0,6.9,11.2,340,NNW,3.830625605247493,0.0,167,70,,,,4.0,134.0,29.0,0,152,15,8,8
18/04/2023 12:01,694,49.4,77,13.5,99.27,-1159,0,2,95,-2.5,3358,15,-2.1927278,43.151264000000005,704.4778,25.49831799230887,00:21.8,6,7244.215,0101000020E6100000803D70DFB48A01C0A1CADDA55C934540,20230418_NISSAN_ANDOAIN_AZPEITIA_015,,d1,33:01.3,13:56.6,NISSAN_LEAF,Nissan Leaf e+ 62 kW,62000,174,05:59.9,6.9,11.2,340,NNW,3.830625605247493,0.0,167,70,,,,4.0,134.0,29.0,0,152,15,8,8
18/04/2023 12:01,687,51.1,77,13.5,99.27,-1175,4240,2,95,-0.98,3266,15,-2.1927278,43.151264000000005,704.4778,25.49831799230887,00:21.8,6,7252.215,0101000020E6100000803D70DFB48A01C0A1CADDA55C934540,20230418_NISSAN_ANDOAIN_AZPEITIA_015,,d1,33:01.3,13:56.6,NISSAN_LEAF,Nissan Leaf e+ 62 kW,62000,174,05:59.9,6.9,11.2,340,NNW,3.830625605247493,0.0,167,70,,,,4.0,134.0,29.0,0,152,15,8,8
18/04/2023 12:01,680,37.9,77,13.5,99.27,-1191,0,2,94,-4.83,3406,15,-2.1927278,43.151264000000005,704.4778,25.49831799230887,00:21.8,6,7261.215,0101000020E6100000803D70DFB48A01C0A1CADDA55C934540,20230418_NISSAN_ANDOAIN_AZPEITIA_015,,d1,33:01.3,13:56.6,NISSAN_LEAF,Nissan Leaf e+ 62 kW,62000,174,05:59.9,6.9,11.2,340,NNW,3.830625605247493,0.0,167,70,,,,4.0,134.0,29.0,0,152,15,8,8
18/04/2023 12:01,671,62.4,77,13.5,99.27,-1209,13320,2,94,-1.28,3880,15,-2.1927278,43.151264000000005,704.4778,25.49831799230887,00:21.8,6,7270.215,0101000020E6100000803D70DFB48A01C0A1CADDA55C934540,20230418_NISSAN_ANDOAIN_AZPEITIA_015,,d1,33:01.3,13:56.6,NISSAN_LEAF,Nissan Leaf e+ 62 kW,62000,174,05:59.9,6.9,11.2,340,NNW,-8.77013860503148,148.45949090150003,167,70,,,,4.0,134.0,29.0,0,152,15,8,8
18/04/2023 12:01,668,45.1,77,13.5,99.27,-1239,0,2,93,-0.38,3396,15,-2.1950772,43.152706,695.8943,25.747530383021516,02:48.7,6,7133.286,0101000020E6100000C8CB1E91848F01C0A17F48E08B934540,20230418_NISSAN_ANDOAIN_AZPEITIA_015,,d1,33:01.3,13:56.6,NISSAN_LEAF,Nissan Leaf e+ 62 kW,62000,174,05:59.9,6.9,11.2,340,NNW,3.830625605247493,0.0,167,70,,,,4.0,134.0,29.0,0,152,15,8,7
18/04/2023 12:01,662,58.5,77,13.5,99.27,-1239,7120,2,93,1.7,3555,15,-2.1950772,43.152706,695.8943,25.747530383021516,02:48.7,6,7141.286,0101000020E6100000C8CB1E91848F01C0A17F48E08B934540,20230418_NISSAN_ANDOAIN_AZPEITIA_015,,d1,33:01.3,13:56.6,NISSAN_LEAF,Nissan Leaf e+ 62 kW,62000,174,05:59.9,6.9,11.2,340,NNW,3.830625605247493,0.0,167,70,,,,4.0,134.0,29.0,0,152,15,8,7
18/04/2023 12:01,651,57.4,77,13.5,99.27,-1253,0,2,93,-3.31,4095,15,-2.1950772,43.152706,695.8943,25.747530383021516,02:48.7,6,7150.286,0101000020E6100000C8CB1E91848F01C0A17F48E08B934540,20230418_NISSAN_ANDOAIN_AZPEITIA_015,,d1,33:01.3,13:56.6,NISSAN_LEAF,Nissan Leaf e+ 62 kW,62000,174,05:59.9,6.9,11.2,340,NNW,3.830625605247493,0.0,167,70,,,,4.0,134.0,29.0,0,152,15,8,7
18/04/2023 12:02,644,41.0,77,13.5,99.27,-1291,0,2,92,-1.73,3130,15,-2.1950772,43.152706,695.8943,25.747530383021516,02:48.7,6,7158.286,0101000020E6100000C8CB1E91848F01C0A17F48E08B934540,20230418_NISSAN_ANDOAIN_AZPEITIA_015,,d1,33:01.3,13:56.6,NISSAN_LEAF,Nissan Leaf e+ 62 kW,62000,174,05:59.9,6.9,11.2,340,NNW,3.830625605247493,0.0,167,70,,,,4.0,134.0,29.0,0,152,15,8,7
18/04/2023 12:02,636,29.0,77,13.5,99.27,-1322,0,2,92,-2.14,2435,15,-2.1950772,43.152706,695.8943,25.747530383021516,02:48.7,6,7167.286,0101000020E6100000C8CB1E91848F01C0A17F48E08B934540,20230418_NISSAN_ANDOAIN_AZPEITIA_015,,d1,33:01.3,13:56.6,NISSAN_LEAF,Nissan Leaf e+ 62 kW,62000,174,05:59.9,6.9,11.2,340,NNW,3.830625605247493,0.0,167,70,,,,4.0,134.0,29.0,0,152,15,8,7
18/04/2023 12:02,629,37.9,77,13.5,99.27,-1335,0,2,92,-3.2,2819,15,-2.1950772,43.152706,695.8943,25.747530383021516,02:48.7,6,7176.286,0101000020E6100000C8CB1E91848F01C0A17F48E08B934540,20230418_NISSAN_ANDOAIN_AZPEITIA_015,,d1,33:01.3,13:56.6,NISSAN_LEAF,Nissan Leaf e+ 62 kW,62000,174,05:59.9,6.9,11.2,340,NNW,3.830625605247493,0.0,167,70,,,,4.0,134.0,29.0,0,152,15,8,7
18/04/2023 12:02,623,38.4,77,13.5,99.27,-1355,0,2,92,-4.73,2615,15,-2.1950772,43.152706,695.8943,25.747530383021516,02:48.7,6,7185.286,0101000020E6100000C8CB1E91848F01C0A17F48E08B934540,20230418_NISSAN_ANDOAIN_AZPEITIA_015,,d1,33:01.3,13:56.6,NISSAN_LEAF,Nissan Leaf e+ 62 kW,62000,174,05:59.9,6.9,11.2,340,NNW,3.830625605247493,0.0,167,70,,,,4.0,134.0,29.0,0,152,15,8,7
18/04/2023 12:02,620,49.2,77,13.5,99.27,-1360,0,2,92,-2.45,3191,15,-2.1950772,43.152706,695.8943,25.747530383021516,02:48.7,6,7194.286,0101000020E6100000C8CB1E91848F01C0A17F48E08B934540,20230418_NISSAN_ANDOAIN_AZPEITIA_015,,d1,33:01.3,13:56.6,NISSAN_LEAF,Nissan Leaf e+ 62 kW,62000,174,05:59.9,6.9,11.2,340,NNW,-8.665375249894124,149.31320451930927,167,70,,,,4.0,134.0,29.0,0,152,15,8,7
18/04/2023 12:02,611,41.1,77,13.5,99.27,-1389,11480,2,91,-0.95,2596,15,-2.2074187000000003,43.16003,604.9226,27.041240560478922,02:52.2,6,7199.795999999999,0101000020E610000086085121CBA801C03E04D9DB7B944540,20230418_NISSAN_ANDOAIN_AZPEITIA_015,,d1,33:01.3,13:56.6,NISSAN_LEAF,Nissan Leaf e+ 62 kW,62000,174,05:59.9,6.9,11.2,340,NNW,-7.358449471483297,61.07181078353088,167,70,,,,4.0,134.0,29.0,0,152,15,40,6
18/04/2023 12:03,606,39.9,77,13.5,99.27,-1399,440,2,91,-3.31,2754,15,-2.2069843,43.160816,602.34265,27.1355100224223,03:02.2,6,7199.754,0101000020E6100000E941E66FE7A701C0FB1B7AAC95944540,20230418_NISSAN_ANDOAIN_AZPEITIA_015,,d1,33:01.3,13:56.6,NISSAN_LEAF,Nissan Leaf e+ 62 kW,62000,174,05:59.9,6.9,11.2,340,NNW,-11.061858878762486,119.00818928953906,167,70,,,,4.0,134.0,29.0,0,152,15,8,6
18/04/2023 12:03,601,34.7,77,13.5,99.27,-1409,0,2,91,-6.06,3176,15,-2.2073913,43.16155,595.1168,27.22384639377838,03:10.3,6,7199.725,0101000020E6100000466C03B9BCA801C09B7F68A4AD944540,20230418_NISSAN_ANDOAIN_AZPEITIA_015,,d1,33:01.3,13:56.6,NISSAN_LEAF,Nissan Leaf e+ 62 kW,62000,174,05:59.9,6.9,11.2,340,NNW,-7.54975964911919,62.383188424673385,167,70,,,,4.0,134.0,29.0,0,152,15,8,6
18/04/2023 12:03,592,50.2,77,13.5,99.27,-1422,0,2,91,-7.27,3550,15,-2.206865,43.162556,588.1449,27.343779409612168,03:19.3,6,7199.696999999999,0101000020E61000002743C0E7A8A701C03D143FA5CE944540,20230418_NISSAN_ANDOAIN_AZPEITIA_015,,d1,33:01.3,13:56.6,NISSAN_LEAF,Nissan Leaf e+ 62 kW,62000,174,05:59.9,6.9,11.2,340,NNW,-11.169208619360315,114.2495480899301,167,70,,,,4.0,134.0,29.0,0,152,15,8,6
18/04/2023 12:03,586,49.1,77,13.5,99.27,-1452,14920,2,91,-0.42,3222,15,-2.2072587,43.16343,583.181,27.446195603435115,03:28.3,6,7199.655,0101000020E610000010A9ED4F77A801C04CAB9D38EB944540,20230418_NISSAN_ANDOAIN_AZPEITIA_015,,d1,33:01.3,13:56.6,NISSAN_LEAF,Nissan Leaf e+ 62 kW,62000,174,05:59.9,6.9,11.2,340,NNW,-8.35231317312314,151.77710795461357,167,70,,,,4.0,134.0,29.0,0,152,15,8,6
18/04/2023 12:03,580,42.0,77,13.5,99.27,-1474,0,2,91,-7.98,3220,15,-2.208317,43.163998,577.3767,27.552920650957553,03:36.4,6,7199.629,0101000020E61000004291932EA2AA01C0E35AC4E2FD944540,20230418_NISSAN_ANDOAIN_AZPEITIA_015,,d1,33:01.3,13:56.6,NISSAN_LEAF,Nissan Leaf e+ 62 kW,62000,174,05:59.9,6.9,11.2,340,NNW,-2.8114624915857074,-174.53808215578408,167,70,,,,4.0,134.0,29.0,0,152,15,25,6
18/04/2023 12:03,572,40.5,77,13.5,99.27,-1509,8480,2,91,-0.77,2599,15,-2.2093942,43.163895,569.67114,27.641371276414063,03:45.4,6,7199.589,0101000020E610000021C033EBD6AC01C0CD5DA681FA944540,20230418_NISSAN_ANDOAIN_AZPEITIA_015,,d1,33:01.3,13:56.6,NISSAN_LEAF,Nissan Leaf e+ 62 kW,62000,174,05:59.9,6.9,11.2,340,NNW,1.504643137421492,-152.27936157438052,167,70,,,,4.0,134.0,29.0,0,152,15,25,6
18/04/2023 12:03,565,42.8,77,13.5,99.27,-1525,0,2,91,-8.73,3509,15,-2.2106407000000003,43.16324,559.9402,27.76635216387296,03:54.4,6,7199.55,0101000020E610000091DF705964AF01C0C01F9F0CE5944540,20230418_NISSAN_ANDOAIN_AZPEITIA_015,,d1,33:01.3,13:56.6,NISSAN_LEAF,Nissan Leaf e+ 62 kW,62000,174,05:59.9,6.9,11.2,340,NNW,-5.516662420345057,170.4910740332051,167,70,,,,4.0,134.0,29.0,0,152,15,25,6
18/04/2023 12:04,559,40.4,77,13.5,99.27,-1557,0,2,91,-2.72,2843,15,-2.2118168,43.163437,550.3219,27.86469565760552,04:03.5,6,7199.529,0101000020E61000000E9291F5CCB101C00B057478EB944540,20230418_NISSAN_ANDOAIN_AZPEITIA_015,,d1,33:01.3,13:56.6,NISSAN_LEAF,Nissan Leaf e+ 62 kW,62000,174,05:59.9,6.9,11.2,340,NNW,-7.380595272876284,158.77774080311454,167,70,,,,4.0,134.0,29.0,0,152,15,25,5
18/04/2023 12:04,550,47.2,77,13.5,99.27,-1574,0,2,91,-2.33,3150,15,-2.2128546,43.16384,544.10693,27.960254945706698,04:11.6,6,7200.4490000000005,0101000020E6100000E06CCE1CEDB301C0AA5072C1F8944540,20230418_NISSAN_ANDOAIN_AZPEITIA_015,,d1,33:01.3,13:56.6,NISSAN_LEAF,Nissan Leaf e+ 62 kW,62000,174,05:59.9,6.9,11.2,340,NNW,-7.179292654332607,160.1329549928471,167,70,,,,4.0,134.0,29.0,0,152,15,25,5
18/04/2023 12:04,544,40.4,77,13.5,99.27,-1603,0,2,91,0.0,3000,15,-2.2140446,43.16427,538.0984,28.068132096900037,04:20.6,6,7200.431,0101000020E61000004D15E7035DB601C068C988B006954540,20230418_NISSAN_ANDOAIN_AZPEITIA_015,,d1,33:01.3,13:56.6,NISSAN_LEAF,Nissan Leaf e+ 62 kW,62000,174,05:59.9,6.9,11.2,340,NNW,-8.774723187575427,148.42176659977588,167,70,,,,4.0,134.0,29.0,0,152,15,8,5
18/04/2023 12:04,541,39.6,77,13.5,99.27,-1635,0,2,91,-4.47,2941,15,-2.215159,43.164955,528.56445,28.186713811476658,04:29.6,6,7200.43,0101000020E6100000705D5231A5B801C05643243B1D954540,20230418_NISSAN_ANDOAIN_AZPEITIA_015,,d1,33:01.3,13:56.6,NISSAN_LEAF,Nissan Leaf e+ 62 kW,62000,174,05:59.9,6.9,11.2,340,NNW,-2.6005772019246693,-173.4262993421253,167,70,,,,4.0,134.0,29.0,0,152,15,8,5
18/04/2023 12:04,538,51.5,77,13.5,99.27,-1648,0,2,90,-1.17,3330,15,-2.216478,43.164803000000006,520.0075,28.295354784737444,04:38.6,6,7200.4,0101000020E61000000E9CB7DA58BB01C05923714518954540,20230418_NISSAN_ANDOAIN_AZPEITIA_015,,d1,33:01.3,13:56.6,NISSAN_LEAF,Nissan Leaf e+ 62 kW,62000,174,05:59.9,6.9,11.2,340,NNW,-4.461791929100842,176.52341389891953,167,70,,,,4.0,134.0,29.0,0,152,15,8,5
18/04/2023 12:04,536,38.3,77,14.0,99.27,-1677,0,2,90,-2.3,2944,15,-2.2178442000000005,43.164886,514.9642299999999,28.4066574952852,04:47.9,6,7200.089,0101000020E61000005E8B0E2F25BE01C0F227C7F01A954540,20230418_NISSAN_ANDOAIN_AZPEITIA_015,,d1,33:01.3,13:56.6,NISSAN_LEAF,Nissan Leaf e+ 62 kW,62000,174,05:59.9,6.9,11.2,340,NNW,-8.758552212767889,148.55469064089198,167,70,,,,4.0,134.0,29.0,0,152,15,8,5
18/04/2023 12:04,532,45.3,77,14.0,99.27,-1697,0,2,90,-7.25,3033,15,-2.2188156,43.16548,506.40125,28.50982174353022,04:56.7,6,7200.29,0101000020E6100000AD40A15C22C001C06B39027E2E954540,20230418_NISSAN_ANDOAIN_AZPEITIA_015,,d1,33:01.3,13:56.6,NISSAN_LEAF,Nissan Leaf e+ 62 kW,62000,174,05:59.9,6.9,11.2,340,NNW,-2.964825010900184,-175.3501089860407,167,70,,,,4.0,134.0,29.0,0,152,15,8,5
18/04/2023 12:05,529,31.4,78,14.0,99.27,-1724,0,2,90,1.25,3202,15,-2.2200205000000004,43.165382,500.0127,28.608356399837156,05:05.7,6,7200.27,0101000020E6100000EDCD98179AC201C03723394F2B954540,20230418_NISSAN_ANDOAIN_AZPEITIA_015,,d1,33:01.3,13:56.6,NISSAN_LEAF,Nissan Leaf e+ 62 kW,62000,174,05:59.9,6.9,11.2,340,NNW,-3.168362618681216,-176.43273622776348,167,70,,,,4.0,134.0,29.0,0,152,15,40,5
18/04/2023 12:05,524,44.3,78,14.0,99.27,-1753,0,2,90,-3.19,2878,15,-2.2212396,43.165306,493.37305,28.707812217353528,05:13.7,6,7200.271,0101000020E610000070A7BE3D19C501C0D986DDB928954540,20230418_NISSAN_ANDOAIN_AZPEITIA_015,,d1,33:01.3,13:56.6,NISSAN_LEAF,Nissan Leaf e+ 62 kW,62000,174,05:59.9,6.9,11.2,340,NNW,-9.152482746763145,145.19591842435125,167,70,,,,4.0,134.0,29.0,0,152,15,40,5
18/04/2023 12:05,511,39.9,78,14.0,99.27,-1793,0,2,90,-0.98,2263,15,-2.2219142999999995,43.165775,482.86243,28.784130413575873,05:23.1,6,7199.855,0101000020E6100000CDBD13F57AC601C05A26261C38954540,20230418_NISSAN_ANDOAIN_AZPEITIA_015,,d1,33:01.3,13:56.6,NISSAN_LEAF,Nissan Leaf e+ 62 kW,62000,174,05:59.9,6.9,11.2,340,NNW,-9.128266104196898,74.58971122247743,167,70,,,,4.0,134.0,29.0,0,152,15,40,5
18/04/2023 12:05,492,55.0,78,14.0,99.27,-1794,0,2,90,-2.14,3488,15,-2.221731,43.16644,475.17737,28.859945116355796,05:31.1,6,7199.858,0101000020E61000007BAFADE11AC601C0D8463CD94D954540,20230418_NISSAN_ANDOAIN_AZPEITIA_015,,d1,33:01.3,13:56.6,NISSAN_LEAF,Nissan Leaf e+ 62 kW,62000,174,05:59.9,6.9,11.2,340,NNW,-11.08324124229064,101.719599094996,167,70,,,,4.0,134.0,29.0,0,152,15,40,5
18/04/2023 12:05,479,51.7,78,14.0,99.27,-1823,0,2,90,-1.28,3460,15,-2.2220235,43.16785,463.42212,29.018949558929283,05:39.9,6,7200.146,0101000020E61000001BC84830B4C601C02CB8821A7C954540,20230418_NISSAN_ANDOAIN_AZPEITIA_015,,d1,33:01.3,13:56.6,NISSAN_LEAF,Nissan Leaf e+ 62 kW,62000,174,05:59.9,6.9,11.2,340,NNW,-8.60081979170062,149.8316028918443,167,70,,,,4.0,134.0,29.0,0,152,15,40,5
18/04/2023 12:05,467,46.5,78,14.0,99.27,-1858,4080,2,90,2.41,2850,15,-2.2229955,43.168415,455.8119,29.12003836125386,05:48.9,6,7200.136,0101000020E61000001637C9EAB1C801C0706505968E954540,20230418_NISSAN_ANDOAIN_AZPEITIA_015,,d1,33:01.3,13:56.6,NISSAN_LEAF,Nissan Leaf e+ 62 kW,62000,174,05:59.9,6.9,11.2,340,NNW,-3.3086482833865154,-177.18242576728315,167,70,,,,4.0,134.0,29.0,0,152,15,40,4
18/04/2023 12:05,455,49.4,78,14.0,99.27,-1878,0,2,90,-7.7,3589,15,-2.224621,43.168335,444.3341,29.25266317498369,05:57.9,6,7200.055,0101000020E6100000E523AD2106CC01C0B8EF28008C954540,20230418_NISSAN_ANDOAIN_AZPEITIA_015,,d1,33:01.3,13:56.6,NISSAN_LEAF,Nissan Leaf e+ 62 kW,62000,174,05:59.9,6.9,11.2,340,NNW,0.0595615249089382,-159.69529999247467,167,70,,,,4.0,134.0,29.0,0,152,15,40,4
18/04/2023 12:06,442,55.6,78,14.0,99.27,-1917,8280,2,90,-1.14,3170,15,-2.2257345,43.167923,435.13184,29.354341115028113,06:06.9,6,7200.085999999999,0101000020E61000003D41A4D74DCE01C07E8340787E954540,20230418_NISSAN_ANDOAIN_AZPEITIA_015,,d1,33:01.3,13:56.6,NISSAN_LEAF,Nissan Leaf e+ 62 kW,62000,174,05:59.9,6.9,11.2,340,NNW,2.241502328285045,-148.45519692524752,167,70,,,,4.0,134.0,29.0,0,152,15,40,4
18/04/2023 12:06,432,53.0,78,14.0,99.27,-1935,0,2,90,-6.11,3742,15,-2.22701,43.16714,425.28552,29.489906715485695,06:16.0,6,7200.045999999999,0101000020E610000017E824A5EAD001C03E2EC3E264954540,20230418_NISSAN_ANDOAIN_AZPEITIA_015,,d1,33:01.3,13:56.6,NISSAN_LEAF,Nissan Leaf e+ 62 kW,62000,174,05:59.9,6.9,11.2,340,NNW,4.305979436290487,-137.38962746193025,167,70,,,,4.0,134.0,29.0,0,152,15,25,4
18/04/2023 12:06,420,51.3,78,14.0,99.27,-1976,0,2,90,-2.44,3516,15,-2.228021,43.16621,412.54156,29.62249373046072,06:25.0,6,7200.016,0101000020E6100000613A29A3FCD201C0D626256F46954540,20230418_NISSAN_ANDOAIN_AZPEITIA_015,,d1,33:01.3,13:56.6,NISSAN_LEAF,Nissan Leaf e+ 62 kW,62000,174,05:59.9,6.9,11.2,340,NNW,3.733832662960413,-140.52606997355568,167,70,,,,4.0,134.0,29.0,0,152,15,40,4
18/04/2023 12:06,409,30.9,78,14.0,99.27,-2038,0,2,90,-0.91,2293,15,-2.2288406000000003,43.165535,404.44922,29.723079504612098,06:34.1,6,7199.934,0101000020E6100000BBCE4C51AAD401C0A688043A30954540,20230418_NISSAN_ANDOAIN_AZPEITIA_015,,d1,33:01.3,13:56.6,NISSAN_LEAF,Nissan Leaf e+ 62 kW,62000,174,05:59.9,6.9,11.2,340,NNW,-9.543252422781432,141.561798391824,167,70,,,,4.0,134.0,29.0,0,152,15,40,4
18/04/2023 12:06,400,40.6,78,14.0,99.27,-2053,0,2,91,-1.83,2439,15,-2.2294605,43.166027,397.93927,29.797664951466373,06:43.3,6,7199.676,0101000020E6100000FD69E556EFD501C098D5645B40954540,20230418_NISSAN_ANDOAIN_AZPEITIA_015,,d1,33:01.3,13:56.6,NISSAN_LEAF,Nissan Leaf e+ 62 kW,62000,174,05:59.9,6.9,11.2,340,NNW,-11.195899188333067,111.55051789596098,167,70,,,,4.0,134.0,29.0,0,152,15,40,4
18/04/2023 12:06,391,60.6,78,14.499999,99.27,-2053,0,2,91,-0.86,3974,15,-2.2299356,43.16723,387.36383,29.93727247928981,06:51.1,6,7199.856,0101000020E610000095DDE585E8D601C07EF245B567954540,20230418_NISSAN_ANDOAIN_AZPEITIA_015,,d1,33:01.3,13:56.6,NISSAN_LEAF,Nissan Leaf e+ 62 kW,62000,174,05:59.9,6.9,11.2,340,NNW,-11.149530709972051,115.44133464191216,167,70,,,,4.0,134.0,29.0,0,152,15,40,4
18/04/2023 12:07,382,53.6,78,14.499999,99.27,-2070,0,2,90,-5.69,4071,15,-2.2306135,43.168655,380.6574700000001,30.105126035195177,07:01.2,6,7199.805,0101000020E61000008CB611EC4BD801C02A49E87896954540,20230418_NISSAN_ANDOAIN_AZPEITIA_015,,d1,33:01.3,13:56.6,NISSAN_LEAF,Nissan Leaf e+ 62 kW,62000,174,05:59.9,6.9,11.2,340,NNW,-9.34790744855742,143.42219126318312,167,70,,,,4.0,134.0,29.0,0,152,15,40,4
18/04/2023 12:07,377,50.2,78,14.499999,99.27,-2102,8200,2,90,-0.98,2982,15,-2.2315366,43.169340000000005,374.3504,30.21211101541884,07:10.2,6,7199.795,0101000020E610000023FE7AE82FDA01C07ED0ABE8AC954540,20230418_NISSAN_ANDOAIN_AZPEITIA_015,,d1,33:01.3,13:56.6,NISSAN_LEAF,Nissan Leaf e+ 62 kW,62000,174,05:59.9,6.9,11.2,340,NNW,-3.175254555196482,-176.46949824536165,167,70,,,,4.0,134.0,29.0,0,152,15,40,4
18/04/2023 12:07,370,53.5,78,14.499999,99.27,-2107,0,2,90,-2.12,3594,15,-2.2331088,43.169243,366.31482,30.340321374666257,07:19.2,6,7199.815,0101000020E61000006B15D42268DD01C08BA527B0A9954540,20230418_NISSAN_ANDOAIN_AZPEITIA_015,,d1,33:01.3,13:56.6,NISSAN_LEAF,Nissan Leaf e+ 62 kW,62000,174,05:59.9,6.9,11.2,340,NNW,-3.775601223799509,-179.70072991138082,167,70,,,,4.0,134.0,29.0,0,152,15,40,4
18/04/2023 12:07,362,48.7,78,14.499999,99.27,-2145,0,2,90,-3.59,3399,15,-2.2346404,43.169235,355.39685,30.465013876971415,07:28.2,6,7199.785,0101000020E6100000A7C8A51A8BE001C0D313B786A9954540,20230418_NISSAN_ANDOAIN_AZPEITIA_015,,d1,33:01.3,13:56.6,NISSAN_LEAF,Nissan Leaf e+ 62 kW,62000,174,05:59.9,6.9,11.2,340,NNW,-5.497920582062478,170.60118294014595,167,70,,,,4.0,134.0,29.0,0,152,15,40,4
18/04/2023 12:07,356,38.8,78,14.499999,99.27,-2186,0,2,90,-2.06,2840,15,-2.2359574,43.169453,347.13684,30.574847648724454,07:37.2,6,7199.755999999999,0101000020E61000003430D1A43DE301C0CF91E8A7B0954540,20230418_NISSAN_ANDOAIN_AZPEITIA_015,,d1,33:01.3,13:56.6,NISSAN_LEAF,Nissan Leaf e+ 62 kW,62000,174,05:59.9,6.9,11.2,340,NNW,-6.218784973082552,166.27215654513068,167,70,,,,4.0,134.0,29.0,0,152,15,40,4
18/04/2023 12:07,350,49.0,78,14.499999,99.27,-2206,0,2,89,-1.16,3145,15,-2.2372837000000003,43.169777,340.57654,30.688470700132005,07:46.3,6,7199.724,0101000020E6100000352C8008F5E501C0770DE135BB954540,20230418_NISSAN_ANDOAIN_AZPEITIA_015,,d1,33:01.3,13:56.6,NISSAN_LEAF,Nissan Leaf e+ 62 kW,62000,174,05:59.9,6.9,11.2,340,NNW,-9.17787169501365,144.96994261850608,167,70,,,,4.0,134.0,29.0,0,152,15,40,4
18/04/2023 12:07,344,46.5,78,15.0,99.27,-2242,0,2,89,-1.44,2882,15,-2.2381325,43.170372,330.15424,30.784513488976327,07:55.3,6,7199.696,0101000020E6100000B75859F4B1E701C0BA54BECACE954540,20230418_NISSAN_ANDOAIN_AZPEITIA_015,,d1,33:01.3,13:56.6,NISSAN_LEAF,Nissan Leaf e+ 62 kW,62000,174,05:59.9,6.9,11.2,340,NNW,-10.932049430796496,97.4418511049828,167,70,,,,4.0,134.0,29.0,0,152,15,40,3
18/04/2023 12:08,337,30.3,78,15.0,99.27,-2278,0,2,89,-4.34,2258,15,-2.2382336,43.171146,321.24866000000003,30.871425472709888,08:04.3,6,7199.665,0101000020E6100000130D940CE7E701C0D163CE12E8954540,20230418_NISSAN_ANDOAIN_AZPEITIA_015,,d1,33:01.3,13:56.6,NISSAN_LEAF,Nissan Leaf e+ 62 kW,62000,174,05:59.9,6.9,11.2,340,NNW,-2.3119750266384163,-171.91300848672003,167,70,,,,4.0,134.0,29.0,0,152,15,25,3
18/04/2023 12:08,329,42.7,78,15.0,99.27,-2290,0,2,89,-0.67,2683,15,-2.2393315,43.17099,316.65466000000004,30.962251101026077,08:13.4,6,7199.584,0101000020E6100000EC3B759B26EA01C0441E980EE3954540,20230418_NISSAN_ANDOAIN_AZPEITIA_015,,d1,33:01.3,13:56.6,NISSAN_LEAF,Nissan Leaf e+ 62 kW,62000,174,05:59.9,6.9,11.2,340,NNW,-0.3128111124299323,-161.60045423968654,167,70,,,,4.0,134.0,29.0,0,152,15,40,3
18/04/2023 12:08,320,47.3,78,15.0,99.27,-2306,0,2,89,-1.16,3286,15,-2.2405941,43.17057,308.81055,31.075064160296478,08:22.4,6,7199.585,0101000020E610000034AD7F9DBCEC01C0694B0447D5954540,20230418_NISSAN_ANDOAIN_AZPEITIA_015,,d1,33:01.3,13:56.6,NISSAN_LEAF,Nissan Leaf e+ 62 kW,62000,174,05:59.9,6.9,11.2,340,NNW,-2.341627933838952,-172.06808727685384,167,70,,,,4.0,134.0,29.0,0,152,15,25,3
18/04/2023 12:08,309,41.5,78,15.0,99.27,-2342,0,2,89,-4.45,2927,15,-2.2417927000000004,43.170403,299.06226000000004,31.174503640878363,08:31.5,6,7199.505,0101000020E61000009AB813F430EF01C05AA1C4BECF954540,20230418_NISSAN_ANDOAIN_AZPEITIA_015,,d1,33:01.3,13:56.6,NISSAN_LEAF,Nissan Leaf e+ 62 kW,62000,174,10:59.2,6.9,11.2,340,NNW,-9.011632185475534,146.42739072364395,167,70,,,,4.0,134.0,29.0,0,152,15,25,3
18/04/2023 12:08,299,34.5,78,15.0,99.27,-2363,0,2,89,-0.94,2330,15,-2.2424014,43.170807,293.6421,31.241467736140102,08:38.5,6,7200.486,0101000020E61000002610C01770F001C03C6D6CFADC954540,20230418_NISSAN_ANDOAIN_AZPEITIA_015,,d1,33:01.3,13:56.6,NISSAN_LEAF,Nissan Leaf e+ 62 kW,62000,174,10:59.2,6.9,11.2,340,NNW,-2.201805489441419,-171.33760885603365,167,70,,,,4.0,134.0,29.0,0,152,15,25,3
18/04/2023 12:08,294,38.9,79,15.500001,99.27,-2373,0,2,89,-6.5,2850,15,-2.2435632,43.17063,285.1662,31.338091844872025,08:47.5,6,7200.485,0101000020E61000004D0F0A4AD1F201C0157D154BD7954540,20230418_NISSAN_ANDOAIN_AZPEITIA_015,,d1,33:01.3,13:56.6,NISSAN_LEAF,Nissan Leaf e+ 62 kW,62000,174,10:59.2,6.9,11.2,340,NNW,-0.4605347679860809,-162.3566196339817,167,70,,,,4.0,134.0,29.0,0,152,15,40,3
18/04/2023 12:08,283,40.1,79,15.500001,99.27,-2401,0,2,89,-7.91,2929,15,-2.244475,43.17034,277.0006,31.41917354304294,08:55.6,6,7200.427,0101000020E610000035C09A3DAFF401C09DB478CACD954540,20230418_NISSAN_ANDOAIN_AZPEITIA_015,,d1,33:01.3,13:56.6,NISSAN_LEAF,Nissan Leaf e+ 62 kW,62000,174,10:59.2,6.9,11.2,340,NNW,1.205785580018211,-153.81959071785167,167,70,,,,4.0,134.0,29.0,0,152,15,40,3
18/04/2023 12:09,275,35.4,79,15.500001,99.27,-2443,0,2,89,-0.92,1945,15,-2.2451625,43.170002,269.73987,31.486803519413844,09:04.7,6,7200.349,0101000020E6100000FAE04AB017F601C06115F39CC2954540,20230418_NISSAN_ANDOAIN_AZPEITIA_015,,d1,33:01.3,13:56.6,NISSAN_LEAF,Nissan Leaf e+ 62 kW,62000,174,10:59.2,6.9,11.2,340,NNW,-10.929311456355933,122.6224061375368,167,70,,,,4.0,134.0,29.0,0,152,15,40,3
18/04/2023 12:09,265,44.7,79,15.500001,99.27,-2451,0,2,89,-0.8,2917,15,-2.2456560000000003,43.170773,261.37518,31.58178525246895,09:13.6,6,7200.387,0101000020E6100000B1B24B8E1AF701C084DA4EDFDB954540,20230418_NISSAN_ANDOAIN_AZPEITIA_015,,d1,33:01.3,13:56.6,NISSAN_LEAF,Nissan Leaf e+ 62 kW,62000,174,10:59.2,6.9,11.2,340,NNW,-11.07118095990108,118.6983281801568,167,70,,,,4.0,134.0,29.0,0,152,15,40,3
18/04/2023 12:09,255,37.5,79,16.0,99.27,-2481,0,2,89,-1.06,2666,15,-2.2461383,43.171654,252.79474,31.687615825678332,09:22.7,6,7200.316999999999,0101000020E6100000A786CB6417F801C0A4E0E7C7F8954540,20230418_NISSAN_ANDOAIN_AZPEITIA_015,,d1,33:01.3,13:56.6,NISSAN_LEAF,Nissan Leaf e+ 62 kW,62000,174,10:59.2,6.9,11.2,340,NNW,-9.792742077188493,139.03162583167668,167,70,,,,4.0,134.0,29.0,0,152,15,40,3
18/04/2023 12:09,248,43.8,79,16.0,99.27,-2501,0,2,89,-2.69,3146,15,-2.2469053,43.17232,243.55249,31.78476771585607,09:30.7,6,7200.326,0101000020E6100000E50FC481A9F901C0FE737F920E964540,20230418_NISSAN_ANDOAIN_AZPEITIA_015,,d1,33:01.3,13:56.6,NISSAN_LEAF,Nissan Leaf e+ 62 kW,62000,174,10:59.2,6.9,11.2,340,NNW,-11.144256770736623,115.71880083513608,167,70,,,,4.0,134.0,29.0,0,152,15,40,3
18/04/2023 12:09,238,48.5,79,16.0,99.27,-2534,0,2,89,-2.72,3213,15,-2.2473836,43.173313,231.90503,31.902376905960438,09:39.7,6,7200.255999999999,0101000020E610000011E9D04CA4FA01C04DEB5F272F964540,20230418_NISSAN_ANDOAIN_AZPEITIA_015,,d1,33:01.3,13:56.6,NISSAN_LEAF,Nissan Leaf e+ 62 kW,62000,174,10:59.2,6.9,11.2,340,NNW,-10.367678406790883,132.228038528387,167,70,,,,4.0,134.0,29.0,0,152,15,25,3
18/04/2023 12:09,227,52.0,79,16.0,99.27,-2558,0,2,88,-2.95,3581,15,-2.2482631,43.174282,221.01208,32.03204924825033,09:48.8,6,7200.215999999999,0101000020E6100000CCD4E25B71FC01C06719DAE74E964540,20230418_NISSAN_ANDOAIN_AZPEITIA_015,,d1,33:01.3,13:56.6,NISSAN_LEAF,Nissan Leaf e+ 62 kW,62000,174,10:59.2,6.9,11.2,340,NNW,-10.840731208536804,95.44855307127496,167,70,,,,4.0,134.0,29.0,0,152,15,40,3
18/04/2023 12:09,213,36.8,79,16.0,99.27,-2615,0,2,88,-4.27,2555,15,-2.2483478,43.17517,210.77563,32.131556855793576,09:57.8,6,7200.186,0101000020E6100000B54478C59DFC01C004E2960B6C964540,20230418_NISSAN_ANDOAIN_AZPEITIA_015,,d1,33:01.3,13:56.6,NISSAN_LEAF,Nissan Leaf e+ 62 kW,62000,174,10:59.2,6.9,11.2,340,NNW,-9.90671534835242,137.80648815166006,167,70,,,,4.0,134.0,29.0,0,152,15,40,3
18/04/2023 12:10,202,35.3,79,16.0,99.27,-2643,0,2,89,0.98,1584,15,-2.2485971,43.175396,207.7204,32.16395337561478,10:05.8,6,7200.186,0101000020E610000013A44A7B20FD01C0241FA26E73964540,20230418_NISSAN_ANDOAIN_AZPEITIA_015,,d1,33:01.3,13:56.6,NISSAN_LEAF,Nissan Leaf e+ 62 kW,62000,174,10:59.2,6.9,11.2,340,NNW,7.737174717862289,-116.30501160319407,167,70,,,,4.0,134.0,29.0,0,152,15,40,3
18/04/2023 12:10,194,56.4,79,16.0,99.27,-2643,0,2,89,-1.61,3554,15,-2.2490687,43.174442,197.10358,32.27721485231424,10:14.8,6,7200.155,0101000020E6100000A63ACBC917FE01C05874CA2754964540,20230418_NISSAN_ANDOAIN_AZPEITIA_015,,d1,33:01.3,13:56.6,NISSAN_LEAF,Nissan Leaf e+ 62 kW,62000,174,10:59.2,6.9,11.2,340,NNW,9.248395693986616,-104.33543541952118,167,70,,,,4.0,134.0,29.0,0,152,15,40,3
18/04/2023 12:10,186,38.2,79,16.0,99.27,-2698,0,2,89,-3.39,2818,15,-2.249324,43.173443,186.23022,32.39073327890327,10:23.9,6,7200.116,0101000020E6100000386F94A39DFE01C0E0E48E6933964540,20230418_NISSAN_ANDOAIN_AZPEITIA_015,,d1,33:01.3,13:56.6,NISSAN_LEAF,Nissan Leaf e+ 62 kW,62000,174,10:59.2,6.9,11.2,340,NNW,10.01855931677978,-96.55389848553166,167,70,,,,4.0,134.0,29.0,0,152,15,40,3
18/04/2023 12:10,177,34.0,79,16.5,99.27,-2732,0,2,89,-9.75,2558,15,-2.249422,43.17259,175.52454,32.486515079832685,10:32.9,6,7200.08,0101000020E610000089993B02D1FE01C0B3124E6617964540,20230418_NISSAN_ANDOAIN_AZPEITIA_015,,d1,33:01.3,13:56.6,NISSAN_LEAF,Nissan Leaf e+ 62 kW,62000,174,10:59.2,6.9,11.2,340,NNW,-3.26866967001557,-176.9684761395991,167,70,,,,4.0,134.0,29.0,0,152,15,40,3
18/04/2023 12:10,169,32.7,79,16.5,99.27,-2765,0,2,90,6.45,1558,15,-2.249743,43.172573,167.41211,32.5138465144997,10:41.0,6,7200.01,0101000020E610000092D9AC3C79FF01C0A7A4B9DB16964540,20230418_NISSAN_ANDOAIN_AZPEITIA_015,,d1,33:01.3,13:56.6,NISSAN_LEAF,Nissan Leaf e+ 62 kW,62000,174,10:59.2,6.9,11.2,340,NNW,-10.017188509475083,136.5695810191512,167,70,,,,4.0,134.0,29.0,0,152,15,40,3
18/04/2023 12:10,162,53.2,79,16.5,99.27,-2773,0,2,90,-4.56,3691,15,-2.2506335,43.173416,158.28015,32.63252635025127,10:50.0,6,7200.01,0101000020E61000008CE423104C0102C063BEB48F32964540,20230418_NISSAN_ANDOAIN_AZPEITIA_015,,d1,33:01.3,13:56.6,NISSAN_LEAF,Nissan Leaf e+ 62 kW,62000,174,10:59.2,6.9,11.2,340,NNW,-9.875273590093618,138.14934886445442,167,70,,,,4.0,134.0,29.0,0,152,15,8,3
18/04/2023 12:10,152,29.9,79,16.5,99.27,-2830,0,2,90,-5.59,2756,15,-2.2515836,43.174267,150.84735,32.75477836905422,10:59.0,6,7199.981,0101000020E6100000757FCC393E0302C05BC24E6F4E964540,20230418_NISSAN_ANDOAIN_AZPEITIA_015,,d1,33:01.3,13:56.6,NISSAN_LEAF,Nissan Leaf e+ 62 kW,62000,174,10:59.2,6.9,11.2,340,NNW,-11.095912584257812,102.18255831655168,167,70,,,,4.0,134.0,29.0,0,152,15,40,3
18/04/2023 12:11,145,43.1,79,16.5,99.27,-2850,0,2,91,-7.73,2881,15,-2.2517548,43.17506,143.86255,32.844314983377274,11:08.1,6,7199.911,0101000020E610000029AE4B09980302C09B49275468964540,20230418_NISSAN_ANDOAIN_AZPEITIA_015,,d1,33:01.3,13:56.6,NISSAN_LEAF,Nissan Leaf e+ 62 kW,62000,174,10:59.2,6.9,11.2,340,NNW,-8.687729603494489,70.8676452954904,167,70,,,,4.0,134.0,29.0,0,152,15,40,2
18/04/2023 12:11,138,3.5,79,16.5,99.27,-2880,600,2,91,1.97,467,15,-2.2516142999999995,43.175465,143.09424,32.89077412440541,11:17.1,6,7199.92,0101000020E61000009CD75C5E4E0302C01786029575964540,20230418_NISSAN_ANDOAIN_AZPEITIA_015,,d1,33:01.3,13:56.6,NISSAN_LEAF,Nissan Leaf e+ 62 kW,62000,174,10:59.2,6.9,11.2,340,NNW,-7.939106395327895,154.85867363311323,167,70,,,,4.0,134.0,29.0,0,152,15,55,2
18/04/2023 12:11,135,34.9,79,16.5,99.27,-2880,2000,2,92,-0.48,2187,15,-2.2520852,43.175686,141.22931,32.93622168690499,11:25.1,6,7199.85,0101000020E61000009B786231450402C08B15FBEC7C964540,20230418_NISSAN_ANDOAIN_AZPEITIA_015,,d1,33:01.3,13:56.6,NISSAN_LEAF,Nissan Leaf e+ 62 kW,62000,174,10:59.2,6.9,11.2,340,NNW,-3.750309225224957,-179.56335828546975,167,70,,,,4.0,134.0,29.0,0,152,15,55,2
18/04/2023 12:11,132,35.0,79,16.5,99.27,-2884,6360,2,92,3.41,2117,15,-2.2528725,43.17568,139.34546,33.00009504667994,11:34.1,6,7199.861,0101000020E610000003DACA09E20502C05BB395977C964540,20230418_NISSAN_ANDOAIN_AZPEITIA_015,,d1,33:01.3,13:56.6,NISSAN_LEAF,Nissan Leaf e+ 62 kW,62000,174,10:59.2,6.9,11.2,340,NNW,-6.972006258041714,161.50103065314875,167,70,,,,4.0,134.0,29.0,0,152,15,55,2
18/04/2023 12:11,130,48.0,79,16.5,99.27,-2884,0,2,92,-1.16,3364,15,-2.2541876,43.17612,139.67676,33.11742422271916,11:43.2,6,7199.771,0101000020E61000007360DE88930802C083B982128B964540,20230418_NISSAN_ANDOAIN_AZPEITIA_015,,d1,33:01.3,13:56.6,NISSAN_LEAF,Nissan Leaf e+ 62 kW,62000,174,10:59.2,6.9,11.2,340,NNW,-7.007850845137069,161.26634482256992,167,70,,,,4.0,134.0,29.0,0,152,15,8,2
18/04/2023 12:11,127,44.5,79,16.5,99.27,-2889,3440,2,92,0.17,2912,15,-2.2554054,43.176533,138.96661,33.2263328316899,11:52.2,6,7199.781,0101000020E610000068F19C0C120B02C0FFFDEFA998964540,20230418_NISSAN_ANDOAIN_AZPEITIA_015,,d1,33:01.3,13:56.6,NISSAN_LEAF,Nissan Leaf e+ 62 kW,62000,174,10:59.2,6.9,11.2,340,NNW,-7.016080862295461,161.21235151911887,167,70,,,,4.0,134.0,29.0,0,152,15,8,2
18/04/2023 12:12,127,45.1,79,16.5,99.27,-2889,1320,2,92,-2.84,3190,15,-2.2566017999999994,43.17694,139.48572,33.33338505716214,12:01.3,6,7199.710999999999,0101000020E61000006E2C8B36850D02C0CF256607A6964540,20230418_NISSAN_ANDOAIN_AZPEITIA_015,,d1,33:01.3,13:56.6,NISSAN_LEAF,Nissan Leaf e+ 62 kW,62000,174,10:59.2,6.9,11.2,340,NNW,-7.017418238076607,161.20357375894508,167,70,,,,4.0,134.0,29.0,0,152,15,8,2
18/04/2023 12:12,129,42.3,79,16.5,99.27,-2900,7040,2,91,3.05,2687,15,-2.2576125,43.177284,141.42113999999998,33.423848411516204,12:09.3,6,7199.715,0101000020E6100000778F0113970F02C01022B647B1964540,20230418_NISSAN_ANDOAIN_AZPEITIA_015,,d1,33:01.3,13:56.6,NISSAN_LEAF,Nissan Leaf e+ 62 kW,62000,174,10:59.2,6.9,11.2,340,NNW,-7.230332305313994,159.7919207057363,167,70,,,,4.0,134.0,29.0,0,152,15,55,2
18/04/2023 12:12,128,46.3,79,16.5,99.27,-2903,0,2,91,-0.28,3139,15,-2.2588785,43.17775,137.84082,33.538897141703295,12:18.3,6,7199.686,0101000020E61000009BB270E52E1202C0986E1283C0964540,20230418_NISSAN_ANDOAIN_AZPEITIA_015,,d1,33:01.3,13:56.6,NISSAN_LEAF,Nissan Leaf e+ 62 kW,62000,174,10:59.2,6.9,11.2,340,NNW,-9.114775447540648,145.52922258268583,167,70,,,,4.0,134.0,29.0,0,152,15,25,2
18/04/2023 12:12,132,25.5,79,16.5,99.27,-2921,0,2,91,-7.14,2264,15,-2.2596068,43.17825,136.54187,33.6200163267085,12:27.4,6,7199.616,0101000020E610000031559BC5AC1302C09B7E3FEBD0964540,20230418_NISSAN_ANDOAIN_AZPEITIA_015,,d1,33:01.3,13:56.6,NISSAN_LEAF,Nissan Leaf e+ 62 kW,62000,174,10:59.2,6.9,11.2,340,NNW,-11.017713459304408,120.35134346651144,167,70,,,,4.0,134.0,29.0,0,152,15,8,2
18/04/2023 12:12,134,10.8,79,17.0,99.27,-2934,560,2,91,7.59,173,15,-2.2596595,43.178340000000006,137.49487,33.63093968913324,12:35.4,6,7199.634,0101000020E610000064243968C81302C0AB40CADBD3964540,20230418_NISSAN_ANDOAIN_AZPEITIA_015,,d1,33:01.3,13:56.6,NISSAN_LEAF,Nissan Leaf e+ 62 kW,62000,174,10:59.2,6.9,11.2,340,NNW,-8.306886115630771,152.1247421349407,167,70,,,,4.0,134.0,29.0,0,152,15,65,2
18/04/2023 12:12,134,23.9,79,17.0,99.27,-2934,0,2,91,-2.12,1844,15,-2.2602456,43.17865,137.98218,33.68965115500301,12:44.4,6,7199.566,0101000020E6100000D99A8CAEFB1402C094F307FBDD964540,20230418_NISSAN_ANDOAIN_AZPEITIA_015,,d1,33:01.3,13:56.6,NISSAN_LEAF,Nissan Leaf e+ 62 kW,62000,174,10:59.2,6.9,11.2,340,NNW,-8.822056463877413,148.0304346087516,167,70,,,,4.0,134.0,29.0,0,152,15,65,2
18/04/2023 12:12,138,35.3,79,17.0,99.27,-2937,3400,2,91,2.55,2142,15,-2.2608929,43.179054,137.20068,33.7587418623707,12:52.4,6,7199.566,0101000020E61000004F18DEF64E1602C0467CE549EB964540,20230418_NISSAN_ANDOAIN_AZPEITIA_015,,d1,33:01.3,13:56.6,NISSAN_LEAF,Nissan Leaf e+ 62 kW,62000,174,10:59.2,6.9,11.2,340,NNW,-9.086675574235102,145.77584860054807,167,70,,,,4.0,134.0,29.0,0,152,15,8,2
18/04/2023 12:13,137,31.7,79,17.0,99.27,-2937,0,2,91,-5.0,2639,15,-2.2616162,43.179546,137.04938,33.83894576661742,13:00.5,6,7200.524,0101000020E61000009831C34ECA1702C0A3F26558FB964540,20230418_NISSAN_ANDOAIN_AZPEITIA_015,,d1,33:01.3,13:56.6,NISSAN_LEAF,Nissan Leaf e+ 62 kW,62000,174,10:59.2,6.9,11.2,340,NNW,-7.496580711835122,157.98404179000252,167,70,,,,4.0,134.0,29.0,0,152,15,25,2
18/04/2023 12:13,137,33.2,79,17.0,99.27,-2952,200,2,91,-4.67,2132,15,-2.2623334,43.179836,133.70715,33.9055256537229,13:09.5,6,7200.477,0101000020E61000001A30ED40421902C0AA4B21EB04974540,20230418_NISSAN_ANDOAIN_AZPEITIA_015,,d1,33:01.3,13:56.6,NISSAN_LEAF,Nissan Leaf e+ 62 kW,62000,174,10:59.2,6.9,11.2,340,NNW,-9.039849496530149,146.18359137929693,167,70,,,,4.0,134.0,29.0,0,152,15,8,2
18/04/2023 12:13,135,13.6,79,17.0,99.27,-2960,40,2,91,2.23,973,15,-2.2627096,43.180088,133.58398,33.94694648829795,13:18.5,6,7200.486,0101000020E610000044F89B79071A02C00583EF260D974540,20230418_NISSAN_ANDOAIN_AZPEITIA_015,,d1,33:01.3,13:56.6,NISSAN_LEAF,Nissan Leaf e+ 62 kW,62000,174,10:59.2,6.9,11.2,340,NNW,-10.401451637618775,88.23322769422222,167,70,,,,4.0,134.0,29.0,0,152,15,25,2
18/04/2023 12:13,135,24.8,79,17.0,99.27,-2960,5800,2,90,0.53,1625,15,-2.2626972000000003,43.18049,132.93048000000002,33.99166293046157,13:26.6,6,7200.417,0101000020E61000005FCC5C01011A02C06474C44A1A974540,20230418_NISSAN_ANDOAIN_AZPEITIA_015,,d1,33:01.3,13:56.6,NISSAN_LEAF,Nissan Leaf e+ 62 kW,62000,174,10:59.2,6.9,11.2,340,NNW,-6.527750964670227,55.650182964625714,167,70,,,,4.0,134.0,29.0,0,152,15,25,2
18/04/2023 12:13,133,3.2,79,17.0,99.27,-2969,0,2,90,5.17,381,15,-2.262458,43.18084,132.24329,34.03515167910117,13:35.6,6,7200.386,0101000020E6100000992FCC95831902C010CC8FC725974540,20230418_NISSAN_ANDOAIN_AZPEITIA_015,,d1,33:01.3,13:56.6,NISSAN_LEAF,Nissan Leaf e+ 62 kW,62000,174,10:59.2,6.9,11.2,340,NNW,-10.70078018987673,92.8287848923221,167,70,,,,4.0,134.0,29.0,0,152,15,25,2
18/04/2023 12:13,131,11.3,79,17.0,99.27,-2969,1800,2,90,-0.16,764,15,-2.2624664,43.18101,133.3305,34.0540983022002,13:44.6,6,7200.366,0101000020E61000009D9C25F1871902C0253E35662B974540,20230418_NISSAN_ANDOAIN_AZPEITIA_015,,d1,33:01.3,13:56.6,NISSAN_LEAF,Nissan Leaf e+ 62 kW,62000,174,10:59.2,6.9,11.2,340,NNW,10.903266451257696,-83.21829646280938,167,70,,,,4.0,134.0,29.0,0,152,15,25,2
18/04/2023 12:13,131,0.0,79,17.0,99.27,-2969,600,2,90,2.56,96,15,-2.262462,43.180973,122.79315,34.06541597725863,13:53.7,6,7200.335999999999,0101000020E6100000F1628296851902C0EA7869162A974540,20230418_NISSAN_ANDOAIN_AZPEITIA_015,,d1,33:01.3,13:56.6,NISSAN_LEAF,Nissan Leaf e+ 62 kW,62000,174,10:59.2,6.9,11.2,340,NNW,,,167,70,,,,4.0,134.0,29.0,0,152,15,25,2
