timestamp_data_utc,elv_spy,speed,soc,amb_temp,soh,regenwh,Motor Pwr(w),Aux Pwr(100w),Motor Temp,Torque Nm,rpm,route_id,longitude,latitude,altitude,cumul_dist,timestamp_gps_utc,car_id,time_diff,point_geom,route_code,route_description,driver,start_timestamp,end_timestamp,car_code,car_description,capacity,ref_consumption,timestamp_weather_utc,wind_mph,wind_kph,wind_degree,wind_dir,Frontal_Wind,Veh_deg,totalVehicles,speedAvg,cars_by_speed_interval_0_80,cars_by_speed_interval_80_100,cars_by_speed_interval_100_120,cars_by_speed_interval_0_50,cars_by_speed_interval_50_80,cars_by_speed_interval_80_120,cars_by_speed_interval_120_inf,cars_by_length_interval_0_7,cars_by_length_interval_7_inf,max_speed,radius
19/04/2023 09:04,155,13.5,77,19.5,99.26,0,680,3,75,1.5,939,29,-1.9839529,43.289967,154.5597,0.0,04:26.7,7,7200.276,0101000020E61000001C5CBA5445BEFFBFB2E8AB9E1DA54540,20230419_NISSAN_DONOSTIA_IRUN_029,,d4,04:26.1,41:47.9,NISSAN_LEAF,Nissan Leaf e+ 62 kW,62000,174,03:11.2,3.8,6.1,10,N,-4.339048730937063,35.342372204410026,535,95,41.0,292.0,188.0,,,,14,485,50,8,2
19/04/2023 09:04,156,14.9,77,20.0,99.26,0,2480,3,75,4.41,950,29,-1.9836469,43.290184,156.18123,0.0346158313923322,04:36.0,7,7200.048000000001,0101000020E6100000ACA62E7004BDFFBF857A4BB624A54540,20230419_NISSAN_DONOSTIA_IRUN_029,,d4,04:26.1,41:47.9,NISSAN_LEAF,Nissan Leaf e+ 62 kW,62000,174,03:11.2,3.8,6.1,10,N,2.743821708204106,-36.73129151559817,535,95,41.0,292.0,188.0,,,,14,485,50,25,2
19/04/2023 09:04,156,24.7,77,20.0,99.26,0,7120,3,75,6.2,1474,29,-1.9832891,43.289917,156.71289,0.0760932827398742,04:44.0,7,7199.960999999999,0101000020E6100000F754E5668DBBFFBFFCFB00FE1BA54540,20230419_NISSAN_DONOSTIA_IRUN_029,,d4,04:26.1,41:47.9,NISSAN_LEAF,Nissan Leaf e+ 62 kW,62000,174,03:11.2,3.8,6.1,10,N,5.72201750925966,-79.724244840459,535,95,41.0,292.0,188.0,,,,14,485,50,25,2
19/04/2023 09:04,158,28.7,77,20.0,99.26,0,8400,3,75,4.16,1903,29,-1.9831854,43.289345,158.06621,0.14026246687009553,04:53.1,7,7199.876,0101000020E6100000BC89EF9920BBFFBF6D63BD4709A54540,20230419_NISSAN_DONOSTIA_IRUN_029,,d4,04:26.1,41:47.9,NISSAN_LEAF,Nissan Leaf e+ 62 kW,62000,174,03:11.2,3.8,6.1,10,N,4.968574860659581,-64.53997450831534,535,95,41.0,292.0,188.0,,,,14,485,50,25,2
19/04/2023 09:05,158,1.0,77,19.5,99.26,-3,0,3,76,2.05,633,29,-1.9829621,43.288876,158.64928,0.1954590723382315,05:01.2,7,7199.819,0101000020E61000003E9BF58436BAFFBFDEABC4D6F9A44540,20230419_NISSAN_DONOSTIA_IRUN_029,,d4,04:26.1,41:47.9,NISSAN_LEAF,Nissan Leaf e+ 62 kW,62000,174,03:11.2,3.8,6.1,10,N,5.236604429087467,-69.14408025889888,535,95,41.0,292.0,188.0,,,,14,485,50,25,2
19/04/2023 09:05,159,24.3,77,19.5,99.26,-3,7720,3,76,4.59,1352,29,-1.9828379,43.28855,159.08536,0.23307923514440762,05:14.2,7,7199.758000000001,0101000020E6100000740E5C33B4B9FFBF22A5E737EFA44540,20230419_NISSAN_DONOSTIA_IRUN_029,,d4,04:26.1,41:47.9,NISSAN_LEAF,Nissan Leaf e+ 62 kW,62000,174,03:11.2,3.8,6.1,10,N,6.029935176687986,-108.69239193088876,535,95,41.0,292.0,188.0,,,,14,485,50,25,2
19/04/2023 09:05,163,5.3,77,19.5,99.26,-6,400,3,77,2.55,455,29,-1.9829597,43.28819,163.41599,0.2745323327026174,05:22.3,7,7199.725,0101000020E61000000709B6F633BAFFBFE5594855E3A44540,20230419_NISSAN_DONOSTIA_IRUN_029,,d4,04:26.1,41:47.9,NISSAN_LEAF,Nissan Leaf e+ 62 kW,62000,174,03:11.2,3.8,6.1,10,N,5.3793726947187634,-128.1319136751246,535,95,41.0,292.0,188.0,,,,14,485,50,25,2
19/04/2023 09:05,166,23.0,77,19.5,99.26,-6,8200,3,78,1.36,1512,29,-1.9831638,43.28793,166.96573,0.3080187070377464,05:30.3,7,7199.686,0101000020E6100000445B4BFA09BBFFBFCFC3E1ECDAA44540,20230419_NISSAN_DONOSTIA_IRUN_029,,d4,04:26.1,41:47.9,NISSAN_LEAF,Nissan Leaf e+ 62 kW,62000,174,03:11.2,3.8,6.1,10,N,4.650204339435427,-59.66991265667868,535,95,41.0,292.0,188.0,,,,14,485,50,25,2
19/04/2023 09:05,171,30.5,77,19.5,99.26,-6,2720,3,78,0.33,1675,29,-1.9829602,43.287582,171.00665,0.35027119806849044,05:39.4,7,7199.598000000001,0101000020E6100000FCEECF7734BAFFBF75C3CB71CFA44540,20230419_NISSAN_DONOSTIA_IRUN_029,,d4,04:26.1,41:47.9,NISSAN_LEAF,Nissan Leaf e+ 62 kW,62000,174,08:00.4,3.8,6.1,10,N,-3.952656018898317,30.389204030539545,535,95,41.0,292.0,188.0,,,,14,485,50,25,2
19/04/2023 09:05,172,49.5,77,19.5,99.26,-6,12160,3,79,3.36,2886,29,-1.9821724,43.288044,172.04634,0.43216241108004744,05:47.5,7,7199.539000000001,0101000020E61000000F2A4058FAB6FFBF47DA32ABDEA44540,20230419_NISSAN_DONOSTIA_IRUN_029,,d4,04:26.1,41:47.9,NISSAN_LEAF,Nissan Leaf e+ 62 kW,62000,174,08:00.4,3.8,6.1,10,N,-2.814241106225185,17.474319541233005,535,95,41.0,292.0,188.0,,,,14,485,50,25,2
19/04/2023 09:05,173,48.0,77,19.5,99.26,-10,0,3,80,-1.16,3298,29,-1.9808986,43.288445,173.36511000000002,0.5445007397617703,05:55.5,7,7200.482,0101000020E610000038DD7DCEC2B1FFBF95EF03BDEBA44540,20230419_NISSAN_DONOSTIA_IRUN_029,,d4,04:26.1,41:47.9,NISSAN_LEAF,Nissan Leaf e+ 62 kW,62000,174,08:00.4,3.8,6.1,10,N,-4.647887858531759,39.636304892671376,364,97,,,,0.0,39.0,316.0,9,331,33,25,2
19/04/2023 09:06,171,46.2,77,19.5,99.26,-29,0,3,80,-3.27,3147,29,-1.9800475,43.28915,172.62505,0.6488627435959506,06:03.7,7,7200.33,0101000020E6100000A96D264046AEFFBFCF135CD202A54540,20230419_NISSAN_DONOSTIA_IRUN_029,,d4,04:26.1,41:47.9,NISSAN_LEAF,Nissan Leaf e+ 62 kW,62000,174,08:00.4,3.8,6.1,10,N,-6.016242929242292,89.5056460284696,364,97,,,,0.0,39.0,316.0,9,331,33,8,2
19/04/2023 09:06,167,18.8,77,19.5,99.26,-77,0,3,80,-8.42,1828,29,-1.9800397,43.290054,168.81769,0.7494570173636055,06:12.6,7,7200.359,0101000020E61000003F18662C3EAEFFBF4429D98420A54540,20230419_NISSAN_DONOSTIA_IRUN_029,,d4,04:26.1,41:47.9,NISSAN_LEAF,Nissan Leaf e+ 62 kW,62000,174,08:00.4,3.8,6.1,10,N,-6.00479039166436,69.86369657226007,364,97,,,,0.0,39.0,316.0,9,331,33,25,2
19/04/2023 09:06,164,0.0,77,19.5,99.26,-92,0,3,81,0.0,70,29,-1.9799836,43.290207,164.80653,0.7675164389561272,06:20.7,7,7200.319,0101000020E61000009846BF4A03AEFFBF57A89E7125A54540,20230419_NISSAN_DONOSTIA_IRUN_029,,d4,04:26.1,41:47.9,NISSAN_LEAF,Nissan Leaf e+ 62 kW,62000,174,08:00.4,3.8,6.1,10,N,-1.059253883768275,0.0,364,97,,,,0.0,39.0,316.0,9,331,33,25,2
19/04/2023 09:06,163,0.0,77,19.5,99.26,-92,0,3,81,2.45,0,29,-1.9799746,43.290207,163.64967,0.7688835338686112,06:29.7,7,7200.27,0101000020E6100000FB904FE3F9ADFFBFEEB9097425A54540,20230419_NISSAN_DONOSTIA_IRUN_029,,d4,04:26.1,41:47.9,NISSAN_LEAF,Nissan Leaf e+ 62 kW,62000,174,08:00.4,3.8,6.1,10,N,-3.778257665178468,28.2713474639146,364,97,,,,0.0,39.0,316.0,9,331,33,25,2
19/04/2023 09:06,160,28.5,77,19.5,99.26,-92,600,3,82,-0.66,1732,29,-1.9796492,43.290382,161.47223,0.8017018229167915,06:37.8,7,7200.201,0101000020E610000039280EAFA4ACFFBFA455E4422BA54540,20230419_NISSAN_DONOSTIA_IRUN_029,,d4,04:26.1,41:47.9,NISSAN_LEAF,Nissan Leaf e+ 62 kW,62000,174,08:00.4,3.8,6.1,10,N,2.585665513530379,-35.079765850179534,364,97,,,,0.0,39.0,316.0,9,331,33,25,2
19/04/2023 09:06,157,18.9,77,18.999998,99.26,-99,1880,3,82,-0.48,1269,29,-1.9791195,43.29001,158.3018,0.8613603703976166,06:50.9,7,7200.133000000001,0101000020E6100000CBDD8A4A79AAFFBF1AD0CA061FA54540,20230419_NISSAN_DONOSTIA_IRUN_029,,d4,04:26.1,41:47.9,NISSAN_LEAF,Nissan Leaf e+ 62 kW,62000,174,08:00.4,3.8,6.1,10,N,5.574535276030136,-76.04409911874947,364,97,,,,0.0,39.0,316.0,9,331,33,25,2
19/04/2023 09:07,153,31.5,77,18.999998,99.26,-100,3960,3,82,1.22,1970,29,-1.9790027,43.28954,153.49739,0.9146869971710396,06:59.9,7,7200.071,0101000020E6100000F7E6C4BCFEA9FFBF6B0456A30FA54540,20230419_NISSAN_DONOSTIA_IRUN_029,,d4,04:26.1,41:47.9,NISSAN_LEAF,Nissan Leaf e+ 62 kW,62000,174,08:00.4,3.8,6.1,10,N,-1.732410217938574,6.499183151388801,364,97,,,,0.0,39.0,316.0,9,331,33,55,2
19/04/2023 09:07,151,56.2,77,18.999998,99.26,-100,11760,3,83,-0.78,3238,29,-1.9781249,43.289640000000006,152.26814,0.9866101874794564,07:08.0,7,7200.031,0101000020E610000049CF064E66A6FFBF66691FEC12A54540,20230419_NISSAN_DONOSTIA_IRUN_029,,d4,04:26.1,41:47.9,NISSAN_LEAF,Nissan Leaf e+ 62 kW,62000,174,08:00.4,3.8,6.1,10,N,-3.2410427509164346,22.094582818737774,364,97,,,,0.0,39.0,316.0,9,331,33,55,2
19/04/2023 09:07,149,49.7,77,18.999998,99.26,-109,0,3,83,-4.48,3602,29,-1.976605,43.290257,149.45176999999998,1.1274939743152117,07:17.0,7,7199.974,0101000020E610000073E41BA12CA0FFBFBAD1052727A54540,20230419_NISSAN_DONOSTIA_IRUN_029,,d4,04:26.1,41:47.9,NISSAN_LEAF,Nissan Leaf e+ 62 kW,62000,174,08:00.4,3.8,6.1,10,N,-3.504839578758781,25.0690951404541,364,97,,,,0.0,39.0,316.0,9,331,33,25,1
19/04/2023 09:07,146,19.5,77,18.999998,99.26,-149,0,3,83,-3.91,1734,29,-1.9757221,43.29067,147.10345,1.212470164303807,07:25.1,7,7199.901999999999,0101000020E61000003605E5C48E9CFFBF9BA228A634A54540,20230419_NISSAN_DONOSTIA_IRUN_029,,d4,04:26.1,41:47.9,NISSAN_LEAF,Nissan Leaf e+ 62 kW,62000,174,08:00.4,3.8,6.1,10,N,-3.284236449008463,22.57474661840068,364,97,,,,0.0,39.0,316.0,9,331,33,40,1
19/04/2023 09:07,143,9.7,77,18.999998,99.26,-159,40,3,83,-1.64,673,29,-1.9753613,43.29082,143.01817,1.2463470953737625,07:34.2,7,7199.831999999999,0101000020E6100000EEE4397C149BFFBF3A3066AC39A54540,20230419_NISSAN_DONOSTIA_IRUN_029,,d4,04:26.1,41:47.9,NISSAN_LEAF,Nissan Leaf e+ 62 kW,62000,174,08:00.4,3.8,6.1,10,N,-1.7209670605952136,6.387117024762991,364,97,,,,0.0,39.0,316.0,9,331,33,40,1
19/04/2023 09:07,139,7.9,77,18.999998,99.26,-160,600,3,83,0.95,287,29,-1.9751469,43.290844,139.07027,1.2643423573713317,07:43.2,7,7199.794,0101000020E6100000EEB20693339AFFBF176870533AA54540,20230419_NISSAN_DONOSTIA_IRUN_029,,d4,04:26.1,41:47.9,NISSAN_LEAF,Nissan Leaf e+ 62 kW,62000,174,08:00.4,3.8,6.1,10,N,0.0504888745826706,-10.474234828889513,364,97,,,,0.0,39.0,316.0,9,331,33,40,1
19/04/2023 09:07,136,2.4,77,18.999998,99.26,-160,0,3,83,1.97,-1,29,-1.9750874,43.290833,136.8865,1.269769723110745,07:51.2,7,7199.752,0101000020E6100000F594634AF599FFBF0FAAF7F639A54540,20230419_NISSAN_DONOSTIA_IRUN_029,,d4,04:26.1,41:47.9,NISSAN_LEAF,Nissan Leaf e+ 62 kW,62000,174,08:00.4,3.8,6.1,10,N,3.2571812382648866,-42.27368900476971,364,97,,,,0.0,39.0,316.0,9,331,33,40,1
19/04/2023 09:07,136,0.0,77,18.999998,99.26,-160,0,3,83,0.0,0,29,-1.9750654,43.290813,136.05498,1.2727375042343816,07:59.3,7,7199.701999999999,0101000020E6100000EE12D61BDE99FFBF30D5D76E39A54540,20230419_NISSAN_DONOSTIA_IRUN_029,,d4,04:26.1,41:47.9,NISSAN_LEAF,Nissan Leaf e+ 62 kW,62000,174,08:00.4,3.8,6.1,10,N,-1.059253883768275,0.0,364,97,,,,0.0,39.0,316.0,9,331,33,40,1
19/04/2023 09:08,136,0.0,77,18.999998,99.26,-160,0,3,83,0.0,0,29,-1.9750654,43.290813,136.05498,1.2727375042343816,08:08.4,7,7199.642,0101000020E6100000EE12D61BDE99FFBF30D5D76E39A54540,20230419_NISSAN_DONOSTIA_IRUN_029,,d4,04:26.1,41:47.9,NISSAN_LEAF,Nissan Leaf e+ 62 kW,62000,174,08:11.2,3.8,6.1,10,N,-1.059253883768275,0.0,364,97,,,,0.0,39.0,316.0,9,331,33,40,1
19/04/2023 09:08,135,0.0,77,18.999998,99.26,-160,0,3,83,1.97,0,29,-1.9750654,43.290813,136.05498,1.2727375042343816,08:16.4,7,7199.593000000001,0101000020E6100000EE12D61BDE99FFBF30D5D76E39A54540,20230419_NISSAN_DONOSTIA_IRUN_029,,d4,04:26.1,41:47.9,NISSAN_LEAF,Nissan Leaf e+ 62 kW,62000,174,08:11.2,3.8,6.1,10,N,-1.9628738599150448,8.770763283653235,364,97,,,,0.0,39.0,316.0,9,331,33,40,1
19/04/2023 09:08,136,12.6,77,18.999998,99.26,-160,1080,3,82,-4.83,808,29,-1.9748904,43.29084,136.14558,1.2872164275869695,08:25.4,7,7199.559,0101000020E6100000F70E9DA42699FFBFD92A3B4C3AA54540,20230419_NISSAN_DONOSTIA_IRUN_029,,d4,04:26.1,41:47.9,NISSAN_LEAF,Nissan Leaf e+ 62 kW,62000,174,08:11.2,3.8,6.1,10,N,-5.296213654913278,50.25380274869652,364,97,,,,0.0,39.0,316.0,9,331,33,25,1
19/04/2023 09:08,137,12.8,77,18.999998,99.26,-161,1960,3,82,5.8,544,29,-1.9748272,43.290916,136.9037,1.2971238150576005,08:32.5,7,7200.5,0101000020E610000060F22C63E498FFBFFC3A86CB3CA54540,20230419_NISSAN_DONOSTIA_IRUN_029,,d4,04:26.1,41:47.9,NISSAN_LEAF,Nissan Leaf e+ 62 kW,62000,174,08:11.2,3.8,6.1,10,N,-4.654476144829473,39.7319494657939,364,97,,,,0.0,39.0,316.0,9,331,33,25,1
19/04/2023 09:08,136,31.4,77,18.999998,99.26,-161,0,3,82,-0.94,2114,29,-1.9743291,43.29133,136.95605,1.3583157340356626,08:41.5,7,7200.456999999999,0101000020E610000083E25D26DA96FFBF6E719B4A4AA54540,20230419_NISSAN_DONOSTIA_IRUN_029,,d4,04:26.1,41:47.9,NISSAN_LEAF,Nissan Leaf e+ 62 kW,62000,174,08:11.2,3.8,6.1,10,N,-3.3253105910687752,23.033744911238845,364,97,,,,0.0,39.0,316.0,9,331,33,40,1
19/04/2023 09:08,134,35.6,77,18.999998,99.26,-166,4960,3,82,4.17,2153,29,-1.9736235,43.29163,134.98207,1.4244826210410115,08:49.6,7,7200.380999999999,0101000020E610000030BC1435F693FFBF709CF22C54A54540,20230419_NISSAN_DONOSTIA_IRUN_029,,d4,04:26.1,41:47.9,NISSAN_LEAF,Nissan Leaf e+ 62 kW,62000,174,08:11.2,3.8,6.1,10,N,-3.413093944625037,24.02285773499576,364,97,,,,0.0,39.0,316.0,9,331,33,55,1
19/04/2023 09:08,134,20.9,77,18.999998,99.26,-181,0,3,82,-4.19,1845,29,-1.9727081,43.292038,134.07648999999998,1.5113625285049717,08:58.7,7,7200.325,0101000020E6100000767F46663690FFBF79CBE47E61A54540,20230419_NISSAN_DONOSTIA_IRUN_029,,d4,04:26.1,41:47.9,NISSAN_LEAF,Nissan Leaf e+ 62 kW,62000,174,08:11.2,3.8,6.1,10,N,-3.297551984222005,22.72328682037305,364,97,,,,0.0,39.0,316.0,9,331,33,8,1
19/04/2023 09:09,133,0.0,77,18.999998,99.26,-192,0,3,82,2.45,0,29,-1.9724526,43.292145,133.4692,1.535227694135861,09:07.7,7,7200.293000000001,0101000020E61000002BD818782A8FFFBFD3CC4D0F65A54540,20230419_NISSAN_DONOSTIA_IRUN_029,,d4,04:26.1,41:47.9,NISSAN_LEAF,Nissan Leaf e+ 62 kW,62000,174,08:11.2,3.8,6.1,10,N,-3.6224479665263942,26.430262222989636,364,97,,,,0.0,39.0,316.0,9,331,33,8,1
19/04/2023 09:09,133,18.0,77,18.999998,99.26,-192,440,3,82,-0.56,1185,29,-1.9722313,43.292255,133.08334,1.5569200454754963,09:15.7,7,7200.264,0101000020E610000082FFE16F428EFFBF901061AD68A54540,20230419_NISSAN_DONOSTIA_IRUN_029,,d4,04:26.1,41:47.9,NISSAN_LEAF,Nissan Leaf e+ 62 kW,62000,174,08:11.2,3.8,6.1,10,N,-3.605406656308874,26.2315741263135,364,97,,,,0.0,39.0,316.0,9,331,33,30,1
19/04/2023 09:09,132,3.1,77,18.999998,99.26,-197,80,3,82,2.81,196,29,-1.971866,43.292435,132.93906,1.592623586431585,09:24.8,7,7200.214,0101000020E610000025460667C38CFFBFDAA343816EA54540,20230419_NISSAN_DONOSTIA_IRUN_029,,d4,04:26.1,41:47.9,NISSAN_LEAF,Nissan Leaf e+ 62 kW,62000,174,08:11.2,3.8,6.1,10,N,-5.287997813594588,50.09863668141895,364,97,,,,0.0,39.0,316.0,9,331,33,25,1
19/04/2023 09:09,130,6.9,77,18.999998,99.26,-198,0,3,82,0.5,465,29,-1.9717481,43.292576,130.99974,1.61107973037486,09:32.8,7,7200.1630000000005,0101000020E6100000BBFE81C5478CFFBF6D2D0A2D73A54540,20230419_NISSAN_DONOSTIA_IRUN_029,,d4,04:26.1,41:47.9,NISSAN_LEAF,Nissan Leaf e+ 62 kW,62000,174,08:11.2,3.8,6.1,10,N,-3.49621647987462,24.970195206250853,364,97,,,,0.0,39.0,316.0,9,331,33,25,1
19/04/2023 09:09,128,21.3,77,18.999998,99.26,-198,120,3,83,-6.77,1408,29,-1.9713315,43.29277,129.29007,1.6511436828472448,09:41.9,7,7200.102,0101000020E6100000E8F4F0DC928AFFBF0A83297F79A54540,20230419_NISSAN_DONOSTIA_IRUN_029,,d4,04:26.1,41:47.9,NISSAN_LEAF,Nissan Leaf e+ 62 kW,62000,174,08:11.2,3.8,6.1,10,N,-5.891522478413026,95.02266726636836,364,97,,,,0.0,39.0,316.0,9,331,33,25,1
19/04/2023 09:09,127,34.8,77,18.999998,99.26,-200,1800,3,83,8.03,1609,29,-1.9713627,43.293125,127.951805,1.6907211976331427,09:50.0,7,7199.994000000001,0101000020E610000042563595B38AFFBFAD03E52785A54540,20230419_NISSAN_DONOSTIA_IRUN_029,,d4,04:26.1,41:47.9,NISSAN_LEAF,Nissan Leaf e+ 62 kW,62000,174,08:11.2,3.8,6.1,10,N,-6.085047838372759,75.98751469350913,364,97,,,,0.0,39.0,316.0,9,331,33,30,1
19/04/2023 09:09,124,53.7,77,18.999998,99.26,-203,3800,3,83,1.19,3247,29,-1.9711361,43.294033,125.23182,1.793374322206484,09:59.0,7,7200.003000000001,0101000020E6100000BF1F900DC689FFBFF4EA20D1A2A54540,20230419_NISSAN_DONOSTIA_IRUN_029,,d4,04:26.1,41:47.9,NISSAN_LEAF,Nissan Leaf e+ 62 kW,62000,174,08:11.2,3.8,6.1,10,N,0.0407319950847558,-10.382588320103924,364,97,,,,0.0,39.0,316.0,9,331,33,45,1
19/04/2023 09:10,119,58.5,77,18.999998,99.26,-207,0,3,83,-2.25,3875,29,-1.9695151,43.293736,121.01921000000002,1.9287247526467122,10:07.0,7,7199.956,0101000020E61000004E1DA93B2283FFBFA3E9181199A54540,20230419_NISSAN_DONOSTIA_IRUN_029,,d4,04:26.1,41:47.9,NISSAN_LEAF,Nissan Leaf e+ 62 kW,62000,174,08:11.2,3.8,6.1,10,N,-4.647082921941378,39.62463221159834,364,97,,,,0.0,39.0,316.0,9,331,33,45,1
19/04/2023 09:10,114,56.4,77,18.999998,99.26,-235,240,3,83,-0.22,3196,29,-1.9686407,43.29446,115.66791,2.0360454535438537,10:15.1,7,7199.905,0101000020E6100000387CD6528D7FFFBFB257B7D7B0A54540,20230419_NISSAN_DONOSTIA_IRUN_029,,d4,04:26.1,41:47.9,NISSAN_LEAF,Nissan Leaf e+ 62 kW,62000,174,08:11.2,3.8,6.1,10,N,-5.54544433268202,104.62020758817428,364,97,,,,0.0,39.0,316.0,9,331,33,45,1
19/04/2023 09:10,109,55.2,77,18.999998,99.26,-241,0,3,83,2.42,3164,29,-1.9689146,43.29551,109.851875,2.1550280558608135,10:24.2,7,7199.814,0101000020E6100000F43F9A9CAC80FFBF04483F45D3A54540,20230419_NISSAN_DONOSTIA_IRUN_029,,d4,04:26.1,41:47.9,NISSAN_LEAF,Nissan Leaf e+ 62 kW,62000,174,08:11.2,3.8,6.1,10,N,0.1886425587756001,-11.772155078673109,364,97,,,,0.0,39.0,316.0,9,331,33,90,1
19/04/2023 09:10,105,66.5,77,18.999998,99.26,-241,13680,3,83,1.91,4389,29,-1.9671392,43.29514,105.83117,2.3045409947333497,10:33.3,7,7199.736,0101000020E61000001AAA85F76679FFBFC36ABF11C7A54540,20230419_NISSAN_DONOSTIA_IRUN_029,,d4,04:26.1,41:47.9,NISSAN_LEAF,Nissan Leaf e+ 62 kW,62000,174,08:11.2,3.8,6.1,10,N,-0.8262828011942251,-2.2149996351688808,364,97,,,,0.0,39.0,316.0,9,331,33,90,1
19/04/2023 09:10,104,66.1,77,18.999998,99.26,-241,0,4,83,-1.45,5138,29,-1.9662343,43.295105,104.42201,2.37789244767487,10:41.3,7,7199.715,0101000020E61000001E646D2BB275FFBF076FE3F7C5A54540,20230419_NISSAN_DONOSTIA_IRUN_029,,d4,04:26.1,41:47.9,NISSAN_LEAF,Nissan Leaf e+ 62 kW,62000,174,13:00.5,3.8,6.1,10,N,-1.059253883768275,0.0,364,97,,,,0.0,39.0,316.0,9,331,33,8,1
19/04/2023 09:10,104,66.1,77,18.999998,99.26,-259,0,4,83,-1.44,5028,29,-1.9662343,43.295105,104.42201,2.37789244767487,10:48.3,7,7200.687,0101000020E61000001E646D2BB275FFBF076FE3F7C5A54540,20230419_NISSAN_DONOSTIA_IRUN_029,,d4,04:26.1,41:47.9,NISSAN_LEAF,Nissan Leaf e+ 62 kW,62000,174,13:00.5,3.8,6.1,10,N,-4.288822033567112,34.67508767848236,364,97,,,,0.0,39.0,316.0,9,331,33,8,1
19/04/2023 09:10,95,68.1,77,18.999998,99.26,-296,0,3,83,-2.66,4630,29,-1.9625511,43.297653,95.29492,2.789240828091066,10:58.4,7,7199.604,0101000020E6100000BD44ADF79B66FFBFC607378419A64540,20230419_NISSAN_DONOSTIA_IRUN_029,,d4,04:26.1,41:47.9,NISSAN_LEAF,Nissan Leaf e+ 62 kW,62000,174,13:00.5,3.8,6.1,10,N,-6.009573768677314,70.1222531932933,364,97,,,,0.0,39.0,316.0,9,331,33,8,1
19/04/2023 09:11,90,70.0,77,18.500002,99.26,-323,0,3,83,-4.58,4852,29,-1.9620677,43.29899,90.33038,2.9430494276589414,11:06.4,7,7199.571999999999,0101000020E6100000FC20081FA164FFBF6F5B8B4445A64540,20230419_NISSAN_DONOSTIA_IRUN_029,,d4,04:26.1,41:47.9,NISSAN_LEAF,Nissan Leaf e+ 62 kW,62000,174,13:00.5,3.8,6.1,10,N,-4.86109805856461,42.83521084651185,364,97,,,,0.0,39.0,316.0,9,331,33,8,1
19/04/2023 09:11,81,65.8,77,18.500002,99.26,-366,0,3,83,-2.3,4395,29,-1.9609956,43.299984,82.46887,3.08378141556089,11:14.5,7,7199.521,0101000020E610000004859BEA3C60FFBF266D8CED65A64540,20230419_NISSAN_DONOSTIA_IRUN_029,,d4,04:26.1,41:47.9,NISSAN_LEAF,Nissan Leaf e+ 62 kW,62000,174,13:00.5,3.8,6.1,10,N,-3.409151607674899,23.978191945093997,364,97,,,,0.0,39.0,316.0,9,331,33,8,1
19/04/2023 09:11,71,37.8,77,18.500002,99.26,-422,0,3,84,-7.72,2934,29,-1.959777,43.300526,74.494644,3.1996285912784765,11:22.5,7,7200.481,0101000020E610000036801C1C3F5BFFBFA0E6EAA877A64540,20230419_NISSAN_DONOSTIA_IRUN_029,,d4,04:26.1,41:47.9,NISSAN_LEAF,Nissan Leaf e+ 62 kW,62000,174,13:00.5,3.8,6.1,10,N,-4.405054519199146,36.23145366034499,364,97,,,,0.0,39.0,316.0,9,331,33,25,1
19/04/2023 09:11,57,2.3,77,18.500002,99.26,-456,0,3,84,0.0,98,29,-1.959444,43.30077,58.57097,3.2410515213810425,11:30.6,7,7200.441,0101000020E610000074D4E7F6E159FFBFFC7A55927FA64540,20230419_NISSAN_DONOSTIA_IRUN_029,,d4,04:26.1,41:47.9,NISSAN_LEAF,Nissan Leaf e+ 62 kW,62000,174,13:00.5,3.8,6.1,10,N,2.2362571795825503,-168.493945817683,433,83,,,,0.0,216.0,217.0,0,424,9,40,1
19/04/2023 09:11,54,0.0,77,18.500002,99.26,-456,0,3,85,0.0,0,29,-1.9594833,43.300762,54.43972,3.2463404569345373,11:38.6,7,7200.394,0101000020E6100000B352F1210B5AFFBF3E320E697FA64540,20230419_NISSAN_DONOSTIA_IRUN_029,,d4,04:26.1,41:47.9,NISSAN_LEAF,Nissan Leaf e+ 62 kW,62000,174,13:00.5,3.8,6.1,10,N,-2.038397533359975,9.521680673840212,364,97,,,,0.0,39.0,316.0,9,331,33,40,1
19/04/2023 09:11,53,33.2,77,18.500002,99.26,-456,11280,3,85,-0.41,1841,29,-1.9592329,43.300804,53.51164,3.267155644384012,11:47.6,7,7200.371,0101000020E6100000E1B470AC0459FFBF5AFF54B680A64540,20230419_NISSAN_DONOSTIA_IRUN_029,,d4,04:26.1,41:47.9,NISSAN_LEAF,Nissan Leaf e+ 62 kW,62000,174,13:00.5,3.8,6.1,10,N,-5.477378264332995,53.88740737262618,433,83,,,,0.0,216.0,217.0,0,424,9,40,1
19/04/2023 09:11,50,38.9,77,18.500002,99.26,-456,0,3,86,-0.98,2485,29,-1.9587959,43.301403,51.597294,3.342591471180115,11:55.7,7,7200.274,0101000020E610000023FCC3563A57FFBFC92CE55894A64540,20230419_NISSAN_DONOSTIA_IRUN_029,,d4,04:26.1,41:47.9,NISSAN_LEAF,Nissan Leaf e+ 62 kW,62000,174,13:00.5,3.8,6.1,10,N,-1.7272407295546053,6.4485488546357015,433,83,,,,0.0,216.0,217.0,0,424,9,40,1
19/04/2023 09:12,43,57.5,77,18.500002,99.26,-459,14600,3,86,4.59,3596,29,-1.9575484,43.301544,44.077408,3.445029140025594,12:04.8,7,7200.213000000001,0101000020E61000009A67B8341E52FFBF5B89BEFC98A64540,20230419_NISSAN_DONOSTIA_IRUN_029,,d4,04:26.1,41:47.9,NISSAN_LEAF,Nissan Leaf e+ 62 kW,62000,174,13:00.5,3.8,6.1,10,N,-0.7051250727565146,-3.362096947547701,462,110,3.0,42.0,350.0,,,,67,211,251,65,2
19/04/2023 09:12,43,67.4,77,18.500002,99.26,-459,19200,4,86,3.33,4580,29,-1.9557781000000003,43.30144,42.409885,3.5887621828743046,12:12.8,7,7200.174,0101000020E6100000BA825506DE4AFFBF1C4F80A295A64540,20230419_NISSAN_DONOSTIA_IRUN_029,,d4,04:26.1,41:47.9,NISSAN_LEAF,Nissan Leaf e+ 62 kW,62000,174,13:00.5,3.8,6.1,10,N,-2.43528826960764,13.529899975853157,162,65,,,,0.0,162.0,0.0,0,154,8,55,1
19/04/2023 09:12,45,45.9,77,18.500002,99.26,-475,0,3,86,-6.03,3679,29,-1.9538249,43.30191,45.28642,3.7552607455810296,12:21.9,7,7200.116999999999,0101000020E610000015DCBAE8DD42FFBF227359F8A4A64540,20230419_NISSAN_DONOSTIA_IRUN_029,,d4,04:26.1,41:47.9,NISSAN_LEAF,Nissan Leaf e+ 62 kW,62000,174,13:00.5,3.8,6.1,10,N,-2.2563455821159017,11.709001101726631,162,65,,,,0.0,162.0,0.0,0,154,8,65,1
19/04/2023 09:12,47,5.9,77,18.500002,99.26,-516,0,3,87,-2.05,864,29,-1.9530336,43.302074,47.88492,3.8218910735485903,12:29.9,7,7200.0830000000005,0101000020E6100000AD567914A03FFFBF92890B6AAAA64540,20230419_NISSAN_DONOSTIA_IRUN_029,,d4,04:26.1,41:47.9,NISSAN_LEAF,Nissan Leaf e+ 62 kW,62000,174,13:00.5,3.8,6.1,10,N,-0.1042002230702842,-9.021225673509685,162,65,,,,0.0,162.0,0.0,0,154,8,65,1
19/04/2023 09:12,49,30.7,77,18.500002,99.26,-516,0,3,87,-0.81,1880,29,-1.9525675,43.302,49.248936,3.860519989874101,12:39.0,7,7200.026,0101000020E61000003D827069B73DFFBFA85C6DD3A7A64540,20230419_NISSAN_DONOSTIA_IRUN_029,,d4,04:26.1,41:47.9,NISSAN_LEAF,Nissan Leaf e+ 62 kW,62000,174,13:00.5,3.8,6.1,10,N,-6.099989499217014,80.10631232514181,162,65,,,,0.0,162.0,0.0,0,154,8,25,1
19/04/2023 09:12,48,38.6,77,18.500002,99.26,-516,10360,3,87,7.44,2444,29,-1.9524707,43.302555,49.108837,3.922728477606829,12:48.0,7,7200.016,0101000020E610000036FA5EDE513DFFBF2D3E5912BAA64540,20230419_NISSAN_DONOSTIA_IRUN_029,,d4,04:26.1,41:47.9,NISSAN_LEAF,Nissan Leaf e+ 62 kW,62000,174,13:00.5,3.8,6.1,10,N,-6.099901046673344,80.32635366884635,162,65,,,,0.0,162.0,0.0,0,154,8,80,1
19/04/2023 09:12,50,48.6,77,18.500002,99.26,-516,12160,3,88,4.59,3113,29,-1.9523224,43.303425,49.25022,4.02020965698081,12:56.0,7,7199.972,0101000020E610000044C0FA68B63CFFBF9E38BC9DD6A64540,20230419_NISSAN_DONOSTIA_IRUN_029,,d4,04:26.1,41:47.9,NISSAN_LEAF,Nissan Leaf e+ 62 kW,62000,174,13:00.5,3.8,6.1,10,N,-3.1199626371532068,139.23825228936784,162,65,,,,0.0,162.0,0.0,0,154,8,8,1
19/04/2023 09:13,52,56.0,77,18.500002,99.26,-516,18480,3,88,4.95,3662,29,-1.9532377,43.304214,52.199177,4.1350637524891605,13:04.1,7,7199.923000000001,0101000020E6100000ECD52E217640FFBFBAD75E71F0A64540,20230419_NISSAN_DONOSTIA_IRUN_029,,d4,04:26.1,41:47.9,NISSAN_LEAF,Nissan Leaf e+ 62 kW,62000,174,13:00.5,3.8,6.1,10,N,-4.687339864055442,40.21189257558627,162,65,,,,0.0,162.0,0.0,0,154,8,8,1
19/04/2023 09:13,55,56.5,77,18.500002,99.26,-516,15800,3,89,5.41,3806,29,-1.952114,43.305164000000005,55.715927,4.274487783990618,13:13.2,7,7199.813,0101000020E61000002E3C09D1DB3BFFBF0395E2940FA74540,20230419_NISSAN_DONOSTIA_IRUN_029,,d4,04:26.1,41:47.9,NISSAN_LEAF,Nissan Leaf e+ 62 kW,62000,174,13:11.3,3.8,6.1,10,N,0.1281392206114776,-11.20366829407426,162,65,,,,0.0,162.0,0.0,0,154,8,8,1
19/04/2023 09:13,64,65.5,77,18.500002,99.26,-516,15160,3,89,3.25,4503,29,-1.9504025,43.304825,63.187540000000006,4.418211616869388,13:21.2,7,7199.783,0101000020E6100000ADBD4130D934FFBFACAED47304A74540,20230419_NISSAN_DONOSTIA_IRUN_029,,d4,04:26.1,41:47.9,NISSAN_LEAF,Nissan Leaf e+ 62 kW,62000,174,13:11.3,3.8,6.1,10,N,-1.1054526959421458,0.4409315717508367,162,65,,,,0.0,162.0,0.0,0,154,8,8,1
19/04/2023 09:13,73,65.0,76,18.500002,99.26,-516,14320,3,90,4.48,4373,29,-1.9484534,43.304840000000006,73.80846,4.576295300758971,13:30.2,7,7199.762,0101000020E6100000469CDB8BDD2CFFBFFE502FF804A74540,20230419_NISSAN_DONOSTIA_IRUN_029,,d4,04:26.1,41:47.9,NISSAN_LEAF,Nissan Leaf e+ 62 kW,62000,174,13:11.3,3.8,6.1,10,N,-4.46266047846282,37.01932476848592,453,102,,,,1.0,0.0,432.0,20,450,3,8,1
19/04/2023 09:13,84,69.2,76,18.500002,99.26,-516,17880,3,90,3.5,4634,29,-1.9471737,43.305805,83.30205500000001,4.725716608283416,13:38.3,7,7199.732,0101000020E61000009125A1A79F27FFBF007F88AE24A74540,20230419_NISSAN_DONOSTIA_IRUN_029,,d4,04:26.1,41:47.9,NISSAN_LEAF,Nissan Leaf e+ 62 kW,62000,174,13:11.3,3.8,6.1,10,N,-6.089263083367883,76.6000210693861,453,102,,,,1.0,0.0,432.0,20,450,3,70,1
19/04/2023 09:13,92,60.3,76,18.500002,99.26,-516,9440,3,90,2.47,4160,29,-1.9468366,43.30722,92.69043,4.8856800352632135,13:47.3,7,7199.686,0101000020E6100000A81731143E26FFBFC146890E53A74540,20230419_NISSAN_DONOSTIA_IRUN_029,,d4,04:26.1,41:47.9,NISSAN_LEAF,Nissan Leaf e+ 62 kW,62000,174,13:11.3,3.8,6.1,10,N,-4.268678302907548,125.59037701230118,462,110,3.0,42.0,350.0,,,,67,211,251,8,1
19/04/2023 09:13,98,65.4,76,18.500002,99.26,-516,0,4,90,-1.34,4428,29,-1.947631,43.30833,98.761696,5.024973359036702,13:56.4,7,7199.618,0101000020E6100000EBDC4D1F7F29FFBFE6484B5E77A74540,20230419_NISSAN_DONOSTIA_IRUN_029,,d4,04:26.1,41:47.9,NISSAN_LEAF,Nissan Leaf e+ 62 kW,62000,174,13:11.3,3.8,6.1,10,N,-4.543078198370911,121.86091716361956,462,110,3.0,42.0,350.0,,,,67,211,251,40,1
19/04/2023 09:14,95,42.5,76,18.500002,99.26,-562,0,4,90,-4.17,3009,29,-1.9483855,43.309544,95.5978,5.173160479862867,14:04.4,7,7199.6,0101000020E6100000704A1834962CFFBFEF68C9199FA74540,20230419_NISSAN_DONOSTIA_IRUN_029,,d4,04:26.1,41:47.9,NISSAN_LEAF,Nissan Leaf e+ 62 kW,62000,174,13:11.3,3.8,6.1,10,N,-5.968527760747374,68.08283736970512,462,110,3.0,42.0,350.0,,,,67,211,251,40,1
19/04/2023 09:14,97,20.9,76,18.500002,99.26,-597,0,3,90,-2.59,1745,29,-1.9481968,43.310013,97.656006,5.227538923295258,14:12.4,7,7199.565,0101000020E61000001A976855D02BFFBFCBFCD972AEA74540,20230419_NISSAN_DONOSTIA_IRUN_029,,d4,04:26.1,41:47.9,NISSAN_LEAF,Nissan Leaf e+ 62 kW,62000,174,13:11.3,3.8,6.1,10,N,-2.639670833864981,15.641123781354178,462,110,3.0,42.0,350.0,,,,67,211,251,40,1
19/04/2023 09:14,100,0.0,76,18.500002,99.26,-603,0,3,90,0.0,0,29,-1.9480075,43.310066,99.2127,5.244023763370757,14:20.5,7,7200.501,0101000020E610000036F950ED092BFFBF5515CE48B0A74540,20230419_NISSAN_DONOSTIA_IRUN_029,,d4,04:26.1,41:47.9,NISSAN_LEAF,Nissan Leaf e+ 62 kW,62000,174,13:11.3,3.8,6.1,10,N,-3.552780909497015,25.621151673363112,462,110,3.0,42.0,350.0,,,,67,211,251,40,1
19/04/2023 09:14,106,27.4,76,18.500002,99.26,-603,14320,3,90,5.64,1226,29,-1.9479512,43.310093,106.72908,5.253311407086136,14:28.6,7,7200.446,0101000020E6100000B6A098EACE2AFFBF3B2D6226B1A74540,20230419_NISSAN_DONOSTIA_IRUN_029,,d4,04:26.1,41:47.9,NISSAN_LEAF,Nissan Leaf e+ 62 kW,62000,174,13:11.3,3.8,6.1,10,N,-5.197760469240965,48.439928021068496,462,110,3.0,42.0,350.0,,,,67,211,251,40,1
19/04/2023 09:14,101,40.6,76,18.500002,99.26,-603,6760,3,91,4.42,2809,29,-1.9474485,43.31066,102.753815,5.328445665772925,14:36.6,7,7200.416,0101000020E6100000899C04B7BF28FFBF5BA703C7C3A74540,20230419_NISSAN_DONOSTIA_IRUN_029,,d4,04:26.1,41:47.9,NISSAN_LEAF,Nissan Leaf e+ 62 kW,62000,174,13:11.3,3.8,6.1,10,N,-4.459007093133653,36.96901439119608,462,110,3.0,42.0,350.0,,,,67,211,251,60,1
19/04/2023 09:14,97,59.8,76,18.500002,99.26,-603,0,3,91,-1.3,4123,29,-1.9462754,43.311543,98.00706,5.465090368163721,14:45.6,7,7200.365,0101000020E610000068852A94F123FFBFCE01069FE0A74540,20230419_NISSAN_DONOSTIA_IRUN_029,,d4,04:26.1,41:47.9,NISSAN_LEAF,Nissan Leaf e+ 62 kW,62000,174,13:11.3,3.8,6.1,10,N,-4.741882079939813,41.0192831500256,462,110,3.0,42.0,350.0,,,,67,211,251,45,1
19/04/2023 09:14,93,50.6,76,18.500002,99.26,-628,0,3,91,-6.5,3603,29,-1.9453017,43.31239,93.80748,5.587949315990009,14:53.7,7,7200.316,0101000020E6100000753681A3F41FFFBFFF6C1955FCA74540,20230419_NISSAN_DONOSTIA_IRUN_029,,d4,04:26.1,41:47.9,NISSAN_LEAF,Nissan Leaf e+ 62 kW,62000,174,13:11.3,3.8,6.1,10,N,-3.101606254411758,20.561308231439835,462,110,3.0,42.0,350.0,,,,67,211,251,60,1
19/04/2023 09:15,89,26.9,76,18.500002,99.26,-670,0,3,91,-5.67,2377,29,-1.9443473,43.312748,89.12969,5.674950690443793,15:01.7,7,7200.273,0101000020E6100000EB4960D10B1CFFBF3484642C08A84540,20230419_NISSAN_DONOSTIA_IRUN_029,,d4,04:26.1,41:47.9,NISSAN_LEAF,Nissan Leaf e+ 62 kW,62000,174,13:11.3,3.8,6.1,10,N,1.4848938507712868,-24.088788295155428,462,110,3.0,42.0,350.0,,,,67,211,251,40,1
19/04/2023 09:15,89,4.4,76,18.500002,99.26,-687,600,3,91,1.39,303,29,-1.9439268,43.31256,89.62216,5.714884694745531,15:10.8,7,7200.234,0101000020E61000008F34C4F7521AFFBF9FB4530702A84540,20230419_NISSAN_DONOSTIA_IRUN_029,,d4,04:26.1,41:47.9,NISSAN_LEAF,Nissan Leaf e+ 62 kW,62000,174,13:11.3,3.8,6.1,10,N,1.6190020048891078,-25.39132627094566,462,110,3.0,42.0,350.0,,,,67,211,251,40,1
19/04/2023 09:15,87,42.6,76,18.500002,99.26,-687,18680,3,91,-0.66,2433,29,-1.9434633,43.31234,87.35092,5.759716690640154,15:19.8,7,7200.19,0101000020E61000002B861EF46C18FFBF66B3BEB8FAA74540,20230419_NISSAN_DONOSTIA_IRUN_029,,d4,04:26.1,41:47.9,NISSAN_LEAF,Nissan Leaf e+ 62 kW,62000,174,13:11.3,3.8,6.1,10,N,1.801179672188143,-27.17404965812794,462,110,3.0,42.0,350.0,,,,67,211,251,40,1
19/04/2023 09:15,90,48.7,76,18.500002,99.26,-687,17040,3,92,5.92,3143,29,-1.9425088,43.31185,89.75771999999999,5.8542603542702505,15:27.9,7,7200.138000000001,0101000020E61000006AE7A1118414FFBFB36DDFCFEAA74540,20230419_NISSAN_DONOSTIA_IRUN_029,,d4,04:26.1,41:47.9,NISSAN_LEAF,Nissan Leaf e+ 62 kW,62000,174,13:11.3,3.8,6.1,10,N,1.0399494708473755,-19.8159331011693,462,110,3.0,42.0,350.0,,,,67,211,251,80,1
19/04/2023 09:15,89,79.9,76,18.500002,99.26,-687,32880,3,92,7.0,4958,29,-1.9410102,43.31131,89.846,5.989564234989576,15:35.9,7,7200.107,0101000020E61000007877E8B0600EFFBFE31B8302D9A74540,20230419_NISSAN_DONOSTIA_IRUN_029,,d4,04:26.1,41:47.9,NISSAN_LEAF,Nissan Leaf e+ 62 kW,62000,174,13:11.3,3.8,6.1,10,N,0.1629708570068048,-11.5309267969859,462,110,3.0,42.0,350.0,,,,67,211,251,80,1
19/04/2023 09:15,92,83.9,76,18.500002,99.26,-687,24800,3,93,3.42,5501,29,-1.938579,43.310814,91.98176,6.193869126797863,15:44.9,7,7200.055,0101000020E6100000960BA5676B04FFBF519DBFB0C8A74540,20230419_NISSAN_DONOSTIA_IRUN_029,,d4,04:26.1,41:47.9,NISSAN_LEAF,Nissan Leaf e+ 62 kW,62000,174,18:01.0,6.9,11.2,120,ESE,-10.350747281164546,-7.544108682529793,462,110,3.0,42.0,350.0,,,,67,211,251,25,1
19/04/2023 09:15,94,86.8,76,18.500002,99.26,-687,14360,3,93,3.95,5715,29,-1.9363062,43.310513,94.24992,6.380797170841208,15:53.0,7,7200.023,0101000020E610000012F469441CFBFEBF0389C3EABEA74540,20230419_NISSAN_DONOSTIA_IRUN_029,,d4,04:26.1,41:47.9,NISSAN_LEAF,Nissan Leaf e+ 62 kW,62000,174,18:01.0,6.9,11.2,120,ESE,-10.04640949751907,-3.766600280658984,462,110,3.0,42.0,350.0,,,,67,211,251,30,1
19/04/2023 09:16,92,90.1,76,18.999998,99.26,-696,600,3,93,0.0,6153,29,-1.9335265,43.31033,92.933334,6.606627319384259,16:02.0,7,7199.962,0101000020E610000013D1FA73B9EFFEBFA7BE97EAB8A74540,20230419_NISSAN_DONOSTIA_IRUN_029,,d4,04:26.1,41:47.9,NISSAN_LEAF,Nissan Leaf e+ 62 kW,62000,174,18:01.0,6.9,11.2,120,ESE,-10.74709865358322,-13.650484653527384,462,110,3.0,42.0,350.0,,,,67,211,251,8,1
19/04/2023 09:16,89,91.9,76,18.999998,99.26,-701,0,3,93,3.59,6151,29,-1.9311671,43.309757,90.275505,6.807898823898601,16:10.1,7,7199.938,0101000020E610000060A1B3780FE6FEBFCA548F1FA6A74540,20230419_NISSAN_DONOSTIA_IRUN_029,,d4,04:26.1,41:47.9,NISSAN_LEAF,Nissan Leaf e+ 62 kW,62000,174,18:01.0,6.9,11.2,120,ESE,-11.19713135138597,-28.70318935751101,462,110,3.0,42.0,350.0,,,,67,211,251,25,1
19/04/2023 09:16,87,97.5,76,18.999998,99.26,-715,640,3,93,0.0,6653,29,-1.9287363,43.308426,87.49259,7.054060889666679,16:19.1,7,7199.87,0101000020E6100000A829F4AA1ADCFEBF9CE78C827AA74540,20230419_NISSAN_DONOSTIA_IRUN_029,,d4,04:26.1,41:47.9,NISSAN_LEAF,Nissan Leaf e+ 62 kW,62000,174,18:01.0,6.9,11.2,120,ESE,-11.192723787687356,-27.93459694444149,454,91,164.0,95.0,148.0,,,,47,339,115,8,1
19/04/2023 09:16,87,93.9,76,18.999998,99.26,-715,9160,3,92,2.16,6485,29,-1.9266071,43.307297,87.13557,7.267230849986811,16:27.2,7,7199.848000000001,0101000020E6100000DACB2BFD61D3FEBFBD0CE57C55A74540,20230419_NISSAN_DONOSTIA_IRUN_029,,d4,04:26.1,41:47.9,NISSAN_LEAF,Nissan Leaf e+ 62 kW,62000,174,18:01.0,6.9,11.2,120,ESE,-10.244319193986184,-6.159098368020383,454,91,164.0,95.0,148.0,,,,47,339,115,100,1
19/04/2023 09:16,89,91.8,76,18.999998,99.26,-715,16920,3,92,2.42,6238,29,-1.9234564,43.306957,89.62368000000001,7.524970228045699,16:36.2,7,7199.77,0101000020E6100000771235337AC6FEBFC32C24634AA74540,20230419_NISSAN_DONOSTIA_IRUN_029,,d4,04:26.1,41:47.9,NISSAN_LEAF,Nissan Leaf e+ 62 kW,62000,174,18:01.0,6.9,11.2,120,ESE,-8.268338664351026,12.417910152702408,462,110,3.0,42.0,350.0,,,,67,211,251,8,2
19/04/2023 09:16,94,94.6,75,18.999998,99.26,-715,25800,3,92,3.67,6262,29,-1.9210812,43.30748,93.980736,7.725812801534318,16:44.3,7,7199.738,0101000020E6100000531477AABFBCFEBF0130D5895BA74540,20230419_NISSAN_DONOSTIA_IRUN_029,,d4,04:26.1,41:47.9,NISSAN_LEAF,Nissan Leaf e+ 62 kW,62000,174,18:01.0,6.9,11.2,120,ESE,-6.538827541004854,24.28005355238201,462,110,3.0,42.0,350.0,,,,67,211,251,100,2
19/04/2023 09:16,98,100.5,75,18.999998,99.26,-715,13200,3,92,2.16,6744,29,-1.9185363,43.308628000000006,98.45467,7.968129009212052,16:53.3,7,7199.698,0101000020E6100000638A242D53B2FEBF19D8681381A74540,20230419_NISSAN_DONOSTIA_IRUN_029,,d4,04:26.1,41:47.9,NISSAN_LEAF,Nissan Leaf e+ 62 kW,62000,174,18:01.0,6.9,11.2,120,ESE,-9.130992982909673,5.386206380441258,462,110,3.0,42.0,350.0,,,,67,211,251,120,2
19/04/2023 09:17,100,96.5,75,19.5,99.26,-715,15360,3,92,1.2,6356,29,-1.9159484,43.308872,100.4069,8.179283185069519,17:01.4,7,7199.630999999999,0101000020E6100000FF2FF379B9A7FEBF64E1DB1089A74540,20230419_NISSAN_DONOSTIA_IRUN_029,,d4,04:26.1,41:47.9,NISSAN_LEAF,Nissan Leaf e+ 62 kW,62000,174,18:01.0,6.9,11.2,120,ESE,-10.167910784788733,-5.209795616968532,462,110,3.0,42.0,350.0,,,,67,211,251,25,2
19/04/2023 09:17,101,112.6,75,19.5,99.26,-715,33720,3,92,1.84,7326,29,-1.9128556,43.30859,101.62653,8.431490832453644,17:10.4,7,7199.590999999999,0101000020E6100000556FC1890E9BFEBF4D3D3DE07FA74540,20230419_NISSAN_DONOSTIA_IRUN_029,,d4,04:26.1,41:47.9,NISSAN_LEAF,Nissan Leaf e+ 62 kW,62000,174,18:01.0,6.9,11.2,120,ESE,-9.610540432951188,0.8978732426979262,454,91,164.0,95.0,148.0,,,,47,339,115,45,2
19/04/2023 09:17,100,104.7,75,19.5,99.26,-736,0,3,92,-1.66,7258,29,-1.9094738,43.308643,100.662994,8.705188139959354,17:19.5,7,7199.549,0101000020E6100000495D665E348DFEBFED04689F81A74540,20230419_NISSAN_DONOSTIA_IRUN_029,,d4,04:26.1,41:47.9,NISSAN_LEAF,Nissan Leaf e+ 62 kW,62000,174,18:01.0,6.9,11.2,120,ESE,-10.348900318648544,-7.519385496137542,462,110,3.0,42.0,350.0,,,,67,211,251,8,3
19/04/2023 09:17,93,100.1,75,19.5,99.26,-761,0,3,92,-0.42,6922,29,-1.9066707,43.308273,94.03936,8.935792887983816,17:27.5,7,7199.528,0101000020E6100000EEA14B11B981FEBF4B26838675A74540,20230419_NISSAN_DONOSTIA_IRUN_029,,d4,04:26.1,41:47.9,NISSAN_LEAF,Nissan Leaf e+ 62 kW,62000,174,18:01.0,6.9,11.2,120,ESE,-10.940875207135647,-17.651221458305105,405,25,,,,404.0,1.0,0.0,0,368,37,120,2
19/04/2023 09:17,89,109.1,75,19.5,99.26,-761,25560,3,92,3.19,7344,29,-1.9040843,43.30745,89.393776,9.16425056087036,17:35.5,7,7200.484,0101000020E6100000BBD5B21D2177FEBFB79439795AA74540,20230419_NISSAN_DONOSTIA_IRUN_029,,d4,04:26.1,41:47.9,NISSAN_LEAF,Nissan Leaf e+ 62 kW,62000,174,18:01.0,6.9,11.2,120,ESE,-11.175519122634814,-26.21102930550604,405,25,,,,404.0,1.0,0.0,0,368,37,8,2
19/04/2023 09:17,93,102.9,75,19.5,99.26,-761,15720,3,92,2.14,7140,29,-1.9016427,43.306248,93.19445,9.402808153085614,17:43.6,7,7200.434,0101000020E610000097D1BEE6206DFEBF90D6001933A74540,20230419_NISSAN_DONOSTIA_IRUN_029,,d4,04:26.1,41:47.9,NISSAN_LEAF,Nissan Leaf e+ 62 kW,62000,174,18:01.0,6.9,11.2,120,ESE,-10.647002533300654,-11.920204179342043,405,25,,,,404.0,1.0,0.0,0,368,37,45,2
19/04/2023 09:17,95,96.8,75,19.5,99.26,-761,16000,3,92,-0.27,6699,29,-1.8986773,43.305622,95.50281,9.652661803004422,17:52.6,7,7200.383000000001,0101000020E6100000BADC0A7CFB60FEBF4715CC9B1EA74540,20230419_NISSAN_DONOSTIA_IRUN_029,,d4,04:26.1,41:47.9,NISSAN_LEAF,Nissan Leaf e+ 62 kW,62000,174,18:01.0,6.9,11.2,120,ESE,-10.66120001866758,-12.155720267974688,405,25,,,,404.0,1.0,0.0,0,368,37,45,2
19/04/2023 09:18,94,80.0,75,19.5,99.26,-776,0,3,92,-1.5,5624,29,-1.8947822,43.304783,94.3494,9.98136363107692,18:05.7,7,7200.326,0101000020E6100000A190CD130751FEBFE60F7D2103A74540,20230419_NISSAN_DONOSTIA_IRUN_029,,d4,04:26.1,41:47.9,NISSAN_LEAF,Nissan Leaf e+ 62 kW,62000,174,18:01.0,6.9,11.2,120,ESE,-9.765246913352682,-0.6798424217166571,405,25,,,,404.0,1.0,0.0,0,368,37,45,2
19/04/2023 09:18,93,94.3,75,19.5,99.26,-777,13600,3,92,1.05,6189,29,-1.8925068,43.304756,94.15098,10.165509690713868,18:13.8,7,7200.1990000000005,0101000020E6100000CB78B13CB547FEBFFD699A3D02A74540,20230419_NISSAN_DONOSTIA_IRUN_029,,d4,04:26.1,41:47.9,NISSAN_LEAF,Nissan Leaf e+ 62 kW,62000,174,18:11.5,6.9,11.2,120,ESE,-8.003630853669344,14.388762022783965,405,25,,,,404.0,1.0,0.0,0,368,37,120,1
19/04/2023 09:18,90,94.6,75,19.5,99.26,-781,5000,3,92,2.25,6290,29,-1.8900745,43.30538,90.92603,10.374223697858183,18:21.9,7,7200.144,0101000020E6100000641214CEBE3DFEBF97A9EAB616A74540,20230419_NISSAN_DONOSTIA_IRUN_029,,d4,04:26.1,41:47.9,NISSAN_LEAF,Nissan Leaf e+ 62 kW,62000,174,18:11.5,6.9,11.2,120,ESE,-5.724192259139874,29.26363228303748,405,25,,,,404.0,1.0,0.0,0,368,37,8,1
19/04/2023 09:18,86,96.4,75,19.5,99.26,-796,0,3,91,-0.41,6625,29,-1.8876474,43.306740000000005,87.106926,10.62212221479412,18:30.8,7,7200.218000000001,0101000020E610000073F6AEC4CD33FEBFBD61674F43A74540,20230419_NISSAN_DONOSTIA_IRUN_029,,d4,04:26.1,41:47.9,NISSAN_LEAF,Nissan Leaf e+ 62 kW,62000,174,18:11.5,6.9,11.2,120,ESE,-7.8466573684768415,15.525287095597138,405,25,,,,404.0,1.0,0.0,0,368,37,120,1
19/04/2023 09:18,78,104.0,75,19.5,99.26,-796,13480,3,91,2.25,7110,29,-1.8851348,43.307438,79.56809,10.839871453734856,18:38.8,7,7200.198,0101000020E6100000EEACAA1B8329FEBF99E04B285AA74540,20230419_NISSAN_DONOSTIA_IRUN_029,,d4,04:26.1,41:47.9,NISSAN_LEAF,Nissan Leaf e+ 62 kW,62000,174,18:11.5,6.9,11.2,120,ESE,-10.109075692359482,-4.501432010568776,405,25,,,,404.0,1.0,0.0,0,368,37,120,1
19/04/2023 09:18,73,111.2,75,20.0,99.26,-796,23600,3,91,2.88,7555,29,-1.8821752,43.307205,73.34903,11.080824855802925,18:46.9,7,7200.136,0101000020E61000008AF760C4631DFEBF058D627F52A74540,20230419_NISSAN_DONOSTIA_IRUN_029,,d4,04:26.1,41:47.9,NISSAN_LEAF,Nissan Leaf e+ 62 kW,62000,174,18:11.5,6.9,11.2,120,ESE,-10.319601388312115,-7.130583369775572,405,25,,,,404.0,1.0,0.0,0,368,37,120,1
19/04/2023 09:18,73,107.0,75,20.0,99.26,-796,19880,3,91,3.02,7303,29,-1.8788818,43.306793,73.76425,11.351220874130465,18:55.9,7,7200.096,0101000020E6100000A1C5656AE60FFEBF22ED90F244A74540,20230419_NISSAN_DONOSTIA_IRUN_029,,d4,04:26.1,41:47.9,NISSAN_LEAF,Nissan Leaf e+ 62 kW,62000,174,18:11.5,6.9,11.2,120,ESE,-7.447915738623956,18.31825177391933,405,25,,,,404.0,1.0,0.0,0,368,37,120,1
19/04/2023 09:19,75,108.7,74,20.0,99.26,-796,23320,3,92,3.05,7305,29,-1.8761845,43.307686,74.86188,11.591002157136616,19:04.0,7,7200.047,0101000020E6100000EA105BFDD904FEBFDE66233C62A74540,20230419_NISSAN_DONOSTIA_IRUN_029,,d4,04:26.1,41:47.9,NISSAN_LEAF,Nissan Leaf e+ 62 kW,62000,174,18:11.5,6.9,11.2,120,ESE,-2.605372715324783,46.54847762537479,405,25,,,,404.0,1.0,0.0,0,368,37,25,1
19/04/2023 09:19,76,114.2,74,20.0,99.26,-796,28360,3,92,3.73,7522,29,-1.8743021,43.309673,76.65886,11.85936422335481,19:13.0,7,7200.02,0101000020E6100000ED593B3624FDFDBF686B7861A3A74540,20230419_NISSAN_DONOSTIA_IRUN_029,,d4,04:26.1,41:47.9,NISSAN_LEAF,Nissan Leaf e+ 62 kW,62000,174,18:11.5,6.9,11.2,120,ESE,-0.1172076608616547,59.40039045755192,405,25,,,,404.0,1.0,0.0,0,368,37,45,1
19/04/2023 09:19,77,116.8,74,20.0,99.26,-796,28000,3,93,3.5,7842,29,-1.873059,43.311775,77.12491999999999,12.113818565308897,19:21.0,7,7199.965999999999,0101000020E61000003B1267C40CF8FDBF121D9C40E8A74540,20230419_NISSAN_DONOSTIA_IRUN_029,,d4,04:26.1,41:47.9,NISSAN_LEAF,Nissan Leaf e+ 62 kW,62000,174,18:11.5,6.9,11.2,120,ESE,-3.937164076491596,39.41892124157412,405,25,,,,404.0,1.0,0.0,0,368,37,8,1
19/04/2023 09:19,82,117.0,74,20.0,99.26,-796,25560,3,93,-1.56,7982,29,-1.8709117,43.31354,80.017586,12.375943037214213,19:29.1,7,7199.916,0101000020E61000005A61B92741EFFDBF6D37C11A22A84540,20230419_NISSAN_DONOSTIA_IRUN_029,,d4,04:26.1,41:47.9,NISSAN_LEAF,Nissan Leaf e+ 62 kW,62000,174,18:11.5,6.9,11.2,120,ESE,-6.569741848407154,24.08502203266538,405,25,,,,404.0,1.0,0.0,0,368,37,40,2
19/04/2023 09:19,92,113.0,74,20.0,99.26,-796,27160,3,94,3.42,7564,29,-1.867999,43.314842,90.877556,12.652729703187422,19:38.1,7,7199.879,0101000020E61000001670FEE852E3FDBF5B3DA9B74CA84540,20230419_NISSAN_DONOSTIA_IRUN_029,,d4,04:26.1,41:47.9,NISSAN_LEAF,Nissan Leaf e+ 62 kW,62000,174,18:11.5,6.9,11.2,120,ESE,-8.637930294892326,9.534289369808436,405,25,,,,404.0,1.0,0.0,0,368,37,40,2
19/04/2023 09:19,102,113.1,74,20.0,99.26,-796,28160,3,94,3.45,7664,29,-1.8646172,43.31541,102.427155,12.933765173958658,19:46.2,7,7199.776999999999,0101000020E61000004B79EBDD78D5FDBF807F0D6B5FA84540,20230419_NISSAN_DONOSTIA_IRUN_029,,d4,04:26.1,41:47.9,NISSAN_LEAF,Nissan Leaf e+ 62 kW,62000,174,18:11.5,6.9,11.2,120,ESE,-9.417847028939564,2.766922357339148,405,25,,,,404.0,1.0,0.0,0,368,37,25,2
19/04/2023 09:19,114,93.4,73,20.0,99.26,-796,640,3,95,1.33,6665,29,-1.8617618,43.315548,113.75701,13.165564681409084,19:54.3,7,7199.736999999999,0101000020E6100000384A31C0C6C9FDBFDF790BD463A84540,20230419_NISSAN_DONOSTIA_IRUN_029,,d4,04:26.1,41:47.9,NISSAN_LEAF,Nissan Leaf e+ 62 kW,62000,174,18:11.5,6.9,11.2,120,ESE,-7.463122553308599,18.214005242872265,405,25,,,,404.0,1.0,0.0,0,368,37,8,2
19/04/2023 09:20,125,99.3,73,20.0,99.26,-796,31000,3,95,3.94,6770,29,-1.859051,43.31644,125.03668,13.406527687947797,20:03.3,7,7199.715999999999,0101000020E610000029DE2144ACBEFDBF6A470F1881A84540,20230419_NISSAN_DONOSTIA_IRUN_029,,d4,04:26.1,41:47.9,NISSAN_LEAF,Nissan Leaf e+ 62 kW,62000,174,18:11.5,6.9,11.2,120,ESE,-8.916276988443562,7.241086382448697,405,25,,,,404.0,1.0,0.0,0,368,37,8,3
19/04/2023 09:20,136,108.2,73,20.0,99.26,-796,32920,3,95,4.41,7248,29,-1.856257,43.316795,136.14125,13.63625871335433,20:11.3,7,7199.679,0101000020E6100000EE25787E3AB3FDBF38ADB4B98CA84540,20230419_NISSAN_DONOSTIA_IRUN_029,,d4,04:26.1,41:47.9,NISSAN_LEAF,Nissan Leaf e+ 62 kW,62000,174,18:11.5,6.9,11.2,120,ESE,-10.17233988028426,-5.263888757663459,405,25,,,,404.0,1.0,0.0,0,368,37,45,3
19/04/2023 09:20,148,107.5,73,20.0,99.26,-796,15520,3,96,1.89,7331,29,-1.8529031,43.316486,148.97585,13.910065315922038,20:20.4,7,7199.639,0101000020E61000005423FEB87DA5FDBFA677BE9682A84540,20230419_NISSAN_DONOSTIA_IRUN_029,,d4,04:26.1,41:47.9,NISSAN_LEAF,Nissan Leaf e+ 62 kW,62000,174,18:11.5,6.9,11.2,120,ESE,-8.159912803427588,13.233886032527442,405,25,,,,404.0,1.0,0.0,0,368,37,8,3
19/04/2023 09:20,160,98.9,73,20.0,99.26,-796,8720,3,96,1.0,6803,29,-1.8502072,43.31712,160.06256000000002,14.139548141455554,20:28.4,7,7199.607,0101000020E61000006201B6DD729AFDBF7ED7C15697A84540,20230419_NISSAN_DONOSTIA_IRUN_029,,d4,04:26.1,41:47.9,NISSAN_LEAF,Nissan Leaf e+ 62 kW,62000,174,18:11.5,6.9,11.2,120,ESE,-8.322410898841767,12.006201074032242,405,25,,,,404.0,1.0,0.0,0,368,37,45,3
19/04/2023 09:20,165,106.2,73,20.0,99.26,-796,13480,3,96,1.31,7017,29,-1.8475552,43.317684,164.87059,14.363128464415727,20:36.4,7,7199.566999999999,0101000020E61000001DFA35F0958FFDBFFB5690D8A9A84540,20230419_NISSAN_DONOSTIA_IRUN_029,,d4,04:26.1,41:47.9,NISSAN_LEAF,Nissan Leaf e+ 62 kW,62000,174,18:11.5,6.9,11.2,120,ESE,-10.411533271923677,-8.372732139675994,405,25,,,,404.0,1.0,0.0,0,368,37,45,3
19/04/2023 09:20,163,104.2,73,20.0,99.26,-796,4200,3,96,-1.64,6977,29,-1.844423,43.317223,163.63141000000002,14.621663677961383,20:45.5,7,7199.524,0101000020E6100000C5F207C6C182FDBFB97A75C99AA84540,20230419_NISSAN_DONOSTIA_IRUN_029,,d4,04:26.1,41:47.9,NISSAN_LEAF,Nissan Leaf e+ 62 kW,62000,174,23:04.2,6.9,11.2,120,ESE,-10.208412082860958,-5.70864603980571,199,41,,,,118.0,80.0,1.0,0,183,16,45,3
19/04/2023 09:20,160,99.9,73,20.0,99.26,-816,3400,3,96,-1.58,6692,29,-1.8420922,43.31699,161.07121,14.812018513897058,20:52.5,7,7200.482,0101000020E61000005A5BEEAD3579FDBFCE3B702593A84540,20230419_NISSAN_DONOSTIA_IRUN_029,,d4,04:26.1,41:47.9,NISSAN_LEAF,Nissan Leaf e+ 62 kW,62000,174,23:04.2,6.9,11.2,120,ESE,-8.13030769715136,13.454537618750573,199,41,,,,118.0,80.0,1.0,0,183,16,120,3
19/04/2023 09:21,154,83.9,73,20.0,99.26,-865,0,3,95,-3.48,5928,29,-1.8393669,43.317642,156.23498999999998,15.044163772760083,21:01.6,7,7200.433000000001,0101000020E6100000C6C999030C6EFDBF4D17F77DA8A84540,20230419_NISSAN_DONOSTIA_IRUN_029,,d4,04:26.1,41:47.9,NISSAN_LEAF,Nissan Leaf e+ 62 kW,62000,174,23:04.2,6.9,11.2,120,ESE,-7.456851966621413,18.257012191567814,199,41,,,,118.0,80.0,1.0,0,183,16,90,3
19/04/2023 09:21,148,41.7,73,20.0,99.26,-967,0,3,95,-5.56,3551,29,-1.8374329,43.31828,148.29268000000002,15.216141269944188,21:10.6,7,7200.411,0101000020E61000004AAD24FB1F66FDBF187CCF60BDA84540,20230419_NISSAN_DONOSTIA_IRUN_029,,d4,04:26.1,41:47.9,NISSAN_LEAF,Nissan Leaf e+ 62 kW,62000,174,23:04.2,6.9,11.2,120,ESE,-8.54926440856757,10.241600795235428,199,41,,,,118.0,80.0,1.0,0,183,16,90,2
19/04/2023 09:21,145,6.4,73,20.0,99.26,-1008,0,3,96,-6.47,1404,29,-1.836492,43.31845,145.67857,15.29461586931163,21:19.6,7,7200.359,0101000020E610000093541C604562FDBF0C43ED0AC3A84540,20230419_NISSAN_DONOSTIA_IRUN_029,,d4,04:26.1,41:47.9,NISSAN_LEAF,Nissan Leaf e+ 62 kW,62000,174,23:04.2,6.9,11.2,120,ESE,-9.699484522385712,0.0,199,41,,,,118.0,80.0,1.0,0,183,16,90,2
19/04/2023 09:21,142,5.7,73,20.0,99.26,-1013,560,3,96,0.62,506,29,-1.8363734,43.31845,143.38795,15.304480257398511,21:27.7,7,7200.308000000001,0101000020E610000029913422C961FDBFD341AE0BC3A84540,20230419_NISSAN_DONOSTIA_IRUN_029,,d4,04:26.1,41:47.9,NISSAN_LEAF,Nissan Leaf e+ 62 kW,62000,174,23:04.2,6.9,11.2,120,ESE,-5.996819849832964,27.626899028058144,199,41,,,,118.0,80.0,1.0,0,183,16,90,2
19/04/2023 09:21,139,0.0,73,20.0,99.26,-1013,0,3,96,0.0,0,29,-1.8362836,43.318497,139.30478,15.314317061346907,21:35.7,7,7200.272,0101000020E6100000E057C1D26A61FDBFD2B4818AC4A84540,20230419_NISSAN_DONOSTIA_IRUN_029,,d4,04:26.1,41:47.9,NISSAN_LEAF,Nissan Leaf e+ 62 kW,62000,174,23:04.2,6.9,11.2,120,ESE,-10.3092871158652,-6.9951923043434565,199,41,,,,118.0,80.0,1.0,0,183,16,90,2
19/04/2023 09:21,140,6.4,73,20.0,99.26,-1013,1320,3,96,0.89,292,29,-1.836251,43.318493,139.85696000000002,15.317048049640924,21:44.8,7,7200.221,0101000020E61000002CFBBDC14861FDBFE64A0851C4A84540,20230419_NISSAN_DONOSTIA_IRUN_029,,d4,04:26.1,41:47.9,NISSAN_LEAF,Nissan Leaf e+ 62 kW,62000,174,23:04.2,6.9,11.2,120,ESE,-9.396490859968928,2.9682340314186546,199,41,,,,118.0,80.0,1.0,0,183,16,90,2
19/04/2023 09:21,138,3.3,73,20.0,99.26,-1013,520,3,95,7.88,180,29,-1.836116,43.3185,138.83351000000002,15.328044981475662,21:52.8,7,7200.182,0101000020E6100000FC2F9C2BBB60FDBF2342CA9FC4A84540,20230419_NISSAN_DONOSTIA_IRUN_029,,d4,04:26.1,41:47.9,NISSAN_LEAF,Nissan Leaf e+ 62 kW,62000,174,23:04.2,6.9,11.2,120,ESE,-9.221633243091306,4.577417798493372,199,41,,,,118.0,80.0,1.0,0,183,16,90,2
19/04/2023 09:22,134,61.5,73,20.0,99.26,-1013,21160,3,95,4.17,3477,29,-1.8352042,43.318573,134.83936,15.402362252452182,22:01.9,7,7200.134,0101000020E6100000562E9D25FF5CFDBFD16D0B04C7A84540,20230419_NISSAN_DONOSTIA_IRUN_029,,d4,04:26.1,41:47.9,NISSAN_LEAF,Nissan Leaf e+ 62 kW,62000,174,23:04.2,6.9,11.2,120,ESE,-8.836133763595795,7.913389112655108,199,41,,,,118.0,80.0,1.0,0,183,16,90,2
19/04/2023 09:22,130,73.0,73,20.0,99.26,-1013,11240,3,95,2.17,4764,29,-1.8334488,43.318817,131.22232,15.546987454573465,22:09.9,7,7200.102,0101000020E61000000C85926DCE55FDBFAAC5B300CFA84540,20230419_NISSAN_DONOSTIA_IRUN_029,,d4,04:26.1,41:47.9,NISSAN_LEAF,Nissan Leaf e+ 62 kW,62000,174,23:04.2,6.9,11.2,120,ESE,-8.78469351234495,8.339617325879006,199,41,,,,118.0,80.0,1.0,0,183,16,45,2
19/04/2023 09:22,126,68.0,73,20.0,99.26,-1034,0,3,95,-5.81,4977,29,-1.8311567,43.319153,126.55825,15.736200853489688,22:18.9,7,7200.065,0101000020E6100000933D4AFE6A4CFDBF5C92190DDAA84540,20230419_NISSAN_DONOSTIA_IRUN_029,,d4,04:26.1,41:47.9,NISSAN_LEAF,Nissan Leaf e+ 62 kW,62000,174,23:04.2,6.9,11.2,120,ESE,-8.28316187613491,12.30536910863874,199,41,,,,118.0,80.0,1.0,0,183,16,85,2
19/04/2023 09:22,120,56.3,73,20.0,99.26,-1086,5440,3,95,-1.25,3792,29,-1.8294284,43.31953,121.430954,15.882257570099567,22:28.0,7,7200.022,0101000020E610000071271CB95645FDBFD932895FE6A84540,20230419_NISSAN_DONOSTIA_IRUN_029,,d4,04:26.1,41:47.9,NISSAN_LEAF,Nissan Leaf e+ 62 kW,62000,174,23:04.2,6.9,11.2,120,ESE,-6.7534283602525615,22.91604034615612,199,41,,,,118.0,80.0,1.0,0,183,16,45,2
19/04/2023 09:22,117,71.6,73,20.0,99.26,-1086,2320,3,95,1.11,4634,29,-1.8279618,43.32015,118.097984,16.019518878254598,22:36.0,7,7199.972,0101000020E610000081177FD4543FFDBF6A18FDA8FAA84540,20230419_NISSAN_DONOSTIA_IRUN_029,,d4,04:26.1,41:47.9,NISSAN_LEAF,Nissan Leaf e+ 62 kW,62000,174,23:04.2,6.9,11.2,120,ESE,-4.49157504145984,36.35719742005802,199,41,,,,118.0,80.0,1.0,0,183,16,55,2
19/04/2023 09:22,117,76.4,73,20.0,99.26,-1086,0,3,94,0.0,5150,29,-1.8265218,43.32121,117.36315,16.185239813923218,22:44.1,7,7199.935,0101000020E6100000D19690DE6E39FDBFDFD883501DA94540,20230419_NISSAN_DONOSTIA_IRUN_029,,d4,04:26.1,41:47.9,NISSAN_LEAF,Nissan Leaf e+ 62 kW,62000,174,23:04.2,6.9,11.2,120,ESE,-2.952938784019742,44.71293724458353,199,41,,,,118.0,80.0,1.0,0,183,16,25,2
19/04/2023 09:22,116,79.7,73,20.0,99.26,-1091,440,3,94,-0.97,5413,29,-1.8250976000000003,43.32262,116.73336,16.37980479788299,22:53.1,7,7199.856,0101000020E61000006F649E8B9933FDBFB1D5F79A4BA94540,20230419_NISSAN_DONOSTIA_IRUN_029,,d4,04:26.1,41:47.9,NISSAN_LEAF,Nissan Leaf e+ 62 kW,62000,174,23:04.2,6.9,11.2,120,ESE,-6.016190868923311,27.50949064997432,199,41,,,,118.0,80.0,1.0,0,183,16,8,1
19/04/2023 09:23,115,81.0,73,20.0,99.26,-1098,0,3,93,0.06,5562,29,-1.8228548,43.323788,115.56955,16.6029310959419,23:02.2,7,7199.783,0101000020E6100000FCC287C8692AFDBFC10C36DF71A94540,20230419_NISSAN_DONOSTIA_IRUN_029,,d4,04:26.1,41:47.9,NISSAN_LEAF,Nissan Leaf e+ 62 kW,62000,174,23:04.2,6.9,11.2,120,ESE,-8.277588350666026,12.3477129722309,199,41,,,,118.0,80.0,1.0,0,183,16,25,1
19/04/2023 09:23,112,81.6,73,20.0,99.26,-1098,8160,3,93,2.38,5534,29,-1.8206758,43.324265,112.63417,16.787026825974156,23:10.2,7,7199.753000000001,0101000020E610000050919FF27C21FDBF5E026C7181A94540,20230419_NISSAN_DONOSTIA_IRUN_029,,d4,04:26.1,41:47.9,NISSAN_LEAF,Nissan Leaf e+ 62 kW,62000,174,23:11.4,6.9,11.2,120,ESE,-7.829607872815145,15.647391695661277,199,41,,,,118.0,80.0,1.0,0,183,16,25,1
19/04/2023 09:23,106,91.0,73,20.0,99.26,-1098,32000,3,92,6.53,5935,29,-1.8182802,43.324936,106.96486000000002,16.994756301912158,23:19.3,7,7199.721,0101000020E6100000D7F1B8FEAC17FDBFD3A7E07C97A94540,20230419_NISSAN_DONOSTIA_IRUN_029,,d4,04:26.1,41:47.9,NISSAN_LEAF,Nissan Leaf e+ 62 kW,62000,174,23:11.4,6.9,11.2,120,ESE,-6.876684910541759,22.121451526431184,199,41,,,,118.0,80.0,1.0,0,183,16,25,1
19/04/2023 09:23,103,107.6,73,20.0,99.26,-1098,25520,3,93,2.3,7194,29,-1.8158349,43.32593,103.6666,17.22136826802397,23:27.3,7,7199.701,0101000020E610000039BA39E2A80DFDBF972CE51BB8A94540,20230419_NISSAN_DONOSTIA_IRUN_029,,d4,04:26.1,41:47.9,NISSAN_LEAF,Nissan Leaf e+ 62 kW,62000,174,23:11.4,6.9,11.2,120,ESE,-6.57528574690142,24.049996002002903,199,41,,,,118.0,80.0,1.0,0,183,16,25,1
19/04/2023 09:23,100,91.7,73,20.0,99.26,-1107,0,3,93,1.23,6436,29,-1.8132244,43.327095,100.65525,17.469117040322573,23:36.3,7,7199.661999999999,0101000020E610000070786098F702FDBFAA178B4ADEA94540,20230419_NISSAN_DONOSTIA_IRUN_029,,d4,04:26.1,41:47.9,NISSAN_LEAF,Nissan Leaf e+ 62 kW,62000,174,23:11.4,6.9,11.2,120,ESE,-8.404002516953506,11.3786563399307,199,41,,,,118.0,80.0,1.0,0,183,16,25,1
19/04/2023 09:23,94,94.2,73,20.0,99.26,-1107,8680,3,93,1.31,6344,29,-1.8107399,43.327595,94.91014,17.677711732115736,23:44.4,7,7199.605,0101000020E61000001E9B495ECAF8FCBF322BE795EEA94540,20230419_NISSAN_DONOSTIA_IRUN_029,,d4,04:26.1,41:47.9,NISSAN_LEAF,Nissan Leaf e+ 62 kW,62000,174,23:11.4,6.9,11.2,120,ESE,-9.49690763850655,2.0118821343932747,199,41,,,,118.0,80.0,1.0,0,183,16,8,1
19/04/2023 09:23,91,92.3,73,20.0,99.26,-1107,0,3,93,-1.59,6473,29,-1.8078078,43.327698,91.44431,17.915184612515763,23:53.4,7,7199.558000000001,0101000020E6100000B45586E2C7ECFCBF2EC8E8FAF1A94540,20230419_NISSAN_DONOSTIA_IRUN_029,,d4,04:26.1,41:47.9,NISSAN_LEAF,Nissan Leaf e+ 62 kW,62000,174,23:11.4,6.9,11.2,120,ESE,-8.482953886598718,10.763900443890964,199,41,,,,118.0,80.0,1.0,0,183,16,45,2
19/04/2023 09:24,89,82.1,73,20.0,99.26,-1122,5720,3,92,2.62,5611,29,-1.8055617,43.328125,89.126724,18.102982011022785,24:01.5,7,7199.523,0101000020E6100000466A3D9294E3FCBF4EAFEC0000AA4540,20230419_NISSAN_DONOSTIA_IRUN_029,,d4,04:26.1,41:47.9,NISSAN_LEAF,Nissan Leaf e+ 62 kW,62000,174,23:11.4,6.9,11.2,120,ESE,-6.93544660332416,21.73961324024202,199,41,,,,118.0,80.0,1.0,0,183,16,45,2
19/04/2023 09:24,88,70.5,73,20.0,99.26,-1122,0,3,92,-1.41,5099,29,-1.8036106,43.328903,88.391914,18.2829569525779,24:09.5,7,7200.477,0101000020E6100000D09244BD96DBFCBF6305D97A19AA4540,20230419_NISSAN_DONOSTIA_IRUN_029,,d4,04:26.1,41:47.9,NISSAN_LEAF,Nissan Leaf e+ 62 kW,62000,174,23:11.4,6.9,11.2,120,ESE,-4.7947144446363135,34.652989776423574,199,41,,,,118.0,80.0,1.0,0,183,16,45,2
19/04/2023 09:24,88,46.7,73,20.0,99.26,-1140,9680,3,92,-0.66,2974,29,-1.8024865,43.32968,88.022575,18.40838391067127,24:18.6,7,7200.433000000001,0101000020E6100000F972852CFCD6FCBF9D2A4F0633AA4540,20230419_NISSAN_DONOSTIA_IRUN_029,,d4,04:26.1,41:47.9,NISSAN_LEAF,Nissan Leaf e+ 62 kW,62000,174,23:11.4,6.9,11.2,120,ESE,3.1878380812303124,76.5366375611631,199,41,,,,118.0,80.0,1.0,0,183,16,45,2
19/04/2023 09:24,87,37.0,73,20.0,99.26,-1140,11680,3,92,5.12,2391,29,-1.8023182,43.330383000000005,87.85815,18.487730567002966,24:26.6,7,7200.392,0101000020E61000003E21529D4BD6FCBFFC23D2FD49AA4540,20230419_NISSAN_DONOSTIA_IRUN_029,,d4,04:26.1,41:47.9,NISSAN_LEAF,Nissan Leaf e+ 62 kW,62000,174,23:11.4,6.9,11.2,120,ESE,-8.432817039308162,11.1551669402303,199,41,,,,118.0,80.0,1.0,0,183,16,55,2
19/04/2023 09:24,86,64.3,73,20.0,99.26,-1140,5200,3,92,2.47,4031,29,-1.8007866999999995,43.330685,86.58672,18.61608171006238,24:35.6,7,7200.361,0101000020E610000050E908C805D0FCBF171F7BD453AA4540,20230419_NISSAN_DONOSTIA_IRUN_029,,d4,04:26.1,41:47.9,NISSAN_LEAF,Nissan Leaf e+ 62 kW,62000,174,23:11.4,6.9,11.2,120,ESE,-8.471450446874485,10.853945776408407,199,41,,,,118.0,80.0,1.0,0,183,16,25,2
19/04/2023 09:24,89,71.4,72,20.0,99.26,-1140,8680,3,92,-1.38,4948,29,-1.7987005,43.331085,88.78429399999999,18.790598288527338,24:44.7,7,7200.314,0101000020E610000041F525197AC7FCBFCACD670E61AA4540,20230419_NISSAN_DONOSTIA_IRUN_029,,d4,04:26.1,41:47.9,NISSAN_LEAF,Nissan Leaf e+ 62 kW,62000,174,23:11.4,6.9,11.2,120,ESE,-9.417708776576548,2.7682291098852616,199,41,,,,118.0,80.0,1.0,0,183,16,25,2
19/04/2023 09:24,90,67.6,72,20.0,99.26,-1157,0,3,92,-1.39,4626,29,-1.7967978,43.331177,90.61571,18.944845241827363,24:52.7,7,7200.281999999999,0101000020E6100000CECC8C0BAFBFFCBF31B6350664AA4540,20230419_NISSAN_DONOSTIA_IRUN_029,,d4,04:26.1,41:47.9,NISSAN_LEAF,Nissan Leaf e+ 62 kW,62000,174,23:11.4,6.9,11.2,120,ESE,-10.0630345320911,-3.959665829492505,199,41,,,,118.0,80.0,1.0,0,183,16,25,2
19/04/2023 09:25,89,59.0,73,20.0,99.26,-1191,0,3,91,-7.53,4159,29,-1.7947608,43.331036,89.549774,19.110352103809134,25:01.8,7,7200.203,0101000020E6100000E7FD452457B7FCBFC0C9CB695FAA4540,20230419_NISSAN_DONOSTIA_IRUN_029,,d4,04:26.1,41:47.9,NISSAN_LEAF,Nissan Leaf e+ 62 kW,62000,174,23:11.4,6.9,11.2,120,ESE,-10.562308955418445,-10.572530348526538,451,54,,,,129.0,317.0,5.0,0,431,20,8,3
19/04/2023 09:25,87,35.2,73,20.0,99.26,-1243,0,3,92,-1.09,2584,29,-1.7935714,43.330814,87.34916,19.20969586615813,25:09.8,7,7200.172,0101000020E6100000DCE19AE577B2FCBFE011481E58AA4540,20230419_NISSAN_DONOSTIA_IRUN_029,,d4,04:26.1,41:47.9,NISSAN_LEAF,Nissan Leaf e+ 62 kW,62000,174,23:11.4,6.9,11.2,120,ESE,-7.443397675373803,18.349191689469343,451,54,,,,129.0,317.0,5.0,0,431,20,8,3
19/04/2023 09:25,84,31.8,73,20.0,99.26,-1254,0,3,92,-1.06,2241,29,-1.7927091,43.3311,85.01176,19.286385421869706,25:18.9,7,7200.132,0101000020E6100000523D26B1EFAEFCBF626DE17561AA4540,20230419_NISSAN_DONOSTIA_IRUN_029,,d4,04:26.1,41:47.9,NISSAN_LEAF,Nissan Leaf e+ 62 kW,62000,174,23:11.4,6.9,11.2,120,ESE,0.591662143184888,63.028172393957504,451,54,,,,129.0,317.0,5.0,0,431,20,55,3
19/04/2023 09:25,80,35.7,73,20.0,99.26,-1261,0,3,91,-0.98,2245,29,-1.7923833999999998,43.33174,80.794525,19.362386663511398,25:26.9,7,7200.081999999999,0101000020E61000001CE75D489AADFCBFC25D2F8C76AA4540,20230419_NISSAN_DONOSTIA_IRUN_029,,d4,04:26.1,41:47.9,NISSAN_LEAF,Nissan Leaf e+ 62 kW,62000,174,23:11.4,6.9,11.2,120,ESE,5.758752131015309,90.9422798335137,451,54,,,,129.0,317.0,5.0,0,431,20,8,3
19/04/2023 09:25,76,33.9,73,20.0,99.26,-1270,0,3,91,-1.84,2260,29,-1.7923933999999997,43.332348,76.897385,19.430110240012443,25:36.0,7,7200.042,0101000020E6100000EB3F5AC8A4ADFCBF030C715A8AAA4540,20230419_NISSAN_DONOSTIA_IRUN_029,,d4,04:26.1,41:47.9,NISSAN_LEAF,Nissan Leaf e+ 62 kW,62000,174,28:00.6,6.9,11.2,120,ESE,8.711257550721886,111.0587506213196,451,54,,,,129.0,317.0,5.0,0,431,20,55,3
19/04/2023 09:25,72,18.2,73,20.0,99.26,-1279,0,3,91,3.97,1256,29,-1.7925813000000002,43.332836,72.50636999999999,19.48663222055987,25:44.0,7,7200.013000000001,0101000020E61000003D0A03C169AEFCBFE435985D9AAA4540,20230419_NISSAN_DONOSTIA_IRUN_029,,d4,04:26.1,41:47.9,NISSAN_LEAF,Nissan Leaf e+ 62 kW,62000,174,28:00.6,6.9,11.2,120,ESE,-0.9161221395014076,55.308157024042494,451,54,,,,129.0,317.0,5.0,0,431,20,55,3
19/04/2023 09:25,68,21.2,73,20.0,99.26,-1288,0,3,90,-6.69,1725,29,-1.7922698,43.333286,69.01725,19.54276332170874,25:53.0,7,7199.951,0101000020E61000000044212023ADFCBF0CFB9618A9AA4540,20230419_NISSAN_DONOSTIA_IRUN_029,,d4,04:26.1,41:47.9,NISSAN_LEAF,Nissan Leaf e+ 62 kW,62000,174,28:00.6,6.9,11.2,120,ESE,-3.5085172492372454,41.744168227817866,451,54,,,,129.0,317.0,5.0,0,431,20,10,3
19/04/2023 09:26,65,0.0,73,20.0,99.26,-1302,0,3,90,0.0,0,29,-1.7921286,43.333412,65.34852,19.561207247721136,26:01.1,7,7199.923000000001,0101000020E6100000024A66088FACFCBF8946033FADAA4540,20230419_NISSAN_DONOSTIA_IRUN_029,,d4,04:26.1,41:47.9,NISSAN_LEAF,Nissan Leaf e+ 62 kW,62000,174,28:00.6,6.9,11.2,120,ESE,-9.135557860490122,5.345859788473935,451,54,,,,129.0,317.0,5.0,0,431,20,25,3
19/04/2023 09:26,63,27.3,73,20.0,99.26,-1302,6520,3,90,1.95,1368,29,-1.7919683000000002,43.333427,64.470474,19.57430863764071,26:10.1,7,7199.871,0101000020E61000007E74A50DE7ABFCBFD2051FC0ADAA4540,20230419_NISSAN_DONOSTIA_IRUN_029,,d4,04:26.1,41:47.9,NISSAN_LEAF,Nissan Leaf e+ 62 kW,62000,174,28:00.6,6.9,11.2,120,ESE,-10.04241868652049,-3.720451476498373,451,54,,,,129.0,317.0,5.0,0,431,20,25,3
19/04/2023 09:26,59,1.2,73,20.5,99.26,-1314,0,3,90,0.0,503,29,-1.7913224,43.333385,59.99025,19.62694847557417,26:18.2,7,7199.821999999999,0101000020E6100000D047539D41A9FCBFC98B9851ACAA4540,20230419_NISSAN_DONOSTIA_IRUN_029,,d4,04:26.1,41:47.9,NISSAN_LEAF,Nissan Leaf e+ 62 kW,62000,174,28:00.6,6.9,11.2,120,ESE,-6.820450923761412,22.48501987052503,451,54,,,,129.0,317.0,5.0,0,431,20,25,3
19/04/2023 09:26,59,13.3,73,20.0,99.26,-1314,2080,3,90,5.31,520,29,-1.791262,43.33341,58.366795,19.632798955320848,26:26.2,7,7199.797,0101000020E6100000FE40675402A9FCBFF1626A17ADAA4540,20230419_NISSAN_DONOSTIA_IRUN_029,,d4,04:26.1,41:47.9,NISSAN_LEAF,Nissan Leaf e+ 62 kW,62000,174,28:00.6,6.9,11.2,120,ESE,-9.545180648673153,1.5429475707617089,451,54,,,,129.0,317.0,5.0,0,431,20,25,3
19/04/2023 09:26,57,37.6,73,20.5,99.26,-1314,6560,3,90,-0.75,2366,29,-1.7905195,43.33343,57.009254000000006,19.69290895675778,26:35.2,7,7199.772,0101000020E6100000D8B030B6F7A5FCBF71B6F2E8ADAA4540,20230419_NISSAN_DONOSTIA_IRUN_029,,d4,04:26.1,41:47.9,NISSAN_LEAF,Nissan Leaf e+ 62 kW,62000,174,28:00.6,6.9,11.2,120,ESE,-9.283836887713832,4.012658561792802,451,54,,,,129.0,317.0,5.0,0,431,20,25,3
19/04/2023 09:26,55,36.0,73,20.5,99.26,-1318,0,3,90,-4.73,2595,29,-1.7894646,43.333504,55.192265,19.778644472073157,26:43.3,7,7199.722,0101000020E6100000402099A8A5A1FCBFCF3C6C4BB0AA4540,20230419_NISSAN_DONOSTIA_IRUN_029,,d4,04:26.1,41:47.9,NISSAN_LEAF,Nissan Leaf e+ 62 kW,62000,174,28:00.6,6.9,11.2,120,ESE,-10.617508946937706,-11.440182821546722,451,54,,,,129.0,317.0,5.0,0,431,20,10,3
19/04/2023 09:26,53,21.1,73,20.0,99.26,-1334,1520,3,90,-0.47,1484,29,-1.7887036,43.33335,53.14664499999999,19.842564674170323,26:52.3,7,7199.682,0101000020E610000009AE6993879EFCBF71DE6A49ABAA4540,20230419_NISSAN_DONOSTIA_IRUN_029,,d4,04:26.1,41:47.9,NISSAN_LEAF,Nissan Leaf e+ 62 kW,62000,174,28:00.6,6.9,11.2,120,ESE,-6.973956041862431,21.48828450632088,451,54,,,,129.0,317.0,5.0,0,431,20,25,3
19/04/2023 09:27,51,29.0,73,20.5,99.26,-1334,6720,3,90,0.81,1836,29,-1.7881092,43.333584,51.77473,19.897246659894815,27:00.4,7,7199.634,0101000020E6100000CC192754189CFCBF3BA685EDB2AA4540,20230419_NISSAN_DONOSTIA_IRUN_029,,d4,04:26.1,41:47.9,NISSAN_LEAF,Nissan Leaf e+ 62 kW,62000,174,28:00.6,6.9,11.2,120,ESE,-9.500074670668065,1.9813055689377477,451,54,,,,129.0,317.0,5.0,0,431,20,25,3
19/04/2023 09:27,49,34.4,73,20.0,99.26,-1334,7760,3,89,3.28,2019,29,-1.7872419999999998,43.333614,49.5281,19.96750092707525,27:09.4,7,7199.579000000001,0101000020E61000009C32AB1E8B98FCBFDFD560E3B3AA4540,20230419_NISSAN_DONOSTIA_IRUN_029,,d4,04:26.1,41:47.9,NISSAN_LEAF,Nissan Leaf e+ 62 kW,62000,174,28:00.6,6.9,11.2,120,ESE,-9.38354642274506,3.089724174630069,451,54,,,,129.0,317.0,5.0,0,431,20,10,3
19/04/2023 09:27,49,26.9,73,20.0,99.26,-1334,0,3,89,-0.89,2114,29,-1.7863156999999998,43.333664,49.19487,20.042626684083437,27:17.5,7,7199.531999999999,0101000020E6100000AC25BBBEBF94FCBF4C50AC78B5AA4540,20230419_NISSAN_DONOSTIA_IRUN_029,,d4,04:26.1,41:47.9,NISSAN_LEAF,Nissan Leaf e+ 62 kW,62000,174,28:00.6,6.9,11.2,120,ESE,-4.166351965576951,38.161249279600646,451,54,,,,129.0,317.0,5.0,0,431,20,25,3
19/04/2023 09:27,48,35.7,73,20.5,99.26,-1337,4840,3,89,3.12,1823,29,-1.7858754,43.33401,48.516434,20.095055966571742,27:26.5,7,7199.503000000001,0101000020E610000079F40E23F292FCBF66DB63D5C0AA4540,20230419_NISSAN_DONOSTIA_IRUN_029,,d4,04:26.1,41:47.9,NISSAN_LEAF,Nissan Leaf e+ 62 kW,62000,174,28:00.6,6.9,11.2,120,ESE,7.023662110701289,98.83742172267768,451,54,,,,129.0,317.0,5.0,0,431,20,25,3
19/04/2023 09:27,46,35.2,73,20.5,99.26,-1338,8160,3,88,3.92,2032,29,-1.7859633999999998,43.334576,46.85641,20.158415210550267,27:33.5,7,7200.472,0101000020E6100000544CD96E4E93FCBFA2B1C660D3AA4540,20230419_NISSAN_DONOSTIA_IRUN_029,,d4,04:26.1,41:47.9,NISSAN_LEAF,Nissan Leaf e+ 62 kW,62000,174,28:00.6,6.9,11.2,120,ESE,3.997742408234356,80.91246833958526,451,54,,,,129.0,317.0,5.0,0,431,20,25,3
19/04/2023 09:27,45,40.4,73,20.5,99.26,-1338,1920,3,88,-0.25,2715,29,-1.7858332,43.33539,45.338234,20.249551021606155,27:42.6,7,7200.431,0101000020E61000006565B6D1C592FCBF8232FAF8EDAA4540,20230419_NISSAN_DONOSTIA_IRUN_029,,d4,04:26.1,41:47.9,NISSAN_LEAF,Nissan Leaf e+ 62 kW,62000,174,28:00.6,6.9,11.2,120,ESE,-0.7325396194805055,56.24987402689875,451,54,,,,129.0,317.0,5.0,0,431,20,8,3
19/04/2023 09:27,45,21.3,73,20.5,99.26,-1349,0,3,88,-3.06,1914,29,-1.7853628,43.336094,45.858093,20.33658900106844,27:50.6,7,7200.37,0101000020E6100000CF7678A8D890FCBF6823832F05AB4540,20230419_NISSAN_DONOSTIA_IRUN_029,,d4,04:26.1,41:47.9,NISSAN_LEAF,Nissan Leaf e+ 62 kW,62000,174,28:00.6,6.9,11.2,120,ESE,-0.1981805458123738,58.986115939184096,451,54,,,,129.0,317.0,5.0,0,431,20,25,3
19/04/2023 09:28,44,0.0,73,20.5,99.26,-1360,40,3,88,4.89,171,29,-1.7852113,43.336346,44.753136,20.367191855817648,27:59.7,7,7200.32,0101000020E61000004B8CD5BB3990FCBF607033690DAB4540,20230419_NISSAN_DONOSTIA_IRUN_029,,d4,04:26.1,41:47.9,NISSAN_LEAF,Nissan Leaf e+ 62 kW,62000,174,28:00.6,6.9,11.2,120,ESE,11.16737138805894,145.62544975214823,451,54,,,,129.0,317.0,5.0,0,431,20,25,3
19/04/2023 09:28,44,19.4,73,20.5,99.26,-1360,2080,3,88,-0.44,1246,29,-1.7854949,43.33654,45.133590000000005,20.398681052235755,28:07.7,7,7200.272,0101000020E610000026385E136391FCBFE6F50CC913AB4540,20230419_NISSAN_DONOSTIA_IRUN_029,,d4,04:26.1,41:47.9,NISSAN_LEAF,Nissan Leaf e+ 62 kW,62000,174,28:11.4,6.9,11.2,120,ESE,11.179714011454232,146.5510072620581,451,54,,,,129.0,317.0,5.0,0,431,20,25,3
19/04/2023 09:28,44,1.7,73,20.5,99.26,-1363,0,3,87,0.38,367,29,-1.7858249,43.336758,44.719597,20.434737635015267,28:16.8,7,7200.241,0101000020E61000007DD41016BD92FCBFBEAFC6E21AAB4540,20230419_NISSAN_DONOSTIA_IRUN_029,,d4,04:26.1,41:47.9,NISSAN_LEAF,Nissan Leaf e+ 62 kW,62000,174,28:11.4,6.9,11.2,120,ESE,7.649916684154467,103.08073879516058,451,54,,,,129.0,317.0,5.0,0,431,20,10,3
19/04/2023 09:28,44,0.0,73,20.5,99.26,-1363,360,3,87,0.0,16,29,-1.7858328,43.336792,44.78758,20.43857247295481,28:24.8,7,7200.19,0101000020E610000056F31B6AC592FCBFE03604F21BAB4540,20230419_NISSAN_DONOSTIA_IRUN_029,,d4,04:26.1,41:47.9,NISSAN_LEAF,Nissan Leaf e+ 62 kW,62000,174,28:11.4,6.9,11.2,120,ESE,-9.699484522385712,0.0,451,54,,,,129.0,317.0,5.0,0,431,20,10,3
19/04/2023 09:28,44,0.0,73,20.5,99.26,-1363,0,3,87,0.0,0,29,-1.7858328,43.336792,44.78758,20.43857247295481,28:33.8,7,7200.161999999999,0101000020E610000056F31B6AC592FCBFE03604F21BAB4540,20230419_NISSAN_DONOSTIA_IRUN_029,,d4,04:26.1,41:47.9,NISSAN_LEAF,Nissan Leaf e+ 62 kW,62000,174,28:11.4,6.9,11.2,120,ESE,6.055019001748331,92.72631099348892,451,54,,,,129.0,317.0,5.0,0,431,20,10,3
19/04/2023 09:28,45,0.0,73,20.5,99.26,-1363,0,3,86,0.0,0,29,-1.7858348000000002,43.336834,45.462826,20.44329399458312,28:41.9,7,7200.11,0101000020E6100000E2437178C792FCBFA38C49541DAB4540,20230419_NISSAN_DONOSTIA_IRUN_029,,d4,04:26.1,41:47.9,NISSAN_LEAF,Nissan Leaf e+ 62 kW,62000,174,28:11.4,6.9,11.2,120,ESE,-4.518539202056275,36.20653097650663,451,54,,,,129.0,317.0,5.0,0,431,20,10,3
19/04/2023 09:28,45,0.0,73,20.5,99.26,-1363,0,3,86,0.0,0,29,-1.7857665,43.336884000000005,45.821743,20.45113950143224,28:50.9,7,7200.06,0101000020E6100000DEEF30D77F92FCBF1C28BBF81EAB4540,20230419_NISSAN_DONOSTIA_IRUN_029,,d4,04:26.1,41:47.9,NISSAN_LEAF,Nissan Leaf e+ 62 kW,62000,174,28:11.4,6.9,11.2,120,ESE,-9.636104312596018,-60.64224646767845,451,54,,,,129.0,317.0,5.0,0,431,20,25,3
19/04/2023 09:29,45,0.0,73,20.5,99.26,-1363,0,3,85,2.52,0,29,-1.785753,43.33686,45.57176,20.454033703510852,29:00.0,7,7199.99,0101000020E6100000F58842B97192FCBF3973A4381EAB4540,20230419_NISSAN_DONOSTIA_IRUN_029,,d4,04:26.1,41:47.9,NISSAN_LEAF,Nissan Leaf e+ 62 kW,62000,174,28:11.4,6.9,11.2,120,ESE,10.539930363335689,130.23122105563303,451,54,,,,129.0,317.0,5.0,0,431,20,25,3
19/04/2023 09:29,45,13.3,73,20.5,99.26,-1363,240,3,85,1.97,823,29,-1.7859222,43.33706,45.422990000000006,20.480145957528606,29:09.0,7,7199.9580000000005,0101000020E61000002C2BA62E2393FCBF71699EC524AB4540,20230419_NISSAN_DONOSTIA_IRUN_029,,d4,04:26.1,41:47.9,NISSAN_LEAF,Nissan Leaf e+ 62 kW,62000,174,28:11.4,6.9,11.2,120,ESE,10.998306977267678,139.10999796136213,451,54,,,,129.0,317.0,5.0,0,431,20,25,3
19/04/2023 09:29,45,10.6,73,20.5,99.26,-1363,4680,3,85,-0.38,1225,29,-1.7861011999999998,43.337215,45.313686,20.502654582618625,29:17.1,7,7199.905,0101000020E610000063F808D9DE93FCBF100934DB29AB4540,20230419_NISSAN_DONOSTIA_IRUN_029,,d4,04:26.1,41:47.9,NISSAN_LEAF,Nissan Leaf e+ 62 kW,62000,174,28:11.4,6.9,11.2,120,ESE,1.0454044590445088,65.35576606580949,451,54,,,,129.0,317.0,5.0,0,431,20,25,3
19/04/2023 09:29,45,20.7,73,20.5,99.26,-1363,120,3,85,-3.42,1541,29,-1.7858998,43.337654,45.357826,20.554114949938217,29:26.2,7,7199.835999999999,0101000020E6100000CA0C3FA90B93FCBF46E6243538AB4540,20230419_NISSAN_DONOSTIA_IRUN_029,,d4,04:26.1,41:47.9,NISSAN_LEAF,Nissan Leaf e+ 62 kW,62000,174,28:11.4,6.9,11.2,120,ESE,-3.999824049618396,39.07613123141728,451,54,,,,129.0,317.0,5.0,0,431,20,10,2
19/04/2023 09:29,44,2.5,73,20.5,99.26,-1369,960,3,85,1.8,185,29,-1.7856929,43.337822,44.744892,20.57920152719192,29:35.2,7,7199.795,0101000020E610000033D0FFC13292FCBFCF1A39BD3DAB4540,20230419_NISSAN_DONOSTIA_IRUN_029,,d4,04:26.1,41:47.9,NISSAN_LEAF,Nissan Leaf e+ 62 kW,62000,174,28:11.4,6.9,11.2,120,ESE,5.306024951382244,-148.27813875563527,451,54,,,,129.0,317.0,5.0,0,431,20,10,2
19/04/2023 09:29,44,14.9,73,20.5,99.26,-1369,1720,3,84,-0.05,645,29,-1.785866,43.337715,44.527206,20.59757510061394,29:44.2,7,7199.766,0101000020E6100000778B034CE892FCBF4EAEAA403AAB4540,20230419_NISSAN_DONOSTIA_IRUN_029,,d4,04:26.1,41:47.9,NISSAN_LEAF,Nissan Leaf e+ 62 kW,62000,174,28:11.4,6.9,11.2,120,ESE,11.137926200245474,156.03508750008308,451,54,,,,129.0,317.0,5.0,0,431,20,10,2
19/04/2023 09:29,44,18.7,73,20.5,99.26,-1369,1600,3,84,-0.41,1165,29,-1.7863047,43.33791,44.47823,20.63915579311785,29:53.3,7,7199.713000000001,0101000020E61000009F9C7840B494FCBF59B6309840AB4540,20230419_NISSAN_DONOSTIA_IRUN_029,,d4,04:26.1,41:47.9,NISSAN_LEAF,Nissan Leaf e+ 62 kW,62000,174,28:11.4,6.9,11.2,120,ESE,10.94893812317417,162.15440294269453,451,54,,,,129.0,317.0,5.0,0,431,20,10,2
19/04/2023 09:30,45,18.6,73,20.5,99.26,-1369,5920,3,84,4.94,1272,29,-1.7866588,43.338024,45.667706,20.670496001712998,30:01.3,7,7199.673000000001,0101000020E61000005BE1947B2796FCBFD1BFE35D44AB4540,20230419_NISSAN_DONOSTIA_IRUN_029,,d4,04:26.1,41:47.9,NISSAN_LEAF,Nissan Leaf e+ 62 kW,62000,174,28:11.4,6.9,11.2,120,ESE,10.474192569675475,170.74020478896662,455,54,,,,131.0,318.0,6.0,0,433,22,30,2
19/04/2023 09:30,47,23.1,73,20.5,99.26,-1369,5560,3,85,5.72,1582,29,-1.7873703,43.33814,47.652245,20.729499152466374,30:10.4,7,7199.615,0101000020E6100000FAE8869F1199FCBFADA4A72A48AB4540,20230419_NISSAN_DONOSTIA_IRUN_029,,d4,04:26.1,41:47.9,NISSAN_LEAF,Nissan Leaf e+ 62 kW,62000,174,28:11.4,6.9,11.2,120,ESE,10.547959328000934,169.64697963439951,455,54,,,,131.0,318.0,6.0,0,433,22,30,2
19/04/2023 09:30,48,22.4,72,20.5,99.26,-1369,6440,3,85,-0.45,1558,29,-1.7880819,43.33827,48.22298,20.788839351365528,30:19.4,7,7199.581999999999,0101000020E6100000841043B9FB9BFCBF5C2D73634CAB4540,20230419_NISSAN_DONOSTIA_IRUN_029,,d4,04:26.1,41:47.9,NISSAN_LEAF,Nissan Leaf e+ 62 kW,62000,174,28:11.4,6.9,11.2,120,ESE,11.160454946972385,154.81617841589122,455,54,,,,131.0,318.0,6.0,0,433,22,25,2
19/04/2023 09:30,50,3.6,72,20.5,99.26,-1369,1560,3,86,11.22,384,29,-1.7883371,43.33839,49.93172,20.813475338825082,30:27.5,7,7199.53,0101000020E6100000F3DC1561079DFCBFC1DA9A6050AB4540,20230419_NISSAN_DONOSTIA_IRUN_029,,d4,04:26.1,41:47.9,NISSAN_LEAF,Nissan Leaf e+ 62 kW,62000,174,28:11.4,6.9,11.2,120,ESE,10.906684811884316,163.14160123333372,455,54,,,,131.0,318.0,6.0,0,433,22,25,2
19/04/2023 09:30,52,16.3,72,20.5,99.26,-1369,2920,3,86,3.42,1057,29,-1.7886901999999998,43.338497,52.13414,20.844489505930994,30:36.5,7,7199.501,0101000020E610000011B0559A799EFCBFF9544FE153AB4540,20230419_NISSAN_DONOSTIA_IRUN_029,,d4,04:26.1,41:47.9,NISSAN_LEAF,Nissan Leaf e+ 62 kW,62000,174,28:11.4,6.9,11.2,120,ESE,7.433799123827047,101.58512622468412,455,54,,,,131.0,318.0,6.0,0,433,22,25,2
19/04/2023 09:30,52,16.1,72,20.5,99.26,-1369,0,3,87,-6.45,1402,29,-1.7887394,43.338737,52.17805,20.871471322498653,30:43.5,7,7200.474,0101000020E6100000D8F7453AAD9EFCBF949A2BC25BAB4540,20230419_NISSAN_DONOSTIA_IRUN_029,,d4,04:26.1,41:47.9,NISSAN_LEAF,Nissan Leaf e+ 62 kW,62000,174,33:04.1,6.9,11.2,120,ESE,-5.512954092945919,30.512870065850432,455,54,,,,131.0,318.0,6.0,0,433,22,8,2
19/04/2023 09:30,51,0.0,72,20.5,99.26,-1375,0,3,87,2.45,0,29,-1.7884221000000002,43.338924,51.63337,20.90450388733844,30:52.6,7,7200.420999999999,0101000020E610000055B9248B609DFCBF4FD326DF61AB4540,20230419_NISSAN_DONOSTIA_IRUN_029,,d4,04:26.1,41:47.9,NISSAN_LEAF,Nissan Leaf e+ 62 kW,62000,174,33:04.1,6.9,11.2,120,ESE,-3.0771690051177214,44.05304855271878,455,54,,,,131.0,318.0,6.0,0,433,22,25,2
19/04/2023 09:31,51,15.4,72,20.5,99.26,-1375,440,3,87,-1.7,1253,29,-1.7882991,43.339043,51.521748,20.92105843880505,31:00.6,7,7200.38,0101000020E61000009E0C7081DF9CFCBF3640F1CD65AB4540,20230419_NISSAN_DONOSTIA_IRUN_029,,d4,04:26.1,41:47.9,NISSAN_LEAF,Nissan Leaf e+ 62 kW,62000,174,33:04.1,6.9,11.2,120,ESE,-2.1671447444933936,48.843177039966754,455,54,,,,131.0,318.0,6.0,0,433,22,25,2
19/04/2023 09:31,53,4.2,72,20.5,99.26,-1384,0,3,87,0.0,673,29,-1.7880797,43.339294,53.155376,20.954171303759402,31:09.7,7,7200.34,0101000020E6100000AABDB789F99BFCBFB9CB700C6EAB4540,20230419_NISSAN_DONOSTIA_IRUN_029,,d4,04:26.1,41:47.9,NISSAN_LEAF,Nissan Leaf e+ 62 kW,62000,174,33:04.1,6.9,11.2,120,ESE,-9.604479611906545,-60.95819942899668,455,54,,,,131.0,318.0,6.0,0,433,22,25,2
19/04/2023 09:31,54,13.2,72,20.5,99.26,-1384,1600,3,87,2.84,536,29,-1.7880585999999998,43.339256,54.137585,20.958832915467763,31:17.7,7,7200.293000000001,0101000020E61000003A88F15BE39BFCBF5E65B6B36CAB4540,20230419_NISSAN_DONOSTIA_IRUN_029,,d4,04:26.1,41:47.9,NISSAN_LEAF,Nissan Leaf e+ 62 kW,62000,174,33:04.1,6.9,11.2,120,ESE,-9.896652774197555,-2.083362036754818,455,54,,,,131.0,318.0,6.0,0,433,22,25,2
19/04/2023 09:31,55,25.7,72,20.5,99.26,-1385,0,3,87,-0.8,1625,29,-1.7875363000000002,43.339237,54.998146,21.001134118182623,31:25.7,7,7200.251,0101000020E61000006D1937ABBF99FCBF818A952B6CAB4540,20230419_NISSAN_DONOSTIA_IRUN_029,,d4,04:26.1,41:47.9,NISSAN_LEAF,Nissan Leaf e+ 62 kW,62000,174,33:04.1,6.9,11.2,120,ESE,-9.506558993019752,1.9186200713203776,455,54,,,,131.0,318.0,6.0,0,433,22,25,2
19/04/2023 09:31,55,24.4,72,20.5,99.26,-1396,0,3,86,-1.81,1703,29,-1.7867303,43.339264,55.36429,21.066387385757288,31:34.8,7,7200.22,0101000020E610000015108B837296FCBF5ED5F5096DAB4540,20230419_NISSAN_DONOSTIA_IRUN_029,,d4,04:26.1,41:47.9,NISSAN_LEAF,Nissan Leaf e+ 62 kW,62000,174,33:04.1,6.9,11.2,120,ESE,-9.67004422858401,0.2998574191707914,455,54,,,,131.0,318.0,6.0,0,433,22,25,2
19/04/2023 09:31,54,23.5,72,20.5,99.26,-1407,0,3,86,-2.08,1711,29,-1.785966,43.339268,54.59678,21.12820449340351,31:43.8,7,7200.169,0101000020E6100000E3AEAB125193FCBFB2F3042D6DAB4540,20230419_NISSAN_DONOSTIA_IRUN_029,,d4,04:26.1,41:47.9,NISSAN_LEAF,Nissan Leaf e+ 62 kW,62000,174,33:04.1,6.9,11.2,120,ESE,-9.287243059745334,3.9814953370082296,455,54,,,,131.0,318.0,6.0,0,433,22,25,2
19/04/2023 09:31,53,17.9,72,20.5,99.26,-1417,0,3,86,-4.36,1397,29,-1.785262,43.339317,53.47984,21.18540963015762,31:52.9,7,7200.0830000000005,0101000020E6100000227ED6D36E90FCBF9B057FB16EAB4540,20230419_NISSAN_DONOSTIA_IRUN_029,,d4,04:26.1,41:47.9,NISSAN_LEAF,Nissan Leaf e+ 62 kW,62000,174,33:04.1,6.9,11.2,120,ESE,-8.606308630309687,9.787745512608767,455,54,,,,131.0,318.0,6.0,0,433,22,25,2
19/04/2023 09:32,51,0.0,72,20.5,99.26,-1425,0,3,86,0.0,0,29,-1.7850823,43.339348,51.943348,21.200424410768743,32:00.9,7,7200.062,0101000020E6100000465C8288B28FFCBFFED4D7B76FAB4540,20230419_NISSAN_DONOSTIA_IRUN_029,,d4,04:26.1,41:47.9,NISSAN_LEAF,Nissan Leaf e+ 62 kW,62000,174,33:04.1,6.9,11.2,120,ESE,-9.699484522385712,0.0,455,54,,,,131.0,318.0,6.0,0,433,22,25,2
19/04/2023 09:32,51,0.0,72,20.5,99.26,-1425,0,3,86,0.0,0,29,-1.7850823,43.339348,51.943348,21.200424410768743,32:10.0,7,7200.021,0101000020E6100000465C8288B28FFCBFFED4D7B76FAB4540,20230419_NISSAN_DONOSTIA_IRUN_029,,d4,04:26.1,41:47.9,NISSAN_LEAF,Nissan Leaf e+ 62 kW,62000,174,33:04.1,6.9,11.2,120,ESE,-9.381292214802126,3.110840656705421,455,54,,,,131.0,318.0,6.0,0,433,22,25,2
19/04/2023 09:32,49,14.8,72,20.5,99.26,-1425,2440,3,85,4.23,498,29,-1.7850455000000005,43.33935,50.49687,21.203740872614418,32:19.0,7,7199.971,0101000020E6100000CF796DD68B8FFCBF486D21E26FAB4540,20230419_NISSAN_DONOSTIA_IRUN_029,,d4,04:26.1,41:47.9,NISSAN_LEAF,Nissan Leaf e+ 62 kW,62000,174,33:04.1,6.9,11.2,120,ESE,-9.215963938575127,4.628488651957674,455,54,,,,131.0,318.0,6.0,0,433,22,25,2
19/04/2023 09:32,47,27.9,72,20.5,99.26,-1425,1320,3,85,1.02,1735,29,-1.7844278999999998,43.3394,48.709854,21.25402779795188,32:27.1,7,7199.93,0101000020E61000004D949348048DFCBF1B33B77971AB4540,20230419_NISSAN_DONOSTIA_IRUN_029,,d4,04:26.1,41:47.9,NISSAN_LEAF,Nissan Leaf e+ 62 kW,62000,174,33:04.1,6.9,11.2,120,ESE,-9.293660560964303,3.9227128903204256,455,54,,,,131.0,318.0,6.0,0,433,22,25,2
19/04/2023 09:32,45,27.4,72,20.5,99.26,-1427,200,3,85,1.81,1843,29,-1.7834654,43.339466,45.3284,21.332285513120176,32:37.1,7,7199.882,0101000020E6100000E5CAC9F01289FCBFE499799A73AB4540,20230419_NISSAN_DONOSTIA_IRUN_029,,d4,04:26.1,41:47.9,NISSAN_LEAF,Nissan Leaf e+ 62 kW,62000,174,33:04.1,6.9,11.2,120,ESE,-9.392269582224168,3.007896442907045,242,30,,,,214.0,28.0,0.0,0,224,18,25,2
19/04/2023 09:32,45,15.1,72,20.5,99.26,-1434,0,3,85,0.11,1255,29,-1.7826661,43.339508,45.229664,21.397095114411805,32:45.2,7,7199.802,0101000020E6100000DED6B2EFCC85FCBFA17BD30C75AB4540,20230419_NISSAN_DONOSTIA_IRUN_029,,d4,04:26.1,41:47.9,NISSAN_LEAF,Nissan Leaf e+ 62 kW,62000,174,33:04.1,6.9,11.2,120,ESE,-9.196074417801812,4.807140944303337,242,30,,,,214.0,28.0,0.0,0,224,18,30,2
19/04/2023 09:32,44,2.6,72,20.5,99.26,-1437,40,3,85,0.0,56,29,-1.7824044999999995,43.33953,44.077020000000005,21.41842336677003,32:54.2,7,7199.761,0101000020E6100000C4A1CFA5BA84FCBF8C79B4CF75AB4540,20230419_NISSAN_DONOSTIA_IRUN_029,,d4,04:26.1,41:47.9,NISSAN_LEAF,Nissan Leaf e+ 62 kW,62000,174,33:04.1,6.9,11.2,120,ESE,-0.4935303582871641,-117.47443162733865,242,30,,,,214.0,28.0,0.0,0,224,18,30,2
19/04/2023 09:33,42,0.0,72,20.5,99.26,-1437,0,3,84,0.0,0,29,-1.7824148999999998,43.33951,42.66763,21.421187331660494,33:02.3,7,7199.732,0101000020E61000002ED64C78C584FCBF77D4102375AB4540,20230419_NISSAN_DONOSTIA_IRUN_029,,d4,04:26.1,41:47.9,NISSAN_LEAF,Nissan Leaf e+ 62 kW,62000,174,33:04.1,6.9,11.2,120,ESE,-9.31370526267172,3.738528742820925,242,30,,,,214.0,28.0,0.0,0,224,18,30,2
19/04/2023 09:33,42,23.6,72,20.5,99.26,-1437,2320,3,84,4.03,1319,29,-1.7820323,43.339535,42.052616,21.45225967624468,33:11.3,7,7199.704000000001,0101000020E610000095A8E43E3483FCBF232075DB75AB4540,20230419_NISSAN_DONOSTIA_IRUN_029,,d4,04:26.1,41:47.9,NISSAN_LEAF,Nissan Leaf e+ 62 kW,62000,174,33:11.5,6.9,11.2,120,ESE,-9.357011002407768,3.3375455444832807,242,30,,,,214.0,28.0,0.0,0,224,18,8,2
19/04/2023 09:33,40,21.1,72,21.000002,99.26,-1437,80,3,85,-3.36,1728,29,-1.7813120999999998,43.339577,40.849773,21.510702984228,33:19.3,7,7199.651,0101000020E61000007ACC691D4180FCBFE8090F3077AB4540,20230419_NISSAN_DONOSTIA_IRUN_029,,d4,04:26.1,41:47.9,NISSAN_LEAF,Nissan Leaf e+ 62 kW,62000,174,33:11.5,6.9,11.2,120,ESE,-9.310211603091435,3.770694510594976,242,30,,,,214.0,28.0,0.0,0,224,18,25,2
19/04/2023 09:33,41,5.5,72,21.000002,99.26,-1443,320,3,84,0.5,549,29,-1.7809176,43.339603,41.558613,21.542745523566534,33:29.4,7,7199.613,0101000020E61000007C546E7BA37EFCBF032E5D1078AB4540,20230419_NISSAN_DONOSTIA_IRUN_029,,d4,04:26.1,41:47.9,NISSAN_LEAF,Nissan Leaf e+ 62 kW,62000,174,33:11.5,6.9,11.2,120,ESE,-10.14207327381769,-4.896415207034099,242,30,,,,214.0,28.0,0.0,0,224,18,55,2
19/04/2023 09:33,42,19.2,72,21.000002,99.26,-1443,5960,3,84,0.16,1366,29,-1.7806141,43.339577,42.260025,21.567469784664617,33:37.4,7,7199.568,0101000020E610000091F7583D657DFCBFEC0FC43A77AB4540,20230419_NISSAN_DONOSTIA_IRUN_029,,d4,04:26.1,41:47.9,NISSAN_LEAF,Nissan Leaf e+ 62 kW,62000,174,33:11.5,6.9,11.2,120,ESE,-3.935623170281896,39.42734122974078,242,30,,,,214.0,28.0,0.0,0,224,18,55,2
19/04/2023 09:33,43,28.1,72,21.000002,99.26,-1443,1880,3,84,4.39,1475,29,-1.7802845,43.339848,43.82284,21.60773138645943,33:46.5,7,7199.521,0101000020E6100000F635259E0B7CFCBF18F2381F80AB4540,20230419_NISSAN_DONOSTIA_IRUN_029,,d4,04:26.1,41:47.9,NISSAN_LEAF,Nissan Leaf e+ 62 kW,62000,174,33:11.5,6.9,11.2,120,ESE,7.30492716789472,100.70961652958286,242,30,,,,214.0,28.0,0.0,0,224,18,55,2
19/04/2023 09:33,43,27.9,72,21.000002,99.26,-1443,3040,3,84,4.77,1794,29,-1.7803732,43.340317,43.525246,21.660373678389238,33:53.5,7,7200.502,0101000020E610000037A92D92687CFCBF4F12368C8FAB4540,20230419_NISSAN_DONOSTIA_IRUN_029,,d4,04:26.1,41:47.9,NISSAN_LEAF,Nissan Leaf e+ 62 kW,62000,174,33:11.5,6.9,11.2,120,ESE,4.2689562863808375,82.40535663141868,242,30,,,,214.0,28.0,0.0,0,224,18,65,2
19/04/2023 09:34,44,35.4,72,21.000002,99.26,-1443,2560,3,84,-0.31,2158,29,-1.7802964,43.340893,44.86211,21.724736275217047,34:01.6,7,7200.444,0101000020E6100000AFB18024187CFCBF66BD3B62A2AB4540,20230419_NISSAN_DONOSTIA_IRUN_029,,d4,04:26.1,41:47.9,NISSAN_LEAF,Nissan Leaf e+ 62 kW,62000,174,33:11.5,6.9,11.2,120,ESE,10.374943871113771,172.1295800765036,242,30,,,,214.0,28.0,0.0,0,224,18,65,2
19/04/2023 09:34,46,41.9,72,21.000002,99.26,-1443,18400,3,85,6.62,2409,29,-1.7813164,43.341034,46.15931,21.80871058643652,34:10.6,7,7200.380999999999,0101000020E6100000FD4360A24580FCBFD9C6350DA7AB4540,20230419_NISSAN_DONOSTIA_IRUN_029,,d4,04:26.1,41:47.9,NISSAN_LEAF,Nissan Leaf e+ 62 kW,62000,174,33:11.5,6.9,11.2,120,ESE,11.0862772925249,158.17184986343577,242,30,,,,214.0,28.0,0.0,0,224,18,65,2
19/04/2023 09:34,47,61.4,72,21.000002,99.26,-1443,13680,3,85,-0.56,4096,29,-1.7825721999999995,43.341537,46.96682,21.92465273309129,34:18.6,7,7200.351,0101000020E61000004C4D58546A85FCBFD1C3867FB7AB4540,20230419_NISSAN_DONOSTIA_IRUN_029,,d4,04:26.1,41:47.9,NISSAN_LEAF,Nissan Leaf e+ 62 kW,62000,174,33:11.5,6.9,11.2,120,ESE,11.19215733424773,152.14430134349467,242,30,,,,214.0,28.0,0.0,0,224,18,25,2
19/04/2023 09:34,50,68.2,72,21.000002,99.26,-1443,9840,3,85,1.61,4607,29,-1.7841749,43.342384,50.485035,22.084905586805395,34:27.7,7,7200.325,0101000020E610000033F4D805FB8BFCBF653E1C48D3AB4540,20230419_NISSAN_DONOSTIA_IRUN_029,,d4,04:26.1,41:47.9,NISSAN_LEAF,Nissan Leaf e+ 62 kW,62000,174,33:11.5,6.9,11.2,120,ESE,11.173585576057215,153.9358141449921,455,54,,,,131.0,318.0,6.0,0,433,22,25,2
19/04/2023 09:34,52,71.9,72,21.000002,99.26,-1443,12360,3,86,1.36,4841,29,-1.7857512,43.343155,52.358467,22.238536339613628,34:35.7,7,7200.262,0101000020E6100000400321D66F92FCBFD333F279ECAB4540,20230419_NISSAN_DONOSTIA_IRUN_029,,d4,04:26.1,41:47.9,NISSAN_LEAF,Nissan Leaf e+ 62 kW,62000,174,33:11.5,6.9,11.2,120,ESE,11.04267547994471,159.6147171558177,455,54,,,,131.0,318.0,6.0,0,433,22,65,2
19/04/2023 09:34,52,73.8,72,21.000002,99.26,-1443,15400,3,86,3.81,4772,29,-1.7877022,43.34388,52.430607,22.41571043432318,34:44.8,7,7200.245,0101000020E6100000C3A55F9B6D9AFCBFC69EEE4E04AC4540,20230419_NISSAN_DONOSTIA_IRUN_029,,d4,04:26.1,41:47.9,NISSAN_LEAF,Nissan Leaf e+ 62 kW,62000,174,33:11.5,6.9,11.2,120,ESE,10.20728274385147,174.30539409392563,455,54,,,,131.0,318.0,6.0,0,433,22,30,2
19/04/2023 09:34,52,78.7,72,21.000002,99.26,-1443,9200,3,86,1.83,5398,29,-1.7900087,43.34411,52.86845400000001,22.603973720985728,34:53.8,7,7200.182,0101000020E61000004DB2841BE0A3FCBFDB2555B20BAC4540,20230419_NISSAN_DONOSTIA_IRUN_029,,d4,04:26.1,41:47.9,NISSAN_LEAF,Nissan Leaf e+ 62 kW,62000,174,33:11.5,6.9,11.2,120,ESE,9.956069279960156,177.26030731602717,455,54,,,,131.0,318.0,6.0,0,433,22,65,2
19/04/2023 09:35,53,64.1,72,21.000002,99.26,-1451,4280,3,86,0.86,4555,29,-1.7923074,43.34422,53.872440000000005,22.79026469749296,35:02.8,7,7200.15,0101000020E6100000F1244E724AADFCBFC74833540FAC4540,20230419_NISSAN_DONOSTIA_IRUN_029,,d4,04:26.1,41:47.9,NISSAN_LEAF,Nissan Leaf e+ 62 kW,62000,174,33:11.5,6.9,11.2,120,ESE,11.169444686974758,145.76678065513067,455,54,,,,131.0,318.0,6.0,0,433,22,65,2
19/04/2023 09:35,55,59.0,72,21.000002,99.26,-1451,520,3,86,0.14,4092,29,-1.7935506999999995,43.345066,55.21474,22.927957718846645,35:10.9,7,7200.092,0101000020E61000005ED5733962B2FCBFFED3F8202BAC4540,20230419_NISSAN_DONOSTIA_IRUN_029,,d4,04:26.1,41:47.9,NISSAN_LEAF,Nissan Leaf e+ 62 kW,62000,174,33:11.5,6.9,11.2,120,ESE,9.786902261940943,179.09312661431412,455,54,,,,131.0,318.0,6.0,0,433,22,65,2
19/04/2023 09:35,54,63.8,72,21.000002,99.26,-1451,0,3,86,-7.2,4579,29,-1.7955091,43.345097,54.62984,23.086361562915013,35:19.9,7,7200.057,0101000020E6100000C3678BC567BAFCBF688E25132CAC4540,20230419_NISSAN_DONOSTIA_IRUN_029,,d4,04:26.1,41:47.9,NISSAN_LEAF,Nissan Leaf e+ 62 kW,62000,174,33:11.5,6.9,11.2,120,ESE,8.778671577631828,-171.61074789757242,455,54,,,,131.0,318.0,6.0,0,433,22,25,1
19/04/2023 09:35,52,59.3,72,21.000002,99.26,-1495,9840,3,86,2.73,3585,29,-1.7968856,43.344894,53.71023,23.19994126292491,35:28.0,7,7200.02,0101000020E61000005976101D0BC0FCBFDCC6B27A25AC4540,20230419_NISSAN_DONOSTIA_IRUN_029,,d4,04:26.1,41:47.9,NISSAN_LEAF,Nissan Leaf e+ 62 kW,62000,174,33:11.5,6.9,11.2,120,ESE,10.644016388529751,168.12895512398725,455,54,,,,131.0,318.0,6.0,0,433,22,65,2
19/04/2023 09:35,53,59.9,72,21.000002,99.26,-1495,5520,3,87,1.36,4089,29,-1.7987218999999997,43.34528,52.939606000000005,23.354513586800003,35:37.0,7,7199.971,0101000020E610000049C634A390C7FCBFE663F82C32AC4540,20230419_NISSAN_DONOSTIA_IRUN_029,,d4,04:26.1,41:47.9,NISSAN_LEAF,Nissan Leaf e+ 62 kW,62000,174,33:11.5,6.9,11.2,120,ESE,10.912952939426496,162.99981320491204,455,54,,,,131.0,318.0,6.0,0,433,22,65,1
19/04/2023 09:35,54,49.0,72,21.000002,99.26,-1495,0,3,87,0.0,3628,29,-1.8001676,43.345722,53.802216,23.481332756925458,35:45.1,7,7199.928000000001,0101000020E61000001EFA877B7CCDFCBF8DEE79A440AC4540,20230419_NISSAN_DONOSTIA_IRUN_029,,d4,04:26.1,41:47.9,NISSAN_LEAF,Nissan Leaf e+ 62 kW,62000,174,38:04.0,6.9,11.2,120,ESE,10.6252613840577,168.4348121911553,455,54,,,,131.0,318.0,6.0,0,433,22,8,1
19/04/2023 09:35,54,49.2,72,21.000002,99.26,-1495,5480,3,87,1.25,3255,29,-1.8014528000000003,43.345985,55.06431,23.589302232633624,35:53.1,7,7200.884,0101000020E6100000F0700412C0D2FCBFCAB1BE3549AC4540,20230419_NISSAN_DONOSTIA_IRUN_029,,d4,04:26.1,41:47.9,NISSAN_LEAF,Nissan Leaf e+ 62 kW,62000,174,38:04.0,6.9,11.2,120,ESE,10.612252501103338,168.64411517987224,455,54,,,,131.0,318.0,6.0,0,433,22,65,1
19/04/2023 09:36,53,58.5,72,21.000002,99.26,-1495,2480,3,87,-1.2,3985,29,-1.8021001,43.346115000000005,54.671852,23.64360584648788,36:03.7,7,7198.315,0101000020E6100000493326D866D5FCBF7CF61B7E4DAC4540,20230419_NISSAN_DONOSTIA_IRUN_029,,d4,04:26.1,41:47.9,NISSAN_LEAF,Nissan Leaf e+ 62 kW,62000,174,38:04.0,6.9,11.2,120,ESE,10.642253033691285,168.1579238852112,455,54,,,,131.0,318.0,6.0,0,433,22,8,1
19/04/2023 09:36,52,60.3,72,21.000002,99.26,-1499,12480,3,86,2.2,4052,29,-1.8030301,43.34631,53.719578000000006,23.72187783313881,36:11.9,7,7199.090999999999,0101000020E6100000EF6FAE2236D9FCBF12242ADC53AC4540,20230419_NISSAN_DONOSTIA_IRUN_029,,d4,04:26.1,41:47.9,NISSAN_LEAF,Nissan Leaf e+ 62 kW,62000,174,38:04.0,6.9,11.2,120,ESE,11.197439213498177,151.22524680875733,455,54,,,,131.0,318.0,6.0,0,433,22,8,2
19/04/2023 09:36,52,60.2,72,21.000002,99.26,-1501,0,3,86,0.19,4126,29,-1.8042938,43.347004,53.29331,23.849929576750068,36:20.9,7,7199.139,0101000020E6100000470E471663DEFCBFC0DDF09A6AAC4540,20230419_NISSAN_DONOSTIA_IRUN_029,,d4,04:26.1,41:47.9,NISSAN_LEAF,Nissan Leaf e+ 62 kW,62000,174,38:04.0,6.9,11.2,120,ESE,10.26541664303064,173.57245993150792,455,54,,,,131.0,318.0,6.0,0,433,22,8,2
19/04/2023 09:36,51,61.7,72,21.499998,99.26,-1501,4360,3,86,0.89,4257,29,-1.8082528,43.34745,51.85392,24.17388300427912,36:28.3,7,7199.736999999999,0101000020E61000002C65C2899AEEFCBF91B6E04E79AC4540,20230419_NISSAN_DONOSTIA_IRUN_029,,d4,04:26.1,41:47.9,NISSAN_LEAF,Nissan Leaf e+ 62 kW,62000,174,38:04.0,6.9,11.2,120,ESE,10.173995815257816,174.7158585965242,455,54,,,,131.0,318.0,6.0,0,433,22,8,2
19/04/2023 09:36,53,54.0,72,21.499998,99.26,-1501,0,3,86,1.84,3887,29,-1.8101125,43.347622,53.042774,24.32547684566529,36:37.3,7,7199.695,0101000020E6100000FC6D328C38F6FCBF2D7531D27EAC4540,20230419_NISSAN_DONOSTIA_IRUN_029,,d4,04:26.1,41:47.9,NISSAN_LEAF,Nissan Leaf e+ 62 kW,62000,174,38:04.0,6.9,11.2,120,ESE,9.353926595377256,-176.6337540748637,455,54,,,,131.0,318.0,6.0,0,433,22,8,2
19/04/2023 09:36,55,44.5,72,21.499998,99.26,-1501,0,3,86,1.75,3294,29,-1.8116766,43.34753,55.151913,24.45238256306692,36:46.4,7,7199.648,0101000020E610000052F9B4AFA0FCFCBF220C33EC7BAC4540,20230419_NISSAN_DONOSTIA_IRUN_029,,d4,04:26.1,41:47.9,NISSAN_LEAF,Nissan Leaf e+ 62 kW,62000,174,38:04.0,6.9,11.2,120,ESE,7.803801824165023,-164.168273522698,455,54,,,,131.0,318.0,6.0,0,433,22,65,2
19/04/2023 09:36,55,60.1,72,21.499998,99.26,-1501,6040,3,86,1.61,3592,29,-1.8128756,43.347190000000005,55.93439,24.556448967614227,36:54.4,7,7199.596,0101000020E6100000F52E13D08901FDBF117EBBCA70AC4540,20230419_NISSAN_DONOSTIA_IRUN_029,,d4,04:26.1,41:47.9,NISSAN_LEAF,Nissan Leaf e+ 62 kW,62000,174,38:04.0,6.9,11.2,120,ESE,3.644253576041778,-138.98858564314946,202,41,,,,120.0,81.0,1.0,0,184,18,65,2
19/04/2023 09:37,56,59.3,72,21.499998,99.26,-1505,0,3,86,1.58,4053,29,-1.8140945,43.34613,56.02491,24.710095559250924,37:03.4,7,7199.592,0101000020E6100000F1226CFA8706FDBF13987C0A4EAC4540,20230419_NISSAN_DONOSTIA_IRUN_029,,d4,04:26.1,41:47.9,NISSAN_LEAF,Nissan Leaf e+ 62 kW,62000,174,38:04.0,6.9,11.2,120,ESE,4.229513076329734,-142.1872717892656,202,41,,,,120.0,81.0,1.0,0,184,18,8,2
19/04/2023 09:37,55,56.2,72,21.499998,99.26,-1509,0,3,86,-2.28,3901,29,-1.815338,43.345165,55.44314,24.857151477071927,37:12.5,7,7199.529,0101000020E6100000D15954DD9F0BFDBF9257BB662EAC4540,20230419_NISSAN_DONOSTIA_IRUN_029,,d4,04:26.1,41:47.9,NISSAN_LEAF,Nissan Leaf e+ 62 kW,62000,174,38:04.0,6.9,11.2,120,ESE,4.631440185843514,-144.42623930009722,202,41,,,,120.0,81.0,1.0,0,184,18,65,2
19/04/2023 09:37,51,29.7,72,21.499998,99.26,-1522,0,3,86,-0.91,3066,29,-1.8163139,43.344467,51.927643,24.967894669420808,37:20.5,7,7200.460999999999,0101000020E6100000226D332A9F0FFDBF41AA878317AC4540,20230419_NISSAN_DONOSTIA_IRUN_029,,d4,04:26.1,41:47.9,NISSAN_LEAF,Nissan Leaf e+ 62 kW,62000,174,38:04.0,6.9,11.2,120,ESE,4.716192184503691,-144.90333368490084,202,41,,,,120.0,81.0,1.0,0,184,18,25,2
19/04/2023 09:37,50,23.2,72,21.499998,99.26,-1538,1840,3,86,1.3,1671,29,-1.816802,43.344124,50.9432,25.0227903940612,37:29.4,7,7199.584,0101000020E61000001D8DFEFE9E11FDBF60FF40390CAC4540,20230419_NISSAN_DONOSTIA_IRUN_029,,d4,04:26.1,41:47.9,NISSAN_LEAF,Nissan Leaf e+ 62 kW,62000,174,38:04.0,6.9,11.2,120,ESE,2.538188780304917,-133.09839349575014,202,41,,,,120.0,81.0,1.0,0,184,18,65,2
19/04/2023 09:37,50,6.2,72,21.499998,99.26,-1544,0,3,86,7.89,946,29,-1.8172053,43.343693,50.25923,25.0807636971105,37:37.6,7,7200.391,0101000020E6100000E9A60FDF4513FDBFA5290E22FEAB4540,20230419_NISSAN_DONOSTIA_IRUN_029,,d4,04:26.1,41:47.9,NISSAN_LEAF,Nissan Leaf e+ 62 kW,62000,174,38:04.0,6.9,11.2,120,ESE,4.601137351941801,-144.25609458829555,202,41,,,,120.0,81.0,1.0,0,184,18,65,2
19/04/2023 09:37,49,35.2,72,21.499998,99.26,-1544,8200,3,87,3.5,2185,29,-1.8175985,43.34341,49.28165,25.1255100419066,37:45.6,7,7200.35,0101000020E6100000BC4ADD21E214FDBFDE7A23DDF4AB4540,20230419_NISSAN_DONOSTIA_IRUN_029,,d4,04:26.1,41:47.9,NISSAN_LEAF,Nissan Leaf e+ 62 kW,62000,174,38:04.0,6.9,11.2,120,ESE,4.904158994342073,-145.9681428591727,202,41,,,,120.0,81.0,1.0,0,184,18,65,2
19/04/2023 09:37,49,58.3,72,21.499998,99.26,-1544,12920,3,87,3.25,3695,29,-1.8179761000000003,43.343155,49.612946,25.167181479062695,37:53.5,7,7201.453,0101000020E61000003E9FF6126E16FDBF6F29727DECAB4540,20230419_NISSAN_DONOSTIA_IRUN_029,,d4,04:26.1,41:47.9,NISSAN_LEAF,Nissan Leaf e+ 62 kW,62000,174,38:04.0,6.9,11.2,120,ESE,6.533134160403797,-155.68408026960128,202,41,,,,120.0,81.0,1.0,0,184,18,65,2
19/04/2023 09:38,50,65.5,72,21.499998,99.26,-1544,0,3,88,-1.36,4535,29,-1.8181111,43.343094,49.66008,25.180034196229585,38:03.3,7,7199.653,0101000020E610000030CDCF9CFB16FDBF1FCD6E8BEAAB4540,20230419_NISSAN_DONOSTIA_IRUN_029,,d4,04:26.1,41:47.9,NISSAN_LEAF,Nissan Leaf e+ 62 kW,62000,174,38:04.0,6.9,11.2,120,ESE,4.134696892897979,-141.66439902232617,202,41,,,,120.0,81.0,1.0,0,184,18,65,2
19/04/2023 09:38,49,51.7,72,21.499998,99.26,-1559,0,3,88,0.0,3636,29,-1.8210121,43.3408,49.343372,25.52659418073285,38:11.7,7,7200.259,0101000020E61000004A8FC0A2DD22FDBF0A578B5E9FAB4540,20230419_NISSAN_DONOSTIA_IRUN_029,,d4,04:26.1,41:47.9,NISSAN_LEAF,Nissan Leaf e+ 62 kW,62000,174,38:11.4,6.9,11.2,120,ESE,-0.0776606910505322,-119.6027084385208,202,41,,,,120.0,81.0,1.0,0,184,18,25,2
19/04/2023 09:38,50,62.3,71,21.499998,99.26,-1559,12360,3,88,1.83,4003,29,-1.8216541,43.33967,50.64447,25.662554794043334,38:20.8,7,7200.178000000001,0101000020E610000065C5CFCB7E25FDBF08080A357AAB4540,20230419_NISSAN_DONOSTIA_IRUN_029,,d4,04:26.1,41:47.9,NISSAN_LEAF,Nissan Leaf e+ 62 kW,62000,174,38:11.4,6.9,11.2,120,ESE,-4.68328255365896,-95.28214137800856,202,41,,,,120.0,81.0,1.0,0,184,18,65,2
19/04/2023 09:38,52,62.5,71,21.499998,99.26,-1559,520,3,88,0.0,4356,29,-1.8217717,43.338398,51.926506,25.80431993127628,38:28.9,7,7200.13,0101000020E6100000F7B2EE2BFA25FDBF9C4466AD50AB4540,20230419_NISSAN_DONOSTIA_IRUN_029,,d4,04:26.1,41:47.9,NISSAN_LEAF,Nissan Leaf e+ 62 kW,62000,174,38:11.4,6.9,11.2,120,ESE,-7.0916807879417085,-80.71444298892747,202,41,,,,120.0,81.0,1.0,0,184,18,65,1
19/04/2023 09:38,50,48.5,71,21.499998,99.26,-1566,0,3,87,-3.73,3682,29,-1.8215791,43.33722,51.083458,25.93623313069355,38:36.9,7,7200.099,0101000020E6100000DF96D71F3025FDBFCC315EFC29AB4540,20230419_NISSAN_DONOSTIA_IRUN_029,,d4,04:26.1,41:47.9,NISSAN_LEAF,Nissan Leaf e+ 62 kW,62000,174,38:11.4,6.9,11.2,120,ESE,-6.91507216826321,-81.87223399220035,202,41,,,,120.0,81.0,1.0,0,184,18,25,1
19/04/2023 09:38,51,44.2,71,21.499998,99.26,-1577,3240,3,87,3.8,2892,29,-1.821432,43.33619,51.21482,26.05138021058562,38:46.0,7,7200.036999999999,0101000020E61000000B611AD49524FDBFEFFBE44B08AB4540,20230419_NISSAN_DONOSTIA_IRUN_029,,d4,04:26.1,41:47.9,NISSAN_LEAF,Nissan Leaf e+ 62 kW,62000,174,38:11.4,6.9,11.2,120,ESE,-5.276507673213621,-91.89318793695968,202,41,,,,120.0,81.0,1.0,0,184,18,25,1
19/04/2023 09:38,51,62.4,71,21.499998,99.26,-1577,7360,3,87,1.55,4109,29,-1.8214715,43.334995,51.756874,26.184297650569235,38:55.0,7,7199.995,0101000020E610000012CE8840BF24FDBF350F0729E1AA4540,20230419_NISSAN_DONOSTIA_IRUN_029,,d4,04:26.1,41:47.9,NISSAN_LEAF,Nissan Leaf e+ 62 kW,62000,174,38:11.4,6.9,11.2,120,ESE,-1.426458087469875,-112.68280213754656,202,41,,,,120.0,81.0,1.0,0,184,18,25,1
19/04/2023 09:39,51,64.3,71,21.499998,99.26,-1577,7120,3,87,1.73,4350,29,-1.8220278000000003,43.333664,51.256893,26.338986848444286,39:04.0,7,7199.951,0101000020E6100000965249A80627FDBFF421308BB5AA4540,20230419_NISSAN_DONOSTIA_IRUN_029,,d4,04:26.1,41:47.9,NISSAN_LEAF,Nissan Leaf e+ 62 kW,62000,174,38:11.4,6.9,11.2,120,ESE,2.691366839766699,-133.9042833217107,202,41,,,,120.0,81.0,1.0,0,184,18,25,1
19/04/2023 09:39,52,69.4,71,21.499998,99.26,-1577,5200,3,87,1.06,4734,29,-1.823074,43.332577,52.009727000000005,26.486533209455764,39:12.1,7,7199.894,0101000020E61000006764AC9C4F2BFDBF6E8F23D291AA4540,20230419_NISSAN_DONOSTIA_IRUN_029,,d4,04:26.1,41:47.9,NISSAN_LEAF,Nissan Leaf e+ 62 kW,62000,174,38:11.4,6.9,11.2,120,ESE,4.598494592011755,-144.24126680224398,202,41,,,,120.0,81.0,1.0,0,184,18,65,1
19/04/2023 09:39,52,59.0,71,21.499998,99.26,-1582,0,3,87,-0.59,4275,29,-1.8243821,43.331635,52.66721,26.63541590459384,39:20.1,7,7199.861,0101000020E6100000B78FBA33AB30FDBF49D6DA0173AA4540,20230419_NISSAN_DONOSTIA_IRUN_029,,d4,04:26.1,41:47.9,NISSAN_LEAF,Nissan Leaf e+ 62 kW,62000,174,38:11.4,6.9,11.2,120,ESE,4.496443279399617,-143.6699917534802,202,41,,,,120.0,81.0,1.0,0,184,18,65,1
19/04/2023 09:39,52,60.0,71,21.499998,99.26,-1586,17800,3,87,4.7,3869,29,-1.8257569,43.330624,52.12586,26.793539775876187,39:29.2,7,7199.791,0101000020E610000032F4C5D74C36FDBFC43BACE751AA4540,20230419_NISSAN_DONOSTIA_IRUN_029,,d4,04:26.1,41:47.9,NISSAN_LEAF,Nissan Leaf e+ 62 kW,62000,174,38:11.4,6.9,11.2,120,ESE,7.649956918288555,-163.08102059730905,202,41,,,,120.0,81.0,1.0,0,184,18,65,1
19/04/2023 09:39,53,51.1,71,21.499998,99.26,-1587,5120,3,87,1.28,3495,29,-1.8272264,43.330177,53.07276,26.92237659428741,39:37.2,7,7199.761,0101000020E6100000D13D6BCB513CFDBF335ED14F43AA4540,20230419_NISSAN_DONOSTIA_IRUN_029,,d4,04:26.1,41:47.9,NISSAN_LEAF,Nissan Leaf e+ 62 kW,62000,174,38:11.4,6.9,11.2,120,ESE,7.268199061952278,-160.4622078170868,202,41,,,,120.0,81.0,1.0,0,184,18,8,1
19/04/2023 09:39,54,52.3,71,21.499998,99.26,-1589,5040,3,87,6.67,3142,29,-1.8285255,43.329716,54.035230000000006,27.03929478358829,39:46.3,7,7199.719,0101000020E6100000EF13A101A441FDBF4E6A6F2E34AA4540,20230419_NISSAN_DONOSTIA_IRUN_029,,d4,04:26.1,41:47.9,NISSAN_LEAF,Nissan Leaf e+ 62 kW,62000,174,38:11.4,6.9,11.2,120,ESE,-5.152152654812052,-92.6120129817851,202,41,,,,120.0,81.0,1.0,0,184,18,85,1
19/04/2023 09:39,56,58.9,71,21.499998,99.26,-1589,12280,3,87,0.58,4349,29,-1.8285807,43.328506,57.126198,27.17395018896817,39:54.3,7,7199.679,0101000020E6100000560C2BE6DD41FDBF47A2E6740CAA4540,20230419_NISSAN_DONOSTIA_IRUN_029,,d4,04:26.1,41:47.9,NISSAN_LEAF,Nissan Leaf e+ 62 kW,62000,174,38:11.4,6.9,11.2,120,ESE,-0.7283049839028963,-116.27158334521025,202,41,,,,120.0,81.0,1.0,0,184,18,85,1
19/04/2023 09:40,59,76.5,71,21.499998,99.26,-1589,28720,3,88,5.8,4895,29,-1.8292377,43.327175,59.876385,27.331226661601786,40:03.4,7,7199.613,0101000020E6100000924EA9CB8E44FDBF6EF113EDE0A94540,20230419_NISSAN_DONOSTIA_IRUN_029,,d4,04:26.1,41:47.9,NISSAN_LEAF,Nissan Leaf e+ 62 kW,62000,174,38:11.4,6.9,11.2,120,ESE,3.889999639725232,-140.32356700469762,202,41,,,,120.0,81.0,1.0,0,184,18,85,1
19/04/2023 09:40,68,77.5,71,21.499998,99.26,-1589,20720,3,89,-1.45,5557,29,-1.8307024,43.32596,66.82843000000001,27.51105434252527,40:11.4,7,7199.58,0101000020E610000001FB75998E4AFDBFEB348206B9A94540,20230419_NISSAN_DONOSTIA_IRUN_029,,d4,04:26.1,41:47.9,NISSAN_LEAF,Nissan Leaf e+ 62 kW,62000,174,38:11.4,6.9,11.2,120,ESE,-2.686044857573931,-106.12376244806168,202,41,,,,120.0,81.0,1.0,0,184,18,40,2
19/04/2023 09:40,76,56.7,71,21.499998,99.26,-1601,6720,3,89,0.09,4102,29,-1.8311129,43.32454,76.23904,27.672679156675855,40:20.5,7,7199.542,0101000020E6100000DB0FACFC3C4CFDBF92FABE838AA94540,20230419_NISSAN_DONOSTIA_IRUN_029,,d4,04:26.1,41:47.9,NISSAN_LEAF,Nissan Leaf e+ 62 kW,62000,174,38:11.4,6.9,11.2,120,ESE,0.7743286211143682,-123.964391234351,202,41,,,,120.0,81.0,1.0,0,184,18,85,2
19/04/2023 09:40,82,31.7,71,21.499998,99.26,-1602,0,3,89,-1.02,2958,29,-1.8316922,43.32368,82.2968,27.779343580587803,40:28.5,7,7200.507,0101000020E610000070804A849C4EFDBFB76A895B6EA94540,20230419_NISSAN_DONOSTIA_IRUN_029,,d4,04:26.1,41:47.9,NISSAN_LEAF,Nissan Leaf e+ 62 kW,62000,174,38:11.4,6.9,11.2,120,ESE,8.81934848941172,-171.94708503539363,202,41,,,,120.0,81.0,1.0,0,184,18,40,2
19/04/2023 09:40,92,16.8,71,21.499998,99.26,-1616,4120,3,89,6.92,618,29,-1.8322223,43.323605,90.648415,27.82381962880579,40:36.6,7,7200.448,0101000020E610000066318D5CC850FDBF8DE270D96BA94540,20230419_NISSAN_DONOSTIA_IRUN_029,,d4,04:26.1,41:47.9,NISSAN_LEAF,Nissan Leaf e+ 62 kW,62000,174,43:01.9,6.9,11.2,120,ESE,7.640522419922616,-163.01497626743438,202,41,,,,120.0,81.0,1.0,0,184,18,25,2
19/04/2023 09:40,98,11.5,71,21.499998,99.26,-1620,0,3,89,-0.28,977,29,-1.8327494,43.323444,97.479454,27.87056608971497,40:45.6,7,7200.406999999999,0101000020E6100000C8C5F6F0F052FDBF50764AA966A94540,20230419_NISSAN_DONOSTIA_IRUN_029,,d4,04:26.1,41:47.9,NISSAN_LEAF,Nissan Leaf e+ 62 kW,62000,174,43:01.9,6.9,11.2,120,ESE,9.917231982601946,177.69093721109715,202,41,,,,120.0,81.0,1.0,0,184,18,40,2
19/04/2023 09:40,102,28.0,71,21.499998,99.26,-1620,0,3,90,-0.72,1965,29,-1.8333198,43.323467,101.256,27.916932570259604,40:53.6,7,7200.366999999999,0101000020E6100000947F331F4755FDBF2FA9C66C67A94540,20230419_NISSAN_DONOSTIA_IRUN_029,,d4,04:26.1,41:47.9,NISSAN_LEAF,Nissan Leaf e+ 62 kW,62000,174,43:01.9,6.9,11.2,120,ESE,5.730553640290318,-150.77423650085984,202,41,,,,120.0,81.0,1.0,0,184,18,8,2
19/04/2023 09:41,104,32.9,71,21.499998,99.26,-1620,7360,3,90,6.92,1990,29,-1.8340008,43.323086,104.08133,27.986485065521563,41:02.7,7,7200.316,0101000020E6100000642892361158FDBFF7B015E65AA94540,20230419_NISSAN_DONOSTIA_IRUN_029,,d4,04:26.1,41:47.9,NISSAN_LEAF,Nissan Leaf e+ 62 kW,62000,174,43:01.9,6.9,11.2,120,ESE,8.799893625623026,-171.78590959782326,202,41,,,,120.0,81.0,1.0,0,184,18,8,2
19/04/2023 09:41,107,25.3,71,21.499998,99.26,-1620,0,3,90,-10.59,2390,29,-1.8350607,43.322933,107.04626,28.07394647836877,41:10.7,7,7200.278,0101000020E6100000B926FCAB685CFDBF2E2ACCDF55A94540,20230419_NISSAN_DONOSTIA_IRUN_029,,d4,04:26.1,41:47.9,NISSAN_LEAF,Nissan Leaf e+ 62 kW,62000,174,43:01.9,6.9,11.2,120,ESE,7.549988362290595,-162.38477244483042,202,41,,,,120.0,81.0,1.0,0,184,18,8,2
19/04/2023 09:41,110,37.0,71,21.499998,99.26,-1629,9080,3,90,3.94,2076,29,-1.8356843,43.322735,109.84355,28.129058353136816,41:19.8,7,7200.236,0101000020E61000000F3DF371F65EFDBFDE77AE554FA94540,20230419_NISSAN_DONOSTIA_IRUN_029,,d4,04:26.1,41:47.9,NISSAN_LEAF,Nissan Leaf e+ 62 kW,62000,174,43:01.9,6.9,11.2,120,ESE,2.893738850806537,-134.9733384017755,202,41,,,,120.0,81.0,1.0,0,184,18,25,2
19/04/2023 09:41,112,31.6,71,21.499998,99.26,-1629,0,3,91,-0.72,2356,29,-1.8363287,43.32209,111.9196,28.217746372403077,41:28.8,7,7200.198,0101000020E6100000EB5AEA419A61FDBF4F5447363AA94540,20230419_NISSAN_DONOSTIA_IRUN_029,,d4,04:26.1,41:47.9,NISSAN_LEAF,Nissan Leaf e+ 62 kW,62000,174,43:01.9,6.9,11.2,120,ESE,0.4583061006414328,-122.34520884844687,202,41,,,,120.0,81.0,1.0,0,184,18,8,2
19/04/2023 09:41,113,24.3,71,21.499998,99.26,-1629,0,3,90,-5.05,2266,29,-1.836715,43.32148,112.95454,28.292435012960425,41:36.9,7,7200.149,0101000020E61000004292DC3D2F63FDBF80799C4A26A94540,20230419_NISSAN_DONOSTIA_IRUN_029,,d4,04:26.1,41:47.9,NISSAN_LEAF,Nissan Leaf e+ 62 kW,62000,174,43:01.9,6.9,11.2,120,ESE,-0.6527706579832209,-116.65873117649582,202,41,,,,120.0,81.0,1.0,0,184,18,8,2
19/04/2023 09:41,112,34.9,71,21.499998,99.26,-1640,13400,3,90,-0.39,2097,29,-1.8369359,43.32104,112.78712,28.344522398195316,41:45.9,7,7200.11,0101000020E61000002E227CE41664FDBF93D556E117A94540,20230419_NISSAN_DONOSTIA_IRUN_029,,d4,04:26.1,41:47.9,NISSAN_LEAF,Nissan Leaf e+ 62 kW,62000,174,43:01.9,6.9,11.2,120,ESE,-8.8459802508995,-67.83133787348753,202,41,,,,120.0,81.0,1.0,0,184,18,8,2
19/04/2023 09:41,111,23.5,71,21.499998,99.26,-1644,9440,3,91,-0.36,1152,29,-1.8367118,43.32049,112.18674,28.408312883327813,41:54.9,7,7200.055,0101000020E6100000A713ACE62B63FDBF9C9385EB05A94540,20230419_NISSAN_DONOSTIA_IRUN_029,,d4,04:26.1,41:47.9,NISSAN_LEAF,Nissan Leaf e+ 62 kW,62000,174,43:01.9,6.9,11.2,120,ESE,-6.625554528393356,-83.73168750484074,202,41,,,,120.0,81.0,1.0,0,184,18,8,2
19/04/2023 09:42,113,20.6,71,21.499998,99.26,-1644,4160,3,91,0.0,1094,29,-1.8366772,43.320175,113.15112,28.44346417878958,42:03.0,7,7200.004,0101000020E610000036B063990763FDBF21BD5379FBA84540,20230419_NISSAN_DONOSTIA_IRUN_029,,d4,04:26.1,41:47.9,NISSAN_LEAF,Nissan Leaf e+ 62 kW,62000,174,43:01.9,6.9,11.2,120,ESE,-0.1374413302247244,59.29687448110334,202,41,,,,120.0,81.0,1.0,0,184,18,8,2
19/04/2023 09:42,113,24.1,71,21.499998,99.26,-1644,0,3,91,-0.67,1465,29,-1.8364462,43.320564000000005,114.21918,28.49059524047896,42:11.0,7,7199.956999999999,0101000020E610000019239C591562FDBF0819EF3708A94540,20230419_NISSAN_DONOSTIA_IRUN_029,,d4,04:26.1,41:47.9,NISSAN_LEAF,Nissan Leaf e+ 62 kW,62000,174,43:01.9,6.9,11.2,120,ESE,3.658618385840129,-139.06631877442916,202,41,,,,120.0,81.0,1.0,0,184,18,8,2
19/04/2023 09:42,111,17.8,71,21.000002,99.26,-1644,240,3,90,-0.56,1276,29,-1.8367852,43.32027,112.085945,28.53331948646453,42:20.1,7,7199.915,0101000020E6100000DD2A09E87863FDBF2B8DAB9DFEA84540,20230419_NISSAN_DONOSTIA_IRUN_029,,d4,04:26.1,41:47.9,NISSAN_LEAF,Nissan Leaf e+ 62 kW,62000,174,43:01.9,6.9,11.2,120,ESE,8.603864469356221,-170.19271997232823,202,41,,,,120.0,81.0,1.0,0,184,18,8,2
19/04/2023 09:42,111,13.1,71,21.000002,99.26,-1644,320,3,90,-6.5,1170,29,-1.8373637,43.320170000000005,111.822044,28.581422399020166,42:29.1,7,7199.863,0101000020E6100000455D2775D765FDBF8FEA7B59FBA84540,20230419_NISSAN_DONOSTIA_IRUN_029,,d4,04:26.1,41:47.9,NISSAN_LEAF,Nissan Leaf e+ 62 kW,62000,174,43:01.9,6.9,11.2,120,ESE,5.192032074025809,-147.61799165875823,202,41,,,,120.0,81.0,1.0,0,184,18,8,2
19/04/2023 09:42,109,14.4,71,21.000002,99.26,-1646,1440,3,89,3.17,990,29,-1.8376633,43.31998,109.97376,28.61362799953565,42:38.2,7,7199.805,0101000020E610000000C84DA91167FDBF8C0DBF26F5A84540,20230419_NISSAN_DONOSTIA_IRUN_029,,d4,04:26.1,41:47.9,NISSAN_LEAF,Nissan Leaf e+ 62 kW,62000,174,43:01.9,6.9,11.2,120,ESE,-5.994311008987288,-87.64209402929936,202,41,,,,120.0,81.0,1.0,0,184,18,8,2
19/04/2023 09:42,110,4.2,71,21.000002,99.26,-1649,0,3,89,-0.91,745,29,-1.8376493000000005,43.31964,110.23127,28.651452111859104,42:46.2,7,7199.758000000001,0101000020E61000002226E1000367FDBFA2FE0406EAA84540,20230419_NISSAN_DONOSTIA_IRUN_029,,d4,04:26.1,41:47.9,NISSAN_LEAF,Nissan Leaf e+ 62 kW,62000,174,43:01.9,6.9,11.2,120,ESE,-7.901594762080708,-75.13008535116433,202,41,,,,120.0,81.0,1.0,0,184,18,8,2
19/04/2023 09:42,107,6.8,71,21.000002,99.26,-1649,1840,3,89,1.28,405,29,-1.8376262,43.319553000000006,107.82727,28.661593953028362,42:55.3,7,7199.714,0101000020E6100000AFA7C3CDEA66FDBFC4B56F18E7A84540,20230419_NISSAN_DONOSTIA_IRUN_029,,d4,04:26.1,41:47.9,NISSAN_LEAF,Nissan Leaf e+ 62 kW,62000,174,43:01.9,6.9,11.2,120,ESE,-10.457898448316062,-50.97432328915768,202,41,,,,120.0,81.0,1.0,0,184,18,8,2
19/04/2023 09:43,106,4.9,71,21.000002,99.26,-1649,1480,3,89,1.8,223,29,-1.83758,43.319496,106.538605,28.669063982695995,43:03.3,7,7199.667,0101000020E6100000A7E6A946BA66FDBF57CA7B44E5A84540,20230419_NISSAN_DONOSTIA_IRUN_029,,d4,04:26.1,41:47.9,NISSAN_LEAF,Nissan Leaf e+ 62 kW,62000,174,43:01.9,6.9,11.2,120,ESE,-9.340099577608054,3.4946389246416816,202,41,,,,120.0,81.0,1.0,0,184,18,8,2
19/04/2023 09:43,107,0.0,71,21.000002,99.26,-1649,0,3,88,-2.22,0,29,-1.8375145,43.3195,107.54992,28.674476795588564,43:12.4,7,7199.635,0101000020E610000019604CAD7566FDBFBC7D0164E5A84540,20230419_NISSAN_DONOSTIA_IRUN_029,,d4,04:26.1,41:47.9,NISSAN_LEAF,Nissan Leaf e+ 62 kW,62000,174,43:11.4,6.9,11.2,120,ESE,,,202,41,,,,120.0,81.0,1.0,0,184,18,8,2
