timestamp_data_utc,elv_spy,speed,soc,amb_temp,soh,regenwh,Motor Pwr(w),Aux Pwr(100w),Motor Temp,Torque Nm,rpm,route_id,longitude,latitude,altitude,cumul_dist,timestamp_gps_utc,car_id,time_diff,point_geom,route_code,route_description,driver,start_timestamp,end_timestamp,car_code,car_description,capacity,ref_consumption,timestamp_weather_utc,wind_mph,wind_kph,wind_degree,wind_dir,Frontal_Wind,Veh_deg,totalVehicles,speedAvg,cars_by_speed_interval_0_80,cars_by_speed_interval_80_100,cars_by_speed_interval_100_120,cars_by_speed_interval_0_50,cars_by_speed_interval_50_80,cars_by_speed_interval_80_120,cars_by_speed_interval_120_inf,cars_by_length_interval_0_7,cars_by_length_interval_7_inf,max_speed,radius
18/04/2023 13:30,135,26.2,87,25.0,99.27,0,2920,2,79,2.39,1420,16,-2.2711837000000004,43.179035,135.09282,0.0,30:59.4,7,7199.584,0101000020E610000095065255622B02C0A037849FEA964540,20230418_NISSAN_AZPEITIA_DONOSTIA_016,,d2,30:53.2,11:06.0,NISSAN_LEAF,Nissan Leaf e+ 62 kW,62000,174,30:04.6,8.1,13.0,350,N,-1.8139838640440669,18.021068074655645,168,74,,,,1.0,123.0,44.0,0,146,22,25,2
18/04/2023 13:31,134,15.4,87,25.0,99.27,-5,0,2,80,-0.03,1070,16,-2.270655,43.179207,134.97134,0.04694275466929722,31:07.5,7,7199.526,0101000020E6100000929F79274D2A02C02578B030F0964540,20230418_NISSAN_AZPEITIA_DONOSTIA_016,,d2,30:53.2,11:06.0,NISSAN_LEAF,Nissan Leaf e+ 62 kW,62000,174,30:04.6,8.1,13.0,350,N,-0.6326610436480077,12.789471658585356,168,74,,,,1.0,123.0,44.0,0,146,22,25,2
18/04/2023 13:31,133,18.7,87,25.0,99.27,-5,3400,2,80,4.02,894,16,-2.2703202,43.179283,133.47086000000002,0.07541457603725263,31:15.5,7,7200.482,0101000020E6100000365671A69D2902C0300DDEBCF2964540,20230418_NISSAN_AZPEITIA_DONOSTIA_016,,d2,30:53.2,11:06.0,NISSAN_LEAF,Nissan Leaf e+ 62 kW,62000,174,30:04.6,8.1,13.0,350,N,-0.7231314658101412,13.18875211389171,168,74,,,,1.0,123.0,44.0,0,146,22,25,2
18/04/2023 13:31,131,15.1,87,25.0,99.27,-7,0,2,80,0.67,728,16,-2.2698636000000003,43.179390000000005,131.61029,0.11434728335765143,31:24.6,7,7200.432,0101000020E6100000A7FB953DAE2802C03118F73CF6964540,20230418_NISSAN_AZPEITIA_DONOSTIA_016,,d2,30:53.2,11:06.0,NISSAN_LEAF,Nissan Leaf e+ 62 kW,62000,174,30:04.6,8.1,13.0,350,N,-3.5614084738682528,25.89971876413996,168,74,,,,1.0,123.0,44.0,0,146,22,25,2
18/04/2023 13:31,131,24.6,87,24.5,99.27,-7,3600,2,80,3.41,1352,16,-2.2694929,43.17957,131.74548,0.15045981599150512,31:32.6,7,7200.401,0101000020E61000003B2D27E8EB2702C056379210FC964540,20230418_NISSAN_AZPEITIA_DONOSTIA_016,,d2,30:53.2,11:06.0,NISSAN_LEAF,Nissan Leaf e+ 62 kW,62000,174,30:04.6,8.1,13.0,350,N,-6.3518444378204215,39.24882957805623,168,74,,,,1.0,123.0,44.0,0,146,22,25,2
18/04/2023 13:31,132,21.9,86,24.5,99.27,-7,0,2,80,-0.72,1602,16,-2.2690082,43.179966,132.93932,0.20949342420209058,31:41.6,7,7200.352,0101000020E610000022B666B7ED2602C01436012B09974540,20230418_NISSAN_AZPEITIA_DONOSTIA_016,,d2,30:53.2,11:06.0,NISSAN_LEAF,Nissan Leaf e+ 62 kW,62000,174,30:04.6,8.1,13.0,350,N,-11.022607987584502,67.98322624639687,168,74,,,,1.0,123.0,44.0,0,146,22,65,2
18/04/2023 13:31,133,24.2,86,23.999998,99.27,-10,0,2,81,5.5,1322,16,-2.268823,43.180424,133.84798999999998,0.26259630265061923,31:50.7,7,7200.292,0101000020E610000009F81EA38C2602C066BC532318974540,20230418_NISSAN_AZPEITIA_DONOSTIA_016,,d2,30:53.2,11:06.0,NISSAN_LEAF,Nissan Leaf e+ 62 kW,62000,174,30:04.6,8.1,13.0,350,N,-7.859795097048936,47.20003654043449,168,74,,,,1.0,123.0,44.0,0,146,22,25,2
18/04/2023 13:31,132,32.9,86,23.999998,99.27,-10,6520,2,81,-0.34,2144,16,-2.26841,43.18087,132.64914,0.3224486489025559,31:58.7,7,7200.251,0101000020E6100000D1505D2AB42502C0E30A93B726974540,20230418_NISSAN_AZPEITIA_DONOSTIA_016,,d2,30:53.2,11:06.0,NISSAN_LEAF,Nissan Leaf e+ 62 kW,62000,174,30:04.6,8.1,13.0,350,N,-5.987157892157487,37.422642879713,168,74,,,,1.0,123.0,44.0,0,146,22,25,2
18/04/2023 13:32,132,17.5,86,23.500002,99.27,-19,0,2,81,3.92,1300,16,-2.2677827,43.18135,132.71448,0.3961765595303943,32:07.8,7,7200.21,0101000020E6100000F63B7C4A6B2402C009F4378F36974540,20230418_NISSAN_AZPEITIA_DONOSTIA_016,,d2,30:53.2,11:06.0,NISSAN_LEAF,Nissan Leaf e+ 62 kW,62000,174,33:54.5,8.1,13.0,350,N,-6.041066305325476,37.690640580880896,168,74,,,,1.0,123.0,44.0,0,146,22,25,2
18/04/2023 13:32,132,22.3,86,23.500002,99.27,-19,760,2,81,-0.78,1720,16,-2.2673297000000003,43.1817,132.29523,0.4496920962970893,32:16.8,7,7200.1630000000005,0101000020E61000007B8809C67D2302C0F82CEB0442974540,20230418_NISSAN_AZPEITIA_DONOSTIA_016,,d2,30:53.2,11:06.0,NISSAN_LEAF,Nissan Leaf e+ 62 kW,62000,174,33:54.5,8.1,13.0,350,N,-6.2045693713635055,38.50755046343155,168,74,,,,1.0,123.0,44.0,0,146,22,25,2
18/04/2023 13:32,133,27.0,86,23.0,99.27,-25,6560,2,82,-0.34,1434,16,-2.266925,43.182022,133.5688,0.4982754943460198,32:25.9,7,7200.104,0101000020E6100000FE7C14A8A92202C0FC1686794C974540,20230418_NISSAN_AZPEITIA_DONOSTIA_016,,d2,30:53.2,11:06.0,NISSAN_LEAF,Nissan Leaf e+ 62 kW,62000,174,33:54.5,8.1,13.0,350,N,-5.539135059615943,35.21950615967326,168,74,,,,1.0,123.0,44.0,0,146,22,25,2
18/04/2023 13:32,135,16.0,86,23.0,99.27,-29,3840,2,82,-0.58,1207,16,-2.2664547,43.182354,135.28731000000002,0.5513780973254142,32:34.9,7,7200.056,0101000020E6100000682019FEB22102C0FB48E55857974540,20230418_NISSAN_AZPEITIA_DONOSTIA_016,,d2,30:53.2,11:06.0,NISSAN_LEAF,Nissan Leaf e+ 62 kW,62000,174,33:54.5,8.1,13.0,350,N,-5.941564305256218,37.19648796972434,168,74,,,,1.0,123.0,44.0,0,146,22,25,2
18/04/2023 13:32,136,19.6,86,22.5,99.27,-30,4400,2,82,-0.34,1132,16,-2.266178,43.182564,136.7455,0.58379299609832,32:44.0,7,7200.031,0101000020E61000005D6674D1212102C052BCBF3A5E974540,20230418_NISSAN_AZPEITIA_DONOSTIA_016,,d2,30:53.2,11:06.0,NISSAN_LEAF,Nissan Leaf e+ 62 kW,62000,174,33:54.5,8.1,13.0,350,N,-4.535063941674346,30.41705766987717,168,74,,,,1.0,123.0,44.0,0,146,22,25,2
18/04/2023 13:32,134,0.0,86,22.5,99.27,-32,0,2,82,8.02,0,16,-2.266023,43.182655,134.64125,0.6000644143883767,32:53.0,7,7199.971,0101000020E6100000119CF49ED02002C0DBF08D4961974540,20230418_NISSAN_AZPEITIA_DONOSTIA_016,,d2,30:53.2,11:06.0,NISSAN_LEAF,Nissan Leaf e+ 62 kW,62000,174,33:54.5,8.1,13.0,350,N,-5.987012622919134,37.42192157650764,168,74,,,,1.0,123.0,44.0,0,146,22,25,2
18/04/2023 13:33,131,27.8,86,22.0,99.27,-32,10000,2,83,3.81,1583,16,-2.2656636000000003,43.18293,131.82802,0.6423978956384878,33:02.1,7,7199.920999999999,0101000020E61000007C3D8346142002C0BEFB5B3F6A974540,20230418_NISSAN_AZPEITIA_DONOSTIA_016,,d2,30:53.2,11:06.0,NISSAN_LEAF,Nissan Leaf e+ 62 kW,62000,174,33:54.5,8.1,13.0,350,N,-3.857770756705559,27.262600540670093,168,74,,,,1.0,123.0,44.0,0,146,22,25,2
18/04/2023 13:33,129,35.9,86,22.0,99.27,-32,12360,2,83,-0.44,2186,16,-2.2649844,43.18328,129.98315,0.7098566950701352,33:11.1,7,7199.880999999999,0101000020E610000015291825B01E02C0CFD085C875974540,20230418_NISSAN_AZPEITIA_DONOSTIA_016,,d2,30:53.2,11:06.0,NISSAN_LEAF,Nissan Leaf e+ 62 kW,62000,174,33:54.5,8.1,13.0,350,N,-3.4189152266051197,25.24775901627219,168,74,,,,1.0,123.0,44.0,0,146,22,8,2
18/04/2023 13:33,128,17.0,86,21.499998,99.27,-42,0,2,83,-6.64,2180,16,-2.2640026,43.183743,128.68288,0.8046669877217679,33:19.2,7,7199.791,0101000020E6100000DA3B6557AD1C02C0682C5DD684974540,20230418_NISSAN_AZPEITIA_DONOSTIA_016,,d2,30:53.2,11:06.0,NISSAN_LEAF,Nissan Leaf e+ 62 kW,62000,174,33:54.5,8.1,13.0,350,N,-3.7136436490929694,26.5985967118446,168,74,,,,1.0,123.0,44.0,0,146,22,30,2
18/04/2023 13:33,127,14.1,86,21.499998,99.27,-53,3080,2,84,6.47,683,16,-2.2636611,43.183914,127.01086,0.8382972435398102,33:28.2,7,7199.761,0101000020E610000070F6EA6EFA1B02C0E8CF6B7E8A974540,20230418_NISSAN_AZPEITIA_DONOSTIA_016,,d2,30:53.2,11:06.0,NISSAN_LEAF,Nissan Leaf e+ 62 kW,62000,174,33:54.5,8.1,13.0,350,N,-3.7183248828742874,26.620126960981448,168,74,,,,1.0,123.0,44.0,0,146,22,30,1
18/04/2023 13:33,127,21.6,86,21.000002,99.27,-53,240,2,84,3.47,1329,16,-2.2631204,43.184185,127.32046,0.8914952523132168,33:37.3,7,7199.703,0101000020E6100000D91428E7DE1A02C0A353826F93974540,20230418_NISSAN_AZPEITIA_DONOSTIA_016,,d2,30:53.2,11:06.0,NISSAN_LEAF,Nissan Leaf e+ 62 kW,62000,174,33:54.5,8.1,13.0,350,N,2.2574263096700897,0.0,168,74,,,,1.0,123.0,44.0,0,146,22,30,1
18/04/2023 13:33,127,29.4,86,21.000002,99.27,-53,4760,2,85,-0.72,1891,16,-2.2623906000000003,43.184185,127.90856,0.950669351953576,33:45.3,7,7199.6630000000005,0101000020E6100000103DDF4C601902C0BC97EE6593974540,20230418_NISSAN_AZPEITIA_DONOSTIA_016,,d2,30:53.2,11:06.0,NISSAN_LEAF,Nissan Leaf e+ 62 kW,62000,174,33:54.5,8.1,13.0,350,N,-2.495523196114717,21.0673836923404,168,74,,,,1.0,123.0,44.0,0,146,22,30,1
18/04/2023 13:33,125,26.9,86,21.000002,99.27,-58,9760,2,85,6.41,1533,16,-2.2618766,43.184383,125.67197,0.9978549821864291,33:54.4,7,7199.638000000001,0101000020E61000003611B5B5521802C0DBF2E9EF99974540,20230418_NISSAN_AZPEITIA_DONOSTIA_016,,d2,30:53.2,11:06.0,NISSAN_LEAF,Nissan Leaf e+ 62 kW,62000,174,33:54.5,8.1,13.0,350,N,-8.415636312401462,50.3425990229983,168,74,,,,1.0,123.0,44.0,0,146,22,25,1
18/04/2023 13:34,127,40.8,86,20.5,99.27,-58,11600,2,85,5.05,2303,16,-2.26139,43.18497,127.60049,1.074147711514676,34:03.4,7,7199.585999999999,0101000020E6100000E36E2896531702C0F0343F10AD974540,20230418_NISSAN_AZPEITIA_DONOSTIA_016,,d2,30:53.2,11:06.0,NISSAN_LEAF,Nissan Leaf e+ 62 kW,62000,174,33:54.5,8.1,13.0,350,N,-12.984120285742014,97.16775046708032,168,74,,,,1.0,123.0,44.0,0,146,22,25,1
18/04/2023 13:34,131,18.6,86,20.5,99.27,-70,0,2,86,-0.69,1619,16,-2.261473,43.18563,131.31995,1.147938045728283,34:11.5,7,7199.542,0101000020E6100000039ACD2C7F1702C0F4637CCBC2974540,20230418_NISSAN_AZPEITIA_DONOSTIA_016,,d2,30:53.2,11:06.0,NISSAN_LEAF,Nissan Leaf e+ 62 kW,62000,174,33:54.5,8.1,13.0,350,N,-12.949326427369709,94.93944802925732,168,74,,,,1.0,123.0,44.0,0,146,22,25,1
18/04/2023 13:34,133,35.6,86,20.0,99.27,-70,5680,2,86,-0.72,2448,16,-2.2615252,43.186234000000006,133.11932,1.2152570463565642,34:19.5,7,7200.491,0101000020E61000006C1D6B7B9A1702C06E970C7BD6974540,20230418_NISSAN_AZPEITIA_DONOSTIA_016,,d2,30:53.2,11:06.0,NISSAN_LEAF,Nissan Leaf e+ 62 kW,62000,174,33:54.5,8.1,13.0,350,N,-12.885465222411792,92.38878453311764,168,74,,,,1.0,123.0,44.0,0,146,22,25,1
18/04/2023 13:34,135,35.0,86,20.0,99.27,-70,0,2,86,2.16,2464,16,-2.2615602000000004,43.187073,134.8626,1.308609014053013,34:28.6,7,7200.443,0101000020E6100000456B92D0AC1702C0D7FC0206F2974540,20230418_NISSAN_AZPEITIA_DONOSTIA_016,,d2,30:53.2,11:06.0,NISSAN_LEAF,Nissan Leaf e+ 62 kW,62000,174,33:54.5,8.1,13.0,350,N,-12.246943722074796,80.40258631344494,168,74,,,,1.0,123.0,44.0,0,146,22,65,1
18/04/2023 13:34,137,27.6,86,19.5,99.27,-70,560,2,86,6.48,1855,16,-2.2614486,43.187733,137.77823,1.3826107675523946,34:37.6,7,7200.397,0101000020E61000002C2B175A721702C003B012AB07984540,20230418_NISSAN_AZPEITIA_DONOSTIA_016,,d2,30:53.2,11:06.0,NISSAN_LEAF,Nissan Leaf e+ 62 kW,62000,174,35:06.8,8.1,13.0,50,NE,-7.551706872063269,-14.486094020250086,168,74,,,,1.0,123.0,44.0,0,146,22,25,1
18/04/2023 13:34,139,12.9,86,19.5,99.27,-72,4480,2,86,-1.39,564,16,-2.260988,43.187614,139.16388,1.4222527488102015,34:45.7,7,7200.342,0101000020E6100000E2AB5CEF801602C068C473C203984540,20230418_NISSAN_AZPEITIA_DONOSTIA_016,,d2,30:53.2,11:06.0,NISSAN_LEAF,Nissan Leaf e+ 62 kW,62000,174,35:06.8,8.1,13.0,50,NE,-12.955056335594056,35.23431433921056,168,74,,,,1.0,123.0,44.0,0,146,22,65,1
18/04/2023 13:34,138,50.4,86,19.5,99.27,-72,0,2,87,4.7,2924,16,-2.2603424,43.18807,138.53287,1.4951292688262197,34:54.7,7,7200.306,0101000020E61000001B950A582E1502C0AA9AC9A012984540,20230418_NISSAN_AZPEITIA_DONOSTIA_016,,d2,30:53.2,11:06.0,NISSAN_LEAF,Nissan Leaf e+ 62 kW,62000,174,35:06.8,8.1,13.0,50,NE,-12.946819667171196,45.18429423009996,168,74,,,,1.0,123.0,44.0,0,146,22,65,1
18/04/2023 13:35,137,58.1,86,18.999998,99.27,-73,0,2,87,4.22,4062,16,-2.2591958,43.189224,137.63593999999998,1.6535834794808641,35:04.7,7,7200.26,0101000020E61000003F84CE40D51202C051DD167938984540,20230418_NISSAN_AZPEITIA_DONOSTIA_016,,d2,30:53.2,11:06.0,NISSAN_LEAF,Nissan Leaf e+ 62 kW,62000,174,35:06.8,8.1,13.0,50,NE,-11.329517375511449,69.3664240352639,168,74,,,,1.0,123.0,44.0,0,146,22,65,1
18/04/2023 13:35,135,63.7,86,18.999998,99.27,-73,0,2,87,-1.2,4523,16,-2.2587447,43.190422,135.58244,1.7917391100386226,35:12.8,7,7200.221,0101000020E61000008323C1B9E81102C0F51ACCCA5F984540,20230418_NISSAN_AZPEITIA_DONOSTIA_016,,d2,30:53.2,11:06.0,NISSAN_LEAF,Nissan Leaf e+ 62 kW,62000,174,35:06.8,8.1,13.0,50,NE,-6.635043731416489,99.31032369367476,168,74,,,,1.0,123.0,44.0,0,146,22,65,1
18/04/2023 13:35,134,68.7,86,18.999998,99.27,-73,40,2,87,-1.41,4860,16,-2.2589793,43.191853,134.33855,1.9519964664873797,35:20.9,7,7200.126,0101000020E6100000B1723AC8631202C08B805E9C8E984540,20230418_NISSAN_AZPEITIA_DONOSTIA_016,,d2,30:53.2,11:06.0,NISSAN_LEAF,Nissan Leaf e+ 62 kW,62000,174,35:06.8,8.1,13.0,50,NE,-5.346803310334549,105.7139425571873,168,74,,,,1.0,123.0,44.0,0,146,22,25,1
18/04/2023 13:35,131,75.9,86,18.999998,99.27,-73,17560,2,87,-1.44,5011,16,-2.2594545,43.193542,131.03063999999998,2.14374346103139,35:30.9,7,7200.087,0101000020E6100000F1D5F8E25C1302C032C408F6C5984540,20230418_NISSAN_AZPEITIA_DONOSTIA_016,,d2,30:53.2,11:06.0,NISSAN_LEAF,Nissan Leaf e+ 62 kW,62000,174,35:06.8,8.1,13.0,50,NE,-12.819972485111478,49.54636115129216,168,74,,,,1.0,123.0,44.0,0,146,22,25,1
18/04/2023 13:35,130,79.4,86,18.500002,99.27,-73,160,2,87,2.67,5233,16,-2.2582147,43.194996,130.83728,2.334113665685532,35:40.0,7,7200.039000000001,0101000020E610000038A867D1D21002C02CF46B96F5984540,20230418_NISSAN_AZPEITIA_DONOSTIA_016,,d2,30:53.2,11:06.0,NISSAN_LEAF,Nissan Leaf e+ 62 kW,62000,174,35:06.8,8.1,13.0,50,NE,-12.993790585181962,38.22904070529792,168,74,,,,1.0,123.0,44.0,0,146,22,65,1
18/04/2023 13:35,128,77.6,86,18.500002,99.27,-73,9600,2,87,3.02,5151,16,-2.2566025,43.196266,128.47533,2.526540193328261,35:49.0,7,7199.999,0101000020E610000060406DAE850D02C0AAF25F451F994540,20230418_NISSAN_AZPEITIA_DONOSTIA_016,,d2,30:53.2,11:06.0,NISSAN_LEAF,Nissan Leaf e+ 62 kW,62000,174,35:06.8,8.1,13.0,50,NE,-11.0573865437481,71.72647664885761,168,74,,,,1.0,123.0,44.0,0,146,22,65,1
18/04/2023 13:35,127,74.1,86,18.500002,99.27,-73,9480,2,87,1.3,5145,16,-2.256057,43.197918,127.54617,2.715483780067386,35:58.1,7,7199.932,0101000020E610000051CFE498670C02C053511B5855994540,20230418_NISSAN_AZPEITIA_DONOSTIA_016,,d2,30:53.2,11:06.0,NISSAN_LEAF,Nissan Leaf e+ 62 kW,62000,174,35:06.8,8.1,13.0,50,NE,-3.4424090344490152,114.64488960028548,168,74,,,,1.0,123.0,44.0,0,146,22,8,1
18/04/2023 13:36,125,81.3,86,18.0,99.27,-73,15680,2,87,1.02,5494,16,-2.256736,43.199398,126.110435,2.8890181499581646,36:06.1,7,7199.908,0101000020E6100000F48A9A9CCB0D02C01575B6DE85994540,20230418_NISSAN_AZPEITIA_DONOSTIA_016,,d2,30:53.2,11:06.0,NISSAN_LEAF,Nissan Leaf e+ 62 kW,62000,174,35:06.8,8.1,13.0,50,NE,-5.662913634812576,104.1759646528499,168,74,,,,1.0,123.0,44.0,0,146,22,8,1
18/04/2023 13:36,122,83.9,86,18.0,99.27,-73,10360,2,87,1.34,5453,16,-2.2571793,43.201153000000005,123.21932,3.0874668966044916,36:15.1,7,7199.868,0101000020E6100000F63565F0B30E02C07D643D69BF994540,20230418_NISSAN_AZPEITIA_DONOSTIA_016,,d2,30:53.2,11:06.0,NISSAN_LEAF,Nissan Leaf e+ 62 kW,62000,174,35:06.8,8.1,13.0,50,NE,-12.356113790570497,58.10837830077639,168,74,,,,1.0,123.0,44.0,0,146,22,25,2
18/04/2023 13:36,121,77.7,86,18.0,99.27,-73,11960,2,87,-1.5,5540,16,-2.256147,43.202812,121.83985,3.290033288880168,36:23.2,7,7199.802,0101000020E61000002AE529CB960C02C0C3143FB8F5994540,20230418_NISSAN_AZPEITIA_DONOSTIA_016,,d2,30:53.2,11:06.0,NISSAN_LEAF,Nissan Leaf e+ 62 kW,62000,174,35:06.8,8.1,13.0,50,NE,-11.94943354474139,16.807543281358516,168,74,,,,1.0,123.0,44.0,0,146,22,65,2
18/04/2023 13:36,123,69.3,86,18.0,99.27,-76,0,2,87,3.28,4818,16,-2.2540514,43.203445,123.38222,3.473901599202197,36:32.2,7,7199.775,0101000020E61000000546C3274C0802C0DBC05E820A9A4540,20230418_NISSAN_AZPEITIA_DONOSTIA_016,,d2,30:53.2,11:06.0,NISSAN_LEAF,Nissan Leaf e+ 62 kW,62000,174,35:06.8,8.1,13.0,50,NE,-12.99999726616666,40.03715796997039,168,74,,,,1.0,123.0,44.0,0,146,22,65,2
18/04/2023 13:36,125,78.5,86,18.0,99.27,-76,24960,2,87,5.36,5110,16,-2.252766,43.204525,125.469795,3.6329001292204244,36:40.3,7,7199.73,0101000020E6100000BF109719AA0502C05553F1E22D9A4540,20230418_NISSAN_AZPEITIA_DONOSTIA_016,,d2,30:53.2,11:06.0,NISSAN_LEAF,Nissan Leaf e+ 62 kW,62000,174,35:06.8,8.1,13.0,50,NE,-12.993143194974929,41.86099816561161,168,74,,,,1.0,123.0,44.0,0,146,22,65,2
18/04/2023 13:36,131,59.6,86,18.0,99.27,-85,0,2,87,-1.36,4657,16,-2.2512984,43.20584,131.08777,3.8214773083117928,36:49.4,7,7199.649,0101000020E6100000AE5ACCCBA80202C024160DF0589A4540,20230418_NISSAN_AZPEITIA_DONOSTIA_016,,d2,30:53.2,11:06.0,NISSAN_LEAF,Nissan Leaf e+ 62 kW,62000,174,35:06.8,8.1,13.0,50,NE,-11.109201397983451,71.28950760574592,168,74,,,,1.0,123.0,44.0,0,146,22,8,2
18/04/2023 13:36,132,53.0,86,17.5,99.27,-97,0,2,87,5.0,3390,16,-2.2509377,43.206905,132.99854,3.9434699893436496,36:58.4,7,7199.64,0101000020E6100000B58228A6EB0102C0AF1C37EB7B9A4540,20230418_NISSAN_AZPEITIA_DONOSTIA_016,,d2,30:53.2,11:06.0,NISSAN_LEAF,Nissan Leaf e+ 62 kW,62000,174,35:06.8,8.1,13.0,50,NE,6.696101408937143,161.0031182082816,168,74,,,,1.0,123.0,44.0,0,146,22,8,2
18/04/2023 13:37,135,58.4,86,17.5,99.27,-97,5200,2,87,-3.56,3938,16,-2.2524133,43.207413,135.10414,4.075750299847127,37:06.4,7,7199.6,0101000020E6100000776FC039F10402C0F913D7888C9A4540,20230418_NISSAN_AZPEITIA_DONOSTIA_016,,d2,30:53.2,11:06.0,NISSAN_LEAF,Nissan Leaf e+ 62 kW,62000,174,38:54.5,8.1,13.0,350,N,-6.907174001210087,157.9052417942906,168,74,,,,1.0,123.0,44.0,0,146,22,65,2
18/04/2023 13:37,136,37.3,86,17.5,99.27,-137,160,2,87,-0.97,2357,16,-2.2534282,43.207825,136.20123,4.169909061952571,37:15.5,7,7199.548000000001,0101000020E6100000B101845D050702C09B5113069A9A4540,20230418_NISSAN_AZPEITIA_DONOSTIA_016,,d2,30:53.2,11:06.0,NISSAN_LEAF,Nissan Leaf e+ 62 kW,62000,174,38:54.5,8.1,13.0,350,N,-4.511566415263958,169.6934070816186,168,74,,,,1.0,123.0,44.0,0,146,22,65,2
18/04/2023 13:37,134,55.4,86,17.5,99.27,-139,18400,2,88,-1.14,3483,16,-2.254583,43.208035,134.65266,4.266383642527556,37:24.5,7,7199.517,0101000020E610000075D7F1B7620902C0467337DBA09A4540,20230418_NISSAN_AZPEITIA_DONOSTIA_016,,d2,30:53.2,11:06.0,NISSAN_LEAF,Nissan Leaf e+ 62 kW,62000,174,38:54.5,8.1,13.0,350,N,-6.659607396710396,159.1843482305925,168,74,,,,1.0,123.0,44.0,0,146,22,65,2
18/04/2023 13:37,130,67.1,85,17.5,99.27,-139,2800,2,88,4.0,4364,16,-2.2559955,43.208572,130.71761999999998,4.395558906751749,37:32.5,7,7200.467,0101000020E6100000694E976F470C02C0F2CD7A7AB29A4540,20230418_NISSAN_AZPEITIA_DONOSTIA_016,,d2,30:53.2,11:06.0,NISSAN_LEAF,Nissan Leaf e+ 62 kW,62000,174,38:54.5,8.1,13.0,350,N,-12.41119226841352,117.31034385518127,168,74,,,,1.0,123.0,44.0,0,146,22,8,2
18/04/2023 13:37,126,84.2,85,17.5,99.27,-139,19800,2,88,-1.36,5619,16,-2.2568,43.21013,127.599884,4.580690094966078,37:41.6,7,7200.427,0101000020E6100000D39B131FED0D02C0C0330D77E59A4540,20230418_NISSAN_AZPEITIA_DONOSTIA_016,,d2,30:53.2,11:06.0,NISSAN_LEAF,Nissan Leaf e+ 62 kW,62000,174,38:54.5,8.1,13.0,350,N,-12.75820822902132,111.06782166774111,168,74,,,,1.0,123.0,44.0,0,146,22,8,3
18/04/2023 13:37,121,78.4,85,17.5,99.27,-139,0,2,88,-1.48,5414,16,-2.257483,43.211903,122.224976,4.785532339154297,37:50.6,7,7200.377,0101000020E6100000EC7E1F4C530F02C0AD3160A61F9B4540,20230418_NISSAN_AZPEITIA_DONOSTIA_016,,d2,30:53.2,11:06.0,NISSAN_LEAF,Nissan Leaf e+ 62 kW,62000,174,38:54.5,8.1,13.0,350,N,-11.788404973727664,124.93313347352527,168,74,,,,1.0,123.0,44.0,0,146,22,8,3
18/04/2023 13:38,116,73.2,85,17.5,99.27,-156,0,2,88,-1.44,5085,16,-2.2585328,43.213406,117.31133,4.973131029263723,37:59.7,7,7200.331999999999,0101000020E61000008EF02394791102C0C67609E4509B4540,20230418_NISSAN_AZPEITIA_DONOSTIA_016,,d2,30:53.2,11:06.0,NISSAN_LEAF,Nissan Leaf e+ 62 kW,62000,174,38:54.5,8.1,13.0,350,N,-12.216649624181448,119.99167955034504,168,74,,,,1.0,123.0,44.0,0,146,22,8,3
18/04/2023 13:38,113,75.7,85,17.5,99.27,-156,12440,2,88,2.09,5008,16,-2.2593691,43.214855,113.88565,5.147959534546832,38:08.7,7,7200.285,0101000020E61000000A4DCE18301302C0DF3D0259809B4540,20230418_NISSAN_AZPEITIA_DONOSTIA_016,,d2,30:53.2,11:06.0,NISSAN_LEAF,Nissan Leaf e+ 62 kW,62000,174,38:54.5,8.1,13.0,350,N,-8.043259855014142,48.222160403375256,168,74,,,,1.0,123.0,44.0,0,146,22,25,3
18/04/2023 13:38,112,72.3,85,17.5,99.27,-156,0,2,88,1.67,5056,16,-2.2582443,43.216114000000005,112.55764,5.315018224094785,38:16.7,7,7200.255,0101000020E6100000C3241B52E21002C01E59DBA9A99B4540,20230418_NISSAN_AZPEITIA_DONOSTIA_016,,d2,30:53.2,11:06.0,NISSAN_LEAF,Nissan Leaf e+ 62 kW,62000,174,38:54.5,8.1,13.0,350,N,-7.512051609726902,45.29947343567432,168,74,,,,1.0,123.0,44.0,0,146,22,40,3
18/04/2023 13:38,112,57.5,85,17.5,99.27,-169,0,2,87,5.38,3868,16,-2.2570548,43.217316,112.810486,5.479807222223323,38:25.9,7,7200.088000000001,0101000020E610000056D66FCE720E02C0FC03EDF2D09B4540,20230418_NISSAN_AZPEITIA_DONOSTIA_016,,d2,30:53.2,11:06.0,NISSAN_LEAF,Nissan Leaf e+ 62 kW,62000,174,38:54.5,8.1,13.0,350,N,-12.08045466302512,78.32064558173846,168,74,,,,1.0,123.0,44.0,0,146,22,65,3
18/04/2023 13:38,110,68.9,85,17.5,99.27,-171,12360,2,87,-1.17,4388,16,-2.2567654,43.218716,110.50151,5.637253525914945,38:34.8,7,7200.161,0101000020E61000009A6210F8DA0D02C0244496DFFE9B4540,20230418_NISSAN_AZPEITIA_DONOSTIA_016,,d2,30:53.2,11:06.0,NISSAN_LEAF,Nissan Leaf e+ 62 kW,62000,174,38:54.5,8.1,13.0,350,N,-12.994292516611443,98.30213102439772,168,74,,,,1.0,123.0,44.0,0,146,22,65,3
18/04/2023 13:38,107,73.0,85,17.5,99.27,-176,680,2,87,3.41,4758,16,-2.256998,43.22031,107.53236,5.815522284071194,38:43.9,7,7200.121,0101000020E61000004352DFF0540E02C0D9240B13339C4540,20230418_NISSAN_AZPEITIA_DONOSTIA_016,,d2,30:53.2,11:06.0,NISSAN_LEAF,Nissan Leaf e+ 62 kW,62000,174,38:54.5,8.1,13.0,350,N,-12.988407969552728,97.58020827374816,171,74,,,,4.0,120.0,47.0,0,150,21,65,4
18/04/2023 13:38,104,76.1,85,17.5,99.27,-176,14280,2,87,-1.22,5124,16,-2.2571883,43.22174,105.10696000000002,5.975295368030045,38:51.9,7,7200.084,0101000020E6100000B181B8B1B80E02C079260F0A629C4540,20230418_NISSAN_AZPEITIA_DONOSTIA_016,,d2,30:53.2,11:06.0,NISSAN_LEAF,Nissan Leaf e+ 62 kW,62000,174,38:54.5,8.1,13.0,350,N,-12.77060597587178,110.77947722175551,171,74,,,,4.0,120.0,47.0,0,150,21,8,4
18/04/2023 13:39,104,74.9,85,17.5,99.27,-176,0,2,87,3.25,5209,16,-2.2578144,43.22339,103.564186,6.165657899988257,39:01.0,7,7200.014,0101000020E6100000EEEA33F7001002C080806904989C4540,20230418_NISSAN_AZPEITIA_DONOSTIA_016,,d2,30:53.2,11:06.0,NISSAN_LEAF,Nissan Leaf e+ 62 kW,62000,174,38:54.5,8.1,13.0,350,N,-12.730455681178157,111.68784138582788,171,74,,,,4.0,120.0,47.0,0,150,21,65,3
18/04/2023 13:39,102,71.4,85,17.5,99.27,-176,0,2,87,-3.0,5153,16,-2.2584722000000004,43.225044,102.430214,6.357144882749692,39:10.0,7,7199.974,0101000020E610000073B301EB591102C0B2EEE84ECE9C4540,20230418_NISSAN_AZPEITIA_DONOSTIA_016,,d2,30:53.2,11:06.0,NISSAN_LEAF,Nissan Leaf e+ 62 kW,62000,174,38:54.5,8.1,13.0,350,N,-12.7888099318873,110.3417110292606,171,74,,,,4.0,120.0,47.0,0,150,21,65,3
18/04/2023 13:39,101,68.6,85,17.0,99.27,-193,0,2,87,2.05,4806,16,-2.2589638,43.22637,101.45954,6.509877765969398,39:18.1,7,7199.943,0101000020E6100000A37DD2995B1202C085FAC2B7F99C4540,20230418_NISSAN_AZPEITIA_DONOSTIA_016,,d2,30:53.2,11:06.0,NISSAN_LEAF,Nissan Leaf e+ 62 kW,62000,174,38:54.5,8.1,13.0,350,N,-12.99340331927966,101.8253537942892,171,74,,,,4.0,120.0,47.0,0,150,21,65,3
18/04/2023 13:39,100,53.0,85,17.0,99.27,-212,0,2,87,-2.56,3719,16,-2.2592542,43.227757,100.96813,6.665890330134161,39:27.1,7,7199.877,0101000020E61000004BA108D6F31202C050EDA027279D4540,20230418_NISSAN_AZPEITIA_DONOSTIA_016,,d2,30:53.2,11:06.0,NISSAN_LEAF,Nissan Leaf e+ 62 kW,62000,174,38:54.5,8.1,13.0,350,N,-2.2387451847654005,19.91640599365457,171,74,,,,4.0,120.0,47.0,0,150,21,8,3
18/04/2023 13:39,98,50.5,85,17.0,99.27,-218,10120,2,87,-1.19,3594,16,-2.25775,43.228302,98.65349,6.802016622542668,39:36.2,7,7199.828,0101000020E6100000F297E733DF0F02C04D1B4E07399D4540,20230418_NISSAN_AZPEITIA_DONOSTIA_016,,d2,30:53.2,11:06.0,NISSAN_LEAF,Nissan Leaf e+ 62 kW,62000,174,40:05.7,8.1,13.0,350,N,1.0720148729210115,5.269865064804044,171,74,,,,4.0,120.0,47.0,0,150,21,8,3
18/04/2023 13:39,98,32.9,85,17.0,99.27,-236,6160,2,87,-0.09,2385,16,-2.2568393,43.228386,98.86375,6.876390632169142,39:42.2,7,7201.753000000001,0101000020E6100000CFF2D5BA010E02C02D0ECBB33B9D4540,20230418_NISSAN_AZPEITIA_DONOSTIA_016,,d2,30:53.2,11:06.0,NISSAN_LEAF,Nissan Leaf e+ 62 kW,62000,174,40:05.7,8.1,13.0,350,N,-0.2420467251728766,11.066850553747525,171,74,,,,4.0,120.0,47.0,0,150,21,8,3
18/04/2023 13:39,97,33.8,85,17.0,99.27,-236,0,2,87,3.27,2467,16,-2.2555509,43.228638,97.99641,6.98447547609024,39:53.2,7,7199.752,0101000020E61000006C7420345E0B02C0C28BA508449D4540,20230418_NISSAN_AZPEITIA_DONOSTIA_016,,d2,30:53.2,11:06.0,NISSAN_LEAF,Nissan Leaf e+ 62 kW,62000,174,40:05.7,8.1,13.0,350,N,-5.333155830663352,34.2200852773808,171,74,,,,4.0,120.0,47.0,0,150,21,8,3
18/04/2023 13:40,101,30.3,85,17.0,99.27,-236,0,2,87,5.09,2231,16,-2.2548716,43.2291,101.90305,7.059863490529673,40:01.3,7,7199.7080000000005,0101000020E61000003FB98210FA0902C06F8EEB1E539D4540,20230418_NISSAN_AZPEITIA_DONOSTIA_016,,d2,30:53.2,11:06.0,NISSAN_LEAF,Nissan Leaf e+ 62 kW,62000,174,40:05.7,8.1,13.0,350,N,-5.182988091248675,33.49639650635525,171,74,,,,4.0,120.0,47.0,0,150,21,8,3
18/04/2023 13:40,103,33.3,85,17.0,99.27,-236,8400,2,86,5.98,2147,16,-2.2541463,43.22958,103.86075,7.139271535453586,40:10.3,7,7199.667,0101000020E6100000FA24EEEB7D0802C025C2FEDE629D4540,20230418_NISSAN_AZPEITIA_DONOSTIA_016,,d2,30:53.2,11:06.0,NISSAN_LEAF,Nissan Leaf e+ 62 kW,62000,174,40:05.7,8.1,13.0,350,N,-10.449471702512316,63.49505452287259,171,74,,,,4.0,120.0,47.0,0,150,21,8,3
18/04/2023 13:40,105,43.2,85,17.0,99.27,-236,9320,2,86,-0.59,2638,16,-2.2537658,43.230343,105.28034,7.229551405424261,40:19.4,7,7199.604,0101000020E61000001DF57F6DB60702C0989006D77B9D4540,20230418_NISSAN_AZPEITIA_DONOSTIA_016,,d2,30:53.2,11:06.0,NISSAN_LEAF,Nissan Leaf e+ 62 kW,62000,174,40:05.7,8.1,13.0,350,N,-10.35168326188415,137.2233622299378,171,74,,,,4.0,120.0,47.0,0,150,21,8,3
18/04/2023 13:40,103,33.5,85,17.0,99.27,-242,0,2,86,-2.95,2500,16,-2.2545364,43.231056,103.53753,7.330478952329325,40:28.4,7,7199.571999999999,0101000020E6100000553F9A5F4A0902C01942AE30939D4540,20230418_NISSAN_AZPEITIA_DONOSTIA_016,,d2,30:53.2,11:06.0,NISSAN_LEAF,Nissan Leaf e+ 62 kW,62000,174,40:05.7,8.1,13.0,350,N,-6.092903802486917,162.0510351253071,171,74,,,,4.0,120.0,47.0,0,150,21,8,3
18/04/2023 13:40,103,40.4,85,17.0,99.27,-249,440,2,86,0.0,2719,16,-2.2555366,43.23138,103.448586,7.419159291314556,40:37.5,7,7199.541,0101000020E6100000E4299DB3560B02C0E2DE9AE19D9D4540,20230418_NISSAN_AZPEITIA_DONOSTIA_016,,d2,30:53.2,11:06.0,NISSAN_LEAF,Nissan Leaf e+ 62 kW,62000,174,40:05.7,8.1,13.0,350,N,-9.092630285807356,145.6184608761029,171,74,,,,4.0,120.0,47.0,0,150,21,65,3
18/04/2023 13:40,102,46.3,85,17.0,99.27,-252,0,2,86,2.48,3088,16,-2.2565684,43.232086,102.739914,7.5338366573631586,40:46.5,7,7200.47,0101000020E6100000939793BE730D02C09650FA03B59D4540,20230418_NISSAN_AZPEITIA_DONOSTIA_016,,d2,30:53.2,11:06.0,NISSAN_LEAF,Nissan Leaf e+ 62 kW,62000,174,40:05.7,8.1,13.0,350,N,-12.232035748090023,119.79237729237222,171,74,,,,4.0,120.0,47.0,0,150,21,8,3
18/04/2023 13:40,103,51.7,85,17.0,99.27,-252,0,2,85,5.38,3140,16,-2.2570665,43.232956,103.63873,7.638659087376498,40:55.6,7,7200.416,0101000020E6100000EADC3FE3780E02C0AE386482D19D4540,20230418_NISSAN_AZPEITIA_DONOSTIA_016,,d2,30:53.2,11:06.0,NISSAN_LEAF,Nissan Leaf e+ 62 kW,62000,174,40:05.7,8.1,13.0,350,N,-5.835099598262674,36.67016967867451,171,74,,,,4.0,120.0,47.0,0,150,21,8,2
18/04/2023 13:41,104,47.8,85,17.0,99.27,-252,3680,2,85,4.06,3342,16,-2.255847,43.233864,103.96698,7.779919878104306,41:04.6,7,7200.3640000000005,0101000020E61000002E7CD780F90B02C00BA99D4BEF9D4540,20230418_NISSAN_AZPEITIA_DONOSTIA_016,,d2,30:53.2,11:06.0,NISSAN_LEAF,Nissan Leaf e+ 62 kW,62000,174,40:05.7,8.1,13.0,350,N,-8.571788997981997,51.25171997556963,171,74,,,,4.0,120.0,47.0,0,150,21,8,2
18/04/2023 13:41,106,52.7,85,17.0,99.27,-252,14160,2,85,4.52,3712,16,-2.2550557,43.23485,106.54581,7.906949815454655,41:13.7,7,7200.3330000000005,0101000020E6100000FA277C9D5A0A02C0E0843AA20F9E4540,20230418_NISSAN_AZPEITIA_DONOSTIA_016,,d2,30:53.2,11:06.0,NISSAN_LEAF,Nissan Leaf e+ 62 kW,62000,174,40:05.7,8.1,13.0,350,N,-10.08806386659568,60.89623047336088,171,74,,,,4.0,120.0,47.0,0,150,21,8,2
18/04/2023 13:41,109,53.2,85,17.0,99.27,-252,8920,2,85,-0.94,3516,16,-2.2544556,43.235928,109.36381000000002,8.036331710474068,41:22.7,7,7200.301,0101000020E6100000B048B2F71F0902C0BAB229E9329E4540,20230418_NISSAN_AZPEITIA_DONOSTIA_016,,d2,30:53.2,11:06.0,NISSAN_LEAF,Nissan Leaf e+ 62 kW,62000,174,40:05.7,8.1,13.0,350,N,-12.627959565730382,86.25950935492452,171,74,,,,4.0,120.0,47.0,0,150,21,8,2
18/04/2023 13:41,110,45.2,85,17.0,99.27,-252,0,2,85,1.95,3151,16,-2.2543914000000003,43.23691,110.369804,8.145653541702584,41:30.8,7,7200.196999999999,0101000020E61000004FB26664FE0802C02E382121539E4540,20230418_NISSAN_AZPEITIA_DONOSTIA_016,,d2,30:53.2,11:06.0,NISSAN_LEAF,Nissan Leaf e+ 62 kW,62000,174,40:05.7,8.1,13.0,350,N,-12.64938882591576,113.33704981128572,171,74,,,,4.0,120.0,47.0,0,150,21,8,2
18/04/2023 13:41,110,42.4,85,17.0,99.27,-252,8040,2,85,3.95,3060,16,-2.2547853,43.237823,110.51243,8.252071179723675,41:39.8,7,7200.214,0101000020E6100000A73FC3EDCC0902C007936EF1709E4540,20230418_NISSAN_AZPEITIA_DONOSTIA_016,,d2,30:53.2,11:06.0,NISSAN_LEAF,Nissan Leaf e+ 62 kW,62000,174,40:05.7,8.1,13.0,350,N,-11.822671986356635,124.57243084786792,171,74,,,,4.0,120.0,47.0,0,150,21,25,2
18/04/2023 13:41,117,64.8,85,17.0,99.27,-252,24720,2,85,4.39,4407,16,-2.2555661,43.238956,116.795044,8.393180917746715,41:48.8,7,7200.155,0101000020E6100000A929944C660B02C0D1BB8819969E4540,20230418_NISSAN_AZPEITIA_DONOSTIA_016,,d2,30:53.2,11:06.0,NISSAN_LEAF,Nissan Leaf e+ 62 kW,62000,174,40:05.7,8.1,13.0,350,N,-12.313608281044202,118.70172279148632,171,74,,,,4.0,120.0,47.0,0,150,21,25,2
18/04/2023 13:41,120,43.1,85,17.0,99.27,-263,0,2,85,-3.19,3246,16,-2.2562182,43.240147,119.88991,8.535793786140607,41:57.9,7,7200.09,0101000020E6100000370A011FBC0C02C07FDD5E2FBD9E4540,20230418_NISSAN_AZPEITIA_DONOSTIA_016,,d2,30:53.2,11:06.0,NISSAN_LEAF,Nissan Leaf e+ 62 kW,62000,174,40:05.7,8.1,13.0,350,N,-7.859174667076698,152.80339635276545,171,74,,,,4.0,120.0,47.0,0,150,21,25,2
18/04/2023 13:42,121,52.5,85,17.0,99.27,-269,160,2,85,-1.84,3358,16,-2.2573333,43.24072,121.60065,8.646344824179854,42:06.9,7,7200.06,0101000020E6100000A19838CD040F02C09E4713E6CF9E4540,20230418_NISSAN_AZPEITIA_DONOSTIA_016,,d2,30:53.2,11:06.0,NISSAN_LEAF,Nissan Leaf e+ 62 kW,62000,174,43:54.5,8.1,13.0,350,N,-6.400289779609043,160.50616001868858,171,74,,,,4.0,120.0,47.0,0,150,21,25,2
18/04/2023 13:42,118,39.4,85,17.0,99.27,-301,0,2,85,-3.69,2858,16,-2.2584915,43.24113,119.00452,8.750685541156631,42:15.0,7,7200.022,0101000020E61000007897BDF6631102C007EFEA65DD9E4540,20230418_NISSAN_AZPEITIA_DONOSTIA_016,,d2,30:53.2,11:06.0,NISSAN_LEAF,Nissan Leaf e+ 62 kW,62000,174,43:54.5,8.1,13.0,350,N,-10.136427673258943,138.7645776286047,171,74,,,,4.0,120.0,47.0,0,150,21,65,2
18/04/2023 13:42,115,49.3,85,17.0,99.27,-315,4160,2,85,-1.06,3071,16,-2.2592285,43.241776,115.80542,8.844141482602373,42:24.0,7,7199.965999999999,0101000020E6100000D7D80850E61202C0C59FDD8DF29E4540,20230418_NISSAN_AZPEITIA_DONOSTIA_016,,d2,30:53.2,11:06.0,NISSAN_LEAF,Nissan Leaf e+ 62 kW,62000,174,43:54.5,8.1,13.0,350,N,-9.712785247376416,58.34300904871798,171,74,,,,4.0,120.0,47.0,0,150,21,65,1
18/04/2023 13:42,108,60.3,85,17.0,99.27,-317,5200,2,85,-1.31,4024,16,-2.2585478,43.24288,109.2881,8.978872525796467,42:33.1,7,7199.917,0101000020E610000075F87575811102C06FAA04B9169F4540,20230418_NISSAN_AZPEITIA_DONOSTIA_016,,d2,30:53.2,11:06.0,NISSAN_LEAF,Nissan Leaf e+ 62 kW,62000,174,43:54.5,8.1,13.0,350,N,-11.872187978746677,75.95774270036542,171,74,,,,4.0,120.0,47.0,0,150,21,25,1
18/04/2023 13:42,101,62.5,85,17.0,99.27,-335,0,2,85,0.0,4208,16,-2.2582114,43.244225,102.35075,9.131049876818558,42:42.1,7,7199.869000000001,0101000020E610000018F09B15D11002C0E4B29EC3429F4540,20230418_NISSAN_AZPEITIA_DONOSTIA_016,,d2,30:53.2,11:06.0,NISSAN_LEAF,Nissan Leaf e+ 62 kW,62000,174,43:54.5,8.1,13.0,350,N,-10.892725160586878,133.0807721484157,171,74,,,,4.0,120.0,47.0,0,150,21,8,1
18/04/2023 13:42,98,61.7,85,17.0,99.27,-335,0,2,85,-1.31,4219,16,-2.2592728,43.24536,98.675705,9.283799988682958,42:50.2,7,7199.7880000000005,0101000020E6100000BCAA7298FD1202C0AC509601689F4540,20230418_NISSAN_AZPEITIA_DONOSTIA_016,,d2,30:53.2,11:06.0,NISSAN_LEAF,Nissan Leaf e+ 62 kW,62000,174,43:54.5,8.1,13.0,350,N,-12.437328362866142,116.91891427413503,171,74,,,,4.0,120.0,47.0,0,150,21,8,1
18/04/2023 13:42,94,64.4,85,17.0,99.27,-341,12880,2,84,3.64,4081,16,-2.259876,43.246548,94.30313,9.424712847707314,42:59.2,7,7199.771,0101000020E61000007B0943E9391402C0F2AE38DA8E9F4540,20230418_NISSAN_AZPEITIA_DONOSTIA_016,,d2,30:53.2,11:06.0,NISSAN_LEAF,Nissan Leaf e+ 62 kW,62000,174,43:54.5,8.1,13.0,350,N,-12.86306067415926,108.32361560871522,171,74,,,,4.0,120.0,47.0,0,150,21,65,1
18/04/2023 13:43,91,73.2,85,17.0,99.27,-341,0,2,84,3.19,4886,16,-2.2603774,43.248062,91.10154,9.59792055560087,43:08.3,7,7199.741,0101000020E6100000F10E22C6401502C099CDBC83C09F4540,20230418_NISSAN_AZPEITIA_DONOSTIA_016,,d2,30:53.2,11:06.0,NISSAN_LEAF,Nissan Leaf e+ 62 kW,62000,174,43:54.5,8.1,13.0,350,N,-12.677754200240424,112.78382463297714,171,74,,,,4.0,120.0,47.0,0,150,21,65,1
18/04/2023 13:43,87,68.8,85,17.0,99.27,-341,0,2,84,0.0,4712,16,-2.2609541,43.249435,87.65172,9.75761374074166,43:16.3,7,7199.675,0101000020E610000076C5DD136F1602C08F554F8AED9F4540,20230418_NISSAN_AZPEITIA_DONOSTIA_016,,d2,30:53.2,11:06.0,NISSAN_LEAF,Nissan Leaf e+ 62 kW,62000,174,43:54.5,8.1,13.0,350,N,-12.530458111819025,84.55389281988379,171,74,,,,4.0,120.0,47.0,0,150,21,65,1
18/04/2023 13:43,86,64.5,85,17.0,99.27,-341,0,2,84,-1.38,4684,16,-2.2608068,43.25098,86.77956999999999,9.929825835775729,43:25.4,7,7199.638000000001,0101000020E610000012AD4ED5211602C093276F1F20A04540,20230418_NISSAN_AZPEITIA_DONOSTIA_016,,d2,30:53.2,11:06.0,NISSAN_LEAF,Nissan Leaf e+ 62 kW,62000,174,43:54.5,8.1,13.0,350,N,-12.98639879899624,97.37884649495336,171,74,,,,4.0,120.0,47.0,0,150,21,65,1
18/04/2023 13:43,87,52.4,85,17.0,99.27,-355,0,2,84,-1.22,3757,16,-2.2609758,43.252285,87.68103,10.075582078679174,43:34.4,7,7199.61,0101000020E6100000145B37807A1602C0366CC1DD4AA04540,20230418_NISSAN_AZPEITIA_DONOSTIA_016,,d2,30:53.2,11:06.0,NISSAN_LEAF,Nissan Leaf e+ 62 kW,62000,174,43:54.5,8.1,13.0,350,N,-12.23237787345083,119.78792372365233,171,74,,,,4.0,120.0,47.0,0,150,21,65,1
18/04/2023 13:43,86,59.1,85,17.0,99.27,-355,0,2,84,2.75,4109,16,-2.2616484,43.25346,86.67711,10.217140171016718,43:43.5,7,7199.536,0101000020E610000009EFBA20DB1702C04CCB486F71A04540,20230418_NISSAN_AZPEITIA_DONOSTIA_016,,d2,30:53.2,11:06.0,NISSAN_LEAF,Nissan Leaf e+ 62 kW,62000,174,43:54.5,8.1,13.0,350,N,-12.999795569847947,99.6786790820111,171,74,,,,4.0,120.0,47.0,0,150,21,65,1
18/04/2023 13:43,87,63.6,85,16.5,99.27,-355,16200,2,84,3.56,4425,16,-2.2618592,43.254696,87.20989,10.355634356827851,43:51.5,7,7200.496,0101000020E6100000E5A1639A491802C0FAA5BCE599A04540,20230418_NISSAN_AZPEITIA_DONOSTIA_016,,d2,30:53.2,11:06.0,NISSAN_LEAF,Nissan Leaf e+ 62 kW,62000,174,43:54.5,8.1,13.0,350,N,-6.118433905091236,161.9235826820179,171,74,,,,4.0,120.0,47.0,0,150,21,25,1
18/04/2023 13:44,91,70.6,84,16.5,99.27,-355,14240,2,84,4.7,4641,16,-2.2634830000000004,43.255226,91.0017,10.499788719686885,43:59.5,7,7200.462,0101000020E6100000A84BA70E9D1B02C088582943ABA04540,20230418_NISSAN_AZPEITIA_DONOSTIA_016,,d2,30:53.2,11:06.0,NISSAN_LEAF,Nissan Leaf e+ 62 kW,62000,174,43:54.5,8.1,13.0,350,N,-1.0942098020324784,-174.8282974564372,171,74,,,,4.0,120.0,47.0,0,150,21,65,1
18/04/2023 13:44,99,65.4,84,16.5,99.27,-355,22640,2,84,5.02,4434,16,-2.2654607,43.255047,98.00654,10.661335380603061,44:08.6,7,7200.4,0101000020E6100000AD38E5E6A91F02C033C7145FA5A04540,20230418_NISSAN_AZPEITIA_DONOSTIA_016,,d2,30:53.2,11:06.0,NISSAN_LEAF,Nissan Leaf e+ 62 kW,62000,174,43:54.5,8.1,13.0,350,N,0.6793315692257674,-167.00457168016433,171,74,,,,4.0,120.0,47.0,0,150,21,25,1
18/04/2023 13:44,105,62.4,84,16.5,99.27,-355,17800,2,85,5.56,3922,16,-2.2670076,43.25469,103.38782,10.792859729591976,44:16.6,7,7200.361,0101000020E6100000B4D48FD8D42202C0F664289499A04540,20230418_NISSAN_AZPEITIA_DONOSTIA_016,,d2,30:53.2,11:06.0,NISSAN_LEAF,Nissan Leaf e+ 62 kW,62000,174,43:54.5,8.1,13.0,350,N,-12.383310593068211,117.71867137227343,171,74,,,,4.0,120.0,47.0,0,150,21,25,1
18/04/2023 13:44,115,69.9,84,16.5,99.27,-355,24080,2,85,5.58,4585,16,-2.2677143,43.256035,113.88017,10.9533367459586,44:25.7,7,7200.32,0101000020E61000003704646A472402C0CFE390CAC5A04540,20230418_NISSAN_AZPEITIA_DONOSTIA_016,,d2,30:53.2,11:06.0,NISSAN_LEAF,Nissan Leaf e+ 62 kW,62000,174,43:54.5,8.1,13.0,350,N,-10.86515560793358,133.3027300261709,171,74,,,,4.0,120.0,47.0,0,150,21,65,1
18/04/2023 13:44,118,73.2,84,16.5,99.27,-355,0,2,86,-1.44,4905,16,-2.26898,43.257378,118.486,11.134522236438286,44:34.7,7,7200.286999999999,0101000020E6100000A77DE10CDF2602C03D1061C9F1A04540,20230418_NISSAN_AZPEITIA_DONOSTIA_016,,d2,30:53.2,11:06.0,NISSAN_LEAF,Nissan Leaf e+ 62 kW,62000,174,45:05.7,8.1,13.0,350,N,-9.486506068921017,143.13613264256625,171,74,,,,4.0,120.0,47.0,0,150,21,65,2
18/04/2023 13:44,117,72.4,84,16.5,99.27,-377,0,2,86,-1.42,4863,16,-2.2703483,43.258404,117.4008,11.293565394801883,44:42.8,7,7200.236999999999,0101000020E61000003074F861AC2902C03999076713A14540,20230418_NISSAN_AZPEITIA_DONOSTIA_016,,d2,30:53.2,11:06.0,NISSAN_LEAF,Nissan Leaf e+ 62 kW,62000,174,45:05.7,8.1,13.0,350,N,-11.226616171970948,130.27838094305494,171,74,,,,4.0,120.0,47.0,0,150,21,25,2
18/04/2023 13:44,113,77.7,84,16.5,99.27,-390,0,2,86,2.64,5030,16,-2.271544,43.259815,114.86654,11.47795137223252,44:51.8,7,7200.177,0101000020E610000037947B301F2C02C000981FA241A14540,20230418_NISSAN_AZPEITIA_DONOSTIA_016,,d2,30:53.2,11:06.0,NISSAN_LEAF,Nissan Leaf e+ 62 kW,62000,174,45:05.7,8.1,13.0,350,N,-12.823301110763824,90.54250733425316,171,74,,,,4.0,120.0,47.0,0,150,21,25,2
18/04/2023 13:45,108,76.0,84,16.5,99.27,-390,0,2,86,-3.22,5372,16,-2.2715604,43.261547,108.47292,11.670651660334668,45:00.9,7,7200.145,0101000020E6100000D40BF0E3272C02C05F59256A7AA14540,20230418_NISSAN_AZPEITIA_DONOSTIA_016,,d2,30:53.2,11:06.0,NISSAN_LEAF,Nissan Leaf e+ 62 kW,62000,174,45:05.7,8.1,13.0,350,N,-12.450161528236595,83.27653589175871,171,74,,,,4.0,120.0,47.0,0,150,21,65,2
18/04/2023 13:45,100,78.4,84,16.5,99.27,-413,0,2,86,1.42,5061,16,-2.2713706,43.263157,101.708015,11.850461289112708,45:09.9,7,7200.105,0101000020E610000025D69F61C42B02C04822F316AFA14540,20230418_NISSAN_AZPEITIA_DONOSTIA_016,,d2,30:53.2,11:06.0,NISSAN_LEAF,Nissan Leaf e+ 62 kW,62000,174,45:05.7,8.1,13.0,350,N,-12.315582568866716,81.32543373469268,171,74,,,,4.0,120.0,47.0,0,150,21,65,2
18/04/2023 13:45,89,83.3,84,16.5,99.27,-426,0,2,86,-1.53,5668,16,-2.271121,43.264793,91.187515,12.03379755482158,45:17.9,7,7200.069,0101000020E610000034488872412B02C04F0118B4E4A14540,20230418_NISSAN_AZPEITIA_DONOSTIA_016,,d2,30:53.2,11:06.0,NISSAN_LEAF,Nissan Leaf e+ 62 kW,62000,174,45:05.7,8.1,13.0,350,N,-12.57983673770181,85.39331395868668,171,74,,,,4.0,120.0,47.0,0,150,21,25,2
18/04/2023 13:45,84,77.8,84,16.5,99.27,-448,0,2,85,-2.31,5217,16,-2.2709754,43.2666,85.22034000000001,12.235160785291832,45:27.0,7,7200.007,0101000020E610000092930720F52A02C0DF21740220A24540,20230418_NISSAN_AZPEITIA_DONOSTIA_016,,d2,30:53.2,11:06.0,NISSAN_LEAF,Nissan Leaf e+ 62 kW,62000,174,45:05.7,8.1,13.0,350,N,-12.595758544569035,85.67422145776483,171,74,,,,4.0,120.0,47.0,0,150,21,45,3
18/04/2023 13:45,79,39.9,84,16.5,99.27,-502,0,3,85,-1.09,3110,16,-2.2708695,43.268,79.551445,12.391172675341037,45:36.1,7,7199.889,0101000020E6100000560E0DA4BD2A02C0540375D04DA24540,20230418_NISSAN_AZPEITIA_DONOSTIA_016,,d2,30:53.2,11:06.0,NISSAN_LEAF,Nissan Leaf e+ 62 kW,62000,174,45:05.7,8.1,13.0,350,N,-12.13885010554822,79.02836079886114,171,74,,,,4.0,120.0,47.0,0,150,21,8,3
18/04/2023 13:45,74,21.2,84,16.5,99.27,-521,6640,2,86,8.14,726,16,-2.2707968,43.268375,75.267365,12.433501544762677,45:45.1,7,7199.908,0101000020E6100000A5BC1981972A02C0D6F3CE215AA24540,20230418_NISSAN_AZPEITIA_DONOSTIA_016,,d2,30:53.2,11:06.0,NISSAN_LEAF,Nissan Leaf e+ 62 kW,62000,174,45:05.7,8.1,13.0,350,N,-12.98345066354902,102.89136107385278,171,74,,,,4.0,120.0,47.0,0,150,21,65,3
18/04/2023 13:45,72,36.4,84,16.5,99.27,-521,8000,2,87,2.7,2369,16,-2.2709165,43.268898,72.538,12.492521675285333,45:54.1,7,7199.859,0101000020E6100000A542EB42D62A02C0235F9A346BA24540,20230418_NISSAN_AZPEITIA_DONOSTIA_016,,d2,30:53.2,11:06.0,NISSAN_LEAF,Nissan Leaf e+ 62 kW,62000,174,45:05.7,8.1,13.0,350,N,2.5861877060855907,-158.5251652663074,171,74,,,,4.0,120.0,47.0,0,150,21,65,3
18/04/2023 13:46,70,40.5,84,16.5,99.27,-521,0,2,87,-1.89,2936,16,-2.2720807,43.268440000000005,70.32507,12.59968333034081,46:02.2,7,7199.7880000000005,0101000020E61000000B9B6D92382D02C0A1A2BB425CA24540,20230418_NISSAN_AZPEITIA_DONOSTIA_016,,d2,30:53.2,11:06.0,NISSAN_LEAF,Nissan Leaf e+ 62 kW,62000,174,45:05.7,8.1,13.0,350,N,6.872060257235811,-138.08773754051126,171,74,,,,4.0,120.0,47.0,0,150,21,45,3
18/04/2023 13:46,68,24.3,84,16.5,99.27,-527,0,2,87,-2.73,2175,16,-2.27266,43.26792,68.35251,12.674162871558076,46:10.2,7,7199.758000000001,0101000020E6100000ACE8CF6C682E02C034B1F2314BA24540,20230418_NISSAN_AZPEITIA_DONOSTIA_016,,d2,30:53.2,11:06.0,NISSAN_LEAF,Nissan Leaf e+ 62 kW,62000,174,45:05.7,8.1,13.0,350,N,10.192375886793162,-118.3690462930253,171,74,,,,4.0,120.0,47.0,0,150,21,45,3
18/04/2023 13:46,67,1.8,84,16.5,99.27,-537,0,2,87,0.0,268,16,-2.2728112,43.26764,67.87385,12.707621274930462,46:19.3,7,7199.729,0101000020E6100000214F10A4B72E02C0F666BC0942A24540,20230418_NISSAN_AZPEITIA_DONOSTIA_016,,d2,30:53.2,11:06.0,NISSAN_LEAF,Nissan Leaf e+ 62 kW,62000,174,45:05.7,8.1,13.0,350,N,4.536436902671179,-149.5764854247091,171,74,,,,4.0,120.0,47.0,0,150,21,45,3
18/04/2023 13:46,69,0.6,84,16.5,99.27,-537,1640,2,87,2.59,305,16,-2.2728708,43.267605,69.94796,12.714158503980823,46:28.3,7,7199.667,0101000020E6100000A882AFE3D62E02C0CA9C47DC40A24540,20230418_NISSAN_AZPEITIA_DONOSTIA_016,,d2,30:53.2,11:06.0,NISSAN_LEAF,Nissan Leaf e+ 62 kW,62000,174,45:05.7,8.1,13.0,350,N,8.915167135819058,-126.70285503206092,171,74,,,,4.0,120.0,47.0,0,150,21,45,3
18/04/2023 13:46,70,18.2,84,16.0,99.27,-537,4960,2,87,5.02,846,16,-2.2729118,43.26755,69.95515400000001,12.721117121873732,46:36.4,7,7199.628000000001,0101000020E6100000DD41BD6CEC2E02C08F760C123FA24540,20230418_NISSAN_AZPEITIA_DONOSTIA_016,,d2,30:53.2,11:06.0,NISSAN_LEAF,Nissan Leaf e+ 62 kW,62000,174,45:05.7,8.1,13.0,350,N,11.377168611719243,-108.9352755703479,171,74,,,,4.0,120.0,47.0,0,150,21,45,3
18/04/2023 13:46,70,33.7,84,16.0,99.27,-537,0,2,87,3.38,2242,16,-2.2731245,43.26693,70.61001999999999,12.792179527978286,46:45.4,7,7199.579000000001,0101000020E61000009D148AEF5B2F02C0CD2C82B32AA24540,20230418_NISSAN_AZPEITIA_DONOSTIA_016,,d2,30:53.2,11:06.0,NISSAN_LEAF,Nissan Leaf e+ 62 kW,62000,174,45:05.7,8.1,13.0,350,N,12.996570666511404,-78.68392584102477,171,74,,,,4.0,120.0,47.0,0,150,21,45,3
18/04/2023 13:46,69,44.9,84,16.0,99.27,-537,9320,2,87,3.94,2666,16,-2.272945,43.266033,69.387985,12.892982138902438,46:54.5,7,7199.5380000000005,0101000020E6100000CB5091BFFD2E02C03B2EB0670DA24540,20230418_NISSAN_AZPEITIA_DONOSTIA_016,,d2,30:53.2,11:06.0,NISSAN_LEAF,Nissan Leaf e+ 62 kW,62000,174,45:05.7,8.1,13.0,350,N,12.731603755516224,-68.33716276762517,171,74,,,,4.0,120.0,47.0,0,150,21,8,3
18/04/2023 13:47,68,55.5,84,16.0,99.27,-537,0,2,87,1.48,3599,16,-2.272548200000001,43.265034,68.24006999999999,13.008624656240691,47:02.5,7,7200.4980000000005,0101000020E61000007900A4C12D2E02C01711CBA2ECA14540,20230418_NISSAN_AZPEITIA_DONOSTIA_016,,d2,30:53.2,11:06.0,NISSAN_LEAF,Nissan Leaf e+ 62 kW,62000,174,48:54.5,6.9,11.2,10,N,10.974889544022137,-88.49314711957307,171,74,,,,4.0,120.0,47.0,0,150,21,45,2
18/04/2023 13:47,70,47.9,84,16.0,99.27,-541,0,2,86,3.42,3045,16,-2.272521,43.264,70.65630999999999,13.12364668449967,47:11.5,7,7200.45,0101000020E6100000A4CC6F841F2E02C0979DFCBACAA14540,20230418_NISSAN_AZPEITIA_DONOSTIA_016,,d2,30:53.2,11:06.0,NISSAN_LEAF,Nissan Leaf e+ 62 kW,62000,174,48:54.5,6.9,11.2,10,N,-2.2480480828694582,158.42101729662664,171,74,,,,4.0,120.0,47.0,0,150,21,25,2
18/04/2023 13:47,72,39.5,84,16.0,99.27,-541,11240,2,86,3.41,2559,16,-2.2734818,43.26438,71.77824,13.212186058859517,47:20.6,7,7200.398,0101000020E6100000E9C2FB48173002C094F0B046D7A14540,20230418_NISSAN_AZPEITIA_DONOSTIA_016,,d2,30:53.2,11:06.0,NISSAN_LEAF,Nissan Leaf e+ 62 kW,62000,174,48:54.5,6.9,11.2,10,N,-8.721896112332484,41.14542147324468,171,74,,,,4.0,120.0,47.0,0,150,21,45,2
18/04/2023 13:47,78,57.7,84,16.0,99.27,-541,16560,2,86,-1.16,3944,16,-2.27262,43.265133,77.47213,13.321330556944124,47:28.7,7,7200.337,0101000020E6100000BCB3526F532E02C03407D4DDEFA14540,20230418_NISSAN_AZPEITIA_DONOSTIA_016,,d2,30:53.2,11:06.0,NISSAN_LEAF,Nissan Leaf e+ 62 kW,62000,174,48:54.5,6.9,11.2,10,N,-8.446102209893533,38.948211086931565,171,74,,,,4.0,120.0,47.0,0,150,21,45,2
18/04/2023 13:47,84,82.3,84,16.0,99.27,-541,40200,2,86,7.45,5181,16,-2.2713556,43.266155,83.74258,13.474415781167055,47:37.7,7,7200.316999999999,0101000020E610000023949389BC2B02C0AAEAB05911A24540,20230418_NISSAN_AZPEITIA_DONOSTIA_016,,d2,30:53.2,11:06.0,NISSAN_LEAF,Nissan Leaf e+ 62 kW,62000,174,48:54.5,6.9,11.2,10,N,-9.628076858555689,49.27727614132475,171,74,,,,4.0,120.0,47.0,0,150,21,120,2
18/04/2023 13:47,90,85.5,84,16.0,99.27,-541,0,2,87,3.14,5987,16,-2.2698965,43.26785,89.44664,13.696930627156144,47:46.7,7,7200.268,0101000020E610000084620C7FBF2802C0A0DEE4E148A24540,20230418_NISSAN_AZPEITIA_DONOSTIA_016,,d2,30:53.2,11:06.0,NISSAN_LEAF,Nissan Leaf e+ 62 kW,62000,174,48:54.5,6.9,11.2,10,N,-9.625407486239627,49.250557079743885,171,74,,,,4.0,120.0,47.0,0,150,21,120,3
18/04/2023 13:47,95,92.5,84,16.0,99.27,-541,22160,2,88,3.34,6353,16,-2.2684343,43.269547,95.18835,13.919766343566769,47:55.8,7,7200.22,0101000020E610000074A426EDC02502C00069668B80A24540,20230418_NISSAN_AZPEITIA_DONOSTIA_016,,d2,30:53.2,11:06.0,NISSAN_LEAF,Nissan Leaf e+ 62 kW,62000,174,48:54.5,6.9,11.2,10,N,-7.177690669234488,29.856368438753805,171,74,,,,4.0,120.0,47.0,0,150,21,8,3
18/04/2023 13:48,103,90.1,83,16.0,99.27,-541,16120,2,88,-1.31,6120,16,-2.266234,43.27081,102.99551,14.146746610485845,48:04.8,7,7200.170999999999,0101000020E61000000ED231453F2102C0FC7984E8A9A24540,20230418_NISSAN_AZPEITIA_DONOSTIA_016,,d2,30:53.2,11:06.0,NISSAN_LEAF,Nissan Leaf e+ 62 kW,62000,174,48:54.5,6.9,11.2,10,N,-4.374262325180358,12.989294958217778,171,74,,,,4.0,120.0,47.0,0,150,21,8,3
18/04/2023 13:48,109,87.7,83,16.0,99.27,-541,17400,2,88,3.61,5836,16,-2.2639537,43.271336,108.19536,14.340479864704667,48:12.9,7,7200.130999999999,0101000020E610000085DD83C4931C02C040321D26BBA24540,20230418_NISSAN_AZPEITIA_DONOSTIA_016,,d2,30:53.2,11:06.0,NISSAN_LEAF,Nissan Leaf e+ 62 kW,62000,174,48:54.5,6.9,11.2,10,N,-2.577235496042875,3.303566369045168,171,74,,,,4.0,120.0,47.0,0,150,21,100,3
18/04/2023 13:48,115,98.1,83,16.5,99.27,-541,21640,2,89,2.58,6678,16,-2.2611125,43.2715,114.925285,14.571330828270233,48:21.9,7,7200.101,0101000020E61000002753CC17C21602C05FF4F876C0A24540,20230418_NISSAN_AZPEITIA_DONOSTIA_016,,d2,30:53.2,11:06.0,NISSAN_LEAF,Nissan Leaf e+ 62 kW,62000,174,48:54.5,6.9,11.2,10,N,-4.03957765306212,11.141752690502292,171,74,,,,4.0,120.0,47.0,0,150,21,8,3
18/04/2023 13:48,117,96.1,83,16.5,99.27,-541,21840,2,89,-1.52,6338,16,-2.2583199,43.27205,117.55888,14.805565969511505,48:30.9,7,7200.051,0101000020E6100000F2579C060A1102C061FB3482D2A24540,20230418_NISSAN_AZPEITIA_DONOSTIA_016,,d2,30:53.2,11:06.0,NISSAN_LEAF,Nissan Leaf e+ 62 kW,62000,174,48:54.5,6.9,11.2,10,N,-7.048256979331847,28.999135039778952,171,74,,,,4.0,120.0,47.0,0,150,21,8,3
18/04/2023 13:48,118,82.4,83,16.5,99.27,-552,0,2,89,-4.69,6075,16,-2.2562578,43.273193,118.50466000000002,15.015390848782653,48:39.0,7,7199.994000000001,0101000020E6100000020279D1D00C02C03628F506F8A24540,20230418_NISSAN_AZPEITIA_DONOSTIA_016,,d2,30:53.2,11:06.0,NISSAN_LEAF,Nissan Leaf e+ 62 kW,62000,174,48:54.5,6.9,11.2,10,N,-10.41048865388819,58.358237509161,171,74,,,,4.0,120.0,47.0,0,150,21,100,3
18/04/2023 13:48,114,73.2,83,16.5,99.27,-602,0,2,89,1.12,4968,16,-2.2552922000000004,43.27476,115.52021,15.20638968260627,48:48.0,7,7199.951,0101000020E6100000857C40A7D60A02C0A70FDE5B2BA34540,20230418_NISSAN_AZPEITIA_DONOSTIA_016,,d2,30:53.2,11:06.0,NISSAN_LEAF,Nissan Leaf e+ 62 kW,62000,174,48:54.5,6.9,11.2,10,N,-11.0052104349845,69.29854291535501,171,74,,,,4.0,120.0,47.0,0,150,21,100,3
18/04/2023 13:48,103,83.6,83,16.5,99.27,-606,0,2,89,1.97,5559,16,-2.2545912,43.276615,105.21325,15.420569042371655,48:58.1,7,7199.901999999999,0101000020E61000001481CB2C670902C04A1D7D1568A34540,20230418_NISSAN_AZPEITIA_DONOSTIA_016,,d2,30:53.2,11:06.0,NISSAN_LEAF,Nissan Leaf e+ 62 kW,62000,174,48:54.5,6.9,11.2,10,N,-6.650110409019149,26.424275589357617,171,74,,,,4.0,120.0,47.0,0,150,21,8,3
18/04/2023 13:49,93,92.7,83,16.5,99.27,-606,2240,2,88,-1.38,6114,16,-2.2521462000000003,43.27783,93.30234,15.660511911002674,49:07.2,7,7199.816999999999,0101000020E610000067A75C3F650402C0AD3CD9D48FA34540,20230418_NISSAN_AZPEITIA_DONOSTIA_016,,d2,30:53.2,11:06.0,NISSAN_LEAF,Nissan Leaf e+ 62 kW,62000,174,48:54.5,6.9,11.2,10,N,-1.0832827702540817,-4.449579025238759,171,74,,,,4.0,120.0,47.0,0,150,21,40,4
18/04/2023 13:49,84,95.9,83,16.5,99.27,-612,17080,2,88,-1.52,6269,16,-2.249666,43.277637,85.952614,15.862572051057578,49:15.2,7,7199.786,0101000020E610000001576DE550FF01C0C19EB8A589A34540,20230418_NISSAN_AZPEITIA_DONOSTIA_016,,d2,30:53.2,11:06.0,NISSAN_LEAF,Nissan Leaf e+ 62 kW,62000,174,48:54.5,6.9,11.2,10,N,-2.172322595292546,1.1838227578035163,171,74,,,,4.0,120.0,47.0,0,150,21,80,4
18/04/2023 13:49,75,102.1,83,16.5,99.27,-612,18880,2,88,-0.97,6923,16,-2.2466173,43.2777,75.578316,16.109694845743363,49:24.3,7,7199.744000000001,0101000020E610000022A1C98512F901C0CBB07F908BA34540,20230418_NISSAN_AZPEITIA_DONOSTIA_016,,d2,30:53.2,11:06.0,NISSAN_LEAF,Nissan Leaf e+ 62 kW,62000,174,48:54.5,6.9,11.2,10,N,-3.887769003847408,10.31139867622807,171,74,,,,4.0,120.0,47.0,0,150,21,20,4
18/04/2023 13:49,66,107.9,83,16.5,99.27,-612,15760,2,88,2.7,7036,16,-2.2435393,43.27826,66.432556,16.366696569957348,49:33.3,7,7199.712,0101000020E61000001D988DC1C4F201C0EB8DFEFB9DA34540,20230418_NISSAN_AZPEITIA_DONOSTIA_016,,d2,30:53.2,11:06.0,NISSAN_LEAF,Nissan Leaf e+ 62 kW,62000,174,50:05.5,6.9,11.2,10,N,-5.544541946247566,19.67294115095155,171,74,,,,4.0,120.0,47.0,0,150,21,20,4
18/04/2023 13:49,58,105.1,83,16.5,99.27,-612,4760,2,88,1.58,7126,16,-2.2405968,43.279312,58.782837,16.63218330941189,49:42.3,7,7199.664000000001,0101000020E61000007F1EE1FABDEC01C099871D83C0A34540,20230418_NISSAN_AZPEITIA_DONOSTIA_016,,d2,30:53.2,11:06.0,NISSAN_LEAF,Nissan Leaf e+ 62 kW,62000,174,50:05.5,6.9,11.2,10,N,-8.254056281752447,37.47388328275719,171,74,,,,4.0,120.0,47.0,0,150,21,20,4
18/04/2023 13:49,53,106.5,83,16.5,99.27,-612,18720,2,88,2.53,7151,16,-2.2386062,43.280838,53.63805,16.866246302024752,49:50.4,7,7199.621999999999,0101000020E61000002ECDD861AAE801C08EB8667CF2A34540,20230418_NISSAN_AZPEITIA_DONOSTIA_016,,d2,30:53.2,11:06.0,NISSAN_LEAF,Nissan Leaf e+ 62 kW,62000,174,50:05.5,6.9,11.2,10,N,-8.743103855280626,41.31868555851968,171,74,,,,4.0,120.0,47.0,0,150,21,40,4
18/04/2023 13:49,50,102.4,83,16.5,99.27,-612,17880,2,88,-1.64,7176,16,-2.2365541,43.282642,50.11452,17.12671765784767,49:59.4,7,7199.578,0101000020E61000005022E28E76E401C01ADAF1932DA44540,20230418_NISSAN_AZPEITIA_DONOSTIA_016,,d2,30:53.2,11:06.0,NISSAN_LEAF,Nissan Leaf e+ 62 kW,62000,174,50:05.5,6.9,11.2,10,N,-7.007854207506569,28.733677228031087,91,60,,,,16.0,71.0,3.0,1,80,11,25,4
18/04/2023 13:50,50,101.1,83,16.5,99.27,-612,25280,2,88,0.5,6956,16,-2.2340224,43.28403,50.447390000000006,17.383267957688638,50:08.5,7,7199.539000000001,0101000020E61000008862F71247DF01C03B2A8C2A5BA44540,20230418_NISSAN_AZPEITIA_DONOSTIA_016,,d2,30:53.2,11:06.0,NISSAN_LEAF,Nissan Leaf e+ 62 kW,62000,174,50:05.5,6.9,11.2,10,N,-4.872915210801066,15.790493659796535,91,60,,,,16.0,71.0,3.0,1,80,11,25,3
18/04/2023 13:50,52,100.0,83,16.5,99.27,-612,280,2,88,1.23,6791,16,-2.231441,43.28476,52.28677,17.607440791609132,50:16.5,7,7200.4890000000005,0101000020E6100000191292C3FDD901C043E2DF0773A44540,20230418_NISSAN_AZPEITIA_DONOSTIA_016,,d2,30:53.2,11:06.0,NISSAN_LEAF,Nissan Leaf e+ 62 kW,62000,174,50:05.5,6.9,11.2,10,N,-2.838556040912364,4.68131576155134,91,60,,,,16.0,71.0,3.0,1,80,11,25,3
18/04/2023 13:50,55,101.8,83,16.5,99.27,-612,31080,2,88,3.62,7062,16,-2.2283880000000003,43.28501,54.956055000000006,17.856138057383653,50:25.6,7,7200.4490000000005,0101000020E610000090E55A18BDD301C0F85284497BA44540,20230418_NISSAN_AZPEITIA_DONOSTIA_016,,d2,30:53.2,11:06.0,NISSAN_LEAF,Nissan Leaf e+ 62 kW,62000,174,50:05.5,6.9,11.2,10,N,-2.568148766630985,3.2558042953011226,91,60,,,,16.0,71.0,3.0,1,80,11,8,3
18/04/2023 13:50,64,100.5,83,16.5,99.27,-612,25960,2,88,-1.39,6849,16,-2.2252765,43.285187,63.031914,18.108893658484522,50:34.6,7,7200.398,0101000020E610000071630ECF5DCD01C0284ADCF280A44540,20230418_NISSAN_AZPEITIA_DONOSTIA_016,,d2,30:53.2,11:06.0,NISSAN_LEAF,Nissan Leaf e+ 62 kW,62000,174,50:05.5,6.9,11.2,10,N,-3.652235424201451,9.031773792324792,91,60,,,,16.0,71.0,3.0,1,80,11,120,3
18/04/2023 13:50,72,95.8,83,16.5,99.27,-612,0,2,89,1.81,6670,16,-2.2226405,43.285606,70.61878,18.327421461221004,50:42.7,7,7200.34,0101000020E61000005D0CEAB7F7C701C06F0617BD8EA44540,20230418_NISSAN_AZPEITIA_DONOSTIA_016,,d2,30:53.2,11:06.0,NISSAN_LEAF,Nissan Leaf e+ 62 kW,62000,174,50:05.5,6.9,11.2,10,N,-0.9700800276160036,-5.031140825725129,91,60,,,,16.0,71.0,3.0,1,80,11,120,3
18/04/2023 13:50,78,91.9,82,16.5,99.27,-612,28720,2,89,-1.0,6204,16,-2.2198462,43.28536,77.78403,18.555363869030046,50:51.7,7,7200.307,0101000020E610000072632BB63EC201C07E7B4FA086A44540,20230418_NISSAN_AZPEITIA_DONOSTIA_016,,d2,30:53.2,11:06.0,NISSAN_LEAF,Nissan Leaf e+ 62 kW,62000,174,50:05.5,6.9,11.2,10,N,3.369389186611926,-27.50796152864727,91,60,,,,16.0,71.0,3.0,1,80,11,8,3
18/04/2023 13:51,87,91.2,82,16.5,99.27,-612,22720,2,89,3.39,6427,16,-2.2175226,43.28415,87.23501999999999,18.78681010934952,51:00.7,7,7200.255,0101000020E6100000776A11857CBD01C08502CEF75EA44540,20230418_NISSAN_AZPEITIA_DONOSTIA_016,,d2,30:53.2,11:06.0,NISSAN_LEAF,Nissan Leaf e+ 62 kW,62000,174,50:05.5,6.9,11.2,10,N,3.9138366821002224,-30.453660239326684,91,60,,,,16.0,71.0,3.0,1,80,11,8,3
18/04/2023 13:51,97,91.7,82,16.5,99.27,-612,26280,2,90,5.36,6017,16,-2.2156262000000004,43.283035,95.21348,18.984293382139125,51:08.8,7,7200.215999999999,0101000020E61000003CEDB2449AB901C06AA6458D3AA44540,20230418_NISSAN_AZPEITIA_DONOSTIA_016,,d2,30:53.2,11:06.0,NISSAN_LEAF,Nissan Leaf e+ 62 kW,62000,174,50:05.5,6.9,11.2,10,N,1.8486536378369625,-19.500624765500845,91,60,,,,16.0,71.0,3.0,1,80,11,100,4
18/04/2023 13:51,106,85.1,82,16.5,99.27,-612,23720,2,90,6.27,5644,16,-2.2131836,43.28217,105.24803,19.20439879515559,51:17.8,7,7200.167,0101000020E61000003923D29F99B401C0C35381261EA44540,20230418_NISSAN_AZPEITIA_DONOSTIA_016,,d2,30:53.2,11:06.0,NISSAN_LEAF,Nissan Leaf e+ 62 kW,62000,174,50:05.5,6.9,11.2,10,N,3.091383200379293,-26.02259156549804,91,60,,,,16.0,71.0,3.0,1,80,11,120,4
18/04/2023 13:51,114,84.0,82,16.5,99.27,-612,10840,3,90,3.98,5813,16,-2.2109551,43.281082,114.8434,19.421816880089157,51:26.9,7,7200.116,0101000020E610000070BCC53309B001C04A335A76FAA34540,20230418_NISSAN_AZPEITIA_DONOSTIA_016,,d2,30:53.2,11:06.0,NISSAN_LEAF,Nissan Leaf e+ 62 kW,62000,174,50:05.5,6.9,11.2,10,N,-1.9448595898696197,0.0,91,60,,,,16.0,71.0,3.0,1,80,11,40,4
18/04/2023 13:51,114,84.0,82,16.5,99.27,-612,19720,3,91,-1.59,6502,16,-2.2109551,43.281082,114.8434,19.421816880089157,51:35.9,7,7200.065,0101000020E610000070BCC53309B001C04A335A76FAA34540,20230418_NISSAN_AZPEITIA_DONOSTIA_016,,d2,30:53.2,11:06.0,NISSAN_LEAF,Nissan Leaf e+ 62 kW,62000,174,50:05.5,6.9,11.2,10,N,-1.6812389474170133,-1.366662780666709,91,60,,,,16.0,71.0,3.0,1,80,11,40,4
18/04/2023 13:51,124,90.1,82,16.5,99.27,-625,5520,3,91,-1.44,5977,16,-2.2054222,43.28095,121.25139,19.86999083929324,51:45.0,7,7199.962,0101000020E6100000915CD065B4A401C01409E51DF6A34540,20230418_NISSAN_AZPEITIA_DONOSTIA_016,,d2,30:53.2,11:06.0,NISSAN_LEAF,Nissan Leaf e+ 62 kW,62000,174,50:05.5,6.9,11.2,10,N,-3.3535794403652197,7.423174806860122,91,60,,,,16.0,71.0,3.0,1,80,11,100,4
18/04/2023 13:51,105,104.3,82,16.5,99.27,-625,16320,2,91,-1.64,7044,16,-2.2025363,43.281326,107.47836,20.10771479210203,51:54.1,7,7199.925,0101000020E6100000D1506B6FCB9E01C0FAD0CB8C02A44540,20230418_NISSAN_AZPEITIA_DONOSTIA_016,,d2,30:53.2,11:06.0,NISSAN_LEAF,Nissan Leaf e+ 62 kW,62000,174,50:05.5,6.9,11.2,10,N,-2.0257506176291957,0.4204733580349483,91,60,,,,16.0,71.0,3.0,1,80,11,55,4
18/04/2023 13:52,99,110.4,82,16.0,99.27,-631,0,2,91,-1.62,7316,16,-2.199266,43.28135,100.56772,20.372547483728876,52:03.1,7,7199.909000000001,0101000020E61000002F5BC8BF189801C0B7B77C4A03A44540,20230418_NISSAN_AZPEITIA_DONOSTIA_016,,d2,30:53.2,11:06.0,NISSAN_LEAF,Nissan Leaf e+ 62 kW,62000,174,53:54.5,6.9,11.2,10,N,-1.24049388042119,-3.640965187023466,91,60,,,,16.0,71.0,3.0,1,80,11,100,4
18/04/2023 13:52,90,108.1,82,16.0,99.27,-641,0,2,91,1.55,7283,16,-2.1959658,43.28114,91.77143,20.640860151788274,52:12.1,7,7199.871,0101000020E6100000E2E72872569101C03BB17154FCA34540,20230418_NISSAN_AZPEITIA_DONOSTIA_016,,d2,30:53.2,11:06.0,NISSAN_LEAF,Nissan Leaf e+ 62 kW,62000,174,53:54.5,6.9,11.2,10,N,-1.7149799414169749,-1.192035277608158,91,60,,,,16.0,71.0,3.0,1,80,11,8,4
18/04/2023 13:52,82,111.1,82,16.0,99.27,-641,6640,2,90,-0.89,7413,16,-2.1926017000000004,43.28107,83.37422,20.913423913488195,52:20.2,7,7199.79,0101000020E6100000D226DBCE728A01C034BC2927FAA34540,20230418_NISSAN_AZPEITIA_DONOSTIA_016,,d2,30:53.2,11:06.0,NISSAN_LEAF,Nissan Leaf e+ 62 kW,62000,174,53:54.5,6.9,11.2,10,N,-2.460166922382887,2.6889324492829925,91,60,,,,16.0,71.0,3.0,1,80,11,8,5
18/04/2023 13:52,75,107.3,82,16.0,99.27,-641,0,2,90,0.77,7425,16,-2.1892588,43.281227,75.60446,21.184704573658454,52:29.2,7,7199.753000000001,0101000020E6100000C2AB56139A8301C0F6920942FFA34540,20230418_NISSAN_AZPEITIA_DONOSTIA_016,,d2,30:53.2,11:06.0,NISSAN_LEAF,Nissan Leaf e+ 62 kW,62000,174,53:54.5,6.9,11.2,10,N,-1.9448595898696197,0.0,91,60,,,,16.0,71.0,3.0,1,80,11,8,5
18/04/2023 13:52,72,99.9,82,16.0,99.27,-641,0,2,90,0.0,6953,16,-2.1860757,43.281227,72.238434,21.44239729552223,52:38.3,7,7199.719,0101000020E6100000141F0D3B157D01C009F0AE31FFA34540,20230418_NISSAN_AZPEITIA_DONOSTIA_016,,d2,30:53.2,11:06.0,NISSAN_LEAF,Nissan Leaf e+ 62 kW,62000,174,53:54.5,6.9,11.2,10,N,-5.078724592749489,16.96573431000952,91,60,,,,16.0,71.0,3.0,1,80,11,55,5
18/04/2023 13:52,64,100.6,82,16.0,99.27,-645,10120,2,90,1.25,6811,16,-2.1834993,43.282013,64.80598,21.668649350473245,52:46.3,7,7199.6630000000005,0101000020E61000005837327BCE7701C038DCF20019A44540,20230418_NISSAN_AZPEITIA_DONOSTIA_016,,d2,30:53.2,11:06.0,NISSAN_LEAF,Nissan Leaf e+ 62 kW,62000,174,53:54.5,6.9,11.2,10,N,-1.894905754750054,-0.2593881692187241,91,60,,,,16.0,71.0,3.0,1,80,11,55,5
18/04/2023 13:52,61,93.5,82,16.0,99.27,-645,4920,2,90,2.62,6537,16,-2.180186,43.281998,61.008680000000005,21.93688836181752,52:56.4,7,7199.621999999999,0101000020E6100000B62DFB66057101C007E74A8818A44540,20230418_NISSAN_AZPEITIA_DONOSTIA_016,,d2,30:53.2,11:06.0,NISSAN_LEAF,Nissan Leaf e+ 62 kW,62000,174,53:54.5,6.9,11.2,10,N,3.0588213563071287,-25.8493575130354,91,60,,,,16.0,71.0,3.0,1,80,11,55,5
18/04/2023 13:53,61,89.8,82,16.0,99.27,-645,14240,2,89,-1.55,6215,16,-2.1778371,43.28086,61.7001,22.1652888000875,53:05.4,7,7199.581999999999,0101000020E6100000F6A3DED1356C01C01A353F4CF3A34540,20230418_NISSAN_AZPEITIA_DONOSTIA_016,,d2,30:53.2,11:06.0,NISSAN_LEAF,Nissan Leaf e+ 62 kW,62000,174,53:54.5,6.9,11.2,10,N,4.349024602468618,-32.84912034620044,91,60,,,,16.0,71.0,3.0,1,80,11,25,5
18/04/2023 13:53,62,85.3,82,16.0,99.27,-660,0,2,90,4.16,5720,16,-2.1758082,43.27955,62.877464,22.384822472727826,53:14.5,7,7199.531999999999,0101000020E61000009153D32E0E6801C07410AF4FC8A34540,20230418_NISSAN_AZPEITIA_DONOSTIA_016,,d2,30:53.2,11:06.0,NISSAN_LEAF,Nissan Leaf e+ 62 kW,62000,174,53:54.5,6.9,11.2,10,N,1.8653972972828856,-19.58748247081457,91,60,,,,16.0,71.0,3.0,1,80,11,25,6
18/04/2023 13:53,59,94.8,82,16.0,99.27,-665,17200,2,89,-1.55,6302,16,-2.1735094,43.278732,60.63338,22.591967434424806,53:22.5,7,7200.494000000001,0101000020E61000008F15F8E7586301C00D0DA373ADA34540,20230418_NISSAN_AZPEITIA_DONOSTIA_016,,d2,30:53.2,11:06.0,NISSAN_LEAF,Nissan Leaf e+ 62 kW,62000,174,53:54.5,6.9,11.2,10,N,-0.2074272443044562,-8.938804895463674,91,60,,,,16.0,71.0,3.0,1,80,11,25,6
18/04/2023 13:53,56,101.3,82,16.0,99.27,-665,5800,2,89,2.72,6755,16,-2.1708646000000003,43.278316,57.373276,22.81103666251818,53:30.5,7,7200.453,0101000020E610000026955C3EEE5D01C033CCE2EF9FA34540,20230418_NISSAN_AZPEITIA_DONOSTIA_016,,d2,30:53.2,11:06.0,NISSAN_LEAF,Nissan Leaf e+ 62 kW,62000,174,53:54.5,6.9,11.2,10,N,-2.641010469877745,3.639050397271189,91,60,,,,16.0,71.0,3.0,1,80,11,25,6
18/04/2023 13:53,54,104.6,82,16.0,99.27,-665,0,2,89,-1.38,7163,16,-2.167657,43.27852,54.548176,23.07170687772658,53:39.6,7,7200.411999999999,0101000020E61000006D3FF67D5C5701C0AC299A8CA6A34540,20230418_NISSAN_AZPEITIA_DONOSTIA_016,,d2,30:53.2,11:06.0,NISSAN_LEAF,Nissan Leaf e+ 62 kW,62000,174,53:54.5,6.9,11.2,10,N,-4.951676974656627,16.238841629572466,91,60,,,,16.0,71.0,3.0,1,80,11,25,6
18/04/2023 13:53,52,95.5,81,16.0,99.27,-665,0,2,89,-0.19,6776,16,-2.1650305,43.279285,52.50429499999999,23.300722870197692,53:47.6,7,7200.376,0101000020E61000004B78A478FB5101C0841D44A8BFA34540,20230418_NISSAN_AZPEITIA_DONOSTIA_016,,d2,30:53.2,11:06.0,NISSAN_LEAF,Nissan Leaf e+ 62 kW,62000,174,53:54.5,6.9,11.2,10,N,-4.131116969556643,11.644694599990546,91,60,,,,16.0,71.0,3.0,1,80,11,100,6
18/04/2023 13:53,51,74.9,81,16.0,99.27,-676,0,2,89,-5.19,5813,16,-2.1626043,43.279785,51.52123,23.50484816934308,53:55.7,7,7200.316999999999,0101000020E6100000C7AED88A034D01C0821D66F9CFA34540,20230418_NISSAN_AZPEITIA_DONOSTIA_016,,d2,30:53.2,11:06.0,NISSAN_LEAF,Nissan Leaf e+ 62 kW,62000,174,53:54.5,6.9,11.2,10,N,-1.8201000934642493,-0.6474459969187005,91,60,,,,16.0,71.0,3.0,1,80,11,25,7
18/04/2023 13:54,52,42.2,82,16.0,99.27,-739,0,2,90,-1.11,3355,16,-2.160569,43.279762,52.765835,23.669633416258552,54:04.7,7,7200.274,0101000020E6100000E6CE0F51D84801C0C11B6F48CFA34540,20230418_NISSAN_AZPEITIA_DONOSTIA_016,,d2,30:53.2,11:06.0,NISSAN_LEAF,Nissan Leaf e+ 62 kW,62000,174,53:54.5,6.9,11.2,10,N,1.032039573207459,-15.287099439427935,91,60,,,,16.0,71.0,3.0,1,80,11,100,7
18/04/2023 13:54,52,21.6,82,16.5,99.27,-758,0,2,90,-3.08,1877,16,-2.159508,43.279472,52.957336,23.76137727978483,54:13.8,7,7200.217,0101000020E6100000E7F5911DAC4601C0304FD9B0C5A34540,20230418_NISSAN_AZPEITIA_DONOSTIA_016,,d2,30:53.2,11:06.0,NISSAN_LEAF,Nissan Leaf e+ 62 kW,62000,174,53:54.5,6.9,11.2,10,N,-1.3857322206165137,-2.892804893232211,91,60,,,,16.0,71.0,3.0,1,80,11,45,7
18/04/2023 13:54,53,5.0,82,16.5,99.27,-766,0,2,90,1.11,492,16,-2.159132,43.279453,53.905636,23.79190318654382,54:22.8,7,7200.195,0101000020E6100000B1D760F2E64501C029B8091DC5A34540,20230418_NISSAN_AZPEITIA_DONOSTIA_016,,d2,30:53.2,11:06.0,NISSAN_LEAF,Nissan Leaf e+ 62 kW,62000,174,53:54.5,6.9,11.2,10,N,3.8543194790084088,-30.12904264958924,91,60,,,,16.0,71.0,3.0,1,80,11,45,7
18/04/2023 13:54,51,0.0,82,16.5,99.27,-766,0,2,90,0.0,0,16,-2.1591096000000003,43.27944,51.96789,23.794925201470065,54:31.9,7,7200.127,0101000020E6100000077A6836DB4501C0A1115FC2C4A34540,20230418_NISSAN_AZPEITIA_DONOSTIA_016,,d2,30:53.2,11:06.0,NISSAN_LEAF,Nissan Leaf e+ 62 kW,62000,174,55:05.4,6.9,11.2,10,N,-1.9448595898696197,0.0,91,60,,,,16.0,71.0,3.0,1,80,11,45,7
18/04/2023 13:54,50,0.0,82,16.5,99.27,-766,0,2,89,0.0,0,16,-2.1590965,43.27944,50.59548,23.796659591369238,54:40.9,7,7200.095,0101000020E6100000A86E275DD44501C041A782B3C4A34540,20230418_NISSAN_AZPEITIA_DONOSTIA_016,,d2,30:53.2,11:06.0,NISSAN_LEAF,Nissan Leaf e+ 62 kW,62000,174,55:05.4,6.9,11.2,10,N,-1.9448595898696197,0.0,91,60,,,,16.0,71.0,3.0,1,80,11,45,7
18/04/2023 13:54,50,0.0,82,16.5,99.27,-766,400,3,89,2.39,0,16,-2.1590965,43.27944,50.59548,23.796659591369238,54:45.9,7,7200.064,0101000020E6100000A86E275DD44501C041A782B3C4A34540,20230418_NISSAN_AZPEITIA_DONOSTIA_016,,d2,30:53.2,11:06.0,NISSAN_LEAF,Nissan Leaf e+ 62 kW,62000,174,55:05.4,6.9,11.2,10,N,-0.323559743133186,-8.344536842971753,91,60,,,,16.0,71.0,3.0,1,80,11,45,7
18/04/2023 13:54,53,0.0,82,16.5,99.27,-766,600,3,89,0.0,10,16,-2.1589806,43.279423,53.601967,23.80669156597704,54:56.0,7,7200.024,0101000020E610000094B8C4A4974501C0D49EDF22C4A34540,20230418_NISSAN_AZPEITIA_DONOSTIA_016,,d2,30:53.2,11:06.0,NISSAN_LEAF,Nissan Leaf e+ 62 kW,62000,174,55:05.4,6.9,11.2,10,N,-1.9448595898696197,0.0,91,60,,,,16.0,71.0,3.0,1,80,11,45,7
18/04/2023 13:55,53,0.0,82,16.5,99.27,-766,0,3,88,0.0,0,16,-2.1589806,43.279423,53.601967,23.80669156597704,55:05.0,7,7199.984,0101000020E610000094B8C4A4974501C0D49EDF22C4A34540,20230418_NISSAN_AZPEITIA_DONOSTIA_016,,d2,30:53.2,11:06.0,NISSAN_LEAF,Nissan Leaf e+ 62 kW,62000,174,55:05.4,6.9,11.2,10,N,-1.9448595898696197,0.0,91,60,,,,16.0,71.0,3.0,1,80,11,45,7
18/04/2023 13:55,53,0.0,82,16.5,99.27,-766,0,3,87,0.0,0,16,-2.1589806,43.279423,53.601967,23.80669156597704,55:14.1,7,7199.934,0101000020E610000094B8C4A4974501C0D49EDF22C4A34540,20230418_NISSAN_AZPEITIA_DONOSTIA_016,,d2,30:53.2,11:06.0,NISSAN_LEAF,Nissan Leaf e+ 62 kW,62000,174,55:05.4,6.9,11.2,10,N,-1.9448595898696197,0.0,91,60,,,,16.0,71.0,3.0,1,80,11,45,7
18/04/2023 13:55,53,0.0,82,16.5,99.27,-766,0,3,87,0.0,0,16,-2.1589806,43.279423,53.601967,23.80669156597704,55:23.1,7,7199.866,0101000020E610000094B8C4A4974501C0D49EDF22C4A34540,20230418_NISSAN_AZPEITIA_DONOSTIA_016,,d2,30:53.2,11:06.0,NISSAN_LEAF,Nissan Leaf e+ 62 kW,62000,174,55:05.4,6.9,11.2,10,N,-1.9448595898696197,0.0,91,60,,,,16.0,71.0,3.0,1,80,11,45,7
18/04/2023 13:55,53,0.0,82,16.5,99.27,-766,0,3,86,0.0,0,16,-2.1589806,43.279423,53.601967,23.80669156597704,55:31.2,7,7199.825,0101000020E610000094B8C4A4974501C0D49EDF22C4A34540,20230418_NISSAN_AZPEITIA_DONOSTIA_016,,d2,30:53.2,11:06.0,NISSAN_LEAF,Nissan Leaf e+ 62 kW,62000,174,55:05.4,6.9,11.2,10,N,3.071477017372957,-25.916669830586446,91,60,,,,16.0,71.0,3.0,1,80,11,45,7
18/04/2023 13:55,55,12.8,82,16.5,99.27,-766,2920,3,86,4.38,460,16,-2.1589415,43.279404,54.298190000000005,23.810560272371344,55:40.2,7,7199.781999999999,0101000020E610000001033923834501C0818D458BC3A34540,20230418_NISSAN_AZPEITIA_DONOSTIA_016,,d2,30:53.2,11:06.0,NISSAN_LEAF,Nissan Leaf e+ 62 kW,62000,174,55:05.4,6.9,11.2,10,N,-0.9681287784138236,-5.041160399249474,91,60,,,,16.0,71.0,3.0,1,80,11,45,7
18/04/2023 13:55,58,55.0,82,16.5,99.27,-766,21560,3,85,6.78,2996,16,-2.1580346,43.279324,57.73897,23.88459269874091,55:49.2,7,7199.752,0101000020E61000003DAB22A5A74301C061B8DAE4C0A34540,20230418_NISSAN_AZPEITIA_DONOSTIA_016,,d2,30:53.2,11:06.0,NISSAN_LEAF,Nissan Leaf e+ 62 kW,62000,174,55:05.4,6.9,11.2,10,N,-1.1388638413947367,-4.163833415761326,91,60,,,,16.0,71.0,3.0,1,80,11,90,7
18/04/2023 13:55,61,77.0,81,16.5,99.27,-766,22400,3,86,4.59,4861,16,-2.1560566000000003,43.27918,61.298683,24.04555421043632,55:58.3,7,7199.701999999999,0101000020E6100000B7478AA99A3F01C01B85231CBCA34540,20230418_NISSAN_AZPEITIA_DONOSTIA_016,,d2,30:53.2,11:06.0,NISSAN_LEAF,Nissan Leaf e+ 62 kW,62000,174,55:05.4,6.9,11.2,10,N,-0.9838334845044436,-4.960513127912144,91,60,,,,16.0,71.0,3.0,1,80,11,80,7
18/04/2023 13:56,63,99.2,81,16.5,99.27,-766,31160,3,87,4.28,6291,16,-2.1537523,43.27898,63.014687,24.233421819207223,56:06.3,7,7199.654,0101000020E61000002785398AE23A01C03B7D969BB5A34540,20230418_NISSAN_AZPEITIA_DONOSTIA_016,,d2,30:53.2,11:06.0,NISSAN_LEAF,Nissan Leaf e+ 62 kW,62000,174,55:05.4,6.9,11.2,10,N,-2.137238139961247,1.0009244684997476,91,60,,,,16.0,71.0,3.0,1,80,11,90,7
18/04/2023 13:56,66,97.3,81,16.5,99.27,-766,12960,3,87,2.19,6673,16,-2.1506615,43.279034,66.61314399999999,24.483727941350654,56:15.4,7,7199.621999999999,0101000020E6100000C22C520F8E3401C05DB8CA53B7A34540,20230418_NISSAN_AZPEITIA_DONOSTIA_016,,d2,30:53.2,11:06.0,NISSAN_LEAF,Nissan Leaf e+ 62 kW,62000,174,55:05.4,6.9,11.2,10,N,-4.697352447024255,14.797121037670784,91,60,,,,16.0,71.0,3.0,1,80,11,45,7
18/04/2023 13:56,70,96.3,81,16.5,99.27,-766,12200,3,87,0.0,6636,16,-2.147845,43.279778,70.166214,24.726300338992758,56:24.4,7,7199.581999999999,0101000020E61000001B8B1960C92E01C04539F0B9CFA34540,20230418_NISSAN_AZPEITIA_DONOSTIA_016,,d2,30:53.2,11:06.0,NISSAN_LEAF,Nissan Leaf e+ 62 kW,62000,174,55:05.4,6.9,11.2,10,N,-8.136025864796617,36.58801075657141,91,60,,,,16.0,71.0,3.0,1,80,11,120,8
18/04/2023 13:56,78,100.4,81,16.5,99.27,-766,34400,3,87,4.25,6663,16,-2.1458082000000003,43.281290000000006,78.001526,24.961913210072158,56:33.5,7,7199.531,0101000020E6100000EAC3A6789D2A01C0CCB1513201A44540,20230418_NISSAN_AZPEITIA_DONOSTIA_016,,d2,30:53.2,11:06.0,NISSAN_LEAF,Nissan Leaf e+ 62 kW,62000,174,55:05.4,6.9,11.2,10,N,-8.396520481140932,38.56347374605088,91,60,,,,16.0,71.0,3.0,1,80,11,85,8
18/04/2023 13:56,83,97.6,81,16.5,99.27,-766,21360,3,87,3.14,6589,16,-2.144007,43.282726,82.4212,25.178188285356466,56:41.5,7,7200.473000000001,0101000020E610000080741A1DED2601C0C67B495030A44540,20230418_NISSAN_AZPEITIA_DONOSTIA_016,,d2,30:53.2,11:06.0,NISSAN_LEAF,Nissan Leaf e+ 62 kW,62000,174,55:05.4,6.9,11.2,10,N,-4.697567444974529,14.798332616188103,91,60,,,,16.0,71.0,3.0,1,80,11,8,8
18/04/2023 13:56,87,86.1,81,16.5,99.27,-767,1160,3,88,0.47,5968,16,-2.1413043,43.28344,87.34121999999999,25.41097652050212,56:50.6,7,7200.443,0101000020E61000000011B41E642101C0A68FCBBF47A44540,20230418_NISSAN_AZPEITIA_DONOSTIA_016,,d2,30:53.2,11:06.0,NISSAN_LEAF,Nissan Leaf e+ 62 kW,62000,174,55:05.4,6.9,11.2,10,N,-0.974321382005636,-5.009361143146976,91,60,,,,16.0,71.0,3.0,1,80,11,8,8
18/04/2023 13:57,88,87.4,81,16.5,99.27,-767,0,3,87,-1.55,6029,16,-2.1386461,43.283207,88.14049,25.627705031191137,56:59.6,7,7200.393,0101000020E610000066BE6379F21B01C087D5AF1B40A44540,20230418_NISSAN_AZPEITIA_DONOSTIA_016,,d2,30:53.2,11:06.0,NISSAN_LEAF,Nissan Leaf e+ 62 kW,62000,174,55:05.4,6.9,11.2,10,N,-1.5216560876677043,-2.191523170778995,91,60,,,,16.0,71.0,3.0,1,80,11,8,8
18/04/2023 13:57,85,93.4,81,16.5,99.27,-767,16360,3,87,-0.39,6367,16,-2.136242,43.283115,86.35587,25.822586695703972,57:07.7,7,7200.344,0101000020E61000002A6597FD051701C0C42ED8183DA44540,20230418_NISSAN_AZPEITIA_DONOSTIA_016,,d2,30:53.2,11:06.0,NISSAN_LEAF,Nissan Leaf e+ 62 kW,62000,174,58:54.7,6.9,11.2,10,N,-1.7608782525674558,-0.9543544285539723,91,60,,,,16.0,71.0,3.0,1,80,11,8,8
18/04/2023 13:57,82,96.8,81,16.5,99.27,-767,13000,3,87,1.62,6486,16,-2.1333005000000003,43.283066,83.78943000000001,26.060768869533657,57:16.7,7,7200.274,0101000020E6100000F5EC10E8FF1001C02093DA863BA44540,20230418_NISSAN_AZPEITIA_DONOSTIA_016,,d2,30:53.2,11:06.0,NISSAN_LEAF,Nissan Leaf e+ 62 kW,62000,174,58:54.7,6.9,11.2,10,N,-0.7078582848400861,-6.376398078676114,91,60,,,,16.0,71.0,3.0,1,80,11,120,8
18/04/2023 13:57,75,99.5,81,16.5,99.27,-767,18760,3,87,-1.62,6728,16,-2.1303654,43.282738,77.227295,26.301230195541653,57:25.8,7,7200.232,0101000020E6100000AD8DB4F9FC0A01C02A4936C430A44540,20230418_NISSAN_AZPEITIA_DONOSTIA_016,,d2,30:53.2,11:06.0,NISSAN_LEAF,Nissan Leaf e+ 62 kW,62000,174,58:54.7,6.9,11.2,10,N,-0.7920231386873864,-5.944866885738831,332,105,9.0,77.0,219.0,,,,27,296,36,8,9
18/04/2023 13:57,70,98.2,81,16.0,99.27,-769,21680,3,87,0.83,6589,16,-2.1274076,43.28243,71.06235,26.543173240680012,57:34.8,7,7200.183000000001,0101000020E61000009681CB38EE0401C092BC449B26A44540,20230418_NISSAN_AZPEITIA_DONOSTIA_016,,d2,30:53.2,11:06.0,NISSAN_LEAF,Nissan Leaf e+ 62 kW,62000,174,58:54.7,6.9,11.2,10,N,-0.8606368441182072,-5.592900306205746,332,105,9.0,77.0,219.0,,,,27,296,36,8,8
18/04/2023 13:57,70,102.0,80,16.0,99.27,-769,35400,3,87,3.08,7063,16,-2.1240377,43.2821,70.060585,26.818419461389404,57:44.9,7,7200.132,0101000020E6100000DC812E7207FE00C07222EEEA1BA44540,20230418_NISSAN_AZPEITIA_DONOSTIA_016,,d2,30:53.2,11:06.0,NISSAN_LEAF,Nissan Leaf e+ 62 kW,62000,174,58:54.7,6.9,11.2,10,N,-2.571915741910764,3.275603299151772,332,105,9.0,77.0,219.0,,,,27,296,36,10,8
18/04/2023 13:57,72,94.9,80,16.0,99.27,-769,14920,3,87,1.61,6740,16,-2.1212945,43.282257,71.78690999999999,27.041168856553025,57:52.9,7,7200.102,0101000020E6100000540B2C4E69F800C0C14212FF20A44540,20230418_NISSAN_AZPEITIA_DONOSTIA_016,,d2,30:53.2,11:06.0,NISSAN_LEAF,Nissan Leaf e+ 62 kW,62000,174,58:54.7,6.9,11.2,10,N,-1.383859298351368,-2.9024602789773737,332,105,9.0,77.0,219.0,,,,27,296,36,10,8
18/04/2023 13:58,77,102.5,80,16.0,99.27,-769,34680,3,88,3.45,7005,16,-2.1182768,43.282104,76.657005,27.286086838386108,58:02.0,7,7200.0380000000005,0101000020E61000006EDF6F133BF200C0C3AC04071CA44540,20230418_NISSAN_AZPEITIA_DONOSTIA_016,,d2,30:53.2,11:06.0,NISSAN_LEAF,Nissan Leaf e+ 62 kW,62000,174,58:54.7,6.9,11.2,10,N,1.3029388670894144,-16.68056414720847,332,105,9.0,77.0,219.0,,,,27,296,36,8,8
18/04/2023 13:58,85,105.4,80,16.0,99.27,-769,33240,3,88,-1.36,7159,16,-2.11535,43.281227,84.76507,27.542421299129177,58:11.0,7,7200.011,0101000020E610000030B5B19B3CEC00C015FCD23CFFA34540,20230418_NISSAN_AZPEITIA_DONOSTIA_016,,d2,30:53.2,11:06.0,NISSAN_LEAF,Nissan Leaf e+ 62 kW,62000,174,58:54.7,6.9,11.2,10,N,-2.023373289732348,0.40810797229904,332,105,9.0,77.0,219.0,,,,27,296,36,25,7
18/04/2023 13:58,93,110.9,80,16.0,99.27,-769,29160,3,89,3.17,7224,16,-2.112121,43.28125,92.96834,27.803948772399078,58:20.0,7,7199.954000000001,0101000020E61000008104C2B59FE500C0ECC0F40100A44540,20230418_NISSAN_AZPEITIA_DONOSTIA_016,,d2,30:53.2,11:06.0,NISSAN_LEAF,Nissan Leaf e+ 62 kW,62000,174,58:54.7,6.9,11.2,10,N,-3.991408522066096,10.877785166460468,332,105,9.0,77.0,219.0,,,,27,296,36,45,7
18/04/2023 13:58,102,107.2,80,16.0,99.27,-769,24680,3,89,1.77,7485,16,-2.108827,43.281883,101.59763,28.079863790873123,58:29.1,7,7199.8730000000005,0101000020E6100000EEA367B3E0DE00C09FB311CB14A44540,20230418_NISSAN_AZPEITIA_DONOSTIA_016,,d2,30:53.2,11:06.0,NISSAN_LEAF,Nissan Leaf e+ 62 kW,62000,174,58:54.7,6.9,11.2,10,N,-5.052249521324762,16.813876749740135,332,105,9.0,77.0,219.0,,,,27,296,36,45,7
18/04/2023 13:58,110,101.2,80,16.0,99.27,-769,23600,3,90,4.39,7155,16,-2.1055045,43.282887,110.205,28.37119111656099,58:38.2,7,7199.806,0101000020E6100000823AB7BD12D800C0C8B5989C35A44540,20230418_NISSAN_AZPEITIA_DONOSTIA_016,,d2,30:53.2,11:06.0,NISSAN_LEAF,Nissan Leaf e+ 62 kW,62000,174,58:54.7,6.9,11.2,10,N,-4.384506751238197,13.046235731534813,332,105,9.0,77.0,219.0,,,,27,296,36,8,7
18/04/2023 13:58,117,103.2,79,16.0,99.27,-769,26240,3,90,2.88,6996,16,-2.1025138,43.28358,117.96996,28.62536598715305,58:47.3,7,7199.712,0101000020E6100000E6DA65B7F2D100C07DCBE6544CA44540,20230418_NISSAN_AZPEITIA_DONOSTIA_016,,d2,30:53.2,11:06.0,NISSAN_LEAF,Nissan Leaf e+ 62 kW,62000,174,58:54.7,6.9,11.2,10,N,-5.738065623824738,20.818973929820704,332,105,9.0,77.0,219.0,,,,27,296,36,45,6
18/04/2023 13:58,123,105.9,79,16.0,99.27,-769,0,3,91,0.97,7136,16,-2.1000154,43.28453,122.46352,28.8535721036258,58:55.6,7,7200.3640000000005,0101000020E61000000135E0E6D4CC00C0F25E947A6BA44540,20230418_NISSAN_AZPEITIA_DONOSTIA_016,,d2,30:53.2,11:06.0,NISSAN_LEAF,Nissan Leaf e+ 62 kW,62000,174,58:54.7,6.9,11.2,10,N,-5.218915807255788,17.77331639886724,332,105,9.0,77.0,219.0,,,,27,296,36,8,6
18/04/2023 13:59,132,104.4,79,16.0,99.27,-769,0,3,91,3.34,7091,16,-2.0996816000000003,43.284637,123.10493999999998,28.883102146017105,59:02.4,7,7202.59,0101000020E6100000B19ED2DB25CC00C05FFB9CFB6EA44540,20230418_NISSAN_AZPEITIA_DONOSTIA_016,,d2,30:53.2,11:06.0,NISSAN_LEAF,Nissan Leaf e+ 62 kW,62000,174,58:54.7,6.9,11.2,10,N,-4.983683943568302,16.42153331605662,332,105,9.0,77.0,219.0,,,,27,296,36,8,6
18/04/2023 13:59,142,101.1,79,16.0,99.27,-769,31040,3,91,4.11,7050,16,-2.0993423,43.284737,123.76965,28.912739818625194,59:19.5,7,7194.459,0101000020E610000089D2BDFF73CB00C0ECCAE04972A44540,20230418_NISSAN_AZPEITIA_DONOSTIA_016,,d2,30:53.2,11:06.0,NISSAN_LEAF,Nissan Leaf e+ 62 kW,62000,174,58:54.7,6.9,11.2,10,N,-4.610309770601071,14.307571888238073,332,105,9.0,77.0,219.0,,,,27,296,36,8,6
18/04/2023 13:59,150,105.8,79,16.0,99.27,-769,0,3,92,3.7,7139,16,-2.0979974,43.28508,127.7623,29.02815925553888,59:22.8,7,7200.166,0101000020E61000009B90EADDB2C800C06430CC857DA44540,20230418_NISSAN_AZPEITIA_DONOSTIA_016,,d2,30:53.2,11:06.0,NISSAN_LEAF,Nissan Leaf e+ 62 kW,62000,174,58:54.7,6.9,11.2,10,N,-3.560362931247406,8.535341571272431,332,105,9.0,77.0,219.0,,,,27,296,36,8,6
18/04/2023 13:59,159,101.8,79,16.0,99.27,-769,17960,3,92,4.17,6865,16,-2.0879562,43.286587,158.31044,29.858585572584964,59:31.4,7,7199.557,0101000020E610000091D2255C22B400C070A862E1AEA44540,20230418_NISSAN_AZPEITIA_DONOSTIA_016,,d2,30:53.2,11:06.0,NISSAN_LEAF,Nissan Leaf e+ 62 kW,62000,174,00:04.8,6.9,11.2,10,N,-4.81875534460821,15.483173750648008,332,105,9.0,77.0,219.0,,,,27,296,36,25,5
18/04/2023 13:59,166,103.7,79,16.0,99.27,-769,27320,3,92,3.08,7077,16,-2.084996,43.287407,165.73033,30.115059855131143,59:40.5,7,7199.517,0101000020E6100000556D616712AE00C0C1EA15CDC9A44540,20230418_NISSAN_AZPEITIA_DONOSTIA_016,,d2,30:53.2,11:06.0,NISSAN_LEAF,Nissan Leaf e+ 62 kW,62000,174,00:04.8,6.9,11.2,10,N,-3.828151152683773,9.986529635458096,332,105,9.0,77.0,219.0,,,,27,296,36,25,5
18/04/2023 13:59,174,105.0,79,16.0,99.27,-769,33360,3,92,3.69,7057,16,-2.082253,43.28789,173.25737,30.34360876405846,59:48.5,7,7200.477,0101000020E61000007B7C583C74A800C0FF6A84A1D9A44540,20230418_NISSAN_AZPEITIA_DONOSTIA_016,,d2,30:53.2,11:06.0,NISSAN_LEAF,Nissan Leaf e+ 62 kW,62000,174,00:04.8,6.9,11.2,10,N,-4.326347124493377,12.723288938871349,332,105,9.0,77.0,219.0,,,,27,296,36,25,5
18/04/2023 13:59,180,102.6,78,16.0,99.27,-769,35480,3,93,4.38,6877,16,-2.0792856,43.28856,180.2686,30.595177881922886,59:57.6,7,7200.448,0101000020E610000056E5947960A200C0611F3374EFA44540,20230418_NISSAN_AZPEITIA_DONOSTIA_016,,d2,30:53.2,11:06.0,NISSAN_LEAF,Nissan Leaf e+ 62 kW,62000,174,00:04.8,6.9,11.2,10,N,-5.787523174278675,21.114040260885467,332,105,9.0,77.0,219.0,,,,27,296,36,25,5
18/04/2023 14:00,193,106.0,78,16.0,99.27,-769,27960,3,93,4.73,7100,16,-2.0764525000000003,43.289654,191.0541,30.8549794289895,00:06.6,7,7200.409000000001,0101000020E6100000F1477829939C00C09FF0C06213A54540,20230418_NISSAN_AZPEITIA_DONOSTIA_016,,d2,30:53.2,11:06.0,NISSAN_LEAF,Nissan Leaf e+ 62 kW,62000,174,00:04.8,6.9,11.2,10,N,-5.862027679072467,21.5602802442294,370,103,13.0,108.0,223.0,,,,26,326,44,25,4
18/04/2023 14:00,209,102.7,78,16.0,99.27,-769,28120,3,94,0.73,7175,16,-2.0735471000000003,43.290802,207.14137,31.123032088783884,00:15.6,7,7200.355,0101000020E6100000CCDFD1E09F9600C0FABB720639A54540,20230418_NISSAN_AZPEITIA_DONOSTIA_016,,d2,30:53.2,11:06.0,NISSAN_LEAF,Nissan Leaf e+ 62 kW,62000,174,00:04.8,6.9,11.2,10,N,-4.293364028204765,12.540480476480278,370,103,13.0,108.0,223.0,,,,26,326,44,25,4
18/04/2023 14:00,221,101.5,78,16.0,99.27,-769,32400,3,94,4.64,6796,16,-2.0709486,43.29138,218.05235,31.343217304331496,00:23.7,7,7200.323,0101000020E610000080D0D67D4D9100C08753C4FB4BA54540,20230418_NISSAN_AZPEITIA_DONOSTIA_016,,d2,30:53.2,11:06.0,NISSAN_LEAF,Nissan Leaf e+ 62 kW,62000,174,00:04.8,6.9,11.2,10,N,-4.328715469530473,12.73642484437457,370,103,13.0,108.0,223.0,,,,26,326,44,8,4
18/04/2023 14:00,232,104.3,78,16.0,99.27,-769,33000,3,94,4.59,7101,16,-2.067918,43.292065,231.14023,31.600388412468664,00:32.8,7,7200.164000000001,0101000020E6100000A1BD34A9188B00C07F62465B62A54540,20230418_NISSAN_AZPEITIA_DONOSTIA_016,,d2,30:53.2,11:06.0,NISSAN_LEAF,Nissan Leaf e+ 62 kW,62000,174,00:04.8,6.9,11.2,10,N,-6.029054156402665,22.5685588501315,370,103,13.0,108.0,223.0,,,,26,326,44,8,4
18/04/2023 14:00,243,107.1,78,16.0,99.27,-769,29560,3,95,-1.64,7316,16,-2.0653796000000004,43.29312,241.68504,31.837201145241984,00:40.8,7,7200.228,0101000020E61000004E183DCEE58500C0386339F684A54540,20230418_NISSAN_AZPEITIA_DONOSTIA_016,,d2,30:53.2,11:06.0,NISSAN_LEAF,Nissan Leaf e+ 62 kW,62000,174,00:04.8,6.9,11.2,10,N,-6.7618753402950045,27.13814640024842,370,103,13.0,108.0,223.0,,,,26,326,44,8,3
18/04/2023 14:00,249,100.5,78,16.0,99.27,-769,3280,3,95,2.67,6800,16,-2.0627575,43.294464000000005,249.20299,32.09686529392672,00:49.8,7,7200.177,0101000020E6100000F234740B878000C065BC4B00B1A54540,20230418_NISSAN_AZPEITIA_DONOSTIA_016,,d2,30:53.2,11:06.0,NISSAN_LEAF,Nissan Leaf e+ 62 kW,62000,174,00:04.8,6.9,11.2,10,N,-4.105283396770569,11.502582330272984,370,103,13.0,108.0,223.0,,,,26,326,44,25,3
18/04/2023 14:00,256,100.1,78,16.0,99.27,-769,0,3,95,-1.34,6691,16,-2.059814,43.295063,256.02127,32.344317565891835,00:58.9,7,7200.133000000001,0101000020E6100000CE7C42C27F7A00C06C4C539EC4A54540,20230418_NISSAN_AZPEITIA_DONOSTIA_016,,d2,30:53.2,11:06.0,NISSAN_LEAF,Nissan Leaf e+ 62 kW,62000,174,00:04.8,6.9,11.2,10,N,-1.2789301711068113,-3.4430811142783457,370,103,13.0,108.0,223.0,,,,26,326,44,8,3
18/04/2023 14:01,257,105.1,78,16.0,99.27,-796,15880,3,95,-1.23,6797,16,-2.0569386,43.29489,256.9813,32.57782320728816,01:07.9,7,7200.08,0101000020E610000003859F369C7400C0AFA8FE0EBFA54540,20230418_NISSAN_AZPEITIA_DONOSTIA_016,,d2,30:53.2,11:06.0,NISSAN_LEAF,Nissan Leaf e+ 62 kW,62000,174,00:04.8,6.9,11.2,10,N,-2.156770070638247,1.102731977542597,370,103,13.0,108.0,223.0,,,,26,326,44,8,3
18/04/2023 14:01,257,102.9,78,16.0,99.27,-813,0,3,95,-4.3,6960,16,-2.0537176,43.294952,258.03168,32.83859650251744,01:16.9,7,7200.051,0101000020E610000006132280036E00C07E87B8F0C0A54540,20230418_NISSAN_AZPEITIA_DONOSTIA_016,,d2,30:53.2,11:06.0,NISSAN_LEAF,Nissan Leaf e+ 62 kW,62000,174,00:04.8,6.9,11.2,10,N,1.7374740422742003,-18.924429331726323,370,103,13.0,108.0,223.0,,,,26,326,44,8,3
18/04/2023 14:01,253,96.2,78,16.0,99.27,-837,0,3,94,-1.61,6568,16,-2.0509934,43.294018,253.83011,33.08234414709383,01:26.0,7,7200.024,0101000020E6100000EDDDE84C6F6800C02AC4266AA2A54540,20230418_NISSAN_AZPEITIA_DONOSTIA_016,,d2,30:53.2,11:06.0,NISSAN_LEAF,Nissan Leaf e+ 62 kW,62000,174,00:04.8,6.9,11.2,10,N,-0.4147108510260736,-7.877980849911825,370,103,13.0,108.0,223.0,,,,26,326,44,25,2
18/04/2023 14:01,245,98.4,78,16.0,99.27,-858,0,3,94,-1.38,6407,16,-2.0484784,43.29367,247.85634,33.289621875237756,01:34.0,7,7199.985,0101000020E6100000E07E4E93486300C03EC5B60E97A54540,20230418_NISSAN_AZPEITIA_DONOSTIA_016,,d2,30:53.2,11:06.0,NISSAN_LEAF,Nissan Leaf e+ 62 kW,62000,174,00:04.8,6.9,11.2,10,N,-1.810445246297545,-0.6974990514493999,370,103,13.0,108.0,223.0,,,,26,326,44,25,2
18/04/2023 14:01,237,100.6,78,16.0,99.27,-858,0,3,94,0.0,6948,16,-2.0454392,43.293633,239.4336,33.53577226691082,01:43.1,7,7199.939,0101000020E610000011ED8C4A0F5D00C00E540BC895A54540,20230418_NISSAN_AZPEITIA_DONOSTIA_016,,d2,30:53.2,11:06.0,NISSAN_LEAF,Nissan Leaf e+ 62 kW,62000,174,00:04.8,6.9,11.2,10,N,0.8894244337757875,-14.554819779851629,370,103,13.0,108.0,223.0,,,,26,326,44,8,2
18/04/2023 14:01,230,99.2,78,16.0,99.27,-876,0,3,94,-1.58,6685,16,-2.0425005,43.29287,231.69165,33.788409845020475,01:52.1,7,7199.879,0101000020E6100000A7B1D9820A5700C05D9D05C37CA54540,20230418_NISSAN_AZPEITIA_DONOSTIA_016,,d2,30:53.2,11:06.0,NISSAN_LEAF,Nissan Leaf e+ 62 kW,62000,174,00:04.8,6.9,11.2,10,N,-0.1962111392919155,-8.996192383459668,370,103,13.0,108.0,223.0,,,,26,326,44,120,2
18/04/2023 14:02,226,95.6,78,16.0,99.27,-907,0,3,93,-1.61,6431,16,-2.039317,43.292366,226.7146,34.052136090329135,02:01.3,7,7199.706999999999,0101000020E61000000486B361855000C02E9D2E4B6CA54540,20230418_NISSAN_AZPEITIA_DONOSTIA_016,,d2,30:53.2,11:06.0,NISSAN_LEAF,Nissan Leaf e+ 62 kW,62000,174,03:54.6,6.9,11.2,10,N,4.092874640771687,-31.434370307088297,370,103,13.0,108.0,223.0,,,,26,326,44,90,1
18/04/2023 14:02,214,99.5,78,16.0,99.27,-908,0,3,93,-1.61,6703,16,-2.0380147,43.29157,223.68018,34.189806099470246,02:09.8,7,7200.18,0101000020E610000010EE87A5DA4D00C040C3002352A54540,20230418_NISSAN_AZPEITIA_DONOSTIA_016,,d2,30:53.2,11:06.0,NISSAN_LEAF,Nissan Leaf e+ 62 kW,62000,174,03:54.6,6.9,11.2,10,N,8.843925161239346,-62.15152448390224,370,103,13.0,108.0,223.0,,,,26,326,44,120,1
18/04/2023 14:02,197,98.6,78,16.0,99.27,-908,21840,3,93,1.67,6600,16,-2.0364720000000003,43.28865,199.10721,34.53854325450058,02:19.3,7,7199.709,0101000020E61000003D736FE0B14A00C07A2E0278F2A44540,20230418_NISSAN_AZPEITIA_DONOSTIA_016,,d2,30:53.2,11:06.0,NISSAN_LEAF,Nissan Leaf e+ 62 kW,62000,174,03:54.6,6.9,11.2,10,N,4.636761869572417,-34.45614320460121,370,103,13.0,108.0,223.0,,,,26,326,44,120,1
18/04/2023 14:02,190,99.8,78,16.0,99.27,-908,17200,3,92,1.84,6670,16,-2.0342655,43.287136,190.4925,34.78412844726055,02:28.3,7,7199.67,0101000020E61000006CEEAE042D4600C07FECD9D4C0A44540,20230418_NISSAN_AZPEITIA_DONOSTIA_016,,d2,30:53.2,11:06.0,NISSAN_LEAF,Nissan Leaf e+ 62 kW,62000,174,03:54.6,6.9,11.2,10,N,2.198645685941476,-21.321123025040784,370,103,13.0,108.0,223.0,,,,26,326,44,120,1
18/04/2023 14:02,186,104.8,77,16.0,99.27,-908,0,3,92,3.98,7097,16,-2.0317726,43.286163,186.09256,35.013127822927075,02:36.4,7,7199.613,0101000020E610000014F6E806124100C01F8414FDA0A44540,20230418_NISSAN_AZPEITIA_DONOSTIA_016,,d2,30:53.2,11:06.0,NISSAN_LEAF,Nissan Leaf e+ 62 kW,62000,174,03:54.6,6.9,11.2,10,N,-0.0061981928370191,-9.96829193675923,370,103,13.0,108.0,223.0,,,,26,326,44,8,1
18/04/2023 14:02,182,106.4,77,16.0,99.27,-908,0,3,92,1.92,7239,16,-2.0286262,43.28561,183.34404,35.275140737858415,02:45.4,7,7199.581,0101000020E61000007D758B54A03A00C00857CDD68EA44540,20230418_NISSAN_AZPEITIA_DONOSTIA_016,,d2,30:53.2,11:06.0,NISSAN_LEAF,Nissan Leaf e+ 62 kW,62000,174,03:54.6,6.9,11.2,10,N,-3.6083528893459,8.794472351942657,370,103,13.0,108.0,223.0,,,,26,326,44,8,1
18/04/2023 14:02,179,97.6,77,16.0,99.27,-914,0,3,92,-1.61,6794,16,-2.025543,43.286087,179.96806,35.53030202285217,02:54.5,7,7199.544,0101000020E6100000396FB6D34F3400C09EF0397D9EA44540,20230418_NISSAN_AZPEITIA_DONOSTIA_016,,d2,30:53.2,11:06.0,NISSAN_LEAF,Nissan Leaf e+ 62 kW,62000,174,03:54.6,6.9,11.2,10,N,-7.547708830120279,32.36898666138702,370,103,13.0,108.0,223.0,,,,26,326,44,25,1
18/04/2023 14:03,176,97.8,77,16.0,99.27,-930,13400,3,92,-1.55,6559,16,-2.023582,43.28733,176.80536999999998,35.7407967194152,03:02.5,7,7200.486,0101000020E61000007B12DDB44B3000C03F5F604AC7A44540,20230418_NISSAN_AZPEITIA_DONOSTIA_016,,d2,30:53.2,11:06.0,NISSAN_LEAF,Nissan Leaf e+ 62 kW,62000,174,03:54.6,6.9,11.2,10,N,-7.6122701986220545,32.817625322127505,370,103,13.0,108.0,223.0,,,,26,326,44,8,1
18/04/2023 14:03,170,100.1,77,16.0,99.27,-930,6360,3,92,-1.62,6830,16,-2.0213103,43.288795,171.73233000000002,35.98650276410856,03:11.6,7,7200.435,0101000020E610000052224DB9A42B00C0922ECB49F7A44540,20230418_NISSAN_AZPEITIA_DONOSTIA_016,,d2,30:53.2,11:06.0,NISSAN_LEAF,Nissan Leaf e+ 62 kW,62000,174,03:54.6,6.9,11.2,10,N,-4.234619677125127,12.21548746812834,370,103,13.0,108.0,223.0,,,,26,326,44,80,1
18/04/2023 14:03,164,71.0,77,16.0,99.27,-999,0,3,92,2.06,4785,16,-2.0186312,43.289375,165.01482,36.21283404776087,03:20.6,7,7200.386,0101000020E61000001821C310282600C0D54CD83B0AA54540,20230418_NISSAN_AZPEITIA_DONOSTIA_016,,d2,30:53.2,11:06.0,NISSAN_LEAF,Nissan Leaf e+ 62 kW,62000,174,03:54.6,6.9,11.2,10,N,-8.215806434577365,37.1851841118501,370,103,13.0,108.0,223.0,,,,26,326,44,90,1
18/04/2023 14:03,157,88.6,77,16.0,99.27,-999,5800,3,92,2.3,5617,16,-2.017056,43.29057,159.0431,36.397080630351,03:29.7,7,7200.331999999999,0101000020E610000075CA8230EE2200C0BDA1556131A54540,20230418_NISSAN_AZPEITIA_DONOSTIA_016,,d2,30:53.2,11:06.0,NISSAN_LEAF,Nissan Leaf e+ 62 kW,62000,174,03:54.6,6.9,11.2,10,N,-11.14553665035467,85.65271306064906,507,96,42.0,246.0,200.0,,,,19,460,47,45,1
18/04/2023 14:03,148,93.1,77,16.0,99.27,-999,18080,3,92,-1.58,6156,16,-2.016907,43.29253,149.2386,36.615576164280355,03:38.7,7,7200.286,0101000020E610000018A50420A02200C0521E159371A54540,20230418_NISSAN_AZPEITIA_DONOSTIA_016,,d2,30:53.2,11:06.0,NISSAN_LEAF,Nissan Leaf e+ 62 kW,62000,174,03:54.6,6.9,11.2,10,N,-10.33783661026698,57.37182444979389,507,96,42.0,246.0,200.0,,,,19,460,47,80,1
18/04/2023 14:03,136,91.3,77,16.0,99.27,-1008,0,3,92,-1.58,6170,16,-2.0157418000000003,43.29435,138.09753,36.83912220270499,03:47.7,7,7200.251,0101000020E61000008A1A13343D2000C01391324AADA54540,20230418_NISSAN_AZPEITIA_DONOSTIA_016,,d2,30:53.2,11:06.0,NISSAN_LEAF,Nissan Leaf e+ 62 kW,62000,174,03:54.6,6.9,11.2,10,N,-5.446870439333748,19.099497540620703,160,50,,,,59.0,101.0,0.0,0,135,25,25,1
18/04/2023 14:03,127,92.7,77,16.0,99.27,-1016,0,3,91,2.11,6200,16,-2.013186,43.295235,128.93034,37.06836637360217,03:56.8,7,7200.2,0101000020E6100000B10A9B42011B00C02DEDAD45CAA54540,20230418_NISSAN_AZPEITIA_DONOSTIA_016,,d2,30:53.2,11:06.0,NISSAN_LEAF,Nissan Leaf e+ 62 kW,62000,174,03:54.6,6.9,11.2,10,N,-7.580538966072673,32.59672053590203,507,96,42.0,246.0,200.0,,,,19,460,47,80,1
18/04/2023 14:04,119,92.6,77,16.0,99.27,-1027,6880,3,91,0.89,6143,16,-2.011092,43.296574,120.53,37.2941053148356,04:05.9,7,7200.133000000001,0101000020E6100000BF97536FB71600C0CA4CF414F6A54540,20230418_NISSAN_AZPEITIA_DONOSTIA_016,,d2,30:53.2,11:06.0,NISSAN_LEAF,Nissan Leaf e+ 62 kW,62000,174,03:54.6,6.9,11.2,10,N,-8.727587813818225,41.19185783878704,149,58,,,,34.0,106.0,9.0,0,137,12,45,1
18/04/2023 14:04,110,86.3,77,16.0,99.27,-1062,0,3,91,-0.19,5913,16,-2.0094512,43.29801,111.83884,37.50196184566429,04:13.9,7,7200.103,0101000020E61000009B0EAA1C5B1300C05A6E744D25A64540,20230418_NISSAN_AZPEITIA_DONOSTIA_016,,d2,30:53.2,11:06.0,NISSAN_LEAF,Nissan Leaf e+ 62 kW,62000,174,03:54.6,6.9,11.2,10,N,-5.731539219828068,20.7801049087527,149,58,,,,34.0,106.0,9.0,0,137,12,45,1
18/04/2023 14:04,101,90.5,77,16.0,99.27,-1072,1840,3,91,0.0,5964,16,-2.0070531000000003,43.29892,102.892914,37.72101021394901,04:22.9,7,7200.068,0101000020E61000009BF2D1E6710E00C091D53BF242A64540,20230418_NISSAN_AZPEITIA_DONOSTIA_016,,d2,30:53.2,11:06.0,NISSAN_LEAF,Nissan Leaf e+ 62 kW,62000,174,03:54.6,6.9,11.2,10,N,-1.958262859290604,0.069632267968528,149,58,,,,34.0,106.0,9.0,0,137,12,90,1
18/04/2023 14:04,94,92.5,77,16.0,99.27,-1072,0,3,91,2.53,6215,16,-2.0045846000000003,43.298923,95.05575,37.92093017914422,04:31.0,7,7200.022,0101000020E610000042F90E9B630900C0531F391F43A64540,20230418_NISSAN_AZPEITIA_DONOSTIA_016,,d2,30:53.2,11:06.0,NISSAN_LEAF,Nissan Leaf e+ 62 kW,62000,174,05:05.9,6.9,11.2,10,N,1.852957224044879,-19.52294749958618,149,58,,,,34.0,106.0,9.0,0,137,12,25,1
18/04/2023 14:04,84,100.7,77,16.0,99.27,-1072,18480,3,91,2.8,6690,16,-2.0019617,43.297993,84.98469,38.157257786674336,04:40.0,7,7199.971,0101000020E61000009D4A1073040400C013F8DCA724A64540,20230418_NISSAN_AZPEITIA_DONOSTIA_016,,d2,30:53.2,11:06.0,NISSAN_LEAF,Nissan Leaf e+ 62 kW,62000,174,05:05.9,6.9,11.2,10,N,5.679660446642022,-40.471688149231376,149,58,,,,34.0,106.0,9.0,0,137,12,8,1
18/04/2023 14:04,82,89.0,77,16.0,99.27,-1072,19640,3,90,-3.09,6432,16,-2.00024,43.296524,82.49497,38.371971385192595,04:48.1,7,7199.936,0101000020E6100000B6EEDDDF7D0000C0DD326F81F4A54540,20230418_NISSAN_AZPEITIA_DONOSTIA_016,,d2,30:53.2,11:06.0,NISSAN_LEAF,Nissan Leaf e+ 62 kW,62000,174,05:05.9,6.9,11.2,10,N,3.1076159499121583,-26.10900841462608,149,58,,,,34.0,106.0,9.0,0,137,12,80,1
18/04/2023 14:04,77,78.4,77,16.0,99.27,-1097,0,3,90,-0.83,5196,16,-1.9981159,43.295483,77.66526,38.57927080176852,04:57.1,7,7199.892,0101000020E610000008D49D6148F8FFBF309D9C65D2A54540,20230418_NISSAN_AZPEITIA_DONOSTIA_016,,d2,30:53.2,11:06.0,NISSAN_LEAF,Nissan Leaf e+ 62 kW,62000,174,05:05.9,6.9,11.2,10,N,-4.236261820424823,12.224562065174656,149,58,,,,34.0,106.0,9.0,0,137,12,80,1
18/04/2023 14:05,74,85.2,77,16.0,99.27,-1097,16400,3,90,3.2,5543,16,-1.9955127,43.296047,74.65975999999999,38.79910519590995,05:06.2,7,7199.821,0101000020E6100000FACDF7C79EEDFFBF29B1E7E4E4A54540,20230418_NISSAN_AZPEITIA_DONOSTIA_016,,d2,30:53.2,11:06.0,NISSAN_LEAF,Nissan Leaf e+ 62 kW,62000,174,05:05.9,6.9,11.2,10,N,-6.5583876338612495,25.843291043186053,149,58,,,,34.0,106.0,9.0,0,137,12,80,1
18/04/2023 14:05,74,89.3,77,16.0,99.27,-1097,26520,3,90,4.28,6024,16,-1.9933304,43.297104,74.255196,39.011251138869184,05:15.2,7,7199.783,0101000020E6100000C791D45AAEE4FFBF21EA458607A64540,20230418_NISSAN_AZPEITIA_DONOSTIA_016,,d2,30:53.2,11:06.0,NISSAN_LEAF,Nissan Leaf e+ 62 kW,62000,174,05:05.9,6.9,11.2,10,N,-4.117885329703838,11.571889024105726,149,58,,,,34.0,106.0,9.0,0,137,12,80,1
18/04/2023 14:05,72,92.9,77,16.0,99.27,-1097,28560,4,90,-0.5,5860,16,-1.9915234,43.297474,72.50305,39.163175805616696,05:24.3,7,7199.721,0101000020E610000055D774A347DDFFBF40D4E59E13A64540,20230418_NISSAN_AZPEITIA_DONOSTIA_016,,d2,30:53.2,11:06.0,NISSAN_LEAF,Nissan Leaf e+ 62 kW,62000,174,05:05.9,6.9,11.2,10,N,-0.9698020520130404,-5.032568226761992,149,58,,,,34.0,106.0,9.0,0,137,12,40,1
18/04/2023 14:05,107,82.9,77,16.0,99.27,-1097,17000,4,91,-1.55,5820,16,-1.9881394,43.297176,139.81906,39.44712880557486,05:32.3,7,7199.722,0101000020E6100000701A20476BCFFFBF8274D6E009A64540,20230418_NISSAN_AZPEITIA_DONOSTIA_016,,d2,30:53.2,11:06.0,NISSAN_LEAF,Nissan Leaf e+ 62 kW,62000,174,05:05.9,6.9,11.2,10,N,-3.017544770662086,5.62997297507211,507,96,42.0,246.0,200.0,,,,19,460,47,80,2
18/04/2023 14:05,77,81.2,77,16.0,99.27,-1123,5360,3,91,-0.48,5391,16,-1.9858874,43.297398,77.9546,39.641169494000415,05:41.3,7,7199.675,0101000020E610000088C6F8E931C6FFBFF9731B2711A64540,20230418_NISSAN_AZPEITIA_DONOSTIA_016,,d2,30:53.2,11:06.0,NISSAN_LEAF,Nissan Leaf e+ 62 kW,62000,174,05:05.9,6.9,11.2,10,N,-4.4696527137191095,13.520435921979896,507,96,42.0,246.0,200.0,,,,19,460,47,80,2
18/04/2023 14:05,75,81.3,77,16.0,99.27,-1137,0,3,91,-1.52,5566,16,-1.9833963,43.297997,75.46345500000001,39.85350105148429,05:50.4,7,7199.625,0101000020E6100000104DBDB7FDBBFFBF7AAA15B424A64540,20230418_NISSAN_AZPEITIA_DONOSTIA_016,,d2,30:53.2,11:06.0,NISSAN_LEAF,Nissan Leaf e+ 62 kW,62000,174,05:05.9,6.9,11.2,10,N,-3.5648140252230966,8.559359472113412,149,58,,,,34.0,106.0,9.0,0,137,12,80,2
18/04/2023 14:05,73,77.8,77,16.0,99.27,-1164,0,3,91,-1.48,5312,16,-1.9812702,43.298317,74.1642,40.02920570043971,05:58.4,7,7199.575,0101000020E6100000D824B15448B3FFBF420E6E312FA64540,20230418_NISSAN_AZPEITIA_DONOSTIA_016,,d2,30:53.2,11:06.0,NISSAN_LEAF,Nissan Leaf e+ 62 kW,62000,174,05:05.9,6.9,11.2,10,N,-0.8220835189811617,-5.790686308655456,25,105,,,,0.0,1.0,20.0,4,23,2,80,1
18/04/2023 14:06,70,85.2,77,15.500001,99.27,-1176,13320,3,90,0.67,5418,16,-1.9789332,43.29808,70.94355,40.22018656423968,06:07.5,7,7199.536,0101000020E61000002CAF94DDB5A9FFBFF1A0367727A64540,20230418_NISSAN_AZPEITIA_DONOSTIA_016,,d2,30:53.2,11:06.0,NISSAN_LEAF,Nissan Leaf e+ 62 kW,62000,174,05:05.9,6.9,11.2,10,N,0.4219373136928919,-12.159013340143565,25,105,,,,0.0,1.0,20.0,4,23,2,80,1
18/04/2023 14:06,77,76.5,77,15.500001,99.27,-1176,14480,3,90,3.86,5327,16,-1.9764919,43.297554,76.49704,40.426305528219366,06:16.5,7,7200.495,0101000020E6100000523BEEF0B59FFFBFE0235C3716A64540,20230418_NISSAN_AZPEITIA_DONOSTIA_016,,d2,30:53.2,11:06.0,NISSAN_LEAF,Nissan Leaf e+ 62 kW,62000,174,05:05.9,6.9,11.2,10,N,-1.5709851851476466,-1.9367302682040612,25,105,,,,0.0,1.0,20.0,4,23,2,90,1
18/04/2023 14:06,86,77.6,77,15.500001,99.27,-1176,24320,3,91,3.64,5418,16,-1.9741261000000003,43.297474,85.23455,40.618170463865646,06:25.5,7,7200.456999999999,0101000020E6100000C8F1E5300596FFBF3AC7EAA413A64540,20230418_NISSAN_AZPEITIA_DONOSTIA_016,,d2,30:53.2,11:06.0,NISSAN_LEAF,Nissan Leaf e+ 62 kW,62000,174,05:05.9,6.9,11.2,10,N,-2.0134142309107617,0.356312443434262,25,105,,,,0.0,1.0,20.0,4,23,2,90,1
18/04/2023 14:06,97,62.5,77,15.500001,99.27,-1176,0,3,90,-1.34,4714,16,-1.9715533,43.29749,96.129654,40.826674446082684,06:35.6,7,7200.417,0101000020E6100000123B95787B8BFFBF80903D2014A64540,20230418_NISSAN_AZPEITIA_DONOSTIA_016,,d2,30:53.2,11:06.0,NISSAN_LEAF,Nissan Leaf e+ 62 kW,62000,174,05:05.9,6.9,11.2,10,N,3.974736215267236,-30.786528965381795,25,105,,,,0.0,1.0,20.0,4,23,2,90,1
18/04/2023 14:06,100,46.9,77,15.500001,99.27,-1191,0,3,91,4.61,3215,16,-1.9704959,43.29686,99.138275,40.93730583069848,06:43.6,7,7200.389,0101000020E6100000B33670B72687FFBF7CDDC683FFA54540,20230418_NISSAN_AZPEITIA_DONOSTIA_016,,d2,30:53.2,11:06.0,NISSAN_LEAF,Nissan Leaf e+ 62 kW,62000,174,05:05.9,6.9,11.2,10,N,8.856396929328882,-62.25562983053476,25,105,,,,0.0,1.0,20.0,4,23,2,90,1
18/04/2023 14:06,107,59.9,77,15.500001,99.27,-1191,20480,3,91,1.92,3899,16,-1.9699173,43.29576,106.392426,41.06847785104853,06:52.7,7,7200.339,0101000020E610000076A925F8C784FFBF16EF947BDBA54540,20230418_NISSAN_AZPEITIA_DONOSTIA_016,,d2,30:53.2,11:06.0,NISSAN_LEAF,Nissan Leaf e+ 62 kW,62000,174,05:05.9,6.9,11.2,10,N,10.395040290341388,-78.1449516298325,25,105,,,,0.0,1.0,20.0,4,23,2,8,1
18/04/2023 14:07,113,44.0,77,15.500001,99.27,-1192,0,3,91,1.92,3319,16,-1.9696738,43.2946,112.38424,41.19909819461156,07:00.7,7,7200.295999999999,0101000020E6100000CC1FF497C883FFBF36568688B5A54540,20230418_NISSAN_AZPEITIA_DONOSTIA_016,,d2,30:53.2,11:06.0,NISSAN_LEAF,Nissan Leaf e+ 62 kW,62000,174,08:54.7,6.9,11.2,10,N,7.319816839120732,-149.1898213236735,25,105,,,,0.0,1.0,20.0,4,23,2,8,1
18/04/2023 14:07,120,52.1,77,15.500001,99.27,-1192,21640,3,91,4.56,3371,16,-1.970586,43.294056,119.39903,41.294798669507685,07:09.8,7,7200.236,0101000020E6100000924D7B2B8587FFBF6E00B995A3A54540,20230418_NISSAN_AZPEITIA_DONOSTIA_016,,d2,30:53.2,11:06.0,NISSAN_LEAF,Nissan Leaf e+ 62 kW,62000,174,08:54.7,6.9,11.2,10,N,5.922264557262439,-158.07736925536136,25,105,,,,0.0,1.0,20.0,4,23,2,45,1
18/04/2023 14:07,127,42.1,76,15.500001,99.27,-1192,12440,3,92,-2.25,2868,16,-1.9716445,43.29363,127.18375,41.39299913650652,07:18.8,7,7200.176,0101000020E6100000C94D091CDB8BFFBFEFCD22A495A54540,20230418_NISSAN_AZPEITIA_DONOSTIA_016,,d2,30:53.2,11:06.0,NISSAN_LEAF,Nissan Leaf e+ 62 kW,62000,174,08:54.7,6.9,11.2,10,N,10.944407606792442,-112.26399511735012,25,105,,,,0.0,1.0,20.0,4,23,2,30,1
18/04/2023 14:07,133,34.3,76,15.500001,99.27,-1193,6600,3,92,1.09,2359,16,-1.9719495,43.292885,132.36102,41.47959384302153,07:27.9,7,7200.138000000001,0101000020E6100000D1FFFAD01A8DFFBF16FFC8457DA54540,20230418_NISSAN_AZPEITIA_DONOSTIA_016,,d2,30:53.2,11:06.0,NISSAN_LEAF,Nissan Leaf e+ 62 kW,62000,174,08:54.7,6.9,11.2,10,N,10.195207994054307,-124.45503618659924,25,105,,,,0.0,1.0,20.0,4,23,2,25,1
18/04/2023 14:07,138,40.6,76,15.500001,99.27,-1193,14280,3,92,5.31,2325,16,-1.9723303,43.29233,137.42819,41.548760716662095,07:35.9,7,7200.106,0101000020E61000002D4E714CAA8EFFBF1CCBB71E6BA54540,20230418_NISSAN_AZPEITIA_DONOSTIA_016,,d2,30:53.2,11:06.0,NISSAN_LEAF,Nissan Leaf e+ 62 kW,62000,174,08:54.7,6.9,11.2,10,N,5.990027704645492,-157.6680303165438,25,105,,,,0.0,1.0,20.0,4,23,2,30,1
18/04/2023 14:07,141,40.2,76,15.500001,99.27,-1193,5120,3,92,0.22,2567,16,-1.9734136,43.291885,141.58235,41.64952262996014,07:44.9,7,7200.053000000001,0101000020E610000020D29C1F1A93FFBF67181F745CA54540,20230418_NISSAN_AZPEITIA_DONOSTIA_016,,d2,30:53.2,11:06.0,NISSAN_LEAF,Nissan Leaf e+ 62 kW,62000,174,08:54.7,6.9,11.2,10,N,6.230159961548846,-156.20216037558538,25,105,,,,0.0,1.0,20.0,4,23,2,55,1
18/04/2023 14:07,145,36.2,76,15.500001,99.27,-1193,0,3,92,-3.42,2907,16,-1.9745451,43.291386,144.84528,41.75664897480705,07:54.0,7,7200.013000000001,0101000020E61000003D930DA6BC97FFBFE526702E4CA54540,20230418_NISSAN_AZPEITIA_DONOSTIA_016,,d2,30:53.2,11:06.0,NISSAN_LEAF,Nissan Leaf e+ 62 kW,62000,174,08:54.7,6.9,11.2,10,N,5.009874735718847,-163.42875746855822,25,105,,,,0.0,1.0,20.0,4,23,2,55,1
18/04/2023 14:08,147,39.4,76,15.500001,99.27,-1197,10440,3,91,5.31,2337,16,-1.9753382,43.29115,146.94444,41.826028190443196,08:02.0,7,7199.98,0101000020E610000029BFB737FC9AFFBF72BCCD5844A54540,20230418_NISSAN_AZPEITIA_DONOSTIA_016,,d2,30:53.2,11:06.0,NISSAN_LEAF,Nissan Leaf e+ 62 kW,62000,174,08:54.7,6.9,11.2,10,N,7.230899526303686,-149.78812105708698,25,105,,,,0.0,1.0,20.0,4,23,2,40,1
18/04/2023 14:08,151,53.2,76,15.500001,99.27,-1197,6600,3,91,2.52,3494,16,-1.976506,43.29047,150.97249,41.94713619824816,08:11.1,7,7199.941,0101000020E6100000EB6D69B7C49FFFBF120B3B1B2EA54540,20230418_NISSAN_AZPEITIA_DONOSTIA_016,,d2,30:53.2,11:06.0,NISSAN_LEAF,Nissan Leaf e+ 62 kW,62000,174,08:54.7,6.9,11.2,10,N,6.225914610373184,-156.2282908978768,25,105,,,,0.0,1.0,20.0,4,23,2,8,1
18/04/2023 14:08,153,40.7,76,15.500001,99.27,-1197,0,3,91,-1.08,3252,16,-1.9778455,43.28988,153.65216,42.07388493134828,08:20.1,7,7199.891,0101000020E6100000E203055841A5FFBF9E9AC8BC1AA54540,20230418_NISSAN_AZPEITIA_DONOSTIA_016,,d2,30:53.2,11:06.0,NISSAN_LEAF,Nissan Leaf e+ 62 kW,62000,174,08:54.7,6.9,11.2,10,N,2.880981945484596,-175.0942051208217,25,105,,,,0.0,1.0,20.0,4,23,2,25,1
18/04/2023 14:08,157,30.7,76,15.500001,99.27,-1201,16960,3,91,0.0,1987,16,-1.9787426,43.289803000000006,156.91599,42.14707043343775,08:28.2,7,7199.821,0101000020E6100000A7543A08EEA8FFBF5C37183918A54540,20230418_NISSAN_AZPEITIA_DONOSTIA_016,,d2,30:53.2,11:06.0,NISSAN_LEAF,Nissan Leaf e+ 62 kW,62000,174,08:54.7,6.9,11.2,10,N,8.615620378965382,-139.7132496371316,25,105,,,,0.0,1.0,20.0,4,23,2,55,2
18/04/2023 14:08,160,46.5,76,15.500001,99.27,-1201,17080,3,91,5.58,2955,16,-1.9794811,43.289177,160.77868999999998,42.238901963540286,08:37.2,7,7199.781,0101000020E61000002AC7D068F4ABFFBF6CD6F7CD03A54540,20230418_NISSAN_AZPEITIA_DONOSTIA_016,,d2,30:53.2,11:06.0,NISSAN_LEAF,Nissan Leaf e+ 62 kW,62000,174,08:54.7,6.9,11.2,10,N,10.367636838551087,-122.2286006519282,25,105,,,,0.0,1.0,20.0,4,23,2,8,2
18/04/2023 14:08,166,60.7,76,15.500001,99.27,-1201,1640,3,92,3.03,4111,16,-1.9801979,43.28804,166.59381000000002,42.37812862028822,08:46.3,7,7199.733,0101000020E610000077608CFEE3AEFFBF66C1D87EDEA44540,20230418_NISSAN_AZPEITIA_DONOSTIA_016,,d2,30:53.2,11:06.0,NISSAN_LEAF,Nissan Leaf e+ 62 kW,62000,174,08:54.7,6.9,11.2,10,N,10.754787739484769,-116.20919390462734,25,105,,,,0.0,1.0,20.0,4,23,2,25,2
18/04/2023 14:08,172,47.6,76,15.500001,99.27,-1201,10240,3,92,3.36,3538,16,-1.9807576,43.286903,172.16612,42.51254438549606,08:55.3,7,7199.701999999999,0101000020E61000007F42DAD02EB1FFBFAC25D738B9A44540,20230418_NISSAN_AZPEITIA_DONOSTIA_016,,d2,30:53.2,11:06.0,NISSAN_LEAF,Nissan Leaf e+ 62 kW,62000,174,08:54.7,6.9,11.2,10,N,2.8262122703233867,-175.3839527791678,25,105,,,,0.0,1.0,20.0,4,23,2,8,2
18/04/2023 14:09,177,43.3,76,15.500001,99.27,-1201,2200,3,92,-1.05,2877,16,-1.9820333,43.2868,177.0594,42.61655067244616,09:04.3,7,7199.665,0101000020E6100000A8DF198168B6FFBFE22A67DDB5A44540,20230418_NISSAN_AZPEITIA_DONOSTIA_016,,d2,30:53.2,11:06.0,NISSAN_LEAF,Nissan Leaf e+ 62 kW,62000,174,08:54.7,6.9,11.2,10,N,-6.755773211582881,132.90100218663065,507,96,42.0,246.0,200.0,,,,19,460,47,25,2
18/04/2023 14:09,180,23.1,76,15.500001,99.27,-1204,0,3,91,-0.8,2165,16,-1.9826615,43.287476,180.41069,42.70736314060393,09:13.4,7,7199.593000000001,0101000020E61000009C57453EFBB8FFBF5137840CCCA44540,20230418_NISSAN_AZPEITIA_DONOSTIA_016,,d2,30:53.2,11:06.0,NISSAN_LEAF,Nissan Leaf e+ 62 kW,62000,174,08:54.7,6.9,11.2,10,N,-9.565038052346944,111.34822515272457,507,96,42.0,246.0,200.0,,,,19,460,47,25,2
18/04/2023 14:09,182,25.1,76,15.500001,99.27,-1206,0,3,91,-2.48,1673,16,-1.9828538,43.287968,182.62218,42.76428513205446,09:22.5,7,7199.548000000001,0101000020E6100000B7DF1FD3C4B9FFBF9622F528DCA44540,20230418_NISSAN_AZPEITIA_DONOSTIA_016,,d2,30:53.2,11:06.0,NISSAN_LEAF,Nissan Leaf e+ 62 kW,62000,174,08:54.7,6.9,11.2,10,N,-11.196551987768803,81.42175302241412,507,96,42.0,246.0,200.0,,,,19,460,47,25,2
18/04/2023 14:09,179,34.9,76,15.500001,99.27,-1209,960,3,90,-0.94,2162,16,-1.9827826,43.28844,179.6774,42.817166642672355,09:30.5,7,7200.5,0101000020E61000001B854D417AB9FFBFEDE0769FEBA44540,20230418_NISSAN_AZPEITIA_DONOSTIA_016,,d2,30:53.2,11:06.0,NISSAN_LEAF,Nissan Leaf e+ 62 kW,62000,174,10:05.0,6.9,11.2,10,N,-11.187998174811218,77.34728216600476,507,96,42.0,246.0,200.0,,,,19,460,47,25,2
18/04/2023 14:09,176,34.1,76,15.500001,99.27,-1215,0,3,89,-4.05,2428,16,-1.9826277,43.28913,177.34006000000002,42.89494390049232,09:38.6,7,7200.4490000000005,0101000020E6100000FF6C28E4D7B8FFBFFCBDB14402A54540,20230418_NISSAN_AZPEITIA_DONOSTIA_016,,d2,30:53.2,11:06.0,NISSAN_LEAF,Nissan Leaf e+ 62 kW,62000,174,10:05.0,6.9,11.2,10,N,-8.12983447259747,123.45805734606068,507,96,42.0,246.0,200.0,,,,19,460,47,25,2
18/04/2023 14:09,175,21.6,76,15.500001,99.27,-1235,0,3,89,-3.55,1833,16,-1.9830242,43.28973,175.48481999999998,42.969001332408624,09:47.6,7,7200.401,0101000020E610000059D7989C77BAFFBF46AE26DA15A54540,20230418_NISSAN_AZPEITIA_DONOSTIA_016,,d2,30:53.2,11:06.0,NISSAN_LEAF,Nissan Leaf e+ 62 kW,62000,174,10:05.0,6.9,11.2,10,N,-7.258594118506096,129.6023428725003,507,96,42.0,246.0,200.0,,,,19,460,47,25,2
18/04/2023 14:09,173,0.0,76,15.500001,99.27,-1248,0,3,89,0.0,0,16,-1.9832451,43.289997,173.764,43.003701009608946,09:56.6,7,7200.37,0101000020E6100000A9F6B54D5FBBFFBF1EF4D0AD1EA54540,20230418_NISSAN_AZPEITIA_DONOSTIA_016,,d2,30:53.2,11:06.0,NISSAN_LEAF,Nissan Leaf e+ 62 kW,62000,174,10:05.0,6.9,11.2,10,N,1.9448595898696184,180.0,507,96,42.0,246.0,200.0,,,,19,460,47,25,2
18/04/2023 14:10,171,11.0,76,15.500001,99.27,-1248,440,3,88,5.28,126,16,-1.9832457,43.289997,172.1294,43.00533633083203,10:04.7,7,7200.331,0101000020E6100000BADB98D75FBBFFBF807242A71EA54540,20230418_NISSAN_AZPEITIA_DONOSTIA_016,,d2,30:53.2,11:06.0,NISSAN_LEAF,Nissan Leaf e+ 62 kW,62000,174,10:05.0,6.9,11.2,10,N,-8.04942599204115,124.05284898793532,507,96,42.0,246.0,200.0,,,,19,460,47,25,2
18/04/2023 14:10,168,27.1,76,15.500001,99.27,-1248,6080,3,88,2.09,1634,16,-1.983464,43.29032,168.61905,43.04551670002204,10:13.7,7,7200.29,0101000020E6100000A45BF2B544BCFFBF2AC2544429A54540,20230418_NISSAN_AZPEITIA_DONOSTIA_016,,d2,30:53.2,11:06.0,NISSAN_LEAF,Nissan Leaf e+ 62 kW,62000,174,10:05.0,6.9,11.2,10,N,-7.205720383318895,129.9565844149943,507,96,42.0,246.0,200.0,,,,19,460,47,25,2
18/04/2023 14:10,167,42.5,76,15.500001,99.27,-1248,5320,3,88,0.7,2721,16,-1.9839382,43.290886,167.30966,43.11924424293134,10:21.8,7,7200.2390000000005,0101000020E6100000922C870736BEFFBFA29C4DC83BA54540,20230418_NISSAN_AZPEITIA_DONOSTIA_016,,d2,30:53.2,11:06.0,NISSAN_LEAF,Nissan Leaf e+ 62 kW,62000,174,10:05.0,6.9,11.2,10,N,-8.521434963652432,120.46148094572771,507,96,42.0,246.0,200.0,,,,19,460,47,25,2
18/04/2023 14:10,163,29.7,76,15.500001,99.27,-1264,0,3,87,1.53,2058,16,-1.9844093,43.291687,163.81052,43.216192806497766,10:30.8,7,7200.205,0101000020E6100000281490FB23C0FFBFB0F44C0956A54540,20230418_NISSAN_AZPEITIA_DONOSTIA_016,,d2,30:53.2,11:06.0,NISSAN_LEAF,Nissan Leaf e+ 62 kW,62000,174,10:05.0,6.9,11.2,10,N,-9.583522792647145,111.16598173689488,507,96,42.0,246.0,200.0,,,,19,460,47,25,2
18/04/2023 14:10,161,44.7,76,15.500001,99.27,-1264,0,3,87,1.72,3091,16,-1.9847388,43.292538,161.49698,43.31453297317808,10:39.8,7,7200.165,0101000020E6100000941E97847DC1FFBFF66278DC71A54540,20230418_NISSAN_AZPEITIA_DONOSTIA_016,,d2,30:53.2,11:06.0,NISSAN_LEAF,Nissan Leaf e+ 62 kW,62000,174,10:05.0,6.9,11.2,10,N,-9.476731477069654,112.2060666298252,507,96,42.0,246.0,200.0,,,,19,460,47,25,2
18/04/2023 14:10,158,30.0,76,15.500001,99.27,-1281,0,3,87,-0.89,2183,16,-1.9850866000000005,43.29339,158.35454,43.41341439607476,10:48.9,7,7200.1,0101000020E61000003E2C9D21EAC2FFBF0047A5CC8DA54540,20230418_NISSAN_AZPEITIA_DONOSTIA_016,,d2,30:53.2,11:06.0,NISSAN_LEAF,Nissan Leaf e+ 62 kW,62000,174,10:05.0,6.9,11.2,10,N,0.9081302345532448,174.65082257094008,507,96,42.0,246.0,200.0,,,,19,460,47,25,2
18/04/2023 14:10,155,23.5,76,15.500001,99.27,-1284,4160,3,87,3.09,1598,16,-1.9858342,43.29346,155.40889,43.474489874099866,10:58.0,7,7200.042,0101000020E6100000ED40EF2AFAC5FFBF06C0931990A54540,20230418_NISSAN_AZPEITIA_DONOSTIA_016,,d2,30:53.2,11:06.0,NISSAN_LEAF,Nissan Leaf e+ 62 kW,62000,174,10:05.0,6.9,11.2,10,N,,,507,96,42.0,246.0,200.0,,,,19,460,47,25,2
