timestamp_data_utc,elv_spy,speed,soc,amb_temp,soh,regenwh,Motor Pwr(w),Aux Pwr(100w),Motor Temp,Torque Nm,rpm,route_id,longitude,latitude,altitude,cumul_dist,timestamp_gps_utc,car_id,time_diff,point_geom,route_code,route_description,driver,start_timestamp,end_timestamp,car_code,car_description,capacity,ref_consumption,timestamp_weather_utc,wind_mph,wind_kph,wind_degree,wind_dir,Frontal_Wind,Veh_deg,totalVehicles,speedAvg,cars_by_speed_interval_0_80,cars_by_speed_interval_80_100,cars_by_speed_interval_100_120,cars_by_speed_interval_0_50,cars_by_speed_interval_50_80,cars_by_speed_interval_80_120,cars_by_speed_interval_120_inf,cars_by_length_interval_0_7,cars_by_length_interval_7_inf,max_speed,radius
20/04/2023 09:11,66,5.5,81,23.500002,99.25,0,600,3,76,0.92,504,48,-1.9680548,43.267006,66.016785,0.0,11:14.9,7,7200.051,0101000020E6100000D4F79F07277DFFBF7A5CC4462DA24540,20230420_NISSAN_HERNANI_EIBAR_048,,d3,11:14.5,07:44.5,NISSAN_LEAF,Nissan Leaf e+ 62 kW,62000,174,09:51.9,2.2,3.6,315,NW,-1.5226324749918578,70.02119302625219,477,93,,,,0.0,102.0,373.0,2,336,141,55,1
20/04/2023 09:11,66,20.6,81,23.500002,99.25,0,6120,3,76,1.45,1094,48,-1.9680159,43.267113,66.65429,0.012324198148718404,11:24.0,7,7199.960999999999,0101000020E61000009DB0FA46FE7CFFBF27C1BBCD30A24540,20230420_NISSAN_HERNANI_EIBAR_048,,d3,11:14.5,07:44.5,NISSAN_LEAF,Nissan Leaf e+ 62 kW,62000,174,09:51.9,2.2,3.6,315,NW,-3.276391368316073,159.47962075866826,477,93,,,,0.0,102.0,373.0,2,336,141,55,1
20/04/2023 09:11,65,27.5,81,23.500002,99.25,0,7440,3,76,4.25,948,48,-1.9684033,43.267258,66.02202,0.04759820576666167,11:32.1,7,7199.9,0101000020E6100000E72B5383947EFFBF6E282F8F35A24540,20230420_NISSAN_HERNANI_EIBAR_048,,d3,11:14.5,07:44.5,NISSAN_LEAF,Nissan Leaf e+ 62 kW,62000,174,09:51.9,2.2,3.6,315,NW,-2.926196187811423,170.62641744373929,477,93,,,,0.0,102.0,373.0,2,336,141,55,1
20/04/2023 09:11,66,26.6,81,23.0,99.25,0,2880,3,77,2.12,1788,48,-1.9690212,43.26736,66.308266,0.0988987154094315,11:41.2,7,7199.8,0101000020E6100000FF4E6A641C81FFBFAB7101D238A24540,20230420_NISSAN_HERNANI_EIBAR_048,,d3,11:14.5,07:44.5,NISSAN_LEAF,Nissan Leaf e+ 62 kW,62000,174,09:51.9,2.2,3.6,315,NW,-2.672236778238268,177.07331600681127,477,93,,,,0.0,102.0,373.0,2,336,141,55,1
20/04/2023 09:11,68,42.6,81,23.0,99.25,0,11840,3,77,4.47,2692,48,-1.9699992,43.26741,68.45756,0.17830948158870677,11:50.3,7,7199.749,0101000020E6100000D5B1BBDD1D85FFBF439B188C3AA24540,20230420_NISSAN_HERNANI_EIBAR_048,,d3,11:14.5,07:44.5,NISSAN_LEAF,Nissan Leaf e+ 62 kW,62000,174,13:37.1,2.2,3.6,315,NW,-2.9115165881787943,171.02556890735292,477,93,,,,0.0,102.0,373.0,2,336,141,8,1
20/04/2023 09:11,72,50.4,81,23.0,99.25,0,11280,3,78,2.38,3452,48,-1.9713036,43.267616,71.88471,0.28643374487387957,11:58.3,7,7199.706999999999,0101000020E6100000E63310A6758AFFBF4F24993341A24540,20230420_NISSAN_HERNANI_EIBAR_048,,d3,11:14.5,07:44.5,NISSAN_LEAF,Nissan Leaf e+ 62 kW,62000,174,13:37.1,2.2,3.6,315,NW,-2.8593515151342963,172.41417702061025,477,93,,,,0.0,102.0,373.0,2,336,141,25,1
20/04/2023 09:12,74,49.0,81,23.0,99.25,0,7040,3,78,-1.14,3541,48,-1.9728354,43.26782,74.93775,0.4125541717158745,12:07.4,7,7199.630999999999,0101000020E6100000CAC824DEBB90FFBF4A19ADDD47A24540,20230420_NISSAN_HERNANI_EIBAR_048,,d3,11:14.5,07:44.5,NISSAN_LEAF,Nissan Leaf e+ 62 kW,62000,174,13:37.1,2.2,3.6,315,NW,-2.88479796875952,171.7424384376025,477,93,,,,0.0,102.0,373.0,2,336,141,25,2
20/04/2023 09:12,79,12.3,81,23.0,99.25,-25,0,3,79,-0.58,1403,48,-1.9738483,43.267967,79.01297,0.49627829820553837,12:16.4,7,7199.564,0101000020E6100000F6900FF1E194FFBFB2D770CA4CA24540,20230420_NISSAN_HERNANI_EIBAR_048,,d3,11:14.5,07:44.5,NISSAN_LEAF,Nissan Leaf e+ 62 kW,62000,174,13:37.1,2.2,3.6,315,NW,-1.954646040987873,77.88517836577209,477,93,,,,0.0,102.0,373.0,2,336,141,55,2
20/04/2023 09:12,80,26.3,81,23.0,99.25,-28,3240,3,79,-0.73,1529,48,-1.9737897,43.268240000000006,80.35495999999999,0.5270323650306831,12:24.5,7,7200.48,0101000020E610000073E30A8BA494FFBFA2FBCCC155A24540,20230420_NISSAN_HERNANI_EIBAR_048,,d3,11:14.5,07:44.5,NISSAN_LEAF,Nissan Leaf e+ 62 kW,62000,174,13:37.1,2.2,3.6,315,NW,-0.8954968872294058,59.403504807085696,477,93,,,,0.0,102.0,373.0,2,336,141,25,2
20/04/2023 09:12,77,8.1,81,23.0,99.25,-46,0,3,80,-1.83,782,48,-1.973565,43.26862,77.78676999999999,0.5731083340935983,12:32.6,7,7200.445,0101000020E6100000F9F12BE0B893FFBF10A2FD1162A24540,20230420_NISSAN_HERNANI_EIBAR_048,,d3,11:14.5,07:44.5,NISSAN_LEAF,Nissan Leaf e+ 62 kW,62000,174,13:37.1,2.2,3.6,315,NW,-0.0253377589619628,45.40326628806017,477,93,,,,0.0,102.0,373.0,2,336,141,25,2
20/04/2023 09:12,76,10.1,81,22.5,99.25,-49,0,3,80,-0.14,758,48,-1.9733816,43.268806,76.726105,0.5985912673057816,12:42.6,7,7200.394,0101000020E610000067B4329CF892FFBF44E9E84F68A24540,20230420_NISSAN_HERNANI_EIBAR_048,,d3,11:14.5,07:44.5,NISSAN_LEAF,Nissan Leaf e+ 62 kW,62000,174,13:37.1,2.2,3.6,315,NW,0.4797624347967686,37.34155935324917,477,93,,,,0.0,102.0,373.0,2,336,141,25,2
20/04/2023 09:12,75,0.0,81,22.5,99.25,-49,0,3,80,0.0,0,48,-1.9732715,43.26889,75.47861999999999,0.611562956894688,12:51.7,7,7200.335999999999,0101000020E610000015DC28208592FFBF488BBD0B6BA24540,20230420_NISSAN_HERNANI_EIBAR_048,,d3,11:14.5,07:44.5,NISSAN_LEAF,Nissan Leaf e+ 62 kW,62000,174,13:37.1,2.2,3.6,315,NW,0.8598312770329949,31.181794387075904,477,93,,,,0.0,102.0,373.0,2,336,141,25,2
20/04/2023 09:13,75,3.1,81,22.5,99.25,-49,640,3,80,1.03,150,48,-1.9732021,43.268932,75.85557,0.6188791277732846,13:00.7,7,7200.267,0101000020E61000009F0BE9513C92FFBF5BC76A6E6CA24540,20230420_NISSAN_HERNANI_EIBAR_048,,d3,11:14.5,07:44.5,NISSAN_LEAF,Nissan Leaf e+ 62 kW,62000,174,13:37.1,2.2,3.6,315,NW,0.6431903674056166,34.70804927426704,477,93,,,,0.0,102.0,373.0,2,336,141,25,2
20/04/2023 09:13,74,12.1,81,22.5,99.25,-49,40,3,80,-2.56,724,48,-1.9730635,43.269028000000006,74.83548,0.6344007440770971,13:09.8,7,7200.215,0101000020E6100000E112C5FBAA91FFBFF726338B6FA24540,20230420_NISSAN_HERNANI_EIBAR_048,,d3,11:14.5,07:44.5,NISSAN_LEAF,Nissan Leaf e+ 62 kW,62000,174,13:37.1,2.2,3.6,315,NW,1.0177234882819477,28.578526671613407,477,93,,,,0.0,102.0,373.0,2,336,141,25,2
20/04/2023 09:13,72,13.4,81,22.5,99.25,-53,440,3,80,-0.7,786,48,-1.972812,43.269165,72.88797,0.6599057588921945,13:18.8,7,7200.155,0101000020E61000008C76C968A390FFBF74F9070B74A24540,20230420_NISSAN_HERNANI_EIBAR_048,,d3,11:14.5,07:44.5,NISSAN_LEAF,Nissan Leaf e+ 62 kW,62000,174,13:37.1,2.2,3.6,315,NW,0.1637595193996256,42.39278662054011,477,93,,,,0.0,102.0,373.0,2,336,141,25,2
20/04/2023 09:13,70,6.9,81,22.5,99.25,-56,0,3,80,-1.19,1203,48,-1.9725491,43.269405,70.93908,0.6940974124192871,13:26.9,7,7200.097,0101000020E6100000E7D1CE9C8F8FFFBF49206DE77BA24540,20230420_NISSAN_HERNANI_EIBAR_048,,d3,11:14.5,07:44.5,NISSAN_LEAF,Nissan Leaf e+ 62 kW,62000,174,13:37.1,2.2,3.6,315,NW,0.7820772504047918,32.45280750762989,477,93,,,,0.0,102.0,373.0,2,336,141,25,2
20/04/2023 09:13,69,27.2,81,22.5,99.25,-57,0,3,80,1.0,1669,48,-1.9720852,43.2697,69.39945999999999,0.743988376278529,13:37.0,7,7199.996,0101000020E6100000014EC14FA98DFFBF9DA2028085A24540,20230420_NISSAN_HERNANI_EIBAR_048,,d3,11:14.5,07:44.5,NISSAN_LEAF,Nissan Leaf e+ 62 kW,62000,174,13:37.1,2.2,3.6,315,NW,0.5841155669496216,35.66223045258256,477,93,,,,0.0,102.0,373.0,2,336,141,25,2
20/04/2023 09:13,67,32.6,81,22.5,99.25,-57,0,3,80,-2.45,2509,48,-1.9713466,43.27023,67.993546,0.8279598374275643,13:46.0,7,7199.995,0101000020E610000041FF14C3A28AFFBF1FBA67D596A24540,20230420_NISSAN_HERNANI_EIBAR_048,,d3,11:14.5,07:44.5,NISSAN_LEAF,Nissan Leaf e+ 62 kW,62000,174,13:37.1,2.2,3.6,315,NW,0.3799130472330088,38.94221624204268,477,93,,,,0.0,102.0,373.0,2,336,141,8,2
20/04/2023 09:13,67,31.5,81,22.5,99.25,-67,3360,3,80,1.88,2000,48,-1.970765,43.2707,67.307434,0.8983095776170175,13:55.1,7,7199.945,0101000020E6100000966A1CEA4088FFBFD10CFD31A6A24540,20230420_NISSAN_HERNANI_EIBAR_048,,d3,11:14.5,07:44.5,NISSAN_LEAF,Nissan Leaf e+ 62 kW,62000,174,13:37.1,2.2,3.6,315,NW,0.7265668200513979,33.35635128374256,477,93,,,,0.0,102.0,373.0,2,336,141,8,2
20/04/2023 09:14,64,32.7,81,22.5,99.25,-67,2960,3,80,-0.95,2332,48,-1.9700252,43.271187,64.974724,0.979090031469825,14:04.2,7,7199.847,0101000020E610000026C5A0113985FFBF8DC41741B6A24540,20230420_NISSAN_HERNANI_EIBAR_048,,d3,11:14.5,07:44.5,NISSAN_LEAF,Nissan Leaf e+ 62 kW,62000,174,13:37.1,2.2,3.6,315,NW,1.201347131901491,25.50603692853986,477,93,,,,0.0,102.0,373.0,2,336,141,25,2
20/04/2023 09:14,62,18.7,81,22.0,99.25,-73,0,3,80,-2.45,1617,48,-1.9693482,43.27151,62.992744,1.0446508192422794,14:12.2,7,7199.804,0101000020E6100000923371337382FFBFAEB70BE7C0A24540,20230420_NISSAN_HERNANI_EIBAR_048,,d3,11:14.5,07:44.5,NISSAN_LEAF,Nissan Leaf e+ 62 kW,62000,174,13:37.1,2.2,3.6,315,NW,-3.531452052907616,146.1988942811457,477,93,,,,0.0,102.0,373.0,2,336,141,25,1
20/04/2023 09:14,59,30.1,81,22.0,99.25,-76,5520,3,80,2.28,1835,48,-1.9696574,43.271717,60.352615,1.078760182542186,14:21.3,7,7199.744000000001,0101000020E6100000EC339C7BB783FFBFAD65AC98C7A24540,20230420_NISSAN_HERNANI_EIBAR_048,,d3,11:14.5,07:44.5,NISSAN_LEAF,Nissan Leaf e+ 62 kW,62000,174,14:51.8,2.2,3.6,315,NW,-2.7141601352115656,176.06774284463827,474,95,,,,0.0,82.0,384.0,8,375,99,25,1
20/04/2023 09:14,58,27.5,81,22.0,99.25,-77,2360,3,80,-0.73,2034,48,-1.9706612,43.271786,58.961266,1.1604032854752004,14:30.3,7,7199.694,0101000020E6100000035435FAD387FFBFDDA303DFC9A24540,20230420_NISSAN_HERNANI_EIBAR_048,,d3,11:14.5,07:44.5,NISSAN_LEAF,Nissan Leaf e+ 62 kW,62000,174,14:51.8,2.2,3.6,315,NW,-2.791051164189592,174.16848709811867,477,93,,,,0.0,102.0,373.0,2,336,141,25,2
20/04/2023 09:14,57,27.5,81,22.0,99.25,-79,2520,3,80,7.42,1494,48,-1.9714445,43.271866,57.906303,1.2244504627555781,14:39.4,7,7199.644,0101000020E61000008B5E6662098BFFBF834B017ECCA24540,20230420_NISSAN_HERNANI_EIBAR_048,,d3,11:14.5,07:44.5,NISSAN_LEAF,Nissan Leaf e+ 62 kW,62000,174,14:51.8,2.2,3.6,315,NW,-2.717591357711961,175.9845476462009,477,93,,,,0.0,102.0,373.0,2,336,141,25,2
20/04/2023 09:14,64,34.6,81,22.0,99.25,-86,12560,3,80,0.86,2011,48,-1.9726981,43.271954,64.358,1.326618961984801,14:52.4,7,7199.584,0101000020E6100000FFEDDBDC2B90FFBF6FDCC15ECFA24540,20230420_NISSAN_HERNANI_EIBAR_048,,d3,11:14.5,07:44.5,NISSAN_LEAF,Nissan Leaf e+ 62 kW,62000,174,14:51.8,2.2,3.6,315,NW,-2.78053138964517,174.43282287023513,477,93,,,,0.0,102.0,373.0,2,336,141,25,2
20/04/2023 09:15,62,37.0,81,21.499998,99.25,-86,10080,3,80,6.61,1858,48,-1.9735804,43.27204,62.4153,1.3987150710973337,15:01.5,7,7199.534000000001,0101000020E6100000EDC861F2C893FFBF055C9846D2A24540,20230420_NISSAN_HERNANI_EIBAR_048,,d3,11:14.5,07:44.5,NISSAN_LEAF,Nissan Leaf e+ 62 kW,62000,174,14:51.8,2.2,3.6,315,NW,-2.772856350282428,174.62474536617663,477,93,,,,0.0,102.0,373.0,2,336,141,25,2
20/04/2023 09:15,61,41.2,81,21.499998,99.25,-86,1920,3,81,0.77,2802,48,-1.9746857,43.272144,61.42287,1.488951699874167,15:09.5,7,7200.493,0101000020E6100000658699065098FFBF96E4439DD5A24540,20230420_NISSAN_HERNANI_EIBAR_048,,d3,11:14.5,07:44.5,NISSAN_LEAF,Nissan Leaf e+ 62 kW,62000,174,14:51.8,2.2,3.6,315,NW,-2.8247826012567634,173.31058717737864,477,93,,,,0.0,102.0,373.0,2,336,141,25,2
20/04/2023 09:15,59,23.4,81,21.499998,99.25,-90,0,3,81,-5.67,2370,48,-1.97576,43.27227,61.069458,1.577050685586464,15:17.6,7,7200.435,0101000020E610000061F8B673B69CFFBFE9554EBFD9A24540,20230420_NISSAN_HERNANI_EIBAR_048,,d3,11:14.5,07:44.5,NISSAN_LEAF,Nissan Leaf e+ 62 kW,62000,174,14:51.8,2.2,3.6,315,NW,-2.830430632239853,173.16535044680353,477,93,,,,0.0,102.0,373.0,2,336,141,25,2
20/04/2023 09:15,59,18.0,81,21.499998,99.25,-105,4800,3,81,3.58,583,48,-1.9760103,43.2723,59.52992,1.597645704774582,15:26.6,7,7200.386,0101000020E6100000038618F5BC9DFFBFC1FB15BDDAA24540,20230420_NISSAN_HERNANI_EIBAR_048,,d3,11:14.5,07:44.5,NISSAN_LEAF,Nissan Leaf e+ 62 kW,62000,174,14:51.8,2.2,3.6,315,NW,-2.545584412271571,180.0,477,93,,,,0.0,102.0,373.0,2,336,141,25,2
20/04/2023 09:15,58,2.9,81,21.499998,99.25,-108,0,3,82,-3.34,684,48,-1.9765391,43.2723,58.953102,1.6404620300298116,15:35.7,7,7200.328,0101000020E610000061101B78E79FFFBFD13DE5CDDAA24540,20230420_NISSAN_HERNANI_EIBAR_048,,d3,11:14.5,07:44.5,NISSAN_LEAF,Nissan Leaf e+ 62 kW,62000,174,14:51.8,2.2,3.6,315,NW,-2.933006972285702,170.4399035206051,477,93,,,,0.0,102.0,373.0,2,336,141,25,2
20/04/2023 09:15,60,22.1,81,21.499998,99.25,-109,5840,3,82,5.41,1012,48,-1.9766816000000005,43.272324,60.245430000000006,1.652373981145672,15:44.7,7,7200.295999999999,0101000020E6100000E79747E17CA0FFBF00876F85DBA24540,20230420_NISSAN_HERNANI_EIBAR_048,,d3,11:14.5,07:44.5,NISSAN_LEAF,Nissan Leaf e+ 62 kW,62000,174,14:51.8,2.2,3.6,315,NW,-3.4681517475127097,150.55457126940286,477,93,,,,0.0,102.0,373.0,2,336,141,25,2
20/04/2023 09:15,61,30.4,81,21.499998,99.25,-109,9400,3,82,4.72,1632,48,-1.9771404,43.272583,61.40243,1.6993899691358867,15:52.8,7,7200.246,0101000020E61000009762D5F55DA2FFBF7ED9A208E4A24540,20230420_NISSAN_HERNANI_EIBAR_048,,d3,11:14.5,07:44.5,NISSAN_LEAF,Nissan Leaf e+ 62 kW,62000,174,14:51.8,2.2,3.6,315,NW,-3.5845941158545243,129.6974509762824,477,93,,,,0.0,102.0,373.0,2,336,141,55,2
20/04/2023 09:16,62,47.6,81,21.499998,99.25,-109,14280,3,83,3.66,3186,48,-1.9777298,43.273293,62.33663000000001,1.791643692422271,16:01.8,7,7200.179,0101000020E61000004A80D80AC8A4FFBFE2245246FBA24540,20230420_NISSAN_HERNANI_EIBAR_048,,d3,11:14.5,07:44.5,NISSAN_LEAF,Nissan Leaf e+ 62 kW,62000,174,14:51.8,2.2,3.6,315,NW,-3.591469182323196,131.0548137710681,477,93,,,,0.0,102.0,373.0,2,336,141,8,2
20/04/2023 09:16,66,46.0,81,21.000002,99.25,-109,12680,3,83,3.06,3266,48,-1.9785398,43.274223,65.635864,1.9141392137875386,16:10.9,7,7200.135,0101000020E61000008FEAD76919A8FFBF0C9BB1B219A34540,20230420_NISSAN_HERNANI_EIBAR_048,,d3,11:14.5,07:44.5,NISSAN_LEAF,Nissan Leaf e+ 62 kW,62000,174,14:51.8,2.2,3.6,315,NW,-3.565401422534159,142.94994161606118,477,93,,,,0.0,102.0,373.0,2,336,141,25,2
20/04/2023 09:16,72,54.8,81,21.000002,99.25,-109,25160,3,84,6.25,3417,48,-1.9793571,43.274840000000005,69.57726,2.0095363709217278,16:18.9,7,7200.085,0101000020E6100000B2677A5072ABFFBFBD5F040C2EA34540,20230420_NISSAN_HERNANI_EIBAR_048,,d3,11:14.5,07:44.5,NISSAN_LEAF,Nissan Leaf e+ 62 kW,62000,174,14:51.8,2.2,3.6,315,NW,-3.246702732267983,160.596108671521,477,93,,,,0.0,102.0,373.0,2,336,141,25,2
20/04/2023 09:16,82,53.3,81,21.000002,99.25,-109,13280,3,85,3.89,3632,48,-1.9808334,43.27536,80.36941,2.142744189455542,16:28.0,7,7200.017,0101000020E6100000CF44B1627EB1FFBFE3B3B8FB3EA34540,20230420_NISSAN_HERNANI_EIBAR_048,,d3,11:14.5,07:44.5,NISSAN_LEAF,Nissan Leaf e+ 62 kW,62000,174,14:51.8,2.2,3.6,315,NW,-3.246319856877782,160.61020992322864,180,70,,,,1.0,153.0,26.0,0,164,16,25,2
20/04/2023 09:16,91,55.5,81,21.000002,99.25,-109,14800,3,85,3.94,3710,48,-1.9822654,43.275864,90.78131,2.2719302339375504,16:37.0,7,7199.965999999999,0101000020E6100000A798C3D35BB7FFBF48FCCB814FA34540,20230420_NISSAN_HERNANI_EIBAR_048,,d3,11:14.5,07:44.5,NISSAN_LEAF,Nissan Leaf e+ 62 kW,62000,174,14:51.8,2.2,3.6,315,NW,-3.2427648089517898,160.7407979189768,180,70,,,,1.0,153.0,26.0,0,164,16,8,2
20/04/2023 09:16,102,48.7,81,21.000002,99.25,-109,6960,3,86,2.06,3668,48,-1.9836392,43.276344,100.069,2.3956413148463316,16:45.1,7,7199.909000000001,0101000020E6100000826E5586FCBCFFBF961C6C305FA34540,20230420_NISSAN_HERNANI_EIBAR_048,,d3,11:14.5,07:44.5,NISSAN_LEAF,Nissan Leaf e+ 62 kW,62000,174,18:37.2,3.8,6.1,40,NE,2.5466752488871345,164.676079673464,180,70,,,,1.0,153.0,26.0,0,164,16,25,2
20/04/2023 09:16,114,42.7,81,21.000002,99.25,-109,14800,3,86,3.31,2655,48,-1.9848508,43.276676,111.62866,2.501080231742394,16:54.2,7,7199.838000000001,0101000020E6100000F3FE5BDDF2C1FFBF6B0C6B1F6AA34540,20230420_NISSAN_HERNANI_EIBAR_048,,d3,11:14.5,07:44.5,NISSAN_LEAF,Nissan Leaf e+ 62 kW,62000,174,18:37.2,3.8,6.1,40,NE,3.298708685583416,172.73620196234992,180,70,,,,1.0,153.0,26.0,0,164,16,25,2
20/04/2023 09:17,126,44.9,80,21.000002,99.25,-109,10160,3,86,-1.11,3235,48,-1.9863493000000003,43.276867,125.69148,2.6250374818179436,17:03.2,7,7199.786,0101000020E61000006153394B16C8FFBFB377836570A34540,20230420_NISSAN_HERNANI_EIBAR_048,,d3,11:14.5,07:44.5,NISSAN_LEAF,Nissan Leaf e+ 62 kW,62000,174,18:37.2,3.8,6.1,40,NE,1.9454504531888943,158.59800471871006,540,95,40.0,276.0,213.0,,,,11,499,41,55,3
20/04/2023 09:17,137,14.7,81,21.000002,99.25,-133,0,3,86,5.22,911,48,-1.9871479,43.27718,135.98058,2.6991786651711367,17:12.2,7,7199.755999999999,0101000020E61000000B5EC0A55BCBFFBFE6E498977AA34540,20230420_NISSAN_HERNANI_EIBAR_048,,d3,11:14.5,07:44.5,NISSAN_LEAF,Nissan Leaf e+ 62 kW,62000,174,18:37.2,3.8,6.1,40,NE,2.34617677036529,162.6200982130926,540,95,40.0,276.0,213.0,,,,11,499,41,55,2
20/04/2023 09:17,138,40.1,80,21.000002,99.25,-133,5560,3,87,6.33,2301,48,-1.9878412,43.277397,138.86813,2.7603398410852225,17:21.3,7,7199.726,0101000020E61000004A7A81A032CEFFBFE011F5CC81A34540,20230420_NISSAN_HERNANI_EIBAR_048,,d3,11:14.5,07:44.5,NISSAN_LEAF,Nissan Leaf e+ 62 kW,62000,174,18:37.2,3.8,6.1,40,NE,3.3053331231292717,172.81020318090174,540,95,40.0,276.0,213.0,,,,11,499,41,55,2
20/04/2023 09:17,137,62.4,80,20.5,99.25,-133,920,3,87,1.34,3825,48,-1.9892126,43.27757,137.31215,2.8730259808341065,17:29.3,7,7199.656,0101000020E61000002D157DA2D0D3FFBF8FC9D35B87A34540,20230420_NISSAN_HERNANI_EIBAR_048,,d3,11:14.5,07:44.5,NISSAN_LEAF,Nissan Leaf e+ 62 kW,62000,174,18:37.2,3.8,6.1,40,NE,3.365360940593612,173.48361639221466,540,95,40.0,276.0,213.0,,,,11,499,41,25,2
20/04/2023 09:17,138,62.1,80,20.5,99.25,-141,0,3,87,-0.56,4172,48,-1.9911036,43.277786,138.68405,3.0279894120342963,17:38.4,7,7199.615,0101000020E61000007235188B8FDBFFBF22379E8A8EA34540,20230420_NISSAN_HERNANI_EIBAR_048,,d3,11:14.5,07:44.5,NISSAN_LEAF,Nissan Leaf e+ 62 kW,62000,174,18:37.2,3.8,6.1,40,NE,3.4088853640432677,173.97517631090724,540,95,40.0,276.0,213.0,,,,11,499,41,8,2
20/04/2023 09:17,139,67.6,80,20.5,99.25,-144,0,3,87,0.39,4348,48,-1.9929891,43.277985,140.31653,3.182232517117322,17:47.5,7,7199.513000000001,0101000020E61000008731B68948E3FFBF4EE4AAF094A34540,20230420_NISSAN_HERNANI_EIBAR_048,,d3,11:14.5,07:44.5,NISSAN_LEAF,Nissan Leaf e+ 62 kW,62000,174,18:37.2,3.8,6.1,40,NE,3.637732999361462,176.60890707778685,540,95,40.0,276.0,213.0,,,,11,499,41,8,2
20/04/2023 09:17,140,64.0,80,20.5,99.25,-144,14480,3,87,3.62,4395,48,-1.995048,43.278107,140.13133,3.349459656630278,17:56.5,7,7199.523,0101000020E610000032C64677B7EBFFBFFE1E50F698A34540,20230420_NISSAN_HERNANI_EIBAR_048,,d3,11:14.5,07:44.5,NISSAN_LEAF,Nissan Leaf e+ 62 kW,62000,174,18:37.2,3.8,6.1,40,NE,5.361148177994257,-158.4928380456032,540,95,40.0,276.0,213.0,,,,11,499,41,8,2
20/04/2023 09:18,140,67.3,80,20.5,99.25,-144,0,3,87,0.0,4474,48,-1.99636,43.27759,140.93767,3.470233996088229,18:03.5,7,7200.486,0101000020E61000008E9C982917F1FFBFD48DF01388A34540,20230420_NISSAN_HERNANI_EIBAR_048,,d3,11:14.5,07:44.5,NISSAN_LEAF,Nissan Leaf e+ 62 kW,62000,174,18:37.2,3.8,6.1,40,NE,4.374038344142766,-174.1880936761507,540,95,40.0,276.0,213.0,,,,11,499,41,8,2
20/04/2023 09:18,137,60.0,80,20.5,99.25,-169,0,3,86,-4.34,4266,48,-1.9983642,43.277386,137.93976,3.6340886372889414,18:12.5,7,7200.451999999999,0101000020E6100000E367CCC84CF9FFBF06D9505381A34540,20230420_NISSAN_HERNANI_EIBAR_048,,d3,11:14.5,07:44.5,NISSAN_LEAF,Nissan Leaf e+ 62 kW,62000,174,18:37.2,3.8,6.1,40,NE,3.966179719113256,-179.44381526674795,540,95,40.0,276.0,213.0,,,,11,499,41,8,2
20/04/2023 09:18,130,57.4,80,20.5,99.25,-191,10520,3,86,3.12,3660,48,-2.0000124,43.27737,131.32991,3.7676937077845496,18:21.6,7,7200.396,0101000020E61000008FBAE084060000C0D88F18D380A34540,20230420_NISSAN_HERNANI_EIBAR_048,,d3,11:14.5,07:44.5,NISSAN_LEAF,Nissan Leaf e+ 62 kW,62000,174,18:37.2,3.8,6.1,40,NE,2.178157164389416,160.92066666877798,540,95,40.0,276.0,213.0,,,,11,499,41,25,2
20/04/2023 09:18,124,59.7,80,20.5,99.25,-196,0,3,86,1.78,3913,48,-2.001458,43.27787,125.43001,3.897390937513246,18:29.7,7,7200.342,0101000020E610000037C60A5DFC0200C005F9F23C91A34540,20230420_NISSAN_HERNANI_EIBAR_048,,d3,11:14.5,07:44.5,NISSAN_LEAF,Nissan Leaf e+ 62 kW,62000,174,18:37.2,3.8,6.1,40,NE,2.194704611775941,161.08715492384383,540,95,40.0,276.0,213.0,,,,11,499,41,8,2
20/04/2023 09:18,119,54.1,80,20.5,99.25,-203,0,3,86,-1.31,3743,48,-2.003072,43.278423,120.33714,4.041886295496355,18:38.7,7,7200.295,0101000020E6100000FEBF11904A0600C0976D1650A3A34540,20230420_NISSAN_HERNANI_EIBAR_048,,d3,11:14.5,07:44.5,NISSAN_LEAF,Nissan Leaf e+ 62 kW,62000,174,18:37.2,3.8,6.1,40,NE,3.045504928180303,169.9512592491032,540,95,40.0,276.0,213.0,,,,11,499,41,8,2
20/04/2023 09:18,113,52.4,80,20.0,99.25,-215,0,3,86,-4.38,3616,48,-2.0046916,43.27871,114.16787,4.17696695226106,18:47.7,7,7200.255999999999,0101000020E6100000275C6BC99B0900C0E77F51C2ACA34540,20230420_NISSAN_HERNANI_EIBAR_048,,d3,11:14.5,07:44.5,NISSAN_LEAF,Nissan Leaf e+ 62 kW,62000,174,18:37.2,3.8,6.1,40,NE,2.763670373802716,166.94022660991783,540,95,40.0,276.0,213.0,,,,11,499,41,55,2
20/04/2023 09:18,104,20.6,80,20.0,99.25,-244,1040,3,86,6.28,1284,48,-2.0055969,43.27892,106.16887,4.254298546089006,18:55.8,7,7200.225,0101000020E610000056E3E256760B00C0C19CA993B3A34540,20230420_NISSAN_HERNANI_EIBAR_048,,d3,11:14.5,07:44.5,NISSAN_LEAF,Nissan Leaf e+ 62 kW,62000,174,18:37.2,3.8,6.1,40,NE,1.7307252140375728,156.48267735865693,540,95,40.0,276.0,213.0,,,,11,499,41,55,2
20/04/2023 09:19,100,39.7,80,20.0,99.25,-244,7680,3,86,5.39,2135,48,-2.0061553,43.279163,101.36701,4.307180962231671,19:04.8,7,7200.167,0101000020E6100000A54416299B0C00C06D4775A7BBA34540,20230420_NISSAN_HERNANI_EIBAR_048,,d3,11:14.5,07:44.5,NISSAN_LEAF,Nissan Leaf e+ 62 kW,62000,174,18:37.2,3.8,6.1,40,NE,5.533661934815648,-154.88452560068473,540,95,40.0,276.0,213.0,,,,11,499,41,50,1
20/04/2023 09:19,100,59.5,80,20.0,99.25,-244,13840,3,86,4.22,3621,48,-2.007303,43.278625,100.03128,4.417692158151774,19:13.9,7,7200.135,0101000020E6100000DB2A07EAF40E00C07AABCCF2A9A34540,20230420_NISSAN_HERNANI_EIBAR_048,,d3,11:14.5,07:44.5,NISSAN_LEAF,Nissan Leaf e+ 62 kW,62000,174,18:37.2,3.8,6.1,40,NE,4.953178699680193,-165.7085431665492,540,95,40.0,276.0,213.0,,,,11,499,41,8,2
20/04/2023 09:19,100,59.0,80,20.0,99.25,-244,0,3,86,0.0,4168,48,-2.009097,43.278168,100.29757,4.57155640664048,19:22.9,7,7200.096,0101000020E6100000BBD94B89A11200C043D0FE0B9BA34540,20230420_NISSAN_HERNANI_EIBAR_048,,d3,11:14.5,07:44.5,NISSAN_LEAF,Nissan Leaf e+ 62 kW,62000,174,19:51.8,3.8,6.1,40,NE,4.278492790165766,-175.46118772809757,540,95,40.0,276.0,213.0,,,,11,499,41,25,2
20/04/2023 09:19,101,61.6,80,20.0,99.25,-244,7400,3,86,3.53,3945,48,-2.0108354,43.27803,101.28578,4.713124026248196,19:32.0,7,7200.0380000000005,0101000020E6100000DD3300D6301600C055BEEE8296A34540,20230420_NISSAN_HERNANI_EIBAR_048,,d3,11:14.5,07:44.5,NISSAN_LEAF,Nissan Leaf e+ 62 kW,62000,174,19:51.8,3.8,6.1,40,NE,2.383792010707257,163.00338903651846,521,103,11.0,139.0,342.0,,,,29,482,39,25,2
20/04/2023 09:19,100,54.8,80,20.0,99.25,-244,0,3,86,-2.78,4145,48,-2.012445,43.278522,100.96035,4.854445956166408,19:40.0,7,7200.009,0101000020E610000083EA86B67C1900C05658A7A2A6A34540,20230420_NISSAN_HERNANI_EIBAR_048,,d3,11:14.5,07:44.5,NISSAN_LEAF,Nissan Leaf e+ 62 kW,62000,174,19:51.8,3.8,6.1,40,NE,2.5503263144196207,164.71382524425124,521,103,11.0,139.0,342.0,,,,29,482,39,25,2
20/04/2023 09:19,103,42.5,80,20.0,99.25,-256,0,3,86,1.83,3048,48,-2.0139122,43.278923,102.821365,4.981327637509913,19:49.0,7,7199.965,0101000020E610000000A9B5F67D1C00C0E698E5B2B3A34540,20230420_NISSAN_HERNANI_EIBAR_048,,d3,11:14.5,07:44.5,NISSAN_LEAF,Nissan Leaf e+ 62 kW,62000,174,19:51.8,3.8,6.1,40,NE,2.666892237643395,165.92507618650265,521,103,11.0,139.0,342.0,,,,29,482,39,25,2
20/04/2023 09:19,106,47.3,80,20.0,99.25,-256,2400,3,86,-0.22,3255,48,-2.0152364,43.279255,106.073456,5.0947501719731685,19:58.1,7,7199.922,0101000020E6100000C031674F341F00C0B142C39FBEA34540,20230420_NISSAN_HERNANI_EIBAR_048,,d3,11:14.5,07:44.5,NISSAN_LEAF,Nissan Leaf e+ 62 kW,62000,174,19:51.8,3.8,6.1,40,NE,2.437350457626693,163.55102789682385,521,103,11.0,139.0,342.0,,,,29,482,39,40,2
20/04/2023 09:20,111,25.0,80,20.0,99.25,-261,0,3,85,8.09,1642,48,-2.0162017,43.27954,110.376656,5.179184407154822,20:06.1,7,7199.857,0101000020E61000006D9FD45C2E2100C0DCBCEEFBC7A34540,20230420_NISSAN_HERNANI_EIBAR_048,,d3,11:14.5,07:44.5,NISSAN_LEAF,Nissan Leaf e+ 62 kW,62000,174,19:51.8,3.8,6.1,40,NE,2.3055556490243023,162.2073739191594,358,92,,,,0.0,84.0,274.0,0,350,8,40,1
20/04/2023 09:20,113,36.1,80,20.0,99.25,-261,6640,3,85,-0.84,2367,48,-2.0171552,43.279846,113.600296,5.2636002391704375,20:15.2,7,7199.7880000000005,0101000020E61000004BBABD3D222300C0BE500105D2A34540,20230420_NISSAN_HERNANI_EIBAR_048,,d3,11:14.5,07:44.5,NISSAN_LEAF,Nissan Leaf e+ 62 kW,62000,174,19:51.8,3.8,6.1,40,NE,1.6723637082305476,155.91184185728878,358,92,,,,0.0,84.0,274.0,0,350,8,45,1
20/04/2023 09:20,115,50.1,80,20.0,99.25,-261,18400,3,86,4.11,3506,48,-2.0181103,43.280273,115.70396399999998,5.354356142303982,20:24.3,7,7199.745,0101000020E610000079B7C703172500C03A9A2EF8DFA34540,20230420_NISSAN_HERNANI_EIBAR_048,,d3,11:14.5,07:44.5,NISSAN_LEAF,Nissan Leaf e+ 62 kW,62000,174,19:51.8,3.8,6.1,40,NE,-5.364775950854229,78.42132756653812,358,92,,,,0.0,84.0,274.0,0,350,8,45,1
20/04/2023 09:20,121,54.0,80,20.0,99.25,-261,15320,3,86,1.39,3738,48,-2.0178921,43.281338,120.94756,5.474203545118498,20:33.3,7,7199.724,0101000020E6100000D683A8A2A42400C0329B6EDC02A44540,20230420_NISSAN_HERNANI_EIBAR_048,,d3,11:14.5,07:44.5,NISSAN_LEAF,Nissan Leaf e+ 62 kW,62000,174,19:51.8,3.8,6.1,40,NE,-4.377172288490418,94.14584568609598,358,92,,,,0.0,84.0,274.0,0,350,8,8,1
20/04/2023 09:20,124,53.2,80,20.0,99.25,-261,16640,3,87,5.09,3468,48,-2.0179656,43.282352,124.23626000000002,5.587159955998085,20:42.4,7,7199.552,0101000020E6100000943C7E28CB2400C0E75E542824A44540,20230420_NISSAN_HERNANI_EIBAR_048,,d3,11:14.5,07:44.5,NISSAN_LEAF,Nissan Leaf e+ 62 kW,62000,174,19:51.8,3.8,6.1,40,NE,-3.430213736295165,105.78290522336172,358,92,,,,0.0,84.0,274.0,0,350,8,45,1
20/04/2023 09:20,131,62.2,80,20.0,99.25,-261,20400,3,87,5.23,4036,48,-2.0182686000000003,43.283424,130.71217,5.709030311443671,20:50.4,7,7199.641,0101000020E6100000B1B45CF2692500C07BDE673247A44540,20230420_NISSAN_HERNANI_EIBAR_048,,d3,11:14.5,07:44.5,NISSAN_LEAF,Nissan Leaf e+ 62 kW,62000,174,19:51.8,3.8,6.1,40,NE,-3.8862448078491214,100.42488229198344,358,92,,,,0.0,84.0,274.0,0,350,8,45,1
20/04/2023 09:20,142,69.8,80,20.0,99.25,-261,20040,3,88,5.14,4537,48,-2.0185328,43.28486,141.14673,5.870469566238218,20:59.4,7,7199.555,0101000020E610000035F63D77F42500C032D5D64C76A44540,20230420_NISSAN_HERNANI_EIBAR_048,,d3,11:14.5,07:44.5,NISSAN_LEAF,Nissan Leaf e+ 62 kW,62000,174,19:51.8,3.8,6.1,40,NE,-3.398708793219336,106.14000961012084,521,103,11.0,139.0,342.0,,,,29,482,39,45,1
20/04/2023 09:21,151,76.2,79,20.0,99.25,-261,23960,3,89,4.73,5207,48,-2.018942,43.286274,150.83736000000002,6.031442064697942,21:07.5,7,7200.526,0101000020E6100000A6BCD72ACB2600C0A3C84D9EA4A44540,20230420_NISSAN_HERNANI_EIBAR_048,,d3,11:14.5,07:44.5,NISSAN_LEAF,Nissan Leaf e+ 62 kW,62000,174,19:51.8,3.8,6.1,40,NE,-3.5353435284257637,104.58008137904216,521,103,11.0,139.0,342.0,,,,29,482,39,80,1
20/04/2023 09:21,158,69.3,79,20.0,99.25,-261,2800,4,89,0.0,4747,48,-2.0189896000000003,43.286457,151.822,6.052175675287123,21:18.4,7,7198.575,0101000020E6100000D20576F7E32600C04EDB49ACAAA44540,20230420_NISSAN_HERNANI_EIBAR_048,,d3,11:14.5,07:44.5,NISSAN_LEAF,Nissan Leaf e+ 62 kW,62000,174,19:51.8,3.8,6.1,40,NE,-5.493195989373538,75.77297846419613,521,103,11.0,139.0,342.0,,,,29,482,39,80,1
20/04/2023 09:21,160,67.7,79,20.0,99.25,-284,0,3,89,0.39,4419,48,-2.0182807,43.289253,160.21155,6.368438489551051,21:25.6,7,7200.404,0101000020E61000006A7A9A56702500C0E975AA4506A54540,20230420_NISSAN_HERNANI_EIBAR_048,,d3,11:14.5,07:44.5,NISSAN_LEAF,Nissan Leaf e+ 62 kW,62000,174,19:51.8,3.8,6.1,40,NE,-5.651228334414942,27.885117288883684,521,103,11.0,139.0,342.0,,,,29,482,39,90,1
20/04/2023 09:21,157,67.8,79,20.0,99.25,-284,0,3,89,-1.38,4660,48,-2.0165477,43.29017,157.90646,6.541865458761042,21:34.7,7,7200.255999999999,0101000020E6100000BA9BDCB7E32100C08CF94E4A24A54540,20230420_NISSAN_HERNANI_EIBAR_048,,d3,11:14.5,07:44.5,NISSAN_LEAF,Nissan Leaf e+ 62 kW,62000,174,19:51.8,3.8,6.1,40,NE,-3.137863727721732,109.04238152922294,540,95,40.0,276.0,213.0,,,,11,499,41,8,1
20/04/2023 09:21,159,60.1,79,19.5,99.25,-295,3040,3,89,0.69,3905,48,-2.0169146,43.291233,159.29668999999998,6.663746801210303,21:42.7,7,7200.345,0101000020E610000083840929A42200C0E708B71B47A54540,20230420_NISSAN_HERNANI_EIBAR_048,,d3,11:14.5,07:44.5,NISSAN_LEAF,Nissan Leaf e+ 62 kW,62000,174,19:51.8,3.8,6.1,40,NE,5.457373706499098,-156.5363082174799,540,95,40.0,276.0,213.0,,,,11,499,41,45,1
20/04/2023 09:21,160,63.4,79,19.5,99.25,-295,11560,3,88,-1.17,4167,48,-2.0183568,43.290607,160.49976,6.799658181356746,21:51.7,7,7200.28,0101000020E610000009D8024A982500C03197479D32A54540,20230420_NISSAN_HERNANI_EIBAR_048,,d3,11:14.5,07:44.5,NISSAN_LEAF,Nissan Leaf e+ 62 kW,62000,174,23:37.2,2.2,3.6,319,NW,1.5831638506304082,-112.91093725969732,521,103,11.0,139.0,342.0,,,,29,482,39,90,1
20/04/2023 09:22,163,62.3,79,19.5,99.25,-295,18200,3,88,6.98,4066,48,-2.0187824,43.2896,162.7527,6.916831977665824,22:00.9,7,7200.085999999999,0101000020E610000023D3A96C772600C0FE3A71AD11A54540,20230420_NISSAN_HERNANI_EIBAR_048,,d3,11:14.5,07:44.5,NISSAN_LEAF,Nissan Leaf e+ 62 kW,62000,174,23:37.2,2.2,3.6,319,NW,-1.63542961524009,-166.01900389163748,521,103,11.0,139.0,342.0,,,,29,482,39,90,1
20/04/2023 09:22,165,86.6,79,19.5,99.25,-295,31200,3,88,5.03,5536,48,-2.0210035,43.289047,164.10461,7.106835596920935,22:08.8,7,7200.215999999999,0101000020E6100000D96649DD032B00C0EF128A73FFA44540,20230420_NISSAN_HERNANI_EIBAR_048,,d3,11:14.5,07:44.5,NISSAN_LEAF,Nissan Leaf e+ 62 kW,62000,174,23:37.2,2.2,3.6,319,NW,-0.9646870312461924,-154.54342358008194,521,103,11.0,139.0,342.0,,,,29,482,39,80,1
20/04/2023 09:22,167,89.0,79,19.5,99.25,-295,11720,3,89,2.17,6055,48,-2.0233037,43.287952,167.11973999999998,7.329313639258357,22:17.9,7,7200.136,0101000020E6100000EB6B98DDB92F00C00CC8C2A1DBA44540,20230420_NISSAN_HERNANI_EIBAR_048,,d3,11:14.5,07:44.5,NISSAN_LEAF,Nissan Leaf e+ 62 kW,62000,174,23:37.2,2.2,3.6,319,NW,-0.1020205225064871,-140.6239244573714,521,103,11.0,139.0,342.0,,,,29,482,39,8,1
20/04/2023 09:22,173,93.0,79,19.5,99.25,-295,20480,3,89,3.2,6188,48,-2.0249145,43.28663,172.89014,7.52588759886973,22:25.9,7,7200.096,0101000020E6100000C3FD8D5E063300C039F02642B0A44540,20230420_NISSAN_HERNANI_EIBAR_048,,d3,11:14.5,07:44.5,NISSAN_LEAF,Nissan Leaf e+ 62 kW,62000,174,23:37.2,2.2,3.6,319,NW,-1.3474041717475491,-160.9797537315256,521,103,11.0,139.0,342.0,,,,29,482,39,90,1
20/04/2023 09:22,180,97.2,79,19.5,99.25,-295,20320,3,89,1.44,6488,48,-2.0272207,43.285835,178.68907,7.732513142241373,22:33.9,7,7200.055,0101000020E610000079AC9D89BF3700C07513203E96A44540,20230420_NISSAN_HERNANI_EIBAR_048,,d3,11:14.5,07:44.5,NISSAN_LEAF,Nissan Leaf e+ 62 kW,62000,174,23:37.2,2.2,3.6,319,NW,-2.4253331683841157,178.64643747205733,521,103,11.0,139.0,342.0,,,,29,482,39,25,1
20/04/2023 09:22,183,99.6,79,19.5,99.25,-295,16720,3,89,0.5,6666,48,-2.0301409,43.285904,184.0988,7.969070538568817,22:43.1,7,7199.936,0101000020E61000008E39BC8BBA3D00C025CB698F98A44540,20230420_NISSAN_HERNANI_EIBAR_048,,d3,11:14.5,07:44.5,NISSAN_LEAF,Nissan Leaf e+ 62 kW,62000,174,23:37.2,2.2,3.6,319,NW,-2.980759441775964,165.10731671648406,521,103,11.0,139.0,342.0,,,,29,482,39,8,1
20/04/2023 09:22,186,96.0,79,19.5,99.25,-295,0,3,89,-0.36,6587,48,-2.032664,43.286575,185.77287,8.186506633400013,22:51.0,7,7199.965999999999,0101000020E61000004E696C55E54200C0A88BAB74AEA44540,20230420_NISSAN_HERNANI_EIBAR_048,,d3,11:14.5,07:44.5,NISSAN_LEAF,Nissan Leaf e+ 62 kW,62000,174,23:37.2,2.2,3.6,319,NW,-3.321380473800234,153.68996161145512,521,103,11.0,139.0,342.0,,,,29,482,39,8,1
20/04/2023 09:23,185,91.1,79,19.5,99.25,-297,0,3,89,-1.22,6283,48,-2.0350869,43.287773,185.5625,8.423584516694655,23:00.1,7,7199.926,0101000020E6100000D005D7ABDB4700C03B3BDDB7D5A44540,20230420_NISSAN_HERNANI_EIBAR_048,,d3,11:14.5,07:44.5,NISSAN_LEAF,Nissan Leaf e+ 62 kW,62000,174,23:37.2,2.2,3.6,319,NW,-3.580489962528953,136.9677656916242,521,103,11.0,139.0,342.0,,,,29,482,39,90,1
20/04/2023 09:23,185,90.7,79,19.5,99.25,-299,0,3,89,1.77,6132,48,-2.0367954,43.289368,184.96562,8.648480977644445,23:09.1,7,7199.926,0101000020E6100000646672615B4B00C0817296F709A54540,20230420_NISSAN_HERNANI_EIBAR_048,,d3,11:14.5,07:44.5,NISSAN_LEAF,Nissan Leaf e+ 62 kW,62000,174,23:37.2,2.2,3.6,319,NW,-3.4717669507219515,115.661460531215,521,103,11.0,139.0,342.0,,,,29,482,39,90,1
20/04/2023 09:23,185,94.8,79,19.5,99.25,-299,15640,3,89,1.86,6169,48,-2.037714,43.29128,185.73097,8.873712298630412,23:18.1,7,7199.877,0101000020E610000066C43FF83C4D00C0125647AE48A54540,20230420_NISSAN_HERNANI_EIBAR_048,,d3,11:14.5,07:44.5,NISSAN_LEAF,Nissan Leaf e+ 62 kW,62000,174,23:37.2,2.2,3.6,319,NW,-3.4457169243674093,147.83483566875597,521,103,11.0,139.0,342.0,,,,29,482,39,120,1
20/04/2023 09:23,190,86.5,78,19.5,99.25,-299,17440,3,88,4.75,5785,48,-2.039902,43.292656,190.38113,9.107788232280827,23:27.2,7,7199.786999999999,0101000020E6100000C59E7419B85100C015875CBC75A54540,20230420_NISSAN_HERNANI_EIBAR_048,,d3,11:14.5,07:44.5,NISSAN_LEAF,Nissan Leaf e+ 62 kW,62000,174,23:37.2,2.2,3.6,319,NW,-2.7002109872555886,172.40454508610455,521,103,11.0,139.0,342.0,,,,29,482,39,120,1
20/04/2023 09:23,194,96.6,78,19.5,99.25,-299,28000,3,89,3.38,6464,48,-2.0426767,43.293026,194.47577,9.336130608853457,23:36.3,7,7199.696,0101000020E610000063FEA9E5665700C0058482E081A54540,20230420_NISSAN_HERNANI_EIBAR_048,,d3,11:14.5,07:44.5,NISSAN_LEAF,Nissan Leaf e+ 62 kW,62000,174,23:37.2,2.2,3.6,319,NW,-2.9070453280218858,167.14638808737115,521,103,11.0,139.0,342.0,,,,29,482,39,120,2
20/04/2023 09:23,199,92.7,78,19.5,99.25,-299,14560,3,89,4.02,6264,48,-2.0451353,43.293587,199.56339,9.544724744659817,23:44.3,7,7199.715999999999,0101000020E6100000D93EB4ED6F5C00C0C006373D94A54540,20230420_NISSAN_HERNANI_EIBAR_048,,d3,11:14.5,07:44.5,NISSAN_LEAF,Nissan Leaf e+ 62 kW,62000,174,23:37.2,2.2,3.6,319,NW,-2.6618683064004145,173.31900102336715,521,103,11.0,139.0,342.0,,,,29,482,39,8,2
20/04/2023 09:23,204,101.7,78,19.5,99.25,-299,31520,3,89,3.16,6828,48,-2.0480635,43.29393,204.49455,9.784812658550155,23:53.4,7,7199.626,0101000020E6100000B1680B2B6F6200C0B4FD53719FA54540,20230420_NISSAN_HERNANI_EIBAR_048,,d3,11:14.5,07:44.5,NISSAN_LEAF,Nissan Leaf e+ 62 kW,62000,174,23:37.2,2.2,3.6,319,NW,-2.470205907473185,177.67244267102254,521,103,11.0,139.0,342.0,,,,29,482,39,25,2
20/04/2023 09:24,214,101.6,78,19.5,99.25,-299,25240,3,90,3.48,6806,48,-2.0507698,43.29404,214.09187000000003,10.00439177321528,24:01.4,7,7199.636,0101000020E610000050486DFCF96700C059EA0017A3A54540,20230420_NISSAN_HERNANI_EIBAR_048,,d3,11:14.5,07:44.5,NISSAN_LEAF,Nissan Leaf e+ 62 kW,62000,174,23:37.2,2.2,3.6,319,NW,-3.1648625395934094,159.46258906855385,521,103,11.0,139.0,342.0,,,,29,482,39,25,2
20/04/2023 09:24,223,98.7,78,19.5,99.25,-299,20680,3,90,3.41,6724,48,-2.0534658,43.29505,222.65039,10.249940150053023,24:10.4,7,7199.596,0101000020E61000006FECF08C7F6D00C0C281CD49C4A54540,20230420_NISSAN_HERNANI_EIBAR_048,,d3,11:14.5,07:44.5,NISSAN_LEAF,Nissan Leaf e+ 62 kW,62000,174,23:37.2,2.2,3.6,319,NW,-2.318604072078971,-179.09498587146717,521,103,11.0,139.0,342.0,,,,29,482,39,8,3
20/04/2023 09:24,232,106.2,77,19.5,99.25,-299,32400,3,90,4.09,7104,48,-2.0566310000000003,43.295,232.86882000000003,10.506367779158934,24:19.5,7,7199.545999999999,0101000020E61000003ABD96FFFA7300C045BC147FC2A54540,20230420_NISSAN_HERNANI_EIBAR_048,,d3,11:14.5,07:44.5,NISSAN_LEAF,Nissan Leaf e+ 62 kW,62000,174,24:51.8,3.8,6.1,40,NE,3.622518153264493,176.43108159434593,521,103,11.0,139.0,342.0,,,,29,482,39,8,3
20/04/2023 09:24,245,104.3,77,19.5,99.25,-299,21640,3,91,3.17,7103,48,-2.059517,43.29518,243.96179,10.741053467026697,24:27.5,7,7200.465999999999,0101000020E6100000FE879408E47900C03FCA9E81C8A54540,20230420_NISSAN_HERNANI_EIBAR_048,,d3,11:14.5,07:44.5,NISSAN_LEAF,Nissan Leaf e+ 62 kW,62000,174,24:51.8,3.8,6.1,40,NE,4.532359410776652,-172.01156573991224,521,103,11.0,139.0,342.0,,,,29,482,39,8,3
20/04/2023 09:24,257,111.3,77,19.5,99.25,-299,27160,3,91,3.09,7527,48,-2.0623887,43.294777,254.28381,10.977969589450623,24:35.6,7,7200.356,0101000020E61000009DE257A3C57F00C04BC0BA35BBA54540,20230420_NISSAN_HERNANI_EIBAR_048,,d3,11:14.5,07:44.5,NISSAN_LEAF,Nissan Leaf e+ 62 kW,62000,174,24:51.8,3.8,6.1,40,NE,5.544965104725273,-154.63101010234448,521,103,11.0,139.0,342.0,,,,29,482,39,25,3
20/04/2023 09:24,262,115.1,77,19.5,99.25,-299,17640,3,92,0.67,7722,48,-2.0653138,43.29339,262.2235,11.2606229222578,24:44.6,7,7200.426,0101000020E6100000F052E34CC38500C0292114B58DA54540,20230420_NISSAN_HERNANI_EIBAR_048,,d3,11:14.5,07:44.5,NISSAN_LEAF,Nissan Leaf e+ 62 kW,62000,174,24:51.8,3.8,6.1,40,NE,5.431919605477527,-157.06654772227077,521,103,11.0,139.0,342.0,,,,29,482,39,8,3
20/04/2023 09:24,266,112.0,77,19.5,99.25,-310,0,3,92,-0.42,7619,48,-2.0683556,43.292103,266.29742000000005,11.545410512037785,24:53.7,7,7200.335999999999,0101000020E610000043106A03FE8B00C0E828839563A54540,20230420_NISSAN_HERNANI_EIBAR_048,,d3,11:14.5,07:44.5,NISSAN_LEAF,Nissan Leaf e+ 62 kW,62000,174,24:51.8,3.8,6.1,40,NE,4.802786495097486,-168.06218904548976,521,103,11.0,139.0,342.0,,,,29,482,39,8,4
20/04/2023 09:25,258,105.5,77,19.5,99.25,-333,0,3,92,-1.66,7252,48,-2.0715861,43.29142,260.13644,11.817749260037779,25:02.7,7,7200.295999999999,0101000020E610000007D0B1B29B9200C0F25E90384DA54540,20230420_NISSAN_HERNANI_EIBAR_048,,d3,11:14.5,07:44.5,NISSAN_LEAF,Nissan Leaf e+ 62 kW,62000,174,24:51.8,3.8,6.1,40,NE,4.950292366653748,-165.75496613925398,521,103,11.0,139.0,342.0,,,,29,482,39,8,4
20/04/2023 09:25,243,103.9,77,19.5,99.25,-357,0,3,92,1.19,6966,48,-2.07456,43.290665,247.54086,12.072978126434585,25:11.7,7,7200.255999999999,0101000020E6100000FCC22BD5B29800C0DA74D38734A54540,20230420_NISSAN_HERNANI_EIBAR_048,,d3,11:14.5,07:44.5,NISSAN_LEAF,Nissan Leaf e+ 62 kW,62000,174,24:51.8,3.8,6.1,40,NE,5.434765098152389,-157.00775124343386,521,103,11.0,139.0,342.0,,,,29,482,39,25,4
20/04/2023 09:25,231,103.2,77,19.5,99.25,-366,0,3,91,-2.48,7156,48,-2.0773928,43.289463,232.7724,12.33878216733277,25:20.8,7,7200.205,0101000020E6100000A48EC118809E00C0E8F595110DA54540,20230420_NISSAN_HERNANI_EIBAR_048,,d3,11:14.5,07:44.5,NISSAN_LEAF,Nissan Leaf e+ 62 kW,62000,174,24:51.8,3.8,6.1,40,NE,5.268614187907545,-160.26458437172724,521,103,11.0,139.0,342.0,,,,29,482,39,25,4
20/04/2023 09:25,222,92.2,77,19.5,99.25,-415,0,3,91,-1.59,6374,48,-2.080105,43.28849,223.67867,12.583688183174639,25:29.8,7,7200.166,0101000020E610000072B3332B0EA400C05E95D54FEDA44540,20230420_NISSAN_HERNANI_EIBAR_048,,d3,11:14.5,07:44.5,NISSAN_LEAF,Nissan Leaf e+ 62 kW,62000,174,24:51.8,3.8,6.1,40,NE,4.7571201329902335,-168.7526292243274,521,103,11.0,139.0,342.0,,,,29,482,39,25,5
20/04/2023 09:25,213,93.5,77,19.5,99.25,-426,0,3,91,0.52,6307,48,-2.0828707,43.28794,214.80202000000003,12.815918238633422,25:38.9,7,7200.116999999999,0101000020E610000029C60E2BB8A900C09BBCEF46DBA44540,20230420_NISSAN_HERNANI_EIBAR_048,,d3,11:14.5,07:44.5,NISSAN_LEAF,Nissan Leaf e+ 62 kW,62000,174,24:51.8,3.8,6.1,40,NE,4.662134556303979,-170.1566331115457,521,103,11.0,139.0,342.0,,,,29,482,39,25,5
20/04/2023 09:25,199,101.5,77,19.5,99.25,-426,0,3,91,-1.62,6809,48,-2.0854354,43.287495,202.95067,13.029652261222875,25:46.9,7,7200.085999999999,0101000020E6100000D8D77CBFF8AE00C0B3ACC39BCCA44540,20230420_NISSAN_HERNANI_EIBAR_048,,d3,11:14.5,07:44.5,NISSAN_LEAF,Nissan Leaf e+ 62 kW,62000,174,24:51.8,3.8,6.1,40,NE,5.004760947722041,-164.86987211606657,521,103,11.0,139.0,342.0,,,,29,482,39,25,5
20/04/2023 09:25,189,93.6,77,19.5,99.25,-465,0,3,91,-1.59,6372,48,-2.0882647,43.28673,190.42445,13.274269822924467,25:55.9,7,7200.066,0101000020E6100000B3B39011C4B400C05282E8A3B3A44540,20230420_NISSAN_HERNANI_EIBAR_048,,d3,11:14.5,07:44.5,NISSAN_LEAF,Nissan Leaf e+ 62 kW,62000,174,24:51.8,3.8,6.1,40,NE,3.7217410174917207,177.59828715334478,521,103,11.0,139.0,342.0,,,,29,482,39,25,5
20/04/2023 09:26,176,90.6,77,19.5,99.25,-493,1640,3,90,0.53,6047,48,-2.0910304,43.286846,179.64941000000002,13.498761752402496,26:05.0,7,7199.971,0101000020E61000000EEE86176EBA00C0233CE165B7A44540,20230420_NISSAN_HERNANI_EIBAR_048,,d3,11:14.5,07:44.5,NISSAN_LEAF,Nissan Leaf e+ 62 kW,62000,174,24:51.8,3.8,6.1,40,NE,3.9864633943157135,-179.19258323490885,521,103,11.0,139.0,342.0,,,,29,482,39,8,5
20/04/2023 09:26,166,110.8,77,19.5,99.25,-493,17720,3,90,0.0,7289,48,-2.0940106,43.286804,167.89725,13.740316870134114,26:14.0,7,7199.965999999999,0101000020E61000001E44089A88C000C0F916300AB6A44540,20230420_NISSAN_HERNANI_EIBAR_048,,d3,11:14.5,07:44.5,NISSAN_LEAF,Nissan Leaf e+ 62 kW,62000,174,24:51.8,3.8,6.1,40,NE,5.474948986392183,-156.1643869744381,521,103,11.0,139.0,342.0,,,,29,482,39,25,6
20/04/2023 09:26,157,110.5,77,19.5,99.25,-493,17160,3,90,2.72,7309,48,-2.0965774,43.28567,159.50462,13.983496706189507,26:22.1,7,7199.906,0101000020E6100000F00A0665CAC500C00867F4EA90A44540,20230420_NISSAN_HERNANI_EIBAR_048,,d3,11:14.5,07:44.5,NISSAN_LEAF,Nissan Leaf e+ 62 kW,62000,174,24:51.8,3.8,6.1,40,NE,5.082883014492254,-163.56496086603494,521,103,11.0,139.0,342.0,,,,29,482,39,25,6
20/04/2023 09:26,151,115.7,77,19.5,99.25,-493,9720,3,90,-0.56,7871,48,-2.099781,43.284725,152.36238,14.263382447298548,26:31.2,7,7199.816,0101000020E6100000B16EB5095ACC00C0A405AAE471A44540,20230420_NISSAN_HERNANI_EIBAR_048,,d3,11:14.5,07:44.5,NISSAN_LEAF,Nissan Leaf e+ 62 kW,62000,174,24:51.8,3.8,6.1,40,NE,5.223090231611321,-161.10252723010194,521,103,11.0,139.0,342.0,,,,29,482,39,8,6
20/04/2023 09:26,144,109.9,77,19.5,99.25,-498,0,3,90,-1.67,7444,48,-2.1032426,43.28354,144.92113999999998,14.573109278430785,26:40.2,7,7199.786,0101000020E6100000C803F8D170D300C0D14560FC4AA44540,20230420_NISSAN_HERNANI_EIBAR_048,,d3,11:14.5,07:44.5,NISSAN_LEAF,Nissan Leaf e+ 62 kW,62000,174,24:51.8,3.8,6.1,40,NE,4.866814326686966,-167.0758209300551,521,103,11.0,139.0,342.0,,,,29,482,39,45,6
20/04/2023 09:26,136,102.5,77,19.5,99.25,-529,0,3,90,0.23,7019,48,-2.105988,43.28291,137.36632,14.806243229228047,26:48.2,7,7199.755999999999,0101000020E610000073DF514510D900C02159446336A44540,20230420_NISSAN_HERNANI_EIBAR_048,,d3,11:14.5,07:44.5,NISSAN_LEAF,Nissan Leaf e+ 62 kW,62000,174,28:37.2,3.8,6.1,40,NE,5.103886208757364,-163.20645101956995,521,103,11.0,139.0,342.0,,,,29,482,39,45,7
20/04/2023 09:26,127,104.7,77,19.5,99.25,-542,480,3,90,0.0,7010,48,-2.109275,43.281918,127.38603,15.094450499256384,26:58.3,7,7199.715999999999,0101000020E6100000C5F33E94CBDF00C0C701FBD915A44540,20230420_NISSAN_HERNANI_EIBAR_048,,d3,11:14.5,07:44.5,NISSAN_LEAF,Nissan Leaf e+ 62 kW,62000,174,28:37.2,3.8,6.1,40,NE,4.702701277754839,-169.562107337099,521,103,11.0,139.0,342.0,,,,29,482,39,45,7
20/04/2023 09:27,118,103.0,77,20.0,99.25,-549,0,3,90,0.0,7070,48,-2.1120706,43.281403000000005,120.054855,15.32799980819634,27:06.3,7,7199.676,0101000020E6100000EA56283C85E500C0871A8DF004A44540,20230420_NISSAN_HERNANI_EIBAR_048,,d3,11:14.5,07:44.5,NISSAN_LEAF,Nissan Leaf e+ 62 kW,62000,174,28:37.2,3.8,6.1,40,NE,3.993221263649804,-179.10866952826476,521,103,11.0,139.0,342.0,,,,29,482,39,45,7
20/04/2023 09:27,111,103.6,77,20.0,99.25,-558,0,3,90,-0.66,7010,48,-2.1152844,43.281353,112.82295,15.588314929969945,27:15.4,7,7199.637,0101000020E6100000F0A711461AEC00C00593D16603A44540,20230420_NISSAN_HERNANI_EIBAR_048,,d3,11:14.5,07:44.5,NISSAN_LEAF,Nissan Leaf e+ 62 kW,62000,174,28:37.2,3.8,6.1,40,NE,2.4054111978228137,163.22417600992566,521,103,11.0,139.0,342.0,,,,29,482,39,25,7
20/04/2023 09:27,103,99.9,77,20.0,99.25,-565,0,3,90,-0.34,6930,48,-2.1181936,43.28223,103.05038,15.843391060301888,27:24.4,7,7199.625,0101000020E61000006EFA62800FF200C01542212920A44540,20230420_NISSAN_HERNANI_EIBAR_048,,d3,11:14.5,07:44.5,NISSAN_LEAF,Nissan Leaf e+ 62 kW,62000,174,28:37.2,3.8,6.1,40,NE,3.519093835868682,175.23284333859417,521,103,11.0,139.0,342.0,,,,29,482,39,8,8
20/04/2023 09:27,91,101.1,77,20.0,99.25,-571,0,3,89,-0.67,6823,48,-2.1208916,43.282455,92.83134,16.06345489156912,27:32.5,7,7199.547,0101000020E6100000DA1A420096F700C0C80E987027A44540,20230420_NISSAN_HERNANI_EIBAR_048,,d3,11:14.5,07:44.5,NISSAN_LEAF,Nissan Leaf e+ 62 kW,62000,174,28:37.2,3.8,6.1,40,NE,4.230161556304292,-176.09464993677037,521,103,11.0,139.0,342.0,,,,29,482,39,120,8
20/04/2023 09:27,80,107.9,77,19.5,99.25,-574,7640,3,89,0.83,7145,48,-2.124041,43.28224,80.147575,16.319825370053206,27:41.5,7,7199.505999999999,0101000020E610000027AF744209FE00C038D81C8D20A44540,20230420_NISSAN_HERNANI_EIBAR_048,,d3,11:14.5,07:44.5,NISSAN_LEAF,Nissan Leaf e+ 62 kW,62000,174,28:37.2,3.8,6.1,40,NE,3.4717404194600183,174.69012195278995,521,103,11.0,139.0,342.0,,,,29,482,39,10,8
20/04/2023 09:27,70,109.7,77,19.5,99.25,-574,6880,3,89,1.59,7382,48,-2.1266448,43.282482,72.152084,16.53245923297422,27:48.5,7,7200.465999999999,0101000020E610000062ED1E6A5E0301C0D40E045C28A44540,20230420_NISSAN_HERNANI_EIBAR_048,,d3,11:14.5,07:44.5,NISSAN_LEAF,Nissan Leaf e+ 62 kW,62000,174,28:37.2,3.8,6.1,40,NE,3.4353417724588544,174.27536335469324,521,103,11.0,139.0,342.0,,,,29,482,39,120,8
20/04/2023 09:27,66,104.6,77,19.5,99.25,-574,12320,3,89,1.78,7132,48,-2.1299167000000003,43.28281,66.67742,16.79986758226877,27:57.5,7,7200.463000000001,0101000020E610000037CB79CD110A01C02CC2571833A44540,20230420_NISSAN_HERNANI_EIBAR_048,,d3,11:14.5,07:44.5,NISSAN_LEAF,Nissan Leaf e+ 62 kW,62000,174,28:37.2,3.8,6.1,40,NE,3.4384744276430417,174.31097879908197,521,103,11.0,139.0,342.0,,,,29,482,39,8,9
20/04/2023 09:28,64,105.1,77,19.5,99.25,-574,20240,3,89,3.05,7054,48,-2.1330988,43.283127,65.17881,17.059854934333835,28:06.6,7,7200.383000000001,0101000020E6100000997FEE17961001C04E48B18C3DA44540,20230420_NISSAN_HERNANI_EIBAR_048,,d3,11:14.5,07:44.5,NISSAN_LEAF,Nissan Leaf e+ 62 kW,62000,174,28:37.2,3.8,6.1,40,NE,3.676752837275015,177.06684593530872,90,63,,,,6.0,82.0,2.0,0,78,12,120,8
20/04/2023 09:28,65,106.9,77,18.999998,99.25,-574,24440,3,89,0.97,7370,48,-2.1360068,43.283276,65.0981,17.295831150076914,28:14.6,7,7200.382,0101000020E6100000534504CC8A1601C00D1DEF5542A44540,20230420_NISSAN_HERNANI_EIBAR_048,,d3,11:14.5,07:44.5,NISSAN_LEAF,Nissan Leaf e+ 62 kW,62000,174,28:37.2,3.8,6.1,40,NE,3.797896356687276,178.5066862228796,90,63,,,,6.0,82.0,2.0,0,78,12,8,8
20/04/2023 09:28,69,97.2,77,18.999998,99.25,-574,6720,3,89,1.11,6833,48,-2.1392290000000003,43.28336,67.93656,17.556840675873506,28:23.7,7,7200.303000000001,0101000020E61000006747871C241D01C05C3B752145A44540,20230420_NISSAN_HERNANI_EIBAR_048,,d3,11:14.5,07:44.5,NISSAN_LEAF,Nissan Leaf e+ 62 kW,62000,174,28:37.2,3.8,6.1,40,NE,3.7259186874976655,177.64782961916896,90,63,,,,6.0,82.0,2.0,0,78,12,8,8
20/04/2023 09:28,75,93.9,77,18.999998,99.25,-574,2600,3,90,-0.42,6473,48,-2.1421504,43.28348,74.105194,17.793774842624554,28:32.7,7,7200.253000000001,0101000020E61000004B7BEEC61F2301C0AC38CE2049A44540,20230420_NISSAN_HERNANI_EIBAR_048,,d3,11:14.5,07:44.5,NISSAN_LEAF,Nissan Leaf e+ 62 kW,62000,174,28:37.2,3.8,6.1,40,NE,5.271807930768634,-160.2050106562185,90,63,,,,6.0,82.0,2.0,0,78,12,8,8
20/04/2023 09:28,75,84.6,77,18.999998,99.25,-594,0,3,89,-1.53,5808,48,-2.1446037,43.282597,75.64814,18.015314476156007,28:41.7,7,7200.254,0101000020E61000003E41C906262801C06B97922D2CA44540,20230420_NISSAN_HERNANI_EIBAR_048,,d3,11:14.5,07:44.5,NISSAN_LEAF,Nissan Leaf e+ 62 kW,62000,174,28:37.2,3.8,6.1,40,NE,6.02409205000556,-139.0483155108224,90,63,,,,6.0,82.0,2.0,0,78,12,8,8
20/04/2023 09:28,74,93.2,77,18.999998,99.25,-597,6600,3,89,0.0,6050,48,-2.1463103,43.281116,74.88739,18.230267086692805,28:50.8,7,7200.1630000000005,0101000020E610000060819BB6A42B01C03D67C790FBA34540,20230420_NISSAN_HERNANI_EIBAR_048,,d3,11:14.5,07:44.5,NISSAN_LEAF,Nissan Leaf e+ 62 kW,62000,174,28:37.2,3.8,6.1,40,NE,5.892534021831215,-144.98596786467894,90,63,,,,6.0,82.0,2.0,0,78,12,85,8
20/04/2023 09:29,76,96.3,77,18.500002,99.25,-597,0,3,89,-0.2,6485,48,-2.1483886,43.27966,76.13046999999999,18.463757480951998,28:59.8,7,7200.154,0101000020E6100000A3127468E62F01C05B3B86EECBA34540,20230420_NISSAN_HERNANI_EIBAR_048,,d3,11:14.5,07:44.5,NISSAN_LEAF,Nissan Leaf e+ 62 kW,62000,174,28:37.2,3.8,6.1,40,NE,4.827004341285174,-167.69169295296078,90,63,,,,6.0,82.0,2.0,0,78,12,8,8
20/04/2023 09:29,74,88.4,77,18.500002,99.25,-604,0,3,89,-1.56,6194,48,-2.1511202000000003,43.279064,74.41489,18.694609974453062,29:08.9,7,7200.1140000000005,0101000020E6100000415DBB8B7E3501C034A79655B8A34540,20230420_NISSAN_HERNANI_EIBAR_048,,d3,11:14.5,07:44.5,NISSAN_LEAF,Nissan Leaf e+ 62 kW,62000,174,28:37.2,3.8,6.1,40,NE,3.9210044190878905,180.0,90,63,,,,6.0,82.0,2.0,0,78,12,45,7
20/04/2023 09:29,70,81.5,77,18.500002,99.25,-614,0,3,89,-1.33,5631,48,-2.153438,43.279064,71.96406999999999,18.88225768067362,29:16.9,7,7200.0740000000005,0101000020E6100000E790DBB23D3A01C0C22C7A58B8A34540,20230420_NISSAN_HERNANI_EIBAR_048,,d3,11:14.5,07:44.5,NISSAN_LEAF,Nissan Leaf e+ 62 kW,62000,174,29:52.0,3.8,6.1,40,NE,3.561846161852648,175.72596780164992,90,63,,,,6.0,82.0,2.0,0,78,12,90,7
20/04/2023 09:29,68,55.1,77,18.500002,99.25,-650,0,3,89,-2.89,4401,48,-2.155793,43.27924,68.43148000000001,19.073934949564116,29:26.0,7,7199.983,0101000020E6100000DB59C46B103F01C001F5BD14BEA34540,20230420_NISSAN_HERNANI_EIBAR_048,,d3,11:14.5,07:44.5,NISSAN_LEAF,Nissan Leaf e+ 62 kW,62000,174,29:52.0,3.8,6.1,40,NE,3.280640803687607,172.53467794727447,90,63,,,,6.0,82.0,2.0,0,78,12,80,7
20/04/2023 09:29,69,42.0,77,18.500002,99.25,-685,0,3,89,-1.73,2988,48,-2.1572735,43.279434,69.3401,19.195713864423542,29:35.1,7,7199.904,0101000020E61000009F45CD91184201C0C2B6F986C4A34540,20230420_NISSAN_HERNANI_EIBAR_048,,d3,11:14.5,07:44.5,NISSAN_LEAF,Nissan Leaf e+ 62 kW,62000,174,29:52.0,3.8,6.1,40,NE,2.8699172694119244,168.06534466259748,90,63,,,,6.0,82.0,2.0,0,78,12,90,7
20/04/2023 09:29,68,21.1,77,18.500002,99.25,-704,0,3,89,-1.61,1849,48,-2.158215,43.279633,68.9133,19.275078395231763,29:43.1,7,7199.903,0101000020E61000007EBDD635064401C030DE9DFACAA34540,20230420_NISSAN_HERNANI_EIBAR_048,,d3,11:14.5,07:44.5,NISSAN_LEAF,Nissan Leaf e+ 62 kW,62000,174,29:52.0,3.8,6.1,40,NE,3.12894203397729,170.85994876609945,90,63,,,,6.0,82.0,2.0,0,78,12,90,7
20/04/2023 09:29,66,15.8,77,18.500002,99.25,-711,0,3,89,0.0,1104,48,-2.1587806,43.279724,67.351814,19.321995446349884,29:52.1,7,7199.894,0101000020E610000085F95CCA2E4501C02A7EAF00CEA34540,20230420_NISSAN_HERNANI_EIBAR_048,,d3,11:14.5,07:44.5,NISSAN_LEAF,Nissan Leaf e+ 62 kW,62000,174,29:52.0,3.8,6.1,40,NE,3.5559347856031693,175.65760246014867,90,63,,,,6.0,82.0,2.0,0,78,12,8,7
20/04/2023 09:30,65,2.7,77,18.500002,99.25,-712,0,3,89,0.0,100,48,-2.159123,43.27975,65.52894599999999,19.349923195261017,30:01.2,7,7199.813,0101000020E6100000E7024239E24501C01EB5E6DDCEA34540,20230420_NISSAN_HERNANI_EIBAR_048,,d3,11:14.5,07:44.5,NISSAN_LEAF,Nissan Leaf e+ 62 kW,62000,174,29:52.0,3.8,6.1,40,NE,5.9330694584558765,-116.5650511625383,94,63,,,,8.0,82.0,4.0,0,80,14,8,7
20/04/2023 09:30,65,0.0,77,18.0,99.25,-712,0,3,88,0.0,0,48,-2.1591265,43.279743,65.32564,19.350776108394136,30:10.2,7,7199.763000000001,0101000020E61000005DDEFA2CE44501C04612DEA9CEA34540,20230420_NISSAN_HERNANI_EIBAR_048,,d3,11:14.5,07:44.5,NISSAN_LEAF,Nissan Leaf e+ 62 kW,62000,174,29:52.0,3.8,6.1,40,NE,5.230124082302615,-160.9743939675262,94,63,,,,8.0,82.0,4.0,0,80,14,8,7
20/04/2023 09:30,65,0.0,77,18.0,99.25,-712,120,3,88,0.0,1,48,-2.1591816,43.279724,65.79765,19.355734109775604,30:19.3,7,7199.714,0101000020E6100000EA946EF6004601C02F6E8CF0CDA34540,20230420_NISSAN_HERNANI_EIBAR_048,,d3,11:14.5,07:44.5,NISSAN_LEAF,Nissan Leaf e+ 62 kW,62000,174,29:52.0,3.8,6.1,40,NE,3.004573444679955,169.5085229877065,94,63,,,,8.0,82.0,4.0,0,80,14,8,7
20/04/2023 09:30,66,1.8,77,18.0,99.25,-712,0,3,88,0.0,367,48,-2.159349,43.279755,66.334885,19.36972726512348,30:27.3,7,7199.683000000001,0101000020E610000093E3FFBD584601C0E97B6B0ECFA34540,20230420_NISSAN_HERNANI_EIBAR_048,,d3,11:14.5,07:44.5,NISSAN_LEAF,Nissan Leaf e+ 62 kW,62000,174,29:52.0,3.8,6.1,40,NE,0.4746013768123711,144.46232220478367,94,63,,,,8.0,82.0,4.0,0,80,14,8,7
20/04/2023 09:30,67,26.7,77,18.0,99.25,-712,7200,3,87,10.27,610,48,-2.159398,43.279790000000006,67.72903000000001,19.37545649245302,30:36.4,7,7199.633000000001,0101000020E61000003399D07A724601C08ADD5125D0A34540,20230420_NISSAN_HERNANI_EIBAR_048,,d3,11:14.5,07:44.5,NISSAN_LEAF,Nissan Leaf e+ 62 kW,62000,174,29:52.0,3.8,6.1,40,NE,3.5562806966802536,175.66160132469884,94,63,,,,8.0,82.0,4.0,0,80,14,8,7
20/04/2023 09:30,67,60.8,77,18.0,99.25,-712,10880,3,88,1.77,3896,48,-2.1608875,43.279903,67.13828000000001,19.496688043585515,30:45.4,7,7199.562,0101000020E610000012A2AC5A7F4901C007D48DD4D3A34540,20230420_NISSAN_HERNANI_EIBAR_048,,d3,11:14.5,07:44.5,NISSAN_LEAF,Nissan Leaf e+ 62 kW,62000,174,29:52.0,3.8,6.1,40,NE,4.017253140728821,-178.80939396269446,94,63,,,,8.0,82.0,4.0,0,80,14,100,7
20/04/2023 09:30,66,75.2,77,18.0,99.25,-712,16480,3,89,2.98,4915,48,-2.1629565,43.27986,66.28386,19.664246925248626,30:54.4,7,7199.554,0101000020E6100000B889F321BC4D01C0F5436171D2A34540,20230420_NISSAN_HERNANI_EIBAR_048,,d3,11:14.5,07:44.5,NISSAN_LEAF,Nissan Leaf e+ 62 kW,62000,174,29:52.0,3.8,6.1,40,NE,4.8276244182095,-167.68216606807573,94,63,,,,8.0,82.0,4.0,0,80,14,25,6
20/04/2023 09:31,66,88.9,77,18.0,99.25,-712,11040,3,89,2.81,5756,48,-2.1650631,43.2794,66.78468000000001,19.842286317240994,31:02.5,7,7200.482,0101000020E6100000D217F5970C5201C08F3DA16EC3A34540,20230420_NISSAN_HERNANI_EIBAR_048,,d3,11:14.5,07:44.5,NISSAN_LEAF,Nissan Leaf e+ 62 kW,62000,174,29:52.0,3.8,6.1,40,NE,5.095475745519331,-163.3504208089591,94,63,,,,8.0,82.0,4.0,0,80,14,100,6
20/04/2023 09:31,62,95.1,76,18.0,99.25,-712,6360,3,89,0.36,6497,48,-2.167678,43.278618,63.498398,20.07115639921742,31:11.5,7,7200.474,0101000020E6100000F73405A7675701C0CC8264B3A9A34540,20230420_NISSAN_HERNANI_EIBAR_048,,d3,11:14.5,07:44.5,NISSAN_LEAF,Nissan Leaf e+ 62 kW,62000,174,29:52.0,3.8,6.1,40,NE,4.340647440809727,-174.6362594876413,94,63,,,,8.0,82.0,4.0,0,80,14,25,6
20/04/2023 09:31,62,95.2,76,18.0,99.25,-712,10040,3,89,2.97,6418,48,-2.1702342,43.278378,62.070316000000005,20.27980770316101,31:19.6,7,7200.434,0101000020E6100000109797B8A35C01C028A1A1D0A1A34540,20230420_NISSAN_HERNANI_EIBAR_048,,d3,11:14.5,07:44.5,NISSAN_LEAF,Nissan Leaf e+ 62 kW,62000,174,29:52.0,3.8,6.1,40,NE,3.354843214840161,173.3652496893855,94,63,,,,8.0,82.0,4.0,0,80,14,25,6
20/04/2023 09:31,63,95.8,76,18.0,99.25,-712,11680,3,89,2.17,6505,48,-2.1731744,43.27872,63.563896,20.520849692117686,31:28.6,7,7200.356,0101000020E6100000AA788E35A96201C085A6D126ADA34540,20230420_NISSAN_HERNANI_EIBAR_048,,d3,11:14.5,07:44.5,NISSAN_LEAF,Nissan Leaf e+ 62 kW,62000,174,29:52.0,3.8,6.1,40,NE,2.1233843473426486,160.37088955934686,94,63,,,,8.0,82.0,4.0,0,80,14,25,6
20/04/2023 09:31,66,97.1,76,18.0,99.25,-712,21480,3,89,3.3,6518,48,-2.1758184,43.279663,66.41272,20.75920932534272,31:37.7,7,7200.305,0101000020E61000006D527780136801C0B2E2CE00CCA34540,20230420_NISSAN_HERNANI_EIBAR_048,,d3,11:14.5,07:44.5,NISSAN_LEAF,Nissan Leaf e+ 62 kW,62000,174,29:52.0,3.8,6.1,40,NE,0.6500806749397838,146.1176632389003,94,63,,,,8.0,82.0,4.0,0,80,14,25,6
20/04/2023 09:31,71,93.4,76,18.0,99.25,-720,600,3,89,1.14,6296,48,-2.1777945,43.28099,71.07359,20.976887555623044,31:45.7,7,7200.305,0101000020E61000005AE1FE8A1F6C01C07F344A7BF7A34540,20230420_NISSAN_HERNANI_EIBAR_048,,d3,11:14.5,07:44.5,NISSAN_LEAF,Nissan Leaf e+ 62 kW,62000,174,33:37.3,3.8,6.1,40,NE,1.575560360135347,154.96853695337765,94,63,,,,8.0,82.0,4.0,0,80,14,25,5
20/04/2023 09:31,76,103.9,76,18.0,99.25,-720,20560,3,89,1.16,6973,48,-2.18027,43.282146,75.52327,21.21500242566147,31:54.7,7,7200.265,0101000020E6100000E8BB9063317101C036451A641DA44540,20230420_NISSAN_HERNANI_EIBAR_048,,d3,11:14.5,07:44.5,NISSAN_LEAF,Nissan Leaf e+ 62 kW,62000,174,33:37.3,3.8,6.1,40,NE,3.871300458754836,179.39324601126157,94,63,,,,8.0,82.0,4.0,0,80,14,55,5
20/04/2023 09:32,77,111.5,76,18.0,99.25,-720,27560,3,89,3.5,7342,48,-2.1834805,43.28218,77.18434,21.474919989465082,32:03.8,7,7200.215,0101000020E610000051424E9CC47701C03376448F1EA44540,20230420_NISSAN_HERNANI_EIBAR_048,,d3,11:14.5,07:44.5,NISSAN_LEAF,Nissan Leaf e+ 62 kW,62000,174,33:37.3,3.8,6.1,40,NE,5.0877493125444175,-163.48219864631628,94,63,,,,8.0,82.0,4.0,0,80,14,55,5
20/04/2023 09:32,79,118.5,76,18.0,99.25,-720,34760,3,89,4.08,7852,48,-2.1862962,43.281345,79.21439000000001,21.7210417657232,32:11.8,7,7200.186,0101000020E6100000949DC5E8887D01C0429AD01303A44540,20230420_NISSAN_HERNANI_EIBAR_048,,d3,11:14.5,07:44.5,NISSAN_LEAF,Nissan Leaf e+ 62 kW,62000,174,33:37.3,3.8,6.1,40,NE,3.863198778628654,179.29484713650672,94,63,,,,8.0,82.0,4.0,0,80,14,55,5
20/04/2023 09:32,83,120.1,76,18.0,99.25,-720,8440,3,90,2.58,8119,48,-2.1899524,43.28139,81.71218,22.017061918193438,32:20.9,7,7200.095,0101000020E61000008E6CC8C3058501C0B4351A9404A44540,20230420_NISSAN_HERNANI_EIBAR_048,,d3,11:14.5,07:44.5,NISSAN_LEAF,Nissan Leaf e+ 62 kW,62000,174,33:37.3,3.8,6.1,40,NE,4.24810366001883,-175.86028244039224,94,63,,,,8.0,82.0,4.0,0,80,14,8,5
20/04/2023 09:32,88,111.5,75,18.0,99.25,-720,10760,3,90,0.38,7750,48,-2.1935723,43.281128,87.630196,22.311595404669028,32:29.9,7,7200.054,0101000020E61000001080D59A6F8C01C022BA2F05FCA34540,20230420_NISSAN_HERNANI_EIBAR_048,,d3,11:14.5,07:44.5,NISSAN_LEAF,Nissan Leaf e+ 62 kW,62000,174,33:37.3,3.8,6.1,40,NE,3.655276747659365,176.8144623355171,94,63,,,,8.0,82.0,4.0,0,80,14,8,5
20/04/2023 09:32,97,105.7,75,18.0,99.25,-720,22680,3,90,1.73,7283,48,-2.196519,43.281292,94.73761,22.550931328780642,32:38.0,7,7200.016,0101000020E61000004C2D9487789201C060AF465901A44540,20230420_NISSAN_HERNANI_EIBAR_048,,d3,11:14.5,07:44.5,NISSAN_LEAF,Nissan Leaf e+ 62 kW,62000,174,33:37.3,3.8,6.1,40,NE,3.6592708122997473,176.86133677759526,94,63,,,,8.0,82.0,4.0,0,80,14,8,4
20/04/2023 09:32,105,99.7,75,18.0,99.25,-720,16080,3,91,2.38,6787,48,-2.1997104,43.281467,104.21883,22.81017855592013,32:47.0,7,7199.976,0101000020E610000072C86BB4019901C0F8BD421C07A44540,20230420_NISSAN_HERNANI_EIBAR_048,,d3,11:14.5,07:44.5,NISSAN_LEAF,Nissan Leaf e+ 62 kW,62000,174,33:37.3,3.8,6.1,40,NE,4.00815796608157,-178.92281885315856,94,63,,,,8.0,82.0,4.0,0,80,14,100,4
20/04/2023 09:32,116,96.4,75,18.500002,99.25,-720,15400,3,91,3.11,6611,48,-2.2027419,43.28141,115.26486,23.055906711288024,32:56.2,7,7199.806,0101000020E61000004BCC3725379F01C0E7F47E3C05A44540,20230420_NISSAN_HERNANI_EIBAR_048,,d3,11:14.5,07:44.5,NISSAN_LEAF,Nissan Leaf e+ 62 kW,62000,174,33:37.3,3.8,6.1,40,NE,4.236001306312724,-176.01847021259002,94,63,,,,8.0,82.0,4.0,0,80,14,55,4
20/04/2023 09:33,127,89.3,75,18.500002,99.25,-720,11040,3,91,1.3,6211,48,-2.205328,43.28123,125.489655,23.266453258337176,33:04.1,7,7199.926,0101000020E61000003900A0F882A401C0434E7667FFA34540,20230420_NISSAN_HERNANI_EIBAR_048,,d3,11:14.5,07:44.5,NISSAN_LEAF,Nissan Leaf e+ 62 kW,62000,174,33:37.3,3.8,6.1,40,NE,3.978456133757261,-179.29187373184027,94,63,,,,8.0,82.0,4.0,0,80,14,100,4
20/04/2023 09:33,131,85.1,75,18.500002,99.25,-720,8640,4,91,0.62,6230,48,-2.2074316,43.281204,131.30496000000002,23.436862702202255,33:13.2,7,7199.835999999999,0101000020E6100000C029E6EDD1A801C0FA6F2B87FEA34540,20230420_NISSAN_HERNANI_EIBAR_048,,d3,11:14.5,07:44.5,NISSAN_LEAF,Nissan Leaf e+ 62 kW,62000,174,33:37.3,3.8,6.1,40,NE,-3.9210044190878905,0.0,94,63,,,,8.0,82.0,4.0,0,80,14,120,4
20/04/2023 09:33,131,85.1,75,18.500002,99.25,-729,0,4,91,-2.09,5810,48,-2.2074316,43.281204,131.30496000000002,23.436862702202255,33:22.2,7,7199.835,0101000020E6100000C029E6EDD1A801C0FA6F2B87FEA34540,20230420_NISSAN_HERNANI_EIBAR_048,,d3,11:14.5,07:44.5,NISSAN_LEAF,Nissan Leaf e+ 62 kW,62000,174,33:37.3,3.8,6.1,40,NE,2.9426033700195804,168.84187468362506,94,63,,,,8.0,82.0,4.0,0,80,14,120,4
20/04/2023 09:33,134,84.1,75,18.999998,99.25,-732,0,4,91,0.0,5675,48,-2.2133937,43.28238,134.63173999999998,23.936900447019223,33:31.2,7,7199.795999999999,0101000020E61000007A3347B907B501C0C7702AF624A44540,20230420_NISSAN_HERNANI_EIBAR_048,,d3,11:14.5,07:44.5,NISSAN_LEAF,Nissan Leaf e+ 62 kW,62000,174,33:37.3,3.8,6.1,40,NE,2.128106935822523,160.41821419571724,94,63,,,,8.0,82.0,4.0,0,80,14,120,4
20/04/2023 09:33,111,95.3,75,18.999998,99.25,-732,7800,3,91,0.2,6269,48,-2.2155864,43.28316,112.84865,24.13564896878758,33:39.3,7,7199.726,0101000020E6100000F945326285B901C00C1AF1A83EA44540,20230420_NISSAN_HERNANI_EIBAR_048,,d3,11:14.5,07:44.5,NISSAN_LEAF,Nissan Leaf e+ 62 kW,62000,174,33:37.3,3.8,6.1,40,NE,0.9743654651888382,149.19134341425163,94,63,,,,8.0,82.0,4.0,0,80,14,100,4
20/04/2023 09:33,103,101.7,75,18.999998,99.25,-739,0,3,90,2.02,6629,48,-2.2179425,43.284565,105.0975,24.382307777298017,33:48.3,7,7199.686,0101000020E61000007440809658BE01C0A8210EA76CA44540,20230420_NISSAN_HERNANI_EIBAR_048,,d3,11:14.5,07:44.5,NISSAN_LEAF,Nissan Leaf e+ 62 kW,62000,174,33:37.3,3.8,6.1,40,NE,1.8179864343363823,157.33935250591753,94,63,,,,8.0,82.0,4.0,0,80,14,8,3
20/04/2023 09:33,88,102.5,75,18.999998,99.25,-739,0,3,90,-1.64,7046,48,-2.220685,43.28571,89.60014,24.638685776958198,33:57.4,7,7199.646,0101000020E6100000615C887CF6C301C0C53B8F2C92A44540,20230420_NISSAN_HERNANI_EIBAR_048,,d3,11:14.5,07:44.5,NISSAN_LEAF,Nissan Leaf e+ 62 kW,62000,174,33:37.3,3.8,6.1,40,NE,4.146571745669819,-177.17465077752874,94,63,,,,8.0,82.0,4.0,0,80,14,8,3
20/04/2023 09:34,78,100.8,75,18.999998,99.25,-759,0,3,90,-0.39,6815,48,-2.2237852000000005,43.285557,80.08655999999999,24.890383511825906,34:06.4,7,7199.645,0101000020E6100000AB1D10E94FCA01C0B82E01178DA44540,20230420_NISSAN_HERNANI_EIBAR_048,,d3,11:14.5,07:44.5,NISSAN_LEAF,Nissan Leaf e+ 62 kW,62000,174,33:37.3,3.8,6.1,40,NE,4.457257616673409,-173.05506071029308,94,63,,,,8.0,82.0,4.0,0,80,14,120,3
20/04/2023 09:34,69,105.8,75,18.999998,99.25,-759,0,3,90,-0.44,7129,48,-2.2269623,43.28517,70.78349,25.15129247682492,34:15.4,7,7199.595,0101000020E61000004471F6A8D1D001C03C4A6B8C80A44540,20230420_NISSAN_HERNANI_EIBAR_048,,d3,11:14.5,07:44.5,NISSAN_LEAF,Nissan Leaf e+ 62 kW,62000,174,34:51.9,3.8,6.1,40,NE,4.078930543630116,-178.03495237131472,94,63,,,,8.0,82.0,4.0,0,80,14,120,3
20/04/2023 09:34,63,111.6,75,18.999998,99.25,-761,20600,3,90,0.77,7484,48,-2.2302558,43.285057,63.048576,25.418291028896842,34:24.5,7,7199.526,0101000020E6100000D5C5106190D701C08AAC34B77CA44540,20230420_NISSAN_HERNANI_EIBAR_048,,d3,11:14.5,07:44.5,NISSAN_LEAF,Nissan Leaf e+ 62 kW,62000,174,34:51.9,3.8,6.1,40,NE,4.696153802381225,-169.6585665299159,94,63,,,,8.0,82.0,4.0,0,80,14,25,3
20/04/2023 09:34,55,104.9,75,18.999998,99.25,-761,7280,3,90,-0.81,7192,48,-2.2331218999999995,43.284534,56.442474,25.657556212931738,34:32.5,7,7199.515,0101000020E610000066ED0F006FDD01C07F2AE0976BA44540,20230420_NISSAN_HERNANI_EIBAR_048,,d3,11:14.5,07:44.5,NISSAN_LEAF,Nissan Leaf e+ 62 kW,62000,174,34:51.9,3.8,6.1,40,NE,5.413001384270898,-157.45449544779643,94,63,,,,8.0,82.0,4.0,0,80,14,25,3
20/04/2023 09:34,52,103.7,75,18.999998,99.25,-761,8680,3,89,1.39,6999,48,-2.2356126,43.2835,52.523174,25.889681452705975,34:40.5,7,7200.475,0101000020E6100000B413BAD788E201C0434B7DC349A44540,20230420_NISSAN_HERNANI_EIBAR_048,,d3,11:14.5,07:44.5,NISSAN_LEAF,Nissan Leaf e+ 62 kW,62000,174,34:51.9,3.8,6.1,40,NE,5.921808691933602,-143.88285810685235,94,63,,,,8.0,82.0,4.0,0,80,14,8,4
20/04/2023 09:34,51,106.3,75,18.999998,99.25,-761,13120,3,89,2.28,7150,48,-2.2378643,43.281857,51.643772,26.147751061564055,34:49.7,7,7200.3240000000005,0101000020E610000014CDB96325E701C063F90BE613A44540,20230420_NISSAN_HERNANI_EIBAR_048,,d3,11:14.5,07:44.5,NISSAN_LEAF,Nissan Leaf e+ 62 kW,62000,174,34:51.9,3.8,6.1,40,NE,6.027181109723267,-138.86191791230834,94,63,,,,8.0,82.0,4.0,0,80,14,25,4
20/04/2023 09:34,50,118.5,75,18.999998,99.25,-761,16440,3,89,-0.77,7920,48,-2.2400703,43.27993,51.1288,26.426681794346926,34:58.6,7,7200.386,0101000020E61000009C188BF9A9EB01C01D4705B8D4A34540,20230420_NISSAN_HERNANI_EIBAR_048,,d3,11:14.5,07:44.5,NISSAN_LEAF,Nissan Leaf e+ 62 kW,62000,174,34:51.9,3.8,6.1,40,NE,5.499300296936211,-155.6407964416375,94,63,,,,8.0,82.0,4.0,0,80,14,20,4
20/04/2023 09:35,50,114.0,74,18.999998,99.25,-761,15520,3,90,1.0,7757,48,-2.243052,43.27858,50.35617,26.710929210765954,35:07.7,7,7200.335999999999,0101000020E61000004FBA7A48C5F101C00A7D6870A8A34540,20230420_NISSAN_HERNANI_EIBAR_048,,d3,11:14.5,07:44.5,NISSAN_LEAF,Nissan Leaf e+ 62 kW,62000,174,34:51.9,3.8,6.1,40,NE,4.780526075106384,-168.40006070686704,94,63,,,,8.0,82.0,4.0,0,80,14,20,4
20/04/2023 09:35,57,99.6,74,18.999998,99.25,-761,0,3,90,0.95,6986,48,-2.2462478,43.277924,56.433365,26.979796005803486,35:16.7,7,7200.286,0101000020E6100000EDBEBFBC50F801C09708600E93A34540,20230420_NISSAN_HERNANI_EIBAR_048,,d3,11:14.5,07:44.5,NISSAN_LEAF,Nissan Leaf e+ 62 kW,62000,174,34:51.9,3.8,6.1,40,NE,4.156925857135874,-177.0419069417428,94,63,,,,8.0,82.0,4.0,0,80,14,20,4
20/04/2023 09:35,63,98.4,74,18.999998,99.25,-761,22960,3,90,2.67,6595,48,-2.249228,43.27777,62.394775,27.221735870222318,35:25.8,7,7200.245,0101000020E6100000ECC526406BFE01C083E3C0F88DA34540,20230420_NISSAN_HERNANI_EIBAR_048,,d3,11:14.5,07:44.5,NISSAN_LEAF,Nissan Leaf e+ 62 kW,62000,174,34:51.9,3.8,6.1,40,NE,3.550183413367582,175.5911436970022,222,76,,,,4.0,142.0,75.0,1,203,19,120,4
20/04/2023 09:35,71,92.6,74,18.999998,99.25,-761,13920,3,90,2.23,6328,48,-2.2518609,43.277973,71.06518,27.436247095925363,35:33.8,7,7200.165,0101000020E61000005C76FCAACF0302C0484B739494A34540,20230420_NISSAN_HERNANI_EIBAR_048,,d3,11:14.5,07:44.5,NISSAN_LEAF,Nissan Leaf e+ 62 kW,62000,174,34:51.9,3.8,6.1,40,NE,5.227058463511727,-161.03029785841247,222,76,,,,4.0,142.0,75.0,1,203,19,40,4
20/04/2023 09:35,79,94.5,74,18.999998,99.25,-761,20520,3,90,3.59,6249,48,-2.254357,43.277115,77.1407,27.659790362466534,35:42.8,7,7200.156,0101000020E6100000303B016AEC0802C03CF84D7B78A34540,20230420_NISSAN_HERNANI_EIBAR_048,,d3,11:14.5,07:44.5,NISSAN_LEAF,Nissan Leaf e+ 62 kW,62000,174,34:51.9,3.8,6.1,40,NE,6.032718308598013,-121.48232325723328,222,76,,,,4.0,142.0,75.0,1,203,19,8,4
20/04/2023 09:35,88,97.6,74,18.999998,99.25,-761,24520,3,91,3.81,6531,48,-2.2555346000000003,43.275192,86.36968,27.894089604461975,35:51.9,7,7200.054,0101000020E6100000CA6AF6CE550B02C0B802D57539A34540,20230420_NISSAN_HERNANI_EIBAR_048,,d3,11:14.5,07:44.5,NISSAN_LEAF,Nissan Leaf e+ 62 kW,62000,174,34:51.9,3.8,6.1,40,NE,5.933630799034694,-116.58776306190424,222,76,,,,4.0,142.0,75.0,1,203,19,100,3
20/04/2023 09:36,98,103.4,74,18.999998,99.25,-761,29880,3,91,4.36,6865,48,-2.2564435,43.273376,95.7813,28.109214755191793,35:59.9,7,7200.056,0101000020E6100000EB271D3B320D02C087ABBF03FEA24540,20230420_NISSAN_HERNANI_EIBAR_048,,d3,11:14.5,07:44.5,NISSAN_LEAF,Nissan Leaf e+ 62 kW,62000,174,34:51.9,3.8,6.1,40,NE,5.667564553770727,-151.70366113496846,222,76,,,,4.0,142.0,75.0,1,203,19,100,3
20/04/2023 09:36,103,109.7,74,18.999998,99.25,-761,26520,3,92,2.17,7391,48,-2.2590737,43.27196,102.70522,28.374137522635912,36:09.0,7,7199.986,0101000020E6100000761A5731951202C0338C5CA9CFA24540,20230420_NISSAN_HERNANI_EIBAR_048,,d3,11:14.5,07:44.5,NISSAN_LEAF,Nissan Leaf e+ 62 kW,62000,174,34:51.9,3.8,6.1,40,NE,4.4811798373605,-172.72491358967275,222,76,,,,4.0,142.0,75.0,1,203,19,8,3
20/04/2023 09:36,108,107.9,73,18.999998,99.25,-761,0,3,92,-0.36,7413,48,-2.262019,43.271584,107.049,28.616271962469334,36:17.0,7,7199.991999999999,0101000020E61000007C777F5F9D1802C029755C32C3A24540,20230420_NISSAN_HERNANI_EIBAR_048,,d3,11:14.5,07:44.5,NISSAN_LEAF,Nissan Leaf e+ 62 kW,62000,174,34:51.9,3.8,6.1,40,NE,4.270740171367354,-175.56326009791502,222,76,,,,4.0,142.0,75.0,1,203,19,8,3
20/04/2023 09:36,115,99.3,74,18.500002,99.25,-784,0,3,92,-1.02,6865,48,-2.2651637000000004,43.27134,114.24184,28.8724176439212,36:26.1,7,7199.903,0101000020E61000008892992F0E1F02C09D807A3ABBA24540,20230420_NISSAN_HERNANI_EIBAR_048,,d3,11:14.5,07:44.5,NISSAN_LEAF,Nissan Leaf e+ 62 kW,62000,174,34:51.9,3.8,6.1,40,NE,5.433492362264087,-157.03406442940323,222,76,,,,4.0,142.0,75.0,1,203,19,100,3
20/04/2023 09:36,118,97.4,74,18.500002,99.25,-801,0,3,92,0.73,6511,48,-2.268019,43.27013,117.95428,29.139921650529175,36:36.1,7,7199.853,0101000020E61000004844C52FE72402C01D6E029293A24540,20230420_NISSAN_HERNANI_EIBAR_048,,d3,11:14.5,07:44.5,NISSAN_LEAF,Nissan Leaf e+ 62 kW,62000,174,34:51.9,3.8,6.1,40,NE,6.073740317240321,-135.3183066114605,222,76,,,,4.0,142.0,75.0,1,203,19,8,3
20/04/2023 09:36,117,99.4,74,18.500002,99.25,-806,0,3,92,0.0,6555,48,-2.269829,43.26834,117.241165,29.38709208765052,36:45.2,7,7199.842,0101000020E61000009F898E2E9C2802C065B2430B59A24540,20230420_NISSAN_HERNANI_EIBAR_048,,d3,11:14.5,07:44.5,NISSAN_LEAF,Nissan Leaf e+ 62 kW,62000,174,38:37.2,3.8,6.1,40,NE,6.099841928136152,-130.4124781403341,222,76,,,,4.0,142.0,75.0,1,203,19,120,3
20/04/2023 09:36,113,100.8,74,18.500002,99.25,-809,6600,3,92,1.59,6656,48,-2.2716,43.26626,113.35004,29.65925032771697,36:54.2,7,7199.792,0101000020E610000084D127923C2C02C08FC30BC014A24540,20230420_NISSAN_HERNANI_EIBAR_048,,d3,11:14.5,07:44.5,NISSAN_LEAF,Nissan Leaf e+ 62 kW,62000,174,38:37.2,3.8,6.1,40,NE,5.894541137570448,-144.91288725529603,222,76,,,,4.0,142.0,75.0,1,203,19,120,2
20/04/2023 09:37,107,109.9,73,18.500002,99.25,-809,14000,3,92,1.06,7359,48,-2.2739346,43.26462,107.996185,29.92196229037489,37:03.2,7,7199.753000000001,0101000020E6100000AC40859A043102C0B7ECCF13DFA14540,20230420_NISSAN_HERNANI_EIBAR_048,,d3,11:14.5,07:44.5,NISSAN_LEAF,Nissan Leaf e+ 62 kW,62000,174,38:37.2,3.8,6.1,40,NE,5.5030434332940015,-155.55942785632155,222,76,,,,4.0,142.0,75.0,1,203,19,120,2
20/04/2023 09:37,106,112.9,73,18.500002,99.25,-809,19400,3,92,2.3,7554,48,-2.276487,43.26346,106.47903,30.165588914316604,37:11.3,7,7199.713000000001,0101000020E610000067B6D4D83E3602C02A60590EB9A14540,20230420_NISSAN_HERNANI_EIBAR_048,,d3,11:14.5,07:44.5,NISSAN_LEAF,Nissan Leaf e+ 62 kW,62000,174,38:37.2,3.8,6.1,40,NE,5.415809142611947,-157.39723851427263,222,76,,,,4.0,142.0,75.0,1,203,19,120,2
20/04/2023 09:37,102,112.1,73,18.500002,99.25,-809,15840,3,92,1.14,7700,48,-2.2794607000000005,43.262222,103.24816,30.442972425473812,37:20.4,7,7199.633000000001,0101000020E6100000D677D6D6553C02C023B9F18390A14540,20230420_NISSAN_HERNANI_EIBAR_048,,d3,11:14.5,07:44.5,NISSAN_LEAF,Nissan Leaf e+ 62 kW,62000,174,38:37.2,3.8,6.1,40,NE,5.840268119674042,-146.7798664560515,222,76,,,,4.0,142.0,75.0,1,203,19,25,3
20/04/2023 09:37,100,116.5,73,18.500002,99.25,-809,18720,3,92,2.84,7666,48,-2.282052,43.260525,100.954185,30.725181719823382,37:29.4,7,7199.581999999999,0101000020E6100000A894B970A44102C0C97304E558A14540,20230420_NISSAN_HERNANI_EIBAR_048,,d3,11:14.5,07:44.5,NISSAN_LEAF,Nissan Leaf e+ 62 kW,62000,174,38:37.2,3.8,6.1,40,NE,5.218574048176186,-161.18454717451223,222,76,,,,4.0,142.0,75.0,1,203,19,25,3
20/04/2023 09:37,100,113.4,73,18.500002,99.25,-809,6080,3,92,1.2,7769,48,-2.2852657,43.25943,100.6749,31.012495738866136,37:38.5,7,7199.533,0101000020E6100000392D5F6C394802C0A7C5230735A14540,20230420_NISSAN_HERNANI_EIBAR_048,,d3,11:14.5,07:44.5,NISSAN_LEAF,Nissan Leaf e+ 62 kW,62000,174,38:37.2,3.8,6.1,40,NE,3.436627060968949,174.28997409136528,222,76,,,,4.0,142.0,75.0,1,203,19,25,3
20/04/2023 09:37,102,111.3,73,18.500002,99.25,-809,13320,3,92,1.62,7494,48,-2.288266,43.25973,102.63975,31.257742529207135,37:46.5,7,7199.48,0101000020E6100000BBE53D5D5E4E02C0777894D23EA14540,20230420_NISSAN_HERNANI_EIBAR_048,,d3,11:14.5,07:44.5,NISSAN_LEAF,Nissan Leaf e+ 62 kW,62000,174,38:37.2,3.8,6.1,40,NE,2.186345572320405,161.00302919694337,222,76,,,,4.0,142.0,75.0,1,203,19,25,3
20/04/2023 09:37,102,107.6,73,18.500002,99.25,-809,1960,3,92,1.7,7333,48,-2.290918,43.260643,102.8154,31.495282475588947,37:54.5,7,7200.460999999999,0101000020E6100000C8F063EBCC5302C09E7ECBC35CA14540,20230420_NISSAN_HERNANI_EIBAR_048,,d3,11:14.5,07:44.5,NISSAN_LEAF,Nissan Leaf e+ 62 kW,62000,174,38:37.2,3.8,6.1,40,NE,0.932037006473268,148.78881706338913,222,76,,,,4.0,142.0,75.0,1,203,19,25,3
20/04/2023 09:38,102,101.0,73,18.500002,99.25,-809,14080,3,92,2.53,6864,48,-2.2933805,43.262135,102.70465,31.754676939032098,38:03.6,7,7200.401999999999,0101000020E6100000F97467E2D75802C09AD397A38DA14540,20230420_NISSAN_HERNANI_EIBAR_048,,d3,11:14.5,07:44.5,NISSAN_LEAF,Nissan Leaf e+ 62 kW,62000,174,38:37.2,3.8,6.1,40,NE,-0.786059109821305,132.596154775553,222,76,,,,4.0,142.0,75.0,1,203,19,8,3
20/04/2023 09:38,105,90.0,73,18.999998,99.25,-817,3880,3,92,1.05,6203,48,-2.2950704,43.263973,105.73416,32.00065127390638,38:12.6,7,7200.3730000000005,0101000020E61000002BD426D04D5C02C01E1F07D1C9A14540,20230420_NISSAN_HERNANI_EIBAR_048,,d3,11:14.5,07:44.5,NISSAN_LEAF,Nissan Leaf e+ 62 kW,62000,174,38:37.2,3.8,6.1,40,NE,0.9388877650745724,148.85393479703365,222,76,,,,4.0,142.0,75.0,1,203,19,8,4
20/04/2023 09:38,108,89.7,73,18.999998,99.25,-817,9480,3,92,1.98,6072,48,-2.2971785,43.265247,108.257614,32.22248878032435,38:21.7,7,7200.331999999999,0101000020E610000050F5AF289F6002C001B789AFF3A14540,20230420_NISSAN_HERNANI_EIBAR_048,,d3,11:14.5,07:44.5,NISSAN_LEAF,Nissan Leaf e+ 62 kW,62000,174,38:37.2,3.8,6.1,40,NE,1.52038860444294,154.43278250381044,222,76,,,,4.0,142.0,75.0,1,203,19,8,4
20/04/2023 09:38,114,100.3,73,18.999998,99.25,-817,33000,3,92,4.98,6578,48,-2.299275,43.26625,113.428276,32.425667967012096,38:29.7,7,7200.253000000001,0101000020E6100000BD432B44EA6402C053E5047514A24540,20230420_NISSAN_HERNANI_EIBAR_048,,d3,11:14.5,07:44.5,NISSAN_LEAF,Nissan Leaf e+ 62 kW,62000,174,38:37.2,3.8,6.1,40,NE,0.709561587495427,146.67985714752965,222,76,,,,4.0,142.0,75.0,1,203,19,8,4
20/04/2023 09:38,120,115.5,72,18.999998,99.25,-817,33880,3,92,2.92,7659,48,-2.3014502999999995,43.26768,119.00338,32.6630221026358,38:37.7,7,7200.293000000001,0101000020E6100000F7F15EBB5E6902C027AECA5343A24540,20230420_NISSAN_HERNANI_EIBAR_048,,d3,11:14.5,07:44.5,NISSAN_LEAF,Nissan Leaf e+ 62 kW,62000,174,38:37.2,3.8,6.1,40,NE,0.751277216773562,147.07452200737077,222,76,,,,4.0,142.0,75.0,1,203,19,8,4
20/04/2023 09:38,124,116.6,72,18.999998,99.25,-817,27360,3,93,2.23,7949,48,-2.3041265,43.269413,123.70563500000002,32.953034218679875,38:46.8,7,7200.243,0101000020E6100000D80C85ECD96E02C0E11776187CA24540,20230420_NISSAN_HERNANI_EIBAR_048,,d3,11:14.5,07:44.5,NISSAN_LEAF,Nissan Leaf e+ 62 kW,62000,174,38:37.2,3.8,6.1,40,NE,1.0114743565424356,149.5446099454995,222,76,,,,4.0,142.0,75.0,1,203,19,25,5
20/04/2023 09:38,131,114.9,72,18.999998,99.25,-817,25040,3,93,3.25,7837,48,-2.3065925,43.270863,130.19138999999998,33.20974690807604,38:54.8,7,7200.1630000000005,0101000020E6100000BD9BC6B5E67302C04C3432A3ABA24540,20230420_NISSAN_HERNANI_EIBAR_048,,d3,11:14.5,07:44.5,NISSAN_LEAF,Nissan Leaf e+ 62 kW,62000,174,38:37.2,3.8,6.1,40,NE,-0.2814009072673535,137.35593304905584,222,76,,,,4.0,142.0,75.0,1,203,19,25,5
20/04/2023 09:39,138,111.0,72,18.999998,99.25,-817,22520,3,94,2.91,7599,48,-2.3087587000000003,43.272858,136.6938,33.492608565084076,39:03.8,7,7200.1630000000005,0101000020E61000001F80F28B567802C098093BFFECA24540,20230420_NISSAN_HERNANI_EIBAR_048,,d3,11:14.5,07:44.5,NISSAN_LEAF,Nissan Leaf e+ 62 kW,62000,174,38:37.2,3.8,6.1,40,NE,-2.577791566072729,115.00186370535933,222,76,,,,4.0,142.0,75.0,1,203,19,8,5
20/04/2023 09:39,151,110.8,72,18.999998,99.25,-817,30240,3,95,3.72,7558,48,-2.3099754,43.275467,149.79558,33.79926287267271,39:13.9,7,7200.064,0101000020E6100000AFD2E751D47A02C0C0E06D7642A34540,20230420_NISSAN_HERNANI_EIBAR_048,,d3,11:14.5,07:44.5,NISSAN_LEAF,Nissan Leaf e+ 62 kW,62000,174,38:37.2,3.8,6.1,40,NE,-2.467556798959338,116.139104752876,222,76,,,,4.0,142.0,75.0,1,203,19,8,5
20/04/2023 09:39,163,106.8,72,18.999998,99.25,-817,20120,3,95,2.66,7424,48,-2.3111203,43.2778,162.64145,34.075040550354174,39:23.0,7,7200.033,0101000020E6100000F027B3A32C7D02C057D15A008FA34540,20230420_NISSAN_HERNANI_EIBAR_048,,d3,11:14.5,07:44.5,NISSAN_LEAF,Nissan Leaf e+ 62 kW,62000,174,39:52.0,3.8,6.1,40,NE,-0.6161921367221975,134.20237231331586,222,76,,,,4.0,142.0,75.0,1,203,19,85,6
20/04/2023 09:39,171,104.8,71,18.999998,99.25,-817,20640,3,96,3.7,7235,48,-2.3130362,43.27977,171.36498999999998,34.34358481834316,39:32.0,7,7200.013000000001,0101000020E6100000F87A0A1D198102C0D44FC37BCFA34540,20230420_NISSAN_HERNANI_EIBAR_048,,d3,11:14.5,07:44.5,NISSAN_LEAF,Nissan Leaf e+ 62 kW,62000,174,39:52.0,3.8,6.1,40,NE,1.372144127724077,152.99944760262923,222,76,,,,4.0,142.0,75.0,1,203,19,85,6
20/04/2023 09:39,175,110.6,71,18.999998,99.25,-817,28440,3,96,3.42,7393,48,-2.3157308,43.281143,175.13652,34.60986112917482,39:41.1,7,7199.933000000001,0101000020E6100000CB1E41EC9D8602C0B3576971FCA34540,20230420_NISSAN_HERNANI_EIBAR_048,,d3,11:14.5,07:44.5,NISSAN_LEAF,Nissan Leaf e+ 62 kW,62000,174,39:52.0,3.8,6.1,40,NE,1.54462844050586,154.66800570473364,222,76,,,,4.0,142.0,75.0,1,203,19,85,6
20/04/2023 09:39,184,109.8,71,18.999998,99.25,-817,33800,3,97,4.25,7424,48,-2.3185446,43.282475,182.90608,34.88166686396377,39:50.1,7,7199.923000000001,0101000020E6100000FD361B2C618C02C00D29F22428A44540,20230420_NISSAN_HERNANI_EIBAR_048,,d3,11:14.5,07:44.5,NISSAN_LEAF,Nissan Leaf e+ 62 kW,62000,174,39:52.0,3.8,6.1,40,NE,1.9306273732829944,158.4511671512836,222,76,,,,4.0,142.0,75.0,1,203,19,8,6
20/04/2023 09:39,196,110.5,71,18.999998,99.25,-817,24240,3,97,2.98,7583,48,-2.321201,43.283524,193.79112,35.12653694779784,39:58.1,7,7199.883000000001,0101000020E6100000B015CDEDD19102C008D1C8744AA44540,20230420_NISSAN_HERNANI_EIBAR_048,,d3,11:14.5,07:44.5,NISSAN_LEAF,Nissan Leaf e+ 62 kW,62000,174,39:52.0,3.8,6.1,40,NE,2.639603317974446,165.64042035099413,385,98,32.0,155.0,189.0,,,,9,293,92,8,7
20/04/2023 09:40,209,101.9,71,18.999998,99.25,-817,0,3,98,-1.64,7230,48,-2.3247400000000003,43.28443,208.3146,35.43054974341899,40:07.2,7,7199.815,0101000020E61000003C086638119902C00B95953668A44540,20230420_NISSAN_HERNANI_EIBAR_048,,d3,11:14.5,07:44.5,NISSAN_LEAF,Nissan Leaf e+ 62 kW,62000,174,39:52.0,3.8,6.1,40,NE,3.282020361175129,172.55004916047193,385,98,32.0,155.0,189.0,,,,9,293,92,45,7
20/04/2023 09:40,217,86.2,71,18.999998,99.25,-849,0,3,98,-1.91,6112,48,-2.327646,43.28481,216.3799,35.669677223177054,40:16.2,7,7199.783,0101000020E610000077AA40EE049F02C057D24CAF74A44540,20230420_NISSAN_HERNANI_EIBAR_048,,d3,11:14.5,07:44.5,NISSAN_LEAF,Nissan Leaf e+ 62 kW,62000,174,39:52.0,3.8,6.1,40,NE,3.8401041821238615,179.01510692087413,385,98,32.0,155.0,189.0,,,,9,293,92,8,6
20/04/2023 09:40,219,88.7,71,18.500002,99.25,-868,4200,3,98,1.91,5900,48,-2.3302636000000003,43.284855,219.67313,35.88164305287029,40:25.2,7,7199.752,0101000020E6100000BC2FAF3161A402C012E2851276A44540,20230420_NISSAN_HERNANI_EIBAR_048,,d3,11:14.5,07:44.5,NISSAN_LEAF,Nissan Leaf e+ 62 kW,62000,174,39:52.0,3.8,6.1,40,NE,4.18217727918987,-176.71696502044932,385,98,32.0,155.0,189.0,,,,9,293,92,85,6
20/04/2023 09:40,220,101.1,71,18.500002,99.25,-868,4840,3,97,1.64,6617,48,-2.3334887,43.28467,220.21971,36.143508314267855,40:35.3,7,7199.691,0101000020E6100000F46B371BFCAA02C0573ABC1170A44540,20230420_NISSAN_HERNANI_EIBAR_048,,d3,11:14.5,07:44.5,NISSAN_LEAF,Nissan Leaf e+ 62 kW,62000,174,39:52.0,3.8,6.1,40,NE,3.963900850800278,-179.4719821812172,385,98,32.0,155.0,189.0,,,,9,293,92,45,6
20/04/2023 09:40,218,92.5,71,18.500002,99.25,-868,0,3,97,-2.55,6562,48,-2.3362014,43.284645000000005,219.01003,36.36310889549638,40:43.4,7,7199.621999999999,0101000020E6100000F003D5558AB002C0238E7A346FA44540,20230420_NISSAN_HERNANI_EIBAR_048,,d3,11:14.5,07:44.5,NISSAN_LEAF,Nissan Leaf e+ 62 kW,62000,174,39:52.0,3.8,6.1,40,NE,3.968414267920852,-179.41618463212572,385,98,32.0,155.0,189.0,,,,9,293,92,100,6
20/04/2023 09:40,220,90.1,71,18.500002,99.25,-890,0,4,96,-1.77,5949,48,-2.338066,43.284626,220.44514,36.514060709567936,40:52.4,7,7199.584,0101000020E610000053E716F85BB402C0B6EF8E936EA44540,20230420_NISSAN_HERNANI_EIBAR_048,,d3,11:14.5,07:44.5,NISSAN_LEAF,Nissan Leaf e+ 62 kW,62000,174,39:52.0,3.8,6.1,40,NE,-3.9210044190878905,0.0,385,98,32.0,155.0,189.0,,,,9,293,92,100,6
20/04/2023 09:41,220,90.1,71,18.500002,99.25,-911,0,4,96,0.0,5426,48,-2.338066,43.284626,220.44514,36.514060709567936,41:01.4,7,7199.553000000001,0101000020E610000053E716F85BB402C0B6EF8E936EA44540,20230420_NISSAN_HERNANI_EIBAR_048,,d3,11:14.5,07:44.5,NISSAN_LEAF,Nissan Leaf e+ 62 kW,62000,174,39:52.0,3.8,6.1,40,NE,4.068139490991764,-178.1711223277545,385,98,32.0,155.0,189.0,,,,9,293,92,100,6
20/04/2023 09:41,191,86.9,71,18.500002,99.25,-911,17320,4,96,3.64,5678,48,-2.3438911,43.28444,191.53804,36.98691252425782,41:10.5,7,7199.496,0101000020E6100000371718F449C002C0BD15BF8168A44540,20230420_NISSAN_HERNANI_EIBAR_048,,d3,11:14.5,07:44.5,NISSAN_LEAF,Nissan Leaf e+ 62 kW,62000,174,39:52.0,3.8,6.1,40,NE,2.337329623516868,162.53010350714118,385,98,32.0,155.0,189.0,,,,9,293,92,100,5
20/04/2023 09:41,216,91.4,71,18.500002,99.25,-911,9080,3,95,2.91,6247,48,-2.3462265,43.285175,216.04573,37.19431487760942,41:18.5,7,7200.451,0101000020E6100000DAA9C65F12C502C0EA4FBB9A80A44540,20230420_NISSAN_HERNANI_EIBAR_048,,d3,11:14.5,07:44.5,NISSAN_LEAF,Nissan Leaf e+ 62 kW,62000,174,39:52.0,3.8,6.1,40,NE,2.9815365094520567,169.26019463695394,385,98,32.0,155.0,189.0,,,,9,293,92,100,5
20/04/2023 09:41,222,95.7,70,18.500002,99.25,-911,11720,3,95,3.11,6441,48,-2.3486412,43.285633,220.0706,37.39633638563573,41:26.6,7,7200.418000000001,0101000020E610000065C75B5C04CA02C017F599AB8FA44540,20230420_NISSAN_HERNANI_EIBAR_048,,d3,11:14.5,07:44.5,NISSAN_LEAF,Nissan Leaf e+ 62 kW,62000,174,39:52.0,3.8,6.1,40,NE,3.5338399746083247,175.40259068986094,385,98,32.0,155.0,189.0,,,,9,293,92,100,5
20/04/2023 09:41,215,97.3,70,18.500002,99.25,-911,18160,3,95,2.64,6656,48,-2.3515885,43.28587,216.88416,37.636373754896944,41:35.6,7,7200.357,0101000020E6100000E8507D9C0DD002C0062FAE5397A44540,20230420_NISSAN_HERNANI_EIBAR_048,,d3,11:14.5,07:44.5,NISSAN_LEAF,Nissan Leaf e+ 62 kW,62000,174,39:52.0,3.8,6.1,40,NE,3.1633351303049926,171.23701729534247,385,98,32.0,155.0,189.0,,,,9,293,92,8,5
20/04/2023 09:41,213,92.5,70,18.0,99.25,-911,5800,3,95,0.56,6123,48,-2.354404,43.286304,215.43312000000003,37.86932725647392,41:44.7,7,7200.325,0101000020E61000006B6034C1D1D502C0601AC99AA5A44540,20230420_NISSAN_HERNANI_EIBAR_048,,d3,11:14.5,07:44.5,NISSAN_LEAF,Nissan Leaf e+ 62 kW,62000,174,43:37.2,2.2,3.6,319,NW,-1.0644598836734644,-156.19851560657918,385,98,32.0,155.0,189.0,,,,9,293,92,8,5
20/04/2023 09:41,209,86.4,70,18.0,99.25,-921,3080,3,95,1.84,5688,48,-2.3564603,43.285397,211.57796,38.063980728608996,41:52.7,7,7200.2880000000005,0101000020E61000003BF5B9EF07DA02C0E44658EC87A44540,20230420_NISSAN_HERNANI_EIBAR_048,,d3,11:14.5,07:44.5,NISSAN_LEAF,Nissan Leaf e+ 62 kW,62000,174,43:37.2,2.2,3.6,319,NW,0.5000558781905442,-131.01554582067376,385,98,32.0,155.0,189.0,,,,9,293,92,8,5
20/04/2023 09:42,201,92.2,70,18.0,99.25,-921,6440,3,94,0.0,6174,48,-2.3578928,43.28375,203.95346,38.28087470137016,42:01.8,7,7200.24,0101000020E6100000A0275DDBF6DC02C0356625D651A44540,20230420_NISSAN_HERNANI_EIBAR_048,,d3,11:14.5,07:44.5,NISSAN_LEAF,Nissan Leaf e+ 62 kW,62000,174,43:37.2,2.2,3.6,319,NW,0.7009251372727818,-127.77271767769004,385,98,32.0,155.0,189.0,,,,9,293,92,100,4
20/04/2023 09:42,194,92.5,70,18.0,99.25,-921,0,3,94,0.67,6281,48,-2.3592954,43.281940000000006,195.93344,38.51209250803226,42:10.8,7,7200.201,0101000020E6100000FE858C47D6DF02C092646B9A16A44540,20230420_NISSAN_HERNANI_EIBAR_048,,d3,11:14.5,07:44.5,NISSAN_LEAF,Nissan Leaf e+ 62 kW,62000,174,43:37.2,2.2,3.6,319,NW,0.0959961425314137,-137.4719928207482,385,98,32.0,155.0,189.0,,,,9,293,92,8,4
20/04/2023 09:42,190,100.0,70,18.0,99.25,-921,5480,3,94,-1.64,6801,48,-2.361127,43.28026,192.55762,38.75061236247218,42:19.8,7,7200.151,0101000020E6100000A6467E8496E302C0971D997BDFA34540,20230420_NISSAN_HERNANI_EIBAR_048,,d3,11:14.5,07:44.5,NISSAN_LEAF,Nissan Leaf e+ 62 kW,62000,174,43:37.2,2.2,3.6,319,NW,-0.0882277672721888,-140.40432913176434,385,98,32.0,155.0,189.0,,,,9,293,92,100,4
20/04/2023 09:42,186,87.2,70,18.0,99.25,-977,0,3,93,-1.56,6028,48,-2.3630795,43.278645,186.93018,38.98990954487527,42:28.9,7,7200.092,0101000020E61000003C4E8F3396E702C0388376A9AAA34540,20230420_NISSAN_HERNANI_EIBAR_048,,d3,11:14.5,07:44.5,NISSAN_LEAF,Nissan Leaf e+ 62 kW,62000,174,43:37.2,2.2,3.6,319,NW,0.040248035520585,-138.35941927459956,385,98,32.0,155.0,189.0,,,,9,293,92,8,4
20/04/2023 09:42,182,87.9,70,17.5,99.25,-1001,0,4,93,-1.56,5943,48,-2.3645945,43.277298,182.34378,39.18355046953451,42:37.9,7,7200.062,0101000020E6100000404FA775B0EA02C06D0D26867EA34540,20230420_NISSAN_HERNANI_EIBAR_048,,d3,11:14.5,07:44.5,NISSAN_LEAF,Nissan Leaf e+ 62 kW,62000,174,43:37.2,2.2,3.6,319,NW,1.1699777993899825,-120.03479862651564,385,98,32.0,155.0,189.0,,,,9,293,92,8,4
20/04/2023 09:42,144,93.2,70,17.5,99.25,-1008,0,4,93,0.0,6244,48,-2.3657699,43.275265000000005,148.48616,39.43114648698299,42:47.0,7,7199.9890000000005,0101000020E6100000769B95CA18ED02C09B6752E03BA34540,20230420_NISSAN_HERNANI_EIBAR_048,,d3,11:14.5,07:44.5,NISSAN_LEAF,Nissan Leaf e+ 62 kW,62000,174,43:37.2,2.2,3.6,319,NW,0.4475029455851566,-131.859298482984,385,98,32.0,155.0,189.0,,,,9,293,92,40,3
20/04/2023 09:42,141,97.2,70,17.5,99.25,-1014,4400,3,93,-0.72,6528,48,-2.3671918,43.273678,144.49113,39.64187808418011,42:55.0,7,7199.9980000000005,0101000020E61000009641CF4E02F002C04BF083EA07A34540,20230420_NISSAN_HERNANI_EIBAR_048,,d3,11:14.5,07:44.5,NISSAN_LEAF,Nissan Leaf e+ 62 kW,62000,174,43:37.2,2.2,3.6,319,NW,0.5544684484484045,-130.1400933076771,385,98,32.0,155.0,189.0,,,,9,293,92,100,3
20/04/2023 09:43,127,96.0,70,17.5,99.25,-1026,0,3,92,-3.55,6684,48,-2.368778,43.271797,127.54552,39.88789805866659,43:04.1,7,7199.909000000001,0101000020E6100000E8E8F0E541F302C04E516E32CAA24540,20230420_NISSAN_HERNANI_EIBAR_048,,d3,11:14.5,07:44.5,NISSAN_LEAF,Nissan Leaf e+ 62 kW,62000,174,43:37.2,2.2,3.6,319,NW,0.0354350011898238,-138.43602533311594,385,98,32.0,155.0,189.0,,,,9,293,92,8,3
20/04/2023 09:43,117,91.4,70,17.5,99.25,-1072,0,3,92,-1.2,6164,48,-2.3703952,43.270363,120.67845,40.09433492493199,43:12.1,7,7199.908,0101000020E610000013919EC091F602C0F7B2FC409BA24540,20230420_NISSAN_HERNANI_EIBAR_048,,d3,11:14.5,07:44.5,NISSAN_LEAF,Nissan Leaf e+ 62 kW,62000,174,43:37.2,2.2,3.6,319,NW,0.0818392199995553,-137.69737614523467,385,98,32.0,155.0,189.0,,,,9,293,92,85,3
20/04/2023 09:43,109,91.2,71,17.5,99.25,-1089,0,3,92,-0.44,6184,48,-2.3723655,43.26857,109.42257,40.34992168390551,43:21.2,7,7199.819,0101000020E61000000F7CA6B59AFA02C00BE9097660A24540,20230420_NISSAN_HERNANI_EIBAR_048,,d3,11:14.5,07:44.5,NISSAN_LEAF,Nissan Leaf e+ 62 kW,62000,174,43:37.2,2.2,3.6,319,NW,0.1907099202456338,-135.96333589580203,385,98,32.0,155.0,189.0,,,,9,293,92,8,2
20/04/2023 09:43,104,92.7,71,17.5,99.25,-1094,6120,3,92,0.92,6112,48,-2.3738682,43.267117,105.02237,40.55222476343452,43:29.2,7,7199.789000000001,0101000020E610000023A2FA92AEFD02C0CE0313E530A24540,20230420_NISSAN_HERNANI_EIBAR_048,,d3,11:14.5,07:44.5,NISSAN_LEAF,Nissan Leaf e+ 62 kW,62000,174,43:37.2,2.2,3.6,319,NW,0.8278904140335792,-125.70472040771628,385,98,32.0,155.0,189.0,,,,9,293,92,120,2
20/04/2023 09:43,93,93.8,71,17.5,99.25,-1103,600,3,91,0.8,6150,48,-2.3751597,43.26532,95.06977,40.777970971345034,43:38.3,7,7199.7480000000005,0101000020E61000004D77C5C6530003C00FB6A2FBF5A14540,20230420_NISSAN_HERNANI_EIBAR_048,,d3,11:14.5,07:44.5,NISSAN_LEAF,Nissan Leaf e+ 62 kW,62000,174,43:37.2,2.2,3.6,319,NW,-0.6753019777490349,-149.811815817466,385,98,32.0,155.0,189.0,,,,9,293,92,120,2
20/04/2023 09:43,81,107.2,70,17.5,99.25,-1103,21120,3,91,2.89,6756,48,-2.3774683,43.263977,83.142586,41.01752558544191,43:47.3,7,7199.669,0101000020E610000051CC341E0E0503C0F8D3CD06CAA14540,20230420_NISSAN_HERNANI_EIBAR_048,,d3,11:14.5,07:44.5,NISSAN_LEAF,Nissan Leaf e+ 62 kW,62000,174,43:37.2,2.2,3.6,319,NW,0.197195456601497,-135.85996523405603,385,98,32.0,155.0,189.0,,,,9,293,92,120,2
20/04/2023 09:43,75,101.6,70,17.5,99.25,-1106,0,3,91,-1.62,6955,48,-2.3794293,43.262074,75.94055999999999,41.28218057586689,43:56.4,7,7199.629,0101000020E61000007BFB7647120903C02E1FEC918BA14540,20230420_NISSAN_HERNANI_EIBAR_048,,d3,11:14.5,07:44.5,NISSAN_LEAF,Nissan Leaf e+ 62 kW,62000,174,43:37.2,2.2,3.6,319,NW,0.3741992803429979,-133.03365661049074,385,98,32.0,155.0,189.0,,,,9,293,92,120,1
20/04/2023 09:44,69,96.6,70,17.5,99.25,-1111,25400,3,91,0.36,6714,48,-2.381093,43.260292,69.51292,41.521876273372,44:05.4,7,7199.579000000001,0101000020E6100000CDF1D17B7A0C03C07C68F64051A14540,20230420_NISSAN_HERNANI_EIBAR_048,,d3,11:14.5,07:44.5,NISSAN_LEAF,Nissan Leaf e+ 62 kW,62000,174,43:37.2,2.2,3.6,319,NW,-0.498554948347315,-146.96033300790418,385,98,32.0,155.0,189.0,,,,9,293,92,120,1
20/04/2023 09:44,66,104.3,70,17.5,99.25,-1111,19360,3,91,0.98,6968,48,-2.383387,43.2588,66.21840999999999,41.77096076963194,44:14.4,7,7199.579000000001,0101000020E6100000879856452D1103C0743CFE6220A14540,20230420_NISSAN_HERNANI_EIBAR_048,,d3,11:14.5,07:44.5,NISSAN_LEAF,Nissan Leaf e+ 62 kW,62000,174,43:37.2,2.2,3.6,319,NW,-0.6629356490889017,-149.61150913670429,385,98,32.0,155.0,189.0,,,,9,293,92,120,1
20/04/2023 09:44,70,92.1,70,18.0,99.25,-1111,0,3,91,1.78,6349,48,-2.3856635,43.257465,70.95435,42.00769687040698,44:23.5,7,7199.539000000001,0101000020E610000043A9C7C7D61503C0A7E285A0F4A04540,20230420_NISSAN_HERNANI_EIBAR_048,,d3,11:14.5,07:44.5,NISSAN_LEAF,Nissan Leaf e+ 62 kW,62000,174,44:52.0,3.8,6.1,40,NE,4.864914428428016,-167.10541128182655,385,98,32.0,155.0,189.0,,,,9,293,92,85,1
20/04/2023 09:44,73,91.9,70,18.0,99.25,-1111,9280,3,91,1.53,6207,48,-2.3877602,43.256985,72.92739,42.1856930419028,44:30.5,7,7200.4980000000005,0101000020E61000008F8AA9FF211A03C0A7DD48E0E4A04540,20230420_NISSAN_HERNANI_EIBAR_048,,d3,11:14.5,07:44.5,NISSAN_LEAF,Nissan Leaf e+ 62 kW,62000,174,44:52.0,3.8,6.1,40,NE,5.856860752674843,-146.23130530682792,385,98,32.0,155.0,189.0,,,,9,293,92,25,1
20/04/2023 09:44,73,96.1,70,18.0,99.25,-1111,21480,3,91,-0.75,6608,48,-2.3898435,43.255592,72.84543000000001,42.414725524192924,44:39.5,7,7200.459,0101000020E6100000115BD63F661E03C019D8A230B7A04540,20230420_NISSAN_HERNANI_EIBAR_048,,d3,11:14.5,07:44.5,NISSAN_LEAF,Nissan Leaf e+ 62 kW,62000,174,44:52.0,3.8,6.1,40,NE,5.251257466223837,-99.41349285442438,385,98,32.0,155.0,189.0,,,,9,293,92,25,1
20/04/2023 09:44,75,96.0,70,18.0,99.25,-1111,16280,3,91,-1.27,6464,48,-2.3901527,43.253727000000005,75.76451999999999,42.62363078578268,44:47.6,7,7200.406999999999,0101000020E6100000FE886752081F03C032B5E3157AA04540,20230420_NISSAN_HERNANI_EIBAR_048,,d3,11:14.5,07:44.5,NISSAN_LEAF,Nissan Leaf e+ 62 kW,62000,174,44:52.0,3.8,6.1,40,NE,5.680446463367822,-108.62591131379142,385,98,32.0,155.0,189.0,,,,9,293,92,25,1
20/04/2023 09:44,77,100.2,70,18.0,99.25,-1111,18760,3,91,1.45,6432,48,-2.3908315,43.251713,77.76476,42.854234885764505,44:56.7,7,7200.326999999999,0101000020E61000008CBC8B436C2003C0AE9D161E38A04540,20230420_NISSAN_HERNANI_EIBAR_048,,d3,11:14.5,07:44.5,NISSAN_LEAF,Nissan Leaf e+ 62 kW,62000,174,44:52.0,3.8,6.1,40,NE,5.886270649009646,-145.21181637062776,385,98,32.0,155.0,189.0,,,,9,293,92,25,1
20/04/2023 09:45,77,105.5,70,18.500002,99.25,-1111,6880,3,91,0.81,6908,48,-2.3930612,43.250164,76.69079599999999,43.10379126636834,45:05.7,7,7200.316,0101000020E6100000CBC4F346FD2403C0E7D7EB6C05A04540,20230420_NISSAN_HERNANI_EIBAR_048,,d3,11:14.5,07:44.5,NISSAN_LEAF,Nissan Leaf e+ 62 kW,62000,174,44:52.0,3.8,6.1,40,NE,5.947934283260357,-117.1798022305662,385,98,32.0,155.0,189.0,,,,9,293,92,25,1
20/04/2023 09:45,77,106.8,70,18.500002,99.25,-1111,680,3,91,1.34,7253,48,-2.394215,43.247917,77.26836,43.37055067688661,45:14.7,7,7200.276,0101000020E61000003163014D5A2703C07C28E8CDBB9F4540,20230420_NISSAN_HERNANI_EIBAR_048,,d3,11:14.5,07:44.5,NISSAN_LEAF,Nissan Leaf e+ 62 kW,62000,174,44:52.0,3.8,6.1,40,NE,5.9495149961847815,-117.2468867740634,385,98,32.0,155.0,189.0,,,,9,293,92,85,2
20/04/2023 09:45,80,114.8,70,18.500002,99.25,-1111,31480,3,91,3.67,7864,48,-2.3953953,43.245625,79.93658,43.642762484827536,45:23.8,7,7200.227,0101000020E61000000C58CE07C52903C00A9569A4709F4540,20230420_NISSAN_HERNANI_EIBAR_048,,d3,11:14.5,07:44.5,NISSAN_LEAF,Nissan Leaf e+ 62 kW,62000,174,44:52.0,3.8,6.1,40,NE,6.029290333036107,-138.7323779108527,385,98,32.0,155.0,189.0,,,,9,293,92,25,2
20/04/2023 09:45,83,109.4,70,18.500002,99.25,-1111,0,3,91,-1.66,7825,48,-2.3974830000000003,43.243793,83.43043,43.9075348236529,45:31.8,7,7200.196,0101000020E61000006D36279C0B2E03C0568898A1349F4540,20230420_NISSAN_HERNANI_EIBAR_048,,d3,11:14.5,07:44.5,NISSAN_LEAF,Nissan Leaf e+ 62 kW,62000,174,44:52.0,3.8,6.1,40,NE,6.0580269054325,-136.72523629465536,385,98,32.0,155.0,189.0,,,,9,293,92,8,2
20/04/2023 09:45,84,96.3,70,18.500002,99.25,-1140,720,3,92,-0.94,6576,48,-2.3993948,43.241993,84.212585,44.1605993600519,45:40.9,7,7200.106,0101000020E6100000034E46D6F53103C01C0A95AAF99E4540,20230420_NISSAN_HERNANI_EIBAR_048,,d3,11:14.5,07:44.5,NISSAN_LEAF,Nissan Leaf e+ 62 kW,62000,174,44:52.0,3.8,6.1,40,NE,4.150611012449892,-82.87710025564246,385,98,32.0,155.0,189.0,,,,9,293,92,85,2
20/04/2023 09:45,92,84.0,70,18.500002,99.25,-1141,17600,3,92,2.69,5803,48,-2.399145,43.239994,91.47767,44.383915328460645,45:49.9,7,7200.107,0101000020E6100000F15A90ED723103C0FEE82113B89E4540,20230420_NISSAN_HERNANI_EIBAR_048,,d3,11:14.5,07:44.5,NISSAN_LEAF,Nissan Leaf e+ 62 kW,62000,174,44:52.0,3.8,6.1,40,NE,5.081035606420681,-96.40366700515328,385,98,32.0,155.0,189.0,,,,9,293,92,25,3
20/04/2023 09:45,97,90.6,69,18.999998,99.25,-1141,17760,3,92,3.17,5841,48,-2.399334,43.23831,96.118034,44.5718497274001,45:58.0,7,7200.026,0101000020E61000006E0888F6D53103C0ADF3900D819E4540,20230420_NISSAN_HERNANI_EIBAR_048,,d3,11:14.5,07:44.5,NISSAN_LEAF,Nissan Leaf e+ 62 kW,62000,174,44:52.0,3.8,6.1,40,NE,5.908199635921857,-144.40595295253007,385,98,32.0,155.0,189.0,,,,9,293,92,40,3
20/04/2023 09:46,101,107.9,69,18.999998,99.25,-1141,21160,3,92,-1.81,7109,48,-2.4014478,43.236797,101.010704,44.811951893220005,46:07.0,7,7200.005,0101000020E610000026DD0F382A3603C0BF63006C4F9E4540,20230420_NISSAN_HERNANI_EIBAR_048,,d3,11:14.5,07:44.5,NISSAN_LEAF,Nissan Leaf e+ 62 kW,62000,174,44:52.0,3.8,6.1,40,NE,5.756137072398431,-149.32978138444042,385,98,32.0,155.0,189.0,,,,9,293,92,25,3
20/04/2023 09:46,99,96.8,69,18.999998,99.25,-1175,0,3,92,-1.47,6709,48,-2.4035842,43.23553,99.55887,45.03511823082139,46:15.0,7,7199.965999999999,0101000020E6100000F0F8465A8A3A03C05C3DE9D4259E4540,20230420_NISSAN_HERNANI_EIBAR_048,,d3,11:14.5,07:44.5,NISSAN_LEAF,Nissan Leaf e+ 62 kW,62000,174,44:52.0,3.8,6.1,40,NE,6.085436900414768,-126.04008318520916,385,98,32.0,155.0,189.0,,,,9,293,92,25,3
20/04/2023 09:46,95,86.1,69,18.999998,99.25,-1190,0,3,92,0.0,6096,48,-2.4049492000000003,43.233654,95.20276,45.27125753552113,46:24.1,7,7199.929,0101000020E6100000837C39FA553D03C05ABC8058E89D4540,20230420_NISSAN_HERNANI_EIBAR_048,,d3,11:14.5,07:44.5,NISSAN_LEAF,Nissan Leaf e+ 62 kW,62000,174,44:52.0,3.8,6.1,40,NE,3.6691560000997807,-76.97747348465059,385,98,32.0,155.0,189.0,,,,9,293,92,120,3
20/04/2023 09:46,96,67.4,69,19.5,99.25,-1199,80,3,92,3.34,4618,48,-2.404547,43.231915,96.65036,45.46735694259854,46:33.1,7,7199.869000000001,0101000020E6100000BBA33816833C03C07363C45BAF9D4540,20230420_NISSAN_HERNANI_EIBAR_048,,d3,11:14.5,07:44.5,NISSAN_LEAF,Nissan Leaf e+ 62 kW,62000,174,44:52.0,3.8,6.1,40,NE,1.957421798385948,-58.71668542549995,385,98,32.0,155.0,189.0,,,,9,293,92,45,4
20/04/2023 09:46,99,68.3,69,19.5,99.25,-1199,18800,3,92,0.14,4741,48,-2.403573,43.230312,99.44221,45.662308230049206,46:42.2,7,7199.76,0101000020E61000005C5BA879843A03C0ADF745E17A9D4540,20230420_NISSAN_HERNANI_EIBAR_048,,d3,11:14.5,07:44.5,NISSAN_LEAF,Nissan Leaf e+ 62 kW,62000,174,44:52.0,3.8,6.1,40,NE,3.473518983325616,-74.71044158439375,385,98,32.0,155.0,189.0,,,,9,293,92,45,4
20/04/2023 09:46,107,64.7,69,19.5,99.25,-1199,0,3,92,2.52,4607,48,-2.4031613,43.228806,106.23153,45.83319231791298,46:51.3,7,7199.719,0101000020E61000004AD1BDABAC3903C0A28AE875499D4540,20230420_NISSAN_HERNANI_EIBAR_048,,d3,11:14.5,07:44.5,NISSAN_LEAF,Nissan Leaf e+ 62 kW,62000,174,48:37.3,5.6,9.0,270,W,0.4488407925041233,-87.14140497970351,385,98,32.0,155.0,189.0,,,,9,293,92,90,4
20/04/2023 09:47,112,70.3,69,19.5,99.25,-1199,10440,3,92,5.28,4577,48,-2.4030864,43.227306,112.24484,46.000203356478714,47:00.3,7,7199.719,0101000020E6100000E00C7256853903C0EC706869189D4540,20230420_NISSAN_HERNANI_EIBAR_048,,d3,11:14.5,07:44.5,NISSAN_LEAF,Nissan Leaf e+ 62 kW,62000,174,48:37.3,5.6,9.0,270,W,-0.6867450128026586,-94.37620827541664,385,98,32.0,155.0,189.0,,,,9,293,92,25,4
20/04/2023 09:47,119,74.8,69,20.0,99.25,-1199,22520,3,92,0.11,5115,48,-2.4032116,43.22567,119.226524,46.182534581490415,47:09.4,7,7199.64,0101000020E6100000C99E1DF3C63903C0C43400CDE29C4540,20230420_NISSAN_HERNANI_EIBAR_048,,d3,11:14.5,07:44.5,NISSAN_LEAF,Nissan Leaf e+ 62 kW,62000,174,48:37.3,5.6,9.0,270,W,0.7921743516313915,-84.95032676111728,385,98,32.0,155.0,189.0,,,,9,293,92,90,4
20/04/2023 09:47,125,80.4,69,20.0,99.25,-1199,11400,3,92,2.02,5167,48,-2.4030643,43.224003,125.92881,46.36840123498307,47:18.4,7,7199.629,0101000020E6100000F23A49B6793903C0D708F52CAC9C4540,20230420_NISSAN_HERNANI_EIBAR_048,,d3,11:14.5,07:44.5,NISSAN_LEAF,Nissan Leaf e+ 62 kW,62000,174,48:37.3,5.6,9.0,270,W,0.8895857246417613,-84.32745898393863,385,98,32.0,155.0,189.0,,,,9,293,92,25,4
20/04/2023 09:47,130,80.0,69,20.0,99.25,-1199,3160,3,93,0.53,5607,48,-2.4029014,43.222363,129.55035,46.551273838122704,47:26.4,7,7199.559,0101000020E6100000990E4851243903C0CE5E265E769C4540,20230420_NISSAN_HERNANI_EIBAR_048,,d3,11:14.5,07:44.5,NISSAN_LEAF,Nissan Leaf e+ 62 kW,62000,174,48:37.3,5.6,9.0,270,W,-2.0279573681064416,-103.02220156239116,385,98,32.0,155.0,189.0,,,,9,293,92,90,4
20/04/2023 09:47,133,84.6,69,20.5,99.25,-1199,0,3,92,-1.64,5790,48,-2.4033399,43.220467,133.51244,46.76510927946411,47:35.5,7,7199.519,0101000020E6100000BDFDBA460A3A03C002EBAF3E389C4540,20230420_NISSAN_HERNANI_EIBAR_048,,d3,11:14.5,07:44.5,NISSAN_LEAF,Nissan Leaf e+ 62 kW,62000,174,48:37.3,5.6,9.0,270,W,-5.960660642489589,-131.4751862368178,279,55,,,,72.0,204.0,3.0,0,257,22,90,4
20/04/2023 09:47,136,74.6,69,20.5,99.25,-1216,18920,3,92,0.89,5022,48,-2.4044802000000005,43.219177,135.28851,46.93574444161356,47:43.6,7,7200.388000000001,0101000020E610000025F3681D603C03C0304DD10D0E9C4540,20230420_NISSAN_HERNANI_EIBAR_048,,d3,11:14.5,07:44.5,NISSAN_LEAF,Nissan Leaf e+ 62 kW,62000,174,48:37.3,5.6,9.0,270,W,-7.611956772400409,-147.75484853797994,279,55,,,,72.0,204.0,3.0,0,257,22,8,4
20/04/2023 09:47,141,73.6,69,20.5,99.25,-1216,17240,3,92,1.5,5115,48,-2.405937,43.218258,139.77531000000002,47.09194301697778,47:51.5,7,7200.47,0101000020E6100000200320D15B3F03C0370B82DDEF9B4540,20230420_NISSAN_HERNANI_EIBAR_048,,d3,11:14.5,07:44.5,NISSAN_LEAF,Nissan Leaf e+ 62 kW,62000,174,48:37.3,5.6,9.0,270,W,-7.244150634568729,-143.6011421007682,279,55,,,,72.0,204.0,3.0,0,257,22,90,4
20/04/2023 09:48,147,74.0,69,20.5,99.25,-1216,12000,3,92,2.52,4940,48,-2.4074996,43.217106,146.79202,47.272197218612625,48:00.6,7,7200.389,0101000020E6100000DE018D298F4203C006900A1CCA9B4540,20230420_NISSAN_HERNANI_EIBAR_048,,d3,11:14.5,07:44.5,NISSAN_LEAF,Nissan Leaf e+ 62 kW,62000,174,48:37.3,5.6,9.0,270,W,-5.078169637614884,-124.3496064989978,279,55,,,,72.0,204.0,3.0,0,257,22,8,4
20/04/2023 09:48,147,77.5,69,20.5,99.25,-1216,12800,3,92,-0.55,5076,48,-2.4085138,43.215622,148.26686,47.456550652603674,48:09.7,7,7200.348000000001,0101000020E61000009F4EFEE0A24403C0BE461D80999B4540,20230420_NISSAN_HERNANI_EIBAR_048,,d3,11:14.5,07:44.5,NISSAN_LEAF,Nissan Leaf e+ 62 kW,62000,174,48:37.3,5.6,9.0,270,W,-6.037240825486608,-132.12918969269023,279,55,,,,72.0,204.0,3.0,0,257,22,8,4
20/04/2023 09:48,147,77.4,69,20.5,99.25,-1219,5240,3,92,0.8,5182,48,-2.4098217,43.214176,147.39851000000002,47.64913111832001,48:18.7,7,7200.298000000001,0101000020E61000000FD8B696504703C03866E0136A9B4540,20230420_NISSAN_HERNANI_EIBAR_048,,d3,11:14.5,07:44.5,NISSAN_LEAF,Nissan Leaf e+ 62 kW,62000,174,48:37.3,5.6,9.0,270,W,-8.069754659392283,-153.71978904415954,279,55,,,,72.0,204.0,3.0,0,257,22,90,4
20/04/2023 09:48,148,72.0,69,21.000002,99.25,-1219,6640,3,91,1.69,4922,48,-2.4117172000000004,43.21324,149.18515,47.834688667452895,48:27.7,7,7200.259,0101000020E610000028CC2E5F324B03C053093F764B9B4540,20230420_NISSAN_HERNANI_EIBAR_048,,d3,11:14.5,07:44.5,NISSAN_LEAF,Nissan Leaf e+ 62 kW,62000,174,48:37.3,5.6,9.0,270,W,-8.82934274487521,-168.8244885861178,279,55,,,,72.0,204.0,3.0,0,257,22,90,3
20/04/2023 09:48,150,70.0,69,21.000002,99.25,-1219,0,3,91,3.27,4773,48,-2.4138330000000003,43.212822,150.15874,48.01234439727903,48:36.8,7,7200.219,0101000020E61000005EA2699D874F03C02CD050C03D9B4540,20230420_NISSAN_HERNANI_EIBAR_048,,d3,11:14.5,07:44.5,NISSAN_LEAF,Nissan Leaf e+ 62 kW,62000,174,48:37.3,5.6,9.0,270,W,-8.30091541367141,-157.2682253552082,279,55,,,,72.0,204.0,3.0,0,257,22,25,3
20/04/2023 09:48,154,64.6,69,21.000002,99.25,-1219,5920,3,91,3.09,4325,48,-2.4154131000000003,43.21216,153.38411000000002,48.16008246382456,48:44.8,7,7200.18,0101000020E6100000DCE7CC10C45203C030E01B0D289B4540,20230420_NISSAN_HERNANI_EIBAR_048,,d3,11:14.5,07:44.5,NISSAN_LEAF,Nissan Leaf e+ 62 kW,62000,174,48:37.3,5.6,9.0,270,W,-5.445254135101862,-127.23087383230911,279,55,,,,72.0,204.0,3.0,0,257,22,8,3
20/04/2023 09:48,157,76.1,68,21.000002,99.25,-1219,20120,3,91,4.23,4772,48,-2.4163888,43.210876,157.18223999999998,48.32333520922271,48:53.8,7,7200.159000000001,0101000020E610000008807990C35403C062CCA2F7FD9A4540,20230420_NISSAN_HERNANI_EIBAR_048,,d3,11:14.5,07:44.5,NISSAN_LEAF,Nissan Leaf e+ 62 kW,62000,174,48:37.3,5.6,9.0,270,W,-0.9319908962279232,-95.94389404606471,279,55,,,,72.0,204.0,3.0,0,257,22,8,3
20/04/2023 09:49,157,87.8,68,21.000002,99.25,-1219,15360,3,91,2.16,5715,48,-2.416571,43.209126,157.24806,48.51848579686724,49:02.9,7,7200.139,0101000020E6100000A564ED24235503C0B336849DC49A4540,20230420_NISSAN_HERNANI_EIBAR_048,,d3,11:14.5,07:44.5,NISSAN_LEAF,Nissan Leaf e+ 62 kW,62000,174,48:37.3,5.6,9.0,270,W,-7.253946827784437,-143.70636963014948,279,55,,,,72.0,204.0,3.0,0,257,22,25,3
20/04/2023 09:49,156,103.1,68,21.000002,99.25,-1219,18960,3,91,-1.53,6866,48,-2.4187796,43.207504,156.52611000000002,48.772592845767655,49:12.9,7,7200.069,0101000020E61000004C7E9F2FA95903C01A1BDB858F9A4540,20230420_NISSAN_HERNANI_EIBAR_048,,d3,11:14.5,07:44.5,NISSAN_LEAF,Nissan Leaf e+ 62 kW,62000,174,48:37.3,5.6,9.0,270,W,-7.756184188798025,-149.5190930782578,279,55,,,,72.0,204.0,3.0,0,257,22,8,3
20/04/2023 09:49,155,107.0,68,21.000002,99.25,-1219,9320,3,91,1.23,7185,48,-2.4208982000000003,43.206257,156.76538,48.99329797528897,49:21.0,7,7200.029,0101000020E610000067CD7DE8FF5D03C016110A9F669A4540,20230420_NISSAN_HERNANI_EIBAR_048,,d3,11:14.5,07:44.5,NISSAN_LEAF,Nissan Leaf e+ 62 kW,62000,174,49:52.0,5.6,9.0,270,W,-7.036473020963127,-141.42846604266646,279,55,,,,72.0,204.0,3.0,0,257,22,25,2
20/04/2023 09:49,153,102.7,68,21.000002,99.25,-1219,9920,3,91,1.67,7195,48,-2.4231014,43.2045,152.49808000000002,49.25801448395639,49:30.1,7,7199.9490000000005,0101000020E6100000061049F2826203C0EBCC6F0A2D9A4540,20230420_NISSAN_HERNANI_EIBAR_048,,d3,11:14.5,07:44.5,NISSAN_LEAF,Nissan Leaf e+ 62 kW,62000,174,49:52.0,5.6,9.0,270,W,-8.426925385029518,-159.44328008270855,279,55,,,,72.0,204.0,3.0,0,257,22,25,2
20/04/2023 09:49,155,90.5,68,21.000002,99.25,-1219,5360,3,91,-1.59,6704,48,-2.4258933,43.203453,155.54333,49.51251459693433,49:39.1,7,7199.939,0101000020E6100000770871BF3A6803C0913D90B00A9A4540,20230420_NISSAN_HERNANI_EIBAR_048,,d3,11:14.5,07:44.5,NISSAN_LEAF,Nissan Leaf e+ 62 kW,62000,174,49:52.0,5.6,9.0,270,W,-8.290680527149684,-157.10019431341692,279,55,,,,72.0,204.0,3.0,0,257,22,8,2
20/04/2023 09:49,156,90.4,68,21.000002,99.25,-1224,20720,3,91,3.64,5942,48,-2.42796,43.20258,156.23645,49.70612360776475,49:47.1,7,7199.897,0101000020E6100000EA4E0E4C766C03C075CD1A10EE994540,20230420_NISSAN_HERNANI_EIBAR_048,,d3,11:14.5,07:44.5,NISSAN_LEAF,Nissan Leaf e+ 62 kW,62000,174,49:52.0,5.6,9.0,270,W,-7.444595379450937,-145.80985732138632,279,55,,,,72.0,204.0,3.0,0,257,22,8,2
20/04/2023 09:49,157,94.7,68,21.000002,99.25,-1224,16400,3,91,2.56,6330,48,-2.4302416,43.20103,156.86324,49.95892159033889,49:56.2,7,7199.786999999999,0101000020E61000004BC88B87227103C049ED5E50BB994540,20230420_NISSAN_HERNANI_EIBAR_048,,d3,11:14.5,07:44.5,NISSAN_LEAF,Nissan Leaf e+ 62 kW,62000,174,49:52.0,5.6,9.0,270,W,-7.945498016400645,-151.9860317135757,279,55,,,,72.0,204.0,3.0,0,257,22,90,1
20/04/2023 09:50,159,94.1,68,21.000002,99.25,-1224,11400,3,91,0.94,6544,48,-2.4326212000000003,43.199764,158.8931,50.197720913839696,50:05.2,7,7199.757,0101000020E6100000C2788A2A027603C0A81DCAEE91994540,20230420_NISSAN_HERNANI_EIBAR_048,,d3,11:14.5,07:44.5,NISSAN_LEAF,Nissan Leaf e+ 62 kW,62000,174,49:52.0,5.6,9.0,270,W,-5.19100867552691,-125.22429396763764,279,55,,,,72.0,204.0,3.0,0,257,22,90,1
20/04/2023 09:50,159,110.1,68,21.000002,99.25,-1224,34880,3,92,1.77,7206,48,-2.4340432,43.19775,159.2715,50.44959097715881,50:14.2,7,7199.755999999999,0101000020E61000001F377EAEEB7803C084DD67D54F994540,20230420_NISSAN_HERNANI_EIBAR_048,,d3,11:14.5,07:44.5,NISSAN_LEAF,Nissan Leaf e+ 62 kW,62000,174,49:52.0,5.6,9.0,270,W,-7.119305363681608,-142.28223903213657,279,55,,,,72.0,204.0,3.0,0,257,22,85,1
20/04/2023 09:50,161,100.3,68,20.5,99.25,-1224,11080,3,92,0.92,7062,48,-2.4360254,43.196217,160.22905,50.68384793601805,50:22.3,7,7199.677,0101000020E61000000B49E0D2FA7C03C0D15C4D9A1D994540,20230420_NISSAN_HERNANI_EIBAR_048,,d3,11:14.5,07:44.5,NISSAN_LEAF,Nissan Leaf e+ 62 kW,62000,174,49:52.0,5.6,9.0,270,W,-6.903924684436022,-140.09442579766957,279,55,,,,72.0,204.0,3.0,0,257,22,45,1
20/04/2023 09:50,163,89.8,68,20.5,99.25,-1224,17480,3,92,2.64,6117,48,-2.4378824,43.194664,163.37012,50.912957258604536,50:31.4,7,7199.626,0101000020E610000050916475C88003C097B7F3C0EA984540,20230420_NISSAN_HERNANI_EIBAR_048,,d3,11:14.5,07:44.5,NISSAN_LEAF,Nissan Leaf e+ 62 kW,62000,174,49:52.0,5.6,9.0,270,W,-4.6116016956077335,-120.8238377484158,279,55,,,,72.0,204.0,3.0,0,257,22,8,1
20/04/2023 09:50,165,72.0,67,20.5,99.25,-1229,0,3,92,-1.45,5290,48,-2.438818,43.193096,165.23613,51.10310235084722,50:39.4,7,7199.637,0101000020E61000003710160AB38203C0325E465DB7984540,20230420_NISSAN_HERNANI_EIBAR_048,,d3,11:14.5,07:44.5,NISSAN_LEAF,Nissan Leaf e+ 62 kW,62000,174,49:52.0,5.6,9.0,270,W,-8.500447911343088,-160.82054125729113,279,55,,,,72.0,204.0,3.0,0,257,22,45,1
20/04/2023 09:50,167,74.3,67,20.5,99.25,-1241,8960,3,92,1.28,4828,48,-2.4407902000000004,43.19241,167.14104,51.28025792664974,50:48.5,7,7199.548000000001,0101000020E61000004B1CC800BD8603C01CFD52E9A0984540,20230420_NISSAN_HERNANI_EIBAR_048,,d3,11:14.5,07:44.5,NISSAN_LEAF,Nissan Leaf e+ 62 kW,62000,174,49:52.0,5.6,9.0,270,W,-8.262494103239607,-156.64335797761845,279,55,,,,72.0,204.0,3.0,0,257,22,45,1
20/04/2023 09:50,171,76.5,67,20.5,99.25,-1241,3600,3,92,1.52,4994,48,-2.4427261,43.191574,171.09746,51.462705709200264,50:57.5,7,7199.547,0101000020E6100000901234F1B38A03C0E5A2108A85984540,20230420_NISSAN_HERNANI_EIBAR_048,,d3,11:14.5,07:44.5,NISSAN_LEAF,Nissan Leaf e+ 62 kW,62000,174,49:52.0,5.6,9.0,270,W,-8.514712640708993,-161.09890750225478,279,55,,,,72.0,204.0,3.0,0,257,22,45,1
20/04/2023 09:51,171,76.5,67,20.5,99.25,-1241,0,3,92,-1.14,5324,48,-2.444642,43.190918,171.15634,51.63430200416109,51:05.5,7,7199.505999999999,0101000020E6100000A0546879A08E03C066ABA90270984540,20230420_NISSAN_HERNANI_EIBAR_048,,d3,11:14.5,07:44.5,NISSAN_LEAF,Nissan Leaf e+ 62 kW,62000,174,49:52.0,5.6,9.0,270,W,-8.756539216583889,-166.64281963300112,279,55,,,,72.0,204.0,3.0,0,257,22,80,1
20/04/2023 09:51,175,39.8,67,20.5,99.25,-1268,0,3,92,-2.64,3760,48,-2.4463603,43.19051,175.36008,51.78086621759411,51:13.6,7,7200.426,0101000020E61000007BFC3452259203C0183B909862984540,20230420_NISSAN_HERNANI_EIBAR_048,,d3,11:14.5,07:44.5,NISSAN_LEAF,Nissan Leaf e+ 62 kW,62000,174,49:52.0,5.6,9.0,270,W,-8.37722033620376,158.5602198624929,279,55,,,,72.0,204.0,3.0,0,257,22,45,1
20/04/2023 09:51,179,53.3,67,20.5,99.25,-1273,17120,3,92,-0.97,3619,48,-2.4473407000000003,43.190895000000005,178.55208000000002,51.87119958431107,51:21.7,7,7200.316,0101000020E6100000F7D0C161279403C06B1ECD366F984540,20230420_NISSAN_HERNANI_EIBAR_048,,d3,11:14.5,07:44.5,NISSAN_LEAF,Nissan Leaf e+ 62 kW,62000,174,49:52.0,5.6,9.0,270,W,-8.90428305870777,171.6363387302597,279,55,,,,72.0,204.0,3.0,0,257,22,85,1
20/04/2023 09:51,184,47.8,67,20.5,99.25,-1288,0,3,92,-9.19,3313,48,-2.4488235,43.191113,184.3661,51.99396699083924,51:30.7,7,7200.347,0101000020E610000010A2D7BB309703C07A9E5F6776984540,20230420_NISSAN_HERNANI_EIBAR_048,,d3,11:14.5,07:44.5,NISSAN_LEAF,Nissan Leaf e+ 62 kW,62000,174,49:52.0,5.6,9.0,270,W,-7.746777168127452,-149.40123720422994,279,55,,,,72.0,204.0,3.0,0,257,22,45,2
20/04/2023 09:51,182,2.3,67,20.5,99.25,-1311,0,3,93,-0.16,533,48,-2.4493866,43.19078,183.171,52.05275853449732,51:38.7,7,7200.307,0101000020E610000013527503589803C06484E48D6B984540,20230420_NISSAN_HERNANI_EIBAR_048,,d3,11:14.5,07:44.5,NISSAN_LEAF,Nissan Leaf e+ 62 kW,62000,174,49:52.0,5.6,9.0,270,W,-8.312785780643692,-157.4645922213651,279,55,,,,72.0,204.0,3.0,0,257,22,8,2
20/04/2023 09:51,182,0.0,67,20.5,99.25,-1311,0,3,93,0.0,0,48,-2.4494107000000005,43.19077,182.27663,52.05517795592271,51:47.8,7,7200.246999999999,0101000020E6100000F21B48A2649803C09A88CD1C6B984540,20230420_NISSAN_HERNANI_EIBAR_048,,d3,11:14.5,07:44.5,NISSAN_LEAF,Nissan Leaf e+ 62 kW,62000,174,53:37.2,5.6,9.0,270,W,-3.3425160872989013,-111.80140948711951,279,55,,,,72.0,204.0,3.0,0,257,22,8,2
20/04/2023 09:51,179,10.1,67,20.5,99.25,-1311,1200,3,92,-0.12,597,48,-2.4494267000000005,43.19073,180.10205,52.06029598416486,51:56.8,7,7200.206999999999,0101000020E6100000CDFE70056D9803C028ADDCD469984540,20230420_NISSAN_HERNANI_EIBAR_048,,d3,11:14.5,07:44.5,NISSAN_LEAF,Nissan Leaf e+ 62 kW,62000,174,53:37.2,5.6,9.0,270,W,-5.74492837174386,-129.6670599464204,279,55,,,,72.0,204.0,3.0,0,257,22,8,2
20/04/2023 09:52,176,0.0,67,20.5,99.25,-1311,0,3,92,0.0,0,48,-2.4495146,43.190624,176.1738,52.07461859506297,52:04.8,7,7200.187,0101000020E6100000D1324C269B9803C05AD5586866984540,20230420_NISSAN_HERNANI_EIBAR_048,,d3,11:14.5,07:44.5,NISSAN_LEAF,Nissan Leaf e+ 62 kW,62000,174,53:37.2,5.6,9.0,270,W,-4.465250445171465,119.74488129664866,279,55,,,,72.0,204.0,3.0,0,257,22,45,2
20/04/2023 09:52,174,10.1,67,20.5,99.25,-1311,2760,3,92,-0.23,737,48,-2.4495466,43.19068,174.82631,52.08149757006931,52:13.9,7,7200.095,0101000020E6100000AE8934D5AB9803C0AEF4403B68984540,20230420_NISSAN_HERNANI_EIBAR_048,,d3,11:14.5,07:44.5,NISSAN_LEAF,Nissan Leaf e+ 62 kW,62000,174,53:37.2,5.6,9.0,270,W,-6.6594606606816695,-137.7263109950247,279,55,,,,72.0,204.0,3.0,0,257,22,45,2
20/04/2023 09:52,174,1.3,67,20.5,99.25,-1311,360,3,91,2.08,80,48,-2.4497006000000003,43.190540000000006,174.57083,52.101454419634884,52:21.9,7,7200.097,0101000020E6100000F835B1ADFC9803C08AEB6CA263984540,20230420_NISSAN_HERNANI_EIBAR_048,,d3,11:14.5,07:44.5,NISSAN_LEAF,Nissan Leaf e+ 62 kW,62000,174,53:37.2,5.6,9.0,270,W,-6.716590751009388,-138.26983602633345,279,55,,,,72.0,204.0,3.0,0,257,22,45,2
20/04/2023 09:52,174,23.2,67,20.5,99.25,-1311,0,3,91,-1.39,1512,48,-2.4499652000000003,43.190304,174.36356999999998,52.13534896367732,52:31.0,7,7200.047,0101000020E610000018A92A55879903C089CC35D95B984540,20230420_NISSAN_HERNANI_EIBAR_048,,d3,11:14.5,07:44.5,NISSAN_LEAF,Nissan Leaf e+ 62 kW,62000,174,53:37.2,5.6,9.0,270,W,-8.165012490233247,155.124451150973,279,55,,,,72.0,204.0,3.0,0,257,22,45,2
20/04/2023 09:52,171,1.4,67,21.000002,99.25,-1321,0,3,91,0.0,292,48,-2.450334,43.190475,172.52635,52.1708293219877,52:40.0,7,7199.977,0101000020E6100000531A79B5489A03C01EC8148C61984540,20230420_NISSAN_HERNANI_EIBAR_048,,d3,11:14.5,07:44.5,NISSAN_LEAF,Nissan Leaf e+ 62 kW,62000,174,53:37.2,5.6,9.0,270,W,-1.7650452162378585,101.30993247398256,279,55,,,,72.0,204.0,3.0,0,257,22,85,2
20/04/2023 09:52,168,30.3,67,21.000002,99.25,-1321,6200,3,91,2.09,1766,48,-2.45036,43.190605,168.73353999999998,52.185921876458764,52:48.1,7,7199.937,0101000020E6100000904E146C569A03C0C00686CE65984540,20230420_NISSAN_HERNANI_EIBAR_048,,d3,11:14.5,07:44.5,NISSAN_LEAF,Nissan Leaf e+ 62 kW,62000,174,53:37.2,5.6,9.0,270,W,-8.994896843592214,178.07044866030975,279,55,,,,72.0,204.0,3.0,0,257,22,85,2
20/04/2023 09:52,166,37.6,67,21.000002,99.25,-1321,9400,3,91,2.38,2270,48,-2.4510427000000004,43.190628,166.86531000000002,52.24135896465872,52:57.1,7,7199.897,0101000020E610000026920831BC9B03C0F039F78C66984540,20230420_NISSAN_HERNANI_EIBAR_048,,d3,11:14.5,07:44.5,NISSAN_LEAF,Nissan Leaf e+ 62 kW,62000,174,53:37.2,5.6,9.0,270,W,-7.620391690813854,-147.85563397260313,279,55,,,,72.0,204.0,3.0,0,257,22,85,2
20/04/2023 09:53,165,48.6,67,21.000002,99.25,-1321,15640,3,91,7.34,3034,48,-2.4517827000000003,43.190163,166.15067,52.32056144613528,53:05.1,7,7199.879,0101000020E61000000718F334409D03C03F07EE4A57984540,20230420_NISSAN_HERNANI_EIBAR_048,,d3,11:14.5,07:44.5,NISSAN_LEAF,Nissan Leaf e+ 62 kW,62000,174,53:37.2,5.6,9.0,270,W,-8.514220457217949,161.0892371642687,279,55,,,,72.0,204.0,3.0,0,257,22,85,2
20/04/2023 09:53,169,58.6,67,21.000002,99.25,-1321,14160,3,91,4.17,4011,48,-2.4534290000000003,43.190727,169.59558,52.468067685148476,53:14.2,7,7199.778,0101000020E61000005870285A9FA003C0776FD7B169984540,20230420_NISSAN_HERNANI_EIBAR_048,,d3,11:14.5,07:44.5,NISSAN_LEAF,Nissan Leaf e+ 62 kW,62000,174,53:37.2,5.6,9.0,270,W,-8.994929383090271,178.07661082256374,279,55,,,,72.0,204.0,3.0,0,257,22,85,2
20/04/2023 09:53,174,76.4,67,21.000002,99.25,-1321,32480,3,92,6.98,4779,48,-2.455305,43.19079,173.66635,52.620370459057646,53:23.2,7,7199.789000000001,0101000020E61000009A72900B77A403C0047E88C16B984540,20230420_NISSAN_HERNANI_EIBAR_048,,d3,11:14.5,07:44.5,NISSAN_LEAF,Nissan Leaf e+ 62 kW,62000,174,53:37.2,5.6,9.0,270,W,-8.842303073704166,-169.25851874888056,279,55,,,,72.0,204.0,3.0,0,257,22,85,2
20/04/2023 09:53,181,86.4,67,21.000002,99.25,-1321,18720,3,93,3.59,5854,48,-2.457519,43.19037,180.74362,52.80597096242739,53:31.3,7,7199.719,0101000020E61000002EBD2BB4FFA803C051694E035E984540,20230420_NISSAN_HERNANI_EIBAR_048,,d3,11:14.5,07:44.5,NISSAN_LEAF,Nissan Leaf e+ 62 kW,62000,174,53:37.2,5.6,9.0,270,W,-8.746927368268024,-166.3804762730622,279,55,,,,72.0,204.0,3.0,0,257,22,85,2
20/04/2023 09:53,190,77.6,67,21.000002,99.25,-1321,13560,3,93,2.05,5432,48,-2.4599335,43.189785,188.85416,53.01240117249044,53:40.3,7,7199.669,0101000020E6100000D958B4A6F1AD03C060ADDDD24A984540,20230420_NISSAN_HERNANI_EIBAR_048,,d3,11:14.5,07:44.5,NISSAN_LEAF,Nissan Leaf e+ 62 kW,62000,174,53:37.2,5.6,9.0,270,W,-8.817538832134472,-168.443187581315,279,55,,,,72.0,204.0,3.0,0,257,22,85,2
20/04/2023 09:53,198,57.0,67,21.000002,99.25,-1330,0,3,93,-1.3,3977,48,-2.4617038,43.189423,197.94711,53.16173687960374,53:48.7,7,7200.328,0101000020E61000007BF3D9CB91B103C08CE0040F3F984540,20230420_NISSAN_HERNANI_EIBAR_048,,d3,11:14.5,07:44.5,NISSAN_LEAF,Nissan Leaf e+ 62 kW,62000,174,53:37.2,5.6,9.0,270,W,-8.96509370026814,174.9521231749345,279,55,,,,72.0,204.0,3.0,0,257,22,85,3
20/04/2023 09:53,205,55.9,67,21.000002,99.25,-1362,0,3,93,0.89,3287,48,-2.463368,43.18957,204.85733,53.29781828530057,53:58.4,7,7199.579000000001,0101000020E6100000CB84FD3EFAB403C00AC699EE43984540,20230420_NISSAN_HERNANI_EIBAR_048,,d3,11:14.5,07:44.5,NISSAN_LEAF,Nissan Leaf e+ 62 kW,62000,174,53:37.2,5.6,9.0,270,W,-2.110159845530294,-103.55992373276588,279,55,,,,72.0,204.0,3.0,0,257,22,8,3
20/04/2023 09:54,206,44.6,67,21.000002,99.25,-1392,0,3,93,-2.91,3145,48,-2.4636936,43.18822,206.2479,53.450241058983636,54:08.4,7,7199.559,0101000020E61000002EC60A01A5B503C08553D19C17984540,20230420_NISSAN_HERNANI_EIBAR_048,,d3,11:14.5,07:44.5,NISSAN_LEAF,Nissan Leaf e+ 62 kW,62000,174,53:37.2,5.6,9.0,270,W,-8.549981778167897,-161.8047561554557,279,55,,,,72.0,204.0,3.0,0,257,22,85,3
20/04/2023 09:54,207,55.6,67,21.000002,99.25,-1401,9320,3,93,4.47,3481,48,-2.4648497000000003,43.18784,207.21074,53.55305874134264,54:16.5,7,7200.469,0101000020E61000006BEB361603B803C08A9ADE260B984540,20230420_NISSAN_HERNANI_EIBAR_048,,d3,11:14.5,07:44.5,NISSAN_LEAF,Nissan Leaf e+ 62 kW,62000,174,54:52.1,2.2,3.6,319,NW,-3.599176765763888,132.22533931454996,279,55,,,,72.0,204.0,3.0,0,257,22,85,3
20/04/2023 09:54,210,63.3,67,21.000002,99.25,-1401,18320,3,93,4.67,4239,48,-2.4657872000000003,43.188873,209.05017,53.6908053146068,54:24.6,7,7200.429,0101000020E6100000E312DDAEEEB903C0CB61020B2D984540,20230420_NISSAN_HERNANI_EIBAR_048,,d3,11:14.5,07:44.5,NISSAN_LEAF,Nissan Leaf e+ 62 kW,62000,174,54:52.1,2.2,3.6,319,NW,-3.2046801314158,103.89699676516692,279,55,,,,72.0,204.0,3.0,0,257,22,25,3
20/04/2023 09:54,213,60.8,67,21.000002,99.25,-1401,6080,3,93,-2.2,3808,48,-2.466094,43.190113,213.44159,53.83098129092604,54:33.6,7,7200.429,0101000020E6100000877473798FBA03C0C859E2AF55984540,20230420_NISSAN_HERNANI_EIBAR_048,,d3,11:14.5,07:44.5,NISSAN_LEAF,Nissan Leaf e+ 62 kW,62000,174,54:52.1,2.2,3.6,319,NW,-2.7061190091458487,89.73782857747126,279,55,,,,72.0,204.0,3.0,0,257,22,85,3
20/04/2023 09:54,213,47.4,67,21.000002,99.25,-1430,2640,3,93,-0.8,2915,48,-2.4660892000000003,43.191162,213.3731,53.94762543818417,54:42.7,7,7200.335999999999,0101000020E6100000EBE23BFE8CBA03C0F2E51E0F78984540,20230420_NISSAN_HERNANI_EIBAR_048,,d3,11:14.5,07:44.5,NISSAN_LEAF,Nissan Leaf e+ 62 kW,62000,174,54:52.1,2.2,3.6,319,NW,-1.5892717501616478,-165.19735140636084,279,55,,,,72.0,204.0,3.0,0,257,22,85,3
20/04/2023 09:54,217,51.6,67,21.000002,99.25,-1430,13040,3,93,5.64,3423,48,-2.4674968999999995,43.19079,217.0536,54.069068124589805,54:51.7,7,7200.325,0101000020E6100000D60B69FA6EBD03C0AAFE3BC76B984540,20230420_NISSAN_HERNANI_EIBAR_048,,d3,11:14.5,07:44.5,NISSAN_LEAF,Nissan Leaf e+ 62 kW,62000,174,54:52.1,2.2,3.6,319,NW,2.964971295314108,-83.55287462002033,279,55,,,,72.0,204.0,3.0,0,257,22,85,3
20/04/2023 09:55,219,44.6,66,21.000002,99.25,-1430,8440,3,93,6.34,3229,48,-2.4673700000000003,43.189667,218.88205,54.194376445631626,54:59.7,7,7200.267,0101000020E61000003EC18B8B2CBD03C040FB800847984540,20230420_NISSAN_HERNANI_EIBAR_048,,d3,11:14.5,07:44.5,NISSAN_LEAF,Nissan Leaf e+ 62 kW,62000,174,54:52.1,2.2,3.6,319,NW,-0.1288111586051811,-141.05053095984425,279,55,,,,72.0,204.0,3.0,0,257,22,85,3
20/04/2023 09:55,220,59.0,66,21.000002,99.25,-1430,21960,4,93,5.3,4267,48,-2.4684463,43.188797,219.89378,54.32465874716822,55:08.8,7,7200.186,0101000020E61000005E29C8CD60BF03C0D11AFD872A984540,20230420_NISSAN_HERNANI_EIBAR_048,,d3,11:14.5,07:44.5,NISSAN_LEAF,Nissan Leaf e+ 62 kW,62000,174,54:52.1,2.2,3.6,319,NW,-0.5272337560925651,-147.4214758235289,279,55,,,,72.0,204.0,3.0,0,257,22,85,3
20/04/2023 09:55,220,59.0,66,21.000002,99.25,-1430,8920,4,94,1.97,4293,48,-2.4685981,43.1887,220.00258,54.341023505929996,55:12.3,7,7205.715,0101000020E610000045C09E63B0BF03C0A42EDA5527984540,20230420_NISSAN_HERNANI_EIBAR_048,,d3,11:14.5,07:44.5,NISSAN_LEAF,Nissan Leaf e+ 62 kW,62000,174,54:52.1,2.2,3.6,319,NW,2.3618125043658256,0.0,279,55,,,,72.0,204.0,3.0,0,257,22,85,3
20/04/2023 09:55,220,59.0,66,21.000002,99.25,-1442,0,4,94,-1.42,3336,48,-2.4685981,43.1887,220.00258,54.341023505929996,55:25.9,7,7200.136,0101000020E610000045C09E63B0BF03C0A42EDA5527984540,20230420_NISSAN_HERNANI_EIBAR_048,,d3,11:14.5,07:44.5,NISSAN_LEAF,Nissan Leaf e+ 62 kW,62000,174,54:52.1,2.2,3.6,319,NW,-1.89987286206626,-170.85304857934432,279,55,,,,72.0,204.0,3.0,0,257,22,85,3
20/04/2023 09:55,226,15.0,66,21.000002,99.25,-1467,0,3,94,5.05,1033,48,-2.472635,43.18805,229.37808,54.67632414508495,55:35.0,7,7200.045999999999,0101000020E61000009BCE64DAF4C703C0E51473F711984540,20230420_NISSAN_HERNANI_EIBAR_048,,d3,11:14.5,07:44.5,NISSAN_LEAF,Nissan Leaf e+ 62 kW,62000,174,54:52.1,2.2,3.6,319,NW,1.065160229700303,-121.78981594613629,279,55,,,,72.0,204.0,3.0,0,257,22,85,3
20/04/2023 09:55,224,39.4,66,21.000002,99.25,-1467,0,3,94,-2.0,2435,48,-2.472917,43.187595,224.899,54.73202416128276,55:44.0,7,7200.036,0101000020E6100000B7A4EFB088C803C098506F1003984540,20230420_NISSAN_HERNANI_EIBAR_048,,d3,11:14.5,07:44.5,NISSAN_LEAF,Nissan Leaf e+ 62 kW,62000,174,54:52.1,2.2,3.6,319,NW,1.357231789431408,-116.8514746469292,279,55,,,,72.0,204.0,3.0,0,257,22,8,4
20/04/2023 09:55,225,32.4,66,21.000002,99.25,-1491,0,3,94,-1.44,2410,48,-2.4733534,43.186733,225.42862,54.83419716215344,55:53.0,7,7199.986999999999,0101000020E6100000F1BF1A8C6DC903C0AE57ACE5E6974540,20230420_NISSAN_HERNANI_EIBAR_048,,d3,11:14.5,07:44.5,NISSAN_LEAF,Nissan Leaf e+ 62 kW,62000,174,54:52.1,2.2,3.6,319,NW,3.3208401107961185,-71.71224617645325,279,55,,,,72.0,204.0,3.0,0,257,22,40,4
20/04/2023 09:56,219,25.5,66,21.000002,99.25,-1501,0,3,93,-0.81,1881,48,-2.473168,43.186172,221.5276,54.89848145281952,56:02.1,7,7199.896,0101000020E6100000CEE7EC440CC903C0D116B48DD4974540,20230420_NISSAN_HERNANI_EIBAR_048,,d3,11:14.5,07:44.5,NISSAN_LEAF,Nissan Leaf e+ 62 kW,62000,174,54:52.1,2.2,3.6,319,NW,1.7237746785839128,-110.39122618333847,279,55,,,,72.0,204.0,3.0,0,257,22,8,4
20/04/2023 09:56,216,22.3,66,21.000002,99.25,-1505,0,3,93,-0.72,1234,48,-2.4733126,43.185783,216.908,54.94353435597144,56:10.1,7,7199.896,0101000020E6100000C59E071458C903C06DECC3B0C7974540,20230420_NISSAN_HERNANI_EIBAR_048,,d3,11:14.5,07:44.5,NISSAN_LEAF,Nissan Leaf e+ 62 kW,62000,174,54:52.1,2.2,3.6,319,NW,-0.3917425433648517,-145.2471468111375,279,55,,,,72.0,204.0,3.0,0,257,22,8,4
20/04/2023 09:56,218,18.9,66,21.000002,99.25,-1507,0,3,93,-0.66,1438,48,-2.4738286,43.185425,217.77052,55.001289188241266,56:19.2,7,7199.816,0101000020E610000058E9BB9866CA03C000B3FDFDBB974540,20230420_NISSAN_HERNANI_EIBAR_048,,d3,11:14.5,07:44.5,NISSAN_LEAF,Nissan Leaf e+ 62 kW,62000,174,54:52.1,2.2,3.6,319,NW,-0.049363069673373,-139.78566227555092,279,55,,,,72.0,204.0,3.0,0,257,22,25,4
20/04/2023 09:56,220,20.9,66,21.000002,99.25,-1510,0,3,92,-0.89,1579,48,-2.4742603,43.18506,220.46678,55.05495088439174,56:28.2,7,7199.786,0101000020E6100000F28D12F548CB03C019EDD0F1AF974540,20230420_NISSAN_HERNANI_EIBAR_048,,d3,11:14.5,07:44.5,NISSAN_LEAF,Nissan Leaf e+ 62 kW,62000,174,54:52.1,2.2,3.6,319,NW,-1.4362106900397194,-162.51239271532944,279,55,,,,72.0,204.0,3.0,0,257,22,25,4
20/04/2023 09:56,218,20.0,66,21.000002,99.25,-1512,0,3,91,-0.69,1457,48,-2.4748094,43.184887,218.28795,55.10349779022301,56:37.3,7,7199.746,0101000020E61000007134D7EF68CC03C077CC6D55AA974540,20230420_NISSAN_HERNANI_EIBAR_048,,d3,11:14.5,07:44.5,NISSAN_LEAF,Nissan Leaf e+ 62 kW,62000,174,54:52.1,2.2,3.6,319,NW,-1.444894299806355,-162.66319667025832,279,55,,,,72.0,204.0,3.0,0,257,22,25,4
20/04/2023 09:56,219,24.0,66,21.000002,99.25,-1521,0,3,91,-7.3,1711,48,-2.4754725,43.18468,219.17168,55.16198717334201,56:46.3,7,7199.666,0101000020E6100000A3A89E87C4CD03C02F80B89DA3974540,20230420_NISSAN_HERNANI_EIBAR_048,,d3,11:14.5,07:44.5,NISSAN_LEAF,Nissan Leaf e+ 62 kW,62000,174,58:37.3,5.6,9.0,270,W,-8.990658659896388,177.38929056516966,279,55,,,,72.0,204.0,3.0,0,257,22,25,4
20/04/2023 09:56,219,15.2,66,21.000002,99.25,-1538,0,3,91,-2.19,937,48,-2.4758234,43.184696,219.6833,55.190497591468144,56:54.4,7,7199.637,0101000020E6100000178D1E837CCE03C0E88CA32DA4974540,20230420_NISSAN_HERNANI_EIBAR_048,,d3,11:14.5,07:44.5,NISSAN_LEAF,Nissan Leaf e+ 62 kW,62000,174,58:37.3,5.6,9.0,270,W,-8.906296086212466,171.72490918574613,279,55,,,,72.0,204.0,3.0,0,257,22,25,4
20/04/2023 09:57,216,22.3,66,21.000002,99.25,-1540,4080,3,91,0.53,1427,48,-2.4763322,43.18477,217.29881,55.23263019034577,57:03.5,7,7199.496,0101000020E610000022B7703087CF03C0B217DD88A6974540,20230420_NISSAN_HERNANI_EIBAR_048,,d3,11:14.5,07:44.5,NISSAN_LEAF,Nissan Leaf e+ 62 kW,62000,174,58:37.3,5.6,9.0,270,W,-8.885244205848528,170.84061676403,279,55,,,,72.0,204.0,3.0,0,257,22,25,4
20/04/2023 09:57,213,21.1,66,21.000002,99.25,-1540,2800,3,90,2.05,1348,48,-2.4769400000000004,43.184868,213.50891,55.2832418223581,57:12.5,7,7199.526,0101000020E61000005424E9D1C5D003C0D83A22C6A9974540,20230420_NISSAN_HERNANI_EIBAR_048,,d3,11:14.5,07:44.5,NISSAN_LEAF,Nissan Leaf e+ 62 kW,62000,174,58:37.3,5.6,9.0,270,W,-8.924837207124243,172.58996017759523,279,55,,,,72.0,204.0,3.0,0,257,22,25,4
20/04/2023 09:57,210,20.2,66,21.000002,99.25,-1540,1320,3,90,-1.42,1488,48,-2.4775705,43.18495,210.5331,55.33525328902986,57:21.5,7,7199.526,0101000020E6100000570E298410D203C053F38C7DAC974540,20230420_NISSAN_HERNANI_EIBAR_048,,d3,11:14.5,07:44.5,NISSAN_LEAF,Nissan Leaf e+ 62 kW,62000,174,58:37.3,5.6,9.0,270,W,-8.537460371651186,161.5511792269214,279,55,,,,72.0,204.0,3.0,0,257,22,40,4
20/04/2023 09:57,206,38.5,66,21.000002,99.25,-1544,12600,3,90,4.52,1662,48,-2.4779422,43.185074,208.23361,55.36847392785087,57:29.5,7,7200.456,0101000020E6100000CDE10A58D3D203C0E72A2289B0974540,20230420_NISSAN_HERNANI_EIBAR_048,,d3,11:14.5,07:44.5,NISSAN_LEAF,Nissan Leaf e+ 62 kW,62000,174,58:37.3,5.6,9.0,270,W,-8.877570944435222,170.53867033935072,279,55,,,,72.0,204.0,3.0,0,257,22,40,4
20/04/2023 09:57,207,27.4,66,21.000002,99.25,-1544,120,3,90,-1.05,2223,48,-2.4788783,43.18523,206.8302,55.44634012910555,57:37.6,7,7200.417,0101000020E6100000EC339E2EBED403C082E31FA0B5974540,20230420_NISSAN_HERNANI_EIBAR_048,,d3,11:14.5,07:44.5,NISSAN_LEAF,Nissan Leaf e+ 62 kW,62000,174,58:37.3,5.6,9.0,270,W,-8.488751503533646,-160.59516273847424,279,55,,,,72.0,204.0,3.0,0,257,22,8,4
20/04/2023 09:57,206,9.1,66,21.000002,99.25,-1550,0,3,90,-6.02,1216,48,-2.4796447999999995,43.18496,206.1124,55.515361709134545,57:46.6,7,7200.417,0101000020E6100000CCB3E00E50D603C0508D49C7AC974540,20230420_NISSAN_HERNANI_EIBAR_048,,d3,11:14.5,07:44.5,NISSAN_LEAF,Nissan Leaf e+ 62 kW,62000,174,58:37.3,5.6,9.0,270,W,-8.478236260559855,-160.39467139959444,279,55,,,,72.0,204.0,3.0,0,257,22,40,4
20/04/2023 09:57,202,24.0,66,21.000002,99.25,-1553,7360,3,90,0.64,1252,48,-2.4798694,43.18488,202.9275,55.53587708627844,57:55.7,7,7200.335999999999,0101000020E610000049ED2AB4C5D603C0DD5B7C2DAA974540,20230420_NISSAN_HERNANI_EIBAR_048,,d3,11:14.5,07:44.5,NISSAN_LEAF,Nissan Leaf e+ 62 kW,62000,174,58:37.3,5.6,9.0,270,W,-6.260917365037344,-134.0796334464239,279,55,,,,72.0,204.0,3.0,0,257,22,25,4
20/04/2023 09:58,201,32.5,66,21.000002,99.25,-1553,8440,3,90,-0.59,2032,48,-2.4802277000000004,43.18451,201.93192,55.586251495864616,58:03.7,7,7200.335999999999,0101000020E61000001636099C81D703C03850D8059E974540,20230420_NISSAN_HERNANI_EIBAR_048,,d3,11:14.5,07:44.5,NISSAN_LEAF,Nissan Leaf e+ 62 kW,62000,174,58:37.3,5.6,9.0,270,W,-8.06084165086563,-153.59192316855385,279,55,,,,72.0,204.0,3.0,0,257,22,40,4
20/04/2023 09:58,197,21.4,66,21.000002,99.25,-1555,80,3,90,-0.72,1583,48,-2.4809587000000004,43.184147,198.10123,55.65806126105033,58:12.8,7,7200.246,0101000020E6100000D110AAEA00D903C03A99AF1192974540,20230420_NISSAN_HERNANI_EIBAR_048,,d3,11:14.5,07:44.5,NISSAN_LEAF,Nissan Leaf e+ 62 kW,62000,174,58:37.3,5.6,9.0,270,W,-7.660026761497041,-148.33305089991924,279,55,,,,72.0,204.0,3.0,0,257,22,40,4
20/04/2023 09:58,196,0.0,66,21.000002,99.25,-1560,0,3,90,0.0,0,48,-2.4812489,43.183968,196.78947,55.6889076954506,58:21.8,7,7200.236,0101000020E61000007ED7ACFB98D903C02519393C8C974540,20230420_NISSAN_HERNANI_EIBAR_048,,d3,11:14.5,07:44.5,NISSAN_LEAF,Nissan Leaf e+ 62 kW,62000,174,58:37.3,5.6,9.0,270,W,-8.99564953605001,178.21843505595535,279,55,,,,72.0,204.0,3.0,0,257,22,25,4
20/04/2023 09:58,196,5.6,66,21.000002,99.25,-1560,1600,3,90,1.3,391,48,-2.4813132,43.18397,196.81947,55.69412589657454,58:30.8,7,7200.196,0101000020E6100000236E93C2BAD903C091519D688C974540,20230420_NISSAN_HERNANI_EIBAR_048,,d3,11:14.5,07:44.5,NISSAN_LEAF,Nissan Leaf e+ 62 kW,62000,174,58:37.3,5.6,9.0,270,W,-8.14584458209883,-154.8359250261518,279,55,,,,72.0,204.0,3.0,0,257,22,25,4
20/04/2023 09:58,197,2.8,66,21.000002,99.25,-1560,320,3,90,2.14,40,48,-2.481343,43.183956,197.54826,55.697091082718956,58:38.8,7,7200.156,0101000020E61000005BBFD463CAD903C043E18FED8B974540,20230420_NISSAN_HERNANI_EIBAR_048,,d3,11:14.5,07:44.5,NISSAN_LEAF,Nissan Leaf e+ 62 kW,62000,174,58:37.3,5.6,9.0,270,W,-8.285958062201406,-157.0230554963737,279,55,,,,72.0,204.0,3.0,0,257,22,25,4
20/04/2023 09:58,195,21.0,66,21.000002,99.25,-1560,3720,3,89,0.3,1462,48,-2.481593,43.18385,197.14548,55.72054210298903,58:47.9,7,7200.1140000000005,0101000020E61000002F04C45B4DDA03C0A5491E5D88974540,20230420_NISSAN_HERNANI_EIBAR_048,,d3,11:14.5,07:44.5,NISSAN_LEAF,Nissan Leaf e+ 62 kW,62000,174,58:37.3,5.6,9.0,270,W,-6.882431196365745,-139.8816062360795,279,55,,,,72.0,204.0,3.0,0,257,22,40,4
20/04/2023 09:58,192,14.1,66,21.000002,99.25,-1561,80,3,89,0.69,1073,48,-2.4819965,43.18351,192.88762,55.77071926263682,58:57.0,7,7200.034000000001,0101000020E6100000CD36ADFA20DB03C08F5300327D974540,20230420_NISSAN_HERNANI_EIBAR_048,,d3,11:14.5,07:44.5,NISSAN_LEAF,Nissan Leaf e+ 62 kW,62000,174,58:37.3,5.6,9.0,270,W,-7.081680756215103,-141.8924231226085,279,55,,,,72.0,204.0,3.0,0,257,22,40,4
20/04/2023 09:59,190,9.9,66,21.000002,99.25,-1561,840,3,89,3.0,707,48,-2.482277,43.18329,190.29092,55.80422168877786,59:06.0,7,7200.034000000001,0101000020E6100000C623AB04B4DB03C064DE930B76974540,20230420_NISSAN_HERNANI_EIBAR_048,,d3,11:14.5,07:44.5,NISSAN_LEAF,Nissan Leaf e+ 62 kW,62000,174,58:37.3,5.6,9.0,270,W,-7.693207957074298,-148.73774427852248,279,55,,,,72.0,204.0,3.0,0,257,22,40,4
20/04/2023 09:59,187,26.1,66,21.000002,99.25,-1561,4080,3,89,2.83,1690,48,-2.4826822,43.183044,187.74168,55.84704804353395,59:15.0,7,7199.984,0101000020E610000014E3877888DC03C02C2348046E974540,20230420_NISSAN_HERNANI_EIBAR_048,,d3,11:14.5,07:44.5,NISSAN_LEAF,Nissan Leaf e+ 62 kW,62000,174,59:52.2,5.6,9.0,270,W,-7.871661494033885,-151.0011047555631,279,55,,,,72.0,204.0,3.0,0,257,22,40,4
20/04/2023 09:59,186,25.2,66,21.000002,99.25,-1561,7880,3,89,4.88,1772,48,-2.4832938,43.182705,186.45404,55.90935070063318,59:24.1,7,7199.903,0101000020E6100000DB18701FC9DD03C07F70A9D062974540,20230420_NISSAN_HERNANI_EIBAR_048,,d3,11:14.5,07:44.5,NISSAN_LEAF,Nissan Leaf e+ 62 kW,62000,174,59:52.2,5.6,9.0,270,W,-7.881691856080511,-151.13309578831465,279,55,,,,72.0,204.0,3.0,0,257,22,25,4
20/04/2023 09:59,188,23.9,66,21.499998,99.25,-1561,8800,3,89,4.95,1869,48,-2.4839559,43.18234,188.78137,55.976690009870076,59:33.1,7,7199.854,0101000020E61000009443463D24DF03C08AF8EAEE56974540,20230420_NISSAN_HERNANI_EIBAR_048,,d3,11:14.5,07:44.5,NISSAN_LEAF,Nissan Leaf e+ 62 kW,62000,174,59:52.2,5.6,9.0,270,W,-8.339059668069726,-157.90511062375023,279,55,,,,72.0,204.0,3.0,0,257,22,25,5
20/04/2023 09:59,189,12.3,66,21.499998,99.25,-1561,2680,3,89,4.36,1114,48,-2.4845471000000003,43.1821,189.55432,56.031558647843646,59:42.2,7,7199.814,0101000020E6100000F020DB3D5AE003C00A483F0F4F974540,20230420_NISSAN_HERNANI_EIBAR_048,,d3,11:14.5,07:44.5,NISSAN_LEAF,Nissan Leaf e+ 62 kW,62000,174,59:52.2,5.6,9.0,270,W,-8.778900307564433,-167.2736585123449,279,55,,,,72.0,204.0,3.0,0,257,22,25,5
20/04/2023 09:59,190,17.8,66,21.499998,99.25,-1561,0,3,89,-0.55,1544,48,-2.485167,43.18196,190.25647,56.08418129961947,59:50.2,7,7199.774,0101000020E6100000197CD94A9FE103C0AA76BD8A4A974540,20230420_NISSAN_HERNANI_EIBAR_048,,d3,11:14.5,07:44.5,NISSAN_LEAF,Nissan Leaf e+ 62 kW,62000,174,59:52.2,5.6,9.0,270,W,-8.948684211498273,-173.87863257355792,279,55,,,,72.0,204.0,3.0,0,257,22,25,5
20/04/2023 09:59,191,11.4,66,21.499998,99.25,-1563,4280,3,89,-0.23,798,48,-2.485512,43.181923,191.7792,56.1124963606583,59:59.3,7,7199.684,0101000020E61000006242D22C54E203C0DAE6A33A49974540,20230420_NISSAN_HERNANI_EIBAR_048,,d3,11:14.5,07:44.5,NISSAN_LEAF,Nissan Leaf e+ 62 kW,62000,174,59:52.2,5.6,9.0,270,W,-8.62488966085105,-163.39969896449904,279,55,,,,72.0,204.0,3.0,0,257,22,25,5
20/04/2023 10:00,192,22.2,66,21.499998,99.25,-1563,10720,3,89,6.19,1402,48,-2.4858575000000003,43.18182,192.23308,56.142764293743916,00:08.4,7,7199.634,0101000020E6100000B7980E3B09E303C0EA7278E245974540,20230420_NISSAN_HERNANI_EIBAR_048,,d3,11:14.5,07:44.5,NISSAN_LEAF,Nissan Leaf e+ 62 kW,62000,174,59:52.2,5.6,9.0,270,W,-8.213323823965327,-155.86597584747403,207,57,,,,44.0,163.0,0.0,0,189,18,25,5
20/04/2023 10:00,193,28.4,66,21.499998,99.25,-1563,4120,3,90,3.84,2022,48,-2.486786,43.181404,193.4014,56.23113207700961,00:17.4,7,7199.644,0101000020E6100000AB5280FAEFE403C0AE0F383B38974540,20230420_NISSAN_HERNANI_EIBAR_048,,d3,11:14.5,07:44.5,NISSAN_LEAF,Nissan Leaf e+ 62 kW,62000,174,59:52.2,5.6,9.0,270,W,-8.409585491872289,-159.1311667222826,207,57,,,,44.0,163.0,0.0,0,189,18,25,5
20/04/2023 10:00,196,30.4,66,21.499998,99.25,-1563,2840,3,90,3.42,2078,48,-2.4875152000000003,43.181126,196.35593,56.297916062012725,00:25.4,7,7199.606,0101000020E6100000E49A245C6EE603C0528954292F974540,20230420_NISSAN_HERNANI_EIBAR_048,,d3,11:14.5,07:44.5,NISSAN_LEAF,Nissan Leaf e+ 62 kW,62000,174,59:52.2,5.6,9.0,270,W,-8.65937627031697,-164.18631216519427,207,57,,,,44.0,163.0,0.0,0,189,18,25,5
20/04/2023 10:00,198,34.4,66,21.499998,99.25,-1563,4360,3,89,0.0,2252,48,-2.4883661,43.180885,198.56035,56.371963878160024,00:34.4,7,7199.556,0101000020E6100000021BD18C2CE803C08DE8053327974540,20230420_NISSAN_HERNANI_EIBAR_048,,d3,11:14.5,07:44.5,NISSAN_LEAF,Nissan Leaf e+ 62 kW,62000,174,59:52.2,5.6,9.0,270,W,-8.690239653238331,-164.92411402900152,207,57,,,,44.0,163.0,0.0,0,189,18,25,5
20/04/2023 10:00,199,27.3,66,21.499998,99.25,-1571,0,3,89,-4.34,1934,48,-2.489116,43.180683,199.61897,56.43679280850956,00:42.5,7,7200.476,0101000020E61000007BEC8EA0B5E903C021DE119F20974540,20230420_NISSAN_HERNANI_EIBAR_048,,d3,11:14.5,07:44.5,NISSAN_LEAF,Nissan Leaf e+ 62 kW,62000,174,59:52.2,5.6,9.0,270,W,-8.926238203923132,-172.65944025018837,207,57,,,,44.0,163.0,0.0,0,189,18,25,5
20/04/2023 10:00,201,32.0,66,21.499998,99.25,-1597,0,3,89,-1.73,2085,48,-2.4899466,43.180576,200.77664,56.505193310157324,00:50.5,7,7200.486,0101000020E6100000B148272E69EB03C02E7C38221D974540,20230420_NISSAN_HERNANI_EIBAR_048,,d3,11:14.5,07:44.5,NISSAN_LEAF,Nissan Leaf e+ 62 kW,62000,174,59:52.2,5.6,9.0,270,W,-4.778616534028281,-122.07016484046562,207,57,,,,44.0,163.0,0.0,0,189,18,25,5
20/04/2023 10:01,201,16.9,66,21.499998,99.25,-1631,0,3,89,-9.08,1362,48,-2.490305,43.180004,201.43083,56.57512428760224,00:59.6,7,7200.435,0101000020E6100000CEFADC0725EC03C0DAFBCD580A974540,20230420_NISSAN_HERNANI_EIBAR_048,,d3,11:14.5,07:44.5,NISSAN_LEAF,Nissan Leaf e+ 62 kW,62000,174,59:52.2,5.6,9.0,270,W,5.004200771951014,-56.21884228155309,207,57,,,,44.0,163.0,0.0,0,189,18,25,5
20/04/2023 10:01,198,0.0,66,21.499998,99.25,-1645,0,3,90,0.0,0,48,-2.4901886,43.17983,198.88614,56.59680139947288,01:08.6,7,7200.385,0101000020E6100000747692F1E7EB03C007F3A99B04974540,20230420_NISSAN_HERNANI_EIBAR_048,,d3,11:14.5,07:44.5,NISSAN_LEAF,Nissan Leaf e+ 62 kW,62000,174,59:52.2,5.6,9.0,270,W,-9.0,180.0,207,57,,,,44.0,163.0,0.0,0,189,18,40,5
20/04/2023 10:01,197,0.0,66,21.499998,99.25,-1645,0,3,90,0.0,0,48,-2.490217,43.17983,197.78308,56.5993547532953,01:16.7,7,7200.346,0101000020E6100000CB2B68D5F6EB03C07E389AAA04974540,20230420_NISSAN_HERNANI_EIBAR_048,,d3,11:14.5,07:44.5,NISSAN_LEAF,Nissan Leaf e+ 62 kW,62000,174,59:52.2,5.6,9.0,270,W,-8.070972038860345,-153.73729841844136,207,57,,,,44.0,163.0,0.0,0,189,18,25,5
20/04/2023 10:01,202,0.0,66,21.499998,99.25,-1645,0,3,90,0.0,0,48,-2.4902778,43.1798,201.29984,56.60626848749964,01:25.7,7,7200.255999999999,0101000020E61000002B6F79BE16EC03C08B76C59D03974540,20230420_NISSAN_HERNANI_EIBAR_048,,d3,11:14.5,07:44.5,NISSAN_LEAF,Nissan Leaf e+ 62 kW,62000,174,59:52.2,5.6,9.0,270,W,8.108682459430577,-25.7148337548518,207,57,,,,44.0,163.0,0.0,0,189,18,40,5
20/04/2023 10:01,202,0.0,66,21.499998,99.25,-1645,0,3,89,0.0,0,48,-2.4902425,43.179783,202.67496,56.60996401116629,01:34.8,7,7200.246999999999,0101000020E6100000DC2C933404EC03C0BEA7702203974540,20230420_NISSAN_HERNANI_EIBAR_048,,d3,11:14.5,07:44.5,NISSAN_LEAF,Nissan Leaf e+ 62 kW,62000,174,59:52.2,5.6,9.0,270,W,6.020682585039734,-48.01278750043463,207,57,,,,44.0,163.0,0.0,0,189,18,40,5
20/04/2023 10:01,202,0.0,66,21.499998,99.25,-1645,0,3,89,0.0,0,48,-2.490229,43.179768,202.92122,56.61197419817226,01:43.8,7,7200.206,0101000020E61000003CBD9618FDEB03C0DDA8CFA002974540,20230420_NISSAN_HERNANI_EIBAR_048,,d3,11:14.5,07:44.5,NISSAN_LEAF,Nissan Leaf e+ 62 kW,62000,174,59:52.2,5.6,9.0,270,W,-7.925380802087623,-151.71456804706747,207,57,,,,44.0,163.0,0.0,0,189,18,40,5
20/04/2023 10:01,202,0.9,66,21.499998,99.25,-1645,0,3,88,0.0,-7,48,-2.4902513,43.179756,202.68765,56.61423352241364,01:51.9,7,7200.127,0101000020E6100000A0BA0AD908EC03C0789B6F4A02974540,20230420_NISSAN_HERNANI_EIBAR_048,,d3,11:14.5,07:44.5,NISSAN_LEAF,Nissan Leaf e+ 62 kW,62000,174,03:37.4,2.5,4.0,120,ESE,-3.166691648589368,-67.65787629519562,207,57,,,,44.0,163.0,0.0,0,189,18,40,5
20/04/2023 10:02,201,18.6,66,21.499998,99.25,-1645,40,3,88,-1.33,1085,48,-2.4902139,43.179665,201.5894,56.62485385454424,02:00.9,7,7200.085999999999,0101000020E6100000439F6B3EF5EB03C00FFBBB39FF964540,20230420_NISSAN_HERNANI_EIBAR_048,,d3,11:14.5,07:44.5,NISSAN_LEAF,Nissan Leaf e+ 62 kW,62000,174,03:37.4,2.5,4.0,120,ESE,-2.965085525143206,12.16016934845996,207,57,,,,44.0,163.0,0.0,0,189,18,40,5
20/04/2023 10:02,201,27.8,66,21.499998,99.25,-1647,5320,3,87,4.05,1719,48,-2.4896338,43.17979,200.97345,56.673905505622265,02:10.0,7,7200.034000000001,0101000020E61000002DCAB92FC5EA03C08FA9226F03974540,20230420_NISSAN_HERNANI_EIBAR_048,,d3,11:14.5,07:44.5,NISSAN_LEAF,Nissan Leaf e+ 62 kW,62000,174,03:37.4,2.5,4.0,120,ESE,-3.000772073051523,11.392899506178129,207,57,,,,44.0,163.0,0.0,0,189,18,8,5
20/04/2023 10:02,201,34.4,66,21.499998,99.25,-1647,0,3,87,-4.34,2551,48,-2.4886115,43.179996,201.02542,56.759904699357286,02:19.0,7,7200.034000000001,0101000020E6100000E2C03C17ADE803C07EF853200A974540,20230420_NISSAN_HERNANI_EIBAR_048,,d3,11:14.5,07:44.5,NISSAN_LEAF,Nissan Leaf e+ 62 kW,62000,174,03:37.4,2.5,4.0,120,ESE,-2.9140782151051274,13.23757381359864,207,57,,,,44.0,163.0,0.0,0,189,18,40,5
20/04/2023 10:02,200,25.5,66,21.499998,99.25,-1661,0,3,87,-2.59,1998,48,-2.4877443,43.1802,200.9216,56.83378917683185,02:28.0,7,7199.984,0101000020E61000004503477BE6E603C0C6D86BB110974540,20230420_NISSAN_HERNANI_EIBAR_048,,d3,11:14.5,07:44.5,NISSAN_LEAF,Nissan Leaf e+ 62 kW,62000,174,03:37.4,2.5,4.0,120,ESE,-2.964194492887714,12.179181052350993,207,57,,,,44.0,163.0,0.0,0,189,18,40,5
20/04/2023 10:02,199,22.4,66,21.499998,99.25,-1667,2600,3,87,2.67,1536,48,-2.4870493,43.18035,199.6846,56.892571963295886,02:37.1,7,7199.914000000001,0101000020E610000018A8C0177AE503C025AC82C615974540,20230420_NISSAN_HERNANI_EIBAR_048,,d3,11:14.5,07:44.5,NISSAN_LEAF,Nissan Leaf e+ 62 kW,62000,174,03:37.4,2.5,4.0,120,ESE,-2.9961338037360554,11.493278343196272,207,57,,,,44.0,163.0,0.0,0,189,18,40,5
20/04/2023 10:02,200,19.8,66,21.499998,99.25,-1671,3360,3,87,2.16,1256,48,-2.4864247,43.180477,200.22083,56.945151529856574,02:45.1,7,7199.8730000000005,0101000020E6100000AF9709A232E403C0BA119ADC19974540,20230420_NISSAN_HERNANI_EIBAR_048,,d3,11:14.5,07:44.5,NISSAN_LEAF,Nissan Leaf e+ 62 kW,62000,174,03:37.4,2.5,4.0,120,ESE,-2.8256772323793222,15.055677847688647,207,57,,,,44.0,163.0,0.0,0,189,18,25,5
20/04/2023 10:02,201,21.1,66,21.499998,99.25,-1671,0,3,87,0.31,1805,48,-2.4855585,43.18071,200.84807,57.02001483907851,02:54.2,7,7199.764,0101000020E6100000F8BE5B896CE203C006745A8321974540,20230420_NISSAN_HERNANI_EIBAR_048,,d3,11:14.5,07:44.5,NISSAN_LEAF,Nissan Leaf e+ 62 kW,62000,174,03:37.4,2.5,4.0,120,ESE,-3.1105142446942,8.956041413765938,207,57,,,,44.0,163.0,0.0,0,189,18,25,5
20/04/2023 10:03,203,35.7,66,21.499998,99.25,-1671,2760,3,86,-0.88,2265,48,-2.4846892000000005,43.180847,202.37875,57.092144066057806,03:03.3,7,7199.734,0101000020E6100000551E3FC0A4E003C0237F140026974540,20230420_NISSAN_HERNANI_EIBAR_048,,d3,11:14.5,07:44.5,NISSAN_LEAF,Nissan Leaf e+ 62 kW,62000,174,03:37.4,2.5,4.0,120,ESE,-2.312377599599662,24.68337580357259,207,57,,,,44.0,163.0,0.0,0,189,18,25,5
20/04/2023 10:03,201,34.7,66,21.499998,99.25,-1671,0,3,86,-1.94,2422,48,-2.4838254,43.181244,202.0495,57.17493501184767,03:12.3,7,7199.723000000001,0101000020E61000002C544FDADFDE03C00007A10933974540,20230420_NISSAN_HERNANI_EIBAR_048,,d3,11:14.5,07:44.5,NISSAN_LEAF,Nissan Leaf e+ 62 kW,62000,174,03:37.4,2.5,4.0,120,ESE,-2.1932284454840203,26.749048919078817,207,57,,,,44.0,163.0,0.0,0,189,18,8,5
20/04/2023 10:03,200,28.8,66,21.499998,99.25,-1680,4280,3,86,3.33,1633,48,-2.483129,43.181595,200.75534,57.24358882972973,03:21.3,7,7199.674,0101000020E61000008DB171B072DD03C0725E2B773E974540,20230420_NISSAN_HERNANI_EIBAR_048,,d3,11:14.5,07:44.5,NISSAN_LEAF,Nissan Leaf e+ 62 kW,62000,174,03:37.4,2.5,4.0,120,ESE,-2.103431550101391,28.27398620877264,207,57,,,,44.0,163.0,0.0,0,189,18,8,4
20/04/2023 10:03,199,34.0,66,21.499998,99.25,-1680,1400,3,86,0.0,2253,48,-2.4823630000000003,43.182007,199.35974,57.32077820494336,03:30.4,7,7199.584,0101000020E610000054025114E1DB03C064B366F24B974540,20230420_NISSAN_HERNANI_EIBAR_048,,d3,11:14.5,07:44.5,NISSAN_LEAF,Nissan Leaf e+ 62 kW,62000,174,03:37.4,2.5,4.0,120,ESE,-1.381458190274595,39.79594931193135,207,57,,,,44.0,163.0,0.0,0,189,18,8,4
20/04/2023 10:03,199,30.9,66,21.499998,99.25,-1681,3680,3,86,1.91,2097,48,-2.4817772,43.182495,199.30272,57.39289262203016,03:38.4,7,7199.584,0101000020E61000008D1FBD03AEDA03C0A79C75065C974540,20230420_NISSAN_HERNANI_EIBAR_048,,d3,11:14.5,07:44.5,NISSAN_LEAF,Nissan Leaf e+ 62 kW,62000,174,03:37.4,2.5,4.0,120,ESE,-2.3072838245237595,24.772745143403235,207,57,,,,44.0,163.0,0.0,0,189,18,40,4
20/04/2023 10:03,198,39.6,66,21.499998,99.25,-1681,4200,3,86,3.61,2545,48,-2.4808671,43.182915,198.91862,57.48022182063154,03:47.5,7,7199.545999999999,0101000020E6100000E2DD89DED0D803C077DF4BB069974540,20230420_NISSAN_HERNANI_EIBAR_048,,d3,11:14.5,07:44.5,NISSAN_LEAF,Nissan Leaf e+ 62 kW,62000,174,03:37.4,2.5,4.0,120,ESE,-2.688529945649784,17.768134757453826,207,57,,,,44.0,163.0,0.0,0,189,18,40,4
20/04/2023 10:03,202,34.6,66,21.499998,99.25,-1681,2200,3,86,-0.48,2494,48,-2.4798217,43.18325,202.57065,57.572879090980834,03:55.5,7,7200.465,0101000020E61000006663DCB3ACD603C02524DCB874974540,20230420_NISSAN_HERNANI_EIBAR_048,,d3,11:14.5,07:44.5,NISSAN_LEAF,Nissan Leaf e+ 62 kW,62000,174,03:37.4,2.5,4.0,120,ESE,-2.7520246814477103,16.52751352867333,207,57,,,,44.0,163.0,0.0,0,189,18,25,4
20/04/2023 10:04,205,17.2,66,21.499998,99.25,-1681,0,3,86,-8.12,1704,48,-2.479114,43.18346,204.93549,57.63487374203763,04:03.6,7,7200.426,0101000020E6100000F45166B639D503C0E34B0D987B974540,20230420_NISSAN_HERNANI_EIBAR_048,,d3,11:14.5,07:44.5,NISSAN_LEAF,Nissan Leaf e+ 62 kW,62000,174,03:37.4,2.5,4.0,120,ESE,-3.4243663103455133,1.1194624052193771,207,57,,,,44.0,163.0,0.0,0,189,18,40,4
20/04/2023 10:04,202,0.0,66,21.499998,99.25,-1688,0,3,86,0.0,0,48,-2.4789093,43.183464,203.15878,57.65157148468523,04:12.6,7,7200.417,0101000020E6100000DAFE306BCED403C0EC6E77C27B974540,20230420_NISSAN_HERNANI_EIBAR_048,,d3,11:14.5,07:44.5,NISSAN_LEAF,Nissan Leaf e+ 62 kW,62000,174,03:37.4,2.5,4.0,120,ESE,3.1645133883578342,-172.2910826509929,207,57,,,,44.0,163.0,0.0,0,189,18,40,4
20/04/2023 10:04,201,0.0,66,21.000002,99.25,-1688,0,3,86,0.0,0,48,-2.4789684,43.183456,201.11034,57.65685814733132,04:22.6,7,7200.376,0101000020E610000099B5595DEDD403C04152B8887B974540,20230420_NISSAN_HERNANI_EIBAR_048,,d3,11:14.5,07:44.5,NISSAN_LEAF,Nissan Leaf e+ 62 kW,62000,174,04:52.2,2.5,4.0,120,ESE,-3.464101615137755,0.0,207,57,,,,44.0,163.0,0.0,0,189,18,40,4
20/04/2023 10:04,202,0.0,66,21.000002,99.25,-1688,0,3,86,0.0,0,48,-2.478964,43.183456,202.20927,57.6580135337787,04:31.7,7,7200.326,0101000020E6100000EB7F6210EBD403C02EB927867B974540,20230420_NISSAN_HERNANI_EIBAR_048,,d3,11:14.5,07:44.5,NISSAN_LEAF,Nissan Leaf e+ 62 kW,62000,174,04:52.2,2.5,4.0,120,ESE,-3.464101615137755,0.0,207,57,,,,44.0,163.0,0.0,0,189,18,40,4
20/04/2023 10:04,202,0.0,66,21.000002,99.25,-1688,0,3,85,0.0,0,48,-2.478964,43.183456,202.20927,57.6580135337787,04:39.7,7,7200.286999999999,0101000020E6100000EB7F6210EBD403C02EB927867B974540,20230420_NISSAN_HERNANI_EIBAR_048,,d3,11:14.5,07:44.5,NISSAN_LEAF,Nissan Leaf e+ 62 kW,62000,174,04:52.2,2.5,4.0,120,ESE,-3.464101615137755,0.0,207,57,,,,44.0,163.0,0.0,0,189,18,40,4
20/04/2023 10:04,202,0.0,66,21.000002,99.25,-1688,0,3,85,0.0,0,48,-2.478964,43.183456,202.20882,57.6580139837787,04:48.8,7,7200.236,0101000020E61000003F80B717EBD403C04D54FB717B974540,20230420_NISSAN_HERNANI_EIBAR_048,,d3,11:14.5,07:44.5,NISSAN_LEAF,Nissan Leaf e+ 62 kW,62000,174,04:52.2,2.5,4.0,120,ESE,-3.464101615137755,0.0,207,57,,,,44.0,163.0,0.0,0,189,18,40,4
20/04/2023 10:04,202,0.0,66,21.000002,99.25,-1688,0,3,85,0.0,0,48,-2.478964,43.183456,202.20882,57.6580139837787,04:56.8,7,7200.166,0101000020E61000003F80B717EBD403C04D54FB717B974540,20230420_NISSAN_HERNANI_EIBAR_048,,d3,11:14.5,07:44.5,NISSAN_LEAF,Nissan Leaf e+ 62 kW,62000,174,04:52.2,2.5,4.0,120,ESE,-3.464101615137755,0.0,207,57,,,,44.0,163.0,0.0,0,189,18,40,4
20/04/2023 10:05,202,0.0,66,21.000002,99.25,-1688,0,3,84,0.0,0,48,-2.478964,43.183456,202.20882,57.6580139837787,05:05.8,7,7200.156,0101000020E61000003F80B717EBD403C04D54FB717B974540,20230420_NISSAN_HERNANI_EIBAR_048,,d3,11:14.5,07:44.5,NISSAN_LEAF,Nissan Leaf e+ 62 kW,62000,174,04:52.2,2.5,4.0,120,ESE,-3.629582308977143,-5.147884823385185,207,57,,,,44.0,163.0,0.0,0,189,18,40,4
20/04/2023 10:05,201,9.6,66,21.000002,99.25,-1688,3360,3,84,0.89,395,48,-2.4789307000000003,43.183453,202.00587,57.66074202327399,05:14.9,7,7200.116,0101000020E610000073635295D9D403C039B2B4587B974540,20230420_NISSAN_HERNANI_EIBAR_048,,d3,11:14.5,07:44.5,NISSAN_LEAF,Nissan Leaf e+ 62 kW,62000,174,04:52.2,2.5,4.0,120,ESE,-2.2761787627959835,25.31636403552801,207,57,,,,44.0,163.0,0.0,0,189,18,40,4
20/04/2023 10:05,200,18.7,66,21.000002,99.25,-1688,3760,3,84,1.33,1060,48,-2.478658,43.183582,200.30528,57.68715254180547,05:23.9,7,7200.0740000000005,0101000020E6100000169B6E974AD403C0B2EBCD917F974540,20230420_NISSAN_HERNANI_EIBAR_048,,d3,11:14.5,07:44.5,NISSAN_LEAF,Nissan Leaf e+ 62 kW,62000,174,04:52.2,2.5,4.0,120,ESE,3.8060855528185096,132.0863938094919,207,57,,,,44.0,163.0,0.0,0,189,18,40,4
20/04/2023 10:05,199,24.5,66,21.000002,99.25,-1702,0,3,84,-6.03,1831,48,-2.4790897000000003,43.18406,199.73245,57.75079611943287,05:32.0,7,7199.983,0101000020E61000007EEF6E072DD503C099DC91428F974540,20230420_NISSAN_HERNANI_EIBAR_048,,d3,11:14.5,07:44.5,NISSAN_LEAF,Nissan Leaf e+ 62 kW,62000,174,04:52.2,2.5,4.0,120,ESE,3.663607097005836,126.33411726456222,207,57,,,,44.0,163.0,0.0,0,189,18,8,4
20/04/2023 10:05,197,14.8,66,21.000002,99.25,-1715,320,3,84,4.55,1556,48,-2.4794648,43.18457,197.9001,57.8151718656798,05:41.1,7,7199.933000000001,0101000020E6100000302D66A3F1D503C0A702FB0AA0974540,20230420_NISSAN_HERNANI_EIBAR_048,,d3,11:14.5,07:44.5,NISSAN_LEAF,Nissan Leaf e+ 62 kW,62000,174,04:52.2,2.5,4.0,120,ESE,3.791434214718246,131.41619962878437,207,57,,,,44.0,163.0,0.0,0,189,18,40,4
20/04/2023 10:05,198,11.7,66,21.000002,99.25,-1715,840,3,85,-4.44,1083,48,-2.4797559,43.1849,198.27443,57.85880278811705,05:50.1,7,7199.894,0101000020E6100000A3F803368AD603C04CFE6CB5AA974540,20230420_NISSAN_HERNANI_EIBAR_048,,d3,11:14.5,07:44.5,NISSAN_LEAF,Nissan Leaf e+ 62 kW,62000,174,04:52.2,2.5,4.0,120,ESE,1.0112086481846314,-134.64339187038104,207,57,,,,44.0,163.0,0.0,0,189,18,40,4
20/04/2023 10:05,199,13.9,66,21.000002,99.25,-1716,2160,3,85,2.97,430,48,-2.4798517,43.184803,198.84692,57.87210668529544,05:59.2,7,7199.844,0101000020E6100000C250448CBCD603C09A51DB95A7974540,20230420_NISSAN_HERNANI_EIBAR_048,,d3,11:14.5,07:44.5,NISSAN_LEAF,Nissan Leaf e+ 62 kW,62000,174,04:52.2,2.5,4.0,120,ESE,1.6449779373444926,-144.28303536567353,207,57,,,,44.0,163.0,0.0,0,189,18,25,4
20/04/2023 10:06,199,32.2,66,21.000002,99.25,-1716,7560,3,85,1.06,1971,48,-2.4803342999999995,43.184456,199.38397,57.92706197030652,06:08.2,7,7199.813,0101000020E6100000BD42507BB9D703C0719767419C974540,20230420_NISSAN_HERNANI_EIBAR_048,,d3,11:14.5,07:44.5,NISSAN_LEAF,Nissan Leaf e+ 62 kW,62000,174,04:52.2,2.5,4.0,120,ESE,2.0281767938504776,-150.4671450758704,207,57,,,,44.0,163.0,0.0,0,189,18,40,4
20/04/2023 10:06,198,39.1,66,21.499998,99.25,-1716,0,3,85,-2.86,2473,48,-2.4811392000000003,43.184,198.35654,58.009711389112525,06:17.3,7,7199.744000000001,0101000020E61000001A4F2F885FD903C07AE8E9398D974540,20230420_NISSAN_HERNANI_EIBAR_048,,d3,11:14.5,07:44.5,NISSAN_LEAF,Nissan Leaf e+ 62 kW,62000,174,04:52.2,2.5,4.0,120,ESE,1.3547011467255663,-139.79618591857104,207,57,,,,44.0,163.0,0.0,0,189,18,25,4
20/04/2023 10:06,196,35.5,66,21.499998,99.25,-1728,0,3,85,-5.3,2608,48,-2.481913,43.183346,196.72331,58.105770141533235,06:26.2,7,7199.754,0101000020E6100000E21C6839F5DA03C0660FCFD077974540,20230420_NISSAN_HERNANI_EIBAR_048,,d3,11:14.5,07:44.5,NISSAN_LEAF,Nissan Leaf e+ 62 kW,62000,174,04:52.2,2.5,4.0,120,ESE,1.4454489104256054,-141.18387867321718,207,57,,,,44.0,163.0,0.0,0,189,18,40,4
20/04/2023 10:06,197,33.5,66,21.499998,99.25,-1739,4640,3,85,2.59,2112,48,-2.4825196,43.182858,197.84787,58.17901449194814,06:35.3,7,7199.714,0101000020E610000079CF6C3433DC03C020FCEDE467974540,20230420_NISSAN_HERNANI_EIBAR_048,,d3,11:14.5,07:44.5,NISSAN_LEAF,Nissan Leaf e+ 62 kW,62000,174,04:52.2,2.5,4.0,120,ESE,1.980275406242626,-149.67429058920257,207,57,,,,44.0,163.0,0.0,0,189,18,40,4
20/04/2023 10:06,195,31.7,66,21.499998,99.25,-1739,0,3,85,1.62,2236,48,-2.4833624,43.182365,196.26047,58.266634703116225,06:44.3,7,7199.673000000001,0101000020E6100000522AC11BEDDD03C0331601B657974540,20230420_NISSAN_HERNANI_EIBAR_048,,d3,11:14.5,07:44.5,NISSAN_LEAF,Nissan Leaf e+ 62 kW,62000,174,04:52.2,2.5,4.0,120,ESE,2.176347024112993,-152.9622778056303,207,57,,,,44.0,163.0,0.0,0,189,18,25,4
20/04/2023 10:06,193,26.5,66,21.499998,99.25,-1739,0,3,85,1.94,1904,48,-2.4840384,43.18202,193.46727,58.33359516084295,06:52.4,7,7199.604,0101000020E6100000081F897B4FDF03C0D874FE694C974540,20230420_NISSAN_HERNANI_EIBAR_048,,d3,11:14.5,07:44.5,NISSAN_LEAF,Nissan Leaf e+ 62 kW,62000,174,08:37.4,5.6,9.0,270,W,-8.1350033730263,-154.67409857206886,207,57,,,,44.0,163.0,0.0,0,189,18,8,5
20/04/2023 10:07,192,29.3,66,21.499998,99.25,-1739,2640,3,85,1.33,1946,48,-2.4847674,43.181675,192.74759,58.404065041368455,07:01.4,7,7199.563,0101000020E610000051AC9EBCCDE003C050DD542441974540,20230420_NISSAN_HERNANI_EIBAR_048,,d3,11:14.5,07:44.5,NISSAN_LEAF,Nissan Leaf e+ 62 kW,62000,174,08:37.4,5.6,9.0,270,W,-8.314602300576194,-157.49478542099874,207,57,,,,44.0,163.0,0.0,0,189,18,25,5
20/04/2023 10:07,192,27.7,66,21.499998,99.25,-1739,2520,3,85,1.33,1923,48,-2.4855132,43.181366,192.84872,58.47361587094032,07:10.5,7,7199.517,0101000020E61000003F9623C054E203C0DBF9E40137974540,20230420_NISSAN_HERNANI_EIBAR_048,,d3,11:14.5,07:44.5,NISSAN_LEAF,Nissan Leaf e+ 62 kW,62000,174,08:37.4,5.6,9.0,270,W,-8.42156076358524,-159.34623661178458,207,57,,,,44.0,163.0,0.0,0,189,18,25,5
20/04/2023 10:07,193,25.4,66,21.499998,99.25,-1739,40,3,84,1.56,1874,48,-2.4862003,43.181107,193.15044,58.5363319556051,07:18.5,7,7200.476,0101000020E61000008698E0FCBCE303C0429A798E2E974540,20230420_NISSAN_HERNANI_EIBAR_048,,d3,11:14.5,07:44.5,NISSAN_LEAF,Nissan Leaf e+ 62 kW,62000,174,08:37.4,5.6,9.0,270,W,-8.414281266305478,-159.21524696237807,207,57,,,,44.0,163.0,0.0,0,189,18,25,5
20/04/2023 10:07,192,26.9,66,21.499998,99.25,-1739,4160,3,84,2.25,1784,48,-2.4868774,43.18085,192.98912,58.598225574894656,07:27.5,7,7200.476,0101000020E6100000099A67FC1FE503C0B7C1B11C26974540,20230420_NISSAN_HERNANI_EIBAR_048,,d3,11:14.5,07:44.5,NISSAN_LEAF,Nissan Leaf e+ 62 kW,62000,174,08:37.4,5.6,9.0,270,W,-8.587263519336764,-162.5808623233929,207,57,,,,44.0,163.0,0.0,0,189,18,25,5
20/04/2023 10:07,193,11.3,66,21.499998,99.25,-1744,0,3,84,-0.33,1087,48,-2.4875786,43.18063,193.32198,58.66012141921583,07:36.6,7,7200.386,0101000020E6100000B1B600928FE603C0AF5593DF1E974540,20230420_NISSAN_HERNANI_EIBAR_048,,d3,11:14.5,07:44.5,NISSAN_LEAF,Nissan Leaf e+ 62 kW,62000,174,08:37.4,5.6,9.0,270,W,,,207,57,,,,44.0,163.0,0.0,0,189,18,25,5
