timestamp_data_utc,elv_spy,speed,soc,amb_temp,soh,regenwh,Motor Pwr(w),Aux Pwr(100w),Motor Temp,Torque Nm,rpm,route_id,longitude,latitude,altitude,cumul_dist,timestamp_gps_utc,car_id,time_diff,point_geom,route_code,route_description,driver,start_timestamp,end_timestamp,car_code,car_description,capacity,ref_consumption,timestamp_weather_utc,wind_mph,wind_kph,wind_degree,wind_dir,Frontal_Wind,Veh_deg,totalVehicles,speedAvg,cars_by_speed_interval_0_80,cars_by_speed_interval_80_100,cars_by_speed_interval_100_120,cars_by_speed_interval_0_50,cars_by_speed_interval_50_80,cars_by_speed_interval_80_120,cars_by_speed_interval_120_inf,cars_by_length_interval_0_7,cars_by_length_interval_7_inf,max_speed,radius
21/04/2023 07:01,164,22.9,97,11.999999,99.23,0,1640,3,60,5.12,1186,56,-1.9859734,43.29156,164.83138,0.0,01:46.1,7,7199.939,0101000020E61000007E32FDF58BC6FFBF62DC2EE651A54540,20230421_NISSAN_DONOSTIA_ULIA_056,,d2,01:37.4,06:35.4,NISSAN_LEAF,Nissan Leaf e+ 62 kW,62000,174,00:55.9,2.2,3.6,113,ESE,-3.4411891458329977,-5.9181035203913455,400,100,20.0,147.0,215.0,,,,18,350,50,8,2
21/04/2023 07:01,166,30.2,97,11.999999,99.23,0,240,3,60,-0.69,1982,56,-1.9851727,43.291477,166.43867,0.06547900801989917,01:54.2,7,7199.844,0101000020E6100000460A348444C3FFBF0CFDE02F4FA54540,20230421_NISSAN_DONOSTIA_ULIA_056,,d2,01:37.4,06:35.4,NISSAN_LEAF,Nissan Leaf e+ 62 kW,62000,174,00:55.9,2.2,3.6,113,ESE,-3.1717788434775307,5.230754086018113,400,100,20.0,147.0,215.0,,,,18,350,50,8,2
21/04/2023 07:02,165,17.0,97,11.999999,99.23,-1,0,3,60,4.48,1141,56,-1.984419,43.291546,165.35768000000002,0.12697053273796788,02:03.2,7,7199.8,0101000020E61000005AAC43212EC0FFBF4B204A5451A54540,20230421_NISSAN_DONOSTIA_ULIA_056,,d2,01:37.4,06:35.4,NISSAN_LEAF,Nissan Leaf e+ 62 kW,62000,174,00:55.9,2.2,3.6,113,ESE,-2.938846646927382,-58.27930160954772,400,100,20.0,147.0,215.0,,,,18,350,50,25,2
21/04/2023 07:02,164,31.4,97,11.999999,99.23,-1,6200,3,61,2.67,2108,56,-1.9840982,43.291027,164.90268,0.19025416063863415,02:11.2,7,7199.763000000001,0101000020E610000081C1B7C1DDBEFFBF8BEF346B40A54540,20230421_NISSAN_DONOSTIA_ULIA_056,,d2,01:37.4,06:35.4,NISSAN_LEAF,Nissan Leaf e+ 62 kW,62000,174,00:55.9,2.2,3.6,113,ESE,-3.0443234290824126,-55.25884910639154,400,100,20.0,147.0,215.0,,,,18,350,50,25,2
21/04/2023 07:02,164,20.0,97,11.999999,99.23,-1,2240,3,61,4.11,1523,56,-1.983757,43.290535,164.72528,0.2515372056852141,02:20.3,7,7199.722,0101000020E61000007F6649FA77BDFFBF8A2D184C30A54540,20230421_NISSAN_DONOSTIA_ULIA_056,,d2,01:37.4,06:35.4,NISSAN_LEAF,Nissan Leaf e+ 62 kW,62000,174,03:40.7,2.2,3.6,113,ESE,-2.7935400286336054,-62.10572906186634,400,100,20.0,147.0,215.0,,,,18,350,50,25,2
21/04/2023 07:02,164,22.2,97,11.999999,99.23,-1,4960,3,61,1.61,1392,56,-1.9835712,43.290184,164.45811,0.2933643960588881,02:28.3,7,7199.673000000001,0101000020E61000003F288012B5BCFFBF23C255B224A54540,20230421_NISSAN_DONOSTIA_ULIA_056,,d2,01:37.4,06:35.4,NISSAN_LEAF,Nissan Leaf e+ 62 kW,62000,174,03:40.7,2.2,3.6,113,ESE,-2.7724199753872707,-62.63563404081595,400,100,20.0,147.0,215.0,,,,18,350,50,25,2
21/04/2023 07:02,165,29.1,97,11.999999,99.23,-1,6480,3,61,2.25,1929,56,-1.9833207,43.2897,165.33921999999998,0.35088191662749874,02:36.4,7,7199.630999999999,0101000020E61000001FAA2B83AEBBFFBF84C747DC14A54540,20230421_NISSAN_DONOSTIA_ULIA_056,,d2,01:37.4,06:35.4,NISSAN_LEAF,Nissan Leaf e+ 62 kW,62000,174,03:40.7,2.2,3.6,113,ESE,-2.6642182526962905,-65.26341979037328,400,100,20.0,147.0,215.0,,,,18,350,50,25,2
21/04/2023 07:02,166,19.0,97,11.999999,99.23,-1,760,3,61,-0.69,1394,56,-1.9831166,43.289257,166.98457,0.40286352296378347,02:44.4,7,7199.585999999999,0101000020E61000001A70FD7ED8BAFFBF79B7C15006A54540,20230421_NISSAN_DONOSTIA_ULIA_056,,d2,01:37.4,06:35.4,NISSAN_LEAF,Nissan Leaf e+ 62 kW,62000,174,03:40.7,2.2,3.6,113,ESE,-3.110026274876594,-53.24309770497592,400,100,20.0,147.0,215.0,,,,18,350,50,25,2
21/04/2023 07:02,167,16.8,97,11.999999,99.23,-2,7360,3,61,7.03,999,56,-1.9830195,43.289127,167.2223,0.4193189196131132,02:52.5,7,7199.517,0101000020E6100000462BCA9472BAFFBF8D99042B02A54540,20230421_NISSAN_DONOSTIA_ULIA_056,,d2,01:37.4,06:35.4,NISSAN_LEAF,Nissan Leaf e+ 62 kW,62000,174,03:40.7,2.2,3.6,113,ESE,-2.8870721965612525,-59.68189018988512,400,100,20.0,147.0,215.0,,,,18,350,50,25,2
21/04/2023 07:03,167,17.9,97,11.999999,99.23,-2,400,3,62,0.0,1293,56,-1.9827967,43.288746,167.6059,0.4653641424459887,03:00.5,7,7200.468000000001,0101000020E610000038FFDDFD88B9FFBFAE1597A7F5A44540,20230421_NISSAN_DONOSTIA_ULIA_056,,d2,01:37.4,06:35.4,NISSAN_LEAF,Nissan Leaf e+ 62 kW,62000,174,03:40.7,2.2,3.6,113,ESE,-0.5901993282270738,-103.56409024098836,400,100,20.0,147.0,215.0,,,,18,350,50,25,2
21/04/2023 07:03,169,19.9,97,11.999999,99.23,-2,7280,3,62,0.0,1479,56,-1.9828961,43.288334000000006,168.55205,0.5118871667580163,03:08.6,7,7200.437,0101000020E6100000D0C0FE4CF1B9FFBF8AE92D20E8A44540,20230421_NISSAN_DONOSTIA_ULIA_056,,d2,01:37.4,06:35.4,NISSAN_LEAF,Nissan Leaf e+ 62 kW,62000,174,03:40.7,2.2,3.6,113,ESE,0.7681384831055793,-125.32002195301654,400,100,20.0,147.0,215.0,,,,18,350,50,25,2
21/04/2023 07:03,171,27.6,97,11.999999,99.23,-2,7360,3,62,3.91,1744,56,-1.9831774,43.287937,171.51144,0.5616454958858041,03:17.6,7,7200.386,0101000020E61000000FDBE93C18BBFFBFB5308726DBA44540,20230421_NISSAN_DONOSTIA_ULIA_056,,d2,01:37.4,06:35.4,NISSAN_LEAF,Nissan Leaf e+ 62 kW,62000,174,03:40.7,2.2,3.6,113,ESE,-3.220866521767882,-49.53198373997333,400,100,20.0,147.0,215.0,,,,18,350,50,25,2
21/04/2023 07:03,176,30.8,97,11.5,99.23,-2,0,3,63,-0.84,1842,56,-1.9828899,43.2876,175.41042,0.6059277875972655,03:25.7,7,7200.328,0101000020E61000007BA1A4CFEAB9FFBFBE83961ED0A44540,20230421_NISSAN_DONOSTIA_ULIA_056,,d2,01:37.4,06:35.4,NISSAN_LEAF,Nissan Leaf e+ 62 kW,62000,174,03:40.7,2.2,3.6,113,ESE,-2.0142862072541776,32.97711814008278,400,100,20.0,147.0,215.0,,,,18,350,50,25,2
21/04/2023 07:03,178,2.1,97,11.5,99.23,-4,0,3,63,1.61,513,56,-1.9823813,43.28793,177.90233,0.6611307603701357,03:34.8,7,7200.219,0101000020E6100000B71A4A7ED5B7FFBF42FF2DE9DAA44540,20230421_NISSAN_DONOSTIA_ULIA_056,,d2,01:37.4,06:35.4,NISSAN_LEAF,Nissan Leaf e+ 62 kW,62000,174,03:40.7,2.2,3.6,113,ESE,2.108920605952419,102.86032388059796,400,100,20.0,147.0,215.0,,,,18,350,50,25,2
21/04/2023 07:03,178,0.0,97,11.5,99.23,-4,0,3,64,0.0,0,56,-1.9823934,43.287983,178.15117,0.6671100966341798,03:42.8,7,7200.238,0101000020E6100000968FB51FE2B7FFBF99A35AACDCA44540,20230421_NISSAN_DONOSTIA_ULIA_056,,d2,01:37.4,06:35.4,NISSAN_LEAF,Nissan Leaf e+ 62 kW,62000,174,03:40.7,2.2,3.6,113,ESE,-2.686819313035321,18.72578783320924,400,100,20.0,147.0,215.0,,,,18,350,50,25,2
21/04/2023 07:03,177,9.9,97,11.5,99.23,-4,2280,3,63,6.17,374,56,-1.9823816000000003,43.287987,177.82278,0.6682136743937194,03:51.8,7,7200.179,0101000020E610000021595FCED5B7FFBF7EA693C9DCA44540,20230421_NISSAN_DONOSTIA_ULIA_056,,d2,01:37.4,06:35.4,NISSAN_LEAF,Nissan Leaf e+ 62 kW,62000,174,03:40.7,2.2,3.6,113,ESE,-2.6196706237820715,20.307223811049933,400,100,20.0,147.0,215.0,,,,18,350,50,25,2
21/04/2023 07:04,177,36.8,97,11.5,99.23,-4,0,3,64,2.53,2319,56,-1.9817952,43.288204,177.51416,0.7214593501361856,03:59.9,7,7200.148,0101000020E61000001C780FD56EB5FFBF124D38D6E3A44540,20230421_NISSAN_DONOSTIA_ULIA_056,,d2,01:37.4,06:35.4,NISSAN_LEAF,Nissan Leaf e+ 62 kW,62000,174,03:40.7,2.2,3.6,113,ESE,-2.6796031227656374,18.898056348273208,400,100,20.0,147.0,215.0,,,,18,350,50,25,2
21/04/2023 07:04,178,27.6,97,11.5,99.23,-9,0,3,64,-2.67,2093,56,-1.9808254,43.288536,178.48622,0.8082082265741438,04:08.9,7,7200.089,0101000020E61000009E952AF075B1FFBF59F23CBFEEA44540,20230421_NISSAN_DONOSTIA_ULIA_056,,d2,01:37.4,06:35.4,NISSAN_LEAF,Nissan Leaf e+ 62 kW,62000,174,03:40.7,2.2,3.6,113,ESE,-2.0402630758257327,32.47681038934986,20,97,,,,0.0,4.0,14.0,2,20,0,25,2
21/04/2023 07:04,177,18.8,97,11.5,99.23,-21,0,3,64,2.72,1357,56,-1.9803635,43.28883,177.13493,0.8578898545426459,04:17.0,7,7200.003000000001,0101000020E6100000991756A491AFFFBF84BDFF5DF8A44540,20230421_NISSAN_DONOSTIA_ULIA_056,,d2,01:37.4,06:35.4,NISSAN_LEAF,Nissan Leaf e+ 62 kW,62000,174,03:40.7,2.2,3.6,113,ESE,-0.7739402356246466,54.585446649743766,111,109,,,,0.0,0.0,87.0,24,107,4,25,2
21/04/2023 07:04,175,30.1,97,11.5,99.23,-25,0,3,64,-2.3,2148,56,-1.980003,43.289337,176.15266,0.9213767645043957,04:25.0,7,7199.976,0101000020E610000090D09FAF17AEFFBFDB5CC50609A54540,20230421_NISSAN_DONOSTIA_ULIA_056,,d2,01:37.4,06:35.4,NISSAN_LEAF,Nissan Leaf e+ 62 kW,62000,174,03:40.7,2.2,3.6,113,ESE,1.4060606938223348,89.99012141741744,301,72,,,,0.0,246.0,54.0,1,229,72,8,2
21/04/2023 07:04,171,25.1,97,11.5,99.23,-36,0,3,64,-2.47,1907,56,-1.9800029,43.289917,172.03378,0.9860012157415269,04:34.1,7,7199.915,0101000020E6100000D2DD777717AEFFBF004A94041CA54540,20230421_NISSAN_DONOSTIA_ULIA_056,,d2,01:37.4,06:35.4,NISSAN_LEAF,Nissan Leaf e+ 62 kW,62000,174,03:40.7,2.2,3.6,113,ESE,0.0269441370958071,67.42883326437094,301,72,,,,0.0,246.0,54.0,1,229,72,25,2
21/04/2023 07:04,169,24.3,97,11.5,99.23,-42,120,3,64,-1.81,1519,56,-1.979857,43.290268,169.66072,1.0268469671913518,04:42.1,7,7199.877,0101000020E6100000F4B92D827EADFFBFEB6FDB8627A54540,20230421_NISSAN_DONOSTIA_ULIA_056,,d2,01:37.4,06:35.4,NISSAN_LEAF,Nissan Leaf e+ 62 kW,62000,174,03:40.7,2.2,3.6,113,ESE,-3.49157299828661,-8.902204633532648,301,72,,,,0.0,246.0,54.0,1,229,72,25,2
21/04/2023 07:04,168,24.5,97,11.5,99.23,-44,0,3,64,-0.75,1699,56,-1.9791675,43.29016,168.77411,1.0839378672472562,04:51.2,7,7199.807,0101000020E610000030999F77ABAAFFBF6F88940724A54540,20230421_NISSAN_DONOSTIA_ULIA_056,,d2,01:37.4,06:35.4,NISSAN_LEAF,Nissan Leaf e+ 62 kW,62000,174,05:56.0,2.2,3.6,113,ESE,-2.9147965319410325,-58.93671742355387,301,72,,,,0.0,246.0,54.0,1,229,72,25,2
21/04/2023 07:04,167,9.4,97,11.5,99.23,-49,0,3,64,5.06,591,56,-1.9789892,43.289864,167.59657,1.1198956011031356,04:59.2,7,7199.767,0101000020E6100000B4E3D599F0A9FFBF57F634401AA54540,20230421_NISSAN_DONOSTIA_ULIA_056,,d2,01:37.4,06:35.4,NISSAN_LEAF,Nissan Leaf e+ 62 kW,62000,174,05:56.0,2.2,3.6,113,ESE,-1.3423646775044542,-91.10671262755768,301,72,,,,0.0,246.0,54.0,1,229,72,25,2
21/04/2023 07:05,167,21.5,97,11.5,99.23,-49,9040,3,64,1.91,1611,56,-1.9789943,43.2896,167.4953,1.1492541384714996,05:07.3,7,7199.706999999999,0101000020E61000008F9113E7F5A9FFBFBEEE4EA211A54540,20230421_NISSAN_DONOSTIA_ULIA_056,,d2,01:37.4,06:35.4,NISSAN_LEAF,Nissan Leaf e+ 62 kW,62000,174,05:56.0,2.2,3.6,113,ESE,-3.313817472428785,0.0,301,72,,,,0.0,246.0,54.0,1,229,72,55,2
21/04/2023 07:05,165,40.6,97,11.5,99.23,-49,5840,3,64,1.78,2481,56,-1.9782186,43.2896,165.14421000000002,1.2120821223870257,05:16.3,7,7199.665,0101000020E6100000B84E3D74C8A6FFBF6381C5A311A54540,20230421_NISSAN_DONOSTIA_ULIA_056,,d2,01:37.4,06:35.4,NISSAN_LEAF,Nissan Leaf e+ 62 kW,62000,174,05:56.0,2.2,3.6,113,ESE,-2.4339267621294005,24.46108807026589,301,72,,,,0.0,246.0,54.0,1,229,72,55,2
21/04/2023 07:05,163,53.3,97,11.5,99.23,-49,0,3,65,-1.47,3787,56,-1.976959,43.290173,163.01773,1.3323227590961013,05:24.4,7,7199.621999999999,0101000020E6100000C5A821BA9FA1FFBF96BDCF6624A54540,20230421_NISSAN_DONOSTIA_ULIA_056,,d2,01:37.4,06:35.4,NISSAN_LEAF,Nissan Leaf e+ 62 kW,62000,174,05:56.0,2.2,3.6,113,ESE,-2.4337960717844687,24.463910956583742,25,100,,,,0.0,2.0,21.0,2,24,1,25,1
21/04/2023 07:05,159,36.4,97,11.5,99.23,-61,0,3,65,-1.8,2694,56,-1.9758776,43.290665,159.48787,1.4355998697066161,05:33.4,7,7199.592,0101000020E6100000553267D0319DFFBF7140308634A54540,20230421_NISSAN_DONOSTIA_ULIA_056,,d2,01:37.4,06:35.4,NISSAN_LEAF,Nissan Leaf e+ 62 kW,62000,174,05:56.0,2.2,3.6,113,ESE,-2.5410013975805104,22.103061436723088,25,100,,,,0.0,2.0,21.0,2,24,1,40,1
21/04/2023 07:05,156,4.1,97,11.5,99.23,-73,0,3,65,-2.88,871,56,-1.9753482,43.29088,156.7086,1.4847447186191804,05:40.4,7,7200.564,0101000020E61000009D1897C3069BFFBF9C4F857B3BA54540,20230421_NISSAN_DONOSTIA_ULIA_056,,d2,01:37.4,06:35.4,NISSAN_LEAF,Nissan Leaf e+ 62 kW,62000,174,05:56.0,2.2,3.6,113,ESE,2.4612381472922387,-156.1316699798437,25,100,,,,0.0,2.0,21.0,2,24,1,40,1
21/04/2023 07:05,155,0.0,97,11.5,99.23,-74,0,3,65,2.3,0,56,-1.9753708,43.29087,155.2609,1.487328927212813,05:49.5,7,7199.505999999999,0101000020E61000002331E0641E9BFFBF84C089473BA54540,20230421_NISSAN_DONOSTIA_ULIA_056,,d2,01:37.4,06:35.4,NISSAN_LEAF,Nissan Leaf e+ 62 kW,62000,174,05:56.0,2.2,3.6,113,ESE,-3.063673944120524,8.677156970186447,25,100,,,,0.0,2.0,21.0,2,24,1,40,1
21/04/2023 07:05,154,27.7,97,11.5,99.23,-74,2560,3,65,-0.81,1723,56,-1.9748466,43.29095,155.2014,1.5306785362567434,05:56.5,7,7200.474,0101000020E61000007A0344C9F898FFBF4A3B7BEB3DA54540,20230421_NISSAN_DONOSTIA_ULIA_056,,d2,01:37.4,06:35.4,NISSAN_LEAF,Nissan Leaf e+ 62 kW,62000,174,05:56.0,2.2,3.6,113,ESE,-1.9190236318642675,34.78741563086809,25,100,,,,0.0,2.0,21.0,2,24,1,40,1
21/04/2023 07:06,153,32.6,97,11.5,99.23,-74,5200,3,65,-0.92,2130,56,-1.9742305,43.291378,153.24348,1.599637127125103,06:05.6,7,7200.411,0101000020E6100000A15BE3CC7296FFBF29FFBBD24BA54540,20230421_NISSAN_DONOSTIA_ULIA_056,,d2,01:37.4,06:35.4,NISSAN_LEAF,Nissan Leaf e+ 62 kW,62000,174,05:56.0,2.2,3.6,113,ESE,-2.478665398943832,23.48707693686753,25,100,,,,0.0,2.0,21.0,2,24,1,40,1
21/04/2023 07:06,150,29.4,97,11.5,99.23,-78,0,3,65,-0.94,2055,56,-1.973501,43.291695,151.13126,1.6684338132554137,06:13.6,7,7200.37,0101000020E6100000AA1291C47593FFBFB3C10D3A56A54540,20230421_NISSAN_DONOSTIA_ULIA_056,,d2,01:37.4,06:35.4,NISSAN_LEAF,Nissan Leaf e+ 62 kW,62000,174,05:56.0,2.2,3.6,113,ESE,-2.4296204187727883,24.55403722155669,25,100,,,,0.0,2.0,21.0,2,24,1,55,1
21/04/2023 07:06,146,30.7,97,11.5,99.23,-80,0,3,65,-1.0,2129,56,-1.9727174,43.292053,147.22194,1.743414933164541,06:22.7,7,7200.321999999999,0101000020E61000004EF10E294090FFBF51525B0B62A54540,20230421_NISSAN_DONOSTIA_ULIA_056,,d2,01:37.4,06:35.4,NISSAN_LEAF,Nissan Leaf e+ 62 kW,62000,174,05:56.0,2.2,3.6,113,ESE,-2.4359913440286407,24.41647654952604,25,100,,,,0.0,2.0,21.0,2,24,1,8,1
21/04/2023 07:06,145,22.5,97,11.5,99.23,-88,0,3,65,2.36,1427,56,-1.9720103,43.292374,145.2174,1.810892511844812,06:31.7,7,7200.26,0101000020E610000026F0E7A35A8DFFBFFE9084716CA54540,20230421_NISSAN_DONOSTIA_ULIA_056,,d2,01:37.4,06:35.4,NISSAN_LEAF,Nissan Leaf e+ 62 kW,62000,174,05:56.0,2.2,3.6,113,ESE,-1.6224736268757602,40.21222268541053,25,100,,,,0.0,2.0,21.0,2,24,1,30,1
21/04/2023 07:06,142,0.0,97,11.5,99.23,-90,0,3,65,1.97,0,56,-1.9717761000000005,43.292572,142.90749,1.840036194853144,06:40.8,7,7200.22,0101000020E61000001E13BF16658CFFBF9EBC210073A54540,20230421_NISSAN_DONOSTIA_ULIA_056,,d2,01:37.4,06:35.4,NISSAN_LEAF,Nissan Leaf e+ 62 kW,62000,174,05:56.0,2.2,3.6,113,ESE,-1.6684275500070769,39.38990964173797,25,100,,,,0.0,2.0,21.0,2,24,1,25,1
21/04/2023 07:06,141,13.8,97,11.5,99.23,-90,2200,3,65,8.53,310,56,-1.971742,43.2926,141.88782,1.8443199094991585,06:48.8,7,7200.18,0101000020E6100000BBC22751418CFFBF09F038E473A54540,20230421_NISSAN_DONOSTIA_ULIA_056,,d2,01:37.4,06:35.4,NISSAN_LEAF,Nissan Leaf e+ 62 kW,62000,174,05:56.0,2.2,3.6,113,ESE,-2.6168684017696475,20.372206004198908,25,100,,,,0.0,2.0,21.0,2,24,1,30,1
21/04/2023 07:06,140,26.0,97,11.5,99.23,-90,2480,3,65,-0.66,1697,56,-1.9710957,43.292840000000005,139.92944,1.903074750806066,06:57.9,7,7200.121999999999,0101000020E61000001BA92EA59B89FFBFD28004CA7BA54540,20230421_NISSAN_DONOSTIA_ULIA_056,,d2,01:37.4,06:35.4,NISSAN_LEAF,Nissan Leaf e+ 62 kW,62000,174,05:56.0,2.2,3.6,113,ESE,-3.214852285157296,3.745470418254447,25,100,,,,0.0,2.0,21.0,2,24,1,30,1
21/04/2023 07:07,138,17.9,97,11.5,99.23,-90,0,3,65,-0.47,1550,56,-1.9704083,43.292885,138.67966,1.9589474246361416,07:05.9,7,7200.081999999999,0101000020E6100000286615D7CA86FFBF797BCA457DA54540,20230421_NISSAN_DONOSTIA_ULIA_056,,d2,01:37.4,06:35.4,NISSAN_LEAF,Nissan Leaf e+ 62 kW,62000,174,05:56.0,2.2,3.6,113,ESE,-2.880171219202923,13.865355675387942,25,100,,,,0.0,2.0,21.0,2,24,1,8,1
21/04/2023 07:07,138,26.0,97,11.5,99.23,-90,0,3,65,-0.81,1873,56,-1.9697925,43.293037,138.85745,2.011574781209981,07:15.0,7,7200.022,0101000020E610000029281A174584FFBFF66C3C4282A54540,20230421_NISSAN_DONOSTIA_ULIA_056,,d2,01:37.4,06:35.4,NISSAN_LEAF,Nissan Leaf e+ 62 kW,62000,174,05:56.0,2.2,3.6,113,ESE,-2.91064804080397,13.049065555028657,25,100,,,,0.0,2.0,21.0,2,24,1,8,1
21/04/2023 07:07,139,20.1,97,11.5,99.23,-92,5960,3,65,-0.69,1502,56,-1.9692316000000003,43.293167,139.28247,2.0592183984478636,07:23.0,7,7199.981,0101000020E6100000F2A947F6F881FFBFADEC0D7486A54540,20230421_NISSAN_DONOSTIA_ULIA_056,,d2,01:37.4,06:35.4,NISSAN_LEAF,Nissan Leaf e+ 62 kW,62000,174,08:40.8,2.2,3.6,113,ESE,-2.9377011422743338,12.310855204009137,111,109,,,,0.0,0.0,87.0,24,107,4,8,1
21/04/2023 07:07,139,21.4,97,11.5,99.23,-93,6920,3,65,1.41,1214,56,-1.9687413,43.293274,139.10878,2.1006458334168734,07:32.1,7,7199.932,0101000020E6100000992DF7E1F67FFFBF162A4EF389A54540,20230421_NISSAN_DONOSTIA_ULIA_056,,d2,01:37.4,06:35.4,NISSAN_LEAF,Nissan Leaf e+ 62 kW,62000,174,08:40.8,2.2,3.6,113,ESE,-2.913269689149003,12.9781021854867,111,109,,,,0.0,0.0,87.0,24,107,4,8,1
21/04/2023 07:07,138,21.6,97,11.5,99.23,-93,80,3,66,-1.44,1617,56,-1.9681078,43.293420000000005,138.60681,2.154428384408662,07:40.1,7,7199.883000000001,0101000020E6100000266EB7915E7DFFBFB387ACB98EA54540,20230421_NISSAN_DONOSTIA_ULIA_056,,d2,01:37.4,06:35.4,NISSAN_LEAF,Nissan Leaf e+ 62 kW,62000,174,08:40.8,2.2,3.6,113,ESE,-2.672588263793503,19.064966989325256,111,109,,,,0.0,0.0,87.0,24,107,4,25,1
21/04/2023 07:07,137,10.4,97,11.5,99.23,-96,2120,3,66,-4.8,1298,56,-1.9675696,43.293606,137.26605,2.202666105420558,07:49.2,7,7199.802,0101000020E6100000F277194A2A7BFFBF851B42E494A54540,20230421_NISSAN_DONOSTIA_ULIA_056,,d2,01:37.4,06:35.4,NISSAN_LEAF,Nissan Leaf e+ 62 kW,62000,174,08:40.8,2.2,3.6,113,ESE,-2.2762025521182543,27.781574078461208,111,109,,,,0.0,0.0,87.0,24,107,4,8,1
21/04/2023 07:07,138,5.6,97,11.5,99.23,-100,600,3,66,1.12,260,56,-1.9674671,43.29366,138.77621000000002,2.2130175606637605,07:57.2,7,7199.775,0101000020E6100000183686B3BE7AFFBFCBA858A396A54540,20230421_NISSAN_DONOSTIA_ULIA_056,,d2,01:37.4,06:35.4,NISSAN_LEAF,Nissan Leaf e+ 62 kW,62000,174,08:40.8,2.2,3.6,113,ESE,-2.008775769118114,33.082867769182336,111,109,,,,0.0,0.0,87.0,24,107,4,8,1
21/04/2023 07:08,138,0.0,97,11.5,99.23,-100,0,3,66,2.44,0,56,-1.9674057,43.2937,138.41277,2.2196965443467005,08:05.3,7,7199.727,0101000020E61000001B6B04667E7AFFBF76E2700B98A54540,20230421_NISSAN_DONOSTIA_ULIA_056,,d2,01:37.4,06:35.4,NISSAN_LEAF,Nissan Leaf e+ 62 kW,62000,174,08:40.8,2.2,3.6,113,ESE,-1.8199354124706804,36.63295307916777,111,109,,,,0.0,0.0,87.0,24,107,4,30,1
21/04/2023 07:08,137,35.1,97,11.5,99.23,-100,440,3,66,1.7,1752,56,-1.9669982,43.294003,137.29501000000002,2.266856836008286,08:14.3,7,7199.687,0101000020E61000001BE73418D378FFBFE213C6D0A1A54540,20230421_NISSAN_DONOSTIA_ULIA_056,,d2,01:37.4,06:35.4,NISSAN_LEAF,Nissan Leaf e+ 62 kW,62000,174,08:40.8,2.2,3.6,113,ESE,-0.700969136836309,55.77200373906067,111,109,,,,0.0,0.0,87.0,24,107,4,8,1
21/04/2023 07:08,135,42.4,97,11.5,99.23,-100,0,3,66,-1.08,2833,56,-1.9665213,43.294704,135.55035,2.3538543772537124,08:22.3,7,7199.656999999999,0101000020E610000085EBDBF3DE76FFBF4D4343DBB8A54540,20230421_NISSAN_DONOSTIA_ULIA_056,,d2,01:37.4,06:35.4,NISSAN_LEAF,Nissan Leaf e+ 62 kW,62000,174,08:40.8,2.2,3.6,113,ESE,1.318594860594487,88.48615259960744,111,109,,,,0.0,0.0,87.0,24,107,4,55,1
21/04/2023 07:08,133,46.2,97,11.5,99.23,-109,0,3,66,-1.12,3065,56,-1.9664977,43.295597,133.57086,2.4531895391577234,08:30.4,7,7199.604,0101000020E6100000B7EBB237C676FFBF7BEE6917D6A54540,20230421_NISSAN_DONOSTIA_ULIA_056,,d2,01:37.4,06:35.4,NISSAN_LEAF,Nissan Leaf e+ 62 kW,62000,174,08:40.8,2.2,3.6,113,ESE,1.6190949222569169,93.72755486003702,111,109,,,,0.0,0.0,87.0,24,107,4,8,1
21/04/2023 07:08,130,43.6,97,11.5,99.23,-121,0,3,66,-1.44,3073,56,-1.966565,43.29663,130.35756,2.568227843691497,08:39.4,7,7199.551,0101000020E6100000A94E51E70C77FFBF2BC257F5F7A54540,20230421_NISSAN_DONOSTIA_ULIA_056,,d2,01:37.4,06:35.4,NISSAN_LEAF,Nissan Leaf e+ 62 kW,62000,174,08:40.8,2.2,3.6,113,ESE,2.506910174468738,111.13600527678577,301,72,,,,0.0,246.0,54.0,1,229,72,8,1
21/04/2023 07:08,129,40.9,97,11.5,99.23,-131,0,3,65,1.45,2723,56,-1.9668677,43.297413,129.22862,2.658681176020362,08:47.5,7,7199.512,0101000020E6100000E91A41454A78FFBFBB371DA511A64540,20230421_NISSAN_DONOSTIA_ULIA_056,,d2,01:37.4,06:35.4,NISSAN_LEAF,Nissan Leaf e+ 62 kW,62000,174,08:40.8,2.2,3.6,113,ESE,3.2173742408636503,130.34385821712294,301,72,,,,0.0,246.0,54.0,1,229,72,8,1
21/04/2023 07:08,125,58.1,97,11.5,99.23,-131,0,3,65,-1.23,3781,56,-1.9676194,43.298298,126.17025,2.7744139260450806,08:55.5,7,7200.462,0101000020E61000009AA023825E7BFFBF87F938902EA64540,20230421_NISSAN_DONOSTIA_ULIA_056,,d2,01:37.4,06:35.4,NISSAN_LEAF,Nissan Leaf e+ 62 kW,62000,174,08:40.8,2.2,3.6,113,ESE,3.0901939092494763,126.13597690326402,301,72,,,,0.0,246.0,54.0,1,229,72,55,1
21/04/2023 07:09,123,52.6,97,11.5,99.23,-138,0,3,65,1.23,3553,56,-1.9684131,43.299385,123.95576,2.9113074130890437,09:04.6,7,7200.408,0101000020E6100000E18818B69E7EFFBFB1E89F3552A64540,20230421_NISSAN_DONOSTIA_ULIA_056,,d2,01:37.4,06:35.4,NISSAN_LEAF,Nissan Leaf e+ 62 kW,62000,174,08:40.8,2.2,3.6,113,ESE,0.070463679792255,68.12153591480488,301,72,,,,0.0,246.0,54.0,1,229,72,55,1
21/04/2023 07:09,121,50.3,97,11.5,99.23,-138,4040,3,65,-1.12,3340,56,-1.9680272,43.300346000000005,122.01208,3.022652474918983,09:12.6,7,7200.361999999999,0101000020E610000010D2B7260A7DFFBFBBFF18C771A64540,20230421_NISSAN_DONOSTIA_ULIA_056,,d2,01:37.4,06:35.4,NISSAN_LEAF,Nissan Leaf e+ 62 kW,62000,174,08:40.8,2.2,3.6,113,ESE,1.801480128532139,97.02720498423784,301,72,,,,0.0,246.0,54.0,1,229,72,55,1
21/04/2023 07:09,120,13.1,97,11.5,99.23,-148,0,3,65,-3.78,1225,56,-1.9681072,43.300995,120.51229,3.0951233049418527,09:20.7,7,7200.313,0101000020E6100000F45B110F5E7DFFBFFBBD58F486A64540,20230421_NISSAN_DONOSTIA_ULIA_056,,d2,01:37.4,06:35.4,NISSAN_LEAF,Nissan Leaf e+ 62 kW,62000,174,08:40.8,2.2,3.6,113,ESE,3.595374514093356,159.9047688078878,301,72,,,,0.0,246.0,54.0,1,229,72,55,1
21/04/2023 07:09,116,0.0,97,11.5,99.23,-152,0,3,65,0.0,0,56,-1.968222,43.301037,116.20751,3.106377004387611,09:29.7,7,7200.26,0101000020E610000099E95A66D67DFFBFE4B8E26F88A64540,20230421_NISSAN_DONOSTIA_ULIA_056,,d2,01:37.4,06:35.4,NISSAN_LEAF,Nissan Leaf e+ 62 kW,62000,174,08:40.8,2.2,3.6,113,ESE,-3.313817472428785,0.0,301,72,,,,0.0,246.0,54.0,1,229,72,55,1
21/04/2023 07:09,116,0.0,97,11.5,99.23,-152,0,3,65,6.77,0,56,-1.9682195,43.301037,116.041695,3.1066385826740173,09:37.8,7,7200.204000000001,0101000020E6100000829FA2BCD37DFFBF6914A05E88A64540,20230421_NISSAN_DONOSTIA_ULIA_056,,d2,01:37.4,06:35.4,NISSAN_LEAF,Nissan Leaf e+ 62 kW,62000,174,08:40.8,2.2,3.6,113,ESE,3.4644411771737795,141.22669978963293,301,72,,,,0.0,246.0,54.0,1,229,72,55,1
21/04/2023 07:09,117,44.7,97,11.5,99.23,-152,7920,3,65,-0.7,2497,56,-1.9686129,43.301353000000006,117.65848,3.154080547399406,09:46.8,7,7200.15,0101000020E6100000C0774547707FFFBF1D3ACFC092A64540,20230421_NISSAN_DONOSTIA_ULIA_056,,d2,01:37.4,06:35.4,NISSAN_LEAF,Nissan Leaf e+ 62 kW,62000,174,08:40.8,2.2,3.6,113,ESE,3.5949340451852385,153.96003924148954,301,72,,,,0.0,246.0,54.0,1,229,72,55,1
21/04/2023 07:09,118,47.7,97,11.5,99.23,-157,0,3,65,-1.19,3307,56,-1.9696608,43.301865,118.72646,3.256223523613032,09:54.9,7,7200.102,0101000020E6100000E75CD3FDBA83FFBFCCD2B07CA3A64540,20230421_NISSAN_DONOSTIA_ULIA_056,,d2,01:37.4,06:35.4,NISSAN_LEAF,Nissan Leaf e+ 62 kW,62000,174,10:56.0,2.2,3.6,113,ESE,3.597850977701881,158.97983249225342,301,72,,,,0.0,246.0,54.0,1,229,72,55,1
21/04/2023 07:10,115,52.0,97,11.5,99.23,-168,0,3,65,-1.11,3679,56,-1.9710999,43.302418,115.981804,3.3879441067822893,10:04.0,7,7200.042,0101000020E610000049CB2DF59F89FFBF08530B9CB5A64540,20230421_NISSAN_DONOSTIA_ULIA_056,,d2,01:37.4,06:35.4,NISSAN_LEAF,Nissan Leaf e+ 62 kW,62000,174,10:56.0,2.2,3.6,113,ESE,3.517938881246363,169.25698164404275,301,72,,,,0.0,246.0,54.0,1,229,72,8,1
21/04/2023 07:10,112,49.7,97,11.5,99.23,-178,0,3,65,-0.98,3482,56,-1.972465,43.302677,113.05408,3.5021396832168126,10:12.0,7,7200.002,0101000020E6100000139EDE75378FFFBFBF742C21BEA64540,20230421_NISSAN_DONOSTIA_ULIA_056,,d2,01:37.4,06:35.4,NISSAN_LEAF,Nissan Leaf e+ 62 kW,62000,174,10:56.0,2.2,3.6,113,ESE,3.4337027969789378,174.482961375844,301,72,,,,0.0,246.0,54.0,1,229,72,55,1
21/04/2023 07:10,108,11.0,97,11.5,99.23,-187,0,3,65,-3.33,1690,56,-1.9734589,43.302773,109.52878,3.583348936489066,10:20.0,7,7199.959,0101000020E6100000C05D10904993FFBFA15C8145C1A64540,20230421_NISSAN_DONOSTIA_ULIA_056,,d2,01:37.4,06:35.4,NISSAN_LEAF,Nissan Leaf e+ 62 kW,62000,174,10:56.0,2.2,3.6,113,ESE,3.312631632208147,133.9517455111245,301,72,,,,0.0,246.0,54.0,1,229,72,55,1
21/04/2023 07:10,107,2.0,97,11.5,99.23,-190,440,3,65,1.62,117,56,-1.9735206000000003,43.302837,108.14342,3.5921518730998696,10:29.1,7,7199.898,0101000020E6100000BAFF6A618A93FFBF8FA6165FC3A64540,20230421_NISSAN_DONOSTIA_ULIA_056,,d2,01:37.4,06:35.4,NISSAN_LEAF,Nissan Leaf e+ 62 kW,62000,174,10:56.0,2.2,3.6,113,ESE,3.0290743122781816,124.2892633068711,301,72,,,,0.0,246.0,54.0,1,229,72,55,1
21/04/2023 07:10,106,5.8,97,11.5,99.23,-190,0,3,65,1.11,285,56,-1.9736222,43.302986,106.80273,3.6106961824899995,10:38.2,7,7199.808000000001,0101000020E610000067D27BE2F493FFBF6700B94DC8A64540,20230421_NISSAN_DONOSTIA_ULIA_056,,d2,01:37.4,06:35.4,NISSAN_LEAF,Nissan Leaf e+ 62 kW,62000,174,10:56.0,2.2,3.6,113,ESE,-1.6113897904849517,40.40966339613853,301,72,,,,0.0,246.0,54.0,1,229,72,55,1
21/04/2023 07:10,100,33.3,97,11.5,99.23,-190,1400,3,66,-0.34,2229,56,-1.9731876,43.303356,100.11315,3.6652325367040794,10:46.2,7,7199.753000000001,0101000020E6100000B8A6262E2D92FFBF7A4FA05CD4A64540,20230421_NISSAN_DONOSTIA_ULIA_056,,d2,01:37.4,06:35.4,NISSAN_LEAF,Nissan Leaf e+ 62 kW,62000,174,10:56.0,2.2,3.6,113,ESE,-2.239242831645444,28.53679678860911,301,72,,,,0.0,246.0,54.0,1,229,72,55,1
21/04/2023 07:10,95,23.0,97,11.5,99.23,-192,0,3,66,-0.78,1759,56,-1.972555,43.3037,95.38631,3.729309816353796,10:54.3,7,7199.6990000000005,0101000020E6100000F55AE6DB958FFFBF8214B793DFA64540,20230421_NISSAN_DONOSTIA_ULIA_056,,d2,01:37.4,06:35.4,NISSAN_LEAF,Nissan Leaf e+ 62 kW,62000,174,10:56.0,2.2,3.6,113,ESE,-2.0897153778512982,31.515936340562973,301,72,,,,0.0,246.0,54.0,1,229,72,55,1
21/04/2023 07:11,92,21.0,97,11.5,99.23,-193,4440,3,66,-0.17,1316,56,-1.9721636,43.30394,92.733475,3.770810804122479,11:02.3,7,7199.6630000000005,0101000020E61000009C30EA5DFB8DFFBF74A6788EE7A64540,20230421_NISSAN_DONOSTIA_ULIA_056,,d2,01:37.4,06:35.4,NISSAN_LEAF,Nissan Leaf e+ 62 kW,62000,174,10:56.0,2.2,3.6,113,ESE,-2.1172420434313683,30.976091466845272,301,72,,,,0.0,246.0,54.0,1,229,72,55,1
21/04/2023 07:11,91,1.4,97,11.5,99.23,-196,0,3,66,0.48,286,56,-1.9718904,43.304104,91.946945,3.799479518415891,11:11.4,7,7199.602,0101000020E6100000AEEB08FFDC8CFFBF7566DCDCECA64540,20230421_NISSAN_DONOSTIA_ULIA_056,,d2,01:37.4,06:35.4,NISSAN_LEAF,Nissan Leaf e+ 62 kW,62000,174,10:56.0,2.2,3.6,113,ESE,3.5820729780358804,151.27967317745356,301,72,,,,0.0,246.0,54.0,1,229,72,55,1
21/04/2023 07:11,91,0.0,97,11.5,99.23,-196,0,3,66,2.22,12,56,-1.9718977,43.304108,91.3557,3.8004262696498663,11:19.4,7,7199.553000000001,0101000020E6100000FB9637A8E48CFFBF315C3AF3ECA64540,20230421_NISSAN_DONOSTIA_ULIA_056,,d2,01:37.4,06:35.4,NISSAN_LEAF,Nissan Leaf e+ 62 kW,62000,174,10:56.0,2.2,3.6,113,ESE,2.461450599705992,110.13630342070952,301,72,,,,0.0,246.0,54.0,1,229,72,55,1
21/04/2023 07:11,91,0.0,97,11.5,99.23,-196,40,3,66,2.55,14,56,-1.9719021,43.304120000000005,91.91567,3.801916502800514,11:27.5,7,7199.513000000001,0101000020E610000095E97440E98CFFBF2A6EAC60EDA64540,20230421_NISSAN_DONOSTIA_ULIA_056,,d2,01:37.4,06:35.4,NISSAN_LEAF,Nissan Leaf e+ 62 kW,62000,174,10:56.0,2.2,3.6,113,ESE,-1.9740752198353189,33.74582078017077,301,72,,,,0.0,246.0,54.0,1,229,72,55,1
21/04/2023 07:11,92,28.5,97,11.5,99.23,-196,8040,3,66,1.34,1747,56,-1.9716177,43.30431,91.942215,3.8331569834219423,11:34.5,7,7200.473000000001,0101000020E610000027475EF3BE8BFFBFA88A5394F3A64540,20230421_NISSAN_DONOSTIA_ULIA_056,,d2,01:37.4,06:35.4,NISSAN_LEAF,Nissan Leaf e+ 62 kW,62000,174,10:56.0,2.2,3.6,113,ESE,-2.132934422954414,30.666678366444746,301,72,,,,0.0,246.0,54.0,1,229,72,50,1
21/04/2023 07:11,94,35.0,97,11.5,99.23,-196,6800,3,67,2.5,2343,56,-1.9708723,43.304752,94.12046,3.9109926697368156,11:43.6,7,7200.423000000001,0101000020E6100000B7A79653B188FFBFC51FAC2E02A74540,20230421_NISSAN_DONOSTIA_ULIA_056,,d2,01:37.4,06:35.4,NISSAN_LEAF,Nissan Leaf e+ 62 kW,62000,174,10:56.0,2.2,3.6,113,ESE,-1.426575759167743,43.65473056085384,301,72,,,,0.0,246.0,54.0,1,229,72,25,1
21/04/2023 07:11,97,36.1,97,11.999999,99.23,-196,200,3,67,-0.88,2476,56,-1.9702665,43.30533,97.00776,3.991875446467694,11:51.6,7,7200.363,0101000020E6100000EC07B1233686FFBFCDF1F10015A74540,20230421_NISSAN_DONOSTIA_ULIA_056,,d2,01:37.4,06:35.4,NISSAN_LEAF,Nissan Leaf e+ 62 kW,62000,174,10:56.0,2.2,3.6,113,ESE,-0.5916713162066226,57.54034067603016,301,72,,,,0.0,246.0,54.0,1,229,72,25,1
21/04/2023 07:12,100,28.7,96,11.999999,99.23,-196,10880,3,67,4.28,2183,56,-1.9698575,43.305973,100.30476,4.070730808964898,12:00.7,7,7200.305,0101000020E61000002BFE9C438984FFBF9B44822F2AA74540,20230421_NISSAN_DONOSTIA_ULIA_056,,d2,01:37.4,06:35.4,NISSAN_LEAF,Nissan Leaf e+ 62 kW,62000,174,10:56.0,2.2,3.6,113,ESE,-0.1272641014057091,64.97410680799203,301,72,,,,0.0,246.0,54.0,1,229,72,25,1
21/04/2023 07:12,100,40.2,96,11.999999,99.23,-196,1680,3,67,0.0,2628,56,-1.9695321,43.30667,100.22202,4.152584196134392,12:08.8,7,7200.244000000001,0101000020E61000005A5AC3133483FFBFA0BF4B0941A74540,20230421_NISSAN_DONOSTIA_ULIA_056,,d2,01:37.4,06:35.4,NISSAN_LEAF,Nissan Leaf e+ 62 kW,62000,174,10:56.0,2.2,3.6,113,ESE,0.1095525347566172,68.74385196651114,301,72,,,,0.0,246.0,54.0,1,229,72,55,1
21/04/2023 07:12,92,44.9,96,11.999999,99.23,-196,5320,3,67,2.94,2850,56,-1.969189,43.307552,94.47045,4.254673881209481,12:17.8,7,7200.201,0101000020E61000001541F555CC81FFBF2AE199D05DA74540,20230421_NISSAN_DONOSTIA_ULIA_056,,d2,01:37.4,06:35.4,NISSAN_LEAF,Nissan Leaf e+ 62 kW,62000,174,10:56.0,2.2,3.6,113,ESE,2.526632249824456,111.57499882763032,301,72,,,,0.0,246.0,54.0,1,229,72,25,1
21/04/2023 07:12,66,38.3,96,11.999999,99.23,-201,0,3,67,-2.2,2889,56,-1.9695346,43.308426,66.147575,4.359692759520048,12:25.8,7,7200.181,0101000020E6100000CA900BB03683FFBF64B3C1707AA74540,20230421_NISSAN_DONOSTIA_ULIA_056,,d2,01:37.4,06:35.4,NISSAN_LEAF,Nissan Leaf e+ 62 kW,62000,174,13:40.7,2.2,3.6,113,ESE,3.0282382317882925,124.26464777254078,301,72,,,,0.0,246.0,54.0,1,229,72,55,1
21/04/2023 07:12,65,0.0,96,11.999999,99.23,-210,0,3,67,0.0,0,56,-1.9697417,43.30873,65.20021,4.397433441392329,12:34.9,7,7200.085999999999,0101000020E61000003F0C4DD60F84FFBF3E79F48F84A74540,20230421_NISSAN_DONOSTIA_ULIA_056,,d2,01:37.4,06:35.4,NISSAN_LEAF,Nissan Leaf e+ 62 kW,62000,174,13:40.7,2.2,3.6,113,ESE,-1.244755712922576,46.77146974727459,301,72,,,,0.0,246.0,54.0,1,229,72,55,1
21/04/2023 07:12,64,0.0,96,11.999999,99.23,-210,0,3,67,0.0,0,56,-1.969737,43.308735,65.01391,4.3981323239691585,12:42.9,7,7200.05,0101000020E6100000388813F20A84FFBF50072F9084A74540,20230421_NISSAN_DONOSTIA_ULIA_056,,d2,01:37.4,06:35.4,NISSAN_LEAF,Nissan Leaf e+ 62 kW,62000,174,13:40.7,2.2,3.6,113,ESE,-1.2056348211042065,-93.43363036336324,301,72,,,,0.0,246.0,54.0,1,229,72,55,1
21/04/2023 07:12,64,0.0,96,11.999999,99.23,-210,0,3,67,0.0,0,56,-1.9697373,43.30873,64.766235,4.398741454432231,12:51.0,7,7200.01,0101000020E6100000FB4FC9400B84FFBF3E5DB08E84A74540,20230421_NISSAN_DONOSTIA_ULIA_056,,d2,01:37.4,06:35.4,NISSAN_LEAF,Nissan Leaf e+ 62 kW,62000,174,13:40.7,2.2,3.6,113,ESE,-3.313817472428785,0.0,301,72,,,,0.0,246.0,54.0,1,229,72,55,1
21/04/2023 07:13,64,0.0,96,11.999999,99.23,-210,0,3,67,0.0,0,56,-1.9697372,43.30873,64.76653,4.398749551109939,13:00.0,7,7199.95,0101000020E6100000AC5844190B84FFBF8075F18C84A74540,20230421_NISSAN_DONOSTIA_ULIA_056,,d2,01:37.4,06:35.4,NISSAN_LEAF,Nissan Leaf e+ 62 kW,62000,174,13:40.7,2.2,3.6,113,ESE,0.371680192103332,72.9260339745026,301,72,,,,0.0,246.0,54.0,1,229,72,55,1
21/04/2023 07:13,63,0.0,96,11.999999,99.23,-210,160,3,66,0.0,-1,56,-1.9697286,43.308758000000005,63.703808,4.402112170350398,13:09.1,7,7199.899,0101000020E6100000D6F3FB2D0284FFBFBE776D5E85A74540,20230421_NISSAN_DONOSTIA_ULIA_056,,d2,01:37.4,06:35.4,NISSAN_LEAF,Nissan Leaf e+ 62 kW,62000,174,13:40.7,2.2,3.6,113,ESE,-1.8826427661988203,-81.46923439689512,301,72,,,,0.0,246.0,54.0,1,229,72,55,1
21/04/2023 07:13,63,8.9,96,11.999999,99.23,-210,400,3,66,8.56,89,56,-1.969728,43.308754,64.03182,4.402666947555997,13:17.2,7,7199.8330000000005,0101000020E6100000FF94CC8F0184FFBF1B65CD4385A74540,20230421_NISSAN_DONOSTIA_ULIA_056,,d2,01:37.4,06:35.4,NISSAN_LEAF,Nissan Leaf e+ 62 kW,62000,174,13:40.7,2.2,3.6,113,ESE,2.829231150125956,118.80376625914865,301,72,,,,0.0,246.0,54.0,1,229,72,55,1
21/04/2023 07:13,62,38.8,96,11.999999,99.23,-210,11200,3,66,-1.0,2620,56,-1.9700722,43.30938,62.309002,4.477659437471558,13:26.2,7,7199.773,0101000020E6100000155709536A85FFBFAFBE57BC99A74540,20230421_NISSAN_DONOSTIA_ULIA_056,,d2,01:37.4,06:35.4,NISSAN_LEAF,Nissan Leaf e+ 62 kW,62000,174,13:40.7,2.2,3.6,113,ESE,2.222808821528452,105.12993197707144,301,72,,,,0.0,246.0,54.0,1,229,72,25,1
21/04/2023 07:13,61,35.0,96,11.999999,99.23,-213,520,3,67,1.58,2452,56,-1.9702566000000004,43.310062,61.620262,4.554951237698187,13:34.3,7,7199.68,0101000020E6100000B028B2B22B86FFBF5A7B1020B0A74540,20230421_NISSAN_DONOSTIA_ULIA_056,,d2,01:37.4,06:35.4,NISSAN_LEAF,Nissan Leaf e+ 62 kW,62000,174,13:40.7,2.2,3.6,113,ESE,1.4721414251910767,91.13752211370496,301,72,,,,0.0,246.0,54.0,1,229,72,25,1
21/04/2023 07:13,61,29.3,96,11.999999,99.23,-217,0,3,67,-2.64,2190,56,-1.9702704,43.310757,61.20468,4.6322408948246085,13:42.3,7,7199.696999999999,0101000020E61000004DC29C383A86FFBFE19AF7EDC6A74540,20230421_NISSAN_DONOSTIA_ULIA_056,,d2,01:37.4,06:35.4,NISSAN_LEAF,Nissan Leaf e+ 62 kW,62000,174,13:40.7,2.2,3.6,113,ESE,0.5765771582061041,76.21620198648243,301,72,,,,0.0,246.0,54.0,1,229,72,8,1
21/04/2023 07:13,61,-0.2,96,11.999999,99.23,-229,0,3,67,0.0,171,56,-1.9702022,43.311035,61.19814,4.66364173268884,13:51.3,7,7199.656999999999,0101000020E6100000635F12BFF285FFBF72DC38F6CFA74540,20230421_NISSAN_DONOSTIA_ULIA_056,,d2,01:37.4,06:35.4,NISSAN_LEAF,Nissan Leaf e+ 62 kW,62000,174,13:40.7,2.2,3.6,113,ESE,-0.755602153888051,54.8841240073396,301,72,,,,0.0,246.0,54.0,1,229,72,55,1
21/04/2023 07:13,61,0.7,96,11.999999,99.23,-229,560,3,67,1.77,213,56,-1.9701804,43.311066,61.022118000000006,4.667517839798029,13:59.4,7,7199.6140000000005,0101000020E610000045E7CED2DB85FFBF8866C60CD1A74540,20230421_NISSAN_DONOSTIA_ULIA_056,,d2,01:37.4,06:35.4,NISSAN_LEAF,Nissan Leaf e+ 62 kW,62000,174,13:40.7,2.2,3.6,113,ESE,-3.313817472428785,0.0,301,72,,,,0.0,246.0,54.0,1,229,72,55,1
21/04/2023 07:14,60,0.0,96,11.999999,99.23,-229,0,3,67,0.0,0,56,-1.9701778000000003,43.311066,60.782513,4.667836688209706,14:08.4,7,7199.564,0101000020E6100000196D1522D985FFBF3D1B5105D1A74540,20230421_NISSAN_DONOSTIA_ULIA_056,,d2,01:37.4,06:35.4,NISSAN_LEAF,Nissan Leaf e+ 62 kW,62000,174,13:40.7,2.2,3.6,113,ESE,0.4505832139778727,74.19011139421093,301,72,,,,0.0,246.0,54.0,1,229,72,55,1
21/04/2023 07:14,59,19.7,96,11.999999,99.23,-229,600,3,67,3.3,1026,56,-1.970124,43.311256,59.756,4.689431908118076,14:16.5,7,7199.523,0101000020E610000005B30BC4A085FFBFAB920D30D7A74540,20230421_NISSAN_DONOSTIA_ULIA_056,,d2,01:37.4,06:35.4,NISSAN_LEAF,Nissan Leaf e+ 62 kW,62000,174,13:40.7,2.2,3.6,113,ESE,-1.1858106510235271,47.76813272297565,301,72,,,,0.0,246.0,54.0,1,229,72,55,1
21/04/2023 07:14,60,16.3,96,11.999999,99.23,-233,0,3,67,-1.47,1207,56,-1.9698081000000005,43.311604,59.988052,4.7358075332110925,14:24.5,7,7200.465999999999,0101000020E6100000686860725584FFBF2F5FB29EE2A74540,20230421_NISSAN_DONOSTIA_ULIA_056,,d2,01:37.4,06:35.4,NISSAN_LEAF,Nissan Leaf e+ 62 kW,62000,174,13:40.7,2.2,3.6,113,ESE,1.884795883442643,98.57097787082434,301,72,,,,0.0,246.0,54.0,1,229,72,55,1
21/04/2023 07:14,60,2.0,96,11.999999,99.23,-235,560,3,67,0.06,340,56,-1.9698396,43.311813,60.368080000000006,4.759189694410548,14:32.6,7,7200.424,0101000020E6100000A401918D7684FFBF060BD671E9A74540,20230421_NISSAN_DONOSTIA_ULIA_056,,d2,01:37.4,06:35.4,NISSAN_LEAF,Nissan Leaf e+ 62 kW,62000,174,13:40.7,2.2,3.6,113,ESE,2.1384279497922845,103.4419301124045,301,72,,,,0.0,246.0,54.0,1,229,72,55,1
21/04/2023 07:14,61,23.1,96,11.999999,99.23,-235,8000,3,67,-0.12,1438,56,-1.9698733,43.311954,61.681793000000006,4.775157637892611,14:41.6,7,7200.355,0101000020E6100000DB193EDC9984FFBF7C92771BEEA74540,20230421_NISSAN_DONOSTIA_ULIA_056,,d2,01:37.4,06:35.4,NISSAN_LEAF,Nissan Leaf e+ 62 kW,62000,174,13:40.7,2.2,3.6,113,ESE,-0.2706736036725059,62.68802660411401,301,72,,,,0.0,246.0,54.0,1,229,72,55,1
21/04/2023 07:14,61,33.2,96,11.999999,99.23,-235,7720,3,67,3.16,2155,56,-1.969612,43.31246,61.654514,4.835263102285839,14:49.7,7,7200.314,0101000020E6100000F9631BE28783FFBFF28705C8FEA74540,20230421_NISSAN_DONOSTIA_ULIA_056,,d2,01:37.4,06:35.4,NISSAN_LEAF,Nissan Leaf e+ 62 kW,62000,174,15:56.2,2.2,3.6,113,ESE,-2.274899525781179,27.808337024781945,301,72,,,,0.0,246.0,54.0,1,229,72,45,1
21/04/2023 07:14,60,34.3,96,11.999999,99.23,-235,1960,3,67,-0.81,2270,56,-1.9687588,43.31291,60.75385,4.920526186505485,14:58.7,7,7200.263000000001,0101000020E6100000CCC1A93C0980FFBFBC45975C0DA84540,20230421_NISSAN_DONOSTIA_ULIA_056,,d2,01:37.4,06:35.4,NISSAN_LEAF,Nissan Leaf e+ 62 kW,62000,174,15:56.2,2.2,3.6,113,ESE,-1.6070542630934843,40.486801112329005,301,72,,,,0.0,246.0,54.0,1,229,72,45,1
21/04/2023 07:15,58,25.6,96,11.999999,99.23,-240,0,3,67,3.11,1690,56,-1.9682469,43.313347,58.499190000000006,4.984413587269277,15:06.8,7,7200.223000000001,0101000020E6100000A24DFD85F07DFFBF6EE052B31BA84540,20230421_NISSAN_DONOSTIA_ULIA_056,,d2,01:37.4,06:35.4,NISSAN_LEAF,Nissan Leaf e+ 62 kW,62000,174,15:56.2,2.2,3.6,113,ESE,-2.9539147499071063,11.861928030188636,301,72,,,,0.0,246.0,54.0,1,229,72,80,1
21/04/2023 07:15,58,19.3,96,11.999999,99.23,-242,0,3,67,0.28,1441,56,-1.9676851,43.313465,58.44036,5.0317229839371,15:14.9,7,7200.096,0101000020E61000000F4ED365A37BFFBFE81011A91FA84540,20230421_NISSAN_DONOSTIA_ULIA_056,,d2,01:37.4,06:35.4,NISSAN_LEAF,Nissan Leaf e+ 62 kW,62000,174,15:56.2,2.2,3.6,113,ESE,-3.0227376739440164,9.896889239608452,301,72,,,,0.0,246.0,54.0,1,229,72,20,1
21/04/2023 07:15,57,17.7,96,11.999999,99.23,-242,7600,3,67,-0.44,1484,56,-1.9673584,43.313522,57.674274,5.0589152682750695,15:23.9,7,7200.111999999999,0101000020E61000000BF539CA4C7AFFBF13DECA7B21A84540,20230421_NISSAN_DONOSTIA_ULIA_056,,d2,01:37.4,06:35.4,NISSAN_LEAF,Nissan Leaf e+ 62 kW,62000,174,15:56.2,2.2,3.6,113,ESE,3.555192819884689,147.95076910847646,301,72,,,,0.0,246.0,54.0,1,229,72,40,1
21/04/2023 07:15,53,25.3,96,11.999999,99.23,-242,0,3,67,5.3,1724,56,-1.967828,43.313816,54.11531,5.1091637159906265,15:31.9,7,7200.063,0101000020E610000032173537397CFFBFD106911D2BA84540,20230421_NISSAN_DONOSTIA_ULIA_056,,d2,01:37.4,06:35.4,NISSAN_LEAF,Nissan Leaf e+ 62 kW,62000,174,15:56.2,2.2,3.6,113,ESE,3.5616205058476287,165.37380016952068,301,72,,,,0.0,246.0,54.0,1,229,72,40,1
21/04/2023 07:15,53,28.9,96,11.999999,99.23,-242,6600,3,67,7.05,1611,56,-1.9684411,43.313976,53.042984,5.161872243949109,15:40.0,7,7200.017,0101000020E610000004A6FE23BC7EFFBFD431B66930A84540,20230421_NISSAN_DONOSTIA_ULIA_056,,d2,01:37.4,06:35.4,NISSAN_LEAF,Nissan Leaf e+ 62 kW,62000,174,15:56.2,2.2,3.6,113,ESE,1.8285206976916368,97.52554174222796,301,72,,,,0.0,246.0,54.0,1,229,72,30,1
21/04/2023 07:15,54,32.0,96,11.999999,99.23,-242,8520,3,67,-0.53,2113,56,-1.9685308,43.314655,54.706722,5.237739826339825,15:49.5,7,7199.519,0101000020E6100000EA102E1A1A7FFFBFF55301AF46A84540,20230421_NISSAN_DONOSTIA_ULIA_056,,d2,01:37.4,06:35.4,NISSAN_LEAF,Nissan Leaf e+ 62 kW,62000,174,15:56.2,2.2,3.6,113,ESE,3.597895399933318,155.0407388372029,301,72,,,,0.0,246.0,54.0,1,229,72,8,2
21/04/2023 07:15,53,33.4,96,11.999999,99.23,-242,5280,3,67,3.86,2344,56,-1.9692441000000005,43.314987,53.86036,5.306252185472337,15:57.1,7,7199.914000000001,0101000020E61000007D7678240682FFBF84A9C68A51A84540,20230421_NISSAN_DONOSTIA_ULIA_056,,d2,01:37.4,06:35.4,NISSAN_LEAF,Nissan Leaf e+ 62 kW,62000,174,15:56.2,2.2,3.6,113,ESE,3.5602479689103217,165.52248969367378,301,72,,,,0.0,246.0,54.0,1,229,72,8,2
21/04/2023 07:16,53,33.9,96,11.999999,99.23,-242,12320,3,67,-3.03,2714,56,-1.9702046,43.315235,53.77033,5.388708958836222,16:05.2,7,7199.835999999999,0101000020E6100000BDED0535F585FFBFC1883CA659A84540,20230421_NISSAN_DONOSTIA_ULIA_056,,d2,01:37.4,06:35.4,NISSAN_LEAF,Nissan Leaf e+ 62 kW,62000,174,15:56.2,2.2,3.6,113,ESE,3.5171234697986336,169.3179621695137,301,72,,,,0.0,246.0,54.0,1,229,72,8,2
21/04/2023 07:16,57,14.3,96,11.999999,99.23,-247,680,3,68,0.06,1164,56,-1.9709309,43.315372,57.619053,5.449534170810205,16:14.2,7,7199.8,0101000020E61000005D295BE5EE88FFBF535213115EA84540,20230421_NISSAN_DONOSTIA_ULIA_056,,d2,01:37.4,06:35.4,NISSAN_LEAF,Nissan Leaf e+ 62 kW,62000,174,15:56.2,2.2,3.6,113,ESE,3.356846965231792,178.17880819674215,301,72,,,,0.0,246.0,54.0,1,229,72,30,2
21/04/2023 07:16,61,2.5,96,11.999999,99.23,-247,520,3,68,1.7,375,56,-1.9711825,43.31538,61.572266000000006,5.470289053414567,16:22.2,7,7199.77,0101000020E610000078A59CA9F689FFBFFFDEF1675EA84540,20230421_NISSAN_DONOSTIA_ULIA_056,,d2,01:37.4,06:35.4,NISSAN_LEAF,Nissan Leaf e+ 62 kW,62000,174,15:56.2,2.2,3.6,113,ESE,2.6965562799510168,-161.50758301901132,301,72,,,,0.0,246.0,54.0,1,229,72,30,2
21/04/2023 07:16,65,0.0,96,11.999999,99.23,-247,0,3,68,2.64,0,56,-1.9712124,43.31537,65.41306999999999,5.474962375100091,16:30.3,7,7199.729,0101000020E6100000CD00020F168AFFBFE1A656F15DA84540,20230421_NISSAN_DONOSTIA_ULIA_056,,d2,01:37.4,06:35.4,NISSAN_LEAF,Nissan Leaf e+ 62 kW,62000,174,15:56.2,2.2,3.6,113,ESE,3.4772286488714426,172.00641393843142,301,72,,,,0.0,246.0,54.0,1,229,72,30,2
21/04/2023 07:16,66,20.8,96,11.999999,99.23,-247,6960,3,68,-0.45,1230,56,-1.9715827,43.315422,66.72306,5.5055021710199235,16:47.4,7,7199.630999999999,0101000020E6100000E5AFED319A8BFFBF4EB7C9CA5FA84540,20230421_NISSAN_DONOSTIA_ULIA_056,,d2,01:37.4,06:35.4,NISSAN_LEAF,Nissan Leaf e+ 62 kW,62000,174,15:56.2,2.2,3.6,113,ESE,3.1518063535902225,128.1044150639731,301,72,,,,0.0,246.0,54.0,1,229,72,30,2
21/04/2023 07:16,67,21.0,96,11.999999,99.23,-249,0,3,68,-4.98,1521,56,-1.971876,43.315796,67.91559000000001,5.553397503599701,16:56.4,7,7199.579000000001,0101000020E61000002C90B3E2CD8CFFBFAB9E59F86BA84540,20230421_NISSAN_DONOSTIA_ULIA_056,,d2,01:37.4,06:35.4,NISSAN_LEAF,Nissan Leaf e+ 62 kW,62000,174,15:56.2,2.2,3.6,113,ESE,-2.0645980942737463,32.00538320801104,301,72,,,,0.0,246.0,54.0,1,229,72,30,2
21/04/2023 07:17,69,26.3,96,11.999999,99.23,-257,8000,3,68,4.92,1492,56,-1.9715288,43.316013,68.91563000000001,5.590441443473871,17:04.5,7,7199.518,0101000020E61000000E2396BC618BFFBF815A1A1573A84540,20230421_NISSAN_DONOSTIA_ULIA_056,,d2,01:37.4,06:35.4,NISSAN_LEAF,Nissan Leaf e+ 62 kW,62000,174,15:56.2,2.2,3.6,113,ESE,-2.5630876512061067,21.60467173976397,301,72,,,,0.0,246.0,54.0,1,229,72,30,2
21/04/2023 07:17,70,23.4,96,11.999999,99.23,-257,3320,3,68,6.0,1684,56,-1.9709556,43.31624,70.53049,5.643264243757041,17:12.5,7,7200.463000000001,0101000020E6100000E216B7B70889FFBF7967AC887AA84540,20230421_NISSAN_DONOSTIA_ULIA_056,,d2,01:37.4,06:35.4,NISSAN_LEAF,Nissan Leaf e+ 62 kW,62000,174,15:56.2,2.2,3.6,113,ESE,-2.2991910153956026,27.30771793939184,301,72,,,,0.0,246.0,54.0,1,229,72,20,2
21/04/2023 07:17,71,26.6,96,12.5,99.23,-257,920,3,69,3.14,1734,56,-1.9703823,43.316536,71.61815,5.700147864280335,17:20.6,7,7200.427,0101000020E6100000F0D6DC99AF86FFBF6A40DC4084A84540,20230421_NISSAN_DONOSTIA_ULIA_056,,d2,01:37.4,06:35.4,NISSAN_LEAF,Nissan Leaf e+ 62 kW,62000,174,18:40.8,2.2,3.6,10,N,-2.1757270412209966,27.183422108920062,301,72,,,,0.0,246.0,54.0,1,229,72,30,2
21/04/2023 07:17,71,24.8,96,12.5,99.23,-257,7840,3,70,2.41,1764,56,-1.969693,43.31689,71.9236,5.768407575006583,17:29.6,7,7200.3640000000005,0101000020E61000005262B1CBDC83FFBFD11159E48FA84540,20230421_NISSAN_DONOSTIA_ULIA_056,,d2,01:37.4,06:35.4,NISSAN_LEAF,Nissan Leaf e+ 62 kW,62000,174,18:40.8,2.2,3.6,10,N,-2.008574671689681,23.91327549766777,301,72,,,,0.0,246.0,54.0,1,229,72,30,2
21/04/2023 07:17,71,18.2,96,11.999999,99.23,-257,240,3,70,0.52,1230,56,-1.9691743,43.31712,72.03319499999999,5.817550736629075,17:37.7,7,7200.328,0101000020E610000037E688DCBC81FFBF8B9D066497A84540,20230421_NISSAN_DONOSTIA_ULIA_056,,d2,01:37.4,06:35.4,NISSAN_LEAF,Nissan Leaf e+ 62 kW,62000,174,18:40.8,2.2,3.6,10,N,-2.216280709700995,27.997968174979672,301,72,,,,0.0,246.0,54.0,1,229,72,30,2
21/04/2023 07:17,72,20.5,96,11.999999,99.23,-257,0,3,70,5.0,1571,56,-1.9686232,43.317413,72.06454000000001,5.872771006376017,17:46.7,7,7200.267,0101000020E6100000A3DA35F37A7FFFBF4ED59D02A1A84540,20230421_NISSAN_DONOSTIA_ULIA_056,,d2,01:37.4,06:35.4,NISSAN_LEAF,Nissan Leaf e+ 62 kW,62000,174,18:40.8,2.2,3.6,10,N,-1.7335241553903793,18.78566985955382,301,72,,,,0.0,246.0,54.0,1,229,72,30,2
21/04/2023 07:17,72,20.0,96,11.999999,99.23,-257,5000,3,70,3.14,1435,56,-1.9680852,43.317596,72.936554,5.920825635914111,17:54.8,7,7200.229,0101000020E6100000DF7EBBE7467DFFBF56C6B9FAA6A84540,20230421_NISSAN_DONOSTIA_ULIA_056,,d2,01:37.4,06:35.4,NISSAN_LEAF,Nissan Leaf e+ 62 kW,62000,174,18:40.8,2.2,3.6,10,N,-1.1902296293590418,9.30637129998731,301,72,,,,0.0,246.0,54.0,1,229,72,30,2
21/04/2023 07:18,74,24.1,96,11.999999,99.23,-257,2120,3,70,6.95,1459,56,-1.9675726,43.31768,74.45454000000001,5.963361530035543,18:02.8,7,7200.161999999999,0101000020E61000004A4878692D7BFFBF11FF1EB8A9A84540,20230421_NISSAN_DONOSTIA_ULIA_056,,d2,01:37.4,06:35.4,NISSAN_LEAF,Nissan Leaf e+ 62 kW,62000,174,18:40.8,2.2,3.6,10,N,-1.5697594799876806,15.851762940131586,301,72,,,,0.0,246.0,54.0,1,229,72,30,2
21/04/2023 07:18,75,27.1,96,11.999999,99.23,-257,8680,3,70,5.48,1804,56,-1.9667802,43.317905,75.32471,6.032182085385643,18:11.9,7,7200.129,0101000020E61000009F164A8DEE77FFBF8F23A310B1A84540,20230421_NISSAN_DONOSTIA_ULIA_056,,d2,01:37.4,06:35.4,NISSAN_LEAF,Nissan Leaf e+ 62 kW,62000,174,18:40.8,2.2,3.6,10,N,-2.072798410821315,25.154087726119208,301,72,,,,0.0,246.0,54.0,1,229,72,30,2
21/04/2023 07:18,75,20.0,96,11.999999,99.23,-257,8360,3,71,6.88,1228,56,-1.9662755,43.318142,75.692566,6.080780034185258,18:19.9,7,7200.08,0101000020E6100000D8FBE93BDD75FFBF4AB39FECB8A84540,20230421_NISSAN_DONOSTIA_ULIA_056,,d2,01:37.4,06:35.4,NISSAN_LEAF,Nissan Leaf e+ 62 kW,62000,174,18:40.8,2.2,3.6,10,N,-1.8476808380412504,20.880198783521323,301,72,,,,0.0,246.0,54.0,1,229,72,30,2
21/04/2023 07:18,79,24.9,96,11.999999,99.23,-257,8400,3,71,2.62,1652,56,-1.9656647,43.318375,78.764626,6.136658647915244,18:29.0,7,7200.02,0101000020E610000090585ED35C73FFBF9B694C74C0A84540,20230421_NISSAN_DONOSTIA_ULIA_056,,d2,01:37.4,06:35.4,NISSAN_LEAF,Nissan Leaf e+ 62 kW,62000,174,18:40.8,2.2,3.6,10,N,-1.710671657370618,18.37149837299239,301,72,,,,0.0,246.0,54.0,1,229,72,30,2
21/04/2023 07:18,80,25.4,96,11.999999,99.23,-257,2240,3,71,-0.5,1677,56,-1.9650685,43.318573,80.37100000000001,6.189702924836736,18:37.0,7,7199.986999999999,0101000020E6100000ECE793A3EB70FFBFFADD0608C7A84540,20230421_NISSAN_DONOSTIA_ULIA_056,,d2,01:37.4,06:35.4,NISSAN_LEAF,Nissan Leaf e+ 62 kW,62000,174,18:40.8,2.2,3.6,10,N,-1.8937411092282863,21.738227862924354,276,74,,,,3.0,197.0,76.0,0,262,14,30,2
21/04/2023 07:18,80,15.4,96,11.999999,99.23,-264,0,3,71,-0.55,1376,56,-1.9644741,43.31881,80.02688,6.24453859955419,18:45.1,7,7199.946999999999,0101000020E6100000EAE9E35D7C6EFFBFF7DF29C3CEA84540,20230421_NISSAN_DONOSTIA_ULIA_056,,d2,01:37.4,06:35.4,NISSAN_LEAF,Nissan Leaf e+ 62 kW,62000,174,18:40.8,2.2,3.6,10,N,-0.2240929273744197,-6.431142975736323,276,74,,,,3.0,197.0,76.0,0,262,14,30,2
21/04/2023 07:18,80,30.5,96,11.999999,99.23,-267,0,3,71,-3.98,2025,56,-1.9639418,43.31875,80.81511,6.28812236077774,18:54.1,7,7199.898,0101000020E61000003439B2304E6CFFBFDA027ACACCA84540,20230421_NISSAN_DONOSTIA_ULIA_056,,d2,01:37.4,06:35.4,NISSAN_LEAF,Nissan Leaf e+ 62 kW,62000,174,18:40.8,2.2,3.6,10,N,2.46720990506304,-53.26204404285591,276,74,,,,3.0,197.0,76.0,0,262,14,8,2
21/04/2023 07:19,80,33.6,96,11.999999,99.23,-272,0,3,72,-3.25,2381,56,-1.9634223,43.318054,80.76939399999999,6.376189344667998,19:03.2,7,7199.826999999999,0101000020E6100000CB35B58B2D6AFFBF23628206B6A84540,20230421_NISSAN_DONOSTIA_ULIA_056,,d2,01:37.4,06:35.4,NISSAN_LEAF,Nissan Leaf e+ 62 kW,62000,174,18:40.8,2.2,3.6,10,N,2.0384845845791557,-44.48884097468927,326,115,0.0,18.0,207.0,,,,101,165,161,8,2
21/04/2023 07:19,83,30.1,96,11.999999,99.23,-286,0,3,71,-2.89,2067,56,-1.9629021,43.317543,83.934235,6.446968700712083,19:11.2,7,7199.7880000000005,0101000020E610000013B00A050C68FFBFF4814B35A5A84540,20230421_NISSAN_DONOSTIA_ULIA_056,,d2,01:37.4,06:35.4,NISSAN_LEAF,Nissan Leaf e+ 62 kW,62000,174,18:40.8,2.2,3.6,10,N,1.6349556207899916,-37.01053611163008,326,115,0.0,18.0,207.0,,,,101,165,161,8,2
21/04/2023 07:19,86,5.8,96,11.999999,99.23,-302,0,3,71,-4.27,793,56,-1.9624922,43.317234,86.41409,6.494784942840229,19:20.3,7,7199.736999999999,0101000020E610000021C80A3B5E66FFBFA5CA6D179BA84540,20230421_NISSAN_DONOSTIA_ULIA_056,,d2,01:37.4,06:35.4,NISSAN_LEAF,Nissan Leaf e+ 62 kW,62000,174,18:40.8,2.2,3.6,10,N,3.515871321102402,-87.58897025331137,326,115,0.0,18.0,207.0,,,,101,165,161,40,2
21/04/2023 07:19,87,0.0,96,11.999999,99.23,-304,0,3,71,0.0,0,56,-1.9624914,43.317215,87.792404,6.49730832447341,19:28.3,7,7199.696,0101000020E610000037A277615D66FFBFAB01DF719AA84540,20230421_NISSAN_DONOSTIA_ULIA_056,,d2,01:37.4,06:35.4,NISSAN_LEAF,Nissan Leaf e+ 62 kW,62000,174,18:40.8,2.2,3.6,10,N,2.8570497209513066,-62.52556837442789,326,115,0.0,18.0,207.0,,,,101,165,161,40,2
21/04/2023 07:19,87,17.9,96,11.999999,99.23,-304,5840,3,71,6.34,587,56,-1.9624784,43.31719,87.701965,6.500281873609273,19:36.3,7,7199.656999999999,0101000020E610000088EDEDB04F66FFBF7AA8DC9F99A84540,20230421_NISSAN_DONOSTIA_ULIA_056,,d2,01:37.4,06:35.4,NISSAN_LEAF,Nissan Leaf e+ 62 kW,62000,174,18:40.8,2.2,3.6,10,N,2.0164159535548816,-44.06378866301049,326,115,0.0,18.0,207.0,,,,101,165,161,40,2
21/04/2023 07:19,87,24.5,96,11.999999,99.23,-304,3240,3,71,-0.62,1302,56,-1.9621581,43.31688,87.898125,6.543406427314712,19:45.4,7,7199.606,0101000020E6100000A41252E7FF64FFBFEB4448788FA84540,20230421_NISSAN_DONOSTIA_ULIA_056,,d2,01:37.4,06:35.4,NISSAN_LEAF,Nissan Leaf e+ 62 kW,62000,174,18:40.8,2.2,3.6,10,N,-3.4865885997354127,65.58012430824324,326,115,0.0,18.0,207.0,,,,101,165,161,40,2
21/04/2023 07:19,88,25.9,96,11.999999,99.23,-306,0,3,71,-0.83,1717,56,-1.961922,43.3174,88.31985999999999,6.6043025100852795,19:54.4,7,7199.558000000001,0101000020E6100000A9F155570864FFBF01F9269BA0A84540,20230421_NISSAN_DONOSTIA_ULIA_056,,d2,01:37.4,06:35.4,NISSAN_LEAF,Nissan Leaf e+ 62 kW,62000,174,20:56.1,2.2,3.6,10,N,-3.5883258477441533,84.61547590235021,326,115,0.0,18.0,207.0,,,,101,165,161,50,2
21/04/2023 07:20,89,11.3,96,11.999999,99.23,-319,0,3,71,-4.16,1121,56,-1.9618777,43.31787,89.798836,6.656707741889571,20:02.5,7,7199.496999999999,0101000020E6100000A9DA89E2D963FFBFEC4F7EF2AFA84540,20230421_NISSAN_DONOSTIA_ULIA_056,,d2,01:37.4,06:35.4,NISSAN_LEAF,Nissan Leaf e+ 62 kW,62000,174,20:56.1,2.2,3.6,10,N,-3.5987510866500774,81.50926357253766,326,115,0.0,18.0,207.0,,,,101,165,161,50,2
21/04/2023 07:20,90,6.7,96,11.999999,99.23,-325,0,3,71,0.36,312,56,-1.9618568,43.31801,90.4194,6.6723788778140465,20:10.6,7,7200.446,0101000020E6100000DB634903C463FFBF89980074B4A84540,20230421_NISSAN_DONOSTIA_ULIA_056,,d2,01:37.4,06:35.4,NISSAN_LEAF,Nissan Leaf e+ 62 kW,62000,174,20:56.1,2.2,3.6,10,N,-3.581853695832036,85.75523509317995,326,115,0.0,18.0,207.0,,,,101,165,161,50,2
21/04/2023 07:20,88,27.8,96,11.999999,99.23,-326,0,3,71,0.05,1614,56,-1.9618306,43.318363,89.28183,6.711704330773919,20:18.6,7,7200.39,0101000020E610000052EF9C79A863FFBF132FD01DC0A84540,20230421_NISSAN_DONOSTIA_ULIA_056,,d2,01:37.4,06:35.4,NISSAN_LEAF,Nissan Leaf e+ 62 kW,62000,174,20:56.1,2.2,3.6,10,N,-3.5962117124229187,82.62872975609974,326,115,0.0,18.0,207.0,,,,101,165,161,50,2
21/04/2023 07:20,86,20.9,96,11.999999,99.23,-335,0,3,71,-4.2,1720,56,-1.9617447,43.319027,86.33776,6.785922493896079,20:27.7,7,7200.349,0101000020E6100000A95D02624E63FFBF86C200D4D5A84540,20230421_NISSAN_DONOSTIA_ULIA_056,,d2,01:37.4,06:35.4,NISSAN_LEAF,Nissan Leaf e+ 62 kW,62000,174,20:56.1,2.2,3.6,10,N,-2.8632227279375604,42.68734790306581,326,115,0.0,18.0,207.0,,,,101,165,161,50,2
21/04/2023 07:20,85,33.2,96,12.5,99.23,-344,5400,3,71,-0.5,1700,56,-1.9614639,43.319286,85.64817,6.822609334664347,20:35.7,7,7200.281,0101000020E6100000C33E220A2862FFBFDD980368DEA84540,20230421_NISSAN_DONOSTIA_ULIA_056,,d2,01:37.4,06:35.4,NISSAN_LEAF,Nissan Leaf e+ 62 kW,62000,174,20:56.1,2.2,3.6,10,N,-0.3404618885344165,-4.573270707522673,326,115,0.0,18.0,207.0,,,,101,165,161,30,2
21/04/2023 07:20,84,11.4,96,12.5,99.23,-351,0,3,71,2.27,877,56,-1.9607638,43.31923,84.94388599999999,6.879592354738134,20:43.7,7,7200.25,0101000020E610000010A793DD495FFFBFAFBC6771DCA84540,20230421_NISSAN_DONOSTIA_ULIA_056,,d2,01:37.4,06:35.4,NISSAN_LEAF,Nissan Leaf e+ 62 kW,62000,174,20:56.1,2.2,3.6,10,N,-3.5880409675385896,84.67148222843704,326,115,0.0,18.0,207.0,,,,101,165,161,30,2
21/04/2023 07:20,82,43.4,96,12.5,99.23,-351,0,3,71,-2.31,2730,56,-1.9607153,43.31975,83.05570999999999,6.937577435813146,20:51.8,7,7200.201,0101000020E610000049E85CF3165FFFBFDDA8A699EDA84540,20230421_NISSAN_DONOSTIA_ULIA_056,,d2,01:37.4,06:35.4,NISSAN_LEAF,Nissan Leaf e+ 62 kW,62000,174,20:56.1,2.2,3.6,10,N,-3.5277574087455803,91.49772685661571,326,115,0.0,18.0,207.0,,,,101,165,161,30,2
21/04/2023 07:21,80,26.2,96,12.5,99.23,-368,0,4,71,-0.73,1679,56,-1.9607364,43.320557,80.657814,7.027360002050288,21:00.8,7,7200.155,0101000020E61000004315CC222D5FFFBFAC9F7A0708A94540,20230421_NISSAN_DONOSTIA_ULIA_056,,d2,01:37.4,06:35.4,NISSAN_LEAF,Nissan Leaf e+ 62 kW,62000,174,20:56.1,2.2,3.6,10,N,-3.594316409157212,83.21999307072947,326,115,0.0,18.0,207.0,,,,101,165,161,30,2
21/04/2023 07:21,79,3.7,96,12.5,99.23,-369,320,3,71,2.72,491,56,-1.9607043,43.320827,79.32463,7.057524203619175,21:08.9,7,7200.11,0101000020E6100000C83DA9720B5FFFBFFCAF7ED210A94540,20230421_NISSAN_DONOSTIA_ULIA_056,,d2,01:37.4,06:35.4,NISSAN_LEAF,Nissan Leaf e+ 62 kW,62000,174,20:56.1,2.2,3.6,10,N,1.4464405311032906,-33.69006752076042,326,115,0.0,18.0,207.0,,,,101,165,161,30,2
21/04/2023 07:21,79,0.0,96,12.5,99.23,-369,0,3,71,2.64,0,56,-1.9606998,43.320824,79.37782,7.058020822462407,21:17.9,7,7200.06,0101000020E61000007522B5BB065FFFBF6AB3CEC010A94540,20230421_NISSAN_DONOSTIA_ULIA_056,,d2,01:37.4,06:35.4,NISSAN_LEAF,Nissan Leaf e+ 62 kW,62000,174,20:56.1,2.2,3.6,10,N,-0.6251334396009492,0.0,326,115,0.0,18.0,207.0,,,,101,165,161,30,2
21/04/2023 07:21,79,0.0,96,12.5,99.23,-369,0,3,70,2.64,0,56,-1.9606998,43.320824,79.37782,7.058020822462407,21:26.0,7,7200.01,0101000020E61000007522B5BB065FFFBF6AB3CEC010A94540,20230421_NISSAN_DONOSTIA_ULIA_056,,d2,01:37.4,06:35.4,NISSAN_LEAF,Nissan Leaf e+ 62 kW,62000,174,20:56.1,2.2,3.6,10,N,-3.064372171799789,111.65598903891684,326,115,0.0,18.0,207.0,,,,101,165,161,30,2
21/04/2023 07:21,79,4.3,96,12.5,99.23,-369,5240,3,70,6.94,612,56,-1.9607133,43.320858,79.348495,7.061956137485497,21:34.0,7,7199.97,0101000020E6100000F8F42DDC145FFFBF08941BD311A94540,20230421_NISSAN_DONOSTIA_ULIA_056,,d2,01:37.4,06:35.4,NISSAN_LEAF,Nissan Leaf e+ 62 kW,62000,174,20:56.1,2.2,3.6,10,N,-3.414165290544738,98.4899590791694,326,115,0.0,18.0,207.0,,,,101,165,161,30,2
21/04/2023 07:21,79,21.2,96,12.5,99.23,-369,6120,3,71,4.81,1427,56,-1.9607748,43.32127,79.59881,7.108038481284094,21:43.1,7,7199.903,0101000020E6100000BB8C3E5D555FFFBF723ABD531FA94540,20230421_NISSAN_DONOSTIA_ULIA_056,,d2,01:37.4,06:35.4,NISSAN_LEAF,Nissan Leaf e+ 62 kW,62000,174,20:56.1,2.2,3.6,10,N,-3.581047442014434,85.88181029605147,326,115,0.0,18.0,207.0,,,,101,165,161,30,2
21/04/2023 07:21,80,17.4,96,12.5,99.23,-369,2400,3,71,6.39,1132,56,-1.960746,43.321670000000005,80.07545,7.152579979435688,21:51.2,7,7199.840999999999,0101000020E6100000D0E9854C375FFFBF7C440D8B2CA94540,20230421_NISSAN_DONOSTIA_ULIA_056,,d2,01:37.4,06:35.4,NISSAN_LEAF,Nissan Leaf e+ 62 kW,62000,174,20:56.1,2.2,3.6,10,N,-0.3983197191138182,-3.6475382085379344,326,115,0.0,18.0,207.0,,,,101,165,161,25,2
21/04/2023 07:22,81,5.8,96,12.5,99.23,-371,0,3,71,0.67,701,56,-1.9601499,43.321632,81.87569,7.201020208547694,22:00.2,7,7199.778,0101000020E610000066B27414C65CFFBF544C0A372BA94540,20230421_NISSAN_DONOSTIA_ULIA_056,,d2,01:37.4,06:35.4,NISSAN_LEAF,Nissan Leaf e+ 62 kW,62000,174,20:56.1,2.2,3.6,10,N,1.4168289147839153,-166.8235812405026,326,115,0.0,18.0,207.0,,,,101,165,161,50,2
21/04/2023 07:22,82,0.0,96,12.5,99.23,-371,0,3,71,0.0,0,56,-1.9601798,43.321625,82.58706,7.20365884895689,22:08.3,7,7199.745,0101000020E6100000E2C2B571E55CFFBF698CC4FF2AA94540,20230421_NISSAN_DONOSTIA_ULIA_056,,d2,01:37.4,06:35.4,NISSAN_LEAF,Nissan Leaf e+ 62 kW,62000,174,20:56.1,2.2,3.6,10,N,-0.8641439325782452,3.888900100752473,326,115,0.0,18.0,207.0,,,,101,165,161,50,2
21/04/2023 07:22,81,33.1,96,12.5,99.23,-371,14080,3,71,7.66,1447,56,-1.9599003,43.321644,81.25528,7.226406744167439,22:17.3,7,7199.686,0101000020E610000027F5B25EC05BFFBF40C3E2A62BA94540,20230421_NISSAN_DONOSTIA_ULIA_056,,d2,01:37.4,06:35.4,NISSAN_LEAF,Nissan Leaf e+ 62 kW,62000,174,20:56.1,2.2,3.6,10,N,-0.5893705171748534,-0.5774618459932263,326,115,0.0,18.0,207.0,,,,101,165,161,50,2
21/04/2023 07:22,80,49.2,95,12.5,99.23,-371,20000,3,72,3.03,3256,56,-1.9587097,43.321632,80.35746,7.322734749442633,22:25.4,7,7199.627,0101000020E6100000D1FCB1F6DF56FFBF9B6AE8392BA94540,20230421_NISSAN_DONOSTIA_ULIA_056,,d2,01:37.4,06:35.4,NISSAN_LEAF,Nissan Leaf e+ 62 kW,62000,174,23:40.8,2.2,3.6,10,N,-0.5126580349433888,-1.8129622137362489,326,115,0.0,18.0,207.0,,,,101,165,161,50,2
21/04/2023 07:22,80,44.7,95,12.5,99.23,-371,0,3,73,3.7,3215,56,-1.9573828,43.32159,80.19547,7.430177147279031,22:33.4,7,7199.579000000001,0101000020E61000000B364EAD7051FFBF585A9AD029A94540,20230421_NISSAN_DONOSTIA_ULIA_056,,d2,01:37.4,06:35.4,NISSAN_LEAF,Nissan Leaf e+ 62 kW,62000,174,23:40.8,2.2,3.6,10,N,-0.5333453897755356,-1.4801817205364196,326,115,0.0,18.0,207.0,,,,101,165,161,50,2
21/04/2023 07:22,83,52.0,95,12.5,99.23,-371,12640,3,74,1.7,3521,56,-1.956067,43.321556,83.10297,7.536726793860636,22:41.5,7,7199.539000000001,0101000020E6100000AC72A7EC0C4CFFBFB66C9CC328A94540,20230421_NISSAN_DONOSTIA_ULIA_056,,d2,01:37.4,06:35.4,NISSAN_LEAF,Nissan Leaf e+ 62 kW,62000,174,23:40.8,2.2,3.6,10,N,-0.4637695403572393,-2.598308532256733,326,115,0.0,18.0,207.0,,,,101,165,161,50,2
21/04/2023 07:22,83,39.8,95,12.5,99.23,-371,0,3,74,-1.05,2946,56,-1.9547228,43.321495,83.649895,7.6456798890779325,22:49.5,7,7200.491999999999,0101000020E6100000696A64638B46FFBFF88EAFB226A94540,20230421_NISSAN_DONOSTIA_ULIA_056,,d2,01:37.4,06:35.4,NISSAN_LEAF,Nissan Leaf e+ 62 kW,62000,174,23:40.8,2.2,3.6,10,N,-0.4048703480328522,-3.54262687672876,326,115,0.0,18.0,207.0,,,,101,165,161,25,2
21/04/2023 07:22,83,24.9,95,12.5,99.23,-374,0,3,74,0.02,1835,56,-1.9538021,43.321438,82.968636,7.720433187722042,22:57.5,7,7200.451999999999,0101000020E6100000658D13F7C542FFBF275E66E024A94540,20230421_NISSAN_DONOSTIA_ULIA_056,,d2,01:37.4,06:35.4,NISSAN_LEAF,Nissan Leaf e+ 62 kW,62000,174,23:40.8,2.2,3.6,10,N,-0.380217054976056,-3.937350616937786,326,115,0.0,18.0,207.0,,,,101,165,161,25,2
21/04/2023 07:23,84,29.1,95,12.5,99.23,-376,11600,3,73,3.86,1611,56,-1.95325,43.3214,84.25052,7.765313679697437,23:06.6,7,7200.401999999999,0101000020E6100000340AA8138340FFBF638FB49523A94540,20230421_NISSAN_DONOSTIA_ULIA_056,,d2,01:37.4,06:35.4,NISSAN_LEAF,Nissan Leaf e+ 62 kW,62000,174,23:40.8,2.2,3.6,10,N,-0.4233110518844059,-3.24717256531621,326,115,0.0,18.0,207.0,,,,101,165,161,25,2
21/04/2023 07:23,85,36.9,95,12.5,99.23,-376,10360,3,74,5.2,2490,56,-1.9522982,43.321346000000005,85.52441400000001,7.842554948101079,23:14.6,7,7200.371999999999,0101000020E6100000FB797FF59C3CFFBFF8B528D821A94540,20230421_NISSAN_DONOSTIA_ULIA_056,,d2,01:37.4,06:35.4,NISSAN_LEAF,Nissan Leaf e+ 62 kW,62000,174,23:40.8,2.2,3.6,10,N,-0.2613747124572632,-5.836428830627463,326,115,0.0,18.0,207.0,,,,101,165,161,50,2
21/04/2023 07:23,84,45.7,95,12.5,99.23,-376,11760,3,74,3.78,3044,56,-1.9510362,43.321217,84.0623,7.945659231171109,23:23.7,7,7200.304,0101000020E61000005D3103C57137FFBFE26DFFAE1DA94540,20230421_NISSAN_DONOSTIA_ULIA_056,,d2,01:37.4,06:35.4,NISSAN_LEAF,Nissan Leaf e+ 62 kW,62000,174,23:40.8,2.2,3.6,10,N,-0.7397436944634704,1.8578544604998068,326,115,0.0,18.0,207.0,,,,101,165,161,50,2
21/04/2023 07:23,85,35.1,95,12.5,99.23,-376,0,3,74,2.75,2552,56,-1.9498647,43.321255,85.28815,8.040531396408603,23:31.7,7,7200.252,0101000020E61000005616C259A532FFBF1AC42CD11EA94540,20230421_NISSAN_DONOSTIA_ULIA_056,,d2,01:37.4,06:35.4,NISSAN_LEAF,Nissan Leaf e+ 62 kW,62000,174,23:40.8,2.2,3.6,10,N,-0.7598030026457581,2.1842665518135256,326,115,0.0,18.0,207.0,,,,101,165,161,25,2
21/04/2023 07:23,86,39.6,95,12.5,99.23,-376,3120,3,74,2.27,2611,56,-1.9488684,43.321293,86.57781999999999,8.121249386441338,23:39.8,7,7200.213000000001,0101000020E6100000E94F75AA902EFFBF80B2B32520A94540,20230421_NISSAN_DONOSTIA_ULIA_056,,d2,01:37.4,06:35.4,NISSAN_LEAF,Nissan Leaf e+ 62 kW,62000,174,23:40.8,2.2,3.6,10,N,-0.7544119593513315,2.096502605440247,326,115,0.0,18.0,207.0,,,,101,165,161,50,2
21/04/2023 07:23,87,40.5,95,12.5,99.23,-377,0,3,74,-2.67,2866,56,-1.9475845,43.32134,87.79298399999999,8.225250597033853,23:48.8,7,7200.156999999999,0101000020E6100000C11F29594E29FFBF074A209221A94540,20230421_NISSAN_DONOSTIA_ULIA_056,,d2,01:37.4,06:35.4,NISSAN_LEAF,Nissan Leaf e+ 62 kW,62000,174,23:40.8,2.2,3.6,10,N,-0.6736266230144566,0.7846710662253126,326,115,0.0,18.0,207.0,,,,101,165,161,50,2
21/04/2023 07:23,88,34.2,95,12.5,99.23,-391,0,3,74,-1.94,2437,56,-1.9465623,43.321354,88.27301,8.307958758381325,23:56.9,7,7200.107,0101000020E610000064D622761E25FFBFBAE6202122A94540,20230421_NISSAN_DONOSTIA_ULIA_056,,d2,01:37.4,06:35.4,NISSAN_LEAF,Nissan Leaf e+ 62 kW,62000,174,23:40.8,2.2,3.6,10,N,-0.569475684463157,-0.8982810957942466,326,115,0.0,18.0,207.0,,,,101,165,161,8,2
21/04/2023 07:24,86,25.9,95,12.5,99.23,-409,0,3,74,-0.81,1882,56,-1.9456694,43.32134,86.63110999999999,8.380226420837893,24:04.9,7,7200.056,0101000020E6100000CB217E4B7621FFBF1BC5F9AC21A94540,20230421_NISSAN_DONOSTIA_ULIA_056,,d2,01:37.4,06:35.4,NISSAN_LEAF,Nissan Leaf e+ 62 kW,62000,174,23:40.8,2.2,3.6,10,N,0.1273463964294841,-12.027203777698007,326,115,0.0,18.0,207.0,,,,101,165,161,8,2
21/04/2023 07:24,88,10.0,95,12.5,99.23,-421,0,3,74,-2.73,1247,56,-1.9449278000000003,43.321182,88.54664,8.442768075904594,24:14.0,7,7199.996,0101000020E61000009A7686916C1EFFBFA3F095741CA94540,20230421_NISSAN_DONOSTIA_ULIA_056,,d2,01:37.4,06:35.4,NISSAN_LEAF,Nissan Leaf e+ 62 kW,62000,174,23:40.8,2.2,3.6,10,N,1.0526165511178838,-27.001305027246925,326,115,0.0,18.0,207.0,,,,101,165,161,55,1
21/04/2023 07:24,88,26.8,95,12.5,99.23,-423,80,3,74,-3.75,1811,56,-1.9445981,43.321014,88.7413,8.475331584747027,24:22.1,7,7199.9490000000005,0101000020E61000005C7D34D4121DFFBFF22C1AFE16A94540,20230421_NISSAN_DONOSTIA_ULIA_056,,d2,01:37.4,06:35.4,NISSAN_LEAF,Nissan Leaf e+ 62 kW,62000,174,23:40.8,2.2,3.6,10,N,0.4613952466866378,-17.363587533426127,326,115,0.0,18.0,207.0,,,,101,165,161,55,1
21/04/2023 07:24,88,2.5,95,12.5,99.23,-437,0,3,74,-1.62,400,56,-1.9440864,43.320854,88.19193,8.520391145972534,24:31.1,7,7199.917,0101000020E6100000AC9CDE64FA1AFFBF61EFDBB911A94540,20230421_NISSAN_DONOSTIA_ULIA_056,,d2,01:37.4,06:35.4,NISSAN_LEAF,Nissan Leaf e+ 62 kW,62000,174,23:40.8,2.2,3.6,10,N,-0.6251334396009492,0.0,326,115,0.0,18.0,207.0,,,,101,165,161,50,1
21/04/2023 07:24,89,0.0,95,12.5,99.23,-437,0,3,74,0.0,0,56,-1.944084,43.320854,89.45085999999999,8.52166495912203,24:39.2,7,7199.847,0101000020E610000078397CEDF71AFFBF0AD984B111A94540,20230421_NISSAN_DONOSTIA_ULIA_056,,d2,01:37.4,06:35.4,NISSAN_LEAF,Nissan Leaf e+ 62 kW,62000,174,23:40.8,2.2,3.6,10,N,0.6251334396009488,180.0,326,115,0.0,18.0,207.0,,,,101,165,161,50,1
21/04/2023 07:24,89,0.0,95,12.5,99.23,-437,0,3,74,0.0,0,56,-1.9440854,43.320854,89.61482,8.52186423209753,24:48.2,7,7199.797,0101000020E6100000B4847942F91AFFBFC83745B111A94540,20230421_NISSAN_DONOSTIA_ULIA_056,,d2,01:37.4,06:35.4,NISSAN_LEAF,Nissan Leaf e+ 62 kW,62000,174,23:40.8,2.2,3.6,10,N,0.8178674345756582,-23.13142081395293,326,115,0.0,18.0,207.0,,,,101,165,161,50,1
21/04/2023 07:24,90,29.5,95,12.5,99.23,-437,1240,3,74,1.09,1593,56,-1.9437249,43.3207,90.53759,8.555695950178915,24:56.3,7,7199.738,0101000020E61000006D91713B7F19FFBFB12AD4CE0CA94540,20230421_NISSAN_DONOSTIA_ULIA_056,,d2,01:37.4,06:35.4,NISSAN_LEAF,Nissan Leaf e+ 62 kW,62000,174,25:56.2,2.2,3.6,10,N,0.2917200644261408,-14.647965257387916,326,115,0.0,18.0,207.0,,,,101,165,161,8,1
21/04/2023 07:25,89,34.6,95,12.5,99.23,-444,0,3,73,-1.03,2295,56,-1.9427952,43.320457,89.26234000000001,8.635622765351158,25:04.3,7,7199.706999999999,0101000020E6100000636B2A5EB015FFBF72EAADB404A94540,20230421_NISSAN_DONOSTIA_ULIA_056,,d2,01:37.4,06:35.4,NISSAN_LEAF,Nissan Leaf e+ 62 kW,62000,174,25:56.2,2.2,3.6,10,N,0.2400285785268181,-13.823009584916791,326,115,0.0,18.0,207.0,,,,101,165,161,8,1
21/04/2023 07:25,88,35.0,95,12.5,99.23,-451,0,3,73,1.97,2302,56,-1.9418523,43.320225,88.981316,8.716145781556273,25:13.4,7,7199.647,0101000020E6100000EFB19BB1D311FFBF215FC82DFDA84540,20230421_NISSAN_DONOSTIA_ULIA_056,,d2,01:37.4,06:35.4,NISSAN_LEAF,Nissan Leaf e+ 62 kW,62000,174,25:56.2,2.2,3.6,10,N,0.1701768974655694,-12.709459167348523,326,115,0.0,18.0,207.0,,,,101,165,161,50,1
21/04/2023 07:25,88,40.2,95,12.5,99.23,-454,0,3,73,-0.83,2586,56,-1.9408724,43.320004,88.55539,8.79914028330697,25:21.4,7,7199.597,0101000020E61000006A061443D00DFFBF872178D5F5A84540,20230421_NISSAN_DONOSTIA_ULIA_056,,d2,01:37.4,06:35.4,NISSAN_LEAF,Nissan Leaf e+ 62 kW,62000,174,25:56.2,2.2,3.6,10,N,-0.1099934018559304,-8.249128151400127,326,115,0.0,18.0,207.0,,,,101,165,161,25,1
21/04/2023 07:25,85,28.9,95,12.5,99.23,-465,0,3,72,-3.11,2276,56,-1.9397136,43.319836,85.43004,8.894779264808479,25:30.4,7,7199.557,0101000020E61000005279731B1109FFBF006C185EF0A84540,20230421_NISSAN_DONOSTIA_ULIA_056,,d2,01:37.4,06:35.4,NISSAN_LEAF,Nissan Leaf e+ 62 kW,62000,174,25:56.2,2.2,3.6,10,N,-0.0770006231612633,-8.774403558067728,326,115,0.0,18.0,207.0,,,,101,165,161,45,1
21/04/2023 07:25,77,22.6,95,12.5,99.23,-473,3960,3,72,-0.31,1511,56,-1.9391953,43.319756,77.96979,8.938286467880458,25:38.5,7,7199.517,0101000020E6100000620A4EADF106FFBF4073BFCBEDA84540,20230421_NISSAN_DONOSTIA_ULIA_056,,d2,01:37.4,06:35.4,NISSAN_LEAF,Nissan Leaf e+ 62 kW,62000,174,25:56.2,2.2,3.6,10,N,-1.6253207750138303,16.838550059604135,326,115,0.0,18.0,207.0,,,,101,165,161,8,1
21/04/2023 07:25,75,32.2,95,12.5,99.23,-473,0,3,72,-3.19,2257,56,-1.9385543,43.31995,76.62165,8.994466355468445,25:45.5,7,7200.477,0101000020E61000001A3D638C5104FFBFCA1B412BF4A84540,20230421_NISSAN_DONOSTIA_ULIA_056,,d2,01:37.4,06:35.4,NISSAN_LEAF,Nissan Leaf e+ 62 kW,62000,174,25:56.2,2.2,3.6,10,N,-0.3821337510058833,-3.906673003601043,326,115,0.0,18.0,207.0,,,,101,165,161,8,1
21/04/2023 07:25,75,22.7,95,12.5,99.23,-481,2440,3,72,0.05,1554,56,-1.9377782,43.319897,75.33782,9.057540433063833,25:54.6,7,7200.419,0101000020E6100000C3002BBF2301FFBFF0272756F2A84540,20230421_NISSAN_DONOSTIA_ULIA_056,,d2,01:37.4,06:35.4,NISSAN_LEAF,Nissan Leaf e+ 62 kW,62000,174,25:56.2,2.2,3.6,10,N,-1.5190508192544812,14.95830151199314,326,115,0.0,18.0,207.0,,,,101,165,161,55,1
21/04/2023 07:26,72,35.1,95,12.5,99.23,-481,11280,3,72,0.0,2306,56,-1.9371681,43.32006,73.18172,9.110163247588783,26:02.6,7,7200.388000000001,0101000020E61000003210B808A4FEFEBFC6E45DC6F7A84540,20230421_NISSAN_DONOSTIA_ULIA_056,,d2,01:37.4,06:35.4,NISSAN_LEAF,Nissan Leaf e+ 62 kW,62000,174,25:56.2,2.2,3.6,10,N,-1.279179554311648,10.813526866924803,326,115,0.0,18.0,207.0,,,,101,165,161,55,1
21/04/2023 07:26,70,41.7,95,12.5,99.23,-481,0,3,72,5.69,2795,56,-1.9361053,43.320263,70.619896,9.199092047224529,26:10.7,7,7200.316999999999,0101000020E6100000706F618849FAFEBFC2DC1563FEA84540,20230421_NISSAN_DONOSTIA_ULIA_056,,d2,01:37.4,06:35.4,NISSAN_LEAF,Nissan Leaf e+ 62 kW,62000,174,25:56.2,2.2,3.6,10,N,-1.5805626956001768,16.042976569838483,326,115,0.0,18.0,207.0,,,,101,165,161,8,1
21/04/2023 07:26,67,44.9,95,12.5,99.23,-481,0,3,72,-0.94,3185,56,-1.9348186,43.320633,67.935585,9.311050767604176,26:19.7,7,7200.278,0101000020E610000008B08E5804F5FEBF0396C9810AA94540,20230421_NISSAN_DONOSTIA_ULIA_056,,d2,01:37.4,06:35.4,NISSAN_LEAF,Nissan Leaf e+ 62 kW,62000,174,25:56.2,2.2,3.6,10,N,-1.6718625063139538,17.67180245011669,326,115,0.0,18.0,207.0,,,,101,165,161,8,1
21/04/2023 07:26,67,42.0,95,12.5,99.23,-481,3760,3,72,2.38,2973,56,-1.9337169,43.320984,67.51659000000001,9.40834715134715,26:27.8,7,7200.1990000000005,0101000020E6100000C8B9A81181F0FEBF924272FE15A94540,20230421_NISSAN_DONOSTIA_ULIA_056,,d2,01:37.4,06:35.4,NISSAN_LEAF,Nissan Leaf e+ 62 kW,62000,174,25:56.2,2.2,3.6,10,N,-1.2056401467268951,9.566459591069847,326,115,0.0,18.0,207.0,,,,101,165,161,25,1
21/04/2023 07:26,69,47.0,95,12.5,99.23,-481,0,3,72,-1.12,3223,56,-1.9323344,43.321217,69.38618000000001,9.523163571842147,26:36.8,7,7200.166,0101000020E6100000E1EA1378D7EAFEBFD35161A91DA94540,20230421_NISSAN_DONOSTIA_ULIA_056,,d2,01:37.4,06:35.4,NISSAN_LEAF,Nissan Leaf e+ 62 kW,62000,174,25:56.2,2.2,3.6,10,N,-0.7755777644395475,2.4412407813501087,373,104,94.0,47.0,116.0,,,,116,257,116,50,1
21/04/2023 07:26,69,51.7,95,12.5,99.23,-483,10120,3,72,3.78,3083,56,-1.9309036,43.321278,69.86045,9.639109616105145,26:45.9,7,7200.116,0101000020E6100000BBEAA020FBE4FEBFCC555F9B1FA94540,20230421_NISSAN_DONOSTIA_ULIA_056,,d2,01:37.4,06:35.4,NISSAN_LEAF,Nissan Leaf e+ 62 kW,62000,174,25:56.2,2.2,3.6,10,N,-0.4883961539957124,-2.2028900343065154,326,115,0.0,18.0,207.0,,,,101,165,161,8,2
21/04/2023 07:26,67,56.8,95,12.5,99.23,-483,2920,3,72,1.2,3864,56,-1.9293958,43.32122,68.13717,9.761267670211549,26:53.9,7,7200.068,0101000020E610000083492B14CEDEFEBF464F47CF1DA94540,20230421_NISSAN_DONOSTIA_ULIA_056,,d2,01:37.4,06:35.4,NISSAN_LEAF,Nissan Leaf e+ 62 kW,62000,174,25:56.2,2.2,3.6,10,N,-0.4923114497759998,-2.139989938839407,326,115,0.0,18.0,207.0,,,,101,165,161,25,2
21/04/2023 07:27,65,55.6,95,12.5,99.23,-485,0,3,71,3.38,3794,56,-1.9278704,43.321163,65.577034,9.884856263636015,27:02.0,7,7200.035,0101000020E6100000AA563C9A8ED8FEBF9BC1FAD91BA94540,20230421_NISSAN_DONOSTIA_ULIA_056,,d2,01:37.4,06:35.4,NISSAN_LEAF,Nissan Leaf e+ 62 kW,62000,174,25:56.2,2.2,3.6,10,N,-0.9014402911677286,4.501188166352855,326,115,0.0,18.0,207.0,,,,101,165,161,25,2
21/04/2023 07:27,64,59.6,95,12.5,99.23,-485,80,3,71,-0.19,4076,56,-1.9260793,43.321304,64.735985,10.030597973414837,27:11.0,7,7199.978,0101000020E610000020C2107438D1FEBFC8388A7D20A94540,20230421_NISSAN_DONOSTIA_ULIA_056,,d2,01:37.4,06:35.4,NISSAN_LEAF,Nissan Leaf e+ 62 kW,62000,174,25:56.2,2.2,3.6,10,N,-0.9445018303240252,5.2102385558973054,326,115,0.0,18.0,207.0,,,,101,165,161,30,2
21/04/2023 07:27,64,55.7,95,12.5,99.23,-485,0,3,72,-1.28,4078,56,-1.9244782,43.32145,64.61431999999999,10.161134357154003,27:19.1,7,7199.937,0101000020E610000071AE4799A9CAFEBFE81ACA4425A94540,20230421_NISSAN_DONOSTIA_ULIA_056,,d2,01:37.4,06:35.4,NISSAN_LEAF,Nissan Leaf e+ 62 kW,62000,174,28:40.9,2.2,3.6,10,N,-0.4782249942227366,-2.3662479913973127,326,115,0.0,18.0,207.0,,,,101,165,161,30,2
21/04/2023 07:27,63,32.6,95,12.5,99.23,-494,0,3,72,-0.69,2526,56,-1.9231714,43.321396,63.023575,10.267031742803688,27:27.1,7,7199.897,0101000020E6100000B4F00F584FC5FEBFD07B8A7D23A94540,20230421_NISSAN_DONOSTIA_ULIA_056,,d2,01:37.4,06:35.4,NISSAN_LEAF,Nissan Leaf e+ 62 kW,62000,174,28:40.9,2.2,3.6,10,N,0.2013882044023788,-13.206866909044711,326,115,0.0,18.0,207.0,,,,101,165,161,10,2
21/04/2023 07:27,63,11.0,95,12.5,99.23,-496,0,3,72,-4.0,1409,56,-1.9223362,43.3212,63.6433,10.338027120276832,27:36.2,7,7199.806,0101000020E6100000A324C7A7E3C1FEBF4646B0121DA94540,20230421_NISSAN_DONOSTIA_ULIA_056,,d2,01:37.4,06:35.4,NISSAN_LEAF,Nissan Leaf e+ 62 kW,62000,174,28:40.9,2.2,3.6,10,N,3.117101911360061,-69.9812396063301,326,115,0.0,18.0,207.0,,,,101,165,161,55,2
21/04/2023 07:27,64,18.7,95,12.5,99.23,-498,2160,3,72,-0.06,1338,56,-1.9222422,43.320942,64.112434,10.36770982895517,27:44.2,7,7199.7880000000005,0101000020E6100000AF68B80D81C1FEBFA17D5CA614A94540,20230421_NISSAN_DONOSTIA_ULIA_056,,d2,01:37.4,06:35.4,NISSAN_LEAF,Nissan Leaf e+ 62 kW,62000,174,28:40.9,2.2,3.6,10,N,0.5302521146360382,-18.470041167331686,326,115,0.0,18.0,207.0,,,,101,165,161,55,2
21/04/2023 07:27,63,36.6,95,12.5,99.23,-498,7280,3,72,-0.7,2330,56,-1.9215566,43.320713,63.63374,10.428740655896059,27:52.2,7,7199.752,0101000020E61000001070B517B2BEFEBF808EDF2E0DA94540,20230421_NISSAN_DONOSTIA_ULIA_056,,d2,01:37.4,06:35.4,NISSAN_LEAF,Nissan Leaf e+ 62 kW,62000,174,28:40.9,2.2,3.6,10,N,0.9750824255238366,-25.71522382752844,326,115,0.0,18.0,207.0,,,,101,165,161,50,2
21/04/2023 07:28,64,34.7,95,12.5,99.23,-505,0,3,72,-1.97,2393,56,-1.9205433,43.320225,64.07454,10.527047862721519,28:01.3,7,7199.701,0101000020E610000007C83C978BBAFEBF4DA55025FDA84540,20230421_NISSAN_DONOSTIA_ULIA_056,,d2,01:37.4,06:35.4,NISSAN_LEAF,Nissan Leaf e+ 62 kW,62000,174,28:40.9,2.2,3.6,10,N,0.973713628707124,-25.692594054293515,326,115,0.0,18.0,207.0,,,,101,165,161,8,2
21/04/2023 07:28,64,37.8,95,12.5,99.23,-511,0,3,72,-1.05,2609,56,-1.9197493000000003,43.319843,64.22753,10.604055328960275,28:09.3,7,7199.661999999999,0101000020E6100000796595F24AB7FEBFE2791890F0A84540,20230421_NISSAN_DONOSTIA_ULIA_056,,d2,01:37.4,06:35.4,NISSAN_LEAF,Nissan Leaf e+ 62 kW,62000,174,28:40.9,2.2,3.6,10,N,0.9710057142474876,-25.64783257454783,326,115,0.0,18.0,207.0,,,,101,165,161,8,2
21/04/2023 07:28,62,37.1,95,12.5,99.23,-513,1120,3,72,0.67,2435,56,-1.9189308,43.31945,62.71404,10.683405355428798,28:17.4,7,7199.611999999999,0101000020E61000008D2313C0F0B3FEBF7C9BDFB6E3A84540,20230421_NISSAN_DONOSTIA_ULIA_056,,d2,01:37.4,06:35.4,NISSAN_LEAF,Nissan Leaf e+ 62 kW,62000,174,28:40.9,2.2,3.6,10,N,0.738266245740257,-21.83382846299706,326,115,0.0,18.0,207.0,,,,101,165,161,8,2
21/04/2023 07:28,61,38.6,95,12.5,99.23,-513,6440,3,72,-1.03,2727,56,-1.917895,43.319035,61.131554,10.779079723157878,28:26.4,7,7199.552,0101000020E6100000AA4F1D96B2AFFEBFBA8DE617D6A84540,20230421_NISSAN_DONOSTIA_ULIA_056,,d2,01:37.4,06:35.4,NISSAN_LEAF,Nissan Leaf e+ 62 kW,62000,174,28:40.9,2.2,3.6,10,N,0.7344595666757175,-21.771934666897195,326,115,0.0,18.0,207.0,,,,101,165,161,25,2
21/04/2023 07:28,60,26.2,95,12.5,99.23,-522,3920,3,72,8.38,1417,56,-1.9172916,43.318794,60.752518,10.834767724376938,28:33.5,7,7200.45,0101000020E6100000647B08013AADFEBFC284253ECEA84540,20230421_NISSAN_DONOSTIA_ULIA_056,,d2,01:37.4,06:35.4,NISSAN_LEAF,Nissan Leaf e+ 62 kW,62000,174,28:40.9,2.2,3.6,10,N,0.7147284658014291,-21.45134292589297,326,115,0.0,18.0,207.0,,,,101,165,161,25,2
21/04/2023 07:28,60,39.4,95,12.5,99.23,-522,6800,3,72,2.91,2579,56,-1.9165052,43.318485,60.22436,10.907074654759725,28:41.5,7,7200.469,0101000020E6100000E187085001AAFEBFBD682926C4A84540,20230421_NISSAN_DONOSTIA_ULIA_056,,d2,01:37.4,06:35.4,NISSAN_LEAF,Nissan Leaf e+ 62 kW,62000,174,28:40.9,2.2,3.6,10,N,0.6822032290580722,-20.923658556425497,326,115,0.0,18.0,207.0,,,,101,165,161,25,2
21/04/2023 07:28,57,38.4,95,12.5,99.23,-522,1840,3,72,-0.83,2615,56,-1.915459,43.318085,58.062836,11.002712171778267,28:50.6,7,7200.409000000001,0101000020E6100000C4905D5AB8A5FEBFEDBF400DB7A84540,20230421_NISSAN_DONOSTIA_ULIA_056,,d2,01:37.4,06:35.4,NISSAN_LEAF,Nissan Leaf e+ 62 kW,62000,174,28:40.9,2.2,3.6,10,N,0.7400970058988584,-21.86360025889018,373,104,94.0,47.0,116.0,,,,116,257,116,50,2
21/04/2023 07:28,57,42.0,95,12.5,99.23,-522,3520,3,72,-0.73,2875,56,-1.9144746,43.31769,57.287617,11.093663130925835,28:58.6,7,7200.361,0101000020E6100000E9810822B0A1FEBF0276FB21AAA84540,20230421_NISSAN_DONOSTIA_ULIA_056,,d2,01:37.4,06:35.4,NISSAN_LEAF,Nissan Leaf e+ 62 kW,62000,174,28:40.9,2.2,3.6,10,N,0.6162442785458421,-19.8563737133904,373,104,94.0,47.0,116.0,,,,116,257,116,50,2
21/04/2023 07:29,58,24.4,95,12.5,99.23,-522,960,3,72,0.0,2047,56,-1.9136245,43.317383,58.118523,11.170447918611849,29:06.7,7,7200.32,0101000020E6100000E1E8D7C0349EFEBF4C3BBEF99FA84540,20230421_NISSAN_DONOSTIA_ULIA_056,,d2,01:37.4,06:35.4,NISSAN_LEAF,Nissan Leaf e+ 62 kW,62000,174,28:40.9,2.2,3.6,10,N,2.1211467871108978,-46.10078595237345,373,104,94.0,47.0,116.0,,,,116,257,116,20,2
21/04/2023 07:29,59,27.7,95,12.5,99.23,-522,1760,3,72,0.58,2139,56,-1.9132723000000005,43.317017,59.64486,11.220151925640563,29:14.7,7,7200.28,0101000020E6100000BBE3735CC39CFEBF8EC3940794A84540,20230421_NISSAN_DONOSTIA_ULIA_056,,d2,01:37.4,06:35.4,NISSAN_LEAF,Nissan Leaf e+ 62 kW,62000,174,28:40.9,2.2,3.6,10,N,-0.1562755479462978,-7.51201558828461,373,104,94.0,47.0,116.0,,,,116,257,116,80,2
21/04/2023 07:29,60,38.8,95,12.5,99.23,-522,2480,3,72,-1.0,2520,56,-1.9123092,43.31689,60.090656,11.29933934825917,29:23.8,7,7200.229,0101000020E6100000CC9CCC8FD198FEBF2D9DDCE98FA84540,20230421_NISSAN_DONOSTIA_ULIA_056,,d2,01:37.4,06:35.4,NISSAN_LEAF,Nissan Leaf e+ 62 kW,62000,174,28:40.9,2.2,3.6,10,N,-2.629370015786077,36.91830722796562,373,104,94.0,47.0,116.0,,,,116,257,116,40,2
21/04/2023 07:29,60,30.6,95,12.5,99.23,-527,9560,3,72,-0.75,2143,56,-1.9117036,43.317345,60.092316,11.369767676989289,29:31.8,7,7200.16,0101000020E610000042A67C775696FEBFF3E722C09EA84540,20230421_NISSAN_DONOSTIA_ULIA_056,,d2,01:37.4,06:35.4,NISSAN_LEAF,Nissan Leaf e+ 62 kW,62000,174,28:40.9,2.2,3.6,10,N,-1.966415563042,23.108521355780294,373,104,94.0,47.0,116.0,,,,116,257,116,55,2
21/04/2023 07:29,58,41.8,95,12.5,99.23,-527,25320,3,72,0.97,3200,56,-1.9108201,43.317722,58.8509,11.452639441538036,29:39.9,7,7200.121,0101000020E61000000EB48321B892FEBFC6B4BD2BABA84540,20230421_NISSAN_DONOSTIA_ULIA_056,,d2,01:37.4,06:35.4,NISSAN_LEAF,Nissan Leaf e+ 62 kW,62000,174,28:40.9,2.2,3.6,10,N,-1.8007590057736946,20.013949707729648,373,104,94.0,47.0,116.0,,,,116,257,116,80,2
21/04/2023 07:29,59,59.9,95,12.5,99.23,-527,24640,3,73,4.8,3819,56,-1.9095078,43.3182,59.470780000000005,11.57136878408663,29:47.9,7,7200.07,0101000020E6100000534E220E588DFEBF430A4EBBBAA84540,20230421_NISSAN_DONOSTIA_ULIA_056,,d2,01:37.4,06:35.4,NISSAN_LEAF,Nissan Leaf e+ 62 kW,62000,174,28:40.9,2.2,3.6,10,N,-1.6060076445974936,16.494585215294173,326,115,0.0,18.0,207.0,,,,101,165,161,80,3
21/04/2023 07:29,64,55.2,95,12.5,99.23,-527,0,3,74,-0.86,3846,56,-1.9077517,43.31872,63.88571999999999,11.724816786757119,29:57.0,7,7200.029,0101000020E61000002BDC1F9E2686FEBFCE489CD5CBA84540,20230421_NISSAN_DONOSTIA_ULIA_056,,d2,01:37.4,06:35.4,NISSAN_LEAF,Nissan Leaf e+ 62 kW,62000,174,30:56.7,2.2,3.6,10,N,-1.4519105327517634,13.785171228699433,326,115,0.0,18.0,207.0,,,,101,165,161,40,3
21/04/2023 07:30,66,54.5,95,12.5,99.23,-528,0,3,74,0.88,3803,56,-1.9062681,43.319084,66.23833499999999,11.851502019140339,30:05.0,7,7199.971,0101000020E6100000ADE8C2041380FEBF0BCF27CDD7A84540,20230421_NISSAN_DONOSTIA_ULIA_056,,d2,01:37.4,06:35.4,NISSAN_LEAF,Nissan Leaf e+ 62 kW,62000,174,30:56.7,2.2,3.6,10,N,-0.7125264886448516,1.415587830558391,488,114,0.0,28.0,335.0,,,,125,273,215,40,3
21/04/2023 07:30,66,55.3,95,12.5,99.23,-535,0,3,74,-1.06,3630,56,-1.9048113,43.31912,66.93425,11.969426004499814,30:13.1,7,7199.939,0101000020E6100000118C5E691B7AFEBF31B46CEFD8A84540,20230421_NISSAN_DONOSTIA_ULIA_056,,d2,01:37.4,06:35.4,NISSAN_LEAF,Nissan Leaf e+ 62 kW,62000,174,30:56.7,2.2,3.6,10,N,0.2831236372939414,-14.51071068460484,488,114,0.0,28.0,335.0,,,,125,273,215,80,3
21/04/2023 07:30,65,62.6,95,12.5,99.23,-539,0,3,74,1.69,4151,56,-1.9033624,43.318745,65.61076,12.093844186930458,30:21.1,7,7199.89,0101000020E61000004C3618292C74FEBFCADF1C98CCA84540,20230421_NISSAN_DONOSTIA_ULIA_056,,d2,01:37.4,06:35.4,NISSAN_LEAF,Nissan Leaf e+ 62 kW,62000,174,30:56.7,2.2,3.6,10,N,0.6564776639860952,-20.50695660317368,473,97,162.0,64.0,145.0,,,,102,337,136,40,3
21/04/2023 07:30,64,55.8,95,12.5,99.23,-547,4720,3,74,-0.78,3676,56,-1.9017502,43.318142,64.59534000000001,12.240500381796434,30:29.3,7,7199.688,0101000020E6100000F73E529D916DFEBFBB0139E0B8A84540,20230421_NISSAN_DONOSTIA_ULIA_056,,d2,01:37.4,06:35.4,NISSAN_LEAF,Nissan Leaf e+ 62 kW,62000,174,30:56.7,2.2,3.6,10,N,0.6830522279154196,-20.937420464469533,184,33,,,,148.0,36.0,0.0,0,154,30,80,2
21/04/2023 07:30,64,53.4,95,12.5,99.23,-547,14840,4,74,5.89,3835,56,-1.9004643,43.31765,64.76655,12.358038884060393,30:37.2,7,7199.757,0101000020E610000012C257444D68FEBFC8BD0FB8A8A84540,20230421_NISSAN_DONOSTIA_ULIA_056,,d2,01:37.4,06:35.4,NISSAN_LEAF,Nissan Leaf e+ 62 kW,62000,174,30:56.7,2.2,3.6,10,N,0.9098800011329178,-24.639973917222697,184,33,,,,148.0,36.0,0.0,0,154,30,30,2
21/04/2023 07:30,64,46.3,94,12.5,99.23,-547,9000,4,74,-0.34,3919,56,-1.899178,43.31706,64.759834,12.481056196644403,30:46.3,7,7199.704000000001,0101000020E6100000834DF98E0863FEBF4C6C016595A84540,20230421_NISSAN_DONOSTIA_ULIA_056,,d2,01:37.4,06:35.4,NISSAN_LEAF,Nissan Leaf e+ 62 kW,62000,174,30:56.7,2.2,3.6,10,N,1.383944204396458,-32.60829308949699,184,33,,,,148.0,36.0,0.0,0,154,30,25,2
21/04/2023 07:30,64,52.1,94,12.5,99.23,-547,14920,4,74,-0.36,4386,56,-1.8981385,43.316395,64.75997,12.59303960529598,30:54.3,7,7199.656,0101000020E6100000161D888AC65EFEBF6E5B8AA17FA84540,20230421_NISSAN_DONOSTIA_ULIA_056,,d2,01:37.4,06:35.4,NISSAN_LEAF,Nissan Leaf e+ 62 kW,62000,174,30:56.7,2.2,3.6,10,N,1.565111890753944,-35.76959720514188,184,33,,,,148.0,36.0,0.0,0,154,30,25,2
21/04/2023 07:31,64,62.0,94,12.5,99.23,-547,0,3,74,2.44,4194,56,-1.8963326,43.315094,64.67968,12.798646556892498,31:03.4,7,7199.605,0101000020E61000000BC6C7E46057FEBFE695B1F454A84540,20230421_NISSAN_DONOSTIA_ULIA_056,,d2,01:37.4,06:35.4,NISSAN_LEAF,Nissan Leaf e+ 62 kW,62000,174,30:56.7,2.2,3.6,10,N,0.948164871719134,-25.270662721539605,184,33,,,,148.0,36.0,0.0,0,154,30,8,2
21/04/2023 07:31,68,56.4,94,13.000001,99.23,-547,13160,3,74,2.73,3769,56,-1.8949684,43.31445,68.45794000000001,12.930266700905081,31:11.4,7,7199.556,0101000020E610000098AC476ACA51FEBFDDEC35E13FA84540,20230421_NISSAN_DONOSTIA_ULIA_056,,d2,01:37.4,06:35.4,NISSAN_LEAF,Nissan Leaf e+ 62 kW,62000,174,30:56.7,2.2,3.6,10,N,0.7631195278106085,-22.23827261563355,184,33,,,,148.0,36.0,0.0,0,154,30,20,2
21/04/2023 07:31,70,62.3,94,13.000001,99.23,-547,17040,3,74,-1.23,4229,56,-1.8935572,43.313873,70.94195,13.061256650567792,31:19.5,7,7199.502,0101000020E6100000E5C48DAE024CFEBF9279840E2DA84540,20230421_NISSAN_DONOSTIA_ULIA_056,,d2,01:37.4,06:35.4,NISSAN_LEAF,Nissan Leaf e+ 62 kW,62000,174,30:56.7,2.2,3.6,10,N,1.674708544241836,-37.72296050442223,184,33,,,,148.0,36.0,0.0,0,154,30,80,2
21/04/2023 07:31,73,62.0,94,13.000001,99.23,-547,19520,3,74,-1.34,4477,56,-1.8923937,43.312973,73.10945,13.198665507366343,31:27.5,7,7200.477,0101000020E6100000822E5C983E47FEBFDA1120730FA84540,20230421_NISSAN_DONOSTIA_ULIA_056,,d2,01:37.4,06:35.4,NISSAN_LEAF,Nissan Leaf e+ 62 kW,62000,174,30:56.7,2.2,3.6,10,N,2.0879237735549485,-45.44905338580853,184,33,,,,148.0,36.0,0.0,0,154,30,8,1
21/04/2023 07:31,74,59.4,94,13.000001,99.23,-547,0,3,74,3.41,3994,56,-1.8914063,43.31197,74.40254,13.335860509814843,31:35.6,7,7200.425,0101000020E6100000F7BA154C3343FEBF04BBBEA3EEA74540,20230421_NISSAN_DONOSTIA_ULIA_056,,d2,01:37.4,06:35.4,NISSAN_LEAF,Nissan Leaf e+ 62 kW,62000,174,30:56.7,2.2,3.6,10,N,0.9437742317543996,-25.19823842557492,184,33,,,,148.0,36.0,0.0,0,154,30,80,1
21/04/2023 07:31,73,62.8,94,13.000001,99.23,-547,14520,3,74,-1.34,4200,56,-1.8898761,43.31125,74.68809499999999,13.483298536755214,31:44.6,7,7200.39,0101000020E6100000B67C32C7EE3CFEBFAEB84AF6D6A74540,20230421_NISSAN_DONOSTIA_ULIA_056,,d2,01:37.4,06:35.4,NISSAN_LEAF,Nissan Leaf e+ 62 kW,62000,174,30:56.7,2.2,3.6,10,N,-0.2337576238388654,-6.277012560398728,184,33,,,,148.0,36.0,0.0,0,154,30,8,1
21/04/2023 07:31,74,71.6,94,13.000001,99.23,-547,0,3,74,2.2,4642,56,-1.8880942,43.311054,74.1823,13.629110551813401,31:52.7,7,7200.33,0101000020E6100000915E133CA235FEBF9A6ED693D0A74540,20230421_NISSAN_DONOSTIA_ULIA_056,,d2,01:37.4,06:35.4,NISSAN_LEAF,Nissan Leaf e+ 62 kW,62000,174,30:56.7,2.2,3.6,10,N,-0.7053682636912654,1.299385599994921,184,33,,,,148.0,36.0,0.0,0,154,30,80,1
21/04/2023 07:32,74,78.0,94,13.000001,99.23,-547,14520,3,74,-1.39,5260,56,-1.8860662,43.3111,74.19544,13.793275520692834,32:00.7,7,7200.276999999999,0101000020E61000006C1970B4532DFEBFFFD35B14D2A74540,20230421_NISSAN_DONOSTIA_ULIA_056,,d2,01:37.4,06:35.4,NISSAN_LEAF,Nissan Leaf e+ 62 kW,62000,174,30:56.7,2.2,3.6,10,N,-0.7621713818082061,2.222831947502231,184,33,,,,148.0,36.0,0.0,0,154,30,60,1
21/04/2023 07:32,77,59.4,94,13.000001,99.23,-561,0,3,74,-0.31,4253,56,-1.8839021,43.311184,77.63955,13.968655204820934,32:09.8,7,7200.217,0101000020E610000073D1487A7624FEBF752B8AD9D4A74540,20230421_NISSAN_DONOSTIA_ULIA_056,,d2,01:37.4,06:35.4,NISSAN_LEAF,Nissan Leaf e+ 62 kW,62000,174,30:56.7,2.2,3.6,10,N,-0.4225706897188103,-3.259037965132642,184,33,,,,148.0,36.0,0.0,0,154,30,80,1
21/04/2023 07:32,76,65.0,94,13.000001,99.23,-561,0,3,74,-1.31,4442,56,-1.8821635,43.311085,76.53528,14.109759410662795,32:17.8,7,7200.178000000001,0101000020E6100000ECBA6784571DFEBF3DA36D9ED1A74540,20230421_NISSAN_DONOSTIA_ULIA_056,,d2,01:37.4,06:35.4,NISSAN_LEAF,Nissan Leaf e+ 62 kW,62000,174,30:56.7,2.2,3.6,10,N,-1.0532729412778563,7.012229527128686,184,33,,,,148.0,36.0,0.0,0,154,30,40,1
21/04/2023 07:32,74,63.5,94,13.000001,99.23,-568,0,3,74,-1.34,4267,56,-1.8804562,43.311295,74.613,14.249869540878176,32:25.9,7,7200.128000000001,0101000020E6100000B8F22F435916FEBFF465DA81D8A74540,20230421_NISSAN_DONOSTIA_ULIA_056,,d2,01:37.4,06:35.4,NISSAN_LEAF,Nissan Leaf e+ 62 kW,62000,174,33:50.1,2.2,3.6,10,N,-2.203815162338089,27.746637674321573,184,33,,,,148.0,36.0,0.0,0,154,30,30,1
21/04/2023 07:32,73,62.4,94,13.000001,99.23,-577,0,3,74,-1.36,4502,56,-1.8788689,43.31213,73.73791,14.408346509836115,32:34.9,7,7200.088000000001,0101000020E6100000DCA679DDD80FFEBF5F07A3EDF3A74540,20230421_NISSAN_DONOSTIA_ULIA_056,,d2,01:37.4,06:35.4,NISSAN_LEAF,Nissan Leaf e+ 62 kW,62000,174,33:50.1,2.2,3.6,10,N,-2.553299563555994,35.173916134756105,184,33,,,,148.0,36.0,0.0,0,154,30,65,1
21/04/2023 07:32,71,60.1,94,13.000001,99.23,-584,11960,3,74,4.06,3984,56,-1.877694,43.312958,71.53625,14.540701281327479,32:43.0,7,7200.036999999999,0101000020E6100000C55DE5EE080BFEBF8B8F10F60EA84540,20230421_NISSAN_DONOSTIA_ULIA_056,,d2,01:37.4,06:35.4,NISSAN_LEAF,Nissan Leaf e+ 62 kW,62000,174,33:50.1,2.2,3.6,10,N,-2.532835385925569,34.713759900724334,184,33,,,,148.0,36.0,0.0,0,154,30,25,1
21/04/2023 07:32,70,62.6,94,13.000001,99.23,-584,10000,3,75,2.34,4235,56,-1.8762852,43.313934,70.98244,14.69808621159605,32:52.0,7,7199.968000000001,0101000020E6100000BA9255AE4305FEBFAD2E28F62EA84540,20230421_NISSAN_DONOSTIA_ULIA_056,,d2,01:37.4,06:35.4,NISSAN_LEAF,Nissan Leaf e+ 62 kW,62000,174,33:50.1,2.2,3.6,10,N,-2.937004081218205,44.669955843573256,184,33,,,,148.0,36.0,0.0,0,154,30,8,1
21/04/2023 07:33,70,62.7,94,13.000001,99.23,-584,0,3,75,1.55,4185,56,-1.8751765,43.31503,71.01250999999999,14.849407919500743,33:01.1,7,7199.934,0101000020E61000000D99A92DB900FEBFF03FC7EA52A84540,20230421_NISSAN_DONOSTIA_ULIA_056,,d2,01:37.4,06:35.4,NISSAN_LEAF,Nissan Leaf e+ 62 kW,62000,174,33:50.1,2.2,3.6,10,N,-3.359384052837819,58.93324125290781,184,33,,,,148.0,36.0,0.0,0,154,30,25,1
21/04/2023 07:33,70,56.6,94,13.000001,99.23,-584,1760,3,75,3.61,3956,56,-1.8744873,43.316174,70.60896,14.988299398201274,33:09.1,7,7199.884,0101000020E610000055FC5064E6FDFDBFB9DFBE5178A84540,20230421_NISSAN_DONOSTIA_ULIA_056,,d2,01:37.4,06:35.4,NISSAN_LEAF,Nissan Leaf e+ 62 kW,62000,174,33:50.1,2.2,3.6,10,N,-3.1761992214994583,51.91833670347136,184,33,,,,148.0,36.0,0.0,0,154,30,8,2
21/04/2023 07:33,71,50.5,94,13.000001,99.23,-584,4040,3,75,3.66,3691,56,-1.873652,43.317240000000005,71.01805999999999,15.12474419511203,33:17.2,7,7199.82,0101000020E6100000FEB77A747AFAFDBFE39D925C9BA84540,20230421_NISSAN_DONOSTIA_ULIA_056,,d2,01:37.4,06:35.4,NISSAN_LEAF,Nissan Leaf e+ 62 kW,62000,174,33:50.1,2.2,3.6,10,N,-1.4988092791685632,14.603473364158464,184,33,,,,148.0,36.0,0.0,0,154,30,8,2
21/04/2023 07:33,72,69.9,94,12.5,99.23,-584,17480,3,75,4.66,4355,56,-1.8718289,43.317715,72.13027,15.281411409559853,33:26.2,7,7199.77,0101000020E610000005B8E6E702F3FDBFA35200DDAAA84540,20230421_NISSAN_DONOSTIA_ULIA_056,,d2,01:37.4,06:35.4,NISSAN_LEAF,Nissan Leaf e+ 62 kW,62000,174,33:50.1,2.2,3.6,10,N,-1.4546612168121205,13.833022041847585,184,33,,,,148.0,36.0,0.0,0,154,30,8,2
21/04/2023 07:33,74,69.6,94,12.5,99.23,-584,23240,3,75,4.53,4465,56,-1.8701557,43.318127,74.36740999999999,15.42433434434224,33:34.3,7,7199.713000000001,0101000020E6100000188AB16728ECFDBFA0442263B8A84540,20230421_NISSAN_DONOSTIA_ULIA_056,,d2,01:37.4,06:35.4,NISSAN_LEAF,Nissan Leaf e+ 62 kW,62000,174,33:50.1,2.2,3.6,10,N,-2.5122321007855954,34.25414277042539,184,33,,,,148.0,36.0,0.0,0,154,30,65,2
21/04/2023 07:33,78,61.7,94,12.5,99.23,-584,10760,3,75,2.58,4288,56,-1.8686887,43.319126,78.59989,15.586945746614353,33:43.3,7,7199.683000000001,0101000020E610000036970D1A26E6FDBFC7D5D019D9A84540,20230421_NISSAN_DONOSTIA_ULIA_056,,d2,01:37.4,06:35.4,NISSAN_LEAF,Nissan Leaf e+ 62 kW,62000,174,33:50.1,2.2,3.6,10,N,-2.823241149263149,41.64985594706093,184,33,,,,148.0,36.0,0.0,0,154,30,65,2
21/04/2023 07:33,77,63.0,94,12.5,99.23,-584,0,3,76,4.17,4221,56,-1.8675992,43.320095,77.50428000000001,15.726155234645228,33:51.4,7,7199.6230000000005,0101000020E6100000B15B4CC6AFE1FDBF3405C0DFF8A84540,20230421_NISSAN_DONOSTIA_ULIA_056,,d2,01:37.4,06:35.4,NISSAN_LEAF,Nissan Leaf e+ 62 kW,62000,174,33:50.1,2.2,3.6,10,N,-2.4703601230808,33.33093145782578,184,33,,,,148.0,36.0,0.0,0,154,30,30,2
21/04/2023 07:34,79,64.3,94,12.5,99.23,-584,17000,3,76,-0.95,4172,56,-1.8662535,43.32098,79.47209000000001,15.872917527772849,34:00.4,7,7199.581999999999,0101000020E6100000514BBAA62CDCFDBF875E3ED515A94540,20230421_NISSAN_DONOSTIA_ULIA_056,,d2,01:37.4,06:35.4,NISSAN_LEAF,Nissan Leaf e+ 62 kW,62000,174,33:50.1,2.2,3.6,10,N,-2.3992644685665634,31.794611108736103,184,33,,,,148.0,36.0,0.0,0,154,30,8,2
21/04/2023 07:34,78,63.8,94,12.5,99.23,-584,18280,3,76,0.02,4394,56,-1.8649065,43.321815,78.90568499999999,16.0160777907895,34:08.5,7,7199.517,0101000020E610000072F1C746A8D6FDBF7908134A31A94540,20230421_NISSAN_DONOSTIA_ULIA_056,,d2,01:37.4,06:35.4,NISSAN_LEAF,Nissan Leaf e+ 62 kW,62000,174,33:50.1,2.2,3.6,10,N,-2.458395410038642,33.06970556389489,184,33,,,,148.0,36.0,0.0,0,154,30,65,3
21/04/2023 07:34,79,60.9,94,12.5,99.23,-588,3960,3,76,-1.14,4168,56,-1.8637516,43.322567,79.37334399999999,16.141459833524618,34:15.5,7,7200.493,0101000020E6100000AE1C6736EDD1FDBF83C7E4D149A94540,20230421_NISSAN_DONOSTIA_ULIA_056,,d2,01:37.4,06:35.4,NISSAN_LEAF,Nissan Leaf e+ 62 kW,62000,174,33:50.1,2.2,3.6,10,N,-2.4418572338562288,32.71044833783542,184,33,,,,148.0,36.0,0.0,0,154,30,65,3
21/04/2023 07:34,80,60.0,94,12.5,99.23,-588,0,3,76,-1.3,4152,56,-1.862302,43.323498,80.37858,16.297884696427094,34:24.6,7,7200.432,0101000020E61000006C398E25FDCBFDBF3129666968A94540,20230421_NISSAN_DONOSTIA_ULIA_056,,d2,01:37.4,06:35.4,NISSAN_LEAF,Nissan Leaf e+ 62 kW,62000,174,33:50.1,2.2,3.6,10,N,-2.547100001471652,35.03412290522079,184,33,,,,148.0,36.0,0.0,0,154,30,8,3
21/04/2023 07:34,81,58.3,94,12.5,99.23,-591,12400,3,76,4.16,3966,56,-1.861024,43.324394,81.0975,16.44146186834371,34:33.6,7,7200.378000000001,0101000020E61000003A0F262CC1C6FDBFC607B6B485A94540,20230421_NISSAN_DONOSTIA_ULIA_056,,d2,01:37.4,06:35.4,NISSAN_LEAF,Nissan Leaf e+ 62 kW,62000,174,33:50.1,2.2,3.6,10,N,-2.5192298475760184,34.40984278749298,184,33,,,,148.0,36.0,0.0,0,154,30,8,3
21/04/2023 07:34,82,57.8,93,12.5,99.23,-591,15360,3,76,-1.12,3909,56,-1.8598546,43.325195,82.2503,16.5713942956508,34:41.7,7,7200.339,0101000020E6100000BBC07AD7F6C1FDBF55238505A0A94540,20230421_NISSAN_DONOSTIA_ULIA_056,,d2,01:37.4,06:35.4,NISSAN_LEAF,Nissan Leaf e+ 62 kW,62000,174,33:50.1,2.2,3.6,10,N,-2.475591322821032,33.44549773300375,184,33,,,,148.0,36.0,0.0,0,154,30,8,3
21/04/2023 07:34,83,59.7,93,12.5,99.23,-591,8200,3,76,2.77,4027,56,-1.858651,43.32599,82.9784,16.7029010703061,34:49.7,7,7200.283,0101000020E6100000CF1994ED08BDFDBFF503E3FAB9A94540,20230421_NISSAN_DONOSTIA_ULIA_056,,d2,01:37.4,06:35.4,NISSAN_LEAF,Nissan Leaf e+ 62 kW,62000,174,33:50.1,2.2,3.6,10,N,-2.0587330966315784,24.88075102740587,184,33,,,,148.0,36.0,0.0,0,154,30,8,3
21/04/2023 07:34,84,55.4,93,12.5,99.23,-591,3440,3,76,3.94,3814,56,-1.8572279,43.32665,84.14777,16.839423931932462,34:58.8,7,7200.238,0101000020E61000002060FD9434B7FDBF34667399CFA94540,20230421_NISSAN_DONOSTIA_ULIA_056,,d2,01:37.4,06:35.4,NISSAN_LEAF,Nissan Leaf e+ 62 kW,62000,174,35:56.3,2.2,3.6,10,N,-1.765288501796363,19.36410914504646,184,33,,,,148.0,36.0,0.0,0,154,30,8,3
21/04/2023 07:35,85,60.5,93,12.5,99.23,-591,17280,3,77,2.78,3951,56,-1.8558536,43.327133,85.49781999999999,16.962890751179575,35:06.8,7,7200.188,0101000020E6100000A201448593B1FDBF57AC2E82DFA94540,20230421_NISSAN_DONOSTIA_ULIA_056,,d2,01:37.4,06:35.4,NISSAN_LEAF,Nissan Leaf e+ 62 kW,62000,174,35:56.3,2.2,3.6,10,N,-2.105030459872049,25.78396630038826,184,33,,,,148.0,36.0,0.0,0,154,30,8,3
21/04/2023 07:35,88,61.0,93,12.5,99.23,-591,17960,3,77,-1.12,4064,56,-1.8545184,43.327778,87.93465,17.092560269115214,35:14.9,7,7200.148,0101000020E6100000B989D17F1BACFDBF8757A094F4A94540,20230421_NISSAN_DONOSTIA_ULIA_056,,d2,01:37.4,06:35.4,NISSAN_LEAF,Nissan Leaf e+ 62 kW,62000,174,35:56.3,2.2,3.6,10,N,-2.2091877365880666,27.85485447982684,174,49,,,,70.0,103.0,1.0,0,168,6,8,3
21/04/2023 07:35,92,53.0,93,12.5,99.23,-591,7480,3,77,4.91,3661,56,-1.8531711,43.32849,92.533,17.227340262465265,35:23.9,7,7200.098000000001,0101000020E6100000F77AE9CD96A6FDBF11161FFA0BAA4540,20230421_NISSAN_DONOSTIA_ULIA_056,,d2,01:37.4,06:35.4,NISSAN_LEAF,Nissan Leaf e+ 62 kW,62000,174,35:56.3,2.2,3.6,10,N,-2.2965733524585907,29.638161383827487,174,49,,,,70.0,103.0,1.0,0,168,6,8,3
21/04/2023 07:35,92,37.3,93,12.5,99.23,-591,0,3,77,-1.0,2709,56,-1.852164,43.329063,92.298256,17.330759070448753,35:31.9,7,7200.058000000001,0101000020E6100000A9E2A7B376A2FDBF08B16DC31EAA4540,20230421_NISSAN_DONOSTIA_ULIA_056,,d2,01:37.4,06:35.4,NISSAN_LEAF,Nissan Leaf e+ 62 kW,62000,174,35:56.3,2.2,3.6,10,N,-2.413428285875082,32.09769324167049,174,49,,,,70.0,103.0,1.0,0,168,6,65,3
21/04/2023 07:35,92,36.1,93,12.5,99.23,-593,15280,3,77,3.53,2336,56,-1.8514673,43.3295,92.25073,17.405169198325876,35:40.0,7,7200.001,0101000020E6100000265047109C9FFDBF7E0170F02CAA4540,20230421_NISSAN_DONOSTIA_ULIA_056,,d2,01:37.4,06:35.4,NISSAN_LEAF,Nissan Leaf e+ 62 kW,62000,174,35:56.3,2.2,3.6,10,N,-2.007908181254794,23.900494504398267,174,49,,,,70.0,103.0,1.0,0,168,6,65,3
21/04/2023 07:35,96,62.8,93,12.5,99.23,-593,28960,3,78,8.03,3359,56,-1.8505579,43.329903,95.71224,17.491370566884214,35:48.0,7,7199.968000000001,0101000020E6100000D44CE6A8E29BFDBF4FB71D443AAA4540,20230421_NISSAN_DONOSTIA_ULIA_056,,d2,01:37.4,06:35.4,NISSAN_LEAF,Nissan Leaf e+ 62 kW,62000,174,35:56.3,2.2,3.6,10,N,-1.0640593434206775,7.191842546286817,174,49,,,,70.0,103.0,1.0,0,168,6,65,3
21/04/2023 07:35,104,59.8,93,12.5,99.23,-593,12640,3,78,1.84,3898,56,-1.8487748,43.330128,103.42656,17.63795310215851,35:57.1,7,7199.908,0101000020E61000003D43ECD89494FDBFE9E5ED9D41AA4540,20230421_NISSAN_DONOSTIA_ULIA_056,,d2,01:37.4,06:35.4,NISSAN_LEAF,Nissan Leaf e+ 62 kW,62000,174,35:56.3,2.2,3.6,10,N,-3.08674229981135,49.02906029307504,174,49,,,,70.0,103.0,1.0,0,168,6,25,3
21/04/2023 07:36,107,60.1,93,12.5,99.23,-597,0,3,78,-3.22,4240,56,-1.8478378,43.331207,106.991135,17.77990938178864,36:05.1,7,7199.858,0101000020E6100000794EA46ABE90FDBF388ADC0A65AA4540,20230421_NISSAN_DONOSTIA_ULIA_056,,d2,01:37.4,06:35.4,NISSAN_LEAF,Nissan Leaf e+ 62 kW,62000,174,35:56.3,2.2,3.6,10,N,-2.015769036174768,24.051361001405844,174,49,,,,70.0,103.0,1.0,0,168,6,25,3
21/04/2023 07:36,111,65.9,93,12.5,99.23,-614,0,3,78,-1.34,4265,56,-1.8461282,43.33197,111.79986,17.942210748538876,36:14.2,7,7199.799,0101000020E61000009CE453C5BD89FDBF8B5C0FF07DAA4540,20230421_NISSAN_DONOSTIA_ULIA_056,,d2,01:37.4,06:35.4,NISSAN_LEAF,Nissan Leaf e+ 62 kW,62000,174,35:56.3,2.2,3.6,10,N,0.0156528488388235,-10.249123611577293,174,49,,,,70.0,103.0,1.0,0,168,6,25,3
21/04/2023 07:36,112,67.2,93,12.5,99.23,-621,5560,3,78,-1.39,4557,56,-1.8443363,43.331646,112.55284,18.091556288829523,36:22.2,7,7199.759,0101000020E610000074BE4DB06682FDBFC258A35173AA4540,20230421_NISSAN_DONOSTIA_ULIA_056,,d2,01:37.4,06:35.4,NISSAN_LEAF,Nissan Leaf e+ 62 kW,62000,174,35:56.3,2.2,3.6,10,N,-0.3564196031625675,-4.318097515114536,174,49,,,,70.0,103.0,1.0,0,168,6,65,2
21/04/2023 07:36,108,61.2,93,12.5,99.23,-643,0,3,78,-2.78,4243,56,-1.842363,43.331497,108.83287,18.252062675171764,36:31.3,7,7199.718000000001,0101000020E6100000C95A4197517AFDBFCCCFFE736EAA4540,20230421_NISSAN_DONOSTIA_ULIA_056,,d2,01:37.4,06:35.4,NISSAN_LEAF,Nissan Leaf e+ 62 kW,62000,174,35:56.3,2.2,3.6,10,N,-0.7555096752483668,2.1143706215817555,174,49,,,,70.0,103.0,1.0,0,168,6,8,2
21/04/2023 07:36,107,58.9,93,12.5,99.23,-670,0,3,78,-1.28,3892,56,-1.8408191000000005,43.331554,107.929955,18.377101428112677,36:39.3,7,7199.669,0101000020E6100000710F9DC4FE73FDBF3EF52D5370AA4540,20230421_NISSAN_DONOSTIA_ULIA_056,,d2,01:37.4,06:35.4,NISSAN_LEAF,Nissan Leaf e+ 62 kW,62000,174,35:56.3,2.2,3.6,10,N,1.2457932790526145,-30.24613010750588,174,49,,,,70.0,103.0,1.0,0,168,6,25,2
21/04/2023 07:36,103,67.5,93,12.5,99.23,-670,0,3,78,-1.38,4533,56,-1.8392636,43.330647,103.632614,18.538405752800163,36:48.4,7,7199.598000000001,0101000020E6100000DBC813AC9F6DFDBF02D8659C52AA4540,20230421_NISSAN_DONOSTIA_ULIA_056,,d2,01:37.4,06:35.4,NISSAN_LEAF,Nissan Leaf e+ 62 kW,62000,174,35:56.3,2.2,3.6,10,N,0.9533006826804672,-25.355410468369037,174,49,,,,70.0,103.0,1.0,0,168,6,30,2
21/04/2023 07:36,95,66.4,93,13.000001,99.23,-690,0,3,78,-1.38,4455,56,-1.8377168,43.329914,95.73679,18.68793345411341,36:56.4,7,7199.55,0101000020E6100000E91BAFC54967FDBF8BC332A43AAA4540,20230421_NISSAN_DONOSTIA_ULIA_056,,d2,01:37.4,06:35.4,NISSAN_LEAF,Nissan Leaf e+ 62 kW,62000,174,35:56.3,2.2,3.6,10,N,0.720039671500946,-21.537603444854945,174,49,,,,70.0,103.0,1.0,0,168,6,65,2
21/04/2023 07:37,89,67.5,93,13.000001,99.23,-707,10000,3,77,0.47,4330,56,-1.8359761000000003,43.329227,89.69346,18.848232817384208,37:05.5,7,7199.505999999999,0101000020E610000028EDA3752860FDBF3745911824AA4540,20230421_NISSAN_DONOSTIA_ULIA_056,,d2,01:37.4,06:35.4,NISSAN_LEAF,Nissan Leaf e+ 62 kW,62000,174,35:56.3,2.2,3.6,10,N,-0.0003377079633227,-9.99462521082368,174,49,,,,70.0,103.0,1.0,0,168,6,8,2
21/04/2023 07:37,87,66.6,93,13.000001,99.23,-713,0,3,77,-1.38,4674,56,-1.8343362,43.328938,87.25093000000001,18.984736640972777,37:12.5,7,7200.476,0101000020E6100000CD09D9E57059FDBF108187A61AAA4540,20230421_NISSAN_DONOSTIA_ULIA_056,,d2,01:37.4,06:35.4,NISSAN_LEAF,Nissan Leaf e+ 62 kW,62000,174,35:56.3,2.2,3.6,10,N,-0.1630165292353554,-7.404623874056094,174,49,,,,70.0,103.0,1.0,0,168,6,25,2
21/04/2023 07:37,82,51.8,93,13.000001,99.23,-722,0,3,77,-2.78,3884,56,-1.8327357,43.32873,82.49279,19.116330935143292,37:20.6,7,7200.427,0101000020E6100000BE15ABA4E252FDBF92FA38EC13AA4540,20230421_NISSAN_DONOSTIA_ULIA_056,,d2,01:37.4,06:35.4,NISSAN_LEAF,Nissan Leaf e+ 62 kW,62000,174,38:41.0,2.2,3.6,10,N,-0.2284063019024388,-6.362357506364311,174,49,,,,70.0,103.0,1.0,0,168,6,25,2
21/04/2023 07:37,79,52.8,93,13.000001,99.23,-728,6640,3,77,2.73,3306,56,-1.8313456,43.328575,79.39560999999999,19.23012666931332,37:29.6,7,7200.379,0101000020E6100000DD10E50F314DFDBF92C861B50EAA4540,20230421_NISSAN_DONOSTIA_ULIA_056,,d2,01:37.4,06:35.4,NISSAN_LEAF,Nissan Leaf e+ 62 kW,62000,174,38:41.0,2.2,3.6,10,N,-0.71948612536006,1.5286119399600813,174,49,,,,70.0,103.0,1.0,0,168,6,25,1
21/04/2023 07:37,71,64.0,93,13.000001,99.23,-729,0,3,77,-1.34,4275,56,-1.8296593,43.32862,72.81864,19.366775802964632,37:37.7,7,7200.33,0101000020E6100000B916A4D94846FDBF7D022C4110AA4540,20230421_NISSAN_DONOSTIA_ULIA_056,,d2,01:37.4,06:35.4,NISSAN_LEAF,Nissan Leaf e+ 62 kW,62000,174,38:41.0,2.2,3.6,10,N,-1.3487391381840153,12.002667562743785,174,49,,,,70.0,103.0,1.0,0,168,6,55,1
21/04/2023 07:37,67,63.1,93,13.000001,99.23,-736,0,3,77,-1.34,4331,56,-1.8278061,43.329014,67.847374,19.523024459307642,37:46.7,7,7200.27,0101000020E6100000E5AD48A8B13EFDBFA332B8171DAA4540,20230421_NISSAN_DONOSTIA_ULIA_056,,d2,01:37.4,06:35.4,NISSAN_LEAF,Nissan Leaf e+ 62 kW,62000,174,38:41.0,2.2,3.6,10,N,-1.461781866169263,13.956974793087074,174,49,,,,70.0,103.0,1.0,0,168,6,55,1
21/04/2023 07:37,62,54.3,93,13.000001,99.23,-752,0,3,77,-1.27,3872,56,-1.8262409,43.329403000000006,63.242973,19.65689134424652,37:54.8,7,7200.23,0101000020E6100000FA904E5D4838FDBFEE3415E729AA4540,20230421_NISSAN_DONOSTIA_ULIA_056,,d2,01:37.4,06:35.4,NISSAN_LEAF,Nissan Leaf e+ 62 kW,62000,174,38:41.0,2.2,3.6,10,N,-1.5265977351695714,15.090857989650512,174,49,,,,70.0,103.0,1.0,0,168,6,55,1
21/04/2023 07:38,61,26.5,93,13.000001,99.23,-775,0,3,77,-6.06,2401,56,-1.8250653,43.32972,61.430416,19.758319302212747,38:02.8,7,7200.188,0101000020E61000007AC43F987733FDBF0A98F64D34AA4540,20230421_NISSAN_DONOSTIA_ULIA_056,,d2,01:37.4,06:35.4,NISSAN_LEAF,Nissan Leaf e+ 62 kW,62000,174,38:41.0,2.2,3.6,10,N,-0.2577778894360819,-5.893823442914412,174,49,,,,70.0,103.0,1.0,0,168,6,55,1
21/04/2023 07:38,59,30.1,93,13.000001,99.23,-775,400,3,77,0.66,2049,56,-1.8243194,43.329643,59.29706,19.819293354754244,38:11.9,7,7200.137,0101000020E6100000A182F27F6930FDBF04ED84C331AA4540,20230421_NISSAN_DONOSTIA_ULIA_056,,d2,01:37.4,06:35.4,NISSAN_LEAF,Nissan Leaf e+ 62 kW,62000,174,38:41.0,2.2,3.6,10,N,-3.54139654155946,90.3523492824667,174,49,,,,70.0,103.0,1.0,0,168,6,55,1
21/04/2023 07:38,57,21.4,93,13.000001,99.23,-775,1320,3,77,-0.64,1239,56,-1.8243217,43.330017,57.321407,19.86092757480077,38:19.9,7,7200.064,0101000020E6100000348FE5F76B30FDBF5772080A3EAA4540,20230421_NISSAN_DONOSTIA_ULIA_056,,d2,01:37.4,06:35.4,NISSAN_LEAF,Nissan Leaf e+ 62 kW,62000,174,38:41.0,2.2,3.6,10,N,1.58167895030171,-163.9372483199404,174,49,,,,70.0,103.0,1.0,0,168,6,55,1
21/04/2023 07:38,54,41.4,93,13.000001,99.23,-775,440,3,77,4.91,2238,56,-1.8249017,43.32985,55.163166,19.91142839054322,38:28.0,7,7200.0380000000005,0101000020E6100000797D2F17CC32FDBF6822898838AA4540,20230421_NISSAN_DONOSTIA_ULIA_056,,d2,01:37.4,06:35.4,NISSAN_LEAF,Nissan Leaf e+ 62 kW,62000,174,38:41.0,2.2,3.6,10,N,1.642654372813393,-162.85184861273532,174,49,,,,70.0,103.0,1.0,0,168,6,55,1
21/04/2023 07:38,52,38.9,93,13.000001,99.23,-775,5800,3,77,-2.94,2877,56,-1.826036,43.3295,52.315563,20.01113011181866,38:37.0,7,7199.98,0101000020E61000002B1D61877137FDBFF56AEBF82CAA4540,20230421_NISSAN_DONOSTIA_ULIA_056,,d2,01:37.4,06:35.4,NISSAN_LEAF,Nissan Leaf e+ 62 kW,62000,174,38:41.0,2.2,3.6,10,N,1.348333695876376,-168.00429198228642,174,49,,,,70.0,103.0,1.0,0,168,6,55,1
21/04/2023 07:38,49,40.8,93,13.000001,99.23,-782,7480,3,77,5.34,2588,56,-1.8270714,43.32928,50.154175,20.098405396912437,38:46.1,7,7199.927,0101000020E61000001DF26431AF3BFDBFFC27B1DB25AA4540,20230421_NISSAN_DONOSTIA_ULIA_056,,d2,01:37.4,06:35.4,NISSAN_LEAF,Nissan Leaf e+ 62 kW,62000,174,38:41.0,2.2,3.6,10,N,1.2581199789600823,-169.5446233530513,174,49,,,,70.0,103.0,1.0,0,168,6,55,1
21/04/2023 07:38,48,57.7,93,13.000001,99.23,-782,17120,3,77,2.48,3696,56,-1.8283503,43.329044,48.90589,20.20513421920704,38:54.1,7,7199.887,0101000020E61000006BCB584BEC40FDBFEDF26E1C1EAA4540,20230421_NISSAN_DONOSTIA_ULIA_056,,d2,01:37.4,06:35.4,NISSAN_LEAF,Nissan Leaf e+ 62 kW,62000,174,38:41.0,2.2,3.6,10,N,1.2846448919977227,-169.09338811658063,174,49,,,,70.0,103.0,1.0,0,168,6,85,1
21/04/2023 07:39,48,50.0,93,13.000001,99.23,-782,280,3,77,-0.97,3404,56,-1.8299124,43.328743,48.475967,20.335844986277838,39:02.2,7,7199.816999999999,0101000020E6100000B55E77485247FDBFDF60E54214AA4540,20230421_NISSAN_DONOSTIA_ULIA_056,,d2,01:37.4,06:35.4,NISSAN_LEAF,Nissan Leaf e+ 62 kW,62000,174,38:41.0,2.2,3.6,10,N,-0.3953909386973449,163.69443703390624,174,49,,,,70.0,103.0,1.0,0,168,6,55,1
21/04/2023 07:39,47,55.9,93,13.000001,99.23,-782,18480,3,77,-1.23,4043,56,-1.8313721,43.32917,47.110325,20.463110951796665,39:11.2,7,7199.766,0101000020E610000071F130D04C4DFDBFF5B6674D22AA4540,20230421_NISSAN_DONOSTIA_ULIA_056,,d2,01:37.4,06:35.4,NISSAN_LEAF,Nissan Leaf e+ 62 kW,62000,174,38:41.0,2.2,3.6,10,N,0.8418857664134903,-176.47573430824866,174,49,,,,70.0,103.0,1.0,0,168,6,55,1
21/04/2023 07:39,48,58.7,93,13.000001,99.23,-782,16200,3,77,2.84,3980,56,-1.8329958,43.32907,48.62936,20.594923969923602,39:19.3,7,7199.745,0101000020E61000000B6BD850F353FDBF009DE3021FAA4540,20230421_NISSAN_DONOSTIA_ULIA_056,,d2,01:37.4,06:35.4,NISSAN_LEAF,Nissan Leaf e+ 62 kW,62000,174,38:41.0,2.2,3.6,10,N,0.1389781722172278,172.21245609681483,174,49,,,,70.0,103.0,1.0,0,168,6,65,2
21/04/2023 07:39,49,72.6,93,13.000001,99.23,-782,11040,3,78,-1.41,4778,56,-1.8348238,43.32932,49.090168,20.74537436420945,39:27.3,7,7199.688,0101000020E61000008E74323B705BFDBF5F61E71427AA4540,20230421_NISSAN_DONOSTIA_ULIA_056,,d2,01:37.4,06:35.4,NISSAN_LEAF,Nissan Leaf e+ 62 kW,62000,174,38:41.0,2.2,3.6,10,N,-0.1628351843714637,167.40751302752253,174,49,,,,70.0,103.0,1.0,0,168,6,25,2
21/04/2023 07:39,49,76.9,93,13.000001,99.23,-782,36000,3,78,1.91,4836,56,-1.8366144,43.32972,49.378986,20.896883616867356,39:35.3,7,7199.681,0101000020E6100000072CEBBDC562FDBF34C0313F34AA4540,20230421_NISSAN_DONOSTIA_ULIA_056,,d2,01:37.4,06:35.4,NISSAN_LEAF,Nissan Leaf e+ 62 kW,62000,174,38:41.0,2.2,3.6,10,N,-0.8892297263862877,155.69945338596816,174,49,,,,70.0,103.0,1.0,0,168,6,8,2
21/04/2023 07:39,52,68.7,93,13.000001,99.23,-782,0,3,78,4.38,4720,56,-1.838302,43.330482,52.09818,21.057566916811982,39:43.4,7,7199.621,0101000020E6100000065B455FAF69FDBFE7C98D4C4DAA4540,20230421_NISSAN_DONOSTIA_ULIA_056,,d2,01:37.4,06:35.4,NISSAN_LEAF,Nissan Leaf e+ 62 kW,62000,174,38:41.0,2.2,3.6,10,N,-1.1182438530604022,151.90320300280246,174,49,,,,70.0,103.0,1.0,0,168,6,65,2
21/04/2023 07:39,64,66.5,93,13.000001,99.23,-782,14800,3,78,-1.0,4638,56,-1.8399653,43.33137,64.94333,21.224940915406773,39:52.4,7,7199.571,0101000020E610000038C5EC867F70FDBF56D91E536AAA4540,20230421_NISSAN_DONOSTIA_ULIA_056,,d2,01:37.4,06:35.4,NISSAN_LEAF,Nissan Leaf e+ 62 kW,62000,174,40:56.2,2.2,3.6,10,N,-0.6097202739797991,160.24899780533568,174,49,,,,70.0,103.0,1.0,0,168,6,25,2
21/04/2023 07:40,71,60.0,92,13.000001,99.23,-782,17280,3,79,4.61,3876,56,-1.8414024,43.331886,71.94674,21.35475614396325,40:00.5,7,7199.52,0101000020E6100000C76C37686276FDBFB36BE9357BAA4540,20230421_NISSAN_DONOSTIA_ULIA_056,,d2,01:37.4,06:35.4,NISSAN_LEAF,Nissan Leaf e+ 62 kW,62000,174,40:56.2,2.2,3.6,10,N,1.114130823215175,-171.972057067841,174,49,,,,70.0,103.0,1.0,0,168,6,8,2
21/04/2023 07:40,82,71.3,92,13.000001,99.23,-782,24960,3,79,3.38,4660,56,-1.8429339,43.33167,81.71287,21.48131183424212,40:07.5,7,7200.471,0101000020E6100000B1D16F4CA87CFDBF7AB9041974AA4540,20230421_NISSAN_DONOSTIA_ULIA_056,,d2,01:37.4,06:35.4,NISSAN_LEAF,Nissan Leaf e+ 62 kW,62000,174,40:56.2,2.2,3.6,10,N,0.126422682048485,172.01249326670612,174,49,,,,70.0,103.0,1.0,0,168,6,8,2
21/04/2023 07:40,94,72.2,92,13.000001,99.23,-782,24720,3,80,4.92,5013,56,-1.8451004,43.331974,92.6426,21.660108302894514,40:16.6,7,7200.420999999999,0101000020E6100000A81267048885FDBF56D0022E7EAA4540,20230421_NISSAN_DONOSTIA_ULIA_056,,d2,01:37.4,06:35.4,NISSAN_LEAF,Nissan Leaf e+ 62 kW,62000,174,40:56.2,2.2,3.6,10,N,0.5663209347042134,179.05087286533026,174,49,,,,70.0,103.0,1.0,0,168,6,65,3
21/04/2023 07:40,104,69.2,92,13.000001,99.23,-782,22200,3,80,4.83,4590,56,-1.8469716,43.332005,103.31338,21.811869652977418,40:24.6,7,7200.371,0101000020E6100000756E0018328DFDBFBB97A1297FAA4540,20230421_NISSAN_DONOSTIA_ULIA_056,,d2,01:37.4,06:35.4,NISSAN_LEAF,Nissan Leaf e+ 62 kW,62000,174,40:56.2,2.2,3.6,10,N,2.7675848251665944,-139.7561167753923,174,49,,,,70.0,103.0,1.0,0,168,6,25,3
21/04/2023 07:40,116,61.3,92,13.000001,99.23,-782,17040,3,80,-1.27,4299,56,-1.8481661,43.330994,114.15841,21.960495952700168,40:32.7,7,7200.33,0101000020E6100000977139901692FDBF4DC3C8F25DAA4540,20230421_NISSAN_DONOSTIA_ULIA_056,,d2,01:37.4,06:35.4,NISSAN_LEAF,Nissan Leaf e+ 62 kW,62000,174,40:56.2,2.2,3.6,10,N,2.650601489764325,-142.58466774846775,174,49,,,,70.0,103.0,1.0,0,168,6,25,3
21/04/2023 07:40,126,59.0,92,13.000001,99.23,-782,0,3,81,-4.73,4304,56,-1.8494877,43.329983,125.56253999999998,22.11604243440743,40:41.7,7,7200.283,0101000020E610000049A0FE6F8097FDBFC80548E83CAA4540,20230421_NISSAN_DONOSTIA_ULIA_056,,d2,01:37.4,06:35.4,NISSAN_LEAF,Nissan Leaf e+ 62 kW,62000,174,40:56.2,2.2,3.6,10,N,0.8092175372538664,-177.00990251010376,174,49,,,,70.0,103.0,1.0,0,168,6,25,3
21/04/2023 07:40,130,32.9,92,13.000001,99.23,-817,0,3,81,-0.97,2440,56,-1.8506938,43.32992,130.5946,22.21397810446574,40:49.8,7,7200.238,0101000020E6100000FC5AD72B719CFDBF11F122E23AAA4540,20230421_NISSAN_DONOSTIA_ULIA_056,,d2,01:37.4,06:35.4,NISSAN_LEAF,Nissan Leaf e+ 62 kW,62000,174,40:56.2,2.2,3.6,10,N,-0.6140037886703422,160.17981701317655,174,49,,,,70.0,103.0,1.0,0,168,6,65,3
21/04/2023 07:40,135,37.3,92,13.000001,99.23,-818,6160,3,81,-0.98,2454,56,-1.8515983,43.330246,135.4433,22.295770164437435,40:58.8,7,7200.187,0101000020E61000004959017C25A0FDBF5650A18445AA4540,20230421_NISSAN_DONOSTIA_ULIA_056,,d2,01:37.4,06:35.4,NISSAN_LEAF,Nissan Leaf e+ 62 kW,62000,174,40:56.2,2.2,3.6,10,N,2.5775974521164104,-144.27484524746154,174,49,,,,70.0,103.0,1.0,0,168,6,25,3
21/04/2023 07:41,139,37.8,92,13.000001,99.23,-822,0,3,80,3.52,2180,56,-1.8522184,43.3298,138.8931,22.366389165315294,41:06.9,7,7200.137,0101000020E6100000C87FA6BDAFA2FDBF7E87FAD936AA4540,20230421_NISSAN_DONOSTIA_ULIA_056,,d2,01:37.4,06:35.4,NISSAN_LEAF,Nissan Leaf e+ 62 kW,62000,174,40:56.2,2.2,3.6,10,N,3.4473354313825846,-83.25433746260832,174,49,,,,70.0,103.0,1.0,0,168,6,65,3
21/04/2023 07:41,143,52.2,92,13.000001,99.23,-822,17280,3,80,-0.53,3001,56,-1.8521317,43.329067,143.25157,22.448312201519503,41:14.9,7,7200.08,0101000020E6100000E19A7DD754A2FDBF647833E41EAA4540,20230421_NISSAN_DONOSTIA_ULIA_056,,d2,01:37.4,06:35.4,NISSAN_LEAF,Nissan Leaf e+ 62 kW,62000,174,40:56.2,2.2,3.6,10,N,2.164481241001848,-153.0408987807911,174,49,,,,70.0,103.0,1.0,0,168,6,65,3
21/04/2023 07:41,144,58.0,92,13.000001,99.23,-825,0,3,80,-3.44,3928,56,-1.8535807,43.32833,145.22593999999998,22.591339085064426,41:24.0,7,7200.026999999999,0101000020E61000000C7C4D3344A8FDBF1A1067CA06AA4540,20230421_NISSAN_DONOSTIA_ULIA_056,,d2,01:37.4,06:35.4,NISSAN_LEAF,Nissan Leaf e+ 62 kW,62000,174,40:56.2,2.2,3.6,10,N,2.2656363888423807,-150.99830057600266,174,49,,,,70.0,103.0,1.0,0,168,6,8,3
21/04/2023 07:41,141,56.3,92,13.000001,99.23,-847,0,3,80,2.95,3729,56,-1.8547767,43.327667,141.73361,22.713019161573033,41:32.0,7,7199.977,0101000020E6100000825FE0512AADFDBF219C5401F1A94540,20230421_NISSAN_DONOSTIA_ULIA_056,,d2,01:37.4,06:35.4,NISSAN_LEAF,Nissan Leaf e+ 62 kW,62000,174,40:56.2,2.2,3.6,10,N,2.0351810101380674,-155.57492463115804,174,49,,,,70.0,103.0,1.0,0,168,6,8,3
21/04/2023 07:41,138,63.8,92,13.000001,99.23,-847,0,3,80,-1.36,4356,56,-1.8563775,43.32694,138.61829,22.86569928357546,41:41.1,7,7199.938,0101000020E6100000179856E9B8B3FDBFDA09C729D9A94540,20230421_NISSAN_DONOSTIA_ULIA_056,,d2,01:37.4,06:35.4,NISSAN_LEAF,Nissan Leaf e+ 62 kW,62000,174,40:56.2,2.2,3.6,10,N,1.7899033345699582,-160.18537995762003,184,33,,,,148.0,36.0,0.0,0,154,30,8,3
21/04/2023 07:41,135,53.1,92,13.000001,99.23,-879,0,3,80,-1.25,3728,56,-1.8578207,43.32642,136.12537,22.995997249430605,41:49.1,7,7199.898,0101000020E6100000E4D2283EA2B9FDBF96040C27C8A94540,20230421_NISSAN_DONOSTIA_ULIA_056,,d2,01:37.4,06:35.4,NISSAN_LEAF,Nissan Leaf e+ 62 kW,62000,174,40:56.2,2.2,3.6,10,N,2.463223187372371,-146.82502396650088,184,33,,,,148.0,36.0,0.0,0,154,30,8,3
21/04/2023 07:41,135,58.1,92,13.000001,99.23,-885,480,3,80,-1.28,3984,56,-1.8592616,43.325478,135.09264,23.152706123119412,41:58.2,7,7199.806,0101000020E6100000BDCC621F89BFFDBF929EBE42A9A94540,20230421_NISSAN_DONOSTIA_ULIA_056,,d2,01:37.4,06:35.4,NISSAN_LEAF,Nissan Leaf e+ 62 kW,62000,174,40:56.2,2.2,3.6,10,N,2.5506001226895907,-144.88699533887117,184,33,,,,148.0,36.0,0.0,0,154,30,8,3
21/04/2023 07:42,136,67.4,92,13.000001,99.23,-885,0,3,79,3.69,4426,56,-1.8604676,43.32463,136.19666999999998,23.288387371757157,42:06.2,7,7199.767,0101000020E6100000CCC4A69979C4FDBF5D878E868DA94540,20230421_NISSAN_DONOSTIA_ULIA_056,,d2,01:37.4,06:35.4,NISSAN_LEAF,Nissan Leaf e+ 62 kW,62000,174,40:56.2,2.2,3.6,10,N,2.488061085909776,-146.2805274061792,184,33,,,,148.0,36.0,0.0,0,154,30,8,3
21/04/2023 07:42,134,65.6,92,13.000001,99.23,-885,0,3,79,-1.38,4587,56,-1.8619959,43.32361,134.93492,23.45616495308694,42:15.3,7,7199.734,0101000020E610000013DB3542BCCAFDBF779E55F36BA94540,20230421_NISSAN_DONOSTIA_ULIA_056,,d2,01:37.4,06:35.4,NISSAN_LEAF,Nissan Leaf e+ 62 kW,62000,174,40:56.2,2.2,3.6,10,N,2.474502673327401,-146.57836217189757,184,33,,,,148.0,36.0,0.0,0,154,30,8,3
21/04/2023 07:42,132,69.3,92,13.000001,99.23,-885,0,3,79,-1.27,4586,56,-1.8633794,43.322697,132.8302,23.607281664872506,42:23.3,7,7199.674,0101000020E610000021B1CAEB66D0FDBFF3978A2D4EA94540,20230421_NISSAN_DONOSTIA_ULIA_056,,d2,01:37.4,06:35.4,NISSAN_LEAF,Nissan Leaf e+ 62 kW,62000,174,43:40.9,2.2,3.6,10,N,2.441055066645059,-147.30692408904972,184,33,,,,148.0,36.0,0.0,0,154,30,65,3
21/04/2023 07:42,132,79.7,92,13.000001,99.23,-885,10800,3,79,3.28,5301,56,-1.8649328,43.3217,132.11935,23.774857880688955,42:31.4,7,7199.634,0101000020E6100000EF4863C6C3D6FDBF566665822DA94540,20230421_NISSAN_DONOSTIA_ULIA_056,,d2,01:37.4,06:35.4,NISSAN_LEAF,Nissan Leaf e+ 62 kW,62000,174,43:40.9,2.2,3.6,10,N,2.380845688435218,-148.59739076018224,184,33,,,,148.0,36.0,0.0,0,154,30,65,2
21/04/2023 07:42,125,63.3,92,13.000001,99.23,-895,0,3,79,-3.38,4731,56,-1.866756,43.320587,125.19835,23.967517863200342,42:40.4,7,7199.584,0101000020E6100000969ECD7A3BDEFDBF319239F308A94540,20230421_NISSAN_DONOSTIA_ULIA_056,,d2,01:37.4,06:35.4,NISSAN_LEAF,Nissan Leaf e+ 62 kW,62000,174,43:40.9,2.2,3.6,10,N,2.528337497756523,-145.3868886792998,184,33,,,,148.0,36.0,0.0,0,154,30,65,2
21/04/2023 07:42,119,73.9,92,13.000001,99.23,-908,21800,3,79,-1.42,4830,56,-1.8679774,43.319744,119.65684,24.1038282685396,42:48.5,7,7199.522,0101000020E6100000D96FFE353CE3FDBF01981263EDA84540,20230421_NISSAN_DONOSTIA_ULIA_056,,d2,01:37.4,06:35.4,NISSAN_LEAF,Nissan Leaf e+ 62 kW,62000,174,43:40.9,2.2,3.6,10,N,2.908986572572231,-136.09397609899372,184,33,,,,148.0,36.0,0.0,0,154,30,65,2
21/04/2023 07:42,112,74.6,92,13.000001,99.23,-916,0,3,79,-1.45,5089,56,-1.8692262,43.318542,113.748566,24.271474748094196,42:56.5,7,7200.482,0101000020E6100000D8BC1BCE59E8FDBFBCB541F4C5A84540,20230421_NISSAN_DONOSTIA_ULIA_056,,d2,01:37.4,06:35.4,NISSAN_LEAF,Nissan Leaf e+ 62 kW,62000,174,43:40.9,2.2,3.6,10,N,2.035465194187609,-155.5694412228533,184,33,,,,148.0,36.0,0.0,0,154,30,65,2
21/04/2023 07:43,108,65.5,92,13.000001,99.23,-936,0,3,79,-2.09,4545,56,-1.8708376,43.31781,109.30584,24.42522564236223,43:04.6,7,7200.426,0101000020E610000007CBFB64F3EEFDBF73CE7601AEA84540,20230421_NISSAN_DONOSTIA_ULIA_056,,d2,01:37.4,06:35.4,NISSAN_LEAF,Nissan Leaf e+ 62 kW,62000,174,43:40.9,2.2,3.6,10,N,1.1843701800394113,-170.7924117701906,184,33,,,,148.0,36.0,0.0,0,154,30,65,2
21/04/2023 07:43,108,63.1,92,13.000001,99.23,-945,0,3,79,-1.36,4449,56,-1.8727685,43.317497,108.801956,24.585268650528626,43:13.6,7,7200.392,0101000020E6100000F8A73818DCF6FDBF5E903EB3A3A84540,20230421_NISSAN_DONOSTIA_ULIA_056,,d2,01:37.4,06:35.4,NISSAN_LEAF,Nissan Leaf e+ 62 kW,62000,174,43:40.9,2.2,3.6,10,N,2.175559358980668,-152.81992754644062,184,33,,,,148.0,36.0,0.0,0,154,30,8,2
21/04/2023 07:43,104,66.8,92,13.000001,99.23,-945,3840,3,78,1.98,4325,56,-1.8741843,43.31677,106.39714,24.72548376366557,43:21.7,7,7200.3330000000005,0101000020E6100000B5472894A8FCFDBFF08EB4ED8BA84540,20230421_NISSAN_DONOSTIA_ULIA_056,,d2,01:37.4,06:35.4,NISSAN_LEAF,Nissan Leaf e+ 62 kW,62000,174,43:40.9,2.2,3.6,10,N,3.382439463197448,-120.02111433312022,184,33,,,,148.0,36.0,0.0,0,154,30,65,2
21/04/2023 07:43,94,66.8,92,13.5,99.23,-945,0,3,78,1.92,4595,56,-1.8749875,43.31538,95.52529,24.893501253233445,43:30.7,7,7200.291,0101000020E61000001DBE60D2F2FFFDBFCB537C5E5EA84540,20230421_NISSAN_DONOSTIA_ULIA_056,,d2,01:37.4,06:35.4,NISSAN_LEAF,Nissan Leaf e+ 62 kW,62000,174,43:40.9,2.2,3.6,10,N,3.2143932108633764,-126.76170128375097,184,33,,,,148.0,36.0,0.0,0,154,30,25,1
21/04/2023 07:43,86,55.8,92,13.000001,99.23,-951,0,3,78,3.83,3890,56,-1.8758242,43.31426,87.13958000000001,25.03549587907058,43:38.7,7,7200.253000000001,0101000020E61000003B39F3486003FEBF3E16839539A84540,20230421_NISSAN_DONOSTIA_ULIA_056,,d2,01:37.4,06:35.4,NISSAN_LEAF,Nissan Leaf e+ 62 kW,62000,174,43:40.9,2.2,3.6,10,N,2.515043483020533,-145.68335357163767,184,33,,,,148.0,36.0,0.0,0,154,30,25,1
21/04/2023 07:43,79,66.1,92,13.5,99.23,-951,0,3,78,-1.38,4611,56,-1.877257,43.313282,80.30536,25.194590228676635,43:47.8,7,7200.213000000001,0101000020E6100000033569A63E09FEBFADADE39A19A84540,20230421_NISSAN_DONOSTIA_ULIA_056,,d2,01:37.4,06:35.4,NISSAN_LEAF,Nissan Leaf e+ 62 kW,62000,174,43:40.9,2.2,3.6,10,N,2.542569982192426,-145.06780840549425,184,33,,,,148.0,36.0,0.0,0,154,30,65,1
21/04/2023 07:43,72,64.0,92,13.5,99.23,-960,0,3,78,3.88,4210,56,-1.8785241,43.312397,74.37686,25.336819325084672,43:55.8,7,7200.158,0101000020E61000009BD1534A6F0EFEBFB8FCD599FCA74540,20230421_NISSAN_DONOSTIA_ULIA_056,,d2,01:37.4,06:35.4,NISSAN_LEAF,Nissan Leaf e+ 62 kW,62000,174,43:40.9,2.2,3.6,10,N,2.3214108875023616,-149.846592763256,184,33,,,,148.0,36.0,0.0,0,154,30,65,1
21/04/2023 07:44,67,62.1,92,13.5,99.23,-960,15400,3,78,4.38,4459,56,-1.8801336,43.311462,67.35529,25.50360191016076,44:04.9,7,7200.108,0101000020E61000007B58B6F50615FEBF34B749F5DDA74540,20230421_NISSAN_DONOSTIA_ULIA_056,,d2,01:37.4,06:35.4,NISSAN_LEAF,Nissan Leaf e+ 62 kW,62000,174,43:40.9,2.2,3.6,10,N,1.3578020868455594,-167.84167461825146,184,33,,,,148.0,36.0,0.0,0,154,30,65,1
21/04/2023 07:44,65,70.6,92,13.5,99.23,-960,19600,3,78,4.53,4534,56,-1.8817767,43.311108,65.25129,25.64226555163833,44:12.9,7,7200.05,0101000020E61000003539D2D8C11BFEBF3DD9A665D2A74540,20230421_NISSAN_DONOSTIA_ULIA_056,,d2,01:37.4,06:35.4,NISSAN_LEAF,Nissan Leaf e+ 62 kW,62000,174,43:40.9,2.2,3.6,10,N,0.4027946058678282,176.42412682246712,184,33,,,,148.0,36.0,0.0,0,154,30,65,1
21/04/2023 07:44,64,81.2,92,13.5,99.23,-960,0,3,79,4.02,5364,56,-1.884097,43.311253,64.29553,25.830693968390523,44:22.0,7,7200.009,0101000020E6100000E612CEE54225FEBFB9624224D7A74540,20230421_NISSAN_DONOSTIA_ULIA_056,,d2,01:37.4,06:35.4,NISSAN_LEAF,Nissan Leaf e+ 62 kW,62000,174,43:40.9,2.2,3.6,10,N,0.7127092078309365,-178.58144539750182,184,33,,,,148.0,36.0,0.0,0,154,30,60,1
21/04/2023 07:44,61,65.0,92,13.5,99.23,-972,0,3,79,3.09,4636,56,-1.8861161,43.311203000000006,62.03477,25.994168941202425,44:30.0,7,7199.96,0101000020E6100000DC548725882DFEBFFDC27789D5A74540,20230421_NISSAN_DONOSTIA_ULIA_056,,d2,01:37.4,06:35.4,NISSAN_LEAF,Nissan Leaf e+ 62 kW,62000,174,43:40.9,2.2,3.6,10,N,0.7861690143034243,-177.38608305416153,184,33,,,,148.0,36.0,0.0,0,154,30,60,1
21/04/2023 07:44,60,65.6,92,13.5,99.23,-972,19200,3,79,3.28,4622,56,-1.8881532,43.31111,60.97803,26.159317740859763,44:39.1,7,7199.918000000001,0101000020E61000002E20581BE035FEBF73F8EA80D2A74540,20230421_NISSAN_DONOSTIA_ULIA_056,,d2,01:37.4,06:35.4,NISSAN_LEAF,Nissan Leaf e+ 62 kW,62000,174,43:40.9,2.2,3.6,10,N,0.2327856927535955,173.70748609861718,184,33,,,,148.0,36.0,0.0,0,154,30,80,1
21/04/2023 07:44,60,65.2,92,13.5,99.23,-972,16640,3,79,3.69,4471,56,-1.8898944,43.311302000000005,60.52000400000001,26.301806983827284,44:47.2,7,7199.848000000001,0101000020E61000004E42FBEE013DFEBFC6DF6ECED8A74540,20230421_NISSAN_DONOSTIA_ULIA_056,,d2,01:37.4,06:35.4,NISSAN_LEAF,Nissan Leaf e+ 62 kW,62000,174,43:40.9,2.2,3.6,10,N,-1.1702474139047674,151.0302612114176,184,33,,,,148.0,36.0,0.0,0,154,30,8,1
21/04/2023 07:44,59,73.5,91,13.5,99.23,-972,7080,3,80,-1.42,4961,56,-1.8918163,43.312366,59.933975,26.497198396753227,44:56.2,7,7199.794,0101000020E61000009CBF2628E144FEBF443834A1FBA74540,20230421_NISSAN_DONOSTIA_ULIA_056,,d2,01:37.4,06:35.4,NISSAN_LEAF,Nissan Leaf e+ 62 kW,62000,174,45:56.3,2.2,3.6,10,N,-2.229402259593604,131.73654105591655,184,33,,,,148.0,36.0,0.0,0,154,30,80,1
21/04/2023 07:45,59,63.9,91,13.5,99.23,-978,8160,3,80,-1.36,4550,56,-1.8928342,43.313507,59.547718,26.648457996686204,45:04.3,7,7199.746,0101000020E610000006A2897D0C49FEBFE11F130721A84540,20230421_NISSAN_DONOSTIA_ULIA_056,,d2,01:37.4,06:35.4,NISSAN_LEAF,Nissan Leaf e+ 62 kW,62000,174,45:56.3,2.2,3.6,10,N,-1.0620130604328577,152.8422450835982,184,33,,,,148.0,36.0,0.0,0,154,30,8,1
21/04/2023 07:45,58,69.0,91,13.5,99.23,-987,0,3,80,-1.17,4568,56,-1.894419,43.31432,58.791107,26.805344488863717,45:13.3,7,7199.688,0101000020E6100000DA125F4A8A4FFEBFCDEEB39E3BA84540,20230421_NISSAN_DONOSTIA_ULIA_056,,d2,01:37.4,06:35.4,NISSAN_LEAF,Nissan Leaf e+ 62 kW,62000,174,45:56.3,2.2,3.6,10,N,-0.7535135917916467,157.9181196393756,184,33,,,,148.0,36.0,0.0,0,154,30,20,2
21/04/2023 07:45,58,71.0,91,13.5,99.23,-987,8200,3,80,3.81,4647,56,-1.896036,43.314976,58.089294,26.955131397823862,45:21.4,7,7199.649,0101000020E61000006983FCD32956FEBFD08CC72451A84540,20230421_NISSAN_DONOSTIA_ULIA_056,,d2,01:37.4,06:35.4,NISSAN_LEAF,Nissan Leaf e+ 62 kW,62000,174,45:56.3,2.2,3.6,10,N,-1.5874153589062685,143.83557170623178,184,33,,,,148.0,36.0,0.0,0,154,30,8,2
21/04/2023 07:45,56,82.8,91,13.000001,99.23,-987,17600,3,80,-1.47,5455,56,-1.8975546000000003,43.316086,56.832287,27.129287691994097,45:29.4,7,7199.608,0101000020E61000000FC1F24E625CFEBFCC2E777375A84540,20230421_NISSAN_DONOSTIA_ULIA_056,,d2,01:37.4,06:35.4,NISSAN_LEAF,Nissan Leaf e+ 62 kW,62000,174,45:56.3,2.2,3.6,10,N,-1.7004107499688716,141.81394073394478,184,33,,,,148.0,36.0,0.0,0,154,30,80,2
21/04/2023 07:45,55,84.4,91,13.000001,99.23,-988,0,4,80,-1.5,5538,56,-1.8985196,43.316845,55.85835600000001,27.24426114151933,45:38.4,7,7199.555,0101000020E61000007671772B5660FEBFBEFE33538EA84540,20230421_NISSAN_DONOSTIA_ULIA_056,,d2,01:37.4,06:35.4,NISSAN_LEAF,Nissan Leaf e+ 62 kW,62000,174,45:56.3,2.2,3.6,10,N,-0.6251334396009492,0.0,184,33,,,,148.0,36.0,0.0,0,154,30,25,2
21/04/2023 07:45,55,84.4,91,13.000001,99.23,-1011,0,4,80,-1.45,5135,56,-1.8985196,43.316845,55.85835600000001,27.24426114151933,45:46.5,7,7199.495,0101000020E61000007671772B5660FEBFBEFE33538EA84540,20230421_NISSAN_DONOSTIA_ULIA_056,,d2,01:37.4,06:35.4,NISSAN_LEAF,Nissan Leaf e+ 62 kW,62000,174,45:56.3,2.2,3.6,10,N,-0.6251334396009492,0.0,184,33,,,,148.0,36.0,0.0,0,154,30,25,2
21/04/2023 07:45,55,84.4,91,13.5,99.23,-1028,4400,4,80,-0.81,4646,56,-1.8985196,43.316845,55.85835600000001,27.24426114151933,45:53.5,7,7200.455,0101000020E61000007671772B5660FEBFBEFE33538EA84540,20230421_NISSAN_DONOSTIA_ULIA_056,,d2,01:37.4,06:35.4,NISSAN_LEAF,Nissan Leaf e+ 62 kW,62000,174,45:56.3,2.2,3.6,10,N,-0.7482491524408897,158.00379006368246,184,33,,,,148.0,36.0,0.0,0,154,30,25,2
21/04/2023 07:46,61,72.5,91,13.5,99.23,-1028,0,3,80,4.09,4834,56,-1.9045055,43.319263,61.336117,27.79818470099601,46:01.6,7,7200.415,0101000020E610000012DEC1C3DA78FEBF736DD696DDA84540,20230421_NISSAN_DONOSTIA_ULIA_056,,d2,01:37.4,06:35.4,NISSAN_LEAF,Nissan Leaf e+ 62 kW,62000,174,45:56.3,2.2,3.6,10,N,0.7554305009155394,-177.8869181747004,488,114,0.0,28.0,335.0,,,,125,273,215,80,3
21/04/2023 07:46,63,67.4,91,13.5,99.23,-1028,11200,3,80,2.91,4651,56,-1.9066737,43.319183,63.304306,27.973826468581088,46:10.6,7,7200.371999999999,0101000020E610000053CA874FBC81FEBFCFBE280EDBA84540,20230421_NISSAN_DONOSTIA_ULIA_056,,d2,01:37.4,06:35.4,NISSAN_LEAF,Nissan Leaf e+ 62 kW,62000,174,45:56.3,2.2,3.6,10,N,1.5146399458262236,-165.1191064053117,488,114,0.0,28.0,335.0,,,,125,273,215,80,3
21/04/2023 07:46,63,68.8,91,13.5,99.23,-1028,0,3,80,-1.2,4606,56,-1.9084387,43.318714,62.972343,28.125839747223864,46:18.7,7,7200.3330000000005,0101000020E61000002CFE4701F788FEBF96ECFFAFCBA84540,20230421_NISSAN_DONOSTIA_ULIA_056,,d2,01:37.4,06:35.4,NISSAN_LEAF,Nissan Leaf e+ 62 kW,62000,174,45:56.3,2.2,3.6,10,N,1.6253169421946858,-163.1615183057506,488,114,0.0,28.0,335.0,,,,125,273,215,40,3
21/04/2023 07:46,62,63.4,91,13.5,99.23,-1037,0,3,80,-3.86,4578,56,-1.9103551,43.318134,63.630997,28.293757143388344,46:27.9,7,7200.142,0101000020E61000009D844E8BD090FEBF1154BA9CB8A84540,20230421_NISSAN_DONOSTIA_ULIA_056,,d2,01:37.4,06:35.4,NISSAN_LEAF,Nissan Leaf e+ 62 kW,62000,174,45:56.3,2.2,3.6,10,N,1.653651422678445,-162.654981544565,473,97,162.0,64.0,145.0,,,,102,337,136,80,2
21/04/2023 07:46,63,29.4,91,13.5,99.23,-1082,0,3,80,-1.95,2564,56,-1.911623,43.317738,63.344326,28.405383507555307,46:35.8,7,7200.236999999999,0101000020E61000007026740D0296FEBFE18DFBADABA84540,20230421_NISSAN_DONOSTIA_ULIA_056,,d2,01:37.4,06:35.4,NISSAN_LEAF,Nissan Leaf e+ 62 kW,62000,174,45:56.3,2.2,3.6,10,N,1.194982811657393,-170.61345208597933,473,97,162.0,64.0,145.0,,,,102,337,136,40,2
21/04/2023 07:46,65,41.9,91,13.5,99.23,-1082,10360,3,80,-0.77,2531,56,-1.9125183,43.31759,65.08564,28.479680731143336,46:44.8,7,7200.186,0101000020E6100000E89656C9AC99FEBF4FE262BEA6A84540,20230421_NISSAN_DONOSTIA_ULIA_056,,d2,01:37.4,06:35.4,NISSAN_LEAF,Nissan Leaf e+ 62 kW,62000,174,45:56.3,2.2,3.6,10,N,0.8677916625603495,-176.0512882562808,473,97,162.0,64.0,145.0,,,,102,337,136,40,2
21/04/2023 07:46,64,43.4,91,13.5,99.23,-1082,0,3,80,-1.11,2880,56,-1.9136338,43.317513,64.52849599999999,28.570333063764423,46:52.9,7,7200.147,0101000020E61000000B400D893E9EFEBF6D66C64DA4A84540,20230421_NISSAN_DONOSTIA_ULIA_056,,d2,01:37.4,06:35.4,NISSAN_LEAF,Nissan Leaf e+ 62 kW,62000,174,45:56.3,2.2,3.6,10,N,-0.3237276098536294,164.84074578308463,473,97,162.0,64.0,145.0,,,,102,337,136,20,2
21/04/2023 07:47,62,13.2,91,13.5,99.23,-1117,0,3,80,-0.62,1086,56,-1.9145344,43.317757,62.77731,28.64810007319777,47:01.9,7,7200.085999999999,0101000020E6100000712C04EEEEA1FEBF6F4D3749ACA84540,20230421_NISSAN_DONOSTIA_ULIA_056,,d2,01:37.4,06:35.4,NISSAN_LEAF,Nissan Leaf e+ 62 kW,62000,174,45:56.3,2.2,3.6,10,N,-0.5273996199763276,161.57585558763296,473,97,162.0,64.0,145.0,,,,102,337,136,50,2
21/04/2023 07:47,64,0.0,91,13.5,99.23,-1120,0,3,81,0.0,0,56,-1.9146935,43.31781,64.352264,28.662343784656276,47:10.0,7,7200.025,0101000020E610000003FDDC9095A2FEBFD3203307AEA84540,20230421_NISSAN_DONOSTIA_ULIA_056,,d2,01:37.4,06:35.4,NISSAN_LEAF,Nissan Leaf e+ 62 kW,62000,174,45:56.3,2.2,3.6,10,N,1.258718563909544,-30.465544900409256,473,97,162.0,64.0,145.0,,,,102,337,136,50,2
21/04/2023 07:47,65,0.0,91,13.5,99.23,-1120,0,3,81,0.0,0,56,-1.9146799,43.317802,65.47516,28.664150097867683,47:19.0,7,7199.984,0101000020E61000007E9BA86A87A2FEBF4EE7D7BAADA84540,20230421_NISSAN_DONOSTIA_ULIA_056,,d2,01:37.4,06:35.4,NISSAN_LEAF,Nissan Leaf e+ 62 kW,62000,174,48:41.0,2.2,3.6,10,N,-0.4338671649535096,163.0779633207195,473,97,162.0,64.0,145.0,,,,102,337,136,50,2
21/04/2023 07:47,66,25.8,91,13.5,99.23,-1120,6640,3,81,5.12,1068,56,-1.9148048,43.31784,66.14294,28.67512285538248,47:28.1,7,7199.924,0101000020E610000023F8C2680AA3FEBF223B19F9AEA84540,20230421_NISSAN_DONOSTIA_ULIA_056,,d2,01:37.4,06:35.4,NISSAN_LEAF,Nissan Leaf e+ 62 kW,62000,174,48:41.0,2.2,3.6,10,N,-0.6634880912025642,159.37954536278536,473,97,162.0,64.0,145.0,,,,102,337,136,50,2
21/04/2023 07:47,66,40.7,91,13.5,99.23,-1120,0,3,81,-1.03,2777,56,-1.9156818,43.31817,66.30471,28.755000175557555,47:36.1,7,7199.866,0101000020E6100000FC07C702A2A6FEBFAC2119C3B9A84540,20230421_NISSAN_DONOSTIA_ULIA_056,,d2,01:37.4,06:35.4,NISSAN_LEAF,Nissan Leaf e+ 62 kW,62000,174,48:41.0,2.2,3.6,10,N,-0.6279874708002702,159.95387267578946,473,97,162.0,64.0,145.0,,,,102,337,136,25,2
21/04/2023 07:47,67,36.2,91,13.5,99.23,-1122,0,3,81,-0.98,2604,56,-1.9168493,43.318596,67.36997,28.86066919457826,47:45.2,7,7199.779,0101000020E61000009C8D8C276AABFEBFA24F14CEC7A84540,20230421_NISSAN_DONOSTIA_ULIA_056,,d2,01:37.4,06:35.4,NISSAN_LEAF,Nissan Leaf e+ 62 kW,62000,174,48:41.0,2.2,3.6,10,N,-0.624827914823375,160.0049375534526,488,114,0.0,28.0,335.0,,,,125,273,215,25,2
21/04/2023 07:47,67,21.7,91,13.5,99.23,-1135,0,3,80,5.3,1422,56,-1.9174649,43.31882,67.47152,28.916352485628714,47:53.2,7,7199.754,0101000020E61000001F029F9EEFADFEBF0386C312CFA84540,20230421_NISSAN_DONOSTIA_ULIA_056,,d2,01:37.4,06:35.4,NISSAN_LEAF,Nissan Leaf e+ 62 kW,62000,174,48:41.0,2.2,3.6,10,N,-0.7477451360745219,158.01199070220105,488,114,0.0,28.0,335.0,,,,125,273,215,25,2
21/04/2023 07:48,60,44.7,91,13.5,99.23,-1135,0,3,80,3.62,2969,56,-1.918406,43.3192,60.99031,29.00366716752595,48:01.3,7,7199.703,0101000020E610000011403170CAB1FEBFF8F21370DBA84540,20230421_NISSAN_DONOSTIA_ULIA_056,,d2,01:37.4,06:35.4,NISSAN_LEAF,Nissan Leaf e+ 62 kW,62000,174,48:41.0,2.2,3.6,10,N,-0.7783719024873039,157.5132157498913,488,114,0.0,28.0,335.0,,,,125,273,215,25,2
21/04/2023 07:48,61,45.8,91,13.5,99.23,-1135,6480,3,80,2.38,3130,56,-1.9195076,43.319656,61.68600000000001,29.106202545124194,48:09.4,7,7199.643,0101000020E6100000984910984DB6FEBFC4F6A77BEAA84540,20230421_NISSAN_DONOSTIA_ULIA_056,,d2,01:37.4,06:35.4,NISSAN_LEAF,Nissan Leaf e+ 62 kW,62000,174,48:41.0,2.2,3.6,10,N,-0.995840863479633,153.9412743306968,488,114,0.0,28.0,335.0,,,,125,273,215,8,2
21/04/2023 07:48,61,35.1,91,13.5,99.23,-1135,0,3,80,-2.78,2828,56,-1.9206078,43.320194,61.147972,29.213444309247723,48:18.4,7,7199.595,0101000020E610000099525D31CFBAFEBFB6750010FCA84540,20230421_NISSAN_DONOSTIA_ULIA_056,,d2,01:37.4,06:35.4,NISSAN_LEAF,Nissan Leaf e+ 62 kW,62000,174,48:41.0,2.2,3.6,10,N,-1.049273073913718,153.05433160177583,488,114,0.0,28.0,335.0,,,,125,273,215,8,2
21/04/2023 07:48,60,11.0,91,13.5,99.23,-1143,840,3,80,-2.34,1163,56,-1.9210819,43.320435,60.564130000000006,29.2602360526017,48:26.4,7,7199.554,0101000020E6100000C6448863C0BCFEBF908FD9FD03A94540,20230421_NISSAN_DONOSTIA_ULIA_056,,d2,01:37.4,06:35.4,NISSAN_LEAF,Nissan Leaf e+ 62 kW,62000,174,48:41.0,2.2,3.6,10,N,-1.0763194308465858,152.60379305334558,488,114,0.0,28.0,335.0,,,,125,273,215,50,2
21/04/2023 07:48,63,0.7,91,13.5,99.23,-1143,1480,3,80,1.48,336,56,-1.9211996,43.320496,63.12649,29.272204118551343,48:33.5,7,7200.465999999999,0101000020E6100000A19630B73BBDFEBFAD73B60906A94540,20230421_NISSAN_DONOSTIA_ULIA_056,,d2,01:37.4,06:35.4,NISSAN_LEAF,Nissan Leaf e+ 62 kW,62000,174,48:41.0,2.2,3.6,10,N,-1.135242997146747,151.6183408973183,488,114,0.0,28.0,335.0,,,,125,273,215,50,2
21/04/2023 07:48,66,12.1,91,13.5,99.23,-1143,8040,3,79,-0.28,957,56,-1.9213051,43.320553,65.92399,29.283196761189174,48:42.5,7,7200.465999999999,0101000020E61000000BCF3B57AABDFEBF181F92DD07A94540,20230421_NISSAN_DONOSTIA_ULIA_056,,d2,01:37.4,06:35.4,NISSAN_LEAF,Nissan Leaf e+ 62 kW,62000,174,48:41.0,2.2,3.6,10,N,-1.099805471673836,152.2116609182809,488,114,0.0,28.0,335.0,,,,125,273,215,50,2
21/04/2023 07:48,65,20.1,91,13.5,99.23,-1143,6680,3,80,-0.25,1240,56,-1.921622,43.32072,65.49476,29.314854825283124,48:50.6,7,7200.426,0101000020E610000041A011C9F6BEFEBFB6C4825A0DA94540,20230421_NISSAN_DONOSTIA_ULIA_056,,d2,01:37.4,06:35.4,NISSAN_LEAF,Nissan Leaf e+ 62 kW,62000,174,48:41.0,2.2,3.6,10,N,-1.25812889938453,149.54447182538763,488,114,0.0,28.0,335.0,,,,125,273,215,50,2
21/04/2023 07:49,65,27.3,91,13.5,99.23,-1143,10040,3,80,0.0,1675,56,-1.922122,43.321014,65.23319000000001,29.36686314706336,48:59.6,7,7200.376,0101000020E61000006BB8460903C1FEBFCA29710317A94540,20230421_NISSAN_DONOSTIA_ULIA_056,,d2,01:37.4,06:35.4,NISSAN_LEAF,Nissan Leaf e+ 62 kW,62000,174,48:41.0,2.2,3.6,10,N,-1.0876290119110703,152.41507006272948,488,114,0.0,28.0,335.0,,,,125,273,215,55,2
21/04/2023 07:49,66,43.9,91,13.5,99.23,-1143,7960,3,80,3.16,2669,56,-1.9228168,43.321377000000005,66.92379,29.436082359091348,49:07.7,7,7200.325,0101000020E61000002C7F1C87DBC3FEBF5CD528D222A94540,20230421_NISSAN_DONOSTIA_ULIA_056,,d2,01:37.4,06:35.4,NISSAN_LEAF,Nissan Leaf e+ 62 kW,62000,174,48:41.0,2.2,3.6,10,N,0.3628088618485026,175.7841018899089,488,114,0.0,28.0,335.0,,,,125,273,215,30,2
21/04/2023 07:49,66,61.9,91,13.5,99.23,-1143,0,3,80,1.7,3987,56,-1.9245261,43.321503,66.84151,29.575066067432378,49:16.7,7,7200.275,0101000020E6100000510020DBDBCAFEBFF25E600427A94540,20230421_NISSAN_DONOSTIA_ULIA_056,,d2,01:37.4,06:35.4,NISSAN_LEAF,Nissan Leaf e+ 62 kW,62000,174,48:41.0,2.2,3.6,10,N,0.8840018810838433,-175.78530141372556,488,114,0.0,28.0,335.0,,,,125,273,215,30,2
21/04/2023 07:49,66,57.0,91,13.5,99.23,-1143,3480,3,80,-1.19,3950,56,-1.9261409,43.321384,66.23754,29.706366929385556,49:24.8,7,7200.236,0101000020E610000049D0DB1D79D1FEBFE101EA1123A94540,20230421_NISSAN_DONOSTIA_ULIA_056,,d2,01:37.4,06:35.4,NISSAN_LEAF,Nissan Leaf e+ 62 kW,62000,174,48:41.0,2.2,3.6,10,N,0.8869607270513084,-175.73671732502072,488,114,0.0,28.0,335.0,,,,125,273,215,30,2
21/04/2023 07:49,64,55.9,91,13.5,99.23,-1148,17320,3,79,1.12,3923,56,-1.9276165,43.321274,64.45267,29.82637571971458,49:32.8,7,7200.166,0101000020E61000001565CE5684D7FEBF307830861FA94540,20230421_NISSAN_DONOSTIA_ULIA_056,,d2,01:37.4,06:35.4,NISSAN_LEAF,Nissan Leaf e+ 62 kW,62000,174,48:41.0,2.2,3.6,10,N,0.6335209416454801,-179.86442103021346,488,114,0.0,28.0,335.0,,,,125,273,215,25,2
21/04/2023 07:49,63,51.3,91,13.5,99.23,-1148,2920,3,79,-1.16,3624,56,-1.9293069,43.32127,63.746204000000006,29.963125407613784,49:41.9,7,7200.127,0101000020E610000039E72FDF70DEFEBFE8C9585B1FA94540,20230421_NISSAN_DONOSTIA_ULIA_056,,d2,01:37.4,06:35.4,NISSAN_LEAF,Nissan Leaf e+ 62 kW,62000,174,48:41.0,2.2,3.6,10,N,0.4997195017437522,177.97904821074314,488,114,0.0,28.0,335.0,,,,125,273,215,25,2
21/04/2023 07:49,62,45.3,91,13.5,99.23,-1150,6480,3,79,-0.84,3207,56,-1.9306105,43.321316,62.67248000000001,30.068711246901856,49:49.9,7,7200.085,0101000020E6100000CE0934ECC7E3FEBFF76D45E720A94540,20230421_NISSAN_DONOSTIA_ULIA_056,,d2,01:37.4,06:35.4,NISSAN_LEAF,Nissan Leaf e+ 62 kW,62000,174,50:56.2,2.2,3.6,10,N,0.6713144690616372,-179.25278733295937,488,114,0.0,28.0,335.0,,,,125,273,215,8,2
21/04/2023 07:49,62,48.8,91,13.5,99.23,-1150,11480,3,78,4.12,3202,56,-1.9318373,43.3213,62.406837,30.167971094878002,49:58.0,7,7200.035,0101000020E61000001DB54139CEE8FEBFA3076F6220A94540,20230421_NISSAN_DONOSTIA_ULIA_056,,d2,01:37.4,06:35.4,NISSAN_LEAF,Nissan Leaf e+ 62 kW,62000,174,50:56.2,2.2,3.6,10,N,0.9426507597679268,-174.82028942107434,473,97,162.0,64.0,145.0,,,,102,337,136,50,1
21/04/2023 07:50,63,47.5,91,13.5,99.23,-1150,5560,3,78,1.88,3278,56,-1.9333817,43.32116,63.15503,30.293875801628392,50:07.0,7,7199.967,0101000020E6100000A12BC49021EFFEBF5862B9CB1BA94540,20230421_NISSAN_DONOSTIA_ULIA_056,,d2,01:37.4,06:35.4,NISSAN_LEAF,Nissan Leaf e+ 62 kW,62000,174,50:56.2,2.2,3.6,10,N,1.602951549552297,-163.55974892203795,473,97,162.0,64.0,145.0,,,,102,337,136,25,1
21/04/2023 07:50,63,50.5,91,13.5,99.23,-1150,4960,3,78,1.45,3326,56,-1.9347271,43.320763,63.666805,30.41132706931536,50:16.1,7,7199.935,0101000020E6100000C274F562A4F4FEBF9CB93DB80EA94540,20230421_NISSAN_DONOSTIA_ULIA_056,,d2,01:37.4,06:35.4,NISSAN_LEAF,Nissan Leaf e+ 62 kW,62000,174,50:56.2,2.2,3.6,10,N,1.6964543843743505,-161.88535574865622,488,114,0.0,28.0,335.0,,,,125,273,215,8,1
21/04/2023 07:50,65,43.1,91,13.5,99.23,-1155,0,3,78,-1.09,3064,56,-1.9359529,43.320362,65.458145,30.52006931120764,50:24.1,7,7199.875,0101000020E610000071E320C9A9F9FEBF4EFD7A9201A94540,20230421_NISSAN_DONOSTIA_ULIA_056,,d2,01:37.4,06:35.4,NISSAN_LEAF,Nissan Leaf e+ 62 kW,62000,174,50:56.2,2.2,3.6,10,N,1.341775616106341,-168.11681616654303,488,114,0.0,28.0,335.0,,,,125,273,215,8,1
21/04/2023 07:50,64,27.0,91,13.5,99.23,-1170,0,3,78,2.48,1910,56,-1.9370079,43.32014,64.756615,30.608917351015908,50:32.2,7,7199.815,0101000020E61000000DC70AF7FBFDFEBF73194565FAA84540,20230421_NISSAN_DONOSTIA_ULIA_056,,d2,01:37.4,06:35.4,NISSAN_LEAF,Nissan Leaf e+ 62 kW,62000,174,50:56.2,2.2,3.6,10,N,0.4662541064761058,177.4415686386882,488,114,0.0,28.0,335.0,,,,125,273,215,55,1
21/04/2023 07:50,64,22.7,91,13.5,99.23,-1170,4920,3,78,-0.2,1518,56,-1.9376793,43.320170000000005,64.26264,30.663336723323766,50:41.2,7,7199.765,0101000020E6100000511FA704BC00FFBF6B181A5DFBA84540,20230421_NISSAN_DONOSTIA_ULIA_056,,d2,01:37.4,06:35.4,NISSAN_LEAF,Nissan Leaf e+ 62 kW,62000,174,50:56.2,2.2,3.6,10,N,1.4768529370135988,-165.7802809506689,488,114,0.0,28.0,335.0,,,,125,273,215,55,1
21/04/2023 07:50,64,26.2,91,13.5,99.23,-1170,0,3,77,6.58,1504,56,-1.9383107,43.32001,64.26888000000001,30.71742538700945,50:49.3,7,7199.725,0101000020E6100000D0883A1D5203FFBF333B6F1BF6A84540,20230421_NISSAN_DONOSTIA_ULIA_056,,d2,01:37.4,06:35.4,NISSAN_LEAF,Nissan Leaf e+ 62 kW,62000,174,50:56.2,2.2,3.6,10,N,1.4657056728078486,-165.97467060805212,488,114,0.0,28.0,335.0,,,,125,273,215,55,1
21/04/2023 07:50,65,32.3,91,13.5,99.23,-1170,6680,3,77,3.08,2161,56,-1.9391754,43.319794,65.321396,30.79139394060855,50:58.3,7,7199.656,0101000020E61000007573C7C6DC06FFBF6E236FF4EEA84540,20230421_NISSAN_DONOSTIA_ULIA_056,,d2,01:37.4,06:35.4,NISSAN_LEAF,Nissan Leaf e+ 62 kW,62000,174,50:56.2,2.2,3.6,10,N,0.4733762942477887,177.5558995838448,488,114,0.0,28.0,335.0,,,,125,273,215,8,1
21/04/2023 07:51,65,45.3,91,13.5,99.23,-1170,15600,3,78,4.3,3155,56,-1.9402531000000005,43.31984,65.93531,30.878730065566256,51:06.4,7,7199.624,0101000020E61000009DC7E3D7460BFFBFE272B284F0A84540,20230421_NISSAN_DONOSTIA_ULIA_056,,d2,01:37.4,06:35.4,NISSAN_LEAF,Nissan Leaf e+ 62 kW,62000,174,50:56.2,2.2,3.6,10,N,-0.1069109279190294,168.2982095263072,488,114,0.0,28.0,335.0,,,,125,273,215,45,1
21/04/2023 07:51,65,51.7,91,13.5,99.23,-1170,13760,3,78,-1.02,3584,56,-1.9415953,43.320118,65.58031,30.991626475783544,51:14.4,7,7199.565,0101000020E610000019BD0D4FC610FFBF7F48B7ACF9A84540,20230421_NISSAN_DONOSTIA_ULIA_056,,d2,01:37.4,06:35.4,NISSAN_LEAF,Nissan Leaf e+ 62 kW,62000,174,50:56.2,2.2,3.6,10,N,-0.3300552343828943,164.7396207356451,488,114,0.0,28.0,335.0,,,,125,273,215,50,1
21/04/2023 07:51,66,30.1,91,13.5,99.23,-1174,4520,3,78,-4.03,2576,56,-1.9428855,43.32047,66.679405,31.103103608136262,51:23.5,7,7199.512,0101000020E6100000F00307160F16FFBF45BA241305A94540,20230421_NISSAN_DONOSTIA_ULIA_056,,d2,01:37.4,06:35.4,NISSAN_LEAF,Nissan Leaf e+ 62 kW,62000,174,50:56.2,2.2,3.6,10,N,-0.6504796685677459,159.59011716650318,488,114,0.0,28.0,335.0,,,,125,273,215,8,1
21/04/2023 07:51,69,3.6,91,13.5,99.23,-1182,0,3,78,0.45,638,56,-1.943251,43.320606,71.57214,31.1366728434103,51:30.5,7,7200.472,0101000020E61000008501EE588E17FFBFC2E166AF09A94540,20230421_NISSAN_DONOSTIA_ULIA_056,,d2,01:37.4,06:35.4,NISSAN_LEAF,Nissan Leaf e+ 62 kW,62000,174,50:56.2,2.2,3.6,10,N,-3.0446528924882776,112.24902365763268,488,114,0.0,28.0,335.0,,,,125,273,215,8,1
21/04/2023 07:51,70,0.0,91,13.5,99.23,-1182,0,3,78,0.0,0,56,-1.9432915,43.320705,70.77043,31.148186301791185,51:40.6,7,7200.432,0101000020E61000005D2E64D1B817FFBFDF26C3E90CA94540,20230421_NISSAN_DONOSTIA_ULIA_056,,d2,01:37.4,06:35.4,NISSAN_LEAF,Nissan Leaf e+ 62 kW,62000,174,50:56.2,2.2,3.6,10,N,-3.557099230920496,88.85423716151969,488,114,0.0,28.0,335.0,,,,125,273,215,8,1
21/04/2023 07:51,71,5.7,91,13.5,99.23,-1182,160,3,78,9.78,26,56,-1.9432914,43.32071,71.44673,31.14906183301641,51:49.6,7,7200.371999999999,0101000020E61000007AD2D8CCB817FFBF04FA3CF50CA94540,20230421_NISSAN_DONOSTIA_ULIA_056,,d2,01:37.4,06:35.4,NISSAN_LEAF,Nissan Leaf e+ 62 kW,62000,174,50:56.2,2.2,3.6,10,N,-0.4974419474199873,162.05755291112249,488,114,0.0,28.0,335.0,,,,125,273,215,8,1
21/04/2023 07:51,72,33.4,91,13.5,99.23,-1182,9880,3,78,-0.67,2120,56,-1.9438164,43.32088,72.9557,31.195574015056,51:57.7,7,7200.31,0101000020E6100000469C1333DF19FFBF965CD19712A94540,20230421_NISSAN_DONOSTIA_ULIA_056,,d2,01:37.4,06:35.4,NISSAN_LEAF,Nissan Leaf e+ 62 kW,62000,174,50:56.2,2.2,3.6,10,N,-1.0217479102213385,153.5117406598541,488,114,0.0,28.0,335.0,,,,125,273,215,50,1
21/04/2023 07:52,73,6.0,91,13.5,99.23,-1182,0,3,78,2.33,518,56,-1.9443241,43.321133,73.59751,31.245360418890364,52:06.7,7,7200.26,0101000020E6100000952D8B93F31BFFBF59B485DD1AA94540,20230421_NISSAN_DONOSTIA_ULIA_056,,d2,01:37.4,06:35.4,NISSAN_LEAF,Nissan Leaf e+ 62 kW,62000,174,50:56.2,2.2,3.6,10,N,-3.577280810472649,73.55962047844014,488,114,0.0,28.0,335.0,,,,125,273,215,55,1
21/04/2023 07:52,74,29.9,91,13.5,99.23,-1182,7080,3,79,4.2,1731,56,-1.9442521,43.321377000000005,74.30293,31.273119102343465,52:14.8,7,7200.182,0101000020E610000054D8D417A81BFFBFC47BA5ED22A94540,20230421_NISSAN_DONOSTIA_ULIA_056,,d2,01:37.4,06:35.4,NISSAN_LEAF,Nissan Leaf e+ 62 kW,62000,174,50:56.2,2.2,3.6,10,N,-1.5246206952734107,15.056118771198271,488,114,0.0,28.0,335.0,,,,125,273,215,8,1
21/04/2023 07:52,74,47.9,91,13.5,99.23,-1182,2520,3,80,-3.34,3100,56,-1.9431889,43.321663,74.87895,31.364820602687946,52:22.8,7,7200.161,0101000020E61000002ED27A4E4D17FFBF4D98E2302CA94540,20230421_NISSAN_DONOSTIA_ULIA_056,,d2,01:37.4,06:35.4,NISSAN_LEAF,Nissan Leaf e+ 62 kW,62000,174,53:41.0,2.2,3.6,10,N,-0.3480450879159212,-4.452024688086188,488,114,0.0,28.0,335.0,,,,125,273,215,8,1
21/04/2023 07:52,76,49.8,91,13.5,99.23,-1190,0,3,79,-1.17,3367,56,-1.941866,43.32156,75.949455,31.47245418516111,52:30.9,7,7200.111999999999,0101000020E6100000DD3EAD27E211FFBF6C00EDD728A94540,20230421_NISSAN_DONOSTIA_ULIA_056,,d2,01:37.4,06:35.4,NISSAN_LEAF,Nissan Leaf e+ 62 kW,62000,174,53:41.0,2.2,3.6,10,N,-0.6044069842940327,-0.334790021990108,488,114,0.0,28.0,335.0,,,,125,273,215,50,1
21/04/2023 07:52,76,35.8,91,13.5,99.23,-1220,0,3,79,-1.02,2564,56,-1.9404969,43.321552,76.33156600000001,31.583213050912622,52:39.9,7,7200.081,0101000020E61000007A3FB88E460CFFBF15EF9C9828A94540,20230421_NISSAN_DONOSTIA_ULIA_056,,d2,01:37.4,06:35.4,NISSAN_LEAF,Nissan Leaf e+ 62 kW,62000,174,53:41.0,2.2,3.6,10,N,-1.9322797840378807,22.46228878061596,488,114,0.0,28.0,335.0,,,,125,273,215,8,1
21/04/2023 07:52,75,30.9,91,13.5,99.23,-1244,0,3,79,-1.16,2150,56,-1.939631,43.32191,75.40671,31.663787119300874,52:48.0,7,7200.036999999999,0101000020E61000004E5A0679BA08FFBFDAD8CE6634A94540,20230421_NISSAN_DONOSTIA_ULIA_056,,d2,01:37.4,06:35.4,NISSAN_LEAF,Nissan Leaf e+ 62 kW,62000,174,53:41.0,2.2,3.6,10,N,-0.3201343705248011,-4.898164009786236,488,114,0.0,28.0,335.0,,,,125,273,215,50,1
21/04/2023 07:52,74,25.1,91,13.5,99.23,-1247,8840,3,79,7.78,1009,56,-1.9391059,43.321865,74.71996,31.70656455681599,52:57.0,7,7199.977,0101000020E61000004E2989EB9306FFBF612275E232A94540,20230421_NISSAN_DONOSTIA_ULIA_056,,d2,01:37.4,06:35.4,NISSAN_LEAF,Nissan Leaf e+ 62 kW,62000,174,53:41.0,2.2,3.6,10,N,-0.4691635692297891,-2.511730009176097,488,114,0.0,28.0,335.0,,,,125,273,215,40,1
21/04/2023 07:53,74,29.8,91,13.5,99.23,-1255,0,3,80,0.81,1703,56,-1.938422,43.321835,74.27085,31.761991321434504,53:05.1,7,7199.928000000001,0101000020E6100000B1CEF1B4C603FFBF5D9136DD31A94540,20230421_NISSAN_DONOSTIA_ULIA_056,,d2,01:37.4,06:35.4,NISSAN_LEAF,Nissan Leaf e+ 62 kW,62000,174,53:41.0,2.2,3.6,10,N,-3.5127988475622023,67.36346355175982,488,114,0.0,28.0,335.0,,,,125,273,215,8,1
21/04/2023 07:53,72,38.9,91,13.5,99.23,-1255,7200,3,80,-0.78,2139,56,-1.9382185,43.322323,73.27471,31.818705361986115,53:13.1,7,7199.88,0101000020E61000007D57D963F102FFBF593B53D041A94540,20230421_NISSAN_DONOSTIA_ULIA_056,,d2,01:37.4,06:35.4,NISSAN_LEAF,Nissan Leaf e+ 62 kW,62000,174,53:41.0,2.2,3.6,10,N,-0.6386103621803414,0.2178743356096611,488,114,0.0,28.0,335.0,,,,125,273,215,25,2
21/04/2023 07:53,70,18.7,91,13.5,99.23,-1262,0,3,79,-3.11,1605,56,-1.9371666,43.322327,70.45352,31.90384664224879,53:22.2,7,7199.815,0101000020E610000087574A5DA2FEFEBFE2CE78F141A94540,20230421_NISSAN_DONOSTIA_ULIA_056,,d2,01:37.4,06:35.4,NISSAN_LEAF,Nissan Leaf e+ 62 kW,62000,174,53:41.0,2.2,3.6,10,N,-1.142315197618194,8.500309383190034,488,114,0.0,28.0,335.0,,,,125,273,215,25,2
21/04/2023 07:53,69,10.6,91,13.5,99.23,-1268,1880,3,79,-0.03,417,56,-1.9369458,43.32236,69.82715,31.922092013194646,53:31.2,7,7199.774,0101000020E61000008469FEDFBAFDFEBF1787712843A94540,20230421_NISSAN_DONOSTIA_ULIA_056,,d2,01:37.4,06:35.4,NISSAN_LEAF,Nissan Leaf e+ 62 kW,62000,174,53:41.0,2.2,3.6,10,N,-3.4766493365172373,64.95801860897924,488,114,0.0,28.0,335.0,,,,125,273,215,25,2
21/04/2023 07:53,69,17.1,91,13.5,99.23,-1268,2480,3,79,1.81,1082,56,-1.936829,43.32261,69.12376,31.951461017621973,53:39.3,7,7199.736999999999,0101000020E6100000303AB15940FDFEBF7F83514C4BA94540,20230421_NISSAN_DONOSTIA_ULIA_056,,d2,01:37.4,06:35.4,NISSAN_LEAF,Nissan Leaf e+ 62 kW,62000,174,53:41.0,2.2,3.6,10,N,-3.598838912691509,81.45522615598145,488,114,0.0,28.0,335.0,,,,125,273,215,20,2
21/04/2023 07:53,68,18.7,91,13.5,99.23,-1268,6920,3,79,8.03,1074,56,-1.9367689,43.32301,68.81381999999999,31.99620498379108,53:48.3,7,7199.658,0101000020E6100000E330076E01FDFEBF6B68376858A94540,20230421_NISSAN_DONOSTIA_ULIA_056,,d2,01:37.4,06:35.4,NISSAN_LEAF,Nissan Leaf e+ 62 kW,62000,174,53:41.0,2.2,3.6,10,N,-3.5982122774197167,81.80573666552648,488,114,0.0,28.0,335.0,,,,125,273,215,20,2
21/04/2023 07:53,68,15.7,91,13.5,99.23,-1268,7880,3,79,4.8,1101,56,-1.9367185,43.32336,68.59851,32.03533677200068,53:56.4,7,7199.627,0101000020E61000008FE81C71CCFCFEBFEED4E4E563A94540,20230421_NISSAN_DONOSTIA_ULIA_056,,d2,01:37.4,06:35.4,NISSAN_LEAF,Nissan Leaf e+ 62 kW,62000,174,53:41.0,2.2,3.6,10,N,-3.380766353163825,100.09874743148148,488,114,0.0,28.0,335.0,,,,125,273,215,25,2
21/04/2023 07:54,68,6.8,91,13.5,99.23,-1268,1880,3,80,7.94,531,56,-1.936773,43.323666,68.85251,32.06964778666017,54:05.4,7,7199.585999999999,0101000020E6100000DADD7EA505FDFEBF720030D06DA94540,20230421_NISSAN_DONOSTIA_ULIA_056,,d2,01:37.4,06:35.4,NISSAN_LEAF,Nissan Leaf e+ 62 kW,62000,174,53:41.0,2.2,3.6,10,N,-3.5694080364626624,72.52522574577672,488,114,0.0,28.0,335.0,,,,125,273,215,25,2
21/04/2023 07:54,68,0.0,90,13.5,99.23,-1268,1440,3,81,0.0,27,56,-1.936756,43.32372,68.77041,32.07580832240453,54:13.5,7,7199.536,0101000020E6100000939A80DEF3FCFEBF1B814A946FA94540,20230421_NISSAN_DONOSTIA_ULIA_056,,d2,01:37.4,06:35.4,NISSAN_LEAF,Nissan Leaf e+ 62 kW,62000,174,53:41.0,2.2,3.6,10,N,-0.6251334396009492,0.0,488,114,0.0,28.0,335.0,,,,125,273,215,25,2
21/04/2023 07:54,68,0.0,90,13.5,99.23,-1268,0,3,81,7.39,0,56,-1.936756,43.32372,68.77041,32.07580832240453,54:21.5,7,7200.494000000001,0101000020E6100000939A80DEF3FCFEBF1B814A946FA94540,20230421_NISSAN_DONOSTIA_ULIA_056,,d2,01:37.4,06:35.4,NISSAN_LEAF,Nissan Leaf e+ 62 kW,62000,174,53:41.0,2.2,3.6,10,N,-3.0127964897240007,113.18706450654356,488,114,0.0,28.0,335.0,,,,125,273,215,25,2
21/04/2023 07:54,68,14.6,90,13.5,99.23,-1268,0,3,81,-0.44,1003,56,-1.9368074,43.32384,68.80275999999999,32.08978456156221,54:29.6,7,7200.446,0101000020E61000004F9D5EBB29FDFEBF4AE2969973A94540,20230421_NISSAN_DONOSTIA_ULIA_056,,d2,01:37.4,06:35.4,NISSAN_LEAF,Nissan Leaf e+ 62 kW,62000,174,53:41.0,2.2,3.6,10,N,-2.572088044907452,124.40030940352857,488,114,0.0,28.0,335.0,,,,125,273,215,25,2
21/04/2023 07:54,69,11.4,90,13.5,99.23,-1268,0,3,81,0.17,881,56,-1.9370539,43.3242,69.77601999999999,32.13451673417811,54:37.6,7,7200.403,0101000020E6100000FC1C88432CFEFEBFF2AB4B677FA94540,20230421_NISSAN_DONOSTIA_ULIA_056,,d2,01:37.4,06:35.4,NISSAN_LEAF,Nissan Leaf e+ 62 kW,62000,174,53:41.0,2.2,3.6,10,N,-2.2821045936774413,130.66022357724302,488,114,0.0,28.0,335.0,,,,125,273,215,25,2
21/04/2023 07:54,70,7.0,90,14.0,99.23,-1270,80,3,80,1.38,575,56,-1.9371982,43.324368,69.95557,32.15654525896929,54:46.7,7,7200.344,0101000020E6100000DF273478C3FEFEBFF40A88D684A94540,20230421_NISSAN_DONOSTIA_ULIA_056,,d2,01:37.4,06:35.4,NISSAN_LEAF,Nissan Leaf e+ 62 kW,62000,174,53:41.0,2.2,3.6,10,N,-1.1157397791001331,151.94512559807475,488,114,0.0,28.0,335.0,,,,125,273,215,25,2
21/04/2023 07:54,69,7.2,90,14.0,99.23,-1270,0,3,80,0.0,647,56,-1.9373333,43.32444,69.94192,32.170092566229876,54:54.7,7,7200.304,0101000020E6100000139F0A4251FFFEBF6FBD0F4C87A94540,20230421_NISSAN_DONOSTIA_ULIA_056,,d2,01:37.4,06:35.4,NISSAN_LEAF,Nissan Leaf e+ 62 kW,62000,174,55:56.3,2.2,3.6,10,N,1.7169377749754755,-161.51509845955314,488,114,0.0,28.0,335.0,,,,125,273,215,25,2
21/04/2023 07:55,70,0.0,90,14.0,99.23,-1270,0,3,79,0.0,0,56,-1.9374709,43.324394,70.40713000000001,32.18235115770723,55:02.7,7,7200.264,0101000020E610000054D46D8AE1FFFEBF23A920BD85A94540,20230421_NISSAN_DONOSTIA_ULIA_056,,d2,01:37.4,06:35.4,NISSAN_LEAF,Nissan Leaf e+ 62 kW,62000,174,55:56.3,2.2,3.6,10,N,1.8377087195203532,-159.3045492662886,488,114,0.0,28.0,335.0,,,,125,273,215,25,2
21/04/2023 07:55,70,10.8,90,14.0,99.23,-1270,0,3,79,-0.52,976,56,-1.9375609,43.32436,70.24802,32.190556106254974,55:11.8,7,7200.204000000001,0101000020E61000007950F8DF3F00FFBFFCD9CAAC84A94540,20230421_NISSAN_DONOSTIA_ULIA_056,,d2,01:37.4,06:35.4,NISSAN_LEAF,Nissan Leaf e+ 62 kW,62000,174,55:56.3,2.2,3.6,10,N,3.204226890630834,-72.88116766453658,488,114,0.0,28.0,335.0,,,,125,273,215,25,2
21/04/2023 07:55,69,15.8,90,14.0,99.23,-1273,0,3,78,-3.48,955,56,-1.9374762,43.324085,69.88747,32.221894984572494,55:19.9,7,7200.145,0101000020E61000005A6E1403E7FFFEBF4273C2937BA94540,20230421_NISSAN_DONOSTIA_ULIA_056,,d2,01:37.4,06:35.4,NISSAN_LEAF,Nissan Leaf e+ 62 kW,62000,174,55:56.3,2.2,3.6,10,N,3.153934047672037,-71.17457207930168,488,114,0.0,28.0,335.0,,,,125,273,215,25,2
21/04/2023 07:55,69,14.0,90,14.0,99.23,-1275,1600,3,78,1.48,944,56,-1.9373654,43.32376,69.350716,32.25913209625602,55:28.9,7,7200.104,0101000020E6100000CE1E0DED72FFFEBF310B77F570A94540,20230421_NISSAN_DONOSTIA_ULIA_056,,d2,01:37.4,06:35.4,NISSAN_LEAF,Nissan Leaf e+ 62 kW,62000,174,55:56.3,2.2,3.6,10,N,2.662224171455931,-57.68941213625287,488,114,0.0,28.0,335.0,,,,125,273,215,10,2
21/04/2023 07:55,70,15.4,90,14.0,99.23,-1278,0,3,78,-2.39,1060,56,-1.9371080000000005,43.323353,69.84836,32.30895113160106,55:36.9,7,7200.064,0101000020E61000000780450565FEFEBFD7779D9163A94540,20230421_NISSAN_DONOSTIA_ULIA_056,,d2,01:37.4,06:35.4,NISSAN_LEAF,Nissan Leaf e+ 62 kW,62000,174,55:56.3,2.2,3.6,10,N,2.740641213990572,-59.577985409572335,488,114,0.0,28.0,335.0,,,,125,273,215,25,2
21/04/2023 07:55,70,21.3,90,14.0,99.23,-1279,440,3,78,-3.33,1475,56,-1.9369289,43.323048,70.185455,32.34583212850635,55:45.0,7,7200.007,0101000020E61000001B9B951CA9FDFEBFD789E5AC59A94540,20230421_NISSAN_DONOSTIA_ULIA_056,,d2,01:37.4,06:35.4,NISSAN_LEAF,Nissan Leaf e+ 62 kW,62000,174,55:56.3,2.2,3.6,10,N,3.5998298665666866,-99.4429644363753,488,114,0.0,28.0,335.0,,,,125,273,215,20,2
21/04/2023 07:55,69,16.5,90,14.0,99.23,-1283,2640,3,77,-2.81,1152,56,-1.9369768,43.32276,69.93698,32.37809079424474,55:54.0,7,7199.964,0101000020E61000002E63436DDBFDFEBF4B1A863950A94540,20230421_NISSAN_DONOSTIA_ULIA_056,,d2,01:37.4,06:35.4,NISSAN_LEAF,Nissan Leaf e+ 62 kW,62000,174,55:56.3,2.2,3.6,10,N,3.2454492741748773,-74.35775354219355,488,114,0.0,28.0,335.0,,,,125,273,215,20,2
21/04/2023 07:56,70,4.0,90,14.0,99.23,-1286,320,3,77,1.52,75,56,-1.9369264,43.32258,70.0216,32.398517087281085,56:02.1,7,7199.905,0101000020E610000095567273A6FDFEBFDF1286334AA94540,20230421_NISSAN_DONOSTIA_ULIA_056,,d2,01:37.4,06:35.4,NISSAN_LEAF,Nissan Leaf e+ 62 kW,62000,174,55:56.3,2.2,3.6,10,N,1.7332663772768142,-38.78098883836672,488,114,0.0,28.0,335.0,,,,125,273,215,20,2
21/04/2023 07:56,70,0.0,90,14.0,99.23,-1286,0,3,77,0.0,0,56,-1.9368343,43.322506,70.42825,32.40962477489776,56:11.1,7,7199.865,0101000020E610000040E2A4F845FDFEBFDF3AF9E247A94540,20230421_NISSAN_DONOSTIA_ULIA_056,,d2,01:37.4,06:35.4,NISSAN_LEAF,Nissan Leaf e+ 62 kW,62000,174,55:56.3,2.2,3.6,10,N,3.574694395499653,-93.20249608261572,488,114,0.0,28.0,335.0,,,,125,273,215,25,2
21/04/2023 07:56,70,4.5,90,14.0,99.23,-1286,440,3,76,4.02,212,56,-1.936839,43.322422,70.29125,32.418973887607116,56:20.2,7,7199.804,0101000020E6100000BFFE32E14AFDFEBFDF5DDD1645A94540,20230421_NISSAN_DONOSTIA_ULIA_056,,d2,01:37.4,06:35.4,NISSAN_LEAF,Nissan Leaf e+ 62 kW,62000,174,55:56.3,2.2,3.6,10,N,0.4795873714890963,177.65562936054414,488,114,0.0,28.0,335.0,,,,125,273,215,25,2
21/04/2023 07:56,68,19.4,90,14.0,99.23,-1286,120,3,77,5.14,1273,56,-1.9374008000000005,43.322445,68.46777,32.464528984717475,56:28.2,7,7199.755,0101000020E61000009492E5FC97FFFEBFA96489E645A94540,20230421_NISSAN_DONOSTIA_ULIA_056,,d2,01:37.4,06:35.4,NISSAN_LEAF,Nissan Leaf e+ 62 kW,62000,174,55:56.3,2.2,3.6,10,N,0.8750785129871262,-175.93175961831994,488,114,0.0,28.0,335.0,,,,125,273,215,10,2
21/04/2023 07:56,68,24.5,90,14.0,99.23,-1286,960,3,77,0.17,1679,56,-1.9381038,43.322395,68.4067,32.52166918117686,56:37.3,7,7199.696999999999,0101000020E6100000C6699D1D7902FFBF95F0454444A94540,20230421_NISSAN_DONOSTIA_ULIA_056,,d2,01:37.4,06:35.4,NISSAN_LEAF,Nissan Leaf e+ 62 kW,62000,174,55:56.3,2.2,3.6,10,N,1.514981915292171,-165.11310680318047,488,114,0.0,28.0,335.0,,,,125,273,215,25,2
21/04/2023 07:56,68,26.0,90,14.0,99.23,-1287,12720,3,77,3.91,1364,56,-1.9385364,43.32228,68.11498,32.55892857668475,56:45.3,7,7199.673000000001,0101000020E6100000FCD6BCC73E04FFBFA5B9997340A94540,20230421_NISSAN_DONOSTIA_ULIA_056,,d2,01:37.4,06:35.4,NISSAN_LEAF,Nissan Leaf e+ 62 kW,62000,174,55:56.3,2.2,3.6,10,N,1.3166652935247347,-168.54684722062458,488,114,0.0,28.0,335.0,,,,125,273,215,25,2
21/04/2023 07:56,66,18.2,90,14.0,99.23,-1287,40,3,77,2.56,1426,56,-1.9392669,43.322132,66.74164,32.620286522068895,56:54.4,7,7199.597,0101000020E6100000181178B23C07FFBF00C0FDAE3BA94540,20230421_NISSAN_DONOSTIA_ULIA_056,,d2,01:37.4,06:35.4,NISSAN_LEAF,Nissan Leaf e+ 62 kW,62000,174,55:56.3,2.2,3.6,10,N,0.9621443723292692,-174.4985759956674,488,114,0.0,28.0,335.0,,,,125,273,215,40,1
21/04/2023 07:57,66,25.4,90,14.0,99.23,-1287,6720,3,77,6.27,1610,56,-1.9398068,43.32208,66.92442,32.66434330827852,57:02.4,7,7199.587,0101000020E610000007DC0ADF7209FFBF19F262E639A94540,20230421_NISSAN_DONOSTIA_ULIA_056,,d2,01:37.4,06:35.4,NISSAN_LEAF,Nissan Leaf e+ 62 kW,62000,174,55:56.3,2.2,3.6,10,N,1.5320135428239592,-164.81392848233432,488,114,0.0,28.0,335.0,,,,125,273,215,50,1
21/04/2023 07:57,66,30.4,90,14.0,99.23,-1287,280,3,78,-0.61,2341,56,-1.9407831,43.321815,66.25363,32.74864212034638,57:11.5,7,7199.526,0101000020E6100000A6896CA3720DFFBF5D4AC24D31A94540,20230421_NISSAN_DONOSTIA_ULIA_056,,d2,01:37.4,06:35.4,NISSAN_LEAF,Nissan Leaf e+ 62 kW,62000,174,55:56.3,2.2,3.6,10,N,1.2730250822333646,-169.2912266513706,488,114,0.0,28.0,335.0,,,,125,273,215,8,1
21/04/2023 07:57,66,21.2,90,14.0,99.23,-1287,8240,3,78,6.38,1449,56,-1.9412643,43.321724,66.57231999999999,32.78886401762247,57:18.5,7,7200.486999999999,0101000020E610000089560B116B0FFFBF4B224A432EA94540,20230421_NISSAN_DONOSTIA_ULIA_056,,d2,01:37.4,06:35.4,NISSAN_LEAF,Nissan Leaf e+ 62 kW,62000,174,55:56.3,2.2,3.6,10,N,0.6393621837147547,-179.7699669913809,488,114,0.0,28.0,335.0,,,,125,273,215,40,1
21/04/2023 07:57,66,43.4,90,14.0,99.23,-1287,12080,3,78,3.16,2783,56,-1.9422606,43.32172,66.78765,32.86946193941567,57:27.6,7,7200.436,0101000020E61000007D78B0DD7F13FFBF74C956182EA94540,20230421_NISSAN_DONOSTIA_ULIA_056,,d2,01:37.4,06:35.4,NISSAN_LEAF,Nissan Leaf e+ 62 kW,62000,174,58:42.1,2.2,3.6,10,N,0.6508069899339343,-179.5848204587971,488,114,0.0,28.0,335.0,,,,125,273,215,40,1
21/04/2023 07:57,68,30.9,90,14.0,99.23,-1287,10840,3,79,1.39,2254,56,-1.9433646,43.321712,68.025604,32.958783833482514,57:35.6,7,7200.396,0101000020E6100000FCDF66800518FFBF2C5BD9DA2DA94540,20230421_NISSAN_DONOSTIA_ULIA_056,,d2,01:37.4,06:35.4,NISSAN_LEAF,Nissan Leaf e+ 62 kW,62000,174,58:42.1,2.2,3.6,10,N,1.47195075711727,-165.8658031639002,488,114,0.0,28.0,335.0,,,,125,273,215,8,1
21/04/2023 07:57,68,26.8,90,14.0,99.23,-1287,7360,3,79,-0.48,1844,56,-1.944135,43.321518,68.05495,33.02473379463287,57:43.7,7,7200.347,0101000020E6100000908732482D1BFFBF7C05688D27A94540,20230421_NISSAN_DONOSTIA_ULIA_056,,d2,01:37.4,06:35.4,NISSAN_LEAF,Nissan Leaf e+ 62 kW,62000,174,58:42.1,2.2,3.6,10,N,1.4931764036052853,-165.4950898518464,488,114,0.0,28.0,335.0,,,,125,273,215,8,1
21/04/2023 07:57,69,39.1,90,14.0,99.23,-1287,11440,3,79,7.05,2315,56,-1.9449158,43.321316,69.69863000000001,33.091792482077786,57:52.7,7,7200.297,0101000020E6100000E199080B601EFFBF256063D520A94540,20230421_NISSAN_DONOSTIA_ULIA_056,,d2,01:37.4,06:35.4,NISSAN_LEAF,Nissan Leaf e+ 62 kW,62000,174,58:42.1,2.2,3.6,10,N,-0.0788697130249969,168.74464909539782,488,114,0.0,28.0,335.0,,,,125,273,215,55,1
21/04/2023 07:58,71,37.7,90,14.0,99.23,-1287,9960,3,80,0.0,2656,56,-1.9460263,43.321537,71.05256,33.18493790592494,58:00.8,7,7200.246999999999,0101000020E6100000422D2874EC22FFBF07B8752928A94540,20230421_NISSAN_DONOSTIA_ULIA_056,,d2,01:37.4,06:35.4,NISSAN_LEAF,Nissan Leaf e+ 62 kW,62000,174,58:42.1,2.2,3.6,10,N,0.6497282133395137,-179.60227685952844,488,114,0.0,28.0,335.0,,,,125,273,215,8,2
21/04/2023 07:58,72,41.9,90,14.0,99.23,-1287,12320,3,80,4.92,2813,56,-1.9470347,43.32153,72.20340999999999,33.26652523468064,58:08.8,7,7200.206999999999,0101000020E6100000DF152CD30D27FFBFAEBFEFE527A94540,20230421_NISSAN_DONOSTIA_ULIA_056,,d2,01:37.4,06:35.4,NISSAN_LEAF,Nissan Leaf e+ 62 kW,62000,174,58:42.1,2.2,3.6,10,N,0.6678670199788282,-179.30862962675147,488,114,0.0,28.0,335.0,,,,125,273,215,8,2
21/04/2023 07:58,73,44.1,90,14.0,99.23,-1287,13480,3,80,-0.95,2979,56,-1.9483606,43.321514,73.60586500000001,33.37380914548591,58:17.8,7,7200.156,0101000020E6100000317E40167C2CFFBF0C101D5727A94540,20230421_NISSAN_DONOSTIA_ULIA_056,,d2,01:37.4,06:35.4,NISSAN_LEAF,Nissan Leaf e+ 62 kW,62000,174,58:42.1,2.2,3.6,10,N,0.9872496997897872,-174.0835084141091,488,114,0.0,28.0,335.0,,,,125,273,215,50,2
21/04/2023 07:58,102,46.1,90,14.0,99.23,-1289,0,3,80,-1.12,3131,56,-1.9496826,43.321377000000005,102.672935,33.48567564715664,58:25.9,7,7200.106,0101000020E610000085CFAE6CE631FFBF1BA48DE822A94540,20230421_NISSAN_DONOSTIA_ULIA_056,,d2,01:37.4,06:35.4,NISSAN_LEAF,Nissan Leaf e+ 62 kW,62000,174,58:42.1,2.2,3.6,10,N,0.6360609173272515,-179.82335255732235,488,114,0.0,28.0,335.0,,,,125,273,215,50,2
21/04/2023 07:58,102,39.5,90,14.0,99.23,-1305,0,3,80,-0.66,2661,56,-1.95098,43.321373,102.94594,33.59063165258974,58:34.9,7,7200.058000000001,0101000020E61000000D4C32C53637FFBFAA96DCB922A94540,20230421_NISSAN_DONOSTIA_ULIA_056,,d2,01:37.4,06:35.4,NISSAN_LEAF,Nissan Leaf e+ 62 kW,62000,174,58:42.1,2.2,3.6,10,N,0.5021002617968893,178.01731139000023,488,114,0.0,28.0,335.0,,,,125,273,215,50,2
21/04/2023 07:58,102,24.5,90,14.0,99.23,-1324,0,3,80,-6.05,2028,56,-1.9520488,43.32141,102.308426,33.677193647509796,21/04/2023 07:58,7,7200.0,0101000020E6100000584B1478973BFFBF09E7AFFF23A94540,20230421_NISSAN_DONOSTIA_ULIA_056,,d2,01:37.4,06:35.4,NISSAN_LEAF,Nissan Leaf e+ 62 kW,62000,174,58:42.1,2.2,3.6,10,N,0.4803915614882845,177.6685437461676,488,114,0.0,28.0,335.0,,,,125,273,215,50,2
21/04/2023 07:58,102,0.1,90,14.0,99.23,-1338,0,3,80,0.0,379,56,-1.9523681,43.321423,102.473206,33.70306472254763,58:52.0,7,7199.968000000001,0101000020E610000007F5F561E63CFFBF383ADB6B24A94540,20230421_NISSAN_DONOSTIA_ULIA_056,,d2,01:37.4,06:35.4,NISSAN_LEAF,Nissan Leaf e+ 62 kW,62000,174,58:42.1,2.2,3.6,10,N,0.6251334396009488,180.0,488,114,0.0,28.0,335.0,,,,125,273,215,50,2
21/04/2023 07:59,103,0.0,90,14.0,99.23,-1338,0,3,80,2.12,0,56,-1.9523696,43.321423,103.33137,33.703931423107576,59:00.1,7,7199.928000000001,0101000020E6100000A9DA93DCE73CFFBF04B7B46424A94540,20230421_NISSAN_DONOSTIA_ULIA_056,,d2,01:37.4,06:35.4,NISSAN_LEAF,Nissan Leaf e+ 62 kW,62000,174,58:42.1,2.2,3.6,10,N,0.557832709432918,178.91410117935297,488,114,0.0,28.0,335.0,,,,125,273,215,50,2
21/04/2023 07:59,101,20.1,90,14.0,99.23,-1338,240,3,80,-3.23,1375,56,-1.9527389,43.32143,101.63757,33.733864457637615,59:09.1,7,7199.868,0101000020E6100000CF9FDE1B6B3EFFBF9A2379A224A94540,20230421_NISSAN_DONOSTIA_ULIA_056,,d2,01:37.4,06:35.4,NISSAN_LEAF,Nissan Leaf e+ 62 kW,62000,174,58:42.1,2.2,3.6,10,N,-3.338579609201842,101.96948637319288,488,114,0.0,28.0,335.0,,,,125,273,215,50,2
21/04/2023 07:59,101,30.0,90,14.0,99.23,-1342,11600,3,80,0.83,1792,56,-1.9528131,43.32178,101.12398,33.77324620028792,59:17.2,7,7199.799,0101000020E6100000077183FFB83EFFBF1EA7791930A94540,20230421_NISSAN_DONOSTIA_ULIA_056,,d2,01:37.4,06:35.4,NISSAN_LEAF,Nissan Leaf e+ 62 kW,62000,174,58:42.1,2.2,3.6,10,N,-3.5320318394245613,68.84871777707788,488,114,0.0,28.0,335.0,,,,125,273,215,25,2
21/04/2023 07:59,101,30.2,90,14.0,99.23,-1342,720,3,80,3.31,1988,56,-1.9525887,43.32236,101.606125,33.840247055135976,59:25.2,7,7199.769,0101000020E6100000C6DEBB9DCD3DFFBFAED7072343A94540,20230421_NISSAN_DONOSTIA_ULIA_056,,d2,01:37.4,06:35.4,NISSAN_LEAF,Nissan Leaf e+ 62 kW,62000,174,58:42.1,2.2,3.6,10,N,-3.489970283458411,94.20213932911554,488,114,0.0,28.0,335.0,,,,125,273,215,25,2
21/04/2023 07:59,104,20.0,90,14.0,99.23,-1342,4120,3,80,3.45,1428,56,-1.9526308,43.322933,104.18549,33.90410481684344,59:34.3,7,7199.706999999999,0101000020E610000079E194B2F93DFFBF5E2F3CE855A94540,20230421_NISSAN_DONOSTIA_ULIA_056,,d2,01:37.4,06:35.4,NISSAN_LEAF,Nissan Leaf e+ 62 kW,62000,174,58:42.1,2.2,3.6,10,N,-0.7461042538435045,158.03868708206468,488,114,0.0,28.0,335.0,,,,125,273,215,25,2
21/04/2023 07:59,104,26.2,90,14.0,99.23,-1342,1040,3,80,3.98,1712,56,-1.9531615,43.323147,104.46307,33.953189791133426,59:42.3,7,7199.679,0101000020E610000062E17C332640FFBF52D647D05CA94540,20230421_NISSAN_DONOSTIA_ULIA_056,,d2,01:37.4,06:35.4,NISSAN_LEAF,Nissan Leaf e+ 62 kW,62000,174,58:42.1,2.2,3.6,10,N,2.326698669706301,-149.73639548857292,488,114,0.0,28.0,335.0,,,,125,273,215,8,2
21/04/2023 07:59,102,26.2,90,14.0,99.23,-1342,5080,3,80,4.91,1289,56,-1.9536585,43.322857,102.711945,34.004758123531516,59:50.4,7,7199.628000000001,0101000020E6100000BC0CED692F42FFBFB040FF5F53A94540,20230421_NISSAN_DONOSTIA_ULIA_056,,d2,01:37.4,06:35.4,NISSAN_LEAF,Nissan Leaf e+ 62 kW,62000,174,00:56.4,2.2,3.6,10,N,2.903225905132232,-136.2493182268016,488,114,0.0,28.0,335.0,,,,125,273,215,25,2
21/04/2023 07:59,101,23.8,90,14.0,99.23,-1342,8360,3,80,-0.69,1723,56,-1.9541411,43.322395,101.355415,34.06929513644407,59:59.4,7,7199.578,0101000020E6100000D397FB782944FFBF7ABF514844A94540,20230421_NISSAN_DONOSTIA_ULIA_056,,d2,01:37.4,06:35.4,NISSAN_LEAF,Nissan Leaf e+ 62 kW,62000,174,00:56.4,2.2,3.6,10,N,0.1425029625903717,172.26859779974993,488,114,0.0,28.0,335.0,,,,125,273,215,25,2
21/04/2023 08:00,100,18.9,90,14.0,99.23,-1342,9520,3,80,-5.52,1664,56,-1.9546788,43.322468,100.06271,34.11356205477798,00:07.5,7,7199.518,0101000020E61000007FE584425D46FFBF31379D9646A94540,20230421_NISSAN_DONOSTIA_ULIA_056,,d2,01:37.4,06:35.4,NISSAN_LEAF,Nissan Leaf e+ 62 kW,62000,174,00:56.4,2.2,3.6,10,N,-1.1694044037194633,151.0444480457873,446,112,1.0,43.0,308.0,,,,94,208,238,25,2
21/04/2023 08:00,102,1.4,90,14.0,99.23,-1345,560,3,80,6.02,192,56,-1.9548017,43.322536,102.20294,34.12623468908705,00:14.5,7,7200.468000000001,0101000020E6100000B3D53924DE46FFBF2C630CD548A94540,20230421_NISSAN_DONOSTIA_ULIA_056,,d2,01:37.4,06:35.4,NISSAN_LEAF,Nissan Leaf e+ 62 kW,62000,174,00:56.4,2.2,3.6,10,N,-1.0339627387704604,153.3088917341918,446,112,1.0,43.0,308.0,,,,94,208,238,25,2
21/04/2023 08:00,108,25.3,90,14.0,99.23,-1345,1160,3,81,3.14,1823,56,-1.9552194,43.322746,108.23405,34.167748296913324,00:23.6,7,7200.439,0101000020E6100000B101C4229448FFBF9F1218C04FA94540,20230421_NISSAN_DONOSTIA_ULIA_056,,d2,01:37.4,06:35.4,NISSAN_LEAF,Nissan Leaf e+ 62 kW,62000,174,00:56.4,2.2,3.6,10,N,-1.1229007332036187,151.8252119674768,446,112,1.0,43.0,308.0,,,,94,208,238,25,2
21/04/2023 08:00,110,23.6,90,14.0,99.23,-1345,10880,3,81,5.67,1385,56,-1.9556376,43.32297,110.38572,34.209813572902796,00:31.6,7,7200.39,0101000020E61000007B6509944A4AFFBF63DC462A57A94540,20230421_NISSAN_DONOSTIA_ULIA_056,,d2,01:37.4,06:35.4,NISSAN_LEAF,Nissan Leaf e+ 62 kW,62000,174,00:56.4,2.2,3.6,10,N,-1.02333388161822,153.48541485151677,446,112,1.0,43.0,308.0,,,,94,208,238,25,2
21/04/2023 08:00,112,23.1,90,14.0,99.23,-1345,7000,3,81,4.95,1298,56,-1.9561828,43.323242,112.3438,34.2633271237617,00:40.7,7,7200.331999999999,0101000020E6100000540C7068864CFFBFE10A330A60A94540,20230421_NISSAN_DONOSTIA_ULIA_056,,d2,01:37.4,06:35.4,NISSAN_LEAF,Nissan Leaf e+ 62 kW,62000,174,00:56.4,2.2,3.6,10,N,-2.4689054030815707,126.7008893407177,446,112,1.0,43.0,308.0,,,,94,208,238,25,2
21/04/2023 08:00,115,34.9,90,14.0,99.23,-1345,7680,3,81,3.44,2263,56,-1.9565637,43.323753,114.63775,34.32800509699728,00:48.7,7,7200.292,0101000020E610000034D561C1154EFFBF9226ADB670A94540,20230421_NISSAN_DONOSTIA_ULIA_056,,d2,01:37.4,06:35.4,NISSAN_LEAF,Nissan Leaf e+ 62 kW,62000,174,00:56.4,2.2,3.6,10,N,-3.5859049561503915,74.92820844292903,446,112,1.0,43.0,308.0,,,,94,208,238,25,2
21/04/2023 08:00,118,27.1,90,14.0,99.23,-1345,6760,3,81,4.17,1918,56,-1.9563962,43.324375,117.67619,34.39854852855729,00:56.8,7,7200.235,0101000020E610000046DD832C664DFFBF40FF7F2485A94540,20230421_NISSAN_DONOSTIA_ULIA_056,,d2,01:37.4,06:35.4,NISSAN_LEAF,Nissan Leaf e+ 62 kW,62000,174,00:56.4,2.2,3.6,10,N,-3.110984987505206,110.21278953893838,446,112,1.0,43.0,308.0,,,,94,208,238,25,2
21/04/2023 08:01,120,28.9,90,14.0,99.23,-1345,11680,3,82,-0.52,2059,56,-1.9565663,43.324837,119.90945,34.45177826826246,01:05.8,7,7200.205,0101000020E61000000800FB71184EFFBFC86A963494A94540,20230421_NISSAN_DONOSTIA_ULIA_056,,d2,01:37.4,06:35.4,NISSAN_LEAF,Nissan Leaf e+ 62 kW,62000,174,00:56.4,2.2,3.6,10,N,-2.6100782823386512,123.52934320204248,446,112,1.0,43.0,308.0,,,,94,208,238,25,2
21/04/2023 08:01,121,26.9,89,14.0,99.23,-1345,1080,3,82,-0.66,2050,56,-1.9569049,43.325348,121.859344,34.51488597863174,01:13.9,7,7200.144,0101000020E6100000E88387877B4FFFBFDA0AB1FBA4A94540,20230421_NISSAN_DONOSTIA_ULIA_056,,d2,01:37.4,06:35.4,NISSAN_LEAF,Nissan Leaf e+ 62 kW,62000,174,00:56.4,2.2,3.6,10,N,-3.399970478573464,99.18956594130222,446,112,1.0,43.0,308.0,,,,94,208,238,25,2
21/04/2023 08:01,120,18.8,89,14.0,99.23,-1345,480,3,82,6.14,1012,56,-1.9569777,43.325798,120.66647,34.565283145712804,01:21.9,7,7200.116999999999,0101000020E6100000B85D9AE3C74FFFBFEAA9E8B8B3A94540,20230421_NISSAN_DONOSTIA_ULIA_056,,d2,01:37.4,06:35.4,NISSAN_LEAF,Nissan Leaf e+ 62 kW,62000,174,00:56.4,2.2,3.6,10,N,0.673030037538552,-179.22499445271657,446,112,1.0,43.0,308.0,,,,94,208,238,25,2
21/04/2023 08:01,123,36.1,89,14.0,99.23,-1345,12360,3,81,3.11,2171,56,-1.9575691,43.325790000000005,123.25257,34.613199776338625,01:29.9,7,7200.064,0101000020E6100000B3288AFF3352FFBFD1456E8EB3A94540,20230421_NISSAN_DONOSTIA_ULIA_056,,d2,01:37.4,06:35.4,NISSAN_LEAF,Nissan Leaf e+ 62 kW,62000,174,00:56.4,2.2,3.6,10,N,3.351894868231025,-121.3959024613712,543,72,,,,1.0,436.0,106.0,0,520,23,25,2
21/04/2023 08:01,123,39.3,89,14.0,99.23,-1345,0,3,81,-0.7,2758,56,-1.9580903000000005,43.324936,123.414375,34.71709881083771,01:39.0,7,7200.017,0101000020E6100000F5E8EB845654FFBFD8A7957197A94540,20230421_NISSAN_DONOSTIA_ULIA_056,,d2,01:37.4,06:35.4,NISSAN_LEAF,Nissan Leaf e+ 62 kW,62000,174,00:56.4,2.2,3.6,10,N,3.0288654288114074,-132.71688809593567,446,112,1.0,43.0,308.0,,,,94,208,238,8,2
21/04/2023 08:01,124,27.9,89,13.5,99.23,-1350,5680,3,81,6.23,1559,56,-1.9585298,43.32446,123.74027,34.780860100564894,01:47.0,7,7199.967,0101000020E61000000A1EDC5B2356FFBFE0D3A1E887A94540,20230421_NISSAN_DONOSTIA_ULIA_056,,d2,01:37.4,06:35.4,NISSAN_LEAF,Nissan Leaf e+ 62 kW,62000,174,00:56.4,2.2,3.6,10,N,-1.3032587196051124,148.77592367450595,446,112,1.0,43.0,308.0,,,,94,208,238,8,2
21/04/2023 08:01,124,38.3,89,13.5,99.23,-1350,9040,3,81,-0.62,2460,56,-1.9592012,43.324867,124.25651,34.85155706473922,01:55.1,7,7199.914000000001,0101000020E610000031C66C65E358FFBF72166F3995A94540,20230421_NISSAN_DONOSTIA_ULIA_056,,d2,01:37.4,06:35.4,NISSAN_LEAF,Nissan Leaf e+ 62 kW,62000,174,00:56.4,2.2,3.6,10,N,-2.757383608012323,120.00931848723258,543,72,,,,1.0,436.0,106.0,0,520,23,25,2
21/04/2023 08:02,130,25.1,89,13.5,99.23,-1350,0,3,81,-1.11,2018,56,-1.9595668,43.3255,129.97827,34.92811809475505,02:03.1,7,7199.871,0101000020E6100000728BE3C3625AFFBF70902DF2A9A94540,20230421_NISSAN_DONOSTIA_ULIA_056,,d2,01:37.4,06:35.4,NISSAN_LEAF,Nissan Leaf e+ 62 kW,62000,174,00:56.4,2.2,3.6,10,N,0.8166339220003515,-176.88873745106608,446,112,1.0,43.0,308.0,,,,94,208,238,8,3
21/04/2023 08:02,131,32.2,89,13.5,99.23,-1350,12120,3,81,-0.69,2048,56,-1.9603027,43.32546,131.12416000000002,34.98782250563997,02:12.2,7,7199.802,0101000020E610000025870C5B665DFFBF12AE1690A8A94540,20230421_NISSAN_DONOSTIA_ULIA_056,,d2,01:37.4,06:35.4,NISSAN_LEAF,Nissan Leaf e+ 62 kW,62000,174,00:56.4,2.2,3.6,10,N,2.2157192468504663,-152.01337052891594,446,112,1.0,43.0,308.0,,,,94,208,238,25,3
21/04/2023 08:02,130,16.6,89,13.5,99.23,-1353,800,3,81,2.61,1288,56,-1.9608296000000005,43.32518,130.80061,35.04060558161037,02:20.2,7,7199.772,0101000020E61000009A600CD38E5FFFBF0188D8739FA94540,20230421_NISSAN_DONOSTIA_ULIA_056,,d2,01:37.4,06:35.4,NISSAN_LEAF,Nissan Leaf e+ 62 kW,62000,174,03:41.0,2.2,3.6,10,N,-0.8843140453399164,155.7801761867742,446,112,1.0,43.0,308.0,,,,94,208,238,25,3
21/04/2023 08:02,133,35.4,89,13.5,99.23,-1353,360,3,81,4.7,2225,56,-1.9613409,43.32541,133.73143000000002,35.08932184313233,02:28.2,7,7199.826999999999,0101000020E6100000DF35A106A761FFBF94FB930CA7A94540,20230421_NISSAN_DONOSTIA_ULIA_056,,d2,01:37.4,06:35.4,NISSAN_LEAF,Nissan Leaf e+ 62 kW,62000,174,03:41.0,2.2,3.6,10,N,-2.7808150371313864,119.42571499583894,446,112,1.0,43.0,308.0,,,,94,208,238,25,3
21/04/2023 08:02,135,28.8,89,13.5,99.23,-1353,8400,3,81,3.44,1911,56,-1.9617019,43.32605,135.51222,35.16626543758045,02:36.3,7,7199.656999999999,0101000020E61000008CFF98822163FFBF70F7F001BCA94540,20230421_NISSAN_DONOSTIA_ULIA_056,,d2,01:37.4,06:35.4,NISSAN_LEAF,Nissan Leaf e+ 62 kW,62000,174,03:41.0,2.2,3.6,10,N,-0.264436972901433,165.787560952875,446,112,1.0,43.0,308.0,,,,94,208,238,25,3
21/04/2023 08:02,136,29.7,89,13.5,99.23,-1353,8120,3,81,0.0,2141,56,-1.9625429,43.326263,136.99303,35.2383140578077,02:45.4,7,7199.611999999999,0101000020E6100000BDC7976F9366FFBF70F7F0F6C2A94540,20230421_NISSAN_DONOSTIA_ULIA_056,,d2,01:37.4,06:35.4,NISSAN_LEAF,Nissan Leaf e+ 62 kW,62000,174,03:41.0,2.2,3.6,10,N,0.3087197109359874,174.9194690442758,446,112,1.0,43.0,308.0,,,,94,208,238,25,3
21/04/2023 08:02,137,32.4,89,13.5,99.23,-1353,280,3,81,-0.67,2335,56,-1.963364,43.326336,137.30772,35.305227448344496,02:53.4,7,7199.564,0101000020E6100000F61D7B52F069FFBF315FD467C5A94540,20230421_NISSAN_DONOSTIA_ULIA_056,,d2,01:37.4,06:35.4,NISSAN_LEAF,Nissan Leaf e+ 62 kW,62000,174,03:41.0,2.2,3.6,10,N,-2.9699770022114547,114.41215633736108,446,112,1.0,43.0,308.0,,,,94,208,238,25,3
21/04/2023 08:03,143,37.0,89,13.5,99.23,-1353,8680,3,81,3.58,2423,56,-1.9637153000000005,43.32711,143.27005,35.396058056874516,03:02.5,7,7199.515,0101000020E6100000D82511CB606BFFBFEE1D66C5DEA94540,20230421_NISSAN_DONOSTIA_ULIA_056,,d2,01:37.4,06:35.4,NISSAN_LEAF,Nissan Leaf e+ 62 kW,62000,174,03:41.0,2.2,3.6,10,N,-2.6653119991857146,122.23753011657578,446,112,1.0,43.0,308.0,,,,94,208,238,20,3
21/04/2023 08:03,149,30.9,89,13.5,99.23,-1353,10160,3,81,6.77,1824,56,-1.9639972,43.327557,148.50351,35.450992920007174,03:10.5,7,7200.48,0101000020E610000014F2335F886CFFBF362F505EEDA94540,20230421_NISSAN_DONOSTIA_ULIA_056,,d2,01:37.4,06:35.4,NISSAN_LEAF,Nissan Leaf e+ 62 kW,62000,174,03:41.0,2.2,3.6,10,N,0.5032716202463464,178.03613858802757,446,112,1.0,43.0,308.0,,,,94,208,238,8,3
21/04/2023 08:03,149,33.5,89,13.5,99.23,-1353,8480,3,82,5.5,2184,56,-1.9649596,43.32759,150.00179,35.528940298759665,03:18.6,7,7200.411999999999,0101000020E6100000A565547E7970FFBF10E35482EEA94540,20230421_NISSAN_DONOSTIA_ULIA_056,,d2,01:37.4,06:35.4,NISSAN_LEAF,Nissan Leaf e+ 62 kW,62000,174,03:41.0,2.2,3.6,10,N,-0.8479042152289993,156.3771954704383,446,112,1.0,43.0,308.0,,,,94,208,238,20,3
21/04/2023 08:03,149,27.2,89,13.5,99.23,-1353,10680,3,82,3.44,1990,56,-1.9655998,43.32787,149.41127,35.58936650528618,03:27.6,7,7199.353,0101000020E610000080735EBC1873FFBFE6EBC696F7A94540,20230421_NISSAN_DONOSTIA_ULIA_056,,d2,01:37.4,06:35.4,NISSAN_LEAF,Nissan Leaf e+ 62 kW,62000,174,03:41.0,2.2,3.6,10,N,-2.948218610845346,115.02021608999344,446,112,1.0,43.0,308.0,,,,94,208,238,8,3
21/04/2023 08:03,156,24.1,89,13.5,99.23,-1353,8080,3,82,0.27,1960,56,-1.9658201,43.328342,156.19702,35.6452069045113,03:34.7,7,7200.318,0101000020E6100000472C15BBFF73FFBF4180882907AA4540,20230421_NISSAN_DONOSTIA_ULIA_056,,d2,01:37.4,06:35.4,NISSAN_LEAF,Nissan Leaf e+ 62 kW,62000,174,03:41.0,2.2,3.6,10,N,-1.2347123978536845,149.94172821671157,446,112,1.0,43.0,308.0,,,,94,208,238,8,3
21/04/2023 08:03,162,31.6,89,13.000001,99.23,-1353,8240,3,82,-0.59,2130,56,-1.9664992,43.328735,161.74828,35.71561848139061,03:43.7,7,7200.271,0101000020E61000007044BAD9C776FFBF5CF4180B14AA4540,20230421_NISSAN_DONOSTIA_ULIA_056,,d2,01:37.4,06:35.4,NISSAN_LEAF,Nissan Leaf e+ 62 kW,62000,174,03:41.0,2.2,3.6,10,N,-0.0058761178553126,169.90647863818614,446,112,1.0,43.0,308.0,,,,94,208,238,8,3
21/04/2023 08:03,165,33.7,89,13.000001,99.23,-1353,2200,3,82,3.73,2198,56,-1.9673587,43.328888,164.8987,35.78726090028248,03:51.8,7,7200.231,0101000020E61000002E358C1D4D7AFFBF8D05EDF618AA4540,20230421_NISSAN_DONOSTIA_ULIA_056,,d2,01:37.4,06:35.4,NISSAN_LEAF,Nissan Leaf e+ 62 kW,62000,174,03:41.0,2.2,3.6,10,N,-1.547371020793295,144.54352728936846,446,112,1.0,43.0,308.0,,,,94,208,238,8,3
21/04/2023 08:04,166,23.0,89,13.000001,99.23,-1354,0,3,81,5.41,1636,56,-1.9679934,43.32934,166.32893,35.85912007868066,04:00.8,7,7200.179,0101000020E610000081E1A9A1E67CFFBF386039EF27AA4540,20230421_NISSAN_DONOSTIA_ULIA_056,,d2,01:37.4,06:35.4,NISSAN_LEAF,Nissan Leaf e+ 62 kW,62000,174,03:41.0,2.2,3.6,10,N,-1.8553857613236755,138.97681203893924,446,112,1.0,43.0,308.0,,,,94,208,238,25,3
21/04/2023 08:04,167,28.5,89,13.000001,99.23,-1354,7320,3,81,4.3,2102,56,-1.9683957,43.32969,167.69106000000002,35.90986795050177,04:08.9,7,7200.132,0101000020E6100000C1AE52808C7EFFBF67C57C3633AA4540,20230421_NISSAN_DONOSTIA_ULIA_056,,d2,01:37.4,06:35.4,NISSAN_LEAF,Nissan Leaf e+ 62 kW,62000,174,03:41.0,2.2,3.6,10,N,-0.983883813536882,154.13920605494073,446,112,1.0,43.0,308.0,,,,94,208,238,25,3
21/04/2023 08:04,173,35.0,89,13.000001,99.23,-1354,1480,3,81,-0.83,2351,56,-1.9692044,43.330082,172.75803,35.98863531883118,04:16.9,7,7200.089,0101000020E61000004C2E638ADC81FFBF4871111640AA4540,20230421_NISSAN_DONOSTIA_ULIA_056,,d2,01:37.4,06:35.4,NISSAN_LEAF,Nissan Leaf e+ 62 kW,62000,174,03:41.0,2.2,3.6,10,N,-1.8177913004527435,139.67249587767498,543,72,,,,1.0,436.0,106.0,0,520,23,25,3
21/04/2023 08:04,176,22.9,89,13.000001,99.23,-1354,5520,3,81,1.25,1679,56,-1.9697616,43.330555,176.4723,36.05799842270707,04:26.0,7,7200.028,0101000020E610000096530DCF2484FFBF07D2939D4FAA4540,20230421_NISSAN_DONOSTIA_ULIA_056,,d2,01:37.4,06:35.4,NISSAN_LEAF,Nissan Leaf e+ 62 kW,62000,174,03:41.0,2.2,3.6,10,N,-2.02095501397571,24.151038014155876,345,94,,,,0.0,56.0,289.0,0,307,38,8,3
21/04/2023 08:04,176,30.7,89,13.000001,99.23,-1354,10320,3,81,0.14,1986,56,-1.9691929,43.33081,176.85672,36.11203553351484,04:34.0,7,7199.973000000001,0101000020E6100000B2CCC86FD081FFBF4C0CC60158AA4540,20230421_NISSAN_DONOSTIA_ULIA_056,,d2,01:37.4,06:35.4,NISSAN_LEAF,Nissan Leaf e+ 62 kW,62000,174,03:41.0,2.2,3.6,10,N,1.217481403920258,-29.76659349479334,345,94,,,,0.0,56.0,289.0,0,307,38,25,3
21/04/2023 08:04,177,30.2,89,13.000001,99.23,-1354,15760,3,81,4.94,1696,56,-1.9687383,43.33055,177.43687,36.15881352169925,04:42.1,7,7199.899,0101000020E6100000953955C3F37FFFBF3BEFC07A4FAA4540,20230421_NISSAN_DONOSTIA_ULIA_056,,d2,01:37.4,06:35.4,NISSAN_LEAF,Nissan Leaf e+ 62 kW,62000,174,03:41.0,2.2,3.6,10,N,2.854231044254015,-62.45189560207776,543,72,,,,1.0,436.0,106.0,0,520,23,25,3
21/04/2023 08:04,177,26.3,89,13.000001,99.23,-1354,3600,3,82,4.0,1800,56,-1.9684128,43.329926,177.83781000000002,36.23302729076033,04:51.2,7,7199.848000000001,0101000020E610000024340F6D9E7EFFBF21A668023BAA4540,20230421_NISSAN_DONOSTIA_ULIA_056,,d2,01:37.4,06:35.4,NISSAN_LEAF,Nissan Leaf e+ 62 kW,62000,174,05:56.5,2.2,3.6,10,N,1.0367125929858358,-26.736804091828542,446,112,1.0,43.0,308.0,,,,94,208,238,25,3
21/04/2023 08:04,179,38.0,89,13.000001,99.23,-1354,11520,3,82,-0.77,2865,56,-1.9676267,43.32953,179.33388,36.31038395083655,04:59.2,7,7199.8,0101000020E61000005031A72A667BFFBF13C0650A2EAA4540,20230421_NISSAN_DONOSTIA_ULIA_056,,d2,01:37.4,06:35.4,NISSAN_LEAF,Nissan Leaf e+ 62 kW,62000,174,05:56.5,2.2,3.6,10,N,0.3970289567632489,-16.331792172523418,446,112,1.0,43.0,308.0,,,,94,208,238,8,3
21/04/2023 08:05,181,41.2,89,13.000001,99.23,-1354,11120,3,82,-0.86,2872,56,-1.966364,43.32916,181.26093,36.42051017178459,05:08.2,7,7199.755999999999,0101000020E6100000B8A162173A76FFBF32803AEB21AA4540,20230421_NISSAN_DONOSTIA_ULIA_056,,d2,01:37.4,06:35.4,NISSAN_LEAF,Nissan Leaf e+ 62 kW,62000,174,05:56.5,2.2,3.6,10,N,0.4338921514617796,-16.922437271974633,446,112,1.0,43.0,308.0,,,,94,208,238,8,3
21/04/2023 08:05,183,40.3,88,13.000001,99.23,-1354,11560,3,82,-0.56,2696,56,-1.9654207,43.328873,183.61365,36.50324847210618,05:16.3,7,7199.705,0101000020E6100000FBB6DC035D72FFBF7A941B7018AA4540,20230421_NISSAN_DONOSTIA_ULIA_056,,d2,01:37.4,06:35.4,NISSAN_LEAF,Nissan Leaf e+ 62 kW,62000,174,05:56.5,2.2,3.6,10,N,1.2506079033920166,-30.327824954318174,446,112,1.0,43.0,308.0,,,,94,208,238,8,3
21/04/2023 08:05,184,30.8,88,13.000001,99.23,-1356,0,3,82,6.98,2200,56,-1.9646378,43.328415,184.58754,36.58451792369029,05:24.4,7,7199.59,0101000020E6100000D4FE7300286FFFBFC352717909AA4540,20230421_NISSAN_DONOSTIA_ULIA_056,,d2,01:37.4,06:35.4,NISSAN_LEAF,Nissan Leaf e+ 62 kW,62000,174,05:56.5,2.2,3.6,10,N,-0.2722648043648827,-5.662629546691611,446,112,1.0,43.0,308.0,,,,94,208,238,8,3
21/04/2023 08:05,184,36.4,88,13.000001,99.23,-1356,8240,3,82,-0.69,2499,56,-1.9636797,43.32832,184.90668,36.662732916665874,05:32.4,7,7199.629,0101000020E6100000DDFF705F3B6BFFBF69F0C75B06AA4540,20230421_NISSAN_DONOSTIA_ULIA_056,,d2,01:37.4,06:35.4,NISSAN_LEAF,Nissan Leaf e+ 62 kW,62000,174,05:56.5,2.2,3.6,10,N,0.507667017534925,-18.106793440775974,446,112,1.0,43.0,308.0,,,,94,208,238,8,3
21/04/2023 08:05,186,37.0,88,13.000001,99.23,-1356,13200,3,82,5.42,2272,56,-1.9627928,43.32803,186.2427,36.74139725507392,05:41.4,7,7199.588000000001,0101000020E61000007653AF5A9967FFBFDB764BE9FCA94540,20230421_NISSAN_DONOSTIA_ULIA_056,,d2,01:37.4,06:35.4,NISSAN_LEAF,Nissan Leaf e+ 62 kW,62000,174,05:56.5,2.2,3.6,10,N,2.224458073501954,-48.1633088458591,446,112,1.0,43.0,308.0,,,,94,208,238,8,3
21/04/2023 08:05,186,37.7,88,12.5,99.23,-1356,9600,3,82,5.22,2520,56,-1.962321,43.327503,186.33739,36.81132819590061,05:48.5,7,7200.549,0101000020E610000093A1A6BFAA65FFBFFFBD1A97EBA94540,20230421_NISSAN_DONOSTIA_ULIA_056,,d2,01:37.4,06:35.4,NISSAN_LEAF,Nissan Leaf e+ 62 kW,62000,174,05:56.5,2.2,3.6,10,N,0.3446548711605927,-15.49376687333185,446,112,1.0,43.0,308.0,,,,94,208,238,8,3
21/04/2023 08:05,188,46.3,88,12.5,99.23,-1356,12400,3,82,-0.94,3141,56,-1.9612496,43.327206,188.05298,36.904086879028654,05:56.6,7,7200.398,0101000020E61000004DCF523F4761FFBF6C405CD9E1A94540,20230421_NISSAN_DONOSTIA_ULIA_056,,d2,01:37.4,06:35.4,NISSAN_LEAF,Nissan Leaf e+ 62 kW,62000,174,05:56.5,2.2,3.6,10,N,0.1904416905074391,-13.032389100982574,446,112,1.0,43.0,308.0,,,,94,208,238,8,3
21/04/2023 08:06,190,41.5,88,12.5,99.23,-1356,15200,3,82,4.67,2703,56,-1.9602084,43.326965,190.11903,36.992492810700796,06:05.7,7,7200.342,0101000020E61000003C3C4179035DFFBF9B1FDAF7D9A94540,20230421_NISSAN_DONOSTIA_ULIA_056,,d2,01:37.4,06:35.4,NISSAN_LEAF,Nissan Leaf e+ 62 kW,62000,174,05:56.5,2.2,3.6,10,N,-0.6671456678923694,0.6796871063727468,446,112,1.0,43.0,308.0,,,,94,208,238,8,3
21/04/2023 08:06,193,39.9,88,12.5,99.23,-1356,0,3,83,-0.48,2840,56,-1.958944,43.32698,192.9623,37.094821628471074,06:13.6,7,7200.393,0101000020E61000002B5F33A4D557FFBF39EA5F73DAA94540,20230421_NISSAN_DONOSTIA_ULIA_056,,d2,01:37.4,06:35.4,NISSAN_LEAF,Nissan Leaf e+ 62 kW,62000,174,05:56.5,2.2,3.6,10,N,-1.4909581081918473,14.466115967265637,446,112,1.0,43.0,308.0,,,,94,208,238,8,3
21/04/2023 08:06,199,20.3,88,12.5,99.23,-1358,0,3,82,4.08,1508,56,-1.9581145,43.327194,199.17574,37.16628392825841,06:22.7,7,7200.339,0101000020E610000008F201E46F54FFBFF231267EE1A94540,20230421_NISSAN_DONOSTIA_ULIA_056,,d2,01:37.4,06:35.4,NISSAN_LEAF,Nissan Leaf e+ 62 kW,62000,174,05:56.5,2.2,3.6,10,N,-1.6419276506382678,142.86484601068202,446,112,1.0,43.0,308.0,,,,94,208,238,8,3
21/04/2023 08:06,201,40.1,88,12.5,99.23,-1358,20760,3,82,3.03,2330,56,-1.958545,43.32752,200.73175,37.21657357674205,06:30.7,7,7200.28,0101000020E61000007CF826493356FFBF2AE99E17ECA94540,20230421_NISSAN_DONOSTIA_ULIA_056,,d2,01:37.4,06:35.4,NISSAN_LEAF,Nissan Leaf e+ 62 kW,62000,174,05:56.5,2.2,3.6,10,N,,,446,112,1.0,43.0,308.0,,,,94,208,238,8,3
